instrument,file_row,file_line,Station,Date,Time,CorrGrav,Line,StdDev,StdErr,RawGrav,X,Y,SensorTemp,TideCorr,TiltCorr,TempCorr,DriftCorr,MeasurDur,InstrHeight,LatUser,LonUser,ElevUser,LatGPS,LonGPS,ElevGPS,Corrections[drift-temp-na-tide-tilt],overflow_fields,time_utc,serial,occ_id,corrgrav_closure_mgal,tide_longman_user,tide_longman_gps,tide_replacement_mgal,g_tidefix,reject_reasons,warnings,accepted,occ_key,role,match_status,gnss_uid,match_dist_m
CG6-0313,1,22,0,2026-01-16,03:54:27,9409.61,0,0.0205,0.0026,10147.1,-4.9,0.4,1.9434,0.1329,0.0003,0.2585,-737.928,60,0,43.79,-79.5035,209.07,25.0668,34.8777,42.7,11011,,2026-01-16 03:54:27,000000021010313,1,0.0001,0.132955,-0.075724,-0.208624,9409.4,,,True,CG6-0313|2026-01-16|L0|S0,hotel_base_0,MATCHED,D1:wor:Base0,11.784
CG6-0313,2,23,0,2026-01-16,03:55:27,9409.6,0,0.0196,0.0025,10147.1,-5.5,-0.3,1.9461,0.133,0.0003,0.2588,-737.929,60,0,43.79,-79.5035,209.07,25.0668,34.8777,42.7,11011,,2026-01-16 03:55:27,000000021010313,1,1.81899e-12,0.133008,-0.0755984,-0.208598,9409.4,,,True,CG6-0313|2026-01-16|L0|S0,hotel_base_0,MATCHED,D1:wor:Base0,11.784
CG6-0313,3,24,0,2026-01-16,03:56:27,9409.6,0,0.0188,0.0024,10147.1,-5.8,-0,1.9491,0.133,0.0004,0.2592,-737.929,60,0,43.79,-79.5035,209.07,25.0668,34.8777,42.7,11011,,2026-01-16 03:56:27,000000021010313,1,-1.81899e-12,0.133055,-0.0754682,-0.208468,9409.39,,,True,CG6-0313|2026-01-16|L0|S0,hotel_base_0,MATCHED,D1:wor:Base0,11.784
CG6-0313,4,25,0,2026-01-16,03:57:27,9409.62,0,0.0152,0.002,10147.2,-4.9,-0.4,1.9526,0.1331,0.0003,0.2598,-737.929,60,0,43.79,-79.5035,209.07,25.0668,34.8777,42.7,11011,,2026-01-16 03:57:27,000000021010313,1,-0.0001,0.133098,-0.0753334,-0.208433,9409.41,,,True,CG6-0313|2026-01-16|L0|S0,hotel_base_0,MATCHED,D1:wor:Base0,11.784
CG6-0313,5,26,100,2026-01-16,06:08:36,9344.21,0,0.0239,0.0031,10081.8,-8.4,-5.3,2.0152,0.0976,0.0011,0.2681,-737.965,60,0,43.79,-79.5035,209.07,24.7868,34.9338,97.4,11011,,2026-01-16 06:08:36,000000021010313,2,0.0001,0.0973891,-0.0301815,-0.127781,9344.08,,,True,CG6-0313|2026-01-16|L0|S100,field_base_100,MATCHED,D1:wor:B100 16-01-2026,1.82893
CG6-0313,6,27,100,2026-01-16,06:09:36,9344.21,0,0.0192,0.0025,10081.8,-7.6,-5.4,2.0144,0.0971,0.001,0.2679,-737.966,60,0,43.79,-79.5035,209.07,24.7868,34.9338,97.4,11011,,2026-01-16 06:09:36,000000021010313,2,-1.81899e-12,0.0968399,-0.0297519,-0.126852,9344.08,,,True,CG6-0313|2026-01-16|L0|S100,field_base_100,MATCHED,D1:wor:B100 16-01-2026,1.82893
CG6-0313,7,28,100,2026-01-16,06:10:36,9344.2,0,0.0203,0.0026,10081.8,-8.1,-4.7,2.0103,0.0966,0.0011,0.2673,-737.966,60,0,43.79,-79.5035,209.07,24.7868,34.9338,97.4,11011,,2026-01-16 06:10:36,000000021010313,2,-0.0001,0.0962874,-0.0293228,-0.125923,9344.07,,,True,CG6-0313|2026-01-16|L0|S100,field_base_100,MATCHED,D1:wor:B100 16-01-2026,1.82893
CG6-0313,8,29,100,2026-01-16,06:11:36,9344.21,0,0.0158,0.002,10081.8,-9.6,-4.8,2.0076,0.096,0.0014,0.2672,-737.966,60,0,43.79,-79.5035,209.07,24.7868,34.9338,97.4,11011,,2026-01-16 06:11:36,000000021010313,2,-0.0001,0.0957317,-0.0288943,-0.124894,9344.08,,,True,CG6-0313|2026-01-16|L0|S100,field_base_100,MATCHED,D1:wor:B100 16-01-2026,1.82893
CG6-0313,9,30,100,2026-01-16,06:52:46,9344.72,0,0.0219,0.0028,10082.4,-2.5,8,2.0257,0.0707,0.0009,0.2693,-737.977,60,0,43.79,-79.5035,209.07,24.7868,34.9338,106.5,11011,,2026-01-16 06:52:46,000000021010313,3,0,0.0703993,-0.0122713,-0.0829713,9344.64,,,True,CG6-0313|2026-01-16|L0|S100,field_base_100,MATCHED,D1:wor:B100 16-01-2026,2.22286
CG6-0313,10,31,100,2026-01-16,06:53:46,9344.73,0,0.0525,0.0068,10082.4,-5.1,8.2,2.0224,0.0701,0.0013,0.2689,-737.978,60,0,43.79,-79.5035,209.07,24.7868,34.9338,106.5,11011,,2026-01-16 06:53:46,000000021010313,3,0,0.0697336,-0.0119039,-0.0820039,9344.64,,STDDEV_GT_0.050,True,CG6-0313|2026-01-16|L0|S100,field_base_100,MATCHED,D1:wor:B100 16-01-2026,2.22286
CG6-0313,11,32,100,2026-01-16,06:55:30,9344.71,0,0.0198,0.0026,10082.4,-8.1,5.8,2.0168,0.0689,0.0012,0.2683,-737.978,60,0,43.79,-79.5035,209.07,24.7868,34.9338,106.5,11011,,2026-01-16 06:55:30,000000021010313,3,-0.0001,0.0685751,-0.0112725,-0.0801725,9344.63,,,True,CG6-0313|2026-01-16|L0|S100,field_base_100,MATCHED,D1:wor:B100 16-01-2026,2.22286
CG6-0313,12,33,100,2026-01-16,06:56:30,9344.71,0,0.0175,0.0023,10082.4,-10,6.8,2.0134,0.0682,0.0015,0.2679,-737.979,60,0,43.79,-79.5035,209.07,24.7868,34.9338,106.5,11011,,2026-01-16 06:56:30,000000021010313,3,0,0.0679041,-0.0109114,-0.0791114,9344.64,,,True,CG6-0313|2026-01-16|L0|S100,field_base_100,MATCHED,D1:wor:B100 16-01-2026,2.22286
CG6-0313,13,34,1,2026-01-16,07:13:57,9344.05,2,0.0393,0.0051,10081.7,4.3,-3.5,1.9994,0.0563,0.0004,0.2659,-737.983,60,0,43.79,-79.5035,209.07,24.7847,34.9343,114.2,11011,,2026-01-16 07:13:57,000000021010313,4,-1.81899e-12,0.0559291,-0.00500832,-0.0613083,9343.99,,,True,CG6-0313|2026-01-16|L2|S1,field,MATCHED,D1:wor:2-1,4.92015
CG6-0313,14,35,1,2026-01-16,07:14:57,9344,2,0.0191,0.0025,10081.7,5.2,-3.1,2.0012,0.0556,0.0005,0.2661,-737.984,60,0,43.79,-79.5035,209.07,24.7847,34.9343,114.2,11011,,2026-01-16 07:14:57,000000021010313,4,-1.81899e-12,0.0552296,-0.00469572,-0.0602957,9343.94,,,True,CG6-0313|2026-01-16|L2|S1,field,MATCHED,D1:wor:2-1,4.92015
CG6-0313,15,36,2,2026-01-16,07:20:33,9343.72,2,0.0247,0.0032,10081.4,3.4,4.8,2.0042,0.0516,0.0004,0.2667,-737.985,60,0,43.79,-79.5035,209.07,24.7827,34.9341,98.9,11011,,2026-01-16 07:20:33,000000021010313,5,0.0001,0.0512905,-0.00299253,-0.0545925,9343.67,,,True,CG6-0313|2026-01-16|L2|S2,field,MATCHED,D1:wor:2-2,4.28031
CG6-0313,16,37,2,2026-01-16,07:21:33,9343.74,2,0.0321,0.0041,10081.4,3.2,6.1,2.0051,0.0509,0.0005,0.2667,-737.986,60,0,43.79,-79.5035,209.07,24.7827,34.9341,98.9,11011,,2026-01-16 07:21:33,000000021010313,5,0.0001,0.0505835,-0.00269977,-0.0535998,9343.69,,,True,CG6-0313|2026-01-16|L2|S2,field,MATCHED,D1:wor:2-2,4.28031
CG6-0313,17,38,3,2026-01-16,07:26:00,9343.17,2,0.0191,0.0025,10080.8,1.3,-7.5,2.0017,0.0478,0.0007,0.2662,-737.987,60,0,43.79,-79.5035,209.07,24.7832,34.9324,110.3,11011,,2026-01-16 07:26:00,000000021010313,6,0.0001,0.0474259,-0.00143892,-0.0492389,9343.12,,,True,CG6-0313|2026-01-16|L2|S3,field,MATCHED,D1:wor:2-3,2.07647
CG6-0313,18,39,3,2026-01-16,07:27:00,9343.17,2,0.0205,0.0027,10080.8,-1.4,-8.7,2.0017,0.0471,0.0009,0.2661,-737.987,60,0,43.79,-79.5035,209.07,24.7832,34.9324,110.3,11011,,2026-01-16 07:27:00,000000021010313,6,0,0.0467139,-0.00116343,-0.0482634,9343.12,,,True,CG6-0313|2026-01-16|L2|S3,field,MATCHED,D1:wor:2-3,2.07647
CG6-0313,19,40,4,2026-01-16,07:32:09,9342.43,2,0.0342,0.0044,10080.1,5.9,4.5,1.9993,0.0434,0.0007,0.2659,-737.988,60,0,43.79,-79.5035,209.07,24.7835,34.9305,118.1,11011,,2026-01-16 07:32:09,000000021010313,7,-1.81899e-12,0.0430351,0.000200021,-0.0432,9342.39,,,True,CG6-0313|2026-01-16|L2|S4,field,MATCHED,D1:wor:2-4,1.93693
CG6-0313,20,41,4,2026-01-16,07:33:09,9342.45,2,0.0202,0.0026,10080.1,7.8,5.5,2.0008,0.0427,0.0011,0.2661,-737.989,60,0,43.79,-79.5035,209.07,24.7835,34.9305,118.1,11011,,2026-01-16 07:33:09,000000021010313,7,0,0.0423187,0.000455114,-0.0422449,9342.41,,,True,CG6-0313|2026-01-16|L2|S4,field,MATCHED,D1:wor:2-4,1.93693
CG6-0313,21,42,5,2026-01-16,07:37:19,9341.93,2,0.0181,0.0023,10079.6,0.8,-5.8,1.9982,0.0397,0.0004,0.2658,-737.99,60,0,43.79,-79.5035,209.07,24.7825,34.9289,127.6,11011,,2026-01-16 07:37:19,000000021010313,8,0,0.0393276,0.0014839,-0.0382161,9341.89,,,True,CG6-0313|2026-01-16|L2|S5,field,MATCHED,D1:wor:2-5,0.960256
CG6-0313,22,43,5,2026-01-16,07:38:19,9341.92,2,0.022,0.0028,10079.6,1.1,-8.3,1.9999,0.039,0.0009,0.266,-737.99,60,0,43.79,-79.5035,209.07,24.7825,34.9289,127.6,11011,,2026-01-16 07:38:19,000000021010313,8,0,0.0386084,0.00172119,-0.0372788,9341.88,,,True,CG6-0313|2026-01-16|L2|S5,field,MATCHED,D1:wor:2-5,0.960256
CG6-0313,23,44,6,2026-01-16,07:41:46,9341.58,2,0.02,0.0026,10079.3,-4.7,-4.4,1.9998,0.0365,0.0005,0.266,-737.991,60,0,43.79,-79.5035,209.07,24.7824,34.9269,130.4,11011,,2026-01-16 07:41:46,000000021010313,9,0,0.0361244,0.00251108,-0.0339889,9341.55,,,True,CG6-0313|2026-01-16|L2|S6,field,MATCHED,D1:wor:2-6,2.10157
CG6-0313,24,45,6,2026-01-16,07:42:46,9341.59,2,0.0191,0.0025,10079.3,-6.8,-6.7,2.0037,0.0357,0.0011,0.2666,-737.991,60,0,43.79,-79.5035,209.07,24.7824,34.9269,130.4,11011,,2026-01-16 07:42:46,000000021010313,9,0,0.0354036,0.00273255,-0.0329674,9341.56,,,True,CG6-0313|2026-01-16|L2|S6,field,MATCHED,D1:wor:2-6,2.10157
CG6-0313,25,46,7,2026-01-16,07:52:11,9341.02,2,0.0154,0.002,10078.7,7.1,-7.9,2.0121,0.029,0.0013,0.2676,-737.994,60,0,43.79,-79.5035,209.07,24.7828,34.925,131.4,11011,,2026-01-16 07:52:11,000000021010313,10,-0.0001,0.0286082,0.00463524,-0.0243648,9340.99,,,True,CG6-0313|2026-01-16|L2|S7,field,MATCHED,D1:wor:2-7,2.43784
CG6-0313,26,47,7,2026-01-16,07:53:11,9341.01,2,0.0215,0.0028,10078.7,6,-7.7,2.0149,0.0282,0.0011,0.268,-737.994,60,0,43.79,-79.5035,209.07,24.7828,34.925,131.4,11011,,2026-01-16 07:53:11,000000021010313,10,0.0001,0.0278863,0.00481816,-0.0233818,9340.99,,,True,CG6-0313|2026-01-16|L2|S7,field,MATCHED,D1:wor:2-7,2.43784
CG6-0313,27,48,8,2026-01-16,07:57:32,9340.7,2,0.0154,0.002,10078.4,2,-3.3,2.0161,0.0251,0.0002,0.2681,-737.995,60,0,43.79,-79.5035,209.07,24.7823,34.9234,131.9,11011,,2026-01-16 07:57:32,000000021010313,11,-0.0001,0.0247476,0.00557013,-0.0195299,9340.68,,,True,CG6-0313|2026-01-16|L2|S8,field,MATCHED,D1:wor:2-8,3.67891
CG6-0313,28,49,8,2026-01-16,07:58:32,9340.68,2,0.0175,0.0023,10078.4,3.5,-4.6,2.0193,0.0244,0.0004,0.2686,-737.996,60,0,43.79,-79.5035,209.07,24.7823,34.9234,131.9,11011,,2026-01-16 07:58:32,000000021010313,11,0,0.0240266,0.00573254,-0.0186675,9340.66,,,True,CG6-0313|2026-01-16|L2|S8,field,MATCHED,D1:wor:2-8,3.67891
CG6-0313,29,50,9,2026-01-16,08:03:02,9339.56,2,0.0458,0.0059,10077.3,-2.8,-6.7,2.0206,0.0211,0.0009,0.2687,-737.997,60,0,43.79,-79.5035,209.07,24.781,34.922,138.8,11011,,2026-01-16 08:03:02,000000021010313,12,0,0.0207859,0.00641988,-0.0146801,9339.54,,,True,CG6-0313|2026-01-16|L2|S9,field,MATCHED,D1:wor:2-9,0.985496
CG6-0313,30,51,9,2026-01-16,08:04:02,9339.54,2,0.0148,0.0019,10077.2,0.7,-1.9,2.0219,0.0204,0.0001,0.2689,-737.997,60,0,43.79,-79.5035,209.07,24.781,34.922,138.8,11011,,2026-01-16 08:04:02,000000021010313,12,3.63798e-12,0.0200668,0.00656075,-0.0138392,9339.53,,,True,CG6-0313|2026-01-16|L2|S9,field,MATCHED,D1:wor:2-9,0.985496
CG6-0313,31,52,10,2026-01-16,08:07:23,9338.87,2,0.0189,0.0024,10076.6,6.3,-5.8,2.0198,0.018,0.0009,0.2686,-737.998,60,0,43.79,-79.5035,209.07,24.7812,34.9199,140.3,11011,,2026-01-16 08:07:23,000000021010313,13,1.81899e-12,0.0176612,0.00700182,-0.0109982,9338.85,,,True,CG6-0313|2026-01-16|L2|S10,field,MATCHED,D1:wor:2-10,1.47767
CG6-0313,32,53,10,2026-01-16,08:08:23,9338.87,2,0.0226,0.0029,10076.6,6.3,-8.1,2.0207,0.0173,0.0012,0.2687,-737.998,60,0,43.79,-79.5035,209.07,24.7812,34.9199,140.2,11011,,2026-01-16 08:08:23,000000021010313,13,-1.81899e-12,0.0169442,0.0071254,-0.0101746,9338.86,,,True,CG6-0313|2026-01-16|L2|S10,field,MATCHED,D1:wor:2-10,1.47767
CG6-0313,33,54,11,2026-01-16,08:11:33,9338.51,2,0.0169,0.0022,10076.2,1.9,6.6,2.0205,0.015,0.0006,0.2687,-737.999,60,0,43.79,-79.5035,209.07,24.7807,34.9182,134.2,11011,,2026-01-16 08:11:33,000000021010313,14,0.0001,0.0146781,0.00749164,-0.00750836,9338.5,,,True,CG6-0313|2026-01-16|L2|S11,field,MATCHED,D1:wor:2-11,4.85861
CG6-0313,34,55,11,2026-01-16,08:12:33,9338.52,2,0.0218,0.0028,10076.2,6.6,2.1,2.0221,0.0143,0.0007,0.2689,-738,60,0,43.79,-79.5035,209.07,24.7807,34.9182,134.2,11011,,2026-01-16 08:12:33,000000021010313,14,0,0.0139638,0.00759847,-0.00670153,9338.51,,,True,CG6-0313|2026-01-16|L2|S11,field,MATCHED,D1:wor:2-11,4.85861
CG6-0313,35,56,12,2026-01-16,08:16:26,9338.26,2,0.0181,0.0023,10076,4.4,-6.3,2.0203,0.0115,0.0007,0.2687,-738.001,60,0,43.79,-79.5035,209.07,24.7813,34.9164,144,11011,,2026-01-16 08:16:26,000000021010313,15,0.0001,0.0111975,0.0079716,-0.0035284,9338.25,,,True,CG6-0313|2026-01-16|L2|S12,field,MATCHED,D1:wor:2-12,0.682707
CG6-0313,36,57,12,2026-01-16,08:17:26,9338.24,2,0.0144,0.0019,10076,4.1,-9.6,2.0202,0.0108,0.0014,0.2687,-738.001,60,0,43.79,-79.5035,209.07,24.7813,34.9164,143.9,11011,,2026-01-16 08:17:26,000000021010313,15,0.0001,0.0104871,0.00805857,-0.00274143,9338.24,,,True,CG6-0313|2026-01-16|L2|S12,field,MATCHED,D1:wor:2-12,0.682707
CG6-0313,37,58,13,2026-01-16,08:21:15,9337.83,2,0.0292,0.0038,10075.6,1.8,-5.5,2.0197,0.0081,0.0008,0.2687,-738.002,60,0,43.79,-79.5035,209.07,24.7802,34.9148,152.1,11011,,2026-01-16 08:21:15,000000021010313,16,0.0001,0.00778436,0.00835711,0.000257108,9337.83,,,True,CG6-0313|2026-01-16|L2|S13,field,MATCHED,D1:wor:2-13,4.61427
CG6-0313,38,59,13,2026-01-16,08:22:15,9337.81,2,0.0613,0.0079,10075.5,6.5,-9.3,2.0222,0.0074,0.0012,0.2689,-738.002,60,0,43.79,-79.5035,209.07,24.7802,34.9148,152.1,11011,,2026-01-16 08:22:15,000000021010313,16,0.0001,0.00707857,0.00842431,0.00102431,9337.82,,STDDEV_GT_0.050,True,CG6-0313|2026-01-16|L2|S13,field,MATCHED,D1:wor:2-13,4.61427
CG6-0313,39,60,13,2026-01-16,08:24:24,9337.8,2,0.0165,0.0021,10075.5,0,-4.6,2.0254,0.0059,0.0003,0.2693,-738.003,60,0,43.79,-79.5035,209.07,24.7802,34.9148,152.1,11011,,2026-01-16 08:24:24,000000021010313,16,0,0.00556471,0.00855481,0.00265481,9337.81,,,True,CG6-0313|2026-01-16|L2|S13,field,MATCHED,D1:wor:2-13,4.61427
CG6-0313,40,61,13,2026-01-16,08:25:24,9337.83,2,0.0251,0.0032,10075.6,0.4,-6.2,2.0266,0.0052,0.0005,0.2696,-738.003,60,0,43.79,-79.5035,209.07,24.7802,34.9148,152.1,11011,,2026-01-16 08:25:24,000000021010313,16,1.81899e-12,0.00486231,0.00860899,0.00340899,9337.83,,,True,CG6-0313|2026-01-16|L2|S13,field,MATCHED,D1:wor:2-13,4.61427
CG6-0313,41,62,14,2026-01-16,08:29:36,9337.5,2,0.0167,0.0022,10075.2,1.8,-7.6,2.0267,0.0023,0.0007,0.2696,-738.004,60,0,43.79,-79.5035,209.07,24.7789,34.9134,145.8,11011,,2026-01-16 08:29:36,000000021010313,17,0,0.00192506,0.00879629,0.00649629,9337.51,,,True,CG6-0313|2026-01-16|L2|S14,field,MATCHED,D1:wor:2-14,1.53657
CG6-0313,42,63,14,2026-01-16,08:30:36,9337.51,2,0.0176,0.0023,10075.2,3.8,-7.7,2.0294,0.0016,0.001,0.2701,-738.005,60,0,43.79,-79.5035,209.07,24.7789,34.9134,145.8,11011,,2026-01-16 08:30:36,000000021010313,17,-0.0001,0.00122893,0.00882891,0.00722891,9337.52,,,True,CG6-0313|2026-01-16|L2|S14,field,MATCHED,D1:wor:2-14,1.53657
CG6-0313,43,64,15,2026-01-16,08:33:56,9337.43,2,0.0193,0.0025,10075.2,-0.3,-3.6,2.0246,-0.0008,0.0002,0.2693,-738.005,60,0,43.79,-79.5035,209.07,24.7784,34.9116,152.5,11011,,2026-01-16 08:33:56,000000021010313,18,-1.81899e-12,-0.00108193,0.0089096,0.0097096,9337.44,,TWO_READINGS_DIFFER,True,CG6-0313|2026-01-16|L2|S15,field,MATCHED,D1:wor:2-15,1.25689
CG6-0313,44,65,15,2026-01-16,08:34:56,9337.34,2,0.0448,0.0058,10075.1,3,-4,2.0253,-0.0014,0.0003,0.2694,-738.006,60,0,43.79,-79.5035,209.07,24.7784,34.9116,152.5,11011,,2026-01-16 08:34:56,000000021010313,18,0,-0.00177221,0.0089242,0.0103242,9337.35,,TWO_READINGS_DIFFER,True,CG6-0313|2026-01-16|L2|S15,field,MATCHED,D1:wor:2-15,1.25689
CG6-0313,45,66,16,2026-01-16,08:40:08,9336.59,2,0.0215,0.0028,10074.3,5.9,-7.4,2.0132,-0.005,0.0011,0.2678,-738.007,60,0,43.79,-79.5035,209.07,24.7774,34.9101,159.1,11011,,2026-01-16 08:40:08,000000021010313,19,-0.0002,-0.00533786,0.00893731,0.0139373,9336.6,,,True,CG6-0313|2026-01-16|L2|S16,field,MATCHED,D1:wor:2-16,6.49004
CG6-0313,46,67,16,2026-01-16,08:41:08,9336.58,2,0.0225,0.0029,10074.3,6.6,-8.3,2.0164,-0.0057,0.0014,0.2682,-738.007,60,0,43.79,-79.5035,209.07,24.7774,34.9101,159.1,11011,,2026-01-16 08:41:08,000000021010313,19,0,-0.00601877,0.00892609,0.0146261,9336.6,,,True,CG6-0313|2026-01-16|L2|S16,field,MATCHED,D1:wor:2-16,6.49004
CG6-0313,47,68,17,2026-01-16,08:46:07,9336.21,2,0.0206,0.0027,10074,-1.3,-6,2.0161,-0.0091,0.0005,0.2681,-738.009,60,0,43.79,-79.5035,209.07,24.7758,34.9092,157.7,11011,,2026-01-16 08:46:07,000000021010313,20,0,-0.00938732,0.00881491,0.0179149,9336.23,,,True,CG6-0313|2026-01-16|L2|S17,field,MATCHED,D1:wor:2-17,4.64277
CG6-0313,48,69,17,2026-01-16,08:47:07,9336.21,2,0.0168,0.0022,10074,-1.7,-9.2,2.0167,-0.0097,0.001,0.2684,-738.009,60,0,43.79,-79.5035,209.07,24.7758,34.9092,157.7,11011,,2026-01-16 08:47:07,000000021010313,20,-0.0001,-0.0100581,0.00877881,0.0184788,9336.23,,,True,CG6-0313|2026-01-16|L2|S17,field,MATCHED,D1:wor:2-17,4.64277
CG6-0313,49,70,18,2026-01-16,08:51:36,9335.86,2,0.0252,0.0033,10073.6,-2.9,-5.1,2.0177,-0.0127,0.0004,0.2684,-738.01,60,0,43.79,-79.5035,209.07,24.7746,34.908,147.8,11011,,2026-01-16 08:51:36,000000021010313,21,-1.81899e-12,-0.0130433,0.00857131,0.0212713,9335.88,,,True,CG6-0313|2026-01-16|L2|S18,field,MATCHED,D1:wor:2-18,8.05063
CG6-0313,50,71,18,2026-01-16,08:52:36,9335.86,2,0.0246,0.0032,10073.6,-1.8,-5.2,2.0196,-0.0134,0.0003,0.2685,-738.011,60,0,43.79,-79.5035,209.07,24.7746,34.908,147.8,11011,,2026-01-16 08:52:36,000000021010313,21,0,-0.0137039,0.00851254,0.0219125,9335.88,,,True,CG6-0313|2026-01-16|L2|S18,field,MATCHED,D1:wor:2-18,8.05063
CG6-0313,51,72,19,2026-01-16,08:57:07,9335.34,2,0.0244,0.0031,10073.1,7.5,-2.7,2.0132,-0.0164,0.0008,0.2678,-738.012,60,0,43.79,-79.5035,209.07,24.7723,34.9054,176.2,11011,,2026-01-16 08:57:07,000000021010313,22,0.0001,-0.0166634,0.00820611,0.0246061,9335.37,REPEAT_OUTLIER,,False,CG6-0313|2026-01-16|L2|S19,field,MATCHED,D1:wor:2-19,3.73412
CG6-0313,52,73,19,2026-01-16,08:58:07,9335.34,2,0.0673,0.0087,10073.1,7.1,-7.2,2.0135,-0.017,0.0021,0.2678,-738.012,60,0,43.79,-79.5035,209.07,24.7723,34.9054,176.2,11011,,2026-01-16 08:58:07,000000021010313,22,1.81899e-12,-0.017313,0.00812472,0.0251247,9335.37,REPEAT_OUTLIER,STDDEV_GT_0.050,False,CG6-0313|2026-01-16|L2|S19,field,MATCHED,D1:wor:2-19,3.73412
CG6-0313,53,74,19,2026-01-16,09:00:29,9335.33,2,0.0201,0.0026,10073.1,3.1,-5.9,2.0152,-0.0185,0.0005,0.2679,-738.013,60,0,43.79,-79.5035,209.07,24.7723,34.9054,176.2,11011,,2026-01-16 09:00:29,000000021010313,22,0.0001,-0.0188421,0.00791583,0.0264158,9335.36,REPEAT_OUTLIER,,False,CG6-0313|2026-01-16|L2|S19,field,MATCHED,D1:wor:2-19,3.73412
CG6-0313,54,75,19,2026-01-16,09:01:29,9335.44,2,0.0517,0.0067,10073.2,4.1,-6.6,2.0166,-0.0192,0.0009,0.2683,-738.013,60,0,43.79,-79.5035,209.07,24.7723,34.9054,176.2,11011,,2026-01-16 09:01:29,000000021010313,22,-0.0001,-0.0194846,0.00782073,0.0270207,9335.46,REPEAT_OUTLIER,STDDEV_GT_0.050,False,CG6-0313|2026-01-16|L2|S19,field,MATCHED,D1:wor:2-19,3.73412
CG6-0313,55,76,19,2026-01-16,09:03:17,9335.44,2,0.0169,0.0022,10073.2,-0.4,-7.9,2.0188,-0.0203,0.0008,0.2685,-738.014,60,0,43.79,-79.5035,209.07,24.7723,34.9054,176.2,11011,,2026-01-16 09:03:17,000000021010313,22,-0.0001,-0.0206356,0.00763933,0.0279393,9335.47,REPEAT_OUTLIER,,False,CG6-0313|2026-01-16|L2|S19,field,MATCHED,D1:wor:2-19,3.73412
CG6-0313,56,77,19,2026-01-16,09:04:17,9335.45,2,0.0453,0.0058,10073.2,-0.4,-9.3,2.0192,-0.021,0.001,0.2685,-738.014,60,0,43.79,-79.5035,209.07,24.7723,34.9054,176.2,11011,,2026-01-16 09:04:17,000000021010313,22,0,-0.0212719,0.0075329,0.0285329,9335.48,REPEAT_OUTLIER,,False,CG6-0313|2026-01-16|L2|S19,field,MATCHED,D1:wor:2-19,3.73412
CG6-0313,57,78,20,2026-01-16,09:08:51,9334.95,2,0.017,0.0022,10072.7,4.3,-9.8,2.0217,-0.0239,0.0014,0.269,-738.015,60,0,43.79,-79.5035,209.07,24.771,34.9041,172.5,11011,,2026-01-16 09:08:51,000000021010313,23,1.81899e-12,-0.0241489,0.00700227,0.0309023,9334.98,,,True,CG6-0313|2026-01-16|L2|S20,field,MATCHED,D1:wor:2-20,4.31558
CG6-0313,58,79,20,2026-01-16,09:09:51,9334.95,2,0.0612,0.0079,10072.7,5.4,-10.6,2.024,-0.0245,0.0016,0.2691,-738.015,60,0,43.79,-79.5035,209.07,24.771,34.9041,172.6,11011,,2026-01-16 09:09:51,000000021010313,23,-1.81899e-12,-0.0247724,0.00687359,0.0313736,9334.98,,STDDEV_GT_0.050,True,CG6-0313|2026-01-16|L2|S20,field,MATCHED,D1:wor:2-20,4.31558
CG6-0313,59,80,21,2026-01-16,09:14:56,9334.23,2,0.0236,0.0031,10072,12.2,-2.9,2.0354,-0.0276,0.0018,0.2707,-738.017,60,0,43.79,-79.5035,209.07,24.7694,34.9034,174.3,11011,,2026-01-16 09:14:56,000000021010313,24,0,-0.0279045,0.00616525,0.0337653,9334.26,,,True,CG6-0313|2026-01-16|L2|S21,field,MATCHED,D1:wor:2-21,3.35809
CG6-0313,60,81,21,2026-01-16,09:15:56,9334.24,2,0.034,0.0044,10072,13.2,-3.2,2.0387,-0.0282,0.0026,0.2713,-738.017,60,0,43.79,-79.5035,209.07,24.7694,34.9034,174.3,11011,,2026-01-16 09:15:56,000000021010313,24,-0.0001,-0.0285131,0.00601268,0.0342127,9334.27,,,True,CG6-0313|2026-01-16|L2|S21,field,MATCHED,D1:wor:2-21,3.35809
CG6-0313,61,82,22,2026-01-16,09:21:44,9333.69,2,0.0199,0.0026,10071.5,1.1,-7.6,2.051,-0.0317,0.0007,0.2728,-738.019,60,0,43.79,-79.5035,209.07,24.7703,34.9013,178.8,11011,,2026-01-16 09:21:44,000000021010313,25,-0.0001,-0.0319925,0.00504982,0.0367498,9333.73,,,True,CG6-0313|2026-01-16|L2|S22,field,MATCHED,D1:wor:2-22,4.3041
CG6-0313,62,83,22,2026-01-16,09:22:44,9333.7,2,0.0229,0.003,10071.5,2.1,-10.5,2.0534,-0.0323,0.0014,0.2731,-738.019,60,0,43.79,-79.5035,209.07,24.7703,34.9013,178.8,11011,,2026-01-16 09:22:44,000000021010313,25,0.0001,-0.0325835,0.00487121,0.0371712,9333.74,,,True,CG6-0313|2026-01-16|L2|S22,field,MATCHED,D1:wor:2-22,4.3041
CG6-0313,63,84,23,2026-01-16,09:27:07,9333.8,2,0.0266,0.0034,10071.6,3.6,-6.3,2.0516,-0.0349,0.0006,0.2729,-738.02,60,0,43.79,-79.5035,209.07,24.7711,34.8995,179.4,11011,,2026-01-16 09:27:07,000000021010313,26,0,-0.0351419,0.0040421,0.0389421,9333.84,,,True,CG6-0313|2026-01-16|L2|S23,field,MATCHED,D1:wor:2-23,1.9259
CG6-0313,64,85,23,2026-01-16,09:28:07,9333.77,2,0.0228,0.0029,10071.6,4.5,-6.6,2.0538,-0.0354,0.0008,0.2732,-738.02,60,0,43.79,-79.5035,209.07,24.7711,34.8995,179.4,11011,,2026-01-16 09:28:07,000000021010313,26,0.0001,-0.0357182,0.00384344,0.0392434,9333.81,,,True,CG6-0313|2026-01-16|L2|S23,field,MATCHED,D1:wor:2-23,1.9259
CG6-0313,65,86,24,2026-01-16,09:35:50,9334.15,2,0.0199,0.0026,10071.9,-3,-8.4,2.0385,-0.0398,0.001,0.2712,-738.023,60,0,43.79,-79.5035,209.07,24.7714,34.8977,167.5,11011,,2026-01-16 09:35:50,000000021010313,27,-0.0001,-0.0400696,0.0021892,0.0419892,9334.19,,TWO_READINGS_DIFFER,True,CG6-0313|2026-01-16|L2|S24,field,MATCHED,D1:wor:2-24,2.82631
CG6-0313,66,87,24,2026-01-16,09:36:50,9334.09,2,0.0293,0.0038,10071.9,-1,-10.6,2.0373,-0.0404,0.0013,0.2709,-738.023,60,0,43.79,-79.5035,209.07,24.7714,34.8977,167.5,11011,,2026-01-16 09:36:50,000000021010313,27,0.0001,-0.0406209,0.00195925,0.0423592,9334.13,,TWO_READINGS_DIFFER,True,CG6-0313|2026-01-16|L2|S24,field,MATCHED,D1:wor:2-24,2.82631
CG6-0313,67,88,25,2026-01-16,09:41:14,9333.89,2,0.019,0.0025,10071.7,3.3,-6.1,2.0279,-0.0428,0.0006,0.2697,-738.024,60,0,43.79,-79.5035,209.07,24.7719,34.8957,171,11011,,2026-01-16 09:41:14,000000021010313,28,-1.81899e-12,-0.0430108,0.000906368,0.0437064,9333.94,,,True,CG6-0313|2026-01-16|L2|S25,field,MATCHED,D1:wor:2-25,2.04003
CG6-0313,68,89,25,2026-01-16,09:42:14,9333.88,2,0.0171,0.0022,10071.7,2.2,-6.2,2.0285,-0.0433,0.0005,0.2698,-738.024,60,0,43.79,-79.5035,209.07,24.7719,34.8957,171,11011,,2026-01-16 09:42:14,000000021010313,28,0,-0.0435458,0.000657854,0.0439579,9333.93,,,True,CG6-0313|2026-01-16|L2|S25,field,MATCHED,D1:wor:2-25,2.04003
CG6-0313,69,90,26,2026-01-16,09:48:17,9334.46,2,0.0199,0.0026,10072.3,-4.5,-2,2.0224,-0.0465,0.0003,0.2691,-738.026,60,0,43.79,-79.5035,209.07,24.7713,34.8931,177.7,11011,,2026-01-16 09:48:17,000000021010313,29,1.81899e-12,-0.0467166,-0.000911408,0.0455886,9334.5,,,True,CG6-0313|2026-01-16|L2|S26,field,MATCHED,D1:wor:2-26,3.88218
CG6-0313,70,91,26,2026-01-16,09:49:17,9334.46,2,0.0429,0.0055,10072.3,-6.4,-5.6,2.0259,-0.047,0.0008,0.2695,-738.026,60,0,43.79,-79.5035,209.07,24.7713,34.8931,177.7,11011,,2026-01-16 09:49:17,000000021010313,29,1.81899e-12,-0.0472297,-0.00118312,0.0458169,9334.5,,,True,CG6-0313|2026-01-16|L2|S26,field,MATCHED,D1:wor:2-26,3.88218
CG6-0313,71,92,100,2026-01-16,10:12:59,9344.49,0,0.0311,0.004,10082.3,3.4,-3.4,2.0084,-0.0582,0.0003,0.2672,-738.033,60,0,43.79,-79.5035,209.07,24.7868,34.9337,106.4,11011,,2026-01-16 10:12:59,000000021010313,30,-1.81899e-12,-0.0584267,-0.00860784,0.0495922,9344.54,,,True,CG6-0313|2026-01-16|L0|S100,field_base_100,MATCHED,D1:wor:B100 16-01-2026,1.75412
CG6-0313,72,93,100,2026-01-16,10:13:59,9344.51,0,0.0284,0.0037,10082.3,1.7,-5.5,2.0107,-0.0587,0.0004,0.2675,-738.033,60,0,43.79,-79.5035,209.07,24.7868,34.9337,106.4,11011,,2026-01-16 10:13:59,000000021010313,30,0.0001,-0.0588572,-0.00895033,0.0497497,9344.56,,,True,CG6-0313|2026-01-16|L0|S100,field_base_100,MATCHED,D1:wor:B100 16-01-2026,1.75412
CG6-0313,73,94,100,2026-01-16,10:15:41,9344.49,0,0.0201,0.0026,10082.3,0.8,-10.4,2.0132,-0.0594,0.0013,0.2679,-738.034,60,0,43.79,-79.5035,209.07,24.7868,34.9337,106.4,11011,,2026-01-16 10:15:41,000000021010313,30,-0.0001,-0.0595811,-0.00953817,0.0498618,9344.54,,,True,CG6-0313|2026-01-16|L0|S100,field_base_100,MATCHED,D1:wor:B100 16-01-2026,1.75412
CG6-0313,74,95,100,2026-01-16,10:16:41,9344.48,0,0.0131,0.0017,10082.3,0.4,-11.8,2.0141,-0.0598,0.0017,0.2679,-738.034,60,0,43.79,-79.5035,209.07,24.7868,34.9337,106.4,11011,,2026-01-16 10:16:41,000000021010313,30,-1.81899e-12,-0.0600021,-0.0098872,0.0499128,9344.53,,,True,CG6-0313|2026-01-16|L0|S100,field_base_100,MATCHED,D1:wor:B100 16-01-2026,1.75412
CG6-0313,75,96,100,2026-01-16,10:55:05,9344.52,0,0.0312,0.004,10082.4,-2.5,-4.1,1.9978,-0.0733,0.0003,0.2656,-738.044,60,0,43.79,-79.5035,209.07,24.7868,34.9338,107.9,11011,,2026-01-16 10:55:05,000000021010313,31,0,-0.0734499,-0.0247424,0.0485576,9344.57,,,True,CG6-0313|2026-01-16|L0|S100,field_base_100,MATCHED,D1:wor:B100 16-01-2026,3.09607
CG6-0313,76,97,100,2026-01-16,10:56:05,9344.54,0,0.0164,0.0021,10082.4,-1.5,-5.8,2.0013,-0.0736,0.0004,0.2662,-738.045,60,0,43.79,-79.5035,209.07,24.7868,34.9338,107.9,11011,,2026-01-16 10:56:05,000000021010313,31,0,-0.0737282,-0.025157,0.048443,9344.59,,,True,CG6-0313|2026-01-16|L0|S100,field_base_100,MATCHED,D1:wor:B100 16-01-2026,3.09607
CG6-0313,77,98,100,2026-01-16,10:57:05,9344.52,0,0.019,0.0025,10082.4,-0.5,-8.7,2.0045,-0.0739,0.001,0.2667,-738.045,60,0,43.79,-79.5035,209.07,24.7868,34.9338,107.9,11011,,2026-01-16 10:57:05,000000021010313,31,-0.0001,-0.0740029,-0.0255726,0.0483274,9344.57,,,True,CG6-0313|2026-01-16|L0|S100,field_base_100,MATCHED,D1:wor:B100 16-01-2026,3.09607
CG6-0313,78,99,100,2026-01-16,10:58:05,9344.52,0,0.0173,0.0022,10082.4,0.5,-8.7,2.0063,-0.0742,0.0008,0.2668,-738.045,60,0,43.79,-79.5035,209.07,24.7868,34.9338,107.9,11011,,2026-01-16 10:58:05,000000021010313,31,0,-0.0742739,-0.025989,0.048211,9344.57,,,True,CG6-0313|2026-01-16|L0|S100,field_base_100,MATCHED,D1:wor:B100 16-01-2026,3.09607
CG6-0313,79,100,1,2026-01-16,11:25:26,9334.18,3,0.0235,0.003,10072,2.8,-4.3,2.0372,-0.0802,0.0003,0.2708,-738.053,60,0,43.79,-79.5035,209.07,24.7715,34.891,187.4,11011,,2026-01-16 11:25:26,000000021010313,32,0.0001,-0.0802775,-0.0374346,0.0427654,9334.22,,,True,CG6-0313|2026-01-16|L3|S1,field,MATCHED,D1:wor:3-1,7.11669
CG6-0313,80,101,1,2026-01-16,11:26:26,9334.16,3,0.0398,0.0051,10072,3.3,-3.1,2.0362,-0.0804,0.0002,0.2707,-738.053,60,0,43.79,-79.5035,209.07,24.7715,34.891,187.3,11011,,2026-01-16 11:26:26,000000021010313,32,0.0001,-0.0804462,-0.0378577,0.0425423,9334.2,,,True,CG6-0313|2026-01-16|L3|S1,field,MATCHED,D1:wor:3-1,7.11669
CG6-0313,81,102,2,2026-01-16,11:30:54,9334.01,3,0.0183,0.0024,10071.9,0.3,-7.2,2.0333,-0.0811,0.0007,0.2704,-738.054,60,0,43.79,-79.5035,209.07,24.7715,34.8892,168.8,11011,,2026-01-16 11:30:54,000000021010313,33,-0.0001,-0.0811572,-0.0397391,0.0413609,9334.05,,,True,CG6-0313|2026-01-16|L3|S2,field,MATCHED,D1:wor:3-2,10.0045
CG6-0313,82,103,2,2026-01-16,11:31:54,9334.02,3,0.0174,0.0022,10071.9,5.7,-11,2.035,-0.0812,0.0017,0.2706,-738.055,60,0,43.79,-79.5035,209.07,24.7715,34.8892,166.8,11011,,2026-01-16 11:31:54,000000021010313,33,0,-0.0813069,-0.0401596,0.0410404,9334.06,,,True,CG6-0313|2026-01-16|L3|S2,field,MATCHED,D1:wor:3-2,10.0045
CG6-0313,83,104,3,2026-01-16,11:35:39,9333.35,3,0.027,0.0035,10071.2,-8.9,5.1,2.0425,-0.0818,0.0012,0.2716,-738.056,60,0,43.79,-79.5035,209.07,24.7716,34.8872,157.6,11011,,2026-01-16 11:35:39,000000021010313,34,0.0001,-0.0818374,-0.0417274,0.0400726,9333.39,,,True,CG6-0313|2026-01-16|L3|S3,field,MATCHED,D1:wor:3-3,12.8134
CG6-0313,84,105,3,2026-01-16,11:36:39,9333.35,3,0.0276,0.0036,10071.2,-11.1,6.1,2.0449,-0.0819,0.002,0.2719,-738.056,60,0,43.79,-79.5035,209.07,24.7716,34.8872,154.8,11011,,2026-01-16 11:36:39,000000021010313,34,-1.81899e-12,-0.0819707,-0.0421445,0.0397555,9333.39,,,True,CG6-0313|2026-01-16|L3|S3,field,MATCHED,D1:wor:3-3,12.8134
CG6-0313,85,106,4,2026-01-16,11:40:33,9333,3,0.0182,0.0024,10070.9,2.5,-0.9,2.0489,-0.0824,0.0001,0.2726,-738.057,60,0,43.79,-79.5035,209.07,24.7719,34.8854,135.7,11011,,2026-01-16 11:40:33,000000021010313,35,0,-0.0824581,-0.0437607,0.0386393,9333.04,,,True,CG6-0313|2026-01-16|L3|S4,field,MATCHED,D1:wor:3-4,20.9042
CG6-0313,86,107,4,2026-01-16,11:41:33,9333.04,3,0.0265,0.0034,10070.9,3.9,0.2,2.05,-0.0825,0.0001,0.2726,-738.057,60,0,43.79,-79.5035,209.07,24.7719,34.8854,135.7,11011,,2026-01-16 11:41:33,000000021010313,35,0,-0.0825748,-0.0441733,0.0383267,9333.08,,,True,CG6-0313|2026-01-16|L3|S4,field,MATCHED,D1:wor:3-4,20.9042
CG6-0313,87,108,5,2026-01-16,11:45:50,9332.38,3,0.0195,0.0025,10070.2,0.4,3.6,2.0485,-0.083,0.0002,0.2725,-738.058,60,0,43.79,-79.5035,209.07,24.7726,34.8836,169.9,11011,,2026-01-16 11:45:50,000000021010313,36,1.81899e-12,-0.0830369,-0.0459269,0.0370731,9332.41,,,True,CG6-0313|2026-01-16|L3|S5,field,MATCHED,D1:wor:3-5,11.9807
CG6-0313,88,109,5,2026-01-16,11:46:50,9332.38,3,0.0186,0.0024,10070.2,0.7,4,2.0497,-0.0831,0.0002,0.2726,-738.059,60,0,43.79,-79.5035,209.07,24.7726,34.8836,169.9,11011,,2026-01-16 11:46:50,000000021010313,36,0,-0.083136,-0.0463335,0.0367665,9332.42,,,True,CG6-0313|2026-01-16|L3|S5,field,MATCHED,D1:wor:3-5,11.9807
CG6-0313,89,110,6,2026-01-16,11:50:40,9331.88,3,0.02,0.0026,10069.8,1.6,4.3,2.0448,-0.0835,0.0003,0.2721,-738.06,60,0,43.79,-79.5035,209.07,24.7732,34.8817,190.3,11011,,2026-01-16 11:50:40,000000021010313,37,0,-0.0834857,-0.0478783,0.0356217,9331.92,,,True,CG6-0313|2026-01-16|L3|S6,field,MATCHED,D1:wor:3-6,4.79346
CG6-0313,90,111,6,2026-01-16,11:51:40,9331.9,3,0.0155,0.002,10069.8,-0.8,3.2,2.0438,-0.0835,0.0001,0.2718,-738.06,60,0,43.79,-79.5035,209.07,24.7732,34.8817,190.2,11011,,2026-01-16 11:51:40,000000021010313,37,-0.0001,-0.083569,-0.0482784,0.0352216,9331.94,,,True,CG6-0313|2026-01-16|L3|S6,field,MATCHED,D1:wor:3-6,4.79346
CG6-0313,91,112,7,2026-01-16,11:55:21,9331.54,3,0.0302,0.0039,10069.4,1.8,-2.3,2.0349,-0.0838,0.0001,0.2706,-738.061,60,0,43.79,-79.5035,209.07,24.7737,34.8798,201.4,11011,,2026-01-16 11:55:21,000000021010313,38,0,-0.0838484,-0.049737,0.034063,9331.58,,,True,CG6-0313|2026-01-16|L3|S7,field,MATCHED,D1:wor:3-7,5.15278
CG6-0313,92,113,7,2026-01-16,11:56:21,9331.51,3,0.0303,0.0039,10069.4,4.8,-12.4,2.0344,-0.0839,0.0021,0.2706,-738.061,60,0,43.79,-79.5035,209.07,24.7737,34.8798,201.4,11011,,2026-01-16 11:56:21,000000021010313,38,0,-0.0839168,-0.0501298,0.0337702,9331.55,,,True,CG6-0313|2026-01-16|L3|S7,field,MATCHED,D1:wor:3-7,5.15278
CG6-0313,93,114,8,2026-01-16,12:00:39,9331.08,3,0.0276,0.0036,10069,3.9,6.7,2.0289,-0.0842,0.0007,0.2699,-738.062,60,0,43.79,-79.5035,209.07,24.7743,34.8781,205.8,11011,,2026-01-16 12:00:39,000000021010313,39,-1.81899e-12,-0.0841752,-0.0517976,0.0324024,9331.12,,,True,CG6-0313|2026-01-16|L3|S8,field,MATCHED,D1:wor:3-8,5.82212
CG6-0313,94,115,8,2026-01-16,12:01:39,9331.06,3,0.0166,0.0021,10068.9,4.7,6.6,2.0301,-0.0842,0.0008,0.2701,-738.063,60,0,43.79,-79.5035,209.07,24.7743,34.8781,205.8,11011,,2026-01-16 12:01:39,000000021010313,39,0,-0.0842271,-0.0521811,0.0320189,9331.09,,,True,CG6-0313|2026-01-16|L3|S8,field,MATCHED,D1:wor:3-8,5.82212
CG6-0313,95,116,9,2026-01-16,12:08:14,9330.68,3,0.0207,0.0027,10068.6,0.7,-3,2.0388,-0.0845,0.0002,0.2711,-738.065,60,0,43.79,-79.5035,209.07,24.7748,34.8761,208.3,11011,,2026-01-16 12:08:14,000000021010313,40,0,-0.0844927,-0.0546542,0.0298458,9330.71,,,True,CG6-0313|2026-01-16|L3|S9,field,MATCHED,D1:wor:3-9,3.63753
CG6-0313,96,117,9,2026-01-16,12:09:14,9330.7,3,0.0144,0.0019,10068.6,0.8,-5.7,2.0403,-0.0845,0.0004,0.2713,-738.065,60,0,43.79,-79.5035,209.07,24.7748,34.8761,208.3,11011,,2026-01-16 12:09:14,000000021010313,40,-1.81899e-12,-0.0845217,-0.0550223,0.0294777,9330.73,,,True,CG6-0313|2026-01-16|L3|S9,field,MATCHED,D1:wor:3-9,3.63753
CG6-0313,97,118,3,2026-01-16,12:14:59,9329.9,3,0.0213,0.0028,10067.8,6.8,-6.4,2.0419,-0.0846,0.0011,0.2716,-738.067,60,0,43.79,-79.5035,209.07,24.7755,34.874,215.2,11011,,2026-01-16 12:14:59,000000021010313,41,0,-0.084632,-0.0570926,0.0275074,9329.93,,,True,CG6-0313|2026-01-16|L3|S3,field,MATCHED,D1:wor:3-10,1.5406
CG6-0313,98,119,10,2026-01-16,12:18:21,9329.89,3,0.0188,0.0024,10067.8,6.2,-6.2,2.0388,-0.0847,0.0009,0.2711,-738.067,60,0,43.79,-79.5035,209.07,24.7755,34.874,215.4,11011,,2026-01-16 12:18:21,000000021010313,42,1.81899e-12,-0.0846529,-0.0582689,0.0264311,9329.91,,,True,CG6-0313|2026-01-16|L3|S10,field,MATCHED,D1:wor:3-10,1.5406
CG6-0313,99,120,10,2026-01-16,12:19:21,9329.88,3,0.0177,0.0023,10067.8,6.4,-7,2.0368,-0.0847,0.0011,0.2709,-738.068,60,0,43.79,-79.5035,209.07,24.7755,34.874,215.4,11011,,2026-01-16 12:19:21,000000021010313,42,0.0001,-0.0846529,-0.0586127,0.0260873,9329.91,,,True,CG6-0313|2026-01-16|L3|S10,field,MATCHED,D1:wor:3-10,1.5406
CG6-0313,100,121,11,2026-01-16,12:23:24,9329.05,3,0.0178,0.0023,10066.9,-0.1,-3.8,2.029,-0.0846,0.0002,0.2699,-738.069,60,0,43.79,-79.5035,209.07,24.776,34.8723,212.3,11011,,2026-01-16 12:23:24,000000021010313,43,0,-0.0846254,-0.0599764,0.0246236,9329.07,,,True,CG6-0313|2026-01-16|L3|S11,field,MATCHED,D1:wor:3-11,1.90213
CG6-0313,101,122,11,2026-01-16,12:24:24,9329.04,3,0.0297,0.0038,10066.9,0.7,-5.5,2.029,-0.0846,0.0004,0.2698,-738.069,60,0,43.79,-79.5035,209.07,24.776,34.8723,212.3,11011,,2026-01-16 12:24:24,000000021010313,43,0,-0.0846118,-0.0603066,0.0242934,9329.06,,,True,CG6-0313|2026-01-16|L3|S11,field,MATCHED,D1:wor:3-11,1.90213
CG6-0313,102,123,12,2026-01-16,12:28:18,9328.62,3,0.0207,0.0027,10066.5,7.2,1.8,2.0218,-0.0846,0.0007,0.269,-738.07,60,0,43.79,-79.5035,209.07,24.7764,34.8706,224.7,11011,,2026-01-16 12:28:18,000000021010313,44,-0.0001,-0.0845335,-0.0615657,0.0230343,9328.64,,,True,CG6-0313|2026-01-16|L3|S12,field,MATCHED,D1:wor:3-12,2.1339
CG6-0313,103,124,12,2026-01-16,12:29:18,9328.63,3,0.0293,0.0038,10066.5,8.8,1.8,2.0226,-0.0845,0.001,0.2689,-738.07,60,0,43.79,-79.5035,209.07,24.7764,34.8706,224.7,11011,,2026-01-16 12:29:18,000000021010313,44,1.81899e-12,-0.084507,-0.0618818,0.0226182,9328.65,,,True,CG6-0313|2026-01-16|L3|S12,field,MATCHED,D1:wor:3-12,2.1339
CG6-0313,104,125,13,2026-01-16,12:33:18,9327.93,3,0.0249,0.0032,10065.8,6,2.4,2.0178,-0.0844,0.0005,0.2684,-738.072,60,0,43.79,-79.5035,209.07,24.7766,34.8687,221.7,11011,,2026-01-16 12:33:18,000000021010313,45,-1.81899e-12,-0.084376,-0.0631134,0.0212866,9327.95,,,True,CG6-0313|2026-01-16|L3|S13,field,MATCHED,D1:wor:3-13,2.91356
CG6-0313,105,126,13,2026-01-16,12:34:18,9327.92,3,0.0271,0.0035,10065.8,7.5,4.3,2.0191,-0.0844,0.0008,0.2685,-738.072,60,0,43.79,-79.5035,209.07,24.7766,34.8687,221.8,11011,,2026-01-16 12:34:18,000000021010313,45,0.0001,-0.084337,-0.0634141,0.0209859,9327.95,,,True,CG6-0313|2026-01-16|L3|S13,field,MATCHED,D1:wor:3-13,2.91356
CG6-0313,106,127,14,2026-01-16,12:38:08,9327.28,3,0.0182,0.0023,10065.2,4.4,4.1,2.0173,-0.0842,0.0004,0.2683,-738.073,60,0,43.79,-79.5035,209.07,24.7771,34.8669,224,11011,,2026-01-16 12:38:08,000000021010313,46,-1.81899e-12,-0.0841649,-0.0645355,0.0196645,9327.3,,,True,CG6-0313|2026-01-16|L3|S14,field,MATCHED,D1:wor:3-14,5.68212
CG6-0313,107,128,14,2026-01-16,12:39:08,9327.27,3,0.0204,0.0026,10065.2,5.7,5.6,2.0182,-0.0842,0.0008,0.2684,-738.073,60,0,43.79,-79.5035,209.07,24.7771,34.8669,224.1,11011,,2026-01-16 12:39:08,000000021010313,46,-1.81899e-12,-0.0841143,-0.0648204,0.0193796,9327.29,,,True,CG6-0313|2026-01-16|L3|S14,field,MATCHED,D1:wor:3-14,5.68212
CG6-0313,108,129,15,2026-01-16,12:43:16,9326.79,3,0.0161,0.0021,10064.7,1,9.6,2.0177,-0.0839,0.0011,0.2683,-738.074,60,0,43.79,-79.5035,209.07,24.7776,34.865,228.6,11011,,2026-01-16 12:43:16,000000021010313,47,0,-0.0838803,-0.0659606,0.0179394,9326.81,,,True,CG6-0313|2026-01-16|L3|S15,field,MATCHED,D1:wor:3-15,3.51486
CG6-0313,109,130,15,2026-01-16,12:44:16,9326.83,3,0.0164,0.0021,10064.7,1.1,11.6,2.0173,-0.0839,0.0014,0.2682,-738.074,60,0,43.79,-79.5035,209.07,24.7776,34.865,228.6,11011,,2026-01-16 12:44:16,000000021010313,47,0,-0.0838179,-0.0662279,0.0176721,9326.85,,,True,CG6-0313|2026-01-16|L3|S15,field,MATCHED,D1:wor:3-15,3.51486
CG6-0313,110,131,16,2026-01-16,12:47:59,9326.4,3,0.0218,0.0028,10064.3,3.5,1.9,2.0101,-0.0836,0.0002,0.2674,-738.076,60,0,43.79,-79.5035,209.07,24.7779,34.8631,224.3,11011,,2026-01-16 12:47:59,000000021010313,48,-1.81899e-12,-0.0835665,-0.0671884,0.0164116,9326.42,,,True,CG6-0313|2026-01-16|L3|S16,field,MATCHED,D1:wor:3-16,2.6105
CG6-0313,111,132,16,2026-01-16,12:48:59,9326.4,3,0.0195,0.0025,10064.3,5,2,2.0106,-0.0835,0.0003,0.2673,-738.076,60,0,43.79,-79.5035,209.07,24.7779,34.8631,224.2,11011,,2026-01-16 12:48:59,000000021010313,48,-0.0001,-0.0834937,-0.0674386,0.0160614,9326.41,,,True,CG6-0313|2026-01-16|L3|S16,field,MATCHED,D1:wor:3-16,2.6105
CG6-0313,112,133,17,2026-01-16,12:53:15,9325.86,3,0.0145,0.0019,10063.7,4.9,-4.4,2.0073,-0.0832,0.0005,0.2671,-738.077,60,0,43.79,-79.5035,209.07,24.7786,34.8614,232.5,11011,,2026-01-16 12:53:15,000000021010313,49,0,-0.0831597,-0.0684637,0.0147363,9325.87,,,True,CG6-0313|2026-01-16|L3|S17,field,MATCHED,D1:wor:3-17,5.49371
CG6-0313,113,134,17,2026-01-16,12:54:15,9325.85,3,0.0177,0.0023,10063.7,4.5,-4.4,2.0079,-0.0831,0.0005,0.2671,-738.077,60,0,43.79,-79.5035,209.07,24.7786,34.8614,232.6,11011,,2026-01-16 12:54:15,000000021010313,49,1.81899e-12,-0.083076,-0.0686941,0.0144059,9325.86,,,True,CG6-0313|2026-01-16|L3|S17,field,MATCHED,D1:wor:3-17,5.49371
CG6-0313,114,135,18,2026-01-16,12:58:13,9325.51,3,0.019,0.0025,10063.4,0.7,1.1,2.0049,-0.0828,0.0001,0.2666,-738.078,60,0,43.79,-79.5035,209.07,24.7787,34.8594,233.8,11011,,2026-01-16 12:58:13,000000021010313,50,0.0001,-0.0827246,-0.0695678,0.0132322,9325.53,,,True,CG6-0313|2026-01-16|L3|S18,field,MATCHED,D1:wor:3-18,1.13696
CG6-0313,115,136,18,2026-01-16,12:59:13,9325.52,3,0.0142,0.0018,10063.4,3,4.6,2.0071,-0.0827,0.0004,0.2671,-738.079,60,0,43.79,-79.5035,209.07,24.7787,34.8594,233.8,11011,,2026-01-16 12:59:13,000000021010313,50,1.81899e-12,-0.0826312,-0.0697786,0.0129214,9325.53,,,True,CG6-0313|2026-01-16|L3|S18,field,MATCHED,D1:wor:3-18,1.13696
CG6-0313,116,137,19,2026-01-16,13:05:24,9324.91,3,0.0152,0.002,10062.8,-5.5,-1,2.0086,-0.0821,0.0004,0.2672,-738.08,60,0,43.79,-79.5035,209.07,24.78,34.8585,231.3,11011,,2026-01-16 13:05:24,000000021010313,51,0.0001,-0.082013,-0.0709916,0.0111084,9324.92,,,True,CG6-0313|2026-01-16|L3|S19,field,MATCHED,D1:wor:3-19,4.60163
CG6-0313,117,138,19,2026-01-16,13:06:24,9324.87,3,0.0204,0.0026,10062.8,-6.6,1,2.0092,-0.082,0.0006,0.2672,-738.081,60,0,43.79,-79.5035,209.07,24.78,34.8585,231.3,11011,,2026-01-16 13:06:24,000000021010313,51,0,-0.0819067,-0.0711727,0.0108273,9324.88,,,True,CG6-0313|2026-01-16|L3|S19,field,MATCHED,D1:wor:3-19,4.60163
CG6-0313,118,139,20,2026-01-16,13:10:26,9324.04,3,0.052,0.0067,10061.9,0.3,4.2,2.0048,-0.0815,0.0002,0.2666,-738.082,60,0,43.79,-79.5035,209.07,24.7814,34.8571,233.1,11011,,2026-01-16 13:10:26,000000021010313,52,0.0001,-0.0814607,-0.0718596,0.00964042,9324.05,,STDDEV_GT_0.050;TWO_READINGS_DIFFER,True,CG6-0313|2026-01-16|L3|S20,field,MATCHED,D1:wor:3-20,5.0272
CG6-0313,119,140,20,2026-01-16,13:11:26,9324.09,3,0.0251,0.0032,10062,-1.2,5.6,2.0051,-0.0814,0.0004,0.2667,-738.082,60,0,43.79,-79.5035,209.07,24.7814,34.8571,233.1,11011,,2026-01-16 13:11:26,000000021010313,52,0.0001,-0.081346,-0.072019,0.00938102,9324.1,,TWO_READINGS_DIFFER,True,CG6-0313|2026-01-16|L3|S20,field,MATCHED,D1:wor:3-20,5.0272
CG6-0313,120,141,21,2026-01-16,13:15:12,9323.4,3,0.0126,0.0016,10061.3,5.8,8,2.0058,-0.081,0.0012,0.2667,-738.083,60,0,43.79,-79.5035,209.07,24.781,34.8555,234.4,11011,,2026-01-16 13:15:12,000000021010313,53,0.0001,-0.0809001,-0.0725786,0.00842142,9323.41,,,True,CG6-0313|2026-01-16|L3|S21,field,MATCHED,D1:wor:3-21,5.27785
CG6-0313,121,142,21,2026-01-16,13:16:12,9323.39,3,0.016,0.0021,10061.3,5.2,11.2,2.0054,-0.0809,0.0019,0.2666,-738.083,60,0,43.79,-79.5035,209.07,24.781,34.8555,234.5,11011,,2026-01-16 13:16:12,000000021010313,53,0.0001,-0.0807781,-0.0727168,0.00818321,9323.4,,,True,CG6-0313|2026-01-16|L3|S21,field,MATCHED,D1:wor:3-21,5.27785
CG6-0313,122,143,22,2026-01-16,13:20:07,9322.54,3,0.013,0.0017,10060.4,-9.2,-7.3,1.9998,-0.0804,0.0017,0.2661,-738.084,60,0,43.79,-79.5035,209.07,24.7808,34.8535,242.7,11011,,2026-01-16 13:20:07,000000021010313,54,-0.0001,-0.0802864,-0.0732132,0.00718678,9322.55,,,True,CG6-0313|2026-01-16|L3|S22,field,MATCHED,D1:wor:3-22,5.92889
CG6-0313,123,144,22,2026-01-16,13:21:07,9322.54,3,0.015,0.0019,10060.4,-13.1,-9.7,1.9991,-0.0802,0.0032,0.2658,-738.085,60,0,43.79,-79.5035,209.07,24.7808,34.8535,242.7,11011,,2026-01-16 13:21:07,000000021010313,54,-0.0001,-0.0801575,-0.073329,0.00687105,9322.55,,,True,CG6-0313|2026-01-16|L3|S22,field,MATCHED,D1:wor:3-22,5.92889
CG6-0313,124,145,23,2026-01-16,13:25:15,9322.1,3,0.0154,0.002,10060,-8,2.9,1.9978,-0.0797,0.0009,0.2657,-738.086,60,0,43.79,-79.5035,209.07,24.7819,34.852,241.5,11011,,2026-01-16 13:25:15,000000021010313,55,1.81899e-12,-0.0796106,-0.0737575,0.00594246,9322.11,,,True,CG6-0313|2026-01-16|L3|S23,field,MATCHED,D1:wor:3-23,6.14658
CG6-0313,125,146,23,2026-01-16,13:26:15,9322.11,3,0.0139,0.0018,10060,-7.1,4.5,1.9987,-0.0796,0.001,0.2658,-738.086,60,0,43.79,-79.5035,209.07,24.7819,34.852,241.5,11011,,2026-01-16 13:26:15,000000021010313,55,0,-0.0794751,-0.0738491,0.00575087,9322.12,,,True,CG6-0313|2026-01-16|L3|S23,field,MATCHED,D1:wor:3-23,6.14658
CG6-0313,126,147,24,2026-01-16,13:31:41,9321.51,3,0.0208,0.0027,10059.4,-0.7,-1.8,2.0005,-0.0788,0.0001,0.2661,-738.088,60,0,43.79,-79.5035,209.07,24.7823,34.8502,246.9,11011,,2026-01-16 13:31:41,000000021010313,56,-0.0001,-0.0787182,-0.0742624,0.00453757,9321.52,,,True,CG6-0313|2026-01-16|L3|S24,field,MATCHED,D1:wor:3-24,13.1167
CG6-0313,127,148,24,2026-01-16,13:32:41,9321.48,3,0.0188,0.0024,10059.4,-2.4,-2.5,2.0007,-0.0787,0.0002,0.2661,-738.088,60,0,43.79,-79.5035,209.07,24.7823,34.8502,246.9,11011,,2026-01-16 13:32:41,000000021010313,56,0,-0.0785753,-0.0743229,0.00437707,9321.49,,,True,CG6-0313|2026-01-16|L3|S24,field,MATCHED,D1:wor:3-24,13.1167
CG6-0313,128,149,25,2026-01-16,13:36:05,9320.69,3,0.0236,0.003,10058.6,0.1,0.2,1.9976,-0.0782,0,0.2657,-738.089,60,0,43.79,-79.5035,209.07,24.7822,34.8483,245.3,11011,,2026-01-16 13:36:05,000000021010313,57,0.0001,-0.0780819,-0.0744914,0.00370859,9320.7,,,True,CG6-0313|2026-01-16|L3|S25,field,MATCHED,D1:wor:3-25,8.3806
CG6-0313,129,150,25,2026-01-16,13:37:05,9320.7,3,0.014,0.0018,10058.6,-1.2,-0,1.9984,-0.078,0,0.2657,-738.089,60,0,43.79,-79.5035,209.07,24.7822,34.8483,245.3,11011,,2026-01-16 13:37:05,000000021010313,57,-1.81899e-12,-0.0779346,-0.0745302,0.00346984,9320.7,,,True,CG6-0313|2026-01-16|L3|S25,field,MATCHED,D1:wor:3-25,8.3806
CG6-0313,130,151,26,2026-01-16,13:44:09,9319.71,3,0.025,0.0032,10057.6,5.4,5,1.9992,-0.077,0.0007,0.2659,-738.091,60,0,43.79,-79.5035,209.07,24.7816,34.8464,272.8,11011,,2026-01-16 13:44:09,000000021010313,58,-1.81899e-12,-0.0768688,-0.0746601,0.00233988,9319.71,,,True,CG6-0313|2026-01-16|L3|S26,field,MATCHED,D1:wor:3-26,14.9538
CG6-0313,131,152,26,2026-01-16,13:45:09,9319.73,3,0.0285,0.0037,10057.6,4.2,5.2,1.9993,-0.0768,0.0005,0.2659,-738.091,60,0,43.79,-79.5035,209.07,24.7816,34.8464,272.8,11011,,2026-01-16 13:45:09,000000021010313,58,1.81899e-12,-0.0767148,-0.074658,0.00214201,9319.73,,,True,CG6-0313|2026-01-16|L3|S26,field,MATCHED,D1:wor:3-26,14.9538
CG6-0313,132,153,27,2026-01-16,13:48:29,9318.89,3,0.0213,0.0027,10056.8,-2.5,-0.5,2.0009,-0.0763,0.0001,0.266,-738.092,60,0,43.79,-79.5035,209.07,24.782,34.8447,275.3,11011,,2026-01-16 13:48:29,000000021010313,59,0.0001,-0.0761962,-0.0746138,0.00168622,9318.89,,,True,CG6-0313|2026-01-16|L3|S27,field,MATCHED,D1:wor:3-27,5.09516
CG6-0313,133,154,27,2026-01-16,13:49:29,9318.86,3,0.0213,0.0027,10056.8,-5.8,-0.4,2.0021,-0.0761,0.0006,0.2663,-738.092,60,0,43.79,-79.5035,209.07,24.782,34.8447,275.3,11011,,2026-01-16 13:49:29,000000021010313,59,-0.0002,-0.0760392,-0.0745892,0.00151077,9318.87,,,True,CG6-0313|2026-01-16|L3|S27,field,MATCHED,D1:wor:3-27,5.09516
CG6-0313,134,155,28,2026-01-16,13:52:27,9317.81,3,0.0178,0.0023,10055.7,7.2,-1.5,2.0011,-0.0757,0.0007,0.2663,-738.093,60,0,43.79,-79.5035,209.07,24.7824,34.8427,262.8,11011,,2026-01-16 13:52:27,000000021010313,60,0.0001,-0.0755698,-0.074486,0.00121399,9317.81,,,True,CG6-0313|2026-01-16|L3|S28,field,MATCHED,D1:wor:3-28,3.22933
CG6-0313,135,156,28,2026-01-16,13:53:27,9317.85,3,0.0228,0.0029,10055.7,9.7,-4.7,2.002,-0.0755,0.0012,0.2663,-738.094,60,0,43.79,-79.5035,209.07,24.7824,34.8427,262.8,11011,,2026-01-16 13:53:27,000000021010313,60,1.81899e-12,-0.0754105,-0.0744407,0.00105931,9317.85,,,True,CG6-0313|2026-01-16|L3|S28,field,MATCHED,D1:wor:3-28,3.22933
CG6-0313,136,157,29,2026-01-16,13:57:13,9317.11,3,0.0226,0.0029,10055,4,-8.9,2.0029,-0.0749,0.0012,0.2664,-738.095,60,0,43.79,-79.5035,209.07,24.7833,34.8411,271.7,11011,,2026-01-16 13:57:13,000000021010313,61,0.0001,-0.074806,-0.0742229,0.000677088,9317.11,,TWO_READINGS_DIFFER,True,CG6-0313|2026-01-16|L3|S29,field,MATCHED,D1:wor:3-29,2.35648
CG6-0313,137,158,29,2026-01-16,13:58:13,9317.04,3,0.0334,0.0043,10054.9,7.9,-12,2.0057,-0.0747,0.0022,0.2667,-738.095,60,0,43.79,-79.5035,209.07,24.7833,34.8411,271.7,11011,,2026-01-16 13:58:13,000000021010313,61,-1.81899e-12,-0.0746445,-0.0741523,0.00054766,9317.04,,TWO_READINGS_DIFFER,True,CG6-0313|2026-01-16|L3|S29,field,MATCHED,D1:wor:3-29,2.35648
CG6-0313,138,159,30,2026-01-16,14:01:51,9316.02,3,0.0171,0.0022,10053.9,-2.8,-0.2,2.0067,-0.0742,0.0001,0.2669,-738.096,60,0,43.79,-79.5035,209.07,24.7839,34.8393,278.6,11011,,2026-01-16 14:01:51,000000021010313,62,0.0001,-0.0740544,-0.0738515,0.000348451,9316.02,,,True,CG6-0313|2026-01-16|L3|S30,field,MATCHED,D1:wor:3-30,3.41072
CG6-0313,139,160,30,2026-01-16,14:02:51,9316.02,3,0.0232,0.003,10053.9,-1.8,-4.2,2.0071,-0.074,0.0003,0.2669,-738.096,60,0,43.79,-79.5035,209.07,24.7839,34.8393,278.5,11011,,2026-01-16 14:02:51,000000021010313,62,1.81899e-12,-0.0738912,-0.0737562,0.000243826,9316.02,,,True,CG6-0313|2026-01-16|L3|S30,field,MATCHED,D1:wor:3-30,3.41072
CG6-0313,140,161,31,2026-01-16,14:09:52,9314.16,3,0.0185,0.0024,10052.1,-0.5,-2,2.0064,-0.0728,0.0001,0.2669,-738.098,60,0,43.79,-79.5035,209.07,24.7852,34.8374,290.2,11011,,2026-01-16 14:09:52,000000021010313,63,-0.0001,-0.0727399,-0.0729357,-0.000135658,9314.16,,,True,CG6-0313|2026-01-16|L3|S31,field,MATCHED,D1:wor:3-31,5.49026
CG6-0313,141,162,31,2026-01-16,14:10:52,9314.15,3,0.0287,0.0037,10052.1,-1.2,-2,2.0072,-0.0727,0.0001,0.2671,-738.098,60,0,43.79,-79.5035,209.07,24.7852,34.8374,289.8,11011,,2026-01-16 14:10:52,000000021010313,63,3.63798e-12,-0.0725751,-0.0727968,-9.68443e-05,9314.15,,,True,CG6-0313|2026-01-16|L3|S31,field,MATCHED,D1:wor:3-31,5.49026
CG6-0313,142,163,100,2026-01-16,15:03:16,9344.56,0,0.0241,0.0031,10082.5,-1.4,-5.6,2.0206,-0.0645,0.0004,0.2688,-738.113,60,0,43.79,-79.5035,209.07,24.7868,34.9338,98.7,11011,,2026-01-16 15:03:16,000000021010313,64,0,-0.0643767,-0.0576664,0.00683358,9344.57,,,True,CG6-0313|2026-01-16|L0|S100,field_base_100,MATCHED,D1:wor:B100 16-01-2026,5.77625
CG6-0313,143,164,100,2026-01-16,15:04:16,9344.53,0,0.0252,0.0033,10082.4,-1.8,-5.6,2.0215,-0.0643,0.0005,0.2689,-738.113,60,0,43.79,-79.5035,209.07,24.7868,34.9338,98.7,11011,,2026-01-16 15:04:16,000000021010313,64,-0.0001,-0.0642388,-0.0572338,0.00706616,9344.54,,,True,CG6-0313|2026-01-16|L0|S100,field_base_100,MATCHED,D1:wor:B100 16-01-2026,5.77625
CG6-0313,144,165,100,2026-01-16,15:05:41,9344.53,0,0.0151,0.0019,10082.4,-1.3,-5.3,2.0218,-0.0641,0.0004,0.269,-738.114,60,0,43.79,-79.5035,209.07,24.7868,34.9338,98.7,11011,,2026-01-16 15:05:41,000000021010313,64,-1.81899e-12,-0.0640454,-0.056612,0.00748801,9344.54,,,True,CG6-0313|2026-01-16|L0|S100,field_base_100,MATCHED,D1:wor:B100 16-01-2026,5.77625
CG6-0313,145,166,100,2026-01-16,15:06:41,9344.52,0,0.0215,0.0028,10082.4,0.1,-6.4,2.0211,-0.064,0.0004,0.2689,-738.114,60,0,43.79,-79.5035,209.07,24.7868,34.9338,98.7,11011,,2026-01-16 15:06:41,000000021010313,64,-1.81899e-12,-0.0639101,-0.0561667,0.00783331,9344.53,,,True,CG6-0313|2026-01-16|L0|S100,field_base_100,MATCHED,D1:wor:B100 16-01-2026,5.77625
CG6-0313,146,167,0,2026-01-16,17:56:07,9409.72,0,0.0249,0.0032,10147.7,-7.8,0.5,2.0487,-0.0635,0.0007,0.2724,-738.161,60,0,43.79,-79.5035,209.07,25.0668,34.8777,29.5,11011,,2026-01-16 17:56:07,000000021010313,65,0.0001,-0.0635271,0.0712629,0.134763,9409.86,,,True,CG6-0313|2026-01-16|L0|S0,hotel_base_0,MATCHED,D1:wor:Base0,9.27477
CG6-0313,147,168,0,2026-01-16,17:57:07,9409.72,0,0.0158,0.002,10147.7,-6.7,2.4,2.0461,-0.0636,0.0007,0.2722,-738.161,60,0,43.79,-79.5035,209.07,25.0668,34.8777,29.5,11011,,2026-01-16 17:57:07,000000021010313,65,-0.0001,-0.0636525,0.0721248,0.135725,9409.85,,,True,CG6-0313|2026-01-16|L0|S0,hotel_base_0,MATCHED,D1:wor:Base0,9.27477
CG6-0313,148,169,0,2026-01-16,17:58:07,9409.73,0,0.0205,0.0026,10147.7,-6.9,3.1,2.0428,-0.0637,0.0006,0.2717,-738.161,60,0,43.79,-79.5035,209.07,25.0668,34.8777,29.5,11011,,2026-01-16 17:58:07,000000021010313,65,1.81899e-12,-0.0637788,0.0729852,0.136685,9409.87,,,True,CG6-0313|2026-01-16|L0|S0,hotel_base_0,MATCHED,D1:wor:Base0,9.27477
CG6-0313,149,170,0,2026-01-16,17:59:07,9409.72,0,0.0155,0.002,10147.7,-8.4,4.3,2.0382,-0.0639,0.0011,0.271,-738.161,60,0,43.79,-79.5035,209.07,25.0668,34.8777,29.4,11011,,2026-01-16 17:59:07,000000021010313,65,0,-0.063906,0.0738442,0.137744,9409.85,,,True,CG6-0313|2026-01-16|L0|S0,hotel_base_0,MATCHED,D1:wor:Base0,9.27477
CG6-0313,150,171,0,2026-01-17,06:40:17,9409.72,0,0.0196,0.0025,10147.7,1.3,1.4,2.007,0.103,0.0001,0.2669,-738.372,60,0,43.79,-79.5035,209.07,25.0667,34.8776,28.2,11011,,2026-01-17 06:40:17,000000021010313,66,1.81899e-12,0.102693,-0.0287301,-0.13173,9409.59,,,True,CG6-0313|2026-01-17|L0|S0,hotel_base_0,MATCHED,D2:wor:Base1,4.06655
CG6-0313,151,172,0,2026-01-17,06:41:17,9409.68,0,0.0125,0.0016,10147.7,0,2.1,2.0075,0.1024,0,0.267,-738.372,60,0,43.79,-79.5035,209.07,25.0668,34.8776,28.6,11011,,2026-01-17 06:41:17,000000021010313,66,0,0.102102,-0.0282335,-0.130634,9409.55,,,True,CG6-0313|2026-01-17|L0|S0,hotel_base_0,MATCHED,D2:wor:Base1,4.06655
CG6-0313,152,173,0,2026-01-17,06:42:17,9409.68,0,0.0186,0.0024,10147.7,1.5,3.1,2.0067,0.1018,0.0001,0.2668,-738.372,60,0,43.79,-79.5035,209.07,25.0668,34.8776,28.9,11011,,2026-01-17 06:42:17,000000021010313,66,-0.0001,0.101508,-0.0277376,-0.129538,9409.56,,,True,CG6-0313|2026-01-17|L0|S0,hotel_base_0,MATCHED,D2:wor:Base1,4.06655
CG6-0313,153,174,0,2026-01-17,06:43:17,9409.67,0,0.0119,0.0015,10147.7,1.4,3.6,2.0068,0.1012,0.0002,0.2669,-738.372,60,0,43.79,-79.5035,209.07,25.0668,34.8776,28.9,11011,,2026-01-17 06:43:17,000000021010313,66,0,0.10091,-0.0272423,-0.128442,9409.54,,,True,CG6-0313|2026-01-17|L0|S0,hotel_base_0,MATCHED,D2:wor:Base1,4.06655
CG6-0313,154,175,100,2026-01-17,09:07:21,9344.16,0,0.016,0.0021,10082.3,0.1,4.8,2.0509,-0.0036,0.0003,0.2728,-738.412,60,0,43.79,-79.5035,209.07,24.7868,34.9337,98.3,11011,,2026-01-17 09:07:21,000000021010313,67,0.0001,-0.00396625,0.0175955,0.0211955,9344.18,,,True,CG6-0313|2026-01-17|L0|S100,field_base_100,MATCHED,D2:wor:Base100,5.50182
CG6-0313,155,176,100,2026-01-17,09:08:21,9344.11,0,0.0198,0.0026,10082.3,-3,7.1,2.0493,-0.0044,0.0008,0.2724,-738.412,60,0,43.79,-79.5035,209.07,24.7868,34.9337,98.2,11011,,2026-01-17 09:08:21,000000021010313,67,0,-0.0046953,0.0176025,0.0220025,9344.13,,,True,CG6-0313|2026-01-17|L0|S100,field_base_100,MATCHED,D2:wor:Base100,5.50182
CG6-0313,156,177,100,2026-01-17,09:09:21,9344.15,0,0.0157,0.002,10082.3,-5.5,9.4,2.0473,-0.0051,0.0013,0.2722,-738.413,60,0,43.79,-79.5035,209.07,24.7868,34.9337,98.2,11011,,2026-01-17 09:09:21,000000021010313,67,0.0001,-0.00542263,0.0176046,0.0227046,9344.17,,,True,CG6-0313|2026-01-17|L0|S100,field_base_100,MATCHED,D2:wor:Base100,5.50182
CG6-0313,157,178,100,2026-01-17,09:10:21,9344.13,0,0.0134,0.0017,10082.3,-8.6,10.7,2.0461,-0.0058,0.0024,0.2721,-738.413,60,0,43.79,-79.5035,209.07,24.7868,34.9337,98.2,11011,,2026-01-17 09:10:21,000000021010313,67,-0.0001,-0.0061482,0.0176018,0.0234018,9344.16,,,True,CG6-0313|2026-01-17|L0|S100,field_base_100,MATCHED,D2:wor:Base100,5.50182
CG6-0313,158,179,32,2026-01-17,09:53:47,9315.26,3,0.0234,0.003,10053.5,8.5,-3.5,1.9956,-0.0352,0.001,0.2655,-738.425,60,0,43.79,-79.5035,209.07,24.7861,34.8354,278.6,11011,,2026-01-17 09:53:47,000000021010313,68,0,-0.0355232,0.012967,0.048167,9315.31,,,True,CG6-0313|2026-01-17|L3|S32,field,MATCHED,D2:wor:32,6.25245
CG6-0313,159,180,33,2026-01-17,10:08:31,9316.44,3,0.0199,0.0026,10054.6,-2.4,4.3,2.026,-0.044,0.0003,0.2695,-738.429,60,0,43.79,-79.5035,209.07,24.7875,34.8346,271.8,11011,,2026-01-17 10:08:31,000000021010313,69,0,-0.0443066,0.00943626,0.0534363,9316.5,,,True,CG6-0313|2026-01-17|L3|S33,field,MATCHED,D2:wor:33,4.30867
CG6-0313,160,181,34,2026-01-17,10:14:48,9317.44,3,0.0148,0.0019,10055.7,-5.4,-9.9,2.0297,-0.0476,0.0015,0.2699,-738.431,60,0,43.79,-79.5035,209.07,24.7892,34.8335,266.8,11011,,2026-01-17 10:14:48,000000021010313,70,0,-0.0478367,0.00765262,0.0552526,9317.5,,,True,CG6-0313|2026-01-17|L3|S34,field,MATCHED,D2:wor:34,10.8414
CG6-0313,161,182,35,2026-01-17,10:18:12,9318.5,3,0.0222,0.0029,10056.7,9.6,-4.8,2.0303,-0.0494,0.0014,0.27,-738.432,60,0,43.79,-79.5035,209.07,24.7908,34.8335,262.7,11011,,2026-01-17 10:18:12,000000021010313,71,-0.0002,-0.0496905,0.00661857,0.0560186,9318.56,,,True,CG6-0313|2026-01-17|L3|S35,field,MATCHED,D2:wor:35,7.61145
CG6-0313,162,183,36,2026-01-17,10:21:24,9319.62,3,0.0154,0.002,10057.8,-0.3,-7.8,2.0335,-0.0512,0.0007,0.2705,-738.433,60,0,43.79,-79.5035,209.07,24.7913,34.8351,262,11011,,2026-01-17 10:21:24,000000021010313,72,0.0001,-0.0513982,0.00560691,0.0568069,9319.68,,,True,CG6-0313|2026-01-17|L3|S36,field,MATCHED,D2:wor:36,5.82726
CG6-0313,163,184,37,2026-01-17,10:24:48,9320.14,3,0.0191,0.0025,10058.4,-4.4,-9.7,2.0358,-0.0529,0.0013,0.2707,-738.433,60,0,43.79,-79.5035,209.07,24.7919,34.836,251.6,11011,,2026-01-17 10:24:48,000000021010313,73,1.81899e-12,-0.0531727,0.00449097,0.057391,9320.2,,,True,CG6-0313|2026-01-17|L3|S37,field,MATCHED,D2:wor:37,8.67402
CG6-0313,164,185,38,2026-01-17,10:27:59,9321.7,3,0.014,0.0018,10059.9,8.9,-6.6,2.0384,-0.0546,0.0016,0.2712,-738.434,60,0,43.79,-79.5035,209.07,24.7918,34.8373,248.9,11011,,2026-01-17 10:27:59,000000021010313,74,0,-0.0547962,0.00340996,0.05801,9321.76,,,True,CG6-0313|2026-01-17|L3|S38,field,MATCHED,D2:wor:38,6.18939
CG6-0313,165,186,39,2026-01-17,10:31:05,9322.61,3,0.0154,0.002,10060.8,12.1,-8.5,2.045,-0.0561,0.0026,0.272,-738.435,60,0,43.79,-79.5035,209.07,24.7931,34.8382,246.9,11011,,2026-01-17 10:31:05,000000021010313,75,-1.81899e-12,-0.0563416,0.00231734,0.0584173,9322.67,,,True,CG6-0313|2026-01-17|L3|S39,field,MATCHED,D2:wor:39,8.72935
CG6-0313,166,187,40,2026-01-17,10:35:20,9323.26,3,0.0203,0.0026,10061.5,1.8,-14.4,2.052,-0.0582,0.0025,0.2729,-738.436,60,0,43.79,-79.5035,209.07,24.7942,34.8383,239.9,11011,,2026-01-17 10:35:20,000000021010313,76,0,-0.0584023,0.000770416,0.0589704,9323.32,,,True,CG6-0313|2026-01-17|L3|S40,field,MATCHED,D2:wor:40,9.12545
CG6-0313,167,188,41,2026-01-17,10:38:23,9324.06,3,0.0154,0.002,10062.3,6.1,-16.7,2.0535,-0.0596,0.0037,0.2731,-738.437,60,0,43.79,-79.5035,209.07,24.7955,34.8384,234.2,11011,,2026-01-17 10:38:23,000000021010313,77,0,-0.0598393,-0.000378492,0.0592215,9324.12,,,True,CG6-0313|2026-01-17|L3|S41,field,MATCHED,D2:wor:41,7.68171
CG6-0313,168,189,42,2026-01-17,10:41:40,9325.23,3,0.0409,0.0053,10063.4,0,-10.3,2.0557,-0.0611,0.0013,0.2734,-738.438,60,0,43.79,-79.5035,209.07,24.797,34.8372,225.2,11011,,2026-01-17 10:41:40,000000021010313,78,1.81899e-12,-0.0613467,-0.00164695,0.0594531,9325.28,,,True,CG6-0313|2026-01-17|L3|S42,field,MATCHED,D2:wor:42,4.46286
CG6-0313,169,190,100,2026-01-17,11:15:27,9344.07,0,0.0141,0.0018,10082.3,-2,-2.2,2.0068,-0.0743,0.0002,0.267,-738.447,60,0,43.79,-79.5035,209.07,24.7868,34.9338,100.4,11011,,2026-01-17 11:15:27,000000021010313,79,-0.0001,-0.0743999,-0.016492,0.057808,9344.13,,,True,CG6-0313|2026-01-17|L0|S100,field_base_100,MATCHED,D2:wor:Base100,4.18914
CG6-0313,170,191,100,2026-01-17,11:16:27,9344.07,0,0.0112,0.0014,10082.3,-4.8,-7.7,2.0085,-0.0746,0.0009,0.2671,-738.448,60,0,43.79,-79.5035,209.07,24.7868,34.9338,100.4,11011,,2026-01-17 11:16:27,000000021010313,79,0.0001,-0.0747167,-0.0169655,0.0576345,9344.12,,,True,CG6-0313|2026-01-17|L0|S100,field_base_100,MATCHED,D2:wor:Base100,4.18914
CG6-0313,171,192,100,2026-01-17,11:17:27,9344.09,0,0.0138,0.0018,10082.3,-7.9,-10,2.0111,-0.0749,0.0021,0.2673,-738.448,60,0,43.79,-79.5035,209.07,24.7868,34.9338,100.3,11011,,2026-01-17 11:17:27,000000021010313,79,0,-0.0750294,-0.0174406,0.0574594,9344.14,,,True,CG6-0313|2026-01-17|L0|S100,field_base_100,MATCHED,D2:wor:Base100,4.18914
CG6-0313,172,193,100,2026-01-17,11:18:27,9344.05,0,0.0129,0.0017,10082.3,-6.9,-12.4,2.0127,-0.0752,0.0024,0.2677,-738.448,60,0,43.79,-79.5035,209.07,24.7868,34.9338,98.9,11011,,2026-01-17 11:18:27,000000021010313,79,-1.81899e-12,-0.0753381,-0.0179172,0.0572828,9344.11,,,True,CG6-0313|2026-01-17|L0|S100,field_base_100,MATCHED,D2:wor:Base100,4.18914
CG6-0313,173,194,1,2026-01-17,11:50:09,9330.45,4,0.0162,0.0021,10068.7,5.9,1.8,2.0403,-0.083,0.0005,0.2714,-738.457,60,0,43.79,-79.5035,209.07,24.7745,34.8764,209.1,11011,,2026-01-17 11:50:09,000000021010313,80,0,-0.0830362,-0.0334371,0.0495629,9330.5,,,True,CG6-0313|2026-01-17|L4|S1,field,MATCHED,D2:wor:1,5.36069
CG6-0313,174,195,2,2026-01-17,11:54:49,9330.08,4,0.0133,0.0017,10068.4,4.9,7.1,2.0455,-0.0838,0.0009,0.272,-738.458,60,0,43.79,-79.5035,209.07,24.7735,34.8743,202.1,11011,,2026-01-17 11:54:49,000000021010313,81,0,-0.0838324,-0.0357797,0.0480203,9330.13,,,True,CG6-0313|2026-01-17|L4|S2,field,MATCHED,D2:wor:2,3.91456
CG6-0313,175,196,3,2026-01-17,11:58:53,9329.43,4,0.0376,0.0049,10067.7,5.1,-0.1,2.0376,-0.0844,0.0004,0.2711,-738.46,60,0,43.79,-79.5035,209.07,24.7741,34.8726,201,11011,,2026-01-17 11:58:53,000000021010313,82,-0.0001,-0.0844574,-0.0378227,0.0465773,9329.47,,,True,CG6-0313|2026-01-17|L4|S3,field,MATCHED,D2:wor:3,13.9258
CG6-0313,176,197,4,2026-01-17,12:02:31,9328.91,4,0.0268,0.0035,10067.2,-5.4,1.4,2.0345,-0.0849,0.0004,0.2706,-738.461,60,0,43.79,-79.5035,209.07,24.7742,34.8709,214.3,11011,,2026-01-17 12:02:31,000000021010313,83,-0.0001,-0.0849622,-0.0396416,0.0452584,9328.95,,,True,CG6-0313|2026-01-17|L4|S4,field,MATCHED,D2:wor:4,2.60639
CG6-0313,177,198,5,2026-01-17,12:06:47,9328.24,4,0.0207,0.0027,10066.5,4.5,-6.9,2.0256,-0.0855,0.0008,0.2694,-738.462,60,0,43.79,-79.5035,209.07,24.7723,34.8676,208.9,11011,,2026-01-17 12:06:47,000000021010313,84,0.0001,-0.0854911,-0.041761,0.043739,9328.28,,,True,CG6-0313|2026-01-17|L4|S5,field,MATCHED,D2:wor:5,6.60376
CG6-0313,178,199,6,2026-01-17,12:09:59,9327.98,4,0.0241,0.0031,10066.3,3,-11,2.0231,-0.0858,0.0016,0.2691,-738.463,60,0,43.79,-79.5035,209.07,24.7722,34.8657,223.6,11011,,2026-01-17 12:09:59,000000021010313,85,-0.0001,-0.085843,-0.0433462,0.0424538,9328.02,,,True,CG6-0313|2026-01-17|L4|S6,field,MATCHED,D2:wor:6,7.75273
CG6-0313,179,200,7,2026-01-17,12:13:22,9327.69,4,0.0203,0.0026,10066,4.5,-3.7,2.0189,-0.0861,0.0005,0.2685,-738.463,60,0,43.79,-79.5035,209.07,24.771,34.8646,223.1,11011,,2026-01-17 12:13:22,000000021010313,86,0,-0.086174,-0.0450115,0.0410885,9327.73,,,True,CG6-0313|2026-01-17|L4|S7,field,MATCHED,D2:wor:7,3.69071
CG6-0313,180,201,8,2026-01-17,12:16:54,9327.04,4,0.0194,0.0025,10065.3,-0.5,-4.9,2.0176,-0.0865,0.0003,0.2684,-738.465,60,0,43.79,-79.5035,209.07,24.7693,34.864,234,11011,,2026-01-17 12:16:54,000000021010313,87,-1.81899e-12,-0.086475,-0.0467377,0.0397623,9327.08,,,True,CG6-0313|2026-01-17|L4|S8,field,MATCHED,D2:wor:8,9.14863
CG6-0313,181,202,9,2026-01-17,12:20:34,9326.27,4,0.0174,0.0022,10064.6,4.8,0.4,2.0243,-0.0867,0.0003,0.2693,-738.466,60,0,43.79,-79.5035,209.07,24.7676,34.8633,225,11011,,2026-01-17 12:20:34,000000021010313,88,-0.0001,-0.0867398,-0.048513,0.038187,9326.31,,,True,CG6-0313|2026-01-17|L4|S9,field,MATCHED,D2:wor:9,4.69535
CG6-0313,182,203,10,2026-01-17,12:24:02,9325.42,4,0.0181,0.0023,10063.7,-8.2,-9.2,2.023,-0.0869,0.0018,0.2692,-738.466,60,0,43.79,-79.5035,209.07,24.7663,34.8625,220,11011,,2026-01-17 12:24:02,000000021010313,89,0,-0.0869464,-0.0501746,0.0367254,9325.46,,,True,CG6-0313|2026-01-17|L4|S10,field,MATCHED,D2:wor:10,9.5439
CG6-0313,183,204,11,2026-01-17,12:27:36,9324.52,4,0.0394,0.0051,10062.8,-4.8,-2.3,2.0163,-0.0871,0.0004,0.2682,-738.467,60,0,43.79,-79.5035,209.07,24.7647,34.8635,227,11011,,2026-01-17 12:27:36,000000021010313,90,-0.0001,-0.0871152,-0.051867,0.035233,9324.55,,,True,CG6-0313|2026-01-17|L4|S11,field,MATCHED,D2:wor:11,14.5
CG6-0313,184,205,12,2026-01-17,12:31:22,9323.93,4,0.0148,0.0019,10062.2,9.7,-3.1,2.0173,-0.0873,0.0012,0.2683,-738.468,60,0,43.79,-79.5035,209.07,24.7633,34.8632,212.3,11011,,2026-01-17 12:31:22,000000021010313,91,0.0001,-0.0872462,-0.053628,0.033672,9323.97,,,True,CG6-0313|2026-01-17|L4|S12,field,MATCHED,D2:wor:12,9.73224
CG6-0313,185,206,13,2026-01-17,12:35:13,9323.68,4,0.0236,0.003,10062,-2.3,-5.2,2.0195,-0.0873,0.0004,0.2686,-738.47,60,0,43.79,-79.5035,209.07,24.7642,34.8617,223.8,11011,,2026-01-17 12:35:13,000000021010313,92,-0.0001,-0.0873309,-0.0554022,0.0318978,9323.71,,,True,CG6-0313|2026-01-17|L4|S13,field,MATCHED,D2:wor:13,14.1825
CG6-0313,186,207,14,2026-01-17,12:38:35,9322.54,4,0.0212,0.0027,10060.8,-2.3,-9.5,2.0222,-0.0874,0.0011,0.2689,-738.471,60,0,43.79,-79.5035,209.07,24.7626,34.8606,244.3,11011,,2026-01-17 12:38:35,000000021010313,93,0.0002,-0.087365,-0.0569236,0.0304764,9322.57,,,True,CG6-0313|2026-01-17|L4|S14,field,MATCHED,D2:wor:14,9.0018
CG6-0313,187,208,15,2026-01-17,12:42:05,9321.53,4,0.0206,0.0027,10059.8,4.9,-2.3,2.0215,-0.0874,0.0004,0.2688,-738.471,60,0,43.79,-79.5035,209.07,24.7614,34.8592,242.5,11011,,2026-01-17 12:42:05,000000021010313,94,0,-0.0873618,-0.0584784,0.0289216,9321.56,,,True,CG6-0313|2026-01-17|L4|S15,field,MATCHED,D2:wor:15,9.3817
CG6-0313,188,209,16,2026-01-17,12:45:44,9321.1,4,0.0145,0.0019,10059.4,-1.2,-11.1,2.0159,-0.0873,0.0015,0.2681,-738.472,60,0,43.79,-79.5035,209.07,24.7624,34.858,240.1,11011,,2026-01-17 12:45:44,000000021010313,95,0,-0.0873174,-0.0600724,0.0272276,9321.13,,,True,CG6-0313|2026-01-17|L4|S16,field,MATCHED,D2:wor:16,11.9631
CG6-0313,189,210,17,2026-01-17,12:50:50,9320.96,4,0.0208,0.0027,10059.2,7.4,-3.8,2.0075,-0.0872,0.0009,0.267,-738.474,60,0,43.79,-79.5035,209.07,24.7641,34.8572,243.4,11011,,2026-01-17 12:50:50,000000021010313,96,-0.0001,-0.087187,-0.0622421,0.0249579,9320.98,,,True,CG6-0313|2026-01-17|L4|S17,field,MATCHED,D2:wor:17,12.4014
CG6-0313,190,211,18,2026-01-17,12:54:23,9320.62,4,0.03,0.0039,10058.9,-6.3,-9.1,2.009,-0.0871,0.0015,0.2672,-738.475,60,0,43.79,-79.5035,209.07,24.7653,34.8556,246.1,11011,,2026-01-17 12:54:23,000000021010313,97,-0.0001,-0.0870505,-0.0637072,0.0233928,9320.64,,,True,CG6-0313|2026-01-17|L4|S18,field,MATCHED,D2:wor:18,11.8104
CG6-0313,191,212,19,2026-01-17,13:04:38,9320.07,4,0.0226,0.0029,10058.4,8.7,-8.6,1.9992,-0.0865,0.0018,0.266,-738.478,60,0,43.79,-79.5035,209.07,24.7654,34.8538,257.3,11011,,2026-01-17 13:04:38,000000021010313,98,-1.81899e-12,-0.0864563,-0.0677167,0.0187833,9320.09,,,True,CG6-0313|2026-01-17|L4|S19,field,MATCHED,D2:wor:19,11.5513
CG6-0313,192,213,20,2026-01-17,13:09:41,9319.03,4,0.016,0.0021,10057.3,2.3,-5.8,2.0049,-0.0861,0.0005,0.2666,-738.479,60,0,43.79,-79.5035,209.07,24.7645,34.8523,267.5,11011,,2026-01-17 13:09:41,000000021010313,99,0,-0.0860598,-0.0695591,0.0165409,9319.04,,,True,CG6-0313|2026-01-17|L4|S20,field,MATCHED,D2:wor:20,9.47343
CG6-0313,193,214,21,2026-01-17,13:13:29,9317.9,4,0.0142,0.0018,10056.2,-2.1,-11.6,2.0069,-0.0858,0.0017,0.2671,-738.48,60,0,43.79,-79.5035,209.07,24.7627,34.8518,268.7,11011,,2026-01-17 13:13:29,000000021010313,100,-0.0001,-0.085719,-0.070884,0.014916,9317.92,,,True,CG6-0313|2026-01-17|L4|S21,field,MATCHED,D2:wor:21,8.76288
CG6-0313,194,215,22,2026-01-17,13:16:43,9317.05,4,0.0242,0.0031,10055.3,-0.2,-3.4,2.0072,-0.0855,0.0002,0.267,-738.481,60,0,43.79,-79.5035,209.07,24.761,34.8519,261.9,11011,,2026-01-17 13:16:43,000000021010313,101,-1.81899e-12,-0.0854014,-0.0719684,0.0135316,9317.06,,,True,CG6-0313|2026-01-17|L4|S22,field,MATCHED,D2:wor:22,7.64159
CG6-0313,195,216,23,2026-01-17,13:20:09,9316.08,4,0.0118,0.0015,10054.4,10.3,-4.7,2.0086,-0.0851,0.0015,0.2671,-738.482,60,0,43.79,-79.5035,209.07,24.76,34.851,261.6,11011,,2026-01-17 13:20:09,000000021010313,102,-0.0001,-0.0850374,-0.0730744,0.0120256,9316.09,,,True,CG6-0313|2026-01-17|L4|S23,field,MATCHED,D2:wor:23,3.44165
CG6-0313,196,217,24,2026-01-17,13:23:34,9315.63,4,0.0151,0.002,10053.9,7.8,-10.6,2.0086,-0.0847,0.0021,0.267,-738.483,60,0,43.79,-79.5035,209.07,24.7606,34.8492,265.8,11011,,2026-01-17 13:23:34,000000021010313,103,1.81899e-12,-0.0846488,-0.0741277,0.0105723,9315.65,,,True,CG6-0313|2026-01-17|L4|S24,field,MATCHED,D2:wor:24,5.86192
CG6-0313,197,218,25,2026-01-17,13:28:42,9315,4,0.0211,0.0027,10053.3,-1.3,-3.6,2.0079,-0.0841,0.0002,0.2671,-738.484,60,0,43.79,-79.5035,209.07,24.761,34.8475,265.6,11011,,2026-01-17 13:28:42,000000021010313,104,0,-0.084018,-0.0756178,0.00848224,9315,,,True,CG6-0313|2026-01-17|L4|S25,field,MATCHED,D2:wor:25,11.0127
CG6-0313,198,219,26,2026-01-17,13:33:19,9313.91,4,0.0157,0.002,10052.2,3.7,2,2.0099,-0.0835,0.0002,0.2674,-738.486,60,0,43.79,-79.5035,209.07,24.7595,34.8468,281.1,11011,,2026-01-17 13:33:19,000000021010313,105,0.0001,-0.0834051,-0.0768582,0.00664177,9313.92,,,True,CG6-0313|2026-01-17|L4|S26,field,MATCHED,D2:wor:26,4.86846
CG6-0313,199,220,27,2026-01-17,13:37:06,9313.1,4,0.0201,0.0026,10051.4,4.3,-4.3,2.0113,-0.083,0.0005,0.2675,-738.487,60,0,43.79,-79.5035,209.07,24.7594,34.8449,282,11011,,2026-01-17 13:37:06,000000021010313,106,0,-0.0828726,-0.0778018,0.00519817,9313.11,,,True,CG6-0313|2026-01-17|L4|S27,field,MATCHED,D2:wor:27,4.0283
CG6-0313,200,221,28,2026-01-17,13:40:22,9312.44,4,0.012,0.0015,10050.7,3.5,-8.9,2.009,-0.0825,0.0012,0.2674,-738.487,60,0,43.79,-79.5035,209.07,24.76,34.843,286.1,11011,,2026-01-17 13:40:22,000000021010313,107,-1.81899e-12,-0.0823922,-0.0785628,0.00393719,9312.45,,,True,CG6-0313|2026-01-17|L4|S28,field,MATCHED,D2:wor:28,5.91731
CG6-0313,201,222,29,2026-01-17,13:44:36,9311.78,4,0.0169,0.0022,10050.1,0.1,-3.3,2.0083,-0.0818,0.0002,0.2672,-738.489,60,0,43.79,-79.5035,209.07,24.7606,34.8412,278.2,11011,,2026-01-17 13:44:36,000000021010313,108,-0.0001,-0.0817428,-0.079473,0.00232703,9311.78,,,True,CG6-0313|2026-01-17|L4|S29,field,MATCHED,D2:wor:29,3.47826
CG6-0313,202,223,30,2026-01-17,13:48:31,9311.11,4,0.0148,0.0019,10049.4,13.1,-4.5,2.0036,-0.0812,0.0022,0.2664,-738.49,60,0,43.79,-79.5035,209.07,24.7608,34.8391,261.5,11011,,2026-01-17 13:48:31,000000021010313,109,0.0001,-0.0811167,-0.0802357,0.000964283,9311.11,,,True,CG6-0313|2026-01-17|L4|S30,field,MATCHED,D2:wor:30,4.86118
CG6-0313,203,224,100,2026-01-17,14:45:23,9344.25,0,0.0184,0.0024,10082.6,-0.7,-4.7,1.9894,-0.0705,0.0003,0.2646,-738.505,60,0,43.79,-79.5035,209.07,24.7868,34.9338,103,11011,,2026-01-17 14:45:23,000000021010313,110,0.0001,-0.070368,-0.0817391,-0.0112391,9344.23,,,True,CG6-0313|2026-01-17|L0|S100,field_base_100,MATCHED,D2:wor:Base100,9.59907
CG6-0313,204,225,100,2026-01-17,14:46:23,9344.26,0,0.0273,0.0035,10082.6,1.2,-6.4,1.9908,-0.0703,0.0006,0.2648,-738.506,60,0,43.79,-79.5035,209.07,24.7868,34.9338,103,11011,,2026-01-17 14:46:23,000000021010313,110,-0.0001,-0.0701683,-0.081593,-0.011293,9344.24,,,True,CG6-0313|2026-01-17|L0|S100,field_base_100,MATCHED,D2:wor:Base100,9.59907
CG6-0313,205,226,100,2026-01-17,14:47:23,9344.26,0,0.0207,0.0027,10082.6,0.9,-8.9,1.9919,-0.0701,0.001,0.2649,-738.506,60,0,43.79,-79.5035,209.07,24.7868,34.9338,103,11011,,2026-01-17 14:47:23,000000021010313,110,-0.0001,-0.0699687,-0.0814407,-0.0113407,9344.24,,,True,CG6-0313|2026-01-17|L0|S100,field_base_100,MATCHED,D2:wor:Base100,9.59907
CG6-0313,206,227,100,2026-01-17,14:48:23,9344.24,0,0.0125,0.0016,10082.5,1.5,-9.7,1.9917,-0.0699,0.0011,0.2648,-738.506,60,0,43.79,-79.5035,209.07,24.7868,34.9338,103,11011,,2026-01-17 14:48:23,000000021010313,110,0,-0.0697693,-0.0812822,-0.0113822,9344.23,,,True,CG6-0313|2026-01-17|L0|S100,field_base_100,MATCHED,D2:wor:Base100,9.59907
CG6-0313,207,228,0,2026-01-17,16:04:48,9409.38,0,0.0225,0.0029,10147.7,-2.5,-2.7,2.0094,-0.0571,0.0002,0.2672,-738.527,60,0,43.79,-79.5035,209.07,25.0669,34.8777,21.8,11011,,2026-01-17 16:04:48,000000021010313,111,0,-0.0570289,-0.0509958,0.00610421,9409.39,,,True,CG6-0313|2026-01-17|L0|S0,hotel_base_0,MATCHED,D2:wor:Base1,16.8046
CG6-0313,208,229,0,2026-01-17,16:05:48,9409.4,0,0.0159,0.0021,10147.7,-1.3,-4.8,2.0128,-0.057,0.0003,0.2678,-738.528,60,0,43.79,-79.5035,209.07,25.0669,34.8777,21.8,11011,,2026-01-17 16:05:48,000000021010313,111,3.63798e-12,-0.0569162,-0.0503767,0.00662333,9409.41,,,True,CG6-0313|2026-01-17|L0|S0,hotel_base_0,MATCHED,D2:wor:Base1,16.8046
CG6-0313,209,230,0,2026-01-17,16:06:48,9409.42,0,0.0301,0.0039,10147.7,-2.5,-5.9,2.0147,-0.0569,0.0006,0.268,-738.528,60,0,43.79,-79.5035,209.07,25.0669,34.8777,21.8,11011,,2026-01-17 16:06:48,000000021010313,111,0,-0.0568054,-0.0497523,0.0071477,9409.43,,,True,CG6-0313|2026-01-17|L0|S0,hotel_base_0,MATCHED,D2:wor:Base1,16.8046
CG6-0313,210,231,0,2026-01-17,16:07:48,9409.41,0,0.024,0.0031,10147.7,-3.4,-7.8,2.0165,-0.0568,0.001,0.2682,-738.528,60,0,43.79,-79.5035,209.07,25.0669,34.8777,21.8,11011,,2026-01-17 16:07:48,000000021010313,111,0,-0.0566965,-0.0491227,0.0076773,9409.42,,,True,CG6-0313|2026-01-17|L0|S0,hotel_base_0,MATCHED,D2:wor:Base1,16.8046
CG6-0313,211,232,0,2026-01-18,03:55:36,9409.39,0,0.0149,0.0019,10147.7,6.6,3.7,1.9959,0.1274,0.0007,0.2654,-738.724,60,0,43.79,-79.5035,209.07,25.0668,34.8776,29.8,11011,,2026-01-18 03:55:36,000000021010313,112,-1.81899e-12,0.127578,-0.0859791,-0.213379,9409.18,,,True,CG6-0313|2026-01-18|L0|S0,hotel_base_0,MATCHED,D3:wor:Base0,7.18673
CG6-0313,212,233,0,2026-01-18,03:56:36,9409.39,0,0.0171,0.0022,10147.7,7.6,2.6,1.9991,0.1278,0.0007,0.266,-738.724,60,0,43.79,-79.5035,209.07,25.0668,34.8776,29.8,11011,,2026-01-18 03:56:36,000000021010313,112,1.81899e-12,0.127985,-0.0861517,-0.213952,9409.18,,,True,CG6-0313|2026-01-18|L0|S0,hotel_base_0,MATCHED,D3:wor:Base0,7.18673
CG6-0313,213,234,0,2026-01-18,03:57:36,9409.38,0,0.0141,0.0018,10147.7,7.8,1.1,1.9998,0.1282,0.0007,0.2661,-738.724,60,0,43.79,-79.5035,209.07,25.0668,34.8776,29.8,11011,,2026-01-18 03:57:36,000000021010313,112,0,0.128387,-0.0863177,-0.214518,9409.16,,,True,CG6-0313|2026-01-18|L0|S0,hotel_base_0,MATCHED,D3:wor:Base0,7.18673
CG6-0313,214,235,0,2026-01-18,03:58:36,9409.42,0,0.0273,0.0035,10147.7,8.3,0.7,2.0001,0.1286,0.0009,0.266,-738.724,60,0,43.79,-79.5035,209.07,25.0668,34.8776,29.7,11011,,2026-01-18 03:58:36,000000021010313,112,1.81899e-12,0.128784,-0.0864771,-0.215077,9409.2,,,True,CG6-0313|2026-01-18|L0|S0,hotel_base_0,MATCHED,D3:wor:Base0,7.18673
CG6-0313,215,236,100,2026-01-18,06:12:23,9343.99,0,0.0153,0.002,10082.3,-4.4,12.4,2.0535,0.1326,0.0021,0.2732,-738.761,60,0,43.79,-79.5035,209.07,24.7868,34.9337,79,11011,,2026-01-18 06:12:23,000000021010313,113,0,0.132436,-0.0556397,-0.18824,9343.81,,,True,CG6-0313|2026-01-18|L0|S100,field_base_100,MATCHED,D3:wor:Base100,7.10457
CG6-0313,216,237,100,2026-01-18,06:13:23,9343.99,0,0.0129,0.0017,10082.3,-7.8,17.7,2.0488,0.1323,0.0042,0.2725,-738.762,60,0,43.79,-79.5035,209.07,24.7868,34.9337,79.1,11011,,2026-01-18 06:13:23,000000021010313,113,-0.0001,0.132087,-0.0551219,-0.187422,9343.8,,,True,CG6-0313|2026-01-18|L0|S100,field_base_100,MATCHED,D3:wor:Base100,7.10457
CG6-0313,217,238,100,2026-01-18,06:14:23,9343.99,0,0.0117,0.0015,10082.3,-11.1,20.6,2.0447,0.1319,0.0065,0.2719,-738.762,60,0,43.79,-79.5035,209.07,24.7868,34.9337,79.1,11011,,2026-01-18 06:14:23,000000021010313,113,0,0.131732,-0.0546018,-0.186502,9343.8,,TILT_GT_20,True,CG6-0313|2026-01-18|L0|S100,field_base_100,MATCHED,D3:wor:Base100,7.10457
CG6-0313,218,239,100,2026-01-18,06:15:23,9343.98,0,0.0128,0.0017,10082.3,-11.2,22.3,2.0399,0.1316,0.0072,0.2713,-738.762,60,0,43.79,-79.5035,209.07,24.7868,34.9337,79.2,11011,,2026-01-18 06:15:23,000000021010313,113,-1.81899e-12,0.131373,-0.0540796,-0.18568,9343.79,,TILT_GT_20,True,CG6-0313|2026-01-18|L0|S100,field_base_100,MATCHED,D3:wor:Base100,7.10457
CG6-0313,219,240,31,2026-01-18,07:06:37,9309.98,4,0.012,0.0016,10048.4,13.3,9.2,2.0387,0.1068,0.0031,0.2712,-738.776,60,0,43.79,-79.5035,209.07,24.7605,34.8371,294.9,11011,,2026-01-18 07:06:37,000000021010313,114,1.81899e-12,0.106538,-0.0257408,-0.132541,9309.85,,,True,CG6-0313|2026-01-18|L4|S31,field,MATCHED,D3:wor:31,4.53134
CG6-0313,220,241,32,2026-01-18,07:20:55,9309.33,4,0.0208,0.0027,10047.7,4.7,-11.3,2.0108,0.098,0.0018,0.2674,-738.78,60,0,43.79,-79.5035,209.07,24.7612,34.8352,280,11011,,2026-01-18 07:20:55,000000021010313,115,-0.0001,0.097639,-0.0177365,-0.115736,9309.21,,,True,CG6-0313|2026-01-18|L4|S32,field,MATCHED,D3:wor:32,3.88518
CG6-0313,221,242,33,2026-01-18,07:24:31,9308.9,4,0.0186,0.0024,10047.3,12.6,-4.7,2.0135,0.0956,0.0021,0.2678,-738.781,60,0,43.79,-79.5035,209.07,24.7602,34.8346,291.6,11011,,2026-01-18 07:24:31,000000021010313,116,0.0001,0.0952863,-0.015753,-0.111353,9308.78,,,True,CG6-0313|2026-01-18|L4|S33,field,MATCHED,D3:wor:33,0.984179
CG6-0313,222,243,34,2026-01-18,07:28:33,9307.93,4,0.0127,0.0016,10046.4,8.3,4.5,2.0153,0.0929,0.0011,0.268,-738.782,60,0,43.79,-79.5035,209.07,24.7597,34.8336,301.3,11011,,2026-01-18 07:28:33,000000021010313,117,0,0.0926003,-0.0135561,-0.106456,9307.83,,,True,CG6-0313|2026-01-18|L4|S34,field,MATCHED,D3:wor:34,2.37605
CG6-0313,223,244,35,2026-01-18,07:33:34,9307.12,4,0.0202,0.0026,10045.5,-3.1,-9.5,2.0171,0.0895,0.0012,0.2684,-738.784,60,0,43.79,-79.5035,209.07,24.7606,34.8319,312,11011,,2026-01-18 07:33:34,000000021010313,118,-1.81899e-12,0.0891894,-0.0108674,-0.100367,9307.02,,,True,CG6-0313|2026-01-18|L4|S35,field,MATCHED,D3:wor:35,6.89128
CG6-0313,224,245,36,2026-01-18,07:37:51,9306.57,4,0.0135,0.0017,10045,-0.5,-10.1,2.0181,0.0866,0.0012,0.2684,-738.785,60,0,43.79,-79.5035,209.07,24.7597,34.8304,303.8,11011,,2026-01-18 07:37:51,000000021010313,119,0.0001,0.0862186,-0.00860367,-0.0952037,9306.47,,,True,CG6-0313|2026-01-18|L4|S36,field,MATCHED,D3:wor:36,2.36942
CG6-0313,225,246,37,2026-01-18,07:42:02,9305.72,4,0.0241,0.0031,10044.2,1.5,2.1,2.016,0.0836,0.0001,0.2681,-738.786,60,0,43.79,-79.5035,209.07,24.7584,34.8292,297.4,11011,,2026-01-18 07:42:02,000000021010313,120,0.0001,0.0832681,-0.00642814,-0.0900281,9305.63,,,True,CG6-0313|2026-01-18|L4|S37,field,MATCHED,D3:wor:37,2.9392
CG6-0313,226,247,38,2026-01-18,07:46:24,9305.2,4,0.0171,0.0022,10043.6,-1.4,-9.9,2.0176,0.0805,0.0012,0.2683,-738.787,60,0,43.79,-79.5035,209.07,24.7591,34.8277,309.5,11011,,2026-01-18 07:46:24,000000021010313,121,0,0.0801395,-0.00420793,-0.0847079,9305.12,,,True,CG6-0313|2026-01-18|L4|S38,field,MATCHED,D3:wor:38,5.08467
CG6-0313,227,248,39,2026-01-18,07:49:54,9304.76,4,0.0185,0.0024,10043.2,10.6,-5.9,2.019,0.0779,0.0017,0.2685,-738.788,60,0,43.79,-79.5035,209.07,24.7606,34.8269,320.8,11011,,2026-01-18 07:49:54,000000021010313,122,0.0002,0.077598,-0.00246593,-0.0803659,9304.68,,,True,CG6-0313|2026-01-18|L4|S39,field,MATCHED,D3:wor:39,5.3184
CG6-0313,228,249,40,2026-01-18,07:53:37,9303.92,4,0.0129,0.0017,10042.4,-2.7,3.3,2.025,0.0752,0.0003,0.2693,-738.789,60,0,43.79,-79.5035,209.07,24.76,34.826,317.9,11011,,2026-01-18 07:53:37,000000021010313,123,1.81899e-12,0.0748682,-0.000643618,-0.0758436,9303.85,,,True,CG6-0313|2026-01-18|L4|S40,field,MATCHED,D3:wor:40,2.8177
CG6-0313,229,250,41,2026-01-18,07:57:03,9303.06,4,0.0167,0.0022,10041.5,6.6,0.6,2.0263,0.0727,0.0005,0.2696,-738.79,60,0,43.79,-79.5035,209.07,24.7583,34.8256,319.7,11011,,2026-01-18 07:57:03,000000021010313,124,0.0001,0.0723197,0.00101055,-0.0716895,9302.99,,,True,CG6-0313|2026-01-18|L4|S41,field,MATCHED,D3:wor:41,2.66456
CG6-0313,230,251,42,2026-01-18,08:00:31,9301.9,4,0.0182,0.0023,10040.3,6.3,-5.2,2.0213,0.0701,0.0008,0.2688,-738.791,60,0,43.79,-79.5035,209.07,24.7565,34.8247,320.5,11011,,2026-01-18 08:00:31,000000021010313,125,-1.81899e-12,0.0697221,0.00264425,-0.0674557,9301.83,,,True,CG6-0313|2026-01-18|L4|S42,field,MATCHED,D3:wor:42,11.5102
CG6-0313,231,252,43,2026-01-18,08:10:50,9301.12,4,0.0201,0.0026,10039.6,3.5,3.4,2.0179,0.0622,0.0003,0.2684,-738.794,60,0,43.79,-79.5035,209.07,24.755,34.8244,344.1,11011,,2026-01-18 08:10:50,000000021010313,126,0.0001,0.0618628,0.0072673,-0.0549327,9301.07,,,True,CG6-0313|2026-01-18|L4|S43,field,MATCHED,D3:wor:43,2.23369
CG6-0313,232,253,44,2026-01-18,08:14:26,9300.29,4,0.0298,0.0039,10038.8,-4.7,-5.1,2.0225,0.0594,0.0006,0.2691,-738.795,60,0,43.79,-79.5035,209.07,24.7534,34.824,336.5,11011,,2026-01-18 08:14:26,000000021010313,127,0.0001,0.0590806,0.00879761,-0.0506024,9300.24,,,True,CG6-0313|2026-01-18|L4|S44,field,MATCHED,D3:wor:44,2.14804
CG6-0313,233,254,45,2026-01-18,08:17:58,9299.46,4,0.0114,0.0015,10037.9,5,-5.2,2.0242,0.0567,0.0006,0.2693,-738.796,60,0,43.79,-79.5035,209.07,24.7515,34.8237,326.3,11011,,2026-01-18 08:17:58,000000021010313,128,1.81899e-12,0.0563328,0.0102546,-0.0464454,9299.41,,,True,CG6-0313|2026-01-18|L4|S45,field,MATCHED,D3:wor:45,4.38529
CG6-0313,234,255,46,2026-01-18,08:21:32,9298.61,4,0.0546,0.007,10037.1,7.1,-11.9,2.0252,0.0539,0.0023,0.2695,-738.797,60,0,43.79,-79.5035,209.07,24.7497,34.8237,347.1,11011,,2026-01-18 08:21:32,000000021010313,129,0,0.0535438,0.0116771,-0.0422229,9298.57,,STDDEV_GT_0.050,True,CG6-0313|2026-01-18|L4|S46,field,MATCHED,D3:wor:46,2.25792
CG6-0313,235,256,47,2026-01-18,08:26:12,9298.11,4,0.0239,0.0031,10036.6,8.1,-0.1,2.0295,0.0502,0.0008,0.27,-738.798,60,0,43.79,-79.5035,209.07,24.7479,34.8234,338.1,11011,,2026-01-18 08:26:12,000000021010313,130,0,0.0498744,0.0134596,-0.0367404,9298.07,,,True,CG6-0313|2026-01-18|L4|S47,field,MATCHED,D3:wor:47,7.36786
CG6-0313,236,257,48,2026-01-18,08:29:15,9297.71,4,0.0195,0.0025,10036.2,1.6,-3.8,2.0287,0.0478,0.0003,0.2697,-738.799,60,0,43.79,-79.5035,209.07,24.7464,34.8234,345.4,11011,,2026-01-18 08:29:15,000000021010313,131,0,0.0474655,0.0145783,-0.0332217,9297.68,,,True,CG6-0313|2026-01-18|L4|S48,field,MATCHED,D3:wor:48,5.18343
CG6-0313,237,258,49,2026-01-18,08:33:18,9296.62,4,0.0208,0.0027,10035.1,8.1,-3.7,2.0281,0.0446,0.0009,0.2697,-738.8,60,0,43.79,-79.5035,209.07,24.7446,34.823,355.9,11011,,2026-01-18 08:33:18,000000021010313,132,0.0001,0.0442562,0.0160016,-0.0285984,9296.59,,,True,CG6-0313|2026-01-18|L4|S49,field,MATCHED,D3:wor:49,1.08147
CG6-0313,238,259,50,2026-01-18,08:38:04,9295.53,4,0.0415,0.0054,10034,1.3,-7.9,2.0305,0.0408,0.0008,0.2701,-738.802,60,0,43.79,-79.5035,209.07,24.7433,34.8223,364.7,11011,,2026-01-18 08:38:04,000000021010313,133,0.0001,0.0404666,0.0175821,-0.0232179,9295.51,,,True,CG6-0313|2026-01-18|L4|S50,field,MATCHED,D3:wor:50,4.01471
CG6-0313,239,260,100,2026-01-18,10:17:34,9343.6,0,0.0171,0.0022,10082.2,-4.3,-5.7,2.0403,-0.0341,0.0006,0.2713,-738.829,60,0,43.79,-79.5035,209.07,24.7868,34.9338,101.7,11011,,2026-01-18 10:17:34,000000021010313,134,0,-0.0344349,0.0240085,0.0581085,9343.66,,,True,CG6-0313|2026-01-18|L0|S100,field_base_100,MATCHED,D3:wor:Base100,6.36596
CG6-0313,240,261,100,2026-01-18,10:18:34,9343.61,0,0.0181,0.0023,10082.2,-5.8,-9,2.0439,-0.0348,0.0013,0.2718,-738.829,60,0,43.79,-79.5035,209.07,24.7868,34.9338,101.8,11011,,2026-01-18 10:18:34,000000021010313,134,0,-0.0350843,0.0238085,0.0586085,9343.67,,,True,CG6-0313|2026-01-18|L0|S100,field_base_100,MATCHED,D3:wor:Base100,6.36596
CG6-0313,241,262,100,2026-01-18,10:19:34,9343.59,0,0.0221,0.0029,10082.2,-6.1,-10.4,2.0453,-0.0354,0.0017,0.272,-738.83,60,0,43.79,-79.5035,209.07,24.7868,34.9338,101.8,11011,,2026-01-18 10:19:34,000000021010313,134,-0.0001,-0.0357306,0.0236035,0.0590035,9343.65,,,True,CG6-0313|2026-01-18|L0|S100,field_base_100,MATCHED,D3:wor:Base100,6.36596
CG6-0313,242,263,100,2026-01-18,10:20:34,9343.61,0,0.0224,0.0029,10082.2,-7.1,-12.1,2.0469,-0.0361,0.0023,0.2722,-738.83,60,0,43.79,-79.5035,209.07,24.7868,34.9338,101.8,11011,,2026-01-18 10:20:34,000000021010313,134,1.81899e-12,-0.0363738,0.0233934,0.0594934,9343.67,,,True,CG6-0313|2026-01-18|L0|S100,field_base_100,MATCHED,D3:wor:Base100,6.36596
CG6-0313,243,264,1,2026-01-18,11:49:50,9320.4,5,0.0214,0.0028,10059.1,0.7,4.3,2.0634,-0.0786,0.0003,0.2745,-738.855,60,0,43.79,-79.5035,209.07,24.7928,34.8222,273.9,11011,,2026-01-18 11:49:50,000000021010313,135,-0.0001,-0.0787409,-0.0120712,0.0665288,9320.47,,,True,CG6-0313|2026-01-18|L5|S1,field,MATCHED,D3:wor:1,5.28585
CG6-0313,244,265,2,2026-01-18,11:58:02,9319.77,5,0.0213,0.0027,10058.4,0.5,-3.2,2.0281,-0.0809,0.0002,0.2698,-738.857,60,0,43.79,-79.5035,209.07,24.7918,34.8203,271.1,11011,,2026-01-18 11:58:02,000000021010313,136,-1.81899e-12,-0.0809765,-0.0165304,0.0643696,9319.83,,,True,CG6-0313|2026-01-18|L5|S2,field,MATCHED,D3:wor:2,1.96733
CG6-0313,245,266,3,2026-01-18,12:02:20,9319.06,5,0.0286,0.0037,10057.7,5.4,-6.1,2.0294,-0.0819,0.0008,0.2699,-738.858,60,0,43.79,-79.5035,209.07,24.7908,34.8187,277.2,11011,,2026-01-18 12:02:20,000000021010313,137,0,-0.082033,-0.0189061,0.0629939,9319.13,,,True,CG6-0313|2026-01-18|L5|S3,field,MATCHED,D3:wor:3,3.48673
CG6-0313,246,267,4,2026-01-18,12:05:26,9318.09,5,0.0279,0.0036,10056.8,-1,-9.7,2.0257,-0.0827,0.0011,0.2695,-738.859,60,0,43.79,-79.5035,209.07,24.7892,34.8178,264.4,11011,,2026-01-18 12:05:26,000000021010313,138,1.81899e-12,-0.0827456,-0.0206308,0.0620692,9318.15,,,True,CG6-0313|2026-01-18|L5|S4,field,MATCHED,D3:wor:4,2.679
CG6-0313,247,268,5,2026-01-18,12:09:07,9317.4,5,0.0188,0.0024,10056.1,-2,4.1,2.0239,-0.0835,0.0003,0.2692,-738.86,60,0,43.79,-79.5035,209.07,24.7876,34.8171,262.3,11011,,2026-01-18 12:09:07,000000021010313,139,0,-0.0835388,-0.0226949,0.0608051,9317.46,,,True,CG6-0313|2026-01-18|L5|S5,field,MATCHED,D3:wor:5,6.12047
CG6-0313,248,269,6,2026-01-18,12:12:11,9316.81,5,0.0194,0.0025,10055.5,5.4,-2,2.0247,-0.0841,0.0004,0.2695,-738.861,60,0,43.79,-79.5035,209.07,24.7863,34.8158,259.6,11011,,2026-01-18 12:12:11,000000021010313,140,-1.81899e-12,-0.0841551,-0.0244209,0.0596791,9316.87,,,True,CG6-0313|2026-01-18|L5|S6,field,MATCHED,D3:wor:6,2.08891
CG6-0313,249,270,7,2026-01-18,12:15:19,9316.28,5,0.0293,0.0038,10055,3.5,1,2.02,-0.0847,0.0002,0.2687,-738.861,60,0,43.79,-79.5035,209.07,24.7869,34.814,264,11011,,2026-01-18 12:15:19,000000021010313,141,0,-0.0847438,-0.0261957,0.0585043,9316.34,,,True,CG6-0313|2026-01-18|L5|S7,field,MATCHED_ID_TIEBREAK,D3:wor:7,8.25214
CG6-0313,250,271,8,2026-01-18,12:18:50,9315.57,5,0.0363,0.0047,10054.3,5,-6.4,2.0179,-0.0853,0.0008,0.2684,-738.862,60,0,43.79,-79.5035,209.07,24.7876,34.8119,273.9,11011,,2026-01-18 12:18:50,000000021010313,142,0,-0.0853553,-0.0281939,0.0571061,9315.63,,,True,CG6-0313|2026-01-18|L5|S8,field,MATCHED,D3:wor:8,3.20399
CG6-0313,251,272,9,2026-01-18,12:22:11,9314.67,5,0.0156,0.002,10053.4,-2.5,4.9,2.0179,-0.0858,0.0004,0.2685,-738.863,60,0,43.79,-79.5035,209.07,24.7878,34.8101,280.7,11011,,2026-01-18 12:22:11,000000021010313,143,-0.0001,-0.0858897,-0.0301003,0.0556997,9314.73,,,True,CG6-0313|2026-01-18|L5|S9,field,MATCHED_ID_TIEBREAK,D3:wor:9,2.67382
CG6-0313,252,273,10,2026-01-18,12:27:20,9314.27,5,0.0198,0.0025,10053,-3.7,2.5,2.0191,-0.0866,0.0003,0.2687,-738.865,60,0,43.79,-79.5035,209.07,24.7862,34.8092,283.4,11011,,2026-01-18 12:27:20,000000021010313,144,0,-0.0866207,-0.0330332,0.0535668,9314.32,,,True,CG6-0313|2026-01-18|L5|S10,field,MATCHED,D3:wor:10,2.7739
CG6-0313,253,274,11,2026-01-18,12:30:41,9313.44,5,0.0172,0.0022,10052.1,7.1,-15,2.0197,-0.087,0.0035,0.2688,-738.866,60,0,43.79,-79.5035,209.07,24.7846,34.8096,275.2,11011,,2026-01-18 12:30:41,000000021010313,145,-1.81899e-12,-0.0870379,-0.0349404,0.0520596,9313.49,,,True,CG6-0313|2026-01-18|L5|S11,field,MATCHED,D3:wor:11,11.2598
CG6-0313,254,275,12,2026-01-18,12:35:09,9313.05,5,0.0164,0.0021,10051.7,-2.5,-8.3,2.0285,-0.0875,0.0009,0.2699,-738.867,60,0,43.79,-79.5035,209.07,24.7829,34.8103,275.6,11011,,2026-01-18 12:35:09,000000021010313,146,1.81899e-12,-0.0875234,-0.0374801,0.0500199,9313.1,,,True,CG6-0313|2026-01-18|L5|S12,field,MATCHED,D3:wor:12,8.77291
CG6-0313,255,276,13,2026-01-18,12:38:27,9312,5,0.0151,0.0019,10050.7,-5.8,-4.4,2.0315,-0.0878,0.0007,0.2701,-738.868,60,0,43.79,-79.5035,209.07,24.7811,34.8103,276.9,11011,,2026-01-18 12:38:27,000000021010313,147,-0.0001,-0.0878309,-0.0393474,0.0484526,9312.04,,,True,CG6-0313|2026-01-18|L5|S13,field,MATCHED,D3:wor:13,10.9324
CG6-0313,256,277,13,2026-01-18,12:39:54,9312,5,0.0152,0.002,10050.7,-9.4,-10,2.0338,-0.0879,0.0022,0.2703,-738.868,60,0,43.79,-79.5035,209.07,24.7811,34.8103,277,11011,,2026-01-18 12:39:54,000000021010313,147,-0.0001,-0.0879524,-0.0401676,0.0477324,9312.05,,,True,CG6-0313|2026-01-18|L5|S13,field,MATCHED,D3:wor:13,10.9324
CG6-0313,257,278,14,2026-01-18,12:42:57,9311.67,5,0.0149,0.0019,10050.4,-2.6,-9.4,2.0359,-0.0882,0.0011,0.2709,-738.869,60,0,43.79,-79.5035,209.07,24.7792,34.8094,277.6,11011,,2026-01-18 12:42:57,000000021010313,148,0.0001,-0.0881811,-0.0418803,0.0463197,9311.71,,,True,CG6-0313|2026-01-18|L5|S14,field,MATCHED,D3:wor:14,8.11864
CG6-0313,258,279,15,2026-01-18,12:47:01,9310.98,5,0.0195,0.0025,10049.7,-8.5,-5.5,2.0298,-0.0884,0.0012,0.2699,-738.87,60,0,43.79,-79.5035,209.07,24.7779,34.8084,287.7,11011,,2026-01-18 12:47:01,000000021010313,149,0.0001,-0.0884299,-0.0441539,0.0442461,9311.02,,,True,CG6-0313|2026-01-18|L5|S15,field,MATCHED,D3:wor:15,8.40259
CG6-0313,259,280,16,2026-01-18,12:50:45,9310.17,5,0.0301,0.0039,10048.9,-10.9,-6.4,2.0262,-0.0886,0.0019,0.2696,-738.871,60,0,43.79,-79.5035,209.07,24.7768,34.807,295.2,11011,,2026-01-18 12:50:45,000000021010313,150,0,-0.0886028,-0.0462232,0.0423768,9310.22,,,True,CG6-0313|2026-01-18|L5|S16,field,MATCHED,D3:wor:16,9.06241
CG6-0313,260,281,17,2026-01-18,12:53:54,9309.31,5,0.0189,0.0024,10048,6.2,-1.3,2.021,-0.0887,0.0005,0.2687,-738.872,60,0,43.79,-79.5035,209.07,24.7755,34.8055,290.1,11011,,2026-01-18 12:53:54,000000021010313,151,0,-0.088708,-0.047953,0.040747,9309.35,,,True,CG6-0313|2026-01-18|L5|S17,field,MATCHED,D3:wor:17,10.3195
CG6-0313,261,282,18,2026-01-18,12:57:09,9308.66,5,0.0548,0.0071,10047.3,0.9,1.6,2.0197,-0.0888,0.0001,0.2686,-738.873,60,0,43.79,-79.5035,209.07,24.774,34.8046,288.9,11011,,2026-01-18 12:57:09,000000021010313,152,1.81899e-12,-0.0887781,-0.049723,0.039077,9308.69,,STDDEV_GT_0.050,True,CG6-0313|2026-01-18|L5|S18,field,MATCHED,D3:wor:18,9.56567
CG6-0313,262,283,19,2026-01-18,12:58:30,9308.72,5,0.0226,0.0029,10047.4,-2.3,-1.4,2.0187,-0.0888,0.0001,0.2685,-738.874,60,0,43.79,-79.5035,209.07,24.774,34.8046,288.9,11011,,2026-01-18 12:58:30,000000021010313,153,0.0001,-0.0887959,-0.0504553,0.0383447,9308.75,,TWO_READINGS_DIFFER,True,CG6-0313|2026-01-18|L5|S19,field,UNMATCHED_GT_30M,D3:wor:1-166,30.8461
CG6-0313,263,284,19,2026-01-18,13:02:39,9307.77,5,0.0216,0.0028,10046.5,-9.8,-9.4,2.0128,-0.0888,0.0022,0.2677,-738.875,60,0,43.79,-79.5035,209.07,24.7729,34.8033,292.6,11011,,2026-01-18 13:02:39,000000021010313,153,-3.63798e-12,-0.0888097,-0.05268,0.03612,9307.81,,TWO_READINGS_DIFFER,True,CG6-0313|2026-01-18|L5|S19,field,UNMATCHED_GT_30M,D3:wor:1-166,30.8461
CG6-0313,264,285,20,2026-01-18,13:06:54,9306.67,5,0.0169,0.0022,10045.4,4.5,-11.4,2.0144,-0.0888,0.0018,0.268,-738.876,60,0,43.79,-79.5035,209.07,24.7714,34.8023,294.7,11011,,2026-01-18 13:06:54,000000021010313,154,-0.0001,-0.0887609,-0.0549228,0.0338772,9306.7,,,True,CG6-0313|2026-01-18|L5|S20,field,MATCHED,D3:wor:20,9.95558
CG6-0313,265,286,21,2026-01-18,13:14:17,9305.81,5,0.0221,0.0028,10044.5,10.9,-6.9,2.0079,-0.0886,0.0019,0.2671,-738.878,60,0,43.79,-79.5035,209.07,24.7695,34.802,305.5,11011,,2026-01-18 13:14:17,000000021010313,155,0.0001,-0.0885297,-0.0587258,0.0298742,9305.84,,,True,CG6-0313|2026-01-18|L5|S21,field,MATCHED,D3:wor:21,10.1475
CG6-0313,266,287,22,2026-01-18,13:17:35,9305.18,5,0.0265,0.0034,10043.9,2.5,-13.2,2.0142,-0.0884,0.0022,0.2679,-738.879,60,0,43.79,-79.5035,209.07,24.7677,34.8017,303.9,11011,,2026-01-18 13:17:35,000000021010313,156,-0.0001,-0.0883681,-0.0603791,0.0280209,9305.21,,,True,CG6-0313|2026-01-18|L5|S22,field,MATCHED,D3:wor:22,13.0207
CG6-0313,267,288,100,2026-01-18,15:25:43,7269.65,0,0.0168,0.0022,8008.36,2.9,-5.9,2.0127,-0.0651,0.0005,0.2676,-738.914,60,0,43.79,-79.5035,209.07,24.7869,34.9338,104.5,11011,,2026-01-18 15:25:43,000000021010313,157,0.0001,-0.0649418,-0.086342,-0.021242,7269.63,FROZEN_SENSOR_OUTPUT,,False,CG6-0313|2026-01-18|L0|S100,field_base_100,MATCHED,D3:wor:Base100,14.2715
CG6-0313,268,289,100,2026-01-18,15:26:43,7269.63,0,0.0023,0.0003,8008.34,1.5,-9.6,2.0189,-0.0648,0.0012,0.2684,-738.914,60,0,43.79,-79.5035,209.07,24.7869,34.9338,104.5,11011,,2026-01-18 15:26:43,000000021010313,157,0,-0.0647133,-0.0861582,-0.0213582,7269.61,FROZEN_SENSOR_OUTPUT,,False,CG6-0313|2026-01-18|L0|S100,field_base_100,MATCHED,D3:wor:Base100,14.2715
CG6-0313,269,290,100,2026-01-18,15:27:43,7269.63,0,0.0013,0.0002,8008.34,1.8,-10.9,2.0304,-0.0646,0.0013,0.27,-738.915,60,0,43.79,-79.5035,209.07,24.7869,34.9338,104.5,11011,,2026-01-18 15:27:43,000000021010313,157,0.0001,-0.0644854,-0.0859677,-0.0213677,7269.61,FROZEN_SENSOR_OUTPUT,,False,CG6-0313|2026-01-18|L0|S100,field_base_100,MATCHED,D3:wor:Base100,14.2715
CG6-0313,270,291,100,2026-01-18,15:28:43,7269.63,0,0.0011,0.0001,8008.34,3,-12.8,2.0458,-0.0644,0.0018,0.2722,-738.915,60,0,43.79,-79.5035,209.07,24.7869,34.9338,104.5,11011,,2026-01-18 15:28:43,000000021010313,157,-0.0001,-0.0642582,-0.0857705,-0.0213705,7269.61,FROZEN_SENSOR_OUTPUT,,False,CG6-0313|2026-01-18|L0|S100,field_base_100,MATCHED,D3:wor:Base100,14.2715
CG6-0313,271,292,0,2026-01-18,16:34:54,7269.63,0,0.0013,0.0002,8008.32,9.3,2.5,2.1789,-0.052,0.0011,0.2899,-738.933,60,0,43.79,-79.5035,209.07,25.0669,34.8778,60.2,11011,,2026-01-18 16:34:54,000000021010313,158,-0.0001,-0.0519274,-0.0579731,-0.00597314,7269.62,FROZEN_SENSOR_OUTPUT,,False,CG6-0313|2026-01-18|L0|S0,hotel_base_0,MATCHED,D3:wor:Base0,17.4628
CG6-0313,272,293,0,2026-01-18,16:35:54,7269.63,0,0.0013,0.0002,8008.32,9.6,2.8,2.1767,-0.0519,0.0011,0.2894,-738.933,60,0,43.79,-79.5035,209.07,25.0669,34.8778,60.1,11011,,2026-01-18 16:35:54,000000021010313,158,0.0001,-0.0517991,-0.0573445,-0.00544446,7269.62,FROZEN_SENSOR_OUTPUT,,False,CG6-0313|2026-01-18|L0|S0,hotel_base_0,MATCHED,D3:wor:Base0,17.4628
CG6-0313,273,294,0,2026-01-18,16:36:54,7269.63,0,0.001,0.0001,8008.32,8.7,2.3,2.1705,-0.0518,0.0009,0.2886,-738.934,60,0,43.79,-79.5035,209.07,25.0669,34.8778,60.1,11011,,2026-01-18 16:36:54,000000021010313,158,0,-0.051673,-0.05671,-0.00491004,7269.62,FROZEN_SENSOR_OUTPUT,,False,CG6-0313|2026-01-18|L0|S0,hotel_base_0,MATCHED,D3:wor:Base0,17.4628
CG6-0313,274,295,0,2026-01-18,16:37:54,7269.63,0,0.001,0.0001,8008.32,8.4,1,2.1628,-0.0516,0.0009,0.2877,-738.934,60,0,43.79,-79.5035,209.07,25.0669,34.8778,60.1,11011,,2026-01-18 16:37:54,000000021010313,158,-0.0001,-0.051549,-0.0560699,-0.00446992,7269.62,FROZEN_SENSOR_OUTPUT,,False,CG6-0313|2026-01-18|L0|S0,hotel_base_0,MATCHED,D3:wor:Base0,17.4628
CG6-0313,275,296,0,2026-01-19,07:00:06,7269.56,0,0.0019,0.0002,8008.32,-2.7,5.2,2.1782,0.1221,0.0004,0.2897,-739.172,60,0,43.79,-79.5035,209.07,25.0668,34.8777,22,11011,,2026-01-19 07:00:06,000000021010313,159,-0.0001,0.121875,-0.0430238,-0.165124,7269.39,FROZEN_SENSOR_OUTPUT,,False,CG6-0313|2026-01-19|L0|S0,hotel_base_0,MATCHED,D4:wor:Base0,3.22612
CG6-0313,276,297,0,2026-01-19,07:01:06,7269.56,0,0.002,0.0003,8008.32,-3.2,5.4,2.1754,0.1217,0.0005,0.2894,-739.172,60,0,43.79,-79.5035,209.07,25.0668,34.8776,21.9,11011,,2026-01-19 07:01:06,000000021010313,159,9.09495e-13,0.121435,-0.0424293,-0.164129,7269.39,FROZEN_SENSOR_OUTPUT,,False,CG6-0313|2026-01-19|L0|S0,hotel_base_0,MATCHED,D4:wor:Base0,3.22612
CG6-0313,277,298,0,2026-01-19,07:02:06,7269.56,0,0.0018,0.0002,8008.32,-4.7,6.5,2.1691,0.1212,0.0008,0.2885,-739.173,60,0,43.79,-79.5035,209.07,25.0668,34.8776,22.4,11011,,2026-01-19 07:02:06,000000021010313,159,0.0001,0.120991,-0.0418334,-0.163033,7269.39,FROZEN_SENSOR_OUTPUT,,False,CG6-0313|2026-01-19|L0|S0,hotel_base_0,MATCHED,D4:wor:Base0,3.22612
CG6-0313,278,299,0,2026-01-19,07:03:06,7269.56,0,0.0019,0.0002,8008.32,-3.6,5.7,2.1603,0.1208,0.0005,0.2873,-739.173,60,0,43.79,-79.5035,209.07,25.0668,34.8776,22.4,11011,,2026-01-19 07:03:06,000000021010313,159,0,0.120541,-0.0412361,-0.162036,7269.39,FROZEN_SENSOR_OUTPUT,,False,CG6-0313|2026-01-19|L0|S0,hotel_base_0,MATCHED,D4:wor:Base0,3.22612
CG6-0313,279,300,100,2026-01-19,09:02:30,9343.87,0,0.0239,0.0031,10082.7,-5.9,-7.6,2.205,0.0412,0.0011,0.2934,-739.206,60,0,43.79,-79.5035,209.07,24.7868,34.9338,98.1,11011,,2026-01-19 09:02:30,000000021010313,160,0,0.0407801,0.0254526,-0.0157474,9343.85,,,True,CG6-0313|2026-01-19|L0|S100,field_base_100,MATCHED,D4:wor:Base100,4.39416
CG6-0313,280,301,100,2026-01-19,09:03:30,9343.86,0,0.0247,0.0032,10082.7,-8.4,-9.3,2.1883,0.0404,0.0016,0.2912,-739.206,60,0,43.79,-79.5035,209.07,24.7868,34.9338,98.1,11011,,2026-01-19 09:03:30,000000021010313,160,0,0.0399825,0.0258295,-0.0145705,9343.84,,,True,CG6-0313|2026-01-19|L0|S100,field_base_100,MATCHED,D4:wor:Base100,4.39416
CG6-0313,281,302,100,2026-01-19,09:04:30,9343.82,0,0.0173,0.0022,10082.7,-9.6,-9.5,2.168,0.0396,0.0022,0.2884,-739.206,60,0,43.79,-79.5035,209.07,24.7868,34.9338,98.1,11011,,2026-01-19 09:04:30,000000021010313,160,1.81899e-12,0.0391845,0.0262017,-0.0133983,9343.8,,,True,CG6-0313|2026-01-19|L0|S100,field_base_100,MATCHED,D4:wor:Base100,4.39416
CG6-0313,282,303,100,2026-01-19,09:05:30,9343.85,0,0.0236,0.003,10082.7,-11.3,-10.3,2.1464,0.0388,0.0029,0.2855,-739.207,60,0,43.79,-79.5035,209.07,24.7868,34.9338,98.1,11011,,2026-01-19 09:05:30,000000021010313,160,-0.0001,0.0383859,0.0265692,-0.0122308,9343.84,,,True,CG6-0313|2026-01-19|L0|S100,field_base_100,MATCHED,D4:wor:Base100,4.39416
CG6-0313,283,304,1,2026-01-19,10:00:15,9324.53,6,0.0165,0.0021,10063.5,0.7,-4.3,2.0326,-0.0046,0.0003,0.2704,-739.222,60,0,43.79,-79.5035,209.07,24.7982,34.8362,231.2,11011,,2026-01-19 10:00:15,000000021010313,161,0,-0.00490485,0.0387036,0.0433036,9324.57,,,True,CG6-0313|2026-01-19|L6|S1,field,MATCHED,D4:wor:2026-01-04,3.83122
CG6-0313,284,305,1,2026-01-19,10:01:15,23798.4,6,,129.898,9238.96,-8951.7,19512.2,2.0231,-0.0053,15298.4,0.2678,-739.222,60,0,43.79,-79.5035,209.07,24.7982,34.8362,230.7,11011,StdDev,2026-01-19 10:01:15,000000021010313,161,-0.0001,-0.00566671,0.0387742,0.0440742,23798.4,OVERFLOW_FIELD;GROSS_RANGE_GT_500;TILT_GT_30,,False,CG6-0313|2026-01-19|L6|S1,field,MATCHED,D4:wor:2026-01-04,3.83122
CG6-0313,285,306,2,2026-01-19,10:12:40,9323.64,6,0.0289,0.0037,10062.6,8.2,-4,2.1696,-0.0139,0.001,0.2886,-739.225,60,0,43.79,-79.5035,209.07,24.7989,34.8344,237.6,11011,,2026-01-19 10:12:40,000000021010313,162,1.81899e-12,-0.014231,0.0391644,0.0530644,9323.69,,,True,CG6-0313|2026-01-19|L6|S2,field,MATCHED,D4:wor:2026-02-04,6.89726
CG6-0313,286,307,1,2026-01-19,10:44:37,9329.13,7,0.0147,0.0019,10068.1,14.1,10.3,2.0566,-0.0362,0.0036,0.2736,-739.234,60,0,43.79,-79.5035,209.07,24.8129,34.8469,220.8,11011,,2026-01-19 10:44:37,000000021010313,163,1.81899e-12,-0.036544,0.0361745,0.0723745,9329.2,,,True,CG6-0313|2026-01-19|L7|S1,field,MATCHED,D4:wor:L7-1,7.7239
CG6-0313,287,308,2,2026-01-19,10:48:55,9328.02,7,0.018,0.0023,10067,-5,1.5,2.0475,-0.039,0.0003,0.2723,-739.235,60,0,43.79,-79.5035,209.07,24.8139,34.8459,217.8,11011,,2026-01-19 10:48:55,000000021010313,164,0,-0.0393218,0.0353343,0.0743343,9328.09,,,True,CG6-0313|2026-01-19|L7|S2,field,MATCHED,D4:wor:L7-2,4.73207
CG6-0313,288,309,3,2026-01-19,10:52:41,9327.08,7,0.0152,0.002,10066.1,1.5,-8.5,2.0376,-0.0414,0.0009,0.271,-739.236,60,0,43.79,-79.5035,209.07,24.8142,34.844,220.9,11011,,2026-01-19 10:52:41,000000021010313,165,-0.0001,-0.0417053,0.0345182,0.0759182,9327.16,,,True,CG6-0313|2026-01-19|L7|S3,field,MATCHED,D4:kml:L7-3,6.94114
CG6-0313,289,310,4,2026-01-19,10:56:42,9326.74,7,0.0174,0.0022,10065.7,6.7,-9.5,2.0316,-0.0439,0.0016,0.2703,-739.237,60,0,43.79,-79.5035,209.07,24.8155,34.8441,231.1,11011,,2026-01-19 10:56:42,000000021010313,166,1.81899e-12,-0.0441942,0.0335568,0.0774568,9326.82,,,True,CG6-0313|2026-01-19|L7|S4,field,MATCHED,D4:wor:L7-4,8.44553
CG6-0313,290,311,5,2026-01-19,11:00:14,9325.95,7,0.0464,0.006,10065,6.8,-1,2.031,-0.0461,0.0006,0.2701,-739.238,60,0,43.79,-79.5035,209.07,24.8169,34.8426,233.7,11011,,2026-01-19 11:00:14,000000021010313,167,0.0001,-0.0463373,0.0326406,0.0787406,9326.03,,,True,CG6-0313|2026-01-19|L7|S5,field,MATCHED,D4:wor:L7-5,7.34226
CG6-0313,291,312,6,2026-01-19,11:03:40,9324.87,7,0.0131,0.0017,10063.9,6,-7.4,2.0318,-0.0481,0.0011,0.2702,-739.239,60,0,43.79,-79.5035,209.07,24.8169,34.8405,237.1,11011,,2026-01-19 11:03:40,000000021010313,168,0.0001,-0.0483772,0.0316943,0.0797943,9324.95,,,True,CG6-0313|2026-01-19|L7|S6,field,MATCHED,D4:wor:L7-6,2.61185
CG6-0313,292,313,7,2026-01-19,11:07:17,9325.07,7,0.0254,0.0033,10064.1,2.4,2.8,2.0304,-0.0502,0.0002,0.2699,-739.24,60,0,43.79,-79.5035,209.07,24.8184,34.8404,235.7,11011,,2026-01-19 11:07:17,000000021010313,169,0,-0.0504797,0.0306218,0.0808218,9325.15,,,True,CG6-0313|2026-01-19|L7|S7,field,MATCHED,D4:kml:L7-7,8.12046
CG6-0313,293,314,8,2026-01-19,11:11:07,9324.48,7,0.0281,0.0036,10063.5,-6.3,1.8,2.0345,-0.0524,0.0005,0.2706,-739.241,60,0,43.79,-79.5035,209.07,24.8193,34.8397,268.7,11011,,2026-01-19 11:11:07,000000021010313,170,0,-0.0526549,0.0294166,0.0818166,9324.56,,,True,CG6-0313|2026-01-19|L7|S8,field,MATCHED,D4:wor:L7-8,9.53314
CG6-0313,294,315,9,2026-01-19,11:14:39,9323.66,7,0.0252,0.0032,10062.7,7.2,-10.3,2.0344,-0.0544,0.0019,0.2707,-739.242,60,0,43.79,-79.5035,209.07,24.8206,34.8384,238.8,11011,,2026-01-19 11:14:39,000000021010313,171,-0.0001,-0.0546104,0.0282397,0.0826397,9323.74,,,True,CG6-0313|2026-01-19|L7|S9,field,MATCHED,D4:wor:L7-9,5.62731
CG6-0313,295,316,10,2026-01-19,11:18:15,9323.05,7,0.0287,0.0037,10062.1,9.9,2.1,2.0368,-0.0563,0.0012,0.2712,-739.243,60,0,43.79,-79.5035,209.07,24.8218,34.8368,241.8,11011,,2026-01-19 11:18:15,000000021010313,172,0,-0.0565532,0.0269794,0.0832794,9323.13,,,True,CG6-0313|2026-01-19|L7|S10,field,MATCHED,D4:kml:L7-10,4.83588
CG6-0313,296,317,11,2026-01-19,11:21:59,9322.41,7,0.0366,0.0047,10061.4,10.5,-5.5,2.0397,-0.0583,0.0017,0.2713,-739.244,60,0,43.79,-79.5035,209.07,24.8228,34.835,248.7,11011,,2026-01-19 11:21:59,000000021010313,173,-0.0001,-0.058514,0.0256081,0.0839081,9322.49,,,True,CG6-0313|2026-01-19|L7|S11,field,MATCHED,D4:wor:L7-11,2.85779
CG6-0313,297,318,12,2026-01-19,11:26:58,9321.62,7,0.0139,0.0018,10060.7,0,-3.6,2.0331,-0.0608,0.0002,0.2704,-739.246,60,0,43.79,-79.5035,209.07,24.824,34.8336,221.5,11011,,2026-01-19 11:26:58,000000021010313,174,-1.81899e-12,-0.0610441,0.0236767,0.0844767,9321.7,,,True,CG6-0313|2026-01-19|L7|S12,field,MATCHED,D4:kml:L7-12,22.8399
CG6-0313,298,319,13,2026-01-19,11:30:59,9320.79,7,0.0324,0.0042,10059.8,-4,4.5,2.0371,-0.0628,0.0004,0.271,-739.247,60,0,43.79,-79.5035,209.07,24.824,34.8314,260.2,11011,,2026-01-19 11:30:59,000000021010313,175,0,-0.0630097,0.0220444,0.0848444,9320.88,,,True,CG6-0313|2026-01-19|L7|S13,field,MATCHED,D4:wor:L7-13,3.00043
CG6-0313,299,320,14,2026-01-19,11:34:50,9320.16,7,0.0177,0.0023,10059.2,-3,-5.2,2.037,-0.0646,0.0005,0.271,-739.248,60,0,43.79,-79.5035,209.07,24.8255,34.8307,277.3,11011,,2026-01-19 11:34:50,000000021010313,176,-1.81899e-12,-0.0648309,0.0204056,0.0850056,9320.24,,,True,CG6-0313|2026-01-19|L7|S14,field,MATCHED,D4:wor:L7-14,4.24535
CG6-0313,300,321,15,2026-01-19,11:39:31,9319.63,7,0.0241,0.0031,10058.7,0,0.9,2.0337,-0.0668,0,0.2704,-739.249,60,0,43.79,-79.5035,209.07,24.8264,34.829,286.2,11011,,2026-01-19 11:39:31,000000021010313,177,0.0001,-0.0669622,0.0183343,0.0851343,9319.71,,,True,CG6-0313|2026-01-19|L7|S15,field,MATCHED,D4:wor:L7-15,4.64104
CG6-0313,301,322,16,2026-01-19,11:48:06,9318.8,7,0.023,0.003,10057.9,-3,-2.2,2.0233,-0.0704,0.0002,0.2691,-739.251,60,0,43.79,-79.5035,209.07,24.8269,34.8275,299,11011,,2026-01-19 11:48:06,000000021010313,178,-0.0001,-0.0706248,0.0143144,0.0847144,9318.89,,,True,CG6-0313|2026-01-19|L7|S16,field,MATCHED,D4:wor:L7-16,8.00674
CG6-0313,302,323,1,2026-01-19,12:08:04,9319.19,8,0.0187,0.0024,10058.3,10,1.9,2.0187,-0.0778,0.0012,0.2684,-739.257,60,0,43.79,-79.5035,209.07,24.8216,34.8293,275.7,11011,,2026-01-19 12:08:04,000000021010313,179,0.0001,-0.0778962,0.00398026,0.0817803,9319.27,,,True,CG6-0313|2026-01-19|L8|S1,field,MATCHED,D4:wor:L8-1,6.00475
CG6-0313,303,324,2,2026-01-19,12:17:31,9319.72,8,0.0154,0.002,10058.8,0.5,-3.2,2.0164,-0.0806,0.0002,0.2681,-739.26,60,0,43.79,-79.5035,209.07,24.8227,34.8297,303.3,11011,,2026-01-19 12:17:31,000000021010313,180,0,-0.080718,-0.00132924,0.0792708,9319.8,,,True,CG6-0313|2026-01-19|L8|S2,field,MATCHED,D4:wor:L8-2,4.91109
CG6-0313,304,325,3,2026-01-19,12:24:29,9320.83,8,0.0246,0.0032,10059.9,-2.5,-5.1,2.0186,-0.0824,0.0004,0.2684,-739.262,60,0,43.79,-79.5035,209.07,24.8228,34.8319,290.7,11011,,2026-01-19 12:24:29,000000021010313,181,-1.81899e-12,-0.0825417,-0.005378,0.077022,9320.91,,,True,CG6-0313|2026-01-19|L8|S3,field,MATCHED,D4:wor:L8-3,9.38238
CG6-0313,305,326,4,2026-01-19,12:30:10,9321.83,8,0.0333,0.0043,10060.9,-4.2,-6.6,2.0177,-0.0838,0.0008,0.2683,-739.263,60,0,43.79,-79.5035,209.07,24.8233,34.8337,271.3,11011,,2026-01-19 12:30:10,000000021010313,182,1.81899e-12,-0.0838684,-0.00875228,0.0750477,9321.91,,,True,CG6-0313|2026-01-19|L8|S4,field,MATCHED,D4:wor:L8-4,14.0841
CG6-0313,306,327,100,2026-01-19,13:08:57,9343.72,0,0.0152,0.002,10082.8,0.3,-3,1.9898,-0.0891,0.0001,0.2646,-739.274,60,0,43.79,-79.5035,209.07,24.7868,34.9338,115.6,11011,,2026-01-19 13:08:57,000000021010313,183,0,-0.0891402,-0.0327578,0.0563422,9343.78,,,True,CG6-0313|2026-01-19|L0|S100,field_base_100,MATCHED,D4:wor:Base100,7.51723
CG6-0313,307,328,100,2026-01-19,13:09:57,9343.73,0,0.0218,0.0028,10082.8,2.7,-5.7,1.9927,-0.0892,0.0005,0.265,-739.274,60,0,43.79,-79.5035,209.07,24.7868,34.9338,115.7,11011,,2026-01-19 13:09:57,000000021010313,183,-0.0001,-0.0891918,-0.0333763,0.0558237,9343.78,,,True,CG6-0313|2026-01-19|L0|S100,field_base_100,MATCHED,D4:wor:Base100,7.51723
CG6-0313,308,329,100,2026-01-19,13:10:57,9343.74,0,0.0232,0.003,10082.8,3.9,-7.5,1.9955,-0.0892,0.0009,0.2654,-739.274,60,0,43.79,-79.5035,209.07,24.7868,34.9338,115.6,11011,,2026-01-19 13:10:57,000000021010313,183,-0.0001,-0.0892393,-0.033994,0.055206,9343.79,,,True,CG6-0313|2026-01-19|L0|S100,field_base_100,MATCHED,D4:wor:Base100,7.51723
CG6-0313,309,330,100,2026-01-19,13:11:57,9343.72,0,0.033,0.0043,10082.8,4.3,-9.2,1.9988,-0.0893,0.0011,0.2659,-739.275,60,0,43.79,-79.5035,209.07,24.7868,34.9338,115.6,11011,,2026-01-19 13:11:57,000000021010313,183,0.0001,-0.0892828,-0.0346111,0.0546889,9343.77,,,True,CG6-0313|2026-01-19|L0|S100,field_base_100,MATCHED,D4:wor:Base100,7.51723
CG6-0313,310,331,0,2026-01-19,16:08:25,9408.99,0,0.0367,0.0047,10148.1,-9,0.4,2.0555,-0.0569,0.001,0.2734,-739.323,60,0,43.79,-79.5035,209.07,25.0669,34.8777,34.9,11011,,2026-01-19 16:08:25,000000021010313,184,-1.81899e-12,-0.0568052,-0.0857478,-0.0288478,9408.96,,,True,CG6-0313|2026-01-19|L0|S0,hotel_base_0,MATCHED,D4:wor:Base0,16.3171
CG6-0313,311,332,0,2026-01-19,16:09:25,9408.95,0,0.0356,0.0046,10148.1,-9.8,0.7,2.0547,-0.0567,0.001,0.2732,-739.324,60,0,43.79,-79.5035,209.07,25.0669,34.8777,34.9,11011,,2026-01-19 16:09:25,000000021010313,184,0,-0.0565533,-0.0855146,-0.0288146,9408.92,,,True,CG6-0313|2026-01-19|L0|S0,hotel_base_0,MATCHED,D4:wor:Base0,16.3171
CG6-0313,312,333,0,2026-01-19,16:10:25,9408.99,0,0.0301,0.0039,10148.1,-10,1.1,2.0538,-0.0564,0.0012,0.2731,-739.324,60,0,43.79,-79.5035,209.07,25.0669,34.8777,34.9,11011,,2026-01-19 16:10:25,000000021010313,184,-0.0001,-0.0563026,-0.0852743,-0.0288743,9408.96,,,True,CG6-0313|2026-01-19|L0|S0,hotel_base_0,MATCHED,D4:wor:Base0,16.3171
CG6-0313,313,334,0,2026-01-19,16:11:25,9408.98,0,0.0258,0.0033,10148.1,-10.1,1.1,2.0514,-0.0562,0.0011,0.2728,-739.324,60,0,43.79,-79.5035,209.07,25.0669,34.8777,34.9,11011,,2026-01-19 16:11:25,000000021010313,184,0.0001,-0.056053,-0.0850271,-0.0288271,9408.95,,,True,CG6-0313|2026-01-19|L0|S0,hotel_base_0,MATCHED,D4:wor:Base0,16.3171
CG6-0313,314,335,0,2026-01-20,04:15:33,9408.95,0,0.0358,0.0046,10148.1,5.2,7.5,2.0037,0.091,0.001,0.2665,-739.524,60,0,43.79,-79.5035,209.07,25.0668,34.8777,34.2,11011,,2026-01-20 04:15:33,000000021010313,185,-0.0001,0.0911899,-0.0750488,-0.166049,9408.78,,,True,CG6-0313|2026-01-20|L0|S0,hotel_base_0,MATCHED,D5:wor:Base0,5.42731
CG6-0313,315,336,0,2026-01-20,04:16:33,9408.94,0,0.0259,0.0033,10148.1,5,7.4,2.0034,0.0916,0.001,0.2665,-739.524,60,0,43.79,-79.5035,209.07,25.0668,34.8777,33.9,11011,,2026-01-20 04:16:33,000000021010313,185,1.81899e-12,0.091786,-0.0754701,-0.16707,9408.78,,,True,CG6-0313|2026-01-20|L0|S0,hotel_base_0,MATCHED,D5:wor:Base0,5.42731
CG6-0313,316,337,0,2026-01-20,04:17:33,9408.93,0,0.0133,0.0017,10148.1,5.8,8.3,2.0021,0.0922,0.0013,0.2663,-739.525,60,0,43.79,-79.5035,209.07,25.0668,34.8777,35.4,11011,,2026-01-20 04:17:33,000000021010313,185,-0.0001,0.0923783,-0.0758848,-0.168085,9408.76,,,True,CG6-0313|2026-01-20|L0|S0,hotel_base_0,MATCHED,D5:wor:Base0,5.42731
CG6-0313,317,338,0,2026-01-20,04:18:33,9409,0,0.04,0.0052,10148.2,6.1,9.3,2.002,0.0927,0.0013,0.2663,-739.525,60,0,43.79,-79.5035,209.07,25.0668,34.8777,35.8,11011,,2026-01-20 04:18:33,000000021010313,185,1.81899e-12,0.0929669,-0.0762927,-0.168993,9408.83,REPEAT_OUTLIER,,False,CG6-0313|2026-01-20|L0|S0,hotel_base_0,MATCHED,D5:wor:Base0,5.42731
CG6-0313,318,339,100,2026-01-20,05:54:31,7269.19,0,0.0031,0.0004,8008.34,-4,6.2,2.0401,0.1277,0.0007,0.2712,-739.551,60,0,43.79,-79.5035,209.07,24.7867,34.9337,95,11011,,2026-01-20 05:54:31,000000021010313,186,0,0.127745,-0.0830002,-0.2107,7268.98,FROZEN_SENSOR_OUTPUT,,False,CG6-0313|2026-01-20|L0|S100,field_base_100,MATCHED,D5:wor:Base100,3.96644
CG6-0313,319,340,100,2026-01-20,05:55:31,7269.19,0,0.0017,0.0002,8008.34,-5.4,6.3,2.0442,0.1278,0.0007,0.2718,-739.552,60,0,43.79,-79.5035,209.07,24.7867,34.9337,95,11011,,2026-01-20 05:55:31,000000021010313,186,0.0001,0.127849,-0.0827438,-0.210544,7268.98,FROZEN_SENSOR_OUTPUT,,False,CG6-0313|2026-01-20|L0|S100,field_base_100,MATCHED,D5:wor:Base100,3.96644
CG6-0313,320,341,100,2026-01-20,05:56:31,7269.18,0,0.0012,0.0001,8008.33,-4.9,7.1,2.0552,0.1279,0.0008,0.2732,-739.552,60,0,43.79,-79.5035,209.07,24.7867,34.9337,95,11011,,2026-01-20 05:56:31,000000021010313,186,0.0001,0.127946,-0.0824813,-0.210381,7268.97,FROZEN_SENSOR_OUTPUT,,False,CG6-0313|2026-01-20|L0|S100,field_base_100,MATCHED,D5:wor:Base100,3.96644
CG6-0313,321,342,100,2026-01-20,05:57:31,7269.18,0,0.0011,0.0001,8008.33,-5.5,6.2,2.0667,0.128,0.0008,0.2749,-739.552,60,0,43.79,-79.5035,209.07,24.7867,34.9337,95.1,11011,,2026-01-20 05:57:31,000000021010313,186,0.0001,0.128038,-0.0822128,-0.210213,7268.97,FROZEN_SENSOR_OUTPUT,,False,CG6-0313|2026-01-20|L0|S100,field_base_100,MATCHED,D5:wor:Base100,3.96644
CG6-0313,322,343,1,2026-01-20,06:59:59,9328.19,9,0.0225,0.0029,10067.4,-1.3,-4.4,2.1565,0.1224,0.0003,0.2868,-739.569,60,0,43.79,-79.5035,209.07,24.8094,34.8452,223.4,11011,,2026-01-20 06:59:59,000000021010313,187,0.0001,0.122276,-0.0554245,-0.177824,9328.01,,,True,CG6-0313|2026-01-20|L9|S1,field,MATCHED,D5:wor:L9-1,2.20048
CG6-0313,323,344,2,2026-01-20,07:16:50,9327.2,9,0.0327,0.0042,10066.4,9.5,-9.9,2.0006,0.1172,0.0022,0.2661,-739.574,60,0,43.79,-79.5035,209.07,24.8095,34.8436,226.3,11011,,2026-01-20 07:16:50,000000021010313,188,-0.0001,0.116968,-0.0455054,-0.162705,9327.04,,,True,CG6-0313|2026-01-20|L9|S2,field,MATCHED,D5:wor:L9-2,1.62119
CG6-0313,324,345,3,2026-01-20,07:20:53,9326.23,9,0.0242,0.0031,10065.4,2.2,-3.6,1.9976,0.1157,0.0003,0.2657,-739.575,60,0,43.79,-79.5035,209.07,24.8078,34.8432,227,11011,,2026-01-20 07:20:53,000000021010313,189,0,0.11547,-0.0430085,-0.158709,9326.07,,,True,CG6-0313|2026-01-20|L9|S3,field,MATCHED,D5:wor:L9-3,1.59236
CG6-0313,325,346,4,2026-01-20,07:24:27,9325.4,9,0.022,0.0028,10064.6,3.2,-7.8,1.9963,0.1143,0.0009,0.2655,-739.576,60,0,43.79,-79.5035,209.07,24.8083,34.8414,246.8,11011,,2026-01-20 07:24:27,000000021010313,190,1.81899e-12,0.114081,-0.0407886,-0.155089,9325.25,,,True,CG6-0313|2026-01-20|L9|S4,field,MATCHED,D5:wor:L9-4,2.0782
CG6-0313,326,347,5,2026-01-20,07:28:30,9324.53,9,0.0365,0.0047,10063.7,6.1,-13,1.9924,0.1127,0.0025,0.2651,-739.577,60,0,43.79,-79.5035,209.07,24.8088,34.8396,243.1,11011,,2026-01-20 07:28:30,000000021010313,191,-0.0001,0.112428,-0.0382375,-0.150938,9324.38,,,True,CG6-0313|2026-01-20|L9|S5,field,MATCHED,D5:wor:L9-5,3.90631
CG6-0313,327,348,6,2026-01-20,07:32:27,9323.72,9,0.0211,0.0027,10062.9,4.5,-13.6,1.9935,0.111,0.0024,0.2651,-739.578,60,0,43.79,-79.5035,209.07,24.8093,34.8383,236.4,11011,,2026-01-20 07:32:27,000000021010313,192,-0.0001,0.110738,-0.0357221,-0.146722,9323.58,,,True,CG6-0313|2026-01-20|L9|S6,field,MATCHED,D5:wor:L9-6,3.11311
CG6-0313,328,349,7,2026-01-20,07:44:59,9323.04,9,0.0275,0.0035,10062.2,-6.8,-2.9,2.0066,0.1051,0.0007,0.267,-739.582,60,0,43.79,-79.5035,209.07,24.81,34.8374,253.7,11011,,2026-01-20 07:44:59,000000021010313,193,-1.81899e-12,0.104886,-0.0275957,-0.132696,9322.91,,,True,CG6-0313|2026-01-20|L9|S7,field,MATCHED,D5:wor:L9-7,2.37228
CG6-0313,329,350,8,2026-01-20,07:51:01,9322.52,9,0.0208,0.0027,10061.7,-8.7,0.4,2.0086,0.1021,0.001,0.2672,-739.584,60,0,43.79,-79.5035,209.07,24.8107,34.8365,258.6,11011,,2026-01-20 07:51:01,000000021010313,194,-0.0001,0.101814,-0.0236375,-0.125737,9322.39,,,True,CG6-0313|2026-01-20|L9|S8,field,MATCHED,D5:wor:L9-8,5.0883
CG6-0313,330,351,9,2026-01-20,08:00:35,9321.72,9,0.0309,0.004,10060.9,15.4,12.7,2.012,0.0969,0.0046,0.2676,-739.586,60,0,43.79,-79.5035,209.07,24.8113,34.8354,264.9,11011,,2026-01-20 08:00:35,000000021010313,195,-1.81899e-12,0.0966254,-0.0173354,-0.114235,9321.61,,,True,CG6-0313|2026-01-20|L9|S9,field,MATCHED,D5:wor:L9-9,2.76748
CG6-0313,331,352,10,2026-01-20,08:05:59,9320.75,9,0.0299,0.0039,10060,5.4,1.8,2.0252,0.0938,0.0004,0.2693,-739.588,60,0,43.79,-79.5035,209.07,24.8119,34.8346,271.4,11011,,2026-01-20 08:05:59,000000021010313,196,-1.81899e-12,0.0935326,-0.0137823,-0.107582,9320.65,,,True,CG6-0313|2026-01-20|L9|S10,field,MATCHED,D5:wor:L9-10,4.32846
CG6-0313,332,353,11,2026-01-20,08:11:14,9318.55,9,0.0243,0.0031,10057.8,4.1,9.8,2.0307,0.0907,0.0013,0.2701,-739.589,60,0,43.79,-79.5035,209.07,24.8126,34.834,280.1,11011,,2026-01-20 08:11:14,000000021010313,197,0.0001,0.0904183,-0.0103416,-0.101042,9318.45,,,True,CG6-0313|2026-01-20|L9|S11,field,MATCHED,D5:wor:L9-11,1.95047
CG6-0313,333,354,12,2026-01-20,08:18:02,9317.69,9,0.0175,0.0023,10056.9,-5.1,6.4,2.0441,0.0865,0.0008,0.2718,-739.591,60,0,43.79,-79.5035,209.07,24.8133,34.8333,285.3,11011,,2026-01-20 08:18:02,000000021010313,198,0,0.0862352,-0.00591692,-0.0924169,9317.6,,,True,CG6-0313|2026-01-20|L9|S12,field,MATCHED,D5:wor:L9-12,3.05928
CG6-0313,334,355,13,2026-01-20,08:24:37,9318.98,9,0.0161,0.0021,10058.2,-2.4,8.6,2.0436,0.0824,0.001,0.2718,-739.593,60,0,43.79,-79.5035,209.07,24.8133,34.8321,289.4,11011,,2026-01-20 08:24:37,000000021010313,199,0,0.0820341,-0.0016833,-0.0840833,9318.9,,,True,CG6-0313|2026-01-20|L9|S13,field,MATCHED,D5:wor:L9-13,2.87069
CG6-0313,335,356,14,2026-01-20,08:30:27,9318.16,9,0.0178,0.0023,10057.4,8.8,11.3,2.0362,0.0785,0.0024,0.2708,-739.595,60,0,43.79,-79.5035,209.07,24.8139,34.8314,296.5,11011,,2026-01-20 08:30:27,000000021010313,200,0.0001,0.0781955,0.00201214,-0.0764879,9318.08,,,True,CG6-0313|2026-01-20|L9|S14,field,MATCHED,D5:wor:L9-14,2.88255
CG6-0313,336,357,15,2026-01-20,08:40:32,9316.86,9,0.0154,0.002,10056.1,-2.7,2.2,2.0502,0.0717,0.0002,0.2727,-739.597,60,0,43.79,-79.5035,209.07,24.8149,34.8303,296,11011,,2026-01-20 08:40:32,000000021010313,201,-1.81899e-12,0.0713252,0.00824633,-0.0634537,9316.8,,,True,CG6-0313|2026-01-20|L9|S15,field,MATCHED,D5:wor:L9-15,2.99499
CG6-0313,337,358,16,2026-01-20,08:47:21,9315.11,9,0.0203,0.0026,10054.4,-1.8,1.9,2.0557,0.0669,0.0002,0.2733,-739.599,60,0,43.79,-79.5035,209.07,24.8155,34.8299,300.4,11011,,2026-01-20 08:47:21,000000021010313,202,-0.0001,0.0665285,0.012328,-0.054572,9315.06,,,True,CG6-0313|2026-01-20|L9|S16,field,MATCHED,D5:wor:L9-16,1.84829
CG6-0313,338,359,17,2026-01-20,08:53:29,9311.44,9,0.0181,0.0023,10050.7,2.8,-5.3,2.0499,0.0625,0.0004,0.2727,-739.601,60,0,43.79,-79.5035,209.07,24.8162,34.8293,326.2,11011,,2026-01-20 08:53:29,000000021010313,203,0,0.0621194,0.0158913,-0.0466087,9311.39,,,True,CG6-0313|2026-01-20|L9|S17,field,MATCHED,D5:wor:L9-17,3.0073
CG6-0313,339,360,18,2026-01-20,09:11:17,9314.43,9,0.0221,0.0028,10053.7,-6.9,-7.4,2.0428,0.0493,0.0012,0.2716,-739.606,60,0,43.79,-79.5035,209.07,24.8169,34.829,311.4,11011,,2026-01-20 09:11:17,000000021010313,204,0,0.048911,0.0255526,-0.0237474,9314.41,,,True,CG6-0313|2026-01-20|L9|S18,field,MATCHED,D5:wor:L9-18,1.73894
CG6-0313,340,361,19,2026-01-20,09:17:24,9313.87,9,0.0298,0.0038,10053.2,6.3,7.9,2.0477,0.0446,0.0012,0.2724,-739.607,60,0,43.79,-79.5035,209.07,24.8176,34.828,283.7,11011,,2026-01-20 09:17:24,000000021010313,205,0,0.0442603,0.028599,-0.016001,9313.86,,,True,CG6-0313|2026-01-20|L9|S19,field,MATCHED,D5:wor:L9-19,6.96675
CG6-0313,341,362,20,2026-01-20,09:24:15,9312.23,9,0.026,0.0034,10051.5,0.2,3,2.0532,0.0394,0.0001,0.2731,-739.609,60,0,43.79,-79.5035,209.07,24.8183,34.8273,279.2,11011,,2026-01-20 09:24:15,000000021010313,206,1.81899e-12,0.0390026,0.0318284,-0.00757164,9312.23,,,True,CG6-0313|2026-01-20|L9|S20,field,MATCHED,D5:wor:L9-20,8.76182
CG6-0313,342,363,21,2026-01-20,09:31:03,9314.41,9,0.0286,0.0037,10053.7,-7.4,4,2.0525,0.0341,0.0008,0.2729,-739.611,60,0,43.79,-79.5035,209.07,24.8189,34.827,300.2,11011,,2026-01-20 09:31:03,000000021010313,207,-1.81899e-12,0.0337446,0.0348305,0.00073046,9314.41,,,True,CG6-0313|2026-01-20|L9|S21,field,MATCHED,D5:wor:L9-21,4.21794
CG6-0313,343,364,22,2026-01-20,09:40:46,9313.03,9,0.0201,0.0026,10052.3,-1.5,3.3,2.0355,0.0266,0.0002,0.2706,-739.614,60,0,43.79,-79.5035,209.07,24.819,34.8265,306.2,11011,,2026-01-20 09:40:46,000000021010313,208,0,0.02619,0.0387473,0.0121473,9313.04,,,True,CG6-0313|2026-01-20|L9|S22,field,MATCHED,D5:wor:L9-22,4.26961
CG6-0313,344,365,23,2026-01-20,09:51:08,9313.74,9,0.0216,0.0028,10053.1,5.1,-0.4,2.0358,0.0185,0.0003,0.2709,-739.617,60,0,43.79,-79.5035,209.07,24.8194,34.8259,321.2,11011,,2026-01-20 09:51:08,000000021010313,209,-0.0001,0.0181154,0.0424045,0.0239045,9313.76,,,True,CG6-0313|2026-01-20|L9|S23,field,MATCHED,D5:wor:L9-23,2.91345
CG6-0313,345,366,24,2026-01-20,09:56:28,9310.35,9,0.0288,0.0037,10049.7,-2.1,-7.2,2.0384,0.0143,0.0007,0.2712,-739.618,60,0,43.79,-79.5035,209.07,24.8198,34.8249,329.3,11011,,2026-01-20 09:56:28,000000021010313,210,0,0.0139698,0.0440644,0.0297644,9310.38,,,True,CG6-0313|2026-01-20|L9|S24,field,MATCHED,D5:wor:L9-24,3.40012
CG6-0313,346,367,25,2026-01-20,10:04:13,9311.83,9,0.0372,0.0048,10051.2,-5.6,8.1,2.0383,0.0083,0.0011,0.2712,-739.62,60,0,43.79,-79.5035,209.07,24.8204,34.8239,327.7,11011,,2026-01-20 10:04:13,000000021010313,211,0.0001,0.00797242,0.0462006,0.0379006,9311.87,,,True,CG6-0313|2026-01-20|L9|S25,field,MATCHED,D5:wor:L9-25,2.25935
CG6-0313,347,368,100,2026-01-20,11:37:14,9343.22,0,0.0226,0.0029,10082.6,2.7,-12.9,2.0311,-0.0551,0.0021,0.2703,-739.646,60,0,43.79,-79.5035,209.07,24.7868,34.9338,110.4,11011,,2026-01-20 11:37:14,000000021010313,212,0,-0.0553696,0.0442405,0.0993405,9343.32,,,True,CG6-0313|2026-01-20|L0|S100,field_base_100,MATCHED,D5:wor:Base100,6.60585
CG6-0313,348,369,100,2026-01-20,11:38:14,9343.22,0,0.0483,0.0062,10082.6,13.2,-32.8,2.0313,-0.0557,0.0165,0.2701,-739.646,60,0,43.79,-79.5035,209.07,24.7868,34.9338,110.4,11011,,2026-01-20 11:38:14,000000021010313,212,1.81899e-12,-0.0559117,0.0439411,0.0996411,9343.32,TILT_GT_30,,False,CG6-0313|2026-01-20|L0|S100,field_base_100,MATCHED,D5:wor:Base100,6.60585
CG6-0313,349,370,100,2026-01-20,11:40:20,9343.24,0,0.0259,0.0033,10082.7,6.5,1.8,2.0317,-0.0568,0.0006,0.2703,-739.647,60,0,43.79,-79.5035,209.07,24.7868,34.9338,110.5,11011,,2026-01-20 11:40:20,000000021010313,212,-0.0001,-0.0570377,0.0432947,0.100095,9343.34,,,True,CG6-0313|2026-01-20|L0|S100,field_base_100,MATCHED,D5:wor:Base100,6.60585
CG6-0313,350,371,100,2026-01-20,11:41:20,9343.23,0,0.0279,0.0036,10082.7,6.3,0.4,2.0333,-0.0573,0.0006,0.2705,-739.647,60,0,43.79,-79.5035,209.07,24.7868,34.9338,110.4,11011,,2026-01-20 11:41:20,000000021010313,212,0,-0.057568,0.0429786,0.100279,9343.33,,,True,CG6-0313|2026-01-20|L0|S100,field_base_100,MATCHED,D5:wor:Base100,6.60585
CG6-0313,351,372,3,2026-01-20,13:07:56,9322.46,6,0.037,0.0048,10061.9,-3.3,-0.9,2.0172,-0.0872,0.0002,0.2684,-739.671,60,0,43.79,-79.5035,209.07,24.7982,34.8326,252.5,11011,,2026-01-20 13:07:56,000000021010313,213,-1.81899e-12,-0.0872767,-0.00037364,0.0868264,9322.54,,,True,CG6-0313|2026-01-20|L6|S3,field,MATCHED,D5:wor:L6-3,4.70724
CG6-0313,352,373,4,2026-01-20,13:13:21,9322.09,6,0.0259,0.0033,10061.6,3,5.2,2.0173,-0.088,0.0004,0.2684,-739.673,60,0,43.79,-79.5035,209.07,24.7983,34.8308,247.4,11011,,2026-01-20 13:13:21,000000021010313,214,0.0001,-0.088018,-0.00381012,0.0841899,9322.17,,,True,CG6-0313|2026-01-20|L6|S4,field,MATCHED,D5:wor:L6-4,14.9263
CG6-0313,353,374,5,2026-01-20,13:26:09,9321.67,6,0.0164,0.0021,10061.2,-6.7,-0.1,2.0066,-0.0892,0.0005,0.267,-739.676,60,0,43.79,-79.5035,209.07,24.7985,34.83,260.5,11011,,2026-01-20 13:26:09,000000021010313,215,-0.0001,-0.0892538,-0.0120665,0.0771335,9321.75,,,True,CG6-0313|2026-01-20|L6|S5,field,MATCHED,D5:wor:L6-5,5.21884
CG6-0313,354,375,6,2026-01-20,13:34:08,9321.43,6,0.0165,0.0021,10060.9,1,-1.7,2.0033,-0.0897,0.0001,0.2663,-739.678,60,0,43.79,-79.5035,209.07,24.7992,34.83,281.7,11011,,2026-01-20 13:34:08,000000021010313,216,1.81899e-12,-0.089665,-0.0172673,0.0724327,9321.5,,,True,CG6-0313|2026-01-20|L6|S6,field,MATCHED,D5:wor:L6-6,12.2974
CG6-0313,355,376,7,2026-01-20,13:38:37,9321.35,6,0.0247,0.0032,10060.8,-1.9,5.5,2.0155,-0.0898,0.0004,0.2681,-739.679,60,0,43.79,-79.5035,209.07,24.7999,34.8301,249.9,11011,,2026-01-20 13:38:37,000000021010313,217,0,-0.0897778,-0.0201922,0.0696078,9321.41,,,True,CG6-0313|2026-01-20|L6|S7,field,MATCHED,D5:wor:L6-7,8.13343
CG6-0313,356,377,8,2026-01-20,13:43:31,9320.8,6,0.015,0.0019,10060.3,-0.2,4.1,2.0247,-0.0898,0.0002,0.2693,-739.681,60,0,43.79,-79.5035,209.07,24.8009,34.83,256.1,11011,,2026-01-20 13:43:31,000000021010313,218,-1.81899e-12,-0.0898058,-0.0233828,0.0664172,9320.87,,,True,CG6-0313|2026-01-20|L6|S8,field,MATCHED,D5:wor:L6-8,9.10574
CG6-0313,357,378,9,2026-01-20,13:47:33,9320.52,6,0.0262,0.0034,10060,2.1,-1.6,2.0269,-0.0898,0.0001,0.2695,-739.682,60,0,43.79,-79.5035,209.07,24.8013,34.8293,265.4,11011,,2026-01-20 13:47:33,000000021010313,219,0,-0.0897556,-0.0259971,0.0638029,9320.58,,,True,CG6-0313|2026-01-20|L6|S9,field,MATCHED,D5:wor:L6-9,4.30519
CG6-0313,358,379,10,2026-01-20,13:50:57,9320.3,6,0.0287,0.0037,10059.8,-8.8,4.1,2.0209,-0.0897,0.0011,0.2687,-739.683,60,0,43.79,-79.5035,209.07,24.8017,34.8286,289.1,11011,,2026-01-20 13:50:57,000000021010313,220,-0.0001,-0.0896628,-0.0281918,0.0615082,9320.36,,,True,CG6-0313|2026-01-20|L6|S10,field,MATCHED,D5:wor:L6-10,12.5416
CG6-0313,359,380,11,2026-01-20,13:55:01,9319.85,6,0.0192,0.0025,10059.4,5.3,6.5,2.0173,-0.0895,0.0008,0.2684,-739.684,60,0,43.79,-79.5035,209.07,24.8023,34.828,277.6,11011,,2026-01-20 13:55:01,000000021010313,221,0,-0.0894922,-0.0308027,0.0586973,9319.91,,,True,CG6-0313|2026-01-20|L6|S11,field,MATCHED,D5:wor:L6-11,6.32168
CG6-0313,360,381,12,2026-01-20,13:59:58,9319.53,6,0.0279,0.0036,10059,1.7,-6.2,2.0106,-0.0892,0.0005,0.2675,-739.685,60,0,43.79,-79.5035,209.07,24.8031,34.8277,275.5,11011,,2026-01-20 13:59:58,000000021010313,222,-0.0001,-0.0891987,-0.0339548,0.0552452,9319.59,,,True,CG6-0313|2026-01-20|L6|S12,field,MATCHED,D5:wor:L6-12,7.42905
CG6-0313,361,382,13,2026-01-20,14:05:08,9319.13,6,0.0219,0.0028,10058.6,-1.6,4.7,2.0105,-0.0889,0.0003,0.2675,-739.687,60,0,43.79,-79.5035,209.07,24.8038,34.827,273.7,11011,,2026-01-20 14:05:08,000000021010313,223,0.0001,-0.0887944,-0.0372048,0.0516952,9319.18,,,True,CG6-0313|2026-01-20|L6|S13,field,MATCHED,D5:wor:L6-13,3.59361
CG6-0313,362,383,14,2026-01-20,14:09:10,9318.78,6,0.0369,0.0048,10058.3,7.3,3.5,2.0081,-0.0885,0.0008,0.2671,-739.688,60,0,43.79,-79.5035,209.07,24.8045,34.8267,279.6,11011,,2026-01-20 14:09:10,000000021010313,224,1.81899e-12,-0.0884112,-0.0397103,0.0487897,9318.83,,,True,CG6-0313|2026-01-20|L6|S14,field,MATCHED,D5:wor:L6-14,10.5856
CG6-0313,363,384,15,2026-01-20,14:12:26,9318.47,6,0.0178,0.0023,10058,-1.8,6.7,2.0068,-0.0881,0.0006,0.2671,-739.689,60,0,43.79,-79.5035,209.07,24.8049,34.8262,289.8,11011,,2026-01-20 14:12:26,000000021010313,225,-0.0001,-0.0880586,-0.0417147,0.0463853,9318.51,,,True,CG6-0313|2026-01-20|L6|S15,field,MATCHED,D5:wor:L6-15,7.68755
CG6-0313,364,385,100,2026-01-20,15:07:52,9343.19,0,0.0258,0.0033,10082.7,-6.2,-2.1,2.0265,-0.0773,0.0005,0.2695,-739.704,60,0,43.79,-79.5035,209.07,24.7868,34.9338,103.5,11011,,2026-01-20 15:07:52,000000021010313,226,1.81899e-12,-0.0771959,-0.0708038,0.00649615,9343.2,,,True,CG6-0313|2026-01-20|L0|S100,field_base_100,MATCHED,D5:wor:Base100,6.99447
CG6-0313,365,386,100,2026-01-20,15:08:52,9343.15,0,0.0444,0.0057,10082.7,-2,-0.4,2.0286,-0.0771,0.0001,0.27,-739.705,60,0,43.79,-79.5035,209.07,24.7868,34.9338,103.5,11011,,2026-01-20 15:08:52,000000021010313,226,0.0001,-0.0769317,-0.0712069,0.00589315,9343.16,,,True,CG6-0313|2026-01-20|L0|S100,field_base_100,MATCHED,D5:wor:Base100,6.99447
CG6-0313,366,387,100,2026-01-20,15:09:52,9343.24,0,0.0249,0.0032,10082.8,-0,0,2.0288,-0.0768,0,0.2699,-739.705,60,0,43.79,-79.5035,209.07,24.7868,34.9338,103.5,11011,,2026-01-20 15:09:52,000000021010313,226,1.81899e-12,-0.0766657,-0.0716048,0.0051952,9343.25,REPEAT_OUTLIER,,False,CG6-0313|2026-01-20|L0|S100,field_base_100,MATCHED,D5:wor:Base100,6.99447
CG6-0313,367,388,100,2026-01-20,15:10:52,9343.15,0,0.0217,0.0028,10082.7,1.5,1.7,2.0273,-0.0765,0.0001,0.2697,-739.705,60,0,43.79,-79.5035,209.07,24.7868,34.9338,103.5,11011,,2026-01-20 15:10:52,000000021010313,226,-0.0001,-0.0763979,-0.0719976,0.00450235,9343.16,,,True,CG6-0313|2026-01-20|L0|S100,field_base_100,MATCHED,D5:wor:Base100,6.99447
CG6-0313,368,389,0,2026-01-20,16:22:31,9408.46,0,0.0136,0.0018,10148,-1.9,7.8,2.031,-0.0549,0.0008,0.2702,-739.725,60,0,43.79,-79.5035,209.07,25.0668,34.8777,44.8,11011,,2026-01-20 16:22:31,000000021010313,227,-1.81899e-12,-0.0547297,-0.084698,-0.029798,9408.43,,,True,CG6-0313|2026-01-20|L0|S0,hotel_base_0,MATCHED,D5:wor:Base0,9.53987
CG6-0313,369,390,0,2026-01-20,16:23:31,9408.46,0,0.0149,0.0019,10148,-3.7,6.9,2.0302,-0.0546,0.0007,0.27,-739.725,60,0,43.79,-79.5035,209.07,25.0668,34.8777,44.8,11011,,2026-01-20 16:23:31,000000021010313,227,0.0001,-0.054423,-0.0846351,-0.0300351,9408.43,,,True,CG6-0313|2026-01-20|L0|S0,hotel_base_0,MATCHED,D5:wor:Base0,9.53987
CG6-0313,370,391,0,2026-01-20,16:24:31,9408.5,0,0.0235,0.003,10148,-4.2,6.8,2.0282,-0.0543,0.0008,0.2698,-739.725,60,0,43.79,-79.5035,209.07,25.0668,34.8777,44.8,11011,,2026-01-20 16:24:31,000000021010313,227,0,-0.0541169,-0.0845652,-0.0302652,9408.46,,,True,CG6-0313|2026-01-20|L0|S0,hotel_base_0,MATCHED,D5:wor:Base0,9.53987
CG6-0313,371,392,0,2026-01-20,16:25:31,9408.43,0,0.0208,0.0027,10147.9,-3.6,6.6,2.0268,-0.054,0.0007,0.2696,-739.726,60,0,43.79,-79.5035,209.07,25.0668,34.8777,44.8,11011,,2026-01-20 16:25:31,000000021010313,227,0,-0.0538116,-0.0844884,-0.0304884,9408.4,,,True,CG6-0313|2026-01-20|L0|S0,hotel_base_0,MATCHED,D5:wor:Base0,9.53987
CG6-0313,372,393,0,2026-01-21,05:26:14,9408.33,0,0.0283,0.0037,10147.9,3.8,3.3,2.0033,0.0951,0.0003,0.2664,-739.941,60,0,43.79,-79.5035,209.07,25.0668,34.8776,36.1,11011,,2026-01-21 05:26:14,000000021010313,228,0,0.0951876,-0.0840347,-0.179135,9408.15,,,True,CG6-0313|2026-01-21|L0|S0,hotel_base_0,MATCHED,D6:wor:BASE 21-01-2026,2.0682
CG6-0313,373,394,0,2026-01-21,05:27:14,9408.31,0,0.0179,0.0023,10147.9,4.4,3.6,2.0039,0.0955,0.0004,0.2665,-739.941,60,0,43.79,-79.5035,209.07,25.0668,34.8776,36.1,11011,,2026-01-21 05:27:14,000000021010313,228,0,0.095584,-0.0841526,-0.179653,9408.13,,,True,CG6-0313|2026-01-21|L0|S0,hotel_base_0,MATCHED,D6:wor:BASE 21-01-2026,2.0682
CG6-0313,374,395,0,2026-01-21,05:28:14,9408.35,0,0.0255,0.0033,10147.9,2.4,3.3,2.003,0.0959,0.0002,0.2665,-739.942,60,0,43.79,-79.5035,209.07,25.0668,34.8776,36.1,11011,,2026-01-21 05:28:14,000000021010313,228,-0.0001,0.0959758,-0.0842636,-0.180164,9408.17,,,True,CG6-0313|2026-01-21|L0|S0,hotel_base_0,MATCHED,D6:wor:BASE 21-01-2026,2.0682
CG6-0313,375,396,0,2026-01-21,05:29:14,9408.31,0,0.0212,0.0027,10147.9,3.3,3.3,2.0023,0.0962,0.0002,0.2663,-739.942,60,0,43.79,-79.5035,209.07,25.0668,34.8776,36.1,11011,,2026-01-21 05:29:14,000000021010313,228,0,0.096363,-0.0843677,-0.180568,9408.13,,,True,CG6-0313|2026-01-21|L0|S0,hotel_base_0,MATCHED,D6:wor:BASE 21-01-2026,2.0682
CG6-0313,376,397,100,2026-01-21,07:30:31,9342.95,0,0.027,0.0035,10082.6,-3,6.6,2.0221,0.1049,0.0006,0.2688,-739.975,60,0,43.79,-79.5035,209.07,24.7867,34.9337,102.8,11011,,2026-01-21 07:30:31,000000021010313,229,0.0001,0.104778,-0.0498815,-0.154782,9342.8,,,True,CG6-0313|2026-01-21|L0|S100,field_base_100,MATCHED,D6:wor:Base 100,4.04209
CG6-0313,377,398,100,2026-01-21,07:31:31,9342.97,0,0.0214,0.0028,10082.6,-4.1,4.3,2.0245,0.1047,0.0004,0.2693,-739.976,60,0,43.79,-79.5035,209.07,24.7867,34.9337,102.8,11011,,2026-01-21 07:31:31,000000021010313,229,-0.0001,0.104518,-0.0492907,-0.153991,9342.81,,,True,CG6-0313|2026-01-21|L0|S100,field_base_100,MATCHED,D6:wor:Base 100,4.04209
CG6-0313,378,399,100,2026-01-21,07:32:31,9343,0,0.0358,0.0046,10082.6,-4,1.5,2.0255,0.1044,0.0003,0.2694,-739.976,60,0,43.79,-79.5035,209.07,24.7867,34.9337,102.8,11011,,2026-01-21 07:32:31,000000021010313,229,1.81899e-12,0.104254,-0.0486966,-0.153097,9342.85,,,True,CG6-0313|2026-01-21|L0|S100,field_base_100,MATCHED,D6:wor:Base 100,4.04209
CG6-0313,379,400,100,2026-01-21,07:33:31,9342.98,0,0.0194,0.0025,10082.6,-4.6,0.5,2.0267,0.1042,0.0003,0.2696,-739.976,60,0,43.79,-79.5035,209.07,24.7867,34.9337,102.8,11011,,2026-01-21 07:33:31,000000021010313,229,-0.0001,0.103984,-0.0480993,-0.152299,9342.83,,,True,CG6-0313|2026-01-21|L0|S100,field_base_100,MATCHED,D6:wor:Base 100,4.04209
CG6-0313,380,401,16,2026-01-21,09:08:22,9318.16,6,0.0187,0.0024,10057.8,-2.2,2,2.0355,0.0586,0.0001,0.2707,-740.002,60,0,43.79,-79.5035,209.07,24.8052,34.8253,276.9,11011,,2026-01-21 09:08:22,000000021010313,230,0,0.0582664,0.0147088,-0.0438912,9318.12,,,True,CG6-0313|2026-01-21|L6|S16,field,MATCHED,D6:wor:L6-16,3.11812
CG6-0313,381,402,17,2026-01-21,09:13:10,9317.92,6,0.0203,0.0026,10057.6,8.6,5.3,2.0423,0.0554,0.0012,0.2716,-740.004,60,0,43.79,-79.5035,209.07,24.8055,34.8245,271.5,11011,,2026-01-21 09:13:10,000000021010313,231,0.0001,0.0551188,0.0177931,-0.0376069,9317.89,,,True,CG6-0313|2026-01-21|L6|S17,field,MATCHED,D6:wor:L6-17,4.62731
CG6-0313,382,403,18,2026-01-21,09:17:41,9317.67,6,0.0189,0.0024,10057.3,4.3,1.7,2.0515,0.0524,0.0003,0.2729,-740.005,60,0,43.79,-79.5035,209.07,24.8057,34.8236,268.2,11011,,2026-01-21 09:17:41,000000021010313,232,0,0.052108,0.020646,-0.031754,9317.63,,,True,CG6-0313|2026-01-21|L6|S18,field,MATCHED,D6:wor:L6-18,3.6813
CG6-0313,383,404,19,2026-01-21,09:22:14,9317.42,6,0.0423,0.0055,10057.1,-2.9,7,2.0573,0.0494,0.0007,0.2736,-740.006,60,0,43.79,-79.5035,209.07,24.806,34.8228,254.9,11011,,2026-01-21 09:22:14,000000021010313,233,0,0.0490306,0.0234657,-0.0259343,9317.39,,,True,CG6-0313|2026-01-21|L6|S19,field,MATCHED,D6:wor:L6-19,7.40758
CG6-0313,384,405,20,2026-01-21,09:25:56,9317.08,6,0.0273,0.0035,10056.8,-7.8,-2.7,2.0598,0.0468,0.0008,0.274,-740.007,60,0,43.79,-79.5035,209.07,24.8066,34.8222,264.9,11011,,2026-01-21 09:25:56,000000021010313,234,0.0001,0.0464976,0.0257146,-0.0210854,9317.06,,,True,CG6-0313|2026-01-21|L6|S20,field,MATCHED,D6:wor:L6-20,3.43577
CG6-0313,385,406,21,2026-01-21,09:30:04,9316.73,6,0.0163,0.0021,10056.4,5.7,-2.6,2.0606,0.044,0.0005,0.2742,-740.008,60,0,43.79,-79.5035,209.07,24.8074,34.8218,284.5,11011,,2026-01-21 09:30:04,000000021010313,235,-0.0001,0.0436383,0.0281778,-0.0158222,9316.71,,,True,CG6-0313|2026-01-21|L6|S21,field,MATCHED,D6:wor:L6-21,2.96129
CG6-0313,386,407,22,2026-01-21,09:33:29,9316.27,6,0.0273,0.0035,10056,3.2,1.5,2.0584,0.0416,0.0002,0.2737,-740.009,60,0,43.79,-79.5035,209.07,24.8081,34.8215,275.1,11011,,2026-01-21 09:33:29,000000021010313,236,-0.0001,0.041253,0.0301722,-0.0114278,9316.26,,,True,CG6-0313|2026-01-21|L6|S22,field,MATCHED,D6:wor:L6-22,4.15058
CG6-0313,387,408,23,2026-01-21,09:38:19,9315.95,6,0.0157,0.002,10055.6,0.6,4.3,2.0621,0.0382,0.0003,0.2743,-740.011,60,0,43.79,-79.5035,209.07,24.8087,34.8208,256.1,11011,,2026-01-21 09:38:19,000000021010313,237,-0.0001,0.0378482,0.0329263,-0.00527371,9315.95,,,True,CG6-0313|2026-01-21|L6|S23,field,MATCHED,D6:wor:L6-23,9.08002
CG6-0313,388,409,24,2026-01-21,09:42:23,9315.68,6,0.0132,0.0017,10055.4,6.1,0.7,2.0623,0.0353,0.0005,0.2743,-740.012,60,0,43.79,-79.5035,209.07,24.8098,34.8208,283.2,11011,,2026-01-21 09:42:23,000000021010313,238,-0.0001,0.0349588,0.0351779,-0.000122068,9315.68,,,True,CG6-0313|2026-01-21|L6|S24,field,MATCHED,D6:wor:L6-24,8.21305
CG6-0313,389,410,25,2026-01-21,09:48:11,9315.27,6,0.0138,0.0018,10055,-7.5,1.9,2.0646,0.0311,0.0007,0.2745,-740.013,60,0,43.79,-79.5035,209.07,24.8105,34.8207,254.1,11011,,2026-01-21 09:48:11,000000021010313,239,0.0001,0.0308043,0.0382824,0.00718235,9315.28,,,True,CG6-0313|2026-01-21|L6|S25,field,MATCHED,D6:wor:L6-25,7.60339
CG6-0313,390,411,26,2026-01-21,09:51:58,9315.02,6,0.0242,0.0031,10054.7,-1.2,-3.7,2.0631,0.0284,0.0002,0.2743,-740.014,60,0,43.79,-79.5035,209.07,24.8111,34.8206,277.8,11011,,2026-01-21 09:51:58,000000021010313,240,1.81899e-12,0.0280763,0.0402338,0.0118338,9315.03,,,True,CG6-0313|2026-01-21|L6|S26,field,MATCHED,D6:wor:L6-26,9.69308
CG6-0313,391,412,27,2026-01-21,09:55:34,9314.58,6,0.0254,0.0033,10054.3,-1.3,-5.8,2.0602,0.0258,0.0005,0.274,-740.015,60,0,43.79,-79.5035,209.07,24.8118,34.8205,258.3,11011,,2026-01-21 09:55:34,000000021010313,241,1.81899e-12,0.0254698,0.0420344,0.0162344,9314.6,,,True,CG6-0313|2026-01-21|L6|S27,field,MATCHED,D6:wor:L6-27,11.5146
CG6-0313,392,413,28,2026-01-21,09:59:23,9314.18,6,0.0163,0.0021,10053.9,4.6,0.7,2.0597,0.023,0.0003,0.2739,-740.016,60,0,43.79,-79.5035,209.07,24.8126,34.8206,267.2,11011,,2026-01-21 09:59:23,000000021010313,242,0,0.022697,0.043882,0.020882,9314.2,,,True,CG6-0313|2026-01-21|L6|S28,field,MATCHED,D6:wor:L6-28,13.477
CG6-0313,393,414,29,2026-01-21,10:02:30,9313.58,6,0.0165,0.0021,10053.3,-6.8,7.3,2.057,0.0208,0.0012,0.2735,-740.017,60,0,43.79,-79.5035,209.07,24.8132,34.8205,282.1,11011,,2026-01-21 10:02:30,000000021010313,243,0,0.020427,0.0453415,0.0245415,9313.6,,,True,CG6-0313|2026-01-21|L6|S29,field,MATCHED,D6:wor:L6-29,6.16077
CG6-0313,394,415,30,2026-01-21,10:06:32,9313.04,6,0.0141,0.0018,10052.8,-2.5,-3,2.0587,0.0178,0.0002,0.2739,-740.019,60,0,43.79,-79.5035,209.07,24.8137,34.8198,266,11011,,2026-01-21 10:06:32,000000021010313,244,0,0.017484,0.047164,0.029364,9313.07,,,True,CG6-0313|2026-01-21|L6|S30,field,MATCHED,D6:wor:L6-30,7.87006
CG6-0313,395,416,31,2026-01-21,10:10:15,9312.65,6,0.0288,0.0037,10052.4,-5.7,-1,2.0571,0.0151,0.0004,0.2736,-740.019,60,0,43.79,-79.5035,209.07,24.814,34.819,263.3,11011,,2026-01-21 10:10:15,000000021010313,245,-1.81899e-12,0.0147686,0.0487754,0.0336754,9312.68,,,True,CG6-0313|2026-01-21|L6|S31,field,MATCHED,D6:wor:L6-31,13.0313
CG6-0313,396,417,32,2026-01-21,10:16:20,9312.24,6,0.027,0.0035,10052,-4.3,6.7,2.0662,0.0107,0.0008,0.2749,-740.021,60,0,43.79,-79.5035,209.07,24.8148,34.819,281.3,11011,,2026-01-21 10:16:20,000000021010313,246,-0.0001,0.0103228,0.0512667,0.0405667,9312.28,,,True,CG6-0313|2026-01-21|L6|S32,field,MATCHED,D6:wor:L6-32,7.95306
CG6-0313,397,418,33,2026-01-21,10:32:07,9315.98,6,0.0166,0.0021,10055.7,0.2,-1.9,2.0404,-0.0008,0.0001,0.2714,-740.026,60,0,43.79,-79.5035,209.07,24.8089,34.8205,276.3,11011,,2026-01-21 10:32:07,000000021010313,247,1.81899e-12,-0.00116209,0.0568709,0.0576709,9316.03,,,True,CG6-0313|2026-01-21|L6|S33,field,MATCHED,D6:wor:L6-33,3.59135
CG6-0313,398,419,34,2026-01-21,10:38:02,9315.46,6,0.0166,0.0021,10055.2,1.6,6.8,2.0512,-0.0051,0.0006,0.2728,-740.027,60,0,43.79,-79.5035,209.07,24.8094,34.8198,272.8,11011,,2026-01-21 10:38:02,000000021010313,248,0.0001,-0.0054255,0.0586084,0.0637084,9315.52,,,True,CG6-0313|2026-01-21|L6|S34,field,MATCHED,D6:wor:L6-34,7.7185
CG6-0313,399,420,35,2026-01-21,10:42:42,9314.97,6,0.0258,0.0033,10054.7,-6.1,5.4,2.0591,-0.0084,0.0008,0.2738,-740.029,60,0,43.79,-79.5035,209.07,24.8097,34.8189,285.2,11011,,2026-01-21 10:42:42,000000021010313,249,0,-0.00876369,0.0598384,0.0682384,9315.03,,,True,CG6-0313|2026-01-21|L6|S35,field,MATCHED,D6:wor:L6-35,19.3171
CG6-0313,400,421,36,2026-01-21,10:51:12,9314.53,6,0.0225,0.0029,10054.3,-0.6,5.9,2.0652,-0.0144,0.0004,0.2746,-740.031,60,0,43.79,-79.5035,209.07,24.8103,34.8182,298,11011,,2026-01-21 10:51:12,000000021010313,250,0,-0.0147749,0.0617553,0.0761553,9314.6,,,True,CG6-0313|2026-01-21|L6|S36,field,MATCHED,D6:wor:L6-36,11.4238
CG6-0313,401,422,37,2026-01-21,10:54:44,9313.97,6,0.0292,0.0038,10053.7,-0.8,1.8,2.0662,-0.0169,0.0001,0.2749,-740.032,60,0,43.79,-79.5035,209.07,24.811,34.8178,292,11011,,2026-01-21 10:54:44,000000021010313,251,-0.0001,-0.0172431,0.0624247,0.0793247,9314.05,,,True,CG6-0313|2026-01-21|L6|S37,field,MATCHED,D6:wor:L6-37,5.49392
CG6-0313,402,423,38,2026-01-21,11:00:51,9313.72,6,0.0175,0.0023,10053.5,0.6,5.9,2.0779,-0.0211,0.0004,0.2763,-740.034,60,0,43.79,-79.5035,209.07,24.8117,34.8174,291.5,11011,,2026-01-21 11:00:51,000000021010313,252,-1.81899e-12,-0.0214668,0.0634089,0.0845089,9313.8,,,True,CG6-0313|2026-01-21|L6|S38,field,MATCHED,D6:wor:L6-38,5.38713
CG6-0313,403,424,39,2026-01-21,11:04:58,9313.43,6,0.0286,0.0037,10053.2,-0.5,6.9,2.0772,-0.024,0.0006,0.2763,-740.035,60,0,43.79,-79.5035,209.07,24.8125,34.8173,297.9,11011,,2026-01-21 11:04:58,000000021010313,253,0.0001,-0.0242711,0.0639428,0.0879428,9313.52,,,True,CG6-0313|2026-01-21|L6|S39,field,MATCHED,D6:wor:L6-39,2.86719
CG6-0313,404,425,40,2026-01-21,11:08:27,9313.21,6,0.0167,0.0022,10053,-4.3,3.7,2.071,-0.0263,0.0004,0.2752,-740.036,60,0,43.79,-79.5035,209.07,24.8131,34.8177,311.7,11011,,2026-01-21 11:08:27,000000021010313,254,-1.81899e-12,-0.0266176,0.064314,0.090614,9313.3,,,True,CG6-0313|2026-01-21|L6|S40,field,MATCHED,D6:wor:L6-40,1.40433
CG6-0313,405,426,41,2026-01-21,11:16:00,9312.66,6,0.0246,0.0032,10052.4,-2.2,13.1,2.0618,-0.0313,0.0021,0.2742,-740.038,60,0,43.79,-79.5035,209.07,24.8139,34.8173,296.7,11011,,2026-01-21 11:16:00,000000021010313,255,1.81899e-12,-0.0316136,0.0648659,0.0961659,9312.75,,,True,CG6-0313|2026-01-21|L6|S41,field,MATCHED,D6:wor:L6-41,5.06044
CG6-0313,406,427,42,2026-01-21,11:19:46,9311.98,6,0.0252,0.0033,10051.8,3.5,7.5,2.0578,-0.0338,0.0008,0.2738,-740.039,60,0,43.79,-79.5035,209.07,24.8147,34.8168,294.1,11011,,2026-01-21 11:19:46,000000021010313,256,-1.81899e-12,-0.0340566,0.0650084,0.0988084,9312.08,,,True,CG6-0313|2026-01-21|L6|S42,field,MATCHED,D6:wor:L6-42,6.45733
CG6-0313,407,428,43,2026-01-21,11:23:28,9311.88,6,0.0186,0.0024,10051.7,-1.6,-4.9,2.0572,-0.0361,0.0003,0.2736,-740.04,60,0,43.79,-79.5035,209.07,24.8153,34.8168,287.5,11011,,2026-01-21 11:23:28,000000021010313,257,-1.81899e-12,-0.036422,0.0650637,0.101164,9311.99,,,True,CG6-0313|2026-01-21|L6|S43,field,MATCHED,D6:wor:L6-43,7.48656
CG6-0313,408,429,44,2026-01-21,11:28:22,9311.54,6,0.03,0.0039,10051.3,-8.6,3.8,2.056,-0.0392,0.0011,0.2735,-740.041,60,0,43.79,-79.5035,209.07,24.8161,34.8166,309.2,11011,,2026-01-21 11:28:22,000000021010313,258,0,-0.0394994,0.0650072,0.104207,9311.65,,,True,CG6-0313|2026-01-21|L6|S44,field,MATCHED,D6:wor:L6-44,6.65018
CG6-0313,409,430,45,2026-01-21,11:31:35,9311.14,6,0.0273,0.0035,10050.9,1.3,7.1,2.0487,-0.0412,0.0006,0.2726,-740.042,60,0,43.79,-79.5035,209.07,24.817,34.8167,316.7,11011,,2026-01-21 11:31:35,000000021010313,259,-1.81899e-12,-0.0414839,0.0648882,0.106088,9311.24,,,True,CG6-0313|2026-01-21|L6|S45,field,MATCHED,D6:wor:L6-45,6.18979
CG6-0313,410,431,46,2026-01-21,11:35:58,9310.72,6,0.0207,0.0027,10050.5,-1.9,0.2,2.0474,-0.0439,0.0001,0.2723,-740.043,60,0,43.79,-79.5035,209.07,24.8176,34.8164,317.7,11011,,2026-01-21 11:35:58,000000021010313,260,1.81899e-12,-0.0441403,0.0646265,0.108527,9310.83,,,True,CG6-0313|2026-01-21|L6|S46,field,MATCHED,D6:wor:L6-46,5.76599
CG6-0313,411,432,100,2026-01-21,13:18:03,9342.58,0,0.0284,0.0037,10082.5,-1.2,-4,2.0477,-0.0858,0.0002,0.2724,-740.071,60,0,43.79,-79.5035,209.07,24.7868,34.9338,97.7,11011,,2026-01-21 13:18:03,000000021010313,261,1.81899e-12,-0.085863,0.0286575,0.114458,9342.7,,,True,CG6-0313|2026-01-21|L0|S100,field_base_100,MATCHED,D6:wor:Base 100,9.55482
CG6-0313,412,433,100,2026-01-21,13:19:03,9342.6,0,0.0229,0.003,10082.5,-0.3,-5.6,2.0475,-0.086,0.0004,0.2723,-740.072,60,0,43.79,-79.5035,209.07,24.7868,34.9338,97.7,11011,,2026-01-21 13:19:03,000000021010313,261,-1.81899e-12,-0.0860521,0.0280792,0.114079,9342.71,,,True,CG6-0313|2026-01-21|L0|S100,field_base_100,MATCHED,D6:wor:Base 100,9.55482
CG6-0313,413,434,100,2026-01-21,13:20:03,9342.56,0,0.0231,0.003,10082.4,0.9,-5.6,2.0466,-0.0862,0.0004,0.2722,-740.072,60,0,43.79,-79.5035,209.07,24.7868,34.9338,97.7,11011,,2026-01-21 13:20:03,000000021010313,261,0,-0.0862368,0.0274981,0.113698,9342.68,,,True,CG6-0313|2026-01-21|L0|S100,field_base_100,MATCHED,D6:wor:Base 100,9.55482
CG6-0313,414,435,100,2026-01-21,13:21:03,9342.59,0,0.0225,0.0029,10082.5,-0.2,-6.6,2.0437,-0.0863,0.0006,0.2718,-740.072,60,0,43.79,-79.5035,209.07,24.7868,34.9338,97.7,11011,,2026-01-21 13:21:03,000000021010313,261,1.81899e-12,-0.0864169,0.026914,0.113214,9342.7,,,True,CG6-0313|2026-01-21|L0|S100,field_base_100,MATCHED,D6:wor:Base 100,9.55482
CG6-0313,415,436,1,2026-01-21,14:00:22,9351.65,10,0.0186,0.0024,10091.5,-10.3,-8.4,2.1154,-0.09,0.0021,0.2814,-740.083,60,0,43.79,-79.5035,209.07,24.8007,34.9596,49.5,11011,,2026-01-21 14:00:22,000000021010313,262,1.81899e-12,-0.0899606,0.00214016,0.0921402,9351.74,,,True,CG6-0313|2026-01-21|L10|S1,field,MATCHED,D6:wor:L10-1,8.99775
CG6-0313,416,437,2,2026-01-21,14:04:21,9350.63,10,0.0177,0.0023,10090.5,0.7,-4.6,2.0611,-0.09,0.0003,0.2741,-740.084,60,0,43.79,-79.5035,209.07,24.7991,34.9606,45.8,11011,,2026-01-21 14:04:21,000000021010313,263,0,-0.089944,-0.000471342,0.0895287,9350.72,,,True,CG6-0313|2026-01-21|L10|S2,field,MATCHED,D6:wor:L10-2,7.32419
CG6-0313,417,438,3,2026-01-21,14:08:05,9349.65,10,0.0564,0.0073,10089.6,0.1,-11.2,2.0337,-0.0899,0.0016,0.2705,-740.085,60,0,43.79,-79.5035,209.07,24.7973,34.9612,53.2,11011,,2026-01-21 14:08:05,000000021010313,264,0,-0.0898681,-0.00292431,0.0869757,9349.74,,STDDEV_GT_0.050,True,CG6-0313|2026-01-21|L10|S3,field,MATCHED,D6:wor:L10-3,8.21213
CG6-0313,418,439,4,2026-01-21,14:11:41,9348.63,10,0.0201,0.0026,10088.5,8.4,-12.4,2.0225,-0.0898,0.0026,0.269,-740.086,60,0,43.79,-79.5035,209.07,24.7957,34.9618,65.5,11011,,2026-01-21 14:11:41,000000021010313,265,-1.81899e-12,-0.0897404,-0.00529274,0.0845073,9348.72,,,True,CG6-0313|2026-01-21|L10|S4,field,MATCHED,D6:wor:L10-4,7.04927
CG6-0313,419,440,5,2026-01-21,14:15:18,9347.99,10,0.0268,0.0035,10087.9,2.1,-5.7,2.0158,-0.0896,0.0005,0.2681,-740.087,60,0,43.79,-79.5035,209.07,24.7939,34.9622,69,11011,,2026-01-21 14:15:18,000000021010313,266,0,-0.0895589,-0.00767207,0.0819279,9348.07,,,True,CG6-0313|2026-01-21|L10|S5,field,MATCHED,D6:wor:L10-5,9.12155
CG6-0313,420,441,6,2026-01-21,14:18:48,9347.29,10,0.0175,0.0023,10087.2,4.7,0.9,2.0091,-0.0894,0.0003,0.2674,-740.088,60,0,43.79,-79.5035,209.07,24.7924,34.963,75.3,11011,,2026-01-21 14:18:48,000000021010313,267,0,-0.0893333,-0.00997414,0.0794259,9347.37,,,True,CG6-0313|2026-01-21|L10|S6,field,MATCHED,D6:wor:L10-6,5.49662
CG6-0313,421,442,7,2026-01-21,14:21:55,9346.34,10,0.0247,0.0032,10086.3,2.7,-2.3,2.0063,-0.0891,0.0002,0.2668,-740.089,60,0,43.79,-79.5035,209.07,24.7908,34.964,78.7,11011,,2026-01-21 14:21:55,000000021010313,268,0,-0.0890915,-0.0120202,0.0770798,9346.42,,,True,CG6-0313|2026-01-21|L10|S7,field,MATCHED,D6:wor:L10-7,5.04436
CG6-0313,422,443,8,2026-01-21,14:25:00,9345.41,10,0.0197,0.0025,10085.3,-6.4,-12.6,2.0043,-0.0889,0.0023,0.2666,-740.09,60,0,43.79,-79.5035,209.07,24.7892,34.965,90.6,11011,,2026-01-21 14:25:00,000000021010313,269,-0.0001,-0.0888151,-0.0140397,0.0748603,9345.49,,,True,CG6-0313|2026-01-21|L10|S8,field,MATCHED,D6:wor:L10-8,4.49224
CG6-0313,423,444,9,2026-01-21,14:28:20,9344.43,10,0.0197,0.0025,10084.3,-3.1,-4.5,2.0021,-0.0885,0.0004,0.2663,-740.091,60,0,43.79,-79.5035,209.07,24.7877,34.966,91.9,11011,,2026-01-21 14:28:20,000000021010313,270,-1.81899e-12,-0.0884753,-0.0162147,0.0722853,9344.5,,,True,CG6-0313|2026-01-21|L10|S9,field,MATCHED,D6:wor:L10-9,9.02306
CG6-0313,424,445,10,2026-01-21,14:32:50,9343.5,10,0.0177,0.0023,10083.4,6.2,-7.3,1.9983,-0.088,0.0011,0.2659,-740.092,60,0,43.79,-79.5035,209.07,24.786,34.9668,92.8,11011,,2026-01-21 14:32:50,000000021010313,271,0,-0.0879502,-0.0191341,0.0688659,9343.57,,,True,CG6-0313|2026-01-21|L10|S10,field,MATCHED,D6:wor:L10-10,5.27995
CG6-0313,425,446,11,2026-01-21,14:36:35,9342.73,10,0.0165,0.0021,10082.6,5.1,-7.9,1.9997,-0.0875,0.0011,0.266,-740.093,60,0,43.79,-79.5035,209.07,24.7845,34.9678,93.3,11011,,2026-01-21 14:36:35,000000021010313,272,-0.0001,-0.0874556,-0.0215491,0.0659509,9342.79,,,True,CG6-0313|2026-01-21|L10|S11,field,MATCHED,D6:wor:L10-11,8.31359
CG6-0313,426,447,100,2026-01-21,14:55:02,9342.71,0,0.0322,0.0042,10082.6,-0.5,2,1.9987,-0.0844,0.0001,0.2658,-740.098,60,0,43.79,-79.5035,209.07,24.7868,34.9338,95.5,11011,,2026-01-21 14:55:02,000000021010313,273,-0.0001,-0.0843092,-0.0330076,0.0513924,9342.76,,,True,CG6-0313|2026-01-21|L0|S100,field_base_100,MATCHED,D6:wor:Base 100,9.79095
CG6-0313,427,448,100,2026-01-21,14:56:02,9342.68,0,0.0235,0.003,10082.6,-0.1,0.5,1.9996,-0.0842,0,0.2659,-740.098,60,0,43.79,-79.5035,209.07,24.7868,34.9338,95.5,11011,,2026-01-21 14:56:02,000000021010313,273,0,-0.0841067,-0.0336128,0.0505872,9342.73,,,True,CG6-0313|2026-01-21|L0|S100,field_base_100,MATCHED,D6:wor:Base 100,9.79095
CG6-0313,428,449,100,2026-01-21,14:57:02,9342.7,0,0.0201,0.0026,10082.6,-1.8,-0.3,1.9996,-0.084,0,0.2658,-740.099,60,0,43.79,-79.5035,209.07,24.7868,34.9338,95.7,11011,,2026-01-21 14:57:02,000000021010313,273,0.0001,-0.083901,-0.0342155,0.0497845,9342.75,,,True,CG6-0313|2026-01-21|L0|S100,field_base_100,MATCHED,D6:wor:Base 100,9.79095
CG6-0313,429,450,100,2026-01-21,14:58:02,9342.75,0,0.019,0.0025,10082.7,-3.1,0.3,1.9992,-0.0838,0.0001,0.2659,-740.099,60,0,43.79,-79.5035,209.07,24.7868,34.9338,95.8,11011,,2026-01-21 14:58:02,000000021010313,273,1.81899e-12,-0.0836922,-0.0348156,0.0489844,9342.79,,,True,CG6-0313|2026-01-21|L0|S100,field_base_100,MATCHED,D6:wor:Base 100,9.79095
CG6-0313,430,451,0,2026-01-21,16:01:32,9408.05,0,0.0198,0.0026,10148,7.1,0.7,2.0295,-0.0656,0.0006,0.2699,-740.116,60,0,43.79,-79.5035,209.07,25.0669,34.8777,29.6,11011,,2026-01-21 16:01:32,000000021010313,274,1.81899e-12,-0.0654038,-0.0655875,1.24697e-05,9408.05,,,True,CG6-0313|2026-01-21|L0|S0,hotel_base_0,MATCHED,D6:wor:BASE 21-01-2026,10.4583
CG6-0313,431,452,0,2026-01-21,16:02:32,9408.02,0,0.0213,0.0027,10147.9,10.5,1.3,2.031,-0.0652,0.0014,0.2702,-740.117,60,0,43.79,-79.5035,209.07,25.0669,34.8777,29.6,11011,,2026-01-21 16:02:32,000000021010313,274,-1.81899e-12,-0.0650587,-0.0659174,-0.000717449,9408.02,,,True,CG6-0313|2026-01-21|L0|S0,hotel_base_0,MATCHED,D6:wor:BASE 21-01-2026,10.4583
CG6-0313,432,453,0,2026-01-21,16:03:32,9408.03,0,0.016,0.0021,10147.9,12.6,0.9,2.0308,-0.0649,0.0019,0.2702,-740.117,60,0,43.79,-79.5035,209.07,25.0669,34.8777,29.6,11011,,2026-01-21 16:03:32,000000021010313,274,-1.81899e-12,-0.0647127,-0.0662419,-0.00134188,9408.03,,,True,CG6-0313|2026-01-21|L0|S0,hotel_base_0,MATCHED,D6:wor:BASE 21-01-2026,10.4583
CG6-0313,433,454,0,2026-01-21,16:04:32,9408.04,0,0.0276,0.0036,10147.9,15.7,0.8,2.0301,-0.0645,0.0027,0.27,-740.117,60,0,43.79,-79.5035,209.07,25.0669,34.8777,29.6,11011,,2026-01-21 16:04:32,000000021010313,274,0,-0.0643656,-0.0665608,-0.00206078,9408.03,,,True,CG6-0313|2026-01-21|L0|S0,hotel_base_0,MATCHED,D6:wor:BASE 21-01-2026,10.4583
CG6-0313,434,455,0,2026-01-22,04:51:14,9407.65,0,0.0183,0.0024,10147.7,-3.1,4.3,2.0047,0.0424,0.0004,0.2667,-740.329,60,0,43.79,-79.5035,209.07,25.0668,34.8776,18.5,11011,,2026-01-22 04:51:14,000000021010313,275,-0.0001,0.0425577,-0.0597401,-0.10214,9407.54,,,True,CG6-0313|2026-01-22|L0|S0,hotel_base_0,MATCHED,D7:wor:Base0,5.88695
CG6-0313,435,456,0,2026-01-22,04:52:14,9407.66,0,0.0301,0.0039,10147.7,-4.5,4.5,2.0039,0.0429,0.0005,0.2664,-740.329,60,0,43.79,-79.5035,209.07,25.0668,34.8776,18.5,11011,,2026-01-22 04:52:14,000000021010313,275,0.0001,0.0431131,-0.0602537,-0.103154,9407.55,,,True,CG6-0313|2026-01-22|L0|S0,hotel_base_0,MATCHED,D7:wor:Base0,5.88695
CG6-0313,436,457,0,2026-01-22,04:53:14,9407.64,0,0.0186,0.0024,10147.7,-3.3,4.8,2.0022,0.0435,0.0005,0.2663,-740.33,60,0,43.79,-79.5035,209.07,25.0668,34.8776,18.5,11011,,2026-01-22 04:53:14,000000021010313,275,-0.0001,0.0436663,-0.0607616,-0.104262,9407.54,,,True,CG6-0313|2026-01-22|L0|S0,hotel_base_0,MATCHED,D7:wor:Base0,5.88695
CG6-0313,437,458,0,2026-01-22,04:54:14,9407.65,0,0.024,0.0031,10147.7,-4.7,4.5,2.0012,0.044,0.0005,0.2662,-740.33,60,0,43.79,-79.5035,209.07,25.0668,34.8776,18.5,11011,,2026-01-22 04:54:14,000000021010313,275,0,0.0442173,-0.0612636,-0.105264,9407.54,,,True,CG6-0313|2026-01-22|L0|S0,hotel_base_0,MATCHED,D7:wor:Base0,5.88695
CG6-0313,438,459,100,2026-01-22,07:25:26,9342.31,0,0.0145,0.0019,10082.3,-11.8,7.1,2.079,0.0863,0.0022,0.2765,-740.371,60,0,43.79,-79.5035,209.07,24.7868,34.9338,97.2,11011,,2026-01-22 07:25:26,000000021010313,276,-1.81899e-12,0.0862321,-0.0634178,-0.149718,9342.16,,,True,CG6-0313|2026-01-22|L0|S100,field_base_100,MATCHED,D7:wor:Base 100,2.60364
CG6-0313,439,460,100,2026-01-22,07:26:26,9342.31,0,0.0176,0.0023,10082.3,-16.4,7.1,2.0786,0.0863,0.0035,0.2763,-740.372,60,0,43.79,-79.5035,209.07,24.7868,34.9338,97.2,11011,,2026-01-22 07:26:26,000000021010313,276,-0.0001,0.0861654,-0.0629696,-0.14927,9342.16,,,True,CG6-0313|2026-01-22|L0|S100,field_base_100,MATCHED,D7:wor:Base 100,2.60364
CG6-0313,440,461,100,2026-01-22,07:27:26,9342.31,0,0.0387,0.005,10082.3,-11.5,8.4,2.079,0.0862,0.0022,0.2765,-740.372,60,0,43.79,-79.5035,209.07,24.7868,34.9338,97.2,11011,,2026-01-22 07:27:26,000000021010313,276,0.0001,0.0860938,-0.0625164,-0.148716,9342.16,,,True,CG6-0313|2026-01-22|L0|S100,field_base_100,MATCHED,D7:wor:Base 100,2.60364
CG6-0313,441,462,100,2026-01-22,07:28:26,9342.32,0,0.0137,0.0018,10082.3,-12.2,7.7,2.0789,0.0861,0.0023,0.2765,-740.372,60,0,43.79,-79.5035,209.07,24.7868,34.9338,97.2,11011,,2026-01-22 07:28:26,000000021010313,276,0.0001,0.0860173,-0.0620584,-0.148158,9342.17,,,True,CG6-0313|2026-01-22|L0|S100,field_base_100,MATCHED,D7:wor:Base 100,2.60364
CG6-0313,442,463,12,2026-01-22,08:07:54,7268.32,10,0.0048,0.0006,8008.35,9.6,4.5,2.0741,0.0793,0.0013,0.2758,-740.383,60,0,43.79,-79.5035,209.07,24.7827,34.9686,110.3,11011,,2026-01-22 08:07:54,000000021010313,277,-9.09495e-13,0.0791316,-0.0404753,-0.119775,7268.2,FROZEN_SENSOR_OUTPUT,,False,CG6-0313|2026-01-22|L10|S12,field,MATCHED,D7:wor:L10-12,0.855675
CG6-0313,443,464,13,2026-01-22,08:11:21,9340.26,10,0.0226,0.0029,10080.3,2.3,-6.9,2.1125,0.0784,0.0006,0.2809,-740.384,60,0,43.79,-79.5035,209.07,24.7811,34.9694,114.3,11011,,2026-01-22 08:11:21,000000021010313,278,0.0001,0.0781819,-0.0383223,-0.116722,9340.14,,,True,CG6-0313|2026-01-22|L10|S13,field,MATCHED,D7:wor:L10-13,5.12641
CG6-0313,444,465,14,2026-01-22,08:14:45,9339.82,10,0.0174,0.0023,10079.8,-3.7,0.7,2.1021,0.0774,0.0002,0.2795,-740.385,60,0,43.79,-79.5035,209.07,24.7796,34.9703,113.2,11011,,2026-01-22 08:14:45,000000021010313,279,-1.81899e-12,0.0771937,-0.0361669,-0.113567,9339.7,,,True,CG6-0313|2026-01-22|L10|S14,field,MATCHED,D7:wor:L10-14,7.05273
CG6-0313,445,466,15,2026-01-22,08:18:29,9339.2,10,0.0192,0.0025,10079.2,-5.3,-4.8,2.0682,0.0762,0.0006,0.2751,-740.386,60,0,43.79,-79.5035,209.07,24.7778,34.971,121.8,11011,,2026-01-22 08:18:29,000000021010313,280,0.0001,0.0760494,-0.0337646,-0.109965,9339.09,,,True,CG6-0313|2026-01-22|L10|S15,field,MATCHED,D7:wor:L10-15,5.97243
CG6-0313,446,467,16,2026-01-22,08:23:44,9338.57,10,0.019,0.0025,10078.6,9.7,-9.4,2.0412,0.0745,0.0022,0.2715,-740.388,60,0,43.79,-79.5035,209.07,24.7762,34.9719,127.3,11011,,2026-01-22 08:23:44,000000021010313,281,-1.81899e-12,0.0743374,-0.03033,-0.10483,9338.46,,,True,CG6-0313|2026-01-22|L10|S16,field,MATCHED,D7:wor:L10-16,5.43565
CG6-0313,447,468,17,2026-01-22,08:27:07,9337.38,10,0.0216,0.0028,10077.4,0.1,-8.1,2.0349,0.0734,0.0008,0.2707,-740.389,60,0,43.79,-79.5035,209.07,24.7743,34.9719,125.2,11011,,2026-01-22 08:27:07,000000021010313,282,1.81899e-12,0.0731716,-0.0280826,-0.101483,9337.28,,,True,CG6-0313|2026-01-22|L10|S17,field,MATCHED,D7:wor:L10-17,3.64524
CG6-0313,448,469,18,2026-01-22,08:30:50,9336.94,10,0.018,0.0023,10077,3.5,-0.7,2.0329,0.072,0.0002,0.2705,-740.39,60,0,43.79,-79.5035,209.07,24.7726,34.9721,129.1,11011,,2026-01-22 08:30:50,000000021010313,283,0.0001,0.0718353,-0.0255873,-0.0975873,9336.85,,,True,CG6-0313|2026-01-22|L10|S18,field,MATCHED,D7:wor:L10-18,3.49984
CG6-0313,449,470,19,2026-01-22,08:34:27,9336.22,10,0.0252,0.0033,10076.3,1.1,-4.1,2.0315,0.0707,0.0003,0.2701,-740.391,60,0,43.79,-79.5035,209.07,24.7709,34.9723,126.5,11011,,2026-01-22 08:34:27,000000021010313,284,1.81899e-12,0.0704802,-0.0231344,-0.0938344,9336.13,,,True,CG6-0313|2026-01-22|L10|S19,field,MATCHED,D7:wor:L10-19,4.43168
CG6-0313,450,471,20,2026-01-22,08:38:43,9335.34,10,0.0279,0.0036,10075.4,1.4,-5.1,2.0304,0.069,0.0004,0.27,-740.392,60,0,43.79,-79.5035,209.07,24.7692,34.973,141.4,11011,,2026-01-22 08:38:43,000000021010313,285,-1.81899e-12,0.0688135,-0.0202121,-0.0892121,9335.25,,,True,CG6-0313|2026-01-22|L10|S20,field,MATCHED,D7:wor:L10-20,4.06389
CG6-0313,451,472,21,2026-01-22,08:42:09,9334.53,10,0.0201,0.0026,10074.6,0.9,-8.8,2.0268,0.0677,0.0009,0.2696,-740.393,60,0,43.79,-79.5035,209.07,24.7673,34.9741,143.3,11011,,2026-01-22 08:42:09,000000021010313,286,-0.0001,0.0674199,-0.0178382,-0.0855382,9334.44,,,True,CG6-0313|2026-01-22|L10|S21,field,MATCHED,D7:wor:L10-21,3.88964
CG6-0313,452,473,22,2026-01-22,08:45:21,9334,10,0.0188,0.0024,10074.1,-4.1,-4.4,2.0309,0.0663,0.0005,0.27,-740.394,60,0,43.79,-79.5035,209.07,24.7661,34.9747,146.3,11011,,2026-01-22 08:45:21,000000021010313,287,-1.81899e-12,0.0660799,-0.0156152,-0.0819152,9333.92,,,True,CG6-0313|2026-01-22|L10|S22,field,MATCHED,D7:wor:L10-22,3.606
CG6-0313,453,474,23,2026-01-22,08:48:46,9332.95,10,0.024,0.0031,10073,7.8,-4.3,2.0309,0.0648,0.001,0.2702,-740.394,60,0,43.79,-79.5035,209.07,24.7645,34.9754,150.3,11011,,2026-01-22 08:48:46,000000021010313,288,0.0001,0.0646062,-0.0132284,-0.0780284,9332.87,,,True,CG6-0313|2026-01-22|L10|S23,field,MATCHED,D7:wor:L10-23,6.91474
CG6-0313,454,475,24,2026-01-22,08:52:24,9332.37,10,0.0215,0.0028,10072.4,8,-8.4,2.0314,0.0632,0.0016,0.2702,-740.395,60,0,43.79,-79.5035,209.07,24.7633,34.9769,160.1,11011,,2026-01-22 08:52:24,000000021010313,289,0,0.0629915,-0.010678,-0.073878,9332.3,,,True,CG6-0313|2026-01-22|L10|S24,field,MATCHED,D7:wor:L10-24,7.22084
CG6-0313,455,476,25,2026-01-22,08:56:56,9331.27,10,0.0203,0.0026,10071.3,1.7,-9.8,2.0321,0.0612,0.0012,0.2702,-740.397,60,0,43.79,-79.5035,209.07,24.7618,34.9781,166.2,11011,,2026-01-22 08:56:56,000000021010313,290,-1.81899e-12,0.06091,-0.00748567,-0.0686857,9331.21,,,True,CG6-0313|2026-01-22|L10|S25,field,MATCHED,D7:wor:L10-25,7.53288
CG6-0313,456,477,26,2026-01-22,09:16:01,9350.86,10,0.0254,0.0033,10090.9,-3.8,-0.7,2.0159,0.0517,0.0002,0.2682,-740.402,60,0,43.79,-79.5035,209.07,24.803,34.9577,63.6,11011,,2026-01-22 09:16:01,000000021010313,291,0,0.0513893,0.00577935,-0.0459206,9350.81,,,True,CG6-0313|2026-01-22|L10|S26,field,MATCHED,D7:wor:L10-26,7.49679
CG6-0313,457,478,27,2026-01-22,09:19:37,9349.64,10,0.0203,0.0026,10089.7,4.7,-3.7,2.0219,0.0497,0.0005,0.2688,-740.403,60,0,43.79,-79.5035,209.07,24.8048,34.9572,57.3,11011,,2026-01-22 09:19:37,000000021010313,292,1.81899e-12,0.0494665,0.00829262,-0.0414074,9349.6,,,True,CG6-0313|2026-01-22|L10|S27,field,MATCHED,D7:wor:L10-27,6.68425
CG6-0313,458,479,28,2026-01-22,09:24:04,9348.78,10,0.0381,0.0049,10088.9,-1.1,-6.5,2.0292,0.0473,0.0005,0.2699,-740.404,60,0,43.79,-79.5035,209.07,24.8065,34.9565,55.6,11011,,2026-01-22 09:24:04,000000021010313,293,0.0001,0.047039,0.0113859,-0.0359141,9348.75,,,True,CG6-0313|2026-01-22|L10|S28,field,MATCHED,D7:wor:L10-28,7.53522
CG6-0313,459,480,29,2026-01-22,09:27:10,9347.63,10,0.0224,0.0029,10087.7,10.3,-12.9,2.0332,0.0456,0.0032,0.2705,-740.405,60,0,43.79,-79.5035,209.07,24.8081,34.9556,64.4,11011,,2026-01-22 09:27:10,000000021010313,294,-0.0001,0.0453162,0.0135259,-0.0320741,9347.6,,,True,CG6-0313|2026-01-22|L10|S29,field,MATCHED,D7:wor:L10-29,7.08292
CG6-0313,460,481,30,2026-01-22,09:30:17,9346.51,10,0.0291,0.0038,10086.6,7.1,-13.4,2.0364,0.0438,0.0028,0.2708,-740.406,60,0,43.79,-79.5035,209.07,24.8092,34.9539,51.2,11011,,2026-01-22 09:30:17,000000021010313,295,0.0001,0.043559,0.0156654,-0.0281346,9346.48,,,True,CG6-0313|2026-01-22|L10|S30,field,MATCHED,D7:wor:L10-30,8.4183
CG6-0313,461,482,31,2026-01-22,09:33:37,9345.17,10,0.0177,0.0023,10085.3,4.9,0.2,2.0428,0.0419,0.0003,0.2718,-740.407,60,0,43.79,-79.5035,209.07,24.8101,34.9523,57.8,11011,,2026-01-22 09:33:37,000000021010313,296,0.0001,0.0416528,0.0179395,-0.0239605,9345.14,,,True,CG6-0313|2026-01-22|L10|S31,field,MATCHED,D7:wor:L10-31,6.84948
CG6-0313,462,483,32,2026-01-22,09:36:51,9344.17,10,0.0195,0.0025,10084.3,-8,2.3,2.0436,0.0401,0.0009,0.2717,-740.408,60,0,43.79,-79.5035,209.07,24.8114,34.9511,65.6,11011,,2026-01-22 09:36:51,000000021010313,297,0,0.0397784,0.0201283,-0.0199717,9344.15,,,True,CG6-0313|2026-01-22|L10|S32,field,MATCHED,D7:wor:L10-32,8.73749
CG6-0313,463,484,33,2026-01-22,09:39:52,9343.24,10,0.0213,0.0027,10083.3,5.9,4.1,2.0433,0.0383,0.0007,0.2718,-740.409,60,0,43.79,-79.5035,209.07,24.813,34.9501,46.3,11011,,2026-01-22 09:39:52,000000021010313,298,0,0.038008,0.0221534,-0.0161466,9343.22,,,True,CG6-0313|2026-01-22|L10|S33,field,MATCHED,D7:wor:L10-33,13.9645
CG6-0313,464,485,34,2026-01-22,09:43:10,9342.61,10,0.0195,0.0025,10082.7,-0.9,-6.3,2.04,0.0363,0.0006,0.2713,-740.409,60,0,43.79,-79.5035,209.07,24.8146,34.9495,65.8,11011,,2026-01-22 09:43:10,000000021010313,299,0,0.0360488,0.0243504,-0.0119496,9342.6,,,True,CG6-0313|2026-01-22|L10|S34,field,MATCHED,D7:wor:L10-34,10.3453
CG6-0313,465,486,35,2026-01-22,09:46:54,9341.64,10,0.0167,0.0022,10081.7,-4.7,-8.7,2.0397,0.0341,0.0012,0.2713,-740.411,60,0,43.79,-79.5035,209.07,24.8164,34.9492,88.6,11011,,2026-01-22 09:46:54,000000021010313,300,-3.63798e-12,0.0338052,0.02681,-0.00729004,9341.63,,,True,CG6-0313|2026-01-22|L10|S35,field,MATCHED,D7:wor:L10-35,8.8957
CG6-0313,466,487,36,2026-01-22,09:50:26,9340.48,10,0.0185,0.0024,10080.6,7.6,-0.9,2.0425,0.032,0.0007,0.2717,-740.412,60,0,43.79,-79.5035,209.07,24.8182,34.9494,107.2,11011,,2026-01-22 09:50:26,000000021010313,301,-0.0001,0.0316569,0.0291093,-0.00289067,9340.47,,,True,CG6-0313|2026-01-22|L10|S36,field,MATCHED,D7:wor:L10-36,6.08423
CG6-0313,467,488,37,2026-01-22,09:53:35,9339.34,10,0.0264,0.0034,10079.4,9.8,-0.4,2.04,0.03,0.0011,0.2713,-740.412,60,0,43.79,-79.5035,209.07,24.8199,34.9495,116.3,11011,,2026-01-22 09:53:35,000000021010313,302,-1.81899e-12,0.0297225,0.0311335,0.00113346,9339.34,,,True,CG6-0313|2026-01-22|L10|S37,field,MATCHED,D7:wor:L10-37,7.92454
CG6-0313,468,489,38,2026-01-22,09:56:47,9338.14,10,0.0163,0.0021,10078.2,5.4,-0.8,2.042,0.028,0.0004,0.2716,-740.413,60,0,43.79,-79.5035,209.07,24.8216,34.9493,123,11011,,2026-01-22 09:56:47,000000021010313,303,0,0.0277402,0.0331621,0.00516211,9338.14,,,True,CG6-0313|2026-01-22|L10|S38,field,MATCHED,D7:wor:L10-38,7.61556
CG6-0313,469,490,39,2026-01-22,10:00:04,9337.2,10,0.0192,0.0025,10077.3,-2.4,-11.5,2.0399,0.026,0.0016,0.2714,-740.414,60,0,43.79,-79.5035,209.07,24.8234,34.9491,126.1,11011,,2026-01-22 10:00:04,000000021010313,304,0,0.0256893,0.0352146,0.00921456,9337.21,,,True,CG6-0313|2026-01-22|L10|S39,field,MATCHED,D7:wor:L10-39,11.0346
CG6-0313,470,491,40,2026-01-22,10:03:34,9336,10,0.0242,0.0031,10076.1,1.4,-9.3,2.0389,0.0238,0.0011,0.2712,-740.415,60,0,43.79,-79.5035,209.07,24.825,34.9486,139,11011,,2026-01-22 10:03:34,000000021010313,305,-1.81899e-12,0.0234857,0.0373682,0.0135682,9336.01,,,True,CG6-0313|2026-01-22|L10|S40,field,MATCHED,D7:wor:L10-40,8.32749
CG6-0313,471,492,41,2026-01-22,10:09:30,9335.01,10,0.02,0.0026,10075.1,12.5,-11.8,2.0393,0.02,0.0035,0.2712,-740.417,60,0,43.79,-79.5035,209.07,24.8266,34.9475,139.6,11011,,2026-01-22 10:09:30,000000021010313,306,0.0001,0.0197132,0.0409353,0.0209353,9335.03,,,True,CG6-0313|2026-01-22|L10|S41,field,MATCHED,D7:wor:L10-41,11.3571
CG6-0313,472,493,42,2026-01-22,10:14:48,9333.97,10,0.022,0.0028,10074.1,6.8,-3.3,2.0382,0.0166,0.0007,0.2711,-740.418,60,0,43.79,-79.5035,209.07,24.8286,34.947,146.4,11011,,2026-01-22 10:14:48,000000021010313,307,-1.81899e-12,0.0163096,0.0440213,0.0274213,9334,,,True,CG6-0313|2026-01-22|L10|S42,field,MATCHED,D7:wor:L10-42,9.27576
CG6-0313,473,494,43,2026-01-22,10:18:47,9332.91,10,0.0191,0.0025,10073,3.3,2.5,2.0358,0.014,0.0003,0.2708,-740.419,60,0,43.79,-79.5035,209.07,24.8299,34.9461,146.8,11011,,2026-01-22 10:18:47,000000021010313,308,0.0001,0.013734,0.0462745,0.0322745,9332.95,,,True,CG6-0313|2026-01-22|L10|S43,field,MATCHED,D7:wor:L10-43,9.26208
CG6-0313,474,495,44,2026-01-22,10:22:15,9331.63,10,0.0142,0.0018,10071.8,-1.8,-2.6,2.0363,0.0118,0.0002,0.2708,-740.42,60,0,43.79,-79.5035,209.07,24.8316,34.9449,147.4,11011,,2026-01-22 10:22:15,000000021010313,309,-0.0001,0.0114822,0.0481842,0.0363842,9331.66,,,True,CG6-0313|2026-01-22|L10|S44,field,MATCHED,D7:wor:L10-44,7.84904
CG6-0313,475,496,45,2026-01-22,10:27:55,9330.33,10,0.0246,0.0032,10070.5,-2.9,-1.8,2.0491,0.0081,0.0002,0.2726,-740.422,60,0,43.79,-79.5035,209.07,24.8322,34.9432,154.1,11011,,2026-01-22 10:27:55,000000021010313,310,0.0001,0.00778495,0.051213,0.043113,9330.37,,,True,CG6-0313|2026-01-22|L10|S45,field,MATCHED,D7:wor:L10-45,9.14874
CG6-0313,476,497,46,2026-01-22,10:31:28,9329.55,10,0.0201,0.0026,10069.7,1,-5.1,2.0481,0.0058,0.0004,0.2724,-740.423,60,0,43.79,-79.5035,209.07,24.8336,34.9419,161.3,11011,,2026-01-22 10:31:28,000000021010313,311,-1.81899e-12,0.00546098,0.0530394,0.0472394,9329.6,,,True,CG6-0313|2026-01-22|L10|S46,field,MATCHED,D7:wor:L10-46,8.03891
CG6-0313,477,498,47,2026-01-22,10:34:47,9328.59,10,0.0271,0.0035,10068.7,5,6,2.0454,0.0036,0.0007,0.2721,-740.424,60,0,43.79,-79.5035,209.07,24.8343,34.9403,164.1,11011,,2026-01-22 10:34:47,000000021010313,312,0.0001,0.0032861,0.0546985,0.0510985,9328.64,,,True,CG6-0313|2026-01-22|L10|S47,field,MATCHED,D7:wor:L10-47,6.16096
CG6-0313,478,499,48,2026-01-22,10:38:32,9327.1,10,0.0258,0.0033,10067.2,3.7,-6.3,2.0441,0.0011,0.0006,0.2719,-740.425,60,0,43.79,-79.5035,209.07,24.8343,34.938,163.8,11011,,2026-01-22 10:38:32,000000021010313,313,0.0001,0.000824562,0.056519,0.055419,9327.15,,,True,CG6-0313|2026-01-22|L10|S48,field,MATCHED,D7:wor:L10-48,6.44963
CG6-0313,479,500,49,2026-01-22,10:42:01,9325.29,10,0.0206,0.0027,10065.4,6.4,-1.4,2.0405,-0.0011,0.0006,0.2714,-740.426,60,0,43.79,-79.5035,209.07,24.8336,34.9356,164.9,11011,,2026-01-22 10:42:01,000000021010313,314,-0.0002,-0.00146268,0.0581554,0.0592554,9325.35,,,True,CG6-0313|2026-01-22|L10|S49,field,MATCHED,D7:wor:L10-49,6.9588
CG6-0313,480,501,50,2026-01-22,10:45:49,9323.75,10,0.0222,0.0029,10063.9,0.7,-10.7,2.0362,-0.0036,0.0014,0.2708,-740.427,60,0,43.79,-79.5035,209.07,24.8335,34.9331,182.8,11011,,2026-01-22 10:45:49,000000021010313,315,-0.0001,-0.0039568,0.0598742,0.0634742,9323.81,,,True,CG6-0313|2026-01-22|L10|S50,field,MATCHED,D7:wor:L10-50,5.1399
CG6-0313,481,502,100,2026-01-22,11:57:18,9341.97,0,0.0217,0.0028,10082.2,10.5,-0.5,2.0048,-0.0479,0.0014,0.2667,-740.447,60,0,43.79,-79.5035,209.07,24.7868,34.9338,99.7,11011,,2026-01-22 11:57:18,000000021010313,316,0,-0.0481354,0.078068,0.125968,9342.09,,,True,CG6-0313|2026-01-22|L0|S100,field_base_100,MATCHED,D7:wor:Base 100,7.61003
CG6-0313,482,503,100,2026-01-22,11:58:18,9341.97,0,0.0188,0.0024,10082.2,12.4,-5.2,2.0091,-0.0484,0.0024,0.2672,-740.447,60,0,43.79,-79.5035,209.07,24.7868,34.9338,99.7,11011,,2026-01-22 11:58:18,000000021010313,316,0,-0.0486853,0.0781088,0.126509,9342.09,,,True,CG6-0313|2026-01-22|L0|S100,field_base_100,MATCHED,D7:wor:Base 100,7.61003
CG6-0313,483,504,100,2026-01-22,11:59:18,9341.96,0,0.019,0.0024,10082.2,13.7,-7.4,2.0113,-0.049,0.003,0.2675,-740.447,60,0,43.79,-79.5035,209.07,24.7868,34.9338,99.7,11011,,2026-01-22 11:59:18,000000021010313,316,-0.0001,-0.0492324,0.0781436,0.127144,9342.09,,,True,CG6-0313|2026-01-22|L0|S100,field_base_100,MATCHED,D7:wor:Base 100,7.61003
CG6-0313,484,505,100,2026-01-22,12:00:18,9341.98,0,0.0174,0.0022,10082.2,16.5,-10.3,2.0146,-0.0495,0.0044,0.2679,-740.447,60,0,43.79,-79.5035,209.07,24.7868,34.9338,99.7,11011,,2026-01-22 12:00:18,000000021010313,316,0,-0.0497769,0.0781723,0.127672,9342.1,,,True,CG6-0313|2026-01-22|L0|S100,field_base_100,MATCHED,D7:wor:Base 100,7.61003
CG6-0313,485,506,1,2026-01-22,12:17:12,9338.84,11,0.0226,0.0029,10079.1,0.8,7.3,2.0392,-0.0583,0.0007,0.2713,-740.452,60,0,43.79,-79.5035,209.07,24.782,34.9273,123.5,11011,,2026-01-22 12:17:12,000000021010313,317,-0.0001,-0.0585467,0.0777674,0.136067,9338.98,,,True,CG6-0313|2026-01-22|L11|S1,field,UNMATCHED_GT_30M,D7:wor:L11-1,648.66
CG6-0313,486,507,1,2026-01-22,12:54:36,9332.06,11,0.029,0.0037,10072.3,8,-3.4,2.0178,-0.0744,0.0009,0.2683,-740.462,60,0,43.79,-79.5035,209.07,24.7705,34.8932,183.1,11011,,2026-01-22 12:54:36,000000021010313,318,-0.0001,-0.0745954,0.0709543,0.145354,9332.2,,,True,CG6-0313|2026-01-22|L11|S1,field,UNMATCHED_GT_30M,D7:wor:L11-2,211.446
CG6-0313,487,508,2,2026-01-22,12:57:55,9331.04,11,0.0236,0.003,10071.3,-2.4,-10.3,2.0231,-0.0756,0.0013,0.2691,-740.463,60,0,43.79,-79.5035,209.07,24.7692,34.8946,182.2,11011,,2026-01-22 12:57:55,000000021010313,319,0,-0.0757678,0.0699723,0.145572,9331.18,,,True,CG6-0313|2026-01-22|L11|S2,field,MATCHED,D7:wor:L11-2,15.2005
CG6-0313,488,509,3,2026-01-22,13:01:07,9330.86,11,0.0273,0.0035,10071.1,6.2,1.6,2.0249,-0.0767,0.0005,0.2693,-740.464,60,0,43.79,-79.5035,209.07,24.7677,34.8954,184.4,11011,,2026-01-22 13:01:07,000000021010313,320,0,-0.0768576,0.0689717,0.145672,9331.01,,,True,CG6-0313|2026-01-22|L11|S3,field,MATCHED,D7:wor:L11-3,23.3992
CG6-0313,489,510,4,2026-01-22,13:04:27,9330.66,11,0.0152,0.002,10070.9,-3.1,-1.4,2.0269,-0.0778,0.0002,0.2697,-740.465,60,0,43.79,-79.5035,209.07,24.7675,34.8937,178.4,11011,,2026-01-22 13:04:27,000000021010313,321,-0.0001,-0.077949,0.0678715,0.145672,9330.81,,,True,CG6-0313|2026-01-22|L11|S4,field,MATCHED,D7:wor:L11-4,19.4903
CG6-0313,490,511,5,2026-01-22,13:08:05,9329.89,11,0.0277,0.0036,10070.2,1.9,-1,2.0287,-0.079,0.0001,0.2699,-740.466,60,0,43.79,-79.5035,209.07,24.767,34.8922,179.4,11011,,2026-01-22 13:08:05,000000021010313,322,0.0001,-0.0790873,0.0666094,0.145609,9330.04,,,True,CG6-0313|2026-01-22|L11|S5,field,MATCHED,D7:wor:L11-5,17.0876
CG6-0313,491,512,6,2026-01-22,13:12:25,9329.94,11,0.0338,0.0044,10070.2,8.4,-4,2.0291,-0.0803,0.001,0.2697,-740.467,60,0,43.79,-79.5035,209.07,24.7656,34.8922,184.9,11011,,2026-01-22 13:12:25,000000021010313,323,0.0001,-0.080374,0.065019,0.145319,9330.09,,,True,CG6-0313|2026-01-22|L11|S6,field,MATCHED,D7:wor:L11-6,11.1339
CG6-0313,492,513,7,2026-01-22,13:16:31,9329.23,11,0.0206,0.0027,10069.5,6.9,5.7,2.0293,-0.0814,0.0009,0.2699,-740.468,60,0,43.79,-79.5035,209.07,24.7653,34.8942,190.2,11011,,2026-01-22 13:16:31,000000021010313,324,0.0001,-0.0815196,0.0634248,0.144825,9329.37,,,True,CG6-0313|2026-01-22|L11|S7,field,MATCHED,D7:wor:L11-7,14.0421
CG6-0313,493,514,8,2026-01-22,13:20:28,9328.01,11,0.0173,0.0022,10068.3,3.3,1.7,2.0294,-0.0825,0.0002,0.2699,-740.47,60,0,43.79,-79.5035,209.07,24.7639,34.895,194.2,11011,,2026-01-22 13:20:28,000000021010313,325,0,-0.0825567,0.0618201,0.14432,9328.15,,,True,CG6-0313|2026-01-22|L11|S8,field,MATCHED,D7:wor:L11-8,7.32603
CG6-0313,494,515,9,2026-01-22,13:24:15,9328.29,11,0.0187,0.0024,10068.6,-0,8.7,2.0279,-0.0834,0.0009,0.2698,-740.471,60,0,43.79,-79.5035,209.07,24.7632,34.8932,193,11011,,2026-01-22 13:24:15,000000021010313,326,0,-0.083488,0.0602195,0.14362,9328.43,,,True,CG6-0313|2026-01-22|L11|S9,field,MATCHED,D7:wor:L11-9,11.6231
CG6-0313,495,516,10,2026-01-22,13:28:04,9327.68,11,0.0227,0.0029,10068,5,9.3,2.0264,-0.0843,0.0013,0.2695,-740.472,60,0,43.79,-79.5035,209.07,24.7625,34.8916,192.9,11011,,2026-01-22 13:28:04,000000021010313,327,0.0001,-0.0843658,0.0585409,0.142841,9327.82,,,True,CG6-0313|2026-01-22|L11|S10,field,MATCHED,D7:wor:L11-10,6.48561
CG6-0313,496,517,11,2026-01-22,13:31:32,9326.87,11,0.0232,0.003,10067.2,-3.5,3.9,2.0235,-0.085,0.0004,0.269,-740.473,60,0,43.79,-79.5035,209.07,24.761,34.8905,203.8,11011,,2026-01-22 13:31:32,000000021010313,328,-0.0001,-0.0851089,0.0569653,0.141965,9327.01,,,True,CG6-0313|2026-01-22|L11|S11,field,MATCHED,D7:wor:L11-11,10.6409
CG6-0313,497,518,12,2026-01-22,13:35:43,9326.27,11,0.0226,0.0029,10066.6,9.3,0.1,2.0218,-0.0859,0.001,0.2689,-740.474,60,0,43.79,-79.5035,209.07,24.7603,34.8888,195.8,11011,,2026-01-22 13:35:43,000000021010313,329,1.81899e-12,-0.0859368,0.0549956,0.140896,9326.41,,,True,CG6-0313|2026-01-22|L11|S12,field,MATCHED,D7:wor:L11-12,5.64332
CG6-0313,498,519,13,2026-01-22,13:39:38,9326.1,11,0.0208,0.0027,10066.4,7,6.6,2.0171,-0.0866,0.0011,0.2683,-740.475,60,0,43.79,-79.5035,209.07,24.7604,34.8868,197.9,11011,,2026-01-22 13:39:38,000000021010313,330,0,-0.0866432,0.0530876,0.139688,9326.24,,,True,CG6-0313|2026-01-22|L11|S13,field,MATCHED,D7:wor:L11-13,5.62942
CG6-0313,499,520,14,2026-01-22,13:43:34,9325.75,11,0.0347,0.0045,10066,6,0.1,2.0181,-0.0872,0.0005,0.2684,-740.476,60,0,43.79,-79.5035,209.07,24.7594,34.8856,193.3,11011,,2026-01-22 13:43:34,000000021010313,331,-1.81899e-12,-0.0872857,0.0511159,0.138316,9325.89,,,True,CG6-0313|2026-01-22|L11|S14,field,MATCHED,D7:wor:L11-14,3.84351
CG6-0313,500,521,15,2026-01-22,13:47:36,9325.45,11,0.0231,0.003,10065.7,-1.9,-2.1,2.0204,-0.0878,0.0001,0.2688,-740.477,60,0,43.79,-79.5035,209.07,24.7583,34.8844,218.1,11011,,2026-01-22 13:47:36,000000021010313,332,-0.0001,-0.0878746,0.0490366,0.136837,9325.58,,,True,CG6-0313|2026-01-22|L11|S15,field,MATCHED,D7:wor:L11-15,11.0338
CG6-0313,501,522,16,2026-01-22,13:51:31,9324.89,11,0.0215,0.0028,10065.2,7.4,5.5,2.0209,-0.0883,0.001,0.2689,-740.478,60,0,43.79,-79.5035,209.07,24.757,34.8844,210.7,11011,,2026-01-22 13:51:31,000000021010313,333,0,-0.0883786,0.0469624,0.135262,9325.03,,,True,CG6-0313|2026-01-22|L11|S16,field,MATCHED,D7:wor:L11-16,4.86005
CG6-0313,502,523,17,2026-01-22,13:56:15,9324.35,11,0.0198,0.0026,10064.7,-0.7,-2,2.0224,-0.0889,0.0001,0.2691,-740.479,60,0,43.79,-79.5035,209.07,24.7561,34.8854,226.3,11011,,2026-01-22 13:56:15,000000021010313,334,3.63798e-12,-0.0888986,0.0443856,0.133286,9324.49,,,True,CG6-0313|2026-01-22|L11|S17,field,MATCHED,D7:wor:L11-17,9.56798
CG6-0313,503,524,18,2026-01-22,13:59:41,9323.84,11,0.0209,0.0027,10064.1,7.2,-10.6,2.0219,-0.0892,0.0019,0.2689,-740.48,60,0,43.79,-79.5035,209.07,24.7551,34.8837,221.2,11011,,2026-01-22 13:59:41,000000021010313,335,0.0001,-0.0892149,0.0424805,0.131681,9323.98,,,True,CG6-0313|2026-01-22|L11|S18,field,MATCHED,D7:wor:L11-18,12.9952
CG6-0313,504,525,19,2026-01-22,14:03:57,9323.09,11,0.018,0.0023,10063.4,2.3,-4.2,2.02,-0.0895,0.0003,0.2687,-740.481,60,0,43.79,-79.5035,209.07,24.7531,34.883,227.3,11011,,2026-01-22 14:03:57,000000021010313,336,-0.0001,-0.0895366,0.0400657,0.129566,9323.22,,,True,CG6-0313|2026-01-22|L11|S19,field,MATCHED,D7:wor:L11-19,8.51732
CG6-0313,505,526,20,2026-01-22,14:07:39,9322.63,11,0.0269,0.0035,10062.9,-4.8,1.4,2.0229,-0.0897,0.0003,0.269,-740.483,60,0,43.79,-79.5035,209.07,24.7517,34.8825,232,11011,,2026-01-22 14:07:39,000000021010313,337,0.0001,-0.0897518,0.037931,0.127631,9322.75,,,True,CG6-0313|2026-01-22|L11|S20,field,MATCHED,D7:wor:L11-20,10.2042
CG6-0313,506,527,21,2026-01-22,14:11:26,9321.96,11,0.0257,0.0033,10062.3,5.2,4.7,2.0219,-0.0899,0.0006,0.2689,-740.484,60,0,43.79,-79.5035,209.07,24.7498,34.882,229.1,11011,,2026-01-22 14:11:26,000000021010313,338,0.0001,-0.0899108,0.035715,0.125615,9322.09,,,True,CG6-0313|2026-01-22|L11|S21,field,MATCHED,D7:wor:L11-21,9.42935
CG6-0313,507,528,22,2026-01-22,14:15:24,9321.59,11,0.0175,0.0023,10061.9,3.5,-6.1,2.024,-0.09,0.0006,0.2692,-740.485,60,0,43.79,-79.5035,209.07,24.7489,34.8835,238.8,11011,,2026-01-22 14:15:24,000000021010313,339,1.81899e-12,-0.0900117,0.0333482,0.123348,9321.71,,,True,CG6-0313|2026-01-22|L11|S22,field,MATCHED,D7:wor:L11-22,9.23979
CG6-0313,508,529,23,2026-01-22,14:20:35,9320.79,11,0.0198,0.0026,10061.1,0.4,-5.9,2.0205,-0.0901,0.0005,0.2688,-740.486,60,0,43.79,-79.5035,209.07,24.748,34.8846,235.5,11011,,2026-01-22 14:20:35,000000021010313,340,-0.0001,-0.0900426,0.0302082,0.120308,9320.91,,,True,CG6-0313|2026-01-22|L11|S23,field,MATCHED,D7:wor:L11-23,9.29314
CG6-0313,509,530,24,2026-01-22,14:23:55,9320.55,11,0.018,0.0023,10060.9,4.8,1.1,2.0214,-0.09,0.0003,0.2688,-740.487,60,0,43.79,-79.5035,209.07,24.7476,34.8828,234.3,11011,,2026-01-22 14:23:55,000000021010313,341,0,-0.0900025,0.0281688,0.118169,9320.67,,,True,CG6-0313|2026-01-22|L11|S24,field,MATCHED,D7:wor:L11-24,6.87846
CG6-0313,510,531,25,2026-01-22,14:27:46,9319.67,11,0.0331,0.0043,10060,-2.5,3.2,2.0228,-0.0899,0.0002,0.269,-740.488,60,0,43.79,-79.5035,209.07,24.7458,34.8824,235.5,11011,,2026-01-22 14:27:46,000000021010313,342,1.81899e-12,-0.0898983,0.0257904,0.11569,9319.78,,,True,CG6-0313|2026-01-22|L11|S25,field,MATCHED,D7:wor:L11-25,6.47652
CG6-0313,511,532,26,2026-01-22,14:31:40,9318.73,11,0.0273,0.0035,10059,0.8,-20.3,2.0259,-0.0898,0.006,0.2695,-740.489,60,0,43.79,-79.5035,209.07,24.7442,34.8842,255.9,11011,,2026-01-22 14:31:40,000000021010313,343,0,-0.0897302,0.023353,0.113153,9318.85,,TILT_GT_20,True,CG6-0313|2026-01-22|L11|S26,field,MATCHED,D7:wor:L11-26,7.56418
CG6-0313,512,533,27,2026-01-22,14:35:28,9318.33,11,0.0221,0.0029,10058.6,4,-4.4,2.0246,-0.0896,0.0005,0.2693,-740.49,60,0,43.79,-79.5035,209.07,24.7434,34.885,250,11011,,2026-01-22 14:35:28,000000021010313,344,0,-0.0895063,0.0209609,0.110561,9318.44,,,True,CG6-0313|2026-01-22|L11|S27,field,MATCHED,D7:wor:L11-27,9.10678
CG6-0313,513,534,28,2026-01-22,14:39:27,9317.89,11,0.0162,0.0021,10058.2,8.6,-0.7,2.0223,-0.0893,0.0009,0.269,-740.491,60,0,43.79,-79.5035,209.07,24.7423,34.8842,242.5,11011,,2026-01-22 14:39:27,000000021010313,345,0,-0.0892087,0.0184427,0.107743,9318,,,True,CG6-0313|2026-01-22|L11|S28,field,MATCHED,D7:wor:L11-28,9.46336
CG6-0313,514,535,29,2026-01-22,14:42:51,9317.35,11,0.0183,0.0024,10057.7,-2,-10.7,2.0215,-0.089,0.0014,0.2689,-740.492,60,0,43.79,-79.5035,209.07,24.7418,34.8823,248.4,11011,,2026-01-22 14:42:51,000000021010313,346,0.0001,-0.0889045,0.0162852,0.105285,9317.46,,,True,CG6-0313|2026-01-22|L11|S29,field,MATCHED,D7:wor:L11-29,7.42798
CG6-0313,515,536,30,2026-01-22,14:46:18,9316.56,11,0.0252,0.0033,10056.9,8.8,-1.1,2.0185,-0.0886,0.0009,0.2685,-740.493,60,0,43.79,-79.5035,209.07,24.7406,34.8808,254,11011,,2026-01-22 14:46:18,000000021010313,347,0,-0.088549,0.0140894,0.102689,9316.67,,,True,CG6-0313|2026-01-22|L11|S30,field,MATCHED,D7:wor:L11-30,9.13803
CG6-0313,516,537,31,2026-01-22,14:49:43,9315.77,11,0.0261,0.0034,10056.1,0.2,-7.6,2.0168,-0.0882,0.0007,0.2683,-740.494,60,0,43.79,-79.5035,209.07,24.739,34.8801,258.7,11011,,2026-01-22 14:49:43,000000021010313,348,0,-0.0881513,0.0119088,0.100109,9315.87,,,True,CG6-0313|2026-01-22|L11|S31,field,MATCHED,D7:wor:L11-31,8.1104
CG6-0313,517,538,32,2026-01-22,14:53:28,9314.85,11,0.0219,0.0028,10055.2,5,-3.7,2.0153,-0.0877,0.0005,0.268,-740.495,60,0,43.79,-79.5035,209.07,24.7373,34.8804,262.1,11011,,2026-01-22 14:53:28,000000021010313,349,0,-0.0876631,0.00950899,0.097209,9314.95,,,True,CG6-0313|2026-01-22|L11|S32,field,MATCHED,D7:wor:L11-32,7.2222
CG6-0313,518,539,33,2026-01-22,14:57:23,9313.73,11,0.0326,0.0042,10054,-4,-3.6,2.0136,-0.0872,0.0004,0.2677,-740.496,60,0,43.79,-79.5035,209.07,24.7349,34.8805,262.7,11011,,2026-01-22 14:57:23,000000021010313,350,0,-0.0870964,0.00700412,0.0942041,9313.83,,,True,CG6-0313|2026-01-22|L11|S33,field,MATCHED,D7:wor:L11-33,8.9049
CG6-0313,519,540,100,2026-01-22,15:32:35,9341.97,0,0.0259,0.0033,10082.3,3.1,-5.5,2.0015,-0.0797,0.0005,0.2662,-740.506,60,0,43.79,-79.5035,209.07,24.7868,34.9338,104.9,11011,,2026-01-22 15:32:35,000000021010313,351,-1.81899e-12,-0.0795958,-0.015256,0.064444,9342.04,,,True,CG6-0313|2026-01-22|L0|S100,field_base_100,MATCHED,D7:wor:Base 100,13.6142
CG6-0313,520,541,100,2026-01-22,15:33:35,9341.99,0,0.0241,0.0031,10082.3,4.1,-6.8,2.0037,-0.0795,0.0008,0.2665,-740.506,60,0,43.79,-79.5035,209.07,24.7868,34.9338,104.9,11011,,2026-01-22 15:33:35,000000021010313,351,0,-0.0793248,-0.0158542,0.0636458,9342.06,,,True,CG6-0313|2026-01-22|L0|S100,field_base_100,MATCHED,D7:wor:Base 100,13.6142
CG6-0313,521,542,100,2026-01-22,15:34:35,9342,0,0.023,0.003,10082.3,4.1,-7.6,2.006,-0.0792,0.0009,0.2668,-740.506,60,0,43.79,-79.5035,209.07,24.7868,34.9338,104.9,11011,,2026-01-22 15:34:35,000000021010313,351,-0.0001,-0.0790509,-0.0164502,0.0627498,9342.06,,,True,CG6-0313|2026-01-22|L0|S100,field_base_100,MATCHED,D7:wor:Base 100,13.6142
CG6-0313,522,543,100,2026-01-22,15:35:35,9342,0,0.0185,0.0024,10082.3,3.5,-9.6,2.0062,-0.0789,0.0013,0.2668,-740.507,60,0,43.79,-79.5035,209.07,24.7868,34.9338,104.9,11011,,2026-01-22 15:35:35,000000021010313,351,0,-0.0787741,-0.0170441,0.0618559,9342.06,,,True,CG6-0313|2026-01-22|L0|S100,field_base_100,MATCHED,D7:wor:Base 100,13.6142
CG6-0313,523,544,0,2026-01-22,18:03:20,9407.44,0,0.0207,0.0027,10147.7,1.9,8.3,2.0467,-0.0232,0.0009,0.2723,-740.548,60,0,43.79,-79.5035,209.07,25.0668,34.8777,32.7,11011,,2026-01-22 18:03:20,000000021010313,352,-0.0001,-0.0230331,-0.0583061,-0.0351061,9407.41,,,True,CG6-0313|2026-01-22|L0|S0,hotel_base_0,MATCHED,D7:wor:Base0,8.73927
CG6-0313,524,545,0,2026-01-22,18:04:20,9407.45,0,0.0169,0.0022,10147.7,1.1,9.4,2.0439,-0.0229,0.001,0.2718,-740.548,60,0,43.79,-79.5035,209.07,25.0668,34.8777,32.7,11011,,2026-01-22 18:04:20,000000021010313,352,0.0001,-0.0226743,-0.0581694,-0.0352694,9407.41,,,True,CG6-0313|2026-01-22|L0|S0,hotel_base_0,MATCHED,D7:wor:Base0,8.73927
CG6-0313,525,546,0,2026-01-22,18:05:20,9407.45,0,0.0173,0.0022,10147.7,0.6,11,2.0415,-0.0225,0.0014,0.2716,-740.548,60,0,43.79,-79.5035,209.07,25.0668,34.8777,32.7,11011,,2026-01-22 18:05:20,000000021010313,352,0.0001,-0.0223173,-0.0580266,-0.0355266,9407.42,,,True,CG6-0313|2026-01-22|L0|S0,hotel_base_0,MATCHED,D7:wor:Base0,8.73927
CG6-0313,526,547,0,2026-01-22,18:06:20,9407.43,0,0.0187,0.0024,10147.7,1.9,12.1,2.0399,-0.0222,0.0018,0.2713,-740.548,60,0,43.79,-79.5035,209.07,25.0668,34.8777,32.7,11011,,2026-01-22 18:06:20,000000021010313,352,0,-0.021962,-0.0578776,-0.0356776,9407.4,,,True,CG6-0313|2026-01-22|L0|S0,hotel_base_0,MATCHED,D7:wor:Base0,8.73927
CG6-0313,527,548,0,2026-01-23,04:25:50,9407.28,0,0.0172,0.0022,10147.7,-2.5,9.9,2.0076,-0.0041,0.0012,0.2671,-740.719,60,0,43.79,-79.5035,209.07,25.0668,34.8776,18.7,11011,,2026-01-23 04:25:50,000000021010313,353,-0.0001,-0.00394725,-0.0243121,-0.0202121,9407.26,,,True,CG6-0313|2026-01-23|L0|S0,hotel_base_0,MATCHED,D8:wor:Base 0,2.3389
CG6-0313,528,549,0,2026-01-23,04:26:50,9407.29,0,0.013,0.0017,10147.7,-3.1,11.3,2.0085,-0.0036,0.0016,0.2671,-740.72,60,0,43.79,-79.5035,209.07,25.0668,34.8776,18.7,11011,,2026-01-23 04:26:50,000000021010313,353,0,-0.0034696,-0.0250085,-0.0214085,9407.27,,,True,CG6-0313|2026-01-23|L0|S0,hotel_base_0,MATCHED,D8:wor:Base 0,2.3389
CG6-0313,529,550,0,2026-01-23,04:27:50,9407.31,0,0.0196,0.0025,10147.8,-2.1,11.4,2.0083,-0.0032,0.0016,0.2671,-740.72,60,0,43.79,-79.5035,209.07,25.0668,34.8776,18.7,11011,,2026-01-23 04:27:50,000000021010313,353,0.0001,-0.00299174,-0.0257018,-0.0225018,9407.28,,,True,CG6-0313|2026-01-23|L0|S0,hotel_base_0,MATCHED,D8:wor:Base 0,2.3389
CG6-0313,530,551,0,2026-01-23,04:28:50,9407.32,0,0.0157,0.002,10147.8,-3.1,11.9,2.0076,-0.0027,0.0016,0.2669,-740.72,60,0,43.79,-79.5035,209.07,25.0668,34.8776,18.7,11011,,2026-01-23 04:28:50,000000021010313,353,0.0001,-0.00251371,-0.0263918,-0.0236918,9407.29,,,True,CG6-0313|2026-01-23|L0|S0,hotel_base_0,MATCHED,D8:wor:Base 0,2.3389
CG6-0313,531,552,100,2026-01-23,06:29:48,9342,0,0.0478,0.0062,10082.4,-3.2,2.7,2.0236,0.0471,0.0003,0.2691,-740.754,60,0,43.79,-79.5035,209.07,24.7868,34.9338,92.7,11011,,2026-01-23 06:29:48,000000021010313,354,-0.0001,0.0471132,-0.0753904,-0.12249,9341.88,,,True,CG6-0313|2026-01-23|L0|S100,field_base_100,MATCHED,D8:wor:Base100,2.15719
CG6-0313,532,553,100,2026-01-23,06:30:48,9341.95,0,0.0165,0.0021,10082.4,-5.6,-0.8,2.0266,0.0473,0.0005,0.2696,-740.754,60,0,43.79,-79.5035,209.07,24.7868,34.9338,92.7,11011,,2026-01-23 06:30:48,000000021010313,354,0,0.0473831,-0.0754513,-0.122751,9341.83,,,True,CG6-0313|2026-01-23|L0|S100,field_base_100,MATCHED,D8:wor:Base100,2.15719
CG6-0313,533,554,100,2026-01-23,06:31:48,9341.97,0,0.0127,0.0016,10082.4,-8.1,-3.2,2.027,0.0476,0.001,0.2696,-740.754,60,0,43.79,-79.5035,209.07,24.7868,34.9338,92.7,11011,,2026-01-23 06:31:48,000000021010313,354,-0.0001,0.0476496,-0.0755061,-0.123106,9341.85,,,True,CG6-0313|2026-01-23|L0|S100,field_base_100,MATCHED,D8:wor:Base100,2.15719
CG6-0313,534,555,100,2026-01-23,06:32:48,9341.97,0,0.0187,0.0024,10082.4,-10.3,-4.9,2.0297,0.0479,0.0016,0.2699,-740.755,60,0,43.79,-79.5035,209.07,24.7868,34.9338,92.7,11011,,2026-01-23 06:32:48,000000021010313,354,0,0.0479128,-0.0755546,-0.123455,9341.85,,,True,CG6-0313|2026-01-23|L0|S100,field_base_100,MATCHED,D8:wor:Base100,2.15719
CG6-0313,535,556,34,2026-01-23,07:19:14,9312.78,11,0.0279,0.0036,10053.2,10.9,-8.5,2.0073,0.0562,0.0023,0.267,-740.767,60,0,43.79,-79.5035,209.07,24.7329,34.88,258.1,11011,,2026-01-23 07:19:14,000000021010313,355,-1.81899e-12,0.0561486,-0.0710799,-0.12728,9312.65,,,True,CG6-0313|2026-01-23|L11|S34,field,MATCHED,D8:wor:L11-34,8.52625
CG6-0313,536,557,35,2026-01-23,07:22:55,9311.93,11,0.019,0.0024,10052.4,-0.6,1.4,2.0148,0.0565,0.0001,0.268,-740.768,60,0,43.79,-79.5035,209.07,24.7312,34.8803,259.6,11011,,2026-01-23 07:22:55,000000021010313,356,-0.0001,0.0564464,-0.0701788,-0.126679,9311.8,,,True,CG6-0313|2026-01-23|L11|S35,field,MATCHED,D8:wor:L11-35,5.82973
CG6-0313,537,558,36,2026-01-23,07:29:46,9311.08,11,0.0187,0.0024,10051.5,-6.2,2.9,2.0269,0.0569,0.0006,0.2695,-740.77,60,0,43.79,-79.5035,209.07,24.7293,34.8802,263.3,11011,,2026-01-23 07:29:46,000000021010313,357,1.81899e-12,0.0568542,-0.0683016,-0.125202,9310.96,,,True,CG6-0313|2026-01-23|L11|S36,field,MATCHED,D8:wor:L11-36,4.84462
CG6-0313,538,559,37,2026-01-23,07:33:21,9310.25,11,0.025,0.0032,10050.7,8.9,-5.8,2.0279,0.057,0.0013,0.2697,-740.771,60,0,43.79,-79.5035,209.07,24.7278,34.8798,259.7,11011,,2026-01-23 07:33:21,000000021010313,358,0.0001,0.0569914,-0.0672159,-0.124216,9310.13,,,True,CG6-0313|2026-01-23|L11|S37,field,MATCHED,D8:wor:L11-37,8.27415
CG6-0313,539,560,38,2026-01-23,07:36:57,9309.71,11,0.0203,0.0026,10050.2,4.9,-2.4,2.0294,0.0571,0.0004,0.2699,-740.772,60,0,43.79,-79.5035,209.07,24.7278,34.8784,268.2,11011,,2026-01-23 07:36:57,000000021010313,359,0,0.0570762,-0.0660581,-0.123158,9309.59,,,True,CG6-0313|2026-01-23|L11|S38,field,MATCHED,D8:wor:L11-38,6.55946
CG6-0313,540,561,39,2026-01-23,07:40:36,9309.76,11,0.0357,0.0046,10050.2,9.1,-2.9,2.0329,0.0572,0.0011,0.2703,-740.773,60,0,43.79,-79.5035,209.07,24.7293,34.8776,277.8,11011,,2026-01-23 07:40:36,000000021010313,360,0,0.0571078,-0.0648147,-0.122015,9309.63,,,True,CG6-0313|2026-01-23|L11|S39,field,MATCHED,D8:wor:L11-39,2.65524
CG6-0313,541,562,40,2026-01-23,07:44:18,9308.81,11,0.0207,0.0027,10049.3,7.5,3.8,2.0366,0.0572,0.0009,0.2709,-740.774,60,0,43.79,-79.5035,209.07,24.7284,34.8757,278.2,11011,,2026-01-23 07:44:18,000000021010313,361,-0.0001,0.0570837,-0.0634818,-0.120682,9308.68,,,True,CG6-0313|2026-01-23|L11|S40,field,MATCHED,D8:wor:L11-40,1.23409
CG6-0313,542,563,41,2026-01-23,07:47:59,9307.97,11,0.0223,0.0029,10048.4,2.3,-4.3,2.0391,0.0571,0.0003,0.2713,-740.775,60,0,43.79,-79.5035,209.07,24.7274,34.8743,283.4,11011,,2026-01-23 07:47:59,000000021010313,362,-0.0001,0.0570036,-0.0620845,-0.119184,9307.85,,,True,CG6-0313|2026-01-23|L11|S41,field,MATCHED,D8:wor:L11-41,3.00542
CG6-0313,543,564,42,2026-01-23,07:51:39,9307.18,11,0.026,0.0034,10047.6,7.7,-10.2,2.0451,0.057,0.0023,0.2718,-740.776,60,0,43.79,-79.5035,209.07,24.7267,34.8725,281.2,11011,,2026-01-23 07:51:39,000000021010313,363,-1.81899e-12,0.0568681,-0.0606269,-0.117627,9307.06,,,True,CG6-0313|2026-01-23|L11|S42,field,MATCHED,D8:wor:L11-42,1.83901
CG6-0313,544,565,43,2026-01-23,07:55:23,9306.22,11,0.02,0.0026,10046.7,-2.8,-6,2.0401,0.0568,0.0006,0.2713,-740.777,60,0,43.79,-79.5035,209.07,24.7256,34.8705,288.4,11011,,2026-01-23 07:55:23,000000021010313,364,0,0.0566731,-0.0590747,-0.115875,9306.1,,,True,CG6-0313|2026-01-23|L11|S43,field,MATCHED,D8:wor:L11-43,2.20864
CG6-0313,545,566,44,2026-01-23,07:59:14,9305.02,11,0.0281,0.0036,10045.5,-6.8,-13.8,2.0417,0.0565,0.0028,0.2715,-740.778,60,0,43.79,-79.5035,209.07,24.7243,34.8693,290.6,11011,,2026-01-23 07:59:14,000000021010313,365,-1.81899e-12,0.0564116,-0.0574025,-0.113903,9304.9,,,True,CG6-0313|2026-01-23|L11|S44,field,MATCHED,D8:wor:L11-44,1.33528
CG6-0313,546,567,45,2026-01-23,08:03:11,9304.44,11,0.038,0.0049,10044.9,11.4,-7.4,2.0403,0.0562,0.0025,0.2714,-740.779,60,0,43.79,-79.5035,209.07,24.7239,34.8676,288.3,11011,,2026-01-23 08:03:11,000000021010313,366,-0.0001,0.0560798,-0.055617,-0.111817,9304.33,,,True,CG6-0313|2026-01-23|L11|S45,field,MATCHED,D8:wor:L11-45,2.30077
CG6-0313,547,568,46,2026-01-23,08:06:47,9303.66,11,0.0242,0.0031,10044.1,-0.1,-0.2,2.0419,0.0558,0,0.2716,-740.78,60,0,43.79,-79.5035,209.07,24.7235,34.8656,292.5,11011,,2026-01-23 08:06:47,000000021010313,367,-1.81899e-12,0.0557215,-0.0539291,-0.109729,9303.55,,,True,CG6-0313|2026-01-23|L11|S46,field,MATCHED,D8:wor:L11-46,1.12424
CG6-0313,548,569,47,2026-01-23,08:10:06,9303.23,11,0.0189,0.0024,10043.7,4.1,-6.5,2.0445,0.0555,0.0007,0.272,-740.781,60,0,43.79,-79.5035,209.07,24.7234,34.8636,295.9,11011,,2026-01-23 08:10:06,000000021010313,368,-1.81899e-12,0.0553444,-0.052324,-0.107824,9303.13,,,True,CG6-0313|2026-01-23|L11|S47,field,MATCHED,D8:wor:L11-47,3.14705
CG6-0313,549,570,48,2026-01-23,08:13:38,9303,11,0.0318,0.0041,10043.5,10.1,-2.4,2.0476,0.055,0.0013,0.2724,-740.782,60,0,43.79,-79.5035,209.07,24.7225,34.8619,297.4,11011,,2026-01-23 08:13:38,000000021010313,369,0,0.0548932,-0.0505603,-0.10556,9302.89,,,True,CG6-0313|2026-01-23|L11|S48,field,MATCHED,D8:wor:L11-48,1.22804
CG6-0313,550,571,49,2026-01-23,08:17:00,9302.63,11,0.0746,0.0096,10043.1,3.3,-3.6,2.0484,0.0545,0.0006,0.2726,-740.783,60,0,43.79,-79.5035,209.07,24.722,34.8602,296.9,11011,,2026-01-23 08:17:00,000000021010313,370,1.81899e-12,0.0544161,-0.0488324,-0.103332,9302.53,,STDDEV_GT_0.050,True,CG6-0313|2026-01-23|L11|S49,field,MATCHED,D8:wor:L11-49,3.3548
CG6-0313,551,572,50,2026-01-23,08:21:16,9302.52,11,0.0212,0.0027,10043,-2,-8.9,2.0536,0.0539,0.001,0.2732,-740.784,60,0,43.79,-79.5035,209.07,24.7223,34.8582,302.5,11011,,2026-01-23 08:21:16,000000021010313,371,-0.0001,0.0537457,-0.0465781,-0.100478,9302.41,,,True,CG6-0313|2026-01-23|L11|S50,field,MATCHED,D8:wor:L11-50,1.39084
CG6-0313,552,573,51,2026-01-23,08:25:49,9302.37,11,0.0221,0.0029,10042.8,-1.8,-8.4,2.062,0.0531,0.0009,0.2743,-740.786,60,0,43.79,-79.5035,209.07,24.7226,34.8563,308,11011,,2026-01-23 08:25:49,000000021010313,372,3.63798e-12,0.0529504,-0.0440964,-0.0971964,9302.27,,,True,CG6-0313|2026-01-23|L11|S51,field,MATCHED,D8:wor:L11-51,7.07832
CG6-0313,553,574,52,2026-01-23,08:29:33,9302.03,11,0.0229,0.003,10042.5,-3.1,-4.9,2.0566,0.0524,0.0004,0.2735,-740.787,60,0,43.79,-79.5035,209.07,24.7221,34.8547,299.2,11011,,2026-01-23 08:29:33,000000021010313,373,0.0001,0.0522364,-0.042002,-0.094402,9301.94,,,True,CG6-0313|2026-01-23|L11|S52,field,MATCHED,D8:wor:L11-52,1.52786
CG6-0313,554,575,53,2026-01-23,08:32:48,9301.65,11,0.022,0.0028,10042.1,6,-7.6,2.0586,0.0517,0.0011,0.2738,-740.788,60,0,43.79,-79.5035,209.07,24.723,34.853,305,11011,,2026-01-23 08:32:48,000000021010313,374,0,0.0515702,-0.0401416,-0.0918416,9301.56,,,True,CG6-0313|2026-01-23|L11|S53,field,MATCHED,D8:wor:L11-53,2.51958
CG6-0313,555,576,54,2026-01-23,08:36:15,9301.22,11,0.025,0.0032,10041.7,-3.9,3.4,2.0583,0.051,0.0003,0.2739,-740.789,60,0,43.79,-79.5035,209.07,24.7225,34.8513,311.5,11011,,2026-01-23 08:36:15,000000021010313,375,0,0.050818,-0.0381251,-0.0891251,9301.13,,,True,CG6-0313|2026-01-23|L11|S54,field,MATCHED,D8:wor:L11-54,3.57433
CG6-0313,556,577,55,2026-01-23,08:40:06,9300.54,11,0.0218,0.0028,10041,2.2,-11.6,2.0569,0.0501,0.0016,0.2737,-740.79,60,0,43.79,-79.5035,209.07,24.7208,34.8501,312,11011,,2026-01-23 08:40:06,000000021010313,376,-0.0001,0.0499243,-0.0358253,-0.0859253,9300.46,,,True,CG6-0313|2026-01-23|L11|S55,field,MATCHED,D8:wor:L11-55,4.19275
CG6-0313,557,578,56,2026-01-23,08:44:06,9300.09,11,0.025,0.0032,10040.6,-5.4,2,2.0603,0.0491,0.0004,0.2741,-740.791,60,0,43.79,-79.5035,209.07,24.72,34.8487,318.2,11011,,2026-01-23 08:44:06,000000021010313,377,-1.81899e-12,0.048936,-0.03339,-0.08249,9300,,,True,CG6-0313|2026-01-23|L11|S56,field,MATCHED,D8:wor:L11-56,3.41757
CG6-0313,558,579,57,2026-01-23,08:47:39,9299.64,11,0.0373,0.0048,10040.1,4.2,-2.5,2.0578,0.0482,0.0003,0.2737,-740.792,60,0,43.79,-79.5035,209.07,24.721,34.8472,317.4,11011,,2026-01-23 08:47:39,000000021010313,378,1.81899e-12,0.0480084,-0.0311934,-0.0793934,9299.56,,,True,CG6-0313|2026-01-23|L11|S57,field,MATCHED,D8:wor:L11-57,3.28542
CG6-0313,559,580,58,2026-01-23,08:52:16,9299.11,11,0.0219,0.0028,10039.6,-3.8,-5.2,2.0619,0.0469,0.0005,0.2742,-740.793,60,0,43.79,-79.5035,209.07,24.7209,34.846,320.8,11011,,2026-01-23 08:52:16,000000021010313,379,0.0001,0.0467324,-0.0282812,-0.0751812,9299.04,,,True,CG6-0313|2026-01-23|L11|S58,field,MATCHED,D8:wor:L11-58,2.92714
CG6-0313,560,581,59,2026-01-23,08:56:15,9298.64,11,0.0167,0.0022,10039.1,2.5,-7.1,2.0555,0.0458,0.0007,0.2734,-740.794,60,0,43.79,-79.5035,209.07,24.7216,34.8442,318,11011,,2026-01-23 08:56:15,000000021010313,380,-1.81899e-12,0.045569,-0.0257286,-0.0715286,9298.56,,,True,CG6-0313|2026-01-23|L11|S59,field,MATCHED,D8:wor:L11-59,2.82828
CG6-0313,561,582,60,2026-01-23,09:00:09,9297.93,11,0.0244,0.0031,10038.4,1.5,-0.8,2.0576,0.0446,0.0001,0.2736,-740.795,60,0,43.79,-79.5035,209.07,24.7223,34.8425,322,11011,,2026-01-23 09:00:09,000000021010313,381,1.81899e-12,0.044375,-0.0231935,-0.0677935,9297.86,,,True,CG6-0313|2026-01-23|L11|S60,field,MATCHED,D8:wor:L11-60,4.91583
CG6-0313,562,583,61,2026-01-23,09:03:37,9297.46,11,0.0307,0.004,10037.9,-4.3,-9.2,2.0595,0.0435,0.0012,0.274,-740.796,60,0,43.79,-79.5035,209.07,24.7231,34.8408,320.3,11011,,2026-01-23 09:03:37,000000021010313,382,0,0.0432689,-0.0209135,-0.0644135,9297.4,,,True,CG6-0313|2026-01-23|L11|S61,field,MATCHED,D8:wor:L11-61,4.59212
CG6-0313,563,584,62,2026-01-23,09:07:13,9296.96,11,0.0274,0.0035,10037.4,-0.2,5.9,2.0515,0.0423,0.0004,0.2729,-740.797,60,0,43.79,-79.5035,209.07,24.7242,34.8392,321.8,11011,,2026-01-23 09:07:13,000000021010313,383,0,0.0420764,-0.0185207,-0.0608207,9296.9,,,True,CG6-0313|2026-01-23|L11|S62,field,MATCHED,D8:wor:L11-62,2.68413
CG6-0313,564,585,63,2026-01-23,09:11:03,9296.57,11,0.0271,0.0035,10037,2.7,-12.3,2.0506,0.041,0.0019,0.2728,-740.798,60,0,43.79,-79.5035,209.07,24.7244,34.8375,308.2,11011,,2026-01-23 09:11:03,000000021010313,384,0,0.0407584,-0.0159453,-0.0569453,9296.51,,,True,CG6-0313|2026-01-23|L11|S63,field,MATCHED,D8:wor:L11-63,8.88334
CG6-0313,565,586,64,2026-01-23,09:14:50,9295.78,11,0.0277,0.0036,10036.3,-3.2,-0.4,2.0505,0.0396,0.0002,0.2727,-740.799,60,0,43.79,-79.5035,209.07,24.724,34.8357,314.1,11011,,2026-01-23 09:14:50,000000021010313,385,-1.81899e-12,0.03941,-0.0133788,-0.0529788,9295.73,,,True,CG6-0313|2026-01-23|L11|S64,field,MATCHED,D8:wor:L11-64,3.21728
CG6-0313,566,587,65,2026-01-23,09:18:15,9294.98,11,0.0159,0.0021,10035.5,4,2.1,2.0471,0.0384,0.0003,0.2722,-740.8,60,0,43.79,-79.5035,209.07,24.7231,34.834,322.7,11011,,2026-01-23 09:18:15,000000021010313,386,-0.0001,0.0381526,-0.0110424,-0.0494424,9294.93,,,True,CG6-0313|2026-01-23|L11|S65,field,MATCHED,D8:wor:L11-65,2.65313
CG6-0313,567,588,1,2026-01-23,09:25:15,9296.63,12,0.0206,0.0027,10037.1,6.9,-6.5,2.043,0.0357,0.0011,0.2718,-740.802,60,0,43.79,-79.5035,209.07,24.7256,34.8369,317.8,11011,,2026-01-23 09:25:15,000000021010313,387,-0.0001,0.0354621,-0.00620327,-0.0419033,9296.59,,,True,CG6-0313|2026-01-23|L12|S1,field,MATCHED,D8:wor:L12-1,6.87317
CG6-0313,568,589,2,2026-01-23,09:29:30,9297.17,12,0.0212,0.0027,10037.7,2.1,-11.8,2.0445,0.034,0.0017,0.2719,-740.803,60,0,43.79,-79.5035,209.07,24.7269,34.8381,324.4,11011,,2026-01-23 09:29:30,000000021010313,388,-1.81899e-12,0.0337563,-0.00324339,-0.0372434,9297.13,,,True,CG6-0313|2026-01-23|L12|S2,field,MATCHED,D8:wor:L12-2,4.20589
CG6-0313,569,590,3,2026-01-23,09:33:16,9297.76,12,0.0281,0.0036,10038.3,4.4,-5.7,2.048,0.0324,0.0007,0.2725,-740.804,60,0,43.79,-79.5035,209.07,24.7266,34.8405,316.1,11011,,2026-01-23 09:33:16,000000021010313,389,-0.0001,0.0322005,-0.000601813,-0.0330018,9297.72,,,True,CG6-0313|2026-01-23|L12|S3,field,MATCHED,D8:wor:L12-3,4.11727
CG6-0313,570,591,4,2026-01-23,09:36:38,9298.22,12,0.0211,0.0027,10038.7,7.5,-6.3,2.0524,0.031,0.0012,0.2729,-740.805,60,0,43.79,-79.5035,209.07,24.7279,34.8416,316.3,11011,,2026-01-23 09:36:38,000000021010313,390,-1.81899e-12,0.0307761,0.00175886,-0.0292411,9298.19,,,True,CG6-0313|2026-01-23|L12|S4,field,MATCHED,D8:wor:L12-4,3.82317
CG6-0313,571,592,5,2026-01-23,09:40:24,9298.49,12,0.0361,0.0047,10039,8.8,-8.3,2.0596,0.0294,0.0017,0.274,-740.806,60,0,43.79,-79.5035,209.07,24.7291,34.8432,322.3,11011,,2026-01-23 09:40:24,000000021010313,391,0,0.0291457,0.00440582,-0.0249942,9298.47,,,True,CG6-0313|2026-01-23|L12|S5,field,MATCHED,D8:wor:L12-5,7.94839
CG6-0313,572,593,6,2026-01-23,09:43:38,9299.09,12,0.022,0.0028,10039.6,10.1,-4.6,2.0632,0.028,0.0015,0.2744,-740.807,60,0,43.79,-79.5035,209.07,24.7287,34.8448,314,11011,,2026-01-23 09:43:38,000000021010313,392,-1.81899e-12,0.0277162,0.00668411,-0.0213159,9299.07,,,True,CG6-0313|2026-01-23|L12|S6,field,MATCHED,D8:wor:L12-6,5.05842
CG6-0313,573,594,7,2026-01-23,09:46:48,9299.32,12,0.0238,0.0031,10039.8,-3.9,-10.7,2.0647,0.0265,0.0016,0.2745,-740.808,60,0,43.79,-79.5035,209.07,24.7275,34.846,307.8,11011,,2026-01-23 09:46:48,000000021010313,393,1.81899e-12,0.0262903,0.00891646,-0.0175835,9299.31,,,True,CG6-0313|2026-01-23|L12|S7,field,MATCHED,D8:wor:L12-7,5.20465
CG6-0313,574,595,8,2026-01-23,10:10:33,9300.17,12,0.0164,0.0021,10040.7,8.9,-15.9,2.0418,0.0151,0.0039,0.2716,-740.815,60,0,43.79,-79.5035,209.07,24.7284,34.8476,313.4,11011,,2026-01-23 10:10:33,000000021010313,394,0,0.0148631,0.0254481,0.0103481,9300.18,,,True,CG6-0313|2026-01-23|L12|S8,field,MATCHED,D8:wor:L12-8,9.95238
CG6-0313,575,596,9,2026-01-23,10:15:33,9300.84,12,0.0268,0.0035,10041.4,11.1,0.2,2.0457,0.0126,0.0015,0.272,-740.816,60,0,43.79,-79.5035,209.07,24.7296,34.849,307,11011,,2026-01-23 10:15:33,000000021010313,395,0,0.0123141,0.0288528,0.0162528,9300.86,,,True,CG6-0313|2026-01-23|L12|S9,field,MATCHED,D8:wor:L12-9,8.58452
CG6-0313,576,597,10,2026-01-23,10:19:12,9301.62,12,0.0407,0.0053,10042.2,4.2,-3.6,2.0505,0.0107,0.0004,0.2728,-740.817,60,0,43.79,-79.5035,209.07,24.7314,34.8496,307.9,11011,,2026-01-23 10:19:12,000000021010313,396,0.0001,0.0104268,0.0313097,0.0206097,9301.64,,,True,CG6-0313|2026-01-23|L12|S10,field,MATCHED,D8:wor:L12-10,7.8557
CG6-0313,577,598,11,2026-01-23,10:22:52,9302.35,12,0.0275,0.0036,10042.9,1.6,-5.6,2.0533,0.0088,0.0005,0.2731,-740.818,60,0,43.79,-79.5035,209.07,24.7329,34.8506,304.3,11011,,2026-01-23 10:22:52,000000021010313,397,-1.81899e-12,0.00850998,0.0337558,0.0249558,9302.37,,,True,CG6-0313|2026-01-23|L12|S11,field,MATCHED,D8:wor:L12-11,8.19617
CG6-0313,578,599,12,2026-01-23,10:27:02,9302.89,12,0.0242,0.0031,10043.4,9.5,-2.5,2.0558,0.0066,0.0011,0.2734,-740.819,60,0,43.79,-79.5035,209.07,24.734,34.8519,302.3,11011,,2026-01-23 10:27:02,000000021010313,398,0,0.0063083,0.0365055,0.0299055,9302.92,,,True,CG6-0313|2026-01-23|L12|S12,field,MATCHED,D8:wor:L12-12,8.65079
CG6-0313,579,600,13,2026-01-23,10:31:14,9303.33,12,0.0241,0.0031,10043.9,-3.9,-6.5,2.0575,0.0043,0.0007,0.2737,-740.82,60,0,43.79,-79.5035,209.07,24.7349,34.8535,292.4,11011,,2026-01-23 10:31:14,000000021010313,399,0.0001,0.00406589,0.0392406,0.0349406,9303.36,,,True,CG6-0313|2026-01-23|L12|S13,field,MATCHED_ID_TIEBREAK,D8:wor:L12-13,12.3809
CG6-0313,580,601,14,2026-01-23,10:33:54,9303.59,12,0.0243,0.0031,10044.1,-4.9,-12.6,2.0591,0.0029,0.0022,0.2739,-740.821,60,0,43.79,-79.5035,209.07,24.7338,34.8555,297.4,11011,,2026-01-23 10:33:54,000000021010313,400,-0.0001,0.00263113,0.0409633,0.0380633,9303.63,,,True,CG6-0313|2026-01-23|L12|S14,field,MATCHED,D8:wor:L12-14,10.4137
CG6-0313,581,602,15,2026-01-23,10:37:26,9304.2,12,0.0143,0.0018,10044.7,8.4,-7.7,2.0575,0.001,0.0016,0.2737,-740.822,60,0,43.79,-79.5035,209.07,24.7336,34.8572,298.2,11011,,2026-01-23 10:37:26,000000021010313,401,1.81899e-12,0.000718112,0.0432127,0.0422127,9304.24,,,True,CG6-0313|2026-01-23|L12|S15,field,MATCHED,D8:wor:L12-15,8.37184
CG6-0313,582,603,16,2026-01-23,10:40:52,9305.09,12,0.0141,0.0018,10045.6,0.5,-8,2.0588,-0.0009,0.0009,0.2737,-740.823,60,0,43.79,-79.5035,209.07,24.7351,34.8585,294.1,11011,,2026-01-23 10:40:52,000000021010313,402,0.0001,-0.00115262,0.0453606,0.0462606,9305.14,,,True,CG6-0313|2026-01-23|L12|S16,field,MATCHED,D8:wor:L12-16,7.62469
CG6-0313,583,604,17,2026-01-23,10:43:47,9305.52,12,0.0235,0.003,10046.1,11.9,-0.6,2.059,-0.0025,0.0017,0.2738,-740.824,60,0,43.79,-79.5035,209.07,24.7355,34.8598,297.6,11011,,2026-01-23 10:43:47,000000021010313,403,-1.81899e-12,-0.00275005,0.0471632,0.0496632,9305.57,,,True,CG6-0313|2026-01-23|L12|S17,field,MATCHED,D8:wor:L12-17,5.69245
CG6-0313,584,605,18,2026-01-23,10:46:47,9305.89,12,0.0242,0.0031,10046.4,6.8,-10.5,2.0632,-0.0041,0.0018,0.2745,-740.825,60,0,43.79,-79.5035,209.07,24.7347,34.8618,293.9,11011,,2026-01-23 10:46:47,000000021010313,404,-0.0001,-0.00440009,0.0489962,0.0530962,9305.94,,,True,CG6-0313|2026-01-23|L12|S18,field,MATCHED,D8:wor:L12-18,6.81769
CG6-0313,585,606,19,2026-01-23,10:50:18,9306.61,12,0.0167,0.0022,10047.2,6.8,-6.9,2.0641,-0.0061,0.0011,0.2745,-740.826,60,0,43.79,-79.5035,209.07,24.7362,34.862,293.4,11011,,2026-01-23 10:50:18,000000021010313,405,0.0001,-0.00634218,0.0510976,0.0571976,9306.67,,,True,CG6-0313|2026-01-23|L12|S19,field,MATCHED,D8:wor:L12-19,4.67598
CG6-0313,586,607,20,2026-01-23,10:53:31,9307.3,12,0.0157,0.002,10047.9,-3.9,-5.5,2.0622,-0.0079,0.0006,0.2745,-740.827,60,0,43.79,-79.5035,209.07,24.7377,34.8619,288.4,11011,,2026-01-23 10:53:31,000000021010313,406,0.0001,-0.00812488,0.0529837,0.0608837,9307.36,,,True,CG6-0313|2026-01-23|L12|S20,field,MATCHED,D8:wor:L12-20,5.47103
CG6-0313,587,608,21,2026-01-23,10:57:25,9308.26,12,0.016,0.0021,10048.8,0.7,-8,2.0601,-0.01,0.0009,0.274,-740.827,60,0,43.79,-79.5035,209.07,24.7386,34.8633,272.4,11011,,2026-01-23 10:57:25,000000021010313,407,-0.0001,-0.0102928,0.055231,0.065231,9308.32,,,True,CG6-0313|2026-01-23|L12|S21,field,MATCHED,D8:wor:L12-21,3.75403
CG6-0313,588,609,22,2026-01-23,11:02:01,9309.02,12,0.0265,0.0034,10049.6,6.3,-4.1,2.0577,-0.0126,0.0007,0.2736,-740.829,60,0,43.79,-79.5035,209.07,24.7384,34.8651,274.3,11011,,2026-01-23 11:02:01,000000021010313,408,-0.0001,-0.0128564,0.057818,0.070418,9309.09,,,True,CG6-0313|2026-01-23|L12|S22,field,MATCHED,D8:wor:L12-22,5.62093
CG6-0313,589,610,23,2026-01-23,11:05:25,9309.8,12,0.0177,0.0023,10050.4,2.2,-11.9,2.0556,-0.0145,0.0017,0.2735,-740.83,60,0,43.79,-79.5035,209.07,24.7385,34.8669,264.8,11011,,2026-01-23 11:05:25,000000021010313,409,0,-0.0147542,0.0596805,0.0741805,9309.88,,,True,CG6-0313|2026-01-23|L12|S23,field,MATCHED,D8:wor:L12-23,5.51679
CG6-0313,590,611,24,2026-01-23,11:08:45,9310.67,12,0.0187,0.0024,10051.2,8,-3.2,2.0567,-0.0163,0.0009,0.2736,-740.831,60,0,43.79,-79.5035,209.07,24.7393,34.8689,268.6,11011,,2026-01-23 11:08:45,000000021010313,410,0.0001,-0.0166157,0.061462,0.077762,9310.75,,,True,CG6-0313|2026-01-23|L12|S24,field,MATCHED,D8:wor:L12-24,9.67345
CG6-0313,591,612,25,2026-01-23,11:15:07,9311.31,12,0.0177,0.0023,10051.9,9.6,-2.9,2.0491,-0.0199,0.0012,0.2725,-740.832,60,0,43.79,-79.5035,209.07,24.7395,34.8705,270.8,11011,,2026-01-23 11:15:07,000000021010313,411,-1.81899e-12,-0.0201695,0.0647427,0.0846427,9311.39,,,True,CG6-0313|2026-01-23|L12|S25,field,MATCHED,D8:wor:L12-25,7.50496
CG6-0313,592,613,26,2026-01-23,11:18:34,9312.3,12,0.022,0.0028,10052.9,0.9,-10.9,2.0508,-0.0218,0.0015,0.2727,-740.833,60,0,43.79,-79.5035,209.07,24.7391,34.8727,272.7,11011,,2026-01-23 11:18:34,000000021010313,412,0,-0.0220919,0.0664551,0.0882551,9312.39,,,True,CG6-0313|2026-01-23|L12|S26,field,MATCHED,D8:wor:L12-26,4.82405
CG6-0313,593,614,27,2026-01-23,11:21:55,9313.45,12,0.0159,0.002,10054,0.9,-0.7,2.0509,-0.0237,0.0001,0.2729,-740.834,60,0,43.79,-79.5035,209.07,24.7405,34.8739,270,11011,,2026-01-23 11:21:55,000000021010313,413,1.81899e-12,-0.0239548,0.0680612,0.0917612,9313.55,,,True,CG6-0313|2026-01-23|L12|S27,field,MATCHED,D8:wor:L12-27,2.41407
CG6-0313,594,615,28,2026-01-23,11:25:52,9314.17,12,0.0219,0.0028,10054.8,-6.1,-4.3,2.0507,-0.0259,0.0007,0.2728,-740.835,60,0,43.79,-79.5035,209.07,24.7422,34.874,262.9,11011,,2026-01-23 11:25:52,000000021010313,414,0,-0.0261447,0.069889,0.095789,9314.27,,,True,CG6-0313|2026-01-23|L12|S28,field,MATCHED,D8:wor:L12-28,3.10494
CG6-0313,595,616,29,2026-01-23,11:33:23,9314.98,12,0.0408,0.0053,10055.6,4.7,-6.9,2.0525,-0.03,0.0008,0.273,-740.837,60,0,43.79,-79.5035,209.07,24.744,34.8734,260.2,11011,,2026-01-23 11:33:23,000000021010313,415,0.0001,-0.0302855,0.0731764,0.103176,9315.08,,,True,CG6-0313|2026-01-23|L12|S29,field,MATCHED,D8:wor:L12-29,3.83118
CG6-0313,596,617,30,2026-01-23,11:36:41,9316.07,12,0.0227,0.0029,10056.7,2.2,-8.6,2.0492,-0.0318,0.0009,0.2726,-740.838,60,0,43.79,-79.5035,209.07,24.7449,34.8748,252.4,11011,,2026-01-23 11:36:41,000000021010313,416,0.0001,-0.0320897,0.0745385,0.106339,9316.17,,,True,CG6-0313|2026-01-23|L12|S30,field,MATCHED,D8:wor:L12-30,3.20114
CG6-0313,597,618,31,2026-01-23,11:40:08,9316.68,12,0.0235,0.003,10057.3,-12.3,-8.4,2.0476,-0.0337,0.0026,0.2724,-740.839,60,0,43.79,-79.5035,209.07,24.7445,34.8767,244.5,11011,,2026-01-23 11:40:08,000000021010313,417,0,-0.0339651,0.0759119,0.109612,9316.79,,,True,CG6-0313|2026-01-23|L12|S31,field,MATCHED,D8:wor:L12-31,8.22402
CG6-0313,598,619,32,2026-01-23,11:43:48,9317.1,12,0.0208,0.0027,10057.7,-3.1,-4.5,2.0446,-0.0357,0.0004,0.2719,-740.84,60,0,43.79,-79.5035,209.07,24.7433,34.8783,241.4,11011,,2026-01-23 11:43:48,000000021010313,418,0,-0.0359448,0.0773092,0.113009,9317.21,,,True,CG6-0313|2026-01-23|L12|S32,field,MATCHED,D8:wor:L12-32,2.5497
CG6-0313,599,620,33,2026-01-23,11:47:20,9317.88,12,0.0186,0.0024,10058.5,0.8,-11.4,2.0437,-0.0376,0.0017,0.2718,-740.841,60,0,43.79,-79.5035,209.07,24.7433,34.8801,246.6,11011,,2026-01-23 11:47:20,000000021010313,419,0,-0.037838,0.0785886,0.116189,9317.99,,,True,CG6-0313|2026-01-23|L12|S33,field,MATCHED,D8:wor:L12-33,4.04944
CG6-0313,600,621,34,2026-01-23,11:51:12,9318.61,12,0.0343,0.0044,10059.2,4,-8.9,2.0439,-0.0396,0.0012,0.2719,-740.842,60,0,43.79,-79.5035,209.07,24.7444,34.8816,239,11011,,2026-01-23 11:51:12,000000021010313,420,0,-0.0398918,0.0799112,0.119511,9318.73,,,True,CG6-0313|2026-01-23|L12|S34,field,MATCHED,D8:wor:L12-34,4.84613
CG6-0313,601,622,100,2026-01-23,12:37:45,9341.51,0,0.0253,0.0033,10082.2,12.6,6.4,2.029,-0.0623,0.0024,0.2698,-740.855,60,0,43.79,-79.5035,209.07,24.7869,34.9338,84.7,11011,,2026-01-23 12:37:45,000000021010313,421,-0.0001,-0.0625157,0.0893891,0.151689,9341.66,,,True,CG6-0313|2026-01-23|L0|S100,field_base_100,MATCHED,D8:wor:Base100,15.6667
CG6-0313,602,623,100,2026-01-23,12:38:45,9341.53,0,0.016,0.0021,10082.2,17.4,4.7,2.0324,-0.0628,0.0037,0.2703,-740.856,60,0,43.79,-79.5035,209.07,24.7869,34.9338,82.6,11011,,2026-01-23 12:38:45,000000021010313,421,0.0001,-0.0629478,0.0894613,0.152261,9341.68,,,True,CG6-0313|2026-01-23|L0|S100,field_base_100,MATCHED,D8:wor:Base100,15.6667
CG6-0313,603,624,100,2026-01-23,12:39:45,9341.51,0,0.0213,0.0027,10082.1,21.2,3.7,2.0332,-0.0632,0.0049,0.2704,-740.856,60,0,43.79,-79.5035,209.07,24.7869,34.9338,83.4,11011,,2026-01-23 12:39:45,000000021010313,421,0.0001,-0.0633772,0.0895278,0.152728,9341.66,,TILT_GT_20,True,CG6-0313|2026-01-23|L0|S100,field_base_100,MATCHED,D8:wor:Base100,15.6667
CG6-0313,604,625,100,2026-01-23,12:40:45,9341.54,0,0.0155,0.002,10082.2,24.3,2.6,2.0342,-0.0636,0.0068,0.2705,-740.856,60,0,43.79,-79.5035,209.07,24.7869,34.9338,83.5,11011,,2026-01-23 12:40:45,000000021010313,421,0.0001,-0.0638038,0.0895886,0.153189,9341.69,,TILT_GT_20,True,CG6-0313|2026-01-23|L0|S100,field_base_100,MATCHED,D8:wor:Base100,15.6667
CG6-0313,605,626,1,2026-01-23,13:22:38,9349.1,13,0.017,0.0022,10089.8,-0.1,-8.4,2.0238,-0.0788,0.0009,0.2692,-740.868,60,0,43.79,-79.5035,209.07,24.8021,34.9531,55,11011,,2026-01-23 13:22:38,000000021010313,422,-0.0001,-0.0789436,0.0870014,0.165801,9349.26,,,True,CG6-0313|2026-01-23|L13|S1,field,MATCHED,D8:wor:L13-1,5.77643
CG6-0313,606,627,2,2026-01-23,13:26:55,9348,13,0.0225,0.0029,10088.7,1.3,-11.9,2.0219,-0.08,0.0018,0.2689,-740.869,60,0,43.79,-79.5035,209.07,24.8033,34.9517,56.5,11011,,2026-01-23 13:26:55,000000021010313,423,-0.0001,-0.0801607,0.0861957,0.166196,9348.17,,,True,CG6-0313|2026-01-23|L13|S2,field,MATCHED,D8:wor:L13-2,3.89754
CG6-0313,607,628,3,2026-01-23,13:30:26,9346.78,13,0.0302,0.0039,10087.5,1.1,-4.3,2.0236,-0.081,0.0003,0.2692,-740.87,60,0,43.79,-79.5035,209.07,24.8047,34.9505,59.4,11011,,2026-01-23 13:30:26,000000021010313,424,-0.0001,-0.0811102,0.0854613,0.166461,9346.94,,,True,CG6-0313|2026-01-23|L13|S3,field,MATCHED,D8:wor:L13-3,1.59755
CG6-0313,608,629,4,2026-01-23,13:33:39,9345.84,13,0.0171,0.0022,10086.5,0.3,-8.4,2.0228,-0.0818,0.0009,0.269,-740.871,60,0,43.79,-79.5035,209.07,24.8061,34.9493,69.4,11011,,2026-01-23 13:33:39,000000021010313,425,0,-0.0819389,0.0847333,0.166533,9346.01,,,True,CG6-0313|2026-01-23|L13|S4,field,MATCHED,D8:wor:L13-4,2.65091
CG6-0313,609,630,5,2026-01-23,13:36:42,9344.74,13,0.0142,0.0018,10085.4,8,-15.2,2.0251,-0.0826,0.0034,0.2694,-740.871,60,0,43.79,-79.5035,209.07,24.8076,34.9485,77,11011,,2026-01-23 13:36:42,000000021010313,426,0.0001,-0.082689,0.0839934,0.166593,9344.91,,,True,CG6-0313|2026-01-23|L13|S5,field,MATCHED,D8:wor:L13-5,4.19806
CG6-0313,610,631,6,2026-01-23,13:40:18,9343.23,13,0.0174,0.0023,10083.9,4.3,-0.6,2.0246,-0.0834,0.0003,0.2692,-740.872,60,0,43.79,-79.5035,209.07,24.8085,34.9468,78.9,11011,,2026-01-23 13:40:18,000000021010313,427,-0.0001,-0.0835292,0.0830639,0.166464,9343.4,,,True,CG6-0313|2026-01-23|L13|S6,field,MATCHED,D8:wor:L13-6,2.81572
CG6-0313,611,632,7,2026-01-23,13:43:50,9342.05,13,0.0188,0.0024,10082.7,-8.5,-12.4,2.0251,-0.0842,0.0026,0.2694,-740.874,60,0,43.79,-79.5035,209.07,24.8093,34.9452,84.4,11011,,2026-01-23 13:43:50,000000021010313,428,0,-0.084306,0.0820896,0.16629,9342.22,,,True,CG6-0313|2026-01-23|L13|S7,field,MATCHED,D8:wor:L13-7,2.87915
CG6-0313,612,633,8,2026-01-23,13:47:31,9340.82,13,0.0154,0.002,10081.5,-7.4,-3.6,2.0261,-0.085,0.0008,0.2696,-740.875,60,0,43.79,-79.5035,209.07,24.8112,34.9445,88.9,11011,,2026-01-23 13:47:31,000000021010313,429,-1.81899e-12,-0.0850646,0.0810054,0.166005,9340.98,,,True,CG6-0313|2026-01-23|L13|S8,field,MATCHED,D8:wor:L13-8,9.71249
CG6-0313,613,634,9,2026-01-23,13:51:25,9339.48,13,0.0298,0.0039,10080.2,-0.7,4.6,2.0259,-0.0857,0.0003,0.2695,-740.876,60,0,43.79,-79.5035,209.07,24.8124,34.9431,100.6,11011,,2026-01-23 13:51:25,000000021010313,430,0,-0.0858105,0.0797904,0.16549,9339.64,,,True,CG6-0313|2026-01-23|L13|S9,field,MATCHED,D8:wor:L13-9,5.33698
CG6-0313,614,635,10,2026-01-23,13:54:52,9338.18,13,0.0138,0.0018,10078.9,2.3,-8,2.026,-0.0864,0.0008,0.2695,-740.876,60,0,43.79,-79.5035,209.07,24.8138,34.9417,106.4,11011,,2026-01-23 13:54:52,000000021010313,431,0.0001,-0.0864206,0.0786562,0.165056,9338.34,,,True,CG6-0313|2026-01-23|L13|S10,field,MATCHED,D8:wor:L13-10,6.01285
CG6-0313,615,636,11,2026-01-23,13:57:58,9336.92,13,0.0214,0.0028,10077.6,3,-4.6,2.0236,-0.0869,0.0004,0.2691,-740.877,60,0,43.79,-79.5035,209.07,24.8151,34.9405,112.1,11011,,2026-01-23 13:57:58,000000021010313,432,0,-0.0869289,0.0775909,0.164491,9337.08,,,True,CG6-0313|2026-01-23|L13|S11,field,MATCHED,D8:wor:L13-11,6.87255
CG6-0313,616,637,12,2026-01-23,14:00:56,9335.63,13,0.0179,0.0023,10076.3,11.8,-3.3,2.022,-0.0873,0.0019,0.269,-740.878,60,0,43.79,-79.5035,209.07,24.8162,34.9389,120.7,11011,,2026-01-23 14:00:56,000000021010313,433,0,-0.0873796,0.0765325,0.163833,9335.79,,,True,CG6-0313|2026-01-23|L13|S12,field,MATCHED,D8:wor:L13-12,6.46584
CG6-0313,617,638,13,2026-01-23,14:04:20,9334.53,13,0.0266,0.0034,10075.2,8.2,3.5,2.0204,-0.0878,0.001,0.2688,-740.879,60,0,43.79,-79.5035,209.07,24.8174,34.9373,127.9,11011,,2026-01-23 14:04:20,000000021010313,434,-1.81899e-12,-0.087853,0.0752727,0.163073,9334.7,,,True,CG6-0313|2026-01-23|L13|S13,field,MATCHED,D8:wor:L13-13,6.3232
CG6-0313,618,639,14,2026-01-23,14:07:41,9333.32,13,0.0255,0.0033,10074,10.6,-4,2.023,-0.0882,0.0015,0.269,-740.88,60,0,43.79,-79.5035,209.07,24.8186,34.9358,131.9,11011,,2026-01-23 14:07:41,000000021010313,435,0,-0.0882741,0.0739833,0.162183,9333.48,,,True,CG6-0313|2026-01-23|L13|S14,field,MATCHED,D8:wor:L13-14,6.75411
CG6-0313,619,640,15,2026-01-23,14:11:23,9332.77,13,0.017,0.0022,10073.5,-0.2,3.5,2.0231,-0.0887,0.0002,0.2691,-740.881,60,0,43.79,-79.5035,209.07,24.819,34.9349,131.2,11011,,2026-01-23 14:11:23,000000021010313,436,1.81899e-12,-0.0886869,0.0725071,0.161207,9332.93,,,True,CG6-0313|2026-01-23|L13|S15,field,MATCHED,D8:wor:L13-15,7.28377
CG6-0313,620,641,1,2026-01-23,14:31:02,15026.2,14,0.0397,0.0051,15766.9,-1.5,1,2.0899,-0.09,0.0001,0.2779,-740.886,60,0,43.79,-79.5035,209.07,24.8071,34.9721,28.3,11011,,2026-01-23 14:31:02,000000021010313,437,-0.0001,-0.0899506,0.0637481,0.153748,15026.4,GROSS_RANGE_GT_500,,False,CG6-0313|2026-01-23|L14|S1,field,MATCHED,D8:wor:L14-1,6.13273
CG6-0313,621,642,2,2026-01-23,14:37:47,9352.49,14,0.0263,0.0034,10093.2,0.1,-12.7,2.1617,-0.09,0.0019,0.2876,-740.888,60,0,43.79,-79.5035,209.07,24.8059,34.9731,47.2,11011,,2026-01-23 14:37:47,000000021010313,438,1.81899e-12,-0.0900237,0.0604461,0.150446,9352.64,,,True,CG6-0313|2026-01-23|L14|S2,field,MATCHED,D8:wor:L14-2,5.29805
CG6-0313,622,643,3,2026-01-23,14:41:05,9351.14,14,0.0194,0.0025,10091.8,-3.6,-8.7,2.0948,-0.09,0.0011,0.2787,-740.889,60,0,43.79,-79.5035,209.07,24.8044,34.9739,52.4,11011,,2026-01-23 14:41:05,000000021010313,439,-0.0001,-0.0899925,0.0587834,0.148783,9351.29,,,True,CG6-0313|2026-01-23|L14|S3,field,MATCHED,D8:wor:L14-3,3.16364
CG6-0313,623,644,4,2026-01-23,14:44:26,9349.79,14,0.0167,0.0022,10090.5,2.2,0.3,2.0478,-0.0899,0.0001,0.2724,-740.89,60,0,43.79,-79.5035,209.07,24.8029,34.975,55.4,11011,,2026-01-23 14:44:26,000000021010313,440,1.81899e-12,-0.089916,0.057063,0.146963,9349.94,,,True,CG6-0313|2026-01-23|L14|S4,field,MATCHED,D8:wor:L14-4,7.07572
CG6-0313,624,645,5,2026-01-23,14:48:04,9348.62,14,0.0225,0.0029,10089.3,5,-8.1,2.0249,-0.0898,0.0011,0.2694,-740.891,60,0,43.79,-79.5035,209.07,24.8016,34.976,57.7,11011,,2026-01-23 14:48:04,000000021010313,441,-0.0001,-0.0897822,0.0551628,0.144963,9348.76,,,True,CG6-0313|2026-01-23|L14|S5,field,MATCHED,D8:wor:L14-5,4.534
CG6-0313,625,646,6,2026-01-23,14:53:18,9347.48,14,0.0177,0.0023,10088.2,-4.5,-6.1,2.0163,-0.0895,0.0007,0.2682,-740.893,60,0,43.79,-79.5035,209.07,24.7998,34.977,60.2,11011,,2026-01-23 14:53:18,000000021010313,442,-1.81899e-12,-0.0894972,0.0523682,0.141868,9347.63,,,True,CG6-0313|2026-01-23|L14|S6,field,MATCHED,D8:wor:L14-6,8.20776
CG6-0313,626,647,7,2026-01-23,14:56:58,9346.29,14,0.0207,0.0027,10087,-7.3,0.3,2.0144,-0.0893,0.0006,0.268,-740.894,60,0,43.79,-79.5035,209.07,24.7983,34.9777,59.7,11011,,2026-01-23 14:56:58,000000021010313,443,1.81899e-12,-0.0892329,0.050373,0.139673,9346.43,,,True,CG6-0313|2026-01-23|L14|S7,field,MATCHED,D8:wor:L14-7,2.52457
CG6-0313,627,648,8,2026-01-23,15:00:31,9345.59,14,0.0282,0.0036,10086.3,-3.3,-6.2,2.01,-0.089,0.0007,0.2674,-740.895,60,0,43.79,-79.5035,209.07,24.7969,34.9787,67.4,11011,,2026-01-23 15:00:31,000000021010313,444,-0.0001,-0.0889269,0.0484129,0.137413,9345.73,,,True,CG6-0313|2026-01-23|L14|S8,field,MATCHED_ID_TIEBREAK,D8:wor:L14-8,8.70257
CG6-0313,628,649,9,2026-01-23,15:04:00,7267.64,14,0.0167,0.0022,8008.36,3.8,-5.2,2.01,-0.0886,0.0005,0.2673,-740.896,60,0,43.79,-79.5035,209.07,24.7963,34.9802,77.5,11011,,2026-01-23 15:04:00,000000021010313,445,-0.0001,-0.0885789,0.046463,0.135063,7267.77,FROZEN_SENSOR_OUTPUT,,False,CG6-0313|2026-01-23|L14|S9,field,MATCHED_ID_TIEBREAK,D8:wor:L14-9,11.5512
CG6-0313,629,650,100,2026-01-23,15:30:01,9341.6,0,0.0167,0.0022,10082.3,9.2,-0,2.1701,-0.0846,0.001,0.2887,-740.903,60,0,43.79,-79.5035,209.07,24.7869,34.9338,94.6,11011,,2026-01-23 15:30:01,000000021010313,446,-0.0001,-0.0845338,0.0315002,0.1161,9341.72,,,True,CG6-0313|2026-01-23|L0|S100,field_base_100,MATCHED,D8:wor:Base100,12.1792
CG6-0313,630,651,100,2026-01-23,15:31:01,9341.6,0,0.017,0.0022,10082.3,11.3,-0.5,2.1617,-0.0844,0.0015,0.2876,-740.903,60,0,43.79,-79.5035,209.07,24.7869,34.9338,94.5,11011,,2026-01-23 15:31:01,000000021010313,446,-1.81899e-12,-0.0843292,0.0309073,0.115307,9341.71,,,True,CG6-0313|2026-01-23|L0|S100,field_base_100,MATCHED,D8:wor:Base100,12.1792
CG6-0313,631,652,100,2026-01-23,15:32:01,9341.61,0,0.0167,0.0022,10082.3,12.2,-1.3,2.1447,-0.0842,0.0017,0.2852,-740.903,60,0,43.79,-79.5035,209.07,24.7869,34.9338,94.6,11011,,2026-01-23 15:32:01,000000021010313,446,-0.0001,-0.084121,0.0303139,0.114514,9341.72,,,True,CG6-0313|2026-01-23|L0|S100,field_base_100,MATCHED,D8:wor:Base100,12.1792
CG6-0313,632,653,100,2026-01-23,15:33:01,9341.59,0,0.0227,0.0029,10082.3,12.4,-1.2,2.1252,-0.084,0.0019,0.2826,-740.904,60,0,43.79,-79.5035,209.07,24.7869,34.9338,94.6,11011,,2026-01-23 15:33:01,000000021010313,446,1.81899e-12,-0.0839095,0.02972,0.11372,9341.71,,,True,CG6-0313|2026-01-23|L0|S100,field_base_100,MATCHED,D8:wor:Base100,12.1792
CG6-0313,633,654,0,2026-01-23,18:00:21,9406.87,0,0.0208,0.0027,10147.6,3.6,4.9,2.093,-0.0275,0.0005,0.2783,-740.944,60,0,43.79,-79.5035,209.07,25.0668,34.8776,40.4,11011,,2026-01-23 18:00:21,000000021010313,447,0,-0.0272839,-0.0378481,-0.0103481,9406.86,,,True,CG6-0313|2026-01-23|L0|S0,hotel_base_0,MATCHED,D8:wor:Base 0,12.2487
CG6-0313,634,655,0,2026-01-23,18:01:21,9406.9,0,0.0158,0.002,10147.6,2,6.1,2.0881,-0.0271,0.0005,0.2779,-740.945,60,0,43.79,-79.5035,209.07,25.0668,34.8776,40.4,11011,,2026-01-23 18:01:21,000000021010313,447,0.0001,-0.0268295,-0.0380305,-0.0109305,9406.89,,,True,CG6-0313|2026-01-23|L0|S0,hotel_base_0,MATCHED,D8:wor:Base 0,12.2487
CG6-0313,635,656,0,2026-01-23,18:02:21,9406.88,0,0.0168,0.0022,10147.6,-1.6,6.8,2.0847,-0.0266,0.0004,0.2772,-740.945,60,0,43.79,-79.5035,209.07,25.0668,34.8776,40.4,11011,,2026-01-23 18:02:21,000000021010313,447,-3.63798e-12,-0.0263757,-0.0382079,-0.0116079,9406.87,,,True,CG6-0313|2026-01-23|L0|S0,hotel_base_0,MATCHED,D8:wor:Base 0,12.2487
CG6-0313,636,657,0,2026-01-23,18:03:21,9406.88,0,0.017,0.0022,10147.6,-1.4,9.2,2.0813,-0.0262,0.001,0.2768,-740.945,60,0,43.79,-79.5035,209.07,25.0668,34.8776,40.4,11011,,2026-01-23 18:03:21,000000021010313,447,1.81899e-12,-0.0259225,-0.0383802,-0.0121802,9406.87,,,True,CG6-0313|2026-01-23|L0|S0,hotel_base_0,MATCHED,D8:wor:Base 0,12.2487
CG6-0313,637,658,0,2026-01-24,04:59:24,9406.89,0,0.0233,0.003,10147.8,-4.5,5.1,2.0118,-0.0148,0.0006,0.2674,-741.126,60,0,43.79,-79.5035,209.07,25.0668,34.8776,22.2,11011,,2026-01-24 04:59:24,000000021010313,448,1.81899e-12,-0.0146678,-0.0272948,-0.0124948,9406.88,,,True,CG6-0313|2026-01-24|L0|S0,hotel_base_0,MATCHED,D9:wor:BASE24-01-2026,2.80292
CG6-0313,638,659,0,2026-01-24,05:00:24,9406.89,0,0.0202,0.0026,10147.8,-3.2,7.4,2.0122,-0.0145,0.0007,0.2677,-741.126,60,0,43.79,-79.5035,209.07,25.0668,34.8776,22.2,11011,,2026-01-24 05:00:24,000000021010313,448,0.0001,-0.0143671,-0.0278778,-0.0133778,9406.88,,,True,CG6-0313|2026-01-24|L0|S0,hotel_base_0,MATCHED,D9:wor:BASE24-01-2026,2.80292
CG6-0313,639,660,0,2026-01-24,05:01:24,9406.9,0,0.0192,0.0025,10147.8,-3.3,9.1,2.0106,-0.0142,0.001,0.2674,-741.127,60,0,43.79,-79.5035,209.07,25.0668,34.8776,22.2,11011,,2026-01-24 05:01:24,000000021010313,448,0.0001,-0.0140659,-0.0284582,-0.0142582,9406.89,,,True,CG6-0313|2026-01-24|L0|S0,hotel_base_0,MATCHED,D9:wor:BASE24-01-2026,2.80292
CG6-0313,640,661,0,2026-01-24,05:02:24,9406.93,0,0.0261,0.0034,10147.8,-4.3,7.9,2.0103,-0.0139,0.001,0.2674,-741.127,60,0,43.79,-79.5035,209.07,25.0668,34.8776,22.2,11011,,2026-01-24 05:02:24,000000021010313,448,0,-0.0137642,-0.0290359,-0.0151359,9406.92,,,True,CG6-0313|2026-01-24|L0|S0,hotel_base_0,MATCHED,D9:wor:BASE24-01-2026,2.80292
CG6-0313,641,662,100,2026-01-24,06:42:36,9341.6,0,0.0304,0.0039,10082.5,-2.8,-8.4,2.0172,0.0145,0.0009,0.2683,-741.155,60,0,43.79,-79.5035,209.07,24.7867,34.9337,107.1,11011,,2026-01-24 06:42:36,000000021010313,449,-0.0001,0.0145113,-0.0676491,-0.0821491,9341.52,,,True,CG6-0313|2026-01-24|L0|S100,field_base_100,MATCHED,D9:kml:Base 100,3.34099
CG6-0313,642,663,100,2026-01-24,06:43:36,9341.61,0,0.0238,0.0031,10082.5,-2.6,-10.1,2.0211,0.0147,0.0013,0.2688,-741.155,60,0,43.79,-79.5035,209.07,24.7867,34.9337,107.1,11011,,2026-01-24 06:43:36,000000021010313,449,0.0001,0.0147317,-0.0678036,-0.0825036,9341.53,,,True,CG6-0313|2026-01-24|L0|S100,field_base_100,MATCHED,D9:kml:Base 100,3.34099
CG6-0313,643,664,100,2026-01-24,06:44:36,9341.63,0,0.0222,0.0029,10082.5,-1.7,-11.4,2.0244,0.0149,0.0016,0.2693,-741.155,60,0,43.79,-79.5035,209.07,24.7867,34.9337,107.1,11011,,2026-01-24 06:44:36,000000021010313,449,0.0001,0.0149502,-0.0679528,-0.0828528,9341.54,,,True,CG6-0313|2026-01-24|L0|S100,field_base_100,MATCHED,D9:kml:Base 100,3.34099
CG6-0313,644,665,100,2026-01-24,06:45:36,9341.62,0,0.0236,0.003,10082.5,-1.9,-13.5,2.0255,0.0151,0.002,0.2694,-741.155,60,0,43.79,-79.5035,209.07,24.7867,34.9337,107.1,11011,,2026-01-24 06:45:36,000000021010313,449,0,0.0151667,-0.0680967,-0.0831967,9341.54,,,True,CG6-0313|2026-01-24|L0|S100,field_base_100,MATCHED,D9:kml:Base 100,3.34099
CG6-0313,645,666,1,2026-01-24,09:08:09,9309.47,15,0.0269,0.0035,10050.4,-0.6,6.9,2.0495,0.0189,0.0006,0.2726,-741.195,60,0,43.79,-79.5035,209.07,24.6894,34.8927,245.5,11011,,2026-01-24 09:08:09,000000021010313,450,1.81899e-12,0.0187446,-0.0357799,-0.0546799,9309.42,,,True,CG6-0313|2026-01-24|L15|S1,field,MATCHED,D9:wor:L15-1,6.76259
CG6-0313,646,667,2,2026-01-24,09:32:18,9308.65,15,0.0297,0.0038,10049.6,-2.7,-11.3,2.0602,0.0135,0.0016,0.2739,-741.202,60,0,43.79,-79.5035,209.07,24.6886,34.8908,231.6,11011,,2026-01-24 09:32:18,000000021010313,451,0,0.0133819,-0.0217472,-0.0352472,9308.61,,,True,CG6-0313|2026-01-24|L15|S2,field,MATCHED,D9:wor:L15-2,5.56755
CG6-0313,647,668,3,2026-01-24,09:36:22,9307.97,15,0.0317,0.0041,10048.9,7.1,0.7,2.0587,0.0125,0.0006,0.2738,-741.203,60,0,43.79,-79.5035,209.07,24.688,34.8889,235.2,11011,,2026-01-24 09:36:22,000000021010313,452,0,0.0123202,-0.0192371,-0.0317371,9307.94,,,True,CG6-0313|2026-01-24|L15|S3,field,MATCHED,D9:wor:L15-3,8.29758
CG6-0313,648,669,4,2026-01-24,09:39:54,9307.3,15,0.0341,0.0044,10048.2,-5.7,-5,2.0508,0.0115,0.0009,0.2729,-741.204,60,0,43.79,-79.5035,209.07,24.688,34.8869,235.8,11011,,2026-01-24 09:39:54,000000021010313,453,-0.0001,0.0113624,-0.0170283,-0.0285283,9307.28,,,True,CG6-0313|2026-01-24|L15|S4,field,MATCHED,D9:wor:L15-4,8.82659
CG6-0313,649,670,5,2026-01-24,09:43:41,9306.84,15,0.0322,0.0042,10047.8,9,-12.4,2.0463,0.0105,0.0028,0.2722,-741.205,60,0,43.79,-79.5035,209.07,24.688,34.885,241.2,11011,,2026-01-24 09:43:41,000000021010313,454,0,0.010301,-0.0146339,-0.0251339,9306.81,,,True,CG6-0313|2026-01-24|L15|S5,field,MATCHED,D9:wor:L15-5,8.25606
CG6-0313,650,671,6,2026-01-24,09:46:35,9305.97,15,0.0364,0.0047,10046.9,12.8,-13.1,2.0449,0.0096,0.0039,0.272,-741.206,60,0,43.79,-79.5035,209.07,24.6879,34.8829,236,11011,,2026-01-24 09:46:35,000000021010313,455,0.0001,0.00946288,-0.0127819,-0.0223819,9305.95,,,True,CG6-0313|2026-01-24|L15|S6,field,MATCHED,D9:wor:L15-6,8.60807
CG6-0313,651,672,7,2026-01-24,09:49:34,9305.25,15,0.0305,0.0039,10046.2,0.7,3.3,2.0467,0.0088,0.0002,0.2722,-741.206,60,0,43.79,-79.5035,209.07,24.6867,34.8816,234.7,11011,,2026-01-24 09:49:34,000000021010313,456,-0.0001,0.0085789,-0.0108568,-0.0196568,9305.23,,,True,CG6-0313|2026-01-24|L15|S7,field,MATCHED,D9:wor:L15-7,7.38774
CG6-0313,652,673,8,2026-01-24,09:52:20,9304.49,15,0.0462,0.006,10045.4,9.9,-2.6,2.0444,0.0079,0.0013,0.272,-741.207,60,0,43.79,-79.5035,209.07,24.686,34.8802,234.2,11011,,2026-01-24 09:52:20,000000021010313,457,-1.81899e-12,0.00773972,-0.00905975,-0.0169597,9304.47,,,True,CG6-0313|2026-01-24|L15|S8,field,MATCHED,D9:wor:L15-8,8.39011
CG6-0313,653,674,9,2026-01-24,09:55:33,9304.43,15,0.0332,0.0043,10045.4,0.8,-3.1,2.0449,0.0069,0.0001,0.2719,-741.208,60,0,43.79,-79.5035,209.07,24.687,34.8785,236.1,11011,,2026-01-24 09:55:33,000000021010313,458,0.0001,0.00674105,-0.00695889,-0.0138589,9304.41,,,True,CG6-0313|2026-01-24|L15|S9,field,MATCHED,D9:wor:L15-9,9.10494
CG6-0313,654,675,10,2026-01-24,09:58:37,9304.14,15,0.0304,0.0039,10045.1,0.1,-3.8,2.0491,0.006,0.0002,0.2727,-741.209,60,0,43.79,-79.5035,209.07,24.6874,34.877,237.8,11011,,2026-01-24 09:58:37,000000021010313,459,-0.0001,0.00576642,-0.00494134,-0.0109413,9304.12,,,True,CG6-0313|2026-01-24|L15|S10,field,MATCHED,D9:wor:L15-10,8.80238
CG6-0313,655,676,11,2026-01-24,10:01:24,9303.55,15,0.0315,0.0041,10044.5,-2,-1.3,2.0487,0.0051,0.0001,0.2726,-741.21,60,0,43.79,-79.5035,209.07,24.6863,34.8753,245.3,11011,,2026-01-24 10:01:24,000000021010313,460,0,0.00486321,-0.00309766,-0.00819766,9303.54,,,True,CG6-0313|2026-01-24|L15|S11,field,MATCHED,D9:wor:L15-11,10.209
CG6-0313,656,677,12,2026-01-24,10:04:14,9303.27,15,0.04,0.0052,10044.2,4,-11.5,2.0509,0.0041,0.0018,0.2729,-741.21,60,0,43.79,-79.5035,209.07,24.686,34.8737,245.3,11011,,2026-01-24 10:04:14,000000021010313,461,0.0001,0.00392598,-0.0012133,-0.0053133,9303.26,,,True,CG6-0313|2026-01-24|L15|S12,field,MATCHED,D9:wor:L15-12,11.1278
CG6-0313,657,678,13,2026-01-24,10:07:11,9303.18,15,0.0277,0.0036,10044.1,5.8,-1.9,2.0512,0.0031,0.0005,0.2729,-741.211,60,0,43.79,-79.5035,209.07,24.6872,34.8721,254.5,11011,,2026-01-24 10:07:11,000000021010313,462,0.0001,0.00293153,0.000754784,-0.00234522,9303.18,,,True,CG6-0313|2026-01-24|L15|S13,field,MATCHED,D9:wor:L15-13,8.63999
CG6-0313,658,679,14,2026-01-24,10:09:59,9302.96,15,0.0339,0.0044,10043.9,6.6,-5.7,2.0547,0.0022,0.001,0.2733,-741.212,60,0,43.79,-79.5035,209.07,24.688,34.8706,256.5,11011,,2026-01-24 10:09:59,000000021010313,463,-0.0001,0.00197049,0.00263073,0.000430725,9302.96,,,True,CG6-0313|2026-01-24|L15|S14,field,MATCHED,D9:wor:L15-14,8.09379
CG6-0313,659,680,15,2026-01-24,10:12:41,9302.68,15,0.0308,0.004,10043.6,5.2,-9.3,2.0551,0.0012,0.0014,0.2735,-741.213,60,0,43.79,-79.5035,209.07,24.6867,34.8694,262.5,11011,,2026-01-24 10:12:41,000000021010313,464,-0.0001,0.00102835,0.00445014,0.00325014,9302.68,,,True,CG6-0313|2026-01-24|L15|S15,field,MATCHED,D9:wor:L15-15,10.0425
CG6-0313,660,681,16,2026-01-24,10:15:53,9302.03,15,0.0438,0.0056,10043,5.4,4.4,2.057,0.0001,0.0006,0.2735,-741.214,60,0,43.79,-79.5035,209.07,24.6852,34.8691,259.1,11011,,2026-01-24 10:15:53,000000021010313,465,0,-0.000107347,0.00661589,0.00651589,9302.04,,,True,CG6-0313|2026-01-24|L15|S16,field,MATCHED,D9:wor:L15-16,7.21941
CG6-0313,661,682,17,2026-01-24,10:19:12,7267.4,15,0.004,0.0005,8008.34,11.7,0.5,2.0582,-0.0011,0.0016,0.2738,-741.215,60,0,43.79,-79.5035,209.07,24.6852,34.8674,269.5,11011,,2026-01-24 10:19:12,000000021010313,466,9.09495e-13,-0.00130563,0.00885909,0.00995909,7267.41,FROZEN_SENSOR_OUTPUT,,False,CG6-0313|2026-01-24|L15|S17,field,MATCHED,D9:wor:L15-17,9.06459
CG6-0313,662,683,18,2026-01-24,10:22:00,7267.39,15,0.0021,0.0003,8008.33,2.1,-8.6,2.0927,-0.0021,0.001,0.2783,-741.215,60,0,43.79,-79.5035,209.07,24.686,34.8659,271.1,11011,,2026-01-24 10:22:00,000000021010313,467,-0.0001,-0.0023335,0.0107545,0.0128545,7267.41,FROZEN_SENSOR_OUTPUT,,False,CG6-0313|2026-01-24|L15|S18,field,MATCHED,D9:wor:L15-18,6.78403
CG6-0313,663,684,19,2026-01-24,10:25:31,9300.53,15,0.0347,0.0045,10041.5,1,3.9,2.1536,-0.0034,0.0002,0.2865,-741.216,60,0,43.79,-79.5035,209.07,24.6853,34.864,276.7,11011,,2026-01-24 10:25:31,000000021010313,468,-0.0001,-0.0036448,0.0131412,0.0165412,9300.55,,,True,CG6-0313|2026-01-24|L15|S19,field,MATCHED,D9:wor:L15-19,10.0288
CG6-0313,664,685,20,2026-01-24,10:28:44,9300.05,15,0.0345,0.0045,10041,5.3,-6.6,2.1327,-0.0047,0.0009,0.2838,-741.217,60,0,43.79,-79.5035,209.07,24.6849,34.8622,274.8,11011,,2026-01-24 10:28:44,000000021010313,469,0,-0.00486333,0.0153245,0.0200245,9300.07,,,True,CG6-0313|2026-01-24|L15|S20,field,MATCHED,D9:wor:L15-20,7.51209
CG6-0313,665,686,21,2026-01-24,10:32:23,9300.08,15,0.0439,0.0057,10041,6.5,-4.4,2.0933,-0.0061,0.0007,0.2784,-741.218,60,0,43.79,-79.5035,209.07,24.6867,34.8617,273.4,11011,,2026-01-24 10:32:23,000000021010313,470,0.0001,-0.00626719,0.0178007,0.0239007,9300.11,,,True,CG6-0313|2026-01-24|L15|S21,field,MATCHED,D9:wor:L15-21,7.04997
CG6-0313,666,687,22,2026-01-24,10:35:36,9299.95,15,0.0362,0.0047,10040.9,13.8,-3.9,2.0739,-0.0073,0.0026,0.2759,-741.219,60,0,43.79,-79.5035,209.07,24.6879,34.8626,280.2,11011,,2026-01-24 10:35:36,000000021010313,471,0,-0.00752222,0.0199855,0.0272855,9299.98,,,True,CG6-0313|2026-01-24|L15|S22,field,MATCHED,D9:wor:L15-22,9.26633
CG6-0313,667,688,23,2026-01-24,10:38:33,9299.87,15,0.0578,0.0075,10040.8,-1.9,-9.2,2.0669,-0.0085,0.0013,0.275,-741.22,60,0,43.79,-79.5035,209.07,24.6895,34.8626,283.6,11011,,2026-01-24 10:38:33,000000021010313,472,1.81899e-12,-0.00868725,0.0219822,0.0304822,9299.9,,STDDEV_GT_0.050,True,CG6-0313|2026-01-24|L15|S23,field,MATCHED,D9:wor:L15-23,3.34301
CG6-0313,668,689,24,2026-01-24,10:42:18,9299.75,15,0.031,0.004,10040.7,-3.1,-6.9,2.0635,-0.01,0.0007,0.2744,-741.221,60,0,43.79,-79.5035,209.07,24.6904,34.8608,286,11011,,2026-01-24 10:42:18,000000021010313,473,0,-0.0101867,0.0245122,0.0345122,9299.78,,,True,CG6-0313|2026-01-24|L15|S24,field,MATCHED,D9:wor:L15-24,4.80433
CG6-0313,669,690,25,2026-01-24,10:45:47,9299.38,15,0.0388,0.005,10040.3,5.3,-7.9,2.0629,-0.0114,0.0011,0.2745,-741.222,60,0,43.79,-79.5035,209.07,24.6921,34.8602,287.4,11011,,2026-01-24 10:45:47,000000021010313,474,-0.0001,-0.0115969,0.026855,0.038255,9299.42,,,True,CG6-0313|2026-01-24|L15|S25,field,MATCHED,D9:wor:L15-25,8.04495
CG6-0313,670,691,26,2026-01-24,10:48:50,9299.21,15,0.0345,0.0045,10040.2,10.4,0.9,2.0599,-0.0126,0.0013,0.2739,-741.223,60,0,43.79,-79.5035,209.07,24.6936,34.8591,292.1,11011,,2026-01-24 10:48:50,000000021010313,475,0,-0.0128448,0.0288969,0.0414969,9299.25,,,True,CG6-0313|2026-01-24|L15|S26,field,MATCHED,D9:wor:L15-26,11.6604
CG6-0313,671,692,27,2026-01-24,10:52:17,9298.79,15,0.0335,0.0043,10039.8,-1.2,-11.2,2.0578,-0.0141,0.0016,0.2737,-741.224,60,0,43.79,-79.5035,209.07,24.6948,34.8577,289.9,11011,,2026-01-24 10:52:17,000000021010313,476,0,-0.0142702,0.0311967,0.0452967,9298.84,,,True,CG6-0313|2026-01-24|L15|S27,field,MATCHED,D9:kml:L15-27,5.28435
CG6-0313,672,693,28,2026-01-24,10:55:20,9298.33,15,0.0336,0.0043,10039.3,3.7,-5.2,2.0562,-0.0153,0.0005,0.2734,-741.225,60,0,43.79,-79.5035,209.07,24.6956,34.8559,284.8,11011,,2026-01-24 10:55:20,000000021010313,477,0.0001,-0.0155417,0.0332182,0.0485182,9298.38,,,True,CG6-0313|2026-01-24|L15|S28,field,MATCHED,D9:kml:L15-28,6.62333
CG6-0313,673,694,29,2026-01-24,10:58:34,9297.6,15,0.0412,0.0053,10038.6,9.6,-2.2,2.0551,-0.0167,0.0012,0.2733,-741.225,60,0,43.79,-79.5035,209.07,24.696,34.8538,285.5,11011,,2026-01-24 10:58:34,000000021010313,478,0.0001,-0.0169006,0.0353496,0.0520496,9297.65,,,True,CG6-0313|2026-01-24|L15|S29,field,MATCHED,D9:wor:L15-29,6.20397
CG6-0313,674,695,30,2026-01-24,11:01:28,9297.09,15,0.0386,0.005,10038.1,11.1,-2.8,2.0521,-0.0179,0.0016,0.2731,-741.226,60,0,43.79,-79.5035,209.07,24.6967,34.8521,291,11011,,2026-01-24 11:01:28,000000021010313,479,0,-0.0181283,0.037249,0.055149,9297.14,,,True,CG6-0313|2026-01-24|L15|S30,field,MATCHED,D9:wor:L15-30,3.59493
CG6-0313,675,696,31,2026-01-24,11:04:17,7267.38,15,0.0218,0.0028,8008.36,7.2,-11.9,2.0508,-0.0191,0.0024,0.2727,-741.227,60,0,43.79,-79.5035,209.07,24.698,34.8509,304,11011,,2026-01-24 11:04:17,000000021010313,480,-0.0001,-0.0193281,0.0390817,0.0581817,7267.44,FROZEN_SENSOR_OUTPUT,,False,CG6-0313|2026-01-24|L15|S31,field,MATCHED,D9:wor:L15-31,8.10278
CG6-0313,676,697,32,2026-01-24,11:07:28,7267.36,15,0.0014,0.0002,8008.33,2.8,-1.6,2.0873,-0.0205,0.0002,0.2777,-741.228,60,0,43.79,-79.5035,209.07,24.6994,34.8499,302.1,11011,,2026-01-24 11:07:28,000000021010313,481,-0.0001,-0.0206923,0.0411389,0.0616389,7267.42,FROZEN_SENSOR_OUTPUT,,False,CG6-0313|2026-01-24|L15|S32,field,MATCHED,D9:wor:L15-32,7.91126
CG6-0313,677,698,33,2026-01-24,11:10:17,7267.36,15,0.0021,0.0003,8008.33,8.5,-7.8,2.1322,-0.0217,0.0016,0.2836,-741.229,60,0,43.79,-79.5035,209.07,24.7006,34.8484,303.5,11011,,2026-01-24 11:10:17,000000021010313,482,1.81899e-12,-0.0219059,0.0429432,0.0646432,7267.43,FROZEN_SENSOR_OUTPUT,,False,CG6-0313|2026-01-24|L15|S33,field,MATCHED,D9:kml:L15-33,2.01043
CG6-0313,678,699,34,2026-01-24,11:15:08,9295.5,15,0.0385,0.005,10036.5,-1.5,2,2.1846,-0.0238,0.0001,0.2905,-741.23,60,0,43.79,-79.5035,209.07,24.7022,34.8472,314.8,11011,,2026-01-24 11:15:08,000000021010313,483,3.63798e-12,-0.0240084,0.0460201,0.0698201,9295.57,,,True,CG6-0313|2026-01-24|L15|S34,field,MATCHED,D9:kml:L15-34,5.05942
CG6-0313,679,700,35,2026-01-24,11:18:18,9295.22,15,0.0434,0.0056,10036.2,-1.5,-4.4,2.1443,-0.0252,0.0003,0.2854,-741.231,60,0,43.79,-79.5035,209.07,24.7035,34.8464,317.2,11011,,2026-01-24 11:18:18,000000021010313,484,-1.81899e-12,-0.0253887,0.0480027,0.0732027,9295.29,,,True,CG6-0313|2026-01-24|L15|S35,field,MATCHED,D9:kml:L15-35,9.89325
CG6-0313,680,701,36,2026-01-24,11:21:35,9294.78,15,0.0389,0.005,10035.8,6.9,1.5,2.0945,-0.0266,0.0006,0.2786,-741.232,60,0,43.79,-79.5035,209.07,24.7044,34.8445,314.4,11011,,2026-01-24 11:21:35,000000021010313,485,0,-0.0268251,0.0500339,0.0766339,9294.85,,,True,CG6-0313|2026-01-24|L15|S36,field,MATCHED,D9:kml:L15-36,5.98477
CG6-0313,681,702,37,2026-01-24,11:25:12,9294.55,15,0.0294,0.0038,10035.5,-0.7,2.5,2.0657,-0.0282,0.0001,0.2748,-741.233,60,0,43.79,-79.5035,209.07,24.7057,34.843,322.3,11011,,2026-01-24 11:25:12,000000021010313,486,3.63798e-12,-0.0284124,0.0522436,0.0804436,9294.63,,,True,CG6-0313|2026-01-24|L15|S37,field,MATCHED,D9:kml:L15-37,1.75857
CG6-0313,682,703,38,2026-01-24,11:28:33,9294.28,15,0.0424,0.0055,10035.3,0.4,-5,2.0544,-0.0297,0.0003,0.2734,-741.234,60,0,43.79,-79.5035,209.07,24.7066,34.8414,318.4,11011,,2026-01-24 11:28:33,000000021010313,487,-1.81899e-12,-0.0298864,0.0542621,0.0839621,9294.36,,,True,CG6-0313|2026-01-24|L15|S38,field,MATCHED,D9:kml:L15-38,5.93821
CG6-0313,683,704,39,2026-01-24,11:32:02,9293.82,15,0.0405,0.0052,10034.8,10.1,2.4,2.0474,-0.0312,0.0013,0.2724,-741.235,60,0,43.79,-79.5035,209.07,24.7079,34.8397,326.1,11011,,2026-01-24 11:32:02,000000021010313,488,-1.81899e-12,-0.0314217,0.0563292,0.0875292,9293.91,,,True,CG6-0313|2026-01-24|L15|S39,field,MATCHED,D9:kml:L15-39,3.64878
CG6-0313,684,705,40,2026-01-24,11:35:06,9293.46,15,0.0374,0.0048,10034.5,-1,-4.4,2.0466,-0.0326,0.0003,0.2722,-741.235,60,0,43.79,-79.5035,209.07,24.7085,34.8384,327.5,11011,,2026-01-24 11:35:06,000000021010313,489,-0.0001,-0.0327749,0.058124,0.090724,9293.55,,,True,CG6-0313|2026-01-24|L15|S40,field,MATCHED,D9:kml:L15-40,3.33632
CG6-0313,685,706,100,2026-01-24,12:34:29,7267.32,0,0.0173,0.0022,8008.36,-2.1,-6.8,2.0245,-0.058,0.0007,0.2692,-741.252,60,0,43.79,-79.5035,209.07,24.7868,34.9337,98.4,11011,,2026-01-24 12:34:29,000000021010313,490,9.09495e-13,-0.0581584,0.0865122,0.144512,7267.46,FROZEN_SENSOR_OUTPUT,,False,CG6-0313|2026-01-24|L0|S100,field_base_100,MATCHED,D9:kml:Base 100,10.6799
CG6-0313,686,707,100,2026-01-24,12:35:29,7267.3,0,0.0026,0.0003,8008.34,1.5,-10.1,2.0311,-0.0584,0.0013,0.2702,-741.252,60,0,43.79,-79.5035,209.07,24.7868,34.9337,98.4,11011,,2026-01-24 12:35:29,000000021010313,490,0,-0.0585557,0.0868666,0.145267,7267.45,FROZEN_SENSOR_OUTPUT,,False,CG6-0313|2026-01-24|L0|S100,field_base_100,MATCHED,D9:kml:Base 100,10.6799
CG6-0313,687,708,100,2026-01-24,12:36:29,7267.3,0,0.0026,0.0003,8008.34,4.9,-15.4,2.0434,-0.0588,0.0031,0.2717,-741.252,60,0,43.79,-79.5035,209.07,24.7868,34.9337,98.4,11011,,2026-01-24 12:36:29,000000021010313,490,0,-0.0589516,0.0872165,0.146016,7267.45,FROZEN_SENSOR_OUTPUT,,False,CG6-0313|2026-01-24|L0|S100,field_base_100,MATCHED,D9:kml:Base 100,10.6799
CG6-0313,688,709,100,2026-01-24,12:37:29,7267.3,0,0.0027,0.0003,8008.33,4.2,-15.8,2.0606,-0.0592,0.0026,0.274,-741.253,60,0,43.79,-79.5035,209.07,24.7868,34.9337,98.4,11011,,2026-01-24 12:37:29,000000021010313,490,0.0002,-0.0593459,0.0875617,0.146762,7267.45,FROZEN_SENSOR_OUTPUT,,False,CG6-0313|2026-01-24|L0|S100,field_base_100,MATCHED,D9:kml:Base 100,10.6799
CG6-0313,689,710,100,2026-01-24,12:54:26,9341.19,0,0.0425,0.0055,10082.2,-4.1,0.5,2.2008,-0.0656,0.0002,0.2928,-741.257,60,0,43.79,-79.5035,209.07,24.7869,34.9338,101.2,11011,,2026-01-24 12:54:26,000000021010313,491,0,-0.0657716,0.0926942,0.158294,9341.35,,,True,CG6-0313|2026-01-24|L0|S100,field_base_100,MATCHED,D9:kml:Base 100,11.8097
CG6-0313,690,711,100,2026-01-24,12:55:26,9341.2,0,0.049,0.0063,10082.2,-5.6,-0.1,2.1779,-0.066,0.0004,0.2897,-741.258,60,0,43.79,-79.5035,209.07,24.7869,34.9338,101.2,11011,,2026-01-24 12:55:26,000000021010313,491,0,-0.0661341,0.0929536,0.158954,9341.36,,,True,CG6-0313|2026-01-24|L0|S100,field_base_100,MATCHED,D9:kml:Base 100,11.8097
CG6-0313,691,712,100,2026-01-24,12:56:26,9341.22,0,0.0608,0.0078,10082.3,-4.5,1.1,2.1546,-0.0663,0.0003,0.2866,-741.258,60,0,43.79,-79.5035,209.07,24.7869,34.9338,101.2,11011,,2026-01-24 12:56:26,000000021010313,491,1.81899e-12,-0.0664946,0.0932081,0.159508,9341.38,,STDDEV_GT_0.050,True,CG6-0313|2026-01-24|L0|S100,field_base_100,MATCHED,D9:kml:Base 100,11.8097
CG6-0313,692,713,100,2026-01-24,12:57:26,9341.23,0,0.0396,0.0051,10082.3,-6.6,1.9,2.1329,-0.0667,0.0006,0.2836,-741.258,60,0,43.79,-79.5035,209.07,24.7869,34.9338,101.2,11011,,2026-01-24 12:57:26,000000021010313,491,0,-0.0668531,0.0934577,0.160158,9341.39,,,True,CG6-0313|2026-01-24|L0|S100,field_base_100,MATCHED,D9:kml:Base 100,11.8097
CG6-0313,693,714,100,2026-01-24,12:58:46,9341.2,0,0.0739,0.0095,10082.2,-8.2,2.5,2.1085,-0.0672,0.0009,0.2804,-741.259,60,0,43.79,-79.5035,209.07,24.7869,34.9338,101.2,11011,,2026-01-24 12:58:46,000000021010313,491,0,-0.0673279,0.0937828,0.160983,9341.36,,STDDEV_GT_0.050,True,CG6-0313|2026-01-24|L0|S100,field_base_100,MATCHED,D9:kml:Base 100,11.8097
CG6-0313,694,715,41,2026-01-24,14:04:34,9292.8,15,0.05,0.0065,10033.9,-4.9,5.4,2.0485,-0.0852,0.0006,0.2725,-741.277,60,0,43.79,-79.5035,209.07,24.7095,34.8362,323.9,11011,,2026-01-24 14:04:34,000000021010313,492,0.0001,-0.0852239,0.0988134,0.184013,9292.99,,,True,CG6-0313|2026-01-24|L15|S41,field,MATCHED,D9:wor:L15-41,10.1421
CG6-0313,695,716,42,2026-01-24,14:15:50,9292.08,15,0.0521,0.0067,10033.2,-1.2,6.9,2.0124,-0.0869,0.0006,0.2677,-741.28,60,0,43.79,-79.5035,209.07,24.7095,34.8342,327.5,11011,,2026-01-24 14:15:50,000000021010313,493,-0.0001,-0.0870011,0.0974568,0.184357,9292.26,,STDDEV_GT_0.050,True,CG6-0313|2026-01-24|L15|S42,field,MATCHED,D9:kml:L15-42,0.242921
CG6-0313,696,717,43,2026-01-24,14:18:34,9291.15,15,0.0303,0.0039,10032.2,2.6,10.1,2.0152,-0.0873,0.0013,0.2682,-741.281,60,0,43.79,-79.5035,209.07,24.7096,34.8322,336,11011,,2026-01-24 14:18:34,000000021010313,494,-1.81899e-12,-0.0873684,0.0970362,0.184336,9291.33,,,True,CG6-0313|2026-01-24|L15|S43,field,MATCHED,D9:kml:L15-43,4.07034
CG6-0313,697,718,44,2026-01-24,14:21:31,9290.92,15,0.0605,0.0078,10032,-12.5,-3.2,2.0152,-0.0877,0.002,0.2681,-741.281,60,0,43.79,-79.5035,209.07,24.7107,34.8308,335.8,11011,,2026-01-24 14:21:31,000000021010313,495,-0.0001,-0.0877363,0.0965397,0.18424,9291.11,,STDDEV_GT_0.050,True,CG6-0313|2026-01-24|L15|S44,field,MATCHED,D9:kml:L15-44,2.14527
CG6-0313,698,719,45,2026-01-24,14:24:30,9290.46,15,0.0386,0.005,10031.6,-3.7,-6,2.0108,-0.088,0.0007,0.2675,-741.282,60,0,43.79,-79.5035,209.07,24.7115,34.829,337.2,11011,,2026-01-24 14:24:30,000000021010313,496,-1.81899e-12,-0.088078,0.0959972,0.183997,9290.65,,,True,CG6-0313|2026-01-24|L15|S45,field,MATCHED,D9:kml:L15-45,2.80823
CG6-0313,699,720,46,2026-01-24,14:28:30,9289.68,15,0.0319,0.0041,10030.8,2,-10.2,2.0098,-0.0885,0.0013,0.2673,-741.283,60,0,43.79,-79.5035,209.07,24.7117,34.827,343,11011,,2026-01-24 14:28:30,000000021010313,497,1.81899e-12,-0.0884879,0.0952072,0.183707,9289.86,,,True,CG6-0313|2026-01-24|L15|S46,field,MATCHED,D9:kml:L15-46,11.4636
CG6-0313,700,721,47,2026-01-24,14:31:46,9289.06,15,0.0351,0.0045,10030.2,-9.4,-1.6,2.0106,-0.0888,0.0012,0.2674,-741.284,60,0,43.79,-79.5035,209.07,24.7129,34.8258,346.5,11011,,2026-01-24 14:31:46,000000021010313,498,-1.81899e-12,-0.0887814,0.0945052,0.183305,9289.24,,,True,CG6-0313|2026-01-24|L15|S47,field,MATCHED,D9:wor:L15-47,15.1055
CG6-0313,701,722,48,2026-01-24,14:35:42,9288.27,15,0.0429,0.0055,10029.4,-2.6,-2.9,2.0096,-0.0891,0.0002,0.2672,-741.285,60,0,43.79,-79.5035,209.07,24.7133,34.8238,350.4,11011,,2026-01-24 14:35:42,000000021010313,499,0.0001,-0.0890851,0.0935998,0.1827,9288.45,,,True,CG6-0313|2026-01-24|L15|S48,field,MATCHED,D9:kml:L15-48,11.7566
CG6-0313,702,723,49,2026-01-24,14:38:44,9287.33,15,0.0653,0.0084,10028.4,-2.6,1.8,2.0082,-0.0893,0.0002,0.2671,-741.286,60,0,43.79,-79.5035,209.07,24.7134,34.822,354.4,11011,,2026-01-24 14:38:44,000000021010313,500,0,-0.0892819,0.0928558,0.182156,9287.51,,STDDEV_GT_0.050,True,CG6-0313|2026-01-24|L15|S49,field,MATCHED,D9:kml:L15-49,9.7725
CG6-0313,703,724,50,2026-01-24,14:42:05,9286.66,15,0.0569,0.0073,10027.8,5.7,-2.1,2.0064,-0.0895,0.0005,0.2668,-741.287,60,0,43.79,-79.5035,209.07,24.7142,34.8205,363,11011,,2026-01-24 14:42:05,000000021010313,501,0.0002,-0.0894613,0.0919861,0.181486,9286.84,,STDDEV_GT_0.050,True,CG6-0313|2026-01-24|L15|S50,field,MATCHED,D9:kml:L15-50,17.187
CG6-0313,704,725,51,2026-01-24,14:45:14,9285.56,15,0.0601,0.0078,10026.7,-9.3,0.8,2.0054,-0.0896,0.0011,0.2668,-741.288,60,0,43.79,-79.5035,209.07,24.7147,34.8186,367.1,11011,,2026-01-24 14:45:14,000000021010313,502,0,-0.0895935,0.0911261,0.180726,9285.74,,STDDEV_GT_0.050,True,CG6-0313|2026-01-24|L15|S51,field,MATCHED,D9:wor:L15-51,8.76834
CG6-0313,705,726,52,2026-01-24,14:49:40,9284.43,15,0.0524,0.0068,10025.5,-8.8,-10.7,2.0049,-0.0897,0.0023,0.2665,-741.289,60,0,43.79,-79.5035,209.07,24.7149,34.8167,367,11011,,2026-01-24 14:49:40,000000021010313,503,1.81899e-12,-0.0897193,0.0898462,0.179546,9284.61,,STDDEV_GT_0.050,True,CG6-0313|2026-01-24|L15|S52,field,MATCHED,D9:kml:L15-52,10.7167
CG6-0313,706,727,53,2026-01-24,14:53:11,9282.9,15,0.0502,0.0065,10024,9.7,-2.5,2.0014,-0.0898,0.0012,0.2663,-741.29,60,0,43.79,-79.5035,209.07,24.7145,34.8148,365.3,11011,,2026-01-24 14:53:11,000000021010313,504,0,-0.0897688,0.0887761,0.178576,9283.08,,STDDEV_GT_0.050,True,CG6-0313|2026-01-24|L15|S53,field,MATCHED,D9:kml:L15-53,11.934
CG6-0313,707,728,54,2026-01-24,14:56:14,9281.32,15,0.0446,0.0058,10022.4,-4.3,-2.1,1.9976,-0.0898,0.0003,0.2657,-741.291,60,0,43.79,-79.5035,209.07,24.7137,34.8131,361.1,11011,,2026-01-24 14:56:14,000000021010313,505,0.0001,-0.0897756,0.0878096,0.17761,9281.5,,,True,CG6-0313|2026-01-24|L15|S54,field,MATCHED,D9:kml:L15-54,11.2129
CG6-0313,708,729,55,2026-01-24,14:59:23,9280.66,15,0.0465,0.006,10021.8,6.2,-3.6,1.9966,-0.0898,0.0007,0.2656,-741.292,60,0,43.79,-79.5035,209.07,24.7144,34.8113,366.6,11011,,2026-01-24 14:59:23,000000021010313,506,0,-0.0897473,0.0867704,0.17657,9280.83,,,True,CG6-0313|2026-01-24|L15|S55,field,MATCHED,D9:kml:L15-55,3.4854
CG6-0313,709,730,56,2026-01-24,15:02:13,9280.02,15,0.0459,0.0059,10021.1,-1.9,-8.3,1.9949,-0.0897,0.0009,0.2653,-741.293,60,0,43.79,-79.5035,209.07,24.7151,34.8094,381.4,11011,,2026-01-24 15:02:13,000000021010313,507,3.63798e-12,-0.0896912,0.0858043,0.175504,9280.2,,,True,CG6-0313|2026-01-24|L15|S56,field,MATCHED,D9:wor:L15-56,13.6814
CG6-0313,710,731,57,2026-01-24,15:05:02,9279.79,15,0.0518,0.0067,10020.9,8.7,-5,1.9936,-0.0896,0.0012,0.2652,-741.293,60,0,43.79,-79.5035,209.07,24.7163,34.8081,380.1,11011,,2026-01-24 15:05:02,000000021010313,508,0,-0.0896065,0.0848127,0.174413,9279.96,,STDDEV_GT_0.050,True,CG6-0313|2026-01-24|L15|S57,field,MATCHED,D9:wor:L15-57,13.7328
CG6-0313,711,732,58,2026-01-24,15:07:58,9279.44,15,0.0536,0.0069,10020.6,4.2,-1,1.9927,-0.0895,0.0003,0.2651,-741.294,60,0,43.79,-79.5035,209.07,24.7177,34.807,387.9,11011,,2026-01-24 15:07:58,000000021010313,509,-0.0001,-0.0894878,0.0837489,0.173249,9279.61,,STDDEV_GT_0.050,True,CG6-0313|2026-01-24|L15|S58,field,MATCHED,D9:wor:L15-58,12.6405
CG6-0313,712,733,59,2026-01-24,15:11:14,9278.73,15,0.0492,0.0063,10019.8,9,-6.2,1.993,-0.0894,0.0015,0.2652,-741.295,60,0,43.79,-79.5035,209.07,24.7184,34.8052,393,11011,,2026-01-24 15:11:14,000000021010313,510,0,-0.089319,0.0825317,0.171932,9278.9,,,True,CG6-0313|2026-01-24|L15|S59,field,MATCHED,D9:wor:L15-59,12.545
CG6-0313,713,734,60,2026-01-24,15:15:23,9277.6,15,0.0483,0.0062,10018.7,5.1,3.5,1.9947,-0.0891,0.0005,0.2652,-741.296,60,0,43.79,-79.5035,209.07,24.7189,34.803,387.3,11011,,2026-01-24 15:15:23,000000021010313,511,-0.0001,-0.0890488,0.0809337,0.170034,9277.77,,,True,CG6-0313|2026-01-24|L15|S60,field,MATCHED,D9:wor:L15-60,13.7636
CG6-0313,714,735,100,2026-01-24,16:08:45,9341.12,0,0.0595,0.0077,10082.2,-7.8,0.8,2.1419,-0.0803,0.0007,0.285,-741.311,60,0,43.79,-79.5035,209.07,24.7869,34.9338,101.7,11011,,2026-01-24 16:08:45,000000021010313,512,0.0001,-0.0801659,0.0558578,0.136158,9341.26,,STDDEV_GT_0.050,True,CG6-0313|2026-01-24|L0|S100,field_base_100,MATCHED,D9:kml:Base 100,17.0466
CG6-0313,715,736,100,2026-01-24,16:11:32,9341.14,0,0.0581,0.0075,10082.3,-1.3,-0.1,2.1149,-0.0796,0,0.2813,-741.312,60,0,43.79,-79.5035,209.07,24.7869,34.9338,101.7,11011,,2026-01-24 16:11:32,000000021010313,512,0,-0.0794397,0.0544197,0.13402,9341.28,,STDDEV_GT_0.050,True,CG6-0313|2026-01-24|L0|S100,field_base_100,MATCHED,D9:kml:Base 100,17.0466
CG6-0313,716,737,100,2026-01-24,16:19:16,9341.17,0,0.059,0.0076,10082.3,-1.8,-0.6,2.0274,-0.0774,0.0001,0.2697,-741.314,60,0,43.79,-79.5035,209.07,24.7869,34.9338,102.2,11011,,2026-01-24 16:19:16,000000021010313,512,0,-0.0772953,0.0503818,0.127782,9341.3,,STDDEV_GT_0.050,True,CG6-0313|2026-01-24|L0|S100,field_base_100,MATCHED,D9:kml:Base 100,17.0466
CG6-0313,717,738,100,2026-01-24,16:21:32,9341.16,0,0.071,0.0092,10082.3,0.8,-2.2,2.0169,-0.0768,0.0001,0.2682,-741.314,60,0,43.79,-79.5035,209.07,24.7869,34.9338,102.2,11011,,2026-01-24 16:21:32,000000021010313,512,0.0001,-0.0766321,0.0491884,0.125988,9341.29,,STDDEV_GT_0.050,True,CG6-0313|2026-01-24|L0|S100,field_base_100,MATCHED,D9:kml:Base 100,17.0466
CG6-0313,718,739,100,2026-01-24,16:22:32,9341.17,0,0.0792,0.0102,10082.3,-0.7,-1.9,2.0143,-0.0765,0.0001,0.2679,-741.315,60,0,43.79,-79.5035,209.07,24.7869,34.9338,102.2,11011,,2026-01-24 16:22:32,000000021010313,512,-1.81899e-12,-0.0763347,0.0486608,0.125161,9341.3,,STDDEV_GT_0.050,True,CG6-0313|2026-01-24|L0|S100,field_base_100,MATCHED,D9:kml:Base 100,17.0466
CG6-0313,719,740,100,2026-01-24,16:26:23,9341.18,0,0.0542,0.007,10082.3,2.5,-3.2,2.0075,-0.0753,0.0002,0.2669,-741.316,60,0,43.79,-79.5035,209.07,24.7869,34.9338,102.2,11011,,2026-01-24 16:26:23,000000021010313,512,0,-0.0751617,0.0466235,0.121923,9341.3,,STDDEV_GT_0.050,True,CG6-0313|2026-01-24|L0|S100,field_base_100,MATCHED,D9:kml:Base 100,17.0466
CG6-0313,720,741,100,2026-01-24,16:27:23,9341.18,0,0.0682,0.0088,10082.3,2.9,-4.1,2.0063,-0.075,0.0003,0.2667,-741.316,60,0,43.79,-79.5035,209.07,24.7869,34.9338,102.2,11011,,2026-01-24 16:27:23,000000021010313,512,0,-0.07485,0.046093,0.121093,9341.3,,STDDEV_GT_0.050,True,CG6-0313|2026-01-24|L0|S100,field_base_100,MATCHED,D9:kml:Base 100,17.0466
CG6-0313,721,742,0,2026-01-24,17:51:44,9406.6,0,0.0569,0.0073,10147.7,-1.1,-2,2.0315,-0.0404,0.0001,0.2702,-741.339,60,0,43.79,-79.5035,209.07,25.0669,34.8776,21.9,11011,,2026-01-24 17:51:44,000000021010313,513,1.81899e-12,-0.0401519,0.00373571,0.0441357,9406.64,,STDDEV_GT_0.050,True,CG6-0313|2026-01-24|L0|S0,hotel_base_0,MATCHED,D9:wor:BASE24-01-2026,16.1385
CG6-0313,722,743,0,2026-01-24,17:54:34,9406.61,0,0.0798,0.0103,10147.7,-3.8,-5.2,2.0327,-0.039,0.0005,0.2702,-741.34,60,0,43.79,-79.5035,209.07,25.0669,34.8776,21.9,11011,,2026-01-24 17:54:34,000000021010313,513,0,-0.0387823,0.00253403,0.041534,9406.65,,STDDEV_GT_0.050,True,CG6-0313|2026-01-24|L0|S0,hotel_base_0,MATCHED,D9:wor:BASE24-01-2026,16.1385
CG6-0313,723,744,0,2026-01-24,17:57:21,9406.61,0,0.0667,0.0086,10147.7,-4.1,-3.7,2.0283,-0.0377,0.0004,0.2698,-741.341,60,0,43.79,-79.5035,209.07,25.0669,34.8776,21.9,11011,,2026-01-24 17:57:21,000000021010313,513,0.0001,-0.0374299,0.00137507,0.0390751,9406.65,,STDDEV_GT_0.050,True,CG6-0313|2026-01-24|L0|S0,hotel_base_0,MATCHED,D9:wor:BASE24-01-2026,16.1385
CG6-0313,724,745,0,2026-01-24,17:58:32,9406.61,0,0.054,0.007,10147.7,-3.7,-5.4,2.0264,-0.0371,0.0005,0.2696,-741.341,60,0,43.79,-79.5035,209.07,25.0669,34.8776,21.9,11011,,2026-01-24 17:58:32,000000021010313,513,0.0001,-0.036853,0.000888948,0.0379889,9406.64,,STDDEV_GT_0.050,True,CG6-0313|2026-01-24|L0|S0,hotel_base_0,MATCHED,D9:wor:BASE24-01-2026,16.1385
CG6-0640,1,22,0,2026-01-16,03:52:49,3473.1,0,0.0178,0.0023,3472.69,-1.1,0.6,3.8854,-0.0763,0,0.4896,0,60,0,25.3278,34.6252,149.4,25.0668,34.8776,35.2,11011,,2026-01-16 03:52:49,000000024110640,514,0,-0.0762169,-0.0759194,0.000380585,3473.11,,,True,CG6-0640|2026-01-16|L0|S0,hotel_base_0,MATCHED,D1:wor:Base0,2.94374
CG6-0640,2,23,0,2026-01-16,03:53:49,3473.1,0,0.0181,0.0023,3472.69,-1.2,1.5,3.8828,-0.0762,0.0001,0.4892,0,60,0,25.3278,34.6252,149.4,25.0668,34.8776,35.2,11011,,2026-01-16 03:53:49,000000024110640,514,-4.54747e-13,-0.0761075,-0.0758013,0.000398747,3473.1,,,True,CG6-0640|2026-01-16|L0|S0,hotel_base_0,MATCHED,D1:wor:Base0,2.94374
CG6-0640,3,24,0,2026-01-16,03:54:49,3473.1,0,0.0155,0.002,3472.69,-1.1,1.3,3.8793,-0.0761,0,0.4888,0,60,0,25.3278,34.6252,149.4,25.0668,34.8776,35.2,11011,,2026-01-16 03:54:49,000000024110640,514,0.0001,-0.0759935,-0.0756785,0.000421509,3473.1,,,True,CG6-0640|2026-01-16|L0|S0,hotel_base_0,MATCHED,D1:wor:Base0,2.94374
CG6-0640,4,25,0,2026-01-16,03:55:49,3473.11,0,0.0109,0.0014,3472.69,-0.7,1.3,3.8753,-0.0759,0,0.4883,0,60,0,25.3278,34.6252,149.4,25.0668,34.8776,35.2,11011,,2026-01-16 03:55:49,000000024110640,514,-4.54747e-13,-0.0758749,-0.0755512,0.000348845,3473.11,,,True,CG6-0640|2026-01-16|L0|S0,hotel_base_0,MATCHED,D1:wor:Base0,2.94374
CG6-0640,5,26,100,2026-01-16,06:07:35,3407.02,0,0.0137,0.0018,3406.56,0.3,-3.9,3.9061,-0.033,0.0002,0.4923,0,60,0,25.3278,34.6252,149.4,24.7868,34.9338,94.8,11011,,2026-01-16 06:07:35,000000024110640,515,0,-0.0327504,-0.0306188,0.00238117,3407.02,,,True,CG6-0640|2026-01-16|L0|S100,field_base_100,MATCHED,D1:wor:B100 16-01-2026,3.3426
CG6-0640,6,27,100,2026-01-16,06:08:35,3407.02,0,0.0163,0.0021,3406.56,1.5,-5.8,3.9018,-0.0325,0.0004,0.4916,0,60,0,25.3278,34.6252,149.4,24.7868,34.9338,94.7,11011,,2026-01-16 06:08:35,000000024110640,515,0,-0.032328,-0.0301887,0.00231129,3407.02,,,True,CG6-0640|2026-01-16|L0|S100,field_base_100,MATCHED,D1:wor:B100 16-01-2026,3.3426
CG6-0640,7,28,100,2026-01-16,06:10:05,3407.02,0,0.0189,0.0024,3406.56,1.8,-6.9,3.8978,-0.0319,0.0006,0.4912,0,60,0,25.3278,34.6252,149.4,24.7868,34.9338,94.7,11011,,2026-01-16 06:10:05,000000024110640,515,0,-0.0316952,-0.0295445,0.00235551,3407.02,,,True,CG6-0640|2026-01-16|L0|S100,field_base_100,MATCHED,D1:wor:B100 16-01-2026,3.3426
CG6-0640,8,29,100,2026-01-16,06:11:05,3407.02,0,0.0126,0.0016,3406.56,1.4,-8.4,3.8958,-0.0315,0.0008,0.4909,0,60,0,25.3278,34.6252,149.4,24.7868,34.9338,94.7,11011,,2026-01-16 06:11:05,000000024110640,515,0.0001,-0.031274,-0.0291157,0.00238429,3407.02,,,True,CG6-0640|2026-01-16|L0|S100,field_base_100,MATCHED,D1:wor:B100 16-01-2026,3.3426
CG6-0640,9,30,100,2026-01-16,06:50:48,3407.01,0,0.0149,0.0019,3406.53,-8,-1.5,3.9002,-0.0156,0.0008,0.4914,0,60,0,25.3278,34.6252,149.4,24.7868,34.9338,99.9,11011,,2026-01-16 06:50:48,000000024110640,516,4.54747e-13,-0.0153841,-0.0130003,0.00259972,3407.01,,,True,CG6-0640|2026-01-16|L0|S100,field_base_100,MATCHED,D1:wor:B100 16-01-2026,1.82234
CG6-0640,10,31,100,2026-01-16,06:51:48,3407.01,0,0.0184,0.0024,3406.54,-8.6,-1,3.8953,-0.0152,0.0009,0.4908,0,60,0,25.3278,34.6252,149.4,24.7868,34.9338,99.9,11011,,2026-01-16 06:51:48,000000024110640,516,-0.0001,-0.0150162,-0.0126286,0.00257144,3407.02,,,True,CG6-0640|2026-01-16|L0|S100,field_base_100,MATCHED,D1:wor:B100 16-01-2026,1.82234
CG6-0640,11,32,100,2026-01-16,06:53:04,3407.02,0,0.038,0.0049,3406.54,-8.7,-0.8,3.8911,-0.0147,0.0009,0.4903,0,60,0,25.3278,34.6252,149.4,24.7868,34.9338,99.8,11011,,2026-01-16 06:53:04,000000024110640,516,4.54747e-13,-0.0145531,-0.0121609,0.00253913,3407.02,,,True,CG6-0640|2026-01-16|L0|S100,field_base_100,MATCHED,D1:wor:B100 16-01-2026,1.82234
CG6-0640,12,33,100,2026-01-16,06:54:04,3407.02,0,0.0135,0.0017,3406.54,-8.7,-0.1,3.8898,-0.0144,0.0009,0.4901,0,60,0,25.3278,34.6252,149.4,24.7868,34.9338,99.9,11011,,2026-01-16 06:54:04,000000024110640,516,0,-0.01419,-0.0117942,0.00260583,3407.02,,,True,CG6-0640|2026-01-16|L0|S100,field_base_100,MATCHED,D1:wor:B100 16-01-2026,1.82234
CG6-0640,13,34,1,2026-01-16,07:27:21,3424.94,1,0.0304,0.0039,3424.45,2.8,-1.3,3.9144,-0.0037,0.0001,0.4932,0,60,0,25.3278,34.6252,149.4,24.8244,34.9962,7.8,11011,,2026-01-16 07:27:21,000000024110640,517,0.0001,-0.00354019,-0.00116011,0.00253989,3424.95,,,True,CG6-0640|2026-01-16|L1|S1,field,MATCHED,D1:wor:1,3.98053
CG6-0640,14,35,1,2026-01-16,07:28:21,3424.95,1,0.0279,0.0036,3424.46,5.7,0.1,3.9135,-0.0034,0.0004,0.4931,0,60,0,25.3278,34.6252,149.4,24.8244,34.9962,7.8,11011,,2026-01-16 07:28:21,000000024110640,517,4.54747e-13,-0.00326945,-0.000890223,0.00250978,3424.95,,,True,CG6-0640|2026-01-16|L1|S1,field,MATCHED,D1:wor:1,3.98053
CG6-0640,15,36,2,2026-01-16,07:46:57,3425.2,1,0.0251,0.0032,3424.7,12.8,6.1,3.9321,0.001,0.0025,0.4955,0,60,0,25.3278,34.6252,149.4,24.8229,34.995,10.5,11011,,2026-01-16 07:46:57,000000024110640,518,0,0.00115869,0.00351007,0.00251007,3425.21,,,True,CG6-0640|2026-01-16|L1|S2,field,MATCHED,D1:wor:2,4.26845
CG6-0640,16,37,2,2026-01-16,07:47:57,3425.21,1,0.0256,0.0033,3424.7,21.1,11.7,3.933,0.0013,0.0069,0.4955,0,60,0,25.3278,34.6252,149.4,24.8229,34.995,10.5,11011,,2026-01-16 07:47:57,000000024110640,518,-0.0001,0.0013626,0.00371133,0.00241133,3425.21,,TILT_GT_20,True,CG6-0640|2026-01-16|L1|S2,field,MATCHED,D1:wor:2,4.26845
CG6-0640,17,38,3,2026-01-16,07:53:03,3425.26,1,0.0189,0.0024,3424.77,3.1,0.6,3.9208,0.0022,0.0002,0.494,0,60,0,25.3278,34.6252,149.4,24.8222,34.9929,16.2,11011,,2026-01-16 07:53:03,000000024110640,519,0,0.00234583,0.00468076,0.00248076,3425.26,,,True,CG6-0640|2026-01-16|L1|S3,field,MATCHED,D1:wor:3,1.99012
CG6-0640,18,39,3,2026-01-16,07:54:03,3425.27,1,0.0243,0.0031,3424.77,8.5,-1.7,3.9208,0.0024,0.0009,0.4942,0,60,0,25.3278,34.6252,149.4,24.8222,34.9929,16.2,11011,,2026-01-16 07:54:03,000000024110640,519,0.0001,0.00252736,0.00485913,0.00245913,3425.27,,,True,CG6-0640|2026-01-16|L1|S3,field,MATCHED,D1:wor:3,1.99012
CG6-0640,19,40,4,2026-01-16,07:58:53,3425.15,1,0.0189,0.0024,3424.65,-11.9,2.3,3.9319,0.0033,0.0018,0.4954,0,60,0,25.3278,34.6252,149.4,24.8217,34.9911,16.1,11011,,2026-01-16 07:58:53,000000024110640,520,-0.0001,0.00335189,0.00566834,0.00236834,3425.16,,,True,CG6-0640|2026-01-16|L1|S4,field,MATCHED,D1:wor:4,2.61901
CG6-0640,20,41,4,2026-01-16,07:59:53,3425.15,1,0.0279,0.0036,3424.65,-17.6,5.2,3.9296,0.0034,0.0039,0.4951,0,60,0,25.3278,34.6252,149.4,24.8217,34.9911,16.1,11011,,2026-01-16 07:59:53,000000024110640,520,-4.54747e-13,0.00351144,0.00582424,0.00242424,3425.16,,,True,CG6-0640|2026-01-16|L1|S4,field,MATCHED,D1:wor:4,2.61901
CG6-0640,21,42,5,2026-01-16,08:03:29,3425.21,1,0.0155,0.002,3424.71,6,5.1,3.9171,0.004,0.0008,0.4936,0,60,0,25.3278,34.6252,149.4,24.8208,34.9893,19.6,11011,,2026-01-16 08:03:29,000000024110640,521,9.09495e-13,0.00405408,0.00635588,0.00235588,3425.21,,,True,CG6-0640|2026-01-16|L1|S5,field,MATCHED,D1:wor:5,1.223
CG6-0640,22,43,5,2026-01-16,08:04:29,3425.21,1,0.0227,0.0029,3424.71,10.9,5.6,3.9177,0.0041,0.0018,0.4938,0,60,0,25.3278,34.6252,149.4,24.8208,34.9893,19.6,11011,,2026-01-16 08:04:29,000000024110640,521,-0.0001,0.00419594,0.00649373,0.00239373,3425.21,,,True,CG6-0640|2026-01-16|L1|S5,field,MATCHED,D1:wor:5,1.223
CG6-0640,23,44,6,2026-01-16,08:07:43,3425.17,1,0.0166,0.0021,3424.67,-3.5,8.5,3.9229,0.0046,0.001,0.4944,0,60,0,25.3278,34.6252,149.4,24.8197,34.9878,20.6,11011,,2026-01-16 08:07:43,000000024110640,522,-4.54747e-13,0.00462799,0.00691617,0.00231617,3425.18,,,True,CG6-0640|2026-01-16|L1|S6,field,MATCHED,D1:wor:6,3.58106
CG6-0640,24,45,6,2026-01-16,08:08:43,3425.18,1,0.0131,0.0017,3424.67,-4.6,13.6,3.9232,0.0047,0.0024,0.4944,0,60,0,25.3278,34.6252,149.4,24.8197,34.9878,20.6,11011,,2026-01-16 08:08:43,000000024110640,522,-0.0001,0.00475333,0.00703718,0.00233718,3425.18,,,True,CG6-0640|2026-01-16|L1|S6,field,MATCHED,D1:wor:6,3.58106
CG6-0640,25,46,7,2026-01-16,08:13:15,3425.27,1,0.015,0.0019,3424.77,3.4,10.9,3.9302,0.0052,0.0015,0.4952,0,60,0,25.3278,34.6252,149.4,24.8187,34.9861,22.8,11011,,2026-01-16 08:13:15,000000024110640,523,0,0.00527206,0.0075384,0.0023384,3425.27,,,True,CG6-0640|2026-01-16|L1|S7,field,MATCHED,D1:wor:7,0.401452
CG6-0640,26,47,7,2026-01-16,08:14:15,3425.27,1,0.0179,0.0023,3424.77,4.8,14.3,3.9296,0.0053,0.0026,0.4952,0,60,0,25.3278,34.6252,149.4,24.8187,34.9861,22.8,11011,,2026-01-16 08:14:15,000000024110640,523,4.54747e-13,0.00537551,0.00763711,0.00233711,3425.27,,,True,CG6-0640|2026-01-16|L1|S7,field,MATCHED,D1:wor:7,0.401452
CG6-0640,27,48,8,2026-01-16,08:19:42,3425.18,1,0.0119,0.0015,3424.68,0.5,-6.3,3.9008,0.0058,0.0006,0.4916,0,60,0,25.3278,34.6252,149.4,24.8167,34.9826,31.9,11011,,2026-01-16 08:19:42,000000024110640,524,-0.0001,0.00586898,0.00811095,0.00231095,3425.18,,,True,CG6-0640|2026-01-16|L1|S8,field,MATCHED,D1:wor:8,1.20286
CG6-0640,28,49,8,2026-01-16,08:20:42,3425.18,1,0.0132,0.0017,3424.68,-0.8,-11.4,3.9032,0.0059,0.0015,0.4917,0,60,0,25.3278,34.6252,149.4,24.8167,34.9826,31.9,11011,,2026-01-16 08:20:42,000000024110640,524,0,0.00594655,0.00818334,0.00228334,3425.18,,,True,CG6-0640|2026-01-16|L1|S8,field,MATCHED,D1:wor:8,1.20286
CG6-0640,29,50,9,2026-01-16,08:24:52,3424.08,1,0.0144,0.0019,3423.58,-10.7,-3.3,3.8993,0.0062,0.0015,0.4913,0,60,0,25.3278,34.6252,149.4,24.8153,34.9811,27.9,11011,,2026-01-16 08:24:52,000000024110640,525,0,0.00622624,0.008446,0.002246,3424.08,,,True,CG6-0640|2026-01-16|L1|S9,field,MATCHED,D1:wor:9,3.76352
CG6-0640,30,51,9,2026-01-16,08:25:52,3424.08,1,0.0122,0.0016,3423.58,-11.9,-6.6,3.9036,0.0062,0.0021,0.4919,0,60,0,25.3278,34.6252,149.4,24.8153,34.9811,27.9,11011,,2026-01-16 08:25:52,000000024110640,525,0,0.00628289,0.0084971,0.0022971,3424.08,,,True,CG6-0640|2026-01-16|L1|S9,field,MATCHED,D1:wor:9,3.76352
CG6-0640,31,52,10,2026-01-16,08:29:33,3423.35,1,0.0173,0.0022,3422.85,1.9,7.5,3.9203,0.0064,0.0007,0.4941,0,60,0,25.3278,34.6252,149.4,24.8143,34.9793,29.9,11011,,2026-01-16 08:29:33,000000024110640,526,0,0.0064564,0.00865353,0.00225353,3423.36,,,True,CG6-0640|2026-01-16|L1|S10,field,MATCHED,D1:wor:10,3.38324
CG6-0640,32,53,10,2026-01-16,08:30:33,3423.36,1,0.0142,0.0018,3422.86,0.7,9.5,3.9221,0.0065,0.0011,0.4941,0,60,0,25.3278,34.6252,149.4,24.8143,34.9793,29.9,11011,,2026-01-16 08:30:33,000000024110640,526,4.54747e-13,0.00649396,0.00868523,0.00218523,3423.36,,,True,CG6-0640|2026-01-16|L1|S10,field,MATCHED,D1:wor:10,3.38324
CG6-0640,33,54,11,2026-01-16,08:34:05,3422.54,1,0.0214,0.0028,3422.04,-2.5,-6.5,3.9118,0.0066,0.0007,0.4929,0,60,0,25.3278,34.6252,149.4,24.8133,34.9775,34.2,11011,,2026-01-16 08:34:05,000000024110640,527,-0.0001,0.00659391,0.00876808,0.00216808,3422.54,,,True,CG6-0640|2026-01-16|L1|S11,field,MATCHED,D1:wor:11,2.47992
CG6-0640,34,55,11,2026-01-16,08:35:05,3422.54,1,0.0195,0.0025,3422.04,-4.1,-13.6,3.9138,0.0066,0.0025,0.4931,0,60,0,25.3278,34.6252,149.4,24.8133,34.9775,34.2,11011,,2026-01-16 08:35:05,000000024110640,527,-4.54747e-13,0.00661293,0.00878095,0.00218095,3422.54,,,True,CG6-0640|2026-01-16|L1|S11,field,MATCHED,D1:wor:11,2.47992
CG6-0640,35,56,12,2026-01-16,08:45:34,3421.91,1,0.0249,0.0032,3421.4,7.9,11.6,3.9689,0.0066,0.0024,0.5001,0,60,0,25.3278,34.6252,149.4,24.8127,34.9756,37.3,11011,,2026-01-16 08:45:34,000000024110640,528,-0.0001,0.00656576,0.00866846,0.00206846,3421.91,,,True,CG6-0640|2026-01-16|L1|S12,field,MATCHED,D1:wor:12,4.95053
CG6-0640,36,57,12,2026-01-16,08:46:34,3421.92,1,0.0244,0.0031,3421.41,8.5,17.8,3.9676,0.0065,0.0045,0.5,0,60,0,25.3278,34.6252,149.4,24.8127,34.9756,37.3,11011,,2026-01-16 08:46:34,000000024110640,528,0,0.00653777,0.00863359,0.00213359,3421.92,,,True,CG6-0640|2026-01-16|L1|S12,field,MATCHED,D1:wor:12,4.95053
CG6-0640,37,58,13,2026-01-16,08:50:46,3421.66,1,0.036,0.0046,3421.16,1.6,-1.8,3.967,0.0064,0.0001,0.4999,0,60,0,25.3278,34.6252,149.4,24.8115,34.974,39.6,11011,,2026-01-16 08:50:46,000000024110640,529,0,0.00637567,0.00844704,0.00204704,3421.66,,,True,CG6-0640|2026-01-16|L1|S13,field,MATCHED,D1:wor:13,2.72853
CG6-0640,38,59,13,2026-01-16,08:51:46,3421.66,1,0.0254,0.0033,3421.16,1.5,0.9,3.9645,0.0063,0,0.4995,0,60,0,25.3278,34.6252,149.4,24.8115,34.974,39.6,11011,,2026-01-16 08:51:46,000000024110640,529,0,0.00632649,0.00839069,0.00209069,3421.66,,,True,CG6-0640|2026-01-16|L1|S13,field,MATCHED,D1:wor:13,2.72853
CG6-0640,39,60,14,2026-01-16,08:55:25,3421.01,1,0.0143,0.0018,3420.5,13.8,-2.3,3.9537,0.0061,0.0024,0.4982,0,60,0,25.3278,34.6252,149.4,24.81,34.9731,35.1,11011,,2026-01-16 08:55:25,000000024110640,530,0.0001,0.00611257,0.00815666,0.00205666,3421.01,,,True,CG6-0640|2026-01-16|L1|S14,field,MATCHED,D1:wor:14,3.75518
CG6-0640,40,61,14,2026-01-16,08:56:25,3421.02,1,0.0166,0.0021,3420.51,20.9,-4.4,3.955,0.0061,0.0052,0.4984,0,60,0,25.3278,34.6252,149.4,24.81,34.9731,35.1,11011,,2026-01-16 08:56:25,000000024110640,530,-0.0001,0.00604455,0.00808122,0.00198122,3421.02,,TILT_GT_20,True,CG6-0640|2026-01-16|L1|S14,field,MATCHED,D1:wor:14,3.75518
CG6-0640,41,62,15,2026-01-16,08:59:53,3420.38,1,0.0166,0.0021,3419.88,3.3,17.8,3.9609,0.0058,0.0039,0.4991,0,60,0,25.3278,34.6252,149.4,24.8085,34.972,38.1,11011,,2026-01-16 08:59:53,000000024110640,531,0,0.00577761,0.00779492,0.00199492,3420.39,,,True,CG6-0640|2026-01-16|L1|S15,field,MATCHED,D1:wor:15,2.77994
CG6-0640,42,63,15,2026-01-16,09:00:53,3420.39,1,0.0178,0.0023,3419.88,4.4,22.1,3.9636,0.0057,0.006,0.4995,0,60,0,25.3278,34.6252,149.4,24.8085,34.972,38,11011,,2026-01-16 09:00:53,000000024110640,531,0.0001,0.00569164,0.00770129,0.00200129,3420.39,,TILT_GT_20,True,CG6-0640|2026-01-16|L1|S15,field,MATCHED,D1:wor:15,2.77994
CG6-0640,43,64,16,2026-01-16,09:04:32,3419.61,1,0.0158,0.002,3419.11,-0.4,-8.8,3.9478,0.0054,0.0009,0.4974,0,60,0,25.3278,34.6252,149.4,24.8074,34.9701,37.1,11011,,2026-01-16 09:04:32,000000024110640,532,0.0001,0.00534402,0.00733042,0.00193042,3419.62,,,True,CG6-0640|2026-01-16|L1|S16,field,MATCHED,D1:wor:16,4.49296
CG6-0640,44,65,16,2026-01-16,09:05:32,3419.62,1,0.0198,0.0026,3419.11,-0.9,-12.3,3.9458,0.0053,0.0019,0.4971,0,60,0,25.3278,34.6252,149.4,24.8074,34.9701,37.1,11011,,2026-01-16 09:05:32,000000024110640,532,0,0.00523954,0.00721806,0.00191806,3419.62,,,True,CG6-0640|2026-01-16|L1|S16,field,MATCHED,D1:wor:16,4.49296
CG6-0640,45,66,17,2026-01-16,09:08:41,3419.45,1,0.0154,0.002,3418.95,-6.8,-18,3.9323,0.0049,0.0044,0.4955,0,60,0,25.3278,34.6252,149.4,24.806,34.9689,48.7,11011,,2026-01-16 09:08:41,000000024110640,533,4.54747e-13,0.00488466,0.00684438,0.00194438,3419.45,,,True,CG6-0640|2026-01-16|L1|S17,field,MATCHED,D1:wor:17,3.17601
CG6-0640,46,67,17,2026-01-16,09:09:41,3419.45,1,0.0176,0.0023,3418.95,-4.4,-24.2,3.9325,0.0048,0.007,0.4955,0,60,0,25.3278,34.6252,149.4,24.806,34.9689,48.7,11011,,2026-01-16 09:09:41,000000024110640,533,-4.54747e-13,0.00476386,0.00671549,0.00191549,3419.46,,TILT_GT_20,True,CG6-0640|2026-01-16|L1|S17,field,MATCHED,D1:wor:17,3.17601
CG6-0640,47,68,18,2026-01-16,09:13:16,3418.75,1,0.0243,0.0031,3418.25,6.6,-8.2,3.9264,0.0043,0.0013,0.4948,0,60,0,25.3278,34.6252,149.4,24.8041,34.9687,30.9,11011,,2026-01-16 09:13:16,000000024110640,534,0.0001,0.00429897,0.0062291,0.0019291,3418.75,,,True,CG6-0640|2026-01-16|L1|S18,field,MATCHED,D1:wor:18,12.373
CG6-0640,48,69,18,2026-01-16,09:14:16,3418.75,1,0.0196,0.0025,3418.25,7,-13,3.9283,0.0042,0.0025,0.495,0,60,0,25.3278,34.6252,149.4,24.8041,34.9687,30.9,11011,,2026-01-16 09:14:16,000000024110640,534,0,0.00416036,0.00608218,0.00188218,3418.75,,,True,CG6-0640|2026-01-16|L1|S18,field,MATCHED,D1:wor:18,12.373
CG6-0640,49,70,100,2026-01-16,09:35:14,3407.02,0,0.0122,0.0016,3406.53,2.3,0.4,3.8968,0.0005,0.0001,0.491,0,60,0,25.3278,34.6252,149.4,24.7868,34.9338,113.3,11011,,2026-01-16 09:35:14,000000024110640,535,-0.0001,0.000391754,0.00223097,0.00173097,3407.03,,,True,CG6-0640|2026-01-16|L0|S100,field_base_100,MATCHED,D1:wor:B100 16-01-2026,4.70348
CG6-0640,50,71,100,2026-01-16,09:36:14,3407.02,0,0.0127,0.0016,3406.53,4.1,-1.3,3.9011,0.0003,0.0002,0.4916,0,60,0,25.3278,34.6252,149.4,24.7868,34.9338,113.3,11011,,2026-01-16 09:36:14,000000024110640,535,0,0.000172334,0.00200273,0.00170273,3407.03,,,True,CG6-0640|2026-01-16|L0|S100,field_base_100,MATCHED,D1:wor:B100 16-01-2026,4.70348
CG6-0640,51,72,100,2026-01-16,09:37:14,3407.03,0,0.0183,0.0024,3406.53,5.7,-3.5,3.905,0,0.0006,0.492,0,60,0,25.3278,34.6252,149.4,24.7868,34.9338,113.3,11011,,2026-01-16 09:37:14,000000024110640,535,0,-5.05505e-05,0.00177099,0.00177099,3407.03,,,True,CG6-0640|2026-01-16|L0|S100,field_base_100,MATCHED,D1:wor:B100 16-01-2026,4.70348
CG6-0640,52,73,100,2026-01-16,09:38:14,3407.02,0,0.0144,0.0019,3406.53,6.5,-4.5,3.9077,-0.0002,0.0009,0.4923,0,60,0,25.3278,34.6252,149.4,24.7868,34.9338,113.3,11011,,2026-01-16 09:38:14,000000024110640,535,0,-0.000276877,0.00153578,0.00173578,3407.03,,,True,CG6-0640|2026-01-16|L0|S100,field_base_100,MATCHED,D1:wor:B100 16-01-2026,4.70348
CG6-0640,53,74,19,2026-01-16,09:54:34,3418.25,1,0.0176,0.0023,3417.76,-1.2,-7.3,3.8887,-0.0043,0.0008,0.49,0,60,0,25.3278,34.6252,149.4,24.8024,34.9678,33,11011,,2026-01-16 09:54:34,000000024110640,536,4.54747e-13,-0.00444103,-0.00287772,0.00142228,3418.25,,,True,CG6-0640|2026-01-16|L1|S19,field,MATCHED,D1:wor:19,4.61339
CG6-0640,54,75,19,2026-01-16,09:55:34,3418.25,1,0.0147,0.0019,3417.76,-0.1,-16.6,3.8932,-0.0046,0.0032,0.4904,0,60,0,25.3278,34.6252,149.4,24.8024,34.9678,33.1,11011,,2026-01-16 09:55:34,000000024110640,536,0,-0.0047233,-0.00316965,0.00143035,3418.25,,,True,CG6-0640|2026-01-16|L1|S19,field,MATCHED,D1:wor:19,4.61339
CG6-0640,55,76,20,2026-01-16,09:59:12,3417.94,1,0.016,0.0021,3417.45,-2.3,-14.2,3.8988,-0.0057,0.0025,0.4912,0,60,0,25.3278,34.6252,149.4,24.8016,34.9662,25,11011,,2026-01-16 09:59:12,000000024110640,537,0.0001,-0.00577389,-0.00425053,0.00144947,3417.94,,,True,CG6-0640|2026-01-16|L1|S20,field,MATCHED,D1:wor:20,4.36171
CG6-0640,56,77,20,2026-01-16,10:00:12,3417.94,1,0.0253,0.0033,3417.45,-0.4,-21,3.905,-0.0059,0.0052,0.492,0,60,0,25.3278,34.6252,149.4,24.8016,34.9662,25,11011,,2026-01-16 10:00:12,000000024110640,537,-0.0001,-0.0060698,-0.00455615,0.00134385,3417.94,,TILT_GT_20,True,CG6-0640|2026-01-16|L1|S20,field,MATCHED,D1:wor:20,4.36171
CG6-0640,57,78,21,2026-01-16,10:03:52,3417.51,1,0.0183,0.0024,3417.03,-5.2,-10,3.9142,-0.0071,0.0015,0.4932,0,60,0,25.3278,34.6252,149.4,24.8023,34.9644,21.3,11011,,2026-01-16 10:03:52,000000024110640,538,0,-0.00717909,-0.00570128,0.00139872,3417.51,,,True,CG6-0640|2026-01-16|L1|S21,field,MATCHED,D1:wor:21,6.94328
CG6-0640,58,79,21,2026-01-16,10:04:52,3417.51,1,0.0133,0.0017,3417.02,-5.4,-12.7,3.919,-0.0074,0.0022,0.4939,0,60,0,25.3278,34.6252,149.4,24.8023,34.9644,21.3,11011,,2026-01-16 10:04:52,000000024110640,538,-0.0001,-0.00748813,-0.00602006,0.00137994,3417.51,,,True,CG6-0640|2026-01-16|L1|S21,field,MATCHED,D1:wor:21,6.94328
CG6-0640,59,80,22,2026-01-16,10:08:05,3416.96,1,0.0251,0.0032,3416.47,2.5,-12.2,3.9193,-0.0084,0.0019,0.4939,0,60,0,25.3278,34.6252,149.4,24.803,34.9625,7.7,11011,,2026-01-16 10:08:05,000000024110640,539,0,-0.00850052,-0.00706398,0.00133602,3416.96,,,True,CG6-0640|2026-01-16|L1|S22,field,MATCHED,D1:wor:22,10.2038
CG6-0640,60,81,22,2026-01-16,10:09:05,3416.96,1,0.0232,0.003,3416.47,4.4,-19.1,3.9231,-0.0087,0.0046,0.4944,0,60,0,25.3278,34.6252,149.4,24.803,34.9625,7.7,11011,,2026-01-16 10:09:05,000000024110640,539,-4.54747e-13,-0.00882085,-0.00739408,0.00130592,3416.96,,,True,CG6-0640|2026-01-16|L1|S22,field,MATCHED,D1:wor:22,10.2038
CG6-0640,61,82,23,2026-01-16,10:12:47,3417.06,1,0.0142,0.0018,3416.57,9.8,3.5,3.9315,-0.0099,0.0013,0.4954,0,60,0,25.3278,34.6252,149.4,24.8022,34.9608,37.1,11011,,2026-01-16 10:12:47,000000024110640,540,0.0001,-0.0100284,-0.00863243,0.00126757,3417.06,,,True,CG6-0640|2026-01-16|L1|S23,field,MATCHED,D1:wor:23,4.61986
CG6-0640,62,83,23,2026-01-16,10:13:47,3417.06,1,0.0178,0.0023,3416.57,14.8,3.5,3.935,-0.0102,0.0026,0.4959,0,60,0,25.3278,34.6252,149.4,24.8022,34.9608,37.2,11011,,2026-01-16 10:13:47,000000024110640,540,4.54747e-13,-0.0103607,-0.0089745,0.0012255,3417.06,,,True,CG6-0640|2026-01-16|L1|S23,field,MATCHED,D1:wor:23,4.61986
CG6-0640,63,84,24,2026-01-16,10:17:21,3416.38,1,0.0176,0.0023,3415.89,12.1,2.7,3.9407,-0.0114,0.0018,0.4964,0,60,0,25.3278,34.6252,149.4,24.8019,34.9589,48.2,11011,,2026-01-16 10:17:21,000000024110640,541,0.0001,-0.0115655,-0.0102105,0.00118948,3416.38,,,True,CG6-0640|2026-01-16|L1|S24,field,MATCHED,D1:wor:24,4.8518
CG6-0640,64,85,24,2026-01-16,10:18:21,3416.38,1,0.0139,0.0018,3415.89,16.7,5.1,3.9449,-0.0118,0.0034,0.497,0,60,0,25.3278,34.6252,149.4,24.8019,34.9589,48.2,11011,,2026-01-16 10:18:21,000000024110640,541,0.0001,-0.0119087,-0.0105635,0.00123647,3416.38,,,True,CG6-0640|2026-01-16|L1|S24,field,MATCHED,D1:wor:24,4.8518
CG6-0640,65,86,25,2026-01-16,10:21:29,3415.59,1,0.0143,0.0018,3415.11,-3.7,-7.3,3.9401,-0.0129,0.0008,0.4966,0,60,0,25.3278,34.6252,149.4,24.8019,34.9568,55.6,11011,,2026-01-16 10:21:29,000000024110640,542,4.54747e-13,-0.0129988,-0.0116813,0.00121874,3415.6,,,True,CG6-0640|2026-01-16|L1|S25,field,MATCHED,D1:wor:25,3.60292
CG6-0640,66,87,25,2026-01-16,10:22:29,3415.59,1,0.0153,0.002,3415.11,-0.4,-9.7,3.9393,-0.0132,0.0012,0.4964,0,60,0,25.3278,34.6252,149.4,24.8019,34.9568,55.7,11011,,2026-01-16 10:22:29,000000024110640,542,-0.0001,-0.0133513,-0.0120435,0.00115648,3415.59,,,True,CG6-0640|2026-01-16|L1|S25,field,MATCHED,D1:wor:25,3.60292
CG6-0640,67,88,26,2026-01-16,10:26:05,3415.39,1,0.0162,0.0021,3414.9,7.5,1.7,3.9288,-0.0145,0.0007,0.4949,0,60,0,25.3278,34.6252,149.4,24.8019,34.9548,64.4,11011,,2026-01-16 10:26:05,000000024110640,543,0,-0.014638,-0.0133622,0.00113778,3415.39,,,True,CG6-0640|2026-01-16|L1|S26,field,MATCHED,D1:wor:26,6.47362
CG6-0640,68,89,26,2026-01-16,10:27:05,3415.39,1,0.0144,0.0019,3414.91,10.5,-0.2,3.9305,-0.0148,0.0013,0.4952,0,60,0,25.3278,34.6252,149.4,24.8019,34.9548,64.4,11011,,2026-01-16 10:27:05,000000024110640,543,0,-0.0150001,-0.0137341,0.00106586,3415.39,,,True,CG6-0640|2026-01-16|L1|S26,field,MATCHED,D1:wor:26,6.47362
CG6-0640,69,90,27,2026-01-16,10:30:28,3414.6,1,0.0291,0.0038,3414.12,-1,-3.9,3.9248,-0.0161,0.0002,0.4945,0,60,0,25.3278,34.6252,149.4,24.8015,34.953,61.1,11011,,2026-01-16 10:30:28,000000024110640,544,4.54747e-13,-0.01624,-0.0150032,0.00109678,3414.6,,,True,CG6-0640|2026-01-16|L1|S27,field,MATCHED,D1:wor:27,9.71805
CG6-0640,70,91,27,2026-01-16,10:31:28,3414.6,1,0.0221,0.0029,3414.12,-1.5,-6.3,3.9271,-0.0165,0.0004,0.4948,0,60,0,25.3278,34.6252,149.4,24.8015,34.953,61.1,11011,,2026-01-16 10:31:28,000000024110640,544,4.54747e-13,-0.0166107,-0.0153836,0.00111638,3414.6,,,True,CG6-0640|2026-01-16|L1|S27,field,MATCHED,D1:wor:27,9.71805
CG6-0640,71,92,28,2026-01-16,10:42:02,3414.16,1,0.0118,0.0015,3413.68,-3.4,-1.8,3.9072,-0.0205,0.0002,0.4923,0,60,0,25.3278,34.6252,149.4,24.8003,34.9516,69.3,11011,,2026-01-16 10:42:02,000000024110640,545,0,-0.0206328,-0.019502,0.000998046,3414.16,,,True,CG6-0640|2026-01-16|L1|S28,field,MATCHED,D1:wor:28,8.09503
CG6-0640,72,93,28,2026-01-16,10:43:02,3414.16,1,0.0162,0.0021,3413.68,-1.5,-4.1,3.9139,-0.0209,0.0002,0.4933,0,60,0,25.3278,34.6252,149.4,24.8003,34.9516,69.3,11011,,2026-01-16 10:43:02,000000024110640,545,0.0001,-0.0210225,-0.0199013,0.000998668,3414.16,,,True,CG6-0640|2026-01-16|L1|S28,field,MATCHED,D1:wor:28,8.09503
CG6-0640,73,94,29,2026-01-16,10:46:47,3413.43,1,0.0147,0.0019,3412.96,-8.3,-10.3,3.9174,-0.0223,0.0021,0.4936,0,60,0,25.3278,34.6252,149.4,24.7984,34.9512,66.3,11011,,2026-01-16 10:46:47,000000024110640,546,0,-0.0224963,-0.0214048,0.00089522,3413.43,,,True,CG6-0640|2026-01-16|L1|S29,field,MATCHED,D1:wor:29,8.94553
CG6-0640,74,95,29,2026-01-16,10:47:47,3413.44,1,0.0159,0.0021,3412.96,-9.4,-17.6,3.9194,-0.0227,0.0047,0.4938,0,60,0,25.3278,34.6252,149.4,24.7984,34.9512,66.3,11011,,2026-01-16 10:47:47,000000024110640,546,-0.0001,-0.0228924,-0.0218105,0.00088951,3413.44,,,True,CG6-0640|2026-01-16|L1|S29,field,MATCHED,D1:wor:29,8.94553
CG6-0640,75,96,30,2026-01-16,10:51:07,3413.14,1,0.017,0.0022,3412.67,7,-9.9,3.9154,-0.024,0.0018,0.4934,0,60,0,25.3278,34.6252,149.4,24.7967,34.9515,67.5,11011,,2026-01-16 10:51:07,000000024110640,547,-0.0001,-0.0242214,-0.0231667,0.000833323,3413.14,,,True,CG6-0640|2026-01-16|L1|S30,field,MATCHED,D1:wor:30,13.4816
CG6-0640,76,97,30,2026-01-16,10:52:07,3413.14,1,0.0164,0.0021,3412.67,11,-15.3,3.9184,-0.0244,0.0041,0.4937,0,60,0,25.3278,34.6252,149.4,24.7967,34.9515,67.5,11011,,2026-01-16 10:52:07,000000024110640,547,-0.0001,-0.0246225,-0.0235774,0.000822616,3413.14,,,True,CG6-0640|2026-01-16|L1|S30,field,MATCHED,D1:wor:30,13.4816
CG6-0640,77,98,31,2026-01-16,10:55:43,3412.73,1,0.0172,0.0022,3412.26,7.8,-11.5,3.9183,-0.0259,0.0023,0.4936,0,60,0,25.3278,34.6252,149.4,24.7948,34.9513,73.5,11011,,2026-01-16 10:55:43,000000024110640,548,0,-0.0260751,-0.0250584,0.000841593,3412.73,,,True,CG6-0640|2026-01-16|L1|S31,field,MATCHED,D1:wor:31,10.1127
CG6-0640,78,99,31,2026-01-16,10:56:43,3412.73,1,0.0159,0.0021,3412.26,10.6,-15.1,3.9214,-0.0263,0.0041,0.4942,0,60,0,25.3278,34.6252,149.4,24.7948,34.9513,73.5,11011,,2026-01-16 10:56:43,000000024110640,548,-4.54747e-13,-0.0264807,-0.0254736,0.00082641,3412.73,,,True,CG6-0640|2026-01-16|L1|S31,field,MATCHED,D1:wor:31,10.1127
CG6-0640,79,100,32,2026-01-16,11:00:13,3412.19,1,0.0136,0.0018,3411.72,6,-2.6,3.918,-0.0277,0.0006,0.4938,0,60,0,25.3278,34.6252,149.4,24.7931,34.9509,76.9,11011,,2026-01-16 11:00:13,000000024110640,549,-0.0001,-0.0279072,-0.0269276,0.000772391,3412.19,,,True,CG6-0640|2026-01-16|L1|S32,field,MATCHED,D1:wor:32,12.148
CG6-0640,80,101,32,2026-01-16,11:01:13,3412.19,1,0.0165,0.0021,3411.72,9.6,-6,3.92,-0.0281,0.0015,0.4938,0,60,0,25.3278,34.6252,149.4,24.7931,34.9509,76.9,11011,,2026-01-16 11:01:13,000000024110640,549,0,-0.0283165,-0.0273463,0.000753669,3412.19,,,True,CG6-0640|2026-01-16|L1|S32,field,MATCHED,D1:wor:32,12.148
CG6-0640,81,102,33,2026-01-16,11:04:56,3411.44,1,0.0176,0.0023,3410.98,2.4,-9,3.9107,-0.0297,0.0011,0.4929,0,60,0,25.3278,34.6252,149.4,24.7927,34.9491,95.1,11011,,2026-01-16 11:04:56,000000024110640,550,-4.54747e-13,-0.0298434,-0.0289037,0.000796258,3411.44,,,True,CG6-0640|2026-01-16|L1|S33,field,MATCHED,D1:wor:33,7.39134
CG6-0640,82,103,33,2026-01-16,11:05:56,3411.45,1,0.0242,0.0031,3410.98,5.2,-15.9,3.9124,-0.0301,0.0032,0.4929,0,60,0,25.3278,34.6252,149.4,24.7927,34.9491,95.1,11011,,2026-01-16 11:05:56,000000024110640,550,0.0001,-0.0302556,-0.0293253,0.000774749,3411.45,,,True,CG6-0640|2026-01-16|L1|S33,field,MATCHED,D1:wor:33,7.39134
CG6-0640,83,104,34,2026-01-16,11:09:46,3411.16,1,0.0309,0.004,3410.7,-0.2,3.3,3.9073,-0.0317,0.0001,0.4923,0,60,0,25.3278,34.6252,149.4,24.7928,34.9472,91.3,11011,,2026-01-16 11:09:46,000000024110640,551,-4.54747e-13,-0.0318398,-0.0309421,0.000757914,3411.16,,,True,CG6-0640|2026-01-16|L1|S34,field,MATCHED,D1:wor:34,7.34745
CG6-0640,84,105,34,2026-01-16,11:10:46,3411.16,1,0.0168,0.0022,3410.7,0.4,0.7,3.9103,-0.0321,0,0.4926,0,60,0,25.3278,34.6252,149.4,24.7928,34.9472,91.3,11011,,2026-01-16 11:10:46,000000024110640,551,0.0001,-0.032254,-0.0313655,0.000734522,3411.16,,,True,CG6-0640|2026-01-16|L1|S34,field,MATCHED,D1:wor:34,7.34745
CG6-0640,85,106,35,2026-01-16,11:14:07,3410.42,1,0.0143,0.0018,3409.96,0.1,-11.2,3.9078,-0.0335,0.0015,0.4923,0,60,0,25.3278,34.6252,149.4,24.7917,34.9458,79.2,11011,,2026-01-16 11:14:07,000000024110640,552,0.0001,-0.0336435,-0.0327801,0.000719928,3410.42,,,True,CG6-0640|2026-01-16|L1|S35,field,MATCHED,D1:wor:35,6.72019
CG6-0640,86,107,35,2026-01-16,11:15:07,3410.42,1,0.0121,0.0016,3409.96,0.3,-16.6,3.9108,-0.0339,0.0033,0.4927,0,60,0,25.3278,34.6252,149.4,24.7917,34.9458,79.2,11011,,2026-01-16 11:15:07,000000024110640,552,0.0001,-0.0340587,-0.0332043,0.000695662,3410.42,,,True,CG6-0640|2026-01-16|L1|S35,field,MATCHED,D1:wor:35,6.72019
CG6-0640,87,108,36,2026-01-16,11:19:24,3409.57,1,0.016,0.0021,3409.11,3,0.6,3.9076,-0.0357,0.0001,0.4923,0,60,0,25.3278,34.6252,149.4,24.7901,34.9446,80,11011,,2026-01-16 11:19:24,000000024110640,553,0.0001,-0.0358378,-0.035016,0.000683984,3409.57,,,True,CG6-0640|2026-01-16|L1|S36,field,MATCHED,D1:wor:36,5.8807
CG6-0640,88,109,36,2026-01-16,11:20:24,3409.57,1,0.0172,0.0022,3409.11,3.8,-1.9,3.9095,-0.0361,0.0002,0.4926,0,60,0,25.3278,34.6252,149.4,24.7901,34.9446,80,11011,,2026-01-16 11:20:24,000000024110640,553,0.0001,-0.0362531,-0.0354403,0.000659735,3409.57,,,True,CG6-0640|2026-01-16|L1|S36,field,MATCHED,D1:wor:36,5.8807
CG6-0640,89,110,37,2026-01-16,11:24:45,3408.83,1,0.0161,0.0021,3408.38,-1.5,-7.1,3.9063,-0.0379,0.0006,0.4922,0,60,0,25.3278,34.6252,149.4,24.7887,34.9436,89.7,11011,,2026-01-16 11:24:45,000000024110640,554,0.0001,-0.0380579,-0.0372783,0.000621739,3408.83,,,True,CG6-0640|2026-01-16|L1|S37,field,MATCHED,D1:wor:37,4.20916
CG6-0640,90,111,37,2026-01-16,11:25:45,3408.83,1,0.016,0.0021,3408.38,-0.3,-8.7,3.9077,-0.0383,0.0009,0.4923,0,60,0,25.3278,34.6252,149.4,24.7887,34.9436,89.7,11011,,2026-01-16 11:25:45,000000024110640,554,4.54747e-13,-0.0384721,-0.0377013,0.000598726,3408.83,,,True,CG6-0640|2026-01-16|L1|S37,field,MATCHED,D1:wor:37,4.20916
CG6-0640,91,112,38,2026-01-16,11:30:28,3408.67,1,0.0149,0.0019,3408.22,4.6,-1.8,3.9003,-0.0402,0.0003,0.4915,0,60,0,25.3278,34.6252,149.4,24.7883,34.9416,82.6,11011,,2026-01-16 11:30:28,000000024110640,555,-0.0001,-0.0404206,-0.0396864,0.000513555,3408.67,,,True,CG6-0640|2026-01-16|L1|S38,field,MATCHED,D1:wor:38,3.84868
CG6-0640,92,113,38,2026-01-16,11:31:28,3408.67,1,0.0146,0.0019,3408.22,5.7,-5.8,3.9027,-0.0407,0.0008,0.4918,0,60,0,25.3278,34.6252,149.4,24.7883,34.9416,82.6,11011,,2026-01-16 11:31:28,000000024110640,555,4.54747e-13,-0.0408323,-0.0401068,0.000593241,3408.67,,,True,CG6-0640|2026-01-16|L1|S38,field,MATCHED,D1:wor:38,3.84868
CG6-0640,93,114,39,2026-01-16,11:37:39,3407.98,1,0.0182,0.0024,3407.53,-7.7,-12.8,3.8905,-0.0432,0.0026,0.4903,0,60,0,25.3278,34.6252,149.4,24.7893,34.9394,92.9,11011,,2026-01-16 11:37:39,000000024110640,556,4.54747e-13,-0.0433636,-0.0426888,0.000511164,3407.98,,,True,CG6-0640|2026-01-16|L1|S39,field,MATCHED,D1:wor:39,4.44379
CG6-0640,94,115,39,2026-01-16,11:38:39,3407.99,1,0.0207,0.0027,3407.53,-9.3,-17.1,3.8956,-0.0436,0.0043,0.4909,0,60,0,25.3278,34.6252,149.4,24.7893,34.9394,92.9,11011,,2026-01-16 11:38:39,000000024110640,556,0.0001,-0.0437702,-0.0431037,0.000496262,3407.99,,,True,CG6-0640|2026-01-16|L1|S39,field,MATCHED,D1:wor:39,4.44379
CG6-0640,95,116,40,2026-01-16,11:42:39,3408.05,1,0.0113,0.0015,3407.6,-3.9,-11.2,3.9035,-0.0452,0.0017,0.4919,0,60,0,25.3278,34.6252,149.4,24.7894,34.9378,94.5,11011,,2026-01-16 11:42:39,000000024110640,557,-0.0001,-0.0453873,-0.0447512,0.000448796,3408.05,,,True,CG6-0640|2026-01-16|L1|S40,field,MATCHED,D1:wor:40,4.07759
CG6-0640,96,117,40,2026-01-16,11:43:39,3408.05,1,0.0178,0.0023,3407.6,-2.6,-14.3,3.9068,-0.0456,0.0025,0.4924,0,60,0,25.3278,34.6252,149.4,24.7894,34.9378,94.6,11011,,2026-01-16 11:43:39,000000024110640,557,-4.54747e-13,-0.0457891,-0.045161,0.00043896,3408.05,,,True,CG6-0640|2026-01-16|L1|S40,field,MATCHED,D1:wor:40,4.07759
CG6-0640,97,118,41,2026-01-16,11:47:07,3407.57,1,0.0161,0.0021,3407.13,0,-9.1,3.9063,-0.047,0.001,0.4922,0,60,0,25.3278,34.6252,149.4,24.7892,34.936,99.3,11011,,2026-01-16 11:47:07,000000024110640,558,0.0001,-0.047173,-0.0465692,0.000430814,3407.57,,,True,CG6-0640|2026-01-16|L1|S41,field,MATCHED,D1:wor:41,3.92864
CG6-0640,98,119,41,2026-01-16,11:48:07,3407.57,1,0.0238,0.0031,3407.13,1.8,-13.7,3.9083,-0.0474,0.0022,0.4924,0,60,0,25.3278,34.6252,149.4,24.7892,34.936,99.3,11011,,2026-01-16 11:48:07,000000024110640,558,0,-0.0475695,-0.0469736,0.000426402,3407.57,,,True,CG6-0640|2026-01-16|L1|S41,field,MATCHED,D1:wor:41,3.92864
CG6-0640,99,120,42,2026-01-16,11:52:25,3406.95,1,0.018,0.0023,3406.5,1.4,-1.4,3.9023,-0.0491,0.0001,0.4917,0,60,0,25.3278,34.6252,149.4,24.7879,34.9347,93.2,11011,,2026-01-16 11:52:25,000000024110640,559,0,-0.0492593,-0.0486922,0.000407762,3406.95,,,True,CG6-0640|2026-01-16|L1|S42,field,MATCHED,D1:wor:42,11.4926
CG6-0640,100,121,42,2026-01-16,11:53:25,3406.95,1,0.0697,0.009,3406.5,8.3,-5.1,3.9038,-0.0495,0.0013,0.4919,0,60,0,25.3278,34.6252,149.4,24.7879,34.9347,93.3,11011,,2026-01-16 11:53:25,000000024110640,559,4.54747e-13,-0.0496485,-0.0490891,0.000410878,3406.95,,STDDEV_GT_0.050,True,CG6-0640|2026-01-16|L1|S42,field,MATCHED,D1:wor:42,11.4926
CG6-0640,101,122,43,2026-01-16,11:58:58,3407.04,1,0.0203,0.0026,3406.6,4.4,-9.8,3.8929,-0.0516,0.0014,0.4904,0,60,0,25.3278,34.6252,149.4,24.787,34.9332,100.5,11011,,2026-01-16 11:58:58,000000024110640,560,0.0001,-0.0517798,-0.0512584,0.00034158,3407.04,,,True,CG6-0640|2026-01-16|L1|S43,field,MATCHED,D1:wor:43,4.63422
CG6-0640,102,123,43,2026-01-16,11:59:58,3407.04,1,0.0192,0.0025,3406.6,6.7,-13.2,3.8929,-0.052,0.0028,0.4906,0,60,0,25.3278,34.6252,149.4,24.7871,34.9332,100.8,11011,,2026-01-16 11:59:58,000000024110640,560,0,-0.0521583,-0.0516444,0.000355644,3407.04,,,True,CG6-0640|2026-01-16|L1|S43,field,MATCHED,D1:wor:43,4.63422
CG6-0640,103,124,100,2026-01-16,12:04:37,3407.03,0,0.0166,0.0021,3406.59,-2.3,-3.6,3.9004,-0.0537,0.0002,0.4915,0,60,0,25.3278,34.6252,149.4,24.7868,34.9338,101.5,11011,,2026-01-16 12:04:37,000000024110640,561,0,-0.0538943,-0.0534144,0.000285568,3407.03,,,True,CG6-0640|2026-01-16|L0|S100,field_base_100,MATCHED,D1:wor:B100 16-01-2026,4.14039
CG6-0640,104,125,100,2026-01-16,12:05:37,3407.03,0,0.0185,0.0024,3406.59,-0.7,-3.3,3.9007,-0.0541,0.0001,0.4915,0,60,0,25.3278,34.6252,149.4,24.7868,34.9338,101.5,11011,,2026-01-16 12:05:37,000000024110640,561,-4.54747e-13,-0.0542622,-0.0537894,0.000310567,3407.03,,,True,CG6-0640|2026-01-16|L0|S100,field_base_100,MATCHED,D1:wor:B100 16-01-2026,4.14039
CG6-0640,105,126,100,2026-01-16,12:06:37,3407.03,0,0.015,0.0019,3406.59,0.1,-2.2,3.9015,-0.0545,0.0001,0.4916,0,60,0,25.3278,34.6252,149.4,24.7868,34.9338,101.5,11011,,2026-01-16 12:06:37,000000024110640,561,0,-0.054628,-0.0541624,0.000337637,3407.03,,,True,CG6-0640|2026-01-16|L0|S100,field_base_100,MATCHED,D1:wor:B100 16-01-2026,4.14039
CG6-0640,106,127,100,2026-01-16,12:07:37,3407.03,0,0.0188,0.0024,3406.59,0.7,-2.5,3.901,-0.0548,0.0001,0.4916,0,60,0,25.3278,34.6252,149.4,24.7868,34.9338,101.5,11011,,2026-01-16 12:07:37,000000024110640,561,-0.0001,-0.0549918,-0.0545332,0.000266821,3407.03,,,True,CG6-0640|2026-01-16|L0|S100,field_base_100,MATCHED,D1:wor:B100 16-01-2026,4.14039
CG6-0640,107,128,44,2026-01-16,12:21:30,3406.35,1,0.0134,0.0017,3405.92,6.8,-11.5,3.8751,-0.0597,0.0021,0.4883,0,60,0,25.3278,34.6252,149.4,24.7871,34.9312,100.5,11011,,2026-01-16 12:21:30,000000024110640,562,0.0001,-0.0598074,-0.0594377,0.000262329,3406.35,,,True,CG6-0640|2026-01-16|L1|S44,field,MATCHED,D1:wor:44,4.07845
CG6-0640,108,129,44,2026-01-16,12:22:30,3406.36,1,0.011,0.0014,3405.92,8.1,-15.9,3.8813,-0.06,0.0037,0.4889,0,60,0,25.3278,34.6252,149.4,24.7871,34.9312,100.5,11011,,2026-01-16 12:22:30,000000024110640,562,-0.0001,-0.0601358,-0.0597723,0.000227734,3406.36,,,True,CG6-0640|2026-01-16|L1|S44,field,MATCHED,D1:wor:44,4.07845
CG6-0640,109,130,45,2026-01-16,12:27:47,3406.37,1,0.0133,0.0017,3405.94,0.7,2.6,3.9123,-0.0617,0.0001,0.493,0,60,0,25.3278,34.6252,149.4,24.788,34.9293,107.8,11011,,2026-01-16 12:27:47,000000024110640,563,0.0001,-0.0618249,-0.0614923,0.000207732,3406.37,,,True,CG6-0640|2026-01-16|L1|S45,field,MATCHED,D1:wor:45,1.10475
CG6-0640,110,131,45,2026-01-16,12:28:47,3406.37,1,0.0163,0.0021,3405.94,-1.2,6.4,3.9126,-0.062,0.0005,0.493,0,60,0,25.3278,34.6252,149.4,24.788,34.9293,107.8,11011,,2026-01-16 12:28:47,000000024110640,563,0,-0.0621357,-0.0618089,0.000191068,3406.37,,,True,CG6-0640|2026-01-16|L1|S45,field,MATCHED,D1:wor:45,1.10475
CG6-0640,111,132,46,2026-01-16,12:31:59,3405.55,1,0.015,0.0019,3405.12,-1.1,-14.6,3.8993,-0.063,0.0025,0.4912,0,60,0,25.3278,34.6252,149.4,24.789,34.9279,110.4,11011,,2026-01-16 12:31:59,000000024110640,564,0,-0.0631103,-0.0628015,0.000198461,3405.55,,,True,CG6-0640|2026-01-16|L1|S46,field,MATCHED,D1:wor:46,5.4415
CG6-0640,112,133,46,2026-01-16,12:32:59,3405.55,1,0.0143,0.0019,3405.12,0.1,-19.9,3.8997,-0.0633,0.0047,0.4913,0,60,0,25.3278,34.6252,149.4,24.789,34.9279,110.4,11011,,2026-01-16 12:32:59,000000024110640,564,0.0001,-0.0634085,-0.0631054,0.000194611,3405.55,,,True,CG6-0640|2026-01-16|L1|S46,field,MATCHED,D1:wor:46,5.4415
CG6-0640,113,134,47,2026-01-16,12:36:40,3405.74,1,0.0212,0.0027,3405.32,-5.6,-8.2,3.8917,-0.0644,0.0012,0.4903,0,60,0,25.3278,34.6252,149.4,24.7895,34.9258,109.8,11011,,2026-01-16 12:36:40,000000024110640,565,0.0001,-0.06448,-0.0641953,0.000204684,3405.74,,,True,CG6-0640|2026-01-16|L1|S47,field,MATCHED,D1:wor:47,5.82546
CG6-0640,114,135,47,2026-01-16,12:37:40,3405.74,1,0.0128,0.0016,3405.32,-5,-13.8,3.893,-0.0646,0.0024,0.4906,0,60,0,25.3278,34.6252,149.4,24.7895,34.9258,109.8,11011,,2026-01-16 12:37:40,000000024110640,565,0,-0.0647634,-0.0644841,0.000115891,3405.75,,,True,CG6-0640|2026-01-16|L1|S47,field,MATCHED,D1:wor:47,5.82546
CG6-0640,115,136,48,2026-01-16,12:41:00,3405.55,1,0.0138,0.0018,3405.13,-1.5,-4.9,3.8866,-0.0656,0.0004,0.4896,0,60,0,25.3278,34.6252,149.4,24.7894,34.924,112.7,11011,,2026-01-16 12:41:00,000000024110640,566,0.0001,-0.0656843,-0.0654204,0.000179635,3405.55,,,True,CG6-0640|2026-01-16|L1|S48,field,MATCHED,D1:wor:48,3.67857
CG6-0640,116,137,48,2026-01-16,12:42:00,3405.55,1,0.0165,0.0021,3405.13,1,-8.3,3.8891,-0.0658,0.0008,0.4901,0,60,0,25.3278,34.6252,149.4,24.7894,34.924,112.7,11011,,2026-01-16 12:42:00,000000024110640,566,-0.0001,-0.0659533,-0.0656945,0.000105464,3405.55,,,True,CG6-0640|2026-01-16|L1|S48,field,MATCHED,D1:wor:48,3.67857
CG6-0640,117,138,49,2026-01-16,12:45:18,3405.34,1,0.0127,0.0016,3404.91,1.9,-12.1,3.8849,-0.0667,0.0018,0.4895,0,60,0,25.3278,34.6252,149.4,24.7896,34.9219,109.4,11011,,2026-01-16 12:45:18,000000024110640,567,0,-0.0668166,-0.0665725,0.000127514,3405.34,,,True,CG6-0640|2026-01-16|L1|S49,field,MATCHED,D1:wor:49,1.54099
CG6-0640,118,139,49,2026-01-16,12:46:18,3405.34,1,0.0156,0.002,3404.92,3.2,-17.7,3.8863,-0.067,0.0038,0.4896,0,60,0,25.3278,34.6252,149.4,24.7896,34.9219,109.4,11011,,2026-01-16 12:46:18,000000024110640,567,4.54747e-13,-0.0670707,-0.0668315,0.000168512,3405.34,,,True,CG6-0640|2026-01-16|L1|S49,field,MATCHED,D1:wor:49,1.54099
CG6-0640,119,140,50,2026-01-16,12:50:04,3405.09,1,0.0171,0.0022,3404.67,3.4,-11.6,3.8792,-0.0679,0.0018,0.4887,0,60,0,25.3278,34.6252,149.4,24.7908,34.9202,107,11011,,2026-01-16 12:50:04,000000024110640,568,4.54747e-13,-0.0679953,-0.0677736,0.000126386,3405.09,,,True,CG6-0640|2026-01-16|L1|S50,field,MATCHED,D1:wor:50,3.10869
CG6-0640,120,141,50,2026-01-16,12:51:04,3405.1,1,0.0168,0.0022,3404.67,5.3,-15.8,3.8812,-0.0681,0.0032,0.4889,0,60,0,25.3278,34.6252,149.4,24.7908,34.9202,107,11011,,2026-01-16 12:51:04,000000024110640,568,0.0001,-0.0682321,-0.068015,8.49655e-05,3405.1,,,True,CG6-0640|2026-01-16|L1|S50,field,MATCHED,D1:wor:50,3.10869
CG6-0640,121,142,51,2026-01-16,12:54:24,3404.6,1,0.0147,0.0019,3404.18,1.6,-6.1,3.8784,-0.0689,0.0005,0.4887,0,60,0,25.3278,34.6252,149.4,24.7918,34.9187,112.2,11011,,2026-01-16 12:54:24,000000024110640,569,0,-0.0689942,-0.0687918,0.000108206,3404.6,,,True,CG6-0640|2026-01-16|L1|S51,field,MATCHED,D1:wor:51,1.48451
CG6-0640,122,143,51,2026-01-16,12:55:24,3404.6,1,0.0195,0.0025,3404.18,2.6,-9.9,3.8812,-0.0691,0.0013,0.489,0,60,0,25.3278,34.6252,149.4,24.7918,34.9187,112.1,11011,,2026-01-16 12:55:24,000000024110640,569,4.54747e-13,-0.0692146,-0.0690166,8.34236e-05,3404.6,,,True,CG6-0640|2026-01-16|L1|S51,field,MATCHED,D1:wor:51,1.48451
CG6-0640,123,144,52,2026-01-16,12:59:05,3404.07,1,0.0158,0.002,3403.65,-3.2,-2.1,3.8801,-0.0699,0.0002,0.4888,0,60,0,25.3278,34.6252,149.4,24.7929,34.917,106.6,11011,,2026-01-16 12:59:05,000000024110640,570,0.0001,-0.0699927,-0.0698099,9.01441e-05,3404.07,,,True,CG6-0640|2026-01-16|L1|S52,field,MATCHED,D1:wor:52,5.50382
CG6-0640,124,145,52,2026-01-16,13:00:05,3404.08,1,0.0172,0.0022,3403.66,-3.2,-6.9,3.881,-0.0701,0.0007,0.489,0,60,0,25.3278,34.6252,149.4,24.7929,34.917,106.6,11011,,2026-01-16 13:00:05,000000024110640,570,-0.0001,-0.0701947,-0.070016,8.40188e-05,3404.08,,,True,CG6-0640|2026-01-16|L1|S52,field,MATCHED,D1:wor:52,5.50382
CG6-0640,125,146,53,2026-01-16,13:04:05,3403.82,1,0.0203,0.0026,3403.4,0.4,-3.6,3.8759,-0.0709,0.0002,0.4883,0,60,0,25.3278,34.6252,149.4,24.7932,34.915,119.5,11011,,2026-01-16 13:04:05,000000024110640,571,0,-0.0709623,-0.0707982,0.000101827,3403.82,,,True,CG6-0640|2026-01-16|L1|S53,field,MATCHED,D1:wor:53,4.14021
CG6-0640,126,147,53,2026-01-16,13:05:05,3403.82,1,0.0222,0.0029,3403.41,1.1,-6,3.8788,-0.0711,0.0005,0.4888,0,60,0,25.3278,34.6252,149.4,24.7932,34.915,119.5,11011,,2026-01-16 13:05:05,000000024110640,571,0,-0.0711439,-0.0709837,0.000116349,3403.82,,,True,CG6-0640|2026-01-16|L1|S53,field,MATCHED,D1:wor:53,4.14021
CG6-0640,127,148,54,2026-01-16,13:08:26,3403.46,1,0.0161,0.0021,3403.04,1.1,-13.9,3.8735,-0.0716,0.0023,0.4881,0,60,0,25.3278,34.6252,149.4,24.793,34.9132,113,11011,,2026-01-16 13:08:26,000000024110640,572,0,-0.0717218,-0.0715727,2.72681e-05,3403.46,,,True,CG6-0640|2026-01-16|L1|S54,field,MATCHED,D1:wor:54,4.09129
CG6-0640,128,149,54,2026-01-16,13:09:26,3403.47,1,0.0129,0.0017,3403.04,3,-19.1,3.8743,-0.0718,0.0044,0.4881,0,60,0,25.3278,34.6252,149.4,24.793,34.9132,113,11011,,2026-01-16 13:09:26,000000024110640,572,4.54747e-13,-0.0718851,-0.0717397,6.03475e-05,3403.47,,,True,CG6-0640|2026-01-16|L1|S54,field,MATCHED,D1:wor:54,4.09129
CG6-0640,129,150,55,2026-01-16,13:13:06,3403.21,1,0.0179,0.0023,3402.79,1.8,-10,3.8711,-0.0724,0.0013,0.4877,0,60,0,25.3278,34.6252,149.4,24.7931,34.9112,124.1,11011,,2026-01-16 13:13:06,000000024110640,573,0,-0.0724469,-0.0723131,8.68512e-05,3403.21,,,True,CG6-0640|2026-01-16|L1|S55,field,MATCHED,D1:wor:55,1.50214
CG6-0640,130,151,55,2026-01-16,13:14:06,3403.21,1,0.0132,0.0017,3402.79,1.4,-16.5,3.8731,-0.0725,0.0031,0.488,0,60,0,25.3278,34.6252,149.4,24.7931,34.9112,124.1,11011,,2026-01-16 13:14:06,000000024110640,573,0.0001,-0.07259,-0.0724596,4.04357e-05,3403.21,,,True,CG6-0640|2026-01-16|L1|S55,field,MATCHED,D1:wor:55,1.50214
CG6-0640,131,152,56,2026-01-16,13:18:15,3402.71,1,0.0127,0.0016,3402.3,-2.1,-1.3,3.8687,-0.0731,0.0001,0.4874,0,60,0,25.3278,34.6252,149.4,24.7939,34.9095,120,11011,,2026-01-16 13:18:15,000000024110640,574,0,-0.073136,-0.0730186,8.14166e-05,3402.71,,,True,CG6-0640|2026-01-16|L1|S56,field,MATCHED,D1:wor:56,2.01292
CG6-0640,132,153,56,2026-01-16,13:19:15,3402.71,1,0.0145,0.0019,3402.3,-0.7,-4.2,3.871,-0.0732,0.0002,0.4876,0,60,0,25.3278,34.6252,149.4,24.7939,34.9095,120,11011,,2026-01-16 13:19:15,000000024110640,574,0,-0.073256,-0.0731417,5.83292e-05,3402.71,,,True,CG6-0640|2026-01-16|L1|S56,field,MATCHED,D1:wor:56,2.01292
CG6-0640,133,154,57,2026-01-16,13:23:10,3402.53,1,0.0215,0.0028,3402.12,-2.9,-7,3.8699,-0.0736,0.0007,0.4876,0,60,0,25.3278,34.6252,149.4,24.7957,34.9091,122.5,11011,,2026-01-16 13:23:10,000000024110640,575,-0.0001,-0.073682,-0.0735797,2.03346e-05,3402.53,,,True,CG6-0640|2026-01-16|L1|S57,field,MATCHED,D1:wor:57,5.82013
CG6-0640,134,155,57,2026-01-16,13:24:10,3402.54,1,0.0212,0.0027,3402.12,-2.4,-9.6,3.872,-0.0737,0.0012,0.488,0,60,0,25.3278,34.6252,149.4,24.7957,34.9091,122.5,11011,,2026-01-16 13:24:10,000000024110640,575,-0.0001,-0.0737793,-0.0736798,2.01849e-05,3402.54,,,True,CG6-0640|2026-01-16|L1|S57,field,MATCHED,D1:wor:57,5.82013
CG6-0640,135,156,58,2026-01-16,13:27:38,3402.33,1,0.0207,0.0027,3401.92,0.4,-8.6,3.8685,-0.074,0.0009,0.4875,0,60,0,25.3278,34.6252,149.4,24.7976,34.9092,120.2,11011,,2026-01-16 13:27:38,000000024110640,576,-0.0001,-0.0740806,-0.0739909,9.1363e-06,3402.33,,,True,CG6-0640|2026-01-16|L1|S58,field,MATCHED,D1:wor:58,11.6489
CG6-0640,136,157,58,2026-01-16,13:28:38,3402.33,1,0.0156,0.002,3401.92,0.9,-11.7,3.8707,-0.0741,0.0016,0.4877,0,60,0,25.3278,34.6252,149.4,24.7976,34.9092,120.2,11011,,2026-01-16 13:28:38,000000024110640,576,0.0001,-0.0741569,-0.0740697,3.03385e-05,3402.33,,,True,CG6-0640|2026-01-16|L1|S58,field,MATCHED,D1:wor:58,11.6489
CG6-0640,137,158,59,2026-01-16,13:34:56,3402.01,1,0.0109,0.0014,3401.6,-1,-7.3,3.86,-0.0745,0.0007,0.4863,0,60,0,25.3278,34.6252,149.4,24.7992,34.9084,126.8,11011,,2026-01-16 13:34:56,000000024110640,577,0,-0.074527,-0.0744542,4.57701e-05,3402.01,,,True,CG6-0640|2026-01-16|L1|S59,field,MATCHED,D1:wor:59,7.32139
CG6-0640,138,159,59,2026-01-16,13:35:56,3402.01,1,0.016,0.0021,3401.6,0.5,-12.9,3.8634,-0.0745,0.0019,0.4868,0,60,0,25.3278,34.6252,149.4,24.7992,34.9084,126.7,11011,,2026-01-16 13:35:56,000000024110640,577,0,-0.074568,-0.0744972,2.77221e-06,3402.01,,,True,CG6-0640|2026-01-16|L1|S59,field,MATCHED,D1:wor:59,7.32139
CG6-0640,139,160,60,2026-01-16,13:42:03,3401.76,1,0.017,0.0022,3401.35,5.7,-8.3,3.8508,-0.0747,0.0012,0.4853,0,60,0,25.3278,34.6252,149.4,24.8009,34.9075,130.9,11011,,2026-01-16 13:42:03,000000024110640,578,4.54747e-13,-0.0747105,-0.0746511,4.88711e-05,3401.76,,,True,CG6-0640|2026-01-16|L1|S60,field,MATCHED,D1:wor:60,4.88509
CG6-0640,140,161,60,2026-01-16,13:43:03,3401.76,1,0.0426,0.0055,3401.35,4.9,-14.1,3.8556,-0.0747,0.0023,0.4859,0,60,0,25.3278,34.6252,149.4,24.8009,34.9075,130.9,11011,,2026-01-16 13:43:03,000000024110640,578,-4.54747e-13,-0.074716,-0.0746582,4.17972e-05,3401.77,,,True,CG6-0640|2026-01-16|L1|S60,field,MATCHED,D1:wor:60,4.88509
CG6-0640,141,162,100,2026-01-16,13:57:51,3407.02,0,0.0129,0.0017,3406.61,1.3,-3.8,3.8504,-0.0742,0.0002,0.4852,0,60,0,25.3278,34.6252,149.4,24.7868,34.9338,101.9,11011,,2026-01-16 13:57:51,000000024110640,579,-0.0001,-0.0741962,-0.0741484,5.157e-05,3407.02,,,True,CG6-0640|2026-01-16|L0|S100,field_base_100,MATCHED,D1:wor:B100 16-01-2026,5.70039
CG6-0640,142,163,100,2026-01-16,13:58:51,3407.02,0,0.0152,0.002,3406.61,2.6,-6.1,3.856,-0.0741,0.0006,0.4859,0,60,0,25.3278,34.6252,149.4,24.7868,34.9337,102.7,11011,,2026-01-16 13:58:51,000000024110640,579,0,-0.0741198,-0.0740724,2.75944e-05,3407.02,,,True,CG6-0640|2026-01-16|L0|S100,field_base_100,MATCHED,D1:wor:B100 16-01-2026,5.70039
CG6-0640,143,164,100,2026-01-16,13:59:51,3407.03,0,0.0147,0.0019,3406.61,3.4,-7.8,3.8606,-0.0741,0.0009,0.4864,0,60,0,25.3278,34.6252,149.4,24.7868,34.9337,102.7,11011,,2026-01-16 13:59:51,000000024110640,579,0.0001,-0.0740382,-0.073991,0.000108973,3407.03,,,True,CG6-0640|2026-01-16|L0|S100,field_base_100,MATCHED,D1:wor:B100 16-01-2026,5.70039
CG6-0640,144,165,100,2026-01-16,14:00:51,3407.03,0,0.0126,0.0016,3406.61,4.2,-8.8,3.8628,-0.074,0.001,0.4868,0,60,0,25.3278,34.6252,149.4,24.7868,34.9337,102.7,11011,,2026-01-16 14:00:51,000000024110640,579,0.0001,-0.0739512,-0.0739043,9.57131e-05,3407.03,,,True,CG6-0640|2026-01-16|L0|S100,field_base_100,MATCHED,D1:wor:B100 16-01-2026,5.70039
CG6-0640,145,166,0,2026-01-16,17:55:11,3473.11,0,0.0102,0.0013,3472.55,4.2,-0.2,3.9009,0.0694,0.0002,0.4915,0,60,0,25.3278,34.6252,149.4,25.0669,34.8776,28.1,11011,,2026-01-16 17:55:11,000000024110640,580,0,0.06977,0.0704571,0.00105711,3473.11,,,True,CG6-0640|2026-01-16|L0|S0,hotel_base_0,MATCHED,D1:wor:Base0,12.377
CG6-0640,146,167,0,2026-01-16,17:56:11,3473.11,0,0.0096,0.0012,3472.55,4.7,0,3.897,0.0702,0.0003,0.4909,0,60,0,25.3278,34.6252,149.4,25.0669,34.8776,28.1,11011,,2026-01-16 17:56:11,000000024110640,580,-4.54747e-13,0.0706333,0.0713202,0.00112023,3473.11,,,True,CG6-0640|2026-01-16|L0|S0,hotel_base_0,MATCHED,D1:wor:Base0,12.377
CG6-0640,147,168,0,2026-01-16,17:57:11,3473.11,0,0.0119,0.0015,3472.55,4.7,0.5,3.8944,0.0711,0.0002,0.4908,0,60,0,25.3278,34.6252,149.4,25.0669,34.8776,28.1,11011,,2026-01-16 17:57:11,000000024110640,580,0,0.0714952,0.072182,0.00108198,3473.11,,,True,CG6-0640|2026-01-16|L0|S0,hotel_base_0,MATCHED,D1:wor:Base0,12.377
CG6-0640,148,169,0,2026-01-16,17:58:11,3473.11,0,0.0113,0.0015,3472.55,5.4,1.1,3.8903,0.072,0.0004,0.4902,0,60,0,25.3278,34.6252,149.4,25.0669,34.8776,28.1,11011,,2026-01-16 17:58:11,000000024110640,580,-0.0001,0.0723558,0.0730423,0.00104232,3473.11,,,True,CG6-0640|2026-01-16|L0|S0,hotel_base_0,MATCHED,D1:wor:Base0,12.377
CG6-0640,149,170,0,2026-01-17,06:39:22,3473.09,0,0.0211,0.0027,3472.63,0.7,-0.8,3.8962,-0.0307,0,0.4909,0,60,0,25.3278,34.6252,149.4,25.0668,34.8776,9.4,11011,,2026-01-17 06:39:22,000000024110640,581,0,-0.0304846,-0.0291861,0.00151391,3473.1,,,True,CG6-0640|2026-01-17|L0|S0,hotel_base_0,MATCHED,D2:wor:Base1,3.68126
CG6-0640,150,171,0,2026-01-17,06:40:22,3473.09,0,0.0065,0.0008,3472.63,1.3,-0.8,3.8949,-0.0302,0,0.4907,0,60,0,25.3278,34.6252,149.4,25.0668,34.8776,9.7,11011,,2026-01-17 06:40:22,000000024110640,581,0.0001,-0.0299912,-0.0286888,0.00151116,3473.1,,,True,CG6-0640|2026-01-17|L0|S0,hotel_base_0,MATCHED,D2:wor:Base1,3.68126
CG6-0640,151,172,0,2026-01-17,06:41:22,3473.09,0,0.0084,0.0011,3472.63,1.4,-0.6,3.8934,-0.0297,0,0.4906,0,60,0,25.3278,34.6252,149.4,25.0668,34.8776,9.7,11011,,2026-01-17 06:41:22,000000024110640,581,-0.0001,-0.0294983,-0.0281922,0.00150779,3473.1,,,True,CG6-0640|2026-01-17|L0|S0,hotel_base_0,MATCHED,D2:wor:Base1,3.68126
CG6-0640,152,173,0,2026-01-17,06:42:22,3473.1,0,0.0063,0.0008,3472.63,1.5,-0.5,3.8922,-0.0293,0,0.4904,0,60,0,25.3278,34.6252,149.4,25.0668,34.8776,9.7,11011,,2026-01-17 06:42:22,000000024110640,581,0.0002,-0.029006,-0.0276963,0.00160374,3473.1,,,True,CG6-0640|2026-01-17|L0|S0,hotel_base_0,MATCHED,D2:wor:Base1,3.68126
CG6-0640,153,174,100,2026-01-17,09:04:49,3407.01,0,0.0152,0.002,3406.5,12.3,2.1,3.9078,0.0151,0.0018,0.4924,0,60,0,25.3278,34.6252,149.4,24.7868,34.9337,105.6,11011,,2026-01-17 09:04:49,000000024110640,582,0,0.0151306,0.0175562,0.00245621,3407.01,,,True,CG6-0640|2026-01-17|L0|S100,field_base_100,MATCHED,D2:wor:Base100,4.51873
CG6-0640,154,175,100,2026-01-17,09:05:49,3407.01,0,0.0078,0.001,3406.5,17.1,0.6,3.9145,0.0151,0.0034,0.4932,0,60,0,25.3278,34.6252,149.4,24.7868,34.9337,105.6,11011,,2026-01-17 09:05:49,000000024110640,582,0.0001,0.0151558,0.0175755,0.00247546,3407.01,,,True,CG6-0640|2026-01-17|L0|S100,field_base_100,MATCHED,D2:wor:Base100,4.51873
CG6-0640,155,176,100,2026-01-17,09:06:49,3407.01,0,0.0091,0.0012,3406.5,21,0.1,3.918,0.0152,0.005,0.4937,0,60,0,25.3278,34.6252,149.4,24.7868,34.9337,105.6,11011,,2026-01-17 09:06:49,000000024110640,582,4.54747e-13,0.0151763,0.0175899,0.00238985,3407.01,,TILT_GT_20,True,CG6-0640|2026-01-17|L0|S100,field_base_100,MATCHED,D2:wor:Base100,4.51873
CG6-0640,156,177,100,2026-01-17,09:07:49,3407.01,0,0.0106,0.0014,3406.49,24.1,-0.7,3.9208,0.0152,0.0069,0.494,0,60,0,25.3278,34.6252,149.4,24.7868,34.9337,105.6,11011,,2026-01-17 09:07:49,000000024110640,582,0,0.015192,0.0175994,0.0023994,3407.01,,TILT_GT_20,True,CG6-0640|2026-01-17|L0|S100,field_base_100,MATCHED,D2:wor:Base100,4.51873
CG6-0640,157,178,61,2026-01-17,09:29:50,3401.15,1,0.012,0.0016,3400.64,1.2,-9.7,3.9077,0.0144,0.0012,0.4924,0,60,0,25.3278,34.6252,149.4,24.8023,34.906,137.8,11011,,2026-01-17 09:29:50,000000024110640,583,-0.0001,0.0143316,0.0165283,0.00212826,3401.15,,,True,CG6-0640|2026-01-17|L1|S61,field,MATCHED,D2:wor:1-61,4.09367
CG6-0640,158,179,62,2026-01-17,09:33:01,3400.62,1,0.0237,0.0031,3400.11,5.1,0.2,3.9112,0.0141,0.0004,0.4929,0,60,0,25.3278,34.6252,149.4,24.8037,34.9045,134.3,11011,,2026-01-17 09:33:01,000000024110640,584,-0.0001,0.0140176,0.0161855,0.00208552,3400.62,,,True,CG6-0640|2026-01-17|L1|S62,field,MATCHED,D2:wor:1-62,4.18371
CG6-0640,159,180,63,2026-01-17,09:36:03,3400.79,1,0.0124,0.0016,3400.28,4.7,-8.8,3.9132,0.0137,0.0012,0.4931,0,60,0,25.3278,34.6252,149.4,24.8043,34.9027,129.7,11011,,2026-01-17 09:36:03,000000024110640,585,0,0.0136745,0.0158179,0.00211789,3400.79,,,True,CG6-0640|2026-01-17|L1|S63,field,MATCHED,D2:wor:1-63,7.11872
CG6-0640,160,181,64,2026-01-17,09:39:18,3400.38,1,0.0121,0.0016,3399.88,-0.8,-15.4,3.917,0.0133,0.0029,0.4935,0,60,0,25.3278,34.6252,149.4,24.8048,34.901,128.1,11011,,2026-01-17 09:39:18,000000024110640,586,0,0.0132597,0.0153776,0.00207758,3400.39,,,True,CG6-0640|2026-01-17|L1|S64,field,MATCHED,D2:wor:1-64,5.87098
CG6-0640,161,182,65,2026-01-17,09:42:46,3399.65,1,0.0142,0.0018,3399.15,-3.5,-9.7,3.9192,0.0128,0.0013,0.4939,0,60,0,25.3278,34.6252,149.4,24.8051,34.8986,132.1,11011,,2026-01-17 09:42:46,000000024110640,587,0.0001,0.0127639,0.014855,0.002055,3399.66,,,True,CG6-0640|2026-01-17|L1|S65,field,MATCHED,D2:wor:1-65,4.546
CG6-0640,162,183,66,2026-01-17,09:45:40,3399.53,1,0.0122,0.0016,3399.02,3.5,-6.2,3.9203,0.0124,0.0006,0.494,0,60,0,25.3278,34.6252,149.4,24.8056,34.8971,131.1,11011,,2026-01-17 09:45:40,000000024110640,588,0,0.0123071,0.0143741,0.00197413,3399.53,,,True,CG6-0640|2026-01-17|L1|S66,field,MATCHED,D2:wor:1-66,3.69277
CG6-0640,163,184,67,2026-01-17,09:48:50,3399.17,1,0.0227,0.0029,3398.66,3.8,-23,3.9225,0.0118,0.0064,0.4942,0,60,0,25.3278,34.6252,149.4,24.8068,34.8947,110.8,11011,,2026-01-17 09:48:50,000000024110640,589,0.0001,0.0117651,0.0138034,0.00200341,3399.17,,TILT_GT_20,True,CG6-0640|2026-01-17|L1|S67,field,MATCHED,D2:wor:1-67,8.53647
CG6-0640,164,185,68,2026-01-17,09:52:57,3399.1,1,0.0245,0.0032,3398.6,2.7,2.7,3.9261,0.0111,0.0002,0.4946,0,60,0,25.3278,34.6252,149.4,24.8075,34.8935,111.6,11011,,2026-01-17 09:52:57,000000024110640,590,0,0.0109939,0.0129964,0.0018964,3399.1,,,True,CG6-0640|2026-01-17|L1|S68,field,MATCHED,D2:wor:1-68,8.76894
CG6-0640,165,186,69,2026-01-17,09:56:00,3398.98,1,0.0489,0.0063,3398.47,2.1,-12.2,3.9252,0.0105,0.0019,0.4946,0,60,0,25.3278,34.6252,149.4,24.8087,34.892,143.4,11011,,2026-01-17 09:56:00,000000024110640,591,-0.0001,0.0103746,0.012348,0.00184798,3398.98,,,True,CG6-0640|2026-01-17|L1|S69,field,MATCHED,D2:wor:1-69,3.48808
CG6-0640,166,187,70,2026-01-17,09:59:55,3398.34,1,0.0275,0.0036,3397.83,-3.6,-4.5,3.9217,0.0096,0.0004,0.4942,0,60,0,25.3278,34.6252,149.4,24.8097,34.8906,161.9,11011,,2026-01-17 09:59:55,000000024110640,592,0.0001,0.00952046,0.0114577,0.00185769,3398.34,,,True,CG6-0640|2026-01-17|L1|S70,field,MATCHED,D2:wor:1-70,1.98662
CG6-0640,167,188,71,2026-01-17,10:04:18,3397.65,1,0.0268,0.0035,3397.14,-1.5,-1.8,3.9193,0.0086,0.0001,0.4939,0,60,0,25.3278,34.6252,149.4,24.8107,34.889,161.3,11011,,2026-01-17 10:04:18,000000024110640,593,-0.0001,0.00848742,0.0103842,0.00178424,3397.65,,,True,CG6-0640|2026-01-17|L1|S71,field,MATCHED,D2:wor:1-71,3.81542
CG6-0640,168,189,72,2026-01-17,10:08:07,3397.16,1,0.0078,0.001,3396.66,-2.9,7.6,3.9324,0.0076,0.0008,0.4955,0,60,0,25.3278,34.6252,149.4,24.8109,34.8871,155,11011,,2026-01-17 10:08:07,000000024110640,594,0.0001,0.00752297,0.00938765,0.00178765,3397.17,,,True,CG6-0640|2026-01-17|L1|S72,field,MATCHED,D2:wor:1-72,2.05405
CG6-0640,169,190,73,2026-01-17,10:12:06,3396.44,1,0.0383,0.0049,3395.94,-2,-6.9,3.9237,0.0066,0.0008,0.4944,0,60,0,25.3278,34.6252,149.4,24.8109,34.8851,158.8,11011,,2026-01-17 10:12:06,000000024110640,595,-0.0001,0.00645338,0.00828473,0.00168473,3396.44,,,True,CG6-0640|2026-01-17|L1|S73,field,MATCHED,D2:wor:1-73,2.20677
CG6-0640,170,191,74,2026-01-17,10:16:00,3396.02,1,0.0245,0.0032,3395.52,1.3,-7,3.9198,0.0055,0.0006,0.4939,0,60,0,25.3278,34.6252,149.4,24.8105,34.8829,161.9,11011,,2026-01-17 10:16:00,000000024110640,596,0,0.0053453,0.00714592,0.00164592,3396.02,,,True,CG6-0640|2026-01-17|L1|S74,field,MATCHED,D2:wor:1-74,2.97374
CG6-0640,171,192,75,2026-01-17,10:19:05,3396.01,1,0.0126,0.0016,3395.51,-6.2,-3.2,3.9204,0.0046,0.0006,0.4938,0,60,0,25.3278,34.6252,149.4,24.8095,34.8814,166.6,11011,,2026-01-17 10:19:05,000000024110640,597,-0.0001,0.00442765,0.00620633,0.00160633,3396.01,,,True,CG6-0640|2026-01-17|L1|S75,field,MATCHED,D2:wor:1-75,2.78446
CG6-0640,172,193,76,2026-01-17,10:23:19,3395.58,1,0.0202,0.0026,3395.08,-5,-6.8,3.9153,0.0032,0.0008,0.4934,0,60,0,25.3278,34.6252,149.4,24.8083,34.88,169.9,11011,,2026-01-17 10:23:19,000000024110640,598,0,0.0031095,0.00485568,0.00165568,3395.58,,,True,CG6-0640|2026-01-17|L1|S76,field,MATCHED,D2:wor:1-76,5.11594
CG6-0640,173,194,77,2026-01-17,10:26:47,3395.51,1,0.014,0.0018,3395.02,-2.7,-4.2,3.9129,0.0021,0.0004,0.493,0,60,0,25.3278,34.6252,149.4,24.8073,34.8786,171.4,11011,,2026-01-17 10:26:47,000000024110640,599,0.0001,0.00198126,0.00370123,0.00160123,3395.52,,,True,CG6-0640|2026-01-17|L1|S77,field,MATCHED,D2:wor:1-77,4.53084
CG6-0640,174,195,78,2026-01-17,10:30:17,3395.84,1,0.0183,0.0024,3395.35,-0.5,-3.3,3.9127,0.0009,0.0002,0.4932,0,60,0,25.3278,34.6252,149.4,24.8068,34.8769,172.8,11011,,2026-01-17 10:30:17,000000024110640,600,-0.0001,0.000798957,0.00249006,0.00159006,3395.85,,,True,CG6-0640|2026-01-17|L1|S78,field,MATCHED,D2:wor:1-78,4.94082
CG6-0640,175,196,79,2026-01-17,10:34:10,3395.76,1,0.0151,0.0019,3395.26,3.6,-5.4,3.9139,-0.0004,0.0006,0.4932,0,60,0,25.3278,34.6252,149.4,24.8081,34.8753,180.6,11011,,2026-01-17 10:34:10,000000024110640,601,0.0001,-0.000562026,0.00108979,0.00148979,3395.76,,,True,CG6-0640|2026-01-17|L1|S79,field,MATCHED,D2:wor:1-79,5.16747
CG6-0640,176,197,80,2026-01-17,10:38:13,3395.43,1,0.0131,0.0017,3394.94,5.2,0.8,3.9102,-0.0019,0.0004,0.4926,0,60,0,25.3278,34.6252,149.4,24.8093,34.8736,181.5,11011,,2026-01-17 10:38:13,000000024110640,602,-0.0001,-0.00203454,-0.000423564,0.00147644,3395.44,,,True,CG6-0640|2026-01-17|L1|S80,field,MATCHED,D2:wor:1-80,6.95918
CG6-0640,177,198,81,2026-01-17,10:41:43,3395.41,1,0.0418,0.0054,3394.92,-1.4,-16.1,3.9122,-0.0032,0.0031,0.493,0,60,0,25.3278,34.6252,149.4,24.8099,34.8719,181.7,11011,,2026-01-17 10:41:43,000000024110640,603,0.0001,-0.00334908,-0.00177163,0.00142837,3395.41,,,True,CG6-0640|2026-01-17|L1|S81,field,MATCHED,D2:wor:1-81,9.79569
CG6-0640,178,199,82,2026-01-17,10:45:52,3395.26,1,0.0161,0.0021,3394.77,5.5,0.4,3.9138,-0.0048,0.0004,0.4932,0,60,0,25.3278,34.6252,149.4,24.8103,34.8699,176.1,11011,,2026-01-17 10:45:52,000000024110640,604,4.54747e-13,-0.00495602,-0.00341666,0.00138334,3395.26,,,True,CG6-0640|2026-01-17|L1|S82,field,MATCHED,D2:wor:1-82,6.07336
CG6-0640,179,200,83,2026-01-17,10:49:39,3395.14,1,0.0251,0.0032,3394.65,1.2,-8.9,3.9159,-0.0063,0.0011,0.4935,0,60,0,25.3278,34.6252,149.4,24.8117,34.8688,187,11011,,2026-01-17 10:49:39,000000024110640,605,0,-0.00646456,-0.0049653,0.0013347,3395.14,,,True,CG6-0640|2026-01-17|L1|S83,field,MATCHED,D2:wor:1-83,10.4026
CG6-0640,180,201,84,2026-01-17,10:54:23,3394.85,1,0.0138,0.0018,3394.36,-2.6,-9.5,3.9201,-0.0082,0.0012,0.494,0,60,0,25.3278,34.6252,149.4,24.8121,34.8671,189.7,11011,,2026-01-17 10:54:23,000000024110640,606,-0.0001,-0.00840725,-0.0069528,0.0012472,3394.85,,,True,CG6-0640|2026-01-17|L1|S84,field,MATCHED,D2:wor:1-84,4.79681
CG6-0640,181,202,85,2026-01-17,10:57:50,3394.57,1,0.013,0.0017,3394.08,-4.2,-0.5,3.9192,-0.0097,0.0002,0.4939,0,60,0,25.3278,34.6252,149.4,24.8114,34.8652,180.9,11011,,2026-01-17 10:57:50,000000024110640,607,0.0001,-0.00985983,-0.00843295,0.00126705,3394.57,,,True,CG6-0640|2026-01-17|L1|S85,field,MATCHED,D2:wor:1-85,3.37477
CG6-0640,182,203,86,2026-01-17,11:01:46,3394.02,1,0.0124,0.0016,3393.54,-11.2,-8,3.9111,-0.0114,0.0023,0.4928,0,60,0,25.3278,34.6252,149.4,24.8111,34.863,192.1,11011,,2026-01-17 11:01:46,000000024110640,608,0.0001,-0.0115512,-0.0101578,0.00124219,3394.02,,,True,CG6-0640|2026-01-17|L1|S86,field,MATCHED,D2:wor:1-86,5.67832
CG6-0640,183,204,87,2026-01-17,11:05:22,3393.68,1,0.0168,0.0022,3393.2,-1.9,-4.8,3.9111,-0.0129,0.0003,0.4929,0,60,0,25.3278,34.6252,149.4,24.8107,34.8614,202.4,11011,,2026-01-17 11:05:22,000000024110640,609,-4.54747e-13,-0.0131303,-0.011768,0.001132,3393.68,,,True,CG6-0640|2026-01-17|L1|S87,field,MATCHED,D2:wor:1-87,4.37351
CG6-0640,184,205,88,2026-01-17,11:08:56,3393.39,1,0.0282,0.0036,3392.91,-10.1,-8.9,3.9108,-0.0145,0.0021,0.4928,0,60,0,25.3278,34.6252,149.4,24.8108,34.8593,206.8,11011,,2026-01-17 11:08:56,000000024110640,610,0,-0.014722,-0.013391,0.00110903,3393.39,,,True,CG6-0640|2026-01-17|L1|S88,field,MATCHED,D2:wor:1-88,6.2454
CG6-0640,185,206,89,2026-01-17,11:12:33,3393.29,1,0.016,0.0021,3392.81,1.1,-0.7,3.9097,-0.0162,0.0001,0.4927,0,60,0,25.3278,34.6252,149.4,24.8106,34.8574,204.6,11011,,2026-01-17 11:12:33,000000024110640,611,0,-0.0163618,-0.015062,0.00113796,3393.29,,,True,CG6-0640|2026-01-17|L1|S89,field,MATCHED,D2:wor:1-89,1.85247
CG6-0640,186,207,90,2026-01-17,11:16:23,3393.23,1,0.0124,0.0016,3392.75,-1.7,-5.1,3.9102,-0.0179,0.0003,0.4926,0,60,0,25.3278,34.6252,149.4,24.8111,34.8552,204.3,11011,,2026-01-17 11:16:23,000000024110640,612,0.0001,-0.0181258,-0.0168612,0.00103884,3393.23,,,True,CG6-0640|2026-01-17|L1|S90,field,MATCHED,D2:wor:1-90,5.70142
CG6-0640,187,208,100,2026-01-17,11:44:23,3407.04,0,0.009,0.0012,3406.58,5.2,-2.2,3.9051,-0.0314,0.0004,0.4921,0,60,0,25.3278,34.6252,149.4,24.7868,34.9338,108.7,11011,,2026-01-17 11:44:23,000000024110640,613,0.0001,-0.0315886,-0.0306889,0.000711148,3407.04,,,True,CG6-0640|2026-01-17|L0|S100,field_base_100,MATCHED,D2:wor:Base100,7.63911
CG6-0640,188,209,100,2026-01-17,11:45:23,3407.04,0,0.0205,0.0026,3406.58,9.3,-6,3.909,-0.0319,0.0014,0.4924,0,60,0,25.3278,34.6252,149.4,24.7868,34.9338,108.7,11011,,2026-01-17 11:45:23,000000024110640,613,0.0001,-0.0320809,-0.0311912,0.000708817,3407.04,,,True,CG6-0640|2026-01-17|L0|S100,field_base_100,MATCHED,D2:wor:Base100,7.63911
CG6-0640,189,210,100,2026-01-17,11:46:23,3407.04,0,0.0101,0.0013,3406.58,12.7,-7.9,3.9129,-0.0324,0.0026,0.493,0,60,0,25.3278,34.6252,149.4,24.7868,34.9338,108.4,11011,,2026-01-17 11:46:23,000000024110640,613,4.54747e-13,-0.0325735,-0.0316938,0.000706189,3407.04,,,True,CG6-0640|2026-01-17|L0|S100,field_base_100,MATCHED,D2:wor:Base100,7.63911
CG6-0640,190,211,100,2026-01-17,11:47:23,3407.04,0,0.0123,0.0016,3406.58,14.6,-9.1,3.9151,-0.0329,0.0034,0.4931,0,60,0,25.3278,34.6252,149.4,24.7868,34.9338,108.4,11011,,2026-01-17 11:47:23,000000024110640,613,0.0001,-0.0330664,-0.0321967,0.000703314,3407.04,,,True,CG6-0640|2026-01-17|L0|S100,field_base_100,MATCHED,D2:wor:Base100,7.63911
CG6-0640,191,212,91,2026-01-17,12:16:53,3392.87,1,0.0121,0.0016,3392.43,5.8,4.1,3.9005,-0.0473,0.0006,0.4915,0,60,0,25.3278,34.6252,149.4,24.8121,34.8528,201.7,11011,,2026-01-17 12:16:53,000000024110640,614,0,-0.0475003,-0.0468027,0.00049727,3392.87,,,True,CG6-0640|2026-01-17|L1|S91,field,MATCHED,D2:wor:1-91,6.69178
CG6-0640,192,213,92,2026-01-17,12:21:27,3392.64,1,0.0088,0.0011,3392.19,-4.9,-11.1,3.9071,-0.0495,0.0017,0.4924,0,60,0,25.3278,34.6252,149.4,24.8131,34.852,202.7,11011,,2026-01-17 12:21:27,000000024110640,615,0,-0.0496722,-0.0490142,0.000485774,3392.64,,,True,CG6-0640|2026-01-17|L1|S92,field,MATCHED,D2:wor:1-92,4.1281
CG6-0640,193,214,93,2026-01-17,12:25:31,3392.91,1,0.0248,0.0032,3392.47,-6,-7.7,3.909,-0.0514,0.0011,0.4927,0,60,0,25.3278,34.6252,149.4,24.8138,34.85,201.1,11011,,2026-01-17 12:25:31,000000024110640,616,0,-0.0515813,-0.0509552,0.000444759,3392.91,,,True,CG6-0640|2026-01-17|L1|S93,field,MATCHED,D2:wor:1-93,5.09303
CG6-0640,194,215,94,2026-01-17,12:30:16,3392.55,1,0.0173,0.0022,3392.11,6,-8.1,3.906,-0.0536,0.0014,0.4923,0,60,0,25.3278,34.6252,149.4,24.8123,34.8477,193.9,11011,,2026-01-17 12:30:16,000000024110640,617,4.54747e-13,-0.0537769,-0.0531827,0.000417346,3392.55,,,True,CG6-0640|2026-01-17|L1|S94,field,MATCHED,D2:wor:1-94,5.81706
CG6-0640,195,216,95,2026-01-17,12:34:34,3392.23,1,0.0151,0.002,3391.79,-2.9,-0.2,3.9101,-0.0555,0.0001,0.4927,0,60,0,25.3278,34.6252,149.4,24.8116,34.8466,199.2,11011,,2026-01-17 12:34:34,000000024110640,618,-0.0001,-0.0557286,-0.0551658,0.00033417,3392.23,,,True,CG6-0640|2026-01-17|L1|S95,field,MATCHED,D2:wor:1-95,5.04635
CG6-0640,196,217,96,2026-01-17,12:38:46,3391.62,1,0.0096,0.0012,3391.18,1.4,-9.9,3.9105,-0.0574,0.0012,0.4927,0,60,0,25.3278,34.6252,149.4,24.8101,34.8457,211.5,11011,,2026-01-17 12:38:46,000000024110640,619,-0.0001,-0.0575983,-0.0570644,0.000335618,3391.62,,,True,CG6-0640|2026-01-17|L1|S96,field,MATCHED,D2:wor:1-96,11.6571
CG6-0640,197,218,97,2026-01-17,12:42:18,3391.35,1,0.0144,0.0019,3390.92,-5.5,-10.6,3.9094,-0.059,0.0017,0.4927,0,60,0,25.3278,34.6252,149.4,24.8081,34.8458,210.3,11011,,2026-01-17 12:42:18,000000024110640,620,0.0001,-0.0591405,-0.058631,0.000369025,3391.35,,,True,CG6-0640|2026-01-17|L1|S97,field,MATCHED,D2:wor:1-97,11.3281
CG6-0640,198,219,98,2026-01-17,12:46:00,3390.73,1,0.0162,0.0021,3390.3,3.2,3.4,3.9094,-0.0605,0.0003,0.4926,0,60,0,25.3278,34.6252,149.4,24.8064,34.8455,211.1,11011,,2026-01-17 12:46:00,000000024110640,621,-0.0001,-0.0607231,-0.0602389,0.000261141,3390.73,,,True,CG6-0640|2026-01-17|L1|S98,field,MATCHED,D2:wor:1-98,10.9491
CG6-0640,199,220,99,2026-01-17,12:50:03,3390.43,1,0.0163,0.0021,3390,-0.7,-15.5,3.9148,-0.0622,0.0028,0.4932,0,60,0,25.3278,34.6252,149.4,24.8048,34.8448,222.6,11011,,2026-01-17 12:50:03,000000024110640,622,-4.54747e-13,-0.0624146,-0.0619572,0.000242752,3390.43,,,True,CG6-0640|2026-01-17|L1|S99,field,MATCHED,D2:wor:1-99,8.94078
CG6-0640,200,221,100,2026-01-17,12:54:22,3389.94,1,0.0199,0.0026,3389.51,5.1,0.6,3.9106,-0.064,0.0003,0.4928,0,60,0,25.3278,34.6252,149.4,24.8037,34.8433,215.7,11011,,2026-01-17 12:54:22,000000024110640,623,0.0001,-0.0641674,-0.0637378,0.000262189,3389.94,,,True,CG6-0640|2026-01-17|L1|S100,field,MATCHED,D2:wor:1-100,10.3463
CG6-0640,201,222,101,2026-01-17,12:58:19,3389.53,1,0.0232,0.003,3389.1,-0.7,-1.9,3.9095,-0.0656,0.0001,0.4927,0,60,0,25.3278,34.6252,149.4,24.8022,34.8422,216.8,11011,,2026-01-17 12:58:19,000000024110640,624,-4.54747e-13,-0.065723,-0.0653181,0.000281857,3389.53,,,True,CG6-0640|2026-01-17|L1|S101,field,MATCHED,D2:wor:1-101,8.68931
CG6-0640,202,223,102,2026-01-17,13:02:22,3389.1,1,0.0115,0.0015,3388.67,-3,-3.5,3.9048,-0.0671,0.0003,0.492,0,60,0,25.3278,34.6252,149.4,24.8008,34.8406,228.1,11011,,2026-01-17 13:02:22,000000024110640,625,0,-0.0672671,-0.0668866,0.000213435,3389.1,,,True,CG6-0640|2026-01-17|L1|S102,field,MATCHED,D2:wor:1-102,11.5587
CG6-0640,203,224,103,2026-01-17,13:06:10,3388.54,1,0.0211,0.0027,3388.11,-2.5,-8.7,3.9007,-0.0685,0.001,0.4915,0,60,0,25.3278,34.6252,149.4,24.7996,34.8389,227.1,11011,,2026-01-17 13:06:10,000000024110640,626,0,-0.0686665,-0.0683083,0.000191678,3388.54,,,True,CG6-0640|2026-01-17|L1|S103,field,MATCHED,D2:wor:1-103,11.4782
CG6-0640,204,225,104,2026-01-17,13:15:35,3387.98,1,0.0113,0.0015,3387.57,-3.6,-8,3.8926,-0.0718,0.0009,0.4905,0,60,0,25.3278,34.6252,149.4,24.798,34.8374,235.7,11011,,2026-01-17 13:15:35,000000024110640,627,0.0001,-0.0719132,-0.0716136,0.000186426,3387.98,,,True,CG6-0640|2026-01-17|L1|S104,field,MATCHED,D2:wor:1-104,8.03462
CG6-0640,205,226,105,2026-01-17,13:19:16,3387.6,1,0.0129,0.0017,3387.19,3.8,-1,3.8937,-0.073,0.0002,0.4906,0,60,0,25.3278,34.6252,149.4,24.7969,34.8362,228.7,11011,,2026-01-17 13:19:16,000000024110640,628,-4.54747e-13,-0.0730919,-0.072813,0.000187031,3387.6,,,True,CG6-0640|2026-01-17|L1|S105,field,MATCHED,D2:wor:1-105,6.05645
CG6-0640,206,227,106,2026-01-17,13:22:56,3387.16,1,0.0093,0.0012,3386.74,-4.6,-0.7,3.8991,-0.0741,0.0003,0.4913,0,60,0,25.3278,34.6252,149.4,24.7961,34.8348,233,11011,,2026-01-17 13:22:56,000000024110640,629,-4.54747e-13,-0.0742113,-0.0739525,0.000147535,3387.16,,,True,CG6-0640|2026-01-17|L1|S106,field,UNMATCHED_GT_30M,D2:wor:1-105,164.356
CG6-0640,207,228,107,2026-01-17,13:26:50,3386.58,1,0.0212,0.0027,3386.16,5.6,-2.4,3.897,-0.0752,0.0005,0.491,0,60,0,25.3278,34.6252,149.4,24.7951,34.8328,249.8,11011,,2026-01-17 13:26:50,000000024110640,630,4.54747e-13,-0.0753407,-0.075102,9.79829e-05,3386.58,,,True,CG6-0640|2026-01-17|L1|S107,field,MATCHED,D2:wor:1-107,9.3766
CG6-0640,208,229,108,2026-01-17,13:30:24,3385.9,1,0.0145,0.0019,3385.48,3,-4.1,3.8961,-0.0762,0.0004,0.4908,0,60,0,25.3278,34.6252,149.4,24.7948,34.8309,244,11011,,2026-01-17 13:30:24,000000024110640,631,0,-0.0763165,-0.0760963,0.000103655,3385.9,,,True,CG6-0640|2026-01-17|L1|S108,field,MATCHED,D2:wor:1-108,6.27093
CG6-0640,209,230,109,2026-01-17,13:34:19,3385.29,1,0.0103,0.0013,3384.88,3.1,-4.5,3.8917,-0.0772,0.0004,0.4905,0,60,0,25.3278,34.6252,149.4,24.7948,34.8287,249.8,11011,,2026-01-17 13:34:19,000000024110640,632,4.54747e-13,-0.0773232,-0.077123,7.70378e-05,3385.29,,,True,CG6-0640|2026-01-17|L1|S109,field,MATCHED,D2:wor:1-109,4.0476
CG6-0640,210,231,110,2026-01-17,13:38:10,3384.69,1,0.0132,0.0017,3384.28,1.6,-5.4,3.8845,-0.0781,0.0004,0.4895,0,60,0,25.3278,34.6252,149.4,24.795,34.8267,242.8,11011,,2026-01-17 13:38:10,000000024110640,633,0,-0.0782446,-0.0780639,3.61283e-05,3384.69,,,True,CG6-0640|2026-01-17|L1|S110,field,MATCHED,D2:wor:1-110,2.85164
CG6-0640,211,232,100,2026-01-17,14:16:31,3407.03,0,0.0155,0.002,3406.62,-1,-5.5,3.9026,-0.0833,0.0004,0.4918,0,60,0,25.3278,34.6252,149.4,24.7868,34.9338,86.7,11011,,2026-01-17 14:16:31,000000024110640,634,-0.0001,-0.0833498,-0.0833445,-4.44786e-05,3407.03,,,True,CG6-0640|2026-01-17|L0|S100,field_base_100,MATCHED,D2:wor:Base100,6.38978
CG6-0640,212,233,100,2026-01-17,14:17:31,3407.03,0,0.0132,0.0017,3406.62,-0.1,-8.2,3.9078,-0.0834,0.0008,0.4925,0,60,0,25.3278,34.6252,149.4,24.7868,34.9338,86.7,11011,,2026-01-17 14:17:31,000000024110640,634,0.0001,-0.0833762,-0.0833716,2.83786e-05,3407.03,,,True,CG6-0640|2026-01-17|L0|S100,field_base_100,MATCHED,D2:wor:Base100,6.38978
CG6-0640,213,234,100,2026-01-17,14:18:31,3407.03,0,0.0245,0.0032,3406.62,1.2,-8.6,3.9111,-0.0834,0.0009,0.4928,0,60,0,25.3278,34.6252,149.4,24.7868,34.9338,86.7,11011,,2026-01-17 14:18:31,000000024110640,634,-0.0001,-0.083397,-0.083393,7.03294e-06,3407.03,,,True,CG6-0640|2026-01-17|L0|S100,field_base_100,MATCHED,D2:wor:Base100,6.38978
CG6-0640,214,235,100,2026-01-17,14:19:31,3407.03,0,0.0282,0.0036,3406.62,1.4,-10.3,3.9135,-0.0834,0.0012,0.4931,0,60,0,25.3278,34.6252,149.4,24.7868,34.9338,86.7,11011,,2026-01-17 14:19:31,000000024110640,634,-4.54747e-13,-0.0834119,-0.0834085,-8.49695e-06,3407.03,,,True,CG6-0640|2026-01-17|L0|S100,field_base_100,MATCHED,D2:wor:Base100,6.38978
CG6-0640,215,236,0,2026-01-17,16:02:03,3473.09,0,0.0108,0.0014,3472.65,-1,-1.1,3.9283,-0.0533,0,0.495,0,60,0,25.3278,34.6252,149.4,25.0669,34.8777,23,11011,,2026-01-17 16:02:03,000000024110640,635,0.0001,-0.0530465,-0.0526709,0.00062907,3473.09,,,True,CG6-0640|2026-01-17|L0|S0,hotel_base_0,MATCHED,D2:wor:Base1,16.3292
CG6-0640,216,237,0,2026-01-17,16:03:03,3473.1,0,0.0058,0.0007,3472.65,-3.2,-2,3.9296,-0.0527,0.0002,0.4952,0,60,0,25.3278,34.6252,149.4,25.0669,34.8777,23,11011,,2026-01-17 16:03:03,000000024110640,635,4.54747e-13,-0.0524464,-0.0520664,0.000633591,3473.1,,,True,CG6-0640|2026-01-17|L0|S0,hotel_base_0,MATCHED,D2:wor:Base1,16.3292
CG6-0640,217,238,0,2026-01-17,16:04:03,3473.1,0,0.0099,0.0013,3472.65,-4.6,-2.8,3.927,-0.0521,0.0004,0.4946,0,60,0,25.3278,34.6252,149.4,25.0669,34.8777,24.4,11011,,2026-01-17 16:04:03,000000024110640,635,0,-0.051841,-0.0514566,0.000643442,3473.1,,,True,CG6-0640|2026-01-17|L0|S0,hotel_base_0,MATCHED,D2:wor:Base1,16.3292
CG6-0640,218,239,0,2026-01-17,16:05:03,3473.1,0,0.0065,0.0008,3472.65,-5.5,-3,3.926,-0.0515,0.0004,0.4947,0,60,0,25.3278,34.6252,149.4,25.0669,34.8777,24.4,11011,,2026-01-17 16:05:03,000000024110640,635,0,-0.0512302,-0.0508414,0.000658598,3473.1,,,True,CG6-0640|2026-01-17|L0|S0,hotel_base_0,MATCHED,D2:wor:Base1,16.3292
CG6-0640,219,240,0,2026-01-18,03:48:13,3473.09,0,0.0058,0.0007,3472.68,3.6,6.2,3.8977,-0.0841,0.0006,0.4912,0,60,0,25.3278,34.6252,149.4,25.067,34.8777,19.8,11011,,2026-01-18 03:48:13,000000024110640,636,0.0001,-0.0841542,-0.0845015,-0.000401463,3473.09,,,True,CG6-0640|2026-01-18|L0|S0,hotel_base_0,MATCHED,D3:wor:Base0,24.4769
CG6-0640,220,241,0,2026-01-18,03:49:13,3473.09,0,0.0067,0.0009,3472.68,5,6.9,3.8981,-0.0843,0.0008,0.4912,0,60,0,25.3278,34.6252,149.4,25.067,34.8777,19.7,11011,,2026-01-18 03:49:13,000000024110640,636,0.0001,-0.084385,-0.0847226,-0.000422608,3473.09,,,True,CG6-0640|2026-01-18|L0|S0,hotel_base_0,MATCHED,D3:wor:Base0,24.4769
CG6-0640,221,242,0,2026-01-18,03:50:13,3473.09,0,0.0057,0.0007,3472.68,5.5,6.8,3.8965,-0.0845,0.0009,0.491,0,60,0,25.3278,34.6252,149.4,25.067,34.8777,19.7,11011,,2026-01-18 03:50:13,000000024110640,636,0,-0.0846092,-0.0849372,-0.000437167,3473.09,,,True,CG6-0640|2026-01-18|L0|S0,hotel_base_0,MATCHED,D3:wor:Base0,24.4769
CG6-0640,222,243,0,2026-01-18,03:51:13,3473.09,0,0.009,0.0012,3472.68,5.6,6.8,3.8934,-0.0847,0.0009,0.4905,0,60,0,25.3278,34.6252,149.4,25.067,34.8777,19.7,11011,,2026-01-18 03:51:13,000000024110640,636,0,-0.0848269,-0.0851451,-0.000445146,3473.09,,,True,CG6-0640|2026-01-18|L0|S0,hotel_base_0,MATCHED,D3:wor:Base0,24.4769
CG6-0640,223,244,100,2026-01-18,06:04:14,3407.03,0,0.0086,0.0011,3406.6,-7.4,-2.7,3.8895,-0.0616,0.0007,0.4901,0,60,0,25.3278,34.6252,149.4,24.7868,34.9338,99.4,11011,,2026-01-18 06:04:14,000000024110640,637,0,-0.061371,-0.0597681,0.00183191,3407.03,,,True,CG6-0640|2026-01-18|L0|S100,field_base_100,MATCHED,D3:wor:Base100,1.12243
CG6-0640,224,245,100,2026-01-18,06:05:14,3407.03,0,0.0071,0.0009,3406.6,-7.9,-4.5,3.8927,-0.0611,0.001,0.4905,0,60,0,25.3278,34.6252,149.4,24.7868,34.9338,99.4,11011,,2026-01-18 06:05:14,000000024110640,637,-0.0001,-0.0608879,-0.0592708,0.00182924,3407.03,,,True,CG6-0640|2026-01-18|L0|S100,field_base_100,MATCHED,D3:wor:Base100,1.12243
CG6-0640,225,246,100,2026-01-18,06:06:14,3407.03,0,0.0066,0.0009,3406.6,-8.1,-6,3.8933,-0.0606,0.0012,0.4906,0,60,0,25.3278,34.6252,149.4,24.7868,34.9338,99.4,11011,,2026-01-18 06:06:14,000000024110640,637,-4.54747e-13,-0.0604021,-0.0587707,0.00182926,3407.03,,,True,CG6-0640|2026-01-18|L0|S100,field_base_100,MATCHED,D3:wor:Base100,1.12243
CG6-0640,226,247,100,2026-01-18,06:07:14,3407.03,0,0.0101,0.0013,3406.6,-7.8,-7.9,3.8938,-0.0602,0.0014,0.4906,0,60,0,25.3278,34.6252,149.4,24.7868,34.9338,99.4,11011,,2026-01-18 06:07:14,000000024110640,637,0.0001,-0.0599135,-0.0582681,0.00193192,3407.03,,,True,CG6-0640|2026-01-18|L0|S100,field_base_100,MATCHED,D3:wor:Base100,1.12243
CG6-0640,227,248,111,2026-01-18,06:49:28,3384.11,1,0.0325,0.0042,3383.66,6.3,-1.5,3.8463,-0.0378,0.0005,0.4847,0,60,0,25.3278,34.6252,149.4,24.7943,34.8245,249.1,11011,,2026-01-18 06:49:28,000000024110640,638,0,-0.0375041,-0.0355991,0.00220087,3384.11,,,True,CG6-0640|2026-01-18|L1|S111,field,MATCHED,D3:wor:1-111,1.50586
CG6-0640,228,249,112,2026-01-18,06:59:54,3383.67,1,0.0279,0.0036,3383.21,7,-14.1,3.8317,-0.032,0.0029,0.4828,0,60,0,25.3278,34.6252,149.4,24.7937,34.8232,250.6,11011,,2026-01-18 06:59:54,000000024110640,639,0.0001,-0.0316905,-0.0296798,0.00232024,3383.67,,,True,CG6-0640|2026-01-18|L1|S112,field,MATCHED,D3:wor:1-112,2.42892
CG6-0640,229,250,113,2026-01-18,07:03:51,3383.18,1,0.0145,0.0019,3382.73,7.2,-10,3.8391,-0.0298,0.0018,0.4838,0,60,0,25.3278,34.6252,149.4,24.7936,34.8205,245.8,11011,,2026-01-18 07:03:51,000000024110640,640,0,-0.0294891,-0.0274457,0.00235426,3383.19,,,True,CG6-0640|2026-01-18|L1|S113,field,MATCHED,D3:wor:1-113,2.19725
CG6-0640,230,251,114,2026-01-18,07:07:31,3382.62,1,0.0118,0.0015,3382.17,-0.8,-8.1,3.8464,-0.0277,0.0008,0.4847,0,60,0,25.3278,34.6252,149.4,24.7936,34.8187,250.7,11011,,2026-01-18 07:07:31,000000024110640,641,4.54747e-13,-0.0274499,-0.0253758,0.00232421,3382.63,,,True,CG6-0640|2026-01-18|L1|S114,field,MATCHED,D3:wor:1-114,2.57559
CG6-0640,231,252,115,2026-01-18,07:11:13,3381.99,1,0.0243,0.0031,3381.53,-7.6,-8.2,3.853,-0.0257,0.0015,0.4855,0,60,0,25.3278,34.6252,149.4,24.7937,34.8166,251.3,11011,,2026-01-18 07:11:13,000000024110640,642,4.54747e-13,-0.0253989,-0.0232957,0.00240426,3381.99,,,True,CG6-0640|2026-01-18|L1|S115,field,MATCHED,D3:wor:1-115,1.65396
CG6-0640,232,253,116,2026-01-18,07:15:37,3381.03,1,0.0085,0.0011,3380.57,1.4,-6.6,3.8485,-0.0232,0.0006,0.4851,0,60,0,25.3278,34.6252,149.4,24.7938,34.8145,252.4,11011,,2026-01-18 07:15:37,000000024110640,643,4.54747e-13,-0.0229725,-0.0208353,0.00236474,3381.03,,,True,CG6-0640|2026-01-18|L1|S116,field,MATCHED,D3:wor:1-116,2.8046
CG6-0640,233,254,117,2026-01-18,07:19:48,3380.48,1,0.0082,0.0011,3380.02,-1.6,4.8,3.8511,-0.0209,0.0004,0.4853,0,60,0,25.3278,34.6252,149.4,24.7946,34.8124,263.6,11011,,2026-01-18 07:19:48,000000024110640,644,-0.0001,-0.0206821,-0.0185158,0.00238419,3380.48,,,True,CG6-0640|2026-01-18|L1|S117,field,MATCHED,D3:wor:1-117,3.13063
CG6-0640,234,255,118,2026-01-18,07:23:54,3380.03,1,0.0088,0.0011,3379.56,10.1,-2.1,3.8593,-0.0187,0.0013,0.4862,0,60,0,25.3278,34.6252,149.4,24.7949,34.8108,263.3,11011,,2026-01-18 07:23:54,000000024110640,645,4.54747e-13,-0.0184564,-0.016261,0.00243905,3380.03,,,True,CG6-0640|2026-01-18|L1|S118,field,MATCHED,D3:wor:1-118,4.70325
CG6-0640,235,256,119,2026-01-18,07:26:53,3379.6,1,0.0114,0.0015,3379.13,2.2,5.9,3.8638,-0.0171,0.0005,0.4869,0,60,0,25.3278,34.6252,149.4,24.7955,34.8089,263.2,11011,,2026-01-18 07:26:53,000000024110640,646,0,-0.016851,-0.0146378,0.00246222,3379.6,,,True,CG6-0640|2026-01-18|L1|S119,field,MATCHED,D3:wor:1-119,6.67559
CG6-0640,236,257,120,2026-01-18,07:31:47,3378.44,1,0.0086,0.0011,3377.97,2.8,-1.9,3.8628,-0.0145,0.0002,0.4868,0,60,0,25.3278,34.6252,149.4,24.7959,34.8051,275.9,11011,,2026-01-18 07:31:47,000000024110640,647,-0.0001,-0.0142434,-0.0120023,0.00249772,3378.44,,,True,CG6-0640|2026-01-18|L1|S120,field,MATCHED,D3:wor:1-120,1.83161
CG6-0640,237,258,121,2026-01-18,07:35:42,3377.88,1,0.0162,0.0021,3377.41,-0.9,-6,3.8712,-0.0124,0.0005,0.4879,0,60,0,25.3278,34.6252,149.4,24.7965,34.8031,283.1,11011,,2026-01-18 07:35:42,000000024110640,648,-0.0001,-0.0121887,-0.00992505,0.00247495,3377.89,,,True,CG6-0640|2026-01-18|L1|S121,field,MATCHED,D3:wor:1-121,5.16564
CG6-0640,238,259,122,2026-01-18,07:39:12,3377.25,1,0.0117,0.0015,3376.78,0.3,8,3.8756,-0.0106,0.0008,0.4884,0,60,0,25.3278,34.6252,149.4,24.7971,34.8012,280.3,11011,,2026-01-18 07:39:12,000000024110640,649,-0.0001,-0.0103774,-0.00809516,0.00250484,3377.26,,,True,CG6-0640|2026-01-18|L1|S122,field,MATCHED,D3:wor:1-122,2.75632
CG6-0640,239,260,123,2026-01-18,07:43:35,3377.13,1,0.0448,0.0058,3376.65,11.3,-7.6,3.8743,-0.0084,0.0022,0.4883,0,60,0,25.3278,34.6252,149.4,24.7969,34.7993,280.9,11011,,2026-01-18 07:43:35,000000024110640,650,4.54747e-13,-0.00814528,-0.00583664,0.00256336,3377.14,,,True,CG6-0640|2026-01-18|L1|S123,field,MATCHED,D3:wor:1-123,1.67259
CG6-0640,240,261,124,2026-01-18,07:46:59,3376.69,1,0.0132,0.0017,3376.2,7.3,-6.6,3.8814,-0.0067,0.0012,0.4891,0,60,0,25.3278,34.6252,149.4,24.7973,34.7973,285.8,11011,,2026-01-18 07:46:59,000000024110640,651,0,-0.00644403,-0.00411907,0.00258093,3376.69,,,True,CG6-0640|2026-01-18|L1|S124,field,MATCHED,D3:wor:1-124,2.85791
CG6-0640,241,262,125,2026-01-18,07:50:22,3375.9,1,0.0088,0.0011,3375.41,-2.8,-8.9,3.8821,-0.005,0.0011,0.4892,0,60,0,25.3278,34.6252,149.4,24.798,34.7952,283.8,11011,,2026-01-18 07:50:22,000000024110640,652,0.0001,-0.00477921,-0.00244035,0.00255965,3375.9,,,True,CG6-0640|2026-01-18|L1|S125,field,MATCHED,D3:wor:1-125,4.34428
CG6-0640,242,263,126,2026-01-18,07:53:57,3375.54,1,0.0075,0.001,3375.05,-2.6,-3.1,3.8864,-0.0033,0.0002,0.4897,0,60,0,25.3278,34.6252,149.4,24.799,34.7939,288.5,11011,,2026-01-18 07:53:57,000000024110640,653,0.0001,-0.00304847,-0.000694706,0.00260529,3375.54,,,True,CG6-0640|2026-01-18|L1|S126,field,MATCHED,D3:wor:1-126,3.1205
CG6-0640,243,264,127,2026-01-18,07:58:12,3375.13,1,0.0132,0.0017,3374.64,-2.1,-9.7,3.8872,-0.0013,0.0012,0.4899,0,60,0,25.3278,34.6252,149.4,24.8,34.7922,292.9,11011,,2026-01-18 07:58:12,000000024110640,654,-0.0001,-0.00104183,0.00132826,0.00262826,3375.13,,,True,CG6-0640|2026-01-18|L1|S127,field,MATCHED,D3:wor:1-127,2.88001
CG6-0640,244,265,128,2026-01-18,08:01:40,3374.49,1,0.0189,0.0024,3374,2.4,-9.7,3.8889,0.0003,0.0012,0.49,0,60,0,25.3278,34.6252,149.4,24.8017,34.7913,302,11011,,2026-01-18 08:01:40,000000024110640,655,0.0001,0.000555743,0.00293573,0.00263573,3374.5,,,True,CG6-0640|2026-01-18|L1|S128,field,MATCHED,D3:wor:1-128,5.86369
CG6-0640,245,266,129,2026-01-18,08:05:51,3373.92,1,0.0075,0.001,3373.43,12.2,-2.3,3.8879,0.0022,0.0019,0.4899,0,60,0,25.3278,34.6252,149.4,24.8036,34.791,302.1,11011,,2026-01-18 08:05:51,000000024110640,656,0,0.00243401,0.00482607,0.00262607,3373.93,,,True,CG6-0640|2026-01-18|L1|S129,field,MATCHED,D3:wor:1-129,4.36911
CG6-0640,246,267,130,2026-01-18,08:09:40,3373.75,1,0.0088,0.0011,3373.25,5,-9.1,3.8893,0.0039,0.0013,0.4901,0,60,0,25.3278,34.6252,149.4,24.8051,34.7908,304.7,11011,,2026-01-18 08:09:40,000000024110640,657,-0.0001,0.00409796,0.0065008,0.0026008,3373.75,,,True,CG6-0640|2026-01-18|L1|S130,field,MATCHED,D3:wor:1-130,4.79068
CG6-0640,247,268,131,2026-01-18,08:13:04,3373.21,1,0.0155,0.002,3372.71,4.2,1.4,3.8915,0.0053,0.0003,0.4904,0,60,0,25.3278,34.6252,149.4,24.8065,34.7893,309.2,11011,,2026-01-18 08:13:04,000000024110640,658,0,0.00553848,0.00794745,0.00264745,3373.21,,,True,CG6-0640|2026-01-18|L1|S131,field,MATCHED,D3:wor:1-131,4.91199
CG6-0640,248,269,132,2026-01-18,08:16:30,3372.8,1,0.0089,0.0011,3372.3,0.3,-9.7,3.89,0.0068,0.0012,0.4902,0,60,0,25.3278,34.6252,149.4,24.8083,34.7888,307,11011,,2026-01-18 08:16:30,000000024110640,659,-0.0001,0.00695155,0.00936554,0.00256554,3372.8,,,True,CG6-0640|2026-01-18|L1|S132,field,MATCHED,D3:wor:1-132,4.17127
CG6-0640,249,270,133,2026-01-18,08:19:58,3372.59,1,0.0186,0.0024,3372.09,0.6,-13.8,3.8901,0.0081,0.0023,0.4901,0,60,0,25.3278,34.6252,149.4,24.8097,34.7877,305.3,11011,,2026-01-18 08:19:58,000000024110640,660,0,0.00833445,0.010753,0.002653,3372.6,,,True,CG6-0640|2026-01-18|L1|S133,field,MATCHED,D3:wor:1-133,3.03639
CG6-0640,250,271,134,2026-01-18,08:23:32,3371.94,1,0.0094,0.0012,3371.44,14,-6.4,3.8857,0.0095,0.0028,0.4897,0,60,0,25.3278,34.6252,149.4,24.8112,34.7863,313.7,11011,,2026-01-18 08:23:32,000000024110640,661,-4.54747e-13,0.0097096,0.0121317,0.00263166,3371.95,,,True,CG6-0640|2026-01-18|L1|S134,field,MATCHED,D3:wor:1-134,1.93824
CG6-0640,251,272,135,2026-01-18,08:26:56,3371.29,1,0.014,0.0018,3370.79,-7.6,-11.9,3.8872,0.0108,0.0023,0.4897,0,60,0,25.3278,34.6252,149.4,24.8118,34.7844,309.6,11011,,2026-01-18 08:26:56,000000024110640,662,-4.54747e-13,0.0109741,0.0134007,0.00260068,3371.29,,,True,CG6-0640|2026-01-18|L1|S135,field,MATCHED,D3:wor:1-135,4.5054
CG6-0640,252,273,136,2026-01-18,08:30:32,3370.56,1,0.0065,0.0008,3370.06,-5.3,7.3,3.8893,0.0121,0.001,0.4901,0,60,0,25.3278,34.6252,149.4,24.8128,34.7825,313.2,11011,,2026-01-18 08:30:32,000000024110640,663,-0.0001,0.0122621,0.0146915,0.00259151,3370.56,,,True,CG6-0640|2026-01-18|L1|S136,field,MATCHED,D3:wor:1-136,2.62567
CG6-0640,253,274,137,2026-01-18,08:33:39,3370.31,1,0.0108,0.0014,3369.8,14.6,-1.8,3.8927,0.0132,0.0026,0.4906,0,60,0,25.3278,34.6252,149.4,24.8137,34.7812,314,11011,,2026-01-18 08:33:39,000000024110640,664,0,0.0133337,0.0157647,0.00256469,3370.31,,,True,CG6-0640|2026-01-18|L1|S137,field,MATCHED,D3:wor:1-137,1.74447
CG6-0640,254,275,138,2026-01-18,08:36:57,3369.77,1,0.0078,0.001,3369.27,6.2,1.5,3.8988,0.0143,0.0005,0.4912,0,60,0,25.3278,34.6252,149.4,24.8148,34.7795,317.8,11011,,2026-01-18 08:36:57,000000024110640,665,0,0.0144234,0.0168547,0.00255465,3369.78,,,True,CG6-0640|2026-01-18|L1|S138,field,MATCHED,D3:wor:1-138,5.57394
CG6-0640,255,276,139,2026-01-18,08:40:25,3369.39,1,0.0124,0.0016,3368.89,-1.4,1.6,3.902,0.0154,0.0001,0.4916,0,60,0,25.3278,34.6252,149.4,24.8159,34.7782,317.6,11011,,2026-01-18 08:40:25,000000024110640,666,0,0.0155171,0.0179483,0.00254832,3369.4,,,True,CG6-0640|2026-01-18|L1|S139,field,MATCHED,D3:wor:1-139,6.0981
CG6-0640,256,277,140,2026-01-18,08:43:54,3368.95,1,0.0112,0.0015,3368.44,14.6,-3.7,3.9061,0.0164,0.0027,0.4923,0,60,0,25.3278,34.6252,149.4,24.8177,34.777,328.5,11011,,2026-01-18 08:43:54,000000024110640,667,0,0.0165622,0.0189895,0.00258951,3368.96,,,True,CG6-0640|2026-01-18|L1|S140,field,MATCHED,D3:wor:1-140,3.57915
CG6-0640,257,278,141,2026-01-18,08:47:16,3368.8,1,0.0124,0.0016,3368.29,15.2,-17.7,3.9066,0.0174,0.0066,0.4923,0,60,0,25.3278,34.6252,149.4,24.8189,34.7755,321.9,11011,,2026-01-18 08:47:16,000000024110640,668,-0.0001,0.01752,0.0199442,0.00254424,3368.81,,,True,CG6-0640|2026-01-18|L1|S141,field,MATCHED,D3:wor:1-141,5.39075
CG6-0640,258,279,142,2026-01-18,08:51:38,3368.04,1,0.0088,0.0011,3367.53,3.6,-6.7,3.904,0.0186,0.0007,0.4919,0,60,0,25.3278,34.6252,149.4,24.8208,34.7733,326.5,11011,,2026-01-18 08:51:38,000000024110640,669,-0.0001,0.0186839,0.0211017,0.00250168,3368.05,,,True,CG6-0640|2026-01-18|L1|S142,field,MATCHED,D3:wor:1-142,3.37405
CG6-0640,259,280,143,2026-01-18,08:55:39,3367.63,1,0.0097,0.0012,3367.11,1,-6.2,3.9031,0.0196,0.0005,0.4918,0,60,0,25.3278,34.6252,149.4,24.8222,34.7724,335.8,11011,,2026-01-18 08:55:39,000000024110640,670,0,0.0196749,0.0220879,0.00248793,3367.63,,,True,CG6-0640|2026-01-18|L1|S143,field,MATCHED,D3:wor:1-143,3.78141
CG6-0640,260,281,144,2026-01-18,08:58:50,3367.11,1,0.05,0.0065,3366.59,-2.7,-8.5,3.9023,0.0203,0.001,0.4917,0,60,0,25.3278,34.6252,149.4,24.8232,34.7704,337.9,11011,,2026-01-18 08:58:50,000000024110640,671,-4.54747e-13,0.0204051,0.0228132,0.00251322,3367.11,,,True,CG6-0640|2026-01-18|L1|S144,field,MATCHED,D3:wor:1-144,3.03832
CG6-0640,261,282,145,2026-01-18,09:02:25,3366.76,1,0.0104,0.0013,3366.24,5.4,-5.8,3.9037,0.0211,0.0008,0.4918,0,60,0,25.3278,34.6252,149.4,24.8244,34.7686,344.6,11011,,2026-01-18 09:02:25,000000024110640,672,4.54747e-13,0.0211678,0.0235693,0.0024693,3366.76,,,True,CG6-0640|2026-01-18|L1|S145,field,MATCHED,D3:wor:1-145,1.6052
CG6-0640,262,283,146,2026-01-18,09:05:44,3366.64,1,0.0119,0.0015,3366.13,2.1,-9,3.9055,0.0217,0.001,0.4922,0,60,0,25.3278,34.6252,149.4,24.8258,34.7676,338,11011,,2026-01-18 09:05:44,000000024110640,673,0,0.021817,0.0242107,0.00251066,3366.65,,,True,CG6-0640|2026-01-18|L1|S146,field,MATCHED,D3:wor:1-146,6.26784
CG6-0640,263,284,147,2026-01-18,09:10:13,3366.27,1,0.007,0.0009,3365.75,-7.2,-3.6,3.9062,0.0225,0.0008,0.4922,0,60,0,25.3278,34.6252,149.4,24.8268,34.7653,337.3,11011,,2026-01-18 09:10:13,000000024110640,674,0,0.0226067,0.0249918,0.00249179,3366.27,,,True,CG6-0640|2026-01-18|L1|S147,field,MATCHED,D3:wor:1-147,2.8983
CG6-0640,264,285,148,2026-01-18,09:15:44,3365.81,1,0.022,0.0028,3365.29,6.5,-7,3.9056,0.0234,0.0011,0.4921,0,60,0,25.3278,34.6252,149.4,24.8277,34.7621,343,11011,,2026-01-18 09:15:44,000000024110640,675,4.54747e-13,0.0234379,0.0258124,0.00241245,3365.81,,,True,CG6-0640|2026-01-18|L1|S148,field,MATCHED,D3:wor:1-148,2.0442
CG6-0640,265,286,100,2026-01-18,10:01:49,3407.02,0,0.0072,0.0009,3406.5,3.6,-3.8,3.923,0.0242,0.0004,0.4943,0,60,0,25.3278,34.6252,149.4,24.7868,34.9338,94.1,11011,,2026-01-18 10:01:49,000000024110640,676,-0.0002,0.0241308,0.0264766,0.00227664,3407.02,,,True,CG6-0640|2026-01-18|L0|S100,field_base_100,MATCHED,D3:wor:Base100,6.33063
CG6-0640,266,287,100,2026-01-18,10:02:49,3407.02,0,0.0071,0.0009,3406.5,6.6,-5.9,3.9255,0.0241,0.0009,0.4946,0,60,0,25.3278,34.6252,149.4,24.7868,34.9338,94.1,11011,,2026-01-18 10:02:49,000000024110640,676,-4.54747e-13,0.0240212,0.0263585,0.00225855,3407.03,,,True,CG6-0640|2026-01-18|L0|S100,field_base_100,MATCHED,D3:wor:Base100,6.33063
CG6-0640,267,288,100,2026-01-18,10:03:49,3407.02,0,0.0059,0.0008,3406.5,8.8,-7.3,3.9274,0.0239,0.0015,0.4948,0,60,0,25.3278,34.6252,149.4,24.7868,34.9338,94.1,11011,,2026-01-18 10:03:49,000000024110640,676,0,0.0239064,0.0262352,0.00233517,3407.03,,,True,CG6-0640|2026-01-18|L0|S100,field_base_100,MATCHED,D3:wor:Base100,6.33063
CG6-0640,268,289,100,2026-01-18,10:04:49,3407.02,0,0.009,0.0012,3406.5,11.2,-7.3,3.929,0.0238,0.0021,0.495,0,60,0,25.3278,34.6252,149.4,24.7868,34.9338,94.1,11011,,2026-01-18 10:04:49,000000024110640,676,0.0001,0.0237864,0.0261065,0.0023065,3407.02,,,True,CG6-0640|2026-01-18|L0|S100,field_base_100,MATCHED,D3:wor:Base100,6.33063
CG6-0640,269,290,149,2026-01-18,10:33:52,3383.59,1,0.0116,0.0015,3383.08,-2.1,3.6,3.9104,0.0182,0.0002,0.4927,0,60,0,25.3278,34.6252,149.4,24.7935,34.8231,256.2,11011,,2026-01-18 10:33:52,000000024110640,677,0,0.0180862,0.0202274,0.00202741,3383.59,,,True,CG6-0640|2026-01-18|L1|S149,field,MATCHED,D3:wor:1-149,9.28447
CG6-0640,270,291,150,2026-01-18,10:39:19,3382.78,1,0.0144,0.0019,3382.27,7.9,5.8,3.9094,0.0167,0.0011,0.4925,0,60,0,25.3278,34.6252,149.4,24.792,34.8208,258.6,11011,,2026-01-18 10:39:19,000000024110640,678,0,0.01656,0.0186657,0.00196572,3382.78,,,True,CG6-0640|2026-01-18|L1|S150,field,MATCHED,D3:wor:1-150,9.41646
CG6-0640,271,292,151,2026-01-18,10:42:54,3382.1,1,0.0101,0.0013,3381.59,11.6,-4.6,3.9096,0.0156,0.0019,0.4929,0,60,0,25.3278,34.6252,149.4,24.7909,34.8191,246.8,11011,,2026-01-18 10:42:54,000000024110640,679,-4.54747e-13,0.0154825,0.0175647,0.00196466,3382.1,,,True,CG6-0640|2026-01-18|L1|S151,field,MATCHED,D3:wor:1-151,10.347
CG6-0640,272,293,152,2026-01-18,10:46:35,3380.92,1,0.0135,0.0017,3380.41,10.3,7.7,3.9154,0.0144,0.002,0.4935,0,60,0,25.3278,34.6252,149.4,24.789,34.8178,264.1,11011,,2026-01-18 10:46:35,000000024110640,680,0,0.0143152,0.0163757,0.00197573,3380.92,,,True,CG6-0640|2026-01-18|L1|S152,field,MATCHED,D3:wor:1-152,7.70331
CG6-0640,273,294,153,2026-01-18,10:50:33,3380.35,1,0.0113,0.0015,3379.84,4.9,-2.6,3.9243,0.0131,0.0004,0.4945,0,60,0,25.3278,34.6252,149.4,24.7876,34.8172,257.8,11011,,2026-01-18 10:50:33,000000024110640,681,4.54747e-13,0.012992,0.0150243,0.00192427,3380.35,,,True,CG6-0640|2026-01-18|L1|S153,field,MATCHED,D3:wor:1-153,8.45025
CG6-0640,274,295,154,2026-01-18,10:54:16,3379.74,1,0.0103,0.0013,3379.24,-2.6,-3.3,3.9223,0.0118,0.0002,0.4942,0,60,0,25.3278,34.6252,149.4,24.7863,34.8159,272.6,11011,,2026-01-18 10:54:16,000000024110640,682,0.0001,0.0116917,0.0136981,0.00189809,3379.74,,,True,CG6-0640|2026-01-18|L1|S154,field,MATCHED,D3:wor:1-154,5.23634
CG6-0640,275,296,155,2026-01-18,10:58:25,3379.19,1,0.031,0.004,3378.68,-7.4,-8.5,3.9199,0.0103,0.0015,0.494,0,60,0,25.3278,34.6252,149.4,24.7868,34.814,271.3,11011,,2026-01-18 10:58:25,000000024110640,683,0,0.0101724,0.0121416,0.00184156,3379.19,,,True,CG6-0640|2026-01-18|L1|S155,field,MATCHED_ID_TIEBREAK,D3:wor:1-155,6.4265
CG6-0640,276,297,156,2026-01-18,11:02:49,3378.61,1,0.0186,0.0024,3378.11,6.4,8.2,3.9175,0.0086,0.0014,0.4937,0,60,0,25.3278,34.6252,149.4,24.7876,34.8123,242.1,11011,,2026-01-18 11:02:49,000000024110640,684,-4.54747e-13,0.00848679,0.0104147,0.00181471,3378.61,,,True,CG6-0640|2026-01-18|L1|S156,field,MATCHED,D3:wor:1-156,9.13562
CG6-0640,277,298,157,2026-01-18,11:07:39,3377.59,1,0.0192,0.0025,3377.09,-4.6,5.1,3.9264,0.0067,0.0006,0.4947,0,60,0,25.3278,34.6252,149.4,24.7879,34.8101,250.3,11011,,2026-01-18 11:07:39,000000024110640,685,0,0.00654967,0.00843449,0.00173449,3377.59,,,True,CG6-0640|2026-01-18|L1|S157,field,MATCHED_ID_TIEBREAK,D3:wor:1-157,7.74462
CG6-0640,278,299,158,2026-01-18,11:11:18,3377.22,1,0.0098,0.0013,3376.72,0.6,-0.1,3.9254,0.0052,0.0001,0.4947,0,60,0,25.3278,34.6252,149.4,24.7862,34.8093,271.5,11011,,2026-01-18 11:11:18,000000024110640,686,-4.54747e-13,0.00502993,0.00688815,0.00168815,3377.22,,,True,CG6-0640|2026-01-18|L1|S158,field,MATCHED,D3:wor:10,6.93493
CG6-0640,279,300,159,2026-01-18,11:14:32,3376.5,1,0.0181,0.0023,3376,7.9,-8,3.9216,0.0038,0.0015,0.4941,0,60,0,25.3278,34.6252,149.4,24.7843,34.8097,270.7,11011,,2026-01-18 11:14:32,000000024110640,687,0.0001,0.00364442,0.00547781,0.00167781,3376.5,,,True,CG6-0640|2026-01-18|L1|S159,field,MATCHED,D3:wor:1-159,6.72905
CG6-0640,280,301,160,2026-01-18,11:17:46,3375.99,1,0.0103,0.0013,3375.5,0,-1.6,3.9241,0.0024,0,0.4946,0,60,0,25.3278,34.6252,149.4,24.7827,34.8102,269.1,11011,,2026-01-18 11:17:46,000000024110640,688,0,0.00222339,0.00403034,0.00163034,3376,,,True,CG6-0640|2026-01-18|L1|S160,field,MATCHED_ID_TIEBREAK,D3:wor:1-160,9.02533
CG6-0640,281,302,161,2026-01-18,11:22:07,3374.94,1,0.0187,0.0024,3374.45,3.8,0.7,3.9231,0.0004,0.0002,0.4942,0,60,0,25.3278,34.6252,149.4,24.7808,34.8102,291.3,11011,,2026-01-18 11:22:07,000000024110640,689,0.0001,0.000257949,0.00202895,0.00162895,3374.94,,,True,CG6-0640|2026-01-18|L1|S161,field,MATCHED,D3:wor:1-161,8.86101
CG6-0640,282,303,162,2026-01-18,11:25:46,3374.68,1,0.0285,0.0037,3374.19,1.4,0.4,3.9264,-0.0012,0.0001,0.4947,0,60,0,25.3278,34.6252,149.4,24.779,34.8093,286.2,11011,,2026-01-18 11:25:46,000000024110640,690,-4.54747e-13,-0.00143647,0.000306326,0.00150633,3374.68,,,True,CG6-0640|2026-01-18|L1|S162,field,MATCHED,D3:wor:1-162,3.78514
CG6-0640,283,304,163,2026-01-18,11:29:10,3373.89,1,0.0135,0.0017,3373.4,1.6,-1.3,3.928,-0.0029,0.0001,0.495,0,60,0,25.3278,34.6252,149.4,24.7776,34.808,296.2,11011,,2026-01-18 11:29:10,000000024110640,691,0.0001,-0.00305005,-0.00133413,0.00156587,3373.89,,,True,CG6-0640|2026-01-18|L1|S163,field,MATCHED,D3:wor:1-163,6.70806
CG6-0640,284,305,164,2026-01-18,11:32:36,3373.05,1,0.0228,0.0029,3372.56,-1.9,-3.6,3.9249,-0.0045,0.0003,0.4946,0,60,0,25.3278,34.6252,149.4,24.7766,34.8066,298.6,11011,,2026-01-18 11:32:36,000000024110640,692,-0.0001,-0.00471216,-0.00302489,0.00147511,3373.05,,,True,CG6-0640|2026-01-18|L1|S164,field,MATCHED,D3:wor:1-164,4.34664
CG6-0640,285,306,165,2026-01-18,11:36:30,3372.11,1,0.0161,0.0021,3371.63,2.7,-0.3,3.9196,-0.0064,0.0002,0.4939,0,60,0,25.3278,34.6252,149.4,24.7751,34.8051,301.4,11011,,2026-01-18 11:36:30,000000024110640,693,-0.0001,-0.00663779,-0.00498228,0.00141772,3372.11,,,True,CG6-0640|2026-01-18|L1|S165,field,MATCHED,D3:wor:1-165,7.70893
CG6-0640,286,307,166,2026-01-18,11:39:51,3371.31,1,0.0253,0.0033,3370.82,16.5,4.5,3.9155,-0.0081,0.0035,0.4933,0,60,0,25.3278,34.6252,149.4,24.7737,34.8041,294.2,11011,,2026-01-18 11:39:51,000000024110640,694,-0.0001,-0.00832184,-0.00669433,0.00140567,3371.31,,,True,CG6-0640|2026-01-18|L1|S166,field,MATCHED,D3:wor:1-166,4.96549
CG6-0640,287,308,167,2026-01-18,11:44:13,3370.55,1,0.0204,0.0026,3370.07,6.5,0.1,3.9209,-0.0103,0.0005,0.4941,0,60,0,25.3278,34.6252,149.4,24.7723,34.8031,297.1,11011,,2026-01-18 11:44:13,000000024110640,695,-0.0001,-0.0105556,-0.00896694,0.00133306,3370.56,,,True,CG6-0640|2026-01-18|L1|S167,field,MATCHED,D3:wor:1-167,6.75878
CG6-0640,288,309,168,2026-01-18,11:47:31,3369.43,1,0.0194,0.0025,3368.94,-1.8,-7.2,3.9179,-0.0121,0.0007,0.4936,0,60,0,25.3278,34.6252,149.4,24.7709,34.8019,296.6,11011,,2026-01-18 11:47:31,000000024110640,696,0.0001,-0.0122704,-0.010709,0.00139099,3369.43,,,True,CG6-0640|2026-01-18|L1|S168,field,MATCHED,D3:wor:1-168,4.8989
CG6-0640,289,310,169,2026-01-18,11:50:56,3368.41,1,0.0189,0.0024,3367.92,12.7,-0.1,3.9159,-0.0138,0.0019,0.4935,0,60,0,25.3278,34.6252,149.4,24.7688,34.8016,304,11011,,2026-01-18 11:50:56,000000024110640,697,-0.0001,-0.0140682,-0.0125355,0.00126453,3368.41,,,True,CG6-0640|2026-01-18|L1|S169,field,MATCHED,D3:wor:1-169,7.60508
CG6-0640,290,311,170,2026-01-18,11:54:35,3367.84,1,0.0201,0.0026,3367.36,13.5,-6.3,3.9147,-0.0158,0.0026,0.4933,0,60,0,25.3278,34.6252,149.4,24.7673,34.8015,314.6,11011,,2026-01-18 11:54:35,000000024110640,698,4.54747e-13,-0.0160117,-0.0145126,0.00128736,3367.84,,,True,CG6-0640|2026-01-18|L1|S170,field,MATCHED,D3:wor:1-170,6.74478
CG6-0640,291,312,171,2026-01-18,11:59:02,3367.03,1,0.0133,0.0017,3366.55,4.7,-0.1,3.9136,-0.0182,0.0003,0.4932,0,60,0,25.3278,34.6252,149.4,24.7653,34.8009,320.5,11011,,2026-01-18 11:59:02,000000024110640,699,0,-0.0184096,-0.0169508,0.0012492,3367.03,,,True,CG6-0640|2026-01-18|L1|S171,field,MATCHED,D3:wor:1-171,6.67207
CG6-0640,292,313,172,2026-01-18,12:02:45,3366.26,1,0.0157,0.002,3365.79,-6.1,1.7,3.9171,-0.0202,0.0006,0.4936,0,60,0,25.3278,34.6252,149.4,24.7642,34.8,321,11011,,2026-01-18 12:02:45,000000024110640,700,4.54747e-13,-0.0204335,-0.0190092,0.00119084,3366.26,,,True,CG6-0640|2026-01-18|L1|S172,field,MATCHED,D3:kml:1-172,6.16602
CG6-0640,293,314,173,2026-01-18,12:08:13,3365.28,1,0.0147,0.0019,3364.81,16.2,-0.1,3.9065,-0.0232,0.0031,0.4924,0,60,0,25.3278,34.6252,149.4,24.7625,34.7986,320.4,11011,,2026-01-18 12:08:13,000000024110640,701,-0.0001,-0.0234394,-0.0220661,0.00113393,3365.28,,,True,CG6-0640|2026-01-18|L1|S173,field,MATCHED,D3:wor:1-173,6.80373
CG6-0640,294,315,174,2026-01-18,12:12:02,3364.85,1,0.0148,0.0019,3364.38,4.6,2,3.9068,-0.0253,0.0004,0.4922,0,60,0,25.3278,34.6252,149.4,24.7612,34.7975,316.7,11011,,2026-01-18 12:12:02,000000024110640,702,-0.0001,-0.0255546,-0.0242162,0.00108378,3364.85,,,True,CG6-0640|2026-01-18|L1|S174,field,MATCHED,D3:wor:1-174,7.06026
CG6-0640,295,316,175,2026-01-18,12:15:58,3364.1,1,0.0142,0.0018,3363.63,5.1,-3.5,3.9009,-0.0275,0.0005,0.4914,0,60,0,25.3278,34.6252,149.4,24.7598,34.7964,323.9,11011,,2026-01-18 12:15:58,000000024110640,703,0.0001,-0.0277453,-0.0264427,0.00105728,3364.1,,,True,CG6-0640|2026-01-18|L1|S175,field,MATCHED,D3:wor:1-175,3.57971
CG6-0640,296,317,176,2026-01-18,12:20:27,3363.43,1,0.0127,0.0016,3362.97,-2.8,7.2,3.8934,-0.03,0.0007,0.4906,0,60,0,25.3278,34.6252,149.4,24.759,34.7945,322.7,11011,,2026-01-18 12:20:27,000000024110640,704,0,-0.0302516,-0.0289914,0.00100856,3363.43,,,True,CG6-0640|2026-01-18|L1|S176,field,MATCHED,D3:wor:1-176,6.84986
CG6-0640,297,318,177,2026-01-18,12:24:43,3362.61,1,0.0188,0.0024,3362.15,18.7,-3.2,3.897,-0.0324,0.0042,0.491,0,60,0,25.3278,34.6252,149.4,24.7577,34.7932,320.3,11011,,2026-01-18 12:24:43,000000024110640,705,0.0001,-0.0326419,-0.0314213,0.000978673,3362.61,,,True,CG6-0640|2026-01-18|L1|S177,field,MATCHED,D3:wor:1-177,5.04374
CG6-0640,298,319,178,2026-01-18,12:29:09,3362.09,1,0.0084,0.0011,3361.63,6.6,6.2,3.8955,-0.0349,0.001,0.491,0,60,0,25.3278,34.6252,149.4,24.7561,34.7922,317.4,11011,,2026-01-18 12:29:09,000000024110640,706,0,-0.0351263,-0.0339471,0.000952857,3362.09,,,True,CG6-0640|2026-01-18|L1|S178,field,MATCHED,D3:wor:1-178,11.1006
CG6-0640,299,320,179,2026-01-18,12:34:30,3362.32,1,0.0135,0.0017,3361.87,9.3,4,3.8938,-0.0379,0.0013,0.4906,0,60,0,25.3278,34.6252,149.4,24.7547,34.7926,321.4,11011,,2026-01-18 12:34:30,000000024110640,707,0.0001,-0.0381189,-0.0369948,0.000905246,3362.32,,,True,CG6-0640|2026-01-18|L1|S179,field,MATCHED,D3:wor:1-179,7.36167
CG6-0640,300,321,180,2026-01-18,12:39:22,3361.71,1,0.0091,0.0012,3361.26,9.1,-1.1,3.8929,-0.0406,0.0011,0.4907,0,60,0,25.3278,34.6252,149.4,24.7531,34.7936,328.6,11011,,2026-01-18 12:39:22,000000024110640,708,-0.0001,-0.0408294,-0.0397558,0.000844235,3361.71,,,True,CG6-0640|2026-01-18|L1|S180,field,MATCHED,D3:kml:1-180,13.2006
CG6-0640,301,322,181,2026-01-18,12:43:51,3360.93,1,0.0274,0.0035,3360.48,7.8,-4.1,3.8945,-0.0431,0.001,0.4906,0,60,0,25.3278,34.6252,149.4,24.7532,34.7919,327.7,11011,,2026-01-18 12:43:51,000000024110640,709,-4.54747e-13,-0.043311,-0.0422819,0.00081806,3360.93,,,True,CG6-0640|2026-01-18|L1|S181,field,MATCHED,D3:wor:1-181,7.05473
CG6-0640,302,323,182,2026-01-18,12:47:12,3359.99,1,0.0485,0.0063,3359.54,8.9,2.1,3.8989,-0.0449,0.0011,0.4914,0,60,0,25.3278,34.6252,149.4,24.7544,34.7905,332.2,11011,,2026-01-18 12:47:12,000000024110640,710,-0.0001,-0.0451528,-0.0441589,0.000741112,3359.99,,,True,CG6-0640|2026-01-18|L1|S182,field,MATCHED,D3:wor:1-182,11.9035
CG6-0640,303,324,183,2026-01-18,12:50:53,3358.86,1,0.0549,0.0071,3358.42,-0.6,-2.7,3.9002,-0.0469,0.0001,0.4915,0,60,0,25.3278,34.6252,149.4,24.7552,34.7887,336.4,11011,,2026-01-18 12:50:53,000000024110640,711,-4.54747e-13,-0.0471627,-0.0462054,0.000694565,3358.86,,STDDEV_GT_0.050,True,CG6-0640|2026-01-18|L1|S183,field,MATCHED,D3:wor:1-183,12.1735
CG6-0640,304,325,184,2026-01-18,13:03:12,3357.62,1,0.0176,0.0023,3357.18,-3.1,-3.9,3.941,-0.0535,0.0003,0.4966,0,60,0,25.3278,34.6252,149.4,24.7551,34.7867,342,11011,,2026-01-18 13:03:12,000000024110640,712,0,-0.0537351,-0.0529,0.000599994,3357.63,,,True,CG6-0640|2026-01-18|L1|S184,field,MATCHED,D3:wor:1-184,10.594
CG6-0640,305,326,185,2026-01-18,13:07:20,3356.5,1,0.017,0.0022,3356.06,11.9,-12.1,3.916,-0.0557,0.0033,0.4933,0,60,0,25.3278,34.6252,149.4,24.7554,34.7846,346,11011,,2026-01-18 13:07:20,000000024110640,713,0.0001,-0.0558774,-0.05508,0.000620005,3356.5,,,True,CG6-0640|2026-01-18|L1|S185,field,MATCHED,D3:wor:1-185,16.416
CG6-0640,306,327,100,2026-01-18,14:25:33,3407.02,0,0.0093,0.0012,3406.62,-0.3,-2.9,3.8744,-0.0854,0.0001,0.4883,0,60,0,25.3278,34.6252,149.4,24.7869,34.9338,94.8,11011,,2026-01-18 14:25:33,000000024110640,714,0,-0.0854485,-0.0854307,-3.06847e-05,3407.02,,,True,CG6-0640|2026-01-18|L0|S100,field_base_100,MATCHED,D3:wor:Base100,12.2442
CG6-0640,307,328,100,2026-01-18,14:26:33,3407.02,0,0.0175,0.0023,3406.62,2.2,-6.1,3.878,-0.0856,0.0005,0.4887,0,60,0,25.3278,34.6252,149.4,24.7869,34.9338,94.7,11011,,2026-01-18 14:26:33,000000024110640,714,0.0001,-0.0856438,-0.0856279,-2.7934e-05,3407.02,,,True,CG6-0640|2026-01-18|L0|S100,field_base_100,MATCHED,D3:wor:Base100,12.2442
CG6-0640,308,329,100,2026-01-18,14:27:33,3407.03,0,0.0136,0.0018,3406.62,3,-8.3,3.8813,-0.0858,0.0009,0.489,0,60,0,25.3278,34.6252,149.4,24.7869,34.9338,94.7,11011,,2026-01-18 14:27:33,000000024110640,714,0,-0.0858335,-0.0858195,-1.94924e-05,3407.03,,,True,CG6-0640|2026-01-18|L0|S100,field_base_100,MATCHED,D3:wor:Base100,12.2442
CG6-0640,309,330,100,2026-01-18,14:28:33,3407.03,0,0.0069,0.0009,3406.62,4.5,-9.5,3.884,-0.086,0.0013,0.4894,0,60,0,25.3278,34.6252,149.4,24.7869,34.9338,94.8,11011,,2026-01-18 14:28:33,000000024110640,714,0,-0.0860175,-0.0860053,-5.32972e-06,3407.03,,,True,CG6-0640|2026-01-18|L0|S100,field_base_100,MATCHED,D3:wor:Base100,12.2442
CG6-0640,310,331,0,2026-01-18,16:30:46,3473.1,0,0.0136,0.0018,3472.66,-5.3,-3.3,3.9459,-0.0612,0.0005,0.4972,0,60,0,25.3278,34.6252,149.4,25.0668,34.8777,41.4,11011,,2026-01-18 16:30:46,000000024110640,715,4.54747e-13,-0.0609086,-0.0605103,0.000689699,3473.1,,,True,CG6-0640|2026-01-18|L0|S0,hotel_base_0,MATCHED,D3:wor:Base0,10.6699
CG6-0640,311,332,0,2026-01-18,16:31:46,3473.1,0,0.0222,0.0029,3472.66,-3.9,-3.3,3.9477,-0.0606,0.0003,0.4974,0,60,0,25.3278,34.6252,149.4,25.0668,34.8777,41.4,11011,,2026-01-18 16:31:46,000000024110640,715,-4.54747e-13,-0.060309,-0.0599057,0.000694342,3473.1,,,True,CG6-0640|2026-01-18|L0|S0,hotel_base_0,MATCHED,D3:wor:Base0,10.6699
CG6-0640,312,333,0,2026-01-18,16:32:46,3473.1,0,0.0144,0.0019,3472.66,-3.3,-3.8,3.9462,-0.06,0.0003,0.4973,0,60,0,25.3278,34.6252,149.4,25.0668,34.8777,41.4,11011,,2026-01-18 16:32:46,000000024110640,715,0,-0.0597036,-0.0592952,0.000704843,3473.1,,,True,CG6-0640|2026-01-18|L0|S0,hotel_base_0,MATCHED,D3:wor:Base0,10.6699
CG6-0640,313,334,0,2026-01-18,16:33:46,3473.1,0,0.0125,0.0016,3472.66,-2.3,-4.1,3.9454,-0.0594,0.0003,0.4972,0,60,0,25.3278,34.6252,149.4,25.0668,34.8777,41.5,11011,,2026-01-18 16:33:46,000000024110640,715,0,-0.0590923,-0.0586788,0.000721175,3473.1,,,True,CG6-0640|2026-01-18|L0|S0,hotel_base_0,MATCHED,D3:wor:Base0,10.6699
CG6-0640,314,335,0,2026-01-19,06:58:26,3473.08,0,0.0171,0.0022,3472.64,5,6.4,3.8917,-0.0455,0.0008,0.4904,0,60,0,25.3278,34.6252,149.4,25.0668,34.8776,17.2,11011,,2026-01-19 06:58:26,000000024110640,716,0,-0.0452223,-0.0440113,0.00148871,3473.09,,,True,CG6-0640|2026-01-19|L0|S0,hotel_base_0,MATCHED,D4:wor:Base0,3.19588
CG6-0640,315,336,0,2026-01-19,06:59:26,3473.08,0,0.0118,0.0015,3472.64,7.4,8.6,3.8926,-0.0449,0.0015,0.4905,0,60,0,25.3278,34.6252,149.4,25.0668,34.8776,17.2,11011,,2026-01-19 06:59:26,000000024110640,716,-0.0001,-0.0446372,-0.0434193,0.00148068,3473.09,,,True,CG6-0640|2026-01-19|L0|S0,hotel_base_0,MATCHED,D4:wor:Base0,3.19588
CG6-0640,316,337,0,2026-01-19,07:00:26,3473.08,0,0.0128,0.0016,3472.64,7.6,9.2,3.892,-0.0443,0.0017,0.4903,0,60,0,25.3278,34.6252,149.4,25.0668,34.8776,17.2,11011,,2026-01-19 07:00:26,000000024110640,716,-0.0001,-0.0440505,-0.0428258,0.00147418,3473.08,,,True,CG6-0640|2026-01-19|L0|S0,hotel_base_0,MATCHED,D4:wor:Base0,3.19588
CG6-0640,317,338,0,2026-01-19,07:01:26,3473.09,0,0.0081,0.0011,3472.64,8.1,9.8,3.8906,-0.0437,0.0019,0.4901,0,60,0,25.3278,34.6252,149.4,25.0668,34.8776,17.2,11011,,2026-01-19 07:01:26,000000024110640,716,-0.0001,-0.0434623,-0.0422308,0.00146916,3473.09,,,True,CG6-0640|2026-01-19|L0|S0,hotel_base_0,MATCHED,D4:wor:Base0,3.19588
CG6-0640,318,339,100,2026-01-19,08:56:35,3407,0,0.0133,0.0017,3406.49,4.5,4.7,3.9171,0.0201,0.0005,0.4935,0,60,0,25.3278,34.6252,149.4,24.7868,34.9338,109.6,11011,,2026-01-19 08:56:35,000000024110640,717,0.0001,0.02028,0.0231297,0.00302966,3407.01,,,True,CG6-0640|2026-01-19|L0|S100,field_base_100,MATCHED,D4:wor:Base100,6.18796
CG6-0640,319,340,100,2026-01-19,08:57:35,3407.01,0,0.041,0.0053,3406.49,9.7,4.8,3.9226,0.0205,0.0013,0.4942,0,60,0,25.3278,34.6252,149.4,24.7868,34.9338,109.6,11011,,2026-01-19 08:57:35,000000024110640,717,0,0.0206831,0.0235333,0.0030333,3407.01,,,True,CG6-0640|2026-01-19|L0|S100,field_base_100,MATCHED,D4:wor:Base100,6.18796
CG6-0640,320,341,100,2026-01-19,08:58:35,3407.01,0,0.0116,0.0015,3406.49,14.5,3.7,3.9251,0.0209,0.0027,0.4945,0,60,0,25.3278,34.6252,149.4,24.7868,34.9338,109.6,11011,,2026-01-19 08:58:35,000000024110640,717,4.54747e-13,0.0210819,0.0239325,0.00303249,3407.01,,,True,CG6-0640|2026-01-19|L0|S100,field_base_100,MATCHED,D4:wor:Base100,6.18796
CG6-0640,321,342,100,2026-01-19,08:59:35,3407.01,0,0.0092,0.0012,3406.49,18.6,2.5,3.9265,0.0213,0.0042,0.4947,0,60,0,25.3278,34.6252,149.4,24.7868,34.9338,109.6,11011,,2026-01-19 08:59:35,000000024110640,717,-0.0001,0.0214763,0.0243272,0.0030272,3407.01,,,True,CG6-0640|2026-01-19|L0|S100,field_base_100,MATCHED,D4:wor:Base100,6.18796
CG6-0640,322,343,186,2026-01-19,10:01:59,3361.68,1,0.0162,0.0021,3361.16,4.9,-4.1,3.8885,0.0362,0.0006,0.4899,0,60,0,25.3278,34.6252,149.4,24.753,34.7935,325.3,11011,,2026-01-19 10:01:59,000000024110640,718,0,0.0362463,0.0390284,0.00282844,3361.69,,,True,CG6-0640|2026-01-19|L1|S186,field,MATCHED,D4:wor:1-186,5.71498
CG6-0640,323,344,187,2026-01-19,10:09:52,3361.35,1,0.021,0.0027,3360.82,5.2,4.2,3.8938,0.0366,0.0007,0.4906,0,60,0,25.3278,34.6252,149.4,24.7517,34.7946,341.8,11011,,2026-01-19 10:09:52,000000024110640,719,0,0.0366004,0.0393624,0.0027624,3361.35,,,True,CG6-0640|2026-01-19|L1|S187,field,MATCHED,D4:wor:1-187,6.78959
CG6-0640,324,345,188,2026-01-19,10:13:12,3360.22,1,0.0151,0.0019,3359.69,0.4,4.3,3.9018,0.0366,0.0003,0.4918,0,60,0,25.3278,34.6252,149.4,24.7494,34.7947,349.5,11011,,2026-01-19 10:13:12,000000024110640,720,0,0.0366429,0.0394025,0.0028025,3360.22,,,True,CG6-0640|2026-01-19|L1|S188,field,MATCHED,D4:wor:1-188,4.17722
CG6-0640,325,346,189,2026-01-19,10:18:00,3358.88,1,0.0114,0.0015,3358.35,13.1,3.6,3.9058,0.0366,0.0022,0.4923,0,60,0,25.3278,34.6252,149.4,24.7475,34.7926,345.6,11011,,2026-01-19 10:18:00,000000024110640,721,-0.0001,0.0365919,0.0393406,0.00274062,3358.88,,,True,CG6-0640|2026-01-19|L1|S189,field,MATCHED,D4:kml:1-189,8.71675
CG6-0640,326,347,190,2026-01-19,10:22:41,3357.65,1,0.018,0.0023,3357.12,1.4,4.9,3.9093,0.0364,0.0003,0.4926,0,60,0,25.3278,34.6252,149.4,24.7457,34.7907,346.4,11011,,2026-01-19 10:22:41,000000024110640,722,0.0001,0.0364146,0.0391505,0.00275052,3357.65,,,True,CG6-0640|2026-01-19|L1|S190,field,MATCHED,D4:wor:1-190,9.08828
CG6-0640,327,348,191,2026-01-19,10:26:03,3357.01,1,0.0211,0.0027,3356.48,9.3,2.8,3.9101,0.0362,0.0012,0.4928,0,60,0,25.3278,34.6252,149.4,24.7443,34.7894,349.5,11011,,2026-01-19 10:26:03,000000024110640,723,0,0.0362095,0.038936,0.00273599,3357.02,,,True,CG6-0640|2026-01-19|L1|S191,field,MATCHED,D4:wor:1-191,8.88011
CG6-0640,328,349,192,2026-01-19,10:29:23,3355.93,1,0.0118,0.0015,3355.4,9.1,4.4,3.9095,0.036,0.0012,0.4927,0,60,0,25.3278,34.6252,149.4,24.743,34.788,354.9,11011,,2026-01-19 10:29:23,000000024110640,724,-0.0001,0.0359427,0.0386584,0.00265841,3355.93,,,True,CG6-0640|2026-01-19|L1|S192,field,MATCHED,D4:wor:1-192,5.838
CG6-0640,329,350,193,2026-01-19,10:33:13,3354.66,1,0.0151,0.0019,3354.14,4.4,-1.2,3.9042,0.0356,0.0004,0.4921,0,60,0,25.3278,34.6252,149.4,24.7408,34.7871,361.1,11011,,2026-01-19 10:33:13,000000024110640,725,0,0.0355577,0.0382635,0.00266348,3354.67,,,True,CG6-0640|2026-01-19|L1|S193,field,MATCHED,D4:wor:1-193,9.43794
CG6-0640,330,351,194,2026-01-19,10:37:49,3353.34,1,0.0109,0.0014,3352.81,6.1,0.1,3.9032,0.035,0.0004,0.4919,0,60,0,25.3278,34.6252,149.4,24.7384,34.7895,366.5,11011,,2026-01-19 10:37:49,000000024110640,726,0,0.0349862,0.0376748,0.00267485,3353.34,,,True,CG6-0640|2026-01-19|L1|S194,field,MATCHED,D4:kml:1-194,7.3024
CG6-0640,331,352,195,2026-01-19,10:41:52,3352.44,1,0.017,0.0022,3351.92,3.8,-8.8,3.9033,0.0344,0.0011,0.4917,0,60,0,25.3278,34.6252,149.4,24.7361,34.79,374.2,11011,,2026-01-19 10:41:52,000000024110640,727,0,0.0343847,0.0370584,0.00265837,3352.45,,,True,CG6-0640|2026-01-19|L1|S195,field,MATCHED,D4:wor:1-195,10.7164
CG6-0640,332,353,196,2026-01-19,10:45:09,8133.11,1,,122.554,2930.51,-7020.4,-1821.1,3.9038,0.0339,5202.07,0.4922,0,60,0,25.3278,34.6252,149.4,24.7342,34.7903,374,11011,StdDev,2026-01-19 10:45:09,000000024110640,728,0.0001,0.0338302,0.0364908,0.00259085,8133.11,OVERFLOW_FIELD;GROSS_RANGE_GT_500;TILT_GT_30,,False,CG6-0640|2026-01-19|L1|S196,field,MATCHED,D4:wor:1-196,5.09053
CG6-0640,333,354,197,2026-01-19,10:49:03,3350.22,1,0.0118,0.0015,3349.69,2.5,0.3,3.9397,0.0332,0.0001,0.4963,0,60,0,25.3278,34.6252,149.4,24.7325,34.7899,371.8,11011,,2026-01-19 10:49:03,000000024110640,729,0,0.0330945,0.0357367,0.0025367,3350.22,,,True,CG6-0640|2026-01-19|L1|S197,field,MATCHED,D4:wor:1-197,6.81319
CG6-0640,334,355,198,2026-01-19,10:52:45,3349.45,1,0.016,0.0021,3348.92,-0.9,-9.3,3.9467,0.0324,0.001,0.4975,0,60,0,25.3278,34.6252,149.4,24.7307,34.7895,369.2,11011,,2026-01-19 10:52:45,000000024110640,730,0,0.03232,0.0349442,0.00254417,3349.45,,,True,CG6-0640|2026-01-19|L1|S198,field,MATCHED,D4:wor:1-198,9.55891
CG6-0640,335,356,199,2026-01-19,10:59:58,3347.78,1,0.0165,0.0021,3347.26,-0,-8.1,3.9,0.0307,0.0009,0.4914,0,60,0,25.3278,34.6252,149.4,24.7274,34.7893,385.7,11011,,2026-01-19 10:59:58,000000024110640,731,4.54747e-13,0.0305985,0.0331837,0.00248366,3347.78,,,True,CG6-0640|2026-01-19|L1|S199,field,MATCHED,D4:wor:1-199,6.43381
CG6-0640,336,357,200,2026-01-19,11:05:54,3346.7,1,0.0178,0.0023,3346.18,-0.6,-4.7,3.8951,0.0291,0.0003,0.4909,0,60,0,25.3278,34.6252,149.4,24.7256,34.79,379.2,11011,,2026-01-19 11:05:54,000000024110640,732,-0.0001,0.0289791,0.0315232,0.0024232,3346.7,,,True,CG6-0640|2026-01-19|L1|S200,field,MATCHED,D4:wor:1-200,6.82452
CG6-0640,337,358,201,2026-01-19,11:10:27,3345.75,1,0.0092,0.0012,3345.22,1.3,-11.4,3.8985,0.0277,0.0016,0.4912,0,60,0,25.3278,34.6252,149.4,24.7236,34.7891,389.4,11011,,2026-01-19 11:10:27,000000024110640,733,-4.54747e-13,0.0276158,0.0301314,0.00243141,3345.75,,,True,CG6-0640|2026-01-19|L1|S201,field,MATCHED,D4:wor:1-201,5.57554
CG6-0640,338,359,202,2026-01-19,11:15:08,3344.11,1,0.0141,0.0018,3343.59,8.1,0.8,3.9066,0.0262,0.0008,0.4923,0,60,0,25.3278,34.6252,149.4,24.7233,34.7854,393.8,11011,,2026-01-19 11:15:08,000000024110640,734,0.0001,0.0261052,0.0285867,0.00238673,3344.11,,,True,CG6-0640|2026-01-19|L1|S202,field,MATCHED,D4:kml:1-202,6.56361
CG6-0640,339,360,203,2026-01-19,11:18:21,3343.11,1,0.0195,0.0025,3342.6,1.5,3.5,3.9084,0.0251,0.0002,0.4927,0,60,0,25.3278,34.6252,149.4,24.7222,34.7836,396.5,11011,,2026-01-19 11:18:21,000000024110640,735,4.54747e-13,0.0250062,0.0274661,0.00236613,3343.12,,,True,CG6-0640|2026-01-19|L1|S203,field,MATCHED,D4:wor:1-203,3.09918
CG6-0640,340,361,204,2026-01-19,11:22:49,3341.3,1,0.0116,0.0015,3340.78,3.8,2.5,3.911,0.0235,0.0003,0.4928,0,60,0,25.3278,34.6252,149.4,24.7199,34.7832,417.6,11011,,2026-01-19 11:22:49,000000024110640,736,0.0001,0.023399,0.0258286,0.00232865,3341.3,,,True,CG6-0640|2026-01-19|L1|S204,field,MATCHED,D4:wor:1-204,9.1579
CG6-0640,341,362,205,2026-01-19,11:28:38,3340.24,1,0.015,0.0019,3339.72,4.3,-5.9,3.9062,0.0213,0.0007,0.4922,0,60,0,25.3278,34.6252,149.4,24.7182,34.7845,406.8,11011,,2026-01-19 11:28:38,000000024110640,737,0.0001,0.0211692,0.0235486,0.00224865,3340.24,,,True,CG6-0640|2026-01-19|L1|S205,field,MATCHED,D4:wor:1-205,8.22131
CG6-0640,342,363,206,2026-01-19,11:33:13,3338.77,1,0.0088,0.0011,3338.25,4.4,2.8,3.9139,0.0195,0.0004,0.4931,0,60,0,25.3278,34.6252,149.4,24.7163,34.7843,410.2,11011,,2026-01-19 11:33:13,000000024110640,738,0,0.019307,0.0216498,0.00214985,3338.77,,,True,CG6-0640|2026-01-19|L1|S206,field,MATCHED,D4:wor:1-206,5.46823
CG6-0640,343,364,207,2026-01-19,11:36:46,3337.27,1,0.0109,0.0014,3336.76,5.4,-2.9,3.9138,0.018,0.0005,0.4931,0,60,0,25.3278,34.6252,149.4,24.7144,34.7847,416.2,11011,,2026-01-19 11:36:46,000000024110640,739,0,0.0178034,0.0201178,0.00211779,3337.27,,,True,CG6-0640|2026-01-19|L1|S207,field,MATCHED,D4:wor:1-207,10.4752
CG6-0640,344,365,208,2026-01-19,11:40:16,3336.15,1,0.0146,0.0019,3335.64,1.7,-0.1,3.9139,0.0164,0.0001,0.4931,0,60,0,25.3278,34.6252,149.4,24.7128,34.7859,419.1,11011,,2026-01-19 11:40:16,000000024110640,740,0,0.0162704,0.018553,0.00215301,3336.15,,,True,CG6-0640|2026-01-19|L1|S208,field,MATCHED,D4:wor:1-208,7.28851
CG6-0640,345,366,209,2026-01-19,11:44:00,3335.07,1,0.0127,0.0016,3334.56,5.8,-2.8,3.9152,0.0148,0.0005,0.4934,0,60,0,25.3278,34.6252,149.4,24.7112,34.787,422.5,11011,,2026-01-19 11:44:00,000000024110640,741,4.54747e-13,0.0145817,0.0168297,0.00202969,3335.07,,,True,CG6-0640|2026-01-19|L1|S209,field,MATCHED,D4:wor:1-209,10.4464
CG6-0640,346,367,210,2026-01-19,11:48:37,3333.35,1,0.0138,0.0018,3332.85,-5.5,-2.9,3.912,0.0126,0.0005,0.4931,0,60,0,25.3278,34.6252,149.4,24.7091,34.7852,426.7,11011,,2026-01-19 11:48:37,000000024110640,742,-0.0001,0.0124202,0.0146303,0.00203035,3333.36,,,True,CG6-0640|2026-01-19|L1|S210,field,MATCHED,D4:kml:1-210,5.87599
CG6-0640,347,368,211,2026-01-19,11:53:44,3331.74,1,0.0117,0.0015,3331.24,8.4,-1.8,3.909,0.0101,0.0009,0.4924,0,60,0,25.3278,34.6252,149.4,24.7076,34.7837,439.4,11011,,2026-01-19 11:53:44,000000024110640,743,0.0001,0.0099345,0.0120981,0.00199814,3331.75,,,True,CG6-0640|2026-01-19|L1|S211,field,MATCHED,D4:kml:1-211,7.76747
CG6-0640,348,369,212,2026-01-19,12:03:22,3330.64,1,0.0253,0.0033,3330.14,0.3,-8.4,3.8855,0.0052,0.0009,0.4896,0,60,0,25.3278,34.6252,149.4,24.7071,34.7816,436.2,11011,,2026-01-19 12:03:22,000000024110640,744,0,0.00501767,0.00707938,0.00187938,3330.64,,,True,CG6-0640|2026-01-19|L1|S212,field,MATCHED,D4:wor:1-212,8.60624
CG6-0640,349,370,213,2026-01-19,12:07:23,3329.21,1,0.0164,0.0021,3328.71,9.5,-4.3,3.8921,0.0031,0.0013,0.4905,0,60,0,25.3278,34.6252,149.4,24.7062,34.7797,446.5,11011,,2026-01-19 12:07:23,000000024110640,745,0,0.00288394,0.00490736,0.00180736,3329.21,,,True,CG6-0640|2026-01-19|L1|S213,field,MATCHED,D4:kml:1-213,2.98061
CG6-0640,350,371,214,2026-01-19,12:11:29,3327.92,1,0.0105,0.0014,3327.43,10.7,-9.8,3.8887,0.0009,0.0025,0.4901,0,60,0,25.3278,34.6252,149.4,24.707,34.7779,452.6,11011,,2026-01-19 12:11:29,000000024110640,746,-0.0001,0.000659791,0.00263703,0.00173703,3327.92,,,True,CG6-0640|2026-01-19|L1|S214,field,MATCHED,D4:wor:1-214,7.07842
CG6-0640,351,372,215,2026-01-19,12:15:05,3326.56,1,0.016,0.0021,3326.07,6.2,5.8,3.8895,-0.0011,0.0009,0.4902,0,60,0,25.3278,34.6252,149.4,24.7069,34.7758,435.4,11011,,2026-01-19 12:15:05,000000024110640,747,0,-0.00132892,0.000611358,0.00171136,3326.56,,,True,CG6-0640|2026-01-19|L1|S215,field,MATCHED,D4:wor:1-215,14.3995
CG6-0640,352,373,216,2026-01-19,12:19:24,3325.47,1,0.0123,0.0016,3324.98,8,3.9,3.8916,-0.0035,0.001,0.4904,0,60,0,25.3278,34.6252,149.4,24.7073,34.774,437.5,11011,,2026-01-19 12:19:24,000000024110640,748,-0.0001,-0.0037543,-0.00186172,0.00163828,3325.47,,,True,CG6-0640|2026-01-19|L1|S216,field,MATCHED,D4:kml:1-216,7.98205
CG6-0640,353,374,217,2026-01-19,12:28:11,3324.13,1,0.0665,0.0086,3323.65,7.4,-15.4,3.8827,-0.0086,0.0044,0.4892,0,60,0,25.3278,34.6252,149.4,24.7065,34.7721,447,11011,,2026-01-19 12:28:11,000000024110640,749,4.54747e-13,-0.0088103,-0.00701419,0.00158581,3324.13,,STDDEV_GT_0.050,True,CG6-0640|2026-01-19|L1|S217,field,MATCHED,D4:wor:1-217,9.02446
CG6-0640,354,375,218,2026-01-19,12:31:56,3322.26,1,0.0117,0.0015,3321.78,-1,-13.1,3.8839,-0.0108,0.002,0.4894,0,60,0,25.3278,34.6252,149.4,24.705,34.7708,449.9,11011,,2026-01-19 12:31:56,000000024110640,750,0.0001,-0.0110115,-0.00925211,0.00154789,3322.26,,,True,CG6-0640|2026-01-19|L1|S218,field,MATCHED,D4:wor:1-218,7.17899
CG6-0640,355,376,219,2026-01-19,12:35:33,3320.46,1,0.0125,0.0016,3319.98,6.2,-4.2,3.8817,-0.0129,0.0008,0.4892,0,60,0,25.3278,34.6252,149.4,24.7051,34.7686,454.5,11011,,2026-01-19 12:35:33,000000024110640,751,4.54747e-13,-0.0131548,-0.0114335,0.00146654,3320.46,,,True,CG6-0640|2026-01-19|L1|S219,field,MATCHED,D4:wor:1-219,12.3799
CG6-0640,356,377,220,2026-01-19,12:39:25,3318.85,1,0.0122,0.0016,3318.38,12.9,4.7,3.8842,-0.0152,0.0022,0.4895,0,60,0,25.3278,34.6252,149.4,24.7056,34.7662,441.4,11011,,2026-01-19 12:39:25,000000024110640,752,0.0001,-0.0154654,-0.0137863,0.00141366,3318.86,,,True,CG6-0640|2026-01-19|L1|S220,field,MATCHED,D4:wor:1-220,13.1924
CG6-0640,357,378,221,2026-01-19,12:43:10,3317.57,1,0.0163,0.0021,3317.1,-1.7,-10.6,3.8867,-0.0175,0.0014,0.4898,0,60,0,25.3278,34.6252,149.4,24.7063,34.7642,471.5,11011,,2026-01-19 12:43:10,000000024110640,753,0,-0.0177224,-0.0160854,0.00141459,3317.57,,,True,CG6-0640|2026-01-19|L1|S221,field,MATCHED,D4:kml:1-221,10.0021
CG6-0640,358,379,222,2026-01-19,12:46:31,3315.9,1,0.0119,0.0015,3315.43,-2.2,-4.9,3.8873,-0.0195,0.0004,0.4899,0,60,0,25.3278,34.6252,149.4,24.7068,34.7619,474.1,11011,,2026-01-19 12:46:31,000000024110640,754,0,-0.0197496,-0.0181489,0.00135106,3315.9,,,True,CG6-0640|2026-01-19|L1|S222,field,MATCHED,D4:wor:1-222,9.08348
CG6-0640,359,380,223,2026-01-19,12:49:34,3314.56,1,0.0297,0.0038,3314.09,11.9,-8.4,3.8837,-0.0214,0.0026,0.4894,0,60,0,25.3278,34.6252,149.4,24.7073,34.76,478.4,11011,,2026-01-19 12:49:34,000000024110640,755,4.54747e-13,-0.0216024,-0.0200351,0.00136491,3314.56,,,True,CG6-0640|2026-01-19|L1|S223,field,MATCHED,D4:kml:1-223,3.77253
CG6-0640,360,381,224,2026-01-19,12:53:27,3313.48,1,0.0215,0.0028,3313.01,6,11.1,3.8836,-0.0237,0.0019,0.4893,0,60,0,25.3278,34.6252,149.4,24.7076,34.7584,483.9,11011,,2026-01-19 12:53:27,000000024110640,756,0,-0.0239688,-0.0224454,0.00125457,3313.48,,,True,CG6-0640|2026-01-19|L1|S224,field,MATCHED,D4:kml:1-224,3.23165
CG6-0640,361,382,225,2026-01-19,12:56:48,3312.64,1,0.0072,0.0009,3312.17,10.6,5.3,3.8916,-0.0258,0.0017,0.4903,0,60,0,25.3278,34.6252,149.4,24.7076,34.7579,487,11011,,2026-01-19 12:56:48,000000024110640,757,4.54747e-13,-0.0260145,-0.0245301,0.00126991,3312.64,,,True,CG6-0640|2026-01-19|L1|S225,field,MATCHED,D4:kml:1-225,19.157
CG6-0640,362,383,226,2026-01-19,13:27:34,3360.73,1,0.0234,0.003,3360.28,-0,-9.1,3.8479,-0.0444,0.001,0.4849,0,60,0,25.3278,34.6252,149.4,24.7535,34.7915,328.6,11011,,2026-01-19 13:27:34,000000024110640,758,0.0001,-0.0446131,-0.0436848,0.000715191,3360.73,,,True,CG6-0640|2026-01-19|L1|S226,field,MATCHED,D4:wor:1-226,8.91718
CG6-0640,363,384,227,2026-01-19,13:30:39,3359.54,1,0.0322,0.0042,3359.1,5.6,-8.7,3.8543,-0.0462,0.0014,0.4856,0,60,0,25.3278,34.6252,149.4,24.7548,34.7898,337,11011,,2026-01-19 13:30:39,000000024110640,759,0.0001,-0.0464216,-0.0455243,0.000675737,3359.54,,,True,CG6-0640|2026-01-19|L1|S227,field,MATCHED,D4:wor:1-227,8.5922
CG6-0640,364,385,228,2026-01-19,13:33:59,3358.47,1,0.0147,0.0019,3358.03,12.4,4,3.8573,-0.0481,0.002,0.4861,0,60,0,25.3278,34.6252,149.4,24.755,34.7876,337.7,11011,,2026-01-19 13:33:59,000000024110640,760,0,-0.0483579,-0.0474902,0.000609833,3358.47,,,True,CG6-0640|2026-01-19|L1|S228,field,MATCHED,D4:kml:1-228,9.87041
CG6-0640,365,386,229,2026-01-19,13:38:10,3357.13,1,0.0179,0.0023,3356.69,-4.4,-6.2,3.8567,-0.0505,0.0007,0.486,0,60,0,25.3278,34.6252,149.4,24.7552,34.7857,341.9,11011,,2026-01-19 13:38:10,000000024110640,761,-0.0001,-0.0507573,-0.049928,0.000572037,3357.13,,,True,CG6-0640|2026-01-19|L1|S229,field,MATCHED,D4:wor:1-229,6.29465
CG6-0640,366,387,230,2026-01-19,13:41:52,3356.08,1,0.0189,0.0024,3355.64,6.4,-4.8,3.8602,-0.0526,0.0008,0.4863,0,60,0,25.3278,34.6252,149.4,24.7552,34.7836,342.6,11011,,2026-01-19 13:41:52,000000024110640,762,-0.0001,-0.0528479,-0.0520508,0.000549168,3356.08,,,True,CG6-0640|2026-01-19|L1|S230,field,MATCHED,D4:wor:1-230,5.74464
CG6-0640,367,388,231,2026-01-19,13:46:23,3354.62,1,0.0127,0.0016,3354.19,-1.4,-2.2,3.866,-0.0551,0.0001,0.4871,0,60,0,25.3278,34.6252,149.4,24.7555,34.7814,343.5,11011,,2026-01-19 13:46:23,000000024110640,763,0,-0.0553556,-0.0545989,0.000501146,3354.62,,,True,CG6-0640|2026-01-19|L1|S231,field,MATCHED,D4:wor:1-231,6.62551
CG6-0640,368,389,232,2026-01-19,13:49:59,3353.67,1,0.0215,0.0028,3353.24,0.3,0.7,3.865,-0.0571,0,0.4871,0,60,0,25.3278,34.6252,149.4,24.7554,34.779,345.3,11011,,2026-01-19 13:49:59,000000024110640,764,0,-0.0573164,-0.0565893,0.000510682,3353.67,,,True,CG6-0640|2026-01-19|L1|S232,field,MATCHED,D4:wor:1-232,2.7472
CG6-0640,369,390,233,2026-01-19,13:52:48,3352.92,1,0.0119,0.0015,3352.49,6.2,-11.2,3.8626,-0.0586,0.002,0.4867,0,60,0,25.3278,34.6252,149.4,24.755,34.7772,345.7,11011,,2026-01-19 13:52:48,000000024110640,765,0,-0.0588253,-0.0581205,0.000479538,3352.92,,,True,CG6-0640|2026-01-19|L1|S233,field,MATCHED,D4:wor:1-233,3.27185
CG6-0640,370,391,234,2026-01-19,13:56:05,3351.86,1,0.0117,0.0015,3351.43,-3.5,-5.8,3.8598,-0.0604,0.0006,0.4864,0,60,0,25.3278,34.6252,149.4,24.7543,34.7753,349.8,11011,,2026-01-19 13:56:05,000000024110640,766,0,-0.0605544,-0.0598756,0.000524354,3351.86,,,True,CG6-0640|2026-01-19|L1|S234,field,MATCHED,D4:wor:1-234,3.3892
CG6-0640,371,392,235,2026-01-19,14:01:13,3350.76,1,0.0099,0.0013,3350.34,1.7,7.5,3.852,-0.063,0.0008,0.4853,0,60,0,25.3278,34.6252,149.4,24.7524,34.7741,353.6,11011,,2026-01-19 14:01:13,000000024110640,767,4.54747e-13,-0.0631896,-0.0625534,0.000446622,3350.76,,,True,CG6-0640|2026-01-19|L1|S235,field,MATCHED,D4:kml:1-235,5.41643
CG6-0640,372,393,236,2026-01-19,14:05:19,3349.86,1,0.0106,0.0014,3349.44,-0.2,-0.7,3.8508,-0.065,0.0001,0.4854,0,60,0,25.3278,34.6252,149.4,24.7513,34.7724,359.3,11011,,2026-01-19 14:05:19,000000024110640,768,-0.0002,-0.0652303,-0.0646268,0.0003732,3349.86,,,True,CG6-0640|2026-01-19|L1|S236,field,MATCHED,D4:wor:1-236,9.01418
CG6-0640,373,394,237,2026-01-19,14:08:04,3348.86,1,0.0093,0.0012,3348.44,2.9,3.2,3.85,-0.0664,0.0003,0.4851,0,60,0,25.3278,34.6252,149.4,24.7498,34.7709,363.3,11011,,2026-01-19 14:08:04,000000024110640,769,4.54747e-13,-0.0665654,-0.0659817,0.000418265,3348.86,,,True,CG6-0640|2026-01-19|L1|S237,field,MATCHED,D4:kml:1-237,6.40527
CG6-0640,374,395,238,2026-01-19,14:12:56,3347.68,1,0.0077,0.001,3347.26,5.8,6,3.8471,-0.0687,0.0008,0.4848,0,60,0,25.3278,34.6252,149.4,24.7483,34.7698,359.1,11011,,2026-01-19 14:12:56,000000024110640,770,-4.54747e-13,-0.0688583,-0.0683141,0.000385908,3347.68,,,True,CG6-0640|2026-01-19|L1|S238,field,MATCHED,D4:wor:1-238,7.00245
CG6-0640,375,396,100,2026-01-19,14:59:00,3407.01,0,0.0109,0.0014,3406.61,5,3.4,3.8885,-0.0851,0.0004,0.4899,0,60,0,25.3278,34.6252,149.4,24.7869,34.9338,105.4,11011,,2026-01-19 14:59:00,000000024110640,771,-4.54747e-13,-0.0851808,-0.0851687,-6.87437e-05,3407.01,,,True,CG6-0640|2026-01-19|L0|S100,field_base_100,MATCHED,D4:wor:Base100,13.844
CG6-0640,376,397,100,2026-01-19,15:00:00,3407.01,0,0.0087,0.0011,3406.61,5.6,1.9,3.8895,-0.0853,0.0004,0.4902,0,60,0,25.3278,34.6252,149.4,24.7869,34.9338,105.4,11011,,2026-01-19 15:00:00,000000024110640,771,0,-0.0854105,-0.0853999,-9.99018e-05,3407.01,,,True,CG6-0640|2026-01-19|L0|S100,field_base_100,MATCHED,D4:wor:Base100,13.844
CG6-0640,377,398,100,2026-01-19,15:01:00,3407.01,0,0.0091,0.0012,3406.61,5.6,0.6,3.8904,-0.0856,0.0003,0.4901,0,60,0,25.3278,34.6252,149.4,24.7869,34.9338,105.4,11011,,2026-01-19 15:01:00,000000024110640,771,0.0001,-0.0856343,-0.0856251,-2.50979e-05,3407.01,,,True,CG6-0640|2026-01-19|L0|S100,field_base_100,MATCHED,D4:wor:Base100,13.844
CG6-0640,378,399,100,2026-01-19,15:02:00,3407.01,0,0.0111,0.0014,3406.61,6,-0.2,3.889,-0.0858,0.0005,0.49,0,60,0,25.3278,34.6252,149.4,24.7869,34.9338,105.4,11011,,2026-01-19 15:02:00,000000024110640,771,-0.0001,-0.0858522,-0.0858443,-4.43008e-05,3407.01,,,True,CG6-0640|2026-01-19|L0|S100,field_base_100,MATCHED,D4:wor:Base100,13.844
CG6-0640,379,400,0,2026-01-19,15:57:13,3473.09,0,0.0144,0.0019,3472.68,-4.2,-3.2,3.9156,-0.0881,0.0003,0.4934,0,60,0,25.3278,34.6252,149.4,25.0669,34.8777,35.2,11011,,2026-01-19 15:57:13,000000024110640,772,0.0002,-0.0879754,-0.0878835,0.000216522,3473.09,,,True,CG6-0640|2026-01-19|L0|S0,hotel_base_0,MATCHED,D4:wor:Base0,17.2027
CG6-0640,380,401,0,2026-01-19,15:58:13,3473.09,0,0.0108,0.0014,3472.69,-5.2,-3.1,3.9145,-0.0879,0.0004,0.4932,0,60,0,25.3278,34.6252,149.4,25.0669,34.8777,36.1,11011,,2026-01-19 15:58:13,000000024110640,772,4.54747e-13,-0.0878247,-0.0877284,0.000171615,3473.09,,,True,CG6-0640|2026-01-19|L0|S0,hotel_base_0,MATCHED,D4:wor:Base0,17.2027
CG6-0640,381,402,0,2026-01-19,15:59:13,3473.09,0,0.0115,0.0015,3472.69,-5.7,-3.2,3.9131,-0.0878,0.0005,0.4931,0,60,0,25.3278,34.6252,149.4,25.0669,34.8777,36.1,11011,,2026-01-19 15:59:13,000000024110640,772,0.0001,-0.0876671,-0.0875663,0.000233678,3473.09,,,True,CG6-0640|2026-01-19|L0|S0,hotel_base_0,MATCHED,D4:wor:Base0,17.2027
CG6-0640,382,403,0,2026-01-19,16:00:13,3473.09,0,0.0078,0.001,3472.69,-6.1,-3,3.9113,-0.0876,0.0005,0.4928,0,60,0,25.3278,34.6252,149.4,25.0669,34.8777,36.1,11011,,2026-01-19 16:00:13,000000024110640,772,0,-0.0875025,-0.0873973,0.000202717,3473.09,,,True,CG6-0640|2026-01-19|L0|S0,hotel_base_0,MATCHED,D4:wor:Base0,17.2027
CG6-0640,383,404,0,2026-01-20,04:13:04,3473.09,0,0.0157,0.002,3472.67,4.8,4.8,3.894,-0.0732,0.0005,0.4906,0,60,0,25.3278,34.6252,149.4,25.0668,34.8777,29.4,11011,,2026-01-20 04:13:04,000000024110640,773,0.0001,-0.0733873,-0.073973,-0.000772978,3473.09,,,True,CG6-0640|2026-01-20|L0|S0,hotel_base_0,MATCHED,D5:wor:Base0,8.62962
CG6-0640,384,405,0,2026-01-20,04:14:04,3473.09,0,0.0178,0.0023,3472.67,5.5,6.6,3.8936,-0.0736,0.0009,0.4905,0,60,0,25.3278,34.6252,149.4,25.0668,34.8777,29.4,11011,,2026-01-20 04:14:04,000000024110640,773,-0.0001,-0.0738337,-0.0744111,-0.000811123,3473.09,,,True,CG6-0640|2026-01-20|L0|S0,hotel_base_0,MATCHED,D5:wor:Base0,8.62962
CG6-0640,385,406,0,2026-01-20,04:15:04,3473.09,0,0.0145,0.0019,3472.67,5.8,7.1,3.8921,-0.0741,0.001,0.4905,0,60,0,25.3278,34.6252,149.4,25.0668,34.8777,29.6,11011,,2026-01-20 04:15:04,000000024110640,773,0,-0.0742734,-0.0748425,-0.000742548,3473.09,,,True,CG6-0640|2026-01-20|L0|S0,hotel_base_0,MATCHED,D5:wor:Base0,8.62962
CG6-0640,386,407,0,2026-01-20,04:16:04,3473.09,0,0.009,0.0012,3472.67,6,7.2,3.8898,-0.0745,0.001,0.4901,0,60,0,25.3278,34.6252,149.4,25.0668,34.8777,29.6,11011,,2026-01-20 04:16:04,000000024110640,773,0,-0.0747064,-0.0752672,-0.000767236,3473.09,,,True,CG6-0640|2026-01-20|L0|S0,hotel_base_0,MATCHED,D5:wor:Base0,8.62962
CG6-0640,387,408,100,2026-01-20,05:52:22,3407.01,0,0.0149,0.0019,3406.6,-5.6,-2.2,3.9239,-0.0843,0.0004,0.4944,0,60,0,25.3278,34.6252,149.4,24.7868,34.9337,97,11011,,2026-01-20 05:52:22,000000024110640,774,0,-0.0841354,-0.0835311,0.000768933,3407.01,,,True,CG6-0640|2026-01-20|L0|S100,field_base_100,MATCHED,D5:wor:Base100,1.93938
CG6-0640,388,409,100,2026-01-20,05:53:22,3407.01,0,0.0122,0.0016,3406.6,-7.9,-3.4,3.92,-0.084,0.0009,0.4939,0,60,0,25.3278,34.6252,149.4,24.7868,34.9337,97,11011,,2026-01-20 05:53:22,000000024110640,774,0,-0.0839082,-0.0832877,0.000712341,3407.01,,,True,CG6-0640|2026-01-20|L0|S100,field_base_100,MATCHED,D5:wor:Base100,1.93938
CG6-0640,389,410,100,2026-01-20,05:54:22,3407.01,0,0.0111,0.0014,3406.6,-8.1,-3.4,3.9163,-0.0838,0.001,0.4935,0,60,0,25.3278,34.6252,149.4,24.7868,34.9337,97,11011,,2026-01-20 05:54:22,000000024110640,774,-0.0001,-0.0836749,-0.0830382,0.000761839,3407.01,,,True,CG6-0640|2026-01-20|L0|S100,field_base_100,MATCHED,D5:wor:Base100,1.93938
CG6-0640,390,411,100,2026-01-20,05:55:22,3407.01,0,0.0107,0.0014,3406.6,-7.7,-3.1,3.9142,-0.0836,0.0008,0.4931,0,60,0,25.3278,34.6252,149.4,24.7868,34.9337,97,11011,,2026-01-20 05:55:22,000000024110640,774,0.0001,-0.0834355,-0.0827826,0.000817398,3407.02,,,True,CG6-0640|2026-01-20|L0|S100,field_base_100,MATCHED,D5:wor:Base100,1.93938
CG6-0640,391,412,239,2026-01-20,07:01:46,3346.7,1,0.0239,0.0031,3346.27,3.2,3.8,3.8344,-0.0561,0.0003,0.4832,0,60,0,25.3278,34.6252,149.4,24.7479,34.7671,372.6,11011,,2026-01-20 07:01:46,000000024110640,775,-4.54747e-13,-0.0558616,-0.0544814,0.00161862,3346.7,,,True,CG6-0640|2026-01-20|L1|S239,field,MATCHED,D5:wor:1-239,2.35242
CG6-0640,392,413,240,2026-01-20,07:06:14,3345.48,1,0.0136,0.0018,3345.05,2.8,5.4,3.8441,-0.0536,0.0005,0.4844,0,60,0,25.3278,34.6252,149.4,24.7479,34.7646,375.9,11011,,2026-01-20 07:06:14,000000024110640,776,0.0001,-0.0533436,-0.0519108,0.00168921,3345.48,,,True,CG6-0640|2026-01-20|L1|S240,field,MATCHED,D5:wor:1-240,2.52449
CG6-0640,393,414,241,2026-01-20,07:10:16,3344.21,1,0.0116,0.0015,3343.78,-6.6,-9.6,3.8509,-0.0513,0.0016,0.4853,0,60,0,25.3278,34.6252,149.4,24.7492,34.7625,382.7,11011,,2026-01-20 07:10:16,000000024110640,777,4.54747e-13,-0.0510189,-0.0495414,0.00175858,3344.21,,,True,CG6-0640|2026-01-20|L1|S241,field,MATCHED,D5:wor:1-241,2.86652
CG6-0640,394,415,242,2026-01-20,07:15:10,3342.55,1,0.0163,0.0021,3342.12,0.7,-2,3.8457,-0.0484,0.0002,0.4845,0,60,0,25.3278,34.6252,149.4,24.7504,34.7601,386.8,11011,,2026-01-20 07:15:10,000000024110640,778,4.54747e-13,-0.0481348,-0.0466029,0.00179711,3342.56,,,True,CG6-0640|2026-01-20|L1|S242,field,MATCHED,D5:wor:1-242,2.55745
CG6-0640,395,416,243,2026-01-20,07:19:17,3341.2,1,0.0107,0.0014,3340.76,-5.6,-11.4,3.849,-0.046,0.0019,0.485,0,60,0,25.3278,34.6252,149.4,24.7518,34.7581,392.2,11011,,2026-01-20 07:19:17,000000024110640,779,-4.54747e-13,-0.0456654,-0.0440895,0.00191049,3341.2,,,True,CG6-0640|2026-01-20|L1|S243,field,MATCHED,D5:wor:1-243,3.68077
CG6-0640,396,417,244,2026-01-20,07:24:08,3338.7,1,0.0282,0.0036,3338.26,-17.1,-7.8,3.8451,-0.043,0.0041,0.4846,0,60,0,25.3278,34.6252,149.4,24.7524,34.7548,407.4,11011,,2026-01-20 07:24:08,000000024110640,780,4.54747e-13,-0.0427072,-0.0410805,0.00191953,3338.7,,,True,CG6-0640|2026-01-20|L1|S244,field,MATCHED,D5:wor:1-244,5.03245
CG6-0640,397,418,245,2026-01-20,07:28:16,3337.82,1,0.0219,0.0028,3337.38,0.6,-13.1,3.8457,-0.0404,0.0021,0.4846,0,60,0,25.3278,34.6252,149.4,24.7537,34.7538,406.2,11011,,2026-01-20 07:28:16,000000024110640,781,-0.0001,-0.040149,-0.0384769,0.00192314,3337.83,,,True,CG6-0640|2026-01-20|L1|S245,field,MATCHED,D5:wor:1-245,2.62326
CG6-0640,398,419,246,2026-01-20,07:37:33,3346.52,1,0.0415,0.0054,3346.05,16.9,-26.2,3.8451,-0.0346,0.0156,0.4844,0,60,0,25.3278,34.6252,149.4,24.747,34.7668,386.6,11011,,2026-01-20 07:37:33,000000024110640,782,0,-0.0342998,-0.032465,0.00213499,3346.52,,TILT_GT_20,True,CG6-0640|2026-01-20|L1|S246,field,MATCHED,D5:wor:1-246,2.07644
CG6-0640,399,420,247,2026-01-20,07:41:29,3345.59,1,0.0214,0.0028,3345.13,11.7,3.1,3.8474,-0.0321,0.0018,0.4848,0,60,0,25.3278,34.6252,149.4,24.7459,34.7649,381.6,11011,,2026-01-20 07:41:29,000000024110640,783,-4.54747e-13,-0.0317869,-0.029907,0.00219298,3345.59,,,True,CG6-0640|2026-01-20|L1|S247,field,MATCHED,D5:wor:1-247,3.12568
CG6-0640,400,421,248,2026-01-20,07:45:21,3345,1,0.013,0.0017,3344.54,0.9,-3.6,3.8463,-0.0296,0.0002,0.4847,0,60,0,25.3278,34.6252,149.4,24.745,34.7632,379.8,11011,,2026-01-20 07:45:21,000000024110640,784,-4.54747e-13,-0.0293014,-0.0273781,0.00222187,3345,,,True,CG6-0640|2026-01-20|L1|S248,field,MATCHED,D5:wor:1-248,5.46319
CG6-0640,401,422,249,2026-01-20,07:49:47,3343.83,1,0.0164,0.0021,3343.37,9,-9.2,3.8458,-0.0267,0.002,0.4846,0,60,0,25.3278,34.6252,149.4,24.744,34.7612,393.6,11011,,2026-01-20 07:49:47,000000024110640,785,-0.0001,-0.0264374,-0.0244652,0.00223479,3343.83,,,True,CG6-0640|2026-01-20|L1|S249,field,MATCHED,D5:wor:1-249,2.44548
CG6-0640,402,423,250,2026-01-20,07:54:02,3343.11,1,0.0151,0.002,3342.65,3.7,0.7,3.8488,-0.024,0.0003,0.485,0,60,0,25.3278,34.6252,149.4,24.7437,34.7595,389.1,11011,,2026-01-20 07:54:02,000000024110640,786,-4.54747e-13,-0.023682,-0.0216648,0.0023352,3343.12,,,True,CG6-0640|2026-01-20|L1|S250,field,MATCHED,D5:wor:1-250,3.71209
CG6-0640,403,424,251,2026-01-20,07:59:49,3341.98,1,0.0145,0.0019,3341.52,12.1,-3.8,3.8429,-0.0202,0.0019,0.4844,0,60,0,25.3278,34.6252,149.4,24.7435,34.7575,395,11011,,2026-01-20 07:59:49,000000024110640,787,-0.0001,-0.0199251,-0.0178483,0.00235165,3341.99,,,True,CG6-0640|2026-01-20|L1|S251,field,MATCHED,D5:wor:1-251,1.56972
CG6-0640,404,425,252,2026-01-20,08:04:02,3340.94,1,0.0169,0.0022,3340.47,3.9,-1.9,3.8521,-0.0175,0.0003,0.4853,0,60,0,25.3278,34.6252,149.4,24.7444,34.7554,404.7,11011,,2026-01-20 08:04:02,000000024110640,788,0,-0.0171862,-0.0150719,0.0024281,3340.94,,,True,CG6-0640|2026-01-20|L1|S252,field,MATCHED,D5:wor:1-252,6.63632
CG6-0640,405,426,253,2026-01-20,08:07:44,3339.86,1,0.0156,0.002,3339.38,11.5,-5.7,3.852,-0.0151,0.002,0.4854,0,60,0,25.3278,34.6252,149.4,24.7444,34.7532,402.4,11011,,2026-01-20 08:07:44,000000024110640,789,0,-0.014787,-0.0126391,0.00246091,3339.86,,,True,CG6-0640|2026-01-20|L1|S253,field,MATCHED,D5:wor:1-253,1.54877
CG6-0640,406,427,254,2026-01-20,08:11:33,3338.82,1,0.0113,0.0015,3338.35,3,-0.2,3.854,-0.0126,0.0003,0.4856,0,60,0,25.3278,34.6252,149.4,24.7448,34.7512,407.9,11011,,2026-01-20 08:11:33,000000024110640,790,-0.0001,-0.0123193,-0.0101385,0.00246152,3338.82,,,True,CG6-0640|2026-01-20|L1|S254,field,MATCHED,D5:wor:1-254,3.24215
CG6-0640,407,428,255,2026-01-20,08:17:57,3338.12,1,0.0116,0.0015,3337.65,6.9,-9.8,3.8496,-0.0085,0.0018,0.4852,0,60,0,25.3278,34.6252,149.4,24.7449,34.7499,403.2,11011,,2026-01-20 08:17:57,000000024110640,791,-0.0001,-0.00820622,-0.00596458,0.00253542,3338.13,,,True,CG6-0640|2026-01-20|L1|S255,field,MATCHED,D5:wor:1-255,6.94056
CG6-0640,408,429,256,2026-01-20,08:23:26,3337.49,1,0.0139,0.0018,3337,-1.1,6.1,3.8641,-0.005,0.0004,0.4869,0,60,0,25.3278,34.6252,149.4,24.7468,34.7495,410,11011,,2026-01-20 08:23:26,000000024110640,792,0,-0.00471671,-0.00242916,0.00257084,3337.49,,,True,CG6-0640|2026-01-20|L1|S256,field,MATCHED,D5:wor:1-256,3.98075
CG6-0640,409,430,257,2026-01-20,08:27:55,3336.99,1,0.0142,0.0018,3336.5,14,13.8,3.8682,-0.0022,0.0046,0.4874,0,60,0,25.3278,34.6252,149.4,24.7477,34.7481,411.9,11011,,2026-01-20 08:27:55,000000024110640,793,0.0001,-0.00189396,0.000428802,0.0026288,3336.99,,,True,CG6-0640|2026-01-20|L1|S257,field,MATCHED,D5:wor:1-257,4.45599
CG6-0640,410,431,258,2026-01-20,08:33:05,3336.19,1,0.0193,0.0025,3335.7,5.1,3.9,3.871,0.001,0.0006,0.4878,0,60,0,25.3278,34.6252,149.4,24.7465,34.7469,411.7,11011,,2026-01-20 08:33:05,000000024110640,794,0,0.00131824,0.00368879,0.00268879,3336.19,,,True,CG6-0640|2026-01-20|L1|S258,field,MATCHED,D5:wor:1-258,3.50769
CG6-0640,411,432,259,2026-01-20,08:36:41,3336.8,1,0.0241,0.0031,3336.31,-11.8,8.9,3.8718,0.0032,0.0027,0.488,0,60,0,25.3278,34.6252,149.4,24.7458,34.7478,409.1,11011,,2026-01-20 08:36:41,000000024110640,795,0,0.00352683,0.00593324,0.00273324,3336.8,,,True,CG6-0640|2026-01-20|L1|S259,field,MATCHED,D5:wor:1-259,3.87116
CG6-0640,412,433,260,2026-01-20,08:41:15,3336.76,1,0.0154,0.002,3336.27,4,8.5,3.873,0.006,0.0012,0.488,0,60,0,25.3278,34.6252,149.4,24.7446,34.7482,412.4,11011,,2026-01-20 08:41:15,000000024110640,796,4.54747e-13,0.00628912,0.00873964,0.00273964,3336.77,,,True,CG6-0640|2026-01-20|L1|S260,field,MATCHED,D5:wor:1-260,2.6597
CG6-0640,413,434,261,2026-01-20,08:47:31,3335.5,1,0.0338,0.0044,3335,6.8,7.4,3.8594,0.0097,0.0013,0.4864,0,60,0,25.3278,34.6252,149.4,24.7429,34.7465,411.4,11011,,2026-01-20 08:47:31,000000024110640,797,4.54747e-13,0.00999952,0.0125025,0.00280253,3335.5,,,True,CG6-0640|2026-01-20|L1|S261,field,MATCHED,D5:wor:1-261,4.69668
CG6-0640,414,435,262,2026-01-20,08:51:11,3335.9,1,0.0162,0.0021,3335.4,1.3,-2.3,3.8703,0.0119,0.0001,0.4878,0,60,0,25.3278,34.6252,149.4,24.7423,34.7473,412.5,11011,,2026-01-20 08:51:11,000000024110640,798,0,0.012123,0.0146584,0.00275842,3335.91,,,True,CG6-0640|2026-01-20|L1|S262,field,MATCHED,D5:wor:1-262,3.33705
CG6-0640,415,436,263,2026-01-20,08:57:15,3334.52,1,0.016,0.0021,3334.02,-4.1,11.2,3.865,0.0153,0.0017,0.4872,0,60,0,25.3278,34.6252,149.4,24.742,34.7451,422.1,11011,,2026-01-20 08:57:15,000000024110640,799,-0.0001,0.0155514,0.0181272,0.00282721,3334.52,,,True,CG6-0640|2026-01-20|L1|S263,field,MATCHED,D5:wor:1-263,4.03566
CG6-0640,416,437,264,2026-01-20,09:01:14,3334.58,1,0.0136,0.0018,3334.08,-0.1,5.3,3.8713,0.0175,0.0004,0.4878,0,60,0,25.3278,34.6252,149.4,24.7411,34.7458,425.4,11011,,2026-01-20 09:01:14,000000024110640,800,0,0.0177405,0.0203489,0.00284887,3334.59,,,True,CG6-0640|2026-01-20|L1|S264,field,MATCHED,D5:wor:1-264,0.90405
CG6-0640,417,438,265,2026-01-20,09:07:54,3332.8,1,0.014,0.0018,3332.29,10.6,7.2,3.8613,0.021,0.002,0.4866,0,60,0,25.3278,34.6252,149.4,24.7401,34.7429,418.1,11011,,2026-01-20 09:07:54,000000024110640,801,-0.0001,0.0212849,0.0239343,0.00293431,3332.8,,,True,CG6-0640|2026-01-20|L1|S265,field,MATCHED,D5:wor:1-265,3.34458
CG6-0640,418,439,266,2026-01-20,09:11:07,3333.1,1,0.017,0.0022,3332.58,8.1,7.3,3.8694,0.0227,0.0015,0.4876,0,60,0,25.3278,34.6252,149.4,24.7395,34.7437,418.5,11011,,2026-01-20 09:11:07,000000024110640,802,4.54747e-13,0.0229383,0.025611,0.00291102,3333.1,,,True,CG6-0640|2026-01-20|L1|S266,field,MATCHED,D5:wor:1-266,1.6309
CG6-0640,419,440,267,2026-01-20,09:17:50,3332.27,1,0.0265,0.0034,3331.75,-11.3,-11.9,3.8637,0.026,0.0032,0.487,0,60,0,25.3278,34.6252,149.4,24.7375,34.743,418.7,11011,,2026-01-20 09:17:50,000000024110640,803,0,0.0262633,0.0289812,0.00298118,3332.27,,,True,CG6-0640|2026-01-20|L1|S267,field,MATCHED,D5:wor:1-267,4.98784
CG6-0640,420,441,268,2026-01-20,09:23:08,3331.68,1,0.0204,0.0026,3331.16,13.1,11.4,3.8733,0.0285,0.0036,0.4881,0,60,0,25.3278,34.6252,149.4,24.7385,34.7414,420.9,11011,,2026-01-20 09:23:08,000000024110640,804,0,0.0287587,0.0314966,0.00299659,3331.69,,,True,CG6-0640|2026-01-20|L1|S268,field,MATCHED,D5:wor:1-268,2.08127
CG6-0640,421,442,269,2026-01-20,09:27:57,3330.88,1,0.0171,0.0022,3330.35,-23.5,2.1,3.8766,0.0307,0.0066,0.4885,0,60,0,25.3278,34.6252,149.4,24.7392,34.7398,420,11011,,2026-01-20 09:27:57,000000024110640,805,4.54747e-13,0.0309228,0.0336772,0.00297718,3330.88,,TILT_GT_20,True,CG6-0640|2026-01-20|L1|S269,field,MATCHED,D5:wor:1-269,5.02383
CG6-0640,422,443,270,2026-01-20,09:34:22,3329.62,1,0.0279,0.0036,3329.09,5.7,0.5,3.8807,0.0334,0.0005,0.4889,0,60,0,25.3278,34.6252,149.4,24.7409,34.7391,414.1,11011,,2026-01-20 09:34:22,000000024110640,806,4.54747e-13,0.0336446,0.0364172,0.00301715,3329.62,,,True,CG6-0640|2026-01-20|L1|S270,field,MATCHED,D5:wor:1-270,6.788
CG6-0640,423,444,271,2026-01-20,09:40:01,3328.77,1,0.0111,0.0014,3328.24,3.2,3.7,3.8852,0.0357,0.0003,0.4896,0,60,0,25.3278,34.6252,149.4,24.7417,34.7379,422.2,11011,,2026-01-20 09:40:01,000000024110640,807,0,0.035882,0.0386697,0.00296968,3328.77,,,True,CG6-0640|2026-01-20|L1|S271,field,MATCHED,D5:wor:1-271,7.31574
CG6-0640,424,445,272,2026-01-20,09:43:47,3327.87,1,0.012,0.0015,3327.34,14,4,3.8847,0.0371,0.0026,0.4895,0,60,0,25.3278,34.6252,149.4,24.7415,34.7369,431.3,11011,,2026-01-20 09:43:47,000000024110640,808,0,0.0372875,0.0400866,0.0029866,3327.87,,,True,CG6-0640|2026-01-20|L1|S272,field,MATCHED,D5:wor:1-272,5.30321
CG6-0640,425,446,273,2026-01-20,09:48:09,3328.06,1,0.0344,0.0044,3327.53,9.3,5.1,3.883,0.0387,0.0015,0.4895,0,60,0,25.3278,34.6252,149.4,24.7402,34.7367,429.5,11011,,2026-01-20 09:48:09,000000024110640,809,-0.0001,0.0388281,0.0416452,0.00294524,3328.06,,,True,CG6-0640|2026-01-20|L1|S273,field,MATCHED,D5:wor:1-273,6.31506
CG6-0640,426,447,274,2026-01-20,09:51:56,3328.48,1,0.0274,0.0035,3327.95,6.1,10.7,3.8816,0.0399,0.0018,0.4892,0,60,0,25.3278,34.6252,149.4,24.7393,34.7363,426.6,11011,,2026-01-20 09:51:56,000000024110640,810,-4.54747e-13,0.040084,0.0429141,0.0030141,3328.49,,,True,CG6-0640|2026-01-20|L1|S274,field,MATCHED,D5:wor:1-274,6.40371
CG6-0640,427,448,275,2026-01-20,09:56:26,3327.49,1,0.0171,0.0022,3326.96,4.4,2.1,3.8813,0.0413,0.0004,0.4891,0,60,0,25.3278,34.6252,149.4,24.7381,34.7354,437.5,11011,,2026-01-20 09:56:26,000000024110640,811,4.54747e-13,0.0414802,0.0443243,0.00302428,3327.49,,,True,CG6-0640|2026-01-20|L1|S275,field,MATCHED,D5:wor:1-275,5.52441
CG6-0640,428,449,276,2026-01-20,09:59:51,3326.85,1,0.022,0.0028,3326.32,0.7,5.4,3.8803,0.0423,0.0005,0.489,0,60,0,25.3278,34.6252,149.4,24.7372,34.7351,438.2,11011,,2026-01-20 09:59:51,000000024110640,812,0,0.042468,0.0453217,0.00302172,3326.85,,,True,CG6-0640|2026-01-20|L1|S276,field,MATCHED,D5:wor:1-276,3.4986
CG6-0640,429,450,277,2026-01-20,10:04:17,3326.28,1,0.0118,0.0015,3325.74,-13,7.8,3.8809,0.0435,0.0028,0.4891,0,60,0,25.3278,34.6252,149.4,24.7357,34.7348,438.7,11011,,2026-01-20 10:04:17,000000024110640,813,0.0001,0.0436552,0.0465218,0.00302182,3326.28,,,True,CG6-0640|2026-01-20|L1|S277,field,MATCHED,D5:wor:1-277,3.87648
CG6-0640,430,451,278,2026-01-20,10:08:17,3325.2,1,0.014,0.0018,3324.67,-4.4,4.9,3.8798,0.0445,0.0006,0.4891,0,60,0,25.3278,34.6252,149.4,24.7344,34.7348,440.6,11011,,2026-01-20 10:08:17,000000024110640,814,-0.0001,0.0446329,0.0475094,0.00300941,3325.2,,,True,CG6-0640|2026-01-20|L1|S278,field,MATCHED,D5:wor:1-278,3.93482
CG6-0640,431,452,279,2026-01-20,10:11:47,3324.91,1,0.0145,0.0019,3324.38,11.1,5.4,3.8825,0.0453,0.0018,0.4892,0,60,0,25.3278,34.6252,149.4,24.7337,34.7348,440.1,11011,,2026-01-20 10:11:47,000000024110640,815,0,0.0454148,0.048297,0.00299697,3324.92,,,True,CG6-0640|2026-01-20|L1|S279,field,MATCHED,D5:wor:1-279,5.9833
CG6-0640,432,453,280,2026-01-20,10:15:53,3324.96,1,0.0546,0.007,3324.42,13.4,7.6,3.8821,0.0461,0.0028,0.4893,0,60,0,25.3278,34.6252,149.4,24.7325,34.7359,439.4,11011,,2026-01-20 10:15:53,000000024110640,816,-4.54747e-13,0.0462421,0.0491317,0.00303169,3324.96,,STDDEV_GT_0.050,True,CG6-0640|2026-01-20|L1|S280,field,MATCHED,D5:wor:1-280,5.26642
CG6-0640,433,454,281,2026-01-20,10:20:39,3325.22,1,0.0208,0.0027,3324.69,-0.2,0.5,3.8905,0.047,0,0.4902,0,60,0,25.3278,34.6252,149.4,24.7312,34.7366,436.7,11011,,2026-01-20 10:20:39,000000024110640,817,-4.54747e-13,0.0470823,0.0499775,0.00297745,3325.23,,,True,CG6-0640|2026-01-20|L1|S281,field,MATCHED,D5:wor:1-281,5.14849
CG6-0640,434,455,282,2026-01-20,10:24:43,3327.37,1,0.0148,0.0019,3326.83,4.8,12.9,3.8917,0.0476,0.0022,0.4904,0,60,0,25.3278,34.6252,149.4,24.7314,34.7382,437,11011,,2026-01-20 10:24:43,000000024110640,818,0.0001,0.0476946,0.0505869,0.00298693,3327.38,,,True,CG6-0640|2026-01-20|L1|S282,field,MATCHED,D5:wor:1-282,4.93085
CG6-0640,435,456,283,2026-01-20,10:28:53,3328.97,1,0.0565,0.0073,3328.43,6.3,-4.1,3.8957,0.0482,0.0012,0.4909,0,60,0,25.3278,34.6252,149.4,24.7325,34.7398,431.9,11011,,2026-01-20 10:28:53,000000024110640,819,0,0.0482212,0.0511047,0.00290473,3328.97,,STDDEV_GT_0.050,True,CG6-0640|2026-01-20|L1|S283,field,MATCHED,D5:wor:1-283,5.5131
CG6-0640,436,457,284,2026-01-20,10:33:38,3329.2,1,0.0213,0.0027,3328.66,-0.8,0.5,3.899,0.0486,0.0001,0.4913,0,60,0,25.3278,34.6252,149.4,24.7323,34.7409,432,11011,,2026-01-20 10:33:38,000000024110640,820,0,0.048696,0.0515735,0.00297345,3329.2,,,True,CG6-0640|2026-01-20|L1|S284,field,MATCHED,D5:wor:1-284,5.3426
CG6-0640,437,458,285,2026-01-20,10:37:25,3328.83,1,0.0205,0.0026,3328.26,33.4,-30.8,3.8981,0.0489,0.024,0.4913,0,60,0,25.3278,34.6252,149.4,24.731,34.7412,433.1,11011,,2026-01-20 10:37:25,000000024110640,821,-0.0001,0.0489781,0.0518542,0.00295423,3328.83,TILT_GT_30,,False,CG6-0640|2026-01-20|L1|S285,field,MATCHED,D5:wor:1-285,6.75204
CG6-0640,438,459,286,2026-01-20,10:40:38,3328.2,1,0.0162,0.0021,3327.65,-0.1,10.3,3.8993,0.0491,0.0013,0.4914,0,60,0,25.3278,34.6252,149.4,24.7299,34.7413,436.6,11011,,2026-01-20 10:40:38,000000024110640,822,0,0.0491506,0.052025,0.00292501,3328.2,,,True,CG6-0640|2026-01-20|L1|S286,field,MATCHED,D5:wor:1-286,5.85183
CG6-0640,439,460,287,2026-01-20,10:44:02,3328.02,1,0.0144,0.0019,3327.47,5.8,18.5,3.9004,0.0492,0.0044,0.4915,0,60,0,25.3278,34.6252,149.4,24.7291,34.7423,429.6,11011,,2026-01-20 10:44:02,000000024110640,823,4.54747e-13,0.0492654,0.0521346,0.00293458,3328.02,,,True,CG6-0640|2026-01-20|L1|S287,field,MATCHED,D5:wor:1-287,6.32004
CG6-0640,440,461,288,2026-01-20,10:47:10,3328.34,1,0.0128,0.0017,3327.8,4.7,9.5,3.9015,0.0493,0.0014,0.4915,0,60,0,25.3278,34.6252,149.4,24.7297,34.7432,431.2,11011,,2026-01-20 10:47:10,000000024110640,824,0.0001,0.0493098,0.0521668,0.00286684,3328.34,,,True,CG6-0640|2026-01-20|L1|S288,field,MATCHED,D5:wor:1-288,4.602
CG6-0640,441,462,289,2026-01-20,10:50:55,3328.92,1,0.0119,0.0015,3328.38,6.1,1.1,3.9016,0.0493,0.0005,0.4917,0,60,0,25.3278,34.6252,149.4,24.7311,34.7435,430.7,11011,,2026-01-20 10:50:55,000000024110640,825,-4.54747e-13,0.0492854,0.0521232,0.00282315,3328.93,,,True,CG6-0640|2026-01-20|L1|S289,field,MATCHED,D5:wor:1-289,2.81872
CG6-0640,442,463,290,2026-01-20,10:54:58,3330.43,1,0.0161,0.0021,3329.89,3.9,12.4,3.9016,0.0492,0.002,0.4917,0,60,0,25.3278,34.6252,149.4,24.7327,34.7441,425.5,11011,,2026-01-20 10:54:58,000000024110640,826,-0.0001,0.0491641,0.0519795,0.00277945,3330.44,,,True,CG6-0640|2026-01-20|L1|S290,field,MATCHED,D5:wor:1-290,7.40064
CG6-0640,443,464,291,2026-01-20,10:59:12,3332.02,1,0.0157,0.002,3331.48,0.2,13.5,3.9036,0.0489,0.0023,0.4918,0,60,0,25.3278,34.6252,149.4,24.7345,34.7446,425,11011,,2026-01-20 10:59:12,000000024110640,827,4.54747e-13,0.0489323,0.051722,0.00282195,3332.02,,,True,CG6-0640|2026-01-20|L1|S291,field,MATCHED,D5:kml:1-291,2.44939
CG6-0640,444,465,292,2026-01-20,11:12:55,3330.83,1,0.0137,0.0018,3330.29,4.6,-11.2,3.8736,0.0475,0.0017,0.4881,0,60,0,25.3278,34.6252,149.4,24.7327,34.7446,424.1,11011,,2026-01-20 11:12:55,000000024110640,828,0,0.0474489,0.0501807,0.00268073,3330.83,,,True,CG6-0640|2026-01-20|L1|S292,field,MATCHED,D5:wor:1-292,4.71028
CG6-0640,445,466,293,2026-01-20,11:20:42,3326.68,1,0.0222,0.0029,3326.14,8.9,1.9,3.8725,0.0462,0.001,0.488,0,60,0,25.3278,34.6252,149.4,24.7268,34.7427,434.9,11011,,2026-01-20 11:20:42,000000024110640,829,0,0.0461166,0.0488328,0.00263277,3326.68,,,True,CG6-0640|2026-01-20|L1|S293,field,MATCHED,D5:wor:1-293,5.35989
CG6-0640,446,467,294,2026-01-20,11:25:55,3325.44,1,0.0163,0.0021,3324.9,10.9,-1.6,3.8781,0.0451,0.0016,0.4886,0,60,0,25.3278,34.6252,149.4,24.7242,34.7416,439.5,11011,,2026-01-20 11:25:55,000000024110640,830,0,0.045029,0.0477258,0.00262581,3325.44,,,True,CG6-0640|2026-01-20|L1|S294,field,MATCHED,D5:wor:1-294,2.15188
CG6-0640,447,468,295,2026-01-20,11:30:14,3322.45,1,0.0308,0.004,3321.92,6.1,-9.5,3.8807,0.0441,0.0015,0.4889,0,60,0,25.3278,34.6252,149.4,24.7226,34.74,439.6,11011,,2026-01-20 11:30:14,000000024110640,831,0,0.0440131,0.0466903,0.00259034,3322.46,,,True,CG6-0640|2026-01-20|L1|S295,field,MATCHED,D5:wor:1-295,0.991292
CG6-0640,448,469,296,2026-01-20,11:33:47,3320.26,1,0.0291,0.0038,3319.73,6.7,-3.3,3.8782,0.0432,0.0008,0.4886,0,60,0,25.3278,34.6252,149.4,24.7214,34.7374,451.7,11011,,2026-01-20 11:33:47,000000024110640,832,0,0.0431002,0.0457615,0.00256146,3320.27,,,True,CG6-0640|2026-01-20|L1|S296,field,MATCHED,D5:wor:1-296,2.64336
CG6-0640,449,470,297,2026-01-20,11:37:26,3319.07,1,0.0149,0.0019,3318.53,-24.5,6.8,3.8778,0.0422,0.0076,0.4886,0,60,0,25.3278,34.6252,149.4,24.7191,34.7365,449.2,11011,,2026-01-20 11:37:26,000000024110640,833,0,0.0420898,0.0447364,0.00253644,3319.07,,TILT_GT_20,True,CG6-0640|2026-01-20|L1|S297,field,MATCHED,D5:wor:1-297,5.50657
CG6-0640,450,471,298,2026-01-20,11:40:36,3318.01,1,0.0192,0.0025,3317.48,12.3,0.8,3.877,0.0413,0.0018,0.4885,0,60,0,25.3278,34.6252,149.4,24.7169,34.7358,453.1,11011,,2026-01-20 11:40:36,000000024110640,834,4.54747e-13,0.0411551,0.0437893,0.00248926,3318.01,,,True,CG6-0640|2026-01-20|L1|S298,field,MATCHED,D5:wor:1-298,5.32245
CG6-0640,451,472,299,2026-01-20,11:44:51,3317.26,1,0.0265,0.0034,3316.73,9.5,-5.9,3.8826,0.0399,0.0015,0.4891,0,60,0,25.3278,34.6252,149.4,24.7138,34.7361,455.9,11011,,2026-01-20 11:44:51,000000024110640,835,0.0001,0.0398173,0.0424323,0.00253235,3317.26,,,True,CG6-0640|2026-01-20|L1|S299,field,MATCHED,D5:wor:1-299,4.24065
CG6-0640,452,473,300,2026-01-20,11:47:54,3316.44,1,0.0151,0.0019,3315.9,4,10.3,3.8903,0.0389,0.0015,0.4902,0,60,0,25.3278,34.6252,149.4,24.713,34.7358,466.5,11011,,2026-01-20 11:47:54,000000024110640,836,0.0001,0.0387995,0.0413943,0.00249433,3316.44,,,True,CG6-0640|2026-01-20|L1|S300,field,MATCHED,D5:wor:1-300,1.27352
CG6-0640,453,474,301,2026-01-20,12:04:25,3342.53,1,0.0173,0.0022,3342,2.7,-14.2,3.8797,0.0327,0.0025,0.4888,0,60,0,25.3278,34.6252,149.4,24.7438,34.7585,394.9,11011,,2026-01-20 12:04:25,000000024110640,837,-4.54747e-13,0.0324883,0.0347671,0.0020671,3342.53,,,True,CG6-0640|2026-01-20|L1|S301,field,MATCHED,D5:wor:1-301,2.43007
CG6-0640,454,475,302,2026-01-20,12:08:50,3342.36,1,0.056,0.0072,3341.83,-1,-5.4,3.8821,0.0308,0.0004,0.4892,0,60,0,25.3278,34.6252,149.4,24.7413,34.7593,393.6,11011,,2026-01-20 12:08:50,000000024110640,838,4.54747e-13,0.0305843,0.0328312,0.00203119,3342.36,,STDDEV_GT_0.050,True,CG6-0640|2026-01-20|L1|S302,field,MATCHED,D5:wor:1-302,7.00778
CG6-0640,455,476,303,2026-01-20,12:12:32,3342.28,1,0.0713,0.0092,3341.76,5.6,7.6,3.8933,0.0291,0.0011,0.4905,0,60,0,25.3278,34.6252,149.4,24.739,34.7596,393.5,11011,,2026-01-20 12:12:32,000000024110640,839,-4.54747e-13,0.0289234,0.031144,0.00204404,3342.29,,STDDEV_GT_0.050,True,CG6-0640|2026-01-20|L1|S303,field,MATCHED,D5:wor:1-303,3.03937
CG6-0640,456,477,304,2026-01-20,12:16:29,3341.44,1,0.0136,0.0018,3340.92,1,6.6,3.8977,0.0273,0.0005,0.4911,0,60,0,25.3278,34.6252,149.4,24.7366,34.7594,400.8,11011,,2026-01-20 12:16:29,000000024110640,840,-4.54747e-13,0.0270864,0.0292785,0.00197849,3341.44,,,True,CG6-0640|2026-01-20|L1|S304,field,MATCHED,D5:wor:1-304,3.97652
CG6-0640,457,478,305,2026-01-20,12:20:03,3340.87,1,0.0213,0.0028,3340.36,5.6,-6.4,3.8987,0.0256,0.0009,0.4913,0,60,0,25.3278,34.6252,149.4,24.7346,34.7612,404.4,11011,,2026-01-20 12:20:03,000000024110640,841,0.0001,0.0253731,0.0275339,0.00193392,3340.87,,,True,CG6-0640|2026-01-20|L1|S305,field,MATCHED,D5:wor:1-305,4.37801
CG6-0640,458,479,306,2026-01-20,12:23:10,3340.18,1,0.0147,0.0019,3339.66,5.5,3.9,3.9034,0.024,0.0006,0.4919,0,60,0,25.3278,34.6252,149.4,24.7323,34.762,403.1,11011,,2026-01-20 12:23:10,000000024110640,842,0,0.0238351,0.025972,0.00197198,3340.18,,,True,CG6-0640|2026-01-20|L1|S306,field,MATCHED,D5:wor:1-306,4.57394
CG6-0640,459,480,307,2026-01-20,12:27:01,3339.1,1,0.0154,0.002,3338.59,-14.7,-10.1,3.906,0.0221,0.0037,0.4922,0,60,0,25.3278,34.6252,149.4,24.7301,34.7625,411.7,11011,,2026-01-20 12:27:01,000000024110640,843,-4.54747e-13,0.0218846,0.0239891,0.00188907,3339.11,,,True,CG6-0640|2026-01-20|L1|S307,field,MATCHED,D5:wor:1-307,4.86579
CG6-0640,460,481,308,2026-01-20,12:30:45,3337.94,1,0.021,0.0027,3337.42,-1.3,-8.6,3.909,0.0201,0.0009,0.4926,0,60,0,25.3278,34.6252,149.4,24.7279,34.7632,413.6,11011,,2026-01-20 12:30:45,000000024110640,844,0,0.019942,0.0220141,0.00191407,3337.94,,,True,CG6-0640|2026-01-20|L1|S308,field,MATCHED,D5:wor:1-308,7.43419
CG6-0640,461,482,309,2026-01-20,12:33:55,3336.8,1,0.0164,0.0021,3336.29,-3.8,-9.6,3.909,0.0185,0.0013,0.4926,0,60,0,25.3278,34.6252,149.4,24.7258,34.7645,417.9,11011,,2026-01-20 12:33:55,000000024110640,845,-0.0001,0.0182566,0.0202996,0.00179963,3336.8,,,True,CG6-0640|2026-01-20|L1|S309,field,MATCHED,D5:wor:1-309,3.62648
CG6-0640,462,483,310,2026-01-20,12:37:32,3335.56,1,0.0235,0.003,3335.05,7,-2,3.9112,0.0165,0.0006,0.4927,0,60,0,25.3278,34.6252,149.4,24.724,34.7658,428.4,11011,,2026-01-20 12:37:32,000000024110640,846,0.0001,0.0162913,0.0182987,0.00179873,3335.57,,,True,CG6-0640|2026-01-20|L1|S310,field,MATCHED,D5:wor:1-310,6.05541
CG6-0640,463,484,311,2026-01-20,12:41:01,3333.9,1,0.0226,0.0029,3333.38,15.9,-10.8,3.9135,0.0146,0.0046,0.4931,0,60,0,25.3278,34.6252,149.4,24.7213,34.7657,423.4,11011,,2026-01-20 12:41:01,000000024110640,847,0,0.0143598,0.0163391,0.00173914,3333.9,,,True,CG6-0640|2026-01-20|L1|S311,field,MATCHED,D5:wor:1-311,6.82442
CG6-0640,464,485,312,2026-01-20,12:44:22,3332.45,1,0.0232,0.003,3331.95,0.9,-8.5,3.9136,0.0127,0.0009,0.4932,0,60,0,25.3278,34.6252,149.4,24.7191,34.7667,433.7,11011,,2026-01-20 12:44:22,000000024110640,848,0,0.0124684,0.0144164,0.00171636,3332.45,,,True,CG6-0640|2026-01-20|L1|S312,field,MATCHED,D5:wor:1-312,8.31198
CG6-0640,465,486,313,2026-01-20,12:47:28,3331.26,1,0.0263,0.0034,3330.76,-4.8,-2.6,3.9132,0.0109,0.0004,0.4931,0,60,0,25.3278,34.6252,149.4,24.7173,34.7683,438.1,11011,,2026-01-20 12:47:28,000000024110640,849,0.0001,0.0106902,0.0126056,0.00170557,3331.26,,,True,CG6-0640|2026-01-20|L1|S313,field,MATCHED,D5:wor:1-313,6.88274
CG6-0640,466,487,314,2026-01-20,12:50:58,3330.16,1,0.0431,0.0056,3329.66,-0.4,-5.8,3.9154,0.0089,0.0004,0.4934,0,60,0,25.3278,34.6252,149.4,24.7164,34.7707,440.3,11011,,2026-01-20 12:50:58,000000024110640,850,4.54747e-13,0.00865233,0.0105249,0.00162495,3330.16,,,True,CG6-0640|2026-01-20|L1|S314,field,MATCHED,D5:wor:1-314,6.00164
CG6-0640,467,488,315,2026-01-20,12:54:31,3328.87,1,0.0254,0.0033,3328.37,9,-5.1,3.9148,0.0068,0.0013,0.4934,0,60,0,25.3278,34.6252,149.4,24.715,34.7726,455.1,11011,,2026-01-20 12:54:31,000000024110640,851,-0.0001,0.00655463,0.00838641,0.00158641,3328.87,,,True,CG6-0640|2026-01-20|L1|S315,field,MATCHED,D5:wor:1-315,7.00251
CG6-0640,468,489,316,2026-01-20,12:58:58,3326.32,1,0.0194,0.0025,3325.82,-1.1,-9.3,3.9177,0.0041,0.001,0.4936,0,60,0,25.3278,34.6252,149.4,24.7136,34.7748,463.2,11011,,2026-01-20 12:58:58,000000024110640,852,0.0001,0.00388504,0.00566406,0.00156406,3326.32,,,True,CG6-0640|2026-01-20|L1|S316,field,MATCHED,D5:wor:1-316,2.7887
CG6-0640,469,490,317,2026-01-20,13:09:32,3328.17,1,0.0138,0.0018,3327.67,-6.1,-5.3,3.9132,-0.0024,0.0008,0.4932,0,60,0,25.3278,34.6252,149.4,24.7132,34.7767,458.7,11011,,2026-01-20 13:09:32,000000024110640,853,0,-0.00260638,-0.000956197,0.0014438,3328.17,,,True,CG6-0640|2026-01-20|L1|S317,field,MATCHED,D5:wor:1-317,7.37635
CG6-0640,470,491,318,2026-01-20,13:13:29,3328.72,1,0.0225,0.0029,3328.23,6.3,-7.6,3.9077,-0.0048,0.0012,0.4925,0,60,0,25.3278,34.6252,149.4,24.7114,34.7783,450.6,11011,,2026-01-20 13:13:29,000000024110640,854,-0.0001,-0.0050782,-0.00347321,0.00132679,3328.72,,,True,CG6-0640|2026-01-20|L1|S318,field,MATCHED,D5:wor:1-318,5.35699
CG6-0640,471,492,319,2026-01-20,13:17:32,3329.87,1,0.0694,0.009,3329.38,18.9,14.8,3.907,-0.0074,0.0071,0.4923,0,60,0,25.3278,34.6252,149.4,24.7101,34.7799,442.3,11011,,2026-01-20 13:17:32,000000024110640,855,0.0001,-0.0076326,-0.00607607,0.00132393,3329.87,,STDDEV_GT_0.050,True,CG6-0640|2026-01-20|L1|S319,field,MATCHED,D5:wor:1-319,7.696
CG6-0640,472,493,320,2026-01-20,13:22:38,3330.87,1,0.0122,0.0016,3330.39,3.8,-8.5,3.9032,-0.0106,0.001,0.4919,0,60,0,25.3278,34.6252,149.4,24.7087,34.7815,442.2,11011,,2026-01-20 13:22:38,000000024110640,856,0,-0.0108723,-0.00937699,0.00122301,3330.87,,,True,CG6-0640|2026-01-20|L1|S320,field,MATCHED,D5:wor:1-320,3.22638
CG6-0640,473,494,321,2026-01-20,13:26:33,3332.39,1,0.0179,0.0023,3331.91,1.4,-8.2,3.8979,-0.0131,0.0008,0.4911,0,60,0,25.3278,34.6252,149.4,24.7083,34.7839,430.3,11011,,2026-01-20 13:26:33,000000024110640,857,4.54747e-13,-0.0133734,-0.0119306,0.00116942,3332.39,,,True,CG6-0640|2026-01-20|L1|S321,field,MATCHED,D5:wor:1-321,6.07326
CG6-0640,474,495,100,2026-01-20,14:18:31,3407.01,0,0.0157,0.002,3406.56,-0.3,2.1,3.8835,-0.0457,0.0001,0.4894,0,60,0,25.3278,34.6252,149.4,24.7868,34.9338,101.7,11011,,2026-01-20 14:18:31,000000024110640,858,0,-0.0459363,-0.0456139,8.61239e-05,3407.01,,,True,CG6-0640|2026-01-20|L0|S100,field_base_100,MATCHED,D5:wor:Base100,6.42253
CG6-0640,475,496,100,2026-01-20,14:19:31,3407.01,0,0.0227,0.0029,3406.57,2.2,-1.4,3.8873,-0.0463,0.0001,0.4898,0,60,0,25.3278,34.6252,149.4,24.7868,34.9338,101.7,11011,,2026-01-20 14:19:31,000000024110640,858,0,-0.0465227,-0.0462077,9.23318e-05,3407.01,,,True,CG6-0640|2026-01-20|L0|S100,field_base_100,MATCHED,D5:wor:Base100,6.42253
CG6-0640,476,497,100,2026-01-20,14:20:31,3407.01,0,0.015,0.0019,3406.57,2.3,-3.4,3.8879,-0.0469,0.0002,0.4899,0,60,0,25.3278,34.6252,149.4,24.7868,34.9338,101.7,11011,,2026-01-20 14:20:31,000000024110640,858,0,-0.0471066,-0.0467988,0.000101154,3407.01,,,True,CG6-0640|2026-01-20|L0|S100,field_base_100,MATCHED,D5:wor:Base100,6.42253
CG6-0640,477,498,100,2026-01-20,14:21:31,3407.01,0,0.0146,0.0019,3406.57,3,-4.5,3.8893,-0.0475,0.0003,0.4901,0,60,0,25.3278,34.6252,149.4,24.7868,34.9338,101.7,11011,,2026-01-20 14:21:31,000000024110640,858,0.0001,-0.0476878,-0.0473874,0.000112645,3407.01,,,True,CG6-0640|2026-01-20|L0|S100,field_base_100,MATCHED,D5:wor:Base100,6.42253
CG6-0640,478,499,0,2026-01-20,16:05:29,3473.07,0,0.0176,0.0023,3472.66,-11.9,0.2,3.9269,-0.0847,0.0017,0.4949,0,60,0,25.3278,34.6252,149.4,25.0668,34.8777,43.6,11011,,2026-01-20 16:05:29,000000024110640,859,-4.54747e-13,-0.0846926,-0.0847118,-1.1817e-05,3473.07,,,True,CG6-0640|2026-01-20|L0|S0,hotel_base_0,MATCHED,D5:wor:Base0,10.8922
CG6-0640,479,500,0,2026-01-20,16:06:29,3473.08,0,0.02,0.0026,3472.67,-17.1,-0.8,3.9269,-0.0848,0.0034,0.4948,0,60,0,25.3278,34.6252,149.4,25.0668,34.8777,43.6,11011,,2026-01-20 16:06:29,000000024110640,859,0.0001,-0.0847502,-0.0847657,3.4331e-05,3473.08,,,True,CG6-0640|2026-01-20|L0|S0,hotel_base_0,MATCHED,D5:wor:Base0,10.8922
CG6-0640,480,501,0,2026-01-20,16:07:29,3473.08,0,0.0168,0.0022,3472.66,-18.6,-0.9,3.9241,-0.0848,0.004,0.4944,0,60,0,25.3278,34.6252,149.4,25.0668,34.8777,43.6,11011,,2026-01-20 16:07:29,000000024110640,859,4.54747e-13,-0.0848011,-0.0848128,-1.27748e-05,3473.08,,,True,CG6-0640|2026-01-20|L0|S0,hotel_base_0,MATCHED,D5:wor:Base0,10.8922
CG6-0640,481,502,0,2026-01-20,16:08:29,3473.08,0,0.0186,0.0024,3472.67,-19.6,-1.1,3.9232,-0.0849,0.0044,0.4943,0,60,0,25.3278,34.6252,149.4,25.0668,34.8777,43.6,11011,,2026-01-20 16:08:29,000000024110640,859,-0.0001,-0.0848452,-0.0848531,4.68819e-05,3473.08,,,True,CG6-0640|2026-01-20|L0|S0,hotel_base_0,MATCHED,D5:wor:Base0,10.8922
CG6-0640,482,503,0,2026-01-21,05:21:24,3473.07,0,0.0115,0.0015,3472.66,7.7,12.7,3.897,-0.0832,0.0026,0.4911,0,60,0,25.3278,34.6252,149.4,25.0668,34.8776,26.8,11011,,2026-01-21 05:21:24,000000024110640,860,0,-0.0832144,-0.083366,-0.000166035,3473.07,,,True,CG6-0640|2026-01-21|L0|S0,hotel_base_0,MATCHED,D6:wor:BASE 21-01-2026,4.81534
CG6-0640,483,504,0,2026-01-21,05:22:24,3473.07,0,0.0125,0.0016,3472.66,9.2,15.1,3.8974,-0.0833,0.0036,0.4911,0,60,0,25.3278,34.6252,149.4,25.0668,34.8776,26.8,11011,,2026-01-21 05:22:24,000000024110640,860,0.0001,-0.0833753,-0.0835178,-0.00021776,3473.07,,,True,CG6-0640|2026-01-21|L0|S0,hotel_base_0,MATCHED,D6:wor:BASE 21-01-2026,4.81534
CG6-0640,484,505,0,2026-01-21,05:23:24,3473.07,0,0.0149,0.0019,3472.66,10.3,15.4,3.8971,-0.0835,0.004,0.491,0,60,0,25.3278,34.6252,149.4,25.0668,34.8776,26.7,11011,,2026-01-21 05:23:24,000000024110640,860,4.54747e-13,-0.0835292,-0.0836625,-0.000162496,3473.07,,,True,CG6-0640|2026-01-21|L0|S0,hotel_base_0,MATCHED,D6:wor:BASE 21-01-2026,4.81534
CG6-0640,485,506,0,2026-01-21,05:24:24,3473.07,0,0.0103,0.0013,3472.66,10.4,15.4,3.8963,-0.0836,0.0039,0.4908,0,60,0,25.3278,34.6252,149.4,25.0668,34.8776,26.7,11011,,2026-01-21 05:24:24,000000024110640,860,-4.54747e-13,-0.0836762,-0.0838002,-0.000200248,3473.07,,,True,CG6-0640|2026-01-21|L0|S0,hotel_base_0,MATCHED,D6:wor:BASE 21-01-2026,4.81534
CG6-0640,486,507,100,2026-01-21,07:28:16,3407,0,0.0121,0.0016,3406.55,5.6,0.8,3.9441,-0.0532,0.0004,0.497,0,60,0,25.3278,34.6252,149.4,24.7868,34.9337,106.8,11011,,2026-01-21 07:28:16,000000024110640,861,0,-0.0528791,-0.0511987,0.00200126,3407,,,True,CG6-0640|2026-01-21|L0|S100,field_base_100,MATCHED,D6:wor:Base 100,3.78159
CG6-0640,487,508,100,2026-01-21,07:29:16,3407,0,0.0131,0.0017,3406.55,9.4,2.2,3.9432,-0.0526,0.0011,0.4968,0,60,0,25.3278,34.6252,149.4,24.7868,34.9337,106.8,11011,,2026-01-21 07:29:16,000000024110640,861,0,-0.0523096,-0.0506154,0.00198455,3407,,,True,CG6-0640|2026-01-21|L0|S100,field_base_100,MATCHED,D6:wor:Base 100,3.78159
CG6-0640,488,509,100,2026-01-21,07:30:16,3407,0,0.0127,0.0016,3406.55,11.6,3.1,3.9428,-0.052,0.0017,0.4967,0,60,0,25.3278,34.6252,149.4,24.7868,34.9337,106.8,11011,,2026-01-21 07:30:16,000000024110640,861,0,-0.0517368,-0.0500288,0.00197123,3407,,,True,CG6-0640|2026-01-21|L0|S100,field_base_100,MATCHED,D6:wor:Base 100,3.78159
CG6-0640,489,510,100,2026-01-21,07:31:16,3407,0,0.0109,0.0014,3406.55,13.7,3.4,3.9405,-0.0514,0.0023,0.4965,0,60,0,25.3278,34.6252,149.4,24.7868,34.9337,106.8,11011,,2026-01-21 07:31:16,000000024110640,861,-4.54747e-13,-0.0511605,-0.0494388,0.00196124,3407,,,True,CG6-0640|2026-01-21|L0|S100,field_base_100,MATCHED,D6:wor:Base 100,3.78159
CG6-0640,490,511,322,2026-01-21,09:19:41,3315.72,1,0.0541,0.007,3315.21,-5.2,9,3.8929,0.0192,0.0014,0.4905,0,60,0,25.3278,34.6252,149.4,24.7125,34.7354,485.4,11011,,2026-01-21 09:19:41,000000024110640,862,0,0.0194732,0.0220148,0.00281475,3315.72,,STDDEV_GT_0.050,True,CG6-0640|2026-01-21|L1|S322,field,UNMATCHED_GT_30M,D6:wor:1-346,2870.8
CG6-0640,491,512,323,2026-01-21,09:24:29,3315.41,1,0.0221,0.0029,3314.9,6.9,9.2,3.9067,0.0221,0.0016,0.4923,0,60,0,25.3278,34.6252,149.4,24.7111,34.7358,483,11011,,2026-01-21 09:24:29,000000024110640,863,0.0001,0.0223979,0.0249819,0.0028819,3315.42,,,True,CG6-0640|2026-01-21|L1|S323,field,UNMATCHED_GT_30M,D6:wor:1-345,2807.71
CG6-0640,492,513,324,2026-01-21,09:28:27,3315.02,1,0.0481,0.0062,3314.5,3.8,6.5,3.9018,0.0245,0.0008,0.4919,0,60,0,25.3278,34.6252,149.4,24.7103,34.737,478.6,11011,,2026-01-21 09:28:27,000000024110640,864,4.54747e-13,0.0247653,0.027384,0.00288399,3315.02,,,True,CG6-0640|2026-01-21|L1|S324,field,UNMATCHED_GT_30M,D6:wor:1-345,2675.46
CG6-0640,493,514,325,2026-01-21,09:33:20,3314.77,1,0.0249,0.0032,3314.25,3.3,0.8,3.9063,0.0273,0.0003,0.4922,0,60,0,25.3278,34.6252,149.4,24.7098,34.7361,471.4,11011,,2026-01-21 09:33:20,000000024110640,865,0.0001,0.0276133,0.0302656,0.00296556,3314.77,,,True,CG6-0640|2026-01-21|L1|S325,field,UNMATCHED_GT_30M,D6:wor:1-345,2754.99
CG6-0640,494,515,326,2026-01-21,09:38:14,3314.07,1,0.0323,0.0042,3313.54,-5.3,-1.1,3.9029,0.0301,0.0004,0.4918,0,60,0,25.3278,34.6252,149.4,24.7082,34.7368,465.4,11011,,2026-01-21 09:38:14,000000024110640,866,4.54747e-13,0.0303921,0.0330838,0.00298379,3314.07,,,True,CG6-0640|2026-01-21|L1|S326,field,UNMATCHED_GT_30M,D6:wor:1-345,2680.59
CG6-0640,495,516,327,2026-01-21,09:44:25,3313.55,1,0.0384,0.005,3313.03,-7.7,-4.9,3.9017,0.0335,0.001,0.4917,0,60,0,25.3278,34.6252,149.4,24.7067,34.7361,471.5,11011,,2026-01-21 09:44:25,000000024110640,867,-4.54747e-13,0.0337773,0.0365108,0.00301082,3313.56,,,True,CG6-0640|2026-01-21|L1|S327,field,UNMATCHED_GT_30M,D6:wor:1-345,2749.71
CG6-0640,496,517,328,2026-01-21,09:50:25,3312.8,1,0.0171,0.0022,3312.27,-5.5,4.5,3.9023,0.0367,0.0007,0.4918,0,60,0,25.3278,34.6252,149.4,24.7062,34.7352,480.3,11011,,2026-01-21 09:50:25,000000024110640,868,0,0.0369236,0.0396911,0.00299108,3312.8,,,True,CG6-0640|2026-01-21|L1|S328,field,UNMATCHED_GT_30M,D6:wor:1-345,2836.91
CG6-0640,497,518,329,2026-01-21,09:55:26,3312.09,1,0.0134,0.0017,3311.55,-1.8,7.8,3.9035,0.0392,0.0008,0.4918,0,60,0,25.3278,34.6252,149.4,24.7048,34.736,503.7,11011,,2026-01-21 09:55:26,000000024110640,869,0,0.0394426,0.0422427,0.00304274,3312.09,,,True,CG6-0640|2026-01-21|L1|S329,field,UNMATCHED_GT_30M,D6:wor:1-345,2771.45
CG6-0640,498,519,330,2026-01-21,10:00:32,3311.72,1,0.0156,0.002,3311.19,0.1,-3.1,3.9037,0.0417,0.0001,0.4919,0,60,0,25.3278,34.6252,149.4,24.704,34.7376,496.5,11011,,2026-01-21 10:00:32,000000024110640,870,-4.54747e-13,0.0418937,0.0447243,0.00302426,3311.72,,,True,CG6-0640|2026-01-21|L1|S330,field,UNMATCHED_GT_30M,D6:wor:1-345,2622.12
CG6-0640,499,520,331,2026-01-21,10:07:02,3310.35,1,0.0257,0.0033,3309.82,13.1,11.5,3.8947,0.0446,0.0037,0.4909,0,60,0,25.3278,34.6252,149.4,24.702,34.738,491.3,11011,,2026-01-21 10:07:02,000000024110640,871,-4.54747e-13,0.0448489,0.0477151,0.00311511,3310.36,,,True,CG6-0640|2026-01-21|L1|S331,field,UNMATCHED_GT_30M,D6:wor:1-345,2619.31
CG6-0640,500,521,332,2026-01-21,10:12:27,3308.92,1,0.016,0.0021,3308.38,12,-3.7,3.9014,0.047,0.002,0.4916,0,60,0,25.3278,34.6252,149.4,24.7007,34.7383,493.2,11011,,2026-01-21 10:12:27,000000024110640,872,0,0.0471605,0.0500522,0.00305224,3308.93,,,True,CG6-0640|2026-01-21|L1|S332,field,UNMATCHED_GT_30M,D6:wor:1-345,2635.64
CG6-0640,501,522,333,2026-01-21,10:18:13,3307.49,1,0.009,0.0012,3306.95,2.9,2.4,3.9051,0.0493,0.0002,0.492,0,60,0,25.3278,34.6252,149.4,24.6995,34.7386,494.5,11011,,2026-01-21 10:18:13,000000024110640,873,-4.54747e-13,0.0494639,0.0523791,0.00307906,3307.49,,,True,CG6-0640|2026-01-21|L1|S333,field,UNMATCHED_GT_30M,D6:wor:1-345,2641.23
CG6-0640,502,523,334,2026-01-21,10:26:23,3309.46,1,0.0155,0.002,3308.91,-8.8,19.5,3.9062,0.0523,0.0053,0.4923,0,60,0,25.3278,34.6252,149.4,24.7018,34.7375,498.3,11011,,2026-01-21 10:26:23,000000024110640,874,4.54747e-13,0.0524363,0.0553592,0.00305924,3309.47,,,True,CG6-0640|2026-01-21|L1|S334,field,UNMATCHED_GT_30M,D6:wor:1-345,2677.02
CG6-0640,503,524,335,2026-01-21,11:34:26,3332.16,1,0.0245,0.0032,3331.61,12.4,9.6,3.8874,0.0625,0.003,0.4899,0,60,0,25.3278,34.6252,149.4,24.7079,34.7842,432.9,11011,,2026-01-21 11:34:26,000000024110640,875,-4.54747e-13,0.0624462,0.0652418,0.00274179,3332.17,,,True,CG6-0640|2026-01-21|L1|S335,field,MATCHED,D6:wor:1-335,2.3795
CG6-0640,504,525,336,2026-01-21,11:41:32,3330.74,1,0.096,0.0124,3330.18,8.6,-0.4,3.9006,0.0619,0.0012,0.4915,0,60,0,25.3278,34.6252,149.4,24.7071,34.7819,434.1,11011,,2026-01-21 11:41:32,000000024110640,876,-4.54747e-13,0.0618891,0.0646473,0.00274727,3330.74,STDDEV_GT_0.080,,False,CG6-0640|2026-01-21|L1|S336,field,MATCHED,D6:wor:1-336,5.75905
CG6-0640,505,526,337,2026-01-21,11:51:51,3323.5,1,0.0143,0.0018,3322.95,-5,-5.1,3.8886,0.0606,0.0006,0.4902,0,60,0,25.3278,34.6252,149.4,24.7071,34.7715,458.9,11011,,2026-01-21 11:51:51,000000024110640,877,4.54747e-13,0.0605414,0.0632397,0.00263967,3323.51,,,True,CG6-0640|2026-01-21|L1|S337,field,MATCHED,D6:wor:1-337,3.4401
CG6-0640,506,527,338,2026-01-21,11:55:30,3322.34,1,0.0197,0.0025,3321.78,10.5,17.1,3.904,0.06,0.0047,0.492,0,60,0,25.3278,34.6252,149.4,24.7084,34.7708,496.9,11011,,2026-01-21 11:55:30,000000024110640,878,0,0.0599141,0.0625821,0.00258214,3322.34,,,True,CG6-0640|2026-01-21|L1|S338,field,MATCHED,D6:wor:1-338,5.74411
CG6-0640,507,528,339,2026-01-21,11:59:00,3321.73,1,0.0153,0.002,3321.18,10,-0.6,3.9093,0.0593,0.0012,0.4926,0,60,0,25.3278,34.6252,149.4,24.7095,34.7706,501.5,11011,,2026-01-21 11:59:00,000000024110640,879,0,0.0592396,0.0618777,0.00257768,3321.73,,,True,CG6-0640|2026-01-21|L1|S339,field,MATCHED,D6:wor:1-339,6.23858
CG6-0640,508,529,340,2026-01-21,12:03:13,3320.5,1,0.0115,0.0015,3319.95,2.6,9.1,3.9129,0.0584,0.0011,0.4931,0,60,0,25.3278,34.6252,149.4,24.7106,34.7705,504.6,11011,,2026-01-21 12:03:13,000000024110640,880,0,0.0583335,0.0609359,0.00253593,3320.51,,,True,CG6-0640|2026-01-21|L1|S340,field,MATCHED,D6:wor:1-340,10.6005
CG6-0640,509,530,341,2026-01-21,12:17:27,3318.83,1,0.017,0.0022,3318.28,3.8,-11.5,3.8921,0.0547,0.0017,0.4905,0,60,0,25.3278,34.6252,149.4,24.7074,34.7663,476.4,11011,,2026-01-21 12:17:27,000000024110640,881,-0.0001,0.0545387,0.057046,0.00234601,3318.83,,,True,CG6-0640|2026-01-21|L1|S341,field,MATCHED,D6:kml:1-341,8.69329
CG6-0640,510,531,342,2026-01-21,12:23:46,3317.63,1,0.0128,0.0016,3317.08,1.9,2.7,3.9009,0.0526,0.0001,0.4915,0,60,0,25.3278,34.6252,149.4,24.7093,34.7654,478.2,11011,,2026-01-21 12:23:46,000000024110640,882,0.0001,0.0525035,0.0549495,0.0023495,3317.63,,,True,CG6-0640|2026-01-21|L1|S342,field,MATCHED,D6:wor:1-342,9.99942
CG6-0640,511,532,343,2026-01-21,12:27:22,3316.23,1,0.0134,0.0017,3315.69,-0.3,13.2,3.9081,0.0514,0.0021,0.4924,0,60,0,25.3278,34.6252,149.4,24.7102,34.765,511.4,11011,,2026-01-21 12:27:22,000000024110640,883,0,0.051251,0.0536616,0.00226163,3316.23,,,True,CG6-0640|2026-01-21|L1|S343,field,MATCHED,D6:wor:1-343,9.54817
CG6-0640,512,533,344,2026-01-21,12:41:10,3317.34,1,0.0152,0.002,3316.8,9.1,0.7,3.8802,0.046,0.0011,0.489,0,60,0,25.3278,34.6252,149.4,24.7069,34.7635,472.3,11011,,2026-01-21 12:41:10,000000024110640,884,0,0.045856,0.0481535,0.00215347,3317.34,,,True,CG6-0640|2026-01-21|L1|S344,field,MATCHED,D6:wor:1-344,10.3336
CG6-0640,513,534,345,2026-01-21,12:44:07,3316.9,1,0.0164,0.0021,3316.36,9.1,18.2,3.8918,0.0448,0.0052,0.4905,0,60,0,25.3278,34.6252,149.4,24.7075,34.7633,477.6,11011,,2026-01-21 12:44:07,000000024110640,885,0,0.0445862,0.0468524,0.00205241,3316.9,,,True,CG6-0640|2026-01-21|L1|S345,field,MATCHED,D6:wor:1-345,11.9283
CG6-0640,514,535,346,2026-01-21,12:47:16,3316.33,1,0.0172,0.0022,3315.79,-4.1,-0.5,3.8989,0.0434,0.0002,0.4912,0,60,0,25.3278,34.6252,149.4,24.7082,34.7635,488.1,11011,,2026-01-21 12:47:16,000000024110640,886,0,0.0431874,0.0454194,0.00201941,3316.33,,,True,CG6-0640|2026-01-21|L1|S346,field,MATCHED,D6:wor:1-346,9.55313
CG6-0640,515,536,347,2026-01-21,13:09:55,3331.19,1,0.0443,0.0057,3330.67,-3.4,0.7,3.868,0.0321,0.0002,0.4873,0,60,0,25.3278,34.6252,149.4,24.7081,34.7828,427.5,11011,,2026-01-21 13:09:55,000000024110640,887,0.0001,0.0319356,0.0338852,0.00178515,3331.19,,,True,CG6-0640|2026-01-21|L1|S347,field,MATCHED,D6:wor:1-347,7.57798
CG6-0640,516,537,348,2026-01-21,13:15:39,3336.59,1,0.0144,0.0019,3336.08,0.5,-12.9,3.8725,0.029,0.0019,0.4879,0,60,0,25.3278,34.6252,149.4,24.7133,34.7852,416.8,11011,,2026-01-21 13:15:39,000000024110640,888,0,0.0287921,0.0306526,0.00165257,3336.6,,,True,CG6-0640|2026-01-21|L1|S348,field,MATCHED,D6:wor:1-348,8.83075
CG6-0640,517,538,349,2026-01-21,13:18:46,3335.56,1,0.017,0.0022,3335.05,5.8,6.6,3.8771,0.0273,0.0009,0.4886,0,60,0,25.3278,34.6252,149.4,24.7125,34.7852,416.3,11011,,2026-01-21 13:18:46,000000024110640,889,0,0.0270399,0.0288679,0.00156789,3335.56,,,True,CG6-0640|2026-01-21|L1|S349,field,MATCHED,D6:kml:1-349,1.01912
CG6-0640,518,539,350,2026-01-21,13:21:54,3334.54,1,0.0147,0.0019,3334.02,12.8,9.5,3.8847,0.0255,0.0031,0.4895,0,60,0,25.3278,34.6252,149.4,24.7122,34.7845,418.9,11011,,2026-01-21 13:21:54,000000024110640,890,0,0.0252494,0.0270445,0.00154453,3334.54,,,True,CG6-0640|2026-01-21|L1|S350,field,MATCHED,D6:kml:1-350,0.880439
CG6-0640,519,540,351,2026-01-21,13:31:20,3340.22,1,0.0228,0.0029,3339.71,9,5,3.8692,0.0199,0.0013,0.4876,0,60,0,25.3278,34.6252,149.4,24.7185,34.7827,396.8,11011,,2026-01-21 13:31:20,000000024110640,891,0.0001,0.0196995,0.0213697,0.00146974,3340.22,,,True,CG6-0640|2026-01-21|L1|S351,field,UNMATCHED_GT_30M,D6:wor:1-353,234.553
CG6-0640,520,541,352,2026-01-21,13:34:22,3339.4,1,0.0201,0.0026,3338.89,-14.5,6.9,3.8789,0.0181,0.003,0.4888,0,60,0,25.3278,34.6252,149.4,24.7176,34.7825,398.7,11011,,2026-01-21 13:34:22,000000024110640,892,0,0.017869,0.0195082,0.00140824,3339.4,,,True,CG6-0640|2026-01-21|L1|S352,field,UNMATCHED_GT_30M,D6:wor:1-353,139.106
CG6-0640,521,542,353,2026-01-21,13:37:38,3338.21,1,0.0134,0.0017,3337.7,8.7,6.8,3.8806,0.0161,0.0015,0.4891,0,60,0,25.3278,34.6252,149.4,24.7167,34.7816,401.6,11011,,2026-01-21 13:37:38,000000024110640,893,-0.0001,0.0158756,0.0174826,0.00138264,3338.21,,,True,CG6-0640|2026-01-21|L1|S353,field,MATCHED,D6:wor:1-353,6.69188
CG6-0640,522,543,354,2026-01-21,13:41:00,3337.54,1,0.0155,0.002,3337.04,5.4,6.1,3.8844,0.014,0.0008,0.4894,0,60,0,25.3278,34.6252,149.4,24.7169,34.7806,404.4,11011,,2026-01-21 13:41:00,000000024110640,894,0,0.0137991,0.0153696,0.00136958,3337.54,,,True,CG6-0640|2026-01-21|L1|S354,field,MATCHED,D6:wor:1-354,6.4188
CG6-0640,523,544,355,2026-01-21,13:43:57,3336.64,1,0.0123,0.0016,3336.14,-13.4,0.2,3.8815,0.0122,0.0023,0.4892,0,60,0,25.3278,34.6252,149.4,24.7171,34.7794,404.5,11011,,2026-01-21 13:43:57,000000024110640,895,-0.0001,0.0119628,0.0135017,0.00130171,3336.64,,,True,CG6-0640|2026-01-21|L1|S355,field,MATCHED,D6:wor:1-355,5.46076
CG6-0640,524,545,356,2026-01-21,13:47:12,3335.74,1,0.0131,0.0017,3335.23,15.8,22.3,3.8859,0.0102,0.0086,0.4896,0,60,0,25.3278,34.6252,149.4,24.7173,34.7782,407.6,11011,,2026-01-21 13:47:12,000000024110640,896,0,0.00992318,0.0114274,0.00122743,3335.74,,TILT_GT_20,True,CG6-0640|2026-01-21|L1|S356,field,MATCHED,D6:wor:1-356,4.64885
CG6-0640,525,546,357,2026-01-21,13:50:06,3335.42,1,0.0128,0.0017,3334.91,-18.7,3.6,3.8854,0.0083,0.0042,0.4896,0,60,0,25.3278,34.6252,149.4,24.7177,34.7775,413.6,11011,,2026-01-21 13:50:06,000000024110640,897,0.0001,0.00809013,0.00956207,0.00126207,3335.42,,,True,CG6-0640|2026-01-21|L1|S357,field,MATCHED,D6:wor:1-357,4.31319
CG6-0640,526,547,100,2026-01-21,14:48:04,3407.01,0,0.0152,0.002,3406.55,-7.8,-0.6,3.8977,-0.0288,0.0007,0.4911,0,60,0,25.3278,34.6252,149.4,24.7868,34.9338,100.1,11011,,2026-01-21 14:48:04,000000024110640,898,0,-0.0290202,-0.0287273,7.2729e-05,3407.01,,,True,CG6-0640|2026-01-21|L0|S100,field_base_100,MATCHED,D6:wor:Base 100,10.6925
CG6-0640,527,548,100,2026-01-21,14:49:04,3407.01,0,0.0127,0.0016,3406.55,-9.4,-1.2,3.8965,-0.0294,0.0011,0.491,0,60,0,25.3278,34.6252,149.4,24.7868,34.9338,100.1,11011,,2026-01-21 14:49:04,000000024110640,898,-0.0001,-0.0296337,-0.0293482,5.17534e-05,3407.01,,,True,CG6-0640|2026-01-21|L0|S100,field_base_100,MATCHED,D6:wor:Base 100,10.6925
CG6-0640,528,549,100,2026-01-21,14:50:04,3407.01,0,0.0197,0.0025,3406.55,-10.7,-1.6,3.8959,-0.03,0.0014,0.4908,0,60,0,25.3278,34.6252,149.4,24.7868,34.9338,100.1,11011,,2026-01-21 14:50:04,000000024110640,898,0,-0.0302452,-0.0299671,3.28856e-05,3407.01,,,True,CG6-0640|2026-01-21|L0|S100,field_base_100,MATCHED,D6:wor:Base 100,10.6925
CG6-0640,529,550,100,2026-01-21,14:51:04,3407.01,0,0.0132,0.0017,3406.55,-11.2,-1.6,3.8938,-0.0306,0.0014,0.4906,0,60,0,25.3278,34.6252,149.4,24.7868,34.9338,100.1,11011,,2026-01-21 14:51:04,000000024110640,898,0,-0.0308547,-0.0305838,1.61811e-05,3407.01,,,True,CG6-0640|2026-01-21|L0|S100,field_base_100,MATCHED,D6:wor:Base 100,10.6925
CG6-0640,530,551,0,2026-01-21,16:09:29,3473.07,0,0.0186,0.0024,3472.65,-0.8,2.9,3.9448,-0.0678,0.0001,0.4971,0,60,0,25.3278,34.6252,149.4,25.0669,34.8777,25.1,11011,,2026-01-21 16:09:29,000000024110640,899,-0.0001,-0.0679157,-0.068057,-0.00025697,3473.07,,,True,CG6-0640|2026-01-21|L0|S0,hotel_base_0,MATCHED,D6:wor:BASE 21-01-2026,13.8426
CG6-0640,531,552,0,2026-01-21,16:10:29,3473.08,0,0.014,0.0018,3472.65,1.6,3.7,3.9428,-0.0681,0.0002,0.4968,0,60,0,25.3278,34.6252,149.4,25.0669,34.8777,25.1,11011,,2026-01-21 16:10:29,000000024110640,899,0,-0.0682033,-0.0683423,-0.00024233,3473.08,,,True,CG6-0640|2026-01-21|L0|S0,hotel_base_0,MATCHED,D6:wor:BASE 21-01-2026,13.8426
CG6-0640,532,553,0,2026-01-21,16:11:29,3473.08,0,0.0109,0.0014,3472.65,2.5,4.2,3.9404,-0.0684,0.0003,0.4963,0,60,0,25.3278,34.6252,149.4,25.0669,34.8777,25.1,11011,,2026-01-21 16:11:29,000000024110640,899,4.54747e-13,-0.0684852,-0.0686219,-0.000221942,3473.08,,,True,CG6-0640|2026-01-21|L0|S0,hotel_base_0,MATCHED,D6:wor:BASE 21-01-2026,13.8426
CG6-0640,533,554,0,2026-01-21,16:12:29,3473.08,0,0.0119,0.0015,3472.65,3.9,4.7,3.9377,-0.0687,0.0005,0.4961,0,60,0,25.3278,34.6252,149.4,25.0669,34.8777,25.1,11011,,2026-01-21 16:12:29,000000024110640,899,0,-0.0687614,-0.0688958,-0.000195777,3473.08,,,True,CG6-0640|2026-01-21|L0|S0,hotel_base_0,MATCHED,D6:wor:BASE 21-01-2026,13.8426
CG6-0640,534,555,0,2026-01-22,04:54:19,3473.07,0,0.0141,0.0018,3472.64,3.7,11.1,3.9007,-0.0606,0.0016,0.4916,0,60,0,25.3278,34.6252,149.4,25.0669,34.8777,40.1,11011,,2026-01-22 04:54:19,000000024110640,900,0,-0.060855,-0.0613054,-0.000705373,3473.07,,,True,CG6-0640|2026-01-22|L0|S0,hotel_base_0,MATCHED,D7:wor:Base0,15.0867
CG6-0640,535,556,0,2026-01-22,04:55:19,3473.07,0,0.0147,0.0019,3472.64,5.8,13,3.9009,-0.0611,0.0023,0.4915,0,60,0,25.3278,34.6252,149.4,25.0669,34.8777,40.7,11011,,2026-01-22 04:55:19,000000024110640,900,-0.0001,-0.0613566,-0.0618011,-0.000701103,3473.07,,,True,CG6-0640|2026-01-22|L0|S0,hotel_base_0,MATCHED,D7:wor:Base0,15.0867
CG6-0640,536,557,0,2026-01-22,04:56:19,3473.07,0,0.0148,0.0019,3472.64,6.8,14.1,3.8996,-0.0616,0.0029,0.4913,0,60,0,25.3278,34.6252,149.4,25.0669,34.8777,40.7,11011,,2026-01-22 04:56:19,000000024110640,900,-0.0001,-0.0618524,-0.062291,-0.000690971,3473.07,,,True,CG6-0640|2026-01-22|L0|S0,hotel_base_0,MATCHED,D7:wor:Base0,15.0867
CG6-0640,537,558,0,2026-01-22,04:57:19,3473.07,0,0.0145,0.0019,3472.64,7.4,14.2,3.8973,-0.0621,0.003,0.4911,0,60,0,25.3278,34.6252,149.4,25.0669,34.8777,40.7,11011,,2026-01-22 04:57:19,000000024110640,900,0,-0.0623424,-0.062775,-0.000674952,3473.07,,,True,CG6-0640|2026-01-22|L0|S0,hotel_base_0,MATCHED,D7:wor:Base0,15.0867
CG6-0640,538,559,100,2026-01-22,07:23:19,3407,0,0.017,0.0022,3406.57,8.6,-4.1,3.9021,-0.0658,0.0011,0.4917,0,60,0,25.3278,34.6252,149.4,24.7867,34.9338,108.7,11011,,2026-01-22 07:23:19,000000024110640,901,0,-0.0655692,-0.0643502,0.00144979,3407,,,True,CG6-0640|2026-01-22|L0|S100,field_base_100,MATCHED,D7:wor:Base 100,1.80693
CG6-0640,539,560,100,2026-01-22,07:24:19,3407,0,0.0144,0.0019,3406.57,14.8,-5.3,3.9088,-0.0654,0.0028,0.4926,0,60,0,25.3278,34.6252,149.4,24.7867,34.9338,108.7,11011,,2026-01-22 07:24:19,000000024110640,901,0.0001,-0.0651448,-0.0639125,0.00148755,3407,,,True,CG6-0640|2026-01-22|L0|S100,field_base_100,MATCHED,D7:wor:Base 100,1.80693
CG6-0640,540,561,100,2026-01-22,07:25:19,3407,0,0.0123,0.0016,3406.57,18,-5.9,3.9137,-0.0649,0.0042,0.4932,0,60,0,25.3278,34.6252,149.4,24.7867,34.9338,108.8,11011,,2026-01-22 07:25:19,000000024110640,901,0,-0.0647154,-0.0634697,0.00143028,3407,,,True,CG6-0640|2026-01-22|L0|S100,field_base_100,MATCHED,D7:wor:Base 100,1.80693
CG6-0640,541,562,100,2026-01-22,07:26:19,3407,0,0.0156,0.002,3406.57,19.7,-6.7,3.9185,-0.0645,0.0049,0.4937,0,60,0,25.3278,34.6252,149.4,24.7867,34.9338,108.8,11011,,2026-01-22 07:26:19,000000024110640,901,0,-0.0642811,-0.0630221,0.00147794,3407,,,True,CG6-0640|2026-01-22|L0|S100,field_base_100,MATCHED,D7:wor:Base 100,1.80693
CG6-0640,542,563,358,2026-01-22,08:14:18,3365.92,1,0.0182,0.0024,3365.47,2,-3.7,3.9108,-0.0387,0.0002,0.4928,0,60,0,25.3278,34.6252,149.4,24.8265,34.763,344.6,11011,,2026-01-22 08:14:18,000000024110640,902,0,-0.0384279,-0.0370814,0.0016186,3365.92,,,True,CG6-0640|2026-01-22|L1|S358,field,MATCHED,D7:wor:1-358,6.12569
CG6-0640,543,564,359,2026-01-22,08:20:23,3365.63,1,0.0268,0.0035,3365.17,-8.7,-8.9,3.8997,-0.0349,0.0019,0.4914,0,60,0,25.3278,34.6252,149.4,24.8245,34.7621,345.7,11011,,2026-01-22 08:20:23,000000024110640,903,0.0001,-0.0345844,-0.0331809,0.00171913,3365.63,,,True,CG6-0640|2026-01-22|L1|S359,field,MATCHED,D7:wor:1-359,4.61008
CG6-0640,544,565,360,2026-01-22,08:25:31,3365.22,1,0.0203,0.0026,3364.76,7.5,-3.4,3.9053,-0.0316,0.0008,0.4921,0,60,0,25.3278,34.6252,149.4,24.8249,34.7605,342.3,11011,,2026-01-22 08:25:31,000000024110640,904,0,-0.0312695,-0.0298249,0.00177513,3365.23,,,True,CG6-0640|2026-01-22|L1|S360,field,MATCHED,D7:wor:1-360,1.66324
CG6-0640,545,566,361,2026-01-22,08:29:22,3364.94,1,0.0681,0.0088,3364.47,-4.5,2.8,3.9137,-0.0291,0.0004,0.4932,0,60,0,25.3278,34.6252,149.4,24.8248,34.7583,346.9,11011,,2026-01-22 08:29:22,000000024110640,905,4.54747e-13,-0.0287449,-0.0272719,0.00182812,3364.94,,STDDEV_GT_0.050,True,CG6-0640|2026-01-22|L1|S361,field,MATCHED,D7:wor:1-361,5.90145
CG6-0640,546,567,362,2026-01-22,08:35:26,3363.6,1,0.0284,0.0037,3363.13,12.1,-5,3.9119,-0.025,0.0021,0.493,0,60,0,25.3278,34.6252,149.4,24.8238,34.7561,348.9,11011,,2026-01-22 08:35:26,000000024110640,906,0.0001,-0.0247078,-0.0231856,0.00181439,3363.6,,,True,CG6-0640|2026-01-22|L1|S362,field,MATCHED,D7:wor:1-362,3.69213
CG6-0640,547,568,363,2026-01-22,08:38:48,3362.82,1,0.0423,0.0055,3362.35,-3.1,-14.3,3.9185,-0.0228,0.0026,0.4937,0,60,0,25.3278,34.6252,149.4,24.8225,34.7551,347.9,11011,,2026-01-22 08:38:48,000000024110640,907,4.54747e-13,-0.0224399,-0.0208886,0.00191136,3362.83,,,True,CG6-0640|2026-01-22|L1|S363,field,MATCHED,D7:wor:1-363,6.65359
CG6-0640,548,569,364,2026-01-22,08:41:59,3361.88,1,0.022,0.0028,3361.41,-1.8,5.2,3.9212,-0.0206,0.0004,0.4941,0,60,0,25.3278,34.6252,149.4,24.8208,34.755,352.3,11011,,2026-01-22 08:41:59,000000024110640,908,-0.0001,-0.02028,-0.0186978,0.00190224,3361.89,,,True,CG6-0640|2026-01-22|L1|S364,field,MATCHED,D7:wor:1-364,6.2468
CG6-0640,549,570,365,2026-01-22,08:46:07,3361.39,1,0.0355,0.0046,3360.91,-0.3,5.5,3.925,-0.0178,0.0004,0.4945,0,60,0,25.3278,34.6252,149.4,24.8203,34.753,353.8,11011,,2026-01-22 08:46:07,000000024110640,909,0.0001,-0.0174555,-0.0158428,0.0019572,3361.39,,,True,CG6-0640|2026-01-22|L1|S365,field,MATCHED,D7:wor:1-365,6.44019
CG6-0640,550,571,366,2026-01-22,08:49:13,3361.05,1,0.0285,0.0037,3360.57,5.7,-2.9,3.9272,-0.0156,0.0005,0.4948,0,60,0,25.3278,34.6252,149.4,24.82,34.7513,356.9,11011,,2026-01-22 08:49:13,000000024110640,910,4.54747e-13,-0.0153246,-0.0136904,0.00190963,3361.06,,,True,CG6-0640|2026-01-22|L1|S366,field,MATCHED,D7:wor:1-366,9.60317
CG6-0640,551,572,367,2026-01-22,08:52:21,3360.55,1,0.0436,0.0056,3360.07,5.7,-4.8,3.929,-0.0135,0.0007,0.495,0,60,0,25.3278,34.6252,149.4,24.8191,34.7496,365.4,11011,,2026-01-22 08:52:21,000000024110640,911,0,-0.0131616,-0.0115042,0.00199579,3360.55,,,True,CG6-0640|2026-01-22|L1|S367,field,MATCHED,D7:wor:1-367,7.43151
CG6-0640,552,573,368,2026-01-22,08:55:40,3359.8,1,0.0449,0.0058,3359.32,0.9,-9.9,3.9284,-0.0112,0.0012,0.4949,0,60,0,25.3278,34.6252,149.4,24.8176,34.7486,358.7,11011,,2026-01-22 08:55:40,000000024110640,912,-4.54747e-13,-0.010864,-0.00917889,0.00202111,3359.8,,,True,CG6-0640|2026-01-22|L1|S368,field,MATCHED,D7:wor:1-368,8.87317
CG6-0640,553,574,369,2026-01-22,08:59:00,3359.29,1,0.0822,0.0106,3358.8,6.4,-6.3,3.9256,-0.0089,0.001,0.4948,0,60,0,25.3278,34.6252,149.4,24.8158,34.7482,364.1,11011,,2026-01-22 08:59:00,000000024110640,913,0.0001,-0.00854825,-0.00683291,0.00206709,3359.29,STDDEV_GT_0.080,,False,CG6-0640|2026-01-22|L1|S369,field,MATCHED,D7:wor:1-369,5.48016
CG6-0640,554,575,370,2026-01-22,09:02:24,3358.55,1,0.0183,0.0024,3358.06,5.3,-7,3.9249,-0.0065,0.001,0.4945,0,60,0,25.3278,34.6252,149.4,24.8142,34.7474,363.5,11011,,2026-01-22 09:02:24,000000024110640,914,-0.0001,-0.00618162,-0.00443743,0.00206257,3358.55,,,True,CG6-0640|2026-01-22|L1|S370,field,MATCHED,D7:wor:1-370,5.57762
CG6-0640,555,576,371,2026-01-22,09:05:46,3357.22,1,0.044,0.0057,3356.73,6.4,-16.2,3.9257,-0.0042,0.0036,0.4947,0,60,0,25.3278,34.6252,149.4,24.8136,34.7453,360,11011,,2026-01-22 09:05:46,000000024110640,915,0.0001,-0.00383573,-0.00206988,0.00213012,3357.22,,,True,CG6-0640|2026-01-22|L1|S371,field,MATCHED,D7:wor:1-371,7.87442
CG6-0640,556,577,372,2026-01-22,09:09:21,3356.55,1,0.0176,0.0023,3356.06,0.6,-5.3,3.9273,-0.0017,0.0004,0.4949,0,60,0,25.3278,34.6252,149.4,24.8142,34.7434,365.4,11011,,2026-01-22 09:09:21,000000024110640,916,0.0001,-0.00133849,0.000447736,0.00214774,3356.55,,,True,CG6-0640|2026-01-22|L1|S372,field,MATCHED,D7:wor:1-372,9.48708
CG6-0640,557,578,373,2026-01-22,09:13:02,3355.41,1,0.0264,0.0034,3354.91,2.7,3.6,3.9272,0.0009,0.0004,0.4949,0,60,0,25.3278,34.6252,149.4,24.815,34.7418,364.9,11011,,2026-01-22 09:13:02,000000024110640,917,0,0.00122624,0.00303285,0.00213285,3355.41,,,True,CG6-0640|2026-01-22|L1|S373,field,MATCHED,D7:wor:1-373,4.68034
CG6-0640,558,579,374,2026-01-22,09:16:52,3354.63,1,0.0155,0.002,3354.12,17.8,9.2,3.9265,0.0036,0.0047,0.4949,0,60,0,25.3278,34.6252,149.4,24.8148,34.7408,365.9,11011,,2026-01-22 09:16:52,000000024110640,918,-0.0001,0.00389014,0.00572229,0.00212229,3354.63,,,True,CG6-0640|2026-01-22|L1|S374,field,MATCHED,D7:wor:1-374,5.12726
CG6-0640,559,580,375,2026-01-22,09:19:59,3353.65,1,0.0152,0.002,3353.15,-5.4,-12.2,3.9292,0.0057,0.0021,0.4951,0,60,0,25.3278,34.6252,149.4,24.8134,34.7402,346.8,11011,,2026-01-22 09:19:59,000000024110640,919,0.0001,0.00604997,0.00790682,0.00220682,3353.66,,,True,CG6-0640|2026-01-22|L1|S375,field,MATCHED,D7:wor:1-375,6.29771
CG6-0640,560,581,376,2026-01-22,09:23:31,3352.98,1,0.0272,0.0035,3352.47,-0.5,-5.3,3.9306,0.0082,0.0004,0.4952,0,60,0,25.3278,34.6252,149.4,24.8115,34.7397,363.6,11011,,2026-01-22 09:23:31,000000024110640,920,-0.0001,0.00848976,0.0103758,0.00217576,3352.98,,,True,CG6-0640|2026-01-22|L1|S376,field,MATCHED,D7:wor:1-376,7.72194
CG6-0640,561,582,377,2026-01-22,09:26:51,3351.96,1,0.0138,0.0018,3351.45,2.1,-5.6,3.9318,0.0105,0.0004,0.4956,0,60,0,25.3278,34.6252,149.4,24.8097,34.7397,374.6,11011,,2026-01-22 09:26:51,000000024110640,921,0,0.0107809,0.0126952,0.00219523,3351.96,,,True,CG6-0640|2026-01-22|L1|S377,field,MATCHED,D7:wor:1-377,5.09915
CG6-0640,562,583,378,2026-01-22,09:29:57,3350.78,1,0.0196,0.0025,3350.27,10.3,-6.5,3.9289,0.0126,0.0018,0.4952,0,60,0,25.3278,34.6252,149.4,24.8078,34.74,376.3,11011,,2026-01-22 09:29:57,000000024110640,922,-0.0001,0.0129006,0.0148422,0.00224219,3350.78,,,True,CG6-0640|2026-01-22|L1|S378,field,MATCHED,D7:wor:1-378,3.6738
CG6-0640,563,584,379,2026-01-22,09:34:25,3349.92,1,0.0155,0.002,3349.41,7.2,-2,3.9223,0.0156,0.0008,0.4944,0,60,0,25.3278,34.6252,149.4,24.806,34.7402,384.2,11011,,2026-01-22 09:34:25,000000024110640,923,0,0.0159329,0.0179103,0.00231033,3349.93,,,True,CG6-0640|2026-01-22|L1|S379,field,MATCHED,D7:wor:1-379,5.50872
CG6-0640,564,585,380,2026-01-22,09:37:34,3349.2,1,0.0215,0.0028,3348.69,19.4,-5.9,3.9221,0.0177,0.0047,0.4942,0,60,0,25.3278,34.6252,149.4,24.8043,34.7408,381.6,11011,,2026-01-22 09:37:34,000000024110640,924,0.0001,0.0180535,0.0200579,0.00235786,3349.21,,,True,CG6-0640|2026-01-22|L1|S380,field,MATCHED,D7:wor:1-380,3.46278
CG6-0640,565,586,381,2026-01-22,09:40:28,3348.29,1,0.0338,0.0044,3347.77,-5,-14.7,3.9279,0.0197,0.0028,0.495,0,60,0,25.3278,34.6252,149.4,24.8025,34.7412,376.8,11011,,2026-01-22 09:40:28,000000024110640,925,0,0.0199912,0.0220206,0.00232058,3348.29,,,True,CG6-0640|2026-01-22|L1|S381,field,MATCHED,D7:wor:1-381,6.40925
CG6-0640,566,587,382,2026-01-22,09:44:04,3347.2,1,0.0213,0.0027,3346.68,1.5,-6.8,3.929,0.0221,0.0006,0.4951,0,60,0,25.3278,34.6252,149.4,24.8005,34.7416,369.2,11011,,2026-01-22 09:44:04,000000024110640,926,-4.54747e-13,0.0223751,0.0244339,0.00233394,3347.2,,,True,CG6-0640|2026-01-22|L1|S382,field,UNMATCHED_GT_30M,D7:wor:1-383,202.852
CG6-0640,567,588,383,2026-01-22,09:47:19,3346.49,1,0.0401,0.0052,3345.97,-0.9,-8.2,3.9295,0.0242,0.0009,0.4952,0,60,0,25.3278,34.6252,149.4,24.799,34.7426,354.5,11011,,2026-01-22 09:47:19,000000024110640,927,4.54747e-13,0.024505,0.0265906,0.00239061,3346.49,,,True,CG6-0640|2026-01-22|L1|S383,field,MATCHED,D7:wor:1-383,8.56751
CG6-0640,568,589,384,2026-01-22,09:53:47,3345.78,1,0.081,0.0105,3345.25,4,-5.5,3.9298,0.0284,0.0007,0.4952,0,60,0,25.3278,34.6252,149.4,24.7977,34.7438,379.7,11011,,2026-01-22 09:53:47,000000024110640,928,-0.0001,0.028673,0.0308024,0.00240241,3345.78,STDDEV_GT_0.080,,False,CG6-0640|2026-01-22|L1|S384,field,MATCHED,D7:wor:1-384,8.40067
CG6-0640,569,590,385,2026-01-22,09:59:59,3345.34,1,0.029,0.0037,3344.8,5,-25.2,3.9289,0.0323,0.0079,0.4949,0,60,0,25.3278,34.6252,149.4,24.7974,34.7412,399.8,11011,,2026-01-22 09:59:59,000000024110640,929,0,0.0325715,0.0347275,0.00242752,3345.34,,TILT_GT_20,True,CG6-0640|2026-01-22|L1|S385,field,MATCHED,D7:wor:1-385,6.09021
CG6-0640,570,591,386,2026-01-22,10:04:31,3344.03,1,0.0512,0.0066,3343.5,7.6,-0.8,3.9312,0.0351,0.0007,0.4953,0,60,0,25.3278,34.6252,149.4,24.7968,34.7392,402.2,11011,,2026-01-22 10:04:31,000000024110640,930,0,0.0353546,0.0375298,0.0024298,3344.03,,STDDEV_GT_0.050,True,CG6-0640|2026-01-22|L1|S386,field,MATCHED,D7:wor:1-386,10.7834
CG6-0640,571,592,387,2026-01-22,10:09:47,3343.02,1,0.02,0.0026,3342.48,8.9,-2.6,3.9381,0.0382,0.001,0.4962,0,60,0,25.3278,34.6252,149.4,24.7955,34.7382,404.5,11011,,2026-01-22 10:09:47,000000024110640,931,0.0001,0.0385101,0.0407117,0.00251167,3343.02,,,True,CG6-0640|2026-01-22|L1|S387,field,MATCHED,D7:wor:1-387,11.1037
CG6-0640,572,593,388,2026-01-22,10:13:16,3342.1,1,0.0309,0.004,3341.56,-19,-5.1,3.9379,0.0403,0.0046,0.4962,0,60,0,25.3278,34.6252,149.4,24.7939,34.7373,408.8,11011,,2026-01-22 10:13:16,000000024110640,932,-4.54747e-13,0.040548,0.0427683,0.00246826,3342.11,,,True,CG6-0640|2026-01-22|L1|S388,field,MATCHED,D7:wor:1-388,10.012
CG6-0640,573,594,389,2026-01-22,10:16:57,3340.61,1,0.0229,0.003,3340.07,-5.4,-12.4,3.9353,0.0424,0.0022,0.496,0,60,0,25.3278,34.6252,149.4,24.7923,34.7372,413,11011,,2026-01-22 10:16:57,000000024110640,933,4.54747e-13,0.042658,0.0448991,0.00249912,3340.61,,,True,CG6-0640|2026-01-22|L1|S389,field,MATCHED,D7:wor:1-389,8.66798
CG6-0640,574,595,390,2026-01-22,10:19:56,3339.69,1,0.021,0.0027,3339.14,8.8,-14.6,3.9362,0.0441,0.0034,0.4961,0,60,0,25.3278,34.6252,149.4,24.7905,34.738,417.4,11011,,2026-01-22 10:19:56,000000024110640,934,0,0.0443316,0.0465931,0.00249305,3339.69,,,True,CG6-0640|2026-01-22|L1|S390,field,MATCHED,D7:wor:1-390,7.4506
CG6-0640,575,596,391,2026-01-22,10:22:46,3339.16,1,0.0225,0.0029,3338.62,-2,3.3,3.9378,0.0456,0.0002,0.4962,0,60,0,25.3278,34.6252,149.4,24.7889,34.7391,422,11011,,2026-01-22 10:22:46,000000024110640,935,0.0001,0.0458906,0.048171,0.00257095,3339.16,,,True,CG6-0640|2026-01-22|L1|S391,field,MATCHED,D7:wor:1-391,9.07075
CG6-0640,576,597,392,2026-01-22,10:26:49,3338.26,1,0.0279,0.0036,3337.71,7.5,-8.5,3.9364,0.0478,0.0015,0.496,0,60,0,25.3278,34.6252,149.4,24.7868,34.74,422.2,11011,,2026-01-22 10:26:49,000000024110640,936,4.54747e-13,0.0480658,0.0503702,0.00257018,3338.26,,,True,CG6-0640|2026-01-22|L1|S392,field,MATCHED,D7:wor:1-392,8.8525
CG6-0640,577,598,393,2026-01-22,10:29:43,3337.41,1,0.0511,0.0066,3336.87,-3.9,-11.6,3.9339,0.0494,0.0018,0.4957,0,60,0,25.3278,34.6252,149.4,24.7853,34.7403,422.6,11011,,2026-01-22 10:29:43,000000024110640,937,0.0001,0.0495833,0.0519035,0.00250348,3337.42,,STDDEV_GT_0.050,True,CG6-0640|2026-01-22|L1|S393,field,MATCHED,D7:wor:1-393,7.42733
CG6-0640,578,599,394,2026-01-22,10:32:57,3336.73,1,0.0205,0.0027,3336.17,-28.1,2.1,3.9364,0.051,0.0093,0.496,0,60,0,25.3278,34.6252,149.4,24.7837,34.7409,421.4,11011,,2026-01-22 10:32:57,000000024110640,938,-4.54747e-13,0.0512347,0.0535717,0.00257167,3336.73,,TILT_GT_20,True,CG6-0640|2026-01-22|L1|S394,field,MATCHED,D7:wor:1-394,11.7333
CG6-0640,579,600,395,2026-01-22,10:35:51,3335.82,1,0.0321,0.0041,3335.27,3.8,5.3,3.9389,0.0525,0.0005,0.4963,0,60,0,25.3278,34.6252,149.4,24.7818,34.7417,430,11011,,2026-01-22 10:35:51,000000024110640,939,0.0001,0.0526784,0.0550321,0.00253208,3335.83,,,True,CG6-0640|2026-01-22|L1|S395,field,MATCHED,D7:wor:1-395,5.08951
CG6-0640,580,601,396,2026-01-22,10:39:05,3334.96,1,0.0408,0.0053,3334.41,15.3,-1.8,3.9412,0.054,0.0028,0.4967,0,60,0,25.3278,34.6252,149.4,24.7803,34.7424,428.6,11011,,2026-01-22 10:39:05,000000024110640,940,-4.54747e-13,0.054245,0.0566143,0.00261428,3334.96,,,True,CG6-0640|2026-01-22|L1|S396,field,MATCHED,D7:wor:1-396,7.04114
CG6-0640,581,602,397,2026-01-22,10:42:26,3334.19,1,0.0227,0.0029,3333.63,-6.4,-7.6,3.9431,0.0556,0.0012,0.4969,0,60,0,25.3278,34.6252,149.4,24.7788,34.7436,432.5,11011,,2026-01-22 10:42:26,000000024110640,941,-0.0001,0.0558192,0.0582045,0.0026045,3334.19,,,True,CG6-0640|2026-01-22|L1|S397,field,MATCHED,D7:wor:1-397,10.5659
CG6-0640,582,603,398,2026-01-22,10:45:31,3333.44,1,0.0561,0.0072,3332.88,8.7,9.3,3.9445,0.057,0.0019,0.497,0,60,0,25.3278,34.6252,149.4,24.7774,34.7445,432.2,11011,,2026-01-22 10:45:31,000000024110640,942,0.0001,0.0572228,0.0596217,0.00262173,3333.44,,STDDEV_GT_0.050,True,CG6-0640|2026-01-22|L1|S398,field,MATCHED,D7:wor:1-398,5.31832
CG6-0640,583,604,399,2026-01-22,10:48:27,3332.72,1,0.0269,0.0035,3332.16,-8,-6.3,3.9454,0.0583,0.0013,0.4972,0,60,0,25.3278,34.6252,149.4,24.7759,34.7458,427.8,11011,,2026-01-22 10:48:27,000000024110640,943,0.0001,0.0585169,0.060929,0.00262899,3332.72,,,True,CG6-0640|2026-01-22|L1|S399,field,MATCHED,D7:wor:1-399,6.76063
CG6-0640,584,605,400,2026-01-22,10:51:46,3331.77,1,0.0293,0.0038,3331.21,10.1,2.7,3.9478,0.0597,0.0013,0.4975,0,60,0,25.3278,34.6252,149.4,24.7743,34.7471,433.5,11011,,2026-01-22 10:51:46,000000024110640,944,4.54747e-13,0.0599307,0.0623567,0.00265673,3331.77,,,True,CG6-0640|2026-01-22|L1|S400,field,MATCHED,D7:wor:1-400,10.7111
CG6-0640,585,606,401,2026-01-22,10:54:41,3330.44,1,0.0486,0.0063,3329.88,5.3,-12.4,3.9477,0.0609,0.0021,0.4975,0,60,0,25.3278,34.6252,149.4,24.7731,34.7481,435.1,11011,,2026-01-22 10:54:41,000000024110640,945,0.0001,0.0611298,0.063566,0.00266598,3330.44,,,True,CG6-0640|2026-01-22|L1|S401,field,MATCHED,D7:wor:1-401,11.5732
CG6-0640,586,607,402,2026-01-22,10:58:04,3328.23,1,0.0377,0.0049,3327.67,11,10.6,3.9485,0.0623,0.0028,0.4976,0,60,0,25.3278,34.6252,149.4,24.7714,34.7494,444.4,11011,,2026-01-22 10:58:04,000000024110640,946,-4.54747e-13,0.0624678,0.0649165,0.00261648,3328.23,,,True,CG6-0640|2026-01-22|L1|S402,field,MATCHED,D7:wor:1-402,10.8147
CG6-0640,587,608,403,2026-01-22,11:03:32,3325.01,1,0.0348,0.0045,3324.45,0.1,-6.9,3.9521,0.0643,0.0006,0.498,0,60,0,25.3278,34.6252,149.4,24.7697,34.7505,445,11011,,2026-01-22 11:03:32,000000024110640,947,0.0001,0.0645068,0.0669674,0.00266737,3325.01,,,True,CG6-0640|2026-01-22|L1|S403,field,MATCHED,D7:wor:1-403,21.0323
CG6-0640,588,609,404,2026-01-22,11:08:03,3329.24,1,0.0696,0.009,3328.67,0,2,3.9678,0.0659,0.0001,0.5,0,60,0,25.3278,34.6252,149.4,24.7681,34.7505,454.6,11011,,2026-01-22 11:08:03,000000024110640,948,0,0.0660743,0.0685426,0.00264261,3329.24,,STDDEV_GT_0.050,True,CG6-0640|2026-01-22|L1|S404,field,MATCHED,D7:wor:1-404,5.19742
CG6-0640,589,610,405,2026-01-22,11:11:35,3330.84,1,0.0712,0.0092,3330.27,-7,-14.3,3.9674,0.0671,0.0029,0.4998,0,60,0,25.3278,34.6252,149.4,24.7663,34.751,451,11011,,2026-01-22 11:11:35,000000024110640,949,0,0.0672248,0.0697007,0.00260066,3330.85,,STDDEV_GT_0.050,True,CG6-0640|2026-01-22|L1|S405,field,MATCHED,D7:wor:1-405,4.05522
CG6-0640,590,611,406,2026-01-22,11:15:01,3332.47,1,0.0684,0.0088,3331.9,10.5,-11.8,3.966,0.0681,0.0046,0.4998,0,60,0,25.3278,34.6252,149.4,24.7646,34.752,441.8,11011,,2026-01-22 11:15:01,000000024110640,950,0.0001,0.0682782,0.0707613,0.00266125,3332.48,,STDDEV_GT_0.050,True,CG6-0640|2026-01-22|L1|S406,field,MATCHED,D7:wor:1-406,5.28339
CG6-0640,591,612,407,2026-01-22,11:18:45,3333.79,1,0.0338,0.0044,3333.22,5.7,-6.5,3.9682,0.0692,0.0009,0.4999,0,60,0,25.3278,34.6252,149.4,24.763,34.7528,437.6,11011,,2026-01-22 11:18:45,000000024110640,951,0.0001,0.0693502,0.0718382,0.00263822,3333.79,,,True,CG6-0640|2026-01-22|L1|S407,field,MATCHED,D7:wor:1-407,9.11477
CG6-0640,592,613,408,2026-01-22,11:22:04,3334.93,1,0.0406,0.0052,3334.36,-0.4,0.4,3.9707,0.0701,0,0.5002,0,60,0,25.3278,34.6252,149.4,24.7615,34.7539,438.3,11011,,2026-01-22 11:22:04,000000024110640,952,0.0001,0.0702375,0.0727297,0.0026297,3334.93,,,True,CG6-0640|2026-01-22|L1|S408,field,MATCHED,D7:wor:1-408,8.47252
CG6-0640,593,614,409,2026-01-22,11:25:29,3335.19,1,0.0382,0.0049,3334.62,0.5,5.6,3.9709,0.071,0.0004,0.5004,0,60,0,25.3278,34.6252,149.4,24.7603,34.7526,426.9,11011,,2026-01-22 11:25:29,000000024110640,953,-0.0001,0.071087,0.0735784,0.00257844,3335.19,,,True,CG6-0640|2026-01-22|L1|S409,field,MATCHED,D7:wor:1-409,5.15951
CG6-0640,594,615,410,2026-01-22,11:29:01,3336.48,1,0.0736,0.0095,3335.91,-7.1,3.5,3.9694,0.0718,0.0007,0.5002,0,60,0,25.3278,34.6252,149.4,24.7581,34.7529,417.6,11011,,2026-01-22 11:29:01,000000024110640,954,0,0.0718956,0.0743914,0.00259145,3336.48,,STDDEV_GT_0.050,True,CG6-0640|2026-01-22|L1|S410,field,MATCHED,D7:wor:1-410,5.62066
CG6-0640,595,616,411,2026-01-22,11:32:43,3337.12,1,0.0227,0.0029,3336.54,7.3,1.3,3.9678,0.0726,0.0007,0.5,0,60,0,25.3278,34.6252,149.4,24.7567,34.7535,415.3,11011,,2026-01-22 11:32:43,000000024110640,955,-0.0001,0.0726656,0.075161,0.00256096,3337.12,,,True,CG6-0640|2026-01-22|L1|S411,field,MATCHED,D7:wor:1-411,5.69477
CG6-0640,596,617,412,2026-01-22,11:35:58,3337.48,1,0.1641,0.0212,3336.91,-1.8,2.8,3.9707,0.0732,0.0002,0.5002,0,60,0,25.3278,34.6252,149.4,24.7549,34.7536,411.6,11011,,2026-01-22 11:35:58,000000024110640,956,4.54747e-13,0.0732766,0.0757728,0.00257277,3337.48,STDDEV_GT_0.080,,False,CG6-0640|2026-01-22|L1|S412,field,MATCHED,D7:wor:1-412,2.93777
CG6-0640,597,618,413,2026-01-22,11:40:11,3338.73,1,0.0648,0.0084,3338.15,-0.8,-12.7,3.9737,0.0739,0.0019,0.5007,0,60,0,25.3278,34.6252,149.4,24.7523,34.7549,403,11011,,2026-01-22 11:40:11,000000024110640,957,0.0001,0.0739774,0.0764749,0.00257492,3338.73,,STDDEV_GT_0.050,True,CG6-0640|2026-01-22|L1|S413,field,MATCHED,D7:wor:1-413,4.88985
CG6-0640,598,619,414,2026-01-22,11:43:25,3340.55,1,0.0442,0.0057,3339.98,8.8,-4.8,3.9698,0.0744,0.0012,0.5002,0,60,0,25.3278,34.6252,149.4,24.7521,34.7573,395.6,11011,,2026-01-22 11:43:25,000000024110640,958,0,0.074444,0.0769352,0.00253516,3340.56,,,True,CG6-0640|2026-01-22|L1|S414,field,MATCHED,D7:wor:1-414,12.0825
CG6-0640,599,620,415,2026-01-22,11:46:35,3341.86,1,0.0323,0.0042,3341.29,3.6,4.3,3.9667,0.0748,0.0004,0.4999,0,60,0,25.3278,34.6252,149.4,24.7514,34.7593,392,11011,,2026-01-22 11:46:35,000000024110640,959,4.54747e-13,0.0748411,0.0773265,0.00252651,3341.86,,,True,CG6-0640|2026-01-22|L1|S415,field,MATCHED,D7:wor:1-415,2.74478
CG6-0640,600,621,416,2026-01-22,11:53:11,3342.92,1,0.0393,0.0051,3342.34,7.5,-9.6,3.9598,0.0754,0.0018,0.499,0,60,0,25.3278,34.6252,149.4,24.7499,34.7607,394.4,11011,,2026-01-22 11:53:11,000000024110640,960,0.0001,0.0754775,0.0779464,0.0025464,3342.92,,,True,CG6-0640|2026-01-22|L1|S416,field,MATCHED,D7:wor:1-416,9.11584
CG6-0640,601,622,417,2026-01-22,11:56:21,3344.23,1,0.0198,0.0026,3343.65,4.9,-8.3,3.9576,0.0757,0.0012,0.4987,0,60,0,25.3278,34.6252,149.4,24.7492,34.7626,383.1,11011,,2026-01-22 11:56:21,000000024110640,961,-0.0001,0.0756907,0.0781509,0.00245089,3344.23,,,True,CG6-0640|2026-01-22|L1|S417,field,MATCHED,D7:wor:1-417,6.87301
CG6-0640,602,623,418,2026-01-22,11:59:09,3344.95,1,0.0313,0.004,3344.37,6.1,3.2,3.9598,0.0758,0.0006,0.499,0,60,0,25.3278,34.6252,149.4,24.7484,34.764,381.1,11011,,2026-01-22 11:59:09,000000024110640,962,0,0.0758292,0.078281,0.00248101,3344.95,,,True,CG6-0640|2026-01-22|L1|S418,field,MATCHED,D7:wor:1-418,10.2972
CG6-0640,603,624,100,2026-01-22,12:47:31,3407,0,0.0137,0.0018,3406.43,6.3,0.9,3.9474,0.071,0.0005,0.4975,0,60,0,25.3278,34.6252,149.4,24.7869,34.9338,93.5,11011,,2026-01-22 12:47:31,000000024110640,963,0,0.0709242,0.0727535,0.00175354,3407,,,True,CG6-0640|2026-01-22|L0|S100,field_base_100,MATCHED,D7:wor:Base 100,14.8848
CG6-0640,604,625,100,2026-01-22,12:48:31,3407,0,0.0365,0.0047,3406.43,8,1.2,3.9484,0.0708,0.0007,0.4976,0,60,0,25.3278,34.6252,149.4,24.7869,34.9338,93.5,11011,,2026-01-22 12:48:31,000000024110640,963,-0.0001,0.0706817,0.0725,0.0017,3407,,,True,CG6-0640|2026-01-22|L0|S100,field_base_100,MATCHED,D7:wor:Base 100,14.8848
CG6-0640,605,626,100,2026-01-22,12:49:31,3407,0,0.0169,0.0022,3406.43,9.4,1.6,3.9474,0.0705,0.0011,0.4974,0,60,0,25.3278,34.6252,149.4,24.7869,34.9338,93.5,11011,,2026-01-22 12:49:31,000000024110640,963,4.54747e-13,0.0704339,0.072241,0.00174099,3407,,,True,CG6-0640|2026-01-22|L0|S100,field_base_100,MATCHED,D7:wor:Base 100,14.8848
CG6-0640,606,627,100,2026-01-22,12:50:31,3407,0,0.0157,0.002,3406.43,10.3,2.2,3.9474,0.0703,0.0013,0.4974,0,60,0,25.3278,34.6252,149.4,24.7869,34.9338,93.5,11011,,2026-01-22 12:50:31,000000024110640,963,-0.0001,0.0701806,0.0719765,0.00167655,3407,,,True,CG6-0640|2026-01-22|L0|S100,field_base_100,MATCHED,D7:wor:Base 100,14.8848
CG6-0640,607,628,419,2026-01-22,13:45:48,3379.2,1,0.0205,0.0026,3378.66,2.6,-6.3,3.9324,0.0488,0.0006,0.4955,0,60,0,25.3278,34.6252,149.4,24.796,34.8091,253.8,11011,,2026-01-22 13:45:48,000000024110640,964,4.54747e-13,0.048622,0.0500121,0.00121211,3379.2,,,True,CG6-0640|2026-01-22|L1|S419,field,MATCHED,D7:kml:1-419,3.96368
CG6-0640,608,629,420,2026-01-22,13:51:15,3378.2,1,0.0131,0.0017,3377.66,-9.6,-9.3,3.9385,0.046,0.0021,0.4963,0,60,0,25.3278,34.6252,149.4,24.7982,34.8088,264.9,11011,,2026-01-22 13:51:15,000000024110640,965,-0.0001,0.0458113,0.0471413,0.00114126,3378.2,,,True,CG6-0640|2026-01-22|L1|S420,field,MATCHED,D7:kml:1-420,13.5927
CG6-0640,609,630,421,2026-01-22,13:54:45,3377.05,1,0.0316,0.0041,3376.51,7.5,3.8,3.9351,0.0442,0.0009,0.4959,0,60,0,25.3278,34.6252,149.4,24.7996,34.8076,277.7,11011,,2026-01-22 13:54:45,000000024110640,966,-0.0001,0.0439549,0.0452488,0.00104878,3377.05,,,True,CG6-0640|2026-01-22|L1|S421,field,MATCHED,D7:kml:1-421,5.63626
CG6-0640,610,631,422,2026-01-22,13:58:56,3376.07,1,0.0126,0.0016,3375.53,5.3,-3,3.9288,0.0419,0.0005,0.495,0,60,0,25.3278,34.6252,149.4,24.8004,34.806,277.8,11011,,2026-01-22 13:58:56,000000024110640,967,-4.54747e-13,0.0416866,0.0429406,0.00104059,3376.07,,,True,CG6-0640|2026-01-22|L1|S422,field,MATCHED,D7:wor:1-422,1.65785
CG6-0640,611,632,423,2026-01-22,14:02:35,3375.23,1,0.017,0.0022,3374.7,5.3,-3.8,3.9244,0.0399,0.0006,0.4946,0,60,0,25.3278,34.6252,149.4,24.8012,34.8045,280.2,11011,,2026-01-22 14:02:35,000000024110640,968,0,0.0396661,0.0408853,0.000985306,3375.23,,,True,CG6-0640|2026-01-22|L1|S423,field,MATCHED,D7:wor:1-423,2.97586
CG6-0640,612,633,424,2026-01-22,14:06:27,3374.26,1,0.0157,0.002,3373.73,0.5,-5.4,3.9189,0.0377,0.0004,0.4937,0,60,0,25.3278,34.6252,149.4,24.8023,34.803,295,11011,,2026-01-22 14:06:27,000000024110640,969,0,0.0374862,0.038668,0.000968027,3374.26,,,True,CG6-0640|2026-01-22|L1|S424,field,MATCHED,D7:wor:1-424,2.56843
CG6-0640,613,634,425,2026-01-22,14:11:23,3373.02,1,0.0184,0.0024,3372.49,6.6,-2.3,3.91,0.0349,0.0006,0.4929,0,60,0,25.3278,34.6252,149.4,24.8041,34.8025,298.3,11011,,2026-01-22 14:11:23,000000024110640,970,0.0001,0.0346504,0.0357802,0.000880169,3373.02,,,True,CG6-0640|2026-01-22|L1|S425,field,MATCHED,D7:wor:1-425,4.41671
CG6-0640,614,635,426,2026-01-22,14:16:31,3372.23,1,0.0216,0.0028,3371.7,9.3,12.6,3.9098,0.0319,0.003,0.4928,0,60,0,25.3278,34.6252,149.4,24.8057,34.802,312.8,11011,,2026-01-22 14:16:31,000000024110640,971,-0.0002,0.0316406,0.0327176,0.00081759,3372.23,,,True,CG6-0640|2026-01-22|L1|S426,field,MATCHED,D7:wor:1-426,8.56072
CG6-0640,615,636,427,2026-01-22,14:23:08,3371.12,1,0.0121,0.0016,3370.6,-4.4,6.1,3.9189,0.0279,0.0007,0.4938,0,60,0,25.3278,34.6252,149.4,24.8066,34.8029,312,11011,,2026-01-22 14:23:08,000000024110640,972,0.0001,0.0276832,0.0286923,0.000792335,3371.12,,,True,CG6-0640|2026-01-22|L1|S427,field,MATCHED,D7:wor:1-427,6.73499
CG6-0640,616,637,428,2026-01-22,14:27:33,3370.31,1,0.0147,0.0019,3369.79,2.3,1,3.9157,0.0252,0.0001,0.4935,0,60,0,25.3278,34.6252,149.4,24.8081,34.8032,319.2,11011,,2026-01-22 14:27:33,000000024110640,973,0.0001,0.0249995,0.0259618,0.000761759,3370.31,,,True,CG6-0640|2026-01-22|L1|S428,field,MATCHED,D7:kml:1-428,9.66424
CG6-0640,617,638,429,2026-01-22,14:31:34,3369.48,1,0.0162,0.0021,3368.97,-4.2,6.2,3.9175,0.0228,0.0007,0.4936,0,60,0,25.3278,34.6252,149.4,24.8093,34.8035,322.2,11011,,2026-01-22 14:31:34,000000024110640,974,-0.0001,0.022534,0.0234549,0.000654921,3369.48,,,True,CG6-0640|2026-01-22|L1|S429,field,UNMATCHED_GT_30M,D7:wor:1-431,106.146
CG6-0640,618,639,430,2026-01-22,14:37:12,3368.39,1,0.0178,0.0023,3367.88,11.2,-9.3,3.9144,0.0193,0.0025,0.4933,0,60,0,25.3278,34.6252,149.4,24.8104,34.8045,327.8,11011,,2026-01-22 14:37:12,000000024110640,975,0,0.019043,0.0199063,0.000606349,3368.39,,,True,CG6-0640|2026-01-22|L1|S430,field,MATCHED,D7:wor:1-430,7.51901
CG6-0640,619,640,431,2026-01-22,14:40:32,3369.16,1,0.0176,0.0023,3368.64,-16.7,12.9,3.9088,0.0172,0.0052,0.4926,0,60,0,25.3278,34.6252,149.4,24.8103,34.8039,325,11011,,2026-01-22 14:40:32,000000024110640,976,4.54747e-13,0.0169625,0.0177975,0.000597483,3369.16,,,True,CG6-0640|2026-01-22|L1|S431,field,MATCHED,D7:wor:1-431,8.15003
CG6-0640,620,641,432,2026-01-22,14:43:41,3368.1,1,0.0175,0.0023,3367.59,-0.8,-1.2,3.9109,0.0152,0.0001,0.4929,0,60,0,25.3278,34.6252,149.4,24.8108,34.8034,330.2,11011,,2026-01-22 14:43:41,000000024110640,977,-0.0001,0.0149885,0.0157952,0.000595204,3368.1,,,True,CG6-0640|2026-01-22|L1|S432,field,MATCHED,D7:wor:1-432,6.78056
CG6-0640,621,642,100,2026-01-22,15:31:01,3407,0,0.0196,0.0025,3406.52,4.5,-2.9,3.9131,-0.0142,0.0003,0.4931,0,60,0,25.3278,34.6252,149.4,24.7868,34.9338,102.1,11011,,2026-01-22 15:31:01,000000024110640,978,0,-0.0144466,-0.0143146,-0.000114622,3407,,,True,CG6-0640|2026-01-22|L0|S100,field_base_100,MATCHED,D7:wor:Base 100,12.8373
CG6-0640,622,643,100,2026-01-22,15:32:01,3407,0,0.0175,0.0023,3406.52,5,-3.5,3.9139,-0.0148,0.0004,0.4933,0,60,0,25.3278,34.6252,149.4,24.7868,34.9338,102.1,11011,,2026-01-22 15:32:01,000000024110640,978,-0.0001,-0.0150417,-0.0149161,-0.00011606,3407,,,True,CG6-0640|2026-01-22|L0|S100,field_base_100,MATCHED,D7:wor:Base 100,12.8373
CG6-0640,623,644,100,2026-01-22,15:33:01,3407,0,0.0177,0.0023,3406.52,5.1,-4.1,3.914,-0.0154,0.0005,0.4932,0,60,0,25.3278,34.6252,149.4,24.7868,34.9338,102.1,11011,,2026-01-22 15:33:01,000000024110640,978,0,-0.0156348,-0.0155154,-0.000115444,3407,,,True,CG6-0640|2026-01-22|L0|S100,field_base_100,MATCHED,D7:wor:Base 100,12.8373
CG6-0640,624,645,100,2026-01-22,15:34:01,3407,0,0.0175,0.0023,3406.52,5.7,-4.5,3.9142,-0.016,0.0006,0.4933,0,60,0,25.3278,34.6252,149.4,24.7868,34.9338,102.1,11011,,2026-01-22 15:34:01,000000024110640,978,4.54747e-13,-0.0162258,-0.0161127,-0.000112721,3407,,,True,CG6-0640|2026-01-22|L0|S100,field_base_100,MATCHED,D7:wor:Base 100,12.8373
CG6-0640,625,646,0,2026-01-22,18:05:35,3473.08,0,0.0196,0.0025,3472.63,-8.7,-5,3.9955,-0.0582,0.0012,0.5033,0,60,0,25.3278,34.6252,149.4,25.0668,34.8777,27.5,11011,,2026-01-22 18:05:35,000000024110640,979,0,-0.0581214,-0.0579899,0.000210094,3473.08,,,True,CG6-0640|2026-01-22|L0|S0,hotel_base_0,MATCHED,D7:wor:Base0,8.05034
CG6-0640,626,647,0,2026-01-22,18:06:35,3473.08,0,0.0201,0.0026,3472.63,-10.4,-4.4,3.9936,-0.0581,0.0015,0.5033,0,60,0,25.3278,34.6252,149.4,25.0668,34.8777,27.5,11011,,2026-01-22 18:06:35,000000024110640,979,0.0001,-0.0579764,-0.0578394,0.000260611,3473.08,,,True,CG6-0640|2026-01-22|L0|S0,hotel_base_0,MATCHED,D7:wor:Base0,8.05034
CG6-0640,627,648,0,2026-01-22,18:07:35,3473.08,0,0.0161,0.0021,3472.63,-10.9,-4,3.9911,-0.0579,0.0016,0.503,0,60,0,25.3278,34.6252,149.4,25.0668,34.8777,27.5,11011,,2026-01-22 18:07:35,000000024110640,979,-4.54747e-13,-0.0578253,-0.0576828,0.000217246,3473.08,,,True,CG6-0640|2026-01-22|L0|S0,hotel_base_0,MATCHED,D7:wor:Base0,8.05034
CG6-0640,628,649,0,2026-01-22,18:08:35,3473.08,0,0.0173,0.0022,3472.63,-11.4,-3.6,3.9873,-0.0578,0.0016,0.5024,0,60,0,25.3278,34.6252,149.4,25.0668,34.8777,27.5,11011,,2026-01-22 18:08:35,000000024110640,979,0,-0.0576682,-0.05752,0.000279993,3473.08,,,True,CG6-0640|2026-01-22|L0|S0,hotel_base_0,MATCHED,D7:wor:Base0,8.05034
CG6-0640,629,650,0,2026-01-23,04:17:28,3473.09,0,0.0132,0.0017,3472.62,3.4,-0.9,3.9103,-0.0176,0.0002,0.4927,0,60,0,25.3278,34.6252,149.4,25.0668,34.8777,21.4,11011,,2026-01-23 04:17:28,000000024110640,980,-0.0001,-0.0179131,-0.0183658,-0.000765767,3473.09,,,True,CG6-0640|2026-01-23|L0|S0,hotel_base_0,MATCHED,D8:wor:Base 0,2.97103
CG6-0640,630,651,0,2026-01-23,04:18:28,3473.09,0,0.0129,0.0017,3472.62,4.1,-0.2,3.911,-0.0183,0.0002,0.4928,0,60,0,25.3278,34.6252,149.4,25.0668,34.8777,21.4,11011,,2026-01-23 04:18:28,000000024110640,980,4.54747e-13,-0.0186357,-0.0190873,-0.000787252,3473.09,,,True,CG6-0640|2026-01-23|L0|S0,hotel_base_0,MATCHED,D8:wor:Base 0,2.97103
CG6-0640,631,652,0,2026-01-23,04:19:28,3473.09,0,0.0119,0.0015,3472.62,4.1,0.2,3.9107,-0.019,0.0002,0.4928,0,60,0,25.3278,34.6252,149.4,25.0668,34.8777,21.4,11011,,2026-01-23 04:19:28,000000024110640,980,-4.54747e-13,-0.0193555,-0.0198059,-0.000805909,3473.09,,,True,CG6-0640|2026-01-23|L0|S0,hotel_base_0,MATCHED,D8:wor:Base 0,2.97103
CG6-0640,632,653,0,2026-01-23,04:20:28,3473.09,0,0.0088,0.0011,3472.62,5.1,0.1,3.9091,-0.0198,0.0003,0.4924,0,60,0,25.3278,34.6252,149.4,25.0668,34.8777,21.4,11011,,2026-01-23 04:20:28,000000024110640,980,0.0001,-0.0200725,-0.0205217,-0.000721693,3473.09,,,True,CG6-0640|2026-01-23|L0|S0,hotel_base_0,MATCHED,D8:wor:Base 0,2.97103
CG6-0640,633,654,100,2026-01-23,06:26:24,3407.01,0,0.0146,0.0019,3406.59,4.2,-5.9,3.9516,-0.0754,0.0006,0.498,0,60,0,25.3278,34.6252,149.4,24.7868,34.9337,100.4,11011,,2026-01-23 06:26:24,000000024110640,981,4.54747e-13,-0.0754527,-0.075137,0.000263025,3407.01,,,True,CG6-0640|2026-01-23|L0|S100,field_base_100,MATCHED,D8:wor:Base100,4.05419
CG6-0640,634,655,100,2026-01-23,06:27:24,3407.01,0,0.015,0.0019,3406.59,5.1,-6.7,3.9511,-0.0755,0.0008,0.4978,0,60,0,25.3278,34.6252,149.4,24.7868,34.9337,100.5,11011,,2026-01-23 06:27:24,000000024110640,981,0,-0.0755438,-0.0752189,0.000281085,3407.01,,,True,CG6-0640|2026-01-23|L0|S100,field_base_100,MATCHED,D8:wor:Base100,4.05419
CG6-0640,635,656,100,2026-01-23,06:28:24,3407.01,0,0.0129,0.0017,3406.59,5.3,-6.6,3.9515,-0.0756,0.0008,0.4978,0,60,0,25.3278,34.6252,149.4,24.7868,34.9337,100.4,11011,,2026-01-23 06:28:24,000000024110640,981,0.0001,-0.0756287,-0.0752947,0.000305324,3407.01,,,True,CG6-0640|2026-01-23|L0|S100,field_base_100,MATCHED,D8:wor:Base100,4.05419
CG6-0640,636,657,100,2026-01-23,06:29:24,3407.01,0,0.012,0.0016,3406.59,5.6,-6.8,3.9499,-0.0757,0.0009,0.4977,0,60,0,25.3278,34.6252,149.4,24.7868,34.9337,100.4,11011,,2026-01-23 06:29:24,000000024110640,981,-0.0001,-0.0757075,-0.0753643,0.000335741,3407.01,,,True,CG6-0640|2026-01-23|L0|S100,field_base_100,MATCHED,D8:wor:Base100,4.05419
CG6-0640,637,658,433,2026-01-23,08:10:26,3374.36,1,0.0475,0.0061,3373.91,-9.2,14.9,3.9808,-0.0538,0.0038,0.5015,0,60,0,25.3278,34.6252,149.4,24.6898,34.8924,239.4,11011,,2026-01-23 08:10:26,000000024110640,982,0.0001,-0.0535261,-0.052052,0.00174802,3374.36,,,True,CG6-0640|2026-01-23|L1|S433,field,MATCHED,D8:wor:1-433,2.96557
CG6-0640,638,659,434,2026-01-23,08:20:10,3373.69,1,0.0153,0.002,3373.24,0.2,-11.5,3.9351,-0.0489,0.0016,0.4959,0,60,0,25.3278,34.6252,149.4,24.6914,34.8901,248.7,11011,,2026-01-23 08:20:10,000000024110640,983,-4.54747e-13,-0.0486226,-0.047049,0.001851,3373.69,,,True,CG6-0640|2026-01-23|L1|S434,field,MATCHED,D8:wor:1-434,4.30955
CG6-0640,639,660,435,2026-01-23,08:23:39,3373.15,1,0.028,0.0036,3372.7,2.9,-5.4,3.9421,-0.047,0.0005,0.4968,0,60,0,25.3278,34.6252,149.4,24.6929,34.8882,237.6,11011,,2026-01-23 08:23:39,000000024110640,984,-0.0001,-0.0467756,-0.0451711,0.00182895,3373.16,,,True,CG6-0640|2026-01-23|L1|S435,field,MATCHED,D8:wor:1-435,3.87365
CG6-0640,640,661,436,2026-01-23,08:27:48,3372.84,1,0.0136,0.0018,3372.38,8.3,0.7,3.9495,-0.0448,0.0008,0.4976,0,60,0,25.3278,34.6252,149.4,24.6941,34.886,241.8,11011,,2026-01-23 08:27:48,000000024110640,985,0.0001,-0.0445152,-0.042873,0.00192699,3372.84,,,True,CG6-0640|2026-01-23|L1|S436,field,MATCHED,D8:wor:1-436,2.4103
CG6-0640,641,662,437,2026-01-23,08:31:31,3372.44,1,0.0494,0.0064,3371.98,10.1,-1.1,3.9523,-0.0427,0.0012,0.498,0,60,0,25.3278,34.6252,149.4,24.6961,34.885,251.1,11011,,2026-01-23 08:31:31,000000024110640,986,-4.54747e-13,-0.0424377,-0.0407619,0.00193808,3372.44,,,True,CG6-0640|2026-01-23|L1|S437,field,MATCHED,D8:wor:1-437,3.23676
CG6-0640,642,663,438,2026-01-23,08:35:10,3372.26,1,0.0199,0.0026,3371.79,15.3,-2.7,3.9585,-0.0406,0.0028,0.4987,0,60,0,25.3278,34.6252,149.4,24.6981,34.8843,249.4,11011,,2026-01-23 08:35:10,000000024110640,987,0.0001,-0.0403508,-0.0386419,0.00195812,3372.26,,,True,CG6-0640|2026-01-23|L1|S438,field,MATCHED,D8:wor:1-438,4.53981
CG6-0640,643,664,439,2026-01-23,08:40:48,3372.07,1,0.0244,0.0031,3371.61,0.9,6.1,3.9696,-0.0373,0.0005,0.5002,0,60,0,25.3278,34.6252,149.4,24.6994,34.8829,252.4,11011,,2026-01-23 08:40:48,000000024110640,988,-4.54747e-13,-0.0370441,-0.0352827,0.00201727,3372.07,,,True,CG6-0640|2026-01-23|L1|S439,field,MATCHED,D8:wor:1-439,2.78299
CG6-0640,644,665,440,2026-01-23,08:44:21,3371.8,1,0.0128,0.0017,3371.33,0.3,-8.4,3.9672,-0.0352,0.0009,0.4999,0,60,0,25.3278,34.6252,149.4,24.7015,34.8817,255.2,11011,,2026-01-23 08:44:21,000000024110640,989,0,-0.0349096,-0.033119,0.002081,3371.8,,,True,CG6-0640|2026-01-23|L1|S440,field,MATCHED,D8:wor:1-440,4.76891
CG6-0640,645,666,441,2026-01-23,08:47:20,3371.24,1,0.0346,0.0045,3370.78,10.5,-6.8,3.9668,-0.0334,0.0019,0.4998,0,60,0,25.3278,34.6252,149.4,24.703,34.8805,258,11011,,2026-01-23 08:47:20,000000024110640,990,-4.54747e-13,-0.0330874,-0.0312726,0.00212742,3371.25,,,True,CG6-0640|2026-01-23|L1|S441,field,MATCHED,D8:wor:1-441,5.67055
CG6-0640,646,667,442,2026-01-23,08:50:17,3371.08,1,0.0192,0.0025,3370.61,6.1,1.3,3.9643,-0.0315,0.0005,0.4995,0,60,0,25.3278,34.6252,149.4,24.7041,34.879,256,11011,,2026-01-23 08:50:17,000000024110640,991,4.54747e-13,-0.0312612,-0.0294232,0.0020768,3371.08,,,True,CG6-0640|2026-01-23|L1|S442,field,MATCHED,D8:wor:1-442,2.82808
CG6-0640,647,668,443,2026-01-23,08:53:39,3370.68,1,0.0161,0.0021,3370.21,-2.2,-1,3.9686,-0.0294,0.0001,0.5001,0,60,0,25.3278,34.6252,149.4,24.7055,34.8778,260.2,11011,,2026-01-23 08:53:39,000000024110640,992,-4.54747e-13,-0.0291489,-0.027284,0.00211601,3370.68,,,True,CG6-0640|2026-01-23|L1|S443,field,MATCHED,D8:wor:1-443,1.34801
CG6-0640,648,669,444,2026-01-23,08:56:58,3370.39,1,0.033,0.0043,3369.92,-6.7,-2.4,3.9675,-0.0273,0.0006,0.4999,0,60,0,25.3278,34.6252,149.4,24.7074,34.8774,261.1,11011,,2026-01-23 08:56:58,000000024110640,993,-0.0001,-0.0270404,-0.0251483,0.00215168,3370.4,,,True,CG6-0640|2026-01-23|L1|S444,field,MATCHED,D8:wor:1-444,6.09036
CG6-0640,649,670,445,2026-01-23,09:00:46,3370.2,1,0.0362,0.0047,3369.73,-2.8,-1.7,3.9655,-0.0249,0.0002,0.4998,0,60,0,25.3278,34.6252,149.4,24.7097,34.8773,261.6,11011,,2026-01-23 09:00:46,000000024110640,994,0,-0.024593,-0.0226698,0.00223016,3370.2,,,True,CG6-0640|2026-01-23|L1|S445,field,MATCHED,D8:wor:1-445,2.22074
CG6-0640,650,671,446,2026-01-23,09:04:01,3370.01,1,0.022,0.0028,3369.53,7.8,-7.6,3.9623,-0.0228,0.0015,0.4993,0,60,0,25.3278,34.6252,149.4,24.7113,34.8764,252.7,11011,,2026-01-23 09:04:01,000000024110640,995,4.54747e-13,-0.0224749,-0.0205274,0.00227256,3370.01,,,True,CG6-0640|2026-01-23|L1|S446,field,MATCHED,D8:wor:1-446,4.47324
CG6-0640,651,672,447,2026-01-23,09:07:33,3369.74,1,0.0251,0.0032,3369.26,1.4,-13.9,3.9634,-0.0204,0.0023,0.4993,0,60,0,25.3278,34.6252,149.4,24.7134,34.875,265.3,11011,,2026-01-23 09:07:33,000000024110640,996,-4.54747e-13,-0.0201483,-0.0181769,0.00222313,3369.74,,,True,CG6-0640|2026-01-23|L1|S447,field,MATCHED,D8:wor:1-447,2.13538
CG6-0640,652,673,448,2026-01-23,09:10:39,3369.14,1,0.0494,0.0064,3368.66,1.7,-11.4,3.9598,-0.0184,0.0016,0.499,0,60,0,25.3278,34.6252,149.4,24.7152,34.8725,266.6,11011,,2026-01-23 09:10:39,000000024110640,997,0,-0.018088,-0.0160996,0.00230039,3369.14,,,True,CG6-0640|2026-01-23|L1|S448,field,MATCHED,D8:wor:1-448,7.09151
CG6-0640,653,674,449,2026-01-23,09:14:11,3368.56,1,0.0319,0.0041,3368.08,8.3,4.2,3.9576,-0.016,0.0011,0.4987,0,60,0,25.3278,34.6252,149.4,24.7171,34.8713,273.3,11011,,2026-01-23 09:14:11,000000024110640,998,0,-0.0157199,-0.0137081,0.00229195,3368.56,,,True,CG6-0640|2026-01-23|L1|S449,field,MATCHED,D8:wor:1-449,3.76339
CG6-0640,654,675,450,2026-01-23,09:17:20,3368.07,1,0.0098,0.0013,3367.58,-0.5,-7.2,3.9535,-0.0139,0.0007,0.4982,0,60,0,25.3278,34.6252,149.4,24.7187,34.8697,274.7,11011,,2026-01-23 09:17:20,000000024110640,999,-4.54747e-13,-0.0135928,-0.0115622,0.00233781,3368.07,,,True,CG6-0640|2026-01-23|L1|S450,field,MATCHED,D8:wor:1-450,4.0462
CG6-0640,655,676,451,2026-01-23,09:20:25,3367.64,1,0.0196,0.0025,3367.15,13.3,-5.6,3.9506,-0.0118,0.0024,0.4979,0,60,0,25.3278,34.6252,149.4,24.7207,34.8687,270.2,11011,,2026-01-23 09:20:25,000000024110640,1000,4.54747e-13,-0.0114976,-0.00944822,0.00235178,3367.64,,,True,CG6-0640|2026-01-23|L1|S451,field,MATCHED,D8:wor:1-451,5.03269
CG6-0640,656,677,452,2026-01-23,09:24:37,3367.79,1,0.027,0.0035,3367.3,19.2,-11.1,3.9536,-0.0089,0.0065,0.4981,0,60,0,25.3278,34.6252,149.4,24.7223,34.8675,269.9,11011,,2026-01-23 09:24:37,000000024110640,1001,0.0001,-0.00862533,-0.00654874,0.00235126,3367.8,,,True,CG6-0640|2026-01-23|L1|S452,field,MATCHED,D8:wor:1-452,6.98708
CG6-0640,657,678,453,2026-01-23,09:29:23,3368.38,1,0.0141,0.0018,3367.89,8.7,-6.5,3.9514,-0.0057,0.0014,0.4978,0,60,0,25.3278,34.6252,149.4,24.7242,34.8659,271.8,11011,,2026-01-23 09:29:23,000000024110640,1002,0.0001,-0.00534434,-0.00323919,0.00246081,3368.38,,,True,CG6-0640|2026-01-23|L1|S453,field,MATCHED,D8:wor:1-453,1.82186
CG6-0640,658,679,454,2026-01-23,09:32:36,3368.31,1,0.0222,0.0029,3367.82,10.9,-5.6,3.9477,-0.0034,0.0018,0.4974,0,60,0,25.3278,34.6252,149.4,24.7259,34.8645,274.3,11011,,2026-01-23 09:32:36,000000024110640,1003,0.0001,-0.0031201,-0.000998386,0.00240161,3368.31,,,True,CG6-0640|2026-01-23|L1|S454,field,MATCHED,D8:wor:1-454,8.27116
CG6-0640,659,680,455,2026-01-23,09:35:44,3368.11,1,0.0123,0.0016,3367.61,17.3,12.6,3.948,-0.0013,0.0053,0.4974,0,60,0,25.3278,34.6252,149.4,24.7275,34.8637,276.6,11011,,2026-01-23 09:35:44,000000024110640,1004,0.0001,-0.000947457,0.00119124,0.00249124,3368.12,,,True,CG6-0640|2026-01-23|L1|S455,field,MATCHED,D8:wor:1-455,5.49948
CG6-0640,660,681,456,2026-01-23,09:38:57,3367.93,1,0.0484,0.0062,3367.43,17.9,-3,3.9477,0.001,0.0039,0.4976,0,60,0,25.3278,34.6252,149.4,24.7288,34.8625,276.7,11011,,2026-01-23 09:38:57,000000024110640,1005,-4.54747e-13,0.00128751,0.00344283,0.00244283,3367.93,,,True,CG6-0640|2026-01-23|L1|S456,field,MATCHED,D8:wor:1-456,7.91262
CG6-0640,661,682,457,2026-01-23,09:42:48,3367.28,1,0.0224,0.0029,3366.78,2.8,0.2,3.951,0.0037,0.0002,0.4978,0,60,0,25.3278,34.6252,149.4,24.7304,34.8614,276.7,11011,,2026-01-23 09:42:48,000000024110640,1006,-4.54747e-13,0.00396626,0.00614148,0.00244148,3367.28,,,True,CG6-0640|2026-01-23|L1|S457,field,MATCHED,D8:wor:1-457,6.74927
CG6-0640,662,683,458,2026-01-23,09:46:35,3367.74,1,0.0241,0.0031,3367.24,7.5,-4.5,3.9563,0.0063,0.001,0.4985,0,60,0,25.3278,34.6252,149.4,24.7318,34.8601,283.6,11011,,2026-01-23 09:46:35,000000024110640,1007,-4.54747e-13,0.00659997,0.00879367,0.00249367,3367.75,,,True,CG6-0640|2026-01-23|L1|S458,field,MATCHED,D8:wor:1-458,5.75153
CG6-0640,663,684,459,2026-01-23,09:50:17,3368.76,1,0.0167,0.0022,3368.25,-4.5,0.4,3.9578,0.0089,0.0003,0.4987,0,60,0,25.3278,34.6252,149.4,24.7331,34.8587,283.7,11011,,2026-01-23 09:50:17,000000024110640,1008,0,0.00917433,0.0113847,0.00248469,3368.76,,,True,CG6-0640|2026-01-23|L1|S459,field,MATCHED,D8:wor:1-459,6.51912
CG6-0640,664,685,460,2026-01-23,09:53:32,3369.01,1,0.0421,0.0054,3368.5,-0.9,-4.9,3.9562,0.0111,0.0003,0.4984,0,60,0,25.3278,34.6252,149.4,24.7341,34.8572,297.5,11011,,2026-01-23 09:53:32,000000024110640,1009,0.0001,0.0114325,0.0136561,0.00255608,3369.01,,,True,CG6-0640|2026-01-23|L1|S460,field,MATCHED,D8:wor:1-460,7.06735
CG6-0640,665,686,461,2026-01-23,09:56:36,3368.38,1,0.0497,0.0064,3367.86,15.1,-17.1,3.955,0.0133,0.0067,0.4984,0,60,0,25.3278,34.6252,149.4,24.7339,34.8552,299.2,11011,,2026-01-23 09:56:36,000000024110640,1010,-0.0001,0.0135589,0.0157962,0.00249615,3368.38,,,True,CG6-0640|2026-01-23|L1|S461,field,MATCHED,D8:wor:1-461,5.40921
CG6-0640,666,687,462,2026-01-23,10:01:18,3368.09,1,0.0295,0.0038,3367.58,4.4,-6,3.9604,0.0165,0.0006,0.4989,0,60,0,25.3278,34.6252,149.4,24.7349,34.8534,296.9,11011,,2026-01-23 10:01:18,000000024110640,1011,0.0001,0.0168066,0.0190633,0.00256331,3368.1,,,True,CG6-0640|2026-01-23|L1|S462,field,MATCHED_ID_TIEBREAK,D8:wor:1-462,10.102
CG6-0640,667,688,463,2026-01-23,10:05:22,3367.48,1,0.0134,0.0017,3366.96,1.6,-5.7,3.9519,0.0193,0.0005,0.498,0,60,0,25.3278,34.6252,149.4,24.7334,34.8511,297.3,11011,,2026-01-23 10:05:22,000000024110640,1012,0,0.0196019,0.0218787,0.00257867,3367.48,,,True,CG6-0640|2026-01-23|L1|S463,field,MATCHED,D8:wor:1-463,6.9778
CG6-0640,668,689,464,2026-01-23,10:09:07,3366.69,1,0.0287,0.0037,3366.16,-15.6,20.9,3.9527,0.0219,0.0079,0.498,0,60,0,25.3278,34.6252,149.4,24.7318,34.8498,303.9,11011,,2026-01-23 10:09:07,000000024110640,1013,0.0001,0.0221646,0.0244619,0.00256194,3366.69,,TILT_GT_20,True,CG6-0640|2026-01-23|L1|S464,field,MATCHED,D8:kml:1-464,1.12131
CG6-0640,669,690,465,2026-01-23,10:22:22,3368.21,1,0.0149,0.0019,3367.68,3.1,1.4,3.9443,0.0308,0.0003,0.4971,0,60,0,25.3278,34.6252,149.4,24.7355,34.8557,312.1,11011,,2026-01-23 10:22:22,000000024110640,1014,-0.0002,0.031065,0.0334297,0.0026297,3368.21,,,True,CG6-0640|2026-01-23|L1|S465,field,MATCHED,D8:wor:1-465,8.08054
CG6-0640,670,691,466,2026-01-23,10:25:26,3367.5,1,0.016,0.0021,3366.97,-4.1,-3.7,3.9474,0.0328,0.0004,0.4975,0,60,0,25.3278,34.6252,149.4,24.7369,34.8537,304.7,11011,,2026-01-23 10:25:26,000000024110640,1015,0,0.0330827,0.0354502,0.00265018,3367.51,,,True,CG6-0640|2026-01-23|L1|S466,field,MATCHED,D8:wor:1-466,7.51061
CG6-0640,671,692,467,2026-01-23,10:29:19,3365.98,1,0.0152,0.002,3365.45,7.7,9.9,3.9479,0.0353,0.0019,0.4974,0,60,0,25.3278,34.6252,149.4,24.7387,34.8516,319.9,11011,,2026-01-23 10:29:19,000000024110640,1016,-4.54747e-13,0.0356106,0.0379815,0.00268153,3365.99,,,True,CG6-0640|2026-01-23|L1|S467,field,MATCHED,D8:wor:1-467,12.4486
CG6-0640,672,693,468,2026-01-23,10:33:53,3364.5,1,0.0206,0.0027,3363.97,7.5,3.5,3.9426,0.0383,0.0008,0.4968,0,60,0,25.3278,34.6252,149.4,24.7399,34.8503,321.3,11011,,2026-01-23 10:33:53,000000024110640,1017,0,0.0385411,0.0409205,0.00262051,3364.51,,,True,CG6-0640|2026-01-23|L1|S468,field,MATCHED,D8:wor:1-468,5.89057
CG6-0640,673,694,469,2026-01-23,10:40:18,3366.84,1,0.0234,0.003,3366.3,-10,3.8,3.9536,0.0423,0.0013,0.4981,0,60,0,25.3278,34.6252,149.4,24.7413,34.8488,309.9,11011,,2026-01-23 10:40:18,000000024110640,1018,0.0001,0.0425739,0.0449645,0.00266445,3366.84,,,True,CG6-0640|2026-01-23|L1|S469,field,MATCHED,D8:wor:1-469,8.47773
CG6-0640,674,695,470,2026-01-23,10:44:53,3366.74,1,0.0123,0.0016,3366.19,-1.4,-13.6,3.9493,0.0451,0.0022,0.4977,0,60,0,25.3278,34.6252,149.4,24.7407,34.8475,311,11011,,2026-01-23 10:44:53,000000024110640,1019,4.54747e-13,0.0453878,0.0477889,0.00268886,3366.74,,,True,CG6-0640|2026-01-23|L1|S470,field,MATCHED,D8:wor:1-470,6.37464
CG6-0640,675,696,471,2026-01-23,10:48:46,3365.69,1,0.0105,0.0014,3365.15,12.9,0.9,3.9474,0.0475,0.002,0.4975,0,60,0,25.3278,34.6252,149.4,24.7386,34.8467,313.7,11011,,2026-01-23 10:48:46,000000024110640,1020,0,0.047725,0.0501394,0.00263941,3365.7,,,True,CG6-0640|2026-01-23|L1|S471,field,MATCHED,D8:wor:1-471,6.73639
CG6-0640,676,697,472,2026-01-23,10:52:38,3364.64,1,0.0131,0.0017,3364.09,6.8,12,3.9515,0.0498,0.0022,0.4978,0,60,0,25.3278,34.6252,149.4,24.7366,34.8454,313.2,11011,,2026-01-23 10:52:38,000000024110640,1021,0,0.0500066,0.0524319,0.00263195,3364.64,,,True,CG6-0640|2026-01-23|L1|S472,field,MATCHED,D8:wor:1-472,2.81891
CG6-0640,677,698,473,2026-01-23,11:00:49,3363.41,1,0.0209,0.0027,3362.86,2.7,10,3.9671,0.0544,0.0014,0.4999,0,60,0,25.3278,34.6252,149.4,24.7362,34.8435,325.6,11011,,2026-01-23 11:00:49,000000024110640,1022,0,0.0546752,0.0571096,0.00270959,3363.42,,,True,CG6-0640|2026-01-23|L1|S473,field,MATCHED,D8:wor:1-473,5.68662
CG6-0640,678,699,474,2026-01-23,11:04:47,3362.99,1,0.0234,0.003,3362.44,1.2,-7.9,3.9597,0.0566,0.0008,0.4989,0,60,0,25.3278,34.6252,149.4,24.7356,34.8414,322.9,11011,,2026-01-23 11:04:47,000000024110640,1023,-0.0001,0.0568547,0.0592907,0.00269066,3363,,,True,CG6-0640|2026-01-23|L1|S474,field,MATCHED,D8:wor:1-474,2.36004
CG6-0640,679,700,475,2026-01-23,11:08:39,3362.09,1,0.0325,0.0042,3361.53,10.4,-17.4,3.9501,0.0587,0.0049,0.4977,0,60,0,25.3278,34.6252,149.4,24.735,34.8388,329.4,11011,,2026-01-23 11:08:39,000000024110640,1024,0.0001,0.0589236,0.061359,0.00265897,3362.09,,,True,CG6-0640|2026-01-23|L1|S475,field,MATCHED,D8:wor:1-475,1.42955
CG6-0640,680,701,476,2026-01-23,11:11:48,3361.75,1,0.0115,0.0015,3361.19,5.1,-4.8,3.9477,0.0603,0.0006,0.4975,0,60,0,25.3278,34.6252,149.4,24.7353,34.8364,333.2,11011,,2026-01-23 11:11:48,000000024110640,1025,0,0.060567,0.0629977,0.0026977,3361.75,,,True,CG6-0640|2026-01-23|L1|S476,field,MATCHED,D8:wor:1-476,2.65817
CG6-0640,681,702,477,2026-01-23,11:15:03,3361.4,1,0.0168,0.0022,3360.83,12.7,-11.6,3.9435,0.062,0.0035,0.4969,0,60,0,25.3278,34.6252,149.4,24.7373,34.8347,337.7,11011,,2026-01-23 11:15:03,000000024110640,1026,4.54747e-13,0.0622217,0.0646434,0.00264338,3361.4,,,True,CG6-0640|2026-01-23|L1|S477,field,MATCHED,D8:wor:1-477,6.67512
CG6-0640,682,703,478,2026-01-23,11:18:38,3360.66,1,0.0312,0.004,3360.1,6.2,4.9,3.9418,0.0638,0.0008,0.4967,0,60,0,25.3278,34.6252,149.4,24.7383,34.8325,336.9,11011,,2026-01-23 11:18:38,000000024110640,1027,-0.0001,0.0639964,0.0664105,0.00261054,3360.67,,,True,CG6-0640|2026-01-23|L1|S478,field,MATCHED,D8:wor:1-478,5.67468
CG6-0640,683,704,479,2026-01-23,11:24:31,3359.42,1,0.0153,0.002,3358.86,-0.5,7,3.9455,0.0666,0.0006,0.4972,0,60,0,25.3278,34.6252,149.4,24.7381,34.8301,335.9,11011,,2026-01-23 11:24:31,000000024110640,1028,4.54747e-13,0.0667936,0.0692019,0.0026019,3359.43,,,True,CG6-0640|2026-01-23|L1|S479,field,MATCHED,D8:wor:1-479,4.4233
CG6-0640,684,705,480,2026-01-23,11:30:24,3357.48,1,0.0658,0.0085,3356.91,2,-5.4,3.936,0.0692,0.0004,0.496,0,60,0,25.3278,34.6252,149.4,24.7373,34.8275,352.5,11011,,2026-01-23 11:30:24,000000024110640,1029,0,0.06944,0.0718419,0.00264189,3357.48,,STDDEV_GT_0.050,True,CG6-0640|2026-01-23|L1|S480,field,MATCHED,D8:wor:1-480,9.81065
CG6-0640,685,706,481,2026-01-23,11:35:37,3355.94,1,0.0146,0.0019,3355.37,-0.1,-8.5,3.9368,0.0715,0.0009,0.496,0,60,0,25.3278,34.6252,149.4,24.7357,34.8255,356.4,11011,,2026-01-23 11:35:37,000000024110640,1030,-4.54747e-13,0.0716552,0.0740533,0.00255334,3355.94,,,True,CG6-0640|2026-01-23|L1|S481,field,MATCHED,D8:wor:1-481,3.09457
CG6-0640,686,707,482,2026-01-23,11:41:29,3354.34,1,0.0237,0.0031,3353.77,0.3,-16.1,3.9347,0.0738,0.003,0.4958,0,60,0,25.3278,34.6252,149.4,24.7351,34.8227,369.1,11011,,2026-01-23 11:41:29,000000024110640,1031,0.0001,0.0739939,0.0763808,0.00258078,3354.34,,,True,CG6-0640|2026-01-23|L1|S482,field,MATCHED,D8:wor:1-482,0.802241
CG6-0640,687,708,483,2026-01-23,11:46:29,3352.43,1,0.017,0.0022,3351.85,8.7,-11.8,3.9335,0.0757,0.0026,0.4957,0,60,0,25.3278,34.6252,149.4,24.7334,34.8212,378.1,11011,,2026-01-23 11:46:29,000000024110640,1032,-0.0001,0.0758557,0.0782367,0.0025367,3352.43,,,True,CG6-0640|2026-01-23|L1|S483,field,MATCHED,D8:wor:1-483,5.71558
CG6-0640,688,709,484,2026-01-23,11:52:18,3349.93,1,0.0171,0.0022,3349.36,6.1,-11.8,3.9341,0.0777,0.0021,0.4959,0,60,0,25.3278,34.6252,149.4,24.7345,34.8183,373.9,11011,,2026-01-23 11:52:18,000000024110640,1033,0,0.0778652,0.0802249,0.00252487,3349.93,,,True,CG6-0640|2026-01-23|L1|S484,field,MATCHED,D8:wor:1-484,6.95832
CG6-0640,689,710,485,2026-01-23,11:58:25,3352.68,1,0.0307,0.004,3352.1,-6.7,-1.3,3.9397,0.0797,0.0006,0.4965,0,60,0,25.3278,34.6252,149.4,24.7367,34.8176,394.3,11011,,2026-01-23 11:58:25,000000024110640,1034,-0.0002,0.0797921,0.0821268,0.00242679,3352.68,,,True,CG6-0640|2026-01-23|L1|S485,field,MATCHED,D8:wor:1-485,4.29815
CG6-0640,690,711,486,2026-01-23,12:03:22,3354.42,1,0.0243,0.0031,3353.85,5,7.2,3.9438,0.0811,0.0009,0.4969,0,60,0,25.3278,34.6252,149.4,24.7388,34.8197,358.2,11011,,2026-01-23 12:03:22,000000024110640,1035,0.0001,0.0812088,0.0835229,0.00242291,3354.43,,,True,CG6-0640|2026-01-23|L1|S486,field,MATCHED,D8:wor:1-486,7.60893
CG6-0640,691,712,487,2026-01-23,12:06:49,3355.79,1,0.0302,0.0039,3355.21,3.3,-8.2,3.9451,0.082,0.001,0.4971,0,60,0,25.3278,34.6252,149.4,24.7397,34.8216,359.2,11011,,2026-01-23 12:06:49,000000024110640,1036,0,0.0821194,0.0844199,0.00241989,3355.8,,,True,CG6-0640|2026-01-23|L1|S487,field,MATCHED,D8:wor:1-487,9.07588
CG6-0640,692,713,488,2026-01-23,12:09:46,3356.86,1,0.0406,0.0052,3356.28,1.1,-10.3,3.9429,0.0827,0.0013,0.4969,0,60,0,25.3278,34.6252,149.4,24.7418,34.822,355.5,11011,,2026-01-23 12:09:46,000000024110640,1037,0.0001,0.0828473,0.0851298,0.00242985,3356.86,,,True,CG6-0640|2026-01-23|L1|S488,field,MATCHED,D8:wor:1-488,11.3405
CG6-0640,693,714,489,2026-01-23,12:13:39,3358.5,1,0.0394,0.0051,3357.92,3.9,-3.4,3.9383,0.0836,0.0007,0.4964,0,60,0,25.3278,34.6252,149.4,24.7438,34.822,347.9,11011,,2026-01-23 12:13:39,000000024110640,1038,0,0.0837338,0.0859936,0.00239355,3358.5,,,True,CG6-0640|2026-01-23|L1|S489,field,MATCHED,D8:kml:1-489,3.33279
CG6-0640,694,715,490,2026-01-23,12:17:05,3360.38,1,0.0153,0.002,3359.8,0.3,-8.7,3.9354,0.0844,0.0009,0.4959,0,60,0,25.3278,34.6252,149.4,24.7461,34.8233,346.2,11011,,2026-01-23 12:17:05,000000024110640,1039,0,0.084449,0.0866866,0.00228657,3360.38,,,True,CG6-0640|2026-01-23|L1|S490,field,MATCHED,D8:wor:1-490,7.8009
CG6-0640,695,716,491,2026-01-23,12:20:31,3361.04,1,0.0222,0.0029,3360.46,3.4,-16.3,3.9321,0.085,0.0033,0.4954,0,60,0,25.3278,34.6252,149.4,24.7487,34.8236,342.8,11011,,2026-01-23 12:20:31,000000024110640,1040,4.54747e-13,0.0850993,0.0873121,0.00231207,3361.04,,,True,CG6-0640|2026-01-23|L1|S491,field,MATCHED,D8:wor:1-491,9.52616
CG6-0640,696,717,492,2026-01-23,12:23:39,3362.06,1,0.0193,0.0025,3361.48,-5.1,-0.5,3.9343,0.0856,0.0003,0.4958,0,60,0,25.3278,34.6252,149.4,24.7513,34.8238,340.7,11011,,2026-01-23 12:23:39,000000024110640,1041,0.0001,0.0856359,0.0878244,0.00222436,3362.07,,,True,CG6-0640|2026-01-23|L1|S492,field,MATCHED,D8:kml:1-492,8.24304
CG6-0640,697,718,493,2026-01-23,12:26:49,3363.01,1,0.0163,0.0021,3362.43,-1.4,-0.8,3.9337,0.0861,0.0001,0.4958,0,60,0,25.3278,34.6252,149.4,24.7534,34.8241,325.8,11011,,2026-01-23 12:26:49,000000024110640,1042,-0.0001,0.0861227,0.0882879,0.00218787,3363.01,,,True,CG6-0640|2026-01-23|L1|S493,field,MATCHED,D8:kml:1-493,3.07433
CG6-0640,698,719,494,2026-01-23,12:29:47,3364.38,1,0.0137,0.0018,3363.8,6.4,3.6,3.9295,0.0865,0.0007,0.4952,0,60,0,25.3278,34.6252,149.4,24.7561,34.8246,321.7,11011,,2026-01-23 12:29:47,000000024110640,1043,0,0.0865278,0.0886681,0.00216815,3364.39,,,True,CG6-0640|2026-01-23|L1|S494,field,MATCHED,D8:kml:1-494,6.96349
CG6-0640,699,720,495,2026-01-23,12:32:55,3365.89,1,0.0119,0.0015,3365.3,-1.6,-11.2,3.9306,0.0868,0.0015,0.4953,0,60,0,25.3278,34.6252,149.4,24.7586,34.8257,323.3,11011,,2026-01-23 12:32:55,000000024110640,1044,0.0001,0.0869022,0.0890169,0.00221692,3365.89,,,True,CG6-0640|2026-01-23|L1|S495,field,MATCHED,D8:kml:1-495,2.46692
CG6-0640,700,721,496,2026-01-23,12:36:13,3367.17,1,0.0123,0.0016,3366.58,5.3,-10.7,3.9291,0.0872,0.0017,0.4951,0,60,0,25.3278,34.6252,149.4,24.7611,34.8267,313.2,11011,,2026-01-23 12:36:13,000000024110640,1045,0,0.0872367,0.089324,0.002124,3367.17,,,True,CG6-0640|2026-01-23|L1|S496,field,MATCHED,D8:wor:1-496,11.6246
CG6-0640,701,722,497,2026-01-23,12:39:32,3368.04,1,0.0485,0.0063,3367.45,7.1,-13.4,3.9287,0.0875,0.0053,0.4951,0,60,0,25.3278,34.6252,149.4,24.7587,34.8281,292.3,11011,,2026-01-23 12:39:32,000000024110640,1046,-0.0001,0.0875111,0.0895877,0.00208767,3368.04,,,True,CG6-0640|2026-01-23|L1|S497,field,MATCHED,D8:wor:1-497,5.77828
CG6-0640,702,723,498,2026-01-23,12:42:58,3369.24,1,0.0166,0.0021,3368.66,9.6,1.1,3.9268,0.0877,0.0011,0.4948,0,60,0,25.3278,34.6252,149.4,24.7597,34.8305,293.7,11011,,2026-01-23 12:42:58,000000024110640,1047,0,0.0877298,0.0897818,0.00208181,3369.24,,,True,CG6-0640|2026-01-23|L1|S498,field,MATCHED,D8:wor:1-498,7.44942
CG6-0640,703,724,499,2026-01-23,12:46:09,3370.2,1,0.0275,0.0036,3369.62,2.3,-9.6,3.9288,0.0878,0.0011,0.4951,0,60,0,25.3278,34.6252,149.4,24.7606,34.8327,294.2,11011,,2026-01-23 12:46:09,000000024110640,1048,0,0.0878731,0.0899017,0.00210174,3370.2,,,True,CG6-0640|2026-01-23|L1|S499,field,MATCHED,D8:wor:1-499,10.1884
CG6-0640,704,725,500,2026-01-23,12:49:30,3371.31,1,0.0251,0.0032,3370.73,-3.3,-9.1,3.9265,0.0879,0.0014,0.4947,0,60,0,25.3278,34.6252,149.4,24.76,34.8348,289.8,11011,,2026-01-23 12:49:30,000000024110640,1049,-4.54747e-13,0.0879622,0.0899708,0.00207081,3371.31,,,True,CG6-0640|2026-01-23|L1|S500,field,MATCHED,D8:wor:1-500,8.69818
CG6-0640,705,726,501,2026-01-23,12:54:21,3371.78,1,0.0375,0.0048,3371.19,-11.7,0.7,3.925,0.088,0.0016,0.4946,0,60,0,25.3278,34.6252,149.4,24.7621,34.8346,293.2,11011,,2026-01-23 12:54:21,000000024110640,1050,-4.54747e-13,0.0879793,0.0899465,0.00194646,3371.78,,,True,CG6-0640|2026-01-23|L1|S501,field,MATCHED,D8:wor:1-501,10.006
CG6-0640,706,727,100,2026-01-23,13:34:06,3407.01,0,0.0162,0.0021,3406.43,2.2,-5.7,3.9286,0.0833,0.0005,0.495,0,60,0,25.3278,34.6252,149.4,24.7868,34.9338,90.4,11011,,2026-01-23 13:34:06,000000024110640,1051,0,0.0832393,0.084706,0.00140598,3407.01,,,True,CG6-0640|2026-01-23|L0|S100,field_base_100,MATCHED,D8:wor:Base100,3.45073
CG6-0640,707,728,100,2026-01-23,13:35:06,3407.01,0,0.0114,0.0015,3406.43,4.8,-6.7,3.9326,0.0831,0.0008,0.4955,0,60,0,25.3278,34.6252,149.4,24.7868,34.9338,90.4,11011,,2026-01-23 13:35:06,000000024110640,1051,-0.0001,0.083012,0.0844678,0.00136783,3407.01,,,True,CG6-0640|2026-01-23|L0|S100,field_base_100,MATCHED,D8:wor:Base100,3.45073
CG6-0640,708,729,100,2026-01-23,13:36:06,3407.01,0,0.0097,0.0012,3406.43,6.2,-8.2,3.9344,0.0829,0.0012,0.4957,0,60,0,25.3278,34.6252,149.4,24.7868,34.9338,90.4,11011,,2026-01-23 13:36:06,000000024110640,1051,4.54747e-13,0.0827796,0.0842246,0.0013246,3407.01,,,True,CG6-0640|2026-01-23|L0|S100,field_base_100,MATCHED,D8:wor:Base100,3.45073
CG6-0640,709,730,100,2026-01-23,13:37:06,3407.01,0,0.0134,0.0017,3406.43,6.7,-8.9,3.936,0.0826,0.0015,0.4959,0,60,0,25.3278,34.6252,149.4,24.7868,34.9338,90.4,11011,,2026-01-23 13:37:06,000000024110640,1051,0,0.0825422,0.0839763,0.00137632,3407.01,,,True,CG6-0640|2026-01-23|L0|S100,field_base_100,MATCHED,D8:wor:Base100,3.45073
CG6-0640,710,731,502,2026-01-23,13:58:05,3418.38,1,0.0273,0.0035,3417.81,1.4,-7.3,3.9029,0.0766,0.0007,0.4918,0,60,0,25.3278,34.6252,149.4,24.8063,34.9732,31.5,11011,,2026-01-23 13:58:05,000000024110640,1052,4.54747e-13,0.0764434,0.0775279,0.000927871,3418.38,,,True,CG6-0640|2026-01-23|L1|S502,field,MATCHED,D8:wor:1-502,11.5019
CG6-0640,711,732,503,2026-01-23,14:01:51,3416.7,1,0.014,0.0018,3416.13,11.1,-6.9,3.9087,0.0753,0.002,0.4926,0,60,0,25.3278,34.6252,149.4,24.8045,34.9741,38.2,11011,,2026-01-23 14:01:51,000000024110640,1053,0,0.0751336,0.0761782,0.0008782,3416.7,,,True,CG6-0640|2026-01-23|L1|S503,field,MATCHED,D8:wor:1-503,9.9343
CG6-0640,712,733,504,2026-01-23,14:05:27,3415.25,1,0.0442,0.0057,3414.68,10.9,-8.3,3.9118,0.074,0.0023,0.4929,0,60,0,25.3278,34.6252,149.4,24.8028,34.9752,47.9,11011,,2026-01-23 14:05:27,000000024110640,1054,-0.0001,0.0738244,0.0748301,0.000830142,3415.25,,,True,CG6-0640|2026-01-23|L1|S504,field,MATCHED,D8:wor:1-504,6.93222
CG6-0640,713,734,505,2026-01-23,14:09:16,3413.73,1,0.0397,0.0051,3413.16,4.5,-12.6,3.9091,0.0725,0.0022,0.4926,0,60,0,25.3278,34.6252,149.4,24.8008,34.9763,63.8,11011,,2026-01-23 14:09:16,000000024110640,1055,-4.54747e-13,0.0723767,0.0733417,0.000841698,3413.73,,,True,CG6-0640|2026-01-23|L1|S505,field,MATCHED,D8:wor:1-505,4.94007
CG6-0640,714,735,506,2026-01-23,14:16:13,3412.15,1,0.0517,0.0067,3411.59,2.1,-7,3.903,0.0697,0.0007,0.4917,0,60,0,25.3278,34.6252,149.4,24.7987,34.9775,66.9,11011,,2026-01-23 14:16:13,000000024110640,1056,0,0.069589,0.0704767,0.00077667,3412.15,,STDDEV_GT_0.050,True,CG6-0640|2026-01-23|L1|S506,field,MATCHED,D8:wor:1-506,5.72679
CG6-0640,715,736,507,2026-01-23,14:19:29,3411.04,1,0.0156,0.002,3410.48,8.4,-7.7,3.9055,0.0684,0.0016,0.4921,0,60,0,25.3278,34.6252,149.4,24.797,34.9787,65.4,11011,,2026-01-23 14:19:29,000000024110640,1057,0,0.0682139,0.0690664,0.000666382,3411.04,,,True,CG6-0640|2026-01-23|L1|S507,field,MATCHED_ID_TIEBREAK,D8:wor:1-507,8.30717
CG6-0640,716,737,508,2026-01-23,14:22:55,3410.22,1,0.015,0.0019,3409.66,0.7,-9.6,3.9061,0.0669,0.0011,0.4922,0,60,0,25.3278,34.6252,149.4,24.7964,34.9801,75.8,11011,,2026-01-23 14:22:55,000000024110640,1058,4.54747e-13,0.0667259,0.0675374,0.000637355,3410.22,,,True,CG6-0640|2026-01-23|L1|S508,field,MATCHED,D8:wor:1-508,7.73315
CG6-0640,717,738,509,2026-01-23,14:26:22,3409.26,1,0.0221,0.0029,3408.7,0.7,-4.8,3.9072,0.0654,0.0003,0.4923,0,60,0,25.3278,34.6252,149.4,24.7947,34.9809,80.3,11011,,2026-01-23 14:26:22,000000024110640,1059,0.0001,0.065188,0.0659627,0.000562686,3409.26,,,True,CG6-0640|2026-01-23|L1|S509,field,MATCHED,D8:wor:1-509,5.69285
CG6-0640,718,739,510,2026-01-23,14:29:51,3408.25,1,0.0285,0.0037,3407.69,2.3,-11.3,3.9072,0.0638,0.0016,0.4925,0,60,0,25.3278,34.6252,149.4,24.7929,34.9808,82.2,11011,,2026-01-23 14:29:51,000000024110640,1060,0,0.0635934,0.064333,0.000532961,3408.25,,,True,CG6-0640|2026-01-23|L1|S510,field,MATCHED,D8:wor:1-510,4.48465
CG6-0640,719,740,511,2026-01-23,14:33:17,3407.23,1,0.0191,0.0025,3406.68,1.6,-14.9,3.9032,0.0622,0.0027,0.4919,0,60,0,25.3278,34.6252,149.4,24.7914,34.9798,100.6,11011,,2026-01-23 14:33:17,000000024110640,1061,4.54747e-13,0.0619823,0.0626887,0.000488669,3407.24,,,True,CG6-0640|2026-01-23|L1|S511,field,MATCHED,D8:wor:1-511,5.04705
CG6-0640,720,741,512,2026-01-23,14:36:35,3405.72,1,0.0156,0.002,3405.17,-0.6,-13.1,3.9052,0.0606,0.002,0.492,0,60,0,25.3278,34.6252,149.4,24.7897,34.9788,108.5,11011,,2026-01-23 14:36:35,000000024110640,1062,0.0001,0.0603983,0.0610735,0.000473537,3405.72,,,True,CG6-0640|2026-01-23|L1|S512,field,MATCHED,D8:wor:1-512,1.74105
CG6-0640,721,742,513,2026-01-23,14:39:42,3404.4,1,0.0179,0.0023,3403.85,-3.3,0.7,3.9036,0.0591,0.0002,0.4919,0,60,0,25.3278,34.6252,149.4,24.7879,34.979,111.8,11011,,2026-01-23 14:39:42,000000024110640,1063,0,0.0588719,0.0595163,0.000416293,3404.4,,,True,CG6-0640|2026-01-23|L1|S513,field,MATCHED,D8:wor:1-513,6.03045
CG6-0640,722,743,514,2026-01-23,14:43:30,3402.54,1,0.0169,0.0022,3401.99,-6.4,-1.8,3.9021,0.0572,0.0005,0.4918,0,60,0,25.3278,34.6252,149.4,24.7853,34.979,121.3,11011,,2026-01-23 14:43:30,000000024110640,1064,0,0.0569725,0.0575811,0.000381088,3402.54,,,True,CG6-0640|2026-01-23|L1|S514,field,MATCHED,D8:wor:1-514,7.32725
CG6-0640,723,744,515,2026-01-23,14:47:50,3400.91,1,0.0176,0.0023,3400.36,-5.6,-8.8,3.8985,0.0549,0.0013,0.4912,0,60,0,25.3278,34.6252,149.4,24.7834,34.9791,130.2,11011,,2026-01-23 14:47:50,000000024110640,1065,0,0.0547581,0.0553233,0.000423252,3400.91,,,True,CG6-0640|2026-01-23|L1|S515,field,MATCHED,D8:wor:1-515,7.00602
CG6-0640,724,745,516,2026-01-23,14:51:49,3399.36,1,0.0231,0.003,3398.81,10.4,3.7,3.8966,0.0529,0.0014,0.491,0,60,0,25.3278,34.6252,149.4,24.7816,34.9791,141.6,11011,,2026-01-23 14:51:49,000000024110640,1066,0,0.05268,0.0532061,0.000306102,3399.36,,,True,CG6-0640|2026-01-23|L1|S516,field,MATCHED,D8:wor:1-516,8.63338
CG6-0640,725,746,517,2026-01-23,14:54:47,3398.54,1,0.0143,0.0019,3398,8.8,8.6,3.9013,0.0513,0.0019,0.4917,0,60,0,25.3278,34.6252,149.4,24.7807,34.9793,145.9,11011,,2026-01-23 14:54:47,000000024110640,1067,-4.54747e-13,0.0511075,0.0516034,0.000303375,3398.54,,,True,CG6-0640|2026-01-23|L1|S517,field,MATCHED,D8:wor:1-517,4.80407
CG6-0640,726,747,100,2026-01-23,15:28:45,3407.01,0,0.0305,0.0039,3406.49,1,-4.4,3.8968,0.0322,0.0003,0.4911,0,60,0,25.3278,34.6252,149.4,24.7868,34.9338,104.7,11011,,2026-01-23 15:28:45,000000024110640,1068,-0.0001,0.0319852,0.0322504,5.04084e-05,3407.01,,,True,CG6-0640|2026-01-23|L0|S100,field_base_100,MATCHED,D8:wor:Base100,12.2245
CG6-0640,727,748,100,2026-01-23,15:29:45,3407.01,0,0.0132,0.0017,3406.49,1.3,-5.7,3.8992,0.0316,0.0004,0.4913,0,60,0,25.3278,34.6252,149.4,24.7868,34.9338,104.7,11011,,2026-01-23 15:29:45,000000024110640,1068,4.54747e-13,0.0314015,0.0316582,5.8174e-05,3407.01,,,True,CG6-0640|2026-01-23|L0|S100,field_base_100,MATCHED,D8:wor:Base100,12.2245
CG6-0640,728,749,100,2026-01-23,15:30:45,3407.01,0,0.0121,0.0016,3406.49,1.8,-6.4,3.9023,0.031,0.0005,0.4917,0,60,0,25.3278,34.6252,149.4,24.7868,34.9338,104.7,11011,,2026-01-23 15:30:45,000000024110640,1068,-0.0001,0.0308172,0.0310654,6.53872e-05,3407.01,,,True,CG6-0640|2026-01-23|L0|S100,field_base_100,MATCHED,D8:wor:Base100,12.2245
CG6-0640,729,750,100,2026-01-23,15:31:45,3407.01,0,0.0151,0.0019,3406.49,2.2,-7.1,3.902,0.0304,0.0007,0.4917,0,60,0,25.3278,34.6252,149.4,24.7868,34.9338,104.7,11011,,2026-01-23 15:31:45,000000024110640,1068,0,0.0302323,0.0304721,7.20969e-05,3407.01,,,True,CG6-0640|2026-01-23|L0|S100,field_base_100,MATCHED,D8:wor:Base100,12.2245
CG6-0640,730,751,0,2026-01-23,17:54:05,3473.08,0,0.0163,0.0021,3472.61,6.2,-0.3,3.9889,-0.0364,0.0005,0.5026,0,60,0,25.3278,34.6252,149.4,25.0669,34.8776,32.2,11011,,2026-01-23 17:54:05,000000024110640,1069,0,-0.036404,-0.0365913,-0.000191259,3473.08,,,True,CG6-0640|2026-01-23|L0|S0,hotel_base_0,MATCHED,D8:wor:Base 0,13.5374
CG6-0640,731,752,0,2026-01-23,17:55:05,3473.08,0,0.0152,0.002,3472.61,6.9,0.9,3.9883,-0.0366,0.0006,0.5025,0,60,0,25.3278,34.6252,149.4,25.0669,34.8776,32.1,11011,,2026-01-23 17:55:05,000000024110640,1069,-0.0001,-0.0366211,-0.0368049,-0.000204926,3473.08,,,True,CG6-0640|2026-01-23|L0|S0,hotel_base_0,MATCHED,D8:wor:Base 0,13.5374
CG6-0640,732,753,0,2026-01-23,17:56:05,3473.08,0,0.015,0.0019,3472.61,7.2,0.9,3.9865,-0.0368,0.0006,0.5023,0,60,0,25.3278,34.6252,149.4,25.0669,34.8776,32.1,11011,,2026-01-23 17:56:05,000000024110640,1069,0,-0.0368333,-0.0370136,-0.000213645,3473.08,,,True,CG6-0640|2026-01-23|L0|S0,hotel_base_0,MATCHED,D8:wor:Base 0,13.5374
CG6-0640,733,754,0,2026-01-23,17:57:05,3473.08,0,0.0176,0.0023,3472.61,6.9,1.6,3.9854,-0.037,0.0005,0.5023,0,60,0,25.3278,34.6252,149.4,25.0669,34.8776,32.2,11011,,2026-01-23 17:57:05,000000024110640,1069,0,-0.0370406,-0.0372174,-0.000217399,3473.08,,,True,CG6-0640|2026-01-23|L0|S0,hotel_base_0,MATCHED,D8:wor:Base 0,13.5374
CG6-0640,734,755,0,2026-01-24,04:41:01,3473.07,0,0.0249,0.0032,3472.59,-0.2,4,3.9246,-0.0157,0.0002,0.4946,0,60,0,25.3278,34.6252,149.4,25.0668,34.8776,25,11011,,2026-01-24 04:41:01,000000024110640,1070,0,-0.015995,-0.0161571,-0.000457089,3473.07,,,True,CG6-0640|2026-01-24|L0|S0,hotel_base_0,MATCHED,D9:wor:BASE24-01-2026,6.41746
CG6-0640,735,756,0,2026-01-24,04:42:01,3473.07,0,0.0186,0.0024,3472.59,0.2,5.3,3.9258,-0.0164,0.0003,0.4946,0,60,0,25.3278,34.6252,149.4,25.0668,34.8776,25.2,11011,,2026-01-24 04:42:01,000000024110640,1070,0.0001,-0.0166193,-0.0167814,-0.000381364,3473.07,,,True,CG6-0640|2026-01-24|L0|S0,hotel_base_0,MATCHED,D9:wor:BASE24-01-2026,6.41746
CG6-0640,736,757,0,2026-01-24,04:43:01,3473.07,0,0.0207,0.0027,3472.59,0.2,5.5,3.9263,-0.017,0.0004,0.4947,0,60,0,25.3278,34.6252,149.4,25.0668,34.8776,25.6,11011,,2026-01-24 04:43:01,000000024110640,1070,-4.54747e-13,-0.0172417,-0.0174038,-0.000403761,3473.07,,,True,CG6-0640|2026-01-24|L0|S0,hotel_base_0,MATCHED,D9:wor:BASE24-01-2026,6.41746
CG6-0640,737,758,0,2026-01-24,04:44:01,3473.07,0,0.0248,0.0032,3472.6,0.1,5.8,3.9227,-0.0176,0.0004,0.4944,0,60,0,25.3278,34.6252,149.4,25.0668,34.8776,26,11011,,2026-01-24 04:44:01,000000024110640,1070,0,-0.0178622,-0.0180242,-0.000424238,3473.07,,,True,CG6-0640|2026-01-24|L0|S0,hotel_base_0,MATCHED,D9:wor:BASE24-01-2026,6.41746
CG6-0640,738,759,100,2026-01-24,06:39:02,3407.01,0,0.0466,0.006,3406.58,-2.1,-3.8,3.9701,-0.0674,0.0003,0.5002,0,60,0,25.3278,34.6252,149.4,24.7868,34.9337,102.6,11011,,2026-01-24 06:39:02,000000024110640,1071,-4.54747e-13,-0.0674943,-0.0670557,0.000344348,3407.01,,,True,CG6-0640|2026-01-24|L0|S100,field_base_100,MATCHED,D9:kml:Base 100,2.94852
CG6-0640,739,760,100,2026-01-24,06:40:02,3407,0,0.032,0.0041,3406.57,-7.1,-3.1,3.966,-0.0676,0.0007,0.4997,0,60,0,25.3278,34.6252,149.4,24.7868,34.9337,102.6,11011,,2026-01-24 06:40:02,000000024110640,1071,-0.0001,-0.0676727,-0.0672288,0.000371248,3407,,,True,CG6-0640|2026-01-24|L0|S100,field_base_100,MATCHED,D9:kml:Base 100,2.94852
CG6-0640,740,761,100,2026-01-24,06:41:02,3407,0,0.0369,0.0048,3406.57,-8.9,-2.6,3.9622,-0.0678,0.001,0.4992,0,60,0,25.3278,34.6252,149.4,24.7868,34.9337,102.6,11011,,2026-01-24 06:41:02,000000024110640,1071,-4.54747e-13,-0.067846,-0.0673966,0.000403363,3407,,,True,CG6-0640|2026-01-24|L0|S100,field_base_100,MATCHED,D9:kml:Base 100,2.94852
CG6-0640,741,762,100,2026-01-24,06:42:02,3407,0,0.0246,0.0032,3406.57,-8.7,-4.9,3.9589,-0.068,0.0012,0.4989,0,60,0,25.3278,34.6252,149.4,24.7868,34.9337,102.6,11011,,2026-01-24 06:42:02,000000024110640,1071,0,-0.0680141,-0.0675593,0.000440703,3407,,,True,CG6-0640|2026-01-24|L0|S100,field_base_100,MATCHED,D9:kml:Base 100,2.94852
CG6-0640,742,763,518,2026-01-24,07:22:52,3371.46,1,0.018,0.0023,3371.04,-2.2,0.6,3.8834,-0.0704,0.0001,0.4893,0,60,0,25.3278,34.6252,149.4,24.776,34.8095,306.3,11011,,2026-01-24 07:22:52,000000024110640,1072,0.0001,-0.0703572,-0.069658,0.000742038,3371.46,,,True,CG6-0640|2026-01-24|L1|S518,field,MATCHED,D9:kml:518,1.53123
CG6-0640,743,764,519,2026-01-24,07:29:38,3370.27,1,0.0217,0.0028,3369.84,21.1,12.7,3.8872,-0.0699,0.007,0.4898,0,60,0,25.3278,34.6252,149.4,24.7752,34.8115,307.8,11011,,2026-01-24 07:29:38,000000024110640,1073,-0.0001,-0.0698829,-0.0691517,0.00074832,3370.27,,TILT_GT_20,True,CG6-0640|2026-01-24|L1|S519,field,MATCHED,D9:kml:519,1.18115
CG6-0640,744,765,520,2026-01-24,07:33:34,3368.7,1,0.0302,0.0039,3368.27,10.1,-6.1,3.8928,-0.0696,0.0017,0.4905,0,60,0,25.3278,34.6252,149.4,24.7744,34.8136,314.4,11011,,2026-01-24 07:33:34,000000024110640,1074,0.0001,-0.0694948,-0.068743,0.000856954,3368.7,,,True,CG6-0640|2026-01-24|L1|S520,field,MATCHED,D9:wor:520,4.22434
CG6-0640,745,766,521,2026-01-24,07:38:29,3367.06,1,0.0183,0.0024,3366.64,-6.9,-3.9,3.9027,-0.069,0.0007,0.4918,0,60,0,25.3278,34.6252,149.4,24.7727,34.816,316.5,11011,,2026-01-24 07:38:29,000000024110640,1075,0.0001,-0.0688939,-0.0681149,0.000885088,3367.06,,,True,CG6-0640|2026-01-24|L1|S521,field,MATCHED,D9:wor:521,2.60285
CG6-0640,746,767,522,2026-01-24,07:41:57,3366.31,1,0.0403,0.0052,3365.88,5.2,-8.2,3.9059,-0.0685,0.0011,0.4922,0,60,0,25.3278,34.6252,149.4,24.7717,34.8176,322.1,11011,,2026-01-24 07:41:57,000000024110640,1076,-4.54747e-13,-0.0683933,-0.0675946,0.000905435,3366.31,,,True,CG6-0640|2026-01-24|L1|S522,field,MATCHED,D9:wor:522,2.98502
CG6-0640,747,768,523,2026-01-24,07:46:05,3365.8,1,0.0491,0.0063,3365.37,-6.9,8.4,3.9105,-0.0678,0.0016,0.4928,0,60,0,25.3278,34.6252,149.4,24.7705,34.8195,334.5,11011,,2026-01-24 07:46:05,000000024110640,1077,-4.54747e-13,-0.0677141,-0.066891,0.000908964,3365.8,,,True,CG6-0640|2026-01-24|L1|S523,field,MATCHED,D9:wor:523,12.7227
CG6-0640,748,769,524,2026-01-24,07:49:49,3367.18,1,0.0343,0.0044,3366.75,5.9,-4,3.917,-0.0671,0.0006,0.4936,0,60,0,25.3278,34.6252,149.4,24.769,34.8213,345.6,11011,,2026-01-24 07:49:49,000000024110640,1078,4.54747e-13,-0.067024,-0.0661777,0.000922317,3367.18,,,True,CG6-0640|2026-01-24|L1|S524,field,MATCHED,D9:wor:524,6.13922
CG6-0640,749,770,525,2026-01-24,07:53:06,3368.35,1,0.0283,0.0037,3367.93,-2.5,-6.6,3.9211,-0.0665,0.0007,0.4941,0,60,0,25.3278,34.6252,149.4,24.7673,34.8235,336.2,11011,,2026-01-24 07:53:06,000000024110640,1079,0,-0.0663575,-0.0654893,0.00101074,3368.35,,,True,CG6-0640|2026-01-24|L1|S525,field,MATCHED,D9:wor:525,9.02826
CG6-0640,750,771,526,2026-01-24,07:56:41,3368.77,1,0.057,0.0074,3368.34,-3.8,-6.9,3.9262,-0.0657,0.0007,0.4948,0,60,0,25.3278,34.6252,149.4,24.7662,34.8259,330.6,11011,,2026-01-24 07:56:41,000000024110640,1080,0,-0.065567,-0.064675,0.001025,3368.78,,STDDEV_GT_0.050,True,CG6-0640|2026-01-24|L1|S526,field,MATCHED,D9:wor:526,2.54364
CG6-0640,751,772,527,2026-01-24,08:00:00,3369.33,1,0.0365,0.0047,3368.9,-0.1,-11,3.9292,-0.0649,0.0014,0.4952,0,60,0,25.3278,34.6252,149.4,24.7645,34.8277,330.5,11011,,2026-01-24 08:00:00,000000024110640,1081,0,-0.0647772,-0.0638622,0.00103777,3369.33,,,True,CG6-0640|2026-01-24|L1|S527,field,MATCHED,D9:wor:527,1.37378
CG6-0640,752,773,528,2026-01-24,08:04:17,3370.21,1,0.0335,0.0043,3369.78,-2.5,-11.2,3.9295,-0.0638,0.0016,0.4953,0,60,0,25.3278,34.6252,149.4,24.7636,34.8301,315.2,11011,,2026-01-24 08:04:17,000000024110640,1082,-0.0001,-0.0636754,-0.0627316,0.00106843,3370.21,,,True,CG6-0640|2026-01-24|L1|S528,field,MATCHED,D9:wor:528,7.28637
CG6-0640,753,774,529,2026-01-24,08:08:40,3371.18,1,0.0242,0.0031,3370.75,4.4,-14.3,3.9274,-0.0626,0.0026,0.4949,0,60,0,25.3278,34.6252,149.4,24.7633,34.8327,305.4,11011,,2026-01-24 08:08:40,000000024110640,1083,4.54747e-13,-0.0624535,-0.0614799,0.00112014,3371.18,,,True,CG6-0640|2026-01-24|L1|S529,field,MATCHED,D9:wor:529,9.08512
CG6-0640,754,775,530,2026-01-24,08:15:05,3372.13,1,0.0244,0.0032,3371.7,-1.6,-10.3,3.9267,-0.0606,0.0014,0.4948,0,60,0,25.3278,34.6252,149.4,24.7599,34.8363,303,11011,,2026-01-24 08:15:05,000000024110640,1084,0,-0.060496,-0.0594738,0.00112617,3372.13,,,True,CG6-0640|2026-01-24|L1|S530,field,MATCHED,D9:wor:530,4.04286
CG6-0640,755,776,531,2026-01-24,08:24:23,3371.53,1,0.0201,0.0026,3371.09,4.8,-12.7,3.9239,-0.0575,0.0023,0.4944,0,60,0,25.3278,34.6252,149.4,24.7581,34.8373,313.7,11011,,2026-01-24 08:24:23,000000024110640,1085,0.0001,-0.0573122,-0.0562271,0.00127285,3371.53,,,True,CG6-0640|2026-01-24|L1|S531,field,MATCHED,D9:wor:531,3.8023
CG6-0640,756,777,532,2026-01-24,08:28:03,3370.52,1,0.0401,0.0052,3370.08,0.3,3.1,3.9335,-0.0561,0.0002,0.4956,0,60,0,25.3278,34.6252,149.4,24.7565,34.8389,319.2,11011,,2026-01-24 08:28:03,000000024110640,1086,-0.0001,-0.0559474,-0.0548342,0.00126579,3370.52,,,True,CG6-0640|2026-01-24|L1|S532,field,MATCHED,D9:wor:532,4.89026
CG6-0640,757,778,533,2026-01-24,08:31:50,3369.08,1,0.0242,0.0031,3368.64,2.1,1.2,3.935,-0.0547,0.0001,0.4957,0,60,0,25.3278,34.6252,149.4,24.7546,34.8402,323.3,11011,,2026-01-24 08:31:50,000000024110640,1087,0.0001,-0.0544761,-0.0533336,0.00136642,3369.08,,,True,CG6-0640|2026-01-24|L1|S533,field,MATCHED,D9:wor:533,1.51444
CG6-0640,758,779,534,2026-01-24,08:36:34,3368.72,1,0.0354,0.0046,3368.28,9.9,-0.5,3.9324,-0.0527,0.0012,0.4955,0,60,0,25.3278,34.6252,149.4,24.7522,34.8417,325.7,11011,,2026-01-24 08:36:34,000000024110640,1088,-0.0001,-0.0525472,-0.0513676,0.00133236,3368.73,,,True,CG6-0640|2026-01-24|L1|S534,field,MATCHED,D9:wor:534,4.70628
CG6-0640,759,780,535,2026-01-24,08:40:25,3366.27,1,0.0347,0.0045,3365.82,-8.2,-18.6,3.9316,-0.0511,0.0048,0.4954,0,60,0,25.3278,34.6252,149.4,24.7505,34.8421,327.5,11011,,2026-01-24 08:40:25,000000024110640,1089,0,-0.0509077,-0.0496997,0.00140028,3366.27,,,True,CG6-0640|2026-01-24|L1|S535,field,MATCHED,D9:wor:535,6.73739
CG6-0640,760,781,536,2026-01-24,08:44:22,3367.7,1,0.0374,0.0048,3367.25,9.5,4.7,3.9331,-0.0494,0.0013,0.4955,0,60,0,25.3278,34.6252,149.4,24.7476,34.8431,326,11011,,2026-01-24 08:44:22,000000024110640,1090,0.0001,-0.0491616,-0.0479213,0.00147867,3367.7,,,True,CG6-0640|2026-01-24|L1|S536,field,MATCHED,D9:wor:536,7.95348
CG6-0640,761,782,537,2026-01-24,08:49:18,3365.79,1,0.0428,0.0055,3365.33,-40.7,4.5,3.9361,-0.0471,0.0194,0.496,0,60,0,25.3278,34.6252,149.4,24.7447,34.8451,315.3,11011,,2026-01-24 08:49:18,000000024110640,1091,-4.54747e-13,-0.0468924,-0.0456111,0.00148893,3365.8,TILT_GT_30,,False,CG6-0640|2026-01-24|L1|S537,field,MATCHED,D9:wor:537,8.70533
CG6-0640,762,783,538,2026-01-24,08:52:33,3367.29,1,0.0518,0.0067,3366.84,9,-4.2,3.9412,-0.0456,0.0016,0.4966,0,60,0,25.3278,34.6252,149.4,24.7432,34.8467,328.7,11011,,2026-01-24 08:52:33,000000024110640,1092,0.0001,-0.0453453,-0.0440368,0.00156323,3367.3,,STDDEV_GT_0.050,True,CG6-0640|2026-01-24|L1|S538,field,MATCHED,D9:wor:538,3.97804
CG6-0640,763,784,539,2026-01-24,08:57:04,3367.08,1,0.0377,0.0049,3366.63,6.6,4.2,3.9433,-0.0434,0.0008,0.4969,0,60,0,25.3278,34.6252,149.4,24.742,34.8479,314.9,11011,,2026-01-24 08:57:04,000000024110640,1093,-0.0001,-0.0431289,-0.0417857,0.00161427,3367.08,,,True,CG6-0640|2026-01-24|L1|S539,field,MATCHED,D9:wor:539,8.19648
CG6-0640,764,785,540,2026-01-24,09:01:43,3369.06,1,0.0586,0.0076,3368.61,-1.2,-8.6,3.9414,-0.041,0.001,0.4967,0,60,0,25.3278,34.6252,149.4,24.7445,34.8499,294.6,11011,,2026-01-24 09:01:43,000000024110640,1094,-4.54747e-13,-0.0407691,-0.0393943,0.00160566,3369.07,,STDDEV_GT_0.050,True,CG6-0640|2026-01-24|L1|S540,field,MATCHED,D9:wor:540,9.9297
CG6-0640,765,786,100,2026-01-24,10:14:05,3406.99,0,0.0392,0.0051,3406.49,1.9,-2.7,3.9529,0.0031,0.0002,0.4981,0,60,0,25.3278,34.6252,149.4,24.7868,34.9338,97.1,11011,,2026-01-24 10:14:05,000000024110640,1095,4.54747e-13,0.00341749,0.0053712,0.0022712,3407,,,True,CG6-0640|2026-01-24|L0|S100,field_base_100,MATCHED,D9:kml:Base 100,8.0302
CG6-0640,766,787,100,2026-01-24,10:15:05,3407,0,0.0369,0.0048,3406.49,4.4,-5.6,3.9551,0.0038,0.0007,0.4983,0,60,0,25.3278,34.6252,149.4,24.7868,34.9338,97.1,11011,,2026-01-24 10:15:05,000000024110640,1095,0,0.00408853,0.00604694,0.00224694,3407,,,True,CG6-0640|2026-01-24|L0|S100,field_base_100,MATCHED,D9:kml:Base 100,8.0302
CG6-0640,767,788,100,2026-01-24,10:16:05,3407,0,0.0438,0.0057,3406.49,6.1,-7.1,3.9556,0.0045,0.001,0.4983,0,60,0,25.3278,34.6252,149.4,24.7868,34.9338,97.1,11011,,2026-01-24 10:16:05,000000024110640,1095,-4.54747e-13,0.00476017,0.00672323,0.00222323,3407,,,True,CG6-0640|2026-01-24|L0|S100,field_base_100,MATCHED,D9:kml:Base 100,8.0302
CG6-0640,768,789,100,2026-01-24,10:17:05,3407,0,0.037,0.0048,3406.49,7.7,-8.5,3.9554,0.0051,0.0016,0.4983,0,60,0,25.3278,34.6252,149.4,24.7868,34.9338,97.1,11011,,2026-01-24 10:17:05,000000024110640,1095,0.0001,0.00543237,0.00740001,0.00230001,3407,,,True,CG6-0640|2026-01-24|L0|S100,field_base_100,MATCHED,D9:kml:Base 100,8.0302
CG6-0640,769,790,541,2026-01-24,11:04:20,3383.66,1,0.0413,0.0053,3383.12,-9.2,-10.4,3.9499,0.0367,0.0023,0.4977,0,60,0,25.3278,34.6252,149.4,24.761,34.8588,249.8,11011,,2026-01-24 11:04:20,000000024110640,1096,0,0.0370144,0.0389863,0.00228627,3383.66,,,True,CG6-0640|2026-01-24|L1|S541,field,MATCHED,D9:kml:541,11.4797
CG6-0640,770,791,542,2026-01-24,11:10:16,3382.11,1,0.0316,0.0041,3381.57,6.6,6.3,3.9487,0.0406,0.001,0.4976,0,60,0,25.3278,34.6252,149.4,24.7585,34.8599,246.1,11011,,2026-01-24 11:10:16,000000024110640,1097,0,0.0408319,0.0428238,0.00222376,3382.11,,,True,CG6-0640|2026-01-24|L1|S542,field,MATCHED,D9:kml:542,4.69221
CG6-0640,771,792,543,2026-01-24,11:14:13,3381.34,1,0.0402,0.0052,3380.8,0.1,-5.5,3.9519,0.0431,0.0005,0.4979,0,60,0,25.3278,34.6252,149.4,24.7566,34.8616,263.6,11011,,2026-01-24 11:14:13,000000024110640,1098,4.54747e-13,0.0433392,0.0453463,0.00224629,3381.35,,,True,CG6-0640|2026-01-24|L1|S543,field,MATCHED,D9:kml:543,14.4444
CG6-0640,772,793,544,2026-01-24,11:18:38,3380.75,1,0.0451,0.0058,3380.21,-3.5,-9.2,3.9523,0.0458,0.0012,0.4979,0,60,0,25.3278,34.6252,149.4,24.7558,34.8635,258.8,11011,,2026-01-24 11:18:38,000000024110640,1099,0.0001,0.0461068,0.0481264,0.00232643,3380.75,,,True,CG6-0640|2026-01-24|L1|S544,field,MATCHED,D9:kml:544,7.9797
CG6-0640,773,794,545,2026-01-24,11:22:39,3379.48,1,0.044,0.0057,3378.93,1.1,-9.7,3.9524,0.0483,0.0013,0.4981,0,60,0,25.3278,34.6252,149.4,24.7554,34.8647,263.7,11011,,2026-01-24 11:22:39,000000024110640,1100,0.0001,0.048588,0.0506157,0.00231572,3379.48,,,True,CG6-0640|2026-01-24|L1|S545,field,MATCHED,D9:kml:545,0.837598
CG6-0640,774,795,546,2026-01-24,11:27:28,3380.39,1,0.06,0.0077,3379.84,2,-10.1,3.958,0.0513,0.0016,0.4987,0,60,0,25.3278,34.6252,149.4,24.7552,34.863,266.7,11011,,2026-01-24 11:27:28,000000024110640,1101,-4.54747e-13,0.0515148,0.0535422,0.00224221,3380.39,,STDDEV_GT_0.050,True,CG6-0640|2026-01-24|L1|S546,field,MATCHED,D9:kml:546,2.73609
CG6-0640,775,796,547,2026-01-24,11:31:09,3379.78,1,0.0484,0.0063,3379.22,7.5,4.9,3.9556,0.0535,0.0011,0.4985,0,60,0,25.3278,34.6252,149.4,24.7543,34.861,276.5,11011,,2026-01-24 11:31:09,000000024110640,1102,0,0.0537147,0.0557414,0.00224143,3379.78,,,True,CG6-0640|2026-01-24|L1|S547,field,MATCHED,D9:kml:547,4.11846
CG6-0640,776,797,548,2026-01-24,11:34:38,3378.67,1,0.0384,0.005,3378.12,16,1.1,3.9496,0.0555,0.003,0.4975,0,60,0,25.3278,34.6252,149.4,24.7527,34.8606,277.1,11011,,2026-01-24 11:34:38,000000024110640,1103,0.0001,0.0557627,0.0577931,0.0022931,3378.68,,,True,CG6-0640|2026-01-24|L1|S548,field,MATCHED,D9:wor:548,13.3673
CG6-0640,777,798,549,2026-01-24,11:48:40,3378.24,1,0.0585,0.0076,3377.68,3.8,-7.9,3.9334,0.0634,0.001,0.4957,0,60,0,25.3278,34.6252,149.4,24.7531,34.8589,274.4,11011,,2026-01-24 11:48:40,000000024110640,1104,-4.54747e-13,0.0636621,0.0656831,0.00228313,3378.25,,STDDEV_GT_0.050,True,CG6-0640|2026-01-24|L1|S549,field,MATCHED,D9:kml:549,4.79593
CG6-0640,778,799,550,2026-01-24,11:54:22,3376.16,1,0.0441,0.0057,3375.59,13.1,-2.6,3.9418,0.0665,0.0021,0.4968,0,60,0,25.3278,34.6252,149.4,24.7521,34.8577,292.7,11011,,2026-01-24 11:54:22,000000024110640,1105,0,0.0666945,0.0687102,0.0022102,3376.16,,,True,CG6-0640|2026-01-24|L1|S550,field,UNMATCHED_GT_30M,D9:kml:551,157.002
CG6-0640,779,800,551,2026-01-24,12:09:14,3375.7,1,0.0416,0.0054,3375.13,-4.6,3.8,3.9388,0.0739,0.0004,0.4964,0,60,0,25.3278,34.6252,149.4,24.7507,34.8578,298.9,11011,,2026-01-24 12:09:14,000000024110640,1106,0,0.074066,0.076061,0.00216098,3375.7,,,True,CG6-0640|2026-01-24|L1|S551,field,MATCHED,D9:kml:551,11.3198
CG6-0640,780,801,552,2026-01-24,12:14:11,3374.65,1,0.036,0.0046,3374.07,-1.5,9.2,3.9394,0.0761,0.001,0.4965,0,60,0,25.3278,34.6252,149.4,24.7503,34.8557,293.5,11011,,2026-01-24 12:14:11,000000024110640,1107,0.0001,0.0763352,0.0783162,0.00221619,3374.65,,,True,CG6-0640|2026-01-24|L1|S552,field,MATCHED,D9:wor:552,8.12235
CG6-0640,781,802,553,2026-01-24,12:19:33,3373.38,1,0.0604,0.0078,3372.81,9.5,4.2,3.9354,0.0785,0.0013,0.4959,0,60,0,25.3278,34.6252,149.4,24.7485,34.8548,283.9,11011,,2026-01-24 12:19:33,000000024110640,1108,0,0.0786843,0.0806544,0.00215439,3373.39,,STDDEV_GT_0.050,True,CG6-0640|2026-01-24|L1|S553,field,MATCHED,D9:kml:553,9.20562
CG6-0640,782,803,554,2026-01-24,12:25:55,3372.14,1,0.0427,0.0055,3371.57,5.6,6.1,3.935,0.0811,0.0008,0.4958,0,60,0,25.3278,34.6252,149.4,24.7467,34.8537,288.5,11011,,2026-01-24 12:25:55,000000024110640,1109,0.0001,0.0813155,0.0832697,0.00216973,3372.15,,,True,CG6-0640|2026-01-24|L1|S554,field,MATCHED,D9:kml:554,11.8314
CG6-0640,783,804,555,2026-01-24,12:31:06,3370.99,1,0.0385,0.005,3370.41,-1.6,4.8,3.9399,0.0832,0.0003,0.4965,0,60,0,25.3278,34.6252,149.4,24.7448,34.854,288.1,11011,,2026-01-24 12:31:06,000000024110640,1110,0,0.083329,0.0852715,0.00207151,3370.99,,,True,CG6-0640|2026-01-24|L1|S555,field,MATCHED,D9:wor:555,10.0885
CG6-0640,784,805,556,2026-01-24,12:36:59,3369.83,1,0.0293,0.0038,3369.25,-6.2,-0.7,3.9402,0.0853,0.0005,0.4966,0,60,0,25.3278,34.6252,149.4,24.7443,34.8517,296.1,11011,,2026-01-24 12:36:59,000000024110640,1111,-4.54747e-13,0.0854701,0.087389,0.00208897,3369.83,,,True,CG6-0640|2026-01-24|L1|S556,field,MATCHED,D9:wor:556,11.8085
CG6-0640,785,806,557,2026-01-24,12:43:34,3368.62,1,0.0383,0.0049,3368.03,3.4,7.3,3.9426,0.0875,0.0009,0.4968,0,60,0,25.3278,34.6252,149.4,24.744,34.8492,299.7,11011,,2026-01-24 12:43:34,000000024110640,1112,0,0.0876789,0.0895689,0.00206893,3368.62,,,True,CG6-0640|2026-01-24|L1|S557,field,MATCHED,D9:kml:557,3.86448
CG6-0640,786,807,558,2026-01-24,12:50:00,3367.19,1,0.0557,0.0072,3366.6,12.2,4.4,3.9376,0.0895,0.0021,0.4962,0,60,0,25.3278,34.6252,149.4,24.7423,34.848,305.5,11011,,2026-01-24 12:50:00,000000024110640,1113,0.0001,0.0896418,0.0915066,0.0020066,3367.19,,STDDEV_GT_0.050,True,CG6-0640|2026-01-24|L1|S558,field,UNMATCHED_GT_30M,D9:wor:539,38.3615
CG6-0640,787,808,555,2026-01-24,14:45:58,10918.3,1,0.0062,0.0008,8.394,-11209.1,20941.6,3.929,0.0899,10909.3,0.4952,0,60,0,25.3278,34.6252,149.4,24.7827,34.9333,119.2,11011,,2026-01-24 14:45:58,000000024110640,1114,1.81899e-12,0.0898071,0.0906342,0.000734151,10918.3,GROSS_RANGE_GT_500;TILT_GT_30,,False,CG6-0640|2026-01-24|L1|S555,field,UNMATCHED_GT_30M,D9:kml:Base 100,451.772
CG6-0640,788,809,100,2026-01-24,14:51:32,3393.2,0,,11.5159,3392.6,-0.6,-2.3,4.007,0.0883,0.0001,0.5049,0,60,0,25.3278,34.6252,149.4,24.7869,34.9338,95.2,11011,StdDev,2026-01-24 14:51:32,000000024110640,1115,0,0.0882168,0.0889781,0.000678087,3393.2,OVERFLOW_FIELD,,False,CG6-0640|2026-01-24|L0|S100,field_base_100,MATCHED,D9:kml:Base 100,15
CG6-0640,789,810,100,2026-01-24,14:52:32,3406.99,0,0.0533,0.0069,3406.4,0.8,-3.9,4.0118,0.088,0.0002,0.5055,0,60,0,25.3278,34.6252,149.4,24.7869,34.9338,95.2,11011,,2026-01-24 14:52:32,000000024110640,1115,0.0001,0.0879179,0.0886691,0.000669082,3406.99,,STDDEV_GT_0.050,True,CG6-0640|2026-01-24|L0|S100,field_base_100,MATCHED,D9:kml:Base 100,15
CG6-0640,790,811,100,2026-01-24,14:53:32,3407,0,0.0485,0.0063,3406.4,2.1,-4.7,4.0064,0.0877,0.0003,0.5048,0,60,0,25.3278,34.6252,149.4,24.7869,34.9338,95.2,11011,,2026-01-24 14:53:32,000000024110640,1115,0.0001,0.0876151,0.0883561,0.000656116,3407,,,True,CG6-0640|2026-01-24|L0|S100,field_base_100,MATCHED,D9:kml:Base 100,15
CG6-0640,791,812,100,2026-01-24,14:54:32,3407,0,0.0663,0.0086,3406.41,2.9,-5.8,3.9938,0.0874,0.0005,0.5033,0,60,0,25.3278,34.6252,149.4,24.7869,34.9338,95.2,11011,,2026-01-24 14:54:32,000000024110640,1115,0,0.0873082,0.0880392,0.000639218,3407,,STDDEV_GT_0.050,True,CG6-0640|2026-01-24|L0|S100,field_base_100,MATCHED,D9:kml:Base 100,15
CG6-0640,792,813,0,2026-01-24,17:38:21,3473.08,0,0.0587,0.0076,3472.57,-4,-2.8,3.9334,0.0102,0.0003,0.4957,0,60,0,25.3278,34.6252,149.4,25.0669,34.8776,27.1,11011,,2026-01-24 17:38:21,000000024110640,1116,0,0.010079,0.00968994,-0.000510062,3473.08,,STDDEV_GT_0.050,True,CG6-0640|2026-01-24|L0|S0,hotel_base_0,MATCHED,D9:wor:BASE24-01-2026,17.3076
CG6-0640,793,814,0,2026-01-24,17:39:21,3473.08,0,0.0767,0.0099,3472.58,-3.9,-2.1,3.9315,0.0098,0.0002,0.4953,0,60,0,25.3278,34.6252,149.4,25.0669,34.8776,27.1,11011,,2026-01-24 17:39:21,000000024110640,1116,0,0.00961907,0.00923016,-0.000569836,3473.08,,STDDEV_GT_0.050,True,CG6-0640|2026-01-24|L0|S0,hotel_base_0,MATCHED,D9:wor:BASE24-01-2026,17.3076
CG6-0640,794,815,0,2026-01-24,17:40:21,3473.08,0,0.0789,0.0102,3472.57,-4.7,-2.1,3.928,0.0093,0.0003,0.495,0,60,0,25.3278,34.6252,149.4,25.0669,34.8776,27.4,11011,,2026-01-24 17:40:21,000000024110640,1116,-4.54747e-13,0.00916137,0.00877267,-0.000527329,3473.08,,STDDEV_GT_0.050,True,CG6-0640|2026-01-24|L0|S0,hotel_base_0,MATCHED,D9:wor:BASE24-01-2026,17.3076
CG6-0640,795,816,0,2026-01-24,17:41:21,3473.08,0,0.0586,0.0076,3472.58,-5.1,-2.3,3.9259,0.0088,0.0004,0.4947,0,60,0,25.3278,34.6252,149.4,25.0669,34.8776,27.3,11011,,2026-01-24 17:41:21,000000024110640,1116,-4.54747e-13,0.00870593,0.00831749,-0.000482507,3473.08,,STDDEV_GT_0.050,True,CG6-0640|2026-01-24|L0|S0,hotel_base_0,MATCHED,D9:wor:BASE24-01-2026,17.3076
