source,sheet_row,point_id,id_excel_date,lat,lon,h_gnss,h_err,gnss_day,gnss_day_from_master,point_id_kml,kml_easting,kml_northing,h_kml,source_type,base_kind,gnss_uid,date
results.zip/day1.xlsx,4,1,False,24.8245,34.9962,13.728,0.153,1,1,1,11976.9,-26856,13.728,workbook,,D1:wor:1,2026-01-16
results.zip/day1.xlsx,5,10,False,24.8143,34.9793,34.439,0.165,1,1,10,10264.9,-27978.1,34.4391,workbook,,D1:wor:10,2026-01-16
results.zip/day1.xlsx,6,11,False,24.8133,34.9775,36.819,0.166,1,1,11,10088.2,-28089.4,36.8189,workbook,,D1:wor:11,2026-01-16
results.zip/day1.xlsx,7,12,False,24.8126,34.9756,38.969,0.171,1,1,12,9891.47,-28171,38.9689,workbook,,D1:wor:12,2026-01-16
results.zip/day1.xlsx,8,13,False,24.8115,34.974,41.326,0.209,1,1,13,9730.48,-28291.5,41.3263,workbook,,D1:wor:13,2026-01-16
results.zip/day1.xlsx,9,14,False,24.81,34.9731,43.62,0.198,1,1,14,9641.19,-28461.9,43.6196,workbook,,D1:wor:14,2026-01-16
results.zip/day1.xlsx,10,15,False,24.8085,34.9719,46.101,0.175,1,1,15,9523.87,-28630.6,46.1014,workbook,,D1:wor:15,2026-01-16
results.zip/day1.xlsx,11,16,False,24.8074,34.9702,47.844,0.185,1,1,16,9346.18,-28748.9,47.8443,workbook,,D1:wor:16,2026-01-16
results.zip/day1.xlsx,12,17,False,24.806,34.9689,50.296,0.191,1,1,17,9214.07,-28902.5,50.2958,workbook,,D1:wor:17,2026-01-16
results.zip/day1.xlsx,13,18,False,24.8042,34.9686,52.014,0.257,1,1,18,9188.48,-29103.7,52.0139,workbook,,D1:wor:18,2026-01-16
results.zip/day1.xlsx,14,19,False,24.8024,34.9678,53.921,0.282,1,1,19,9106.32,-29302.8,53.9213,workbook,,D1:wor:19,2026-01-16
results.zip/day1.xlsx,15,2,False,24.8229,34.995,15.33,0.159,1,1,2,11851,-27029.2,15.3298,workbook,,D1:wor:2,2026-01-16
results.zip/day1.xlsx,16,20,False,24.8016,34.9663,56.791,0.283,1,1,20,8952.18,-29389.9,56.7911,workbook,,D1:wor:20,2026-01-16
results.zip/day1.xlsx,17,21,False,24.8023,34.9644,58.497,0.285,1,1,21,8760.06,-29316.7,58.4968,workbook,,D1:wor:21,2026-01-16
results.zip/day1.xlsx,18,2-1,False,24.7848,34.9343,115.146,0.159,1,1,2-1,5718.13,-31255.9,115.146,workbook,,D1:wor:2-1,2026-01-16
results.zip/day1.xlsx,19,2-10,False,24.7812,34.9199,143.34,0.215,1,1,2-10,4266.54,-31652.8,143.34,workbook,,D1:wor:2-10,2026-01-16
results.zip/day1.xlsx,20,2-11,False,24.7807,34.9182,146.076,0.22,1,1,2-11,4091.97,-31705.5,146.076,workbook,,D1:wor:2-11,2026-01-16
results.zip/day1.xlsx,21,2-12,False,24.7813,34.9164,149.74,0.159,1,1,2-12,3906.65,-31643.8,149.74,workbook,,D1:wor:2-12,2026-01-16
results.zip/day1.xlsx,22,2-13,False,24.7801,34.9148,153.354,0.193,1,1,2-13,3746.92,-31771.3,153.354,workbook,,D1:wor:2-13,2026-01-16
results.zip/day1.xlsx,23,2-14,False,24.7789,34.9134,156.229,0.172,1,1,2-14,3610.64,-31904.1,156.229,workbook,,D1:wor:2-14,2026-01-16
results.zip/day1.xlsx,24,2-15,False,24.7784,34.9116,159.206,0.201,1,1,2-15,3425.91,-31961.2,159.206,workbook,,D1:wor:2-15,2026-01-16
results.zip/day1.xlsx,25,2-16,False,24.7773,34.9101,161.616,0.179,1,1,2-16,3272.99,-32081.5,161.616,workbook,,D1:wor:2-16,2026-01-16
results.zip/day1.xlsx,26,2-17,False,24.7758,34.9092,164.247,0.195,1,1,2-17,3181.83,-32253.3,164.247,workbook,,D1:wor:2-17,2026-01-16
results.zip/day1.xlsx,27,2-18,False,24.7747,34.9079,166.907,0.186,1,1,2-18,3052.57,-32376,166.907,workbook,,D1:wor:2-18,2026-01-16
results.zip/day1.xlsx,28,2-19,False,24.7723,34.9054,172.865,0.174,1,1,2-19,2799.03,-32636.8,172.865,workbook,,D1:wor:2-19,2026-01-16
results.zip/day1.xlsx,29,22,False,24.803,34.9626,60.316,0.254,1,1,22,8577.45,-29240.2,60.3165,workbook,,D1:wor:22,2026-01-16
results.zip/day1.xlsx,30,2-2,False,24.7828,34.934,119.294,0.163,1,1,2-2,5692.39,-31480.2,119.294,workbook,,D1:wor:2-2,2026-01-16
results.zip/day1.xlsx,31,2-20,False,24.7709,34.9041,175.93,0.194,1,1,2-20,2661.33,-32789.9,175.93,workbook,,D1:wor:2-20,2026-01-16
results.zip/day1.xlsx,32,2-21,False,24.7694,34.9034,178.541,0.218,1,1,2-21,2595.01,-32960.8,178.541,workbook,,D1:wor:2-21,2026-01-16
results.zip/day1.xlsx,33,2-22,False,24.7702,34.9013,182.258,0.328,1,1,2-22,2380.59,-32867.2,182.258,workbook,,D1:wor:2-22,2026-01-16
results.zip/day1.xlsx,34,2-23,False,24.7711,34.8995,184.984,0.349,1,1,2-23,2202.39,-32768.1,184.984,workbook,,D1:wor:2-23,2026-01-16
results.zip/day1.xlsx,35,2-24,False,24.7714,34.8977,187.14,0.346,1,1,2-24,2020.51,-32735.5,187.14,workbook,,D1:wor:2-24,2026-01-16
results.zip/day1.xlsx,36,2-25,False,24.7719,34.8957,189.525,0.518,1,1,2-25,1815.29,-32683.9,189.525,workbook,,D1:wor:2-25,2026-01-16
results.zip/day1.xlsx,37,2-26,False,24.7713,34.8931,192.723,0.328,1,1,2-26,1548.84,-32751.8,192.723,workbook,,D1:wor:2-26,2026-01-16
results.zip/day1.xlsx,38,23,False,24.8022,34.9607,62.738,0.236,1,1,23,8393.1,-29325.4,62.7377,workbook,,D1:wor:23,2026-01-16
results.zip/day1.xlsx,39,2-3,False,24.7832,34.9324,121.67,0.148,1,1,2-3,5529.42,-31428.5,121.67,workbook,,D1:wor:2-3,2026-01-16
results.zip/day1.xlsx,40,24,False,24.8019,34.9589,65.468,0.228,1,1,24,8204.25,-29361.2,65.4684,workbook,,D1:wor:24,2026-01-16
results.zip/day1.xlsx,41,2-4,False,24.7835,34.9305,126.306,0.158,1,1,2-4,5337.31,-31393.5,126.306,workbook,,D1:wor:2-4,2026-01-16
results.zip/day1.xlsx,42,25,False,24.8019,34.9568,67.795,0.228,1,1,25,7996.35,-29361.3,67.7951,workbook,,D1:wor:25,2026-01-16
results.zip/day1.xlsx,43,2-5,False,24.7824,34.9289,129.586,0.167,1,1,2-5,5172.45,-31514.6,129.586,workbook,,D1:wor:2-5,2026-01-16
results.zip/day1.xlsx,44,26,False,24.8018,34.9548,69.929,0.218,1,1,26,7791.43,-29367.3,69.9289,workbook,,D1:wor:26,2026-01-16
results.zip/day1.xlsx,45,2-6,False,24.7824,34.9269,132.105,0.155,1,1,2-6,4976.06,-31520.8,132.105,workbook,,D1:wor:2-6,2026-01-16
results.zip/day1.xlsx,46,27,False,24.8015,34.953,72.162,0.22,1,1,27,7606.48,-29402.9,72.1618,workbook,,D1:wor:27,2026-01-16
results.zip/day1.xlsx,47,2-7,False,24.7828,34.925,135.288,0.167,1,1,2-7,4778.57,-31480.3,135.288,workbook,,D1:wor:2-7,2026-01-16
results.zip/day1.xlsx,48,28,False,24.8002,34.9516,74.166,0.156,1,1,28,7467.05,-29544.4,74.1661,workbook,,D1:wor:28,2026-01-16
results.zip/day1.xlsx,49,2-8,False,24.7823,34.9234,137.605,0.21,1,1,2-8,4614.72,-31531,137.605,workbook,,D1:wor:2-8,2026-01-16
results.zip/day1.xlsx,50,29,False,24.7984,34.9511,76.334,0.167,1,1,29,7418.52,-29746.9,76.3338,workbook,,D1:wor:29,2026-01-16
results.zip/day1.xlsx,51,2-9,False,24.781,34.922,140.637,0.183,1,1,2-9,4472.24,-31676.9,140.637,workbook,,D1:wor:2-9,2026-01-16
results.zip/day1.xlsx,52,3,False,24.8222,34.9929,17.909,0.178,1,1,3,11638.5,-27104.2,17.9092,workbook,,D1:wor:3,2026-01-16
results.zip/day1.xlsx,53,30,False,24.7966,34.9514,78.474,0.15,1,1,30,7450.4,-29943.4,78.4741,workbook,,D1:wor:30,2026-01-16
results.zip/day1.xlsx,54,31,False,24.7948,34.9512,82.422,0.153,1,1,31,7428.86,-30147.8,82.4217,workbook,,D1:wor:31,2026-01-16
results.zip/day1.xlsx,55,3-1,False,24.7716,34.891,196.219,0.293,1,1,3-1,1343.69,-32717.6,196.219,workbook,,D1:wor:3-1,2026-01-16
results.zip/day1.xlsx,56,3-10,False,24.7755,34.874,221.005,0.328,1,1,3-10,-377.572,-32286.1,221.005,workbook,,D1:wor:3-10,2026-01-16
results.zip/day1.xlsx,57,3-11,False,24.776,34.8723,224.065,0.419,1,1,3-11,-554.924,-32232.6,224.065,workbook,,D1:wor:3-11,2026-01-16
results.zip/day1.xlsx,58,3-12,False,24.7764,34.8706,227.268,0.428,1,1,3-12,-722.226,-32182.4,227.268,workbook,,D1:wor:3-12,2026-01-16
results.zip/day1.xlsx,59,3-13,False,24.7765,34.8686,231.163,0.407,1,1,3-13,-920.169,-32169.9,231.163,workbook,,D1:wor:3-13,2026-01-16
results.zip/day1.xlsx,60,3-14,False,24.777,34.8669,234.449,0.321,1,1,3-14,-1095.95,-32116,234.449,workbook,,D1:wor:3-14,2026-01-16
results.zip/day1.xlsx,61,3-15,False,24.7776,34.8649,238.077,0.338,1,1,3-15,-1296.22,-32052.8,238.077,workbook,,D1:wor:3-15,2026-01-16
results.zip/day1.xlsx,62,3-16,False,24.7778,34.863,241.181,0.317,1,1,3-16,-1485.71,-32024.6,241.181,workbook,,D1:wor:3-16,2026-01-16
results.zip/day1.xlsx,63,3-17,False,24.7786,34.8614,244.581,0.385,1,1,3-17,-1653.09,-31941,244.581,workbook,,D1:wor:3-17,2026-01-16
results.zip/day1.xlsx,64,3-18,False,24.7787,34.8594,248.064,0.293,1,1,3-18,-1855.1,-31925.5,248.064,workbook,,D1:wor:3-18,2026-01-16
results.zip/day1.xlsx,65,3-19,False,24.78,34.8585,251.581,0.324,1,1,3-19,-1944.72,-31785,251.581,workbook,,D1:wor:3-19,2026-01-16
results.zip/day1.xlsx,66,32,False,24.793,34.9508,86.025,0.161,1,1,32,7392.6,-30341.7,86.0252,workbook,,D1:wor:32,2026-01-16
results.zip/day1.xlsx,67,3-2,False,24.7715,34.8891,198.601,0.372,1,1,3-2,1153.72,-32724.4,198.601,workbook,,D1:wor:3-2,2026-01-16
results.zip/day1.xlsx,68,3-20,False,24.7814,34.8571,255.53,0.345,1,1,3-20,-2088.53,-31635.8,255.53,workbook,,D1:wor:3-20,2026-01-16
results.zip/day1.xlsx,69,3-21,False,24.781,34.8555,258.8,0.235,1,1,3-21,-2250.31,-31674.1,258.8,workbook,,D1:wor:3-21,2026-01-16
results.zip/day1.xlsx,70,3-22,False,24.7808,34.8534,262.652,0.263,1,1,3-22,-2458.12,-31698.5,262.652,workbook,,D1:wor:3-22,2026-01-16
results.zip/day1.xlsx,71,3-23,False,24.7818,34.852,265.602,0.333,1,1,3-23,-2602.17,-31585.9,265.602,workbook,,D1:wor:3-23,2026-01-16
results.zip/day1.xlsx,72,3-24,False,24.7822,34.8501,269.871,0.338,1,1,3-24,-2792.6,-31540.2,269.871,workbook,,D1:wor:3-24,2026-01-16
results.zip/day1.xlsx,73,3-25,False,24.7821,34.8483,273.862,0.407,1,1,3-25,-2979.54,-31552.8,273.862,workbook,,D1:wor:3-25,2026-01-16
results.zip/day1.xlsx,74,3-26,False,24.7815,34.8463,278.279,0.22,1,1,3-26,-3179.37,-31619.2,278.279,workbook,,D1:wor:3-26,2026-01-16
results.zip/day1.xlsx,75,3-27,False,24.782,34.8447,282.075,0.262,1,1,3-27,-3341.19,-31565.4,282.075,workbook,,D1:wor:3-27,2026-01-16
results.zip/day1.xlsx,76,3-28,False,24.7825,34.8427,287.031,0.457,1,1,3-28,-3546.94,-31514.2,287.031,workbook,,D1:wor:3-28,2026-01-16
results.zip/day1.xlsx,77,3-29,False,24.7833,34.8411,291.284,0.32,1,1,3-29,-3705.93,-31414.8,291.284,workbook,,D1:wor:3-29,2026-01-16
results.zip/day1.xlsx,78,33,False,24.7926,34.9491,89.186,0.178,1,1,33,7213.63,-30386.7,89.1856,workbook,,D1:wor:33,2026-01-16
results.zip/day1.xlsx,79,3-3,False,24.7717,34.8871,201.391,0.409,1,1,3-3,948.91,-32708.5,201.391,workbook,,D1:wor:3-3,2026-01-16
results.zip/day1.xlsx,80,3-30,False,24.784,34.8393,295.511,0.365,1,1,3-30,-3889.39,-31348.1,295.511,workbook,,D1:wor:3-30,2026-01-16
results.zip/day1.xlsx,81,3-31,False,24.7851,34.8373,304.808,0.334,1,1,3-31,-4084.42,-31217.6,304.808,workbook,,D1:wor:3-31,2026-01-16
results.zip/day1.xlsx,82,34,False,24.7928,34.9471,91.359,0.172,1,1,34,7017.66,-30371.3,91.3591,workbook,,D1:wor:34,2026-01-16
results.zip/day1.xlsx,83,3-4,False,24.7721,34.8853,204.275,0.41,1,1,3-4,761.561,-32665.5,204.275,workbook,,D1:wor:3-4,2026-01-16
results.zip/day1.xlsx,84,35,False,24.7916,34.9457,93.989,0.186,1,1,35,6876.08,-30498.3,93.9894,workbook,,D1:wor:35,2026-01-16
results.zip/day1.xlsx,85,3-5,False,24.7727,34.8835,206.634,0.532,1,1,3-5,584.644,-32600.2,206.634,workbook,,D1:wor:3-5,2026-01-16
results.zip/day1.xlsx,86,36,False,24.7901,34.9445,95.984,0.19,1,1,36,6754.75,-30667.5,95.9839,workbook,,D1:wor:36,2026-01-16
results.zip/day1.xlsx,87,3-6,False,24.7732,34.8817,208.991,0.53,1,1,3-6,400.016,-32538.1,208.991,workbook,,D1:wor:3-6,2026-01-16
results.zip/day1.xlsx,88,37,False,24.7887,34.9435,98.029,0.214,1,1,37,6652.91,-30824.7,98.0293,workbook,,D1:wor:37,2026-01-16
results.zip/day1.xlsx,89,3-7,False,24.7737,34.8798,211.493,0.429,1,1,3-7,209.87,-32487.8,211.493,workbook,,D1:wor:3-7,2026-01-16
results.zip/day1.xlsx,90,38,False,24.7883,34.9415,100.886,0.246,1,1,38,6449.4,-30860.8,100.886,workbook,,D1:wor:38,2026-01-16
results.zip/day1.xlsx,91,3-8,False,24.7742,34.878,214.038,0.455,1,1,3-8,27.883,-32423.9,214.038,workbook,,D1:wor:3-8,2026-01-16
results.zip/day1.xlsx,92,39,False,24.7893,34.9394,103.613,0.3,1,1,39,6233.66,-30757,103.613,workbook,,D1:wor:39,2026-01-16
results.zip/day1.xlsx,93,3-9,False,24.7748,34.876,217.003,0.392,1,1,3-9,-173.292,-32361.9,217.003,workbook,,D1:wor:3-9,2026-01-16
results.zip/day1.xlsx,94,4,False,24.8217,34.9911,20.228,0.174,1,1,4,11457.4,-27164.4,20.2283,workbook,,D1:wor:4,2026-01-16
results.zip/day1.xlsx,95,40,False,24.7895,34.9378,105.204,0.276,1,1,40,6073.71,-30737.9,105.204,workbook,,D1:wor:40,2026-01-16
results.zip/day1.xlsx,96,41,False,24.7892,34.936,107.92,0.236,1,1,41,5887.89,-30771.6,107.92,workbook,,D1:wor:41,2026-01-16
results.zip/day1.xlsx,97,42,False,24.7879,34.9346,109.82,0.248,1,1,42,5748.32,-30908.8,109.82,workbook,,D1:wor:42,2026-01-16
results.zip/day1.xlsx,98,43,False,24.787,34.9332,112.211,0.246,1,1,43,5608.71,-31007.1,112.211,workbook,,D1:wor:43,2026-01-16
results.zip/day1.xlsx,99,44,False,24.7871,34.9311,113.55,0.245,1,1,44,5399.76,-30999.8,113.55,workbook,,D1:wor:44,2026-01-16
results.zip/day1.xlsx,100,45,False,24.788,34.9293,115.683,0.248,1,1,45,5217.28,-30904.2,115.683,workbook,,D1:wor:45,2026-01-16
results.zip/day1.xlsx,101,46,False,24.789,34.9279,117.009,0.315,1,1,46,5069.48,-30785.6,117.009,workbook,,D1:wor:46,2026-01-16
results.zip/day1.xlsx,102,47,False,24.7896,34.9258,119.731,0.268,1,1,47,4858.58,-30727.1,119.731,workbook,,D1:wor:47,2026-01-16
results.zip/day1.xlsx,103,48,False,24.7894,34.924,121.281,0.237,1,1,48,4676.51,-30743.6,121.281,workbook,,D1:wor:48,2026-01-16
results.zip/day1.xlsx,104,49,False,24.7896,34.922,122.869,0.24,1,1,49,4471.58,-30726.1,122.869,workbook,,D1:wor:49,2026-01-16
results.zip/day1.xlsx,105,5,False,24.8208,34.9893,21.989,0.157,1,1,5,11282,-27267.3,21.9891,workbook,,D1:wor:5,2026-01-16
results.zip/day1.xlsx,106,50,False,24.7907,34.9202,125.58,0.295,1,1,50,4293.11,-30596.6,125.58,workbook,,D1:wor:50,2026-01-16
results.zip/day1.xlsx,107,51,False,24.7918,34.9187,127.816,0.244,1,1,51,4141.9,-30483.4,127.816,workbook,,D1:wor:51,2026-01-16
results.zip/day1.xlsx,108,52,False,24.7928,34.917,129.412,0.226,1,1,52,3968.63,-30366.9,129.412,workbook,,D1:wor:52,2026-01-16
results.zip/day1.xlsx,109,53,False,24.7932,34.915,131.776,0.22,1,1,53,3763.94,-30324.9,131.776,workbook,,D1:wor:53,2026-01-16
results.zip/day1.xlsx,110,54,False,24.7931,34.9132,133.384,0.198,1,1,54,3582.23,-30336.8,133.384,workbook,,D1:wor:54,2026-01-16
results.zip/day1.xlsx,111,55,False,24.7931,34.9112,135.261,0.209,1,1,55,3382.7,-30333.3,135.261,workbook,,D1:wor:55,2026-01-16
results.zip/day1.xlsx,112,56,False,24.7939,34.9095,137.681,0.238,1,1,56,3215.21,-30245.2,137.681,workbook,,D1:wor:56,2026-01-16
results.zip/day1.xlsx,113,57,False,24.7957,34.9091,139.431,0.309,1,1,57,3167.45,-30051.1,139.431,workbook,,D1:wor:57,2026-01-16
results.zip/day1.xlsx,114,58,False,24.7975,34.9091,141.448,0.252,1,1,58,3174.99,-29846.8,141.448,workbook,,D1:wor:58,2026-01-16
results.zip/day1.xlsx,115,59,False,24.7991,34.9084,143.841,0.226,1,1,59,3098.39,-29670.5,143.841,workbook,,D1:wor:59,2026-01-16
results.zip/day1.xlsx,116,6,False,24.8196,34.9878,24.262,0.162,1,1,6,11127.9,-27392.9,24.2621,workbook,,D1:wor:6,2026-01-16
results.zip/day1.xlsx,117,60,False,24.8009,34.9075,145.758,0.253,1,1,60,3013.57,-29475.4,145.758,workbook,,D1:wor:60,2026-01-16
results.zip/day1.xlsx,118,7,False,24.8187,34.9861,25.638,0.162,1,1,7,10957.9,-27490,25.6376,workbook,,D1:wor:7,2026-01-16
results.zip/day1.xlsx,119,8,False,24.8167,34.9826,29.976,0.154,1,1,8,10598.7,-27718.3,29.9756,workbook,,D1:wor:8,2026-01-16
results.zip/day1.xlsx,120,9,False,24.8153,34.981,32.034,0.161,1,1,9,10444,-27869.2,32.0337,workbook,,D1:wor:9,2026-01-16
results.zip/day1.xlsx,121,B100 16-01-2026,False,24.7868,34.9337,111.885,0.045,1,1,B100 16-01-2026,5662.4,-31036.9,111.885,workbook,base_100,D1:wor:B100 16-01-2026,2026-01-16
results.zip/day1.xlsx,122,Base0,False,25.0668,34.8776,36.616,0.037,1,1,Base0,-10.902,-20.767,36.6156,workbook,hotel_0,D1:wor:Base0,2026-01-16
results.zip/day2.xlsx,4,1,False,24.7745,34.8764,216.125,,2,2,1,-133.415,-32395.8,216.125,workbook,,D2:wor:1,2026-01-17
results.zip/day2.xlsx,5,10,False,24.7663,34.8625,244.583,,2,2,10,-1542.19,-33307.9,244.583,workbook,,D2:wor:10,2026-01-17
results.zip/day2.xlsx,6,11,False,24.7646,34.8634,246.772,,2,2,11,-1454.36,-33489,246.772,workbook,,D2:wor:11,2026-01-17
results.zip/day2.xlsx,7,1-100,False,24.8036,34.8432,237.16,,2,2,1-100,-3488.76,-29170.6,237.16,workbook,,D2:wor:1-100,2026-01-17
results.zip/day2.xlsx,8,1-101,False,24.8021,34.8422,239.058,,2,2,1-101,-3597.66,-29333.5,239.058,workbook,,D2:wor:1-101,2026-01-17
results.zip/day2.xlsx,9,1-102,False,24.8008,34.8405,241.446,,2,2,1-102,-3762.65,-29487.1,241.446,workbook,,D2:wor:1-102,2026-01-17
results.zip/day2.xlsx,10,1-103,False,24.7996,34.8389,244.031,,2,2,1-103,-3928.1,-29619.8,244.031,workbook,,D2:wor:1-103,2026-01-17
results.zip/day2.xlsx,11,1-104,False,24.798,34.8373,246.324,,2,2,1-104,-4085.91,-29794.6,246.324,workbook,,D2:wor:1-104,2026-01-17
results.zip/day2.xlsx,12,1-105,False,24.7969,34.8362,248.353,,2,2,1-105,-4200.31,-29915,248.353,workbook,,D2:wor:1-105,2026-01-17
results.zip/day2.xlsx,13,1-107,False,24.795,34.8328,252.895,,2,2,1-107,-4546.05,-30122,252.895,workbook,,D2:wor:1-107,2026-01-17
results.zip/day2.xlsx,14,1-108,False,24.7948,34.8309,255.026,,2,2,1-108,-4740.84,-30146.8,255.026,workbook,,D2:wor:1-108,2026-01-17
results.zip/day2.xlsx,15,1-109,False,24.7947,34.8287,257.796,,2,2,1-109,-4961.86,-30152.6,257.796,workbook,,D2:wor:1-109,2026-01-17
results.zip/day2.xlsx,16,1-110,False,24.7949,34.8267,260.072,,2,2,1-110,-5155.86,-30132.2,260.072,workbook,,D2:wor:1-110,2026-01-17
results.zip/day2.xlsx,17,12,False,24.7632,34.8631,249.541,,2,2,12,-1480.53,-33647.7,249.541,workbook,,D2:wor:12,2026-01-17
results.zip/day2.xlsx,18,13,False,24.7641,34.8616,253.513,,2,2,13,-1628.18,-33545.2,253.513,workbook,,D2:wor:13,2026-01-17
results.zip/day2.xlsx,19,14,False,24.7626,34.8605,256.048,,2,2,14,-1740.08,-33719.1,256.048,workbook,,D2:wor:14,2026-01-17
results.zip/day2.xlsx,20,15,False,24.7613,34.8592,258.911,,2,2,15,-1872.6,-33859.2,258.911,workbook,,D2:wor:15,2026-01-17
results.zip/day2.xlsx,21,16,False,24.7623,34.858,262.112,,2,2,16,-1998.2,-33742.4,262.112,workbook,,D2:wor:16,2026-01-17
results.zip/day2.xlsx,22,1-61,False,24.8022,34.9061,147.993,,2,2,1-61,2864.5,-29322.3,147.993,workbook,,D2:wor:1-61,2026-01-17
results.zip/day2.xlsx,23,1-62,False,24.8037,34.9045,150.24,,2,2,1-62,2705.1,-29165.2,150.24,workbook,,D2:wor:1-62,2026-01-17
results.zip/day2.xlsx,24,1-63,False,24.8043,34.9028,151.76,,2,2,1-63,2535.88,-29090.5,151.76,workbook,,D2:wor:1-63,2026-01-17
results.zip/day2.xlsx,25,1-64,False,24.8047,34.901,154.068,,2,2,1-64,2352.57,-29047.7,154.068,workbook,,D2:wor:1-64,2026-01-17
results.zip/day2.xlsx,26,1-65,False,24.805,34.8986,156.237,,2,2,1-65,2113.99,-29013.1,156.237,workbook,,D2:wor:1-65,2026-01-17
results.zip/day2.xlsx,27,1-66,False,24.8056,34.8971,158.23,,2,2,1-66,1960.1,-28953.6,158.23,workbook,,D2:wor:1-66,2026-01-17
results.zip/day2.xlsx,28,1-67,False,24.8067,34.8947,160.966,,2,2,1-67,1719.92,-28827.4,160.966,workbook,,D2:wor:1-67,2026-01-17
results.zip/day2.xlsx,29,1-68,False,24.8074,34.8935,162.741,,2,2,1-68,1597.51,-28745.9,162.741,workbook,,D2:wor:1-68,2026-01-17
results.zip/day2.xlsx,30,1-69,False,24.8086,34.892,164.661,,2,2,1-69,1445.95,-28613.6,164.661,workbook,,D2:wor:1-69,2026-01-17
results.zip/day2.xlsx,31,17,False,24.764,34.8571,264.853,,2,2,17,-2082.95,-33560.5,264.853,workbook,,D2:wor:17,2026-01-17
results.zip/day2.xlsx,32,1-70,False,24.8097,34.8906,166.972,,2,2,1-70,1300.88,-28499.5,166.972,workbook,,D2:wor:1-70,2026-01-17
results.zip/day2.xlsx,33,1-71,False,24.8107,34.889,168.807,,2,2,1-71,1139.56,-28389.7,168.807,workbook,,D2:wor:1-71,2026-01-17
results.zip/day2.xlsx,34,1-72,False,24.8108,34.8871,171.258,,2,2,1-72,951.197,-28369.3,171.258,workbook,,D2:wor:1-72,2026-01-17
results.zip/day2.xlsx,35,1-73,False,24.8109,34.8851,173.099,,2,2,1-73,742.07,-28361.8,173.099,workbook,,D2:wor:1-73,2026-01-17
results.zip/day2.xlsx,36,1-74,False,24.8105,34.8829,175.752,,2,2,1-74,518.361,-28408.7,175.752,workbook,,D2:wor:1-74,2026-01-17
results.zip/day2.xlsx,37,1-75,False,24.8095,34.8814,177.746,,2,2,1-75,367.726,-28524.2,177.746,workbook,,D2:wor:1-75,2026-01-17
results.zip/day2.xlsx,38,1-76,False,24.8083,34.88,179.547,,2,2,1-76,228.144,-28655.4,179.547,workbook,,D2:wor:1-76,2026-01-17
results.zip/day2.xlsx,39,1-77,False,24.8072,34.8786,181.285,,2,2,1-77,83.79,-28771,181.285,workbook,,D2:wor:1-77,2026-01-17
results.zip/day2.xlsx,40,1-78,False,24.8068,34.8768,184.226,,2,2,1-78,-90.313,-28817.6,184.226,workbook,,D2:wor:1-78,2026-01-17
results.zip/day2.xlsx,41,1-79,False,24.808,34.8753,186.561,,2,2,1-79,-247.875,-28684.1,186.561,workbook,,D2:wor:1-79,2026-01-17
results.zip/day2.xlsx,42,18,False,24.7652,34.8555,268.197,,2,2,18,-2244.5,-33423.1,268.197,workbook,,D2:wor:18,2026-01-17
results.zip/day2.xlsx,43,1-80,False,24.8092,34.8736,188.807,,2,2,1-80,-420.224,-28551.5,188.807,workbook,,D2:wor:1-80,2026-01-17
results.zip/day2.xlsx,44,1-81,False,24.8098,34.8719,190.946,,2,2,1-81,-586.167,-28481,190.946,workbook,,D2:wor:1-81,2026-01-17
results.zip/day2.xlsx,45,1-82,False,24.8103,34.87,193.248,,2,2,1-82,-786.1,-28431.8,193.248,workbook,,D2:wor:1-82,2026-01-17
results.zip/day2.xlsx,46,1-83,False,24.8116,34.8689,195.582,,2,2,1-83,-897.326,-28289.9,195.582,workbook,,D2:wor:1-83,2026-01-17
results.zip/day2.xlsx,47,1-84,False,24.8121,34.8671,198.247,,2,2,1-84,-1074.08,-28232.9,198.247,workbook,,D2:wor:1-84,2026-01-17
results.zip/day2.xlsx,48,1-85,False,24.8114,34.8652,200.496,,2,2,1-85,-1267.09,-28313.1,200.496,workbook,,D2:wor:1-85,2026-01-17
results.zip/day2.xlsx,49,1-86,False,24.811,34.863,203.915,,2,2,1-86,-1489.56,-28351.6,203.915,workbook,,D2:wor:1-86,2026-01-17
results.zip/day2.xlsx,50,1-87,False,24.8107,34.8614,205.294,,2,2,1-87,-1651.18,-28389.7,205.294,workbook,,D2:wor:1-87,2026-01-17
results.zip/day2.xlsx,51,1-88,False,24.8107,34.8593,207.331,,2,2,1-88,-1861.16,-28385.7,207.331,workbook,,D2:wor:1-88,2026-01-17
results.zip/day2.xlsx,52,1-89,False,24.8106,34.8574,209.741,,2,2,1-89,-2054.43,-28399.5,209.741,workbook,,D2:wor:1-89,2026-01-17
results.zip/day2.xlsx,53,19,False,24.7653,34.8538,270.896,,2,2,19,-2422.51,-33413,270.896,workbook,,D2:wor:19,2026-01-17
results.zip/day2.xlsx,54,1-90,False,24.8111,34.8552,212.158,,2,2,1-90,-2279.28,-28345.2,212.158,workbook,,D2:wor:1-90,2026-01-17
results.zip/day2.xlsx,55,1-91,False,24.8121,34.8528,215.635,,2,2,1-91,-2518.84,-28232.3,215.635,workbook,,D2:wor:1-91,2026-01-17
results.zip/day2.xlsx,56,1-92,False,24.8131,34.852,217.28,,2,2,1-92,-2603.51,-28124.7,217.28,workbook,,D2:wor:1-92,2026-01-17
results.zip/day2.xlsx,57,1-93,False,24.8138,34.85,220.281,,2,2,1-93,-2800.15,-28046.5,220.281,workbook,,D2:wor:1-93,2026-01-17
results.zip/day2.xlsx,58,1-94,False,24.8123,34.8477,222.652,,2,2,1-94,-3041.62,-28208.5,222.652,workbook,,D2:wor:1-94,2026-01-17
results.zip/day2.xlsx,59,1-95,False,24.8116,34.8466,225.093,,2,2,1-95,-3152.33,-28287.2,225.093,workbook,,D2:wor:1-95,2026-01-17
results.zip/day2.xlsx,60,1-96,False,24.81,34.8456,226.872,,2,2,1-96,-3251.98,-28462.6,226.872,workbook,,D2:wor:1-96,2026-01-17
results.zip/day2.xlsx,61,1-97,False,24.808,34.8457,229.616,,2,2,1-97,-3237.7,-28686.9,229.616,workbook,,D2:wor:1-97,2026-01-17
results.zip/day2.xlsx,62,1-98,False,24.8063,34.8454,232.41,,2,2,1-98,-3265.63,-28867.3,232.41,workbook,,D2:wor:1-98,2026-01-17
results.zip/day2.xlsx,63,1-99,False,24.8048,34.8447,234.171,,2,2,1-99,-3339.19,-29042,234.171,workbook,,D2:wor:1-99,2026-01-17
results.zip/day2.xlsx,64,2,False,24.7735,34.8743,219.099,,2,2,2,-347.615,-32505.2,219.099,workbook,,D2:wor:2,2026-01-17
results.zip/day2.xlsx,65,20,False,24.7644,34.8522,273.486,,2,2,20,-2579.64,-33513.7,273.486,workbook,,D2:wor:20,2026-01-17
results.zip/day2.xlsx,66,21,False,24.7627,34.8517,276.509,,2,2,21,-2630.27,-33704.1,276.509,workbook,,D2:wor:21,2026-01-17
results.zip/day2.xlsx,67,22,False,24.7609,34.8518,278.716,,2,2,22,-2619.6,-33901.3,278.716,workbook,,D2:wor:22,2026-01-17
results.zip/day2.xlsx,68,23,False,24.76,34.851,281.866,,2,2,23,-2701.47,-34003.4,281.866,workbook,,D2:wor:23,2026-01-17
results.zip/day2.xlsx,69,24,False,24.7606,34.8492,284.537,,2,2,24,-2884.31,-33938.5,284.537,workbook,,D2:wor:24,2026-01-17
results.zip/day2.xlsx,70,25,False,24.7609,34.8475,287.808,,2,2,25,-3056.63,-33900.6,287.808,workbook,,D2:wor:25,2026-01-17
results.zip/day2.xlsx,71,26,False,24.7595,34.8468,291.238,,2,2,26,-3126.29,-34057.5,291.238,workbook,,D2:wor:26,2026-01-17
results.zip/day2.xlsx,72,27,False,24.7594,34.8449,294.619,,2,2,27,-3319.91,-34071.6,294.619,workbook,,D2:wor:27,2026-01-17
results.zip/day2.xlsx,73,28,False,24.7599,34.843,296.746,,2,2,28,-3510.6,-34012.5,296.746,workbook,,D2:wor:28,2026-01-17
results.zip/day2.xlsx,74,29,False,24.7606,34.8412,299.286,,2,2,29,-3697.08,-33940,299.286,workbook,,D2:wor:29,2026-01-17
results.zip/day2.xlsx,75,3,False,24.7739,34.8726,222.064,,2,2,3,-520.395,-32458.2,222.064,workbook,,D2:wor:3,2026-01-17
results.zip/day2.xlsx,76,30,False,24.7607,34.8392,302.549,,2,2,30,-3900.41,-33919.3,302.549,workbook,,D2:wor:30,2026-01-17
results.zip/day2.xlsx,77,32,False,24.786,34.8354,295.647,,2,2,32,-4280.57,-31117.4,295.647,workbook,,D2:wor:32,2026-01-17
results.zip/day2.xlsx,78,33,False,24.7875,34.8346,290.21,,2,2,33,-4365.5,-30956.2,290.21,workbook,,D2:wor:33,2026-01-17
results.zip/day2.xlsx,79,34,False,24.7891,34.8336,285.533,,2,2,34,-4465.2,-30781,285.533,workbook,,D2:wor:34,2026-01-17
results.zip/day2.xlsx,80,35,False,24.7908,34.8334,280.582,,2,2,35,-4478.66,-30592.5,280.582,workbook,,D2:wor:35,2026-01-17
results.zip/day2.xlsx,81,36,False,24.7913,34.8351,274.815,,2,2,36,-4309.08,-30534.1,274.815,workbook,,D2:wor:36,2026-01-17
results.zip/day2.xlsx,82,37,False,24.7919,34.836,272.922,,2,2,37,-4219.15,-30472.8,272.922,workbook,,D2:wor:37,2026-01-17
results.zip/day2.xlsx,83,38,False,24.7917,34.8373,265.681,,2,2,38,-4090.71,-30485.5,265.681,workbook,,D2:wor:38,2026-01-17
results.zip/day2.xlsx,84,39,False,24.793,34.8382,261.215,,2,2,39,-4001.46,-30340.4,261.215,workbook,,D2:wor:39,2026-01-17
results.zip/day2.xlsx,85,4,False,24.7742,34.8709,224.901,,2,2,4,-695.605,-32431.2,224.901,workbook,,D2:wor:4,2026-01-17
results.zip/day2.xlsx,86,40,False,24.7941,34.8383,258.124,,2,2,40,-3989.16,-30220.1,258.124,workbook,,D2:wor:40,2026-01-17
results.zip/day2.xlsx,87,41,False,24.7954,34.8384,252.625,,2,2,41,-3978.19,-30077.4,252.625,workbook,,D2:wor:41,2026-01-17
results.zip/day2.xlsx,88,42,False,24.797,34.8372,247.612,,2,2,42,-4097.12,-29903.9,247.612,workbook,,D2:wor:42,2026-01-17
results.zip/day2.xlsx,89,5,False,24.7723,34.8676,229.707,,2,2,5,-1025.63,-32640.7,229.707,workbook,,D2:wor:5,2026-01-17
results.zip/day2.xlsx,90,6,False,24.7722,34.8657,233.329,,2,2,6,-1220.57,-32654,233.329,workbook,,D2:wor:6,2026-01-17
results.zip/day2.xlsx,91,7,False,24.7709,34.8646,236.072,,2,2,7,-1325.16,-32789.8,236.072,workbook,,D2:wor:7,2026-01-17
results.zip/day2.xlsx,92,8,False,24.7693,34.8639,238.767,,2,2,8,-1401.15,-32974.6,238.767,workbook,,D2:wor:8,2026-01-17
results.zip/day2.xlsx,93,9,False,24.7676,34.8633,241.144,,2,2,9,-1463.38,-33164.2,241.144,workbook,,D2:wor:9,2026-01-17
results.zip/day2.xlsx,94,Base1,False,25.0668,34.8777,36.488,,2,2,Base1,-8.545,-21.53,36.4882,workbook,hotel_0,D2:wor:Base1,2026-01-17
results.zip/day2.xlsx,95,Base100,False,24.7867,34.9338,111.792,,2,2,Base100,5664.75,-31037.6,111.792,workbook,base_100,D2:wor:Base100,2026-01-17
results.zip/day3.xlsx,4,1,False,24.7928,34.8221,265.799,,3,3,1,-5622.58,-30368.6,265.799,workbook,,D3:wor:1,2026-01-18
results.zip/day3.xlsx,5,10,False,24.7862,34.8092,288.847,,3,3,10,-6927.45,-31099.5,288.847,workbook,,D3:wor:10,2026-01-18
results.zip/day3.xlsx,6,11,False,24.7845,34.8095,291.735,,3,3,11,-6897.73,-31286.3,291.735,workbook,,D3:wor:11,2026-01-18
results.zip/day3.xlsx,7,1-111,False,24.7943,34.8245,262.655,,3,3,1-111,-5382.61,-30201.1,262.655,workbook,,D3:wor:1-111,2026-01-18
results.zip/day3.xlsx,8,1-112,False,24.7937,34.8231,264.337,,3,3,1-112,-5519.82,-30270.3,264.337,workbook,,D3:wor:1-112,2026-01-18
results.zip/day3.xlsx,9,1-113,False,24.7936,34.8205,266.88,,3,3,1-113,-5783.31,-30277.4,266.88,workbook,,D3:wor:1-113,2026-01-18
results.zip/day3.xlsx,10,1-114,False,24.7935,34.8187,268.757,,3,3,1-114,-5973.05,-30285.4,268.757,workbook,,D3:wor:1-114,2026-01-18
results.zip/day3.xlsx,11,1-115,False,24.7936,34.8166,271.089,,3,3,1-115,-6182.58,-30273.1,271.089,workbook,,D3:wor:1-115,2026-01-18
results.zip/day3.xlsx,12,1-116,False,24.7938,34.8145,273.113,,3,3,1-116,-6390.25,-30253,273.113,workbook,,D3:wor:1-116,2026-01-18
results.zip/day3.xlsx,13,1-117,False,24.7945,34.8124,275.351,,3,3,1-117,-6602.15,-30176.2,275.351,workbook,,D3:wor:1-117,2026-01-18
results.zip/day3.xlsx,14,1-118,False,24.7948,34.8108,277.333,,3,3,1-118,-6767.36,-30141,277.333,workbook,,D3:wor:1-118,2026-01-18
results.zip/day3.xlsx,15,1-119,False,24.7955,34.809,279.448,,3,3,1-119,-6952.12,-30072.9,279.448,workbook,,D3:wor:1-119,2026-01-18
results.zip/day3.xlsx,16,1-120,False,24.796,34.8052,283.84,,3,3,1-120,-7339.21,-30017.6,283.84,workbook,,D3:wor:1-120,2026-01-18
results.zip/day3.xlsx,17,1-121,False,24.7965,34.8031,285.882,,3,3,1-121,-7545.15,-29957.6,285.882,workbook,,D3:wor:1-121,2026-01-18
results.zip/day3.xlsx,18,1-122,False,24.7971,34.8012,288.054,,3,3,1-122,-7735.71,-29890.5,288.054,workbook,,D3:wor:1-122,2026-01-18
results.zip/day3.xlsx,19,1-123,False,24.7969,34.7993,290.36,,3,3,1-123,-7935.24,-29915.4,290.36,workbook,,D3:wor:1-123,2026-01-18
results.zip/day3.xlsx,20,1-124,False,24.7973,34.7973,292.216,,3,3,1-124,-8133.79,-29868.9,292.216,workbook,,D3:wor:1-124,2026-01-18
results.zip/day3.xlsx,21,1-125,False,24.798,34.7952,295.636,,3,3,1-125,-8342.23,-29789.6,295.636,workbook,,D3:wor:1-125,2026-01-18
results.zip/day3.xlsx,22,1-126,False,24.799,34.794,297.523,,3,3,1-126,-8471.77,-29681.8,297.523,workbook,,D3:wor:1-126,2026-01-18
results.zip/day3.xlsx,23,1-127,False,24.8,34.7923,299.759,,3,3,1-127,-8642.41,-29564.4,299.759,workbook,,D3:wor:1-127,2026-01-18
results.zip/day3.xlsx,24,1-128,False,24.8016,34.7913,301.87,,3,3,1-128,-8737.5,-29387.2,301.87,workbook,,D3:wor:1-128,2026-01-18
results.zip/day3.xlsx,25,1-129,False,24.8036,34.791,304.555,,3,3,1-129,-8766.56,-29168.7,304.555,workbook,,D3:wor:1-129,2026-01-18
results.zip/day3.xlsx,26,1-130,False,24.8051,34.7908,306.397,,3,3,1-130,-8787.71,-29002.3,306.397,workbook,,D3:wor:1-130,2026-01-18
results.zip/day3.xlsx,27,1-131,False,24.8065,34.7894,308.635,,3,3,1-131,-8934.23,-28848.7,308.635,workbook,,D3:wor:1-131,2026-01-18
results.zip/day3.xlsx,28,1-132,False,24.8083,34.7889,311.044,,3,3,1-132,-8985.28,-28649.6,311.044,workbook,,D3:wor:1-132,2026-01-18
results.zip/day3.xlsx,29,1-133,False,24.8097,34.7877,312.965,,3,3,1-133,-9102.65,-28489.6,312.965,workbook,,D3:wor:1-133,2026-01-18
results.zip/day3.xlsx,30,1-134,False,24.8111,34.7863,316.478,,3,3,1-134,-9246.94,-28333,316.478,workbook,,D3:wor:1-134,2026-01-18
results.zip/day3.xlsx,31,1-135,False,24.8118,34.7845,318.746,,3,3,1-135,-9431.1,-28261.7,318.746,workbook,,D3:wor:1-135,2026-01-18
results.zip/day3.xlsx,32,1-136,False,24.8127,34.7825,322.37,,3,3,1-136,-9623.9,-28155.3,322.37,workbook,,D3:wor:1-136,2026-01-18
results.zip/day3.xlsx,33,1-137,False,24.8137,34.7812,323.611,,3,3,1-137,-9763.09,-28049.8,323.611,workbook,,D3:wor:1-137,2026-01-18
results.zip/day3.xlsx,34,1-138,False,24.8147,34.7796,325.774,,3,3,1-138,-9923.38,-27934.2,325.774,workbook,,D3:wor:1-138,2026-01-18
results.zip/day3.xlsx,35,1-139,False,24.8158,34.7782,328.019,,3,3,1-139,-10059.9,-27814.3,328.019,workbook,,D3:wor:1-139,2026-01-18
results.zip/day3.xlsx,36,1-140,False,24.8176,34.777,330.755,,3,3,1-140,-10188.4,-27614.8,330.755,workbook,,D3:wor:1-140,2026-01-18
results.zip/day3.xlsx,37,1-141,False,24.8189,34.7755,332.328,,3,3,1-141,-10332.3,-27473.4,332.328,workbook,,D3:wor:1-141,2026-01-18
results.zip/day3.xlsx,38,1-142,False,24.8208,34.7733,335.762,,3,3,1-142,-10553.8,-27262.4,335.762,workbook,,D3:wor:1-142,2026-01-18
results.zip/day3.xlsx,39,1-143,False,24.8222,34.7724,337.89,,3,3,1-143,-10652,-27107,337.89,workbook,,D3:wor:1-143,2026-01-18
results.zip/day3.xlsx,40,1-144,False,24.8232,34.7704,340.394,,3,3,1-144,-10852.3,-27001.5,340.394,workbook,,D3:wor:1-144,2026-01-18
results.zip/day3.xlsx,41,1-145,False,24.8243,34.7686,342.449,,3,3,1-145,-11031,-26870.7,342.449,workbook,,D3:wor:1-145,2026-01-18
results.zip/day3.xlsx,42,1-146,False,24.8257,34.7676,344.093,,3,3,1-146,-11129.6,-26719.1,344.093,workbook,,D3:wor:1-146,2026-01-18
results.zip/day3.xlsx,43,1-147,False,24.8268,34.7654,347.036,,3,3,1-147,-11361.3,-26599.3,347.036,workbook,,D3:wor:1-147,2026-01-18
results.zip/day3.xlsx,44,1-148,False,24.8277,34.7621,351.263,,3,3,1-148,-11691.8,-26503.1,351.263,workbook,,D3:wor:1-148,2026-01-18
results.zip/day3.xlsx,45,1-149,False,24.7935,34.823,264.495,,3,3,1-149,-5534.95,-30294.4,264.495,workbook,,D3:wor:1-149,2026-01-18
results.zip/day3.xlsx,46,1-150,False,24.7919,34.8208,267.409,,3,3,1-150,-5758.76,-30465.4,267.409,workbook,,D3:wor:1-150,2026-01-18
results.zip/day3.xlsx,47,1-151,False,24.7909,34.8191,270.084,,3,3,1-151,-5932.98,-30582.7,270.084,workbook,,D3:wor:1-151,2026-01-18
results.zip/day3.xlsx,48,1-152,False,24.7889,34.8178,273.098,,3,3,1-152,-6064.69,-30793.7,273.098,workbook,,D3:wor:1-152,2026-01-18
results.zip/day3.xlsx,49,1-153,False,24.7876,34.8171,275.008,,3,3,1-153,-6131.65,-30944.3,275.008,workbook,,D3:wor:1-153,2026-01-18
results.zip/day3.xlsx,50,1-154,False,24.7863,34.8158,278.172,,3,3,1-154,-6262.45,-31087.9,278.172,workbook,,D3:wor:1-154,2026-01-18
results.zip/day3.xlsx,51,1-155,False,24.7868,34.814,280.618,,3,3,1-155,-6449.59,-31032.4,280.618,workbook,,D3:wor:1-155,2026-01-18
results.zip/day3.xlsx,52,1-156,False,24.7876,34.8122,283.06,,3,3,1-156,-6625.03,-30945.8,283.06,workbook,,D3:wor:1-156,2026-01-18
results.zip/day3.xlsx,53,1-157,False,24.7878,34.81,286.429,,3,3,1-157,-6846.44,-30916.3,286.429,workbook,,D3:wor:1-157,2026-01-18
results.zip/day3.xlsx,54,1-159,False,24.7843,34.8097,292.013,,3,3,1-159,-6884.68,-31309.3,292.013,workbook,,D3:wor:1-159,2026-01-18
results.zip/day3.xlsx,55,1-160,False,24.7827,34.8102,294.079,,3,3,1-160,-6834.35,-31488.8,294.079,workbook,,D3:wor:1-160,2026-01-18
results.zip/day3.xlsx,56,1-161,False,24.7808,34.8101,297.305,,3,3,1-161,-6836.33,-31699.9,297.305,workbook,,D3:wor:1-161,2026-01-18
results.zip/day3.xlsx,57,1-162,False,24.779,34.8093,299.601,,3,3,1-162,-6921.08,-31897.7,299.601,workbook,,D3:wor:1-162,2026-01-18
results.zip/day3.xlsx,58,1-163,False,24.7776,34.808,302.084,,3,3,1-163,-7052.05,-32055.5,302.084,workbook,,D3:wor:1-163,2026-01-18
results.zip/day3.xlsx,59,1-164,False,24.7766,34.8066,304.42,,3,3,1-164,-7195.48,-32164.3,304.42,workbook,,D3:wor:1-164,2026-01-18
results.zip/day3.xlsx,60,1-165,False,24.775,34.8051,306.605,,3,3,1-165,-7345.36,-32338.8,306.605,workbook,,D3:wor:1-165,2026-01-18
results.zip/day3.xlsx,61,1-166,False,24.7737,34.8041,308.831,,3,3,1-166,-7443.4,-32486.8,308.831,workbook,,D3:wor:1-166,2026-01-18
results.zip/day3.xlsx,62,1-167,False,24.7723,34.8031,311.388,,3,3,1-167,-7551.15,-32635,311.388,workbook,,D3:wor:1-167,2026-01-18
results.zip/day3.xlsx,63,1-168,False,24.7708,34.8019,314.085,,3,3,1-168,-7674.55,-32799.9,314.085,workbook,,D3:wor:1-168,2026-01-18
results.zip/day3.xlsx,64,1-169,False,24.7687,34.8016,316.958,,3,3,1-169,-7700.12,-33034.2,316.958,workbook,,D3:wor:1-169,2026-01-18
results.zip/day3.xlsx,65,1-170,False,24.7672,34.8014,319.344,,3,3,1-170,-7716.5,-33199.5,319.344,workbook,,D3:wor:1-170,2026-01-18
results.zip/day3.xlsx,66,1-171,False,24.7653,34.8008,321.983,,3,3,1-171,-7778.01,-33415.4,321.983,workbook,,D3:wor:1-171,2026-01-18
results.zip/day3.xlsx,67,1-173,False,24.7624,34.7986,326.949,,3,3,1-173,-8004.37,-33728.6,326.949,workbook,,D3:wor:1-173,2026-01-18
results.zip/day3.xlsx,68,1-174,False,24.7612,34.7974,328.805,,3,3,1-174,-8124.09,-33868,328.805,workbook,,D3:wor:1-174,2026-01-18
results.zip/day3.xlsx,69,1-175,False,24.7597,34.7963,331.677,,3,3,1-175,-8234.41,-34028.4,331.677,workbook,,D3:wor:1-175,2026-01-18
results.zip/day3.xlsx,70,1-176,False,24.759,34.7945,333.785,,3,3,1-176,-8419.45,-34113.7,333.785,workbook,,D3:wor:1-176,2026-01-18
results.zip/day3.xlsx,71,1-177,False,24.7577,34.7932,336.126,,3,3,1-177,-8553.24,-34255.7,336.126,workbook,,D3:wor:1-177,2026-01-18
results.zip/day3.xlsx,72,1-178,False,24.756,34.7922,339.439,,3,3,1-178,-8656.53,-34437.5,339.439,workbook,,D3:wor:1-178,2026-01-18
results.zip/day3.xlsx,73,1-179,False,24.7546,34.7926,340.765,,3,3,1-179,-8612.34,-34595.8,340.765,workbook,,D3:wor:1-179,2026-01-18
results.zip/day3.xlsx,74,1-181,False,24.7531,34.7919,346.672,,3,3,1-181,-8679.25,-34762.1,346.672,workbook,,D3:wor:1-181,2026-01-18
results.zip/day3.xlsx,75,1-182,False,24.7543,34.7904,349.267,,3,3,1-182,-8830.72,-34627.4,349.267,workbook,,D3:wor:1-182,2026-01-18
results.zip/day3.xlsx,76,1-183,False,24.7551,34.7887,351.757,,3,3,1-183,-9005.81,-34540.6,351.757,workbook,,D3:wor:1-183,2026-01-18
results.zip/day3.xlsx,77,1-184,False,24.755,34.7867,354.712,,3,3,1-184,-9211.59,-34549.2,354.712,workbook,,D3:wor:1-184,2026-01-18
results.zip/day3.xlsx,78,1-185,False,24.7553,34.7846,357.418,,3,3,1-185,-9425.69,-34523.9,357.418,workbook,,D3:wor:1-185,2026-01-18
results.zip/day3.xlsx,79,12,False,24.7829,34.8102,293.644,,3,3,12,-6825.66,-31468.3,293.644,workbook,,D3:wor:12,2026-01-18
results.zip/day3.xlsx,80,13,False,24.781,34.8103,296.662,,3,3,13,-6822.48,-31672.3,296.662,workbook,,D3:wor:13,2026-01-18
results.zip/day3.xlsx,81,14,False,24.7792,34.8093,299.164,,3,3,14,-6918.73,-31877.7,299.164,workbook,,D3:wor:14,2026-01-18
results.zip/day3.xlsx,82,15,False,24.7779,34.8084,301.62,,3,3,15,-7014.95,-32020.8,301.62,workbook,,D3:wor:15,2026-01-18
results.zip/day3.xlsx,83,16,False,24.7768,34.8069,303.704,,3,3,16,-7163.8,-32142,303.704,workbook,,D3:wor:16,2026-01-18
results.zip/day3.xlsx,84,17,False,24.7754,34.8054,305.945,,3,3,17,-7313.4,-32290.8,305.945,workbook,,D3:wor:17,2026-01-18
results.zip/day3.xlsx,85,18,False,24.774,34.8045,307.837,,3,3,18,-7402.22,-32454.2,307.837,workbook,,D3:wor:18,2026-01-18
results.zip/day3.xlsx,86,19,False,24.7728,34.8032,310.496,,3,3,19,-7537.99,-32578.6,310.496,workbook,,D3:wor:19,2026-01-18
results.zip/day3.xlsx,87,2,False,24.7918,34.8202,267.704,,3,3,2,-5813.41,-30480.5,267.704,workbook,,D3:wor:2,2026-01-18
results.zip/day3.xlsx,88,20,False,24.7713,34.8023,313.342,,3,3,20,-7634.34,-32747.2,313.342,workbook,,D3:wor:20,2026-01-18
results.zip/day3.xlsx,89,21,False,24.7694,34.8019,316.114,,3,3,21,-7670.03,-32954.4,316.114,workbook,,D3:wor:21,2026-01-18
results.zip/day3.xlsx,90,22,False,24.7676,34.8017,318.709,,3,3,22,-7691.85,-33155.8,318.709,workbook,,D3:wor:22,2026-01-18
results.zip/day3.xlsx,91,3,False,24.7908,34.8187,270.022,,3,3,3,-5969.79,-30594,270.022,workbook,,D3:wor:3,2026-01-18
results.zip/day3.xlsx,92,31,False,24.7606,34.8371,305.602,,3,3,31,-4105.82,-33937.1,305.602,workbook,,D3:wor:31,2026-01-18
results.zip/day3.xlsx,93,32,False,24.7612,34.8352,309.207,,3,3,32,-4306.08,-33873.3,309.207,workbook,,D3:wor:32,2026-01-18
results.zip/day3.xlsx,94,33,False,24.7602,34.8347,312.082,,3,3,33,-4357.38,-33978,312.082,workbook,,D3:wor:33,2026-01-18
results.zip/day3.xlsx,95,34,False,24.7597,34.8336,316.021,,3,3,34,-4462.1,-34029.3,316.021,workbook,,D3:wor:34,2026-01-18
results.zip/day3.xlsx,96,35,False,24.7607,34.8319,319.804,,3,3,35,-4631.9,-33928.3,319.804,workbook,,D3:wor:35,2026-01-18
results.zip/day3.xlsx,97,36,False,24.7597,34.8305,323.325,,3,3,36,-4782.24,-34032.3,323.325,workbook,,D3:wor:36,2026-01-18
results.zip/day3.xlsx,98,37,False,24.7584,34.8292,326.782,,3,3,37,-4907.63,-34177.6,326.782,workbook,,D3:wor:37,2026-01-18
results.zip/day3.xlsx,99,38,False,24.7591,34.8277,329.549,,3,3,38,-5056.78,-34104.3,329.549,workbook,,D3:wor:38,2026-01-18
results.zip/day3.xlsx,100,39,False,24.7606,34.8269,332.862,,3,3,39,-5138.89,-33937.7,332.862,workbook,,D3:wor:39,2026-01-18
results.zip/day3.xlsx,101,4,False,24.7892,34.8178,272.83,,3,3,4,-6062.31,-30767.8,272.83,workbook,,D3:wor:4,2026-01-18
results.zip/day3.xlsx,102,40,False,24.76,34.826,336.717,,3,3,40,-5233.34,-33995.2,336.717,workbook,,D3:wor:40,2026-01-18
results.zip/day3.xlsx,103,41,False,24.7583,34.8255,339.59,,3,3,41,-5279.4,-34193,339.59,workbook,,D3:wor:41,2026-01-18
results.zip/day3.xlsx,104,42,False,24.7566,34.8248,343.187,,3,3,42,-5359.08,-34378,343.187,workbook,,D3:wor:42,2026-01-18
results.zip/day3.xlsx,105,43,False,24.7549,34.8244,345.765,,3,3,43,-5395.62,-34561.4,345.765,workbook,,D3:wor:43,2026-01-18
results.zip/day3.xlsx,106,44,False,24.7533,34.824,348.3,,3,3,44,-5431.36,-34737.5,348.3,workbook,,D3:wor:44,2026-01-18
results.zip/day3.xlsx,107,45,False,24.7515,34.8237,351.44,,3,3,45,-5461.23,-34946.5,351.44,workbook,,D3:wor:45,2026-01-18
results.zip/day3.xlsx,108,46,False,24.7497,34.8236,354.624,,3,3,46,-5472.01,-35143.2,354.624,workbook,,D3:wor:46,2026-01-18
results.zip/day3.xlsx,109,47,False,24.748,34.8234,357.328,,3,3,47,-5499.49,-35331.4,357.328,workbook,,D3:wor:47,2026-01-18
results.zip/day3.xlsx,110,48,False,24.7463,34.8234,360.059,,3,3,48,-5499.45,-35513.6,360.059,workbook,,D3:wor:48,2026-01-18
results.zip/day3.xlsx,111,49,False,24.7446,34.823,364.471,,3,3,49,-5539.64,-35703.5,364.471,workbook,,D3:wor:49,2026-01-18
results.zip/day3.xlsx,112,5,False,24.7876,34.8171,275.01,,3,3,5,-6132.02,-30944.4,275.01,workbook,,D3:wor:5,2026-01-18
results.zip/day3.xlsx,113,50,False,24.7433,34.8223,369.121,,3,3,50,-5612.32,-35848.9,369.121,workbook,,D3:wor:50,2026-01-18
results.zip/day3.xlsx,114,6,False,24.7863,34.8158,278.369,,3,3,6,-6260.88,-31088,278.369,workbook,,D3:wor:6,2026-01-18
results.zip/day3.xlsx,115,7,False,24.7868,34.8139,280.942,,3,3,7,-6455.53,-31027.8,280.942,workbook,,D3:wor:7,2026-01-18
results.zip/day3.xlsx,116,8,False,24.7875,34.8119,283.848,,3,3,8,-6656.61,-30950.3,283.848,workbook,,D3:wor:8,2026-01-18
results.zip/day3.xlsx,117,9,False,24.7878,34.8101,286.635,,3,3,9,-6838.95,-30921.1,286.635,workbook,,D3:wor:9,2026-01-18
results.zip/day3.xlsx,118,Base0,False,25.0668,34.8777,36.538,,3,3,Base0,-8.538,-21.506,36.5376,workbook,hotel_0,D3:wor:Base0,2026-01-18
results.zip/day3.xlsx,119,Base100,False,24.7867,34.9338,111.767,,3,3,Base100,5664.73,-31037.6,111.767,workbook,base_100,D3:wor:Base100,2026-01-18
results.zip/day4.xlsx,3,1-186,False,24.7529,34.7935,344.744,,4,4,1-186,-8516.43,-34783.5,344.744,workbook,,D4:wor:1-186,2026-01-19
results.zip/day4.xlsx,4,1-187,False,24.7516,34.7945,346.691,,4,4,1-187,-8415.37,-34929.5,346.691,workbook,,D4:wor:1-187,2026-01-19
results.zip/day4.xlsx,5,1-188,False,24.7494,34.7947,350.386,,4,4,1-188,-8400.93,-35173.2,350.386,workbook,,D4:wor:1-188,2026-01-19
results.zip/day4.xlsx,6,1-190,False,24.7457,34.7906,358.853,,4,4,1-190,-8812.09,-35588.2,358.853,workbook,,D4:wor:1-190,2026-01-19
results.zip/day4.xlsx,7,1-191,False,24.7442,34.7894,361.58,,4,4,1-191,-8940.09,-35747.2,361.58,workbook,,D4:wor:1-191,2026-01-19
results.zip/day4.xlsx,8,1-192,False,24.743,34.788,364.26,,4,4,1-192,-9081.08,-35885.1,364.26,workbook,,D4:wor:1-192,2026-01-19
results.zip/day4.xlsx,9,1-193,False,24.7407,34.7871,368.201,,4,4,1-193,-9172.12,-36137.2,368.201,workbook,,D4:wor:1-193,2026-01-19
results.zip/day4.xlsx,10,1-195,False,24.736,34.7899,376.848,,4,4,1-195,-8884.62,-36654.4,376.848,workbook,,D4:wor:1-195,2026-01-19
results.zip/day4.xlsx,11,1-196,False,24.7342,34.7903,379.631,,4,4,1-196,-8850.41,-36856,379.631,workbook,,D4:wor:1-196,2026-01-19
results.zip/day4.xlsx,12,1-197,False,24.7325,34.7899,382.2,,4,4,1-197,-8890.4,-37048.5,382.2,workbook,,D4:wor:1-197,2026-01-19
results.zip/day4.xlsx,13,1-198,False,24.7307,34.7894,385.175,,4,4,1-198,-8934.4,-37245.7,385.175,workbook,,D4:wor:1-198,2026-01-19
results.zip/day4.xlsx,14,1-199,False,24.7273,34.7892,390.963,,4,4,1-199,-8953.89,-37617.7,390.963,workbook,,D4:wor:1-199,2026-01-19
results.zip/day4.xlsx,15,1-200,False,24.7256,34.79,394.293,,4,4,1-200,-8881.55,-37810.6,394.293,workbook,,D4:wor:1-200,2026-01-19
results.zip/day4.xlsx,16,1-201,False,24.7236,34.7891,397.303,,4,4,1-201,-8968.39,-38028.3,397.303,workbook,,D4:wor:1-201,2026-01-19
results.zip/day4.xlsx,17,1-203,False,24.7222,34.7835,407.231,,4,4,1-203,-9531.5,-38184.3,407.231,workbook,,D4:wor:1-203,2026-01-19
results.zip/day4.xlsx,18,1-204,False,24.7198,34.7832,413.271,,4,4,1-204,-9569.4,-38447.9,413.271,workbook,,D4:wor:1-204,2026-01-19
results.zip/day4.xlsx,19,1-205,False,24.7181,34.7845,417.084,,4,4,1-205,-9436.78,-38636.9,417.084,workbook,,D4:wor:1-205,2026-01-19
results.zip/day4.xlsx,20,1-206,False,24.7162,34.7843,420.256,,4,4,1-206,-9451.35,-38847.7,420.256,workbook,,D4:wor:1-206,2026-01-19
results.zip/day4.xlsx,21,1-207,False,24.7143,34.7847,424.645,,4,4,1-207,-9418.5,-39062,424.645,workbook,,D4:wor:1-207,2026-01-19
results.zip/day4.xlsx,22,1-208,False,24.7127,34.7859,428.199,,4,4,1-208,-9290.47,-39235.4,428.199,workbook,,D4:wor:1-208,2026-01-19
results.zip/day4.xlsx,23,1-209,False,24.7111,34.7869,431.345,,4,4,1-209,-9186.79,-39416.9,431.345,workbook,,D4:wor:1-209,2026-01-19
results.zip/day4.xlsx,24,1-212,False,24.707,34.7816,444.942,,4,4,1-212,-9732.92,-39864.9,444.942,workbook,,D4:wor:1-212,2026-01-19
results.zip/day4.xlsx,25,1-214,False,24.7069,34.7778,455.481,,4,4,1-214,-10108.1,-39877.6,455.481,workbook,,D4:wor:1-214,2026-01-19
results.zip/day4.xlsx,26,1-215,False,24.7068,34.7759,459.492,,4,4,1-215,-10307.5,-39891.4,459.492,workbook,,D4:wor:1-215,2026-01-19
results.zip/day4.xlsx,27,1-217,False,24.7064,34.7721,466.733,,4,4,1-217,-10685.5,-39936.9,466.733,workbook,,D4:wor:1-217,2026-01-19
results.zip/day4.xlsx,28,1-218,False,24.705,34.7708,470.857,,4,4,1-218,-10819.2,-40093.4,470.857,workbook,,D4:wor:1-218,2026-01-19
results.zip/day4.xlsx,29,1-219,False,24.705,34.7686,476.044,,4,4,1-219,-11046.8,-40089.5,476.044,workbook,,D4:wor:1-219,2026-01-19
results.zip/day4.xlsx,30,1-220,False,24.7055,34.7663,481.537,,4,4,1-220,-11280.1,-40035.2,481.537,workbook,,D4:wor:1-220,2026-01-19
results.zip/day4.xlsx,31,1-222,False,24.7067,34.7619,491.947,,4,4,1-222,-11724.2,-39898.4,491.947,workbook,,D4:wor:1-222,2026-01-19
results.zip/day4.xlsx,32,1-226,False,24.7534,34.7915,346.762,,4,4,1-226,-8718.81,-34731.8,346.762,workbook,,D4:wor:1-226,2026-01-19
results.zip/day4.xlsx,33,1-227,False,24.7548,34.7898,350.454,,4,4,1-227,-8898.43,-34580.2,350.454,workbook,,D4:wor:1-227,2026-01-19
results.zip/day4.xlsx,34,1-229,False,24.7552,34.7857,355.837,,4,4,1-229,-9311.45,-34532.1,355.837,workbook,,D4:wor:1-229,2026-01-19
results.zip/day4.xlsx,35,1-230,False,24.7552,34.7836,357.979,,4,4,1-230,-9521.11,-34530.1,357.979,workbook,,D4:wor:1-230,2026-01-19
results.zip/day4.xlsx,36,1-231,False,24.7554,34.7814,361.285,,4,4,1-231,-9741.11,-34503.9,361.285,workbook,,D4:wor:1-231,2026-01-19
results.zip/day4.xlsx,37,1-232,False,24.7554,34.7791,364.186,,4,4,1-232,-9981.72,-34506,364.186,workbook,,D4:wor:1-232,2026-01-19
results.zip/day4.xlsx,38,1-233,False,24.755,34.7772,366.488,,4,4,1-233,-10173.3,-34550.3,366.488,workbook,,D4:wor:1-233,2026-01-19
results.zip/day4.xlsx,39,1-234,False,24.7543,34.7753,368.922,,4,4,1-234,-10360.7,-34633.2,368.922,workbook,,D4:wor:1-234,2026-01-19
results.zip/day4.xlsx,40,1-236,False,24.7512,34.7723,375.386,,4,4,1-236,-10661.1,-34971.4,375.386,workbook,,D4:wor:1-236,2026-01-19
results.zip/day4.xlsx,41,1-238,False,24.7482,34.7698,380.178,,4,4,1-238,-10916.2,-35299.3,380.178,workbook,,D4:wor:1-238,2026-01-19
results.zip/day4.xlsx,42,2026-01-04,True,24.7982,34.8361,248.205,,4,4,4-1,-4205.1,-29773.3,248.205,workbook,,D4:wor:2026-01-04,2026-01-19
results.zip/day4.xlsx,43,2026-02-04,True,24.7989,34.8344,252.24,,4,4,4-2,-4386.74,-29696.1,252.24,workbook,,D4:wor:2026-02-04,2026-01-19
results.zip/day4.xlsx,44,Base0,False,25.0668,34.8777,36.512,,4,4,Base0,-8.537,-21.52,36.5118,workbook,hotel_0,D4:wor:Base0,2026-01-19
results.zip/day4.xlsx,45,Base100,False,24.7867,34.9338,111.568,,4,4,Base100,5664.82,-31037.7,111.568,workbook,base_100,D4:wor:Base100,2026-01-19
results.zip/day4.xlsx,46,L7-1,False,24.8129,34.8469,224.11,,4,4,L7-1,-3121.26,-28145.5,224.11,workbook,,D4:wor:L7-1,2026-01-19
results.zip/day4.xlsx,47,L7-11,False,24.8228,34.835,269.874,,4,4,L7-11,-4324.17,-27042.1,269.874,workbook,,D4:wor:L7-11,2026-01-19
results.zip/day4.xlsx,48,L7-13,False,24.824,34.8314,279.677,,4,4,L7-13,-4682.78,-26912.1,279.677,workbook,,D4:wor:L7-13,2026-01-19
results.zip/day4.xlsx,49,L7-14,False,24.8255,34.8307,283.361,,4,4,L7-14,-4756.41,-26743.8,283.361,workbook,,D4:wor:L7-14,2026-01-19
results.zip/day4.xlsx,50,L7-15,False,24.8264,34.829,288.658,,4,4,L7-15,-4931.62,-26646.8,288.658,workbook,,D4:wor:L7-15,2026-01-19
results.zip/day4.xlsx,51,L7-16,False,24.8268,34.8275,292.699,,4,4,L7-16,-5081.44,-26602.5,292.699,workbook,,D4:wor:L7-16,2026-01-19
results.zip/day4.xlsx,52,L7-2,False,24.8138,34.846,229.005,,4,4,L7-2,-3213.48,-28037.2,229.005,workbook,,D4:wor:L7-2,2026-01-19
results.zip/day4.xlsx,53,L7-4,False,24.8155,34.8441,238.588,,4,4,L7-4,-3398.75,-27858.6,238.588,workbook,,D4:wor:L7-4,2026-01-19
results.zip/day4.xlsx,54,L7-5,False,24.8168,34.8426,244.298,,4,4,L7-5,-3551.41,-27710.7,244.298,workbook,,D4:wor:L7-5,2026-01-19
results.zip/day4.xlsx,55,L7-6,False,24.8168,34.8405,247.974,,4,4,L7-6,-3767.33,-27704.3,247.974,workbook,,D4:wor:L7-6,2026-01-19
results.zip/day4.xlsx,56,L7-8,False,24.8193,34.8397,256.909,,4,4,L7-8,-3849.94,-27437.6,256.909,workbook,,D4:wor:L7-8,2026-01-19
results.zip/day4.xlsx,57,L7-9,False,24.8207,34.8383,261.808,,4,4,L7-9,-3982.14,-27282.6,261.808,workbook,,D4:wor:L7-9,2026-01-19
results.zip/day4.xlsx,58,L8-1,False,24.8216,34.8293,286.392,,4,4,L8-1,-4897.95,-27181.8,286.392,workbook,,D4:wor:L8-1,2026-01-19
results.zip/day4.xlsx,59,L8-2,False,24.8226,34.8297,283.552,,4,4,L8-2,-4855.82,-27062.9,283.552,workbook,,D4:wor:L8-2,2026-01-19
results.zip/day4.xlsx,60,L8-3,False,24.8227,34.8318,277.676,,4,4,L8-3,-4640.07,-27056.5,277.676,workbook,,D4:wor:L8-3,2026-01-19
results.zip/day4.xlsx,61,L8-4,False,24.8232,34.8336,273.282,,4,4,L8-4,-4459.26,-27003.9,273.282,workbook,,D4:wor:L8-4,2026-01-19
results.zip/day5.xlsx,3,1-239,False,24.7479,34.7671,383.861,,5,5,1-239,-11189.1,-35334.7,383.861,workbook,,D5:wor:1-239,2026-01-20
results.zip/day5.xlsx,4,1-240,False,24.7479,34.7646,388.552,,5,5,1-240,-11443.5,-35341.8,388.552,workbook,,D5:wor:1-240,2026-01-20
results.zip/day5.xlsx,5,1-241,False,24.7492,34.7625,393.271,,5,5,1-241,-11655.3,-35197.5,393.271,workbook,,D5:wor:1-241,2026-01-20
results.zip/day5.xlsx,6,1-242,False,24.7504,34.7601,398.733,,5,5,1-242,-11896.2,-35062.8,398.733,workbook,,D5:wor:1-242,2026-01-20
results.zip/day5.xlsx,7,1-243,False,24.7518,34.7581,403.54,,5,5,1-243,-12101,-34907.2,403.54,workbook,,D5:wor:1-243,2026-01-20
results.zip/day5.xlsx,8,1-244,False,24.7524,34.7549,411.637,,5,5,1-244,-12428.8,-34840.6,411.637,workbook,,D5:wor:1-244,2026-01-20
results.zip/day5.xlsx,9,1-245,False,24.7537,34.7539,415.676,,5,5,1-245,-12529,-34698.9,415.676,workbook,,D5:wor:1-245,2026-01-20
results.zip/day5.xlsx,10,1-246,False,24.747,34.7668,384.427,,5,5,1-246,-11221.2,-35438.4,384.427,workbook,,D5:wor:1-246,2026-01-20
results.zip/day5.xlsx,11,1-247,False,24.7458,34.7649,387.375,,5,5,1-247,-11415.1,-35566.4,387.375,workbook,,D5:wor:1-247,2026-01-20
results.zip/day5.xlsx,12,1-248,False,24.7449,34.7632,389.343,,5,5,1-248,-11591.2,-35668.3,389.343,workbook,,D5:wor:1-248,2026-01-20
results.zip/day5.xlsx,13,1-249,False,24.744,34.7613,392.586,,5,5,1-249,-11782.1,-35765.7,392.586,workbook,,D5:wor:1-249,2026-01-20
results.zip/day5.xlsx,14,1-250,False,24.7436,34.7595,394.79,,5,5,1-250,-11957.6,-35811.1,394.79,workbook,,D5:wor:1-250,2026-01-20
results.zip/day5.xlsx,15,1-251,False,24.7435,34.7575,397.787,,5,5,1-251,-12162.1,-35820.2,397.787,workbook,,D5:wor:1-251,2026-01-20
results.zip/day5.xlsx,16,1-252,False,24.7443,34.7554,400.563,,5,5,1-252,-12373.5,-35733,400.563,workbook,,D5:wor:1-252,2026-01-20
results.zip/day5.xlsx,17,1-253,False,24.7444,34.7533,403.567,,5,5,1-253,-12592.8,-35726.7,403.567,workbook,,D5:wor:1-253,2026-01-20
results.zip/day5.xlsx,18,1-254,False,24.7448,34.7512,406.369,,5,5,1-254,-12798.1,-35676.5,406.369,workbook,,D5:wor:1-254,2026-01-20
results.zip/day5.xlsx,19,1-255,False,24.7449,34.7499,407.851,,5,5,1-255,-12927.8,-35671.1,407.851,workbook,,D5:wor:1-255,2026-01-20
results.zip/day5.xlsx,20,1-256,False,24.7468,34.7495,407.699,,5,5,1-256,-12970.4,-35461.5,407.699,workbook,,D5:wor:1-256,2026-01-20
results.zip/day5.xlsx,21,1-257,False,24.7476,34.7481,409.529,,5,5,1-257,-13111.5,-35364,409.529,workbook,,D5:wor:1-257,2026-01-20
results.zip/day5.xlsx,22,1-258,False,24.7465,34.7469,410.931,,5,5,1-258,-13231.5,-35495.8,410.931,workbook,,D5:wor:1-258,2026-01-20
results.zip/day5.xlsx,23,1-259,False,24.7458,34.7478,410.107,,5,5,1-259,-13143.2,-35566.1,410.107,workbook,,D5:wor:1-259,2026-01-20
results.zip/day5.xlsx,24,1-260,False,24.7446,34.7482,410.491,,5,5,1-260,-13104.2,-35704.7,410.491,workbook,,D5:wor:1-260,2026-01-20
results.zip/day5.xlsx,25,1-261,False,24.7429,34.7465,414.002,,5,5,1-261,-13273.1,-35890.3,414.002,workbook,,D5:wor:1-261,2026-01-20
results.zip/day5.xlsx,26,1-262,False,24.7423,34.7473,414.658,,5,5,1-262,-13193.8,-35959.2,414.658,workbook,,D5:wor:1-262,2026-01-20
results.zip/day5.xlsx,27,1-263,False,24.742,34.7451,416.519,,5,5,1-263,-13417.9,-35994.4,416.519,workbook,,D5:wor:1-263,2026-01-20
results.zip/day5.xlsx,28,1-264,False,24.7411,34.7458,417.546,,5,5,1-264,-13344.1,-36087.9,417.546,workbook,,D5:wor:1-264,2026-01-20
results.zip/day5.xlsx,29,1-265,False,24.74,34.7429,421.212,,5,5,1-265,-13639.6,-36206,421.212,workbook,,D5:wor:1-265,2026-01-20
results.zip/day5.xlsx,30,1-266,False,24.7395,34.7437,420.95,,5,5,1-266,-13559.6,-36261.1,420.95,workbook,,D5:wor:1-266,2026-01-20
results.zip/day5.xlsx,31,1-267,False,24.7375,34.7431,425.142,,5,5,1-267,-13623.4,-36488.4,425.142,workbook,,D5:wor:1-267,2026-01-20
results.zip/day5.xlsx,32,1-268,False,24.7385,34.7414,425.293,,5,5,1-268,-13789.8,-36380,425.293,workbook,,D5:wor:1-268,2026-01-20
results.zip/day5.xlsx,33,1-269,False,24.7392,34.7399,428.384,,5,5,1-269,-13948.7,-36300.4,428.384,workbook,,D5:wor:1-269,2026-01-20
results.zip/day5.xlsx,34,1-270,False,24.7409,34.7392,433.28,,5,5,1-270,-14017,-36110,433.28,workbook,,D5:wor:1-270,2026-01-20
results.zip/day5.xlsx,35,1-271,False,24.7417,34.738,437.818,,5,5,1-271,-14138.2,-36025.6,437.818,workbook,,D5:wor:1-271,2026-01-20
results.zip/day5.xlsx,36,1-272,False,24.7415,34.7369,441.393,,5,5,1-272,-14243.4,-36045,441.393,workbook,,D5:wor:1-272,2026-01-20
results.zip/day5.xlsx,37,1-273,False,24.7402,34.7367,439.947,,5,5,1-273,-14265.7,-36191.3,439.947,workbook,,D5:wor:1-273,2026-01-20
results.zip/day5.xlsx,38,1-274,False,24.7393,34.7363,436.814,,5,5,1-274,-14303.9,-36290.7,436.814,workbook,,D5:wor:1-274,2026-01-20
results.zip/day5.xlsx,39,1-275,False,24.738,34.7354,438.61,,5,5,1-275,-14402.6,-36429.4,438.61,workbook,,D5:wor:1-275,2026-01-20
results.zip/day5.xlsx,40,1-276,False,24.7372,34.7351,440.131,,5,5,1-276,-14427.7,-36521.5,440.131,workbook,,D5:wor:1-276,2026-01-20
results.zip/day5.xlsx,41,1-277,False,24.7356,34.7348,440.02,,5,5,1-277,-14459.8,-36692.7,440.02,workbook,,D5:wor:1-277,2026-01-20
results.zip/day5.xlsx,42,1-278,False,24.7344,34.7348,443.572,,5,5,1-278,-14462.9,-36833.6,443.572,workbook,,D5:wor:1-278,2026-01-20
results.zip/day5.xlsx,43,1-279,False,24.7336,34.7348,443.674,,5,5,1-279,-14459.4,-36917,443.674,workbook,,D5:wor:1-279,2026-01-20
results.zip/day5.xlsx,44,1-280,False,24.7325,34.7359,445.29,,5,5,1-280,-14352.3,-37045.4,445.29,workbook,,D5:wor:1-280,2026-01-20
results.zip/day5.xlsx,45,1-281,False,24.7312,34.7365,442.655,,5,5,1-281,-14284.8,-37187.4,442.655,workbook,,D5:wor:1-281,2026-01-20
results.zip/day5.xlsx,46,1-282,False,24.7314,34.7382,438.734,,5,5,1-282,-14120.7,-37162,438.734,workbook,,D5:wor:1-282,2026-01-20
results.zip/day5.xlsx,47,1-283,False,24.7325,34.7397,434.814,,5,5,1-283,-13960.7,-37046.2,434.814,workbook,,D5:wor:1-283,2026-01-20
results.zip/day5.xlsx,48,1-284,False,24.7323,34.7408,435.428,,5,5,1-284,-13848.7,-37065.2,435.428,workbook,,D5:wor:1-284,2026-01-20
results.zip/day5.xlsx,49,1-285,False,24.731,34.7412,437.966,,5,5,1-285,-13817.3,-37207,437.966,workbook,,D5:wor:1-285,2026-01-20
results.zip/day5.xlsx,50,1-286,False,24.7298,34.7412,440.545,,5,5,1-286,-13809.8,-37338.3,440.545,workbook,,D5:wor:1-286,2026-01-20
results.zip/day5.xlsx,51,1-287,False,24.7291,34.7422,441.003,,5,5,1-287,-13712.4,-37420.8,441.003,workbook,,D5:wor:1-287,2026-01-20
results.zip/day5.xlsx,52,1-288,False,24.7297,34.7431,439.627,,5,5,1-288,-13618.4,-37354.6,439.627,workbook,,D5:wor:1-288,2026-01-20
results.zip/day5.xlsx,53,1-289,False,24.7311,34.7434,436.991,,5,5,1-289,-13586.9,-37194,436.991,workbook,,D5:wor:1-289,2026-01-20
results.zip/day5.xlsx,54,1-290,False,24.7327,34.744,433.723,,5,5,1-290,-13525.6,-37014.2,433.723,workbook,,D5:wor:1-290,2026-01-20
results.zip/day5.xlsx,55,1-292,False,24.7327,34.7445,433.285,,5,5,1-292,-13478.5,-37022.8,433.285,workbook,,D5:wor:1-292,2026-01-20
results.zip/day5.xlsx,56,1-293,False,24.7268,34.7427,446.006,,5,5,1-293,-13663.2,-37669.6,446.006,workbook,,D5:wor:1-293,2026-01-20
results.zip/day5.xlsx,57,1-294,False,24.7242,34.7416,450.49,,5,5,1-294,-13772.2,-37964.6,450.49,workbook,,D5:wor:1-294,2026-01-20
results.zip/day5.xlsx,58,1-295,False,24.7226,34.74,454.415,,5,5,1-295,-13940,-38137.1,454.415,workbook,,D5:wor:1-295,2026-01-20
results.zip/day5.xlsx,59,1-296,False,24.7214,34.7374,458.894,,5,5,1-296,-14196.8,-38273.8,458.894,workbook,,D5:wor:1-296,2026-01-20
results.zip/day5.xlsx,60,1-297,False,24.7191,34.7365,463.129,,5,5,1-297,-14289.4,-38520.7,463.129,workbook,,D5:wor:1-297,2026-01-20
results.zip/day5.xlsx,61,1-298,False,24.717,34.7357,467.048,,5,5,1-298,-14366.4,-38762,467.048,workbook,,D5:wor:1-298,2026-01-20
results.zip/day5.xlsx,62,1-299,False,24.7138,34.7361,472.284,,5,5,1-299,-14330.3,-39108.3,472.284,workbook,,D5:wor:1-299,2026-01-20
results.zip/day5.xlsx,63,1-300,False,24.713,34.7358,473.147,,5,5,1-300,-14364.9,-39197.1,473.147,workbook,,D5:wor:1-300,2026-01-20
results.zip/day5.xlsx,64,1-301,False,24.7438,34.7585,396.852,,5,5,1-301,-12060,-35788.7,396.852,workbook,,D5:wor:1-301,2026-01-20
results.zip/day5.xlsx,65,1-302,False,24.7412,34.7593,399.289,,5,5,1-302,-11981.9,-36076.8,399.289,workbook,,D5:wor:1-302,2026-01-20
results.zip/day5.xlsx,66,1-303,False,24.7389,34.7595,403.983,,5,5,1-303,-11956.4,-36328.3,403.983,workbook,,D5:wor:1-303,2026-01-20
results.zip/day5.xlsx,67,1-304,False,24.7366,34.7594,407.994,,5,5,1-304,-11971.2,-36592,407.994,workbook,,D5:wor:1-304,2026-01-20
results.zip/day5.xlsx,68,1-305,False,24.7346,34.7612,412.808,,5,5,1-305,-11787.2,-36815.2,412.808,workbook,,D5:wor:1-305,2026-01-20
results.zip/day5.xlsx,69,1-306,False,24.7322,34.7619,416.6,,5,5,1-306,-11714.6,-37072.4,416.6,workbook,,D5:wor:1-306,2026-01-20
results.zip/day5.xlsx,70,1-307,False,24.73,34.7625,421.365,,5,5,1-307,-11661.1,-37315.6,421.365,workbook,,D5:wor:1-307,2026-01-20
results.zip/day5.xlsx,71,1-308,False,24.7278,34.7631,425.767,,5,5,1-308,-11594,-37559.2,425.767,workbook,,D5:wor:1-308,2026-01-20
results.zip/day5.xlsx,72,1-309,False,24.7258,34.7645,430.271,,5,5,1-309,-11454,-37787.5,430.271,workbook,,D5:wor:1-309,2026-01-20
results.zip/day5.xlsx,73,1-310,False,24.724,34.7658,434.273,,5,5,1-310,-11329.8,-37984.3,434.273,workbook,,D5:wor:1-310,2026-01-20
results.zip/day5.xlsx,74,1-311,False,24.7213,34.7657,440.031,,5,5,1-311,-11337.6,-38284.9,440.031,workbook,,D5:wor:1-311,2026-01-20
results.zip/day5.xlsx,75,1-312,False,24.719,34.7666,444.779,,5,5,1-312,-11242.1,-38536.6,444.779,workbook,,D5:wor:1-312,2026-01-20
results.zip/day5.xlsx,76,1-313,False,24.7173,34.7683,450.147,,5,5,1-313,-11074.3,-38732.4,450.147,workbook,,D5:wor:1-313,2026-01-20
results.zip/day5.xlsx,77,1-314,False,24.7163,34.7707,455.338,,5,5,1-314,-10831.5,-38835.1,455.338,workbook,,D5:wor:1-314,2026-01-20
results.zip/day5.xlsx,78,1-315,False,24.7149,34.7726,461.311,,5,5,1-315,-10641.4,-38991.6,461.311,workbook,,D5:wor:1-315,2026-01-20
results.zip/day5.xlsx,79,1-316,False,24.7135,34.7748,474.581,,5,5,1-316,-10412.7,-39144.9,474.581,workbook,,D5:wor:1-316,2026-01-20
results.zip/day5.xlsx,80,1-317,False,24.7132,34.7767,465.555,,5,5,1-317,-10226.4,-39186.4,465.555,workbook,,D5:wor:1-317,2026-01-20
results.zip/day5.xlsx,81,1-318,False,24.7113,34.7783,458.865,,5,5,1-318,-10062.2,-39391.1,458.865,workbook,,D5:wor:1-318,2026-01-20
results.zip/day5.xlsx,82,1-319,False,24.71,34.7798,452.371,,5,5,1-319,-9906.17,-39536.1,452.371,workbook,,D5:wor:1-319,2026-01-20
results.zip/day5.xlsx,83,1-320,False,24.7087,34.7814,445.592,,5,5,1-320,-9744.48,-39681.7,445.592,workbook,,D5:wor:1-320,2026-01-20
results.zip/day5.xlsx,84,1-321,False,24.7083,34.7839,439.461,,5,5,1-321,-9492,-39726.1,439.461,workbook,,D5:wor:1-321,2026-01-20
results.zip/day5.xlsx,85,Base0,False,25.0668,34.8777,36.494,,5,5,Base0,-8.544,-21.523,36.4943,workbook,hotel_0,D5:wor:Base0,2026-01-20
results.zip/day5.xlsx,86,Base100,False,24.7867,34.9338,111.754,,5,5,Base100,5664.74,-31037.7,111.754,workbook,base_100,D5:wor:Base100,2026-01-20
results.zip/day5.xlsx,87,L6-10,False,24.8016,34.8286,269.835,,5,5,L6-10,-4968.27,-29390.4,269.835,workbook,,D5:wor:L6-10,2026-01-20
results.zip/day5.xlsx,88,L6-11,False,24.8023,34.828,272.402,,5,5,L6-11,-5027.69,-29319.1,272.402,workbook,,D5:wor:L6-11,2026-01-20
results.zip/day5.xlsx,89,L6-12,False,24.8031,34.8277,273.781,,5,5,L6-12,-5061.83,-29231.5,273.781,workbook,,D5:wor:L6-12,2026-01-20
results.zip/day5.xlsx,90,L6-13,False,24.8037,34.827,276.071,,5,5,L6-13,-5126.87,-29155,276.071,workbook,,D5:wor:L6-13,2026-01-20
results.zip/day5.xlsx,91,L6-14,False,24.8044,34.8267,277.618,,5,5,L6-14,-5162.61,-29084.7,277.618,workbook,,D5:wor:L6-14,2026-01-20
results.zip/day5.xlsx,92,L6-15,False,24.8049,34.8262,278.862,,5,5,L6-15,-5211.03,-29032.7,278.862,workbook,,D5:wor:L6-15,2026-01-20
results.zip/day5.xlsx,93,L6-3,False,24.7982,34.8325,256.555,,5,5,L6-3,-4569.71,-29768.7,256.555,workbook,,D5:wor:L6-3,2026-01-20
results.zip/day5.xlsx,94,L6-4,False,24.7982,34.8307,259.545,,5,5,L6-4,-4752.79,-29769.2,259.545,workbook,,D5:wor:L6-4,2026-01-20
results.zip/day5.xlsx,95,L6-5,False,24.7985,34.83,262.043,,5,5,L6-5,-4827.73,-29735.5,262.043,workbook,,D5:wor:L6-5,2026-01-20
results.zip/day5.xlsx,96,L6-6,False,24.7991,34.8299,263.399,,5,5,L6-6,-4836.86,-29668.6,263.399,workbook,,D5:wor:L6-6,2026-01-20
results.zip/day5.xlsx,97,L6-7,False,24.7999,34.8301,264.359,,5,5,L6-7,-4818.02,-29583.6,264.359,workbook,,D5:wor:L6-7,2026-01-20
results.zip/day5.xlsx,98,L6-8,False,24.8008,34.83,267.18,,5,5,L6-8,-4828.77,-29481.5,267.18,workbook,,D5:wor:L6-8,2026-01-20
results.zip/day5.xlsx,99,L6-9,False,24.8012,34.8293,268.878,,5,5,L6-9,-4899.64,-29435.6,268.878,workbook,,D5:wor:L6-9,2026-01-20
results.zip/day5.xlsx,100,L9-1,False,24.8094,34.8452,228.739,,5,5,L9-1,-3287.39,-28528.2,228.739,workbook,,D5:wor:L9-1,2026-01-20
results.zip/day5.xlsx,101,L9-10,False,24.8118,34.8347,271.155,,5,5,L9-10,-4354.52,-28258.8,271.155,workbook,,D5:wor:L9-10,2026-01-20
results.zip/day5.xlsx,102,L9-11,False,24.8126,34.8341,283.25,,5,5,L9-11,-4416.34,-28169.9,283.25,workbook,,D5:wor:L9-11,2026-01-20
results.zip/day5.xlsx,103,L9-12,False,24.8133,34.8333,288.043,,5,5,L9-12,-4491.72,-28098.5,288.043,workbook,,D5:wor:L9-12,2026-01-20
results.zip/day5.xlsx,104,L9-13,False,24.8133,34.8321,280.076,,5,5,L9-13,-4613.97,-28096.1,280.076,workbook,,D5:wor:L9-13,2026-01-20
results.zip/day5.xlsx,105,L9-14,False,24.8139,34.8314,282.931,,5,5,L9-14,-4689.64,-28028.4,282.931,workbook,,D5:wor:L9-14,2026-01-20
results.zip/day5.xlsx,106,L9-15,False,24.8149,34.8303,290.946,,5,5,L9-15,-4797.13,-27918.9,290.946,workbook,,D5:wor:L9-15,2026-01-20
results.zip/day5.xlsx,107,L9-16,False,24.8155,34.8299,302.461,,5,5,L9-16,-4838.89,-27854.3,302.461,workbook,,D5:wor:L9-16,2026-01-20
results.zip/day5.xlsx,108,L9-17,False,24.8161,34.8293,323.965,,5,5,L9-17,-4895.55,-27783,323.965,workbook,,D5:wor:L9-17,2026-01-20
results.zip/day5.xlsx,109,L9-18,False,24.8169,34.829,307.485,,5,5,L9-18,-4931.59,-27696.7,307.485,workbook,,D5:wor:L9-18,2026-01-20
results.zip/day5.xlsx,110,L9-19,False,24.8176,34.8281,311.215,,5,5,L9-19,-5019.5,-27620.9,311.215,workbook,,D5:wor:L9-19,2026-01-20
results.zip/day5.xlsx,111,L9-2,False,24.8095,34.8436,234.868,,5,5,L9-2,-3451.7,-28520.8,234.868,workbook,,D5:wor:L9-2,2026-01-20
results.zip/day5.xlsx,112,L9-20,False,24.8182,34.8274,320.82,,5,5,L9-20,-5087.55,-27550.4,320.82,workbook,,D5:wor:L9-20,2026-01-20
results.zip/day5.xlsx,113,L9-21,False,24.8189,34.8271,308.169,,5,5,L9-21,-5122.15,-27478.9,308.169,workbook,,D5:wor:L9-21,2026-01-20
results.zip/day5.xlsx,114,L9-22,False,24.819,34.8266,316.05,,5,5,L9-22,-5172.38,-27469,316.05,workbook,,D5:wor:L9-22,2026-01-20
results.zip/day5.xlsx,115,L9-23,False,24.8194,34.8259,311.707,,5,5,L9-23,-5238.09,-27422.3,311.707,workbook,,D5:wor:L9-23,2026-01-20
results.zip/day5.xlsx,116,L9-24,False,24.8198,34.8249,330.348,,5,5,L9-24,-5342.32,-27375.7,330.348,workbook,,D5:wor:L9-24,2026-01-20
results.zip/day5.xlsx,117,L9-25,False,24.8204,34.8239,321.896,,5,5,L9-25,-5441.32,-27313.4,321.896,workbook,,D5:wor:L9-25,2026-01-20
results.zip/day5.xlsx,118,L9-3,False,24.8078,34.8431,239.996,,5,5,L9-3,-3497.89,-28710.9,239.996,workbook,,D5:wor:L9-3,2026-01-20
results.zip/day5.xlsx,119,L9-4,False,24.8083,34.8414,244.804,,5,5,L9-4,-3675.6,-28649.6,244.804,workbook,,D5:wor:L9-4,2026-01-20
results.zip/day5.xlsx,120,L9-5,False,24.8088,34.8397,249.985,,5,5,L9-5,-3848.1,-28595.8,249.985,workbook,,D5:wor:L9-5,2026-01-20
results.zip/day5.xlsx,121,L9-6,False,24.8092,34.8383,255.082,,5,5,L9-6,-3988.32,-28547.2,255.082,workbook,,D5:wor:L9-6,2026-01-20
results.zip/day5.xlsx,122,L9-7,False,24.81,34.8374,258.934,,5,5,L9-7,-4074.01,-28459.4,258.934,workbook,,D5:wor:L9-7,2026-01-20
results.zip/day5.xlsx,123,L9-8,False,24.8106,34.8365,261.49,,5,5,L9-8,-4168.2,-28394.9,261.49,workbook,,D5:wor:L9-8,2026-01-20
results.zip/day5.xlsx,124,L9-9,False,24.8113,34.8354,265.372,,5,5,L9-9,-4278.65,-28315.8,265.372,workbook,,D5:wor:L9-9,2026-01-20
results.zip/day6.xlsx,3,1-335,False,24.7078,34.7842,439.6,,6,6,1-335,-9465.63,-39775.8,439.6,workbook,,D6:wor:1-335,2026-01-21
results.zip/day6.xlsx,4,1-336,False,24.7071,34.7818,444.501,,6,6,1-336,-9705.98,-39859.1,444.501,workbook,,D6:wor:1-336,2026-01-21
results.zip/day6.xlsx,5,1-337,False,24.7071,34.7715,469.576,,6,6,1-337,-10753.6,-39861,469.576,workbook,,D6:wor:1-337,2026-01-21
results.zip/day6.xlsx,6,1-338,False,24.7083,34.7708,475.738,,6,6,1-338,-10820.4,-39722.2,475.738,workbook,,D6:wor:1-338,2026-01-21
results.zip/day6.xlsx,7,1-339,False,24.7095,34.7707,481.651,,6,6,1-339,-10835.2,-39592.1,481.651,workbook,,D6:wor:1-339,2026-01-21
results.zip/day6.xlsx,8,1-340,False,24.7105,34.7704,490.258,,6,6,1-340,-10860,-39477.1,490.258,workbook,,D6:wor:1-340,2026-01-21
results.zip/day6.xlsx,9,1-342,False,24.7092,34.7655,496.066,,6,6,1-342,-11361.4,-39619.8,496.066,workbook,,D6:wor:1-342,2026-01-21
results.zip/day6.xlsx,10,1-343,False,24.7102,34.765,501.582,,6,6,1-343,-11410.9,-39514.8,501.582,workbook,,D6:wor:1-343,2026-01-21
results.zip/day6.xlsx,11,1-344,False,24.7068,34.7635,488.792,,6,6,1-344,-11554.8,-39892.5,488.792,workbook,,D6:wor:1-344,2026-01-21
results.zip/day6.xlsx,12,1-345,False,24.7074,34.7633,491.562,,6,6,1-345,-11582.2,-39819.6,491.562,workbook,,D6:wor:1-345,2026-01-21
results.zip/day6.xlsx,13,1-346,False,24.7081,34.7634,495.5,,6,6,1-346,-11570,-39747.2,495.5,workbook,,D6:wor:1-346,2026-01-21
results.zip/day6.xlsx,14,1-347,False,24.7081,34.7828,445.056,,6,6,1-347,-9609.21,-39751.4,445.056,workbook,,D6:wor:1-347,2026-01-21
results.zip/day6.xlsx,15,1-348,False,24.7133,34.7851,426.559,,6,6,1-348,-9370.12,-39175.1,426.559,workbook,,D6:wor:1-348,2026-01-21
results.zip/day6.xlsx,16,1-353,False,24.7167,34.7815,421,,6,6,1-353,-9732.79,-38797.7,421,workbook,,D6:wor:1-353,2026-01-21
results.zip/day6.xlsx,17,1-354,False,24.7169,34.7805,423.358,,6,6,1-354,-9836.05,-38777.9,423.358,workbook,,D6:wor:1-354,2026-01-21
results.zip/day6.xlsx,18,1-355,False,24.717,34.7794,426.048,,6,6,1-355,-9948.15,-38756.1,426.048,workbook,,D6:wor:1-355,2026-01-21
results.zip/day6.xlsx,19,1-356,False,24.7173,34.7782,429.684,,6,6,1-356,-10074,-38728.2,429.684,workbook,,D6:wor:1-356,2026-01-21
results.zip/day6.xlsx,20,1-357,False,24.7176,34.7775,433.282,,6,6,1-357,-10146.2,-38689.8,433.282,workbook,,D6:wor:1-357,2026-01-21
results.zip/day6.xlsx,21,Base 100,False,24.7867,34.9338,111.503,,6,6,Base 100,5664.45,-31037.6,111.503,workbook,base_100,D6:wor:Base 100,2026-01-21
results.zip/day6.xlsx,22,BASE 21-01-2026,False,25.0668,34.8777,36.567,,6,6,BASE 21-01-2026,-8.569,-21.485,36.5672,workbook,hotel_0,D6:wor:BASE 21-01-2026,2026-01-21
results.zip/day6.xlsx,23,L10-1,False,24.8007,34.9595,65.418,,6,6,L10-1,8268.84,-29495.2,65.4185,workbook,,D6:wor:L10-1,2026-01-21
results.zip/day6.xlsx,24,L10-10,False,24.786,34.9668,105.694,,6,6,L10-10,9005.43,-31119.1,105.694,workbook,,D6:wor:L10-10,2026-01-21
results.zip/day6.xlsx,25,L10-11,False,24.7845,34.9677,109.743,,6,6,L10-11,9100.72,-31289,109.743,workbook,,D6:wor:L10-11,2026-01-21
results.zip/day6.xlsx,26,L10-2,False,24.799,34.9605,69.628,,6,6,L10-2,8372.17,-29676.8,69.6284,workbook,,D6:wor:L10-2,2026-01-21
results.zip/day6.xlsx,27,L10-3,False,24.7973,34.9612,73.72,,6,6,L10-3,8435.15,-29868.7,73.7197,workbook,,D6:wor:L10-3,2026-01-21
results.zip/day6.xlsx,28,L10-4,False,24.7956,34.9617,78.577,,6,6,L10-4,8491.85,-30053.5,78.5767,workbook,,D6:wor:L10-4,2026-01-21
results.zip/day6.xlsx,29,L10-5,False,24.7938,34.9621,82.774,,6,6,L10-5,8534.1,-30249.7,82.7742,workbook,,D6:wor:L10-5,2026-01-21
results.zip/day6.xlsx,30,L10-6,False,24.7923,34.963,87.02,,6,6,L10-6,8621.79,-30418.1,87.0205,workbook,,D6:wor:L10-6,2026-01-21
results.zip/day6.xlsx,31,L10-7,False,24.7907,34.9639,91.985,,6,6,L10-7,8716.41,-30595.5,91.9853,workbook,,D6:wor:L10-7,2026-01-21
results.zip/day6.xlsx,32,L10-8,False,24.7892,34.965,96.284,,6,6,L10-8,8828.14,-30766.3,96.2842,workbook,,D6:wor:L10-8,2026-01-21
results.zip/day6.xlsx,33,L10-9,False,24.7876,34.9659,101.369,,6,6,L10-9,8919.49,-30941.2,101.369,workbook,,D6:wor:L10-9,2026-01-21
results.zip/day6.xlsx,34,L6-16,False,24.8051,34.8254,280.116,,6,6,L6-16,-5295.58,-29001.1,280.116,workbook,,D6:wor:L6-16,2026-01-21
results.zip/day6.xlsx,35,L6-17,False,24.8055,34.8245,282.428,,6,6,L6-17,-5379.23,-28961.4,282.428,workbook,,D6:wor:L6-17,2026-01-21
results.zip/day6.xlsx,36,L6-18,False,24.8057,34.8237,284.334,,6,6,L6-18,-5466.91,-28941.2,284.334,workbook,,D6:wor:L6-18,2026-01-21
results.zip/day6.xlsx,37,L6-19,False,24.8059,34.8228,285.768,,6,6,L6-19,-5551.98,-28911.6,285.768,workbook,,D6:wor:L6-19,2026-01-21
results.zip/day6.xlsx,38,L6-20,False,24.8065,34.8222,288.073,,6,6,L6-20,-5611.37,-28844.3,288.073,workbook,,D6:wor:L6-20,2026-01-21
results.zip/day6.xlsx,39,L6-21,False,24.8073,34.8218,289.724,,6,6,L6-21,-5651.07,-28757.6,289.724,workbook,,D6:wor:L6-21,2026-01-21
results.zip/day6.xlsx,40,L6-22,False,24.808,34.8215,291.745,,6,6,L6-22,-5684.01,-28678.9,291.745,workbook,,D6:wor:L6-22,2026-01-21
results.zip/day6.xlsx,41,L6-23,False,24.8087,34.8208,293.753,,6,6,L6-23,-5752.06,-28604.7,293.753,workbook,,D6:wor:L6-23,2026-01-21
results.zip/day6.xlsx,42,L6-24,False,24.8097,34.8208,296.226,,6,6,L6-24,-5752.99,-28494.7,296.226,workbook,,D6:wor:L6-24,2026-01-21
results.zip/day6.xlsx,43,L6-25,False,24.8105,34.8207,298.745,,6,6,L6-25,-5763.81,-28411.1,298.745,workbook,,D6:wor:L6-25,2026-01-21
results.zip/day6.xlsx,44,L6-26,False,24.8111,34.8206,300.504,,6,6,L6-26,-5772.25,-28343.7,300.504,workbook,,D6:wor:L6-26,2026-01-21
results.zip/day6.xlsx,45,L6-27,False,24.8117,34.8206,302.71,,6,6,L6-27,-5777.26,-28269.1,302.71,workbook,,D6:wor:L6-27,2026-01-21
results.zip/day6.xlsx,46,L6-28,False,24.8124,34.8207,305.299,,6,6,L6-28,-5770.49,-28191.4,305.299,workbook,,D6:wor:L6-28,2026-01-21
results.zip/day6.xlsx,47,L6-29,False,24.8132,34.8205,307.737,,6,6,L6-29,-5783.22,-28111.3,307.737,workbook,,D6:wor:L6-29,2026-01-21
results.zip/day6.xlsx,48,L6-30,False,24.8136,34.8198,310.645,,6,6,L6-30,-5856.55,-28058.6,310.645,workbook,,D6:wor:L6-30,2026-01-21
results.zip/day6.xlsx,49,L6-31,False,24.814,34.8191,312.488,,6,6,L6-31,-5923.91,-28022.5,312.488,workbook,,D6:wor:L6-31,2026-01-21
results.zip/day6.xlsx,50,L6-32,False,24.8147,34.819,314.861,,6,6,L6-32,-5942.36,-27940.3,314.861,workbook,,D6:wor:L6-32,2026-01-21
results.zip/day6.xlsx,51,L6-33,False,24.8089,34.8204,293.935,,6,6,L6-33,-5792.61,-28582.3,293.935,workbook,,D6:wor:L6-33,2026-01-21
results.zip/day6.xlsx,52,L6-34,False,24.8093,34.8197,296.399,,6,6,L6-34,-5862.95,-28540.6,296.399,workbook,,D6:wor:L6-34,2026-01-21
results.zip/day6.xlsx,53,L6-35,False,24.8096,34.8191,313.118,,6,6,L6-35,-5930.33,-28504.1,313.118,workbook,,D6:wor:L6-35,2026-01-21
results.zip/day6.xlsx,54,L6-36,False,24.8102,34.8182,300.28,,6,6,L6-36,-6022.51,-28440.4,300.28,workbook,,D6:wor:L6-36,2026-01-21
results.zip/day6.xlsx,55,L6-37,False,24.8109,34.8177,302.454,,6,6,L6-37,-6067.48,-28359.3,302.454,workbook,,D6:wor:L6-37,2026-01-21
results.zip/day6.xlsx,56,L6-38,False,24.8117,34.8173,304.167,,6,6,L6-38,-6106.85,-28275.3,304.167,workbook,,D6:wor:L6-38,2026-01-21
results.zip/day6.xlsx,57,L6-39,False,24.8125,34.8173,306.742,,6,6,L6-39,-6115.2,-28188.2,306.742,workbook,,D6:wor:L6-39,2026-01-21
results.zip/day6.xlsx,58,L6-40,False,24.8131,34.8177,308.854,,6,6,L6-40,-6074.96,-28115.3,308.854,workbook,,D6:wor:L6-40,2026-01-21
results.zip/day6.xlsx,59,L6-41,False,24.8139,34.8173,310.938,,6,6,L6-41,-6111.2,-28031.3,310.938,workbook,,D6:wor:L6-41,2026-01-21
results.zip/day6.xlsx,60,L6-42,False,24.8146,34.8167,312.984,,6,6,L6-42,-6166.35,-27950.4,312.984,workbook,,D6:wor:L6-42,2026-01-21
results.zip/day6.xlsx,61,L6-43,False,24.8153,34.8167,314.337,,6,6,L6-43,-6171.18,-27879.5,314.337,workbook,,D6:wor:L6-43,2026-01-21
results.zip/day6.xlsx,62,L6-44,False,24.8161,34.8166,316.552,,6,6,L6-44,-6184.44,-27789.9,316.552,workbook,,D6:wor:L6-44,2026-01-21
results.zip/day6.xlsx,63,L6-45,False,24.8169,34.8166,318.812,,6,6,L6-45,-6177.76,-27693.6,318.812,workbook,,D6:wor:L6-45,2026-01-21
results.zip/day6.xlsx,64,L6-46,False,24.8175,34.8164,320.45,,6,6,L6-46,-6201.26,-27629,320.45,workbook,,D6:wor:L6-46,2026-01-21
results.zip/day7.xlsx,3,1-358,False,24.8264,34.763,350.919,,7,7,1-358,-11602.9,-26639.1,350.919,workbook,,D7:wor:1-358,2026-01-22
results.zip/day7.xlsx,4,1-359,False,24.8245,34.762,352.754,,7,7,1-359,-11697.6,-26852.7,352.754,workbook,,D7:wor:1-359,2026-01-22
results.zip/day7.xlsx,5,1-360,False,24.8249,34.7605,355.174,,7,7,1-360,-11851,-26807.2,355.174,workbook,,D7:wor:1-360,2026-01-22
results.zip/day7.xlsx,6,1-361,False,24.8248,34.7583,355.493,,7,7,1-361,-12075.6,-26821.9,355.493,workbook,,D7:wor:1-361,2026-01-22
results.zip/day7.xlsx,7,1-362,False,24.8238,34.7561,359.103,,7,7,1-362,-12293.8,-26927.6,359.103,workbook,,D7:wor:1-362,2026-01-22
results.zip/day7.xlsx,8,1-363,False,24.8225,34.7551,360.942,,7,7,1-363,-12396.7,-27074.4,360.942,workbook,,D7:wor:1-363,2026-01-22
results.zip/day7.xlsx,9,1-364,False,24.8207,34.7549,364.38,,7,7,1-364,-12415.9,-27269,364.38,workbook,,D7:wor:1-364,2026-01-22
results.zip/day7.xlsx,10,1-365,False,24.8202,34.753,366.58,,7,7,1-365,-12610,-27326.9,366.58,workbook,,D7:wor:1-365,2026-01-22
results.zip/day7.xlsx,11,1-366,False,24.8199,34.7513,369.326,,7,7,1-366,-12779.6,-27358.5,369.326,workbook,,D7:wor:1-366,2026-01-22
results.zip/day7.xlsx,12,1-367,False,24.819,34.7496,370.83,,7,7,1-367,-12951.5,-27455.8,370.83,workbook,,D7:wor:1-367,2026-01-22
results.zip/day7.xlsx,13,1-368,False,24.8176,34.7486,373.718,,7,7,1-368,-13056.3,-27619.9,373.718,workbook,,D7:wor:1-368,2026-01-22
results.zip/day7.xlsx,14,1-369,False,24.8158,34.7482,376.181,,7,7,1-369,-13098.9,-27817.6,376.181,workbook,,D7:wor:1-369,2026-01-22
results.zip/day7.xlsx,15,1-370,False,24.8142,34.7474,378.541,,7,7,1-370,-13178.5,-27996.3,378.541,workbook,,D7:wor:1-370,2026-01-22
results.zip/day7.xlsx,16,1-371,False,24.8135,34.7453,382.169,,7,7,1-371,-13391.3,-28064.7,382.169,workbook,,D7:wor:1-371,2026-01-22
results.zip/day7.xlsx,17,1-372,False,24.8141,34.7434,384.805,,7,7,1-372,-13577.5,-28003.8,384.805,workbook,,D7:wor:1-372,2026-01-22
results.zip/day7.xlsx,18,1-373,False,24.815,34.7418,386.732,,7,7,1-373,-13742.2,-27905.8,386.732,workbook,,D7:wor:1-373,2026-01-22
results.zip/day7.xlsx,19,1-374,False,24.8148,34.7408,388.766,,7,7,1-374,-13847.6,-27925.7,388.766,workbook,,D7:wor:1-374,2026-01-22
results.zip/day7.xlsx,20,1-375,False,24.8134,34.7402,389.374,,7,7,1-375,-13903.8,-28084.1,389.374,workbook,,D7:wor:1-375,2026-01-22
results.zip/day7.xlsx,21,1-376,False,24.8114,34.7397,392.138,,7,7,1-376,-13951.9,-28298,392.138,workbook,,D7:wor:1-376,2026-01-22
results.zip/day7.xlsx,22,1-377,False,24.8096,34.7397,394.127,,7,7,1-377,-13957.2,-28498.5,394.127,workbook,,D7:wor:1-377,2026-01-22
results.zip/day7.xlsx,23,1-378,False,24.8078,34.74,396.797,,7,7,1-378,-13928.4,-28699.8,396.797,workbook,,D7:wor:1-378,2026-01-22
results.zip/day7.xlsx,24,1-379,False,24.8059,34.7402,399.549,,7,7,1-379,-13905.5,-28908.1,399.549,workbook,,D7:wor:1-379,2026-01-22
results.zip/day7.xlsx,25,1-380,False,24.8043,34.7407,402.196,,7,7,1-380,-13850.7,-29092.1,402.196,workbook,,D7:wor:1-380,2026-01-22
results.zip/day7.xlsx,26,1-381,False,24.8025,34.7412,405.863,,7,7,1-381,-13809.7,-29291.9,405.863,workbook,,D7:wor:1-381,2026-01-22
results.zip/day7.xlsx,27,1-383,False,24.7989,34.7426,412.134,,7,7,1-383,-13665.5,-29684.8,412.134,workbook,,D7:wor:1-383,2026-01-22
results.zip/day7.xlsx,28,1-384,False,24.7976,34.7438,415.147,,7,7,1-384,-13543.5,-29827.2,415.147,workbook,,D7:wor:1-384,2026-01-22
results.zip/day7.xlsx,29,1-385,False,24.7973,34.7412,413.873,,7,7,1-385,-13804.1,-29860.1,413.873,workbook,,D7:wor:1-385,2026-01-22
results.zip/day7.xlsx,30,1-386,False,24.7968,34.7392,417.909,,7,7,1-386,-14010.4,-29923.4,417.909,workbook,,D7:wor:1-386,2026-01-22
results.zip/day7.xlsx,31,1-387,False,24.7954,34.7381,420.78,,7,7,1-387,-14121.9,-30068.8,420.78,workbook,,D7:wor:1-387,2026-01-22
results.zip/day7.xlsx,32,1-388,False,24.7939,34.7372,423.498,,7,7,1-388,-14206.9,-30241.6,423.498,workbook,,D7:wor:1-388,2026-01-22
results.zip/day7.xlsx,33,1-389,False,24.7922,34.7371,426.732,,7,7,1-389,-14218.7,-30425.1,426.732,workbook,,D7:wor:1-389,2026-01-22
results.zip/day7.xlsx,34,1-390,False,24.7904,34.738,428.952,,7,7,1-390,-14129.2,-30623.2,428.952,workbook,,D7:wor:1-390,2026-01-22
results.zip/day7.xlsx,35,1-391,False,24.7888,34.739,431.851,,7,7,1-391,-14028.2,-30802.8,431.851,workbook,,D7:wor:1-391,2026-01-22
results.zip/day7.xlsx,36,1-392,False,24.7867,34.74,434.93,,7,7,1-392,-13929.1,-31036.9,434.93,workbook,,D7:wor:1-392,2026-01-22
results.zip/day7.xlsx,37,1-393,False,24.7852,34.7403,437.114,,7,7,1-393,-13897.1,-31204.8,437.114,workbook,,D7:wor:1-393,2026-01-22
results.zip/day7.xlsx,38,1-394,False,24.7836,34.7408,439.1,,7,7,1-394,-13848.1,-31377.3,439.1,workbook,,D7:wor:1-394,2026-01-22
results.zip/day7.xlsx,39,1-395,False,24.7818,34.7416,441.769,,7,7,1-395,-13766.4,-31577.9,441.769,workbook,,D7:wor:1-395,2026-01-22
results.zip/day7.xlsx,40,1-396,False,24.7803,34.7423,445.128,,7,7,1-396,-13695.2,-31746.4,445.128,workbook,,D7:wor:1-396,2026-01-22
results.zip/day7.xlsx,41,1-397,False,24.7787,34.7435,450.417,,7,7,1-397,-13574.3,-31919.1,450.417,workbook,,D7:wor:1-397,2026-01-22
results.zip/day7.xlsx,42,1-398,False,24.7774,34.7445,454.331,,7,7,1-398,-13475.2,-32073.3,454.331,workbook,,D7:wor:1-398,2026-01-22
results.zip/day7.xlsx,43,1-399,False,24.7759,34.7457,458.516,,7,7,1-399,-13351.3,-32229.4,458.516,workbook,,D7:wor:1-399,2026-01-22
results.zip/day7.xlsx,44,1-400,False,24.7743,34.747,463.126,,7,7,1-400,-13218.8,-32408.8,463.126,workbook,,D7:wor:1-400,2026-01-22
results.zip/day7.xlsx,45,1-401,False,24.7731,34.748,469.241,,7,7,1-401,-13121.1,-32546.3,469.241,workbook,,D7:wor:1-401,2026-01-22
results.zip/day7.xlsx,46,1-402,False,24.7714,34.7493,478.593,,7,7,1-402,-12991.6,-32736.3,478.593,workbook,,D7:wor:1-402,2026-01-22
results.zip/day7.xlsx,47,1-403,False,24.7698,34.7503,493.771,,7,7,1-403,-12889.7,-32915.3,493.771,workbook,,D7:wor:1-403,2026-01-22
results.zip/day7.xlsx,48,1-404,False,24.768,34.7505,468.76,,7,7,1-404,-12873.1,-33108,468.76,workbook,,D7:wor:1-404,2026-01-22
results.zip/day7.xlsx,49,1-405,False,24.7663,34.7509,461.552,,7,7,1-405,-12825.3,-33294.3,461.552,workbook,,D7:wor:1-405,2026-01-22
results.zip/day7.xlsx,50,1-406,False,24.7646,34.7519,454.223,,7,7,1-406,-12726.6,-33489.2,454.223,workbook,,D7:wor:1-406,2026-01-22
results.zip/day7.xlsx,51,1-407,False,24.763,34.7527,448.737,,7,7,1-407,-12649.5,-33668.3,448.737,workbook,,D7:wor:1-407,2026-01-22
results.zip/day7.xlsx,52,1-408,False,24.7615,34.7538,444.25,,7,7,1-408,-12537.9,-33833.3,444.25,workbook,,D7:wor:1-408,2026-01-22
results.zip/day7.xlsx,53,1-409,False,24.7603,34.7526,439.117,,7,7,1-409,-12659.3,-33959.8,439.117,workbook,,D7:wor:1-409,2026-01-22
results.zip/day7.xlsx,54,1-410,False,24.758,34.7529,430.98,,7,7,1-410,-12629.6,-34213.6,430.98,workbook,,D7:wor:1-410,2026-01-22
results.zip/day7.xlsx,55,1-411,False,24.7566,34.7534,426.304,,7,7,1-411,-12572.7,-34367.1,426.304,workbook,,D7:wor:1-411,2026-01-22
results.zip/day7.xlsx,56,1-412,False,24.7549,34.7536,420.807,,7,7,1-412,-12560.8,-34563,420.807,workbook,,D7:wor:1-412,2026-01-22
results.zip/day7.xlsx,57,1-413,False,24.7523,34.7549,413.572,,7,7,1-413,-12425.9,-34847.8,413.572,workbook,,D7:wor:1-413,2026-01-22
results.zip/day7.xlsx,58,1-414,False,24.752,34.7573,407.917,,7,7,1-414,-12185.8,-34887.2,407.917,workbook,,D7:wor:1-414,2026-01-22
results.zip/day7.xlsx,59,1-415,False,24.7513,34.7593,403.558,,7,7,1-415,-11983.2,-34955.7,403.558,workbook,,D7:wor:1-415,2026-01-22
results.zip/day7.xlsx,60,1-416,False,24.7499,34.7607,398.99,,7,7,1-416,-11840.1,-35119.8,398.99,workbook,,D7:wor:1-416,2026-01-22
results.zip/day7.xlsx,61,1-417,False,24.7491,34.7626,394.199,,7,7,1-417,-11648.4,-35204.1,394.199,workbook,,D7:wor:1-417,2026-01-22
results.zip/day7.xlsx,62,1-418,False,24.7484,34.7639,391.351,,7,7,1-418,-11514,-35286,391.351,workbook,,D7:wor:1-418,2026-01-22
results.zip/day7.xlsx,63,1-422,False,24.8004,34.806,299.816,,7,7,1-422,-7258.31,-29524.5,299.816,workbook,,D7:wor:1-422,2026-01-22
results.zip/day7.xlsx,64,1-423,False,24.8012,34.8045,304.455,,7,7,1-423,-7409.21,-29435.4,304.455,workbook,,D7:wor:1-423,2026-01-22
results.zip/day7.xlsx,65,1-424,False,24.8023,34.803,309.475,,7,7,1-424,-7557.92,-29316.3,309.475,workbook,,D7:wor:1-424,2026-01-22
results.zip/day7.xlsx,66,1-425,False,24.8041,34.8024,315.97,,7,7,1-425,-7612.82,-29113.5,315.97,workbook,,D7:wor:1-425,2026-01-22
results.zip/day7.xlsx,67,1-426,False,24.8057,34.8019,320.649,,7,7,1-426,-7665.55,-28940.4,320.649,workbook,,D7:wor:1-426,2026-01-22
results.zip/day7.xlsx,68,1-427,False,24.8065,34.8029,326.423,,7,7,1-427,-7570.75,-28844.9,326.423,workbook,,D7:wor:1-427,2026-01-22
results.zip/day7.xlsx,69,1-430,False,24.8103,34.8045,341.902,,7,7,1-430,-7402.39,-28424.5,341.902,workbook,,D7:wor:1-430,2026-01-22
results.zip/day7.xlsx,70,1-431,False,24.8102,34.8039,337.614,,7,7,1-431,-7469.86,-28437.2,337.614,workbook,,D7:wor:1-431,2026-01-22
results.zip/day7.xlsx,71,1-432,False,24.8107,34.8033,341.21,,7,7,1-432,-7521.17,-28381.2,341.21,workbook,,D7:wor:1-432,2026-01-22
results.zip/day7.xlsx,72,Base 100,False,24.7868,34.9337,114.925,,7,7,Base 100,5662.75,-31036.8,114.925,workbook,base_100,D7:wor:Base 100,2026-01-22
results.zip/day7.xlsx,73,Base0,False,25.0668,34.8776,39.021,,7,7,Base0,-9.091,-21.304,39.0207,workbook,hotel_0,D7:wor:Base0,2026-01-22
results.zip/day7.xlsx,74,L10-12,False,24.7827,34.9686,116.919,,7,7,L10-12,9184.33,-31483.4,116.919,workbook,,D7:wor:L10-12,2026-01-22
results.zip/day7.xlsx,75,L10-13,False,24.781,34.9694,121.237,,7,7,L10-13,9268.79,-31671.5,121.237,workbook,,D7:wor:L10-13,2026-01-22
results.zip/day7.xlsx,76,L10-14,False,24.7795,34.9703,124.952,,7,7,L10-14,9357.86,-31834.5,124.952,workbook,,D7:wor:L10-14,2026-01-22
results.zip/day7.xlsx,77,L10-15,False,24.7778,34.971,128.666,,7,7,L10-15,9433.69,-32027.2,128.666,workbook,,D7:wor:L10-15,2026-01-22
results.zip/day7.xlsx,78,L10-16,False,24.7762,34.9718,132.77,,7,7,L10-16,9515.42,-32203.1,132.77,workbook,,D7:wor:L10-16,2026-01-22
results.zip/day7.xlsx,79,L10-17,False,24.7742,34.9719,137.986,,7,7,L10-17,9522.5,-32421.5,137.986,workbook,,D7:wor:L10-17,2026-01-22
results.zip/day7.xlsx,80,L10-18,False,24.7726,34.9721,140.894,,7,7,L10-18,9545.78,-32601.9,140.894,workbook,,D7:wor:L10-18,2026-01-22
results.zip/day7.xlsx,81,L10-19,False,24.7709,34.9723,144.602,,7,7,L10-19,9561.34,-32795.6,144.602,workbook,,D7:wor:L10-19,2026-01-22
results.zip/day7.xlsx,82,L10-20,False,24.7692,34.9729,148.115,,7,7,L10-20,9627.77,-32979.6,148.115,workbook,,D7:wor:L10-20,2026-01-22
results.zip/day7.xlsx,83,L10-21,False,24.7673,34.9741,152.537,,7,7,L10-21,9745.68,-33194.4,152.537,workbook,,D7:wor:L10-21,2026-01-22
results.zip/day7.xlsx,84,L10-22,False,24.7661,34.9747,155.357,,7,7,L10-22,9806.2,-33325.1,155.357,workbook,,D7:wor:L10-22,2026-01-22
results.zip/day7.xlsx,85,L10-23,False,24.7644,34.9754,160.019,,7,7,L10-23,9875.36,-33507.3,160.019,workbook,,D7:wor:L10-23,2026-01-22
results.zip/day7.xlsx,86,L10-24,False,24.7633,34.9769,164.721,,7,7,L10-24,10029.3,-33637.8,164.721,workbook,,D7:wor:L10-24,2026-01-22
results.zip/day7.xlsx,87,L10-25,False,24.7618,34.9781,169.485,,7,7,L10-25,10146.1,-33801.5,169.485,workbook,,D7:wor:L10-25,2026-01-22
results.zip/day7.xlsx,88,L10-26,False,24.8029,34.9577,69.785,,7,7,L10-26,8080.68,-29247.6,69.7853,workbook,,D7:wor:L10-26,2026-01-22
results.zip/day7.xlsx,89,L10-27,False,24.8048,34.9571,74.877,,7,7,L10-27,8028.93,-29041.5,74.877,workbook,,D7:wor:L10-27,2026-01-22
results.zip/day7.xlsx,90,L10-28,False,24.8065,34.9565,79.852,,7,7,L10-28,7966.92,-28853.3,79.8518,workbook,,D7:wor:L10-28,2026-01-22
results.zip/day7.xlsx,91,L10-29,False,24.8081,34.9555,85.264,,7,7,L10-29,7866.15,-28675.1,85.2636,workbook,,D7:wor:L10-29,2026-01-22
results.zip/day7.xlsx,92,L10-30,False,24.8091,34.954,90.918,,7,7,L10-30,7707.9,-28561.3,90.9184,workbook,,D7:wor:L10-30,2026-01-22
results.zip/day7.xlsx,93,L10-31,False,24.8101,34.9524,96.361,,7,7,L10-31,7545.62,-28455.6,96.3605,workbook,,D7:wor:L10-31,2026-01-22
results.zip/day7.xlsx,94,L10-32,False,24.8114,34.9511,101.388,,7,7,L10-32,7416.82,-28309.6,101.388,workbook,,D7:wor:L10-32,2026-01-22
results.zip/day7.xlsx,95,L10-33,False,24.8129,34.9502,106.541,,7,7,L10-33,7323,-28139.3,106.541,workbook,,D7:wor:L10-33,2026-01-22
results.zip/day7.xlsx,96,L10-34,False,24.8146,34.9495,113.166,,7,7,L10-34,7258.14,-27956.6,113.166,workbook,,D7:wor:L10-34,2026-01-22
results.zip/day7.xlsx,97,L10-35,False,24.8163,34.9493,119.408,,7,7,L10-35,7232.47,-27758.2,119.408,workbook,,D7:wor:L10-35,2026-01-22
results.zip/day7.xlsx,98,L10-36,False,24.8182,34.9494,125.716,,7,7,L10-36,7240.04,-27555,125.716,workbook,,D7:wor:L10-36,2026-01-22
results.zip/day7.xlsx,99,L10-37,False,24.8198,34.9495,130.82,,7,7,L10-37,7254.72,-27371.5,130.82,workbook,,D7:wor:L10-37,2026-01-22
results.zip/day7.xlsx,100,L10-38,False,24.8216,34.9492,136.76,,7,7,L10-38,7228.95,-27179.7,136.76,workbook,,D7:wor:L10-38,2026-01-22
results.zip/day7.xlsx,101,L10-39,False,24.8233,34.9491,141.272,,7,7,L10-39,7210.46,-26985.2,141.272,workbook,,D7:wor:L10-39,2026-01-22
results.zip/day7.xlsx,102,L10-40,False,24.8249,34.9486,146.745,,7,7,L10-40,7161.43,-26811.3,146.745,workbook,,D7:wor:L10-40,2026-01-22
results.zip/day7.xlsx,103,L10-41,False,24.8265,34.9475,150.967,,7,7,L10-41,7054.07,-26632.9,150.967,workbook,,D7:wor:L10-41,2026-01-22
results.zip/day7.xlsx,104,L10-42,False,24.8286,34.947,156.165,,7,7,L10-42,7002.15,-26404.6,156.165,workbook,,D7:wor:L10-42,2026-01-22
results.zip/day7.xlsx,105,L10-43,False,24.8298,34.946,160.28,,7,7,L10-43,6904.77,-26265.6,160.28,workbook,,D7:wor:L10-43,2026-01-22
results.zip/day7.xlsx,106,L10-44,False,24.8315,34.9449,164.926,,7,7,L10-44,6788.84,-26077.4,164.926,workbook,,D7:wor:L10-44,2026-01-22
results.zip/day7.xlsx,107,L10-45,False,24.8322,34.9432,170.201,,7,7,L10-45,6617.52,-26007.5,170.201,workbook,,D7:wor:L10-45,2026-01-22
results.zip/day7.xlsx,108,L10-46,False,24.8335,34.9419,174.616,,7,7,L10-46,6484.11,-25858.8,174.616,workbook,,D7:wor:L10-46,2026-01-22
results.zip/day7.xlsx,109,L10-47,False,24.8343,34.9402,179.381,,7,7,L10-47,6316.51,-25774.3,179.381,workbook,,D7:wor:L10-47,2026-01-22
results.zip/day7.xlsx,110,L10-48,False,24.8342,34.9379,186.624,,7,7,L10-48,6082.69,-25778.4,186.624,workbook,,D7:wor:L10-48,2026-01-22
results.zip/day7.xlsx,111,L10-49,False,24.8335,34.9356,193.331,,7,7,L10-49,5849.37,-25853.9,193.331,workbook,,D7:wor:L10-49,2026-01-22
results.zip/day7.xlsx,112,L10-50,False,24.8335,34.9331,200.201,,7,7,L10-50,5598.52,-25863.8,200.201,workbook,,D7:wor:L10-50,2026-01-22
results.zip/day7.xlsx,113,L11-1,False,24.7803,34.9212,260.449,,7,7,L11-1,4393.85,-31752.5,260.449,workbook,,D7:wor:L11-1,2026-01-22
results.zip/day7.xlsx,114,L11-10,False,24.7624,34.8916,219.402,,7,7,L11-10,1402.92,-33734,219.402,workbook,,D7:wor:L11-10,2026-01-22
results.zip/day7.xlsx,115,L11-11,False,24.761,34.8904,221.974,,7,7,L11-11,1283.66,-33895.7,221.974,workbook,,D7:wor:L11-11,2026-01-22
results.zip/day7.xlsx,116,L11-12,False,24.7603,34.8888,225.041,,7,7,L11-12,1119.38,-33973.1,225.041,workbook,,D7:wor:L11-12,2026-01-22
results.zip/day7.xlsx,117,L11-13,False,24.7604,34.8868,227.468,,7,7,L11-13,915.796,-33958.5,227.468,workbook,,D7:wor:L11-13,2026-01-22
results.zip/day7.xlsx,118,L11-14,False,24.7594,34.8856,229.852,,7,7,L11-14,797.282,-34065.7,229.852,workbook,,D7:wor:L11-14,2026-01-22
results.zip/day7.xlsx,119,L11-15,False,24.7582,34.8844,232.128,,7,7,L11-15,669.641,-34196.6,232.128,workbook,,D7:wor:L11-15,2026-01-22
results.zip/day7.xlsx,120,L11-16,False,24.757,34.8844,234.002,,7,7,L11-16,675.745,-34333.8,234.002,workbook,,D7:wor:L11-16,2026-01-22
results.zip/day7.xlsx,121,L11-17,False,24.756,34.8853,236.336,,7,7,L11-17,768.723,-34439.4,236.336,workbook,,D7:wor:L11-17,2026-01-22
results.zip/day7.xlsx,122,L11-18,False,24.755,34.8837,239.015,,7,7,L11-18,602.065,-34555.2,239.015,workbook,,D7:wor:L11-18,2026-01-22
results.zip/day7.xlsx,123,L11-19,False,24.7531,34.8829,242.161,,7,7,L11-19,526.24,-34769.8,242.161,workbook,,D7:wor:L11-19,2026-01-22
results.zip/day7.xlsx,124,L11-2,False,24.7691,34.8946,199.612,,7,7,L11-2,1702.62,-32997.5,199.612,workbook,,D7:wor:L11-2,2026-01-22
results.zip/day7.xlsx,125,L11-20,False,24.7517,34.8824,243.914,,7,7,L11-20,476.138,-34925.6,243.914,workbook,,D7:wor:L11-20,2026-01-22
results.zip/day7.xlsx,126,L11-21,False,24.7497,34.882,246.157,,7,7,L11-21,428.904,-35142.1,246.157,workbook,,D7:wor:L11-21,2026-01-22
results.zip/day7.xlsx,127,L11-22,False,24.7488,34.8835,248.886,,7,7,L11-22,578.216,-35240.1,248.886,workbook,,D7:wor:L11-22,2026-01-22
results.zip/day7.xlsx,128,L11-23,False,24.7479,34.8845,252.154,,7,7,L11-23,684.562,-35336.9,252.154,workbook,,D7:wor:L11-23,2026-01-22
results.zip/day7.xlsx,129,L11-24,False,24.7476,34.8828,254.225,,7,7,L11-24,508.522,-35379,254.225,workbook,,D7:wor:L11-24,2026-01-22
results.zip/day7.xlsx,130,L11-25,False,24.7458,34.8823,255.393,,7,7,L11-25,465.912,-35576.9,255.393,workbook,,D7:wor:L11-25,2026-01-22
results.zip/day7.xlsx,131,L11-26,False,24.7442,34.8842,259.876,,7,7,L11-26,652.123,-35757,259.876,workbook,,D7:wor:L11-26,2026-01-22
results.zip/day7.xlsx,132,L11-27,False,24.7434,34.8849,260.815,,7,7,L11-27,727.108,-35844.6,260.815,workbook,,D7:wor:L11-27,2026-01-22
results.zip/day7.xlsx,133,L11-28,False,24.7422,34.8842,262.702,,7,7,L11-28,651.066,-35974,262.702,workbook,,D7:wor:L11-28,2026-01-22
results.zip/day7.xlsx,134,L11-29,False,24.7417,34.8823,264.219,,7,7,L11-29,462.63,-36025.6,264.219,workbook,,D7:wor:L11-29,2026-01-22
results.zip/day7.xlsx,135,L11-3,False,24.7675,34.8952,201.646,,7,7,L11-3,1768.84,-33168,201.646,workbook,,D7:wor:L11-3,2026-01-22
results.zip/day7.xlsx,136,L11-30,False,24.7405,34.8808,266.486,,7,7,L11-30,306.153,-36158,266.486,workbook,,D7:wor:L11-30,2026-01-22
results.zip/day7.xlsx,137,L11-31,False,24.7389,34.8801,268.386,,7,7,L11-31,237.498,-36339.2,268.386,workbook,,D7:wor:L11-31,2026-01-22
results.zip/day7.xlsx,138,L11-32,False,24.7373,34.8804,270.008,,7,7,L11-32,266.997,-36521,270.008,workbook,,D7:wor:L11-32,2026-01-22
results.zip/day7.xlsx,139,L11-33,False,24.7348,34.8804,271.968,,7,7,L11-33,273.721,-36792.2,271.968,workbook,,D7:wor:L11-33,2026-01-22
results.zip/day7.xlsx,140,L11-4,False,24.7673,34.8936,204.862,,7,7,L11-4,1603.79,-33191.2,204.862,workbook,,D7:wor:L11-4,2026-01-22
results.zip/day7.xlsx,141,L11-5,False,24.7669,34.892,207.34,,7,7,L11-5,1446.76,-33241.8,207.34,workbook,,D7:wor:L11-5,2026-01-22
results.zip/day7.xlsx,142,L11-6,False,24.7656,34.8922,210.214,,7,7,L11-6,1461.2,-33386.7,210.214,workbook,,D7:wor:L11-6,2026-01-22
results.zip/day7.xlsx,143,L11-7,False,24.7651,34.8941,212.704,,7,7,L11-7,1657.09,-33431.8,212.704,workbook,,D7:wor:L11-7,2026-01-22
results.zip/day7.xlsx,144,L11-8,False,24.7639,34.895,215.126,,7,7,L11-8,1741.84,-33570.6,215.126,workbook,,D7:wor:L11-8,2026-01-22
results.zip/day7.xlsx,145,L11-9,False,24.7631,34.8932,217.793,,7,7,L11-9,1559.03,-33661.8,217.793,workbook,,D7:wor:L11-9,2026-01-22
results.zip/day8.xlsx,3,1-433,False,24.6897,34.8924,242.653,,8,8,1-433,1482.76,-41786,242.653,workbook,,D8:wor:1-433,2026-01-23
results.zip/day8.xlsx,4,1-434,False,24.6913,34.8902,245.753,,8,8,1-434,1259.27,-41608,245.753,workbook,,D8:wor:1-434,2026-01-23
results.zip/day8.xlsx,5,1-435,False,24.6929,34.8882,248.586,,8,8,1-435,1063.11,-41429.3,248.586,workbook,,D8:wor:1-435,2026-01-23
results.zip/day8.xlsx,6,1-436,False,24.6941,34.886,250.426,,8,8,1-436,840.456,-41303.6,250.426,workbook,,D8:wor:1-436,2026-01-23
results.zip/day8.xlsx,7,1-437,False,24.696,34.885,253.644,,8,8,1-437,735.182,-41086.4,253.644,workbook,,D8:wor:1-437,2026-01-23
results.zip/day8.xlsx,8,1-438,False,24.698,34.8843,255.966,,8,8,1-438,666.747,-40866.5,255.966,workbook,,D8:wor:1-438,2026-01-23
results.zip/day8.xlsx,9,1-439,False,24.6994,34.883,258.849,,8,8,1-439,529.007,-40710.7,258.849,workbook,,D8:wor:1-439,2026-01-23
results.zip/day8.xlsx,10,1-440,False,24.7014,34.8817,261.096,,8,8,1-440,403.245,-40490.5,261.096,workbook,,D8:wor:1-440,2026-01-23
results.zip/day8.xlsx,11,1-441,False,24.7029,34.8806,262.905,,8,8,1-441,285.387,-40326.3,262.905,workbook,,D8:wor:1-441,2026-01-23
results.zip/day8.xlsx,12,1-442,False,24.7041,34.879,265.333,,8,8,1-442,131.052,-40196.2,265.333,workbook,,D8:wor:1-442,2026-01-23
results.zip/day8.xlsx,13,1-443,False,24.7055,34.8778,268.024,,8,8,1-443,7.377,-40036.9,268.024,workbook,,D8:wor:1-443,2026-01-23
results.zip/day8.xlsx,14,1-444,False,24.7073,34.8774,270.43,,8,8,1-444,-33.74,-39837.5,270.43,workbook,,D8:wor:1-444,2026-01-23
results.zip/day8.xlsx,15,1-445,False,24.7097,34.8773,273.77,,8,8,1-445,-44.141,-39576.2,273.77,workbook,,D8:wor:1-445,2026-01-23
results.zip/day8.xlsx,16,1-446,False,24.7113,34.8764,275.841,,8,8,1-446,-135.507,-39397.6,275.841,workbook,,D8:wor:1-446,2026-01-23
results.zip/day8.xlsx,17,1-447,False,24.7134,34.875,279.185,,8,8,1-447,-277.554,-39161.2,279.185,workbook,,D8:wor:1-447,2026-01-23
results.zip/day8.xlsx,18,1-448,False,24.7152,34.8725,282.967,,8,8,1-448,-526.152,-38964.3,282.967,workbook,,D8:wor:1-448,2026-01-23
results.zip/day8.xlsx,19,1-449,False,24.7171,34.8713,286.906,,8,8,1-449,-648.198,-38753.2,286.906,workbook,,D8:wor:1-449,2026-01-23
results.zip/day8.xlsx,20,1-450,False,24.7187,34.8697,291.407,,8,8,1-450,-814.215,-38574,291.407,workbook,,D8:wor:1-450,2026-01-23
results.zip/day8.xlsx,21,1-451,False,24.7207,34.8688,296.073,,8,8,1-451,-909.236,-38356.8,296.073,workbook,,D8:wor:1-451,2026-01-23
results.zip/day8.xlsx,22,1-452,False,24.7222,34.8676,296.908,,8,8,1-452,-1029.57,-38183.9,296.908,workbook,,D8:wor:1-452,2026-01-23
results.zip/day8.xlsx,23,1-453,False,24.7241,34.8659,296.119,,8,8,1-453,-1200.82,-37974.4,296.119,workbook,,D8:wor:1-453,2026-01-23
results.zip/day8.xlsx,24,1-454,False,24.7259,34.8646,298.73,,8,8,1-454,-1332.12,-37783.9,298.73,workbook,,D8:wor:1-454,2026-01-23
results.zip/day8.xlsx,25,1-455,False,24.7275,34.8636,301.409,,8,8,1-455,-1426.39,-37603.7,301.409,workbook,,D8:wor:1-455,2026-01-23
results.zip/day8.xlsx,26,1-456,False,24.7288,34.8625,304.286,,8,8,1-456,-1542.44,-37460.2,304.286,workbook,,D8:wor:1-456,2026-01-23
results.zip/day8.xlsx,27,1-457,False,24.7303,34.8614,309.037,,8,8,1-457,-1655.45,-37286.5,309.037,workbook,,D8:wor:1-457,2026-01-23
results.zip/day8.xlsx,28,1-458,False,24.7318,34.8601,309.514,,8,8,1-458,-1783.11,-37130.7,309.514,workbook,,D8:wor:1-458,2026-01-23
results.zip/day8.xlsx,29,1-459,False,24.733,34.8587,305.503,,8,8,1-459,-1927.7,-36990.5,305.503,workbook,,D8:wor:1-459,2026-01-23
results.zip/day8.xlsx,30,1-460,False,24.7341,34.8572,304.944,,8,8,1-460,-2081.14,-36873.2,304.944,workbook,,D8:wor:1-460,2026-01-23
results.zip/day8.xlsx,31,1-461,False,24.7339,34.8552,308.072,,8,8,1-461,-2281.85,-36896.9,308.072,workbook,,D8:wor:1-461,2026-01-23
results.zip/day8.xlsx,32,1-462,False,24.7348,34.8534,310.297,,8,8,1-462,-2457.09,-36787.6,310.297,workbook,,D8:wor:1-462,2026-01-23
results.zip/day8.xlsx,33,1-463,False,24.7334,34.851,313.568,,8,8,1-463,-2700.7,-36947.9,313.568,workbook,,D8:wor:1-463,2026-01-23
results.zip/day8.xlsx,34,1-465,False,24.7354,34.8557,309.097,,8,8,1-465,-2233.55,-36728.1,309.097,workbook,,D8:wor:1-465,2026-01-23
results.zip/day8.xlsx,35,1-466,False,24.7368,34.8537,313.916,,8,8,1-466,-2431.81,-36568.8,313.916,workbook,,D8:wor:1-466,2026-01-23
results.zip/day8.xlsx,36,1-467,False,24.7386,34.8516,321.578,,8,8,1-467,-2647.3,-36375,321.578,workbook,,D8:wor:1-467,2026-01-23
results.zip/day8.xlsx,37,1-468,False,24.7399,34.8503,331.849,,8,8,1-468,-2775.84,-36228.4,331.849,workbook,,D8:wor:1-468,2026-01-23
results.zip/day8.xlsx,38,1-469,False,24.7412,34.8489,319.321,,8,8,1-469,-2921.2,-36079.4,319.321,workbook,,D8:wor:1-469,2026-01-23
results.zip/day8.xlsx,39,1-470,False,24.7406,34.8475,321.488,,8,8,1-470,-3059.48,-36146.3,321.488,workbook,,D8:wor:1-470,2026-01-23
results.zip/day8.xlsx,40,1-471,False,24.7385,34.8467,325.732,,8,8,1-471,-3136.36,-36380.1,325.732,workbook,,D8:wor:1-471,2026-01-23
results.zip/day8.xlsx,41,1-472,False,24.7365,34.8454,329.182,,8,8,1-472,-3273.88,-36600.2,329.182,workbook,,D8:wor:1-472,2026-01-23
results.zip/day8.xlsx,42,1-473,False,24.7362,34.8435,334.045,,8,8,1-473,-3467.68,-36640.2,334.045,workbook,,D8:wor:1-473,2026-01-23
results.zip/day8.xlsx,43,1-474,False,24.7356,34.8414,337.491,,8,8,1-474,-3678.17,-36702.1,337.491,workbook,,D8:wor:1-474,2026-01-23
results.zip/day8.xlsx,44,1-475,False,24.735,34.8388,341.816,,8,8,1-475,-3936.09,-36768.4,341.816,workbook,,D8:wor:1-475,2026-01-23
results.zip/day8.xlsx,45,1-476,False,24.7353,34.8364,346.658,,8,8,1-476,-4181.72,-36734.4,346.658,workbook,,D8:wor:1-476,2026-01-23
results.zip/day8.xlsx,46,1-477,False,24.7372,34.8347,351.392,,8,8,1-477,-4351.55,-36525.6,351.392,workbook,,D8:wor:1-477,2026-01-23
results.zip/day8.xlsx,47,1-478,False,24.7382,34.8325,356.379,,8,8,1-478,-4571.94,-36412.2,356.379,workbook,,D8:wor:1-478,2026-01-23
results.zip/day8.xlsx,48,1-479,False,24.738,34.83,361.46,,8,8,1-479,-4825.03,-36432.7,361.46,workbook,,D8:wor:1-479,2026-01-23
results.zip/day8.xlsx,49,1-480,False,24.7373,34.8274,368.506,,8,8,1-480,-5088.12,-36516.6,368.506,workbook,,D8:wor:1-480,2026-01-23
results.zip/day8.xlsx,50,1-481,False,24.7357,34.8255,374.535,,8,8,1-481,-5284.93,-36688.6,374.535,workbook,,D8:wor:1-481,2026-01-23
results.zip/day8.xlsx,51,1-482,False,24.7351,34.8227,381.826,,8,8,1-482,-5566.29,-36759.5,381.826,workbook,,D8:wor:1-482,2026-01-23
results.zip/day8.xlsx,52,1-483,False,24.7334,34.8211,389.627,,8,8,1-483,-5729.99,-36949.4,389.627,workbook,,D8:wor:1-483,2026-01-23
results.zip/day8.xlsx,53,1-484,False,24.7345,34.8183,404.87,,8,8,1-484,-6013.64,-36827,404.87,workbook,,D8:wor:1-484,2026-01-23
results.zip/day8.xlsx,54,1-485,False,24.7367,34.8176,390.894,,8,8,1-485,-6084.2,-36584.6,390.894,workbook,,D8:wor:1-485,2026-01-23
results.zip/day8.xlsx,55,1-486,False,24.7387,34.8196,383.45,,8,8,1-486,-5880.54,-36359.5,383.45,workbook,,D8:wor:1-486,2026-01-23
results.zip/day8.xlsx,56,1-487,False,24.7397,34.8216,377.978,,8,8,1-487,-5680.2,-36253.3,377.978,workbook,,D8:wor:1-487,2026-01-23
results.zip/day8.xlsx,57,1-488,False,24.7417,34.8219,373.878,,8,8,1-488,-5645.81,-36030.5,373.878,workbook,,D8:wor:1-488,2026-01-23
results.zip/day8.xlsx,58,1-490,False,24.746,34.8232,360.219,,8,8,1-490,-5511.93,-35546.7,360.219,workbook,,D8:wor:1-490,2026-01-23
results.zip/day8.xlsx,59,1-491,False,24.7487,34.8235,355.827,,8,8,1-491,-5485.92,-35257,355.827,workbook,,D8:wor:1-491,2026-01-23
results.zip/day8.xlsx,60,1-496,False,24.761,34.8266,334.675,,8,8,1-496,-5169.04,-33887.8,334.675,workbook,,D8:wor:1-496,2026-01-23
results.zip/day8.xlsx,61,1-497,False,24.7586,34.8281,328.468,,8,8,1-497,-5019.77,-34150.5,328.468,workbook,,D8:wor:1-497,2026-01-23
results.zip/day8.xlsx,62,1-498,False,24.7597,34.8305,323.333,,8,8,1-498,-4780.57,-34036.1,323.333,workbook,,D8:wor:1-498,2026-01-23
results.zip/day8.xlsx,63,1-499,False,24.7605,34.8327,318.409,,8,8,1-499,-4560.16,-33940.8,318.409,workbook,,D8:wor:1-499,2026-01-23
results.zip/day8.xlsx,64,1-500,False,24.7599,34.8348,313.207,,8,8,1-500,-4340.33,-34014.1,313.207,workbook,,D8:wor:1-500,2026-01-23
results.zip/day8.xlsx,65,1-501,False,24.762,34.8345,310.171,,8,8,1-501,-4369.95,-33775,310.171,workbook,,D8:wor:1-501,2026-01-23
results.zip/day8.xlsx,66,1-502,False,24.8062,34.9732,53.735,,8,8,1-502,9653.25,-28876.6,53.7354,workbook,,D8:wor:1-502,2026-01-23
results.zip/day8.xlsx,67,1-503,False,24.8044,34.9741,61.578,,8,8,1-503,9740.44,-29075.5,61.5781,workbook,,D8:wor:1-503,2026-01-23
results.zip/day8.xlsx,68,1-504,False,24.8028,34.9751,68.602,,8,8,1-504,9846.6,-29259,68.602,workbook,,D8:wor:1-504,2026-01-23
results.zip/day8.xlsx,69,1-505,False,24.8008,34.9763,76.775,,8,8,1-505,9967.1,-29479.7,76.7754,workbook,,D8:wor:1-505,2026-01-23
results.zip/day8.xlsx,70,1-506,False,24.7987,34.9775,84.423,,8,8,1-506,10086.5,-29711.3,84.4228,workbook,,D8:wor:1-506,2026-01-23
results.zip/day8.xlsx,71,1-507,False,24.7969,34.9787,92.295,,8,8,1-507,10204.3,-29912.3,92.2946,workbook,,D8:wor:1-507,2026-01-23
results.zip/day8.xlsx,72,1-508,False,24.7963,34.9801,98.395,,8,8,1-508,10351.1,-29977.7,98.3953,workbook,,D8:wor:1-508,2026-01-23
results.zip/day8.xlsx,73,1-509,False,24.7946,34.9808,104.777,,8,8,1-509,10425.9,-30163.3,104.777,workbook,,D8:wor:1-509,2026-01-23
results.zip/day8.xlsx,74,1-510,False,24.7928,34.9808,110.428,,8,8,1-510,10419.9,-30359.6,110.428,workbook,,D8:wor:1-510,2026-01-23
results.zip/day8.xlsx,75,1-511,False,24.7913,34.9797,116.519,,8,8,1-511,10315.5,-30528.5,116.519,workbook,,D8:wor:1-511,2026-01-23
results.zip/day8.xlsx,76,1-512,False,24.7897,34.9788,123.029,,8,8,1-512,10218.6,-30705.2,123.029,workbook,,D8:wor:1-512,2026-01-23
results.zip/day8.xlsx,77,1-513,False,24.7879,34.9789,129.856,,8,8,1-513,10233.5,-30909.2,129.856,workbook,,D8:wor:1-513,2026-01-23
results.zip/day8.xlsx,78,1-514,False,24.7853,34.9789,139.411,,8,8,1-514,10230.8,-31196.8,139.411,workbook,,D8:wor:1-514,2026-01-23
results.zip/day8.xlsx,79,1-515,False,24.7833,34.9791,148.219,,8,8,1-515,10251.8,-31411.6,148.219,workbook,,D8:wor:1-515,2026-01-23
results.zip/day8.xlsx,80,1-516,False,24.7815,34.9791,155.724,,8,8,1-516,10252.9,-31614.4,155.724,workbook,,D8:wor:1-516,2026-01-23
results.zip/day8.xlsx,81,1-517,False,24.7807,34.9793,158.507,,8,8,1-517,10266.7,-31706.4,158.507,workbook,,D8:wor:1-517,2026-01-23
results.zip/day8.xlsx,82,Base 0,False,25.0668,34.8777,36.51,,8,8,Base 0,-8.537,-21.529,36.5104,workbook,hotel_0,D8:wor:Base 0,2026-01-23
results.zip/day8.xlsx,83,Base100,False,24.7867,34.9338,111.77,,8,8,Base100,5664.72,-31037.7,111.77,workbook,base_100,D8:wor:Base100,2026-01-23
results.zip/day8.xlsx,84,L11-34,False,24.7329,34.88,273.305,,8,8,L11-34,225.681,-37005.7,273.305,workbook,,D8:wor:L11-34,2026-01-23
results.zip/day8.xlsx,85,L11-35,False,24.7311,34.8803,274.841,,8,8,L11-35,257.321,-37201.7,274.841,workbook,,D8:wor:L11-35,2026-01-23
results.zip/day8.xlsx,86,L11-36,False,24.7293,34.8802,276.902,,8,8,L11-36,252.733,-37405.6,276.902,workbook,,D8:wor:L11-36,2026-01-23
results.zip/day8.xlsx,87,L11-37,False,24.7277,34.8798,278.841,,8,8,L11-37,203.813,-37575.8,278.841,workbook,,D8:wor:L11-37,2026-01-23
results.zip/day8.xlsx,88,L11-38,False,24.7277,34.8783,280.483,,8,8,L11-38,61.089,-37574.5,280.483,workbook,,D8:wor:L11-38,2026-01-23
results.zip/day8.xlsx,89,L11-39,False,24.7293,34.8776,282.553,,8,8,L11-39,-10.378,-37400.1,282.553,workbook,,D8:wor:L11-39,2026-01-23
results.zip/day8.xlsx,90,L11-40,False,24.7284,34.8758,284.788,,8,8,L11-40,-200.255,-37498.5,284.788,workbook,,D8:wor:L11-40,2026-01-23
results.zip/day8.xlsx,91,L11-41,False,24.7273,34.8743,286.702,,8,8,L11-41,-347.234,-37620.7,286.702,workbook,,D8:wor:L11-41,2026-01-23
results.zip/day8.xlsx,92,L11-42,False,24.7267,34.8725,288.826,,8,8,L11-42,-531.011,-37690.1,288.826,workbook,,D8:wor:L11-42,2026-01-23
results.zip/day8.xlsx,93,L11-43,False,24.7256,34.8705,290.922,,8,8,L11-43,-727.306,-37817.2,290.922,workbook,,D8:wor:L11-43,2026-01-23
results.zip/day8.xlsx,94,L11-44,False,24.7243,34.8693,292.496,,8,8,L11-44,-849.631,-37952.3,292.496,workbook,,D8:wor:L11-44,2026-01-23
results.zip/day8.xlsx,95,L11-45,False,24.7239,34.8676,294.316,,8,8,L11-45,-1022.75,-38004.9,294.316,workbook,,D8:wor:L11-45,2026-01-23
results.zip/day8.xlsx,96,L11-46,False,24.7236,34.8656,297.097,,8,8,L11-46,-1231.8,-38039.2,297.097,workbook,,D8:wor:L11-46,2026-01-23
results.zip/day8.xlsx,97,L11-47,False,24.7233,34.8636,299.443,,8,8,L11-47,-1432.13,-38063.8,299.443,workbook,,D8:wor:L11-47,2026-01-23
results.zip/day8.xlsx,98,L11-48,False,24.7225,34.8619,301.334,,8,8,L11-48,-1600.56,-38154.6,301.334,workbook,,D8:wor:L11-48,2026-01-23
results.zip/day8.xlsx,99,L11-49,False,24.722,34.8602,303.102,,8,8,L11-49,-1774.96,-38209.1,303.102,workbook,,D8:wor:L11-49,2026-01-23
results.zip/day8.xlsx,100,L11-50,False,24.7223,34.8582,305.013,,8,8,L11-50,-1978.18,-38182.5,305.013,workbook,,D8:wor:L11-50,2026-01-23
results.zip/day8.xlsx,101,L11-51,False,24.7227,34.8563,307.221,,8,8,L11-51,-2170.81,-38132.9,307.221,workbook,,D8:wor:L11-51,2026-01-23
results.zip/day8.xlsx,102,L11-52,False,24.7221,34.8547,309.623,,8,8,L11-52,-2334.06,-38201.7,309.623,workbook,,D8:wor:L11-52,2026-01-23
results.zip/day8.xlsx,103,L11-53,False,24.7229,34.853,312.292,,8,8,L11-53,-2505.41,-38106.4,312.292,workbook,,D8:wor:L11-53,2026-01-23
results.zip/day8.xlsx,104,L11-54,False,24.7225,34.8512,314.849,,8,8,L11-54,-2681.92,-38155.1,314.849,workbook,,D8:wor:L11-54,2026-01-23
results.zip/day8.xlsx,105,L11-55,False,24.7208,34.8501,317.077,,8,8,L11-55,-2800.62,-38348.7,317.077,workbook,,D8:wor:L11-55,2026-01-23
results.zip/day8.xlsx,106,L11-56,False,24.72,34.8487,319.213,,8,8,L11-56,-2937.61,-38430.2,319.213,workbook,,D8:wor:L11-56,2026-01-23
results.zip/day8.xlsx,107,L11-57,False,24.721,34.8472,321.544,,8,8,L11-57,-3091.9,-38324.6,321.544,workbook,,D8:wor:L11-57,2026-01-23
results.zip/day8.xlsx,108,L11-58,False,24.7209,34.846,325.056,,8,8,L11-58,-3215.28,-38333.6,325.056,workbook,,D8:wor:L11-58,2026-01-23
results.zip/day8.xlsx,109,L11-59,False,24.7216,34.8442,327.827,,8,8,L11-59,-3391.57,-38255.2,327.827,workbook,,D8:wor:L11-59,2026-01-23
results.zip/day8.xlsx,110,L11-60,False,24.7223,34.8426,330.979,,8,8,L11-60,-3558.65,-38178,330.979,workbook,,D8:wor:L11-60,2026-01-23
results.zip/day8.xlsx,111,L11-61,False,24.7231,34.8408,333.67,,8,8,L11-61,-3732.78,-38089.1,333.67,workbook,,D8:wor:L11-61,2026-01-23
results.zip/day8.xlsx,112,L11-62,False,24.7242,34.8392,336.927,,8,8,L11-62,-3898.02,-37971.4,336.927,workbook,,D8:wor:L11-62,2026-01-23
results.zip/day8.xlsx,113,L11-63,False,24.7244,34.8376,339.961,,8,8,L11-63,-4062.32,-37940.7,339.961,workbook,,D8:wor:L11-63,2026-01-23
results.zip/day8.xlsx,114,L11-64,False,24.724,34.8357,343.318,,8,8,L11-64,-4248.67,-37990.5,343.318,workbook,,D8:wor:L11-64,2026-01-23
results.zip/day8.xlsx,115,L11-65,False,24.7231,34.834,346.365,,8,8,L11-65,-4420.27,-38087.2,346.365,workbook,,D8:wor:L11-65,2026-01-23
results.zip/day8.xlsx,116,L12-1,False,24.7255,34.8369,340.461,,8,8,L12-1,-4127.88,-37817.8,340.461,workbook,,D8:wor:L12-1,2026-01-23
results.zip/day8.xlsx,117,L12-10,False,24.7313,34.8496,317.162,,8,8,L12-10,-2850.31,-37176.5,317.162,workbook,,D8:wor:L12-10,2026-01-23
results.zip/day8.xlsx,118,L12-11,False,24.7328,34.8506,314.647,,8,8,L12-11,-2745.82,-37010.5,314.647,workbook,,D8:wor:L12-11,2026-01-23
results.zip/day8.xlsx,119,L12-12,False,24.7339,34.8519,312.712,,8,8,L12-12,-2610.11,-36889.6,312.712,workbook,,D8:wor:L12-12,2026-01-23
results.zip/day8.xlsx,120,L12-13,False,24.7348,34.8535,310.224,,8,8,L12-13,-2454.58,-36796.1,310.224,workbook,,D8:wor:L12-13,2026-01-23
results.zip/day8.xlsx,121,L12-14,False,24.7337,34.8554,307.708,,8,8,L12-14,-2258.04,-36915.3,307.708,workbook,,D8:wor:L12-14,2026-01-23
results.zip/day8.xlsx,122,L12-15,False,24.7336,34.8572,305.06,,8,8,L12-15,-2077.51,-36931.2,305.06,workbook,,D8:wor:L12-15,2026-01-23
results.zip/day8.xlsx,123,L12-16,False,24.7351,34.8585,302.418,,8,8,L12-16,-1949.77,-36764.5,302.418,workbook,,D8:wor:L12-16,2026-01-23
results.zip/day8.xlsx,124,L12-17,False,24.7354,34.8598,300.463,,8,8,L12-17,-1811.72,-36722.6,300.463,workbook,,D8:wor:L12-17,2026-01-23
results.zip/day8.xlsx,125,L12-18,False,24.7347,34.8618,297.959,,8,8,L12-18,-1616,-36807.5,297.959,workbook,,D8:wor:L12-18,2026-01-23
results.zip/day8.xlsx,126,L12-19,False,24.7361,34.862,295.609,,8,8,L12-19,-1587.37,-36645.3,295.609,workbook,,D8:wor:L12-19,2026-01-23
results.zip/day8.xlsx,127,L12-2,False,24.7269,34.8381,337.958,,8,8,L12-2,-4015.02,-37670.3,337.958,workbook,,D8:wor:L12-2,2026-01-23
results.zip/day8.xlsx,128,L12-20,False,24.7376,34.8619,293.671,,8,8,L12-20,-1604.7,-36477.6,293.671,workbook,,D8:wor:L12-20,2026-01-23
results.zip/day8.xlsx,129,L12-21,False,24.7386,34.8633,290.838,,8,8,L12-21,-1461.46,-36372.1,290.838,workbook,,D8:wor:L12-21,2026-01-23
results.zip/day8.xlsx,130,L12-22,False,24.7383,34.8651,287.45,,8,8,L12-22,-1276.01,-36401.5,287.45,workbook,,D8:wor:L12-22,2026-01-23
results.zip/day8.xlsx,131,L12-23,False,24.7385,34.8669,284.878,,8,8,L12-23,-1099.24,-36384,284.878,workbook,,D8:wor:L12-23,2026-01-23
results.zip/day8.xlsx,132,L12-24,False,24.7393,34.8689,282.179,,8,8,L12-24,-898.562,-36300.1,282.179,workbook,,D8:wor:L12-24,2026-01-23
results.zip/day8.xlsx,133,L12-25,False,24.7394,34.8704,280.28,,8,8,L12-25,-737.206,-36282.9,280.28,workbook,,D8:wor:L12-25,2026-01-23
results.zip/day8.xlsx,134,L12-26,False,24.739,34.8727,277.38,,8,8,L12-26,-505.943,-36324.5,277.38,workbook,,D8:wor:L12-26,2026-01-23
results.zip/day8.xlsx,135,L12-27,False,24.7405,34.8739,274.537,,8,8,L12-27,-392.115,-36166.7,274.537,workbook,,D8:wor:L12-27,2026-01-23
results.zip/day8.xlsx,136,L12-28,False,24.7422,34.874,272.333,,8,8,L12-28,-378.662,-35971,272.333,workbook,,D8:wor:L12-28,2026-01-23
results.zip/day8.xlsx,137,L12-29,False,24.744,34.8734,269.917,,8,8,L12-29,-436.709,-35773.9,269.917,workbook,,D8:wor:L12-29,2026-01-23
results.zip/day8.xlsx,138,L12-3,False,24.7266,34.8405,334.715,,8,8,L12-3,-3765.76,-37700.3,334.715,workbook,,D8:wor:L12-3,2026-01-23
results.zip/day8.xlsx,139,L12-30,False,24.7449,34.8748,266.474,,8,8,L12-30,-296.221,-35676.1,266.474,workbook,,D8:wor:L12-30,2026-01-23
results.zip/day8.xlsx,140,L12-31,False,24.7444,34.8766,263.526,,8,8,L12-31,-113.006,-35730.1,263.526,workbook,,D8:wor:L12-31,2026-01-23
results.zip/day8.xlsx,141,L12-32,False,24.7433,34.8783,261.052,,8,8,L12-32,53.279,-35853.4,261.052,workbook,,D8:wor:L12-32,2026-01-23
results.zip/day8.xlsx,142,L12-33,False,24.7433,34.8801,258.47,,8,8,L12-33,236.472,-35855,258.47,workbook,,D8:wor:L12-33,2026-01-23
results.zip/day8.xlsx,143,L12-34,False,24.7444,34.8816,256.095,,8,8,L12-34,388.992,-35733.1,256.095,workbook,,D8:wor:L12-34,2026-01-23
results.zip/day8.xlsx,144,L12-4,False,24.7278,34.8416,332.531,,8,8,L12-4,-3653.25,-37565.3,332.531,workbook,,D8:wor:L12-4,2026-01-23
results.zip/day8.xlsx,145,L12-5,False,24.729,34.8432,329.59,,8,8,L12-5,-3498.13,-37431.9,329.59,workbook,,D8:wor:L12-5,2026-01-23
results.zip/day8.xlsx,146,L12-6,False,24.7287,34.8448,327.078,,8,8,L12-6,-3333.31,-37468,327.078,workbook,,D8:wor:L12-6,2026-01-23
results.zip/day8.xlsx,147,L12-7,False,24.7275,34.846,324.762,,8,8,L12-7,-3210.49,-37603.3,324.762,workbook,,D8:wor:L12-7,2026-01-23
results.zip/day8.xlsx,148,L12-8,False,24.7283,34.8476,322.01,,8,8,L12-8,-3050.42,-37515.8,322.01,workbook,,D8:wor:L12-8,2026-01-23
results.zip/day8.xlsx,149,L12-9,False,24.7296,34.8489,319.678,,8,8,L12-9,-2913.25,-37372.4,319.678,workbook,,D8:wor:L12-9,2026-01-23
results.zip/day8.xlsx,150,L13-1,False,24.802,34.9531,71.297,,8,8,L13-1,7616.2,-29346.8,71.297,workbook,,D8:wor:L13-1,2026-01-23
results.zip/day8.xlsx,151,L13-10,False,24.8137,34.9417,122.142,,8,8,L13-10,6469.21,-28051.6,122.142,workbook,,D8:wor:L13-10,2026-01-23
results.zip/day8.xlsx,152,L13-11,False,24.815,34.9405,127.431,,8,8,L13-11,6341.93,-27905.2,127.431,workbook,,D8:wor:L13-11,2026-01-23
results.zip/day8.xlsx,153,L13-12,False,24.8161,34.9389,132.432,,8,8,L13-12,6188.02,-27782.1,132.432,workbook,,D8:wor:L13-12,2026-01-23
results.zip/day8.xlsx,154,L13-13,False,24.8173,34.9373,138.69,,8,8,L13-13,6020.69,-27653.6,138.69,workbook,,D8:wor:L13-13,2026-01-23
results.zip/day8.xlsx,155,L13-14,False,24.8185,34.9358,144.299,,8,8,L13-14,5871.82,-27519.4,144.299,workbook,,D8:wor:L13-14,2026-01-23
results.zip/day8.xlsx,156,L13-15,False,24.8189,34.9349,147.795,,8,8,L13-15,5777.8,-27476.5,147.795,workbook,,D8:wor:L13-15,2026-01-23
results.zip/day8.xlsx,157,L13-2,False,24.8033,34.9517,76.861,,8,8,L13-2,7480.56,-29208.9,76.8613,workbook,,D8:wor:L13-2,2026-01-23
results.zip/day8.xlsx,158,L13-3,False,24.8046,34.9505,82.396,,8,8,L13-3,7354.38,-29053.9,82.3962,workbook,,D8:wor:L13-3,2026-01-23
results.zip/day8.xlsx,159,L13-4,False,24.806,34.9493,87.243,,8,8,L13-4,7236.45,-28899.4,87.2429,workbook,,D8:wor:L13-4,2026-01-23
results.zip/day8.xlsx,160,L13-5,False,24.8076,34.9485,92.495,,8,8,L13-5,7156.6,-28732.8,92.4951,workbook,,D8:wor:L13-5,2026-01-23
results.zip/day8.xlsx,161,L13-6,False,24.8085,34.9468,98.736,,8,8,L13-6,6983.62,-28632.3,98.7357,workbook,,D8:wor:L13-6,2026-01-23
results.zip/day8.xlsx,162,L13-7,False,24.8093,34.9452,104.556,,8,8,L13-7,6821.27,-28540.1,104.556,workbook,,D8:wor:L13-7,2026-01-23
results.zip/day8.xlsx,163,L13-8,False,24.8111,34.9445,110.786,,8,8,L13-8,6745.73,-28341.6,110.786,workbook,,D8:wor:L13-8,2026-01-23
results.zip/day8.xlsx,164,L13-9,False,24.8123,34.9431,116.353,,8,8,L13-9,6611.57,-28201.9,116.353,workbook,,D8:wor:L13-9,2026-01-23
results.zip/day8.xlsx,165,L14-1,False,24.8071,34.9721,47.783,,8,8,L14-1,9539.88,-28784.1,47.783,workbook,,D8:wor:L14-1,2026-01-23
results.zip/day8.xlsx,166,L14-2,False,24.8059,34.9731,54.987,,8,8,L14-2,9639.83,-28915.9,54.9868,workbook,,D8:wor:L14-2,2026-01-23
results.zip/day8.xlsx,167,L14-3,False,24.8044,34.9739,61.264,,8,8,L14-3,9717.92,-29080.6,61.2642,workbook,,D8:wor:L14-3,2026-01-23
results.zip/day8.xlsx,168,L14-4,False,24.8029,34.975,68.389,,8,8,L14-4,9830.08,-29249.1,68.3894,workbook,,D8:wor:L14-4,2026-01-23
results.zip/day8.xlsx,169,L14-5,False,24.8015,34.976,74.089,,8,8,L14-5,9930.89,-29396.9,74.0892,workbook,,D8:wor:L14-5,2026-01-23
results.zip/day8.xlsx,170,L14-6,False,24.7998,34.9769,80.467,,8,8,L14-6,10028.2,-29594.8,80.4667,workbook,,D8:wor:L14-6,2026-01-23
results.zip/day8.xlsx,171,L14-7,False,24.7982,34.9777,86.311,,8,8,L14-7,10108.3,-29761.5,86.3109,workbook,,D8:wor:L14-7,2026-01-23
results.zip/day8.xlsx,172,L14-8,False,24.7969,34.9787,92.517,,8,8,L14-8,10212,-29916,92.517,workbook,,D8:wor:L14-8,2026-01-23
results.zip/day8.xlsx,173,L14-9,False,24.7962,34.9802,99.063,,8,8,L14-9,10359.2,-29991,99.0632,workbook,,D8:wor:L14-9,2026-01-23
results.zip/day9.xlsx,3,520,False,24.7743,34.8136,327.149,,9,9,520,-6484.14,-32413.3,327.149,workbook,,D9:wor:520,2026-01-24
results.zip/day9.xlsx,4,521,False,24.7727,34.816,336.134,,9,9,521,-6248.73,-32590.4,336.134,workbook,,D9:wor:521,2026-01-24
results.zip/day9.xlsx,5,522,False,24.7717,34.8176,341.888,,9,9,522,-6078.12,-32705.9,341.888,workbook,,D9:wor:522,2026-01-24
results.zip/day9.xlsx,6,523,False,24.7704,34.8196,346.128,,9,9,523,-5882.19,-32845.1,346.128,workbook,,D9:wor:523,2026-01-24
results.zip/day9.xlsx,7,524,False,24.769,34.8213,340.259,,9,9,524,-5704.84,-33009.2,340.259,workbook,,D9:wor:524,2026-01-24
results.zip/day9.xlsx,8,525,False,24.7673,34.8235,334.078,,9,9,525,-5489.89,-33197.2,334.078,workbook,,D9:wor:525,2026-01-24
results.zip/day9.xlsx,9,526,False,24.7662,34.8259,328.793,,9,9,526,-5241.7,-33317.3,328.793,workbook,,D9:wor:526,2026-01-24
results.zip/day9.xlsx,10,527,False,24.7645,34.8277,324.057,,9,9,527,-5063.06,-33502.5,324.057,workbook,,D9:wor:527,2026-01-24
results.zip/day9.xlsx,11,528,False,24.7636,34.8301,319.188,,9,9,528,-4820.09,-33606.6,319.188,workbook,,D9:wor:528,2026-01-24
results.zip/day9.xlsx,12,529,False,24.7632,34.8328,314.377,,9,9,529,-4549.16,-33647.1,314.377,workbook,,D9:wor:529,2026-01-24
results.zip/day9.xlsx,13,530,False,24.7599,34.8363,308.088,,9,9,530,-4192.91,-34008.1,308.088,workbook,,D9:wor:530,2026-01-24
results.zip/day9.xlsx,14,531,False,24.758,34.8373,311.358,,9,9,531,-4087.14,-34218.7,311.358,workbook,,D9:wor:531,2026-01-24
results.zip/day9.xlsx,15,532,False,24.7565,34.8389,315.882,,9,9,532,-3927.24,-34389.6,315.882,workbook,,D9:wor:532,2026-01-24
results.zip/day9.xlsx,16,533,False,24.7546,34.8402,322.167,,9,9,533,-3793.97,-34598.8,322.167,workbook,,D9:wor:533,2026-01-24
results.zip/day9.xlsx,17,534,False,24.7521,34.8417,323.013,,9,9,534,-3645.87,-34872.5,323.013,workbook,,D9:wor:534,2026-01-24
results.zip/day9.xlsx,18,535,False,24.7504,34.8421,335.125,,9,9,535,-3605.01,-35059.9,335.125,workbook,,D9:wor:535,2026-01-24
results.zip/day9.xlsx,19,536,False,24.7475,34.8431,325.383,,9,9,536,-3503.34,-35380.8,325.383,workbook,,D9:wor:536,2026-01-24
results.zip/day9.xlsx,20,537,False,24.7446,34.8451,331.391,,9,9,537,-3298.86,-35705.5,331.391,workbook,,D9:wor:537,2026-01-24
results.zip/day9.xlsx,21,538,False,24.7432,34.8467,320.513,,9,9,538,-3138.7,-35863.3,320.513,workbook,,D9:wor:538,2026-01-24
results.zip/day9.xlsx,22,539,False,24.742,34.8479,319.658,,9,9,539,-3015.8,-35998.9,319.658,workbook,,D9:wor:539,2026-01-24
results.zip/day9.xlsx,23,540,False,24.7444,34.8499,313.804,,9,9,540,-2817.05,-35727.9,313.804,workbook,,D9:wor:540,2026-01-24
results.zip/day9.xlsx,24,548,False,24.7526,34.8606,276.81,,9,9,548,-1729.51,-34818.5,276.81,workbook,,D9:wor:548,2026-01-24
results.zip/day9.xlsx,25,552,False,24.7502,34.8557,293.256,,9,9,552,-2231.05,-35088,293.256,workbook,,D9:wor:552,2026-01-24
results.zip/day9.xlsx,26,555,False,24.7447,34.854,305.234,,9,9,555,-2402.86,-35694.3,305.234,workbook,,D9:wor:555,2026-01-24
results.zip/day9.xlsx,27,556,False,24.7442,34.8518,310.106,,9,9,556,-2627.85,-35747.8,310.106,workbook,,D9:wor:556,2026-01-24
results.zip/day9.xlsx,28,BASE24-01-2026,False,25.0668,34.8777,36.501,,9,9,BASE24-01-2026,-8.624,-21.541,36.5011,workbook,hotel_0,D9:wor:BASE24-01-2026,2026-01-24
results.zip/day9.xlsx,29,L15-1,False,24.6893,34.8927,242.249,,9,9,L15-1,1512.28,-41829.4,242.249,workbook,,D9:wor:L15-1,2026-01-24
results.zip/day9.xlsx,30,L15-10,False,24.6874,34.877,263.036,,9,9,L15-10,-77.041,-42049.1,263.036,workbook,,D9:wor:L15-10,2026-01-24
results.zip/day9.xlsx,31,L15-11,False,24.6862,34.8753,265.172,,9,9,L15-11,-246.219,-42176.4,265.172,workbook,,D9:wor:L15-11,2026-01-24
results.zip/day9.xlsx,32,L15-12,False,24.6859,34.8737,267.316,,9,9,L15-12,-406.25,-42205.4,267.316,workbook,,D9:wor:L15-12,2026-01-24
results.zip/day9.xlsx,33,L15-13,False,24.6871,34.8721,270.201,,9,9,L15-13,-573.046,-42078,270.201,workbook,,D9:wor:L15-13,2026-01-24
results.zip/day9.xlsx,34,L15-14,False,24.6879,34.8706,272.917,,9,9,L15-14,-723.203,-41985.2,272.917,workbook,,D9:wor:L15-14,2026-01-24
results.zip/day9.xlsx,35,L15-15,False,24.6866,34.8693,275.745,,9,9,L15-15,-852.468,-42132.3,275.745,workbook,,D9:wor:L15-15,2026-01-24
results.zip/day9.xlsx,36,L15-16,False,24.6851,34.869,278.434,,9,9,L15-16,-880.407,-42294.4,278.434,workbook,,D9:wor:L15-16,2026-01-24
results.zip/day9.xlsx,37,L15-17,False,24.6852,34.8674,281.635,,9,9,L15-17,-1049.37,-42292.5,281.635,workbook,,D9:wor:L15-17,2026-01-24
results.zip/day9.xlsx,38,L15-18,False,24.6859,34.8658,283.689,,9,9,L15-18,-1205.33,-42209.7,283.689,workbook,,D9:wor:L15-18,2026-01-24
results.zip/day9.xlsx,39,L15-19,False,24.6852,34.864,285.938,,9,9,L15-19,-1390.49,-42290.6,285.938,workbook,,D9:wor:L15-19,2026-01-24
results.zip/day9.xlsx,40,L15-2,False,24.6885,34.8909,244.508,,9,9,L15-2,1328.14,-41916.9,244.508,workbook,,D9:wor:L15-2,2026-01-24
results.zip/day9.xlsx,41,L15-20,False,24.6848,34.8622,288.587,,9,9,L15-20,-1573.12,-42326.8,288.587,workbook,,D9:wor:L15-20,2026-01-24
results.zip/day9.xlsx,42,L15-21,False,24.6866,34.8616,291.153,,9,9,L15-21,-1628.54,-42127.5,291.153,workbook,,D9:wor:L15-21,2026-01-24
results.zip/day9.xlsx,43,L15-22,False,24.6878,34.8626,293.82,,9,9,L15-22,-1533.79,-41994.4,293.82,workbook,,D9:wor:L15-22,2026-01-24
results.zip/day9.xlsx,44,L15-23,False,24.6895,34.8626,296.417,,9,9,L15-23,-1536.7,-41813.1,296.417,workbook,,D9:wor:L15-23,2026-01-24
results.zip/day9.xlsx,45,L15-24,False,24.6903,34.8608,297.427,,9,9,L15-24,-1718.57,-41720.5,297.427,workbook,,D9:wor:L15-24,2026-01-24
results.zip/day9.xlsx,46,L15-25,False,24.692,34.8602,301.914,,9,9,L15-25,-1773.04,-41529.7,301.914,workbook,,D9:wor:L15-25,2026-01-24
results.zip/day9.xlsx,47,L15-26,False,24.6935,34.8591,304.128,,9,9,L15-26,-1882.26,-41365.4,304.128,workbook,,D9:wor:L15-26,2026-01-24
results.zip/day9.xlsx,48,L15-29,False,24.696,34.8538,311.442,,9,9,L15-29,-2427.18,-41092,311.442,workbook,,D9:wor:L15-29,2026-01-24
results.zip/day9.xlsx,49,L15-3,False,24.688,34.8889,247.329,,9,9,L15-3,1133.16,-41980.4,247.329,workbook,,D9:wor:L15-3,2026-01-24
results.zip/day9.xlsx,50,L15-30,False,24.6967,34.8521,313.63,,9,9,L15-30,-2599.43,-41016.9,313.63,workbook,,D9:wor:L15-30,2026-01-24
results.zip/day9.xlsx,51,L15-31,False,24.6979,34.8509,316.079,,9,9,L15-31,-2719.96,-40874.8,316.079,workbook,,D9:wor:L15-31,2026-01-24
results.zip/day9.xlsx,52,L15-32,False,24.6994,34.8498,317.734,,9,9,L15-32,-2824.73,-40719.4,317.734,workbook,,D9:wor:L15-32,2026-01-24
results.zip/day9.xlsx,53,L15-4,False,24.6879,34.8869,249.233,,9,9,L15-4,926.207,-41986.3,249.233,workbook,,D9:wor:L15-4,2026-01-24
results.zip/day9.xlsx,54,L15-41,False,24.7094,34.8362,340.056,,9,9,L15-41,-4206.07,-39605.5,340.056,workbook,,D9:wor:L15-41,2026-01-24
results.zip/day9.xlsx,55,L15-47,False,24.7128,34.8258,356.496,,9,9,L15-47,-5253.5,-39232.9,356.496,workbook,,D9:wor:L15-47,2026-01-24
results.zip/day9.xlsx,56,L15-5,False,24.6879,34.8851,251.188,,9,9,L15-5,741.082,-41990.1,251.188,workbook,,D9:wor:L15-5,2026-01-24
results.zip/day9.xlsx,57,L15-51,False,24.7146,34.8186,369.413,,9,9,L15-51,-5987.95,-39025.5,369.413,workbook,,D9:wor:L15-51,2026-01-24
results.zip/day9.xlsx,58,L15-56,False,24.7149,34.8094,389.427,,9,9,L15-56,-6917.83,-38991,389.427,workbook,,D9:wor:L15-56,2026-01-24
results.zip/day9.xlsx,59,L15-57,False,24.7161,34.8081,393.856,,9,9,L15-57,-7049.93,-38857.3,393.856,workbook,,D9:wor:L15-57,2026-01-24
results.zip/day9.xlsx,60,L15-58,False,24.7176,34.8069,399.088,,9,9,L15-58,-7167.56,-38691.9,399.088,workbook,,D9:wor:L15-58,2026-01-24
results.zip/day9.xlsx,61,L15-59,False,24.7183,34.8052,402.898,,9,9,L15-59,-7343.24,-38619,402.898,workbook,,D9:wor:L15-59,2026-01-24
results.zip/day9.xlsx,62,L15-6,False,24.6878,34.883,253.354,,9,9,L15-6,530.811,-42000.3,253.354,workbook,,D9:wor:L15-6,2026-01-24
results.zip/day9.xlsx,63,L15-60,False,24.7188,34.803,407.723,,9,9,L15-60,-7562.12,-38568.1,407.723,workbook,,D9:wor:L15-60,2026-01-24
results.zip/day9.xlsx,64,L15-7,False,24.6867,34.8816,255.421,,9,9,L15-7,392.008,-42125,255.421,workbook,,D9:wor:L15-7,2026-01-24
results.zip/day9.xlsx,65,L15-8,False,24.686,34.8802,258.319,,9,9,L15-8,245.004,-42204.1,258.319,workbook,,D9:wor:L15-8,2026-01-24
results.zip/day9.xlsx,66,L15-9,False,24.687,34.8785,260.302,,9,9,L15-9,80.733,-42093.1,260.302,workbook,,D9:wor:L15-9,2026-01-24
results.zip/day1.kml,,MRSA,False,25.067,34.8777,48.9861,,1,,MRSA,0,0,48.9861,kml_reference_or_label,gnss_reference_MRSA,D1:kml:MRSA,2026-01-16
results.zip/day2.kml,,MRSA,False,25.0669,34.8778,48.861,,2,,MRSA,2.35,-0.761,48.861,kml_reference_or_label,gnss_reference_MRSA,D2:kml:MRSA,2026-01-17
results.zip/day3.kml,,1-172,False,24.7641,34.7999,324.232,,3,,1-172,-7870.79,-33540.7,324.232,kml_only,,D3:kml:1-172,2026-01-18
results.zip/day3.kml,,1-180,False,24.753,34.7935,344.977,,3,,1-180,-8518.92,-34779.8,344.977,kml_only,,D3:kml:1-180,2026-01-18
results.zip/day3.kml,,,False,24.7861,34.8092,288.801,,3,,,-6928.08,-31107.1,288.801,kml_reference_or_label,,D3:kml:,2026-01-18
results.zip/day3.kml,,DEFAULT,False,24.7862,34.8092,296.111,,3,,DEFAULT,-6927.82,-31098.3,296.111,kml_reference_or_label,,D3:kml:DEFAULT,2026-01-18
results.zip/day3.kml,,MRSA,False,25.0669,34.8778,48.883,,3,,MRSA,2.35,-0.761,48.883,kml_reference_or_label,gnss_reference_MRSA,D3:kml:MRSA,2026-01-18
results.zip/day4.kml,,1-189,False,24.7474,34.7926,355.004,,4,,1-189,-8616.98,-35392.1,355.004,kml_only,,D4:kml:1-189,2026-01-19
results.zip/day4.kml,,1-194,False,24.7383,34.7894,373.508,,4,,1-194,-8932.02,-36399.2,373.508,kml_only,,D4:kml:1-194,2026-01-19
results.zip/day4.kml,,1-202,False,24.7232,34.7854,403.157,,4,,1-202,-9342.49,-38075.4,403.157,kml_only,,D4:kml:1-202,2026-01-19
results.zip/day4.kml,,1-210,False,24.7091,34.7852,436.525,,4,,1-210,-9362.19,-39637.7,436.525,kml_only,,D4:kml:1-210,2026-01-19
results.zip/day4.kml,,1-211,False,24.7075,34.7836,441.557,,4,,1-211,-9520.59,-39813.3,441.557,kml_only,,D4:kml:1-211,2026-01-19
results.zip/day4.kml,,1-213,False,24.7062,34.7797,450.412,,4,,1-213,-9921.97,-39958.4,450.412,kml_only,,D4:kml:1-213,2026-01-19
results.zip/day4.kml,,1-216,False,24.7072,34.774,462.549,,4,,1-216,-10493.2,-39841.8,462.549,kml_only,,D4:kml:1-216,2026-01-19
results.zip/day4.kml,,1-221,False,24.7062,34.7641,486.511,,4,,1-221,-11495,-39959.7,486.511,kml_only,,D4:kml:1-221,2026-01-19
results.zip/day4.kml,,1-223,False,24.7072,34.76,498.277,,4,,1-223,-11913.3,-39840.2,498.277,kml_only,,D4:kml:1-223,2026-01-19
results.zip/day4.kml,,1-224,False,24.7076,34.7584,502.07,,4,,1-224,-12071.3,-39800.8,502.07,kml_only,,D4:kml:1-224,2026-01-19
results.zip/day4.kml,,1-225,False,24.7075,34.7578,501.413,,4,,1-225,-12135.9,-39814.9,501.413,kml_only,,D4:kml:1-225,2026-01-19
results.zip/day4.kml,,1-228,False,24.7549,34.7876,352.38,,4,,1-228,-9114.67,-34560.2,352.38,kml_only,,D4:kml:1-228,2026-01-19
results.zip/day4.kml,,1-235,False,24.7524,34.7741,372.841,,4,,1-235,-10485.1,-34845.2,372.841,kml_only,,D4:kml:1-235,2026-01-19
results.zip/day4.kml,,1-237,False,24.7497,34.7709,377.512,,4,,1-237,-10805,-35138.6,377.512,kml_only,,D4:kml:1-237,2026-01-19
results.zip/day4.kml,,L7-3,False,24.8142,34.8441,233.072,,4,,L7-3,-3405.34,-28001.7,233.072,kml_only,,D4:kml:L7-3,2026-01-19
results.zip/day4.kml,,L7-7,False,24.8184,34.8403,252.494,,4,,L7-7,-3780.21,-27537.6,252.494,kml_only,,D4:kml:L7-7,2026-01-19
results.zip/day4.kml,,L7-10,False,24.8218,34.8367,265.752,,4,,L7-10,-4146.71,-27160.6,265.752,kml_only,,D4:kml:L7-10,2026-01-19
results.zip/day4.kml,,L7-12,False,24.824,34.8334,274.723,,4,,L7-12,-4486.98,-26908.2,274.723,kml_only,,D4:kml:L7-12,2026-01-19
results.zip/day4.kml,,MRSA,False,25.0669,34.8778,48.868,,4,,MRSA,2.35,-0.761,48.868,kml_reference_or_label,gnss_reference_MRSA,D4:kml:MRSA,2026-01-19
results.zip/day5.kml,,1-291,False,24.7345,34.7446,430.705,,5,,1-291,-13468.9,-36824.3,430.705,kml_only,,D5:kml:1-291,2026-01-20
results.zip/day5.kml,,DEFAULT,False,24.7867,34.9338,111.82,,5,,DEFAULT,5664.77,-31037.6,111.82,kml_reference_or_label,,D5:kml:DEFAULT,2026-01-20
results.zip/day5.kml,,MRSA,False,25.0669,34.8778,48.868,,5,,MRSA,2.35,-0.761,48.868,kml_reference_or_label,gnss_reference_MRSA,D5:kml:MRSA,2026-01-20
results.zip/day6.kml,,1-341,False,24.7074,34.7663,486.21,,6,,1-341,-11272.1,-39827.9,486.21,kml_only,,D6:kml:1-341,2026-01-21
results.zip/day6.kml,,1-349,False,24.7125,34.7853,429.003,,6,,1-349,-9357.72,-39259.1,429.003,kml_only,,D6:kml:1-349,2026-01-21
results.zip/day6.kml,,1-350,False,24.7122,34.7845,434.22,,6,,1-350,-9431.25,-39292.1,434.22,kml_only,,D6:kml:1-350,2026-01-21
results.zip/day6.kml,,MRSA,False,25.0669,34.8778,48.868,,6,,MRSA,2.35,-0.761,48.868,kml_reference_or_label,gnss_reference_MRSA,D6:kml:MRSA,2026-01-21
results.zip/day7.kml,,1-419,False,24.796,34.8091,283.876,,7,,1-419,-6942.6,-30014.7,283.876,kml_only,,D7:kml:1-419,2026-01-22
results.zip/day7.kml,,1-420,False,24.798,34.8088,289.5,,7,,1-420,-6975.19,-29785.8,289.5,kml_only,,D7:kml:1-420,2026-01-22
results.zip/day7.kml,,1-421,False,24.7995,34.8076,294.993,,7,,1-421,-7096.4,-29623.8,294.993,kml_only,,D7:kml:1-421,2026-01-22
results.zip/day7.kml,,1-428,False,24.8081,34.8032,331.218,,7,,1-428,-7537.63,-28674.7,331.218,kml_only,,D7:kml:1-428,2026-01-22
results.zip/day7.kml,,MRSA,False,25.0669,34.8778,48.868,,7,,MRSA,2.35,-0.761,48.868,kml_reference_or_label,gnss_reference_MRSA,D7:kml:MRSA,2026-01-22
results.zip/day8.kml,,1-464,False,24.7318,34.8498,319.139,,8,,1-464,-2830.42,-37125.8,319.139,kml_only,,D8:kml:1-464,2026-01-23
results.zip/day8.kml,,1-489,False,24.7437,34.822,363.062,,8,,1-489,-5638.54,-35802.7,363.062,kml_only,,D8:kml:1-489,2026-01-23
results.zip/day8.kml,,1-492,False,24.7513,34.8238,351.814,,8,,1-492,-5458.17,-34969.9,351.814,kml_only,,D8:kml:1-492,2026-01-23
results.zip/day8.kml,,1-493,False,24.7534,34.8241,345.482,,8,,1-493,-5427.35,-34731.3,345.482,kml_only,,D8:kml:1-493,2026-01-23
results.zip/day8.kml,,1-494,False,24.756,34.8246,340.252,,8,,1-494,-5375.66,-34440,340.252,kml_only,,D8:kml:1-494,2026-01-23
results.zip/day8.kml,,1-495,False,24.7586,34.8257,334.996,,8,,1-495,-5263.24,-34157.7,334.996,kml_only,,D8:kml:1-495,2026-01-23
results.zip/day8.kml,,MRSA,False,25.0669,34.8778,48.868,,8,,MRSA,2.35,-0.761,48.868,kml_reference_or_label,gnss_reference_MRSA,D8:kml:MRSA,2026-01-23
results.zip/day9.kml,,518,False,24.776,34.8095,313.704,,9,,518,-6900.54,-32222.5,313.704,kml_only,,D9:kml:518,2026-01-24
results.zip/day9.kml,,519,False,24.7752,34.8115,319.596,,9,,519,-6697.64,-32312.3,319.596,kml_only,,D9:kml:519,2026-01-24
results.zip/day9.kml,,541,False,24.7609,34.8587,260.108,,9,,541,-1921.44,-33901.7,260.108,kml_only,,D9:kml:541,2026-01-24
results.zip/day9.kml,,542,False,24.7585,34.8599,266.358,,9,,542,-1808.4,-34163.8,266.358,kml_only,,D9:kml:542,2026-01-24
results.zip/day9.kml,,543,False,24.7565,34.8616,267.765,,9,,543,-1634.03,-34393.5,267.765,kml_only,,D9:kml:543,2026-01-24
results.zip/day9.kml,,544,False,24.7557,34.8634,270.436,,9,,544,-1445.58,-34477.7,270.436,kml_only,,D9:kml:544,2026-01-24
results.zip/day9.kml,,545,False,24.7554,34.8647,277.668,,9,,545,-1316.67,-34505.9,277.668,kml_only,,D9:kml:545,2026-01-24
results.zip/day9.kml,,546,False,24.7552,34.863,270.308,,9,,546,-1492.22,-34532.9,270.308,kml_only,,D9:kml:546,2026-01-24
results.zip/day9.kml,,547,False,24.7542,34.861,270.565,,9,,547,-1690.76,-34642.1,270.565,kml_only,,D9:kml:547,2026-01-24
results.zip/day9.kml,,549,False,24.7531,34.8589,284.997,,9,,549,-1909,-34768.9,284.997,kml_only,,D9:kml:549,2026-01-24
results.zip/day9.kml,,551,False,24.7506,34.8577,290.292,,9,,551,-2022.78,-35038.1,290.292,kml_only,,D9:kml:551,2026-01-24
results.zip/day9.kml,,553,False,24.7484,34.8548,297.136,,9,,553,-2320.56,-35284,297.136,kml_only,,D9:kml:553,2026-01-24
results.zip/day9.kml,,554,False,24.7466,34.8538,302.086,,9,,554,-2425.71,-35481.9,302.086,kml_only,,D9:kml:554,2026-01-24
results.zip/day9.kml,,557,False,24.7439,34.8492,315.141,,9,,557,-2882.68,-35779.9,315.141,kml_only,,D9:kml:557,2026-01-24
results.zip/day9.kml,,Base 100,False,24.7867,34.9338,111.811,,9,,Base 100,5664.78,-31037.8,111.811,kml_only,base_100,D9:kml:Base 100,2026-01-24
results.zip/day9.kml,,L15-27,False,24.6948,34.8577,306.837,,9,,L15-27,-2031.24,-41229.1,306.837,kml_only,,D9:kml:L15-27,2026-01-24
results.zip/day9.kml,,L15-28,False,24.6955,34.8558,308.697,,9,,L15-28,-2218.7,-41144.8,308.697,kml_only,,D9:kml:L15-28,2026-01-24
results.zip/day9.kml,,L15-33,False,24.7006,34.8484,317.647,,9,,L15-33,-2969.94,-40576.6,317.647,kml_only,,D9:kml:L15-33,2026-01-24
results.zip/day9.kml,,L15-34,False,24.7021,34.8472,322.822,,9,,L15-34,-3092.66,-40412.1,322.822,kml_only,,D9:kml:L15-34,2026-01-24
results.zip/day9.kml,,L15-35,False,24.7034,34.8464,324.687,,9,,L15-35,-3174.22,-40270.5,324.687,kml_only,,D9:kml:L15-35,2026-01-24
results.zip/day9.kml,,L15-36,False,24.7044,34.8446,327.252,,9,,L15-36,-3356.61,-40161.5,327.252,kml_only,,D9:kml:L15-36,2026-01-24
results.zip/day9.kml,,L15-37,False,24.7057,34.8431,328.519,,9,,L15-37,-3508.42,-40017.4,328.519,kml_only,,D9:kml:L15-37,2026-01-24
results.zip/day9.kml,,L15-38,False,24.7066,34.8415,329.955,,9,,L15-38,-3666.44,-39920.2,329.955,kml_only,,D9:kml:L15-38,2026-01-24
results.zip/day9.kml,,L15-39,False,24.708,34.8398,334.099,,9,,L15-39,-3840.81,-39765.4,334.099,kml_only,,D9:kml:L15-39,2026-01-24
results.zip/day9.kml,,L15-40,False,24.7085,34.8384,336.251,,9,,L15-40,-3978.27,-39703.5,336.251,kml_only,,D9:kml:L15-40,2026-01-24
results.zip/day9.kml,,L15-42,False,24.7095,34.8342,341.927,,9,,L15-42,-4408.79,-39592.7,341.927,kml_only,,D9:kml:L15-42,2026-01-24
results.zip/day9.kml,,L15-43,False,24.7096,34.8322,344.902,,9,,L15-43,-4605.54,-39584.2,344.902,kml_only,,D9:kml:L15-43,2026-01-24
results.zip/day9.kml,,L15-44,False,24.7107,34.8308,345.669,,9,,L15-44,-4752.65,-39467.3,345.669,kml_only,,D9:kml:L15-44,2026-01-24
results.zip/day9.kml,,L15-45,False,24.7114,34.829,349.016,,9,,L15-45,-4930.67,-39379.6,349.016,kml_only,,D9:kml:L15-45,2026-01-24
results.zip/day9.kml,,L15-46,False,24.7116,34.827,352.453,,9,,L15-46,-5133.57,-39366.9,352.453,kml_only,,D9:kml:L15-46,2026-01-24
results.zip/day9.kml,,L15-48,False,24.7132,34.8238,359.575,,9,,L15-48,-5454.34,-39188.3,359.575,kml_only,,D9:kml:L15-48,2026-01-24
results.zip/day9.kml,,L15-49,False,24.7133,34.822,362.848,,9,,L15-49,-5636.6,-39172.5,362.848,kml_only,,D9:kml:L15-49,2026-01-24
results.zip/day9.kml,,L15-50,False,24.7141,34.8205,365.472,,9,,L15-50,-5792.95,-39085.9,365.472,kml_only,,D9:kml:L15-50,2026-01-24
results.zip/day9.kml,,L15-52,False,24.7148,34.8166,372.877,,9,,L15-52,-6183.66,-39002.3,372.877,kml_only,,D9:kml:L15-52,2026-01-24
results.zip/day9.kml,,L15-53,False,24.7144,34.8148,376.801,,9,,L15-53,-6371.32,-39050.7,376.801,kml_only,,D9:kml:L15-53,2026-01-24
results.zip/day9.kml,,L15-54,False,24.7136,34.813,381.251,,9,,L15-54,-6548.06,-39143.2,381.251,kml_only,,D9:kml:L15-54,2026-01-24
results.zip/day9.kml,,L15-55,False,24.7144,34.8113,390.223,,9,,L15-55,-6722.66,-39050.4,390.223,kml_only,,D9:kml:L15-55,2026-01-24
results.zip/day9.kml,,MRSA,False,25.0669,34.8778,48.868,,9,,MRSA,2.35,-0.761,48.868,kml_reference_or_label,gnss_reference_MRSA,D9:kml:MRSA,2026-01-24
