occ_id,instrument,date,line,station,role,occ_key,t_start,t_end,t_mid,n_readings,n_accepted,g_occ,g_range,g_scatter_se,sigma_occ,lat_cg6,lon_cg6,elev_cg6,cg6_gps_spread_m,reject_reasons,warnings,usable,occ_flags,gnss_day,gnss_file,match_status,gnss_uid,gnss_point_id,gnss_point_id_kml,gnss_source,gnss_source_type,match_dist_m,second_dist_m,second_point_id,id_consistent,lat,lon,h_gnss_original,h_err_reported,day_height_shift_m,h_used,h_sigma_m,dist_to_base100_mark_m,dist_to_hotel_mark_m,valid_control,g100_interp,g100_sigma,drift_mode,ctrl_before,ctrl_after,dg100_mgal,dg100_sigma_mgal,retie_offset_mgal
1,CG6-0313,2026-01-16,0,0,hotel_base_0,CG6-0313|2026-01-16|L0|S0,2026-01-16 03:54:27,2026-01-16 03:57:27,2026-01-16 03:55:57.000000,4,4,9409.4,0.0132348,0.00333596,0.00333596,25.0668,34.8777,42.7,0,,,True,,1,day1,MATCHED,D1:wor:Base0,Base0,Base0,results.zip/day1.xlsx,workbook,11.784,,,True,25.0668,34.8776,36.616,0.037,0,36.616,0.15,31654.2,11.0742,True,9344.08,0.086857,AT_CONTROL,1,1,65.3243,0.0869211,0
2,CG6-0313,2026-01-16,0,100,field_base_100,CG6-0313|2026-01-16|L0|S100,2026-01-16 06:08:36,2026-01-16 06:11:36,2026-01-16 06:10:06.000000,4,4,9344.08,0.0136285,0.00317517,0.00317517,24.7868,34.9338,97.4,0,,,True,,1,day1,MATCHED,D1:wor:B100 16-01-2026,B100 16-01-2026,B100 16-01-2026,results.zip/day1.xlsx,workbook,1.82893,,,True,24.7868,34.9337,111.885,0.045,0,111.885,0.15,0.7018,31645,True,9344.08,0.00317517,AT_CONTROL,2,2,0,0.00449037,0
3,CG6-0313,2026-01-16,0,100,field_base_100,CG6-0313|2026-01-16|L0|S100,2026-01-16 06:52:46,2026-01-16 06:56:30,2026-01-16 06:54:38.000000,4,4,9344.64,0.0127686,0.00265701,0.00265701,24.7868,34.9338,106.5,0,,STDDEV_GT_0.050,True,,1,day1,MATCHED,D1:wor:B100 16-01-2026,B100 16-01-2026,B100 16-01-2026,results.zip/day1.xlsx,workbook,2.22286,,,True,24.7868,34.9337,111.885,0.045,0,111.885,0.15,1.02892,31644.5,True,9344.64,0.00265701,AT_CONTROL,3,3,0,0.00375759,0
4,CG6-0313,2026-01-16,2,1,field,CG6-0313|2026-01-16|L2|S1,2026-01-16 07:13:57,2026-01-16 07:14:57,2026-01-16 07:14:27.000000,2,2,9343.97,0.0472874,0.0236437,0.0236437,24.7847,34.9343,114.2,0,,,True,,1,day1,MATCHED,D1:wor:2-1,2-1,2-1,results.zip/day1.xlsx,workbook,4.92015,221.908,2-2,True,24.7848,34.9343,115.146,0.159,0,115.146,0.15,229.547,31874.9,False,9344.63,0.0532354,INTERPOLATED,3,30,-0.659886,0.0582498,0
5,CG6-0313,2026-01-16,2,2,field,CG6-0313|2026-01-16|L2|S2,2026-01-16 07:20:33,2026-01-16 07:21:33,2026-01-16 07:21:03.000000,2,2,9343.68,0.0213928,0.0106964,0.0106964,24.7827,34.9341,98.9,0,,,True,,1,day1,MATCHED,D1:wor:2-2,2-2,2-2,results.zip/day1.xlsx,workbook,4.28031,174.731,2-3,True,24.7828,34.934,119.294,0.163,0,119.294,0.15,448.145,32091,False,9344.63,0.0532361,INTERPOLATED,3,30,-0.945966,0.0543,0
6,CG6-0313,2026-01-16,2,3,field,CG6-0313|2026-01-16|L2|S3,2026-01-16 07:26:00,2026-01-16 07:27:00,2026-01-16 07:26:30.000000,2,2,9343.12,0.000675488,0.000337744,0.00183984,24.7832,34.9324,110.3,0,,,True,,1,day1,MATCHED,D1:wor:2-3,2-3,2-3,results.zip/day1.xlsx,workbook,2.07647,170.334,2-2,True,24.7832,34.9324,121.67,0.148,0,121.67,0.15,412.908,32006.5,False,9344.62,0.0532377,INTERPOLATED,3,30,-1.50504,0.0532695,0
7,CG6-0313,2026-01-16,2,4,field,CG6-0313|2026-01-16|L2|S4,2026-01-16 07:32:09,2026-01-16 07:33:09,2026-01-16 07:32:39.000000,2,2,9342.4,0.0239551,0.0119775,0.0119775,24.7835,34.9305,118.1,0,,,True,,1,day1,MATCHED,D1:wor:2-4,2-4,2-4,results.zip/day1.xlsx,workbook,1.93693,193.699,2-3,True,24.7835,34.9305,126.306,0.158,0,126.306,0.15,482.306,31939.9,False,9344.62,0.0532406,INTERPOLATED,3,30,-2.22101,0.0545713,0
8,CG6-0313,2026-01-16,2,5,field,CG6-0313|2026-01-16|L2|S5,2026-01-16 07:37:19,2026-01-16 07:38:19,2026-01-16 07:37:49.000000,2,2,9341.89,0.0123627,0.00618136,0.00618136,24.7825,34.9289,127.6,0,,,True,,1,day1,MATCHED,D1:wor:2-5,2-5,2-5,results.zip/day1.xlsx,workbook,0.960256,196.657,2-6,True,24.7824,34.9289,129.586,0.167,0,129.586,0.15,685.21,32033,False,9344.62,0.0532441,INTERPOLATED,3,30,-2.73078,0.0536017,0
9,CG6-0313,2026-01-16,2,6,field,CG6-0313|2026-01-16|L2|S6,2026-01-16 07:41:46,2026-01-16 07:42:46,2026-01-16 07:42:16.000000,2,2,9341.55,0.0126215,0.00631074,0.00631074,24.7824,34.9269,130.4,0,,,True,,1,day1,MATCHED,D1:wor:2-6,2-6,2-6,results.zip/day1.xlsx,workbook,2.10157,195.92,2-5,True,24.7824,34.9269,132.105,0.155,0,132.105,0.15,840.028,32006.8,False,9344.62,0.0532478,INTERPOLATED,3,30,-3.0625,0.0536204,0
10,CG6-0313,2026-01-16,2,7,field,CG6-0313|2026-01-16|L2|S7,2026-01-16 07:52:11,2026-01-16 07:53:11,2026-01-16 07:52:41.000000,2,2,9340.99,0.00171708,0.00085854,0.00172047,24.7828,34.925,131.4,0,,,True,,1,day1,MATCHED,D1:wor:2-7,2-7,2-7,results.zip/day1.xlsx,workbook,2.43784,173.431,2-8,True,24.7828,34.925,135.288,0.167,0,135.288,0.15,987.677,31937,False,9344.61,0.0532589,INTERPOLATED,3,30,-3.6196,0.0532867,0
11,CG6-0313,2026-01-16,2,8,field,CG6-0313|2026-01-16|L2|S8,2026-01-16 07:57:32,2026-01-16 07:58:32,2026-01-16 07:58:02.000000,2,2,9340.67,0.0150376,0.0075188,0.0075188,24.7823,34.9234,131.9,0,,,True,,1,day1,MATCHED,D1:wor:2-8,2-8,2-8,results.zip/day1.xlsx,workbook,3.67891,169.508,2-7,True,24.7823,34.9234,137.605,0.21,0,137.605,0.15,1157.07,31961.4,False,9344.61,0.053266,INTERPOLATED,3,30,-3.93595,0.053794,0
12,CG6-0313,2026-01-16,2,9,field,CG6-0313|2026-01-16|L2|S9,2026-01-16 08:03:02,2026-01-16 08:04:02,2026-01-16 08:03:32.000000,2,2,9339.53,0.0126591,0.00632956,0.00632956,24.781,34.922,138.8,0,,,True,,1,day1,MATCHED,D1:wor:2-9,2-9,2-9,results.zip/day1.xlsx,workbook,0.985496,204.718,2-8,True,24.781,34.922,140.637,0.183,0,140.637,0.15,1352.66,32090.6,False,9344.61,0.0532743,INTERPOLATED,3,30,-5.07105,0.053649,0
13,CG6-0313,2026-01-16,2,10,field,CG6-0313|2026-01-16|L2|S10,2026-01-16 08:07:23,2026-01-16 08:08:23,2026-01-16 08:07:53.000000,2,2,9338.85,0.000923584,0.000461792,0.00188215,24.7812,34.9199,140.25,0,,,True,,1,day1,MATCHED,D1:wor:2-10,2-10,2-10,results.zip/day1.xlsx,workbook,1.47767,183.394,2-11,True,24.7812,34.9199,143.34,0.215,0,143.34,0.15,1525.12,32038.2,False,9344.6,0.0532815,INTERPOLATED,3,30,-5.74836,0.0533147,0
14,CG6-0313,2026-01-16,2,11,field,CG6-0313|2026-01-16|L2|S11,2026-01-16 08:11:33,2026-01-16 08:12:33,2026-01-16 08:12:03.000000,2,2,9338.51,0.0119068,0.00595341,0.00595341,24.7807,34.9182,134.2,0,,,True,,1,day1,MATCHED,D1:wor:2-11,2-11,2-11,results.zip/day1.xlsx,workbook,4.85861,182.731,2-10,True,24.7807,34.9182,146.076,0.22,0,146.076,0.15,1708.29,32072.2,False,9344.6,0.053289,INTERPOLATED,3,30,-6.09274,0.0536205,0
15,CG6-0313,2026-01-16,2,12,field,CG6-0313|2026-01-16|L2|S12,2026-01-16 08:16:26,2026-01-16 08:17:26,2026-01-16 08:16:56.000000,2,2,9338.25,0.016813,0.00840652,0.00840652,24.7813,34.9164,143.95,0,,,True,,1,day1,MATCHED,D1:wor:2-12,2-12,2-12,results.zip/day1.xlsx,workbook,0.682707,195.393,2-11,True,24.7813,34.9164,149.74,0.159,0,149.74,0.15,1857.45,31982.2,False,9344.6,0.0532986,INTERPOLATED,3,30,-6.35336,0.0539574,0
16,CG6-0313,2026-01-16,2,13,field,CG6-0313|2026-01-16|L2|S13,2026-01-16 08:21:15,2026-01-16 08:25:24,2026-01-16 08:23:19.500000,4,4,9337.82,0.0248023,0.00582504,0.00582504,24.7802,34.9148,152.1,0,,STDDEV_GT_0.050,True,,1,day1,MATCHED,D1:wor:2-13,2-13,2-13,results.zip/day1.xlsx,workbook,4.61427,195.063,2-14,True,24.7801,34.9148,153.354,0.193,0,153.354,0.15,2047.02,32088.2,False,9344.6,0.0533122,INTERPOLATED,3,30,-6.77612,0.0536295,0
17,CG6-0313,2026-01-16,2,14,field,CG6-0313|2026-01-16|L2|S14,2026-01-16 08:29:36,2026-01-16 08:30:36,2026-01-16 08:30:06.000000,2,2,9337.51,0.00773262,0.00386631,0.00386631,24.7789,34.9134,145.8,0,,,True,,1,day1,MATCHED,D1:wor:2-14,2-14,2-14,results.zip/day1.xlsx,workbook,1.53657,191.476,2-13,True,24.7789,34.9134,156.229,0.172,0,156.229,0.15,2227.96,32209.3,False,9344.59,0.0533281,INTERPOLATED,3,30,-7.07885,0.0534681,0
18,CG6-0313,2026-01-16,2,15,field,CG6-0313|2026-01-16|L2|S15,2026-01-16 08:33:56,2026-01-16 08:34:56,2026-01-16 08:34:26.000000,2,2,9337.4,0.0882854,0.0441427,0.0441427,24.7784,34.9116,152.5,0,,TWO_READINGS_DIFFER,True,,1,day1,MATCHED,D1:wor:2-15,2-15,2-15,results.zip/day1.xlsx,workbook,1.25689,192.131,2-14,True,24.7784,34.9116,159.206,0.201,0,159.206,0.15,2418.75,32245.1,False,9344.59,0.0533391,INTERPOLATED,3,30,-7.19503,0.0692361,0
19,CG6-0313,2026-01-16,2,16,field,CG6-0313|2026-01-16|L2|S16,2026-01-16 08:40:08,2026-01-16 08:41:08,2026-01-16 08:40:38.000000,2,2,9336.6,0.00441122,0.00220561,0.00220561,24.7774,34.9101,159.1,0,,,True,,1,day1,MATCHED,D1:wor:2-16,2-16,2-16,results.zip/day1.xlsx,workbook,6.49004,189.519,2-15,True,24.7773,34.9101,161.616,0.179,0,161.616,0.15,2603.42,32342.8,False,9344.59,0.0533559,INTERPOLATED,3,30,-7.99019,0.0534014,0
20,CG6-0313,2026-01-16,2,17,field,CG6-0313|2026-01-16|L2|S17,2026-01-16 08:46:07,2026-01-16 08:47:07,2026-01-16 08:46:37.000000,2,2,9336.23,0.0021361,0.00106805,0.00174141,24.7758,34.9092,157.7,0,,,True,,1,day1,MATCHED,D1:wor:2-17,2-17,2-17,results.zip/day1.xlsx,workbook,4.64277,182.828,2-18,True,24.7758,34.9092,164.247,0.195,0,164.247,0.15,2758.14,32509.8,False,9344.59,0.0533732,INTERPOLATED,3,30,-8.35419,0.0534016,0
21,CG6-0313,2026-01-16,2,18,field,CG6-0313|2026-01-16|L2|S18,2026-01-16 08:51:36,2026-01-16 08:52:36,2026-01-16 08:52:06.000000,2,2,9335.88,0.00664123,0.00332061,0.00332061,24.7746,34.908,147.8,0,,,True,,1,day1,MATCHED,D1:wor:2-18,2-18,2-18,results.zip/day1.xlsx,workbook,8.05063,180.244,2-17,True,24.7747,34.9079,166.907,0.186,0,166.907,0.15,2932.83,32628.8,False,9344.58,0.0533902,INTERPOLATED,3,30,-8.7013,0.0534933,0
22,CG6-0313,2026-01-16,2,19,field,CG6-0313|2026-01-16|L2|S19,2026-01-16 08:57:07,2026-01-16 09:04:17,2026-01-16 09:00:47.666666,6,0,,,,,24.7723,34.9054,176.2,0,REPEAT_OUTLIER,STDDEV_GT_0.050,False,NO_ACCEPTED_READING;,1,day1,MATCHED,D1:wor:2-19,2-19,2-19,results.zip/day1.xlsx,workbook,3.73412,209.972,2-20,True,24.7723,34.9054,172.865,0.174,0,172.865,0.15,3276.94,32857,False,9344.58,0.053419,INTERPOLATED,3,30,,,0
23,CG6-0313,2026-01-16,2,20,field,CG6-0313|2026-01-16|L2|S20,2026-01-16 09:08:51,2026-01-16 09:09:51,2026-01-16 09:09:21.000000,2,2,9334.98,0.000628682,0.000314341,0.0041003,24.771,34.9041,172.55,0,,STDDEV_GT_0.050,True,,1,day1,MATCHED,D1:wor:2-20,2-20,2-20,results.zip/day1.xlsx,workbook,4.31558,187.74,2-21,True,24.7709,34.9041,175.93,0.194,0,175.93,0.15,3471.96,32998.8,False,9344.57,0.0534498,INTERPOLATED,3,30,-9.596,0.0536068,0
24,CG6-0313,2026-01-16,2,21,field,CG6-0313|2026-01-16|L2|S21,2026-01-16 09:14:56,2026-01-16 09:15:56,2026-01-16 09:15:26.000000,2,2,9334.27,0.0129474,0.00647371,0.00647371,24.7694,34.9034,174.3,0,,,True,,1,day1,MATCHED,D1:wor:2-21,2-21,2-21,results.zip/day1.xlsx,workbook,3.35809,181.721,2-20,True,24.7694,34.9034,178.541,0.218,0,178.541,0.15,3618.62,33166.4,False,9344.57,0.0534731,INTERPOLATED,3,30,-10.3056,0.0538636,0
25,CG6-0313,2026-01-16,2,22,field,CG6-0313|2026-01-16|L2|S22,2026-01-16 09:21:44,2026-01-16 09:22:44,2026-01-16 09:22:14.000000,2,2,9333.73,0.0073214,0.0036607,0.0036607,24.7703,34.9013,178.8,0,,,True,,1,day1,MATCHED,D1:wor:2-22,2-22,2-22,results.zip/day1.xlsx,workbook,4.3041,202.1,2-23,True,24.7702,34.9013,182.258,0.328,0,182.258,0.15,3755.52,33053.2,False,9344.57,0.0535006,INTERPOLATED,3,30,-10.8371,0.0536257,0
26,CG6-0313,2026-01-16,2,23,field,CG6-0313|2026-01-16|L2|S23,2026-01-16 09:27:07,2026-01-16 09:28:07,2026-01-16 09:27:37.000000,2,2,9333.82,0.0261987,0.0130993,0.0130993,24.7711,34.8995,179.4,0,,,True,,1,day1,MATCHED,D1:wor:2-23,2-23,2-23,results.zip/day1.xlsx,workbook,1.9259,186.202,2-24,True,24.7711,34.8995,184.984,0.349,0,184.984,0.15,3866.48,32945.3,False,9344.57,0.0535234,INTERPOLATED,3,30,-10.7426,0.0551031,0
27,CG6-0313,2026-01-16,2,24,field,CG6-0313|2026-01-16|L2|S24,2026-01-16 09:35:50,2026-01-16 09:36:50,2026-01-16 09:36:20.000000,2,2,9334.16,0.06123,0.030615,0.030615,24.7714,34.8977,167.5,0,,TWO_READINGS_DIFFER,True,,1,day1,MATCHED,D1:wor:2-24,2-24,2-24,results.zip/day1.xlsx,workbook,2.82631,185.506,2-23,True,24.7714,34.8977,187.14,0.346,0,187.14,0.15,4019.82,32903.8,False,9344.56,0.0535624,INTERPOLATED,3,30,-10.4,0.0616945,0
28,CG6-0313,2026-01-16,2,25,field,CG6-0313|2026-01-16|L2|S25,2026-01-16 09:41:14,2026-01-16 09:42:14,2026-01-16 09:41:44.000000,2,2,9333.93,0.00904851,0.00452426,0.00452426,24.7719,34.8957,171,0,,,True,,1,day1,MATCHED,D1:wor:2-25,2-25,2-25,results.zip/day1.xlsx,workbook,2.04003,210.118,2-24,True,24.7719,34.8957,189.525,0.518,0,189.525,0.15,4181.18,32836.5,False,9344.56,0.0535877,INTERPOLATED,3,30,-10.6285,0.0537784,0
29,CG6-0313,2026-01-16,2,26,field,CG6-0313|2026-01-16|L2|S26,2026-01-16 09:48:17,2026-01-16 09:49:17,2026-01-16 09:48:47.000000,2,2,9334.5,0.00297171,0.00148586,0.00304179,24.7713,34.8931,177.7,0,,,True,,1,day1,MATCHED,D1:wor:2-26,2-26,2-26,results.zip/day1.xlsx,workbook,3.88218,207.786,3-1,True,24.7713,34.8931,192.723,0.328,0,192.723,0.15,4452.48,32888.4,False,9344.56,0.0536222,INTERPOLATED,3,30,-10.0538,0.0537084,0
30,CG6-0313,2026-01-16,0,100,field_base_100,CG6-0313|2026-01-16|L0|S100,2026-01-16 10:12:59,2026-01-16 10:16:41,2026-01-16 10:14:50.000000,4,4,9344.54,0.0388369,0.00792789,0.00792789,24.7868,34.9337,106.4,0,,,True,,1,day1,MATCHED,D1:wor:B100 16-01-2026,B100 16-01-2026,B100 16-01-2026,results.zip/day1.xlsx,workbook,1.75412,,,True,24.7868,34.9337,111.885,0.045,0,111.885,0.15,2.46365,31643.3,True,9344.54,0.00792789,AT_CONTROL,30,30,0,0.0112117,0
31,CG6-0313,2026-01-16,0,100,field_base_100,CG6-0313|2026-01-16|L0|S100,2026-01-16 10:55:05,2026-01-16 10:58:05,2026-01-16 10:56:35.000000,4,4,9344.58,0.023632,0.00523383,0.00523383,24.7868,34.9338,107.9,0,,,True,,1,day1,MATCHED,D1:wor:B100 16-01-2026,B100 16-01-2026,B100 16-01-2026,results.zip/day1.xlsx,workbook,3.09607,,,True,24.7868,34.9337,111.885,0.045,0,111.885,0.15,1.61925,31644.3,True,9344.58,0.00523383,AT_CONTROL,31,31,0,0.00740176,0
32,CG6-0313,2026-01-16,3,1,field,CG6-0313|2026-01-16|L3|S1,2026-01-16 11:25:26,2026-01-16 11:26:26,2026-01-16 11:25:56.000000,2,2,9334.21,0.0187231,0.00936157,0.00936157,24.7715,34.891,187.35,0.302891,,,True,,1,day1,MATCHED,D1:wor:3-1,3-1,3-1,results.zip/day1.xlsx,workbook,7.11669,191.994,3-2,True,24.7716,34.891,196.219,0.293,0,196.219,0.15,4631.87,32855.6,False,9344.57,0.0533875,INTERPOLATED,31,64,-10.3573,0.0542021,0
33,CG6-0313,2026-01-16,3,2,field,CG6-0313|2026-01-16|L3|S2,2026-01-16 11:30:54,2026-01-16 11:31:54,2026-01-16 11:31:24.000000,2,2,9334.06,0.0126796,0.00633979,0.00633979,24.7715,34.8892,167.8,2.90391,,,True,,1,day1,MATCHED,D1:wor:3-2,3-2,3-2,results.zip/day1.xlsx,workbook,10.0045,183.476,3-1,True,24.7715,34.8891,198.601,0.372,0,198.601,0.15,4807.45,32856,False,9344.57,0.0533824,INTERPOLATED,31,64,-10.5149,0.0537576,0
34,CG6-0313,2026-01-16,3,3,field,CG6-0313|2026-01-16|L3|S3,2026-01-16 11:35:39,2026-01-16 11:36:39,2026-01-16 11:36:09.000000,2,2,9333.39,0.00628287,0.00314144,0.00314144,24.7716,34.8872,156.2,0,,,True,,1,day1,MATCHED,D1:wor:3-3,3-3,3-3,results.zip/day1.xlsx,workbook,12.8134,194.994,3-2,True,24.7717,34.8871,201.391,0.409,0,201.391,0.15,4991.44,32834.6,False,9344.57,0.0533789,INTERPOLATED,31,64,-11.1792,0.0534713,0
35,CG6-0313,2026-01-16,3,4,field,CG6-0313|2026-01-16|L3|S4,2026-01-16 11:40:33,2026-01-16 11:41:33,2026-01-16 11:41:03.000000,2,2,9333.06,0.0397874,0.0198937,0.0198937,24.7719,34.8854,135.7,0,,,True,,1,day1,MATCHED,D1:wor:3-4,3-4,3-4,results.zip/day1.xlsx,workbook,20.9042,173.89,3-3,True,24.7721,34.8853,204.275,0.41,0,204.275,0.15,5150.01,32792.1,False,9344.57,0.0533761,INTERPOLATED,31,64,-11.5065,0.0569629,0
36,CG6-0313,2026-01-16,3,5,field,CG6-0313|2026-01-16|L3|S5,2026-01-16 11:45:50,2026-01-16 11:46:50,2026-01-16 11:46:20.000000,2,2,9332.41,0.00409336,0.00204668,0.00204668,24.7726,34.8836,169.9,0,,,True,,1,day1,MATCHED,D1:wor:3-5,3-5,3-5,results.zip/day1.xlsx,workbook,11.9807,176.47,3-4,True,24.7727,34.8835,206.634,0.532,0,206.634,0.15,5299.69,32714,False,9344.57,0.0533741,INTERPOLATED,31,64,-12.1542,0.0534133,0
37,CG6-0313,2026-01-16,3,6,field,CG6-0313|2026-01-16|L3|S6,2026-01-16 11:50:40,2026-01-16 11:51:40,2026-01-16 11:51:10.000000,2,2,9331.93,0.0145999,0.00729994,0.00729994,24.7732,34.8817,190.25,0.807697,,,True,,1,day1,MATCHED,D1:wor:3-6,3-6,3-6,results.zip/day1.xlsx,workbook,4.79346,192.641,3-5,True,24.7732,34.8817,208.991,0.53,0,208.991,0.15,5463.2,32639.9,False,9344.57,0.0533731,INTERPOLATED,31,64,-12.6404,0.05387,0
38,CG6-0313,2026-01-16,3,7,field,CG6-0313|2026-01-16|L3|S7,2026-01-16 11:55:21,2026-01-16 11:56:21,2026-01-16 11:55:51.000000,2,2,9331.56,0.0335928,0.0167964,0.0167964,24.7737,34.8798,201.4,0,,,True,,1,day1,MATCHED,D1:wor:3-7,3-7,3-7,results.zip/day1.xlsx,workbook,5.15278,194.034,3-8,True,24.7737,34.8798,211.493,0.429,0,211.493,0.15,5632.89,32586.8,False,9344.57,0.0533729,INTERPOLATED,31,64,-13.0057,0.0559534,0
39,CG6-0313,2026-01-16,3,8,field,CG6-0313|2026-01-16|L3|S8,2026-01-16 12:00:39,2026-01-16 12:01:39,2026-01-16 12:01:09.000000,2,2,9331.1,0.0270835,0.0135417,0.0135417,24.7743,34.8781,205.8,0,,,True,,1,day1,MATCHED,D1:wor:3-8,3-8,3-8,results.zip/day1.xlsx,workbook,5.82212,188.25,3-7,True,24.7742,34.878,214.038,0.455,0,214.038,0.15,5790.96,32524.2,False,9344.57,0.0533737,INTERPOLATED,31,64,-13.4633,0.0550647,0
40,CG6-0313,2026-01-16,3,9,field,CG6-0313|2026-01-16|L3|S9,2026-01-16 12:08:14,2026-01-16 12:09:14,2026-01-16 12:08:44.000000,2,2,9330.72,0.0194319,0.00971597,0.00971597,24.7748,34.8761,208.3,0,,,True,,1,day1,MATCHED,D1:wor:3-9,3-9,3-9,results.zip/day1.xlsx,workbook,3.63753,207.481,3-8,True,24.7748,34.876,217.003,0.392,0,217.003,0.15,5974.17,32463,False,9344.57,0.0533765,INTERPOLATED,31,64,-13.8421,0.0542535,0
41,CG6-0313,2026-01-16,3,3,field,CG6-0313|2026-01-16|L3|S3,2026-01-16 12:14:59,2026-01-16 12:14:59,2026-01-16 12:14:59.000000,1,1,9329.93,,,0.0028,24.7755,34.874,215.2,0,,,True,SINGLE_READING;,1,day1,MATCHED,D1:wor:3-10,3-10,3-10,results.zip/day1.xlsx,workbook,1.5406,186.456,3-11,False,24.7755,34.874,221.005,0.328,0,221.005,0.15,6159.81,32390.9,False,9344.57,0.0533803,INTERPOLATED,31,64,-14.6386,0.0534537,0
42,CG6-0313,2026-01-16,3,10,field,CG6-0313|2026-01-16|L3|S10,2026-01-16 12:18:21,2026-01-16 12:19:21,2026-01-16 12:18:51.000000,2,2,9329.91,0.00514383,0.00257192,0.00257192,24.7755,34.874,215.4,0,,,True,,1,day1,MATCHED,D1:wor:3-10,3-10,3-10,results.zip/day1.xlsx,workbook,1.5406,186.456,3-11,True,24.7755,34.874,221.005,0.328,0,221.005,0.15,6159.81,32390.9,False,9344.56,0.0533834,INTERPOLATED,31,64,-14.6556,0.0534453,0
43,CG6-0313,2026-01-16,3,11,field,CG6-0313|2026-01-16|L3|S11,2026-01-16 12:23:24,2026-01-16 12:24:24,2026-01-16 12:23:54.000000,2,2,9329.07,0.0133302,0.00666511,0.00666511,24.776,34.8723,212.3,0,,,True,,1,day1,MATCHED,D1:wor:3-11,3-11,3-11,results.zip/day1.xlsx,workbook,1.90213,176.252,3-12,True,24.776,34.8723,224.065,0.419,0,224.065,0.15,6321.98,32338.7,False,9344.56,0.0533882,INTERPOLATED,31,64,-15.4962,0.0538027,0
44,CG6-0313,2026-01-16,3,12,field,CG6-0313|2026-01-16|L3|S12,2026-01-16 12:28:18,2026-01-16 12:29:18,2026-01-16 12:28:48.000000,2,2,9328.64,0.00838393,0.00419197,0.00419197,24.7764,34.8706,224.7,0,,,True,,1,day1,MATCHED,D1:wor:3-12,3-12,3-12,results.zip/day1.xlsx,workbook,2.1339,172.402,3-11,True,24.7764,34.8706,227.268,0.428,0,227.268,0.15,6476.71,32291.7,False,9344.56,0.0533938,INTERPOLATED,31,64,-15.9191,0.0535581,0
45,CG6-0313,2026-01-16,3,13,field,CG6-0313|2026-01-16|L3|S13,2026-01-16 12:33:18,2026-01-16 12:34:18,2026-01-16 12:33:48.000000,2,2,9327.95,0.0057007,0.00285035,0.00285035,24.7766,34.8687,221.75,0,,,True,,1,day1,MATCHED,D1:wor:3-13,3-13,3-13,results.zip/day1.xlsx,workbook,2.91356,184.65,3-14,True,24.7765,34.8686,231.163,0.407,0,231.163,0.15,6669.09,32281.7,False,9344.56,0.0534003,INTERPOLATED,31,64,-16.6142,0.0534763,0
46,CG6-0313,2026-01-16,3,14,field,CG6-0313|2026-01-16|L3|S14,2026-01-16 12:38:08,2026-01-16 12:39:08,2026-01-16 12:38:38.000000,2,2,9327.3,0.00468495,0.00234248,0.00234248,24.7771,34.8669,224.05,0,,,True,,1,day1,MATCHED,D1:wor:3-14,3-14,3-14,results.zip/day1.xlsx,workbook,5.68212,181.078,3-13,True,24.777,34.8669,234.449,0.321,0,234.449,0.15,6830.83,32231.3,False,9344.56,0.0534075,INTERPOLATED,31,64,-17.2662,0.0534588,0
47,CG6-0313,2026-01-16,3,15,field,CG6-0313|2026-01-16|L3|S15,2026-01-16 12:43:16,2026-01-16 12:44:16,2026-01-16 12:43:46.000000,2,2,9326.83,0.0387327,0.0193663,0.0193663,24.7776,34.865,228.6,0,,,True,,1,day1,MATCHED,D1:wor:3-15,3-15,3-15,results.zip/day1.xlsx,workbook,3.51486,194.251,3-16,True,24.7776,34.8649,238.077,0.338,0,238.077,0.15,7020.01,32177.8,False,9344.56,0.053416,INTERPOLATED,31,64,-17.7336,0.0568183,0
48,CG6-0313,2026-01-16,3,16,field,CG6-0313|2026-01-16|L3|S16,2026-01-16 12:47:59,2026-01-16 12:48:59,2026-01-16 12:48:29.000000,2,2,9326.42,0.0060503,0.00302515,0.00302515,24.7779,34.8631,224.25,0,,,True,,1,day1,MATCHED,D1:wor:3-16,3-16,3-16,results.zip/day1.xlsx,workbook,2.6105,188.327,3-17,True,24.7778,34.863,241.181,0.317,0,241.181,0.15,7204.32,32157.7,False,9344.56,0.0534247,INTERPOLATED,31,64,-18.1429,0.0535102,0
49,CG6-0313,2026-01-16,3,17,field,CG6-0313|2026-01-16|L3|S17,2026-01-16 12:53:15,2026-01-16 12:54:15,2026-01-16 12:53:45.000000,2,2,9325.87,0.0052304,0.0026152,0.0026152,24.7786,34.8614,232.55,0,,,True,,1,day1,MATCHED,D1:wor:3-17,3-17,3-17,results.zip/day1.xlsx,workbook,5.49371,186.203,3-16,True,24.7786,34.8614,244.581,0.385,0,244.581,0.15,7357.67,32078.9,False,9344.56,0.0534353,INTERPOLATED,31,64,-18.693,0.0534992,0
50,CG6-0313,2026-01-16,3,18,field,CG6-0313|2026-01-16|L3|S18,2026-01-16 12:58:13,2026-01-16 12:59:13,2026-01-16 12:58:43.000000,2,2,9325.53,0.00588917,0.00294459,0.00294459,24.7787,34.8594,233.8,0,,,True,,1,day1,MATCHED,D1:wor:3-18,3-18,3-18,results.zip/day1.xlsx,workbook,1.13696,166.134,3-19,True,24.7787,34.8594,248.064,0.293,0,248.064,0.15,7560.75,32078.6,False,9344.56,0.0534462,INTERPOLATED,31,64,-19.0291,0.0535272,0
51,CG6-0313,2026-01-16,3,19,field,CG6-0313|2026-01-16|L3|S19,2026-01-16 13:05:24,2026-01-16 13:06:24,2026-01-16 13:05:54.000000,2,2,9324.9,0.0416811,0.0208406,0.0208406,24.78,34.8585,231.3,0,,,True,,1,day1,MATCHED,D1:wor:3-19,3-19,3-19,results.zip/day1.xlsx,workbook,4.60163,168.534,3-18,True,24.78,34.8585,251.581,0.324,0,251.581,0.15,7630.19,31939.7,False,9344.56,0.0534635,INTERPOLATED,31,64,-19.6607,0.0573818,0
52,CG6-0313,2026-01-16,3,20,field,CG6-0313|2026-01-16|L3|S20,2026-01-16 13:10:26,2026-01-16 13:11:26,2026-01-16 13:10:56.000000,2,2,9324.08,0.0540406,0.0270203,0.0270203,24.7814,34.8571,233.1,0,,STDDEV_GT_0.050;TWO_READINGS_DIFFER,True,,1,day1,MATCHED,D1:wor:3-20,3-20,3-20,results.zip/day1.xlsx,workbook,5.0272,169.086,3-21,True,24.7814,34.8571,255.53,0.345,0,255.53,0.15,7760.93,31798.3,False,9344.56,0.0534767,INTERPOLATED,31,64,-20.4814,0.0599154,0
53,CG6-0313,2026-01-16,3,21,field,CG6-0313|2026-01-16|L3|S21,2026-01-16 13:15:12,2026-01-16 13:16:12,2026-01-16 13:15:42.000000,2,2,9323.41,0.0104382,0.0052191,0.0052191,24.781,34.8555,234.45,0,,,True,,1,day1,MATCHED,D1:wor:3-21,3-21,3-21,results.zip/day1.xlsx,workbook,5.27785,161.544,3-20,True,24.781,34.8555,258.8,0.235,0,258.8,0.15,7923.33,31848.2,False,9344.56,0.0534901,INTERPOLATED,31,64,-21.1519,0.0537441,0
54,CG6-0313,2026-01-16,3,22,field,CG6-0313|2026-01-16|L3|S22,2026-01-16 13:20:07,2026-01-16 13:21:07,2026-01-16 13:20:37.000000,2,2,9322.55,0.00311573,0.00155787,0.00155787,24.7808,34.8535,242.7,0,,,True,,1,day1,MATCHED,D1:wor:3-22,3-22,3-22,results.zip/day1.xlsx,workbook,5.92889,181.592,3-23,True,24.7808,34.8534,262.652,0.263,0,262.652,0.15,8133.17,31886.3,False,9344.56,0.0535047,INTERPOLATED,31,64,-22.0071,0.0535273,0
55,CG6-0313,2026-01-16,3,23,field,CG6-0313|2026-01-16|L3|S23,2026-01-16 13:25:15,2026-01-16 13:26:15,2026-01-16 13:25:45.000000,2,2,9322.11,0.0079084,0.0039542,0.0039542,24.7819,34.852,241.5,0,,,True,,1,day1,MATCHED,D1:wor:3-23,3-23,3-23,results.zip/day1.xlsx,workbook,6.14658,185.133,3-22,True,24.7818,34.852,265.602,0.333,0,265.602,0.15,8268.91,31784.7,False,9344.56,0.0535208,INTERPOLATED,31,64,-22.4421,0.0536667,0
56,CG6-0313,2026-01-16,3,24,field,CG6-0313|2026-01-16|L3|S24,2026-01-16 13:31:41,2026-01-16 13:32:41,2026-01-16 13:32:11.000000,2,2,9321.5,0.0271605,0.0135802,0.0135802,24.7823,34.8502,246.9,0,,,True,,1,day1,MATCHED,D1:wor:3-24,3-24,3-24,results.zip/day1.xlsx,workbook,13.1167,190.709,3-23,True,24.7822,34.8501,269.871,0.338,0,269.871,0.15,8449.45,31749.8,False,9344.56,0.0535424,INTERPOLATED,31,64,-23.0531,0.0552378,0
57,CG6-0313,2026-01-16,3,25,field,CG6-0313|2026-01-16|L3|S25,2026-01-16 13:36:05,2026-01-16 13:37:05,2026-01-16 13:36:35.000000,2,2,9320.7,0.00116126,0.000580628,0.00174929,24.7822,34.8483,245.3,0,,,True,,1,day1,MATCHED,D1:wor:3-25,3-25,3-25,results.zip/day1.xlsx,workbook,8.3806,184.76,3-24,True,24.7821,34.8483,273.862,0.407,0,273.862,0.15,8642.62,31782.1,False,9344.55,0.053558,INTERPOLATED,31,64,-23.8556,0.0535866,0
58,CG6-0313,2026-01-16,3,26,field,CG6-0313|2026-01-16|L3|S26,2026-01-16 13:44:09,2026-01-16 13:45:09,2026-01-16 13:44:39.000000,2,2,9319.72,0.0182021,0.00910107,0.00910107,24.7816,34.8464,272.8,0,,,True,,1,day1,MATCHED,D1:wor:3-26,3-26,3-26,results.zip/day1.xlsx,workbook,14.9538,177.766,3-27,True,24.7815,34.8463,278.279,0.22,0,278.279,0.15,8836.86,31864.6,False,9344.55,0.0535884,INTERPOLATED,31,64,-24.8347,0.0543557,0
59,CG6-0313,2026-01-16,3,27,field,CG6-0313|2026-01-16|L3|S27,2026-01-16 13:48:29,2026-01-16 13:49:29,2026-01-16 13:48:59.000000,2,2,9318.88,0.0287754,0.0143877,0.0143877,24.782,34.8447,275.3,0,,,True,,1,day1,MATCHED,D1:wor:3-27,3-27,3-27,results.zip/day1.xlsx,workbook,5.09516,171.112,3-26,True,24.782,34.8447,282.075,0.262,0,282.075,0.15,9004.95,31833.7,False,9344.55,0.0536057,INTERPOLATED,31,64,-25.6732,0.0555029,0
60,CG6-0313,2026-01-16,3,28,field,CG6-0313|2026-01-16|L3|S28,2026-01-16 13:52:27,2026-01-16 13:53:27,2026-01-16 13:52:57.000000,2,2,9317.83,0.0380453,0.0190227,0.0190227,24.7824,34.8427,262.8,0,,,True,,1,day1,MATCHED,D1:wor:3-28,3-28,3-28,results.zip/day1.xlsx,workbook,3.22933,190.61,3-29,True,24.7825,34.8427,287.031,0.457,0,287.031,0.15,9206.22,31811.7,False,9344.55,0.053622,INTERPOLATED,31,64,-26.7224,0.0568963,0
61,CG6-0313,2026-01-16,3,29,field,CG6-0313|2026-01-16|L3|S29,2026-01-16 13:57:13,2026-01-16 13:58:13,2026-01-16 13:57:43.000000,2,2,9317.07,0.0738294,0.0369147,0.0369147,24.7833,34.8411,271.7,0,,TWO_READINGS_DIFFER,True,,1,day1,MATCHED,D1:wor:3-29,3-29,3-29,results.zip/day1.xlsx,workbook,2.35648,185.355,3-28,True,24.7833,34.8411,291.284,0.32,0,291.284,0.15,9360.01,31728.6,False,9344.55,0.0536424,INTERPOLATED,31,64,-27.4793,0.0651169,0
62,CG6-0313,2026-01-16,3,30,field,CG6-0313|2026-01-16|L3|S30,2026-01-16 14:01:51,2026-01-16 14:02:51,2026-01-16 14:02:21.000000,2,2,9316.02,0.000895374,0.000447687,0.00186011,24.7839,34.8393,278.55,0,,,True,,1,day1,MATCHED,D1:wor:3-30,3-30,3-30,results.zip/day1.xlsx,workbook,3.41072,191.718,3-29,True,24.784,34.8393,295.511,0.365,0,295.511,0.15,9539.54,31683.9,False,9344.55,0.0536631,INTERPOLATED,31,64,-28.5338,0.0536953,0
63,CG6-0313,2026-01-16,3,31,field,CG6-0313|2026-01-16|L3|S31,2026-01-16 14:09:52,2026-01-16 14:10:52,2026-01-16 14:10:22.000000,2,2,9314.15,0.0132612,0.00663059,0.00663059,24.7852,34.8374,290,0.66717,,,True,,1,day1,MATCHED,D1:wor:3-31,3-31,3-31,results.zip/day1.xlsx,workbook,5.49026,234.072,3-30,True,24.7851,34.8373,304.808,0.334,0,304.808,0.15,9730.54,31573.9,False,9344.55,0.0537005,INTERPOLATED,31,64,-30.3973,0.0541083,0
64,CG6-0313,2026-01-16,0,100,field_base_100,CG6-0313|2026-01-16|L0|S100,2026-01-16 15:03:16,2026-01-16 15:06:41,2026-01-16 15:04:58.500000,4,4,9344.54,0.0438003,0.00948473,0.00948473,24.7868,34.9338,98.7,0.706658,,,True,,1,day1,MATCHED,D1:wor:B100 16-01-2026,B100 16-01-2026,B100 16-01-2026,results.zip/day1.xlsx,workbook,5.77625,,,True,24.7868,34.9337,111.885,0.045,0,111.885,0.15,5.7332,31640.1,True,9344.54,0.00948473,AT_CONTROL,64,64,0,0.0134134,0
65,CG6-0313,2026-01-16,0,0,hotel_base_0,CG6-0313|2026-01-16|L0|S0,2026-01-16 17:56:07,2026-01-16 17:59:07,2026-01-16 17:57:37.000000,4,4,9409.86,0.0160604,0.0035837,0.0035837,25.0668,34.8777,29.5,0,,,True,,1,day1,MATCHED,D1:wor:Base0,Base0,Base0,results.zip/day1.xlsx,workbook,9.27477,,,True,25.0668,34.8776,36.616,0.037,0,36.616,0.15,31653.6,8.99506,True,9344.53,0.0868669,AT_CONTROL,65,65,65.3243,0.0869408,0
66,CG6-0313,2026-01-17,0,0,hotel_base_0,CG6-0313|2026-01-17|L0|S0,2026-01-17 06:40:17,2026-01-17 06:43:17,2026-01-17 06:41:47.000000,4,4,9409.56,0.0459121,0.0102055,0.0102055,25.0668,34.8776,28.75,3.65458,,,True,,2,day2,MATCHED,D2:wor:Base1,Base1,Base1,results.zip/day2.xlsx,workbook,4.06655,,,True,25.0668,34.8777,36.488,,0,36.488,0.15,31647.1,4.06469,True,9344.24,0.0873909,AT_CONTROL,66,66,65.3243,0.0879848,0
67,CG6-0313,2026-01-17,0,100,field_base_100,CG6-0313|2026-01-17|L0|S100,2026-01-17 09:07:21,2026-01-17 09:10:21,2026-01-17 09:08:51.000000,4,4,9344.16,0.047293,0.0104851,0.0104851,24.7868,34.9337,98.2,0,,,True,,2,day2,MATCHED,D2:wor:Base100,Base100,Base100,results.zip/day2.xlsx,workbook,5.50182,,,True,24.7867,34.9338,111.792,,0,111.792,0.15,5.49809,31640.1,True,9344.16,0.0104851,AT_CONTROL,67,67,0,0.0148282,0
68,CG6-0313,2026-01-17,3,32,field,CG6-0313|2026-01-17|L3|S32,2026-01-17 09:53:47,2026-01-17 09:53:47,2026-01-17 09:53:47.000000,1,1,9315.31,,,0.003,24.7861,34.8354,278.6,0,,,True,SINGLE_READING;,2,day2,MATCHED,D2:wor:32,32,32,results.zip/day2.xlsx,workbook,6.25245,177.393,33,True,24.786,34.8354,295.647,,0,295.647,0.15,9934.04,31502.3,False,9344.15,0.0536679,INTERPOLATED,67,79,-28.8414,0.0537517,0
69,CG6-0313,2026-01-17,3,33,field,CG6-0313|2026-01-17|L3|S33,2026-01-17 10:08:31,2026-01-17 10:08:31,2026-01-17 10:08:31.000000,1,1,9316.5,,,0.0026,24.7875,34.8346,271.8,0,,,True,SINGLE_READING;,2,day2,MATCHED,D2:wor:33,33,33,results.zip/day2.xlsx,workbook,4.30867,186.925,32,True,24.7875,34.8346,290.21,,0,290.21,0.15,10014.9,31352.2,False,9344.14,0.0535728,INTERPOLATED,67,79,-27.6487,0.0536358,0
70,CG6-0313,2026-01-17,3,34,field,CG6-0313|2026-01-17|L3|S34,2026-01-17 10:14:48,2026-01-17 10:14:48,2026-01-17 10:14:48.000000,1,1,9317.5,,,0.0019,24.7892,34.8335,266.8,0,,,True,SINGLE_READING;,2,day2,MATCHED,D2:wor:34,34,34,results.zip/day2.xlsx,workbook,10.8414,179.768,35,True,24.7891,34.8336,285.533,,0,285.533,0.15,10121.3,31187.1,False,9344.14,0.0535442,INTERPOLATED,67,79,-26.6435,0.0535779,0
71,CG6-0313,2026-01-17,3,35,field,CG6-0313|2026-01-17|L3|S35,2026-01-17 10:18:12,2026-01-17 10:18:12,2026-01-17 10:18:12.000000,1,1,9318.56,,,0.0029,24.7908,34.8335,262.7,0,,,True,SINGLE_READING;,2,day2,MATCHED,D2:wor:35,35,35,results.zip/day2.xlsx,workbook,7.61145,175.396,36,True,24.7908,34.8334,280.582,,0,280.582,0.15,10134.8,31003,False,9344.14,0.0535318,INTERPOLATED,67,79,-25.5852,0.0536103,0
72,CG6-0313,2026-01-17,3,36,field,CG6-0313|2026-01-17|L3|S36,2026-01-17 10:21:24,2026-01-17 10:21:24,2026-01-17 10:21:24.000000,1,1,9319.68,,,0.002,24.7913,34.8351,262,0,,,True,SINGLE_READING;,2,day2,MATCHED,D2:wor:36,36,36,results.zip/day2.xlsx,workbook,5.82726,104.432,37,True,24.7913,34.8351,274.815,,0,274.815,0.15,9968.27,30922.9,False,9344.14,0.053522,INTERPOLATED,67,79,-24.4641,0.0535594,0
73,CG6-0313,2026-01-17,3,37,field,CG6-0313|2026-01-17|L3|S37,2026-01-17 10:24:48,2026-01-17 10:24:48,2026-01-17 10:24:48.000000,1,1,9320.2,,,0.0025,24.7919,34.836,251.6,0,,,True,SINGLE_READING;,2,day2,MATCHED,D2:wor:37,37,37,results.zip/day2.xlsx,workbook,8.67402,114.422,36,True,24.7919,34.836,272.922,,0,272.922,0.15,9883.29,30846.6,False,9344.14,0.0535137,INTERPOLATED,67,79,-23.9445,0.053572,0
74,CG6-0313,2026-01-17,3,38,field,CG6-0313|2026-01-17|L3|S38,2026-01-17 10:27:59,2026-01-17 10:27:59,2026-01-17 10:27:59.000000,1,1,9321.76,,,0.0018,24.7918,34.8373,248.9,0,,,True,SINGLE_READING;,2,day2,MATCHED,D2:wor:38,38,38,results.zip/day2.xlsx,workbook,6.18939,131.976,37,True,24.7917,34.8373,265.681,,0,265.681,0.15,9751.34,30845.2,False,9344.14,0.0535078,INTERPOLATED,67,79,-22.3761,0.0535381,0
75,CG6-0313,2026-01-17,3,39,field,CG6-0313|2026-01-17|L3|S39,2026-01-17 10:31:05,2026-01-17 10:31:05,2026-01-17 10:31:05.000000,1,1,9322.67,,,0.002,24.7931,34.8382,246.9,0,,,True,SINGLE_READING;,2,day2,MATCHED,D2:wor:39,39,39,results.zip/day2.xlsx,workbook,8.72935,112.902,40,True,24.793,34.8382,261.215,,0,261.215,0.15,9672.97,30686.1,False,9344.14,0.0535038,INTERPOLATED,67,79,-21.4731,0.0535412,0
76,CG6-0313,2026-01-17,3,40,field,CG6-0313|2026-01-17|L3|S40,2026-01-17 10:35:20,2026-01-17 10:35:20,2026-01-17 10:35:20.000000,1,1,9323.32,,,0.0026,24.7942,34.8383,239.9,0,,,True,SINGLE_READING;,2,day2,MATCHED,D2:wor:40,40,40,results.zip/day2.xlsx,workbook,9.12545,130.539,39,True,24.7941,34.8383,258.124,,0,258.124,0.15,9671.83,30564.2,False,9344.14,0.0535013,INTERPOLATED,67,79,-20.8189,0.0535644,0
77,CG6-0313,2026-01-17,3,41,field,CG6-0313|2026-01-17|L3|S41,2026-01-17 10:38:23,2026-01-17 10:38:23,2026-01-17 10:38:23.000000,1,1,9324.12,,,0.002,24.7955,34.8384,234.2,0,,,True,SINGLE_READING;,2,day2,MATCHED,D2:wor:41,41,41,results.zip/day2.xlsx,workbook,7.68171,151.313,40,True,24.7954,34.8384,252.625,,0,252.625,0.15,9675.45,30422.3,False,9344.14,0.0535015,INTERPOLATED,67,79,-20.0198,0.0535388,0
78,CG6-0313,2026-01-17,3,42,field,CG6-0313|2026-01-17|L3|S42,2026-01-17 10:41:40,2026-01-17 10:41:40,2026-01-17 10:41:40.000000,1,1,9325.28,,,0.0053,24.797,34.8372,225.2,0,,,True,SINGLE_READING;,2,day2,MATCHED,D2:wor:42,42,42,results.zip/day2.xlsx,workbook,4.46286,104.285,1-105,True,24.797,34.8372,247.612,,0,247.612,0.15,9811.85,30268.5,False,9344.14,0.0535036,INTERPOLATED,67,79,-18.8511,0.0537654,0
79,CG6-0313,2026-01-17,0,100,field_base_100,CG6-0313|2026-01-17|L0|S100,2026-01-17 11:15:27,2026-01-17 11:18:27,2026-01-17 11:16:57.000000,4,4,9344.13,0.0342766,0.00712156,0.00712156,24.7868,34.9338,100.35,2.11271,,,True,,2,day2,MATCHED,D2:wor:Base100,Base100,Base100,results.zip/day2.xlsx,workbook,4.18914,,,True,24.7867,34.9338,111.792,,0,111.792,0.15,4.19181,31641.6,True,9344.13,0.00712156,AT_CONTROL,79,79,0,0.0100714,0
80,CG6-0313,2026-01-17,4,1,field,CG6-0313|2026-01-17|L4|S1,2026-01-17 11:50:09,2026-01-17 11:50:09,2026-01-17 11:50:09.000000,1,1,9330.5,,,0.0021,24.7745,34.8764,209.1,0,,,True,SINGLE_READING;,2,day2,MATCHED,D2:wor:1,1,1,results.zip/day2.xlsx,workbook,5.36069,242.944,2,True,24.7745,34.8764,216.125,,0,216.125,0.15,5945.35,32492.9,False,9344.14,0.0535174,INTERPOLATED,79,110,-13.6468,0.0535586,0
81,CG6-0313,2026-01-17,4,2,field,CG6-0313|2026-01-17|L4|S2,2026-01-17 11:54:49,2026-01-17 11:54:49,2026-01-17 11:54:49.000000,1,1,9330.13,,,0.0017,24.7735,34.8743,202.1,0,,,True,SINGLE_READING;,2,day2,MATCHED,D2:wor:2,2,2,results.zip/day2.xlsx,workbook,3.91456,182.342,3,True,24.7735,34.8743,219.099,,0,219.099,0.15,6178.04,32612.2,False,9344.15,0.0535014,INTERPOLATED,79,110,-14.0174,0.0535284,0
82,CG6-0313,2026-01-17,4,3,field,CG6-0313|2026-01-17|L4|S3,2026-01-17 11:58:53,2026-01-17 11:58:53,2026-01-17 11:58:53.000000,1,1,9329.47,,,0.0049,24.7741,34.8726,201,0,,,True,SINGLE_READING;,2,day2,MATCHED,D2:wor:3,3,3,results.zip/day2.xlsx,workbook,13.9258,177.462,4,True,24.7739,34.8726,222.064,,0,222.064,0.15,6332.02,32550.8,False,9344.15,0.0534879,INTERPOLATED,79,110,-14.6748,0.0537119,0
83,CG6-0313,2026-01-17,4,4,field,CG6-0313|2026-01-17|L4|S4,2026-01-17 12:02:31,2026-01-17 12:02:31,2026-01-17 12:02:31.000000,1,1,9328.95,,,0.0035,24.7742,34.8709,214.3,0,,,True,SINGLE_READING;,2,day2,MATCHED,D2:wor:4,4,4,results.zip/day2.xlsx,workbook,2.60639,177.633,3,True,24.7742,34.8709,224.901,,0,224.901,0.15,6501.42,32538.2,False,9344.15,0.0534763,INTERPOLATED,79,110,-15.1996,0.0535907,0
84,CG6-0313,2026-01-17,4,5,field,CG6-0313|2026-01-17|L4|S5,2026-01-17 12:06:47,2026-01-17 12:06:47,2026-01-17 12:06:47.000000,1,1,9328.28,,,0.0027,24.7723,34.8676,208.9,0,,,True,SINGLE_READING;,2,day2,MATCHED,D2:wor:5,5,5,results.zip/day2.xlsx,workbook,6.60376,195.609,6,True,24.7723,34.8676,229.707,,0,229.707,0.15,6868.56,32753,False,9344.15,0.0534631,INTERPOLATED,79,110,-15.8705,0.0535313,0
85,CG6-0313,2026-01-17,4,6,field,CG6-0313|2026-01-17|L4|S6,2026-01-17 12:09:59,2026-01-17 12:09:59,2026-01-17 12:09:59.000000,1,1,9328.02,,,0.0031,24.7722,34.8657,223.6,0,,,True,SINGLE_READING;,2,day2,MATCHED,D2:wor:6,6,6,results.zip/day2.xlsx,workbook,7.75273,178.893,7,True,24.7722,34.8657,233.329,,0,233.329,0.15,7058.86,32772,False,9344.16,0.0534536,INTERPOLATED,79,110,-16.135,0.0535434,0
86,CG6-0313,2026-01-17,4,7,field,CG6-0313|2026-01-17|L4|S7,2026-01-17 12:13:22,2026-01-17 12:13:22,2026-01-17 12:13:22.000000,1,1,9327.73,,,0.0026,24.771,34.8646,223.1,0,,,True,SINGLE_READING;,2,day2,MATCHED,D2:wor:7,7,7,results.zip/day2.xlsx,workbook,3.69071,169.271,6,True,24.7709,34.8646,236.072,,0,236.072,0.15,7196,32916.2,False,9344.16,0.0534439,INTERPOLATED,79,110,-16.4286,0.0535071,0
87,CG6-0313,2026-01-17,4,8,field,CG6-0313|2026-01-17|L4|S8,2026-01-17 12:16:54,2026-01-17 12:16:54,2026-01-17 12:16:54.000000,1,1,9327.08,,,0.0025,24.7693,34.864,234,0,,,True,SINGLE_READING;,2,day2,MATCHED,D2:wor:8,8,8,results.zip/day2.xlsx,workbook,9.14863,193.037,7,True,24.7693,34.8639,238.767,,0,238.767,0.15,7308.17,33103.1,False,9344.16,0.0534341,INTERPOLATED,79,110,-17.0767,0.0534926,0
88,CG6-0313,2026-01-17,4,9,field,CG6-0313|2026-01-17|L4|S9,2026-01-17 12:20:34,2026-01-17 12:20:34,2026-01-17 12:20:34.000000,1,1,9326.31,,,0.0022,24.7676,34.8633,225,0,,,True,SINGLE_READING;,2,day2,MATCHED,D2:wor:9,9,9,results.zip/day2.xlsx,workbook,4.69535,168.697,10,True,24.7676,34.8633,241.144,,0,241.144,0.15,7424.93,33297.8,False,9344.16,0.0534244,INTERPOLATED,79,110,-17.8538,0.0534697,0
89,CG6-0313,2026-01-17,4,10,field,CG6-0313|2026-01-17|L4|S10,2026-01-17 12:24:02,2026-01-17 12:24:02,2026-01-17 12:24:02.000000,1,1,9325.46,,,0.0023,24.7663,34.8625,220,0,,,True,SINGLE_READING;,2,day2,MATCHED,D2:wor:10,10,10,results.zip/day2.xlsx,workbook,9.5439,154.881,9,True,24.7663,34.8625,244.583,,0,244.583,0.15,7541.09,33439.6,False,9344.16,0.0534155,INTERPOLATED,79,110,-18.7032,0.053465,0
90,CG6-0313,2026-01-17,4,11,field,CG6-0313|2026-01-17|L4|S11,2026-01-17 12:27:36,2026-01-17 12:27:36,2026-01-17 12:27:36.000000,1,1,9324.55,,,0.0051,24.7647,34.8635,227,0,,,True,SINGLE_READING;,2,day2,MATCHED,D2:wor:11,11,11,results.zip/day2.xlsx,workbook,14.5,173.624,12,True,24.7646,34.8634,246.772,,0,246.772,0.15,7508.01,33615.5,False,9344.16,0.0534068,INTERPOLATED,79,110,-19.6121,0.0536498,0
91,CG6-0313,2026-01-17,4,12,field,CG6-0313|2026-01-17|L4|S12,2026-01-17 12:31:22,2026-01-17 12:31:22,2026-01-17 12:31:22.000000,1,1,9323.97,,,0.0019,24.7633,34.8632,212.3,0,,,True,SINGLE_READING;,2,day2,MATCHED,D2:wor:12,12,12,results.zip/day2.xlsx,workbook,9.73224,152.614,11,True,24.7632,34.8631,249.541,,0,249.541,0.15,7591.25,33778.3,False,9344.17,0.053398,INTERPOLATED,79,110,-20.1992,0.0534318,0
92,CG6-0313,2026-01-17,4,13,field,CG6-0313|2026-01-17|L4|S13,2026-01-17 12:35:13,2026-01-17 12:35:13,2026-01-17 12:35:13.000000,1,1,9323.71,,,0.003,24.7642,34.8617,223.8,0,,,True,SINGLE_READING;,2,day2,MATCHED,D2:wor:13,13,13,results.zip/day2.xlsx,workbook,14.1825,176.237,11,True,24.7641,34.8616,253.513,,0,253.513,0.15,7696.45,33676.6,False,9344.17,0.0533895,INTERPOLATED,79,110,-20.4613,0.0534737,0
93,CG6-0313,2026-01-17,4,14,field,CG6-0313|2026-01-17|L4|S14,2026-01-17 12:38:35,2026-01-17 12:38:35,2026-01-17 12:38:35.000000,1,1,9322.57,,,0.0027,24.7626,34.8606,244.3,0,,,True,SINGLE_READING;,2,day2,MATCHED,D2:wor:14,14,14,results.zip/day2.xlsx,workbook,9.0018,198.908,13,True,24.7626,34.8605,256.048,,0,256.048,0.15,7862.41,33861.7,False,9344.17,0.0533823,INTERPOLATED,79,110,-21.6018,0.0534506,0
94,CG6-0313,2026-01-17,4,15,field,CG6-0313|2026-01-17|L4|S15,2026-01-17 12:42:05,2026-01-17 12:42:05,2026-01-17 12:42:05.000000,1,1,9321.56,,,0.0027,24.7614,34.8592,242.5,0,,,True,SINGLE_READING;,2,day2,MATCHED,D2:wor:15,15,15,results.zip/day2.xlsx,workbook,9.3817,166.247,16,True,24.7613,34.8592,258.911,,0,258.911,0.15,8035.6,34008.6,False,9344.17,0.0533753,INTERPOLATED,79,110,-22.6098,0.0534436,0
95,CG6-0313,2026-01-17,4,16,field,CG6-0313|2026-01-17|L4|S16,2026-01-17 12:45:44,2026-01-17 12:45:44,2026-01-17 12:45:44.000000,1,1,9321.13,,,0.0019,24.7624,34.858,240.1,0,,,True,SINGLE_READING;,2,day2,MATCHED,D2:wor:16,16,16,results.zip/day2.xlsx,workbook,11.9631,179.06,15,True,24.7623,34.858,262.112,,0,262.112,0.15,8112.23,33896.1,False,9344.17,0.0533684,INTERPOLATED,79,110,-23.0452,0.0534022,0
96,CG6-0313,2026-01-17,4,17,field,CG6-0313|2026-01-17|L4|S17,2026-01-17 12:50:50,2026-01-17 12:50:50,2026-01-17 12:50:50.000000,1,1,9320.98,,,0.0027,24.7641,34.8572,243.4,0,,,True,SINGLE_READING;,2,day2,MATCHED,D2:wor:17,17,17,results.zip/day2.xlsx,workbook,12.4014,207.082,18,True,24.764,34.8571,264.853,,0,264.853,0.15,8131.84,33718.7,False,9344.18,0.0533593,INTERPOLATED,79,110,-23.1959,0.0534276,0
97,CG6-0313,2026-01-17,4,18,field,CG6-0313|2026-01-17|L4|S18,2026-01-17 12:54:23,2026-01-17 12:54:23,2026-01-17 12:54:23.000000,1,1,9320.64,,,0.0039,24.7653,34.8556,246.1,0,,,True,SINGLE_READING;,2,day2,MATCHED,D2:wor:18,18,18,results.zip/day2.xlsx,workbook,11.8104,182.307,19,True,24.7652,34.8555,268.197,,0,268.197,0.15,8243.34,33592.3,False,9344.18,0.0533535,INTERPOLATED,79,110,-23.5373,0.0534959,0
98,CG6-0313,2026-01-17,4,19,field,CG6-0313|2026-01-17|L4|S19,2026-01-17 13:04:38,2026-01-17 13:04:38,2026-01-17 13:04:38.000000,1,1,9320.09,,,0.0029,24.7654,34.8538,257.3,0,,,True,SINGLE_READING;,2,day2,MATCHED,D2:wor:19,19,19,results.zip/day2.xlsx,workbook,11.5513,175.814,18,True,24.7653,34.8538,270.896,,0,270.896,0.15,8412.03,33594.3,False,9344.18,0.0533388,INTERPOLATED,79,110,-24.0921,0.0534176,0
99,CG6-0313,2026-01-17,4,20,field,CG6-0313|2026-01-17|L4|S20,2026-01-17 13:09:41,2026-01-17 13:09:41,2026-01-17 13:09:41.000000,1,1,9319.04,,,0.0021,24.7645,34.8523,267.5,0,,,True,SINGLE_READING;,2,day2,MATCHED,D2:wor:20,20,20,results.zip/day2.xlsx,workbook,9.47343,178.641,19,True,24.7644,34.8522,273.486,,0,273.486,0.15,8591.12,33709.2,False,9344.19,0.0533328,INTERPOLATED,79,110,-25.1447,0.0533741,0
100,CG6-0313,2026-01-17,4,21,field,CG6-0313|2026-01-17|L4|S21,2026-01-17 13:13:29,2026-01-17 13:13:29,2026-01-17 13:13:29.000000,1,1,9317.92,,,0.0018,24.7627,34.8518,268.7,0,,,True,SINGLE_READING;,2,day2,MATCHED,D2:wor:21,21,21,results.zip/day2.xlsx,workbook,8.76288,190.315,20,True,24.7627,34.8517,276.509,,0,276.509,0.15,8694.81,33906,False,9344.19,0.0533287,INTERPOLATED,79,110,-26.2716,0.0533591,0
101,CG6-0313,2026-01-17,4,22,field,CG6-0313|2026-01-17|L4|S22,2026-01-17 13:16:43,2026-01-17 13:16:43,2026-01-17 13:16:43.000000,1,1,9317.06,,,0.0031,24.761,34.8519,261.9,0,,,True,SINGLE_READING;,2,day2,MATCHED,D2:wor:22,22,22,results.zip/day2.xlsx,workbook,7.64159,138.689,23,True,24.7609,34.8518,278.716,,0,278.716,0.15,8749.54,34102.4,False,9344.19,0.0533256,INTERPOLATED,79,110,-27.1288,0.0534156,0
102,CG6-0313,2026-01-17,4,23,field,CG6-0313|2026-01-17|L4|S23,2026-01-17 13:20:09,2026-01-17 13:20:09,2026-01-17 13:20:09.000000,1,1,9316.09,,,0.0015,24.76,34.851,261.6,0,,,True,SINGLE_READING;,2,day2,MATCHED,D2:wor:23,23,23,results.zip/day2.xlsx,workbook,3.44165,127.646,22,True,24.76,34.851,281.866,,0,281.866,0.15,8863.9,34214.6,False,9344.19,0.0533227,INTERPOLATED,79,110,-28.1046,0.0533438,0
103,CG6-0313,2026-01-17,4,24,field,CG6-0313|2026-01-17|L4|S24,2026-01-17 13:23:34,2026-01-17 13:23:34,2026-01-17 13:23:34.000000,1,1,9315.65,,,0.002,24.7606,34.8492,265.8,0,,,True,SINGLE_READING;,2,day2,MATCHED,D2:wor:24,24,24,results.zip/day2.xlsx,workbook,5.86192,176.892,25,True,24.7606,34.8492,284.537,,0,284.537,0.15,9014.05,34161.8,False,9344.19,0.0533201,INTERPOLATED,79,110,-28.5484,0.0533576,0
104,CG6-0313,2026-01-17,4,25,field,CG6-0313|2026-01-17|L4|S25,2026-01-17 13:28:42,2026-01-17 13:28:42,2026-01-17 13:28:42.000000,1,1,9315,,,0.0027,24.761,34.8475,265.6,0,,,True,SINGLE_READING;,2,day2,MATCHED,D2:wor:25,25,25,results.zip/day2.xlsx,workbook,11.0127,176.775,24,True,24.7609,34.8475,287.808,,0,287.808,0.15,9163.17,34133.5,False,9344.2,0.0533168,INTERPOLATED,79,110,-29.1928,0.0533852,0
105,CG6-0313,2026-01-17,4,26,field,CG6-0313|2026-01-17|L4|S26,2026-01-17 13:33:19,2026-01-17 13:33:19,2026-01-17 13:33:19.000000,1,1,9313.92,,,0.002,24.7595,34.8468,281.1,0,,,True,SINGLE_READING;,2,day2,MATCHED,D2:wor:26,26,26,results.zip/day2.xlsx,workbook,4.86846,167.292,25,True,24.7595,34.8468,291.238,,0,291.238,0.15,9281.87,34302.8,False,9344.2,0.0533146,INTERPOLATED,79,110,-30.2787,0.0533521,0
106,CG6-0313,2026-01-17,4,27,field,CG6-0313|2026-01-17|L4|S27,2026-01-17 13:37:06,2026-01-17 13:37:06,2026-01-17 13:37:06.000000,1,1,9313.11,,,0.0026,24.7594,34.8449,282,0,,,True,SINGLE_READING;,2,day2,MATCHED,D2:wor:27,27,27,results.zip/day2.xlsx,workbook,4.0283,191.399,26,True,24.7594,34.8449,294.619,,0,294.619,0.15,9469.15,34336.2,False,9344.2,0.0533133,INTERPOLATED,79,110,-31.0928,0.0533767,0
107,CG6-0313,2026-01-17,4,28,field,CG6-0313|2026-01-17|L4|S28,2026-01-17 13:40:22,2026-01-17 13:40:22,2026-01-17 13:40:22.000000,1,1,9312.45,,,0.0015,24.76,34.843,286.1,0,,,True,SINGLE_READING;,2,day2,MATCHED,D2:wor:28,28,28,results.zip/day2.xlsx,workbook,5.91731,198.917,29,True,24.7599,34.843,296.746,,0,296.746,0.15,9631.34,34293.7,False,9344.2,0.0533125,INTERPOLATED,79,110,-31.7563,0.0533336,0
108,CG6-0313,2026-01-17,4,29,field,CG6-0313|2026-01-17|L4|S29,2026-01-17 13:44:36,2026-01-17 13:44:36,2026-01-17 13:44:36.000000,1,1,9311.78,,,0.0022,24.7606,34.8412,278.2,0,,,True,SINGLE_READING;,2,day2,MATCHED,D2:wor:29,29,29,results.zip/day2.xlsx,workbook,3.47826,201.729,28,True,24.7606,34.8412,299.286,,0,299.286,0.15,9789.01,34243.3,False,9344.2,0.0533119,INTERPOLATED,79,110,-32.4217,0.0533573,0
109,CG6-0313,2026-01-17,4,30,field,CG6-0313|2026-01-17|L4|S30,2026-01-17 13:48:31,2026-01-17 13:48:31,2026-01-17 13:48:31.000000,1,1,9311.11,,,0.0019,24.7608,34.8391,261.5,0,,,True,SINGLE_READING;,2,day2,MATCHED,D2:wor:30,30,30,results.zip/day2.xlsx,workbook,4.86118,208.717,29,True,24.7607,34.8392,302.549,,0,302.549,0.15,9981.16,34247.1,False,9344.21,0.0533119,INTERPOLATED,79,110,-33.0932,0.0533457,0
110,CG6-0313,2026-01-17,0,100,field_base_100,CG6-0313|2026-01-17|L0|S100,2026-01-17 14:45:23,2026-01-17 14:48:23,2026-01-17 14:46:53.000000,4,4,9344.24,0.0187892,0.00450302,0.00450302,24.7868,34.9338,103,0,,,True,,2,day2,MATCHED,D2:wor:Base100,Base100,Base100,results.zip/day2.xlsx,workbook,9.59907,,,True,24.7867,34.9338,111.792,,0,111.792,0.15,9.59815,31636.1,True,9344.24,0.00450302,AT_CONTROL,110,110,0,0.00636823,0
111,CG6-0313,2026-01-17,0,0,hotel_base_0,CG6-0313|2026-01-17|L0|S0,2026-01-17 16:04:48,2026-01-17 16:07:48,2026-01-17 16:06:18.000000,4,4,9409.41,0.0370435,0.0081757,0.0081757,25.0669,34.8777,21.8,0,,,True,,2,day2,MATCHED,D2:wor:Base1,Base1,Base1,results.zip/day2.xlsx,workbook,16.8046,,,True,25.0668,34.8777,36.488,,0,36.488,0.15,31661.8,16.7951,True,9344.09,0.0871772,AT_CONTROL,111,111,65.3243,0.0875597,0
112,CG6-0313,2026-01-18,0,0,hotel_base_0,CG6-0313|2026-01-18|L0|S0,2026-01-18 03:55:36,2026-01-18 03:58:36,2026-01-18 03:57:06.000000,4,4,9409.18,0.0397406,0.00838816,0.00838816,25.0668,34.8776,29.8,0,,,True,,3,day3,MATCHED,D3:wor:Base0,Base0,Base0,results.zip/day3.xlsx,workbook,7.18673,,,True,25.0668,34.8777,36.538,,0,36.538,0.15,31652.7,7.20006,True,9343.86,0.0871973,AT_CONTROL,112,112,65.3243,0.0875999,0
113,CG6-0313,2026-01-18,0,100,field_base_100,CG6-0313|2026-01-18|L0|S100,2026-01-18 06:12:23,2026-01-18 06:15:23,2026-01-18 06:13:53.000000,4,4,9343.8,0.0122399,0.00254084,0.00254084,24.7868,34.9337,79.1,0,,TILT_GT_20,True,,3,day3,MATCHED,D3:wor:Base100,Base100,Base100,results.zip/day3.xlsx,workbook,7.10457,,,True,24.7867,34.9338,111.767,,0,111.767,0.15,7.12128,31640.6,True,9343.8,0.00254084,AT_CONTROL,113,113,0,0.0035933,0
114,CG6-0313,2026-01-18,4,31,field,CG6-0313|2026-01-18|L4|S31,2026-01-18 07:06:37,2026-01-18 07:06:37,2026-01-18 07:06:37.000000,1,1,9309.85,,,0.0016,24.7605,34.8371,294.9,0,,,True,SINGLE_READING;,3,day3,MATCHED,D3:wor:31,31,31,results.zip/day3.xlsx,workbook,4.53134,208.372,32,True,24.7606,34.8371,305.602,,0,305.602,0.15,10182.6,34294,False,9343.77,0.0532178,INTERPOLATED,113,134,-33.9224,0.0532419,0
115,CG6-0313,2026-01-18,4,32,field,CG6-0313|2026-01-18|L4|S32,2026-01-18 07:20:55,2026-01-18 07:20:55,2026-01-18 07:20:55.000000,1,1,9309.21,,,0.0027,24.7612,34.8352,280,0,,,True,SINGLE_READING;,3,day3,MATCHED,D3:wor:32,32,32,results.zip/day3.xlsx,workbook,3.88518,119.439,33,True,24.7612,34.8352,309.207,,0,309.207,0.15,10349,34249.6,False,9343.76,0.0532153,INTERPOLATED,113,134,-34.5484,0.0532838,0
116,CG6-0313,2026-01-18,4,33,field,CG6-0313|2026-01-18|L4|S33,2026-01-18 07:24:31,2026-01-18 07:24:31,2026-01-18 07:24:31.000000,1,1,9308.78,,,0.0024,24.7602,34.8346,291.6,0,,,True,SINGLE_READING;,3,day3,MATCHED,D3:wor:33,33,33,results.zip/day3.xlsx,workbook,0.984179,115.926,34,True,24.7602,34.8347,312.082,,0,312.082,0.15,10432.1,34361.4,False,9343.76,0.0532149,INTERPOLATED,113,134,-34.9749,0.053269,0
117,CG6-0313,2026-01-18,4,34,field,CG6-0313|2026-01-18|L4|S34,2026-01-18 07:28:33,2026-01-18 07:28:33,2026-01-18 07:28:33.000000,1,1,9307.83,,,0.0016,24.7597,34.8336,301.3,0,,,True,SINGLE_READING;,3,day3,MATCHED,D3:wor:34,34,34,results.zip/day3.xlsx,workbook,2.37605,118.877,33,True,24.7597,34.8336,316.021,,0,316.021,0.15,10548.6,34427,False,9343.76,0.0532145,INTERPOLATED,113,134,-35.9289,0.0532385,0
118,CG6-0313,2026-01-18,4,35,field,CG6-0313|2026-01-18|L4|S35,2026-01-18 07:33:34,2026-01-18 07:33:34,2026-01-18 07:33:34.000000,1,1,9307.02,,,0.0026,24.7606,34.8319,312,0,,,True,SINGLE_READING;,3,day3,MATCHED,D3:wor:35,35,35,results.zip/day3.xlsx,workbook,6.89128,177.328,36,True,24.7607,34.8319,319.804,,0,319.804,0.15,10684.7,34354.7,False,9343.75,0.0532141,INTERPOLATED,113,134,-36.7328,0.0532775,0
119,CG6-0313,2026-01-18,4,36,field,CG6-0313|2026-01-18|L4|S36,2026-01-18 07:37:51,2026-01-18 07:37:51,2026-01-18 07:37:51.000000,1,1,9306.47,,,0.0017,24.7597,34.8304,303.8,0,,,True,SINGLE_READING;,3,day3,MATCHED,D3:wor:36,36,36,results.zip/day3.xlsx,workbook,2.36942,184.77,35,True,24.7597,34.8305,323.325,,0,323.325,0.15,10855.2,34474.1,False,9343.75,0.0532138,INTERPOLATED,113,134,-37.2774,0.053241,0
120,CG6-0313,2026-01-18,4,37,field,CG6-0313|2026-01-18|L4|S37,2026-01-18 07:42:02,2026-01-18 07:42:02,2026-01-18 07:42:02.000000,1,1,9305.63,,,0.0031,24.7584,34.8292,297.4,0,,,True,SINGLE_READING;,3,day3,MATCHED,D3:wor:37,37,37,results.zip/day3.xlsx,workbook,2.9392,163.194,38,True,24.7584,34.8292,326.782,,0,326.782,0.15,11016.9,34632.5,False,9343.75,0.0532137,INTERPOLATED,113,134,-38.1225,0.0533039,0
121,CG6-0313,2026-01-18,4,38,field,CG6-0313|2026-01-18|L4|S38,2026-01-18 07:46:24,2026-01-18 07:46:24,2026-01-18 07:46:24.000000,1,1,9305.12,,,0.0022,24.7591,34.8277,309.5,0,,,True,SINGLE_READING;,3,day3,MATCHED,D3:wor:38,38,38,results.zip/day3.xlsx,workbook,5.08467,169.929,37,True,24.7591,34.8277,329.549,,0,329.549,0.15,11142.2,34584.3,False,9343.75,0.0532136,INTERPOLATED,113,134,-38.6295,0.0532591,0
122,CG6-0313,2026-01-18,4,39,field,CG6-0313|2026-01-18|L4|S39,2026-01-18 07:49:54,2026-01-18 07:49:54,2026-01-18 07:49:54.000000,1,1,9304.68,,,0.0024,24.7606,34.8269,320.8,0,,,True,SINGLE_READING;,3,day3,MATCHED,D3:wor:39,39,39,results.zip/day3.xlsx,workbook,5.3184,110.396,40,True,24.7606,34.8269,332.862,,0,332.862,0.15,11173,34425,False,9343.75,0.0532137,INTERPOLATED,113,134,-39.0704,0.0532678,0
123,CG6-0313,2026-01-18,4,40,field,CG6-0313|2026-01-18|L4|S40,2026-01-18 07:53:37,2026-01-18 07:53:37,2026-01-18 07:53:37.000000,1,1,9303.85,,,0.0017,24.76,34.826,317.9,0,,,True,SINGLE_READING;,3,day3,MATCHED,D3:wor:40,40,40,results.zip/day3.xlsx,workbook,2.8177,110.117,39,True,24.76,34.826,336.717,,0,336.717,0.15,11276.1,34502,False,9343.74,0.0532138,INTERPOLATED,113,134,-39.8975,0.0532409,0
124,CG6-0313,2026-01-18,4,41,field,CG6-0313|2026-01-18|L4|S41,2026-01-18 07:57:03,2026-01-18 07:57:03,2026-01-18 07:57:03.000000,1,1,9302.99,,,0.0022,24.7583,34.8256,319.7,0,,,True,SINGLE_READING;,3,day3,MATCHED,D3:wor:41,41,41,results.zip/day3.xlsx,workbook,2.66456,202.009,40,True,24.7583,34.8255,339.59,,0,339.59,0.15,11372.8,34701.7,False,9343.74,0.0532139,INTERPOLATED,113,134,-40.7536,0.0532594,0
125,CG6-0313,2026-01-18,4,42,field,CG6-0313|2026-01-18|L4|S42,2026-01-18 08:00:31,2026-01-18 08:00:31,2026-01-18 08:00:31.000000,1,1,9301.83,,,0.0023,24.7565,34.8247,320.5,0,,,True,SINGLE_READING;,3,day3,MATCHED,D3:wor:42,42,42,results.zip/day3.xlsx,workbook,11.5102,179.589,43,True,24.7566,34.8248,343.187,,0,343.187,0.15,11515.5,34906.9,False,9343.74,0.0532142,INTERPOLATED,113,134,-41.9113,0.0532639,0
126,CG6-0313,2026-01-18,4,43,field,CG6-0313|2026-01-18|L4|S43,2026-01-18 08:10:50,2026-01-18 08:10:50,2026-01-18 08:10:50.000000,1,1,9301.07,,,0.0026,24.755,34.8244,344.1,0,,,True,SINGLE_READING;,3,day3,MATCHED,D3:wor:43,43,43,results.zip/day3.xlsx,workbook,2.23369,182.569,44,True,24.7549,34.8244,345.765,,0,345.765,0.15,11592.9,35084.3,False,9343.73,0.0532152,INTERPOLATED,113,134,-42.664,0.0532787,0
127,CG6-0313,2026-01-18,4,44,field,CG6-0313|2026-01-18|L4|S44,2026-01-18 08:14:26,2026-01-18 08:14:26,2026-01-18 08:14:26.000000,1,1,9300.24,,,0.0039,24.7534,34.824,336.5,0,,,True,SINGLE_READING;,3,day3,MATCHED,D3:wor:44,44,44,results.zip/day3.xlsx,workbook,2.14804,179.534,43,True,24.7533,34.824,348.3,,0,348.3,0.15,11684.5,35265.8,False,9343.73,0.0532158,INTERPOLATED,113,134,-43.4906,0.0533585,0
128,CG6-0313,2026-01-18,4,45,field,CG6-0313|2026-01-18|L4|S45,2026-01-18 08:17:58,2026-01-18 08:17:58,2026-01-18 08:17:58.000000,1,1,9299.41,,,0.0015,24.7515,34.8237,326.3,0,,,True,SINGLE_READING;,3,day3,MATCHED,D3:wor:45,45,45,results.zip/day3.xlsx,workbook,4.38529,202.125,46,True,24.7515,34.8237,351.44,,0,351.44,0.15,11778.4,35474.2,False,9343.73,0.0532163,INTERPOLATED,113,134,-44.3183,0.0532375,0
129,CG6-0313,2026-01-18,4,46,field,CG6-0313|2026-01-18|L4|S46,2026-01-18 08:21:32,2026-01-18 08:21:32,2026-01-18 08:21:32.000000,1,1,9298.57,,,0.007,24.7497,34.8237,347.1,0,,STDDEV_GT_0.050,True,SINGLE_READING;,3,day3,MATCHED,D3:wor:46,46,46,results.zip/day3.xlsx,workbook,2.25792,190.371,47,True,24.7497,34.8236,354.624,,0,354.624,0.15,11855.4,35675.9,False,9343.73,0.053217,INTERPOLATED,113,134,-45.1577,0.0536754,0
130,CG6-0313,2026-01-18,4,47,field,CG6-0313|2026-01-18|L4|S47,2026-01-18 08:26:12,2026-01-18 08:26:12,2026-01-18 08:26:12.000000,1,1,9298.07,,,0.0031,24.7479,34.8234,338.1,0,,,True,SINGLE_READING;,3,day3,MATCHED,D3:wor:47,47,47,results.zip/day3.xlsx,workbook,7.36786,175.857,48,True,24.748,34.8234,357.328,,0,357.328,0.15,11950.2,35872.9,False,9343.72,0.0532179,INTERPOLATED,113,134,-45.6565,0.0533081,0
131,CG6-0313,2026-01-18,4,48,field,CG6-0313|2026-01-18|L4|S48,2026-01-18 08:29:15,2026-01-18 08:29:15,2026-01-18 08:29:15.000000,1,1,9297.68,,,0.0025,24.7464,34.8234,345.4,0,,,True,SINGLE_READING;,3,day3,MATCHED,D3:wor:48,48,48,results.zip/day3.xlsx,workbook,5.18343,177.868,47,True,24.7463,34.8234,360.059,,0,360.059,0.15,12013.8,36041.8,False,9343.72,0.0532186,INTERPOLATED,113,134,-46.0422,0.0532773,0
132,CG6-0313,2026-01-18,4,49,field,CG6-0313|2026-01-18|L4|S49,2026-01-18 08:33:18,2026-01-18 08:33:18,2026-01-18 08:33:18.000000,1,1,9296.59,,,0.0027,24.7446,34.823,355.9,0,,,True,SINGLE_READING;,3,day3,MATCHED,D3:wor:49,49,49,results.zip/day3.xlsx,workbook,1.08147,163.953,50,True,24.7446,34.823,364.471,,0,364.471,0.15,12125.3,36240.8,False,9343.72,0.0532196,INTERPOLATED,113,134,-47.1325,0.053288,0
133,CG6-0313,2026-01-18,4,50,field,CG6-0313|2026-01-18|L4|S50,2026-01-18 08:38:04,2026-01-18 08:38:04,2026-01-18 08:38:04.000000,1,1,9295.51,,,0.0054,24.7433,34.8223,364.7,0,,,True,SINGLE_READING;,3,day3,MATCHED,D3:wor:50,50,50,results.zip/day3.xlsx,workbook,4.01471,166.071,49,True,24.7433,34.8223,369.121,,0,369.121,0.15,12250.8,36400.6,False,9343.72,0.0532208,INTERPOLATED,113,134,-48.2098,0.0534941,0
134,CG6-0313,2026-01-18,0,100,field_base_100,CG6-0313|2026-01-18|L0|S100,2026-01-18 10:17:34,2026-01-18 10:20:34,2026-01-18 10:19:04.000000,4,4,9343.66,0.0133899,0.00326859,0.00326859,24.7868,34.9338,101.8,0,,,True,,3,day3,MATCHED,D3:wor:Base100,Base100,Base100,results.zip/day3.xlsx,workbook,6.36596,,,True,24.7867,34.9338,111.767,,0,111.767,0.15,6.39441,31639.9,True,9343.66,0.00326859,AT_CONTROL,134,134,0,0.00462249,0
135,CG6-0313,2026-01-18,5,1,field,CG6-0313|2026-01-18|L5|S1,2026-01-18 11:49:50,2026-01-18 11:49:50,2026-01-18 11:49:50.000000,1,1,9320.47,,,0.0028,24.7928,34.8222,273.9,0,,,True,SINGLE_READING;,3,day3,MATCHED,D3:wor:1,1,1,results.zip/day3.xlsx,workbook,5.28585,109.786,1-149,True,24.7928,34.8221,265.799,,0,265.799,0.15,11285.4,30969.5,False,9343.61,0.06417,RETIED_COLOCATION(EXTRAPOLATED_1.5h),134,,-23.3638,0.0224648,-0.222643
136,CG6-0313,2026-01-18,5,2,field,CG6-0313|2026-01-18|L5|S2,2026-01-18 11:58:02,2026-01-18 11:58:02,2026-01-18 11:58:02.000000,1,1,9319.83,,,0.0027,24.7918,34.8203,271.1,0,,,True,SINGLE_READING;,3,day3,MATCHED,D3:wor:2,2,2,results.zip/day3.xlsx,workbook,1.96733,54.7588,1-150,True,24.7918,34.8202,267.704,,0,267.704,0.15,11470.6,31118.3,False,9343.61,0.0660258,RETIED_COLOCATION(EXTRAPOLATED_1.6h),134,,-23.9952,0.0224525,-0.222643
137,CG6-0313,2026-01-18,5,3,field,CG6-0313|2026-01-18|L5|S3,2026-01-18 12:02:20,2026-01-18 12:02:20,2026-01-18 12:02:20.000000,1,1,9319.13,,,0.0037,24.7908,34.8187,277.2,0,,,True,SINGLE_READING;,3,day3,MATCHED,D3:wor:3,3,3,results.zip/day3.xlsx,workbook,3.48673,35.167,1-151,True,24.7908,34.8187,270.022,,0,270.022,0.15,11620.5,31258.4,False,9343.6,0.0670407,RETIED_COLOCATION(EXTRAPOLATED_1.7h),134,,-24.7002,0.0225946,-0.222643
138,CG6-0313,2026-01-18,5,4,field,CG6-0313|2026-01-18|L5|S4,2026-01-18 12:05:26,2026-01-18 12:05:26,2026-01-18 12:05:26.000000,1,1,9318.15,,,0.0036,24.7892,34.8178,264.4,0,,,True,SINGLE_READING;,3,day3,MATCHED,D3:wor:4,4,4,results.zip/day3.xlsx,workbook,2.679,28.1526,1-152,True,24.7892,34.8178,272.83,,0,272.83,0.15,11708.3,31447.7,False,9343.6,0.0677892,RETIED_COLOCATION(EXTRAPOLATED_1.8h),134,,-25.6764,0.0225784,-0.222643
139,CG6-0313,2026-01-18,5,5,field,CG6-0313|2026-01-18|L5|S5,2026-01-18 12:09:07,2026-01-18 12:09:07,2026-01-18 12:09:07.000000,1,1,9317.46,,,0.0024,24.7876,34.8171,262.3,0,,,True,SINGLE_READING;,3,day3,MATCHED,D3:wor:5,5,5,results.zip/day3.xlsx,workbook,6.12047,159.464,1-152,True,24.7876,34.8171,275.01,,0,275.01,0.15,11774.8,31631.2,False,9343.6,0.0686962,RETIED_COLOCATION(EXTRAPOLATED_1.8h),134,,-26.3578,0.0224184,-0.222643
140,CG6-0313,2026-01-18,5,6,field,CG6-0313|2026-01-18|L5|S6,2026-01-18 12:12:11,2026-01-18 12:12:11,2026-01-18 12:12:11.000000,1,1,9316.87,,,0.0025,24.7863,34.8158,259.6,0,,,True,SINGLE_READING;,3,day3,MATCHED,D3:wor:6,6,6,results.zip/day3.xlsx,workbook,2.08891,191.319,5,True,24.7863,34.8158,278.369,,0,278.369,0.15,11904.8,31801.6,False,9343.6,0.0694655,RETIED_COLOCATION(EXTRAPOLATED_1.9h),134,,-26.9548,0.0224293,-0.222643
141,CG6-0313,2026-01-18,5,7,field,CG6-0313|2026-01-18|L5|S7,2026-01-18 12:15:19,2026-01-18 12:15:19,2026-01-18 12:15:19.000000,1,1,9316.34,,,0.0038,24.7869,34.814,264,0,,,True,SINGLE_READING;,3,day3,MATCHED_ID_TIEBREAK,D3:wor:7,7,7,results.zip/day3.xlsx,workbook,8.25214,10.7993,1-155,True,24.7868,34.8139,280.942,,0,280.942,0.15,12094.2,31776.1,False,9343.6,0.0702642,RETIED_COLOCATION(EXTRAPOLATED_1.9h),134,,-27.483,0.0226112,-0.222643
142,CG6-0313,2026-01-18,5,8,field,CG6-0313|2026-01-18|L5|S8,2026-01-18 12:18:50,2026-01-18 12:18:50,2026-01-18 12:18:50.000000,1,1,9315.63,,,0.0047,24.7876,34.8119,273.9,0,,,True,SINGLE_READING;,3,day3,MATCHED,D3:wor:8,8,8,results.zip/day3.xlsx,workbook,3.20399,29.4246,1-156,True,24.7875,34.8119,283.848,,0,283.848,0.15,12298.5,31745.7,False,9343.59,0.0711755,RETIED_COLOCATION(EXTRAPOLATED_2.0h),134,,-28.1856,0.0227797,-0.222643
143,CG6-0313,2026-01-18,5,9,field,CG6-0313|2026-01-18|L5|S9,2026-01-18 12:22:11,2026-01-18 12:22:11,2026-01-18 12:22:11.000000,1,1,9314.73,,,0.002,24.7878,34.8101,280.7,0,,,True,SINGLE_READING;,3,day3,MATCHED_ID_TIEBREAK,D3:wor:9,9,9,results.zip/day3.xlsx,workbook,2.67382,8.79474,1-157,True,24.7878,34.8101,286.635,,0,286.635,0.15,12484.7,31760.6,False,9343.59,0.0720577,RETIED_COLOCATION(EXTRAPOLATED_2.1h),134,,-29.0852,0.0223791,-0.222643
144,CG6-0313,2026-01-18,5,10,field,CG6-0313|2026-01-18|L5|S10,2026-01-18 12:27:20,2026-01-18 12:27:20,2026-01-18 12:27:20.000000,1,1,9314.32,,,0.0025,24.7862,34.8092,283.4,0,,,True,SINGLE_READING;,3,day3,MATCHED,D3:wor:10,10,10,results.zip/day3.xlsx,workbook,2.7739,191.793,11,True,24.7862,34.8092,288.847,,0,288.847,0.15,12569.1,31949.7,False,9343.59,0.0734396,RETIED_COLOCATION(EXTRAPOLATED_2.1h),134,,-29.4891,0.0224293,-0.222643
145,CG6-0313,2026-01-18,5,11,field,CG6-0313|2026-01-18|L5|S11,2026-01-18 12:30:41,2026-01-18 12:30:41,2026-01-18 12:30:41.000000,1,1,9313.49,,,0.0022,24.7846,34.8096,275.2,0,,,True,SINGLE_READING;,3,day3,MATCHED,D3:wor:11,11,11,results.zip/day3.xlsx,workbook,11.2598,32.0495,1-159,True,24.7845,34.8095,291.735,,0,291.735,0.15,12536,32119.1,False,9343.59,0.0743544,RETIED_COLOCATION(EXTRAPOLATED_2.2h),134,,-30.319,0.0223979,-0.222643
146,CG6-0313,2026-01-18,5,12,field,CG6-0313|2026-01-18|L5|S12,2026-01-18 12:35:09,2026-01-18 12:35:09,2026-01-18 12:35:09.000000,1,1,9313.1,,,0.0021,24.7829,34.8103,275.6,0,,,True,SINGLE_READING;,3,day3,MATCHED,D3:wor:12,12,12,results.zip/day3.xlsx,workbook,8.77291,30.9598,1-160,True,24.7829,34.8102,293.644,,0,293.644,0.15,12471.7,32284,False,9343.58,0.0755928,RETIED_COLOCATION(EXTRAPOLATED_2.3h),134,,-30.706,0.0223883,-0.222643
147,CG6-0313,2026-01-18,5,13,field,CG6-0313|2026-01-18|L5|S13,2026-01-18 12:38:27,2026-01-18 12:39:54,2026-01-18 12:39:10.500000,2,2,9312.05,0.0033798,0.0016899,0.0016899,24.7811,34.8103,276.95,0,,,True,,3,day3,MATCHED,D3:wor:13,13,13,results.zip/day3.xlsx,workbook,10.9324,41.8912,1-161,True,24.781,34.8103,296.662,,0,296.662,0.15,12476.4,32481.3,False,9343.58,0.0767262,RETIED_COLOCATION(EXTRAPOLATED_2.3h),134,,-31.7597,0.0223536,-0.222643
148,CG6-0313,2026-01-18,5,14,field,CG6-0313|2026-01-18|L5|S14,2026-01-18 12:42:57,2026-01-18 12:42:57,2026-01-18 12:42:57.000000,1,1,9311.71,,,0.0019,24.7792,34.8094,277.6,0,,,True,SINGLE_READING;,3,day3,MATCHED,D3:wor:14,14,14,results.zip/day3.xlsx,workbook,8.11864,27.3508,1-162,True,24.7792,34.8093,299.164,,0,299.164,0.15,12584.5,32706.4,False,9343.58,0.0778036,RETIED_COLOCATION(EXTRAPOLATED_2.4h),134,,-32.091,0.0223704,-0.222643
149,CG6-0313,2026-01-18,5,15,field,CG6-0313|2026-01-18|L5|S15,2026-01-18 12:47:01,2026-01-18 12:47:01,2026-01-18 12:47:01.000000,1,1,9311.02,,,0.0025,24.7779,34.8084,287.7,0,,,True,SINGLE_READING;,3,day3,MATCHED,D3:wor:15,15,15,results.zip/day3.xlsx,workbook,8.40259,59.264,1-163,True,24.7779,34.8084,301.62,,0,301.62,0.15,12690.2,32867.1,False,9343.58,0.0789792,RETIED_COLOCATION(EXTRAPOLATED_2.5h),134,,-32.7791,0.0224293,-0.222643
150,CG6-0313,2026-01-18,5,16,field,CG6-0313|2026-01-18|L5|S16,2026-01-18 12:50:45,2026-01-18 12:50:45,2026-01-18 12:50:45.000000,1,1,9310.22,,,0.0039,24.7768,34.807,295.2,0,,,True,SINGLE_READING;,3,day3,MATCHED,D3:wor:16,16,16,results.zip/day3.xlsx,workbook,9.06241,47.7667,1-164,True,24.7768,34.8069,303.704,,0,303.704,0.15,12846.8,33018.2,False,9343.58,0.0800714,RETIED_COLOCATION(EXTRAPOLATED_2.5h),134,,-33.5835,0.0226282,-0.222643
151,CG6-0313,2026-01-18,5,17,field,CG6-0313|2026-01-18|L5|S17,2026-01-18 12:53:54,2026-01-18 12:53:54,2026-01-18 12:53:54.000000,1,1,9309.35,,,0.0024,24.7755,34.8055,290.1,0,,,True,SINGLE_READING;,3,day3,MATCHED,D3:wor:17,17,17,results.zip/day3.xlsx,workbook,10.3195,68.1483,1-165,True,24.7754,34.8054,305.945,,0,305.945,0.15,13010.2,33193.7,False,9343.57,0.0810023,RETIED_COLOCATION(EXTRAPOLATED_2.6h),134,,-34.4447,0.0224184,-0.222643
152,CG6-0313,2026-01-18,5,18,field,CG6-0313|2026-01-18|L5|S18,2026-01-18 12:57:09,2026-01-18 12:57:09,2026-01-18 12:57:09.000000,1,1,9308.69,,,0.0071,24.774,34.8046,288.9,0,,STDDEV_GT_0.050,True,SINGLE_READING;,3,day3,MATCHED,D3:wor:18,18,18,results.zip/day3.xlsx,workbook,9.56567,61.2618,1-166,True,24.774,34.8045,307.837,,0,307.837,0.15,13117,33373.5,False,9343.57,0.0819714,RETIED_COLOCATION(EXTRAPOLATED_2.6h),134,,-35.1011,0.0233931,-0.222643
153,CG6-0313,2026-01-18,5,19,field,CG6-0313|2026-01-18|L5|S19,2026-01-18 12:58:30,2026-01-18 13:02:39,2026-01-18 13:00:34.500000,2,2,9308.28,0.949025,0.474512,0.474512,24.7735,34.8039,290.75,184.11,,TWO_READINGS_DIFFER,True,CG6_GPS_SPREAD;,3,day3,UNMATCHED_GT_30M,D3:wor:1-166,1-166,1-166,results.zip/day3.xlsx,workbook,30.8461,83.2047,18,False,24.7737,34.8041,308.831,,0,308.831,0.15,13189.9,33450.5,False,9343.57,0.0830018,RETIED_COLOCATION(EXTRAPOLATED_2.7h),134,,-35.5137,0.475036,-0.222643
154,CG6-0313,2026-01-18,5,20,field,CG6-0313|2026-01-18|L5|S20,2026-01-18 13:06:54,2026-01-18 13:06:54,2026-01-18 13:06:54.000000,1,1,9306.7,,,0.0022,24.7714,34.8023,294.7,0,,,True,SINGLE_READING;,3,day3,MATCHED,D3:wor:20,20,20,results.zip/day3.xlsx,workbook,9.95558,76.2651,1-168,True,24.7713,34.8023,313.342,,0,313.342,0.15,13381,33711.8,False,9343.57,0.0849282,RETIED_COLOCATION(EXTRAPOLATED_2.8h),134,,-37.0894,0.0223979,-0.222643
155,CG6-0313,2026-01-18,5,21,field,CG6-0313|2026-01-18|L5|S21,2026-01-18 13:14:17,2026-01-18 13:14:17,2026-01-18 13:14:17.000000,1,1,9305.84,,,0.0028,24.7695,34.802,305.5,0,,,True,SINGLE_READING;,3,day3,MATCHED,D3:wor:21,21,21,results.zip/day3.xlsx,workbook,10.1475,95.5439,1-169,True,24.7694,34.8019,316.114,,0,316.114,0.15,13443.9,33922.4,False,9343.56,0.0872132,RETIED_COLOCATION(EXTRAPOLATED_2.9h),134,,-37.9463,0.0224648,-0.222643
156,CG6-0313,2026-01-18,5,22,field,CG6-0313|2026-01-18|L5|S22,2026-01-18 13:17:35,2026-01-18 13:17:35,2026-01-18 13:17:35.000000,1,1,9305.21,,,0.0034,24.7677,34.8017,303.9,0,,,True,SINGLE_READING;,3,day3,MATCHED,D3:wor:22,22,22,results.zip/day3.xlsx,workbook,13.0207,63.3526,1-170,True,24.7676,34.8017,318.709,,0,318.709,0.15,13494.4,34121.3,False,9343.56,0.0882464,RETIED_COLOCATION(EXTRAPOLATED_3.0h),134,,-38.5775,0.0225474,-0.222643
157,CG6-0313,2026-01-18,0,100,field_base_100,CG6-0313|2026-01-18|L0|S100,2026-01-18 15:25:43,2026-01-18 15:28:43,2026-01-18 15:27:13.000000,4,0,,,,,24.7869,34.9338,104.5,0.44478,FROZEN_SENSOR_OUTPUT,,False,NO_ACCEPTED_READING;,3,day3,MATCHED,D3:wor:Base100,Base100,Base100,results.zip/day3.xlsx,workbook,14.2715,,,True,24.7867,34.9338,111.767,,0,111.767,0.15,14.3002,31632.7,False,9343.49,0.132608,RETIED_COLOCATION(EXTRAPOLATED_5.1h),134,,,,-0.222643
158,CG6-0313,2026-01-18,0,0,hotel_base_0,CG6-0313|2026-01-18|L0|S0,2026-01-18 16:34:54,2026-01-18 16:37:54,2026-01-18 16:36:24.000000,4,0,,,,,25.0669,34.8778,60.1,0,FROZEN_SENSOR_OUTPUT,,False,NO_ACCEPTED_READING;,3,day3,MATCHED,D3:wor:Base0,Base0,Base0,results.zip/day3.xlsx,workbook,17.4628,,,True,25.0668,34.8777,36.538,,0,36.538,0.15,31657.7,17.478,False,9343.45,0.157955,RETIED_COLOCATION(EXTRAPOLATED_6.3h),134,,,,-0.222643
159,CG6-0313,2026-01-19,0,0,hotel_base_0,CG6-0313|2026-01-19|L0|S0,2026-01-19 07:00:06,2026-01-19 07:03:06,2026-01-19 07:01:36.000000,4,0,,,,,25.0668,34.8776,22.2,0.920384,FROZEN_SENSOR_OUTPUT,,False,NO_ACCEPTED_READING;,4,day4,MATCHED,D4:wor:Base0,Base0,Base0,results.zip/day4.xlsx,workbook,3.22612,,,True,25.0668,34.8777,36.512,,0,36.512,0.15,31648.8,3.22459,False,9343.86,0.0726235,EXTRAPOLATED_2.0h,160,,,,0
160,CG6-0313,2026-01-19,0,100,field_base_100,CG6-0313|2026-01-19|L0|S100,2026-01-19 09:02:30,2026-01-19 09:05:30,2026-01-19 09:04:00.000000,4,4,9343.83,0.051351,0.0109482,0.0109482,24.7868,34.9338,98.1,0,,,True,,4,day4,MATCHED,D4:wor:Base100,Base100,Base100,results.zip/day4.xlsx,workbook,4.39416,,,True,24.7867,34.9338,111.568,,0,111.568,0.15,4.40701,31641.9,True,9343.83,0.0109482,AT_CONTROL,160,160,0,0.015483,0
161,CG6-0313,2026-01-19,6,1,field,CG6-0313|2026-01-19|L6|S1,2026-01-19 10:00:15,2026-01-19 10:01:15,2026-01-19 10:00:15.000000,2,1,9324.57,,,0.0021,24.7982,34.8362,230.95,2.11271,GROSS_RANGE_GT_500;OVERFLOW_FIELD;TILT_GT_30,,True,SINGLE_READING;,4,day4,MATCHED,D4:wor:2026-01-04,2026-01-04,4-1,results.zip/day4.xlsx,workbook,3.83122,195.82,2026-02-04,False,24.7982,34.8361,248.205,,0,248.205,0.15,9934.78,30154,False,9343.82,0.0538498,INTERPOLATED,160,183,-19.2472,0.0538908,0
162,CG6-0313,2026-01-19,6,2,field,CG6-0313|2026-01-19|L6|S2,2026-01-19 10:12:40,2026-01-19 10:12:40,2026-01-19 10:12:40.000000,1,1,9323.69,,,0.0037,24.7989,34.8344,237.6,0,,,True,SINGLE_READING;,4,day4,MATCHED,D4:wor:2026-02-04,2026-02-04,4-2,results.zip/day4.xlsx,workbook,6.89726,197.608,2026-01-04,False,24.7989,34.8344,252.24,,0,252.24,0.15,10122.8,30100.2,False,9343.82,0.0537695,INTERPOLATED,160,183,-20.1266,0.0538966,0
163,CG6-0313,2026-01-19,7,1,field,CG6-0313|2026-01-19|L7|S1,2026-01-19 10:44:37,2026-01-19 10:44:37,2026-01-19 10:44:37.000000,1,1,9329.2,,,0.0019,24.8129,34.8469,220.8,0,,,True,SINGLE_READING;,4,day4,MATCHED,D4:wor:L7-1,L7-1,L7-1,results.zip/day4.xlsx,workbook,7.7239,136.972,L7-2,True,24.8129,34.8469,224.11,,0,224.11,0.15,9240.97,28394.2,False,9343.81,0.0535913,INTERPOLATED,160,183,-14.6073,0.053625,0
164,CG6-0313,2026-01-19,7,2,field,CG6-0313|2026-01-19|L7|S2,2026-01-19 10:48:55,2026-01-19 10:48:55,2026-01-19 10:48:55.000000,1,1,9328.09,,,0.0023,24.8139,34.8459,217.8,0,,,True,SINGLE_READING;,4,day4,MATCHED,D4:wor:L7-2,L7-2,L7-2,results.zip/day4.xlsx,workbook,4.73207,146.397,L7-1,True,24.8138,34.846,229.005,,0,229.005,0.15,9362.91,28299.5,False,9343.81,0.0535705,INTERPOLATED,160,183,-15.7195,0.0536199,0
165,CG6-0313,2026-01-19,7,3,field,CG6-0313|2026-01-19|L7|S3,2026-01-19 10:52:41,2026-01-19 10:52:41,2026-01-19 10:52:41.000000,1,1,9327.16,,,0.002,24.8142,34.844,220.9,0,,,True,SINGLE_READING;,4,day4,MATCHED,D4:kml:L7-3,L7-3,L7-3,results.zip/day4.kml,kml_only,6.94114,137.164,L7-4,True,24.8142,34.8441,233.072,,0,233.072,0.15,9557.31,28284.5,False,9343.81,0.0535529,INTERPOLATED,160,183,-16.6554,0.0535902,0
166,CG6-0313,2026-01-19,7,4,field,CG6-0313|2026-01-19|L7|S4,2026-01-19 10:56:42,2026-01-19 10:56:42,2026-01-19 10:56:42.000000,1,1,9326.82,,,0.0022,24.8155,34.8441,231.1,0,,,True,SINGLE_READING;,4,day4,MATCHED,D4:wor:L7-4,L7-4,L7-4,results.zip/day4.xlsx,workbook,8.44553,152.287,L7-3,True,24.8155,34.8441,238.588,,0,238.588,0.15,9596.33,28139.1,False,9343.81,0.0535348,INTERPOLATED,160,183,-16.9936,0.05358,0
167,CG6-0313,2026-01-19,7,5,field,CG6-0313|2026-01-19|L7|S5,2026-01-19 11:00:14,2026-01-19 11:00:14,2026-01-19 11:00:14.000000,1,1,9326.03,,,0.006,24.8169,34.8426,233.7,0,,,True,SINGLE_READING;,4,day4,MATCHED,D4:wor:L7-5,L7-5,L7-5,results.zip/day4.xlsx,workbook,7.34226,215.653,L7-4,True,24.8168,34.8426,244.298,,0,244.298,0.15,9787.61,28012,False,9343.81,0.0535194,INTERPOLATED,160,183,-17.7818,0.0538546,0
168,CG6-0313,2026-01-19,7,6,field,CG6-0313|2026-01-19|L7|S6,2026-01-19 11:03:40,2026-01-19 11:03:40,2026-01-19 11:03:40.000000,1,1,9324.95,,,0.0017,24.8169,34.8405,237.1,0,,,True,SINGLE_READING;,4,day4,MATCHED,D4:wor:L7-6,L7-6,L7-6,results.zip/day4.xlsx,workbook,2.61185,165.366,L7-7,True,24.8168,34.8405,247.974,,0,247.974,0.15,9993.01,28038.1,False,9343.81,0.0535049,INTERPOLATED,160,183,-18.8586,0.0535319,0
169,CG6-0313,2026-01-19,7,7,field,CG6-0313|2026-01-19|L7|S7,2026-01-19 11:07:17,2026-01-19 11:07:17,2026-01-19 11:07:17.000000,1,1,9325.15,,,0.0033,24.8184,34.8404,235.7,0,,,True,SINGLE_READING;,4,day4,MATCHED,D4:kml:L7-7,L7-7,L7-7,results.zip/day4.kml,kml_only,8.12046,118.098,L7-8,True,24.8184,34.8403,252.494,,0,252.494,0.15,10061.7,27868.8,False,9343.81,0.0534901,INTERPOLATED,160,183,-18.6593,0.0535918,0
170,CG6-0313,2026-01-19,7,8,field,CG6-0313|2026-01-19|L7|S8,2026-01-19 11:11:07,2026-01-19 11:11:07,2026-01-19 11:11:07.000000,1,1,9324.56,,,0.0036,24.8193,34.8397,268.7,0,,,True,SINGLE_READING;,4,day4,MATCHED,D4:wor:L7-8,L7-8,L7-8,results.zip/day4.xlsx,workbook,9.53314,129.62,L7-7,True,24.8193,34.8397,256.909,,0,256.909,0.15,10165.3,27777.2,False,9343.81,0.0534751,INTERPOLATED,160,183,-19.2484,0.0535962,0
171,CG6-0313,2026-01-19,7,9,field,CG6-0313|2026-01-19|L7|S9,2026-01-19 11:14:39,2026-01-19 11:14:39,2026-01-19 11:14:39.000000,1,1,9323.74,,,0.0032,24.8206,34.8384,238.8,0,,,True,SINGLE_READING;,4,day4,MATCHED,D4:wor:L7-9,L7-9,L7-9,results.zip/day4.xlsx,workbook,5.62731,199.524,L7-8,True,24.8207,34.8383,261.808,,0,261.808,0.15,10336.3,27651.7,False,9343.81,0.0534618,INTERPOLATED,160,183,-20.0679,0.0535575,0
172,CG6-0313,2026-01-19,7,10,field,CG6-0313|2026-01-19|L7|S10,2026-01-19 11:18:15,2026-01-19 11:18:15,2026-01-19 11:18:15.000000,1,1,9323.13,,,0.0037,24.8218,34.8368,241.8,0,,,True,SINGLE_READING;,4,day4,MATCHED,D4:kml:L7-10,L7-10,L7-10,results.zip/day4.kml,kml_only,4.83588,202.172,L7-9,True,24.8218,34.8367,265.752,,0,265.752,0.15,10535.9,27552,False,9343.81,0.0534488,INTERPOLATED,160,183,-20.6709,0.0535767,0
173,CG6-0313,2026-01-19,7,11,field,CG6-0313|2026-01-19|L7|S11,2026-01-19 11:21:59,2026-01-19 11:21:59,2026-01-19 11:21:59.000000,1,1,9322.49,,,0.0047,24.8228,34.835,248.7,0,,,True,SINGLE_READING;,4,day4,MATCHED,D4:wor:L7-11,L7-11,L7-11,results.zip/day4.xlsx,workbook,2.85779,143.055,L8-4,True,24.8228,34.835,269.874,,0,269.874,0.15,10745.4,27464.1,False,9343.8,0.0534358,INTERPOLATED,160,183,-21.3101,0.0536421,0
174,CG6-0313,2026-01-19,7,12,field,CG6-0313|2026-01-19|L7|S12,2026-01-19 11:26:58,2026-01-19 11:26:58,2026-01-19 11:26:58.000000,1,1,9321.7,,,0.0018,24.824,34.8336,221.5,0,,,True,SINGLE_READING;,4,day4,MATCHED,D4:kml:L7-12,L7-12,L7-12,results.zip/day4.kml,kml_only,22.8399,89.4814,L8-4,True,24.824,34.8334,274.723,,0,274.723,0.15,10926.6,27360.3,False,9343.8,0.0534194,INTERPOLATED,160,183,-22.1033,0.0534497,0
175,CG6-0313,2026-01-19,7,13,field,CG6-0313|2026-01-19|L7|S13,2026-01-19 11:30:59,2026-01-19 11:30:59,2026-01-19 11:30:59.000000,1,1,9320.88,,,0.0042,24.824,34.8314,260.2,0,,,True,SINGLE_READING;,4,day4,MATCHED,D4:wor:L7-13,L7-13,L7-13,results.zip/day4.xlsx,workbook,3.00043,153.585,L8-3,True,24.824,34.8314,279.677,,0,279.677,0.15,11129.3,27390.7,False,9343.8,0.0534069,INTERPOLATED,160,183,-22.9257,0.0535718,0
176,CG6-0313,2026-01-19,7,14,field,CG6-0313|2026-01-19|L7|S14,2026-01-19 11:34:50,2026-01-19 11:34:50,2026-01-19 11:34:50.000000,1,1,9320.24,,,0.0023,24.8255,34.8307,277.3,0,,,True,SINGLE_READING;,4,day4,MATCHED,D4:wor:L7-14,L7-14,L7-14,results.zip/day4.xlsx,workbook,4.24535,186.073,L7-13,True,24.8255,34.8307,283.361,,0,283.361,0.15,11259.6,27236.2,False,9343.8,0.0533956,INTERPOLATED,160,183,-23.5612,0.0534451,0
177,CG6-0313,2026-01-19,7,15,field,CG6-0313|2026-01-19|L7|S15,2026-01-19 11:39:31,2026-01-19 11:39:31,2026-01-19 11:39:31.000000,1,1,9319.71,,,0.0031,24.8264,34.829,286.2,0,,,True,SINGLE_READING;,4,day4,MATCHED,D4:wor:L7-15,L7-15,L7-15,results.zip/day4.xlsx,workbook,4.64104,155.847,L7-16,True,24.8264,34.829,288.658,,0,288.658,0.15,11460.6,27170.5,False,9343.8,0.0533826,INTERPOLATED,160,183,-24.0904,0.0534725,0
178,CG6-0313,2026-01-19,7,16,field,CG6-0313|2026-01-19|L7|S16,2026-01-19 11:48:06,2026-01-19 11:48:06,2026-01-19 11:48:06.000000,1,1,9318.89,,,0.003,24.8269,34.8275,299,0,,,True,SINGLE_READING;,4,day4,MATCHED,D4:wor:L7-16,L7-16,L7-16,results.zip/day4.xlsx,workbook,8.00674,156.466,L7-15,True,24.8268,34.8275,292.699,,0,292.699,0.15,11616.1,27150.8,False,9343.8,0.0533612,INTERPOLATED,160,183,-24.9137,0.0534454,0
179,CG6-0313,2026-01-19,8,1,field,CG6-0313|2026-01-19|L8|S1,2026-01-19 12:08:04,2026-01-19 12:08:04,2026-01-19 12:08:04.000000,1,1,9319.27,,,0.0024,24.8216,34.8293,275.7,0,,,True,SINGLE_READING;,4,day4,MATCHED,D4:wor:L8-1,L8-1,L8-1,results.zip/day4.xlsx,workbook,6.00475,120.907,L8-2,True,24.8216,34.8293,286.392,,0,286.392,0.15,11234.7,27691.6,False,9343.79,0.0533231,INTERPOLATED,160,183,-24.5225,0.0533771,0
180,CG6-0313,2026-01-19,8,2,field,CG6-0313|2026-01-19|L8|S2,2026-01-19 12:17:31,2026-01-19 12:17:31,2026-01-19 12:17:31.000000,1,1,9319.8,,,0.002,24.8227,34.8297,303.3,0,,,True,SINGLE_READING;,4,day4,MATCHED,D4:wor:L8-2,L8-2,L8-2,results.zip/day4.xlsx,workbook,4.91109,130.868,L8-1,True,24.8226,34.8297,283.552,,0,283.552,0.15,11237.4,27568,False,9343.79,0.0533109,INTERPOLATED,160,183,-23.991,0.0533484,0
181,CG6-0313,2026-01-19,8,3,field,CG6-0313|2026-01-19|L8|S3,2026-01-19 12:24:29,2026-01-19 12:24:29,2026-01-19 12:24:29.000000,1,1,9320.91,,,0.0032,24.8228,34.8319,290.7,0,,,True,SINGLE_READING;,4,day4,MATCHED,D4:wor:L8-3,L8-3,L8-3,results.zip/day4.xlsx,workbook,9.38238,146.03,L7-13,True,24.8227,34.8318,277.676,,0,277.676,0.15,11033.3,27521.1,False,9343.79,0.0533042,INTERPOLATED,160,183,-22.8843,0.0534002,0
182,CG6-0313,2026-01-19,8,4,field,CG6-0313|2026-01-19|L8|S4,2026-01-19 12:30:10,2026-01-19 12:30:10,2026-01-19 12:30:10.000000,1,1,9321.91,,,0.0043,24.8233,34.8337,271.3,0,,,True,SINGLE_READING;,4,day4,MATCHED,D4:wor:L8-4,L8-4,L8-4,results.zip/day4.xlsx,workbook,14.0841,91.2231,L7-12,True,24.8232,34.8336,273.282,,0,273.282,0.15,10885.1,27434.5,False,9343.79,0.0533002,INTERPOLATED,160,183,-21.8812,0.0534734,0
183,CG6-0313,2026-01-19,0,100,field_base_100,CG6-0313|2026-01-19|L0|S100,2026-01-19 13:08:57,2026-01-19 13:11:57,2026-01-19 13:10:27.000000,4,4,9343.78,0.0171171,0.00378919,0.00378919,24.7868,34.9338,115.6,0,,,True,,4,day4,MATCHED,D4:wor:Base100,Base100,Base100,results.zip/day4.xlsx,workbook,7.51723,,,True,24.7867,34.9338,111.568,,0,111.568,0.15,7.48949,31638.1,True,9343.78,0.00378919,AT_CONTROL,183,183,0,0.00535872,0
184,CG6-0313,2026-01-19,0,0,hotel_base_0,CG6-0313|2026-01-19|L0|S0,2026-01-19 16:08:25,2026-01-19 16:11:25,2026-01-19 16:09:55.000000,4,4,9408.95,0.0358403,0.00819936,0.00819936,25.0669,34.8777,34.9,0,,,True,,4,day4,MATCHED,D4:wor:Base0,Base0,Base0,results.zip/day4.xlsx,workbook,16.3171,,,True,25.0668,34.8777,36.512,,0,36.512,0.15,31659.4,16.3203,True,9343.62,0.0871794,AT_CONTROL,184,184,65.3243,0.0875641,0
185,CG6-0313,2026-01-20,0,0,hotel_base_0,CG6-0313|2026-01-20|L0|S0,2026-01-20 04:15:33,2026-01-20 04:18:33,2026-01-20 04:16:33.000000,4,3,9408.77,0.0204361,0.0060267,0.0060267,25.0668,34.8777,34.8,3.53995,REPEAT_OUTLIER,,True,,5,day5,MATCHED,D5:wor:Base0,Base0,Base0,results.zip/day5.xlsx,workbook,5.42731,,,True,25.0668,34.8777,36.494,,0,36.494,0.15,31648.8,5.42624,True,9343.45,0.0870019,AT_CONTROL,185,185,65.3243,0.0872104,0
186,CG6-0313,2026-01-20,0,100,field_base_100,CG6-0313|2026-01-20|L0|S100,2026-01-20 05:54:31,2026-01-20 05:57:31,2026-01-20 05:56:01.000000,4,0,,,,,24.7867,34.9337,95,0,FROZEN_SENSOR_OUTPUT,,False,NO_ACCEPTED_READING;,5,day5,MATCHED,D5:wor:Base100,Base100,Base100,results.zip/day5.xlsx,workbook,3.96644,,,True,24.7867,34.9338,111.754,,0,111.754,0.15,3.96241,31645.1,False,9343.42,0.0859238,INTERPOLATED_HOTEL_CONTROL,185,212,,,0
187,CG6-0313,2026-01-20,9,1,field,CG6-0313|2026-01-20|L9|S1,2026-01-20 06:59:59,2026-01-20 06:59:59,2026-01-20 06:59:59.000000,1,1,9328.01,,,0.0029,24.8094,34.8452,223.4,0,,,True,SINGLE_READING;,5,day5,MATCHED,D5:wor:L9-1,L9-1,L9-1,results.zip/day5.xlsx,workbook,2.20048,162.254,L9-2,True,24.8094,34.8452,228.739,,0,228.739,0.15,9286.77,28803.3,False,9343.41,0.0764897,INTERPOLATED_HOTEL_CONTROL,185,212,-15.3928,0.0765447,0
188,CG6-0313,2026-01-20,9,2,field,CG6-0313|2026-01-20|L9|S2,2026-01-20 07:16:50,2026-01-20 07:16:50,2026-01-20 07:16:50.000000,1,1,9327.04,,,0.0042,24.8095,34.8436,226.3,0,,,True,SINGLE_READING;,5,day5,MATCHED,D5:wor:L9-2,L9-2,L9-2,results.zip/day5.xlsx,workbook,1.62119,162.626,L9-1,True,24.8095,34.8436,234.868,,0,234.868,0.15,9443.46,28814.1,False,9343.4,0.0741617,INTERPOLATED_HOTEL_CONTROL,185,212,-16.3627,0.0742806,0
189,CG6-0313,2026-01-20,9,3,field,CG6-0313|2026-01-20|L9|S3,2026-01-20 07:20:53,2026-01-20 07:20:53,2026-01-20 07:20:53.000000,1,1,9326.07,,,0.0031,24.8078,34.8432,227,0,,,True,SINGLE_READING;,5,day5,MATCHED,D5:wor:L9-3,L9-3,L9-3,results.zip/day5.xlsx,workbook,1.59236,188.304,L9-4,True,24.8078,34.8431,239.996,,0,239.996,0.15,9439.85,29007.5,False,9343.4,0.0736135,INTERPOLATED_HOTEL_CONTROL,185,212,-17.3276,0.0736788,0
190,CG6-0313,2026-01-20,9,4,field,CG6-0313|2026-01-20|L9|S4,2026-01-20 07:24:27,2026-01-20 07:24:27,2026-01-20 07:24:27.000000,1,1,9325.25,,,0.0028,24.8083,34.8414,246.8,0,,,True,SINGLE_READING;,5,day5,MATCHED,D5:wor:L9-4,L9-4,L9-4,results.zip/day5.xlsx,workbook,2.0782,180.438,L9-5,True,24.8083,34.8414,244.804,,0,244.804,0.15,9627.77,28971.7,False,9343.4,0.0731346,INTERPOLATED_HOTEL_CONTROL,185,212,-18.1501,0.0731882,0
191,CG6-0313,2026-01-20,9,5,field,CG6-0313|2026-01-20|L9|S5,2026-01-20 07:28:30,2026-01-20 07:28:30,2026-01-20 07:28:30.000000,1,1,9324.38,,,0.0047,24.8088,34.8396,243.1,0,,,True,SINGLE_READING;,5,day5,MATCHED,D5:wor:L9-5,L9-5,L9-5,results.zip/day5.xlsx,workbook,3.90631,145.935,L9-6,True,24.8088,34.8397,249.985,,0,249.985,0.15,9810.45,28941,False,9343.4,0.0725952,INTERPOLATED_HOTEL_CONTROL,185,212,-19.0153,0.0727471,0
192,CG6-0313,2026-01-20,9,6,field,CG6-0313|2026-01-20|L9|S6,2026-01-20 07:32:27,2026-01-20 07:32:27,2026-01-20 07:32:27.000000,1,1,9323.58,,,0.0027,24.8093,34.8383,236.4,0,,,True,SINGLE_READING;,5,day5,MATCHED,D5:wor:L9-6,L9-6,L9-6,results.zip/day5.xlsx,workbook,3.11311,120.364,L9-7,True,24.8092,34.8383,255.082,,0,255.082,0.15,9956.68,28905.9,False,9343.4,0.0720737,INTERPOLATED_HOTEL_CONTROL,185,212,-19.8191,0.0721242,0
193,CG6-0313,2026-01-20,9,7,field,CG6-0313|2026-01-20|L9|S7,2026-01-20 07:44:59,2026-01-20 07:44:59,2026-01-20 07:44:59.000000,1,1,9322.91,,,0.0035,24.81,34.8374,253.7,0,,,True,SINGLE_READING;,5,day5,MATCHED,D5:wor:L9-7,L9-7,L9-7,results.zip/day5.xlsx,workbook,2.37228,111.853,L9-8,True,24.81,34.8374,258.934,,0,258.934,0.15,10063.1,28832.9,False,9343.39,0.0704504,INTERPOLATED_HOTEL_CONTROL,185,212,-20.4875,0.0705373,0
194,CG6-0313,2026-01-20,9,8,field,CG6-0313|2026-01-20|L9|S8,2026-01-20 07:51:01,2026-01-20 07:51:01,2026-01-20 07:51:01.000000,1,1,9322.39,,,0.0027,24.8107,34.8365,258.6,0,,,True,SINGLE_READING;,5,day5,MATCHED,D5:wor:L9-8,L9-8,L9-8,results.zip/day5.xlsx,workbook,5.0883,118.723,L9-7,True,24.8106,34.8365,261.49,,0,261.49,0.15,10171.8,28778.8,False,9343.39,0.0696867,INTERPOLATED_HOTEL_CONTROL,185,212,-21.0005,0.069739,0
195,CG6-0313,2026-01-20,9,9,field,CG6-0313|2026-01-20|L9|S9,2026-01-20 08:00:35,2026-01-20 08:00:35,2026-01-20 08:00:35.000000,1,1,9321.61,,,0.004,24.8113,34.8354,264.9,0,,,True,SINGLE_READING;,5,day5,MATCHED,D5:wor:L9-9,L9-9,L9-9,results.zip/day5.xlsx,workbook,2.76748,92.218,L9-10,True,24.8113,34.8354,265.372,,0,265.372,0.15,10297.9,28718.7,False,9343.39,0.0685007,INTERPOLATED_HOTEL_CONTROL,185,212,-21.7784,0.0686174,0
196,CG6-0313,2026-01-20,9,10,field,CG6-0313|2026-01-20|L9|S10,2026-01-20 08:05:59,2026-01-20 08:05:59,2026-01-20 08:05:59.000000,1,1,9320.65,,,0.0039,24.8119,34.8346,271.4,0,,,True,SINGLE_READING;,5,day5,MATCHED,D5:wor:L9-10,L9-10,L9-10,results.zip/day5.xlsx,workbook,4.32846,99.2085,L9-9,True,24.8118,34.8347,271.155,,0,271.155,0.15,10387.6,28672.7,False,9343.39,0.0678452,INTERPOLATED_HOTEL_CONTROL,185,212,-22.7413,0.0679572,0
197,CG6-0313,2026-01-20,9,11,field,CG6-0313|2026-01-20|L9|S11,2026-01-20 08:11:14,2026-01-20 08:11:14,2026-01-20 08:11:14.000000,1,1,9318.45,,,0.0031,24.8126,34.834,280.1,0,,,True,SINGLE_READING;,5,day5,MATCHED,D5:wor:L9-11,L9-11,L9-11,results.zip/day5.xlsx,workbook,1.95047,103.173,L9-12,True,24.8126,34.8341,283.25,,0,283.25,0.15,10469,28597.5,False,9343.39,0.067218,INTERPOLATED_HOTEL_CONTROL,185,212,-24.9338,0.0672894,0
198,CG6-0313,2026-01-20,9,12,field,CG6-0313|2026-01-20|L9|S12,2026-01-20 08:18:02,2026-01-20 08:18:02,2026-01-20 08:18:02.000000,1,1,9317.6,,,0.0023,24.8133,34.8333,285.3,0,,,True,SINGLE_READING;,5,day5,MATCHED,D5:wor:L9-12,L9-12,L9-12,results.zip/day5.xlsx,workbook,3.05928,106.913,L9-11,True,24.8133,34.8333,288.043,,0,288.043,0.15,10562.2,28535.4,False,9343.38,0.0664207,INTERPOLATED_HOTEL_CONTROL,185,212,-25.7856,0.0664605,0
199,CG6-0313,2026-01-20,9,13,field,CG6-0313|2026-01-20|L9|S13,2026-01-20 08:24:37,2026-01-20 08:24:37,2026-01-20 08:24:37.000000,1,1,9318.9,,,0.0021,24.8133,34.8321,289.4,0,,,True,SINGLE_READING;,5,day5,MATCHED,D5:wor:L9-13,L9-13,L9-13,results.zip/day5.xlsx,workbook,2.87069,99.1604,L9-14,True,24.8133,34.8321,280.076,,0,280.076,0.15,10679.2,28551.8,False,9343.38,0.0656657,INTERPOLATED_HOTEL_CONTROL,185,212,-24.4853,0.0656992,0
200,CG6-0313,2026-01-20,9,14,field,CG6-0313|2026-01-20|L9|S14,2026-01-20 08:30:27,2026-01-20 08:30:27,2026-01-20 08:30:27.000000,1,1,9318.08,,,0.0023,24.8139,34.8314,296.5,0,,,True,SINGLE_READING;,5,day5,MATCHED,D5:wor:L9-14,L9-14,L9-14,results.zip/day5.xlsx,workbook,2.88255,102.5,L9-13,True,24.8139,34.8314,282.931,,0,282.931,0.15,10768.6,28496.8,False,9343.38,0.065011,INTERPOLATED_HOTEL_CONTROL,185,212,-25.2975,0.0650517,0
201,CG6-0313,2026-01-20,9,15,field,CG6-0313|2026-01-20|L9|S15,2026-01-20 08:40:32,2026-01-20 08:40:32,2026-01-20 08:40:32.000000,1,1,9316.8,,,0.002,24.8149,34.8303,296,0,,,True,SINGLE_READING;,5,day5,MATCHED,D5:wor:L9-15,L9-15,L9-15,results.zip/day5.xlsx,workbook,2.99499,74.5951,L9-16,True,24.8149,34.8303,290.946,,0,290.946,0.15,10904.1,28406.1,False,9343.38,0.0639123,INTERPOLATED_HOTEL_CONTROL,185,212,-26.5823,0.0639435,0
202,CG6-0313,2026-01-20,9,16,field,CG6-0313|2026-01-20|L9|S16,2026-01-20 08:47:21,2026-01-20 08:47:21,2026-01-20 08:47:21.000000,1,1,9315.06,,,0.0026,24.8155,34.8299,300.4,0,,,True,SINGLE_READING;,5,day5,MATCHED,D5:wor:L9-16,L9-16,L9-16,results.zip/day5.xlsx,workbook,1.84829,78.3557,L9-15,True,24.8155,34.8299,302.461,,0,302.461,0.15,10963.7,28352.1,False,9343.38,0.0631941,INTERPOLATED_HOTEL_CONTROL,185,212,-28.3204,0.0632475,0
203,CG6-0313,2026-01-20,9,17,field,CG6-0313|2026-01-20|L9|S17,2026-01-20 08:53:29,2026-01-20 08:53:29,2026-01-20 08:53:29.000000,1,1,9311.39,,,0.0023,24.8162,34.8293,326.2,0,,,True,SINGLE_READING;,5,day5,MATCHED,D5:wor:L9-17,L9-17,L9-17,results.zip/day5.xlsx,workbook,3.0073,91.8062,L9-18,True,24.8161,34.8293,323.965,,0,323.965,0.15,11036.5,28288.4,False,9343.37,0.0625655,INTERPOLATED_HOTEL_CONTROL,185,212,-31.9851,0.0626078,0
204,CG6-0313,2026-01-20,9,18,field,CG6-0313|2026-01-20|L9|S18,2026-01-20 09:11:17,2026-01-20 09:11:17,2026-01-20 09:11:17.000000,1,1,9314.41,,,0.0028,24.8169,34.829,311.4,0,,,True,SINGLE_READING;,5,day5,MATCHED,D5:wor:L9-18,L9-18,L9-18,results.zip/day5.xlsx,workbook,1.73894,95.056,L9-17,True,24.8169,34.829,307.485,,0,307.485,0.15,11097,28210.5,False,9343.37,0.0608406,INTERPOLATED_HOTEL_CONTROL,185,212,-28.9594,0.060905,0
205,CG6-0313,2026-01-20,9,19,field,CG6-0313|2026-01-20|L9|S19,2026-01-20 09:17:24,2026-01-20 09:17:24,2026-01-20 09:17:24.000000,1,1,9313.86,,,0.0038,24.8176,34.828,283.7,0,,,True,SINGLE_READING;,5,day5,MATCHED,D5:wor:L9-19,L9-19,L9-19,results.zip/day5.xlsx,workbook,6.96675,91.2974,L9-20,True,24.8176,34.8281,311.215,,0,311.215,0.15,11209.4,28147.8,False,9343.37,0.0602836,INTERPOLATED_HOTEL_CONTROL,185,212,-29.5118,0.0604033,0
206,CG6-0313,2026-01-20,9,20,field,CG6-0313|2026-01-20|L9|S20,2026-01-20 09:24:15,2026-01-20 09:24:15,2026-01-20 09:24:15.000000,1,1,9312.23,,,0.0034,24.8183,34.8273,279.2,0,,,True,SINGLE_READING;,5,day5,MATCHED,D5:wor:L9-20,L9-20,L9-20,results.zip/day5.xlsx,workbook,8.76182,73.7644,L9-21,True,24.8182,34.8274,320.82,,0,320.82,0.15,11299.1,28094.1,False,9343.37,0.0596826,INTERPOLATED_HOTEL_CONTROL,185,212,-31.139,0.0597794,0
207,CG6-0313,2026-01-20,9,21,field,CG6-0313|2026-01-20|L9|S21,2026-01-20 09:31:03,2026-01-20 09:31:03,2026-01-20 09:31:03.000000,1,1,9314.41,,,0.0037,24.8189,34.827,300.2,0,,,True,SINGLE_READING;,5,day5,MATCHED,D5:wor:L9-21,L9-21,L9-21,results.zip/day5.xlsx,workbook,4.21794,47.8973,L9-22,True,24.8189,34.8271,308.169,,0,308.169,0.15,11349.2,28028.3,False,9343.36,0.0591105,INTERPOLATED_HOTEL_CONTROL,185,212,-28.95,0.0592261,0
208,CG6-0313,2026-01-20,9,22,field,CG6-0313|2026-01-20|L9|S22,2026-01-20 09:40:46,2026-01-20 09:40:46,2026-01-20 09:40:46.000000,1,1,9313.04,,,0.0026,24.819,34.8265,306.2,0,,,True,SINGLE_READING;,5,day5,MATCHED,D5:wor:L9-22,L9-22,L9-22,results.zip/day5.xlsx,workbook,4.26961,54.9334,L9-21,True,24.819,34.8266,316.05,,0,316.05,0.15,11400.3,28028.4,False,9343.36,0.0583366,INTERPOLATED_HOTEL_CONTROL,185,212,-30.3193,0.0583945,0
209,CG6-0313,2026-01-20,9,23,field,CG6-0313|2026-01-20|L9|S23,2026-01-20 09:51:08,2026-01-20 09:51:08,2026-01-20 09:51:08.000000,1,1,9313.76,,,0.0028,24.8194,34.8259,321.2,0,,,True,SINGLE_READING;,5,day5,MATCHED,D5:wor:L9-23,L9-23,L9-23,results.zip/day5.xlsx,workbook,2.91345,83.2235,L9-22,True,24.8194,34.8259,311.707,,0,311.707,0.15,11475.4,27994.2,False,9343.36,0.0575698,INTERPOLATED_HOTEL_CONTROL,185,212,-29.5986,0.0576378,0
210,CG6-0313,2026-01-20,9,24,field,CG6-0313|2026-01-20|L9|S24,2026-01-20 09:56:28,2026-01-20 09:56:28,2026-01-20 09:56:28.000000,1,1,9310.38,,,0.0037,24.8198,34.8249,329.3,0,,,True,SINGLE_READING;,5,day5,MATCHED,D5:wor:L9-24,L9-24,L9-24,results.zip/day5.xlsx,workbook,3.40012,113.651,L9-25,True,24.8198,34.8249,330.348,,0,330.348,0.15,11589.8,27968.1,False,9343.36,0.0571997,INTERPOLATED_HOTEL_CONTROL,185,212,-32.9815,0.0573192,0
211,CG6-0313,2026-01-20,9,25,field,CG6-0313|2026-01-20|L9|S25,2026-01-20 10:04:13,2026-01-20 10:04:13,2026-01-20 10:04:13.000000,1,1,9311.87,,,0.0048,24.8204,34.8239,327.7,0,,,True,SINGLE_READING;,5,day5,MATCHED,D5:wor:L9-25,L9-25,L9-25,results.zip/day5.xlsx,workbook,2.25935,119.14,L9-24,True,24.8204,34.8239,321.896,,0,321.896,0.15,11702.5,27926.6,False,9343.35,0.0566924,INTERPOLATED_HOTEL_CONTROL,185,212,-31.4888,0.0568952,0
212,CG6-0313,2026-01-20,0,100,field_base_100,CG6-0313|2026-01-20|L0|S100,2026-01-20 11:37:14,2026-01-20 11:41:20,2026-01-20 11:39:38.000000,4,3,9343.33,0.0256542,0.00757582,0.00757582,24.7868,34.9338,110.4,0,TILT_GT_30,,True,,5,day5,MATCHED,D5:wor:Base100,Base100,Base100,results.zip/day5.xlsx,workbook,6.60585,,,True,24.7867,34.9338,111.754,,0,111.754,0.15,6.58501,31640.6,True,9343.33,0.00757582,AT_CONTROL,212,212,0,0.0107138,0
213,CG6-0313,2026-01-20,6,3,field,CG6-0313|2026-01-20|L6|S3,2026-01-20 13:07:56,2026-01-20 13:07:56,2026-01-20 13:07:56.000000,1,1,9322.54,,,0.0048,24.7982,34.8326,252.5,0,,,True,SINGLE_READING;,5,day5,MATCHED,D5:wor:L6-3,L6-3,L6-3,results.zip/day5.xlsx,workbook,4.70724,184.266,L6-4,True,24.7982,34.8325,256.555,,0,256.555,0.15,10295.2,30201.4,False,9343.26,0.053652,INTERPOLATED,212,226,-20.7189,0.0538663,0
214,CG6-0313,2026-01-20,6,4,field,CG6-0313|2026-01-20|L6|S4,2026-01-20 13:13:21,2026-01-20 13:13:21,2026-01-20 13:13:21.000000,1,1,9322.17,,,0.0033,24.7983,34.8308,247.4,0,,,True,SINGLE_READING;,5,day5,MATCHED,D5:wor:L6-4,L6-4,L6-4,results.zip/day5.xlsx,workbook,14.9263,83.5632,L6-5,True,24.7982,34.8307,259.545,,0,259.545,0.15,10472.9,30220.2,False,9343.26,0.0536737,INTERPOLATED,212,226,-21.0865,0.0537751,0
215,CG6-0313,2026-01-20,6,5,field,CG6-0313|2026-01-20|L6|S5,2026-01-20 13:26:09,2026-01-20 13:26:09,2026-01-20 13:26:09.000000,1,1,9321.75,,,0.0021,24.7985,34.83,260.5,0,,,True,SINGLE_READING;,5,day5,MATCHED,D5:wor:L6-5,L6-5,L6-5,results.zip/day5.xlsx,workbook,5.21884,64.832,L6-6,True,24.7985,34.83,262.043,,0,262.043,0.15,10552.6,30208.8,False,9343.25,0.0537365,INTERPOLATED,212,226,-21.5024,0.0537775,0
216,CG6-0313,2026-01-20,6,6,field,CG6-0313|2026-01-20|L6|S6,2026-01-20 13:34:08,2026-01-20 13:34:08,2026-01-20 13:34:08.000000,1,1,9321.5,,,0.0021,24.7992,34.83,281.7,0,,,True,SINGLE_READING;,5,day5,MATCHED,D5:wor:L6-6,L6-6,L6-6,results.zip/day5.xlsx,workbook,12.2974,75.3957,L6-7,True,24.7991,34.8299,263.399,,0,263.399,0.15,10569.8,30136.3,False,9343.24,0.0537839,INTERPOLATED,212,226,-21.7382,0.0538249,0
217,CG6-0313,2026-01-20,6,7,field,CG6-0313|2026-01-20|L6|S7,2026-01-20 13:38:37,2026-01-20 13:38:37,2026-01-20 13:38:37.000000,1,1,9321.41,,,0.0032,24.7999,34.8301,249.9,0,,,True,SINGLE_READING;,5,day5,MATCHED,D5:wor:L6-7,L6-7,L6-7,results.zip/day5.xlsx,workbook,8.13343,95.1482,L6-6,True,24.7999,34.8301,264.359,,0,264.359,0.15,10563.1,30053.3,False,9343.24,0.0538133,INTERPOLATED,212,226,-21.8238,0.0539084,0
218,CG6-0313,2026-01-20,6,8,field,CG6-0313|2026-01-20|L6|S8,2026-01-20 13:43:31,2026-01-20 13:43:31,2026-01-20 13:43:31.000000,1,1,9320.87,,,0.0019,24.8009,34.83,256.1,0,,,True,SINGLE_READING;,5,day5,MATCHED,D5:wor:L6-8,L6-8,L6-8,results.zip/day5.xlsx,workbook,9.10574,83.9119,L6-9,True,24.8008,34.83,267.18,,0,267.18,0.15,10588.6,29952.8,False,9343.23,0.0538477,INTERPOLATED,212,226,-22.3689,0.0538812,0
219,CG6-0313,2026-01-20,6,9,field,CG6-0313|2026-01-20|L6|S9,2026-01-20 13:47:33,2026-01-20 13:47:33,2026-01-20 13:47:33.000000,1,1,9320.58,,,0.0034,24.8013,34.8293,265.4,0,,,True,SINGLE_READING;,5,day5,MATCHED,D5:wor:L6-9,L6-9,L6-9,results.zip/day5.xlsx,workbook,4.30519,79.0225,L6-10,True,24.8012,34.8293,268.878,,0,268.878,0.15,10670,29923.5,False,9343.23,0.0538778,INTERPOLATED,212,226,-22.6488,0.053985,0
220,CG6-0313,2026-01-20,6,10,field,CG6-0313|2026-01-20|L6|S10,2026-01-20 13:50:57,2026-01-20 13:50:57,2026-01-20 13:50:57.000000,1,1,9320.36,,,0.0037,24.8017,34.8286,289.1,0,,,True,SINGLE_READING;,5,day5,MATCHED,D5:wor:L6-10,L6-10,L6-10,results.zip/day5.xlsx,workbook,12.5416,83.7517,L6-11,True,24.8016,34.8286,269.835,,0,269.835,0.15,10744.7,29881.6,False,9343.23,0.0539044,INTERPOLATED,212,226,-22.8716,0.0540312,0
221,CG6-0313,2026-01-20,6,11,field,CG6-0313|2026-01-20|L6|S11,2026-01-20 13:55:01,2026-01-20 13:55:01,2026-01-20 13:55:01.000000,1,1,9319.91,,,0.0025,24.8023,34.828,277.6,0,,,True,SINGLE_READING;,5,day5,MATCHED,D5:wor:L6-11,L6-11,L6-11,results.zip/day5.xlsx,workbook,6.32168,88.2921,L6-12,True,24.8023,34.828,272.402,,0,272.402,0.15,10814.3,29827.2,False,9343.23,0.0539377,INTERPOLATED,212,226,-23.3206,0.0539956,0
222,CG6-0313,2026-01-20,6,12,field,CG6-0313|2026-01-20|L6|S12,2026-01-20 13:59:58,2026-01-20 13:59:58,2026-01-20 13:59:58.000000,1,1,9319.59,,,0.0036,24.8031,34.8277,275.5,0,,,True,SINGLE_READING;,5,day5,MATCHED,D5:wor:L6-12,L6-12,L6-12,results.zip/day5.xlsx,workbook,7.42905,94.4569,L6-13,True,24.8031,34.8277,273.781,,0,273.781,0.15,10862.7,29745.2,False,9343.22,0.0539805,INTERPOLATED,212,226,-23.6334,0.0541004,0
223,CG6-0313,2026-01-20,6,13,field,CG6-0313|2026-01-20|L6|S13,2026-01-20 14:05:08,2026-01-20 14:05:08,2026-01-20 14:05:08.000000,1,1,9319.18,,,0.0028,24.8038,34.827,273.7,0,,,True,SINGLE_READING;,5,day5,MATCHED,D5:wor:L6-13,L6-13,L6-13,results.zip/day5.xlsx,workbook,3.59361,75.6984,L6-14,True,24.8037,34.827,276.071,,0,276.071,0.15,10940.6,29685.7,False,9343.22,0.0540277,INTERPOLATED,212,226,-24.0369,0.0541002,0
224,CG6-0313,2026-01-20,6,14,field,CG6-0313|2026-01-20|L6|S14,2026-01-20 14:09:10,2026-01-20 14:09:10,2026-01-20 14:09:10.000000,1,1,9318.83,,,0.0048,24.8045,34.8267,279.6,0,,,True,SINGLE_READING;,5,day5,MATCHED,D5:wor:L6-14,L6-14,L6-14,results.zip/day5.xlsx,workbook,10.5856,64.8598,L6-15,True,24.8044,34.8267,277.618,,0,277.618,0.15,10985.8,29613.8,False,9343.22,0.0540663,INTERPOLATED,212,226,-24.3823,0.054279,0
225,CG6-0313,2026-01-20,6,15,field,CG6-0313|2026-01-20|L6|S15,2026-01-20 14:12:26,2026-01-20 14:12:26,2026-01-20 14:12:26.000000,1,1,9318.51,,,0.0023,24.8049,34.8262,289.8,0,,,True,SINGLE_READING;,5,day5,MATCHED,D5:wor:L6-15,L6-15,L6-15,results.zip/day5.xlsx,workbook,7.68755,78.4254,L6-14,True,24.8049,34.8262,278.862,,0,278.862,0.15,11046.5,29575.1,False,9343.21,0.0540988,INTERPOLATED,212,226,-24.7006,0.0541476,0
226,CG6-0313,2026-01-20,0,100,field_base_100,CG6-0313|2026-01-20|L0|S100,2026-01-20 15:07:52,2026-01-20 15:10:52,2026-01-20 15:09:12.000000,4,3,9343.17,0.0412938,0.0133538,0.0133538,24.7868,34.9338,103.5,0,REPEAT_OUTLIER,,True,,5,day5,MATCHED,D5:wor:Base100,Base100,Base100,results.zip/day5.xlsx,workbook,6.99447,,,True,24.7867,34.9338,111.754,,0,111.754,0.15,6.97306,31640.1,True,9343.17,0.0133538,AT_CONTROL,226,226,0,0.0188851,0
227,CG6-0313,2026-01-20,0,0,hotel_base_0,CG6-0313|2026-01-20|L0|S0,2026-01-20 16:22:31,2026-01-20 16:25:31,2026-01-20 16:24:01.000000,4,4,9408.43,0.0612232,0.0125359,0.0125359,25.0668,34.8777,44.8,0,,,True,,5,day5,MATCHED,D5:wor:Base0,Base0,Base0,results.zip/day5.xlsx,workbook,9.53987,,,True,25.0668,34.8777,36.494,,0,36.494,0.15,31654.3,9.53748,True,9343.11,0.0876936,AT_CONTROL,227,227,65.3243,0.0885851,0
228,CG6-0313,2026-01-21,0,0,hotel_base_0,CG6-0313|2026-01-21|L0|S0,2026-01-21 05:26:14,2026-01-21 05:29:14,2026-01-21 05:27:44.000000,4,4,9408.15,0.040789,0.00942924,0.00942924,25.0668,34.8776,36.1,0,,,True,,6,day6,MATCHED,D6:wor:BASE 21-01-2026,BASE 21-01-2026,BASE 21-01-2026,results.zip/day6.xlsx,workbook,2.0682,,,True,25.0668,34.8777,36.567,,0,36.567,0.15,31647.1,2.10828,True,9342.82,0.0873036,AT_CONTROL,228,228,65.3243,0.0878114,0
229,CG6-0313,2026-01-21,0,100,field_base_100,CG6-0313|2026-01-21|L0|S100,2026-01-21 07:30:31,2026-01-21 07:33:31,2026-01-21 07:32:01.000000,4,4,9342.82,0.0458849,0.0101927,0.0101927,24.7867,34.9337,102.8,0,,,True,,6,day6,MATCHED,D6:wor:Base 100,Base 100,Base 100,results.zip/day6.xlsx,workbook,4.04209,,,True,24.7867,34.9338,111.503,,0,111.503,0.15,4.28631,31646.5,True,9342.82,0.0101927,AT_CONTROL,229,229,0,0.0144146,0
230,CG6-0313,2026-01-21,6,16,field,CG6-0313|2026-01-21|L6|S16,2026-01-21 09:08:22,2026-01-21 09:08:22,2026-01-21 09:08:22.000000,1,1,9318.12,,,0.0024,24.8052,34.8253,276.9,0,,,True,SINGLE_READING;,6,day6,MATCHED,D6:wor:L6-16,L6-16,L6-16,results.zip/day6.xlsx,workbook,3.11812,89.5655,L6-17,True,24.8051,34.8254,280.116,,0,280.116,0.15,11133.6,29563.5,False,9342.79,0.0537187,INTERPOLATED,229,261,-24.6696,0.0537723,0
231,CG6-0313,2026-01-21,6,17,field,CG6-0313|2026-01-21|L6|S17,2026-01-21 09:13:10,2026-01-21 09:13:10,2026-01-21 09:13:10.000000,1,1,9317.89,,,0.0026,24.8055,34.8245,271.5,0,,,True,SINGLE_READING;,6,day6,MATCHED,D6:wor:L6-17,L6-17,L6-17,results.zip/day6.xlsx,workbook,4.62731,85.5743,L6-18,True,24.8055,34.8245,282.428,,0,282.428,0.15,11224.6,29539.2,False,9342.79,0.0537032,INTERPOLATED,229,261,-24.8985,0.0537661,0
232,CG6-0313,2026-01-21,6,18,field,CG6-0313|2026-01-21|L6|S18,2026-01-21 09:17:41,2026-01-21 09:17:41,2026-01-21 09:17:41.000000,1,1,9317.63,,,0.0024,24.8057,34.8236,268.2,0,,,True,SINGLE_READING;,6,day6,MATCHED,D6:wor:L6-18,L6-18,L6-18,results.zip/day6.xlsx,workbook,3.6813,86.4709,L6-19,True,24.8057,34.8237,284.334,,0,284.334,0.15,11313.8,29537.7,False,9342.78,0.053689,INTERPOLATED,229,261,-25.1493,0.0537427,0
233,CG6-0313,2026-01-21,6,19,field,CG6-0313|2026-01-21|L6|S19,2026-01-21 09:22:14,2026-01-21 09:22:14,2026-01-21 09:22:14.000000,1,1,9317.39,,,0.0055,24.806,34.8228,254.9,0,,,True,SINGLE_READING;,6,day6,MATCHED,D6:wor:L6-19,L6-19,L6-19,results.zip/day6.xlsx,workbook,7.40758,84.0843,L6-20,True,24.8059,34.8228,285.768,,0,285.768,0.15,11406.6,29523.6,False,9342.78,0.0536753,INTERPOLATED,229,261,-25.3899,0.0539563,0
234,CG6-0313,2026-01-21,6,20,field,CG6-0313|2026-01-21|L6|S20,2026-01-21 09:25:56,2026-01-21 09:25:56,2026-01-21 09:25:56.000000,1,1,9317.06,,,0.0035,24.8066,34.8222,264.9,0,,,True,SINGLE_READING;,6,day6,MATCHED,D6:wor:L6-20,L6-20,L6-20,results.zip/day6.xlsx,workbook,3.43577,92.9897,L6-21,True,24.8065,34.8222,288.073,,0,288.073,0.15,11473.5,29467.6,False,9342.78,0.0536645,INTERPOLATED,229,261,-25.7252,0.0537785,0
235,CG6-0313,2026-01-21,6,21,field,CG6-0313|2026-01-21|L6|S21,2026-01-21 09:30:04,2026-01-21 09:30:04,2026-01-21 09:30:04.000000,1,1,9316.71,,,0.0021,24.8074,34.8218,284.5,0,,,True,SINGLE_READING;,6,day6,MATCHED,D6:wor:L6-21,L6-21,L6-21,results.zip/day6.xlsx,workbook,2.96129,82.6006,L6-22,True,24.8073,34.8218,289.724,,0,289.724,0.15,11528,29388.4,False,9342.78,0.0536527,INTERPOLATED,229,261,-26.0697,0.0536938,0
236,CG6-0313,2026-01-21,6,22,field,CG6-0313|2026-01-21|L6|S22,2026-01-21 09:33:29,2026-01-21 09:33:29,2026-01-21 09:33:29.000000,1,1,9316.26,,,0.0035,24.8081,34.8215,275.1,0,,,True,SINGLE_READING;,6,day6,MATCHED,D6:wor:L6-22,L6-22,L6-22,results.zip/day6.xlsx,workbook,4.15058,89.5857,L6-21,True,24.808,34.8215,291.745,,0,291.745,0.15,11577.2,29316.7,False,9342.78,0.0536433,INTERPOLATED,229,261,-26.5161,0.0537574,0
237,CG6-0313,2026-01-21,6,23,field,CG6-0313|2026-01-21|L6|S23,2026-01-21 09:38:19,2026-01-21 09:38:19,2026-01-21 09:38:19.000000,1,1,9315.95,,,0.002,24.8087,34.8208,256.1,0,,,True,SINGLE_READING;,6,day6,MATCHED,D6:wor:L6-23,L6-23,L6-23,results.zip/day6.xlsx,workbook,9.08002,37.3204,L6-33,True,24.8087,34.8208,293.753,,0,293.753,0.15,11665,29257.8,False,9342.78,0.0536305,INTERPOLATED,229,261,-26.8302,0.0536678,0
238,CG6-0313,2026-01-21,6,24,field,CG6-0313|2026-01-21|L6|S24,2026-01-21 09:42:23,2026-01-21 09:42:23,2026-01-21 09:42:23.000000,1,1,9315.68,,,0.0017,24.8098,34.8208,283.2,0,,,True,SINGLE_READING;,6,day6,MATCHED,D6:wor:L6-24,L6-24,L6-24,results.zip/day6.xlsx,workbook,8.21305,77.9063,L6-25,True,24.8097,34.8208,296.226,,0,296.226,0.15,11687.3,29146.6,False,9342.78,0.0536202,INTERPOLATED,229,261,-27.0988,0.0536471,0
239,CG6-0313,2026-01-21,6,25,field,CG6-0313|2026-01-21|L6|S25,2026-01-21 09:48:11,2026-01-21 09:48:11,2026-01-21 09:48:11.000000,1,1,9315.28,,,0.0018,24.8105,34.8207,254.1,0,,,True,SINGLE_READING;,6,day6,MATCHED,D6:wor:L6-25,L6-25,L6-25,results.zip/day6.xlsx,workbook,7.60339,63.3732,L6-26,True,24.8105,34.8207,298.745,,0,298.745,0.15,11716.8,29068.4,False,9342.77,0.0536061,INTERPOLATED,229,261,-27.4976,0.0536363,0
240,CG6-0313,2026-01-21,6,26,field,CG6-0313|2026-01-21|L6|S26,2026-01-21 09:51:58,2026-01-21 09:51:58,2026-01-21 09:51:58.000000,1,1,9315.03,,,0.0031,24.8111,34.8206,277.8,0,,,True,SINGLE_READING;,6,day6,MATCHED,D6:wor:L6-26,L6-26,L6-26,results.zip/day6.xlsx,workbook,9.69308,67.1237,L6-27,True,24.8111,34.8206,300.504,,0,300.504,0.15,11740.8,29000.4,False,9342.77,0.0535973,INTERPOLATED,229,261,-27.7447,0.0536869,0
241,CG6-0313,2026-01-21,6,27,field,CG6-0313|2026-01-21|L6|S27,2026-01-21 09:55:34,2026-01-21 09:55:34,2026-01-21 09:55:34.000000,1,1,9314.6,,,0.0033,24.8118,34.8205,258.3,0,,,True,SINGLE_READING;,6,day6,MATCHED,D6:wor:L6-27,L6-27,L6-27,results.zip/day6.xlsx,workbook,11.5146,69.4895,L6-28,True,24.8117,34.8206,302.71,,0,302.71,0.15,11764,28926.1,False,9342.77,0.0535893,INTERPOLATED,229,261,-28.1716,0.0536908,0
242,CG6-0313,2026-01-21,6,28,field,CG6-0313|2026-01-21|L6|S28,2026-01-21 09:59:23,2026-01-21 09:59:23,2026-01-21 09:59:23.000000,1,1,9314.2,,,0.0021,24.8126,34.8206,267.2,0,,,True,SINGLE_READING;,6,day6,MATCHED,D6:wor:L6-28,L6-28,L6-28,results.zip/day6.xlsx,workbook,13.477,68.9029,L6-29,True,24.8124,34.8207,305.299,,0,305.299,0.15,11776.9,28846.2,False,9342.77,0.0535811,INTERPOLATED,229,261,-28.5649,0.0536223,0
243,CG6-0313,2026-01-21,6,29,field,CG6-0313|2026-01-21|L6|S29,2026-01-21 10:02:30,2026-01-21 10:02:30,2026-01-21 10:02:30.000000,1,1,9313.6,,,0.0021,24.8132,34.8205,282.1,0,,,True,SINGLE_READING;,6,day6,MATCHED,D6:wor:L6-29,L6-29,L6-29,results.zip/day6.xlsx,workbook,6.16077,85.7384,L6-30,True,24.8132,34.8205,307.737,,0,307.737,0.15,11802.8,28774.7,False,9342.77,0.0535747,INTERPOLATED,229,261,-29.1661,0.0536158,0
244,CG6-0313,2026-01-21,6,30,field,CG6-0313|2026-01-21|L6|S30,2026-01-21 10:06:32,2026-01-21 10:06:32,2026-01-21 10:06:32.000000,1,1,9313.07,,,0.0018,24.8137,34.8198,266,0,,,True,SINGLE_READING;,6,day6,MATCHED,D6:wor:L6-30,L6-30,L6-30,results.zip/day6.xlsx,workbook,7.87006,70.9503,L6-31,True,24.8136,34.8198,310.645,,0,310.645,0.15,11888.3,28736.5,False,9342.77,0.0535667,INTERPOLATED,229,261,-29.6948,0.053597,0
245,CG6-0313,2026-01-21,6,31,field,CG6-0313|2026-01-21|L6|S31,2026-01-21 10:10:15,2026-01-21 10:10:15,2026-01-21 10:10:15.000000,1,1,9312.68,,,0.0037,24.814,34.819,263.3,0,,,True,SINGLE_READING;,6,day6,MATCHED,D6:wor:L6-31,L6-31,L6-31,results.zip/day6.xlsx,workbook,13.0313,80.6447,L6-32,True,24.814,34.8191,312.488,,0,312.488,0.15,11971.2,28722.2,False,9342.76,0.0535597,INTERPOLATED,229,261,-30.0855,0.0536874,0
246,CG6-0313,2026-01-21,6,32,field,CG6-0313|2026-01-21|L6|S32,2026-01-21 10:16:20,2026-01-21 10:16:20,2026-01-21 10:16:20.000000,1,1,9312.28,,,0.0035,24.8148,34.819,281.3,0,,,True,SINGLE_READING;,6,day6,MATCHED,D6:wor:L6-32,L6-32,L6-32,results.zip/day6.xlsx,workbook,7.95306,92.3099,L6-31,True,24.8147,34.819,314.861,,0,314.861,0.15,11999.5,28636.9,False,9342.76,0.0535489,INTERPOLATED,229,261,-30.4792,0.0536632,0
247,CG6-0313,2026-01-21,6,33,field,CG6-0313|2026-01-21|L6|S33,2026-01-21 10:32:07,2026-01-21 10:32:07,2026-01-21 10:32:07.000000,1,1,9316.03,,,0.0021,24.8089,34.8205,276.3,0,,,True,SINGLE_READING;,6,day6,MATCHED,D6:wor:L6-33,L6-33,L6-33,results.zip/day6.xlsx,workbook,3.59135,47.0172,L6-23,True,24.8089,34.8204,293.935,,0,293.935,0.15,11699.9,29242,False,9342.76,0.0535251,INTERPOLATED,229,261,-26.7229,0.0535663,0
248,CG6-0313,2026-01-21,6,34,field,CG6-0313|2026-01-21|L6|S34,2026-01-21 10:38:02,2026-01-21 10:38:02,2026-01-21 10:38:02.000000,1,1,9315.52,,,0.0021,24.8094,34.8198,272.8,0,,,True,SINGLE_READING;,6,day6,MATCHED,D6:wor:L6-34,L6-34,L6-34,results.zip/day6.xlsx,workbook,7.7185,77.0809,L6-35,True,24.8093,34.8197,296.399,,0,296.399,0.15,11775.6,29211.2,False,9342.75,0.0535176,INTERPOLATED,229,261,-27.2325,0.0535588,0
249,CG6-0313,2026-01-21,6,35,field,CG6-0313|2026-01-21|L6|S35,2026-01-21 10:42:42,2026-01-21 10:42:42,2026-01-21 10:42:42.000000,1,1,9315.03,,,0.0033,24.8097,34.8189,285.2,0,,,True,SINGLE_READING;,6,day6,MATCHED,D6:wor:L6-35,L6-35,L6-35,results.zip/day6.xlsx,workbook,19.3171,93.0637,L6-36,True,24.8096,34.8191,313.118,,0,313.118,0.15,11870.2,29191.6,False,9342.75,0.0535124,INTERPOLATED,229,261,-27.7184,0.053614,0
250,CG6-0313,2026-01-21,6,36,field,CG6-0313|2026-01-21|L6|S36,2026-01-21 10:51:12,2026-01-21 10:51:12,2026-01-21 10:51:12.000000,1,1,9314.6,,,0.0029,24.8103,34.8182,298,0,,,True,SINGLE_READING;,6,day6,MATCHED,D6:wor:L6-36,L6-36,L6-36,results.zip/day6.xlsx,workbook,11.4238,87.1149,L6-37,True,24.8102,34.8182,300.28,,0,300.28,0.15,11952.2,29141.3,False,9342.75,0.0535041,INTERPOLATED,229,261,-28.1472,0.0535826,0
251,CG6-0313,2026-01-21,6,37,field,CG6-0313|2026-01-21|L6|S37,2026-01-21 10:54:44,2026-01-21 10:54:44,2026-01-21 10:54:44.000000,1,1,9314.05,,,0.0038,24.811,34.8178,292,0,,,True,SINGLE_READING;,6,day6,MATCHED,D6:wor:L6-37,L6-37,L6-37,results.zip/day6.xlsx,workbook,5.49392,91.9977,L6-38,True,24.8109,34.8177,302.454,,0,302.454,0.15,12013.4,29077.8,False,9342.75,0.0535011,INTERPOLATED,229,261,-28.7024,0.0536359,0
252,CG6-0313,2026-01-21,6,38,field,CG6-0313|2026-01-21|L6|S38,2026-01-21 11:00:51,2026-01-21 11:00:51,2026-01-21 11:00:51.000000,1,1,9313.8,,,0.0023,24.8117,34.8174,291.5,0,,,True,SINGLE_READING;,6,day6,MATCHED,D6:wor:L6-38,L6-38,L6-38,results.zip/day6.xlsx,workbook,5.38713,87.1655,L6-39,True,24.8117,34.8173,304.167,,0,304.167,0.15,12069.5,29005.3,False,9342.75,0.0534967,INTERPOLATED,229,261,-28.9436,0.0535461,0
253,CG6-0313,2026-01-21,6,39,field,CG6-0313|2026-01-21|L6|S39,2026-01-21 11:04:58,2026-01-21 11:04:58,2026-01-21 11:04:58.000000,1,1,9313.52,,,0.0037,24.8125,34.8173,297.9,0,,,True,SINGLE_READING;,6,day6,MATCHED,D6:wor:L6-39,L6-39,L6-39,results.zip/day6.xlsx,workbook,2.86719,81.575,L6-40,True,24.8125,34.8173,306.742,,0,306.742,0.15,12100.1,28922.8,False,9342.74,0.0534943,INTERPOLATED,229,261,-29.222,0.0536221,0
254,CG6-0313,2026-01-21,6,40,field,CG6-0313|2026-01-21|L6|S40,2026-01-21 11:08:27,2026-01-21 11:08:27,2026-01-21 11:08:27.000000,1,1,9313.3,,,0.0022,24.8131,34.8177,311.7,0,,,True,SINGLE_READING;,6,day6,MATCHED,D6:wor:L6-40,L6-40,L6-40,results.zip/day6.xlsx,workbook,1.40433,84.7402,L6-39,True,24.8131,34.8177,308.854,,0,308.854,0.15,12080.4,28842.9,False,9342.74,0.0534925,INTERPOLATED,229,261,-29.4438,0.0535377,0
255,CG6-0313,2026-01-21,6,41,field,CG6-0313|2026-01-21|L6|S41,2026-01-21 11:16:00,2026-01-21 11:16:00,2026-01-21 11:16:00.000000,1,1,9312.75,,,0.0032,24.8139,34.8173,296.7,0,,,True,SINGLE_READING;,6,day6,MATCHED,D6:wor:L6-41,L6-41,L6-41,results.zip/day6.xlsx,workbook,5.06044,93.3992,L6-40,True,24.8139,34.8173,310.938,,0,310.938,0.15,12134.1,28765.2,False,9342.74,0.0534896,INTERPOLATED,229,261,-29.9879,0.0535853,0
256,CG6-0313,2026-01-21,6,42,field,CG6-0313|2026-01-21|L6|S42,2026-01-21 11:19:46,2026-01-21 11:19:46,2026-01-21 11:19:46.000000,1,1,9312.08,,,0.0033,24.8147,34.8168,294.1,0,,,True,SINGLE_READING;,6,day6,MATCHED,D6:wor:L6-42,L6-42,L6-42,results.zip/day6.xlsx,workbook,6.45733,67.4589,L6-43,True,24.8146,34.8167,312.984,,0,312.984,0.15,12207.3,28696.3,False,9342.74,0.0534887,INTERPOLATED,229,261,-30.6617,0.0535904,0
257,CG6-0313,2026-01-21,6,43,field,CG6-0313|2026-01-21|L6|S43,2026-01-21 11:23:28,2026-01-21 11:23:28,2026-01-21 11:23:28.000000,1,1,9311.99,,,0.0024,24.8153,34.8168,287.5,0,,,True,SINGLE_READING;,6,day6,MATCHED,D6:wor:L6-43,L6-43,L6-43,results.zip/day6.xlsx,workbook,7.48656,76.146,L6-42,True,24.8153,34.8167,314.337,,0,314.337,0.15,12229.5,28627.1,False,9342.74,0.0534881,INTERPOLATED,229,261,-30.7528,0.053542,0
258,CG6-0313,2026-01-21,6,44,field,CG6-0313|2026-01-21|L6|S44,2026-01-21 11:28:22,2026-01-21 11:28:22,2026-01-21 11:28:22.000000,1,1,9311.65,,,0.0039,24.8161,34.8166,309.2,0,,,True,SINGLE_READING;,6,day6,MATCHED,D6:wor:L6-44,L6-44,L6-44,results.zip/day6.xlsx,workbook,6.65018,90.2575,L6-45,True,24.8161,34.8166,316.552,,0,316.552,0.15,12271,28541.5,False,9342.74,0.0534879,INTERPOLATED,229,261,-31.0905,0.0536299,0
259,CG6-0313,2026-01-21,6,45,field,CG6-0313|2026-01-21|L6|S45,2026-01-21 11:31:35,2026-01-21 11:31:35,2026-01-21 11:31:35.000000,1,1,9311.24,,,0.0035,24.817,34.8167,316.7,0,,,True,SINGLE_READING;,6,day6,MATCHED,D6:wor:L6-45,L6-45,L6-45,results.zip/day6.xlsx,workbook,6.18979,65.8751,L6-46,True,24.8169,34.8166,318.812,,0,318.812,0.15,12287.3,28446.7,False,9342.74,0.053488,INTERPOLATED,229,261,-31.4923,0.0536024,0
260,CG6-0313,2026-01-21,6,46,field,CG6-0313|2026-01-21|L6|S46,2026-01-21 11:35:58,2026-01-21 11:35:58,2026-01-21 11:35:58.000000,1,1,9310.83,,,0.0027,24.8176,34.8164,317.7,0,,,True,SINGLE_READING;,6,day6,MATCHED,D6:wor:L6-46,L6-46,L6-46,results.zip/day6.xlsx,workbook,5.76599,73.9506,L6-45,True,24.8175,34.8164,320.45,,0,320.45,0.15,12330.5,28388.3,False,9342.73,0.0534886,INTERPOLATED,229,261,-31.9035,0.0535567,0
261,CG6-0313,2026-01-21,0,100,field_base_100,CG6-0313|2026-01-21|L0|S100,2026-01-21 13:18:03,2026-01-21 13:21:03,2026-01-21 13:19:33.000000,4,4,9342.7,0.0334812,0.00699867,0.00699867,24.7868,34.9338,97.7,0,,,True,,6,day6,MATCHED,D6:wor:Base 100,Base 100,Base 100,results.zip/day6.xlsx,workbook,9.55482,,,True,24.7867,34.9338,111.503,,0,111.503,0.15,9.58455,31636.1,True,9342.7,0.00699867,AT_CONTROL,261,261,0,0.00989762,0
262,CG6-0313,2026-01-21,10,1,field,CG6-0313|2026-01-21|L10|S1,2026-01-21 14:00:22,2026-01-21 14:00:22,2026-01-21 14:00:22.000000,1,1,9351.74,,,0.0024,24.8007,34.9596,49.5,0,,,True,SINGLE_READING;,6,day6,MATCHED,D6:wor:L10-1,L10-1,L10-1,results.zip/day6.xlsx,workbook,8.99775,214.565,L10-2,True,24.8007,34.9595,65.418,,0,65.418,0.15,3033.5,30711.9,False,9342.72,0.053615,INTERPOLATED,261,273,9.02141,0.0536687,0
263,CG6-0313,2026-01-21,10,2,field,CG6-0313|2026-01-21|L10|S2,2026-01-21 14:04:21,2026-01-21 14:04:21,2026-01-21 14:04:21.000000,1,1,9350.72,,,0.0023,24.7991,34.9606,45.8,0,,,True,SINGLE_READING;,6,day6,MATCHED,D6:wor:L10-2,L10-2,L10-2,results.zip/day6.xlsx,workbook,7.32419,204.69,L10-1,True,24.799,34.9605,69.628,,0,69.628,0.15,3033.63,30915.9,False,9342.73,0.0536522,INTERPOLATED,261,273,7.9901,0.0537015,0
264,CG6-0313,2026-01-21,10,3,field,CG6-0313|2026-01-21|L10|S3,2026-01-21 14:08:05,2026-01-21 14:08:05,2026-01-21 14:08:05.000000,1,1,9349.74,,,0.0073,24.7973,34.9612,53.2,0,,STDDEV_GT_0.050,True,SINGLE_READING;,6,day6,MATCHED,D6:wor:L10-3,L10-3,L10-3,results.zip/day6.xlsx,workbook,8.21213,198.044,L10-2,True,24.7973,34.9612,73.72,,0,73.72,0.15,3011.48,31119.4,False,9342.73,0.0536934,INTERPOLATED,261,273,7.01121,0.0541874,0
265,CG6-0313,2026-01-21,10,4,field,CG6-0313|2026-01-21|L10|S4,2026-01-21 14:11:41,2026-01-21 14:11:41,2026-01-21 14:11:41.000000,1,1,9348.72,,,0.0026,24.7957,34.9618,65.5,0,,,True,SINGLE_READING;,6,day6,MATCHED,D6:wor:L10-4,L10-4,L10-4,results.zip/day6.xlsx,workbook,7.04927,190.053,L10-3,True,24.7956,34.9617,78.577,,0,78.577,0.15,2996.1,31314.1,False,9342.73,0.0537388,INTERPOLATED,261,273,5.9878,0.0538017,0
266,CG6-0313,2026-01-21,10,5,field,CG6-0313|2026-01-21|L10|S5,2026-01-21 14:15:18,2026-01-21 14:15:18,2026-01-21 14:15:18.000000,1,1,9348.07,,,0.0035,24.7939,34.9622,69,0,,,True,SINGLE_READING;,6,day6,MATCHED,D6:wor:L10-5,L10-5,L10-5,results.zip/day6.xlsx,workbook,9.12155,194.013,L10-4,True,24.7938,34.9621,82.774,,0,82.774,0.15,2977.32,31512.2,False,9342.73,0.0537901,INTERPOLATED,261,273,5.34166,0.0539039,0
267,CG6-0313,2026-01-21,10,6,field,CG6-0313|2026-01-21|L10|S6,2026-01-21 14:18:48,2026-01-21 14:18:48,2026-01-21 14:18:48.000000,1,1,9347.37,,,0.0023,24.7924,34.963,75.3,0,,,True,SINGLE_READING;,6,day6,MATCHED,D6:wor:L10-6,L10-6,L10-6,results.zip/day6.xlsx,workbook,5.49662,186.187,L10-5,True,24.7923,34.963,87.02,,0,87.02,0.15,3019.09,31701,False,9342.73,0.0538452,INTERPOLATED,261,273,4.63107,0.0538943,0
268,CG6-0313,2026-01-21,10,7,field,CG6-0313|2026-01-21|L10|S7,2026-01-21 14:21:55,2026-01-21 14:21:55,2026-01-21 14:21:55.000000,1,1,9346.42,,,0.0032,24.7908,34.964,78.7,0,,,True,SINGLE_READING;,6,day6,MATCHED,D6:wor:L10-7,L10-7,L10-7,results.zip/day6.xlsx,workbook,5.04436,198.386,L10-6,True,24.7907,34.9639,91.985,,0,91.985,0.15,3081.24,31898.9,False,9342.74,0.0538986,INTERPOLATED,261,273,3.68179,0.0539935,0
269,CG6-0313,2026-01-21,10,8,field,CG6-0313|2026-01-21|L10|S8,2026-01-21 14:25:00,2026-01-21 14:25:00,2026-01-21 14:25:00.000000,1,1,9345.49,,,0.0025,24.7892,34.965,90.6,0,,,True,SINGLE_READING;,6,day6,MATCHED,D6:wor:L10-8,L10-8,L10-8,results.zip/day6.xlsx,workbook,4.49224,201.322,L10-9,True,24.7892,34.965,96.284,,0,96.284,0.15,3171.17,32094.3,False,9342.74,0.0539556,INTERPOLATED,261,273,2.74936,0.0540135,0
270,CG6-0313,2026-01-21,10,9,field,CG6-0313|2026-01-21|L10|S9,2026-01-21 14:28:20,2026-01-21 14:28:20,2026-01-21 14:28:20.000000,1,1,9344.5,,,0.0025,24.7877,34.966,91.9,0,,,True,SINGLE_READING;,6,day6,MATCHED,D6:wor:L10-9,L10-9,L10-9,results.zip/day6.xlsx,workbook,9.02306,194.25,L10-8,True,24.7876,34.9659,101.369,,0,101.369,0.15,3256.34,32286.8,False,9342.74,0.0540218,INTERPOLATED,261,273,1.75711,0.0540796,0
271,CG6-0313,2026-01-21,10,10,field,CG6-0313|2026-01-21|L10|S10,2026-01-21 14:32:50,2026-01-21 14:32:50,2026-01-21 14:32:50.000000,1,1,9343.57,,,0.0023,24.786,34.9668,92.8,0,,,True,SINGLE_READING;,6,day6,MATCHED,D6:wor:L10-10,L10-10,L10-10,results.zip/day6.xlsx,workbook,5.27995,194.18,L10-9,True,24.786,34.9668,105.694,,0,105.694,0.15,3337.35,32483.1,False,9342.74,0.0541187,INTERPOLATED,261,273,0.82526,0.0541676,0
272,CG6-0313,2026-01-21,10,11,field,CG6-0313|2026-01-21|L10|S11,2026-01-21 14:36:35,2026-01-21 14:36:35,2026-01-21 14:36:35.000000,1,1,9342.79,,,0.0021,24.7845,34.9678,93.3,0,,,True,SINGLE_READING;,6,day6,MATCHED,D6:wor:L10-11,L10-11,L10-11,results.zip/day6.xlsx,workbook,8.31359,193.031,L10-10,True,24.7845,34.9677,109.743,,0,109.743,0.15,3444.73,32673.6,False,9342.75,0.054206,INTERPOLATED,261,273,0.0465996,0.0542467,0
273,CG6-0313,2026-01-21,0,100,field_base_100,CG6-0313|2026-01-21|L0|S100,2026-01-21 14:55:02,2026-01-21 14:58:02,2026-01-21 14:56:32.000000,4,4,9342.76,0.0605972,0.0131174,0.0131174,24.7868,34.9338,95.6,0.44478,,,True,,6,day6,MATCHED,D6:wor:Base 100,Base 100,Base 100,results.zip/day6.xlsx,workbook,9.79095,,,True,24.7867,34.9338,111.503,,0,111.503,0.15,9.72036,31637.2,True,9342.76,0.0131174,AT_CONTROL,273,273,0,0.0185508,0
274,CG6-0313,2026-01-21,0,0,hotel_base_0,CG6-0313|2026-01-21|L0|S0,2026-01-21 16:01:32,2026-01-21 16:04:32,2026-01-21 16:03:02.000000,4,4,9408.03,0.0250299,0.00512888,0.00512888,25.0669,34.8777,29.6,0,,,True,,6,day6,MATCHED,D6:wor:BASE 21-01-2026,BASE 21-01-2026,BASE 21-01-2026,results.zip/day6.xlsx,workbook,10.4583,,,True,25.0668,34.8777,36.567,,0,36.567,0.15,31655.6,10.4898,True,9342.71,0.0869444,AT_CONTROL,274,274,65.3243,0.0870955,0
275,CG6-0313,2026-01-22,0,0,hotel_base_0,CG6-0313|2026-01-22|L0|S0,2026-01-22 04:51:14,2026-01-22 04:54:14,2026-01-22 04:52:44.000000,4,4,9407.54,0.0143079,0.00311685,0.00311685,25.0668,34.8776,18.5,0,,,True,,7,day7,MATCHED,D7:wor:Base0,Base0,Base0,results.zip/day7.xlsx,workbook,5.88695,,,True,25.0668,34.8776,39.021,,2.832,36.189,0.356131,31649.9,6.46393,True,9342.22,0.0868489,AT_CONTROL,275,275,65.3243,0.0869048,0
276,CG6-0313,2026-01-22,0,100,field_base_100,CG6-0313|2026-01-22|L0|S100,2026-01-22 07:25:26,2026-01-22 07:28:26,2026-01-22 07:26:56.000000,4,4,9342.16,0.0165593,0.00341631,0.00341631,24.7868,34.9338,97.2,0,,,True,,7,day7,MATCHED,D7:wor:Base 100,Base 100,Base 100,results.zip/day7.xlsx,workbook,2.60364,,,True,24.7868,34.9337,114.925,,2.832,112.093,0.356131,3.06851,31642.5,True,9342.16,0.00341631,AT_CONTROL,276,276,0,0.00483139,0
277,CG6-0313,2026-01-22,10,12,field,CG6-0313|2026-01-22|L10|S12,2026-01-22 08:07:54,2026-01-22 08:07:54,2026-01-22 08:07:54.000000,1,0,,,,,24.7827,34.9686,110.3,0,FROZEN_SENSOR_OUTPUT,,False,NO_ACCEPTED_READING;,7,day7,MATCHED,D7:wor:L10-12,L10-12,L10-12,results.zip/day7.xlsx,workbook,0.855675,207.476,L10-13,True,24.7827,34.9686,116.919,,2.832,114.087,0.356131,3542.06,32887.7,False,9342.15,0.0532573,INTERPOLATED,276,316,,,0
278,CG6-0313,2026-01-22,10,13,field,CG6-0313|2026-01-22|L10|S13,2026-01-22 08:11:21,2026-01-22 08:11:21,2026-01-22 08:11:21.000000,1,1,9340.14,,,0.0029,24.7811,34.9694,114.3,0,,,True,SINGLE_READING;,7,day7,MATCHED,D7:wor:L10-13,L10-13,L10-13,results.zip/day7.xlsx,workbook,5.12641,190.777,L10-14,True,24.781,34.9694,121.237,,2.832,118.405,0.356131,3652.84,33088.4,False,9342.15,0.0532554,INTERPOLATED,276,316,-2.00746,0.0533343,0
279,CG6-0313,2026-01-22,10,14,field,CG6-0313|2026-01-22|L10|S14,2026-01-22 08:14:45,2026-01-22 08:14:45,2026-01-22 08:14:45.000000,1,1,9339.7,,,0.0023,24.7796,34.9703,113.2,0,,,True,SINGLE_READING;,7,day7,MATCHED,D7:wor:L10-14,L10-14,L10-14,results.zip/day7.xlsx,workbook,7.05273,181.688,L10-13,True,24.7795,34.9703,124.952,,2.832,122.12,0.356131,3773.61,33269.7,False,9342.15,0.0532536,INTERPOLATED,276,316,-2.44775,0.0533032,0
280,CG6-0313,2026-01-22,10,15,field,CG6-0313|2026-01-22|L10|S15,2026-01-22 08:18:29,2026-01-22 08:18:29,2026-01-22 08:18:29.000000,1,1,9339.09,,,0.0025,24.7778,34.971,121.8,0,,,True,SINGLE_READING;,7,day7,MATCHED,D7:wor:L10-15,L10-15,L10-15,results.zip/day7.xlsx,workbook,5.97243,199.333,L10-16,True,24.7778,34.971,128.666,,2.832,125.834,0.356131,3891.12,33477,False,9342.15,0.0532516,INTERPOLATED,276,316,-3.0579,0.0533103,0
281,CG6-0313,2026-01-22,10,16,field,CG6-0313|2026-01-22|L10|S16,2026-01-22 08:23:44,2026-01-22 08:23:44,2026-01-22 08:23:44.000000,1,1,9338.46,,,0.0025,24.7762,34.9719,127.3,0,,,True,SINGLE_READING;,7,day7,MATCHED,D7:wor:L10-16,L10-16,L10-16,results.zip/day7.xlsx,workbook,5.43565,192.012,L10-15,True,24.7762,34.9718,132.77,,2.832,129.938,0.356131,4020.12,33671.5,False,9342.15,0.053249,INTERPOLATED,276,316,-3.68725,0.0533077,0
282,CG6-0313,2026-01-22,10,17,field,CG6-0313|2026-01-22|L10|S17,2026-01-22 08:27:07,2026-01-22 08:27:07,2026-01-22 08:27:07.000000,1,1,9337.28,,,0.0028,24.7743,34.9719,125.2,0,,,True,SINGLE_READING;,7,day7,MATCHED,D7:wor:L10-17,L10-17,L10-17,results.zip/day7.xlsx,workbook,3.64524,186.043,L10-18,True,24.7742,34.9719,137.986,,2.832,135.154,0.356131,4093.45,33883.7,False,9342.15,0.0532475,INTERPOLATED,276,316,-4.86795,0.053321,0
283,CG6-0313,2026-01-22,10,18,field,CG6-0313|2026-01-22|L10|S18,2026-01-22 08:30:50,2026-01-22 08:30:50,2026-01-22 08:30:50.000000,1,1,9336.85,,,0.0023,24.7726,34.9721,129.1,0,,,True,SINGLE_READING;,7,day7,MATCHED,D7:wor:L10-18,L10-18,L10-18,results.zip/day7.xlsx,workbook,3.49984,180.106,L10-17,True,24.7726,34.9721,140.894,,2.832,138.062,0.356131,4181.49,34065.3,False,9342.15,0.0532458,INTERPOLATED,276,316,-5.30051,0.0532955,0
284,CG6-0313,2026-01-22,10,19,field,CG6-0313|2026-01-22|L10|S19,2026-01-22 08:34:27,2026-01-22 08:34:27,2026-01-22 08:34:27.000000,1,1,9336.13,,,0.0033,24.7709,34.9723,126.5,0,,,True,SINGLE_READING;,7,day7,MATCHED,D7:wor:L10-19,L10-19,L10-19,results.zip/day7.xlsx,workbook,4.43168,190.719,L10-18,True,24.7709,34.9723,144.602,,2.832,141.77,0.356131,4270.24,34254.3,False,9342.15,0.0532443,INTERPOLATED,276,316,-6.01725,0.0533465,0
285,CG6-0313,2026-01-22,10,20,field,CG6-0313|2026-01-22|L10|S20,2026-01-22 08:38:43,2026-01-22 08:38:43,2026-01-22 08:38:43.000000,1,1,9335.25,,,0.0036,24.7692,34.973,141.4,0,,,True,SINGLE_READING;,7,day7,MATCHED,D7:wor:L10-20,L10-20,L10-20,results.zip/day7.xlsx,workbook,4.06389,195.326,L10-19,True,24.7692,34.9729,148.115,,2.832,145.283,0.356131,4412.49,34453,False,9342.15,0.0532426,INTERPOLATED,276,316,-6.89055,0.0533642,0
286,CG6-0313,2026-01-22,10,21,field,CG6-0313|2026-01-22|L10|S21,2026-01-22 08:42:09,2026-01-22 08:42:09,2026-01-22 08:42:09.000000,1,1,9334.44,,,0.0026,24.7673,34.9741,143.3,0,,,True,SINGLE_READING;,7,day7,MATCHED,D7:wor:L10-21,L10-21,L10-21,results.zip/day7.xlsx,workbook,3.88964,146.103,L10-22,True,24.7673,34.9741,152.537,,2.832,149.705,0.356131,4614.39,34692.1,False,9342.14,0.0532413,INTERPOLATED,276,316,-7.69981,0.0533047,0
287,CG6-0313,2026-01-22,10,22,field,CG6-0313|2026-01-22|L10|S22,2026-01-22 08:45:21,2026-01-22 08:45:21,2026-01-22 08:45:21.000000,1,1,9333.92,,,0.0024,24.7661,34.9747,146.3,0,,,True,SINGLE_READING;,7,day7,MATCHED,D7:wor:L10-22,L10-22,L10-22,results.zip/day7.xlsx,workbook,3.606,140.888,L10-21,True,24.7661,34.9747,155.357,,2.832,152.525,0.356131,4726.9,34833.5,False,9342.14,0.0532401,INTERPOLATED,276,316,-8.22398,0.0532942,0
288,CG6-0313,2026-01-22,10,23,field,CG6-0313|2026-01-22|L10|S23,2026-01-22 08:48:46,2026-01-22 08:48:46,2026-01-22 08:48:46.000000,1,1,9332.87,,,0.0031,24.7645,34.9754,150.3,0,,,True,SINGLE_READING;,7,day7,MATCHED,D7:wor:L10-23,L10-23,L10-23,results.zip/day7.xlsx,workbook,6.91474,189.207,L10-22,True,24.7644,34.9754,160.019,,2.832,157.187,0.356131,4876.92,35025.6,False,9342.14,0.053239,INTERPOLATED,276,316,-9.27083,0.0533292,0
289,CG6-0313,2026-01-22,10,24,field,CG6-0313|2026-01-22|L10|S24,2026-01-22 08:52:24,2026-01-22 08:52:24,2026-01-22 08:52:24.000000,1,1,9332.3,,,0.0028,24.7633,34.9769,160.1,0,,,True,SINGLE_READING;,7,day7,MATCHED,D7:wor:L10-24,L10-24,L10-24,results.zip/day7.xlsx,workbook,7.22084,201.063,L10-23,True,24.7633,34.9769,164.721,,2.832,161.889,0.356131,5079.34,35196.5,False,9342.14,0.0532378,INTERPOLATED,276,316,-9.84127,0.0533114,0
290,CG6-0313,2026-01-22,10,25,field,CG6-0313|2026-01-22|L10|S25,2026-01-22 08:56:56,2026-01-22 08:56:56,2026-01-22 08:56:56.000000,1,1,9331.21,,,0.0026,24.7618,34.9781,166.2,0,,,True,SINGLE_READING;,7,day7,MATCHED,D7:wor:L10-25,L10-25,L10-25,results.zip/day7.xlsx,workbook,7.53288,198.474,L10-24,True,24.7618,34.9781,169.485,,2.832,166.653,0.356131,5263.97,35386.8,False,9342.14,0.0532365,INTERPOLATED,276,316,-10.9348,0.0532999,0
291,CG6-0313,2026-01-22,10,26,field,CG6-0313|2026-01-22|L10|S26,2026-01-22 09:16:01,2026-01-22 09:16:01,2026-01-22 09:16:01.000000,1,1,9350.81,,,0.0033,24.803,34.9577,63.6,0,,,True,SINGLE_READING;,7,day7,MATCHED,D7:wor:L10-26,L10-26,L10-26,results.zip/day7.xlsx,workbook,7.49679,206.174,L10-27,True,24.8029,34.9577,69.785,,2.832,66.953,0.356131,3012.43,30421.8,False,9342.14,0.0532322,INTERPOLATED,276,316,8.67334,0.0533344,0
292,CG6-0313,2026-01-22,10,27,field,CG6-0313|2026-01-22|L10|S27,2026-01-22 09:19:37,2026-01-22 09:19:37,2026-01-22 09:19:37.000000,1,1,9349.6,,,0.0026,24.8048,34.9572,57.3,0,,,True,SINGLE_READING;,7,day7,MATCHED,D7:wor:L10-27,L10-27,L10-27,results.zip/day7.xlsx,workbook,6.68425,192.676,L10-28,True,24.8048,34.9571,74.877,,2.832,72.045,0.356131,3100.93,30209.4,False,9342.13,0.0532316,INTERPOLATED,276,316,7.46607,0.0532951,0
293,CG6-0313,2026-01-22,10,28,field,CG6-0313|2026-01-22|L10|S28,2026-01-22 09:24:04,2026-01-22 09:24:04,2026-01-22 09:24:04.000000,1,1,9348.75,,,0.0049,24.8065,34.9565,55.6,0,,,True,SINGLE_READING;,7,day7,MATCHED,D7:wor:L10-28,L10-28,L10-28,results.zip/day7.xlsx,workbook,7.53522,197.822,L10-29,True,24.8065,34.9565,79.852,,2.832,77.02,0.356131,3179.57,30009.6,False,9342.13,0.053231,INTERPOLATED,276,316,6.61368,0.053456,0
294,CG6-0313,2026-01-22,10,29,field,CG6-0313|2026-01-22|L10|S29,2026-01-22 09:27:10,2026-01-22 09:27:10,2026-01-22 09:27:10.000000,1,1,9347.6,,,0.0029,24.8081,34.9556,64.4,0,,,True,SINGLE_READING;,7,day7,MATCHED,D7:wor:L10-29,L10-29,L10-29,results.zip/day7.xlsx,workbook,7.08292,192.029,L10-30,True,24.8081,34.9555,85.264,,2.832,82.432,0.356131,3239.28,29811.6,False,9342.13,0.0532306,INTERPOLATED,276,316,5.4628,0.0533096,0
295,CG6-0313,2026-01-22,10,30,field,CG6-0313|2026-01-22|L10|S30,2026-01-22 09:30:17,2026-01-22 09:30:17,2026-01-22 09:30:17.000000,1,1,9346.48,,,0.0038,24.8092,34.9539,51.2,0,,,True,SINGLE_READING;,7,day7,MATCHED,D7:wor:L10-30,L10-30,L10-30,results.zip/day7.xlsx,workbook,8.4183,186.079,L10-31,True,24.8091,34.954,90.918,,2.832,88.086,0.356131,3218.29,29658.3,False,9342.13,0.0532303,INTERPOLATED,276,316,4.34583,0.0533658,0
296,CG6-0313,2026-01-22,10,31,field,CG6-0313|2026-01-22|L10|S31,2026-01-22 09:33:37,2026-01-22 09:33:37,2026-01-22 09:33:37.000000,1,1,9345.14,,,0.0023,24.8101,34.9523,57.8,0,,,True,SINGLE_READING;,7,day7,MATCHED,D7:wor:L10-31,L10-31,L10-31,results.zip/day7.xlsx,workbook,6.84948,188.193,L10-32,True,24.8101,34.9524,96.361,,2.832,93.529,0.356131,3203.04,29515.7,False,9342.13,0.0532301,INTERPOLATED,276,316,3.01134,0.0532797,0
297,CG6-0313,2026-01-22,10,32,field,CG6-0313|2026-01-22|L10|S32,2026-01-22 09:36:51,2026-01-22 09:36:51,2026-01-22 09:36:51.000000,1,1,9344.15,,,0.0025,24.8114,34.9511,65.6,0,,,True,SINGLE_READING;,7,day7,MATCHED,D7:wor:L10-32,L10-32,L10-32,results.zip/day7.xlsx,workbook,8.73749,187.998,L10-33,True,24.8114,34.9511,101.388,,2.832,98.556,0.356131,3257.31,29339.6,False,9342.13,0.0532299,INTERPOLATED,276,316,2.01505,0.0532886,0
298,CG6-0313,2026-01-22,10,33,field,CG6-0313|2026-01-22|L10|S33,2026-01-22 09:39:52,2026-01-22 09:39:52,2026-01-22 09:39:52.000000,1,1,9343.22,,,0.0027,24.813,34.9501,46.3,0,,,True,SINGLE_READING;,7,day7,MATCHED,D7:wor:L10-33,L10-33,L10-33,results.zip/day7.xlsx,workbook,13.9645,180.565,L10-34,True,24.8129,34.9502,106.541,,2.832,103.709,0.356131,3357.79,29144.7,False,9342.13,0.0532298,INTERPOLATED,276,316,1.09063,0.0532982,0
299,CG6-0313,2026-01-22,10,34,field,CG6-0313|2026-01-22|L10|S34,2026-01-22 09:43:10,2026-01-22 09:43:10,2026-01-22 09:43:10.000000,1,1,9342.6,,,0.0025,24.8146,34.9495,65.8,0,,,True,SINGLE_READING;,7,day7,MATCHED,D7:wor:L10-34,L10-34,L10-34,results.zip/day7.xlsx,workbook,10.3453,190.49,L10-35,True,24.8146,34.9495,113.166,,2.832,110.334,0.356131,3486.07,28954.6,False,9342.13,0.0532297,INTERPOLATED,276,316,0.47196,0.0532884,0
300,CG6-0313,2026-01-22,10,35,field,CG6-0313|2026-01-22|L10|S35,2026-01-22 09:46:54,2026-01-22 09:46:54,2026-01-22 09:46:54.000000,1,1,9341.63,,,0.0022,24.8164,34.9492,88.6,0,,,True,SINGLE_READING;,7,day7,MATCHED,D7:wor:L10-35,L10-35,L10-35,results.zip/day7.xlsx,workbook,8.8957,196.091,L10-36,True,24.8163,34.9493,119.408,,2.832,116.576,0.356131,3651.09,28756.9,False,9342.13,0.0532297,INTERPOLATED,276,316,-0.49434,0.0532751,0
301,CG6-0313,2026-01-22,10,36,field,CG6-0313|2026-01-22|L10|S36,2026-01-22 09:50:26,2026-01-22 09:50:26,2026-01-22 09:50:26.000000,1,1,9340.47,,,0.0024,24.8182,34.9494,107.2,0,,,True,SINGLE_READING;,7,day7,MATCHED,D7:wor:L10-36,L10-36,L10-36,results.zip/day7.xlsx,workbook,6.08423,178.999,L10-37,True,24.8182,34.9494,125.716,,2.832,122.884,0.356131,3839.53,28565.4,False,9342.13,0.0532298,INTERPOLATED,276,316,-1.65245,0.0532838,0
302,CG6-0313,2026-01-22,10,37,field,CG6-0313|2026-01-22|L10|S37,2026-01-22 09:53:35,2026-01-22 09:53:35,2026-01-22 09:53:35.000000,1,1,9339.34,,,0.0034,24.8199,34.9495,116.3,0,,,True,SINGLE_READING;,7,day7,MATCHED,D7:wor:L10-37,L10-37,L10-37,results.zip/day7.xlsx,workbook,7.92454,187.25,L10-38,True,24.8198,34.9495,130.82,,2.832,127.988,0.356131,4015.81,28389.3,False,9342.13,0.0532299,INTERPOLATED,276,316,-2.78823,0.0533384,0
303,CG6-0313,2026-01-22,10,38,field,CG6-0313|2026-01-22|L10|S38,2026-01-22 09:56:47,2026-01-22 09:56:47,2026-01-22 09:56:47.000000,1,1,9338.14,,,0.0021,24.8216,34.9493,123,0,,,True,SINGLE_READING;,7,day7,MATCHED,D7:wor:L10-38,L10-38,L10-38,results.zip/day7.xlsx,workbook,7.61556,188.788,L10-39,True,24.8216,34.9492,136.76,,2.832,133.928,0.356131,4183.16,28196.2,False,9342.13,0.0532301,INTERPOLATED,276,316,-3.9844,0.0532715,0
304,CG6-0313,2026-01-22,10,39,field,CG6-0313|2026-01-22|L10|S39,2026-01-22 10:00:04,2026-01-22 10:00:04,2026-01-22 10:00:04.000000,1,1,9337.21,,,0.0025,24.8234,34.9491,126.1,0,,,True,SINGLE_READING;,7,day7,MATCHED,D7:wor:L10-39,L10-39,L10-39,results.zip/day7.xlsx,workbook,11.0346,172.768,L10-40,True,24.8233,34.9491,141.272,,2.832,138.44,0.356131,4361.84,28000.9,False,9342.12,0.0532303,INTERPOLATED,276,316,-4.91442,0.053289,0
305,CG6-0313,2026-01-22,10,40,field,CG6-0313|2026-01-22|L10|S40,2026-01-22 10:03:34,2026-01-22 10:03:34,2026-01-22 10:03:34.000000,1,1,9336.01,,,0.0031,24.825,34.9486,139,0,,,True,SINGLE_READING;,7,day7,MATCHED,D7:wor:L10-40,L10-40,L10-40,results.zip/day7.xlsx,workbook,8.32749,187.962,L10-39,True,24.8249,34.9486,146.745,,2.832,143.913,0.356131,4506.25,27821.7,False,9342.12,0.0532307,INTERPOLATED,276,316,-6.10938,0.0533208,0
306,CG6-0313,2026-01-22,10,41,field,CG6-0313|2026-01-22|L10|S41,2026-01-22 10:09:30,2026-01-22 10:09:30,2026-01-22 10:09:30.000000,1,1,9335.03,,,0.0026,24.8266,34.9475,139.6,0,,,True,SINGLE_READING;,7,day7,MATCHED,D7:wor:L10-41,L10-41,L10-41,results.zip/day7.xlsx,workbook,11.3571,216.926,L10-40,True,24.8265,34.9475,150.967,,2.832,148.135,0.356131,4645.42,27617.8,False,9342.12,0.0532314,INTERPOLATED,276,316,-7.09322,0.0532948,0
307,CG6-0313,2026-01-22,10,42,field,CG6-0313|2026-01-22|L10|S42,2026-01-22 10:14:48,2026-01-22 10:14:48,2026-01-22 10:14:48.000000,1,1,9334,,,0.0028,24.8286,34.947,146.4,0,,,True,SINGLE_READING;,7,day7,MATCHED,D7:wor:L10-42,L10-42,L10-42,results.zip/day7.xlsx,workbook,9.27576,165.737,L10-43,True,24.8286,34.947,156.165,,2.832,153.333,0.356131,4847.79,27385.9,False,9342.12,0.0532322,INTERPOLATED,276,316,-8.12049,0.0533058,0
308,CG6-0313,2026-01-22,10,43,field,CG6-0313|2026-01-22|L10|S43,2026-01-22 10:18:47,2026-01-22 10:18:47,2026-01-22 10:18:47.000000,1,1,9332.95,,,0.0025,24.8299,34.9461,146.8,0,,,True,SINGLE_READING;,7,day7,MATCHED,D7:wor:L10-43,L10-43,L10-43,results.zip/day7.xlsx,workbook,9.26208,175.651,L10-42,True,24.8298,34.946,160.28,,2.832,157.448,0.356131,4956.96,27225.6,False,9342.12,0.053233,INTERPOLATED,276,316,-9.17384,0.0532916,0
309,CG6-0313,2026-01-22,10,44,field,CG6-0313|2026-01-22|L10|S44,2026-01-22 10:22:15,2026-01-22 10:22:15,2026-01-22 10:22:15.000000,1,1,9331.66,,,0.0018,24.8316,34.9449,147.4,0,,,True,SINGLE_READING;,7,day7,MATCHED,D7:wor:L10-44,L10-44,L10-44,results.zip/day7.xlsx,workbook,7.84904,182.584,L10-45,True,24.8315,34.9449,164.926,,2.832,162.094,0.356131,5111.89,27013.9,False,9342.12,0.0532337,INTERPOLATED,276,316,-10.4557,0.0532641,0
310,CG6-0313,2026-01-22,10,45,field,CG6-0313|2026-01-22|L10|S45,2026-01-22 10:27:55,2026-01-22 10:27:55,2026-01-22 10:27:55.000000,1,1,9330.37,,,0.0032,24.8322,34.9432,154.1,0,,,True,SINGLE_READING;,7,day7,MATCHED,D7:wor:L10-45,L10-45,L10-45,results.zip/day7.xlsx,workbook,9.14874,185.381,L10-44,True,24.8322,34.9432,170.201,,2.832,167.369,0.356131,5147.29,26903.3,False,9342.12,0.053235,INTERPOLATED,276,316,-11.7491,0.0533311,0
311,CG6-0313,2026-01-22,10,46,field,CG6-0313|2026-01-22|L10|S46,2026-01-22 10:31:28,2026-01-22 10:31:28,2026-01-22 10:31:28.000000,1,1,9329.6,,,0.0026,24.8336,34.9419,161.3,0,,,True,SINGLE_READING;,7,day7,MATCHED,D7:wor:L10-46,L10-46,L10-46,results.zip/day7.xlsx,workbook,8.03891,185.668,L10-47,True,24.8335,34.9419,174.616,,2.832,171.784,0.356131,5270.65,26726.4,False,9342.12,0.0532359,INTERPOLATED,276,316,-12.5173,0.0532994,0
312,CG6-0313,2026-01-22,10,47,field,CG6-0313|2026-01-22|L10|S47,2026-01-22 10:34:47,2026-01-22 10:34:47,2026-01-22 10:34:47.000000,1,1,9328.64,,,0.0035,24.8343,34.9403,164.1,0,,,True,SINGLE_READING;,7,day7,MATCHED,D7:wor:L10-47,L10-47,L10-47,results.zip/day7.xlsx,workbook,6.16096,186.014,L10-46,True,24.8343,34.9402,179.381,,2.832,176.549,0.356131,5328.47,26607.7,False,9342.12,0.0532368,INTERPOLATED,276,316,-13.4749,0.0533518,0
313,CG6-0313,2026-01-22,10,48,field,CG6-0313|2026-01-22|L10|S48,2026-01-22 10:38:32,2026-01-22 10:38:32,2026-01-22 10:38:32.000000,1,1,9327.15,,,0.0033,24.8343,34.938,163.8,0,,,True,SINGLE_READING;,7,day7,MATCHED,D7:wor:L10-48,L10-48,L10-48,results.zip/day7.xlsx,workbook,6.44963,227.593,L10-47,True,24.8342,34.9379,186.624,,2.832,183.792,0.356131,5299.1,26559.3,False,9342.12,0.0532379,INTERPOLATED,276,316,-14.9634,0.0533401,0
314,CG6-0313,2026-01-22,10,49,field,CG6-0313|2026-01-22|L10|S49,2026-01-22 10:42:01,2026-01-22 10:42:01,2026-01-22 10:42:01.000000,1,1,9325.35,,,0.0027,24.8336,34.9356,164.9,0,,,True,SINGLE_READING;,7,day7,MATCHED,D7:wor:L10-49,L10-49,L10-49,results.zip/day7.xlsx,workbook,6.9588,239.443,L10-48,True,24.8335,34.9356,193.331,,2.832,190.499,0.356131,5212.77,26577.5,False,9342.11,0.0532391,INTERPOLATED,276,316,-16.7674,0.0533075,0
315,CG6-0313,2026-01-22,10,50,field,CG6-0313|2026-01-22|L10|S50,2026-01-22 10:45:49,2026-01-22 10:45:49,2026-01-22 10:45:49.000000,1,1,9323.81,,,0.0029,24.8335,34.9331,182.8,0,,,True,SINGLE_READING;,7,day7,MATCHED,D7:wor:L10-50,L10-50,L10-50,results.zip/day7.xlsx,workbook,5.1399,248.181,L10-49,True,24.8335,34.9331,200.201,,2.832,197.369,0.356131,5198.65,26534,False,9342.11,0.0532404,INTERPOLATED,276,316,-18.3007,0.0533193,0
316,CG6-0313,2026-01-22,0,100,field_base_100,CG6-0313|2026-01-22|L0|S100,2026-01-22 11:57:18,2026-01-22 12:00:18,2026-01-22 11:58:48.000000,4,4,9342.09,0.0145287,0.00335661,0.00335661,24.7868,34.9338,99.7,0,,,True,,7,day7,MATCHED,D7:wor:Base 100,Base 100,Base 100,results.zip/day7.xlsx,workbook,7.61003,,,True,24.7868,34.9337,114.925,,2.832,112.093,0.356131,7.68413,31638.5,True,9342.09,0.00335661,AT_CONTROL,316,316,0,0.00474696,0
317,CG6-0313,2026-01-22,11,1,field,CG6-0313|2026-01-22|L11|S1,2026-01-22 12:17:12,2026-01-22 12:17:12,2026-01-22 12:17:12.000000,1,1,9338.98,,,0.0029,24.782,34.9273,123.5,0,,,True,SINGLE_READING;,7,day7,UNMATCHED_GT_30M,D7:wor:L11-1,L11-1,L11-1,results.zip/day7.xlsx,workbook,648.66,836.602,Base 100,True,24.7803,34.9212,260.449,,2.832,257.617,0.356131,837.584,32061,False,9342.09,0.0532662,INTERPOLATED,316,351,-3.11315,0.053345,0
318,CG6-0313,2026-01-22,11,1,field,CG6-0313|2026-01-22|L11|S1,2026-01-22 12:54:36,2026-01-22 12:54:36,2026-01-22 12:54:36.000000,1,1,9332.2,,,0.0037,24.7705,34.8932,183.1,0,,,True,SINGLE_READING;,7,day7,UNMATCHED_GT_30M,D7:wor:L11-2,L11-2,L11-2,results.zip/day7.xlsx,workbook,211.446,358.658,L11-4,False,24.7691,34.8946,199.612,,2.832,196.78,0.356131,4471.4,32977.2,False,9342.08,0.0532508,INTERPOLATED,316,351,-9.87938,0.0533792,0
319,CG6-0313,2026-01-22,11,2,field,CG6-0313|2026-01-22|L11|S2,2026-01-22 12:57:55,2026-01-22 12:57:55,2026-01-22 12:57:55.000000,1,1,9331.18,,,0.003,24.7692,34.8946,182.2,0,,,True,SINGLE_READING;,7,day7,MATCHED,D7:wor:L11-2,L11-2,L11-2,results.zip/day7.xlsx,workbook,15.2005,193.156,L11-3,True,24.7691,34.8946,199.612,,2.832,196.78,0.356131,4404.79,33133.5,False,9342.08,0.0532504,INTERPOLATED,316,351,-10.9013,0.0533349,0
320,CG6-0313,2026-01-22,11,3,field,CG6-0313|2026-01-22|L11|S3,2026-01-22 13:01:07,2026-01-22 13:01:07,2026-01-22 13:01:07.000000,1,1,9331.01,,,0.0035,24.7677,34.8954,184.4,0,,,True,SINGLE_READING;,7,day7,MATCHED,D7:wor:L11-3,L11-3,L11-3,results.zip/day7.xlsx,workbook,23.3992,172.4,L11-2,True,24.7675,34.8952,201.646,,2.832,198.814,0.356131,4417.05,33302.7,False,9342.08,0.0532503,INTERPOLATED,316,351,-11.0756,0.0533652,0
321,CG6-0313,2026-01-22,11,4,field,CG6-0313|2026-01-22|L11|S4,2026-01-22 13:04:27,2026-01-22 13:04:27,2026-01-22 13:04:27.000000,1,1,9330.81,,,0.002,24.7675,34.8937,178.4,0,,,True,SINGLE_READING;,7,day7,MATCHED,D7:wor:L11-4,L11-4,L11-4,results.zip/day7.xlsx,workbook,19.4903,156.548,L11-3,True,24.7673,34.8936,204.862,,2.832,202.03,0.356131,4578.79,33318.2,False,9342.08,0.0532503,INTERPOLATED,316,351,-11.2773,0.0532878,0
322,CG6-0313,2026-01-22,11,5,field,CG6-0313|2026-01-22|L11|S5,2026-01-22 13:08:05,2026-01-22 13:08:05,2026-01-22 13:08:05.000000,1,1,9330.04,,,0.0036,24.767,34.8922,179.4,0,,,True,SINGLE_READING;,7,day7,MATCHED,D7:wor:L11-5,L11-5,L11-5,results.zip/day7.xlsx,workbook,17.0876,150.555,L11-4,True,24.7669,34.892,207.34,,2.832,204.508,0.356131,4740.92,33366.4,False,9342.08,0.0532505,INTERPOLATED,316,351,-12.0449,0.0533721,0
323,CG6-0313,2026-01-22,11,6,field,CG6-0313|2026-01-22|L11|S6,2026-01-22 13:12:25,2026-01-22 13:12:25,2026-01-22 13:12:25.000000,1,1,9330.09,,,0.0044,24.7656,34.8922,184.9,0,,,True,SINGLE_READING;,7,day7,MATCHED,D7:wor:L11-6,L11-6,L11-6,results.zip/day7.xlsx,workbook,11.1339,136.453,L11-5,True,24.7656,34.8922,210.214,,2.832,207.382,0.356131,4804.77,33514.8,False,9342.08,0.053251,INTERPOLATED,316,351,-11.9921,0.0534325,0
324,CG6-0313,2026-01-22,11,7,field,CG6-0313|2026-01-22|L11|S7,2026-01-22 13:16:31,2026-01-22 13:16:31,2026-01-22 13:16:31.000000,1,1,9329.37,,,0.0027,24.7653,34.8942,190.2,0,,,True,SINGLE_READING;,7,day7,MATCHED,D7:wor:L11-7,L11-7,L11-7,results.zip/day7.xlsx,workbook,14.0421,170.081,L11-8,True,24.7651,34.8941,212.704,,2.832,209.872,0.356131,4654.85,33567.5,False,9342.08,0.0532518,INTERPOLATED,316,351,-12.7065,0.0533202,0
325,CG6-0313,2026-01-22,11,8,field,CG6-0313|2026-01-22|L11|S8,2026-01-22 13:20:28,2026-01-22 13:20:28,2026-01-22 13:20:28.000000,1,1,9328.15,,,0.0022,24.7639,34.895,194.2,0,,,True,SINGLE_READING;,7,day7,MATCHED,D7:wor:L11-8,L11-8,L11-8,results.zip/day7.xlsx,workbook,7.32603,166.169,L11-7,True,24.7639,34.895,215.126,,2.832,212.294,0.356131,4662.69,33722.2,False,9342.08,0.0532527,INTERPOLATED,316,351,-13.9286,0.0532982,0
326,CG6-0313,2026-01-22,11,9,field,CG6-0313|2026-01-22|L11|S9,2026-01-22 13:24:15,2026-01-22 13:24:15,2026-01-22 13:24:15.000000,1,1,9328.43,,,0.0024,24.7632,34.8932,193,0,,,True,SINGLE_READING;,7,day7,MATCHED,D7:wor:L11-9,L11-9,L11-9,results.zip/day7.xlsx,workbook,11.6231,180.91,L11-10,True,24.7631,34.8932,217.793,,2.832,214.961,0.356131,4862.4,33794.8,False,9342.08,0.0532539,INTERPOLATED,316,351,-13.6474,0.0533079,0
327,CG6-0313,2026-01-22,11,10,field,CG6-0313|2026-01-22|L11|S10,2026-01-22 13:28:04,2026-01-22 13:28:04,2026-01-22 13:28:04.000000,1,1,9327.82,,,0.0029,24.7625,34.8916,192.9,0,,,True,SINGLE_READING;,7,day7,MATCHED,D7:wor:L11-10,L11-10,L11-10,results.zip/day7.xlsx,workbook,6.48561,166.144,L11-9,True,24.7624,34.8916,219.402,,2.832,216.57,0.356131,5036.46,33865.7,False,9342.08,0.0532553,INTERPOLATED,316,351,-14.2594,0.0533342,0
328,CG6-0313,2026-01-22,11,11,field,CG6-0313|2026-01-22|L11|S11,2026-01-22 13:31:32,2026-01-22 13:31:32,2026-01-22 13:31:32.000000,1,1,9327.01,,,0.003,24.761,34.8905,203.8,0,,,True,SINGLE_READING;,7,day7,MATCHED,D7:wor:L11-11,L11-11,L11-11,results.zip/day7.xlsx,workbook,10.6409,191.027,L11-10,True,24.761,34.8904,221.974,,2.832,219.142,0.356131,5220.03,34021.8,False,9342.08,0.0532567,INTERPOLATED,316,351,-15.0668,0.0533411,0
329,CG6-0313,2026-01-22,11,12,field,CG6-0313|2026-01-22|L11|S12,2026-01-22 13:35:43,2026-01-22 13:35:43,2026-01-22 13:35:43.000000,1,1,9326.41,,,0.0029,24.7603,34.8888,195.8,0,,,True,SINGLE_READING;,7,day7,MATCHED,D7:wor:L11-12,L11-12,L11-12,results.zip/day7.xlsx,workbook,5.64332,176.184,L11-11,True,24.7603,34.8888,225.041,,2.832,222.209,0.356131,5404.94,34096.1,False,9342.08,0.0532587,INTERPOLATED,316,351,-15.6661,0.0533376,0
330,CG6-0313,2026-01-22,11,13,field,CG6-0313|2026-01-22|L11|S13,2026-01-22 13:39:38,2026-01-22 13:39:38,2026-01-22 13:39:38.000000,1,1,9326.24,,,0.0027,24.7604,34.8868,197.9,0,,,True,SINGLE_READING;,7,day7,MATCHED,D7:wor:L11-13,L11-13,L11-13,results.zip/day7.xlsx,workbook,5.62942,165.147,L11-14,True,24.7604,34.8868,227.468,,2.832,224.636,0.356131,5569.62,34074.1,False,9342.08,0.0532608,INTERPOLATED,316,351,-15.8338,0.0533292,0
331,CG6-0313,2026-01-22,11,14,field,CG6-0313|2026-01-22|L11|S14,2026-01-22 13:43:34,2026-01-22 13:43:34,2026-01-22 13:43:34.000000,1,1,9325.89,,,0.0045,24.7594,34.8856,193.3,0,,,True,SINGLE_READING;,7,day7,MATCHED,D7:wor:L11-14,L11-14,L11-14,results.zip/day7.xlsx,workbook,3.84351,159.812,L11-13,True,24.7594,34.8856,229.852,,2.832,227.02,0.356131,5730.7,34186.6,False,9342.07,0.0532632,INTERPOLATED,316,351,-16.1842,0.0534529,0
332,CG6-0313,2026-01-22,11,15,field,CG6-0313|2026-01-22|L11|S15,2026-01-22 13:47:36,2026-01-22 13:47:36,2026-01-22 13:47:36.000000,1,1,9325.58,,,0.003,24.7583,34.8844,218.1,0,,,True,SINGLE_READING;,7,day7,MATCHED,D7:wor:L11-15,L11-15,L11-15,results.zip/day7.xlsx,workbook,11.0338,146.942,L11-16,True,24.7582,34.8844,232.128,,2.832,229.296,0.356131,5899.37,34303.3,False,9342.07,0.0532658,INTERPOLATED,316,351,-16.4905,0.0533503,0
333,CG6-0313,2026-01-22,11,16,field,CG6-0313|2026-01-22|L11|S16,2026-01-22 13:51:31,2026-01-22 13:51:31,2026-01-22 13:51:31.000000,1,1,9325.03,,,0.0028,24.757,34.8844,210.7,0,,,True,SINGLE_READING;,7,day7,MATCHED,D7:wor:L11-16,L11-16,L11-16,results.zip/day7.xlsx,workbook,4.86005,134.328,L11-15,True,24.757,34.8844,234.002,,2.832,231.17,0.356131,5974.74,34446.5,False,9342.07,0.0532687,INTERPOLATED,316,351,-17.0438,0.0533422,0
334,CG6-0313,2026-01-22,11,17,field,CG6-0313|2026-01-22|L11|S17,2026-01-22 13:56:15,2026-01-22 13:56:15,2026-01-22 13:56:15.000000,1,1,9324.49,,,0.0026,24.7561,34.8854,226.3,0,,,True,SINGLE_READING;,7,day7,MATCHED,D7:wor:L11-17,L11-17,L11-17,results.zip/day7.xlsx,workbook,9.56798,135.052,L11-16,True,24.756,34.8853,236.336,,2.832,233.504,0.356131,5955.68,34548.8,False,9342.07,0.0532724,INTERPOLATED,316,351,-17.585,0.0533358,0
335,CG6-0313,2026-01-22,11,18,field,CG6-0313|2026-01-22|L11|S18,2026-01-22 13:59:41,2026-01-22 13:59:41,2026-01-22 13:59:41.000000,1,1,9323.98,,,0.0027,24.7551,34.8837,221.2,0,,,True,SINGLE_READING;,7,day7,MATCHED,D7:wor:L11-18,L11-18,L11-18,results.zip/day7.xlsx,workbook,12.9952,193.139,L11-17,True,24.755,34.8837,239.015,,2.832,236.183,0.356131,6155.35,34658.6,False,9342.07,0.0532753,INTERPOLATED,316,351,-18.096,0.0533437,0
336,CG6-0313,2026-01-22,11,19,field,CG6-0313|2026-01-22|L11|S19,2026-01-22 14:03:57,2026-01-22 14:03:57,2026-01-22 14:03:57.000000,1,1,9323.22,,,0.0023,24.7531,34.883,227.3,0,,,True,SINGLE_READING;,7,day7,MATCHED,D7:wor:L11-19,L11-19,L11-19,results.zip/day7.xlsx,workbook,8.51732,172.636,L11-20,True,24.7531,34.8829,242.161,,2.832,239.329,0.356131,6345.89,34876.9,False,9342.07,0.0532792,INTERPOLATED,316,351,-18.853,0.0533288,0
337,CG6-0313,2026-01-22,11,20,field,CG6-0313|2026-01-22|L11|S20,2026-01-22 14:07:39,2026-01-22 14:07:39,2026-01-22 14:07:39.000000,1,1,9322.75,,,0.0035,24.7517,34.8825,232,0,,,True,SINGLE_READING;,7,day7,MATCHED,D7:wor:L11-20,L11-20,L11-20,results.zip/day7.xlsx,workbook,10.2042,154.513,L11-19,True,24.7517,34.8824,243.914,,2.832,241.082,0.356131,6475.77,35032.7,False,9342.07,0.0532828,INTERPOLATED,316,351,-19.3173,0.0533976,0
338,CG6-0313,2026-01-22,11,21,field,CG6-0313|2026-01-22|L11|S21,2026-01-22 14:11:26,2026-01-22 14:11:26,2026-01-22 14:11:26.000000,1,1,9322.09,,,0.0033,24.7498,34.882,229.1,0,,,True,SINGLE_READING;,7,day7,MATCHED,D7:wor:L11-21,L11-21,L11-21,results.zip/day7.xlsx,workbook,9.42935,182.307,L11-22,True,24.7497,34.882,246.157,,2.832,243.325,0.356131,6648.41,35248.4,False,9342.07,0.0532867,INTERPOLATED,316,351,-19.9845,0.0533888,0
339,CG6-0313,2026-01-22,11,22,field,CG6-0313|2026-01-22|L11|S22,2026-01-22 14:15:24,2026-01-22 14:15:24,2026-01-22 14:15:24.000000,1,1,9321.71,,,0.0023,24.7489,34.8835,238.8,0,,,True,SINGLE_READING;,7,day7,MATCHED,D7:wor:L11-22,L11-22,L11-22,results.zip/day7.xlsx,workbook,9.23979,148.533,L11-23,True,24.7488,34.8835,248.886,,2.832,246.054,0.356131,6594.12,35349.2,False,9342.07,0.053291,INTERPOLATED,316,351,-20.3584,0.0533406,0
340,CG6-0313,2026-01-22,11,23,field,CG6-0313|2026-01-22|L11|S23,2026-01-22 14:20:35,2026-01-22 14:20:35,2026-01-22 14:20:35.000000,1,1,9320.91,,,0.0026,24.748,34.8846,235.5,0,,,True,SINGLE_READING;,7,day7,MATCHED,D7:wor:L11-23,L11-23,L11-23,results.zip/day7.xlsx,workbook,9.29314,142.366,L11-22,True,24.7479,34.8845,252.154,,2.832,249.322,0.356131,6574.76,35449.3,False,9342.07,0.053297,INTERPOLATED,316,351,-21.162,0.0533604,0
341,CG6-0313,2026-01-22,11,24,field,CG6-0313|2026-01-22|L11|S24,2026-01-22 14:23:55,2026-01-22 14:23:55,2026-01-22 14:23:55.000000,1,1,9320.67,,,0.0023,24.7476,34.8828,234.3,0,,,True,SINGLE_READING;,7,day7,MATCHED,D7:wor:L11-24,L11-24,L11-24,results.zip/day7.xlsx,workbook,6.87846,149.211,L11-22,True,24.7476,34.8828,254.225,,2.832,251.393,0.356131,6739.11,35489.7,False,9342.07,0.0533011,INTERPOLATED,316,351,-21.3995,0.0533507,0
342,CG6-0313,2026-01-22,11,25,field,CG6-0313|2026-01-22|L11|S25,2026-01-22 14:27:46,2026-01-22 14:27:46,2026-01-22 14:27:46.000000,1,1,9319.78,,,0.0043,24.7458,34.8824,235.5,0,,,True,SINGLE_READING;,7,day7,MATCHED,D7:wor:L11-25,L11-25,L11-25,results.zip/day7.xlsx,workbook,6.47652,196.789,L11-24,True,24.7458,34.8823,255.393,,2.832,252.561,0.356131,6900.75,35688.5,False,9342.07,0.0533061,INTERPOLATED,316,351,-22.2823,0.0534792,0
343,CG6-0313,2026-01-22,11,26,field,CG6-0313|2026-01-22|L11|S26,2026-01-22 14:31:40,2026-01-22 14:31:40,2026-01-22 14:31:40.000000,1,1,9318.85,,,0.0035,24.7442,34.8842,255.9,0,,TILT_GT_20,True,SINGLE_READING;,7,day7,MATCHED,D7:wor:L11-26,L11-26,L11-26,results.zip/day7.xlsx,workbook,7.56418,116.615,L11-27,True,24.7442,34.8842,259.876,,2.832,257.044,0.356131,6883.31,35872.7,False,9342.07,0.0533113,INTERPOLATED,316,351,-23.2196,0.053426,0
344,CG6-0313,2026-01-22,11,27,field,CG6-0313|2026-01-22|L11|S27,2026-01-22 14:35:28,2026-01-22 14:35:28,2026-01-22 14:35:28.000000,1,1,9318.44,,,0.0029,24.7434,34.885,250,0,,,True,SINGLE_READING;,7,day7,MATCHED,D7:wor:L11-27,L11-27,L11-27,results.zip/day7.xlsx,workbook,9.10678,112.11,L11-26,True,24.7434,34.8849,260.815,,2.832,257.983,0.356131,6889.39,35959.4,False,9342.07,0.0533166,INTERPOLATED,316,351,-23.6293,0.0533954,0
345,CG6-0313,2026-01-22,11,28,field,CG6-0313|2026-01-22|L11|S28,2026-01-22 14:39:27,2026-01-22 14:39:27,2026-01-22 14:39:27.000000,1,1,9318,,,0.0021,24.7423,34.8842,242.5,0,,,True,SINGLE_READING;,7,day7,MATCHED,D7:wor:L11-28,L11-28,L11-28,results.zip/day7.xlsx,workbook,9.46336,141.393,L11-27,True,24.7422,34.8842,262.702,,2.832,259.87,0.356131,7035.06,36086.9,False,9342.06,0.0533224,INTERPOLATED,316,351,-24.0657,0.0533637,0
346,CG6-0313,2026-01-22,11,29,field,CG6-0313|2026-01-22|L11|S29,2026-01-22 14:42:51,2026-01-22 14:42:51,2026-01-22 14:42:51.000000,1,1,9317.46,,,0.0024,24.7418,34.8823,248.4,0,,,True,SINGLE_READING;,7,day7,MATCHED,D7:wor:L11-29,L11-29,L11-29,results.zip/day7.xlsx,workbook,7.42798,193.027,L11-28,True,24.7417,34.8823,264.219,,2.832,261.387,0.356131,7208.6,36137.4,False,9342.06,0.0533276,INTERPOLATED,316,351,-24.6075,0.0533815,0
347,CG6-0313,2026-01-22,11,30,field,CG6-0313|2026-01-22|L11|S30,2026-01-22 14:46:18,2026-01-22 14:46:18,2026-01-22 14:46:18.000000,1,1,9316.67,,,0.0033,24.7406,34.8808,254,0,,,True,SINGLE_READING;,7,day7,MATCHED,D7:wor:L11-30,L11-30,L11-30,results.zip/day7.xlsx,workbook,9.13803,196.858,L11-29,True,24.7405,34.8808,266.486,,2.832,263.654,0.356131,7410.15,36267.8,False,9342.06,0.053333,INTERPOLATED,316,351,-25.3956,0.053435,0
348,CG6-0313,2026-01-22,11,31,field,CG6-0313|2026-01-22|L11|S31,2026-01-22 14:49:43,2026-01-22 14:49:43,2026-01-22 14:49:43.000000,1,1,9315.87,,,0.0034,24.739,34.8801,258.7,0,,,True,SINGLE_READING;,7,day7,MATCHED,D7:wor:L11-31,L11-31,L11-31,results.zip/day7.xlsx,workbook,8.1104,186.275,L11-30,True,24.7389,34.8801,268.386,,2.832,265.554,0.356131,7586.97,36450.1,False,9342.06,0.0533385,INTERPOLATED,316,351,-26.1895,0.0534467,0
349,CG6-0313,2026-01-22,11,32,field,CG6-0313|2026-01-22|L11|S32,2026-01-22 14:53:28,2026-01-22 14:53:28,2026-01-22 14:53:28.000000,1,1,9314.95,,,0.0028,24.7373,34.8804,262.1,0,,,True,SINGLE_READING;,7,day7,MATCHED,D7:wor:L11-32,L11-32,L11-32,results.zip/day7.xlsx,workbook,7.2222,178.212,L11-31,True,24.7373,34.8804,270.008,,2.832,267.176,0.356131,7696.66,36633.1,False,9342.06,0.0533448,INTERPOLATED,316,351,-27.1117,0.0534182,0
350,CG6-0313,2026-01-22,11,33,field,CG6-0313|2026-01-22|L11|S33,2026-01-22 14:57:23,2026-01-22 14:57:23,2026-01-22 14:57:23.000000,1,1,9313.83,,,0.0042,24.7349,34.8805,262.7,0,,,True,SINGLE_READING;,7,day7,MATCHED,D7:wor:L11-33,L11-33,L11-33,results.zip/day7.xlsx,workbook,8.9049,264.889,L11-32,True,24.7348,34.8804,271.968,,2.832,269.136,0.356131,7886.43,36904.8,False,9342.06,0.0533516,INTERPOLATED,316,351,-28.2331,0.0535166,0
351,CG6-0313,2026-01-22,0,100,field_base_100,CG6-0313|2026-01-22|L0|S100,2026-01-22 15:32:35,2026-01-22 15:35:35,2026-01-22 15:34:05.000000,4,4,9342.05,0.0228057,0.00517051,0.00517051,24.7868,34.9338,104.9,0,,,True,,7,day7,MATCHED,D7:wor:Base 100,Base 100,Base 100,results.zip/day7.xlsx,workbook,13.6142,,,True,24.7868,34.9337,114.925,,2.832,112.093,0.356131,13.002,31636.5,True,9342.05,0.00517051,AT_CONTROL,351,351,0,0.00731221,0
352,CG6-0313,2026-01-22,0,0,hotel_base_0,CG6-0313|2026-01-22|L0|S0,2026-01-22 18:03:20,2026-01-22 18:06:20,2026-01-22 18:04:50.000000,4,4,9407.41,0.017251,0.00363302,0.00363302,25.0668,34.8777,32.7,0,,,True,,7,day7,MATCHED,D7:wor:Base0,Base0,Base0,results.zip/day7.xlsx,workbook,8.73927,,,True,25.0668,34.8776,39.021,,2.832,36.189,0.356131,31651.3,8.55536,True,9342.08,0.086869,AT_CONTROL,352,352,65.3243,0.0869449,0
353,CG6-0313,2026-01-23,0,0,hotel_base_0,CG6-0313|2026-01-23|L0|S0,2026-01-23 04:25:50,2026-01-23 04:28:50,2026-01-23 04:27:20.000000,4,4,9407.28,0.0316202,0.00675994,0.00675994,25.0668,34.8776,18.7,0.44478,,,True,,8,day8,MATCHED,D8:wor:Base 0,Base 0,Base 0,results.zip/day8.xlsx,workbook,2.3389,,,True,25.0668,34.8777,36.51,,0,36.51,0.15,31647.5,2.32662,True,9341.95,0.0870558,AT_CONTROL,353,353,65.3243,0.0873179,0
354,CG6-0313,2026-01-23,0,100,field_base_100,CG6-0313|2026-01-23|L0|S100,2026-01-23 06:29:48,2026-01-23 06:32:48,2026-01-23 06:31:18.000000,4,4,9341.85,0.0504609,0.0104086,0.0104086,24.7868,34.9338,92.7,0,,,True,,8,day8,MATCHED,D8:wor:Base100,Base100,Base100,results.zip/day8.xlsx,workbook,2.15719,,,True,24.7867,34.9338,111.77,,0,111.77,0.15,2.13715,31643.5,True,9341.85,0.0104086,AT_CONTROL,354,354,0,0.01472,0
355,CG6-0313,2026-01-23,11,34,field,CG6-0313|2026-01-23|L11|S34,2026-01-23 07:19:14,2026-01-23 07:19:14,2026-01-23 07:19:14.000000,1,1,9312.65,,,0.0036,24.7329,34.88,258.1,0,,,True,SINGLE_READING;,8,day8,MATCHED,D8:wor:L11-34,L11-34,L11-34,results.zip/day8.xlsx,workbook,8.52625,206.283,L11-35,True,24.7329,34.88,273.305,,0,273.305,0.15,8077.26,37118.7,False,9341.83,0.0539522,INTERPOLATED,354,421,-29.18,0.0540722,0
356,CG6-0313,2026-01-23,11,35,field,CG6-0313|2026-01-23|L11|S35,2026-01-23 07:22:55,2026-01-23 07:22:55,2026-01-23 07:22:55.000000,1,1,9311.8,,,0.0024,24.7312,34.8803,259.6,0,,,True,SINGLE_READING;,8,day8,MATCHED,D8:wor:L11-35,L11-35,L11-35,results.zip/day8.xlsx,workbook,5.82973,194.501,L11-34,True,24.7311,34.8803,274.841,,0,274.841,0.15,8205.84,37318.1,False,9341.83,0.0539367,INTERPOLATED,354,421,-30.0277,0.05399,0
357,CG6-0313,2026-01-23,11,36,field,CG6-0313|2026-01-23|L11|S36,2026-01-23 07:29:46,2026-01-23 07:29:46,2026-01-23 07:29:46.000000,1,1,9310.96,,,0.0024,24.7293,34.8802,263.3,0,,,True,SINGLE_READING;,8,day8,MATCHED,D8:wor:L11-36,L11-36,L11-36,results.zip/day8.xlsx,workbook,4.84462,182.557,L11-37,True,24.7293,34.8802,276.902,,0,276.902,0.15,8365.3,37523.3,False,9341.82,0.0539086,INTERPOLATED,354,421,-30.8665,0.053962,0
358,CG6-0313,2026-01-23,11,37,field,CG6-0313|2026-01-23|L11|S37,2026-01-23 07:33:21,2026-01-23 07:33:21,2026-01-23 07:33:21.000000,1,1,9310.13,,,0.0032,24.7278,34.8798,259.7,0,,,True,SINGLE_READING;,8,day8,MATCHED,D8:wor:L11-37,L11-37,L11-37,results.zip/day8.xlsx,workbook,8.27415,148.818,L11-38,True,24.7277,34.8798,278.841,,0,278.841,0.15,8523.92,37693.1,False,9341.82,0.0538944,INTERPOLATED,354,421,-31.6946,0.0539893,0
359,CG6-0313,2026-01-23,11,38,field,CG6-0313|2026-01-23|L11|S38,2026-01-23 07:36:57,2026-01-23 07:36:57,2026-01-23 07:36:57.000000,1,1,9309.59,,,0.0026,24.7278,34.8784,268.2,0,,,True,SINGLE_READING;,8,day8,MATCHED,D8:wor:L11-38,L11-38,L11-38,results.zip/day8.xlsx,workbook,6.55946,140.671,L11-37,True,24.7277,34.8783,280.483,,0,280.483,0.15,8616.8,37690.5,False,9341.82,0.0538804,INTERPOLATED,354,421,-32.2307,0.0539431,0
360,CG6-0313,2026-01-23,11,39,field,CG6-0313|2026-01-23|L11|S39,2026-01-23 07:40:36,2026-01-23 07:40:36,2026-01-23 07:40:36.000000,1,1,9309.63,,,0.0046,24.7293,34.8776,277.8,0,,,True,SINGLE_READING;,8,day8,MATCHED,D8:wor:L11-39,L11-39,L11-39,results.zip/day8.xlsx,workbook,2.65524,190.828,L11-38,True,24.7293,34.8776,282.553,,0,282.553,0.15,8534.93,37519.2,False,9341.82,0.0538665,INTERPOLATED,354,421,-32.184,0.0540626,0
361,CG6-0313,2026-01-23,11,40,field,CG6-0313|2026-01-23|L11|S40,2026-01-23 07:44:18,2026-01-23 07:44:18,2026-01-23 07:44:18.000000,1,1,9308.68,,,0.0027,24.7284,34.8757,278.2,0,,,True,SINGLE_READING;,8,day8,MATCHED,D8:wor:L11-40,L11-40,L11-40,results.zip/day8.xlsx,workbook,1.23409,190.989,L11-41,True,24.7284,34.8758,284.788,,0,284.788,0.15,8737.67,37620.1,False,9341.82,0.0538528,INTERPOLATED,354,421,-33.1319,0.0539205,0
362,CG6-0313,2026-01-23,11,41,field,CG6-0313|2026-01-23|L11|S41,2026-01-23 07:47:59,2026-01-23 07:47:59,2026-01-23 07:47:59.000000,1,1,9307.85,,,0.0029,24.7274,34.8743,283.4,0,,,True,SINGLE_READING;,8,day8,MATCHED,D8:wor:L11-41,L11-41,L11-41,results.zip/day8.xlsx,workbook,3.00542,190.83,L11-40,True,24.7273,34.8743,286.702,,0,286.702,0.15,8926.11,37742,False,9341.81,0.0538395,INTERPOLATED,354,421,-33.9674,0.0539176,0
363,CG6-0313,2026-01-23,11,42,field,CG6-0313|2026-01-23|L11|S42,2026-01-23 07:51:39,2026-01-23 07:51:39,2026-01-23 07:51:39.000000,1,1,9307.06,,,0.0034,24.7267,34.8725,281.2,0,,,True,SINGLE_READING;,8,day8,MATCHED,D8:wor:L11-42,L11-42,L11-42,results.zip/day8.xlsx,workbook,1.83901,197.769,L11-41,True,24.7267,34.8725,288.826,,0,288.826,0.15,9103.25,37815.9,False,9341.81,0.0538266,INTERPOLATED,354,421,-34.751,0.0539339,0
364,CG6-0313,2026-01-23,11,43,field,CG6-0313|2026-01-23|L11|S43,2026-01-23 07:55:23,2026-01-23 07:55:23,2026-01-23 07:55:23.000000,1,1,9306.1,,,0.0026,24.7256,34.8705,288.4,0,,,True,SINGLE_READING;,8,day8,MATCHED,D8:wor:L11-43,L11-43,L11-43,results.zip/day8.xlsx,workbook,2.20864,182.65,L11-44,True,24.7256,34.8705,290.922,,0,290.922,0.15,9329.2,37945.5,False,9341.81,0.0538138,INTERPOLATED,354,421,-35.7109,0.0538766,0
365,CG6-0313,2026-01-23,11,44,field,CG6-0313|2026-01-23|L11|S44,2026-01-23 07:59:14,2026-01-23 07:59:14,2026-01-23 07:59:14.000000,1,1,9304.9,,,0.0036,24.7243,34.8693,290.6,0,,,True,SINGLE_READING;,8,day8,MATCHED,D8:wor:L11-44,L11-44,L11-44,results.zip/day8.xlsx,workbook,1.33528,180.172,L11-45,True,24.7243,34.8693,292.496,,0,292.496,0.15,9511.6,38084.2,False,9341.81,0.0538009,INTERPOLATED,354,421,-36.908,0.0539212,0
366,CG6-0313,2026-01-23,11,45,field,CG6-0313|2026-01-23|L11|S45,2026-01-23 08:03:11,2026-01-23 08:03:11,2026-01-23 08:03:11.000000,1,1,9304.33,,,0.0049,24.7239,34.8676,288.3,0,,,True,SINGLE_READING;,8,day8,MATCHED,D8:wor:L11-45,L11-45,L11-45,results.zip/day8.xlsx,workbook,2.30077,178.112,1-453,True,24.7239,34.8676,294.316,,0,294.316,0.15,9669.79,38141.4,False,9341.81,0.0537881,INTERPOLATED,354,421,-37.4804,0.0540108,0
367,CG6-0313,2026-01-23,11,46,field,CG6-0313|2026-01-23|L11|S46,2026-01-23 08:06:47,2026-01-23 08:06:47,2026-01-23 08:06:47.000000,1,1,9303.55,,,0.0031,24.7235,34.8656,292.5,0,,,True,SINGLE_READING;,8,day8,MATCHED,D8:wor:L11-46,L11-46,L11-46,results.zip/day8.xlsx,workbook,1.12424,73.1034,1-453,True,24.7236,34.8656,297.097,,0,297.097,0.15,9839.77,38183.5,False,9341.81,0.0537768,INTERPOLATED,354,421,-38.2539,0.053866,0
368,CG6-0313,2026-01-23,11,47,field,CG6-0313|2026-01-23|L11|S47,2026-01-23 08:10:06,2026-01-23 08:10:06,2026-01-23 08:10:06.000000,1,1,9303.13,,,0.0024,24.7234,34.8636,295.9,0,,,True,SINGLE_READING;,8,day8,MATCHED,D8:wor:L11-47,L11-47,L11-47,results.zip/day8.xlsx,workbook,3.14705,192.84,L11-48,True,24.7233,34.8636,299.443,,0,299.443,0.15,9994.81,38211.1,False,9341.8,0.0537666,INTERPOLATED,354,421,-38.678,0.0538201,0
369,CG6-0313,2026-01-23,11,48,field,CG6-0313|2026-01-23|L11|S48,2026-01-23 08:13:38,2026-01-23 08:13:38,2026-01-23 08:13:38.000000,1,1,9302.89,,,0.0041,24.7225,34.8619,297.4,0,,,True,SINGLE_READING;,8,day8,MATCHED,D8:wor:L11-48,L11-48,L11-48,results.zip/day8.xlsx,workbook,1.22804,181.603,L11-49,True,24.7225,34.8619,301.334,,0,301.334,0.15,10181.9,38313.1,False,9341.8,0.0537561,INTERPOLATED,354,421,-38.9102,0.0539122,0
370,CG6-0313,2026-01-23,11,49,field,CG6-0313|2026-01-23|L11|S49,2026-01-23 08:17:00,2026-01-23 08:17:00,2026-01-23 08:17:00.000000,1,1,9302.53,,,0.0096,24.722,34.8602,296.9,0,,STDDEV_GT_0.050,True,SINGLE_READING;,8,day8,MATCHED,D8:wor:L11-49,L11-49,L11-49,results.zip/day8.xlsx,workbook,3.3548,182.096,L11-48,True,24.722,34.8602,303.102,,0,303.102,0.15,10341.5,38370.9,False,9341.8,0.0537463,INTERPOLATED,354,421,-39.2744,0.054597,0
371,CG6-0313,2026-01-23,11,50,field,CG6-0313|2026-01-23|L11|S50,2026-01-23 08:21:16,2026-01-23 08:21:16,2026-01-23 08:21:16.000000,1,1,9302.41,,,0.0027,24.7223,34.8582,302.5,0,,,True,SINGLE_READING;,8,day8,MATCHED,D8:wor:L11-50,L11-50,L11-50,results.zip/day8.xlsx,workbook,1.39084,197.282,L11-51,True,24.7223,34.8582,305.013,,0,305.013,0.15,10472.3,38356.9,False,9341.8,0.0537344,INTERPOLATED,354,421,-39.3842,0.0538022,0
372,CG6-0313,2026-01-23,11,51,field,CG6-0313|2026-01-23|L11|S51,2026-01-23 08:25:49,2026-01-23 08:25:49,2026-01-23 08:25:49.000000,1,1,9302.27,,,0.0029,24.7226,34.8563,308,0,,,True,SINGLE_READING;,8,day8,MATCHED,D8:wor:L11-51,L11-51,L11-51,results.zip/day8.xlsx,workbook,7.07832,175.899,L11-52,True,24.7227,34.8563,307.221,,0,307.221,0.15,10582.6,38324.9,False,9341.8,0.0537221,INTERPOLATED,354,421,-39.5224,0.0538003,0
373,CG6-0313,2026-01-23,11,52,field,CG6-0313|2026-01-23|L11|S52,2026-01-23 08:29:33,2026-01-23 08:29:33,2026-01-23 08:29:33.000000,1,1,9301.94,,,0.003,24.7221,34.8547,299.2,0,,,True,SINGLE_READING;,8,day8,MATCHED,D8:wor:L11-52,L11-52,L11-52,results.zip/day8.xlsx,workbook,1.52786,177.76,L11-51,True,24.7221,34.8547,309.623,,0,309.623,0.15,10746.5,38395.7,False,9341.79,0.0537124,INTERPOLATED,354,421,-39.8573,0.0537962,0
374,CG6-0313,2026-01-23,11,53,field,CG6-0313|2026-01-23|L11|S53,2026-01-23 08:32:48,2026-01-23 08:32:48,2026-01-23 08:32:48.000000,1,1,9301.56,,,0.0028,24.723,34.853,305,0,,,True,SINGLE_READING;,8,day8,MATCHED,D8:wor:L11-53,L11-53,L11-53,results.zip/day8.xlsx,workbook,2.51958,183.56,L11-54,True,24.7229,34.853,312.292,,0,312.292,0.15,10809.3,38309.2,False,9341.79,0.0537043,INTERPOLATED,354,421,-40.2317,0.0537773,0
375,CG6-0313,2026-01-23,11,54,field,CG6-0313|2026-01-23|L11|S54,2026-01-23 08:36:15,2026-01-23 08:36:15,2026-01-23 08:36:15.000000,1,1,9301.13,,,0.0032,24.7225,34.8513,311.5,0,,,True,SINGLE_READING;,8,day8,MATCHED,D8:wor:L11-54,L11-54,L11-54,results.zip/day8.xlsx,workbook,3.57433,180.142,L11-53,True,24.7225,34.8512,314.849,,0,314.849,0.15,10972.8,38369.4,False,9341.79,0.053696,INTERPOLATED,354,421,-40.6624,0.0537912,0
376,CG6-0313,2026-01-23,11,55,field,CG6-0313|2026-01-23|L11|S55,2026-01-23 08:40:06,2026-01-23 08:40:06,2026-01-23 08:40:06.000000,1,1,9300.46,,,0.0028,24.7208,34.8501,312,0,,,True,SINGLE_READING;,8,day8,MATCHED,D8:wor:L11-55,L11-55,L11-55,results.zip/day8.xlsx,workbook,4.19275,163.408,L11-56,True,24.7208,34.8501,317.077,,0,317.077,0.15,11188.7,38571.4,False,9341.79,0.053687,INTERPOLATED,354,421,-41.332,0.0537599,0
377,CG6-0313,2026-01-23,11,56,field,CG6-0313|2026-01-23|L11|S56,2026-01-23 08:44:06,2026-01-23 08:44:06,2026-01-23 08:44:06.000000,1,1,9300,,,0.0032,24.72,34.8487,318.2,0,,,True,SINGLE_READING;,8,day8,MATCHED,D8:wor:L11-56,L11-56,L11-56,results.zip/day8.xlsx,workbook,3.41757,157.807,L11-55,True,24.72,34.8487,319.213,,0,319.213,0.15,11347.8,38662.9,False,9341.79,0.053678,INTERPOLATED,354,421,-41.7849,0.0537733,0
378,CG6-0313,2026-01-23,11,57,field,CG6-0313|2026-01-23|L11|S57,2026-01-23 08:47:39,2026-01-23 08:47:39,2026-01-23 08:47:39.000000,1,1,9299.56,,,0.0048,24.721,34.8472,317.4,0,,,True,SINGLE_READING;,8,day8,MATCHED,D8:wor:L11-57,L11-57,L11-57,results.zip/day8.xlsx,workbook,3.28542,123.896,L11-58,True,24.721,34.8472,321.544,,0,321.544,0.15,11396.3,38569.3,False,9341.79,0.0536705,INTERPOLATED,354,421,-42.2229,0.0538847,0
379,CG6-0313,2026-01-23,11,58,field,CG6-0313|2026-01-23|L11|S58,2026-01-23 08:52:16,2026-01-23 08:52:16,2026-01-23 08:52:16.000000,1,1,9299.04,,,0.0028,24.7209,34.846,320.8,0,,,True,SINGLE_READING;,8,day8,MATCHED,D8:wor:L11-58,L11-58,L11-58,results.zip/day8.xlsx,workbook,2.92714,122.156,L11-57,True,24.7209,34.846,325.056,,0,325.056,0.15,11499.4,38594,False,9341.78,0.053661,INTERPOLATED,354,421,-42.748,0.053734,0
380,CG6-0313,2026-01-23,11,59,field,CG6-0313|2026-01-23|L11|S59,2026-01-23 08:56:15,2026-01-23 08:56:15,2026-01-23 08:56:15.000000,1,1,9298.56,,,0.0022,24.7216,34.8442,318,0,,,True,SINGLE_READING;,8,day8,MATCHED,D8:wor:L11-59,L11-59,L11-59,results.zip/day8.xlsx,workbook,2.82828,182.391,L11-60,True,24.7216,34.8442,327.827,,0,327.827,0.15,11584.4,38525.5,False,9341.78,0.0536533,INTERPOLATED,354,421,-43.2182,0.0536984,0
381,CG6-0313,2026-01-23,11,60,field,CG6-0313|2026-01-23|L11|S60,2026-01-23 09:00:09,2026-01-23 09:00:09,2026-01-23 09:00:09.000000,1,1,9297.86,,,0.0031,24.7223,34.8425,322,0,,,True,SINGLE_READING;,8,day8,MATCHED,D8:wor:L11-60,L11-60,L11-60,results.zip/day8.xlsx,workbook,4.91583,187.892,L11-59,True,24.7223,34.8426,330.979,,0,330.979,0.15,11667.9,38462,False,9341.78,0.0536462,INTERPOLATED,354,421,-43.9226,0.0537357,0
382,CG6-0313,2026-01-23,11,61,field,CG6-0313|2026-01-23|L11|S61,2026-01-23 09:03:37,2026-01-23 09:03:37,2026-01-23 09:03:37.000000,1,1,9297.4,,,0.004,24.7231,34.8408,320.3,0,,,True,SINGLE_READING;,8,day8,MATCHED,D8:wor:L11-61,L11-61,L11-61,results.zip/day8.xlsx,workbook,4.59212,198.935,L11-62,True,24.7231,34.8408,333.67,,0,333.67,0.15,11751.4,38389.7,False,9341.78,0.0536401,INTERPOLATED,354,421,-44.3796,0.0537891,0
383,CG6-0313,2026-01-23,11,62,field,CG6-0313|2026-01-23|L11|S62,2026-01-23 09:07:13,2026-01-23 09:07:13,2026-01-23 09:07:13.000000,1,1,9296.9,,,0.0035,24.7242,34.8392,321.8,0,,,True,SINGLE_READING;,8,day8,MATCHED,D8:wor:L11-62,L11-62,L11-62,results.zip/day8.xlsx,workbook,2.68413,165.051,L11-63,True,24.7242,34.8392,336.927,,0,336.927,0.15,11814.4,38290.4,False,9341.78,0.0536342,INTERPOLATED,354,421,-44.8789,0.0537483,0
384,CG6-0313,2026-01-23,11,63,field,CG6-0313|2026-01-23|L11|S63,2026-01-23 09:11:03,2026-01-23 09:11:03,2026-01-23 09:11:03.000000,1,1,9296.51,,,0.0035,24.7244,34.8375,308.2,0,,,True,SINGLE_READING;,8,day8,MATCHED,D8:wor:L11-63,L11-63,L11-63,results.zip/day8.xlsx,workbook,8.88334,134.864,L12-1,True,24.7244,34.8376,339.961,,0,339.961,0.15,11936.1,38278.8,False,9341.77,0.0536282,INTERPOLATED,354,421,-45.2666,0.0537423,0
385,CG6-0313,2026-01-23,11,64,field,CG6-0313|2026-01-23|L11|S64,2026-01-23 09:14:50,2026-01-23 09:14:50,2026-01-23 09:14:50.000000,1,1,9295.73,,,0.0036,24.724,34.8357,314.1,0,,,True,SINGLE_READING;,8,day8,MATCHED,D8:wor:L11-64,L11-64,L11-64,results.zip/day8.xlsx,workbook,3.21728,193.974,L11-65,True,24.724,34.8357,343.318,,0,343.318,0.15,12112.9,38349.2,False,9341.77,0.0536226,INTERPOLATED,354,421,-46.042,0.0537433,0
386,CG6-0313,2026-01-23,11,65,field,CG6-0313|2026-01-23|L11|S65,2026-01-23 09:18:15,2026-01-23 09:18:15,2026-01-23 09:18:15.000000,1,1,9294.93,,,0.0021,24.7231,34.834,322.7,0,,,True,SINGLE_READING;,8,day8,MATCHED,D8:wor:L11-65,L11-65,L11-65,results.zip/day8.xlsx,workbook,2.65313,198.116,L11-64,True,24.7231,34.834,346.365,,0,346.365,0.15,12307.1,38463.1,False,9341.77,0.0536179,INTERPOLATED,354,421,-46.845,0.053659,0
387,CG6-0313,2026-01-23,12,1,field,CG6-0313|2026-01-23|L12|S1,2026-01-23 09:25:15,2026-01-23 09:25:15,2026-01-23 09:25:15.000000,1,1,9296.59,,,0.0027,24.7256,34.8369,317.8,0,,,True,SINGLE_READING;,8,day8,MATCHED,D8:wor:L12-1,L12-1,L12-1,results.zip/day8.xlsx,workbook,6.87317,146.368,L11-63,True,24.7255,34.8369,340.461,,0,340.461,0.15,11909.7,38156.8,False,9341.77,0.0536092,INTERPOLATED,354,421,-45.1762,0.0536771,0
388,CG6-0313,2026-01-23,12,2,field,CG6-0313|2026-01-23|L12|S2,2026-01-23 09:29:30,2026-01-23 09:29:30,2026-01-23 09:29:30.000000,1,1,9297.13,,,0.0027,24.7269,34.8381,324.4,0,,,True,SINGLE_READING;,8,day8,MATCHED,D8:wor:L12-2,L12-2,L12-2,results.zip/day8.xlsx,workbook,4.20589,190.193,L12-1,True,24.7269,34.8381,337.958,,0,337.958,0.15,11731.3,37999.9,False,9341.77,0.0536045,INTERPOLATED,354,421,-44.631,0.0536724,0
389,CG6-0313,2026-01-23,12,3,field,CG6-0313|2026-01-23|L12|S3,2026-01-23 09:33:16,2026-01-23 09:33:16,2026-01-23 09:33:16.000000,1,1,9297.72,,,0.0036,24.7266,34.8405,316.1,0,,,True,SINGLE_READING;,8,day8,MATCHED,D8:wor:L12-3,L12-3,L12-3,results.zip/day8.xlsx,workbook,4.11727,171.916,L12-4,True,24.7266,34.8405,334.715,,0,334.715,0.15,11544.5,38004.8,False,9341.76,0.0536006,INTERPOLATED,354,421,-44.0407,0.0537214,0
390,CG6-0313,2026-01-23,12,4,field,CG6-0313|2026-01-23|L12|S4,2026-01-23 09:36:38,2026-01-23 09:36:38,2026-01-23 09:36:38.000000,1,1,9298.19,,,0.0027,24.7279,34.8416,316.3,0,,,True,SINGLE_READING;,8,day8,MATCHED,D8:wor:L12-4,L12-4,L12-4,results.zip/day8.xlsx,workbook,3.82317,179.458,L12-3,True,24.7278,34.8416,332.531,,0,332.531,0.15,11375.5,37858.8,False,9341.76,0.0535975,INTERPOLATED,354,421,-43.5696,0.0536655,0
391,CG6-0313,2026-01-23,12,5,field,CG6-0313|2026-01-23|L12|S5,2026-01-23 09:40:24,2026-01-23 09:40:24,2026-01-23 09:40:24.000000,1,1,9298.47,,,0.0047,24.7291,34.8432,322.3,0,,,True,SINGLE_READING;,8,day8,MATCHED,D8:wor:L12-5,L12-5,L12-5,results.zip/day8.xlsx,workbook,7.94839,164.873,L12-6,True,24.729,34.8432,329.59,,0,329.59,0.15,11167,37708.2,False,9341.76,0.0535944,INTERPOLATED,354,421,-43.2911,0.0538001,0
392,CG6-0313,2026-01-23,12,6,field,CG6-0313|2026-01-23|L12|S6,2026-01-23 09:43:38,2026-01-23 09:43:38,2026-01-23 09:43:38.000000,1,1,9299.07,,,0.0028,24.7287,34.8448,314,0,,,True,SINGLE_READING;,8,day8,MATCHED,D8:wor:L12-6,L12-6,L12-6,results.zip/day8.xlsx,workbook,5.05842,172.224,L12-5,True,24.7287,34.8448,327.078,,0,327.078,0.15,11056.5,37733,False,9341.76,0.053592,INTERPOLATED,354,421,-42.6917,0.0536651,0
393,CG6-0313,2026-01-23,12,7,field,CG6-0313|2026-01-23|L12|S7,2026-01-23 09:46:48,2026-01-23 09:46:48,2026-01-23 09:46:48.000000,1,1,9299.31,,,0.0031,24.7275,34.846,307.8,0,,,True,SINGLE_READING;,8,day8,MATCHED,D8:wor:L12-7,L12-7,L12-7,results.zip/day8.xlsx,workbook,5.20465,177.644,L12-8,True,24.7275,34.846,324.762,,0,324.762,0.15,11037.7,37856.3,False,9341.76,0.0535899,INTERPOLATED,354,421,-42.4513,0.0536795,0
394,CG6-0313,2026-01-23,12,8,field,CG6-0313|2026-01-23|L12|S8,2026-01-23 10:10:33,2026-01-23 10:10:33,2026-01-23 10:10:33.000000,1,1,9300.18,,,0.0021,24.7284,34.8476,313.4,0,,,True,SINGLE_READING;,8,day8,MATCHED,D8:wor:L12-8,L12-8,L12-8,results.zip/day8.xlsx,workbook,9.95238,189.349,L12-9,True,24.7283,34.8476,322.01,,0,322.01,0.15,10853.4,37750.6,False,9341.75,0.053582,INTERPOLATED,354,421,-41.5683,0.0536232,0
395,CG6-0313,2026-01-23,12,9,field,CG6-0313|2026-01-23|L12|S9,2026-01-23 10:15:33,2026-01-23 10:15:33,2026-01-23 10:15:33.000000,1,1,9300.86,,,0.0035,24.7296,34.849,307,0,,,True,SINGLE_READING;,8,day8,MATCHED,D8:wor:L12-9,L12-9,L12-9,results.zip/day8.xlsx,workbook,8.58452,197.963,L12-10,True,24.7296,34.8489,319.678,,0,319.678,0.15,10658.6,37597.7,False,9341.74,0.0535822,INTERPOLATED,354,421,-40.8828,0.0536963,0
396,CG6-0313,2026-01-23,12,10,field,CG6-0313|2026-01-23|L12|S10,2026-01-23 10:19:12,2026-01-23 10:19:12,2026-01-23 10:19:12.000000,1,1,9301.64,,,0.0053,24.7314,34.8496,307.9,0,,,True,SINGLE_READING;,8,day8,MATCHED,D8:wor:L12-10,L12-10,L12-10,results.zip/day8.xlsx,workbook,7.8557,46.7731,1-464,True,24.7313,34.8496,317.162,,0,317.162,0.15,10493.2,37397.1,False,9341.74,0.0535826,INTERPOLATED,354,421,-40.1026,0.0538441,0
397,CG6-0313,2026-01-23,12,11,field,CG6-0313|2026-01-23|L12|S11,2026-01-23 10:22:52,2026-01-23 10:22:52,2026-01-23 10:22:52.000000,1,1,9302.37,,,0.0036,24.7329,34.8506,304.3,0,,,True,SINGLE_READING;,8,day8,MATCHED,D8:wor:L12-11,L12-11,L12-11,results.zip/day8.xlsx,workbook,8.19617,69.313,1-463,True,24.7328,34.8506,314.647,,0,314.647,0.15,10310.3,37223.1,False,9341.74,0.0535835,INTERPOLATED,354,421,-39.367,0.0537043,0
398,CG6-0313,2026-01-23,12,12,field,CG6-0313|2026-01-23|L12|S12,2026-01-23 10:27:02,2026-01-23 10:27:02,2026-01-23 10:27:02.000000,1,1,9302.92,,,0.0031,24.734,34.8519,302.3,0,,,True,SINGLE_READING;,8,day8,MATCHED,D8:wor:L12-12,L12-12,L12-12,results.zip/day8.xlsx,workbook,8.65079,112.594,1-463,True,24.7339,34.8519,312.712,,0,312.712,0.15,10131.6,37091.5,False,9341.74,0.0535848,INTERPOLATED,354,421,-38.8207,0.0536744,0
399,CG6-0313,2026-01-23,12,13,field,CG6-0313|2026-01-23|L12|S13,2026-01-23 10:31:14,2026-01-23 10:31:14,2026-01-23 10:31:14.000000,1,1,9303.36,,,0.0031,24.7349,34.8535,292.4,0,,,True,SINGLE_READING;,8,day8,MATCHED_ID_TIEBREAK,D8:wor:L12-13,L12-13,L12-13,results.zip/day8.xlsx,workbook,12.3809,7.0625,1-462,True,24.7348,34.8535,310.224,,0,310.224,0.15,9945.67,36983.9,False,9341.74,0.0535866,INTERPOLATED,354,421,-38.3737,0.0536762,0
400,CG6-0313,2026-01-23,12,14,field,CG6-0313|2026-01-23|L12|S14,2026-01-23 10:33:54,2026-01-23 10:33:54,2026-01-23 10:33:54.000000,1,1,9303.63,,,0.0031,24.7338,34.8555,297.4,0,,,True,SINGLE_READING;,8,day8,MATCHED,D8:wor:L12-14,L12-14,L12-14,results.zip/day8.xlsx,workbook,10.4137,29.1566,1-461,True,24.7337,34.8554,307.708,,0,307.708,0.15,9858.63,37093.1,False,9341.73,0.053588,INTERPOLATED,354,421,-38.1055,0.0536776,0
401,CG6-0313,2026-01-23,12,15,field,CG6-0313|2026-01-23|L12|S15,2026-01-23 10:37:26,2026-01-23 10:37:26,2026-01-23 10:37:26.000000,1,1,9304.24,,,0.0018,24.7336,34.8572,298.2,0,,,True,SINGLE_READING;,8,day8,MATCHED,D8:wor:L12-15,L12-15,L12-15,results.zip/day8.xlsx,workbook,8.37184,50.0956,1-460,True,24.7336,34.8572,305.06,,0,305.06,0.15,9727.87,37100,False,9341.73,0.0535901,INTERPOLATED,354,421,-37.4918,0.0536203,0
402,CG6-0313,2026-01-23,12,16,field,CG6-0313|2026-01-23|L12|S16,2026-01-23 10:40:52,2026-01-23 10:40:52,2026-01-23 10:40:52.000000,1,1,9305.14,,,0.0018,24.7351,34.8585,294.1,0,,,True,SINGLE_READING;,8,day8,MATCHED,D8:wor:L12-16,L12-16,L12-16,results.zip/day8.xlsx,workbook,7.62469,141.78,L12-17,True,24.7351,34.8585,302.418,,0,302.418,0.15,9525.78,36926.7,False,9341.73,0.0535924,INTERPOLATED,354,421,-36.5905,0.0536226,0
403,CG6-0313,2026-01-23,12,17,field,CG6-0313|2026-01-23|L12|S17,2026-01-23 10:43:47,2026-01-23 10:43:47,2026-01-23 10:43:47.000000,1,1,9305.57,,,0.003,24.7355,34.8598,297.6,0,,,True,SINGLE_READING;,8,day8,MATCHED,D8:wor:L12-17,L12-17,L12-17,results.zip/day8.xlsx,workbook,5.69245,146.252,L12-16,True,24.7354,34.8598,300.463,,0,300.463,0.15,9391.65,36879.7,False,9341.73,0.0535946,INTERPOLATED,354,421,-36.1559,0.0536785,0
404,CG6-0313,2026-01-23,12,18,field,CG6-0313|2026-01-23|L12|S18,2026-01-23 10:46:47,2026-01-23 10:46:47,2026-01-23 10:46:47.000000,1,1,9305.94,,,0.0031,24.7347,34.8618,293.9,0,,,True,SINGLE_READING;,8,day8,MATCHED,D8:wor:L12-18,L12-18,L12-18,results.zip/day8.xlsx,workbook,6.81769,158.518,L12-19,True,24.7347,34.8618,297.959,,0,297.959,0.15,9289.09,36954.8,False,9341.73,0.0535971,INTERPOLATED,354,421,-35.7879,0.0536867,0
405,CG6-0313,2026-01-23,12,19,field,CG6-0313|2026-01-23|L12|S19,2026-01-23 10:50:18,2026-01-23 10:50:18,2026-01-23 10:50:18.000000,1,1,9306.67,,,0.0022,24.7362,34.862,293.4,0,,,True,SINGLE_READING;,8,day8,MATCHED,D8:wor:L12-19,L12-19,L12-19,results.zip/day8.xlsx,workbook,4.67598,164.628,L12-20,True,24.7361,34.862,295.609,,0,295.609,0.15,9168.94,36793.2,False,9341.73,0.0536003,INTERPOLATED,354,421,-35.0608,0.0536454,0
406,CG6-0313,2026-01-23,12,20,field,CG6-0313|2026-01-23|L12|S20,2026-01-23 10:53:31,2026-01-23 10:53:31,2026-01-23 10:53:31.000000,1,1,9307.36,,,0.002,24.7377,34.8619,288.4,0,,,True,SINGLE_READING;,8,day8,MATCHED,D8:wor:L12-20,L12-20,L12-20,results.zip/day8.xlsx,workbook,5.47103,174.698,L12-19,True,24.7376,34.8619,293.671,,0,293.671,0.15,9079.65,36624.9,False,9341.72,0.0536035,INTERPOLATED,354,421,-34.3659,0.0536408,0
407,CG6-0313,2026-01-23,12,21,field,CG6-0313|2026-01-23|L12|S21,2026-01-23 10:57:25,2026-01-23 10:57:25,2026-01-23 10:57:25.000000,1,1,9308.32,,,0.0021,24.7386,34.8633,272.4,0,,,True,SINGLE_READING;,8,day8,MATCHED,D8:wor:L12-21,L12-21,L12-21,results.zip/day8.xlsx,workbook,3.75403,181.655,L12-20,True,24.7386,34.8633,290.838,,0,290.838,0.15,8900.53,36515.6,False,9341.72,0.0536077,INTERPOLATED,354,421,-33.4021,0.0536488,0
408,CG6-0313,2026-01-23,12,22,field,CG6-0313|2026-01-23|L12|S22,2026-01-23 11:02:01,2026-01-23 11:02:01,2026-01-23 11:02:01.000000,1,1,9309.09,,,0.0034,24.7384,34.8651,274.3,0,,,True,SINGLE_READING;,8,day8,MATCHED,D8:wor:L12-22,L12-22,L12-22,results.zip/day8.xlsx,workbook,5.62093,176.861,L12-23,True,24.7383,34.8651,287.45,,0,287.45,0.15,8771.61,36535.4,False,9341.72,0.0536132,INTERPOLATED,354,421,-32.6347,0.0537209,0
409,CG6-0313,2026-01-23,12,23,field,CG6-0313|2026-01-23|L12|S23,2026-01-23 11:05:25,2026-01-23 11:05:25,2026-01-23 11:05:25.000000,1,1,9309.88,,,0.0023,24.7385,34.8669,264.8,0,,,True,SINGLE_READING;,8,day8,MATCHED,D8:wor:L12-23,L12-23,L12-23,results.zip/day8.xlsx,workbook,5.51679,182.502,L12-22,True,24.7385,34.8669,284.878,,0,284.878,0.15,8620.06,36515.1,False,9341.72,0.0536176,INTERPOLATED,354,421,-31.8412,0.0536669,0
410,CG6-0313,2026-01-23,12,24,field,CG6-0313|2026-01-23|L12|S24,2026-01-23 11:08:45,2026-01-23 11:08:45,2026-01-23 11:08:45.000000,1,1,9310.75,,,0.0024,24.7393,34.8689,268.6,0,,,True,SINGLE_READING;,8,day8,MATCHED,D8:wor:L12-24,L12-24,L12-24,results.zip/day8.xlsx,workbook,9.67345,159.34,L12-25,True,24.7393,34.8689,282.179,,0,282.179,0.15,8409.01,36418.6,False,9341.72,0.0536221,INTERPOLATED,354,421,-30.9671,0.0536758,0
411,CG6-0313,2026-01-23,12,25,field,CG6-0313|2026-01-23|L12|S25,2026-01-23 11:15:07,2026-01-23 11:15:07,2026-01-23 11:15:07.000000,1,1,9311.39,,,0.0023,24.7395,34.8705,270.8,0,,,True,SINGLE_READING;,8,day8,MATCHED,D8:wor:L12-25,L12-25,L12-25,results.zip/day8.xlsx,workbook,7.50496,167.869,L12-24,True,24.7394,34.8704,280.28,,0,280.28,0.15,8273.24,36401.9,False,9341.71,0.0536316,INTERPOLATED,354,421,-30.3211,0.0536809,0
412,CG6-0313,2026-01-23,12,26,field,CG6-0313|2026-01-23|L12|S26,2026-01-23 11:18:34,2026-01-23 11:18:34,2026-01-23 11:18:34.000000,1,1,9312.39,,,0.0028,24.7391,34.8727,272.7,0,,,True,SINGLE_READING;,8,day8,MATCHED,D8:wor:L12-26,L12-26,L12-26,results.zip/day8.xlsx,workbook,4.82405,191.754,L12-27,True,24.739,34.8727,277.38,,0,277.38,0.15,8128.72,36440.5,False,9341.71,0.0536372,INTERPOLATED,354,421,-29.3204,0.0537102,0
413,CG6-0313,2026-01-23,12,27,field,CG6-0313|2026-01-23|L12|S27,2026-01-23 11:21:55,2026-01-23 11:21:55,2026-01-23 11:21:55.000000,1,1,9313.55,,,0.002,24.7405,34.8739,270,0,,,True,SINGLE_READING;,8,day8,MATCHED,D8:wor:L12-27,L12-27,L12-27,results.zip/day8.xlsx,workbook,2.41407,194.537,L12-28,True,24.7405,34.8739,274.537,,0,274.537,0.15,7940.27,36283,False,9341.71,0.0536429,INTERPOLATED,354,421,-28.1649,0.0536801,0
414,CG6-0313,2026-01-23,12,28,field,CG6-0313|2026-01-23|L12|S28,2026-01-23 11:25:52,2026-01-23 11:25:52,2026-01-23 11:25:52.000000,1,1,9314.27,,,0.0028,24.7422,34.874,262.9,0,,,True,SINGLE_READING;,8,day8,MATCHED,D8:wor:L12-28,L12-28,L12-28,results.zip/day8.xlsx,workbook,3.10494,200.024,L12-27,True,24.7422,34.874,272.333,,0,272.333,0.15,7803.15,36085.7,False,9341.71,0.0536499,INTERPOLATED,354,421,-27.4395,0.053723,0
415,CG6-0313,2026-01-23,12,29,field,CG6-0313|2026-01-23|L12|S29,2026-01-23 11:33:23,2026-01-23 11:33:23,2026-01-23 11:33:23.000000,1,1,9315.08,,,0.0053,24.744,34.8734,260.2,0,,,True,SINGLE_READING;,8,day8,MATCHED,D8:wor:L12-29,L12-29,L12-29,results.zip/day8.xlsx,workbook,3.83118,167.523,L12-30,True,24.744,34.8734,269.917,,0,269.917,0.15,7723.22,35888.7,False,9341.71,0.0536645,INTERPOLATED,354,421,-26.6267,0.0539255,0
416,CG6-0313,2026-01-23,12,30,field,CG6-0313|2026-01-23|L12|S30,2026-01-23 11:36:41,2026-01-23 11:36:41,2026-01-23 11:36:41.000000,1,1,9316.17,,,0.0029,24.7449,34.8748,252.4,0,,,True,SINGLE_READING;,8,day8,MATCHED,D8:wor:L12-30,L12-30,L12-30,results.zip/day8.xlsx,workbook,3.20114,174.114,L12-29,True,24.7449,34.8748,266.474,,0,266.474,0.15,7553.02,35789.3,False,9341.7,0.0536713,INTERPOLATED,354,421,-25.5322,0.0537496,0
417,CG6-0313,2026-01-23,12,31,field,CG6-0313|2026-01-23|L12|S31,2026-01-23 11:40:08,2026-01-23 11:40:08,2026-01-23 11:40:08.000000,1,1,9316.79,,,0.003,24.7445,34.8767,244.5,0,,,True,SINGLE_READING;,8,day8,MATCHED,D8:wor:L12-31,L12-31,L12-31,results.zip/day8.xlsx,workbook,8.22402,193.552,L12-30,True,24.7444,34.8766,263.526,,0,263.526,0.15,7439.07,35838.6,False,9341.7,0.0536787,INTERPOLATED,354,421,-24.9102,0.0537625,0
418,CG6-0313,2026-01-23,12,32,field,CG6-0313|2026-01-23|L12|S32,2026-01-23 11:43:48,2026-01-23 11:43:48,2026-01-23 11:43:48.000000,1,1,9317.21,,,0.0027,24.7433,34.8783,241.4,0,,,True,SINGLE_READING;,8,day8,MATCHED,D8:wor:L12-32,L12-32,L12-32,results.zip/day8.xlsx,workbook,2.5497,181.604,L12-33,True,24.7433,34.8783,261.052,,0,261.052,0.15,7397.01,35966.8,False,9341.7,0.0536869,INTERPOLATED,354,421,-24.4914,0.0537547,0
419,CG6-0313,2026-01-23,12,33,field,CG6-0313|2026-01-23|L12|S33,2026-01-23 11:47:20,2026-01-23 11:47:20,2026-01-23 11:47:20.000000,1,1,9317.99,,,0.0024,24.7433,34.8801,246.6,0,,,True,SINGLE_READING;,8,day8,MATCHED,D8:wor:L12-33,L12-33,L12-33,results.zip/day8.xlsx,workbook,4.04944,185.421,L12-32,True,24.7433,34.8801,258.47,,0,258.47,0.15,7258.99,35968.2,False,9341.7,0.0536951,INTERPOLATED,354,421,-23.7046,0.0537487,0
420,CG6-0313,2026-01-23,12,34,field,CG6-0313|2026-01-23|L12|S34,2026-01-23 11:51:12,2026-01-23 11:51:12,2026-01-23 11:51:12.000000,1,1,9318.73,,,0.0044,24.7444,34.8816,239,0,,,True,SINGLE_READING;,8,day8,MATCHED,D8:wor:L12-34,L12-34,L12-34,results.zip/day8.xlsx,workbook,4.84613,198.779,L12-33,True,24.7444,34.8816,256.095,,0,256.095,0.15,7064.32,35845.5,False,9341.7,0.0537045,INTERPOLATED,354,421,-22.9702,0.0538844,0
421,CG6-0313,2026-01-23,0,100,field_base_100,CG6-0313|2026-01-23|L0|S100,2026-01-23 12:37:45,2026-01-23 12:40:45,2026-01-23 12:39:15.000000,4,4,9341.67,0.0367608,0.00850334,0.00850334,24.7869,34.9338,83.45,1.91221,,TILT_GT_20,True,,8,day8,MATCHED,D8:wor:Base100,Base100,Base100,results.zip/day8.xlsx,workbook,15.6667,,,True,24.7867,34.9338,111.77,,0,111.77,0.15,15.6431,31633.3,True,9341.67,0.00850334,AT_CONTROL,421,421,0,0.0120255,0
422,CG6-0313,2026-01-23,13,1,field,CG6-0313|2026-01-23|L13|S1,2026-01-23 13:22:38,2026-01-23 13:22:38,2026-01-23 13:22:38.000000,1,1,9349.26,,,0.0022,24.8021,34.9531,55,0,,,True,SINGLE_READING;,8,day8,MATCHED,D8:wor:L13-1,L13-1,L13-1,results.zip/day8.xlsx,workbook,5.77643,192.177,L13-2,True,24.802,34.9531,71.297,,0,71.297,0.15,2589.31,30401.3,False,9341.68,0.0535613,INTERPOLATED,421,446,7.57831,0.0536065,0
423,CG6-0313,2026-01-23,13,2,field,CG6-0313|2026-01-23|L13|S2,2026-01-23 13:26:55,2026-01-23 13:26:55,2026-01-23 13:26:55.000000,1,1,9348.17,,,0.0029,24.8033,34.9517,56.5,0,,,True,SINGLE_READING;,8,day8,MATCHED,D8:wor:L13-2,L13-2,L13-2,results.zip/day8.xlsx,workbook,3.89754,193.821,L13-1,True,24.8033,34.9517,76.861,,0,76.861,0.15,2583.82,30235.6,False,9341.69,0.0535379,INTERPOLATED,421,446,6.48095,0.0536164,0
424,CG6-0313,2026-01-23,13,3,field,CG6-0313|2026-01-23|L13|S3,2026-01-23 13:30:26,2026-01-23 13:30:26,2026-01-23 13:30:26.000000,1,1,9346.94,,,0.0039,24.8047,34.9505,59.4,0,,,True,SINGLE_READING;,8,day8,MATCHED,D8:wor:L13-3,L13-3,L13-3,results.zip/day8.xlsx,workbook,1.59755,194.011,L13-4,True,24.8046,34.9505,82.396,,0,82.396,0.15,2611.23,30054.7,False,9341.69,0.0535194,INTERPOLATED,421,446,5.25845,0.0536613,0
425,CG6-0313,2026-01-23,13,4,field,CG6-0313|2026-01-23|L13|S4,2026-01-23 13:33:39,2026-01-23 13:33:39,2026-01-23 13:33:39.000000,1,1,9346.01,,,0.0022,24.8061,34.9493,69.4,0,,,True,SINGLE_READING;,8,day8,MATCHED,D8:wor:L13-4,L13-4,L13-4,results.zip/day8.xlsx,workbook,2.65091,185.41,L13-5,True,24.806,34.9493,87.243,,0,87.243,0.15,2661.06,29876.4,False,9341.69,0.0535031,INTERPOLATED,421,446,4.32322,0.0535483,0
426,CG6-0313,2026-01-23,13,5,field,CG6-0313|2026-01-23|L13|S5,2026-01-23 13:36:42,2026-01-23 13:36:42,2026-01-23 13:36:42.000000,1,1,9344.91,,,0.0018,24.8076,34.9485,77,0,,,True,SINGLE_READING;,8,day8,MATCHED,D8:wor:L13-5,L13-5,L13-5,results.zip/day8.xlsx,workbook,4.19806,188.092,L13-4,True,24.8076,34.9485,92.495,,0,92.495,0.15,2755.73,29691.9,False,9341.69,0.053488,INTERPOLATED,421,446,3.22373,0.0535183,0
427,CG6-0313,2026-01-23,13,6,field,CG6-0313|2026-01-23|L13|S6,2026-01-23 13:40:18,2026-01-23 13:40:18,2026-01-23 13:40:18.000000,1,1,9343.4,,,0.0023,24.8085,34.9468,78.9,0,,,True,SINGLE_READING;,8,day8,MATCHED,D8:wor:L13-6,L13-6,L13-6,results.zip/day8.xlsx,workbook,2.81572,188.334,L13-7,True,24.8085,34.9468,98.736,,0,98.736,0.15,2752.41,29555.7,False,9341.69,0.0534709,INTERPOLATED,421,446,1.70701,0.0535204,0
428,CG6-0313,2026-01-23,13,7,field,CG6-0313|2026-01-23|L13|S7,2026-01-23 13:43:50,2026-01-23 13:43:50,2026-01-23 13:43:50.000000,1,1,9342.22,,,0.0024,24.8093,34.9452,84.4,0,,,True,SINGLE_READING;,8,day8,MATCHED,D8:wor:L13-7,L13-7,L13-7,results.zip/day8.xlsx,workbook,2.87915,187.948,L13-6,True,24.8093,34.9452,104.556,,0,104.556,0.15,2762.87,29425.5,False,9341.69,0.0534548,INTERPOLATED,421,446,0.527864,0.0535087,0
429,CG6-0313,2026-01-23,13,8,field,CG6-0313|2026-01-23|L13|S8,2026-01-23 13:47:31,2026-01-23 13:47:31,2026-01-23 13:47:31.000000,1,1,9340.98,,,0.002,24.8112,34.9445,88.9,0,,,True,SINGLE_READING;,8,day8,MATCHED,D8:wor:L13-8,L13-8,L13-8,results.zip/day8.xlsx,workbook,9.71249,186.722,L13-9,True,24.8111,34.9445,110.786,,0,110.786,0.15,2922.49,29207.4,False,9341.69,0.0534387,INTERPOLATED,421,446,-0.705931,0.0534761,0
430,CG6-0313,2026-01-23,13,9,field,CG6-0313|2026-01-23|L13|S9,2026-01-23 13:51:25,2026-01-23 13:51:25,2026-01-23 13:51:25.000000,1,1,9339.64,,,0.0039,24.8124,34.9431,100.6,0,,,True,SINGLE_READING;,8,day8,MATCHED,D8:wor:L13-9,L13-9,L13-9,results.zip/day8.xlsx,workbook,5.33698,198.759,L13-8,True,24.8123,34.9431,116.353,,0,116.353,0.15,3003.74,29044.4,False,9341.69,0.0534224,INTERPOLATED,421,446,-2.04731,0.0535645,0
431,CG6-0313,2026-01-23,13,10,field,CG6-0313|2026-01-23|L13|S10,2026-01-23 13:54:52,2026-01-23 13:54:52,2026-01-23 13:54:52.000000,1,1,9338.34,,,0.0018,24.8138,34.9417,106.4,0,,,True,SINGLE_READING;,8,day8,MATCHED,D8:wor:L13-10,L13-10,L13-10,results.zip/day8.xlsx,workbook,6.01285,189.924,L13-11,True,24.8137,34.9417,122.142,,0,122.142,0.15,3109.11,28864.9,False,9341.69,0.0534086,INTERPOLATED,421,446,-3.3505,0.0534389,0
432,CG6-0313,2026-01-23,13,11,field,CG6-0313|2026-01-23|L13|S11,2026-01-23 13:57:58,2026-01-23 13:57:58,2026-01-23 13:57:58.000000,1,1,9337.08,,,0.0028,24.8151,34.9405,112.1,0,,,True,SINGLE_READING;,8,day8,MATCHED,D8:wor:L13-11,L13-11,L13-11,results.zip/day8.xlsx,workbook,6.87255,192.186,L13-12,True,24.815,34.9405,127.431,,0,127.431,0.15,3222.73,28692.3,False,9341.69,0.0533967,INTERPOLATED,421,446,-4.61223,0.0534701,0
433,CG6-0313,2026-01-23,13,12,field,CG6-0313|2026-01-23|L13|S12,2026-01-23 14:00:56,2026-01-23 14:00:56,2026-01-23 14:00:56.000000,1,1,9335.79,,,0.0023,24.8162,34.9389,120.7,0,,,True,SINGLE_READING;,8,day8,MATCHED,D8:wor:L13-12,L13-12,L13-12,results.zip/day8.xlsx,workbook,6.46584,203.601,L13-11,True,24.8161,34.9389,132.432,,0,132.432,0.15,3313.44,28539.4,False,9341.69,0.0533859,INTERPOLATED,421,446,-5.90422,0.0534354,0
434,CG6-0313,2026-01-23,13,13,field,CG6-0313|2026-01-23|L13|S13,2026-01-23 14:04:20,2026-01-23 14:04:20,2026-01-23 14:04:20.000000,1,1,9334.7,,,0.0034,24.8174,34.9373,127.9,0,,,True,SINGLE_READING;,8,day8,MATCHED,D8:wor:L13-13,L13-13,L13-13,results.zip/day8.xlsx,workbook,6.3232,195.158,L13-14,True,24.8173,34.9373,138.69,,0,138.69,0.15,3421.38,28376.8,False,9341.69,0.053374,INTERPOLATED,421,446,-6.99902,0.0534822,0
435,CG6-0313,2026-01-23,13,14,field,CG6-0313|2026-01-23|L13|S14,2026-01-23 14:07:41,2026-01-23 14:07:41,2026-01-23 14:07:41.000000,1,1,9333.48,,,0.0033,24.8186,34.9358,131.9,0,,,True,SINGLE_READING;,8,day8,MATCHED,D8:wor:L13-14,L13-14,L13-14,results.zip/day8.xlsx,workbook,6.75411,98.6147,L13-15,True,24.8185,34.9358,144.299,,0,144.299,0.15,3544.01,28213.5,False,9341.7,0.0533629,INTERPOLATED,421,446,-8.21134,0.0534648,0
436,CG6-0313,2026-01-23,13,15,field,CG6-0313|2026-01-23|L13|S15,2026-01-23 14:11:23,2026-01-23 14:11:23,2026-01-23 14:11:23.000000,1,1,9332.93,,,0.0022,24.819,34.9349,131.2,0,,,True,SINGLE_READING;,8,day8,MATCHED,D8:wor:L13-15,L13-15,L13-15,results.zip/day8.xlsx,workbook,7.28377,107.263,L13-14,True,24.8189,34.9349,147.795,,0,147.795,0.15,3583.74,28151.5,False,9341.7,0.0533513,INTERPOLATED,421,446,-8.76233,0.0533966,0
437,CG6-0313,2026-01-23,14,1,field,CG6-0313|2026-01-23|L14|S1,2026-01-23 14:31:02,2026-01-23 14:31:02,2026-01-23 14:31:02.000000,1,0,,,,,24.8071,34.9721,28.3,0,GROSS_RANGE_GT_500,,False,NO_ACCEPTED_READING;,8,day8,MATCHED,D8:wor:L14-1,L14-1,L14-1,results.zip/day8.xlsx,workbook,6.13273,150.348,1-502,True,24.8071,34.9721,47.783,,0,47.783,0.15,4484.54,30399.5,False,9341.7,0.0533016,INTERPOLATED,421,446,,,0
438,CG6-0313,2026-01-23,14,2,field,CG6-0313|2026-01-23|L14|S2,2026-01-23 14:37:47,2026-01-23 14:37:47,2026-01-23 14:37:47.000000,1,1,9352.64,,,0.0034,24.8059,34.9731,47.2,0,,,True,SINGLE_READING;,8,day8,MATCHED,D8:wor:L14-2,L14-2,L14-2,results.zip/day8.xlsx,workbook,5.29805,36.6171,1-502,True,24.8059,34.9731,54.987,,0,54.987,0.15,4506.34,30557.2,False,9341.7,0.0532892,INTERPOLATED,421,446,10.9347,0.0533976,0
439,CG6-0313,2026-01-23,14,3,field,CG6-0313|2026-01-23|L14|S3,2026-01-23 14:41:05,2026-01-23 14:41:05,2026-01-23 14:41:05.000000,1,1,9351.29,,,0.0025,24.8044,34.9739,52.4,0,,,True,SINGLE_READING;,8,day8,MATCHED,D8:wor:L14-3,L14-3,L14-3,results.zip/day8.xlsx,workbook,3.16364,22.2039,1-503,True,24.8044,34.9739,61.264,,0,61.264,0.15,4499.66,30740.9,False,9341.7,0.053284,INTERPOLATED,421,446,9.58411,0.0533426,0
440,CG6-0313,2026-01-23,14,4,field,CG6-0313|2026-01-23|L14|S4,2026-01-23 14:44:26,2026-01-23 14:44:26,2026-01-23 14:44:26.000000,1,1,9349.94,,,0.0022,24.8029,34.975,55.4,0,,,True,SINGLE_READING;,8,day8,MATCHED,D8:wor:L14-4,L14-4,L14-4,results.zip/day8.xlsx,workbook,7.07572,18.5439,1-504,True,24.8029,34.975,68.389,,0,68.389,0.15,4535.95,30936.7,False,9341.7,0.0532794,INTERPOLATED,421,446,8.23386,0.0533248,0
441,CG6-0313,2026-01-23,14,5,field,CG6-0313|2026-01-23|L14|S5,2026-01-23 14:48:04,2026-01-23 14:48:04,2026-01-23 14:48:04.000000,1,1,9348.76,,,0.0029,24.8016,34.976,57.7,0,,,True,SINGLE_READING;,8,day8,MATCHED,D8:wor:L14-5,L14-5,L14-5,results.zip/day8.xlsx,workbook,4.534,93.8717,1-505,True,24.8015,34.976,74.089,,0,74.089,0.15,4569.34,31108.8,False,9341.71,0.0532749,INTERPOLATED,421,446,7.05766,0.0533538,0
442,CG6-0313,2026-01-23,14,6,field,CG6-0313|2026-01-23|L14|S6,2026-01-23 14:53:18,2026-01-23 14:53:18,2026-01-23 14:53:18.000000,1,1,9347.63,,,0.0023,24.7998,34.977,60.2,0,,,True,SINGLE_READING;,8,day8,MATCHED,D8:wor:L14-6,L14-6,L14-6,results.zip/day8.xlsx,workbook,8.20776,126.071,1-505,True,24.7998,34.9769,80.467,,0,80.467,0.15,4596.32,31325.8,False,9341.71,0.0532698,INTERPOLATED,421,446,5.91878,0.0533194,0
443,CG6-0313,2026-01-23,14,7,field,CG6-0313|2026-01-23|L14|S7,2026-01-23 14:56:58,2026-01-23 14:56:58,2026-01-23 14:56:58.000000,1,1,9346.43,,,0.0027,24.7983,34.9777,59.7,0,,,True,SINGLE_READING;,8,day8,MATCHED,D8:wor:L14-7,L14-7,L14-7,results.zip/day8.xlsx,workbook,2.52457,52.6287,1-506,True,24.7982,34.9777,86.311,,0,86.311,0.15,4618,31513.4,False,9341.71,0.053267,INTERPOLATED,421,446,4.72238,0.0533354,0
444,CG6-0313,2026-01-23,14,8,field,CG6-0313|2026-01-23|L14|S8,2026-01-23 15:00:31,2026-01-23 15:00:31,2026-01-23 15:00:31.000000,1,1,9345.73,,,0.0036,24.7969,34.9787,67.4,0,,,True,SINGLE_READING;,8,day8,MATCHED_ID_TIEBREAK,D8:wor:L14-8,L14-8,L14-8,results.zip/day8.xlsx,workbook,8.70257,10.5952,1-507,True,24.7969,34.9787,92.517,,0,92.517,0.15,4680.8,31688.3,False,9341.71,0.0532651,INTERPOLATED,421,446,4.01654,0.0533866,0
445,CG6-0313,2026-01-23,14,9,field,CG6-0313|2026-01-23|L14|S9,2026-01-23 15:04:00,2026-01-23 15:04:00,2026-01-23 15:04:00.000000,1,0,,,,,24.7963,34.9802,77.5,0,FROZEN_SENSOR_OUTPUT,,False,NO_ACCEPTED_READING;,8,day8,MATCHED_ID_TIEBREAK,D8:wor:L14-9,L14-9,L14-9,results.zip/day8.xlsx,workbook,11.5512,13.4229,1-508,True,24.7962,34.9802,99.063,,0,99.063,0.15,4810,31806.4,False,9341.71,0.0532638,INTERPOLATED,421,446,,,0
446,CG6-0313,2026-01-23,0,100,field_base_100,CG6-0313|2026-01-23|L0|S100,2026-01-23 15:30:01,2026-01-23 15:33:01,2026-01-23 15:31:31.000000,4,4,9341.72,0.0153939,0.00326287,0.00326287,24.7869,34.9338,94.6,0,,,True,,8,day8,MATCHED,D8:wor:Base100,Base100,Base100,results.zip/day8.xlsx,workbook,12.1792,,,True,24.7867,34.9338,111.77,,0,111.77,0.15,12.1561,31634.7,True,9341.72,0.00326287,AT_CONTROL,446,446,0,0.0046144,0
447,CG6-0313,2026-01-23,0,0,hotel_base_0,CG6-0313|2026-01-23|L0|S0,2026-01-23 18:00:21,2026-01-23 18:03:21,2026-01-23 18:01:51.000000,4,4,9406.87,0.0253176,0.00566247,0.00566247,25.0668,34.8776,40.4,0,,,True,,8,day8,MATCHED,D8:wor:Base 0,Base 0,Base 0,results.zip/day8.xlsx,workbook,12.2487,,,True,25.0668,34.8777,36.51,,0,36.51,0.15,31656.5,12.2364,True,9341.55,0.0869775,AT_CONTROL,447,447,65.3243,0.0871616,0
448,CG6-0313,2026-01-24,0,0,hotel_base_0,CG6-0313|2026-01-24|L0|S0,2026-01-24 04:59:24,2026-01-24 05:02:24,2026-01-24 05:00:54.000000,4,4,9406.89,0.0399419,0.0093933,0.0093933,25.0668,34.8776,22.2,0,,,True,,9,day9,MATCHED,D9:wor:BASE24-01-2026,BASE24-01-2026,BASE24-01-2026,results.zip/day9.xlsx,workbook,2.80292,,,True,25.0668,34.8777,36.501,,0,36.501,0.15,31648.1,2.83152,True,9341.57,0.0872998,AT_CONTROL,448,448,65.3243,0.0878037,0
449,CG6-0313,2026-01-24,0,100,field_base_100,CG6-0313|2026-01-24|L0|S100,2026-01-24 06:42:36,2026-01-24 06:45:36,2026-01-24 06:44:06.000000,4,4,9341.53,0.0211964,0.00469277,0.00469277,24.7867,34.9337,107.1,0,,,True,,9,day9,MATCHED,D9:kml:Base 100,Base 100,Base 100,results.zip/day9.kml,kml_only,3.34099,,,True,24.7867,34.9338,111.811,,0,111.811,0.15,3.31423,31645.6,True,9341.53,0.00469277,AT_CONTROL,449,449,0,0.00663657,0
450,CG6-0313,2026-01-24,15,1,field,CG6-0313|2026-01-24|L15|S1,2026-01-24 09:08:09,2026-01-24 09:08:09,2026-01-24 09:08:09.000000,1,1,9309.42,,,0.0035,24.6894,34.8927,245.5,0,,,True,SINGLE_READING;,9,day9,MATCHED,D9:wor:L15-1,L15-1,L15-1,results.zip/day9.xlsx,workbook,6.76259,205.375,L15-2,True,24.6893,34.8927,242.249,,0,242.249,0.15,11593.7,41988.7,False,9341.47,0.0533272,INTERPOLATED,449,491,-32.0496,0.053442,0
451,CG6-0313,2026-01-24,15,2,field,CG6-0313|2026-01-24|L15|S2,2026-01-24 09:32:18,2026-01-24 09:32:18,2026-01-24 09:32:18.000000,1,1,9308.61,,,0.0038,24.6886,34.8908,231.6,0,,,True,SINGLE_READING;,9,day9,MATCHED,D9:wor:L15-2,L15-2,L15-2,results.zip/day9.xlsx,workbook,5.56755,202.848,L15-1,True,24.6885,34.8909,244.508,,0,244.508,0.15,11743.5,42071.5,False,9341.46,0.0533384,INTERPOLATED,449,491,-32.8444,0.0534736,0
452,CG6-0313,2026-01-24,15,3,field,CG6-0313|2026-01-24|L15|S3,2026-01-24 09:36:22,2026-01-24 09:36:22,2026-01-24 09:36:22.000000,1,1,9307.94,,,0.0041,24.688,34.8889,235.2,0,,,True,SINGLE_READING;,9,day9,MATCHED,D9:wor:L15-3,L15-3,L15-3,results.zip/day9.xlsx,workbook,8.29758,203.096,L15-2,True,24.688,34.8889,247.329,,0,247.329,0.15,11872.5,42126.7,False,9341.46,0.0533409,INTERPOLATED,449,491,-33.5198,0.0534982,0
453,CG6-0313,2026-01-24,15,4,field,CG6-0313|2026-01-24|L15|S4,2026-01-24 09:39:54,2026-01-24 09:39:54,2026-01-24 09:39:54.000000,1,1,9307.28,,,0.0044,24.688,34.8869,235.8,0,,,True,SINGLE_READING;,9,day9,MATCHED,D9:wor:L15-4,L15-4,L15-4,results.zip/day9.xlsx,workbook,8.82659,183.087,L15-5,True,24.6879,34.8869,249.233,,0,249.233,0.15,11958.5,42127.1,False,9341.45,0.0533432,INTERPOLATED,449,491,-34.1786,0.0535243,0
454,CG6-0313,2026-01-24,15,5,field,CG6-0313|2026-01-24|L15|S5,2026-01-24 09:43:41,2026-01-24 09:43:41,2026-01-24 09:43:41.000000,1,1,9306.81,,,0.0042,24.688,34.885,241.2,0,,,True,SINGLE_READING;,9,day9,MATCHED,D9:wor:L15-5,L15-5,L15-5,results.zip/day9.xlsx,workbook,8.25606,186.07,L15-4,True,24.6879,34.8851,251.188,,0,251.188,0.15,12036.3,42127.7,False,9341.45,0.0533457,INTERPOLATED,449,491,-34.6427,0.0535108,0
455,CG6-0313,2026-01-24,15,6,field,CG6-0313|2026-01-24|L15|S6,2026-01-24 09:46:35,2026-01-24 09:46:35,2026-01-24 09:46:35.000000,1,1,9305.95,,,0.0047,24.6879,34.8829,236,0,,,True,SINGLE_READING;,9,day9,MATCHED,D9:wor:L15-6,L15-6,L15-6,results.zip/day9.xlsx,workbook,8.60807,188.547,L15-7,True,24.6878,34.883,253.354,,0,253.354,0.15,12134.9,42135.5,False,9341.45,0.0533478,INTERPOLATED,449,491,-35.5061,0.0535544,0
456,CG6-0313,2026-01-24,15,7,field,CG6-0313|2026-01-24|L15|S7,2026-01-24 09:49:34,2026-01-24 09:49:34,2026-01-24 09:49:34.000000,1,1,9305.23,,,0.0039,24.6867,34.8816,234.7,0,,,True,SINGLE_READING;,9,day9,MATCHED,D9:wor:L15-7,L15-7,L15-7,results.zip/day9.xlsx,workbook,7.38774,172.342,L15-8,True,24.6867,34.8816,255.421,,0,255.421,0.15,12304.6,42259.5,False,9341.45,0.05335,INTERPOLATED,449,491,-36.2178,0.0534924,0
457,CG6-0313,2026-01-24,15,8,field,CG6-0313|2026-01-24|L15|S8,2026-01-24 09:52:20,2026-01-24 09:52:20,2026-01-24 09:52:20.000000,1,1,9304.47,,,0.006,24.686,34.8802,234.2,0,,,True,SINGLE_READING;,9,day9,MATCHED,D9:wor:L15-8,L15-8,L15-8,results.zip/day9.xlsx,workbook,8.39011,162.431,L15-7,True,24.686,34.8802,258.319,,0,258.319,0.15,12439,42336.4,False,9341.45,0.0533522,INTERPOLATED,449,491,-36.9789,0.0536885,0
458,CG6-0313,2026-01-24,15,9,field,CG6-0313|2026-01-24|L15|S9,2026-01-24 09:55:33,2026-01-24 09:55:33,2026-01-24 09:55:33.000000,1,1,9304.41,,,0.0043,24.687,34.8785,236.1,0,,,True,SINGLE_READING;,9,day9,MATCHED,D9:wor:L15-9,L15-9,L15-9,results.zip/day9.xlsx,workbook,9.10494,159.627,L15-10,True,24.687,34.8785,260.302,,0,260.302,0.15,12412.2,42223.8,False,9341.45,0.0533547,INTERPOLATED,449,491,-37.0339,0.0535277,0
459,CG6-0313,2026-01-24,15,10,field,CG6-0313|2026-01-24|L15|S10,2026-01-24 09:58:37,2026-01-24 09:58:37,2026-01-24 09:58:37.000000,1,1,9304.12,,,0.0039,24.6874,34.877,237.8,0,,,True,SINGLE_READING;,9,day9,MATCHED,D9:wor:L15-10,L15-10,L15-10,results.zip/day9.xlsx,workbook,8.80238,164.702,L15-9,True,24.6874,34.877,263.036,,0,263.036,0.15,12443.2,42179.8,False,9341.45,0.0533573,INTERPOLATED,449,491,-37.3224,0.0534996,0
460,CG6-0313,2026-01-24,15,11,field,CG6-0313|2026-01-24|L15|S11,2026-01-24 10:01:24,2026-01-24 10:01:24,2026-01-24 10:01:24.000000,1,1,9303.54,,,0.0041,24.6863,34.8753,245.3,0,,,True,SINGLE_READING;,9,day9,MATCHED,D9:wor:L15-11,L15-11,L15-11,results.zip/day9.xlsx,workbook,10.209,167.875,L15-12,True,24.6862,34.8753,265.172,,0,265.172,0.15,12633,42307.3,False,9341.45,0.0533597,INTERPOLATED,449,491,-37.9045,0.053517,0
461,CG6-0313,2026-01-24,15,12,field,CG6-0313|2026-01-24|L15|S12,2026-01-24 10:04:14,2026-01-24 10:04:14,2026-01-24 10:04:14.000000,1,1,9303.26,,,0.0052,24.686,34.8737,245.3,0,,,True,SINGLE_READING;,9,day9,MATCHED,D9:wor:L15-12,L15-12,L15-12,results.zip/day9.xlsx,workbook,11.1278,160.487,L15-11,True,24.6859,34.8737,267.316,,0,267.316,0.15,12734.1,42336.1,False,9341.44,0.0533622,INTERPOLATED,449,491,-38.1814,0.053615,0
462,CG6-0313,2026-01-24,15,13,field,CG6-0313|2026-01-24|L15|S13,2026-01-24 10:07:11,2026-01-24 10:07:11,2026-01-24 10:07:11.000000,1,1,9303.18,,,0.0036,24.6872,34.8721,254.5,0,,,True,SINGLE_READING;,9,day9,MATCHED,D9:wor:L15-13,L15-13,L15-13,results.zip/day9.xlsx,workbook,8.63999,173.11,L15-14,True,24.6871,34.8721,270.201,,0,270.201,0.15,12704.4,42212.7,False,9341.44,0.0533649,INTERPOLATED,449,491,-38.2653,0.0534862,0
463,CG6-0313,2026-01-24,15,14,field,CG6-0313|2026-01-24|L15|S14,2026-01-24 10:09:59,2026-01-24 10:09:59,2026-01-24 10:09:59.000000,1,1,9302.96,,,0.0044,24.688,34.8706,256.5,0,,,True,SINGLE_READING;,9,day9,MATCHED,D9:wor:L15-14,L15-14,L15-14,results.zip/day9.xlsx,workbook,8.09379,178.527,L15-13,True,24.6879,34.8706,272.917,,0,272.917,0.15,12697.9,42122.6,False,9341.44,0.0533676,INTERPOLATED,449,491,-38.4816,0.0535487,0
464,CG6-0313,2026-01-24,15,15,field,CG6-0313|2026-01-24|L15|S15,2026-01-24 10:12:41,2026-01-24 10:12:41,2026-01-24 10:12:41.000000,1,1,9302.68,,,0.004,24.6867,34.8694,262.5,0,,,True,SINGLE_READING;,9,day9,MATCHED,D9:wor:L15-15,L15-15,L15-15,results.zip/day9.xlsx,workbook,10.0425,174.672,L15-16,True,24.6866,34.8693,275.745,,0,275.745,0.15,12888.4,42271.5,False,9341.44,0.0533702,INTERPOLATED,449,491,-38.7563,0.0535199,0
465,CG6-0313,2026-01-24,15,16,field,CG6-0313|2026-01-24|L15|S16,2026-01-24 10:15:53,2026-01-24 10:15:53,2026-01-24 10:15:53.000000,1,1,9302.04,,,0.0056,24.6852,34.8691,259.1,0,,,True,SINGLE_READING;,9,day9,MATCHED,D9:wor:L15-16,L15-16,L15-16,results.zip/day9.xlsx,workbook,7.21941,158.496,L15-15,True,24.6851,34.869,278.434,,0,278.434,0.15,13045.9,42437.5,False,9341.44,0.0533735,INTERPOLATED,449,491,-39.4004,0.0536664,0
466,CG6-0313,2026-01-24,15,17,field,CG6-0313|2026-01-24|L15|S17,2026-01-24 10:19:12,2026-01-24 10:19:12,2026-01-24 10:19:12.000000,1,0,,,,,24.6852,34.8674,269.5,0,FROZEN_SENSOR_OUTPUT,,False,NO_ACCEPTED_READING;,9,day9,MATCHED,D9:wor:L15-17,L15-17,L15-17,results.zip/day9.xlsx,workbook,9.06459,169.198,L15-16,True,24.6852,34.8674,281.635,,0,281.635,0.15,13129,42436.4,False,9341.44,0.0533769,INTERPOLATED,449,491,,,0
467,CG6-0313,2026-01-24,15,18,field,CG6-0313|2026-01-24|L15|S18,2026-01-24 10:22:00,2026-01-24 10:22:00,2026-01-24 10:22:00.000000,1,0,,,,,24.686,34.8659,271.1,0,FROZEN_SENSOR_OUTPUT,,False,NO_ACCEPTED_READING;,9,day9,MATCHED,D9:wor:L15-18,L15-18,L15-18,results.zip/day9.xlsx,workbook,6.78403,176.513,L15-17,True,24.6859,34.8658,283.689,,0,283.689,0.15,13139.1,42360.5,False,9341.44,0.0533799,INTERPOLATED,449,491,,,0
468,CG6-0313,2026-01-24,15,19,field,CG6-0313|2026-01-24|L15|S19,2026-01-24 10:25:31,2026-01-24 10:25:31,2026-01-24 10:25:31.000000,1,1,9300.55,,,0.0045,24.6853,34.864,276.7,0,,,True,SINGLE_READING;,9,day9,MATCHED,D9:wor:L15-19,L15-19,L15-19,results.zip/day9.xlsx,workbook,10.0288,188.508,L15-20,True,24.6852,34.864,285.938,,0,285.938,0.15,13303.4,42443.3,False,9341.43,0.0533838,INTERPOLATED,449,491,-40.8889,0.0535731,0
469,CG6-0313,2026-01-24,15,20,field,CG6-0313|2026-01-24|L15|S20,2026-01-24 10:28:44,2026-01-24 10:28:44,2026-01-24 10:28:44.000000,1,1,9300.07,,,0.0045,24.6849,34.8622,274.8,0,,,True,SINGLE_READING;,9,day9,MATCHED,D9:wor:L15-20,L15-20,L15-20,results.zip/day9.xlsx,workbook,7.51209,182.305,L15-19,True,24.6848,34.8622,288.587,,0,288.587,0.15,13432.8,42488.8,False,9341.43,0.0533874,INTERPOLATED,449,491,-41.3637,0.0535768,0
470,CG6-0313,2026-01-24,15,21,field,CG6-0313|2026-01-24|L15|S21,2026-01-24 10:32:23,2026-01-24 10:32:23,2026-01-24 10:32:23.000000,1,1,9300.11,,,0.0057,24.6867,34.8617,273.4,0,,,True,SINGLE_READING;,9,day9,MATCHED,D9:wor:L15-21,L15-21,L15-21,results.zip/day9.xlsx,workbook,7.04997,156.769,L15-22,True,24.6866,34.8616,291.153,,0,291.153,0.15,13295,42291.6,False,9341.43,0.0533917,INTERPOLATED,449,491,-41.3233,0.0536951,0
471,CG6-0313,2026-01-24,15,22,field,CG6-0313|2026-01-24|L15|S22,2026-01-24 10:35:36,2026-01-24 10:35:36,2026-01-24 10:35:36.000000,1,1,9299.98,,,0.0047,24.6879,34.8626,280.2,0,,,True,SINGLE_READING;,9,day9,MATCHED,D9:wor:L15-22,L15-22,L15-22,results.zip/day9.xlsx,workbook,9.26633,172.746,L15-21,True,24.6878,34.8626,293.82,,0,293.82,0.15,13129.3,42152.4,False,9341.43,0.0533956,INTERPOLATED,449,491,-41.4499,0.053602,0
472,CG6-0313,2026-01-24,15,23,field,CG6-0313|2026-01-24|L15|S23,2026-01-24 10:38:33,2026-01-24 10:38:33,2026-01-24 10:38:33.000000,1,1,9299.9,,,0.0075,24.6895,34.8626,283.6,0,,STDDEV_GT_0.050,True,SINGLE_READING;,9,day9,MATCHED,D9:wor:L15-23,L15-23,L15-23,results.zip/day9.xlsx,workbook,3.34301,185.38,L15-22,True,24.6895,34.8626,296.417,,0,296.417,0.15,12985.2,41975.9,False,9341.43,0.0533992,INTERPOLATED,449,491,-41.5251,0.0539233,0
473,CG6-0313,2026-01-24,15,24,field,CG6-0313|2026-01-24|L15|S24,2026-01-24 10:42:18,2026-01-24 10:42:18,2026-01-24 10:42:18.000000,1,1,9299.78,,,0.004,24.6904,34.8608,286,0,,,True,SINGLE_READING;,9,day9,MATCHED,D9:wor:L15-24,L15-24,L15-24,results.zip/day9.xlsx,workbook,4.80433,195.454,L15-25,True,24.6903,34.8608,297.427,,0,297.427,0.15,13008,41888.9,False,9341.43,0.053404,INTERPOLATED,449,491,-41.6447,0.0535536,0
474,CG6-0313,2026-01-24,15,25,field,CG6-0313|2026-01-24|L15|S25,2026-01-24 10:45:47,2026-01-24 10:45:47,2026-01-24 10:45:47.000000,1,1,9299.42,,,0.005,24.6921,34.8602,287.4,0,,,True,SINGLE_READING;,9,day9,MATCHED,D9:wor:L15-25,L15-25,L15-25,results.zip/day9.xlsx,workbook,8.04495,191.601,L15-26,True,24.692,34.8602,301.914,,0,301.914,0.15,12879.5,41696.2,False,9341.43,0.0534085,INTERPOLATED,449,491,-42.0094,0.0536421,0
475,CG6-0313,2026-01-24,15,26,field,CG6-0313|2026-01-24|L15|S26,2026-01-24 10:48:50,2026-01-24 10:48:50,2026-01-24 10:48:50.000000,1,1,9299.25,,,0.0045,24.6936,34.8591,292.1,0,,,True,SINGLE_READING;,9,day9,MATCHED,D9:wor:L15-26,L15-26,L15-26,results.zip/day9.xlsx,workbook,11.6604,194.218,L15-27,True,24.6935,34.8591,304.128,,0,304.128,0.15,12806.7,41532.6,False,9341.42,0.0534126,INTERPOLATED,449,491,-42.1757,0.0536018,0
476,CG6-0313,2026-01-24,15,27,field,CG6-0313|2026-01-24|L15|S27,2026-01-24 10:52:17,2026-01-24 10:52:17,2026-01-24 10:52:17.000000,1,1,9298.84,,,0.0043,24.6948,34.8577,289.9,0,,,True,SINGLE_READING;,9,day9,MATCHED,D9:kml:L15-27,L15-27,L15-27,results.zip/day9.kml,kml_only,5.28435,201.735,L15-26,True,24.6948,34.8577,306.837,,0,306.837,0.15,12789,41410.8,False,9341.42,0.0534173,INTERPOLATED,449,491,-42.584,0.0535901,0
477,CG6-0313,2026-01-24,15,28,field,CG6-0313|2026-01-24|L15|S28,2026-01-24 10:55:20,2026-01-24 10:55:20,2026-01-24 10:55:20.000000,1,1,9298.38,,,0.0043,24.6956,34.8559,284.8,0,,,True,SINGLE_READING;,9,day9,MATCHED,D9:kml:L15-28,L15-28,L15-28,results.zip/day9.kml,kml_only,6.62333,203.81,L15-27,True,24.6955,34.8558,308.697,,0,308.697,0.15,12833.9,41334.2,False,9341.42,0.0534216,INTERPOLATED,449,491,-43.0442,0.0535944,0
478,CG6-0313,2026-01-24,15,29,field,CG6-0313|2026-01-24|L15|S29,2026-01-24 10:58:34,2026-01-24 10:58:34,2026-01-24 10:58:34.000000,1,1,9297.65,,,0.0053,24.696,34.8538,285.5,0,,,True,SINGLE_READING;,9,day9,MATCHED,D9:wor:L15-29,L15-29,L15-29,results.zip/day9.xlsx,workbook,6.20397,191.543,L15-30,True,24.696,34.8538,311.442,,0,311.442,0.15,12922,41295,False,9341.42,0.0534263,INTERPOLATED,449,491,-43.771,0.0536885,0
479,CG6-0313,2026-01-24,15,30,field,CG6-0313|2026-01-24|L15|S30,2026-01-24 11:01:28,2026-01-24 11:01:28,2026-01-24 11:01:28.000000,1,1,9297.14,,,0.005,24.6967,34.8521,291,0,,,True,SINGLE_READING;,9,day9,MATCHED,D9:wor:L15-30,L15-30,L15-30,results.zip/day9.xlsx,workbook,3.59493,186.293,L15-29,True,24.6967,34.8521,313.63,,0,313.63,0.15,12974,41230.9,False,9341.42,0.0534305,INTERPOLATED,449,491,-44.2754,0.053664,0
480,CG6-0313,2026-01-24,15,31,field,CG6-0313|2026-01-24|L15|S31,2026-01-24 11:04:17,2026-01-24 11:04:17,2026-01-24 11:04:17.000000,1,0,,,,,24.698,34.8509,304,0,FROZEN_SENSOR_OUTPUT,,False,NO_ACCEPTED_READING;,9,day9,MATCHED,D9:wor:L15-31,L15-31,L15-31,results.zip/day9.xlsx,workbook,8.10278,182.665,L15-32,True,24.6979,34.8509,316.079,,0,316.079,0.15,12937.9,41091,False,9341.42,0.0534347,INTERPOLATED,449,491,,,0
481,CG6-0313,2026-01-24,15,32,field,CG6-0313|2026-01-24|L15|S32,2026-01-24 11:07:28,2026-01-24 11:07:28,2026-01-24 11:07:28.000000,1,0,,,,,24.6994,34.8499,302.1,0,FROZEN_SENSOR_OUTPUT,,False,NO_ACCEPTED_READING;,9,day9,MATCHED,D9:wor:L15-32,L15-32,L15-32,results.zip/day9.xlsx,workbook,7.91126,192.67,L15-31,True,24.6994,34.8498,317.734,,0,317.734,0.15,12887.7,40942.6,False,9341.42,0.0534396,INTERPOLATED,449,491,,,0
482,CG6-0313,2026-01-24,15,33,field,CG6-0313|2026-01-24|L15|S33,2026-01-24 11:10:17,2026-01-24 11:10:17,2026-01-24 11:10:17.000000,1,0,,,,,24.7006,34.8484,303.5,0,FROZEN_SENSOR_OUTPUT,,False,NO_ACCEPTED_READING;,9,day9,MATCHED,D9:kml:L15-33,L15-33,L15-33,results.zip/day9.kml,kml_only,2.01043,201.847,L15-32,True,24.7006,34.8484,317.647,,0,317.647,0.15,12884.4,40819,False,9341.41,0.0534439,INTERPOLATED,449,491,,,0
483,CG6-0313,2026-01-24,15,34,field,CG6-0313|2026-01-24|L15|S34,2026-01-24 11:15:08,2026-01-24 11:15:08,2026-01-24 11:15:08.000000,1,1,9295.57,,,0.005,24.7022,34.8472,314.8,0,,,True,SINGLE_READING;,9,day9,MATCHED,D9:kml:L15-34,L15-34,L15-34,results.zip/day9.kml,kml_only,5.05942,158.846,L15-35,True,24.7021,34.8472,322.822,,0,322.822,0.15,12842.6,40657.3,False,9341.41,0.0534517,INTERPOLATED,449,491,-45.8461,0.053685,0
484,CG6-0313,2026-01-24,15,35,field,CG6-0313|2026-01-24|L15|S35,2026-01-24 11:18:18,2026-01-24 11:18:18,2026-01-24 11:18:18.000000,1,1,9295.29,,,0.0056,24.7035,34.8464,317.2,0,,,True,SINGLE_READING;,9,day9,MATCHED,D9:kml:L15-35,L15-35,L15-35,results.zip/day9.kml,kml_only,9.89325,172.579,L15-34,True,24.7034,34.8464,324.687,,0,324.687,0.15,12789.9,40516.5,False,9341.41,0.0534568,INTERPOLATED,449,491,-46.1164,0.0537494,0
485,CG6-0313,2026-01-24,15,36,field,CG6-0313|2026-01-24|L15|S36,2026-01-24 11:21:35,2026-01-24 11:21:35,2026-01-24 11:21:35.000000,1,1,9294.85,,,0.005,24.7044,34.8445,314.4,0,,,True,SINGLE_READING;,9,day9,MATCHED,D9:kml:L15-36,L15-36,L15-36,results.zip/day9.kml,kml_only,5.98477,203.996,L15-37,True,24.7044,34.8446,327.252,,0,327.252,0.15,12842.7,40426.7,False,9341.41,0.0534623,INTERPOLATED,449,491,-46.5562,0.0536956,0
486,CG6-0313,2026-01-24,15,37,field,CG6-0313|2026-01-24|L15|S37,2026-01-24 11:25:12,2026-01-24 11:25:12,2026-01-24 11:25:12.000000,1,1,9294.63,,,0.0038,24.7057,34.843,322.3,0,,,True,SINGLE_READING;,9,day9,MATCHED,D9:kml:L15-37,L15-37,L15-37,results.zip/day9.kml,kml_only,1.75857,184.041,L15-38,True,24.7057,34.8431,328.519,,0,328.519,0.15,12851.1,40300.9,False,9341.41,0.0534685,INTERPOLATED,449,491,-46.7769,0.0536033,0
487,CG6-0313,2026-01-24,15,38,field,CG6-0313|2026-01-24|L15|S38,2026-01-24 11:28:33,2026-01-24 11:28:33,2026-01-24 11:28:33.000000,1,1,9294.36,,,0.0055,24.7066,34.8414,318.4,0,,,True,SINGLE_READING;,9,day9,MATCHED,D9:kml:L15-38,L15-38,L15-38,results.zip/day9.kml,kml_only,5.93821,189.853,L15-37,True,24.7066,34.8415,329.955,,0,329.955,0.15,12900.1,40219.2,False,9341.41,0.0534743,INTERPOLATED,449,491,-47.0434,0.0537564,0
488,CG6-0313,2026-01-24,15,39,field,CG6-0313|2026-01-24|L15|S39,2026-01-24 11:32:02,2026-01-24 11:32:02,2026-01-24 11:32:02.000000,1,1,9293.91,,,0.0052,24.7079,34.8397,326.1,0,,,True,SINGLE_READING;,9,day9,MATCHED,D9:kml:L15-39,L15-39,L15-39,results.zip/day9.kml,kml_only,3.64878,148.438,L15-40,True,24.708,34.8398,334.099,,0,334.099,0.15,12918.9,40081,False,9341.4,0.0534804,INTERPOLATED,449,491,-47.4986,0.0537326,0
489,CG6-0313,2026-01-24,15,40,field,CG6-0313|2026-01-24|L15|S40,2026-01-24 11:35:06,2026-01-24 11:35:06,2026-01-24 11:35:06.000000,1,1,9293.55,,,0.0048,24.7085,34.8384,327.5,0,,,True,SINGLE_READING;,9,day9,MATCHED,D9:kml:L15-40,L15-40,L15-40,results.zip/day9.kml,kml_only,3.33632,152.393,L15-39,True,24.7085,34.8384,336.251,,0,336.251,0.15,12978.1,40032.6,False,9341.4,0.0534859,INTERPOLATED,449,491,-47.8508,0.0537009,0
490,CG6-0313,2026-01-24,0,100,field_base_100,CG6-0313|2026-01-24|L0|S100,2026-01-24 12:34:29,2026-01-24 12:37:29,2026-01-24 12:35:59.000000,4,0,,,,,24.7868,34.9337,98.4,0,FROZEN_SENSOR_OUTPUT,,False,NO_ACCEPTED_READING;,9,day9,MATCHED,D9:kml:Base 100,Base 100,Base 100,results.zip/day9.kml,kml_only,10.6799,,,True,24.7867,34.9338,111.811,,0,111.811,0.15,10.5609,31635,False,9341.38,0.053615,INTERPOLATED,449,491,,,0
491,CG6-0313,2026-01-24,0,100,field_base_100,CG6-0313|2026-01-24|L0|S100,2026-01-24 12:54:26,2026-01-24 12:58:46,2026-01-24 12:56:30.000000,5,5,9341.37,0.0396636,0.00724242,0.00724242,24.7869,34.9338,101.2,0,,STDDEV_GT_0.050,True,,9,day9,MATCHED,D9:kml:Base 100,Base 100,Base 100,results.zip/day9.kml,kml_only,11.8097,,,True,24.7867,34.9338,111.811,,0,111.811,0.15,11.6971,31634,True,9341.37,0.00724242,AT_CONTROL,491,491,0,0.0102423,0
492,CG6-0313,2026-01-24,15,41,field,CG6-0313|2026-01-24|L15|S41,2026-01-24 14:04:34,2026-01-24 14:04:34,2026-01-24 14:04:34.000000,1,1,9292.99,,,0.0065,24.7095,34.8362,323.9,0,,,True,SINGLE_READING;,9,day9,MATCHED,D9:wor:L15-41,L15-41,L15-41,results.zip/day9.xlsx,workbook,10.1421,202.833,L15-42,True,24.7094,34.8362,340.056,,0,340.056,0.15,13072.6,39945.6,False,9341.34,0.0534314,INTERPOLATED,491,512,-48.3558,0.0538253,0
493,CG6-0313,2026-01-24,15,42,field,CG6-0313|2026-01-24|L15|S42,2026-01-24 14:15:50,2026-01-24 14:15:50,2026-01-24 14:15:50.000000,1,1,9292.26,,,0.0067,24.7095,34.8342,327.5,0,,STDDEV_GT_0.050,True,SINGLE_READING;,9,day9,MATCHED,D9:kml:L15-42,L15-42,L15-42,results.zip/day9.kml,kml_only,0.242921,196.692,L15-43,True,24.7095,34.8342,341.927,,0,341.927,0.15,13224.4,39964.9,False,9341.34,0.0534103,INTERPOLATED,491,512,-49.077,0.0538289,0
494,CG6-0313,2026-01-24,15,43,field,CG6-0313|2026-01-24|L15|S43,2026-01-24 14:18:34,2026-01-24 14:18:34,2026-01-24 14:18:34.000000,1,1,9291.33,,,0.0039,24.7096,34.8322,336,0,,,True,SINGLE_READING;,9,day9,MATCHED,D9:kml:L15-43,L15-43,L15-43,results.zip/day9.kml,kml_only,4.07034,186.749,L15-44,True,24.7096,34.8322,344.902,,0,344.902,0.15,13372.9,39980.9,False,9341.34,0.053406,INTERPOLATED,491,512,-50.0035,0.0535482,0
495,CG6-0313,2026-01-24,15,44,field,CG6-0313|2026-01-24|L15|S44,2026-01-24 14:21:31,2026-01-24 14:21:31,2026-01-24 14:21:31.000000,1,1,9291.11,,,0.0078,24.7107,34.8308,335.8,0,,STDDEV_GT_0.050,True,SINGLE_READING;,9,day9,MATCHED,D9:kml:L15-44,L15-44,L15-44,results.zip/day9.kml,kml_only,2.14527,190.102,L15-43,True,24.7107,34.8308,345.669,,0,345.669,0.15,13407.6,39877.5,False,9341.33,0.0534016,INTERPOLATED,491,512,-50.2259,0.0539683,0
496,CG6-0313,2026-01-24,15,45,field,CG6-0313|2026-01-24|L15|S45,2026-01-24 14:24:30,2026-01-24 14:24:30,2026-01-24 14:24:30.000000,1,1,9290.65,,,0.005,24.7115,34.829,337.2,0,,,True,SINGLE_READING;,9,day9,MATCHED,D9:kml:L15-45,L15-45,L15-45,results.zip/day9.kml,kml_only,2.80823,200.318,L15-44,True,24.7114,34.829,349.016,,0,349.016,0.15,13490,39810.5,False,9341.33,0.0533976,INTERPOLATED,491,512,-50.6849,0.0536312,0
497,CG6-0313,2026-01-24,15,46,field,CG6-0313|2026-01-24|L15|S46,2026-01-24 14:28:30,2026-01-24 14:28:30,2026-01-24 14:28:30.000000,1,1,9289.86,,,0.0041,24.7117,34.827,343,0,,,True,SINGLE_READING;,9,day9,MATCHED,D9:kml:L15-46,L15-46,L15-46,results.zip/day9.kml,kml_only,11.4636,173.511,L15-47,True,24.7116,34.827,352.453,,0,352.453,0.15,13633.7,39814.5,False,9341.33,0.0533927,INTERPOLATED,491,512,-51.4693,0.0535499,0
498,CG6-0313,2026-01-24,15,47,field,CG6-0313|2026-01-24|L15|S47,2026-01-24 14:31:46,2026-01-24 14:31:46,2026-01-24 14:31:46.000000,1,1,9289.24,,,0.0045,24.7129,34.8258,346.5,0,,,True,SINGLE_READING;,9,day9,MATCHED,D9:wor:L15-47,L15-47,L15-47,results.zip/day9.xlsx,workbook,15.1055,190.3,L15-46,True,24.7128,34.8258,356.496,,0,356.496,0.15,13645.3,39693,False,9341.33,0.0533892,INTERPOLATED,491,512,-52.087,0.0535786,0
499,CG6-0313,2026-01-24,15,48,field,CG6-0313|2026-01-24|L15|S48,2026-01-24 14:35:42,2026-01-24 14:35:42,2026-01-24 14:35:42.000000,1,1,9288.45,,,0.0055,24.7133,34.8238,350.4,0,,,True,SINGLE_READING;,9,day9,MATCHED,D9:kml:L15-48,L15-48,L15-48,results.zip/day9.kml,kml_only,11.7566,183.749,L15-49,True,24.7132,34.8238,359.575,,0,359.575,0.15,13781.5,39678.9,False,9341.33,0.0533856,INTERPOLATED,491,512,-52.8782,0.0536682,0
500,CG6-0313,2026-01-24,15,49,field,CG6-0313|2026-01-24|L15|S49,2026-01-24 14:38:44,2026-01-24 14:38:44,2026-01-24 14:38:44.000000,1,1,9287.51,,,0.0084,24.7134,34.822,354.4,0,,STDDEV_GT_0.050,True,SINGLE_READING;,9,day9,MATCHED,D9:kml:L15-49,L15-49,L15-49,results.zip/day9.kml,kml_only,9.7725,175.791,L15-50,True,24.7133,34.822,362.848,,0,362.848,0.15,13920.2,39690.6,False,9341.33,0.0533832,INTERPOLATED,491,512,-53.8204,0.0540401,0
501,CG6-0313,2026-01-24,15,50,field,CG6-0313|2026-01-24|L15|S50,2026-01-24 14:42:05,2026-01-24 14:42:05,2026-01-24 14:42:05.000000,1,1,9286.84,,,0.0073,24.7142,34.8205,363,0,,STDDEV_GT_0.050,True,SINGLE_READING;,9,day9,MATCHED,D9:kml:L15-50,L15-50,L15-50,results.zip/day9.kml,kml_only,17.187,186.655,L15-49,True,24.7141,34.8205,365.472,,0,365.472,0.15,13992.9,39619.6,False,9341.33,0.053381,INTERPOLATED,491,512,-54.4882,0.0538779,0
502,CG6-0313,2026-01-24,15,51,field,CG6-0313|2026-01-24|L15|S51,2026-01-24 14:45:14,2026-01-24 14:45:14,2026-01-24 14:45:14.000000,1,1,9285.74,,,0.0078,24.7147,34.8186,367.1,0,,STDDEV_GT_0.050,True,SINGLE_READING;,9,day9,MATCHED,D9:wor:L15-51,L15-51,L15-51,results.zip/day9.xlsx,workbook,8.76834,197.919,L15-52,True,24.7146,34.8186,369.413,,0,369.413,0.15,14122.2,39596.9,False,9341.33,0.0533794,INTERPOLATED,491,512,-55.5871,0.0539462,0
503,CG6-0313,2026-01-24,15,52,field,CG6-0313|2026-01-24|L15|S52,2026-01-24 14:49:40,2026-01-24 14:49:40,2026-01-24 14:49:40.000000,1,1,9284.61,,,0.0068,24.7149,34.8167,367,0,,STDDEV_GT_0.050,True,SINGLE_READING;,9,day9,MATCHED,D9:kml:L15-52,L15-52,L15-52,results.zip/day9.kml,kml_only,10.7167,194.721,L15-51,True,24.7148,34.8166,372.877,,0,372.877,0.15,14268.3,39602,False,9341.32,0.0533777,INTERPOLATED,491,512,-56.7136,0.0538091,0
504,CG6-0313,2026-01-24,15,53,field,CG6-0313|2026-01-24|L15|S53,2026-01-24 14:53:11,2026-01-24 14:53:11,2026-01-24 14:53:11.000000,1,1,9283.08,,,0.0065,24.7145,34.8148,365.3,0,,STDDEV_GT_0.050,True,SINGLE_READING;,9,day9,MATCHED,D9:kml:L15-53,L15-53,L15-53,results.zip/day9.kml,kml_only,11.934,185.425,L15-52,True,24.7144,34.8148,376.801,,0,376.801,0.15,14448.8,39678.9,False,9341.32,0.053377,INTERPOLATED,491,512,-58.2454,0.0537713,0
505,CG6-0313,2026-01-24,15,54,field,CG6-0313|2026-01-24|L15|S54,2026-01-24 14:56:14,2026-01-24 14:56:14,2026-01-24 14:56:14.000000,1,1,9281.5,,,0.0058,24.7137,34.8131,361.1,0,,,True,SINGLE_READING;,9,day9,MATCHED,D9:kml:L15-54,L15-54,L15-54,results.zip/day9.kml,kml_only,11.2129,190.868,L15-53,True,24.7136,34.813,381.251,,0,381.251,0.15,14648.5,39799.4,False,9341.32,0.0533767,INTERPOLATED,491,512,-59.8241,0.0536909,0
506,CG6-0313,2026-01-24,15,55,field,CG6-0313|2026-01-24|L15|S55,2026-01-24 14:59:23,2026-01-24 14:59:23,2026-01-24 14:59:23.000000,1,1,9280.83,,,0.006,24.7144,34.8113,366.6,0,,,True,SINGLE_READING;,9,day9,MATCHED,D9:kml:L15-55,L15-55,L15-55,results.zip/day9.kml,kml_only,3.4854,200.342,L15-54,True,24.7144,34.8113,390.223,,0,390.223,0.15,14751.5,39744.5,False,9341.32,0.0533769,INTERPOLATED,491,512,-60.4874,0.053713,0
507,CG6-0313,2026-01-24,15,56,field,CG6-0313|2026-01-24|L15|S56,2026-01-24 15:02:13,2026-01-24 15:02:13,2026-01-24 15:02:13.000000,1,1,9280.2,,,0.0059,24.7151,34.8094,381.4,0,,,True,SINGLE_READING;,9,day9,MATCHED,D9:wor:L15-56,L15-56,L15-56,results.zip/day9.xlsx,workbook,13.6814,179.359,L15-57,True,24.7149,34.8094,389.427,,0,389.427,0.15,14875.6,39708.5,False,9341.32,0.0533773,INTERPOLATED,491,512,-61.1233,0.0537024,0
508,CG6-0313,2026-01-24,15,57,field,CG6-0313|2026-01-24|L15|S57,2026-01-24 15:05:02,2026-01-24 15:05:02,2026-01-24 15:05:02.000000,1,1,9279.96,,,0.0067,24.7163,34.8081,380.1,0,,STDDEV_GT_0.050,True,SINGLE_READING;,9,day9,MATCHED,D9:wor:L15-57,L15-57,L15-57,results.zip/day9.xlsx,workbook,13.7328,192.778,L15-58,True,24.7161,34.8081,393.856,,0,393.856,0.15,14916.4,39599.5,False,9341.32,0.0533781,INTERPOLATED,491,512,-61.3571,0.0537969,0
509,CG6-0313,2026-01-24,15,58,field,CG6-0313|2026-01-24|L15|S58,2026-01-24 15:07:58,2026-01-24 15:07:58,2026-01-24 15:07:58.000000,1,1,9279.61,,,0.0069,24.7177,34.807,387.9,0,,STDDEV_GT_0.050,True,SINGLE_READING;,9,day9,MATCHED,D9:wor:L15-58,L15-58,L15-58,results.zip/day9.xlsx,workbook,12.6405,190.957,L15-59,True,24.7176,34.8069,399.088,,0,399.088,0.15,14927.6,39458.5,False,9341.32,0.0533793,INTERPOLATED,491,512,-61.7057,0.0538234,0
510,CG6-0313,2026-01-24,15,59,field,CG6-0313|2026-01-24|L15|S59,2026-01-24 15:11:14,2026-01-24 15:11:14,2026-01-24 15:11:14.000000,1,1,9278.9,,,0.0063,24.7184,34.8052,393,0,,,True,SINGLE_READING;,9,day9,MATCHED,D9:wor:L15-59,L15-59,L15-59,results.zip/day9.xlsx,workbook,12.545,195.164,L15-58,True,24.7183,34.8052,402.898,,0,402.898,0.15,15045.2,39418.6,False,9341.32,0.0533809,INTERPOLATED,491,512,-62.4136,0.0537514,0
511,CG6-0313,2026-01-24,15,60,field,CG6-0313|2026-01-24|L15|S60,2026-01-24 15:15:23,2026-01-24 15:15:23,2026-01-24 15:15:23.000000,1,1,9277.77,,,0.0062,24.7189,34.803,387.3,0,,,True,SINGLE_READING;,9,day9,MATCHED,D9:wor:L15-60,L15-60,L15-60,results.zip/day9.xlsx,workbook,13.7636,226.332,L15-59,True,24.7188,34.803,407.723,,0,407.723,0.15,15206.9,39408.3,False,9341.31,0.0533837,INTERPOLATED,491,512,-63.544,0.0537425,0
512,CG6-0313,2026-01-24,0,100,field_base_100,CG6-0313|2026-01-24|L0|S100,2026-01-24 16:08:45,2026-01-24 16:27:23,2026-01-24 16:19:37.571428,7,7,9341.29,0.0450657,0.00601408,0.00601408,24.7869,34.9338,102.2,1.49487,,STDDEV_GT_0.050,True,,9,day9,MATCHED,D9:kml:Base 100,Base 100,Base 100,results.zip/day9.kml,kml_only,17.0466,,,True,24.7867,34.9338,111.811,,0,111.811,0.15,16.9366,31629,True,9341.29,0.00601408,AT_CONTROL,512,512,0,0.00850519,0
513,CG6-0313,2026-01-24,0,0,hotel_base_0,CG6-0313|2026-01-24|L0|S0,2026-01-24 17:51:44,2026-01-24 17:58:32,2026-01-24 17:55:32.750000,4,4,9406.65,0.00959832,0.00226919,0.00420074,25.0669,34.8776,21.9,0,,STDDEV_GT_0.050,True,,9,day9,MATCHED,D9:wor:BASE24-01-2026,BASE24-01-2026,BASE24-01-2026,results.zip/day9.xlsx,workbook,16.1385,,,True,25.0668,34.8777,36.501,,0,36.501,0.15,31661.6,16.1236,True,9341.32,0.0868945,AT_CONTROL,513,513,65.3243,0.086996,0
514,CG6-0640,2026-01-16,0,0,hotel_base_0,CG6-0640|2026-01-16|L0|S0,2026-01-16 03:52:49,2026-01-16 03:55:49,2026-01-16 03:54:19.000000,4,4,3473.1,0.0022501,0.000485244,0.00101673,25.0668,34.8776,35.2,0,,,True,,1,day1,MATCHED,D1:wor:Base0,Base0,Base0,results.zip/day1.xlsx,workbook,2.94374,,,True,25.0668,34.8776,36.616,0.037,0,36.616,0.15,31649.4,3.98709,True,3407.03,0.00777101,AT_CONTROL,514,514,66.0736,0.00783724,0
515,CG6-0640,2026-01-16,0,100,field_base_100,CG6-0640|2026-01-16|L0|S100,2026-01-16 06:07:35,2026-01-16 06:11:05,2026-01-16 06:09:20.000000,4,4,3407.02,0.00217434,0.000445951,0.000999062,24.7868,34.9338,94.7,0,,,True,,1,day1,MATCHED,D1:wor:B100 16-01-2026,B100 16-01-2026,B100 16-01-2026,results.zip/day1.xlsx,workbook,3.3426,,,True,24.7868,34.9337,111.885,0.045,0,111.885,0.15,3.61754,31642,True,3407.02,0.000999062,AT_CONTROL,515,515,0,0.00141289,0
516,CG6-0640,2026-01-16,0,100,field_base_100,CG6-0640|2026-01-16|L0|S100,2026-01-16 06:50:48,2026-01-16 06:54:04,2026-01-16 06:52:26.000000,4,4,3407.02,0.00640611,0.00139855,0.00150561,24.7868,34.9338,99.9,0,,,True,,1,day1,MATCHED,D1:wor:B100 16-01-2026,B100 16-01-2026,B100 16-01-2026,results.zip/day1.xlsx,workbook,1.82234,,,True,24.7868,34.9337,111.885,0.045,0,111.885,0.15,1.14872,31644.5,True,3407.02,0.00150561,AT_CONTROL,516,516,0,0.00212926,0
517,CG6-0640,2026-01-16,1,1,field,CG6-0640|2026-01-16|L1|S1,2026-01-16 07:27:21,2026-01-16 07:28:21,2026-01-16 07:27:51.000000,2,2,3424.95,0.00276989,0.00138495,0.00265377,24.8244,34.9962,7.8,0,,,True,,1,day1,MATCHED,D1:wor:1,1,1,results.zip/day1.xlsx,workbook,3.98053,215.048,2,True,24.8245,34.9962,13.728,0.153,0,13.728,0.15,7573.38,29477.9,False,3407.02,0.00793834,INTERPOLATED,516,535,17.9282,0.00837017,0
518,CG6-0640,2026-01-16,1,2,field,CG6-0640|2026-01-16|L1|S2,2026-01-16 07:46:57,2026-01-16 07:47:57,2026-01-16 07:47:27.000000,2,2,3425.21,0.00210126,0.00105063,0.00229837,24.8229,34.995,10.5,0,,TILT_GT_20,True,,1,day1,MATCHED,D1:wor:2,2,2,results.zip/day1.xlsx,workbook,4.26845,211.831,1,True,24.8229,34.995,15.33,0.159,0,15.33,0.15,7374.66,29584.7,False,3407.02,0.00791737,INTERPOLATED,516,535,18.1869,0.00824423,0
519,CG6-0640,2026-01-16,1,3,field,CG6-0640|2026-01-16|L1|S3,2026-01-16 07:53:03,2026-01-16 07:54:03,2026-01-16 07:53:33.000000,2,2,3425.27,0.00407837,0.00203918,0.00203918,24.8222,34.9929,16.2,0,,,True,,1,day1,MATCHED,D1:wor:3,3,3,results.zip/day1.xlsx,workbook,1.99012,190.97,4,True,24.8222,34.9929,17.909,0.178,0,17.909,0.15,7153.12,29566.2,False,3407.02,0.007912,INTERPOLATED,516,535,18.2458,0.00817055,0
520,CG6-0640,2026-01-16,1,4,field,CG6-0640|2026-01-16|L1|S4,2026-01-16 07:58:53,2026-01-16 07:59:53,2026-01-16 07:59:23.000000,2,2,3425.16,0.000255903,0.000127952,0.00216333,24.8217,34.9911,16.1,0,,,True,,1,day1,MATCHED,D1:wor:4,4,4,results.zip/day1.xlsx,workbook,2.61901,188.197,3,True,24.8217,34.9911,20.228,0.174,0,20.228,0.15,6970.33,29554.5,False,3407.02,0.00790737,INTERPOLATED,516,535,18.136,0.00819796,0
521,CG6-0640,2026-01-16,1,5,field,CG6-0640|2026-01-16|L1|S5,2026-01-16 08:03:29,2026-01-16 08:04:29,2026-01-16 08:03:59.000000,2,2,3425.21,0.00153786,0.000768928,0.00176139,24.8208,34.9893,19.6,0,,,True,,1,day1,MATCHED,D1:wor:5,5,5,results.zip/day1.xlsx,workbook,1.223,199.681,6,True,24.8208,34.9893,21.989,0.157,0,21.989,0.15,6766.05,29580.2,False,3407.02,0.00790408,INTERPOLATED,516,535,18.1908,0.00809796,0
522,CG6-0640,2026-01-16,1,6,field,CG6-0640|2026-01-16|L1|S6,2026-01-16 08:07:43,2026-01-16 08:08:43,2026-01-16 08:08:13.000000,2,2,3425.18,0.000921014,0.000460507,0.00135093,24.8197,34.9878,20.6,0,,,True,,1,day1,MATCHED,D1:wor:6,6,6,results.zip/day1.xlsx,workbook,3.58106,196.126,5,True,24.8196,34.9878,24.262,0.162,0,24.262,0.15,6569.93,29636.9,False,3407.02,0.00790133,INTERPOLATED,516,535,18.1566,0.00801598,0
523,CG6-0640,2026-01-16,1,7,field,CG6-0640|2026-01-16|L1|S7,2026-01-16 08:13:15,2026-01-16 08:14:15,2026-01-16 08:13:45.000000,2,2,3425.27,0.000201296,0.000100648,0.00149164,24.8187,34.9861,22.8,0,,,True,,1,day1,MATCHED,D1:wor:7,7,7,results.zip/day1.xlsx,workbook,0.401452,195.322,6,True,24.8187,34.9861,25.638,0.162,0,25.638,0.15,6372.5,29667.3,False,3407.02,0.00789813,INTERPOLATED,516,535,18.2516,0.00803775,0
524,CG6-0640,2026-01-16,1,8,field,CG6-0640|2026-01-16|L1|S8,2026-01-16 08:19:42,2026-01-16 08:20:42,2026-01-16 08:20:12.000000,2,2,3425.18,0.00267239,0.0013362,0.0013362,24.8167,34.9826,31.9,0,,,True,,1,day1,MATCHED,D1:wor:8,8,8,results.zip/day1.xlsx,workbook,1.20286,217.482,9,True,24.8167,34.9826,29.976,0.154,0,29.976,0.15,5947.91,29750.7,False,3407.02,0.00789497,INTERPOLATED,516,535,18.1568,0.00800725,0
525,CG6-0640,2026-01-16,1,9,field,CG6-0640|2026-01-16|L1|S9,2026-01-16 08:24:52,2026-01-16 08:25:52,2026-01-16 08:25:22.000000,2,2,3424.08,0.000651097,0.000325548,0.00124197,24.8153,34.9811,27.9,0,,,True,,1,day1,MATCHED,D1:wor:9,9,9,results.zip/day1.xlsx,workbook,3.76352,212.865,8,True,24.8153,34.981,32.034,0.161,0,32.034,0.15,5737.74,29838,False,3407.02,0.00789289,INTERPOLATED,516,535,17.0611,0.00799001,0
526,CG6-0640,2026-01-16,1,10,field,CG6-0640|2026-01-16|L1|S10,2026-01-16 08:29:33,2026-01-16 08:30:33,2026-01-16 08:30:03.000000,2,2,3423.36,0.0042317,0.00211585,0.00211585,24.8143,34.9793,29.9,0,,,True,,1,day1,MATCHED,D1:wor:10,10,10,results.zip/day1.xlsx,workbook,3.38324,206.944,9,True,24.8143,34.9793,34.439,0.165,0,34.439,0.15,5527.21,29880.2,False,3407.02,0.00789135,INTERPOLATED,516,535,16.335,0.00817008,0
527,CG6-0640,2026-01-16,1,11,field,CG6-0640|2026-01-16|L1|S11,2026-01-16 08:34:05,2026-01-16 08:35:05,2026-01-16 08:34:35.000000,2,2,3422.54,0.00231287,0.00115643,0.00187683,24.8133,34.9775,34.2,0,,,True,,1,day1,MATCHED,D1:wor:11,11,11,results.zip/day1.xlsx,workbook,2.47992,207.193,10,True,24.8133,34.9775,36.819,0.166,0,36.819,0.15,5317.47,29925.3,False,3407.02,0.00789017,INTERPOLATED,516,535,15.5181,0.00811032,0
528,CG6-0640,2026-01-16,1,12,field,CG6-0640|2026-01-16|L1|S12,2026-01-16 08:45:34,2026-01-16 08:46:34,2026-01-16 08:46:04.000000,2,2,3421.92,0.00536513,0.00268257,0.00268257,24.8127,34.9756,37.3,0,,,True,,1,day1,MATCHED,D1:wor:12,12,12,results.zip/day1.xlsx,workbook,4.95053,203.976,13,True,24.8126,34.9756,38.969,0.171,0,38.969,0.15,5109.95,29930.8,False,3407.02,0.00788854,INTERPOLATED,516,535,14.8939,0.00833218,0
529,CG6-0640,2026-01-16,1,13,field,CG6-0640|2026-01-16|L1|S13,2026-01-16 08:50:46,2026-01-16 08:51:46,2026-01-16 08:51:16.000000,2,2,3421.66,0.000643651,0.000321825,0.00283064,24.8115,34.974,39.6,0,,,True,,1,day1,MATCHED,D1:wor:13,13,13,results.zip/day1.xlsx,workbook,2.72853,194.202,14,True,24.8115,34.974,41.326,0.209,0,41.326,0.15,4908.7,29998.1,False,3407.02,0.00788845,INTERPOLATED,516,535,14.6408,0.00838094,0
530,CG6-0640,2026-01-16,1,14,field,CG6-0640|2026-01-16|L1|S14,2026-01-16 08:55:25,2026-01-16 08:56:25,2026-01-16 08:55:55.000000,2,2,3421.01,0.00632456,0.00316228,0.00316228,24.81,34.9731,35.1,0,,TILT_GT_20,True,,1,day1,MATCHED,D1:wor:14,14,14,results.zip/day1.xlsx,workbook,3.75518,189.172,13,True,24.81,34.9731,43.62,0.198,0,43.62,0.15,4740.56,30127.7,False,3407.02,0.00788871,INTERPOLATED,516,535,13.9904,0.00849893,0
531,CG6-0640,2026-01-16,1,15,field,CG6-0640|2026-01-16|L1|S15,2026-01-16 08:59:53,2026-01-16 09:00:53,2026-01-16 09:00:23.000000,2,2,3420.39,0.00580637,0.00290318,0.00290318,24.8085,34.972,38.05,0,,TILT_GT_20,True,,1,day1,MATCHED,D1:wor:15,15,15,results.zip/day1.xlsx,workbook,2.77994,203.399,14,True,24.8085,34.9719,46.101,0.175,0,46.101,0.15,4550.34,30253.4,False,3407.02,0.00788927,INTERPOLATED,516,535,13.3648,0.00840648,0
532,CG6-0640,2026-01-16,1,16,field,CG6-0640|2026-01-16|L1|S16,2026-01-16 09:04:32,2026-01-16 09:05:32,2026-01-16 09:05:02.000000,2,2,3419.62,0.00218764,0.00109382,0.00164012,24.8074,34.9701,37.1,0,,,True,,1,day1,MATCHED,D1:wor:16,16,16,results.zip/day1.xlsx,workbook,4.49296,202.925,17,True,24.8074,34.9702,47.844,0.185,0,47.844,0.15,4332.85,30307.8,False,3407.02,0.00789016,INTERPOLATED,516,535,12.5933,0.00805882,0
533,CG6-0640,2026-01-16,1,17,field,CG6-0640|2026-01-16|L1|S17,2026-01-16 09:08:41,2026-01-16 09:09:41,2026-01-16 09:09:11.000000,2,2,3419.46,0.00217111,0.00108555,0.00152398,24.806,34.9689,48.7,0,,TILT_GT_20,True,,1,day1,MATCHED,D1:wor:17,17,17,results.zip/day1.xlsx,workbook,3.17601,199.723,16,True,24.806,34.9689,50.296,0.191,0,50.296,0.15,4144.03,30416.3,False,3407.02,0.00789123,INTERPOLATED,516,535,12.4308,0.00803704,0
534,CG6-0640,2026-01-16,1,18,field,CG6-0640|2026-01-16|L1|S18,2026-01-16 09:13:16,2026-01-16 09:14:16,2026-01-16 09:13:46.000000,2,2,3418.75,0.00235308,0.00117654,0.00199123,24.8041,34.9687,30.9,0,,,True,,1,day1,MATCHED,D1:wor:18,18,18,results.zip/day1.xlsx,workbook,12.373,209.401,17,True,24.8042,34.9686,52.014,0.257,0,52.014,0.15,4023.6,30612.7,False,3407.03,0.0078927,INTERPOLATED,516,535,11.7283,0.00814001,0
535,CG6-0640,2026-01-16,0,100,field_base_100,CG6-0640|2026-01-16|L0|S100,2026-01-16 09:35:14,2026-01-16 09:38:14,2026-01-16 09:36:44.000000,4,4,3407.03,0.00126826,0.000269916,0.000951643,24.7868,34.9338,113.3,0,,,True,,1,day1,MATCHED,D1:wor:B100 16-01-2026,B100 16-01-2026,B100 16-01-2026,results.zip/day1.xlsx,workbook,4.70348,,,True,24.7868,34.9337,111.885,0.045,0,111.885,0.15,3.51698,31642.9,True,3407.03,0.000951643,AT_CONTROL,535,535,0,0.00134583,0
536,CG6-0640,2026-01-16,1,19,field,CG6-0640|2026-01-16|L1|S19,2026-01-16 09:54:34,2026-01-16 09:55:34,2026-01-16 09:55:04.000000,2,2,3418.25,0.00280808,0.00140404,0.00149164,24.8024,34.9678,33.05,0,,,True,,1,day1,MATCHED,D1:wor:19,19,19,results.zip/day1.xlsx,workbook,4.61339,181.176,20,True,24.8024,34.9678,53.921,0.282,0,53.921,0.15,3855.97,30766.7,False,3407.03,0.00789276,INTERPOLATED,535,561,11.2223,0.00803248,0
537,CG6-0640,2026-01-16,1,20,field,CG6-0640|2026-01-16|L1|S20,2026-01-16 09:59:12,2026-01-16 10:00:12,2026-01-16 09:59:42.000000,2,2,3417.94,0.00339437,0.00169719,0.00195576,24.8016,34.9662,25,0,,TILT_GT_20,True,,1,day1,MATCHED,D1:wor:20,20,20,results.zip/day1.xlsx,workbook,4.36171,178.217,19,True,24.8016,34.9663,56.791,0.283,0,56.791,0.15,3673.69,30804,False,3407.03,0.00789036,INTERPOLATED,535,561,10.9152,0.00812913,0
538,CG6-0640,2026-01-16,1,21,field,CG6-0640|2026-01-16|L1|S21,2026-01-16 10:03:52,2026-01-16 10:04:52,2026-01-16 10:04:22.000000,2,2,3417.51,0.000681218,0.000340609,0.00147054,24.8023,34.9644,21.3,0,,,True,,1,day1,MATCHED,D1:wor:21,21,21,results.zip/day1.xlsx,workbook,6.94328,194.464,22,True,24.8023,34.9644,58.497,0.285,0,58.497,0.15,3542.77,30675.5,False,3407.03,0.0078882,INTERPOLATED,535,561,10.4877,0.0080241,0
539,CG6-0640,2026-01-16,1,22,field,CG6-0640|2026-01-16|L1|S22,2026-01-16 10:08:05,2026-01-16 10:09:05,2026-01-16 10:08:35.000000,2,2,3416.96,0.0012699,0.000634952,0.00219317,24.803,34.9625,7.7,0,,,True,,1,day1,MATCHED,D1:wor:22,22,22,results.zip/day1.xlsx,workbook,10.2038,203.717,23,True,24.803,34.9626,60.316,0.254,0,60.316,0.15,3423.82,30546.9,False,3407.03,0.00788647,INTERPOLATED,535,561,9.93123,0.00818575,0
540,CG6-0640,2026-01-16,1,23,field,CG6-0640|2026-01-16|L1|S23,2026-01-16 10:12:47,2026-01-16 10:13:47,2026-01-16 10:13:17.000000,2,2,3417.06,0.00365793,0.00182897,0.00182897,24.8022,34.9608,37.15,0,,,True,,1,day1,MATCHED,D1:wor:23,23,23,results.zip/day1.xlsx,workbook,4.61986,196.475,24,True,24.8022,34.9607,62.738,0.236,0,62.738,0.15,3225.2,30587.9,False,3407.03,0.0078848,INTERPOLATED,535,561,10.0356,0.00809415,0
541,CG6-0640,2026-01-16,1,24,field,CG6-0640|2026-01-16|L1|S24,2026-01-16 10:17:21,2026-01-16 10:18:21,2026-01-16 10:17:51.000000,2,2,3416.38,0.003247,0.0016235,0.0016235,24.8019,34.9589,48.2,0,,,True,,1,day1,MATCHED,D1:wor:24,24,24,results.zip/day1.xlsx,workbook,4.8518,187.924,23,True,24.8019,34.9589,65.468,0.228,0,65.468,0.15,3047.67,30569.2,False,3407.03,0.00788343,INTERPOLATED,535,561,9.35552,0.00804887,0
542,CG6-0640,2026-01-16,1,25,field,CG6-0640|2026-01-16|L1|S25,2026-01-16 10:21:29,2026-01-16 10:22:29,2026-01-16 10:21:59.000000,2,2,3415.59,0.000362262,0.000181131,0.00134536,24.8019,34.9568,55.65,0.66717,,,True,,1,day1,MATCHED,D1:wor:25,25,25,results.zip/day1.xlsx,workbook,3.60292,204.921,24,True,24.8019,34.9568,67.795,0.228,0,67.795,0.15,2875.78,30515.1,False,3407.03,0.00788241,INTERPOLATED,535,561,8.56812,0.0079964,0
543,CG6-0640,2026-01-16,1,26,field,CG6-0640|2026-01-16|L1|S26,2026-01-16 10:26:05,2026-01-16 10:27:05,2026-01-16 10:26:35.000000,2,2,3415.39,0.00112808,0.000564041,0.00141598,24.8019,34.9548,64.4,0,,,True,,1,day1,MATCHED,D1:wor:26,26,26,results.zip/day1.xlsx,workbook,6.47362,192.607,27,True,24.8018,34.9548,69.929,0.218,0,69.929,0.15,2711.49,30465.3,False,3407.03,0.00788152,INTERPOLATED,535,561,8.36066,0.00800771,0
544,CG6-0640,2026-01-16,1,27,field,CG6-0640|2026-01-16|L1|S27,2026-01-16 10:30:28,2026-01-16 10:31:28,2026-01-16 10:30:58.000000,2,2,3414.6,0.000719601,0.0003598,0.00239008,24.8015,34.953,61.1,0,,,True,,1,day1,MATCHED,D1:wor:27,27,27,results.zip/day1.xlsx,workbook,9.71805,179.216,26,True,24.8015,34.953,72.162,0.22,0,72.162,0.15,2549.44,30454.2,False,3407.03,0.00788091,INTERPOLATED,535,561,7.57729,0.00823536,0
545,CG6-0640,2026-01-16,1,28,field,CG6-0640|2026-01-16|L1|S28,2026-01-16 10:42:02,2026-01-16 10:43:02,2026-01-16 10:42:32.000000,2,2,3414.16,0.000600623,0.000300311,0.00129035,24.8003,34.9516,69.3,0.22239,,,True,,1,day1,MATCHED,D1:wor:28,28,28,results.zip/day1.xlsx,workbook,8.09503,190.784,27,True,24.8002,34.9516,74.166,0.156,0,74.166,0.15,2349.91,30557,False,3407.03,0.00788041,INTERPOLATED,535,561,7.12997,0.00798535,0
546,CG6-0640,2026-01-16,1,29,field,CG6-0640|2026-01-16|L1|S29,2026-01-16 10:46:47,2026-01-16 10:47:47,2026-01-16 10:47:17.000000,2,2,3413.44,0.00289429,0.00144715,0.00144715,24.7984,34.9512,66.3,0,,,True,,1,day1,MATCHED,D1:wor:29,29,29,results.zip/day1.xlsx,workbook,8.94553,201.469,28,True,24.7984,34.9511,76.334,0.167,0,76.334,0.15,2186.92,30741.8,False,3407.03,0.00788067,INTERPOLATED,535,561,6.40929,0.00801244,0
547,CG6-0640,2026-01-16,1,30,field,CG6-0640|2026-01-16|L1|S30,2026-01-16 10:51:07,2026-01-16 10:52:07,2026-01-16 10:51:37.000000,2,2,3413.14,0.00338929,0.00169465,0.00169465,24.7967,34.9515,67.5,0,,,True,,1,day1,MATCHED,D1:wor:30,30,30,results.zip/day1.xlsx,workbook,13.4816,196.012,29,True,24.7966,34.9514,78.474,0.15,0,78.474,0.15,2107.3,30942.3,False,3407.03,0.00788114,INTERPOLATED,535,561,6.11375,0.00806128,0
548,CG6-0640,2026-01-16,1,31,field,CG6-0640|2026-01-16|L1|S31,2026-01-16 10:55:43,2026-01-16 10:56:43,2026-01-16 10:56:13.000000,2,2,3412.73,0.00451518,0.00225759,0.00225759,24.7948,34.9513,73.5,0,,,True,,1,day1,MATCHED,D1:wor:31,31,31,results.zip/day1.xlsx,workbook,10.1127,198.823,30,True,24.7948,34.9512,82.422,0.153,0,82.422,0.15,1984.44,31134.6,False,3407.03,0.0078819,INTERPOLATED,535,561,5.70478,0.00819885,0
549,CG6-0640,2026-01-16,1,32,field,CG6-0640|2026-01-16|L1|S32,2026-01-16 11:00:13,2026-01-16 11:01:13,2026-01-16 11:00:43.000000,2,2,3412.19,0.00168128,0.000840639,0.00138293,24.7931,34.9509,76.9,0,,,True,,1,day1,MATCHED,D1:wor:32,32,32,results.zip/day1.xlsx,workbook,12.148,187.854,31,True,24.793,34.9508,86.025,0.161,0,86.025,0.15,1872.07,31313.3,False,3407.03,0.00788289,INTERPOLATED,535,561,5.16338,0.00800327,0
550,CG6-0640,2026-01-16,1,33,field,CG6-0640|2026-01-16|L1|S33,2026-01-16 11:04:56,2026-01-16 11:05:56,2026-01-16 11:05:26.000000,2,2,3411.44,0.00397849,0.00198925,0.00198925,24.7927,34.9491,95.1,0,,,True,,1,day1,MATCHED,D1:wor:33,33,33,results.zip/day1.xlsx,workbook,7.39134,182.373,32,True,24.7926,34.9491,89.186,0.178,0,89.186,0.15,1681.77,31315.2,False,3407.03,0.00788418,INTERPOLATED,535,561,4.41753,0.00813126,0
551,CG6-0640,2026-01-16,1,34,field,CG6-0640|2026-01-16|L1|S34,2026-01-16 11:09:46,2026-01-16 11:10:46,2026-01-16 11:10:16.000000,2,2,3411.16,0.000423392,0.000211696,0.00228254,24.7928,34.9472,91.3,0,,,True,,1,day1,MATCHED,D1:wor:34,34,34,results.zip/day1.xlsx,workbook,7.34745,193.619,33,True,24.7928,34.9471,91.359,0.172,0,91.359,0.15,1513.05,31257.1,False,3407.03,0.00788579,INTERPOLATED,535,561,4.13106,0.00820949,0
552,CG6-0640,2026-01-16,1,35,field,CG6-0640|2026-01-16|L1|S35,2026-01-16 11:14:07,2026-01-16 11:15:07,2026-01-16 11:14:37.000000,2,2,3410.42,0.00267573,0.00133787,0.00133787,24.7917,34.9458,79.2,0,,,True,,1,day1,MATCHED,D1:wor:35,35,35,results.zip/day1.xlsx,workbook,6.72019,184.454,34,True,24.7916,34.9457,93.989,0.186,0,93.989,0.15,1329.6,31350,False,3407.03,0.00788748,INTERPOLATED,535,561,3.39265,0.00800014,0
553,CG6-0640,2026-01-16,1,36,field,CG6-0640|2026-01-16|L1|S36,2026-01-16 11:19:24,2026-01-16 11:20:24,2026-01-16 11:19:54.000000,2,2,3409.57,0.000275751,0.000137875,0.00152069,24.7901,34.9446,80,0,,,True,,1,day1,MATCHED,D1:wor:36,36,36,results.zip/day1.xlsx,workbook,5.8807,192.825,37,True,24.7901,34.9445,95.984,0.19,0,95.984,0.15,1155.67,31493.8,False,3407.03,0.00788983,INTERPOLATED,535,561,2.54418,0.00803505,0
554,CG6-0640,2026-01-16,1,37,field,CG6-0640|2026-01-16|L1|S37,2026-01-16 11:24:45,2026-01-16 11:25:45,2026-01-16 11:25:15.000000,2,2,3408.83,0.000823012,0.000411506,0.00148492,24.7887,34.9436,89.7,0,,,True,,1,day1,MATCHED,D1:wor:37,37,37,results.zip/day1.xlsx,workbook,4.20916,184.068,36,True,24.7887,34.9435,98.029,0.214,0,98.029,0.15,1013.44,31626.8,False,3407.03,0.00789256,INTERPOLATED,535,561,1.80404,0.00803104,0
555,CG6-0640,2026-01-16,1,38,field,CG6-0640|2026-01-16|L1|S38,2026-01-16 11:30:28,2026-01-16 11:31:28,2026-01-16 11:30:58.000000,2,2,3408.67,0.000120314,6.01568e-05,0.0013435,24.7883,34.9416,82.6,0,,,True,,1,day1,MATCHED,D1:wor:38,38,38,results.zip/day1.xlsx,workbook,3.84868,203.084,37,True,24.7883,34.9415,100.886,0.246,0,100.886,0.15,806.391,31623.4,False,3407.03,0.00789586,INTERPOLATED,535,561,1.64245,0.00800934,0
556,CG6-0640,2026-01-16,1,39,field,CG6-0640|2026-01-16|L1|S39,2026-01-16 11:37:39,2026-01-16 11:38:39,2026-01-16 11:38:09.000000,2,2,3407.99,0.0043851,0.00219255,0.00219255,24.7893,34.9394,92.9,0,,,True,,1,day1,MATCHED,D1:wor:39,39,39,results.zip/day1.xlsx,workbook,4.44379,165.118,40,True,24.7893,34.9394,103.613,0.3,0,103.613,0.15,638.211,31476.2,False,3407.03,0.00790056,INTERPOLATED,535,561,0.957861,0.00819915,0
557,CG6-0640,2026-01-16,1,40,field,CG6-0640|2026-01-16|L1|S40,2026-01-16 11:42:39,2026-01-16 11:43:39,2026-01-16 11:43:09.000000,2,2,3408.05,0.00159016,0.000795082,0.00137295,24.7894,34.9378,94.55,0,,,True,,1,day1,MATCHED,D1:wor:40,40,40,results.zip/day1.xlsx,workbook,4.07759,159.979,39,True,24.7895,34.9378,105.204,0.276,0,105.204,0.15,505.138,31429.9,False,3407.03,0.0079042,INTERPOLATED,535,561,1.02027,0.00802255,0
558,CG6-0640,2026-01-16,1,41,field,CG6-0640|2026-01-16|L1|S41,2026-01-16 11:47:07,2026-01-16 11:48:07,2026-01-16 11:47:37.000000,2,2,3407.57,0.00149559,0.000747794,0.00187216,24.7892,34.936,99.3,0,,,True,,1,day1,MATCHED,D1:wor:41,41,41,results.zip/day1.xlsx,workbook,3.92864,186.087,40,True,24.7892,34.936,107.92,0.236,0,107.92,0.15,351.675,31420.8,False,3407.03,0.0079077,INTERPOLATED,535,561,0.546682,0.0081263,0
559,CG6-0640,2026-01-16,1,42,field,CG6-0640|2026-01-16|L1|S42,2026-01-16 11:52:25,2026-01-16 11:53:25,2026-01-16 11:52:55.000000,2,2,3406.95,0.000203116,0.000101558,0.00464462,24.7879,34.9347,93.25,0,,STDDEV_GT_0.050,True,,1,day1,MATCHED,D1:wor:42,42,42,results.zip/day1.xlsx,workbook,11.4926,160.801,B100 16-01-2026,True,24.7879,34.9346,109.82,0.248,0,109.82,0.15,160.018,31536,False,3407.03,0.00791216,INTERPOLATED,535,561,-0.0792166,0.00917469,0
560,CG6-0640,2026-01-16,1,43,field,CG6-0640|2026-01-16|L1|S43,2026-01-16 11:58:58,2026-01-16 11:59:58,2026-01-16 11:59:28.000000,2,2,3407.04,0.00241406,0.00120703,0.00180347,24.787,34.9332,100.65,0.778366,,,True,,1,day1,MATCHED,D1:wor:43,43,43,results.zip/day1.xlsx,workbook,4.63422,59.4835,B100 16-01-2026,True,24.787,34.9332,112.211,0.246,0,112.211,0.15,61.8549,31603.5,False,3407.03,0.00791815,INTERPOLATED,535,561,0.0134859,0.00812093,0
561,CG6-0640,2026-01-16,0,100,field_base_100,CG6-0640|2026-01-16|L0|S100,2026-01-16 12:04:37,2026-01-16 12:07:37,2026-01-16 12:06:07.000000,4,4,3407.03,0.00125625,0.000270405,0.0011051,24.7868,34.9338,101.5,0,,,True,,1,day1,MATCHED,D1:wor:B100 16-01-2026,B100 16-01-2026,B100 16-01-2026,results.zip/day1.xlsx,workbook,4.14039,,,True,24.7868,34.9337,111.885,0.045,0,111.885,0.15,2.93077,31643.3,True,3407.03,0.0011051,AT_CONTROL,561,561,0,0.00156285,0
562,CG6-0640,2026-01-16,1,44,field,CG6-0640|2026-01-16|L1|S44,2026-01-16 12:21:30,2026-01-16 12:22:30,2026-01-16 12:22:00.000000,2,2,3406.36,0.00306541,0.0015327,0.0015327,24.7871,34.9312,100.5,0,,,True,,1,day1,MATCHED,D1:wor:44,44,44,results.zip/day1.xlsx,workbook,4.07845,204.669,43,True,24.7871,34.9311,113.55,0.245,0,113.55,0.15,263.159,31563.2,False,3407.03,0.00790563,INTERPOLATED,561,579,-0.671554,0.00805284,0
563,CG6-0640,2026-01-16,1,45,field,CG6-0640|2026-01-16|L1|S45,2026-01-16 12:27:47,2026-01-16 12:28:47,2026-01-16 12:28:17.000000,2,2,3406.37,0.000316664,0.000158332,0.00135093,24.788,34.9293,107.8,0.706651,,,True,,1,day1,MATCHED,D1:wor:45,45,45,results.zip/day1.xlsx,workbook,1.10475,189.98,46,True,24.788,34.9293,115.683,0.248,0,115.683,0.15,465.572,31436.2,False,3407.03,0.00789946,INTERPOLATED,561,579,-0.659761,0.00801414,0
564,CG6-0640,2026-01-16,1,46,field,CG6-0640|2026-01-16|L1|S46,2026-01-16 12:31:59,2026-01-16 12:32:59,2026-01-16 12:32:29.000000,2,2,3405.55,0.00479615,0.00239808,0.00239808,24.789,34.9279,110.4,0,,,True,,1,day1,MATCHED,D1:wor:46,46,46,results.zip/day1.xlsx,workbook,5.4415,184.132,45,True,24.789,34.9279,117.009,0.315,0,117.009,0.15,640.516,31298.8,False,3407.03,0.00789578,INTERPOLATED,561,579,-1.47722,0.00825191,0
565,CG6-0640,2026-01-16,1,47,field,CG6-0640|2026-01-16|L1|S47,2026-01-16 12:36:40,2026-01-16 12:37:40,2026-01-16 12:37:10.000000,2,2,3405.74,0.00231121,0.0011556,0.00156924,24.7895,34.9258,109.8,0.333585,,,True,,1,day1,MATCHED,D1:wor:47,47,47,results.zip/day1.xlsx,workbook,5.82546,187.73,48,True,24.7896,34.9258,119.731,0.268,0,119.731,0.15,857.207,31206.5,False,3407.03,0.00789209,INTERPOLATED,561,579,-1.28265,0.00804658,0
566,CG6-0640,2026-01-16,1,48,field,CG6-0640|2026-01-16|L1|S48,2026-01-16 12:41:00,2026-01-16 12:42:00,2026-01-16 12:41:30.000000,2,2,3405.55,0.000325829,0.000162914,0.00138293,24.7894,34.924,112.7,0,,,True,,1,day1,MATCHED,D1:wor:48,48,48,results.zip/day1.xlsx,workbook,3.67857,180.782,47,True,24.7894,34.924,121.281,0.237,0,121.281,0.15,1026.91,31195.5,False,3407.03,0.00788906,INTERPOLATED,561,579,-1.47178,0.00800936,0
567,CG6-0640,2026-01-16,1,49,field,CG6-0640|2026-01-16|L1|S49,2026-01-16 12:45:18,2026-01-16 12:46:18,2026-01-16 12:45:48.000000,2,2,3405.34,0.002941,0.0014705,0.0014705,24.7896,34.9219,109.4,0,,,True,,1,day1,MATCHED,D1:wor:49,49,49,results.zip/day1.xlsx,workbook,1.54099,206.734,48,True,24.7896,34.922,122.869,0.24,0,122.869,0.15,1232.97,31143.8,False,3407.03,0.00788643,INTERPOLATED,561,579,-1.68592,0.00802236,0
568,CG6-0640,2026-01-16,1,50,field,CG6-0640|2026-01-16|L1|S50,2026-01-16 12:50:04,2026-01-16 12:51:04,2026-01-16 12:50:34.000000,2,2,3405.1,0.00175858,0.00087929,0.00155563,24.7908,34.9202,107,0,,,True,,1,day1,MATCHED,D1:wor:50,50,50,results.zip/day1.xlsx,workbook,3.10869,185.848,51,True,24.7907,34.9202,125.58,0.295,0,125.58,0.15,1441.92,30988.5,False,3407.03,0.00788395,INTERPOLATED,561,579,-1.93061,0.00803596,0
569,CG6-0640,2026-01-16,1,51,field,CG6-0640|2026-01-16|L1|S51,2026-01-16 12:54:24,2026-01-16 12:55:24,2026-01-16 12:54:54.000000,2,2,3404.6,0.000975218,0.000487609,0.00157003,24.7918,34.9187,112.15,0,,,True,,1,day1,MATCHED,D1:wor:51,51,51,results.zip/day1.xlsx,workbook,1.48451,189.131,50,True,24.7918,34.9187,127.816,0.244,0,127.816,0.15,1618.61,30856.5,False,3407.03,0.0078821,INTERPOLATED,561,579,-2.42543,0.00803694,0
570,CG6-0640,2026-01-16,1,52,field,CG6-0640|2026-01-16|L1|S52,2026-01-16 12:59:05,2026-01-16 13:00:05,2026-01-16 12:59:35.000000,2,2,3404.08,0.00349387,0.00174694,0.00174694,24.7929,34.917,106.6,0,,,True,,1,day1,MATCHED,D1:wor:52,52,52,results.zip/day1.xlsx,workbook,5.50382,208.835,51,True,24.7928,34.917,129.412,0.226,0,129.412,0.15,1821,30714.9,False,3407.03,0.00788052,INTERPOLATED,561,579,-2.95108,0.00807182,0
571,CG6-0640,2026-01-16,1,53,field,CG6-0640|2026-01-16|L1|S53,2026-01-16 13:04:05,2026-01-16 13:05:05,2026-01-16 13:04:35.000000,2,2,3403.82,0.00351452,0.00175726,0.00194743,24.7932,34.915,119.5,0,,,True,,1,day1,MATCHED,D1:wor:53,53,53,results.zip/day1.xlsx,workbook,4.14021,185.914,54,True,24.7932,34.915,131.776,0.22,0,131.776,0.15,2024.32,30651.4,False,3407.03,0.00787932,INTERPOLATED,561,579,-3.20385,0.00811641,0
572,CG6-0640,2026-01-16,1,54,field,CG6-0640|2026-01-16|L1|S54,2026-01-16 13:08:26,2026-01-16 13:09:26,2026-01-16 13:08:56.000000,2,2,3403.46,0.00333308,0.00166654,0.00166654,24.793,34.9132,113,0,,,True,,1,day1,MATCHED,D1:wor:54,54,54,results.zip/day1.xlsx,workbook,4.09129,181.018,53,True,24.7931,34.9132,133.384,0.198,0,133.384,0.15,2192.5,30645.5,False,3407.03,0.00787868,INTERPOLATED,561,579,-3.56232,0.00805301,0
573,CG6-0640,2026-01-16,1,55,field,CG6-0640|2026-01-16|L1|S55,2026-01-16 13:13:06,2026-01-16 13:14:06,2026-01-16 13:13:36.000000,2,2,3403.21,0.00415358,0.00207679,0.00207679,24.7931,34.9112,124.1,0,,,True,,1,day1,MATCHED,D1:wor:55,55,55,results.zip/day1.xlsx,workbook,1.50214,190.489,56,True,24.7931,34.9112,135.261,0.209,0,135.261,0.15,2383.9,30615.5,False,3407.03,0.00787843,INTERPOLATED,561,579,-3.81704,0.00814756,0
574,CG6-0640,2026-01-16,1,56,field,CG6-0640|2026-01-16|L1|S56,2026-01-16 13:18:15,2026-01-16 13:19:15,2026-01-16 13:18:45.000000,2,2,3402.71,0.000123087,6.15437e-05,0.00124197,24.7939,34.9095,120,0,,,True,,1,day1,MATCHED,D1:wor:56,56,56,results.zip/day1.xlsx,workbook,2.01292,188.501,55,True,24.7939,34.9095,137.681,0.238,0,137.681,0.15,2571.15,30511.3,False,3407.03,0.00787865,INTERPOLATED,561,579,-4.31427,0.00797594,0
575,CG6-0640,2026-01-16,1,57,field,CG6-0640|2026-01-16|L1|S57,2026-01-16 13:23:10,2026-01-16 13:24:10,2026-01-16 13:23:40.000000,2,2,3402.54,0.00429985,0.00214993,0.00214993,24.7957,34.9091,122.5,0,,,True,,1,day1,MATCHED,D1:wor:57,57,57,results.zip/day1.xlsx,workbook,5.82013,199.596,58,True,24.7957,34.9091,139.431,0.309,0,139.431,0.15,2682.8,30305.3,False,3407.03,0.00787937,INTERPOLATED,561,579,-4.48871,0.00816741,0
576,CG6-0640,2026-01-16,1,58,field,CG6-0640|2026-01-16|L1|S58,2026-01-16 13:27:38,2026-01-16 13:28:38,2026-01-16 13:28:08.000000,2,2,3402.33,0.0016212,0.000810601,0.00168003,24.7976,34.9092,120.2,0,,,True,,1,day1,MATCHED,D1:wor:58,58,58,results.zip/day1.xlsx,workbook,11.6489,185.11,59,True,24.7975,34.9091,141.448,0.252,0,141.448,0.15,2758.39,30097.4,False,3407.03,0.00788044,INTERPOLATED,561,579,-4.69217,0.00805753,0
577,CG6-0640,2026-01-16,1,59,field,CG6-0640|2026-01-16|L1|S59,2026-01-16 13:34:56,2026-01-16 13:35:56,2026-01-16 13:35:26.000000,2,2,3402.01,0.002957,0.0014785,0.0014785,24.7992,34.9084,126.75,0,,,True,,1,day1,MATCHED,D1:wor:59,59,59,results.zip/day1.xlsx,workbook,7.32139,199.468,58,True,24.7991,34.9084,143.841,0.226,0,143.841,0.15,2909.67,29916.2,False,3407.03,0.00788306,INTERPOLATED,561,579,-5.0132,0.00802051,0
578,CG6-0640,2026-01-16,1,60,field,CG6-0640|2026-01-16|L1|S60,2026-01-16 13:42:03,2026-01-16 13:43:03,2026-01-16 13:42:33.000000,2,2,3401.76,0.00209293,0.00104646,0.00296184,24.8009,34.9075,130.9,0,,,True,,1,day1,MATCHED,D1:wor:60,60,60,results.zip/day1.xlsx,workbook,4.88509,218.291,59,True,24.8009,34.9075,145.758,0.253,0,145.758,0.15,3080.24,29715.2,False,3407.03,0.00788665,INTERPOLATED,561,579,-5.26117,0.00842447,0
579,CG6-0640,2026-01-16,0,100,field_base_100,CG6-0640|2026-01-16|L0|S100,2026-01-16 13:57:51,2026-01-16 14:00:51,2026-01-16 13:59:21.000000,4,4,3407.02,0.00144414,0.000356642,0.000903466,24.7868,34.9337,102.7,1.13608,,,True,,1,day1,MATCHED,D1:wor:B100 16-01-2026,B100 16-01-2026,B100 16-01-2026,results.zip/day1.xlsx,workbook,5.70039,,,True,24.7868,34.9337,111.885,0.045,0,111.885,0.15,6.47729,31639.1,True,3407.02,0.000903466,AT_CONTROL,579,579,0,0.00127769,0
580,CG6-0640,2026-01-16,0,0,hotel_base_0,CG6-0640|2026-01-16|L0|S0,2026-01-16 17:55:11,2026-01-16 17:58:11,2026-01-16 17:56:41.000000,4,4,3473.11,0.00332487,0.00078136,0.00078136,25.0669,34.8776,28.1,0,,,True,,1,day1,MATCHED,D1:wor:Base0,Base0,Base0,results.zip/day1.xlsx,workbook,12.377,,,True,25.0668,34.8776,36.616,0.037,0,36.616,0.15,31659.1,13.5541,True,3407.04,0.00774373,AT_CONTROL,580,580,66.0736,0.00778305,0
581,CG6-0640,2026-01-17,0,0,hotel_base_0,CG6-0640|2026-01-17|L0|S0,2026-01-17 06:39:22,2026-01-17 06:42:22,2026-01-17 06:40:52.000000,4,4,3473.1,0.00138983,0.000286524,0.000781825,25.0668,34.8776,9.7,0.44478,,,True,,2,day2,MATCHED,D2:wor:Base1,Base1,Base1,results.zip/day2.xlsx,workbook,3.68126,,,True,25.0668,34.8777,36.488,,0,36.488,0.15,31648,3.67646,True,3407.02,0.00774378,AT_CONTROL,581,581,66.0736,0.00778315,0
582,CG6-0640,2026-01-17,0,100,field_base_100,CG6-0640|2026-01-17|L0|S100,2026-01-17 09:04:49,2026-01-17 09:07:49,2026-01-17 09:06:19.000000,4,4,3407.01,0.0011144,0.000254863,0.000724569,24.7868,34.9337,105.6,0,,TILT_GT_20,True,,2,day2,MATCHED,D2:wor:Base100,Base100,Base100,results.zip/day2.xlsx,workbook,4.51873,,,True,24.7867,34.9338,111.792,,0,111.792,0.15,4.51123,31641.3,True,3407.01,0.000724569,AT_CONTROL,582,582,0,0.0010247,0
583,CG6-0640,2026-01-17,1,61,field,CG6-0640|2026-01-17|L1|S61,2026-01-17 09:29:50,2026-01-17 09:29:50,2026-01-17 09:29:50.000000,1,1,3401.15,,,0.0016,24.8023,34.906,137.8,0,,,True,SINGLE_READING;,2,day2,MATCHED,D2:wor:1-61,1-61,1-61,results.zip/day2.xlsx,workbook,4.09367,220.375,1-62,True,24.8022,34.9061,147.993,,0,147.993,0.15,3287.23,29550.5,False,3407.02,0.00787267,INTERPOLATED,582,613,-5.86304,0.00803361,0
584,CG6-0640,2026-01-17,1,62,field,CG6-0640|2026-01-17|L1|S62,2026-01-17 09:33:01,2026-01-17 09:33:01,2026-01-17 09:33:01.000000,1,1,3400.62,,,0.0031,24.8037,34.9045,134.3,0,,,True,SINGLE_READING;,2,day2,MATCHED,D2:wor:1-62,1-62,1-62,results.zip/day2.xlsx,workbook,4.18371,181.076,1-63,True,24.8037,34.9045,150.24,,0,150.24,0.15,3505.79,29376.7,False,3407.02,0.00787186,INTERPOLATED,582,613,-6.39253,0.00846027,0
585,CG6-0640,2026-01-17,1,63,field,CG6-0640|2026-01-17|L1|S63,2026-01-17 09:36:03,2026-01-17 09:36:03,2026-01-17 09:36:03.000000,1,1,3400.79,,,0.0016,24.8043,34.9027,129.7,0,,,True,SINGLE_READING;,2,day2,MATCHED,D2:wor:1-63,1-63,1-63,results.zip/day2.xlsx,workbook,7.11872,180.892,1-64,True,24.8043,34.9028,151.76,,0,151.76,0.15,3691.17,29288.8,False,3407.02,0.00787114,INTERPOLATED,582,613,-6.22943,0.00803212,0
586,CG6-0640,2026-01-17,1,64,field,CG6-0640|2026-01-17|L1|S64,2026-01-17 09:39:18,2026-01-17 09:39:18,2026-01-17 09:39:18.000000,1,1,3400.39,,,0.0016,24.8048,34.901,128.1,0,,,True,SINGLE_READING;,2,day2,MATCHED,D2:wor:1-64,1-64,1-64,results.zip/day2.xlsx,workbook,5.87098,192.753,1-63,True,24.8047,34.901,154.068,,0,154.068,0.15,3868.65,29227.5,False,3407.02,0.00787045,INTERPOLATED,582,613,-6.63053,0.00803144,0
587,CG6-0640,2026-01-17,1,65,field,CG6-0640|2026-01-17|L1|S65,2026-01-17 09:42:46,2026-01-17 09:42:46,2026-01-17 09:42:46.000000,1,1,3399.66,,,0.0018,24.8051,34.8986,132.1,0,,,True,SINGLE_READING;,2,day2,MATCHED,D2:wor:1-65,1-65,1-65,results.zip/day2.xlsx,workbook,4.546,160.9,1-66,True,24.805,34.8986,156.237,,0,156.237,0.15,4090.23,29175.6,False,3407.02,0.00786978,INTERPOLATED,582,613,-7.36206,0.00807301,0
588,CG6-0640,2026-01-17,1,66,field,CG6-0640|2026-01-17|L1|S66,2026-01-17 09:45:40,2026-01-17 09:45:40,2026-01-17 09:45:40.000000,1,1,3399.53,,,0.0016,24.8056,34.8971,131.1,0,,,True,SINGLE_READING;,2,day2,MATCHED,D2:wor:1-66,1-66,1-66,results.zip/day2.xlsx,workbook,3.69277,168.5,1-65,True,24.8056,34.8971,158.23,,0,158.23,0.15,4252.74,29107,False,3407.02,0.00786928,INTERPOLATED,582,613,-7.48814,0.00803029,0
589,CG6-0640,2026-01-17,1,67,field,CG6-0640|2026-01-17|L1|S67,2026-01-17 09:48:50,2026-01-17 09:48:50,2026-01-17 09:48:50.000000,1,1,3399.17,,,0.0029,24.8068,34.8947,110.8,0,,TILT_GT_20,True,SINGLE_READING;,2,day2,MATCHED,D2:wor:1-67,1-67,1-67,results.zip/day2.xlsx,workbook,8.53647,139.117,1-68,True,24.8067,34.8947,160.966,,0,160.966,0.15,4527.82,28960.2,False,3407.02,0.0078688,INTERPOLATED,582,613,-7.84526,0.00838618,0
590,CG6-0640,2026-01-17,1,68,field,CG6-0640|2026-01-17|L1|S68,2026-01-17 09:52:57,2026-01-17 09:52:57,2026-01-17 09:52:57.000000,1,1,3399.1,,,0.0032,24.8075,34.8935,111.6,0,,,True,SINGLE_READING;,2,day2,MATCHED,D2:wor:1-68,1-68,1-68,results.zip/day2.xlsx,workbook,8.76894,155.628,1-67,True,24.8074,34.8935,162.741,,0,162.741,0.15,4675.11,28871.9,False,3407.02,0.00786828,INTERPOLATED,582,613,-7.91619,0.0084941,0
591,CG6-0640,2026-01-17,1,69,field,CG6-0640|2026-01-17|L1|S69,2026-01-17 09:56:00,2026-01-17 09:56:00,2026-01-17 09:56:00.000000,1,1,3398.98,,,0.0063,24.8087,34.892,143.4,0,,,True,SINGLE_READING;,2,day2,MATCHED,D2:wor:1-69,1-69,1-69,results.zip/day2.xlsx,workbook,3.48808,181.801,1-70,True,24.8086,34.892,164.661,,0,164.661,0.15,4866.52,28734.6,False,3407.02,0.00786796,INTERPOLATED,582,613,-8.03717,0.0100794,0
592,CG6-0640,2026-01-17,1,70,field,CG6-0640|2026-01-17|L1|S70,2026-01-17 09:59:55,2026-01-17 09:59:55,2026-01-17 09:59:55.000000,1,1,3398.34,,,0.0036,24.8097,34.8906,161.9,0,,,True,SINGLE_READING;,2,day2,MATCHED,D2:wor:1-70,1-70,1-70,results.zip/day2.xlsx,workbook,1.98662,186.283,1-69,True,24.8097,34.8906,166.972,,0,166.972,0.15,5048.24,28614.8,False,3407.02,0.00786763,INTERPOLATED,582,613,-8.68014,0.00865215,0
593,CG6-0640,2026-01-17,1,71,field,CG6-0640|2026-01-17|L1|S71,2026-01-17 10:04:18,2026-01-17 10:04:18,2026-01-17 10:04:18.000000,1,1,3397.65,,,0.0035,24.8107,34.889,161.3,0,,,True,SINGLE_READING;,2,day2,MATCHED,D2:wor:1-71,1-71,1-71,results.zip/day2.xlsx,workbook,3.81542,187.547,1-72,True,24.8107,34.889,168.807,,0,168.807,0.15,5244.37,28496,False,3407.02,0.00786739,INTERPOLATED,582,613,-9.37357,0.0086108,0
594,CG6-0640,2026-01-17,1,72,field,CG6-0640|2026-01-17|L1|S72,2026-01-17 10:08:07,2026-01-17 10:08:07,2026-01-17 10:08:07.000000,1,1,3397.17,,,0.001,24.8109,34.8871,155,0,,,True,SINGLE_READING;,2,day2,MATCHED,D2:wor:1-72,1-72,1-72,results.zip/day2.xlsx,workbook,2.05405,190.109,1-71,True,24.8108,34.8871,171.258,,0,171.258,0.15,5416.06,28470.3,False,3407.02,0.00786728,INTERPOLATED,582,613,-9.85613,0.00793058,0
595,CG6-0640,2026-01-17,1,73,field,CG6-0640|2026-01-17|L1|S73,2026-01-17 10:12:06,2026-01-17 10:12:06,2026-01-17 10:12:06.000000,1,1,3396.44,,,0.0049,24.8109,34.8851,158.8,0,,,True,SINGLE_READING;,2,day2,MATCHED,D2:wor:1-73,1-73,1-73,results.zip/day2.xlsx,workbook,2.20677,208.078,1-72,True,24.8109,34.8851,173.099,,0,173.099,0.15,5600.64,28456.4,False,3407.02,0.00786727,INTERPOLATED,582,613,-10.5792,0.00926844,0
596,CG6-0640,2026-01-17,1,74,field,CG6-0640|2026-01-17|L1|S74,2026-01-17 10:16:00,2026-01-17 10:16:00,2026-01-17 10:16:00.000000,1,1,3396.02,,,0.0032,24.8105,34.8829,161.9,0,,,True,SINGLE_READING;,2,day2,MATCHED,D2:wor:1-74,1-74,1-74,results.zip/day2.xlsx,workbook,2.97374,192.369,1-75,True,24.8105,34.8829,175.752,,0,175.752,0.15,5776.18,28497.7,False,3407.02,0.00786736,INTERPOLATED,582,613,-11.0071,0.00849325,0
597,CG6-0640,2026-01-17,1,75,field,CG6-0640|2026-01-17|L1|S75,2026-01-17 10:19:05,2026-01-17 10:19:05,2026-01-17 10:19:05.000000,1,1,3396.01,,,0.0016,24.8095,34.8814,166.6,0,,,True,SINGLE_READING;,2,day2,MATCHED,D2:wor:1-75,1-75,1-75,results.zip/day2.xlsx,workbook,2.78446,187.404,1-74,True,24.8095,34.8814,177.746,,0,177.746,0.15,5859.11,28611.5,False,3407.02,0.0078675,INTERPOLATED,582,613,-11.0165,0.00802854,0
598,CG6-0640,2026-01-17,1,76,field,CG6-0640|2026-01-17|L1|S76,2026-01-17 10:23:19,2026-01-17 10:23:19,2026-01-17 10:23:19.000000,1,1,3395.58,,,0.0026,24.8083,34.88,169.9,0,,,True,SINGLE_READING;,2,day2,MATCHED,D2:wor:1-76,1-76,1-76,results.zip/day2.xlsx,workbook,5.11594,186.632,1-75,True,24.8083,34.88,179.547,,0,179.547,0.15,5928.65,28740.9,False,3407.03,0.00786779,INTERPOLATED,582,613,-11.4417,0.00828626,0
599,CG6-0640,2026-01-17,1,77,field,CG6-0640|2026-01-17|L1|S77,2026-01-17 10:26:47,2026-01-17 10:26:47,2026-01-17 10:26:47.000000,1,1,3395.52,,,0.0018,24.8073,34.8786,171.4,0,,,True,SINGLE_READING;,2,day2,MATCHED,D2:wor:1-77,1-77,1-77,results.zip/day2.xlsx,workbook,4.53084,181.643,1-76,True,24.8072,34.8786,181.285,,0,181.285,0.15,6019.08,28855,False,3407.03,0.00786811,INTERPOLATED,582,613,-11.5108,0.00807138,0
600,CG6-0640,2026-01-17,1,78,field,CG6-0640|2026-01-17|L1|S78,2026-01-17 10:30:17,2026-01-17 10:30:17,2026-01-17 10:30:17.000000,1,1,3395.85,,,0.0024,24.8068,34.8769,172.8,0,,,True,SINGLE_READING;,2,day2,MATCHED,D2:wor:1-78,1-78,1-78,results.zip/day2.xlsx,workbook,4.94082,176.839,1-77,True,24.8068,34.8768,184.226,,0,184.226,0.15,6161.95,28901.8,False,3407.03,0.00786852,INTERPOLATED,582,613,-11.1801,0.0082264,0
601,CG6-0640,2026-01-17,1,79,field,CG6-0640|2026-01-17|L1|S79,2026-01-17 10:34:10,2026-01-17 10:34:10,2026-01-17 10:34:10.000000,1,1,3395.76,,,0.0019,24.8081,34.8753,180.6,0,,,True,SINGLE_READING;,2,day2,MATCHED,D2:wor:1-79,1-79,1-79,results.zip/day2.xlsx,workbook,5.16747,210.8,1-78,True,24.808,34.8753,186.561,,0,186.561,0.15,6360.68,28768,False,3407.03,0.00786907,INTERPOLATED,582,613,-11.2677,0.0080952,0
602,CG6-0640,2026-01-17,1,80,field,CG6-0640|2026-01-17|L1|S80,2026-01-17 10:38:13,2026-01-17 10:38:13,2026-01-17 10:38:13.000000,1,1,3395.44,,,0.0017,24.8093,34.8736,181.5,0,,,True,SINGLE_READING;,2,day2,MATCHED,D2:wor:1-80,1-80,1-80,results.zip/day2.xlsx,workbook,6.95918,178.606,1-81,True,24.8092,34.8736,188.807,,0,188.807,0.15,6568.84,28635,False,3407.03,0.00786974,INTERPOLATED,582,613,-11.5914,0.00805126,0
603,CG6-0640,2026-01-17,1,81,field,CG6-0640|2026-01-17|L1|S81,2026-01-17 10:41:43,2026-01-17 10:41:43,2026-01-17 10:41:43.000000,1,1,3395.41,,,0.0054,24.8099,34.8719,181.7,0,,,True,SINGLE_READING;,2,day2,MATCHED,D2:wor:1-81,1-81,1-81,results.zip/day2.xlsx,workbook,9.79569,185.511,1-80,True,24.8098,34.8719,190.946,,0,190.946,0.15,6752.46,28564.3,False,3407.03,0.00787041,INTERPOLATED,582,613,-11.6152,0.00954481,0
604,CG6-0640,2026-01-17,1,82,field,CG6-0640|2026-01-17|L1|S82,2026-01-17 10:45:52,2026-01-17 10:45:52,2026-01-17 10:45:52.000000,1,1,3395.26,,,0.0021,24.8103,34.8699,176.1,0,,,True,SINGLE_READING;,2,day2,MATCHED,D2:wor:1-82,1-82,1-82,results.zip/day2.xlsx,workbook,6.07336,178.266,1-83,True,24.8103,34.87,193.248,,0,193.248,0.15,6955.69,28531.1,False,3407.03,0.00787131,INTERPOLATED,582,613,-11.7653,0.00814662,0
605,CG6-0640,2026-01-17,1,83,field,CG6-0640|2026-01-17|L1|S83,2026-01-17 10:49:39,2026-01-17 10:49:39,2026-01-17 10:49:39.000000,1,1,3395.14,,,0.0032,24.8117,34.8688,187,0,,,True,SINGLE_READING;,2,day2,MATCHED,D2:wor:1-83,1-83,1-83,results.zip/day2.xlsx,workbook,10.4026,181.147,1-84,True,24.8116,34.8689,195.582,,0,195.582,0.15,7113.26,28380,False,3407.03,0.00787222,INTERPOLATED,582,613,-11.8905,0.00849776,0
606,CG6-0640,2026-01-17,1,84,field,CG6-0640|2026-01-17|L1|S84,2026-01-17 10:54:23,2026-01-17 10:54:23,2026-01-17 10:54:23.000000,1,1,3394.85,,,0.0018,24.8121,34.8671,189.7,0,,,True,SINGLE_READING;,2,day2,MATCHED,D2:wor:1-84,1-84,1-84,results.zip/day2.xlsx,workbook,4.79681,185.403,1-83,True,24.8121,34.8671,198.247,,0,198.247,0.15,7292.96,28334.5,False,3407.03,0.00787349,INTERPOLATED,582,613,-12.183,0.00807663,0
607,CG6-0640,2026-01-17,1,85,field,CG6-0640|2026-01-17|L1|S85,2026-01-17 10:57:50,2026-01-17 10:57:50,2026-01-17 10:57:50.000000,1,1,3394.57,,,0.0017,24.8114,34.8652,180.9,0,,,True,SINGLE_READING;,2,day2,MATCHED,D2:wor:1-85,1-85,1-85,results.zip/day2.xlsx,workbook,3.37477,205.869,1-84,True,24.8114,34.8652,200.496,,0,200.496,0.15,7437.62,28427.6,False,3407.03,0.00787451,INTERPOLATED,582,613,-12.4616,0.00805593,0
608,CG6-0640,2026-01-17,1,86,field,CG6-0640|2026-01-17|L1|S86,2026-01-17 11:01:46,2026-01-17 11:01:46,2026-01-17 11:01:46.000000,1,1,3394.02,,,0.0016,24.8111,34.863,192.1,0,,,True,SINGLE_READING;,2,day2,MATCHED,D2:wor:1-86,1-86,1-86,results.zip/day2.xlsx,workbook,5.67832,167.744,1-87,True,24.811,34.863,203.915,,0,203.915,0.15,7635.58,28471,False,3407.03,0.00787577,INTERPOLATED,582,613,-13.0081,0.00803665,0
609,CG6-0640,2026-01-17,1,87,field,CG6-0640|2026-01-17|L1|S87,2026-01-17 11:05:22,2026-01-17 11:05:22,2026-01-17 11:05:22.000000,1,1,3393.68,,,0.0022,24.8107,34.8614,202.4,0,,,True,SINGLE_READING;,2,day2,MATCHED,D2:wor:1-87,1-87,1-87,results.zip/day2.xlsx,workbook,4.37351,165.027,1-86,True,24.8107,34.8614,205.294,,0,205.294,0.15,7773.8,28519.3,False,3407.03,0.00787701,INTERPOLATED,582,613,-13.3495,0.00817847,0
610,CG6-0640,2026-01-17,1,88,field,CG6-0640|2026-01-17|L1|S88,2026-01-17 11:08:56,2026-01-17 11:08:56,2026-01-17 11:08:56.000000,1,1,3393.39,,,0.0036,24.8108,34.8593,206.8,0,,,True,SINGLE_READING;,2,day2,MATCHED,D2:wor:1-88,1-88,1-88,results.zip/day2.xlsx,workbook,6.2454,192.051,1-89,True,24.8107,34.8593,207.331,,0,207.331,0.15,7974.56,28526.7,False,3407.03,0.00787832,INTERPOLATED,582,613,-13.6398,0.00866187,0
611,CG6-0640,2026-01-17,1,89,field,CG6-0640|2026-01-17|L1|S89,2026-01-17 11:12:33,2026-01-17 11:12:33,2026-01-17 11:12:33.000000,1,1,3393.29,,,0.0021,24.8106,34.8574,204.6,0,,,True,SINGLE_READING;,2,day2,MATCHED,D2:wor:1-89,1-89,1-89,results.zip/day2.xlsx,workbook,1.85247,194.811,1-88,True,24.8106,34.8574,209.741,,0,209.741,0.15,8150.12,28558.4,False,3407.03,0.00787973,INTERPOLATED,582,613,-13.7457,0.00815477,0
612,CG6-0640,2026-01-17,1,90,field,CG6-0640|2026-01-17|L1|S90,2026-01-17 11:16:23,2026-01-17 11:16:23,2026-01-17 11:16:23.000000,1,1,3393.23,,,0.0016,24.8111,34.8552,204.3,0,,,True,SINGLE_READING;,2,day2,MATCHED,D2:wor:1-90,1-90,1-90,results.zip/day2.xlsx,workbook,5.70142,233.095,1-89,True,24.8111,34.8552,212.158,,0,212.158,0.15,8380.91,28516.5,False,3407.03,0.00788132,INTERPOLATED,582,613,-13.8063,0.00804209,0
613,CG6-0640,2026-01-17,0,100,field_base_100,CG6-0640|2026-01-17|L0|S100,2026-01-17 11:44:23,2026-01-17 11:47:23,2026-01-17 11:45:53.000000,4,4,3407.04,0.00249504,0.000621605,0.000882114,24.7868,34.9338,108.55,1.00076,,,True,,2,day2,MATCHED,D2:wor:Base100,Base100,Base100,results.zip/day2.xlsx,workbook,7.63911,,,True,24.7867,34.9338,111.792,,0,111.792,0.15,7.63883,31638,True,3407.04,0.000882114,AT_CONTROL,613,613,0,0.0012475,0
614,CG6-0640,2026-01-17,1,91,field,CG6-0640|2026-01-17|L1|S91,2026-01-17 12:16:53,2026-01-17 12:16:53,2026-01-17 12:16:53.000000,1,1,3392.87,,,0.0016,24.8121,34.8528,201.7,0,,,True,SINGLE_READING;,2,day2,MATCHED,D2:wor:1-91,1-91,1-91,results.zip/day2.xlsx,workbook,6.69178,131.358,1-92,True,24.8121,34.8528,215.635,,0,215.635,0.15,8644.46,28422.6,False,3407.04,0.00788364,INTERPOLATED,613,634,-14.162,0.00804436,0
615,CG6-0640,2026-01-17,1,92,field,CG6-0640|2026-01-17|L1|S92,2026-01-17 12:21:27,2026-01-17 12:21:27,2026-01-17 12:21:27.000000,1,1,3392.64,,,0.0011,24.8131,34.852,202.7,0,,,True,SINGLE_READING;,2,day2,MATCHED,D2:wor:1-92,1-92,1-92,results.zip/day2.xlsx,workbook,4.1281,139.273,1-91,True,24.8131,34.852,217.28,,0,217.28,0.15,8756.65,28325.2,False,3407.04,0.00788289,INTERPOLATED,613,634,-14.3975,0.00795927,0
616,CG6-0640,2026-01-17,1,93,field,CG6-0640|2026-01-17|L1|S93,2026-01-17 12:25:31,2026-01-17 12:25:31,2026-01-17 12:25:31.000000,1,1,3392.91,,,0.0032,24.8138,34.85,201.1,0,,,True,SINGLE_READING;,2,day2,MATCHED,D2:wor:1-93,1-93,1-93,results.zip/day2.xlsx,workbook,5.09303,212.665,1-92,True,24.8138,34.85,220.281,,0,220.281,0.15,8969.05,28264.7,False,3407.04,0.00788248,INTERPOLATED,613,634,-14.1263,0.00850726,0
617,CG6-0640,2026-01-17,1,94,field,CG6-0640|2026-01-17|L1|S94,2026-01-17 12:30:16,2026-01-17 12:30:16,2026-01-17 12:30:16.000000,1,1,3392.55,,,0.0022,24.8123,34.8477,193.9,0,,,True,SINGLE_READING;,2,day2,MATCHED,D2:wor:1-94,1-94,1-94,results.zip/day2.xlsx,workbook,5.81706,141.515,1-95,True,24.8123,34.8477,222.652,,0,222.652,0.15,9141.43,28451.5,False,3407.04,0.0078823,INTERPOLATED,613,634,-14.489,0.00818356,0
618,CG6-0640,2026-01-17,1,95,field,CG6-0640|2026-01-17|L1|S95,2026-01-17 12:34:34,2026-01-17 12:34:34,2026-01-17 12:34:34.000000,1,1,3392.23,,,0.002,24.8116,34.8466,199.2,0,,,True,SINGLE_READING;,2,day2,MATCHED,D2:wor:1-95,1-95,1-95,results.zip/day2.xlsx,workbook,5.04635,131.22,1-94,True,24.8116,34.8466,225.093,,0,225.093,0.15,9223.69,28542.1,False,3407.04,0.00788243,INTERPOLATED,613,634,-14.8063,0.0081322,0
619,CG6-0640,2026-01-17,1,96,field,CG6-0640|2026-01-17|L1|S96,2026-01-17 12:38:46,2026-01-17 12:38:46,2026-01-17 12:38:46.000000,1,1,3391.62,,,0.0012,24.8101,34.8457,211.5,0,,,True,SINGLE_READING;,2,day2,MATCHED,D2:wor:1-96,1-96,1-96,results.zip/day2.xlsx,workbook,11.6571,192.274,1-95,True,24.81,34.8456,226.872,,0,226.872,0.15,9261.15,28725.8,False,3407.03,0.00788281,INTERPOLATED,613,634,-15.4135,0.00797363,0
620,CG6-0640,2026-01-17,1,97,field,CG6-0640|2026-01-17|L1|S97,2026-01-17 12:42:18,2026-01-17 12:42:18,2026-01-17 12:42:18.000000,1,1,3391.35,,,0.0019,24.8081,34.8458,210.3,0,,,True,SINGLE_READING;,2,day2,MATCHED,D2:wor:1-97,1-97,1-97,results.zip/day2.xlsx,workbook,11.3281,193.931,1-98,True,24.808,34.8457,229.616,,0,229.616,0.15,9192.54,28944.4,False,3407.03,0.00788333,INTERPOLATED,613,634,-15.6821,0.00810907,0
621,CG6-0640,2026-01-17,1,98,field,CG6-0640|2026-01-17|L1|S98,2026-01-17 12:46:00,2026-01-17 12:46:00,2026-01-17 12:46:00.000000,1,1,3390.73,,,0.0021,24.8064,34.8455,211.1,0,,,True,SINGLE_READING;,2,day2,MATCHED,D2:wor:1-98,1-98,1-98,results.zip/day2.xlsx,workbook,10.9491,174.948,1-97,True,24.8063,34.8454,232.41,,0,232.41,0.15,9171.24,29129.9,False,3407.03,0.00788408,INTERPOLATED,613,634,-16.3024,0.00815896,0
622,CG6-0640,2026-01-17,1,99,field,CG6-0640|2026-01-17|L1|S99,2026-01-17 12:50:03,2026-01-17 12:50:03,2026-01-17 12:50:03.000000,1,1,3390.43,,,0.0021,24.8048,34.8448,222.6,0,,,True,SINGLE_READING;,2,day2,MATCHED,D2:wor:1-99,1-99,1-99,results.zip/day2.xlsx,workbook,8.94078,181.689,1-98,True,24.8048,34.8447,234.171,,0,234.171,0.15,9204.59,29313.2,False,3407.03,0.00788511,INTERPOLATED,613,634,-16.6009,0.00815997,0
623,CG6-0640,2026-01-17,1,100,field,CG6-0640|2026-01-17|L1|S100,2026-01-17 12:54:22,2026-01-17 12:54:22,2026-01-17 12:54:22.000000,1,1,3389.94,,,0.0026,24.8037,34.8433,215.7,0,,,True,SINGLE_READING;,2,day2,MATCHED,D2:wor:1-100,1-100,1-100,results.zip/day2.xlsx,workbook,10.3463,187.995,1-99,True,24.8036,34.8432,237.16,,0,237.16,0.15,9325.59,29456.2,False,3407.03,0.00788649,INTERPOLATED,613,634,-17.0947,0.00830401,0
624,CG6-0640,2026-01-17,1,101,field,CG6-0640|2026-01-17|L1|S101,2026-01-17 12:58:19,2026-01-17 12:58:19,2026-01-17 12:58:19.000000,1,1,3389.53,,,0.003,24.8022,34.8422,216.8,0,,,True,SINGLE_READING;,2,day2,MATCHED,D2:wor:1-101,1-101,1-101,results.zip/day2.xlsx,workbook,8.68931,187.671,1-100,True,24.8021,34.8422,239.058,,0,239.058,0.15,9400.39,29633.4,False,3407.03,0.00788798,INTERPOLATED,613,634,-17.5076,0.00843921,0
625,CG6-0640,2026-01-17,1,102,field,CG6-0640|2026-01-17|L1|S102,2026-01-17 13:02:22,2026-01-17 13:02:22,2026-01-17 13:02:22.000000,1,1,3389.1,,,0.0015,24.8008,34.8406,228.1,0,,,True,SINGLE_READING;,2,day2,MATCHED,D2:wor:1-102,1-102,1-102,results.zip/day2.xlsx,workbook,11.5587,214.605,1-101,True,24.8008,34.8405,241.446,,0,241.446,0.15,9535.3,29803.8,False,3407.03,0.00788974,INTERPOLATED,613,634,-17.9325,0.00803107,0
626,CG6-0640,2026-01-17,1,103,field,CG6-0640|2026-01-17|L1|S103,2026-01-17 13:06:10,2026-01-17 13:06:10,2026-01-17 13:06:10.000000,1,1,3388.54,,,0.0027,24.7996,34.8389,227.1,0,,,True,SINGLE_READING;,2,day2,MATCHED,D2:wor:1-103,1-103,1-103,results.zip/day2.xlsx,workbook,11.4782,201.484,1-102,True,24.7996,34.8389,244.031,,0,244.031,0.15,9677.3,29957.3,False,3407.03,0.00789162,INTERPOLATED,613,634,-18.4942,0.00834072,0
627,CG6-0640,2026-01-17,1,104,field,CG6-0640|2026-01-17|L1|S104,2026-01-17 13:15:35,2026-01-17 13:15:35,2026-01-17 13:15:35.000000,1,1,3387.98,,,0.0015,24.798,34.8374,235.7,0,,,True,SINGLE_READING;,2,day2,MATCHED,D2:wor:1-104,1-104,1-104,results.zip/day2.xlsx,workbook,8.03462,118.114,42,True,24.798,34.8373,246.324,,0,246.324,0.15,9812.19,30154.9,False,3407.03,0.00789716,INTERPOLATED,613,634,-19.0466,0.00803836,0
628,CG6-0640,2026-01-17,1,105,field,CG6-0640|2026-01-17|L1|S105,2026-01-17 13:19:16,2026-01-17 13:19:16,2026-01-17 13:19:16.000000,1,1,3387.6,,,0.0017,24.7969,34.8362,228.7,0,,,True,SINGLE_READING;,2,day2,MATCHED,D2:wor:1-105,1-105,1-105,results.zip/day2.xlsx,workbook,6.05645,102.085,42,True,24.7969,34.8362,248.353,,0,248.353,0.15,9912.12,30292,False,3407.03,0.00789968,INTERPOLATED,613,634,-19.4282,0.00808053,0
629,CG6-0640,2026-01-17,1,106,field,CG6-0640|2026-01-17|L1|S106,2026-01-17 13:22:56,2026-01-17 13:22:56,2026-01-17 13:22:56.000000,1,1,3387.16,,,0.0012,24.7961,34.8348,233,0,,,True,SINGLE_READING;,2,day2,UNMATCHED_GT_30M,D2:wor:1-105,1-105,1-105,results.zip/day2.xlsx,workbook,164.356,238.509,1-107,False,24.7969,34.8362,248.353,,0,248.353,0.15,10042.6,30402.5,False,3407.03,0.00790238,INTERPOLATED,613,634,-19.8723,0.00799298,0
630,CG6-0640,2026-01-17,1,107,field,CG6-0640|2026-01-17|L1|S107,2026-01-17 13:26:50,2026-01-17 13:26:50,2026-01-17 13:26:50.000000,1,1,3386.58,,,0.0027,24.7951,34.8328,249.8,0,,,True,SINGLE_READING;,2,day2,MATCHED,D2:wor:1-107,1-107,1-107,results.zip/day2.xlsx,workbook,9.3766,198.253,1-108,True,24.795,34.8328,252.895,,0,252.895,0.15,10234.8,30543.7,False,3407.03,0.00790547,INTERPOLATED,613,634,-20.4535,0.00835383,0
631,CG6-0640,2026-01-17,1,108,field,CG6-0640|2026-01-17|L1|S108,2026-01-17 13:30:24,2026-01-17 13:30:24,2026-01-17 13:30:24.000000,1,1,3385.9,,,0.0019,24.7948,34.8309,244,0,,,True,SINGLE_READING;,2,day2,MATCHED,D2:wor:1-108,1-108,1-108,results.zip/day2.xlsx,workbook,6.27093,193.82,1-107,True,24.7948,34.8309,255.026,,0,255.026,0.15,10425.2,30600.9,False,3407.03,0.00790849,INTERPOLATED,613,634,-21.1323,0.00813352,0
632,CG6-0640,2026-01-17,1,109,field,CG6-0640|2026-01-17|L1|S109,2026-01-17 13:34:19,2026-01-17 13:34:19,2026-01-17 13:34:19.000000,1,1,3385.29,,,0.0013,24.7948,34.8287,249.8,0,,,True,SINGLE_READING;,2,day2,MATCHED,D2:wor:1-109,1-109,1-109,results.zip/day2.xlsx,workbook,4.0476,193.575,1-110,True,24.7947,34.8287,257.796,,0,257.796,0.15,10646.7,30643.9,False,3407.03,0.00791201,INTERPOLATED,613,634,-21.7362,0.0080181,0
633,CG6-0640,2026-01-17,1,110,field,CG6-0640|2026-01-17|L1|S110,2026-01-17 13:38:10,2026-01-17 13:38:10,2026-01-17 13:38:10.000000,1,1,3384.69,,,0.0017,24.795,34.8267,242.8,0,,,True,SINGLE_READING;,2,day2,MATCHED,D2:wor:1-110,1-110,1-110,results.zip/day2.xlsx,workbook,2.85164,195.09,1-109,True,24.7949,34.8267,260.072,,0,260.072,0.15,10840.6,30656.6,False,3407.03,0.00791569,INTERPOLATED,613,634,-22.3376,0.00809618,0
634,CG6-0640,2026-01-17,0,100,field_base_100,CG6-0640|2026-01-17|L0|S100,2026-01-17 14:16:31,2026-01-17 14:19:31,2026-01-17 14:18:01.000000,4,4,3407.03,0.00197286,0.000529533,0.00137136,24.7868,34.9338,86.7,0,,,True,,2,day2,MATCHED,D2:wor:Base100,Base100,Base100,results.zip/day2.xlsx,workbook,6.38978,,,True,24.7867,34.9338,111.792,,0,111.792,0.15,6.39441,31639.9,True,3407.03,0.00137136,AT_CONTROL,634,634,0,0.00193939,0
635,CG6-0640,2026-01-17,0,0,hotel_base_0,CG6-0640|2026-01-17|L0|S0,2026-01-17 16:02:03,2026-01-17 16:05:03,2026-01-17 16:03:33.000000,4,4,3473.1,0.00282953,0.000633033,0.000633033,25.0669,34.8777,23.7,0,,,True,,2,day2,MATCHED,D2:wor:Base1,Base1,Base1,results.zip/day2.xlsx,workbook,16.3292,,,True,25.0668,34.8777,36.488,,0,36.488,0.15,31659.4,16.3203,True,3407.02,0.00773017,AT_CONTROL,635,635,66.0736,0.00775605,0
636,CG6-0640,2026-01-18,0,0,hotel_base_0,CG6-0640|2026-01-18|L0|S0,2026-01-18 03:48:13,2026-01-18 03:51:13,2026-01-18 03:49:43.000000,4,4,3473.09,0.00255632,0.000558213,0.000558213,25.067,34.8777,19.7,0.66717,,,True,,3,day3,MATCHED,D3:wor:Base0,Base0,Base0,results.zip/day3.xlsx,workbook,24.4769,,,True,25.0668,34.8777,36.538,,0,36.538,0.15,31667.3,24.4921,True,3407.02,0.00772441,AT_CONTROL,636,636,66.0736,0.00774455,0
637,CG6-0640,2026-01-18,0,100,field_base_100,CG6-0640|2026-01-18|L0|S100,2026-01-18 06:04:14,2026-01-18 06:07:14,2026-01-18 06:05:44.000000,4,4,3407.03,0.00180001,0.000372803,0.000531507,24.7868,34.9338,99.4,0,,,True,,3,day3,MATCHED,D3:wor:Base100,Base100,Base100,results.zip/day3.xlsx,workbook,1.12243,,,True,24.7867,34.9338,111.767,,0,111.767,0.15,1.14872,31644.5,True,3407.03,0.000531507,AT_CONTROL,637,637,0,0.000751665,0
638,CG6-0640,2026-01-18,1,111,field,CG6-0640|2026-01-18|L1|S111,2026-01-18 06:49:28,2026-01-18 06:49:28,2026-01-18 06:49:28.000000,1,1,3384.11,,,0.0042,24.7943,34.8245,249.1,0,,,True,SINGLE_READING;,3,day3,MATCHED,D3:wor:1-111,1-111,1-111,results.zip/day3.xlsx,workbook,1.50586,152.213,1-112,True,24.7943,34.8245,262.655,,0,262.655,0.15,11061.2,30767.6,False,3407.03,0.00785979,INTERPOLATED,637,676,-22.9188,0.00891158,0
639,CG6-0640,2026-01-18,1,112,field,CG6-0640|2026-01-18|L1|S112,2026-01-18 06:59:54,2026-01-18 06:59:54,2026-01-18 06:59:54.000000,1,1,3383.67,,,0.0036,24.7937,34.8232,250.6,0,,,True,SINGLE_READING;,3,day3,MATCHED,D3:wor:1-112,1-112,1-112,results.zip/day3.xlsx,workbook,2.42892,28.0677,1-149,True,24.7937,34.8231,264.337,,0,264.337,0.15,11190.2,30860.2,False,3407.03,0.0078588,INTERPOLATED,637,676,-23.3597,0.00864411,0
640,CG6-0640,2026-01-18,1,113,field,CG6-0640|2026-01-18|L1|S113,2026-01-18 07:03:51,2026-01-18 07:03:51,2026-01-18 07:03:51.000000,1,1,3383.19,,,0.0019,24.7936,34.8205,245.8,0,,,True,SINGLE_READING;,3,day3,MATCHED,D3:wor:1-113,1-113,1-113,results.zip/day3.xlsx,workbook,2.19725,186.722,1,True,24.7936,34.8205,266.88,,0,266.88,0.15,11456.2,30914,False,3407.03,0.00785846,INTERPOLATED,637,676,-23.8423,0.00808488,0
641,CG6-0640,2026-01-18,1,114,field,CG6-0640|2026-01-18|L1|S114,2026-01-18 07:07:31,2026-01-18 07:07:31,2026-01-18 07:07:31.000000,1,1,3382.63,,,0.0015,24.7936,34.8187,250.7,0,,,True,SINGLE_READING;,3,day3,MATCHED,D3:wor:1-114,1-114,1-114,results.zip/day3.xlsx,workbook,2.57559,189.725,1-113,True,24.7935,34.8187,268.757,,0,268.757,0.15,11642.8,30955,False,3407.03,0.00785816,INTERPOLATED,637,676,-24.4021,0.00800004,0
642,CG6-0640,2026-01-18,1,115,field,CG6-0640|2026-01-18|L1|S115,2026-01-18 07:11:13,2026-01-18 07:11:13,2026-01-18 07:11:13.000000,1,1,3381.99,,,0.0031,24.7937,34.8166,251.3,0,,,True,SINGLE_READING;,3,day3,MATCHED,D3:wor:1-115,1-115,1-115,results.zip/day3.xlsx,workbook,1.65396,207.259,1-116,True,24.7936,34.8166,271.089,,0,271.089,0.15,11853,30985.2,False,3407.03,0.00785787,INTERPOLATED,637,676,-25.0345,0.00844726,0
643,CG6-0640,2026-01-18,1,116,field,CG6-0640|2026-01-18|L1|S116,2026-01-18 07:15:37,2026-01-18 07:15:37,2026-01-18 07:15:37.000000,1,1,3381.03,,,0.0011,24.7938,34.8145,252.4,0,,,True,SINGLE_READING;,3,day3,MATCHED,D3:wor:1-116,1-116,1-116,results.zip/day3.xlsx,workbook,2.8046,210.988,1-115,True,24.7938,34.8145,273.113,,0,273.113,0.15,12062.9,31009.6,False,3407.03,0.00785755,INTERPOLATED,637,676,-25.9974,0.00793417,0
644,CG6-0640,2026-01-18,1,117,field,CG6-0640|2026-01-18|L1|S117,2026-01-18 07:19:48,2026-01-18 07:19:48,2026-01-18 07:19:48.000000,1,1,3380.48,,,0.0011,24.7946,34.8124,263.6,0,,,True,SINGLE_READING;,3,day3,MATCHED,D3:wor:1-117,1-117,1-117,results.zip/day3.xlsx,workbook,3.13063,167.826,1-118,True,24.7945,34.8124,275.351,,0,275.351,0.15,12276.9,30974.3,False,3407.03,0.00785726,INTERPOLATED,637,676,-26.5439,0.00793389,0
645,CG6-0640,2026-01-18,1,118,field,CG6-0640|2026-01-18|L1|S118,2026-01-18 07:23:54,2026-01-18 07:23:54,2026-01-18 07:23:54.000000,1,1,3380.03,,,0.0011,24.7949,34.8108,263.3,0,,,True,SINGLE_READING;,3,day3,MATCHED,D3:wor:1-118,1-118,1-118,results.zip/day3.xlsx,workbook,4.70325,173.317,1-117,True,24.7948,34.8108,277.333,,0,277.333,0.15,12448,30977.5,False,3407.03,0.00785701,INTERPOLATED,637,676,-26.9952,0.00793363,0
646,CG6-0640,2026-01-18,1,119,field,CG6-0640|2026-01-18|L1|S119,2026-01-18 07:26:53,2026-01-18 07:26:53,2026-01-18 07:26:53.000000,1,1,3379.6,,,0.0015,24.7955,34.8089,263.2,0,,,True,SINGLE_READING;,3,day3,MATCHED,D3:wor:1-119,1-119,1-119,results.zip/day3.xlsx,workbook,6.67559,202.288,1-118,True,24.7955,34.809,279.448,,0,279.448,0.15,12636.8,30947.9,False,3407.03,0.00785683,INTERPOLATED,637,676,-27.4231,0.00799874,0
647,CG6-0640,2026-01-18,1,120,field,CG6-0640|2026-01-18|L1|S120,2026-01-18 07:31:47,2026-01-18 07:31:47,2026-01-18 07:31:47.000000,1,1,3378.44,,,0.0011,24.7959,34.8051,275.9,0,,,True,SINGLE_READING;,3,day3,MATCHED,D3:wor:1-120,1-120,1-120,results.zip/day3.xlsx,workbook,1.83161,212.688,1-121,True,24.796,34.8052,283.84,,0,283.84,0.15,13023.8,30988.1,False,3407.03,0.00785656,INTERPOLATED,637,676,-28.5834,0.00793319,0
648,CG6-0640,2026-01-18,1,121,field,CG6-0640|2026-01-18|L1|S121,2026-01-18 07:35:42,2026-01-18 07:35:42,2026-01-18 07:35:42.000000,1,1,3377.89,,,0.0021,24.7965,34.8031,283.1,0,,,True,SINGLE_READING;,3,day3,MATCHED,D3:wor:1-121,1-121,1-121,results.zip/day3.xlsx,workbook,5.16564,197.799,1-122,True,24.7965,34.8031,285.882,,0,285.882,0.15,13236.6,30980.8,False,3407.03,0.00785637,INTERPOLATED,637,676,-29.141,0.00813219,0
649,CG6-0640,2026-01-18,1,122,field,CG6-0640|2026-01-18|L1|S122,2026-01-18 07:39:12,2026-01-18 07:39:12,2026-01-18 07:39:12.000000,1,1,3377.26,,,0.0015,24.7971,34.8012,280.3,0,,,True,SINGLE_READING;,3,day3,MATCHED,D3:wor:1-122,1-122,1-122,results.zip/day3.xlsx,workbook,2.75632,198.084,1-123,True,24.7971,34.8012,288.054,,0,288.054,0.15,13429.5,30961.1,False,3407.03,0.00785621,INTERPOLATED,637,676,-29.7711,0.00799813,0
650,CG6-0640,2026-01-18,1,123,field,CG6-0640|2026-01-18|L1|S123,2026-01-18 07:43:35,2026-01-18 07:43:35,2026-01-18 07:43:35.000000,1,1,3377.14,,,0.0058,24.7969,34.7993,280.9,0,,,True,SINGLE_READING;,3,day3,MATCHED,D3:wor:1-123,1-123,1-123,results.zip/day3.xlsx,workbook,1.67259,201.482,1-122,True,24.7969,34.7993,290.36,,0,290.36,0.15,13623.8,31035.6,False,3407.03,0.00785603,INTERPOLATED,637,676,-29.8905,0.0097651,0
651,CG6-0640,2026-01-18,1,124,field,CG6-0640|2026-01-18|L1|S124,2026-01-18 07:46:59,2026-01-18 07:46:59,2026-01-18 07:46:59.000000,1,1,3376.69,,,0.0017,24.7973,34.7973,285.8,0,,,True,SINGLE_READING;,3,day3,MATCHED,D3:wor:1-124,1-124,1-124,results.zip/day3.xlsx,workbook,2.85791,205.707,1-123,True,24.7973,34.7973,292.216,,0,292.216,0.15,13827.2,31042,False,3407.03,0.00785591,INTERPOLATED,637,676,-30.3386,0.00803774,0
652,CG6-0640,2026-01-18,1,125,field,CG6-0640|2026-01-18|L1|S125,2026-01-18 07:50:22,2026-01-18 07:50:22,2026-01-18 07:50:22.000000,1,1,3375.9,,,0.0011,24.798,34.7952,283.8,0,,,True,SINGLE_READING;,3,day3,MATCHED,D3:wor:1-125,1-125,1-125,results.zip/day3.xlsx,workbook,4.34428,164.277,1-126,True,24.798,34.7952,295.636,,0,295.636,0.15,14042.4,31016.2,False,3407.03,0.0078558,INTERPOLATED,637,676,-31.1282,0.00793244,0
653,CG6-0640,2026-01-18,1,126,field,CG6-0640|2026-01-18|L1|S126,2026-01-18 07:53:57,2026-01-18 07:53:57,2026-01-18 07:53:57.000000,1,1,3375.54,,,0.001,24.799,34.7939,288.5,0,,,True,SINGLE_READING;,3,day3,MATCHED,D3:wor:1-126,1-126,1-126,results.zip/day3.xlsx,workbook,3.1205,171.649,1-125,True,24.799,34.794,297.523,,0,297.523,0.15,14180,30947.3,False,3407.03,0.0078557,INTERPOLATED,637,676,-31.4856,0.00791909,0
654,CG6-0640,2026-01-18,1,127,field,CG6-0640|2026-01-18|L1|S127,2026-01-18 07:58:12,2026-01-18 07:58:12,2026-01-18 07:58:12.000000,1,1,3375.13,,,0.0017,24.8,34.7922,292.9,0,,,True,SINGLE_READING;,3,day3,MATCHED,D3:wor:1-127,1-127,1-127,results.zip/day3.xlsx,workbook,2.88001,200.041,1-128,True,24.8,34.7923,299.759,,0,299.759,0.15,14362,30883.5,False,3407.03,0.0078556,INTERPOLATED,637,676,-31.8929,0.00803744,0
655,CG6-0640,2026-01-18,1,128,field,CG6-0640|2026-01-18|L1|S128,2026-01-18 08:01:40,2026-01-18 08:01:40,2026-01-18 08:01:40.000000,1,1,3374.5,,,0.0024,24.8017,34.7913,302,0,,,True,SINGLE_READING;,3,day3,MATCHED,D3:wor:1-128,1-128,1-128,results.zip/day3.xlsx,workbook,5.86369,207.228,1-127,True,24.8016,34.7913,301.87,,0,301.87,0.15,14477.3,30736,False,3407.03,0.00785554,INTERPOLATED,637,676,-32.5305,0.00821398,0
656,CG6-0640,2026-01-18,1,129,field,CG6-0640|2026-01-18|L1|S129,2026-01-18 08:05:51,2026-01-18 08:05:51,2026-01-18 08:05:51.000000,1,1,3373.93,,,0.001,24.8036,34.791,302.1,0,,,True,SINGLE_READING;,3,day3,MATCHED,D3:wor:1-129,1-129,1-129,results.zip/day3.xlsx,workbook,4.36911,164.261,1-130,True,24.8036,34.791,304.555,,0,304.555,0.15,14530.6,30533.6,False,3407.03,0.00785547,INTERPOLATED,637,676,-33.0996,0.00791887,0
657,CG6-0640,2026-01-18,1,130,field,CG6-0640|2026-01-18|L1|S130,2026-01-18 08:09:40,2026-01-18 08:09:40,2026-01-18 08:09:40.000000,1,1,3373.75,,,0.0011,24.8051,34.7908,304.7,0,,,True,SINGLE_READING;,3,day3,MATCHED,D3:wor:1-130,1-130,1-130,results.zip/day3.xlsx,workbook,4.79068,171.912,1-129,True,24.8051,34.7908,306.397,,0,306.397,0.15,14575.8,30381.1,False,3407.03,0.00785544,INTERPOLATED,637,676,-33.2783,0.00793208,0
658,CG6-0640,2026-01-18,1,131,field,CG6-0640|2026-01-18|L1|S131,2026-01-18 08:13:04,2026-01-18 08:13:04,2026-01-18 08:13:04.000000,1,1,3373.21,,,0.002,24.8065,34.7893,309.2,0,,,True,SINGLE_READING;,3,day3,MATCHED,D3:wor:1-131,1-131,1-131,results.zip/day3.xlsx,workbook,4.91199,204.183,1-132,True,24.8065,34.7894,308.635,,0,308.635,0.15,14743.7,30278.6,False,3407.03,0.00785542,INTERPOLATED,637,676,-33.8184,0.00810602,0
659,CG6-0640,2026-01-18,1,132,field,CG6-0640|2026-01-18|L1|S132,2026-01-18 08:16:30,2026-01-18 08:16:30,2026-01-18 08:16:30.000000,1,1,3372.8,,,0.0011,24.8083,34.7888,307,0,,,True,SINGLE_READING;,3,day3,MATCHED,D3:wor:1-132,1-132,1-132,results.zip/day3.xlsx,workbook,4.17127,194.696,1-133,True,24.8083,34.7889,311.044,,0,311.044,0.15,14822.6,30099.3,False,3407.03,0.00785541,INTERPOLATED,637,676,-34.2234,0.00793205,0
660,CG6-0640,2026-01-18,1,133,field,CG6-0640|2026-01-18|L1|S133,2026-01-18 08:19:58,2026-01-18 08:19:58,2026-01-18 08:19:58.000000,1,1,3372.6,,,0.0024,24.8097,34.7877,305.3,0,,,True,SINGLE_READING;,3,day3,MATCHED,D3:wor:1-133,1-133,1-133,results.zip/day3.xlsx,workbook,3.03639,201.43,1-132,True,24.8097,34.7877,312.965,,0,312.965,0.15,14965.4,29984,False,3407.03,0.00785542,INTERPOLATED,637,676,-34.4317,0.00821387,0
661,CG6-0640,2026-01-18,1,134,field,CG6-0640|2026-01-18|L1|S134,2026-01-18 08:23:32,2026-01-18 08:23:32,2026-01-18 08:23:32.000000,1,1,3371.95,,,0.0012,24.8112,34.7863,313.7,0,,,True,SINGLE_READING;,3,day3,MATCHED,D3:wor:1-134,1-134,1-134,results.zip/day3.xlsx,workbook,1.93824,195.371,1-135,True,24.8111,34.7863,316.478,,0,316.478,0.15,15133.7,29878.7,False,3407.03,0.00785544,INTERPOLATED,637,676,-35.0802,0.00794657,0
662,CG6-0640,2026-01-18,1,135,field,CG6-0640|2026-01-18|L1|S135,2026-01-18 08:26:56,2026-01-18 08:26:56,2026-01-18 08:26:56.000000,1,1,3371.29,,,0.0018,24.8118,34.7844,309.6,0,,,True,SINGLE_READING;,3,day3,MATCHED,D3:wor:1-135,1-135,1-135,results.zip/day3.xlsx,workbook,4.5054,201.778,1-134,True,24.8118,34.7845,318.746,,0,318.746,0.15,15329.9,29867.1,False,3407.03,0.00785548,INTERPOLATED,637,676,-35.7331,0.00805906,0
663,CG6-0640,2026-01-18,1,136,field,CG6-0640|2026-01-18|L1|S136,2026-01-18 08:30:32,2026-01-18 08:30:32,2026-01-18 08:30:32.000000,1,1,3370.56,,,0.0008,24.8128,34.7825,313.2,0,,,True,SINGLE_READING;,3,day3,MATCHED,D3:wor:1-136,1-136,1-136,results.zip/day3.xlsx,workbook,2.62567,172.125,1-137,True,24.8127,34.7825,322.37,,0,322.37,0.15,15536.7,29827,False,3407.03,0.00785553,INTERPOLATED,637,676,-36.4654,0.00789616,0
664,CG6-0640,2026-01-18,1,137,field,CG6-0640|2026-01-18|L1|S137,2026-01-18 08:33:39,2026-01-18 08:33:39,2026-01-18 08:33:39.000000,1,1,3370.31,,,0.0014,24.8137,34.7812,314,0,,,True,SINGLE_READING;,3,day3,MATCHED,D3:wor:1-137,1-137,1-137,results.zip/day3.xlsx,workbook,1.74447,176.466,1-136,True,24.8137,34.7812,323.611,,0,323.611,0.15,15692.5,29772.6,False,3407.03,0.00785558,INTERPOLATED,637,676,-36.7139,0.00797936,0
665,CG6-0640,2026-01-18,1,138,field,CG6-0640|2026-01-18|L1|S138,2026-01-18 08:36:57,2026-01-18 08:36:57,2026-01-18 08:36:57.000000,1,1,3369.78,,,0.001,24.8148,34.7795,317.8,0,,,True,SINGLE_READING;,3,day3,MATCHED,D3:wor:1-138,1-138,1-138,results.zip/day3.xlsx,workbook,5.57394,176.277,1-139,True,24.8147,34.7796,325.774,,0,325.774,0.15,15875.2,29714.4,False,3407.03,0.00785566,INTERPOLATED,637,676,-37.2495,0.00791905,0
666,CG6-0640,2026-01-18,1,139,field,CG6-0640|2026-01-18|L1|S139,2026-01-18 08:40:25,2026-01-18 08:40:25,2026-01-18 08:40:25.000000,1,1,3369.4,,,0.0016,24.8159,34.7782,317.6,0,,,True,SINGLE_READING;,3,day3,MATCHED,D3:wor:1-139,1-139,1-139,results.zip/day3.xlsx,workbook,6.0981,187.926,1-138,True,24.8158,34.7782,328.019,,0,328.019,0.15,16032.8,29645.8,False,3407.03,0.00785575,INTERPOLATED,637,676,-37.6302,0.00801703,0
667,CG6-0640,2026-01-18,1,140,field,CG6-0640|2026-01-18|L1|S140,2026-01-18 08:43:54,2026-01-18 08:43:54,2026-01-18 08:43:54.000000,1,1,3368.96,,,0.0015,24.8177,34.777,328.5,0,,,True,SINGLE_READING;,3,day3,MATCHED,D3:wor:1-140,1-140,1-140,results.zip/day3.xlsx,workbook,3.57915,198.828,1-141,True,24.8176,34.777,330.755,,0,330.755,0.15,16196.4,29501.2,False,3407.03,0.00785585,INTERPOLATED,637,676,-38.0694,0.00799777,0
668,CG6-0640,2026-01-18,1,141,field,CG6-0640|2026-01-18|L1|S141,2026-01-18 08:47:16,2026-01-18 08:47:16,2026-01-18 08:47:16.000000,1,1,3368.81,,,0.0016,24.8189,34.7755,321.9,0,,,True,SINGLE_READING;,3,day3,MATCHED,D3:wor:1-141,1-141,1-141,results.zip/day3.xlsx,workbook,5.39075,207.153,1-140,True,24.8189,34.7755,332.328,,0,332.328,0.15,16369.3,29417.5,False,3407.03,0.00785596,INTERPOLATED,637,676,-38.2189,0.00801724,0
669,CG6-0640,2026-01-18,1,142,field,CG6-0640|2026-01-18|L1|S142,2026-01-18 08:51:38,2026-01-18 08:51:38,2026-01-18 08:51:38.000000,1,1,3368.05,,,0.0011,24.8208,34.7733,326.5,0,,,True,SINGLE_READING;,3,day3,MATCHED,D3:wor:1-142,1-142,1-142,results.zip/day3.xlsx,workbook,3.37405,180.868,1-143,True,24.8208,34.7733,335.762,,0,335.762,0.15,16630.7,29299.2,False,3407.03,0.00785613,INTERPOLATED,637,676,-38.9793,0.00793277,0
670,CG6-0640,2026-01-18,1,143,field,CG6-0640|2026-01-18|L1|S143,2026-01-18 08:55:39,2026-01-18 08:55:39,2026-01-18 08:55:39.000000,1,1,3367.63,,,0.0012,24.8222,34.7724,335.8,0,,,True,SINGLE_READING;,3,day3,MATCHED,D3:wor:1-143,1-143,1-143,results.zip/day3.xlsx,workbook,3.78141,188.016,1-142,True,24.8222,34.7724,337.89,,0,337.89,0.15,16762.8,29189.2,False,3407.03,0.0078563,INTERPOLATED,637,676,-39.3981,0.00794742,0
671,CG6-0640,2026-01-18,1,144,field,CG6-0640|2026-01-18|L1|S144,2026-01-18 08:58:50,2026-01-18 08:58:50,2026-01-18 08:58:50.000000,1,1,3367.11,,,0.0065,24.8232,34.7704,337.9,0,,,True,SINGLE_READING;,3,day3,MATCHED,D3:wor:1-144,1-144,1-144,results.zip/day3.xlsx,workbook,3.03832,218.997,1-145,True,24.8232,34.7704,340.394,,0,340.394,0.15,16982.3,29167.2,False,3407.03,0.00785646,INTERPOLATED,637,676,-39.9175,0.0101968,0
672,CG6-0640,2026-01-18,1,145,field,CG6-0640|2026-01-18|L1|S145,2026-01-18 09:02:25,2026-01-18 09:02:25,2026-01-18 09:02:25.000000,1,1,3366.76,,,0.0013,24.8244,34.7686,344.6,0,,,True,SINGLE_READING;,3,day3,MATCHED,D3:wor:1-145,1-145,1-145,results.zip/day3.xlsx,workbook,1.6052,180.104,1-146,True,24.8243,34.7686,342.449,,0,342.449,0.15,17184.2,29109.8,False,3407.03,0.00785664,INTERPOLATED,637,676,-40.2649,0.00796346,0
673,CG6-0640,2026-01-18,1,146,field,CG6-0640|2026-01-18|L1|S146,2026-01-18 09:05:44,2026-01-18 09:05:44,2026-01-18 09:05:44.000000,1,1,3366.65,,,0.0015,24.8258,34.7676,338,0,,,True,SINGLE_READING;,3,day3,MATCHED,D3:wor:1-146,1-146,1-146,results.zip/day3.xlsx,workbook,6.26784,186.751,1-145,True,24.8257,34.7676,344.093,,0,344.093,0.15,17319.1,29002.5,False,3407.03,0.00785682,INTERPOLATED,637,676,-40.3785,0.00799873,0
674,CG6-0640,2026-01-18,1,147,field,CG6-0640|2026-01-18|L1|S147,2026-01-18 09:10:13,2026-01-18 09:10:13,2026-01-18 09:10:13.000000,1,1,3366.27,,,0.0009,24.8268,34.7653,337.3,0,,,True,SINGLE_READING;,3,day3,MATCHED,D3:wor:1-147,1-147,1-147,results.zip/day3.xlsx,workbook,2.8983,263.166,1-146,True,24.8268,34.7654,347.036,,0,347.036,0.15,17573.3,28985.1,False,3407.03,0.00785709,INTERPOLATED,637,676,-40.7535,0.00790847,0
675,CG6-0640,2026-01-18,1,148,field,CG6-0640|2026-01-18|L1|S148,2026-01-18 09:15:44,2026-01-18 09:15:44,2026-01-18 09:15:44.000000,1,1,3365.81,,,0.0028,24.8277,34.7621,343,0,,,True,SINGLE_READING;,3,day3,MATCHED,D3:wor:1-148,1-148,1-148,results.zip/day3.xlsx,workbook,2.0442,345.002,1-147,True,24.8277,34.7621,351.263,,0,351.263,0.15,17916,29027.3,False,3407.03,0.00785745,INTERPOLATED,637,676,-41.2145,0.00834144,0
676,CG6-0640,2026-01-18,0,100,field_base_100,CG6-0640|2026-01-18|L0|S100,2026-01-18 10:01:49,2026-01-18 10:04:49,2026-01-18 10:03:19.000000,4,4,3407.03,0.00105853,0.000267434,0.000480885,24.7868,34.9338,94.1,0,,,True,,3,day3,MATCHED,D3:wor:Base100,Base100,Base100,results.zip/day3.xlsx,workbook,6.33063,,,True,24.7867,34.9338,111.767,,0,111.767,0.15,6.36028,31639.3,True,3407.03,0.000480885,AT_CONTROL,676,676,0,0.000680074,0
677,CG6-0640,2026-01-18,1,149,field,CG6-0640|2026-01-18|L1|S149,2026-01-18 10:33:52,2026-01-18 10:33:52,2026-01-18 10:33:52.000000,1,1,3383.59,,,0.0015,24.7935,34.8231,256.2,0,,,True,SINGLE_READING;,3,day3,MATCHED,D3:wor:1-149,1-149,1-149,results.zip/day3.xlsx,workbook,9.28447,19.3015,1-112,True,24.7935,34.823,264.495,,0,264.495,0.15,11200.8,30876.8,False,3407.03,0.00786005,INTERPOLATED,676,714,-23.4328,0.0080019,0
678,CG6-0640,2026-01-18,1,150,field,CG6-0640|2026-01-18|L1|S150,2026-01-18 10:39:19,2026-01-18 10:39:19,2026-01-18 10:39:19.000000,1,1,3382.78,,,0.0019,24.792,34.8208,258.6,0,,,True,SINGLE_READING;,3,day3,MATCHED,D3:wor:1-150,1-150,1-150,results.zip/day3.xlsx,workbook,9.41646,64.0526,2,True,24.7919,34.8208,267.409,,0,267.409,0.15,11413.6,31086,False,3407.03,0.00786,INTERPOLATED,676,714,-24.2438,0.00808638,0
679,CG6-0640,2026-01-18,1,151,field,CG6-0640|2026-01-18|L1|S151,2026-01-18 10:42:54,2026-01-18 10:42:54,2026-01-18 10:42:54.000000,1,1,3382.1,,,0.0013,24.7909,34.8191,246.8,0,,,True,SINGLE_READING;,3,day3,MATCHED,D3:wor:1-151,1-151,1-151,results.zip/day3.xlsx,workbook,10.347,44.8963,3,True,24.7909,34.8191,270.084,,0,270.084,0.15,11584.6,31232.5,False,3407.03,0.00786001,INTERPOLATED,676,714,-24.9203,0.00796679,0
680,CG6-0640,2026-01-18,1,152,field,CG6-0640|2026-01-18|L1|S152,2026-01-18 10:46:35,2026-01-18 10:46:35,2026-01-18 10:46:35.000000,1,1,3380.92,,,0.0017,24.789,34.8178,264.1,0,,,True,SINGLE_READING;,3,day3,MATCHED,D3:wor:1-152,1-152,1-152,results.zip/day3.xlsx,workbook,7.70331,21.3752,4,True,24.7889,34.8178,273.098,,0,273.098,0.15,11706.1,31469.9,False,3407.03,0.00786007,INTERPOLATED,676,714,-26.1011,0.00804181,0
681,CG6-0640,2026-01-18,1,153,field,CG6-0640|2026-01-18|L1|S153,2026-01-18 10:50:33,2026-01-18 10:50:33,2026-01-18 10:50:33.000000,1,1,3380.35,,,0.0015,24.7876,34.8172,257.8,0,,,True,SINGLE_READING;,3,day3,MATCHED,D3:wor:1-153,1-153,1-153,results.zip/day3.xlsx,workbook,8.45025,157.176,1-152,True,24.7876,34.8171,275.008,,0,275.008,0.15,11771.4,31629.6,False,3407.03,0.00786018,INTERPOLATED,676,714,-26.6764,0.00800202,0
682,CG6-0640,2026-01-18,1,154,field,CG6-0640|2026-01-18|L1|S154,2026-01-18 10:54:16,2026-01-18 10:54:16,2026-01-18 10:54:16.000000,1,1,3379.74,,,0.0013,24.7863,34.8159,272.6,0,,,True,SINGLE_READING;,3,day3,MATCHED,D3:wor:1-154,1-154,1-154,results.zip/day3.xlsx,workbook,5.23634,189.506,5,True,24.7863,34.8158,278.172,,0,278.172,0.15,11902.1,31801.1,False,3407.03,0.00786032,INTERPOLATED,676,714,-27.2816,0.0079671,0
683,CG6-0640,2026-01-18,1,155,field,CG6-0640|2026-01-18|L1|S155,2026-01-18 10:58:25,2026-01-18 10:58:25,2026-01-18 10:58:25.000000,1,1,3379.19,,,0.004,24.7868,34.814,271.3,0,,,True,SINGLE_READING;,3,day3,MATCHED_ID_TIEBREAK,D3:wor:1-155,1-155,1-155,results.zip/day3.xlsx,workbook,6.4265,9.0307,7,True,24.7868,34.814,280.618,,0,280.618,0.15,12090.6,31780.4,False,3407.03,0.00786053,INTERPOLATED,676,714,-27.8344,0.00881975,0
684,CG6-0640,2026-01-18,1,156,field,CG6-0640|2026-01-18|L1|S156,2026-01-18 11:02:49,2026-01-18 11:02:49,2026-01-18 11:02:49.000000,1,1,3378.61,,,0.0024,24.7876,34.8123,242.1,0,,,True,SINGLE_READING;,3,day3,MATCHED,D3:wor:1-156,1-156,1-156,results.zip/day3.xlsx,workbook,9.13562,40.837,8,True,24.7876,34.8122,283.06,,0,283.06,0.15,12260,31736.1,False,3407.03,0.00786081,INTERPOLATED,676,714,-28.4139,0.00821902,0
685,CG6-0640,2026-01-18,1,157,field,CG6-0640|2026-01-18|L1|S157,2026-01-18 11:07:39,2026-01-18 11:07:39,2026-01-18 11:07:39.000000,1,1,3377.59,,,0.0025,24.7879,34.8101,250.3,0,,,True,SINGLE_READING;,3,day3,MATCHED_ID_TIEBREAK,D3:wor:1-157,1-157,1-157,results.zip/day3.xlsx,workbook,7.74462,8.41162,9,True,24.7878,34.81,286.429,,0,286.429,0.15,12483.6,31750.2,False,3407.03,0.00786119,INTERPOLATED,676,714,-29.4315,0.00824914,0
686,CG6-0640,2026-01-18,1,158,field,CG6-0640|2026-01-18|L1|S158,2026-01-18 11:11:18,2026-01-18 11:11:18,2026-01-18 11:11:18.000000,1,1,3377.22,,,0.0013,24.7862,34.8093,271.5,0,,,True,SINGLE_READING;,3,day3,MATCHED,D3:wor:10,10,10,results.zip/day3.xlsx,workbook,6.93493,186.314,11,False,24.7862,34.8092,288.847,,0,288.847,0.15,12564.5,31953.5,False,3407.03,0.00786152,INTERPOLATED,676,714,-29.8034,0.00796828,0
687,CG6-0640,2026-01-18,1,159,field,CG6-0640|2026-01-18|L1|S159,2026-01-18 11:14:32,2026-01-18 11:14:32,2026-01-18 11:14:32.000000,1,1,3376.5,,,0.0023,24.7843,34.8097,270.7,0,,,True,SINGLE_READING;,3,day3,MATCHED,D3:wor:1-159,1-159,1-159,results.zip/day3.xlsx,workbook,6.72905,26.1387,11,True,24.7843,34.8097,292.013,,0,292.013,0.15,12525.7,32143.4,False,3407.03,0.00786184,INTERPOLATED,676,714,-30.5215,0.00819137,0
688,CG6-0640,2026-01-18,1,160,field,CG6-0640|2026-01-18|L1|S160,2026-01-18 11:17:46,2026-01-18 11:17:46,2026-01-18 11:17:46.000000,1,1,3376,,,0.0013,24.7827,34.8102,269.1,0,,,True,SINGLE_READING;,3,day3,MATCHED_ID_TIEBREAK,D3:wor:1-160,1-160,1-160,results.zip/day3.xlsx,workbook,9.02533,14.0337,12,True,24.7827,34.8102,294.079,,0,294.079,0.15,12479.7,32306.3,False,3407.03,0.0078622,INTERPOLATED,676,714,-31.0293,0.00796895,0
689,CG6-0640,2026-01-18,1,161,field,CG6-0640|2026-01-18|L1|S161,2026-01-18 11:22:07,2026-01-18 11:22:07,2026-01-18 11:22:07.000000,1,1,3374.94,,,0.0024,24.7808,34.8102,291.3,0,,,True,SINGLE_READING;,3,day3,MATCHED,D3:wor:1-161,1-161,1-161,results.zip/day3.xlsx,workbook,8.86101,23.1049,13,True,24.7808,34.8101,297.305,,0,297.305,0.15,12490.4,32514.7,False,3407.03,0.00786274,INTERPOLATED,676,714,-32.0809,0.00822087,0
690,CG6-0640,2026-01-18,1,162,field,CG6-0640|2026-01-18|L1|S162,2026-01-18 11:25:46,2026-01-18 11:25:46,2026-01-18 11:25:46.000000,1,1,3374.68,,,0.0037,24.779,34.8093,286.2,0,,,True,SINGLE_READING;,3,day3,MATCHED,D3:wor:1-162,1-162,1-162,results.zip/day3.xlsx,workbook,3.78514,16.5379,14,True,24.779,34.8093,299.601,,0,299.601,0.15,12593.8,32730,False,3407.03,0.00786323,INTERPOLATED,676,714,-32.3405,0.00869025,0
691,CG6-0640,2026-01-18,1,163,field,CG6-0640|2026-01-18|L1|S163,2026-01-18 11:29:10,2026-01-18 11:29:10,2026-01-18 11:29:10.000000,1,1,3373.89,,,0.0017,24.7776,34.808,296.2,0,,,True,SINGLE_READING;,3,day3,MATCHED,D3:wor:1-163,1-163,1-163,results.zip/day3.xlsx,workbook,6.70806,44.5551,15,True,24.7776,34.808,302.084,,0,302.084,0.15,12732.5,32909.8,False,3407.03,0.00786373,INTERPOLATED,676,714,-33.1314,0.00804538,0
692,CG6-0640,2026-01-18,1,164,field,CG6-0640|2026-01-18|L1|S164,2026-01-18 11:32:36,2026-01-18 11:32:36,2026-01-18 11:32:36.000000,1,1,3373.05,,,0.0029,24.7766,34.8066,298.6,0,,,True,SINGLE_READING;,3,day3,MATCHED,D3:wor:1-164,1-164,1-164,results.zip/day3.xlsx,workbook,4.34664,34.6023,16,True,24.7766,34.8066,304.42,,0,304.42,0.15,12883.7,33051.5,False,3407.03,0.00786426,INTERPOLATED,676,714,-33.9707,0.00838192,0
693,CG6-0640,2026-01-18,1,165,field,CG6-0640|2026-01-18|L1|S165,2026-01-18 11:36:30,2026-01-18 11:36:30,2026-01-18 11:36:30.000000,1,1,3372.11,,,0.0021,24.7751,34.8051,301.4,0,,,True,SINGLE_READING;,3,day3,MATCHED,D3:wor:1-165,1-165,1-165,results.zip/day3.xlsx,workbook,7.70893,50.4536,17,True,24.775,34.8051,306.605,,0,306.605,0.15,13050.3,33249.7,False,3407.03,0.00786491,INTERPOLATED,676,714,-34.9106,0.00814045,0
694,CG6-0640,2026-01-18,1,166,field,CG6-0640|2026-01-18|L1|S166,2026-01-18 11:39:51,2026-01-18 11:39:51,2026-01-18 11:39:51.000000,1,1,3371.31,,,0.0033,24.7737,34.8041,294.2,0,,,True,SINGLE_READING;,3,day3,MATCHED,D3:wor:1-166,1-166,1-166,results.zip/day3.xlsx,workbook,4.96549,49.6175,18,True,24.7737,34.8041,308.831,,0,308.831,0.15,13165.9,33419.1,False,3407.03,0.00786551,INTERPOLATED,676,714,-35.7154,0.00852973,0
695,CG6-0640,2026-01-18,1,167,field,CG6-0640|2026-01-18|L1|S167,2026-01-18 11:44:13,2026-01-18 11:44:13,2026-01-18 11:44:13.000000,1,1,3370.56,,,0.0026,24.7723,34.8031,297.1,0,,,True,SINGLE_READING;,3,day3,MATCHED,D3:wor:1-167,1-167,1-167,results.zip/day3.xlsx,workbook,6.75878,58.3665,19,True,24.7723,34.8031,311.388,,0,311.388,0.15,13284,33592.7,False,3407.03,0.00786634,INTERPOLATED,676,714,-36.4693,0.00828489,0
696,CG6-0640,2026-01-18,1,168,field,CG6-0640|2026-01-18|L1|S168,2026-01-18 11:47:31,2026-01-18 11:47:31,2026-01-18 11:47:31.000000,1,1,3369.43,,,0.0025,24.7709,34.8019,296.6,0,,,True,SINGLE_READING;,3,day3,MATCHED,D3:wor:1-168,1-168,1-168,results.zip/day3.xlsx,workbook,4.8989,61.5919,20,True,24.7708,34.8019,314.085,,0,314.085,0.15,13430.8,33777.2,False,3407.03,0.00786701,INTERPOLATED,676,714,-37.5987,0.00825468,0
697,CG6-0640,2026-01-18,1,169,field,CG6-0640|2026-01-18|L1|S169,2026-01-18 11:50:56,2026-01-18 11:50:56,2026-01-18 11:50:56.000000,1,1,3368.41,,,0.0024,24.7688,34.8016,304,0,,,True,SINGLE_READING;,3,day3,MATCHED,D3:wor:1-169,1-169,1-169,results.zip/day3.xlsx,workbook,7.60508,78.0191,21,True,24.7687,34.8016,316.958,,0,316.958,0.15,13488.9,34009.2,False,3407.03,0.00786773,INTERPOLATED,676,714,-38.6177,0.00822564,0
698,CG6-0640,2026-01-18,1,170,field,CG6-0640|2026-01-18|L1|S170,2026-01-18 11:54:35,2026-01-18 11:54:35,2026-01-18 11:54:35.000000,1,1,3367.84,,,0.0026,24.7673,34.8015,314.6,0,,,True,SINGLE_READING;,3,day3,MATCHED,D3:wor:1-170,1-170,1-170,results.zip/day3.xlsx,workbook,6.74478,43.9223,22,True,24.7672,34.8014,319.344,,0,319.344,0.15,13531.1,34175.5,False,3407.03,0.00786855,INTERPOLATED,676,714,-39.1882,0.00828698,0
699,CG6-0640,2026-01-18,1,171,field,CG6-0640|2026-01-18|L1|S171,2026-01-18 11:59:02,2026-01-18 11:59:02,2026-01-18 11:59:02.000000,1,1,3367.03,,,0.0017,24.7653,34.8009,320.5,0,,,True,SINGLE_READING;,3,day3,MATCHED,D3:wor:1-171,1-171,1-171,results.zip/day3.xlsx,workbook,6.67207,162.824,1-172,True,24.7653,34.8008,321.983,,0,321.983,0.15,13626.4,34400.7,False,3407.03,0.00786959,INTERPOLATED,676,714,-39.999,0.00805112,0
700,CG6-0640,2026-01-18,1,172,field,CG6-0640|2026-01-18|L1|S172,2026-01-18 12:02:45,2026-01-18 12:02:45,2026-01-18 12:02:45.000000,1,1,3366.26,,,0.002,24.7642,34.8,321,0,,,True,SINGLE_READING;,3,day3,MATCHED,D3:kml:1-172,1-172,1-172,results.zip/day3.kml,kml_only,6.16602,150.087,1-171,True,24.7641,34.7999,324.232,,0,324.232,0.15,13740,34544.8,False,3407.03,0.00787051,INTERPOLATED,676,714,-40.7616,0.00812065,0
701,CG6-0640,2026-01-18,1,173,field,CG6-0640|2026-01-18|L1|S173,2026-01-18 12:08:13,2026-01-18 12:08:13,2026-01-18 12:08:13.000000,1,1,3365.28,,,0.0019,24.7625,34.7986,320.4,0,,,True,SINGLE_READING;,3,day3,MATCHED,D3:wor:1-173,1-173,1-173,results.zip/day3.xlsx,workbook,6.80373,190.815,1-174,True,24.7624,34.7986,326.949,,0,326.949,0.15,13905.7,34758.4,False,3407.03,0.00787194,INTERPOLATED,676,714,-41.7464,0.00809799,0
702,CG6-0640,2026-01-18,1,174,field,CG6-0640|2026-01-18|L1|S174,2026-01-18 12:12:02,2026-01-18 12:12:02,2026-01-18 12:12:02.000000,1,1,3364.85,,,0.0019,24.7612,34.7975,316.7,0,,,True,SINGLE_READING;,3,day3,MATCHED,D3:wor:1-174,1-174,1-174,results.zip/day3.xlsx,workbook,7.06026,177.024,1-173,True,24.7612,34.7974,328.805,,0,328.805,0.15,14050.4,34921.9,False,3407.03,0.007873,INTERPOLATED,676,714,-42.1748,0.00809902,0
703,CG6-0640,2026-01-18,1,175,field,CG6-0640|2026-01-18|L1|S175,2026-01-18 12:15:58,2026-01-18 12:15:58,2026-01-18 12:15:58.000000,1,1,3364.1,,,0.0018,24.7598,34.7964,323.9,0,,,True,SINGLE_READING;,3,day3,MATCHED,D3:wor:1-175,1-175,1-175,results.zip/day3.xlsx,workbook,3.57971,191.795,1-174,True,24.7597,34.7963,331.677,,0,331.677,0.15,14193.2,35108.2,False,3407.03,0.00787413,INTERPOLATED,676,714,-42.9264,0.00807725,0
704,CG6-0640,2026-01-18,1,176,field,CG6-0640|2026-01-18|L1|S176,2026-01-18 12:20:27,2026-01-18 12:20:27,2026-01-18 12:20:27.000000,1,1,3363.43,,,0.0016,24.759,34.7945,322.7,0,,,True,SINGLE_READING;,3,day3,MATCHED,D3:wor:1-176,1-176,1-176,results.zip/day3.xlsx,workbook,6.84986,199.301,1-175,True,24.759,34.7945,333.785,,0,333.785,0.15,14392.1,35230.7,False,3407.03,0.00787548,INTERPOLATED,676,714,-43.5964,0.00803636,0
705,CG6-0640,2026-01-18,1,177,field,CG6-0640|2026-01-18|L1|S177,2026-01-18 12:24:43,2026-01-18 12:24:43,2026-01-18 12:24:43.000000,1,1,3362.61,,,0.0024,24.7577,34.7932,320.3,0,,,True,SINGLE_READING;,3,day3,MATCHED,D3:wor:1-177,1-177,1-177,results.zip/day3.xlsx,workbook,5.04374,190.805,1-176,True,24.7577,34.7932,336.126,,0,336.126,0.15,14554.2,35402.9,False,3407.03,0.00787681,INTERPOLATED,676,714,-44.4162,0.00823433,0
706,CG6-0640,2026-01-18,1,178,field,CG6-0640|2026-01-18|L1|S178,2026-01-18 12:29:09,2026-01-18 12:29:09,2026-01-18 12:29:09.000000,1,1,3362.09,,,0.0011,24.7561,34.7922,317.4,0,,,True,SINGLE_READING;,3,day3,MATCHED,D3:wor:1-178,1-178,1-178,results.zip/day3.xlsx,workbook,11.1006,173.774,1-179,True,24.756,34.7922,339.439,,0,339.439,0.15,14692,35598.9,False,3407.03,0.00787826,INTERPOLATED,676,714,-44.9393,0.00795469,0
707,CG6-0640,2026-01-18,1,179,field,CG6-0640|2026-01-18|L1|S179,2026-01-18 12:34:30,2026-01-18 12:34:30,2026-01-18 12:34:30.000000,1,1,3362.32,,,0.0017,24.7547,34.7926,321.4,0,,,True,SINGLE_READING;,3,day3,MATCHED,D3:wor:1-179,1-179,1-179,results.zip/day3.xlsx,workbook,7.36167,159.051,1-178,True,24.7546,34.7926,340.765,,0,340.765,0.15,14689.3,35746.2,False,3407.03,0.00788009,INTERPOLATED,676,714,-44.7035,0.00806138,0
708,CG6-0640,2026-01-18,1,180,field,CG6-0640|2026-01-18|L1|S180,2026-01-18 12:39:22,2026-01-18 12:39:22,2026-01-18 12:39:22.000000,1,1,3361.71,,,0.0012,24.7531,34.7936,328.6,0,,,True,SINGLE_READING;,3,day3,MATCHED,D3:kml:1-180,1-180,1-180,results.zip/day3.kml,kml_only,13.2006,164.849,1-181,True,24.753,34.7935,344.977,,0,344.977,0.15,14641.6,35897.6,False,3407.03,0.00788183,INTERPOLATED,676,714,-45.3155,0.00797266,0
709,CG6-0640,2026-01-18,1,181,field,CG6-0640|2026-01-18|L1|S181,2026-01-18 12:43:51,2026-01-18 12:43:51,2026-01-18 12:43:51.000000,1,1,3360.93,,,0.0035,24.7532,34.7919,327.7,0,,,True,SINGLE_READING;,3,day3,MATCHED,D3:wor:1-181,1-181,1-181,results.zip/day3.xlsx,workbook,7.05473,160.89,1-180,True,24.7531,34.7919,346.672,,0,346.672,0.15,14796.8,35924.6,False,3407.03,0.0078835,INTERPOLATED,676,714,-46.0989,0.00862551,0
710,CG6-0640,2026-01-18,1,182,field,CG6-0640|2026-01-18|L1|S182,2026-01-18 12:47:12,2026-01-18 12:47:12,2026-01-18 12:47:12.000000,1,1,3359.99,,,0.0063,24.7544,34.7905,332.2,0,,,True,SINGLE_READING;,3,day3,MATCHED,D3:wor:1-182,1-182,1-182,results.zip/day3.xlsx,workbook,11.9035,194.29,1-183,True,24.7543,34.7904,349.267,,0,349.267,0.15,14906.1,35825.4,False,3407.03,0.00788478,INTERPOLATED,676,714,-47.0374,0.0100926,0
711,CG6-0640,2026-01-18,1,183,field,CG6-0640|2026-01-18|L1|S183,2026-01-18 12:50:53,2026-01-18 12:50:53,2026-01-18 12:50:53.000000,1,1,3358.86,,,0.0071,24.7552,34.7887,336.4,0,,STDDEV_GT_0.050,True,SINGLE_READING;,3,day3,MATCHED,D3:wor:1-183,1-183,1-183,results.zip/day3.xlsx,workbook,12.1735,196.798,1-182,True,24.7551,34.7887,351.757,,0,351.757,0.15,15054.8,35784.2,False,3407.03,0.00788623,INTERPOLATED,676,714,-48.1608,0.0106114,0
712,CG6-0640,2026-01-18,1,184,field,CG6-0640|2026-01-18|L1|S184,2026-01-18 13:03:12,2026-01-18 13:03:12,2026-01-18 13:03:12.000000,1,1,3357.63,,,0.0023,24.7551,34.7867,342,0,,,True,SINGLE_READING;,3,day3,MATCHED,D3:wor:1-184,1-184,1-184,results.zip/day3.xlsx,workbook,10.594,201.703,1-183,True,24.755,34.7867,354.712,,0,354.712,0.15,15257.7,35846.2,False,3407.03,0.00789138,INTERPOLATED,676,714,-49.4004,0.00821973,0
713,CG6-0640,2026-01-18,1,185,field,CG6-0640|2026-01-18|L1|S185,2026-01-18 13:07:20,2026-01-18 13:07:20,2026-01-18 13:07:20.000000,1,1,3356.5,,,0.0022,24.7554,34.7846,346,0,,,True,SINGLE_READING;,3,day3,MATCHED,D3:wor:1-185,1-185,1-185,results.zip/day3.xlsx,workbook,16.416,212.066,1-184,True,24.7553,34.7846,357.418,,0,357.418,0.15,15456.9,35871.2,False,3407.03,0.00789321,INTERPOLATED,676,714,-50.5239,0.00819407,0
714,CG6-0640,2026-01-18,0,100,field_base_100,CG6-0640|2026-01-18|L0|S100,2026-01-18 14:25:33,2026-01-18 14:28:33,2026-01-18 14:27:03.000000,4,4,3407.03,0.00532535,0.00120027,0.00120027,24.7869,34.9338,94.75,0,,,True,,3,day3,MATCHED,D3:wor:Base100,Base100,Base100,results.zip/day3.xlsx,workbook,12.2442,,,True,24.7867,34.9338,111.767,,0,111.767,0.15,12.2735,31633.9,True,3407.03,0.00120027,AT_CONTROL,714,714,0,0.00169743,0
715,CG6-0640,2026-01-18,0,0,hotel_base_0,CG6-0640|2026-01-18|L0|S0,2026-01-18 16:30:46,2026-01-18 16:33:46,2026-01-18 16:32:16.000000,4,4,3473.1,0.000931476,0.000238525,0.00105534,25.0668,34.8777,41.4,0,,,True,,3,day3,MATCHED,D3:wor:Base0,Base0,Base0,results.zip/day3.xlsx,workbook,10.6699,,,True,25.0668,34.8777,36.538,,0,36.538,0.15,31653.8,10.6853,True,3407.02,0.00777616,AT_CONTROL,715,715,66.0736,0.00784744,0
716,CG6-0640,2026-01-19,0,0,hotel_base_0,CG6-0640|2026-01-19|L0|S0,2026-01-19 06:58:26,2026-01-19 07:01:26,2026-01-19 06:59:56.000000,4,4,3473.09,0.00189498,0.000405165,0.000823863,25.0668,34.8776,17.2,0,,,True,,4,day4,MATCHED,D4:wor:Base0,Base0,Base0,results.zip/day4.xlsx,workbook,3.19588,,,True,25.0668,34.8777,36.512,,0,36.512,0.15,31646.3,3.18722,True,3407.01,0.00774814,AT_CONTROL,716,716,66.0736,0.00779181,0
717,CG6-0640,2026-01-19,0,100,field_base_100,CG6-0640|2026-01-19|L0|S100,2026-01-19 08:56:35,2026-01-19 08:59:35,2026-01-19 08:58:05.000000,4,4,3407.01,0.000697544,0.000154009,0.00147203,24.7868,34.9338,109.6,0,,,True,,4,day4,MATCHED,D4:wor:Base100,Base100,Base100,results.zip/day4.xlsx,workbook,6.18796,,,True,24.7867,34.9338,111.568,,0,111.568,0.15,6.17501,31639.7,True,3407.01,0.00147203,AT_CONTROL,717,717,0,0.00208177,0
718,CG6-0640,2026-01-19,1,186,field,CG6-0640|2026-01-19|L1|S186,2026-01-19 10:01:59,2026-01-19 10:01:59,2026-01-19 10:01:59.000000,1,1,3361.69,,,0.0021,24.753,34.7935,325.3,0,,,True,SINGLE_READING;,4,day4,MATCHED,D4:wor:1-186,1-186,1-186,results.zip/day4.xlsx,workbook,5.71498,182.433,1-187,True,24.7529,34.7935,344.744,,0,344.744,0.15,14646.1,35908.1,False,3407.01,0.00794123,INTERPOLATED,717,771,-45.3233,0.00821421,0
719,CG6-0640,2026-01-19,1,187,field,CG6-0640|2026-01-19|L1|S187,2026-01-19 10:09:52,2026-01-19 10:09:52,2026-01-19 10:09:52.000000,1,1,3361.35,,,0.0027,24.7517,34.7946,341.8,0,,,True,SINGLE_READING;,4,day4,MATCHED,D4:wor:1-187,1-187,1-187,results.zip/day4.xlsx,workbook,6.78959,174.576,1-186,True,24.7516,34.7945,346.691,,0,346.691,0.15,14584.5,36025.8,False,3407.01,0.00793662,INTERPOLATED,717,771,-45.656,0.00838331,0
720,CG6-0640,2026-01-19,1,188,field,CG6-0640|2026-01-19|L1|S188,2026-01-19 10:13:12,2026-01-19 10:13:12,2026-01-19 10:13:12.000000,1,1,3360.22,,,0.0019,24.7494,34.7947,349.5,0,,,True,SINGLE_READING;,4,day4,MATCHED,D4:wor:1-188,1-188,1-188,results.zip/day4.xlsx,workbook,4.17722,241.498,1-187,True,24.7494,34.7947,350.386,,0,350.386,0.15,14639.8,36263,False,3407.01,0.00793471,INTERPOLATED,717,771,-46.7888,0.00815902,0
721,CG6-0640,2026-01-19,1,189,field,CG6-0640|2026-01-19|L1|S189,2026-01-19 10:18:00,2026-01-19 10:18:00,2026-01-19 10:18:00.000000,1,1,3358.88,,,0.0015,24.7475,34.7926,345.6,0,,,True,SINGLE_READING;,4,day4,MATCHED,D4:kml:1-189,1-189,1-189,results.zip/day4.kml,kml_only,8.71675,285.49,1-190,True,24.7474,34.7926,355.004,,0,355.004,0.15,14905.7,36522.8,False,3407.01,0.00793202,INTERPOLATED,717,771,-48.1246,0.0080726,0
722,CG6-0640,2026-01-19,1,190,field,CG6-0640|2026-01-19|L1|S190,2026-01-19 10:22:41,2026-01-19 10:22:41,2026-01-19 10:22:41.000000,1,1,3357.65,,,0.0023,24.7457,34.7907,346.4,0,,,True,SINGLE_READING;,4,day4,MATCHED,D4:wor:1-190,1-190,1-190,results.zip/day4.xlsx,workbook,9.08828,213.513,1-191,True,24.7457,34.7906,358.853,,0,358.853,0.15,15150,36759.8,False,3407.01,0.00792944,INTERPOLATED,717,771,-49.3584,0.00825627,0
723,CG6-0640,2026-01-19,1,191,field,CG6-0640|2026-01-19|L1|S191,2026-01-19 10:26:03,2026-01-19 10:26:03,2026-01-19 10:26:03.000000,1,1,3357.02,,,0.0027,24.7443,34.7894,349.5,0,,,True,SINGLE_READING;,4,day4,MATCHED,D4:wor:1-191,1-191,1-191,results.zip/day4.xlsx,workbook,8.88011,196.743,1-190,True,24.7442,34.7894,361.58,,0,361.58,0.15,15323.1,36945.3,False,3407.01,0.00792762,INTERPOLATED,717,771,-49.9917,0.00837479,0
724,CG6-0640,2026-01-19,1,192,field,CG6-0640|2026-01-19|L1|S192,2026-01-19 10:29:23,2026-01-19 10:29:23,2026-01-19 10:29:23.000000,1,1,3355.93,,,0.0015,24.743,34.788,354.9,0,,,True,SINGLE_READING;,4,day4,MATCHED,D4:wor:1-192,1-192,1-192,results.zip/day4.xlsx,workbook,5.838,192.354,1-191,True,24.743,34.788,364.26,,0,364.26,0.15,15500.8,37116.7,False,3407.01,0.00792584,INTERPOLATED,717,771,-51.0793,0.00806654,0
725,CG6-0640,2026-01-19,1,193,field,CG6-0640|2026-01-19|L1|S193,2026-01-19 10:33:13,2026-01-19 10:33:13,2026-01-19 10:33:13.000000,1,1,3354.67,,,0.0019,24.7408,34.7871,361.1,0,,,True,SINGLE_READING;,4,day4,MATCHED,D4:wor:1-193,1-193,1-193,results.zip/day4.xlsx,workbook,9.43794,259.461,1-192,True,24.7407,34.7871,368.201,,0,368.201,0.15,15665.9,37380.7,False,3407.01,0.00792384,INTERPOLATED,717,771,-52.3435,0.00814845,0
726,CG6-0640,2026-01-19,1,194,field,CG6-0640|2026-01-19|L1|S194,2026-01-19 10:37:49,2026-01-19 10:37:49,2026-01-19 10:37:49.000000,1,1,3353.34,,,0.0014,24.7384,34.7895,366.5,0,,,True,SINGLE_READING;,4,day4,MATCHED,D4:kml:1-194,1-194,1-194,results.zip/day4.kml,kml_only,7.3024,265.898,1-195,True,24.7383,34.7894,373.508,,0,373.508,0.15,15528.3,37580.8,False,3407.01,0.00792148,INTERPOLATED,717,771,-53.6654,0.00804424,0
727,CG6-0640,2026-01-19,1,195,field,CG6-0640|2026-01-19|L1|S195,2026-01-19 10:41:52,2026-01-19 10:41:52,2026-01-19 10:41:52.000000,1,1,3352.45,,,0.0022,24.7361,34.79,374.2,0,,,True,SINGLE_READING;,4,day4,MATCHED,D4:wor:1-195,1-195,1-195,results.zip/day4.xlsx,workbook,10.7164,214.452,1-196,True,24.736,34.7899,376.848,,0,376.848,0.15,15573.1,37814.9,False,3407.01,0.00791944,INTERPOLATED,717,771,-54.5621,0.00821934,0
728,CG6-0640,2026-01-19,1,196,field,CG6-0640|2026-01-19|L1|S196,2026-01-19 10:45:09,2026-01-19 10:45:09,2026-01-19 10:45:09.000000,1,0,,,,,24.7342,34.7903,374,0,GROSS_RANGE_GT_500;OVERFLOW_FIELD;TILT_GT_30,,False,NO_ACCEPTED_READING;,4,day4,MATCHED,D4:wor:1-196,1-196,1-196,results.zip/day4.xlsx,workbook,5.09053,200.535,1-197,True,24.7342,34.7903,379.631,,0,379.631,0.15,15618.2,38011,False,3407.01,0.00791782,INTERPOLATED,717,771,,,0
729,CG6-0640,2026-01-19,1,197,field,CG6-0640|2026-01-19|L1|S197,2026-01-19 10:49:03,2026-01-19 10:49:03,2026-01-19 10:49:03.000000,1,1,3350.22,,,0.0015,24.7325,34.7899,371.8,0,,,True,SINGLE_READING;,4,day4,MATCHED,D4:wor:1-197,1-197,1-197,results.zip/day4.xlsx,workbook,6.81319,193.363,1-196,True,24.7325,34.7899,382.2,,0,382.2,0.15,15726.6,38207.4,False,3407.01,0.00791593,INTERPOLATED,717,771,-56.787,0.00805679,0
730,CG6-0640,2026-01-19,1,198,field,CG6-0640|2026-01-19|L1|S198,2026-01-19 10:52:45,2026-01-19 10:52:45,2026-01-19 10:52:45.000000,1,1,3349.45,,,0.0021,24.7307,34.7895,369.2,0,,,True,SINGLE_READING;,4,day4,MATCHED,D4:wor:1-198,1-198,1-198,results.zip/day4.xlsx,workbook,9.55891,195.644,1-197,True,24.7307,34.7894,385.175,,0,385.175,0.15,15841.5,38407,False,3407.01,0.00791417,INTERPOLATED,717,771,-57.5563,0.00818804,0
731,CG6-0640,2026-01-19,1,199,field,CG6-0640|2026-01-19|L1|S199,2026-01-19 10:59:58,2026-01-19 10:59:58,2026-01-19 10:59:58.000000,1,1,3347.78,,,0.0021,24.7274,34.7893,385.7,0,,,True,SINGLE_READING;,4,day4,MATCHED,D4:wor:1-199,1-199,1-199,results.zip/day4.xlsx,workbook,6.43381,210.33,1-200,True,24.7273,34.7892,390.963,,0,390.963,0.15,16013.4,38776.2,False,3407.01,0.00791083,INTERPOLATED,717,771,-59.2256,0.00818482,0
732,CG6-0640,2026-01-19,1,200,field,CG6-0640|2026-01-19|L1|S200,2026-01-19 11:05:54,2026-01-19 11:05:54,2026-01-19 11:05:54.000000,1,1,3346.7,,,0.0023,24.7256,34.79,379.2,0,,,True,SINGLE_READING;,4,day4,MATCHED,D4:wor:1-200,1-200,1-200,results.zip/day4.xlsx,workbook,6.82452,201.427,1-199,True,24.7256,34.79,394.293,,0,394.293,0.15,16029.6,38947.3,False,3407.01,0.00790818,INTERPOLATED,717,771,-60.3074,0.00823586,0
733,CG6-0640,2026-01-19,1,201,field,CG6-0640|2026-01-19|L1|S201,2026-01-19 11:10:27,2026-01-19 11:10:27,2026-01-19 11:10:27.000000,1,1,3345.75,,,0.0012,24.7236,34.7891,389.4,0,,,True,SINGLE_READING;,4,day4,MATCHED,D4:wor:1-201,1-201,1-201,results.zip/day4.xlsx,workbook,5.57554,231.293,1-200,True,24.7236,34.7891,397.303,,0,397.303,0.15,16200.7,39183.4,False,3407.01,0.00790621,INTERPOLATED,717,771,-61.2621,0.00799676,0
734,CG6-0640,2026-01-19,1,202,field,CG6-0640|2026-01-19|L1|S202,2026-01-19 11:15:08,2026-01-19 11:15:08,2026-01-19 11:15:08.000000,1,1,3344.11,,,0.0018,24.7233,34.7854,393.8,0,,,True,SINGLE_READING;,4,day4,MATCHED,D4:kml:1-202,1-202,1-202,results.zip/day4.kml,kml_only,6.56361,223.074,1-203,True,24.7232,34.7854,403.157,,0,403.157,0.15,16559.3,39313,False,3407.01,0.00790424,INTERPOLATED,717,771,-62.9006,0.0081066,0
735,CG6-0640,2026-01-19,1,203,field,CG6-0640|2026-01-19|L1|S203,2026-01-19 11:18:21,2026-01-19 11:18:21,2026-01-19 11:18:21.000000,1,1,3343.12,,,0.0025,24.7222,34.7836,396.5,0,,,True,SINGLE_READING;,4,day4,MATCHED,D4:wor:1-203,1-203,1-203,results.zip/day4.xlsx,workbook,3.09918,214.961,1-202,True,24.7222,34.7835,407.231,,0,407.231,0.15,16778.1,39468.8,False,3407.01,0.00790291,INTERPOLATED,717,771,-63.8938,0.00828891,0
736,CG6-0640,2026-01-19,1,204,field,CG6-0640|2026-01-19|L1|S204,2026-01-19 11:22:49,2026-01-19 11:22:49,2026-01-19 11:22:49.000000,1,1,3341.3,,,0.0015,24.7199,34.7832,417.6,0,,,True,SINGLE_READING;,4,day4,MATCHED,D4:wor:1-204,1-204,1-204,results.zip/day4.xlsx,workbook,9.1579,237.074,1-205,True,24.7198,34.7832,413.271,,0,413.271,0.15,16923.7,39727.6,False,3407.01,0.00790111,INTERPOLATED,717,771,-65.7122,0.00804224,0
737,CG6-0640,2026-01-19,1,205,field,CG6-0640|2026-01-19|L1|S205,2026-01-19 11:28:38,2026-01-19 11:28:38,2026-01-19 11:28:38.000000,1,1,3340.24,,,0.0019,24.7182,34.7845,406.8,0,,,True,SINGLE_READING;,4,day4,MATCHED,D4:wor:1-205,1-205,1-205,results.zip/day4.xlsx,workbook,8.22131,219.403,1-206,True,24.7181,34.7845,417.084,,0,417.084,0.15,16888.9,39881.6,False,3407.01,0.00789884,INTERPOLATED,717,771,-66.7708,0.00812414,0
738,CG6-0640,2026-01-19,1,206,field,CG6-0640|2026-01-19|L1|S206,2026-01-19 11:33:13,2026-01-19 11:33:13,2026-01-19 11:33:13.000000,1,1,3338.77,,,0.0011,24.7163,34.7843,410.2,0,,,True,SINGLE_READING;,4,day4,MATCHED,D4:wor:1-206,1-206,1-206,results.zip/day4.xlsx,workbook,5.46823,206.627,1-205,True,24.7162,34.7843,420.256,,0,420.256,0.15,17002.4,40093.1,False,3407.01,0.00789711,INTERPOLATED,717,771,-68.2409,0.00797336,0
739,CG6-0640,2026-01-19,1,207,field,CG6-0640|2026-01-19|L1|S207,2026-01-19 11:36:46,2026-01-19 11:36:46,2026-01-19 11:36:46.000000,1,1,3337.27,,,0.0014,24.7144,34.7847,416.2,0,,,True,SINGLE_READING;,4,day4,MATCHED,D4:wor:1-207,1-207,1-207,results.zip/day4.xlsx,workbook,10.4752,208.295,1-206,True,24.7143,34.7847,424.645,,0,424.645,0.15,17069.4,40289.6,False,3407.01,0.00789581,INTERPOLATED,717,771,-69.7401,0.00801897,0
740,CG6-0640,2026-01-19,1,208,field,CG6-0640|2026-01-19|L1|S208,2026-01-19 11:40:16,2026-01-19 11:40:16,2026-01-19 11:40:16.000000,1,1,3336.15,,,0.0019,24.7128,34.7859,419.1,0,,,True,SINGLE_READING;,4,day4,MATCHED,D4:wor:1-208,1-208,1-208,results.zip/day4.xlsx,workbook,7.28851,211.765,1-207,True,24.7127,34.7859,428.199,,0,428.199,0.15,17042.2,40432.5,False,3407.01,0.00789455,INTERPOLATED,717,771,-70.8556,0.00811997,0
741,CG6-0640,2026-01-19,1,209,field,CG6-0640|2026-01-19|L1|S209,2026-01-19 11:44:00,2026-01-19 11:44:00,2026-01-19 11:44:00.000000,1,1,3335.07,,,0.0016,24.7112,34.787,422.5,0,,,True,SINGLE_READING;,4,day4,MATCHED,D4:wor:1-209,1-209,1-209,results.zip/day4.xlsx,workbook,10.4464,205.941,1-208,True,24.7111,34.7869,431.345,,0,431.345,0.15,17036.4,40584.3,False,3407.01,0.00789325,INTERPOLATED,717,771,-71.9355,0.00805378,0
742,CG6-0640,2026-01-19,1,210,field,CG6-0640|2026-01-19|L1|S210,2026-01-19 11:48:37,2026-01-19 11:48:37,2026-01-19 11:48:37.000000,1,1,3333.36,,,0.0018,24.7091,34.7852,426.7,0,,,True,SINGLE_READING;,4,day4,MATCHED,D4:kml:1-210,1-210,1-210,results.zip/day4.kml,kml_only,5.87599,241.938,1-211,True,24.7091,34.7852,436.525,,0,436.525,0.15,17304.2,40843.5,False,3407.01,0.00789168,INTERPOLATED,717,771,-73.6535,0.00809436,0
743,CG6-0640,2026-01-19,1,211,field,CG6-0640|2026-01-19|L1|S211,2026-01-19 11:53:44,2026-01-19 11:53:44,2026-01-19 11:53:44.000000,1,1,3331.75,,,0.0015,24.7076,34.7837,439.4,0,,,True,SINGLE_READING;,4,day4,MATCHED,D4:kml:1-211,1-211,1-211,results.zip/day4.kml,kml_only,7.76747,221.7,1-212,True,24.7075,34.7836,441.557,,0,441.557,0.15,17528.1,41049.5,False,3407.01,0.00789001,INTERPOLATED,717,771,-75.2633,0.00803133,0
744,CG6-0640,2026-01-19,1,212,field,CG6-0640|2026-01-19|L1|S212,2026-01-19 12:03:22,2026-01-19 12:03:22,2026-01-19 12:03:22.000000,1,1,3330.64,,,0.0033,24.7071,34.7816,436.2,0,,,True,SINGLE_READING;,4,day4,MATCHED,D4:wor:1-212,1-212,1-212,results.zip/day4.xlsx,workbook,8.60624,213.004,1-211,True,24.707,34.7816,444.942,,0,444.942,0.15,17735.7,41148.7,False,3407.01,0.00788703,INTERPOLATED,717,771,-76.3688,0.00854958,0
745,CG6-0640,2026-01-19,1,213,field,CG6-0640|2026-01-19|L1|S213,2026-01-19 12:07:23,2026-01-19 12:07:23,2026-01-19 12:07:23.000000,1,1,3329.21,,,0.0021,24.7062,34.7797,446.5,0,,,True,SINGLE_READING;,4,day4,MATCHED,D4:kml:1-213,1-213,1-213,results.zip/day4.kml,kml_only,2.98061,200.279,1-214,True,24.7062,34.7797,450.412,,0,450.412,0.15,17953.2,41291.1,False,3407.01,0.00788586,INTERPOLATED,717,771,-77.8002,0.00816068,0
746,CG6-0640,2026-01-19,1,214,field,CG6-0640|2026-01-19|L1|S214,2026-01-19 12:11:29,2026-01-19 12:11:29,2026-01-19 12:11:29.000000,1,1,3327.92,,,0.0014,24.707,34.7779,452.6,0,,,True,SINGLE_READING;,4,day4,MATCHED,D4:wor:1-214,1-214,1-214,results.zip/day4.xlsx,workbook,7.07842,202.563,1-213,True,24.7069,34.7778,455.481,,0,455.481,0.15,18068.5,41252.5,False,3407.01,0.0078847,INTERPOLATED,717,771,-79.0861,0.00800803,0
747,CG6-0640,2026-01-19,1,215,field,CG6-0640|2026-01-19|L1|S215,2026-01-19 12:15:05,2026-01-19 12:15:05,2026-01-19 12:15:05.000000,1,1,3326.56,,,0.0021,24.7069,34.7758,435.4,0,,,True,SINGLE_READING;,4,day4,MATCHED,D4:wor:1-215,1-215,1-215,results.zip/day4.xlsx,workbook,14.3995,185.629,1-216,True,24.7068,34.7759,459.492,,0,459.492,0.15,18250.8,41309.2,False,3407.01,0.00788372,INTERPOLATED,717,771,-80.4502,0.00815862,0
748,CG6-0640,2026-01-19,1,216,field,CG6-0640|2026-01-19|L1|S216,2026-01-19 12:19:24,2026-01-19 12:19:24,2026-01-19 12:19:24.000000,1,1,3325.47,,,0.0016,24.7073,34.774,437.5,0,,,True,SINGLE_READING;,4,day4,MATCHED,D4:kml:1-216,1-216,1-216,results.zip/day4.kml,kml_only,7.98205,195.692,1-215,True,24.7072,34.774,462.549,,0,462.549,0.15,18390.6,41313.1,False,3407.01,0.00788259,INTERPOLATED,717,771,-81.5398,0.00804333,0
749,CG6-0640,2026-01-19,1,217,field,CG6-0640|2026-01-19|L1|S217,2026-01-19 12:28:11,2026-01-19 12:28:11,2026-01-19 12:28:11.000000,1,1,3324.13,,,0.0086,24.7065,34.7721,447,0,,STDDEV_GT_0.050,True,SINGLE_READING;,4,day4,MATCHED,D4:wor:1-217,1-217,1-217,results.zip/day4.xlsx,workbook,9.02446,210.99,1-216,True,24.7064,34.7721,466.733,,0,466.733,0.15,18603.2,41453,False,3407.01,0.00788042,INTERPOLATED,717,771,-82.8784,0.0116645,0
750,CG6-0640,2026-01-19,1,218,field,CG6-0640|2026-01-19|L1|S218,2026-01-19 12:31:56,2026-01-19 12:31:56,2026-01-19 12:31:56.000000,1,1,3322.26,,,0.0015,24.705,34.7708,449.9,0,,,True,SINGLE_READING;,4,day4,MATCHED,D4:wor:1-218,1-218,1-218,results.zip/day4.xlsx,workbook,7.17899,200.373,1-217,True,24.705,34.7708,470.857,,0,470.857,0.15,18795.8,41640.8,False,3407.01,0.00787956,INTERPOLATED,717,771,-84.7499,0.00802106,0
751,CG6-0640,2026-01-19,1,219,field,CG6-0640|2026-01-19|L1|S219,2026-01-19 12:35:33,2026-01-19 12:35:33,2026-01-19 12:35:33.000000,1,1,3320.46,,,0.0016,24.7051,34.7686,454.5,0,,,True,SINGLE_READING;,4,day4,MATCHED,D4:wor:1-219,1-219,1-219,results.zip/day4.xlsx,workbook,12.3799,228.719,1-218,True,24.705,34.7686,476.044,,0,476.044,0.15,18992.1,41691.9,False,3407.01,0.00787876,INTERPOLATED,717,771,-86.5481,0.00803958,0
752,CG6-0640,2026-01-19,1,220,field,CG6-0640|2026-01-19|L1|S220,2026-01-19 12:39:25,2026-01-19 12:39:25,2026-01-19 12:39:25.000000,1,1,3318.86,,,0.0016,24.7056,34.7662,441.4,0,,,True,SINGLE_READING;,4,day4,MATCHED,D4:wor:1-220,1-220,1-220,results.zip/day4.xlsx,workbook,13.1924,218.937,1-221,True,24.7055,34.7663,481.537,,0,481.537,0.15,19175,41702.8,False,3407.01,0.00787793,INTERPOLATED,717,771,-88.1547,0.00803877,0
753,CG6-0640,2026-01-19,1,221,field,CG6-0640|2026-01-19|L1|S221,2026-01-19 12:43:10,2026-01-19 12:43:10,2026-01-19 12:43:10.000000,1,1,3317.57,,,0.0021,24.7063,34.7642,471.5,0,,,True,SINGLE_READING;,4,day4,MATCHED,D4:kml:1-221,1-221,1-221,results.zip/day4.kml,kml_only,10.0021,229.598,1-220,True,24.7062,34.7641,486.511,,0,486.511,0.15,19324.6,41688.7,False,3407.01,0.00787717,INTERPOLATED,717,771,-89.4382,0.00815229,0
754,CG6-0640,2026-01-19,1,222,field,CG6-0640|2026-01-19|L1|S222,2026-01-19 12:46:31,2026-01-19 12:46:31,2026-01-19 12:46:31.000000,1,1,3315.9,,,0.0015,24.7068,34.7619,474.1,0,,,True,SINGLE_READING;,4,day4,MATCHED,D4:wor:1-222,1-222,1-222,results.zip/day4.xlsx,workbook,9.08348,196.872,1-223,True,24.7067,34.7619,491.947,,0,491.947,0.15,19499.8,41694,False,3407.01,0.00787652,INTERPOLATED,717,771,-91.1125,0.00801808,0
755,CG6-0640,2026-01-19,1,223,field,CG6-0640|2026-01-19|L1|S223,2026-01-19 12:49:34,2026-01-19 12:49:34,2026-01-19 12:49:34.000000,1,1,3314.56,,,0.0038,24.7073,34.76,478.4,0,,,True,SINGLE_READING;,4,day4,MATCHED,D4:kml:1-223,1-223,1-223,results.zip/day4.kml,kml_only,3.77253,159.256,1-224,True,24.7072,34.76,498.277,,0,498.277,0.15,19648.7,41698.8,False,3407.01,0.00787595,INTERPOLATED,717,771,-92.4504,0.00874475,0
756,CG6-0640,2026-01-19,1,224,field,CG6-0640|2026-01-19|L1|S224,2026-01-19 12:53:27,2026-01-19 12:53:27,2026-01-19 12:53:27.000000,1,1,3313.48,,,0.0028,24.7076,34.7584,483.9,0,,,True,SINGLE_READING;,4,day4,MATCHED,D4:kml:1-224,1-224,1-224,results.zip/day4.kml,kml_only,3.23165,65.3239,1-225,True,24.7076,34.7584,502.07,,0,502.07,0.15,19770.7,41705.4,False,3407.01,0.00787527,INTERPOLATED,717,771,-93.5338,0.00835822,0
757,CG6-0640,2026-01-19,1,225,field,CG6-0640|2026-01-19|L1|S225,2026-01-19 12:56:48,2026-01-19 12:56:48,2026-01-19 12:56:48.000000,1,1,3312.64,,,0.0009,24.7076,34.7579,487,0,,,True,SINGLE_READING;,4,day4,MATCHED,D4:kml:1-225,1-225,1-225,results.zip/day4.kml,kml_only,19.157,57.4266,1-224,True,24.7075,34.7578,501.413,,0,501.413,0.15,19820.4,41720.9,False,3407.01,0.0078747,INTERPOLATED,717,771,-94.3728,0.00792596,0
758,CG6-0640,2026-01-19,1,226,field,CG6-0640|2026-01-19|L1|S226,2026-01-19 13:27:34,2026-01-19 13:27:34,2026-01-19 13:27:34.000000,1,1,3360.73,,,0.003,24.7535,34.7915,328.6,0,,,True,SINGLE_READING;,4,day4,MATCHED,D4:wor:1-226,1-226,1-226,results.zip/day4.xlsx,workbook,8.91718,211.936,1-186,True,24.7534,34.7915,346.762,,0,346.762,0.15,14828.9,35903.3,False,3407.01,0.00787082,INTERPOLATED,717,771,-46.2841,0.00842317,0
759,CG6-0640,2026-01-19,1,227,field,CG6-0640|2026-01-19|L1|S227,2026-01-19 13:30:39,2026-01-19 13:30:39,2026-01-19 13:30:39.000000,1,1,3359.54,,,0.0042,24.7548,34.7898,337,0,,,True,SINGLE_READING;,4,day4,MATCHED,D4:wor:1-227,1-227,1-227,results.zip/day4.xlsx,workbook,8.5922,217.368,1-228,True,24.7548,34.7898,350.454,,0,350.454,0.15,14963.8,35799.4,False,3407.01,0.00787056,INTERPOLATED,717,771,-47.4673,0.00892109,0
760,CG6-0640,2026-01-19,1,228,field,CG6-0640|2026-01-19|L1|S228,2026-01-19 13:33:59,2026-01-19 13:33:59,2026-01-19 13:33:59.000000,1,1,3358.47,,,0.0019,24.755,34.7876,337.7,0,,,True,SINGLE_READING;,4,day4,MATCHED,D4:kml:1-228,1-228,1-228,results.zip/day4.kml,kml_only,9.87041,197.872,1-229,True,24.7549,34.7876,352.38,,0,352.38,0.15,15169.2,35833,False,3407.01,0.00787031,INTERPOLATED,717,771,-48.5399,0.00809641,0
761,CG6-0640,2026-01-19,1,229,field,CG6-0640|2026-01-19|L1|S229,2026-01-19 13:38:10,2026-01-19 13:38:10,2026-01-19 13:38:10.000000,1,1,3357.13,,,0.0023,24.7552,34.7857,341.9,0,,,True,SINGLE_READING;,4,day4,MATCHED,D4:wor:1-229,1-229,1-229,results.zip/day4.xlsx,workbook,6.29465,198.094,1-228,True,24.7552,34.7857,355.837,,0,355.837,0.15,15354,35859.5,False,3407.01,0.00787003,INTERPOLATED,717,771,-49.8818,0.00819923,0
762,CG6-0640,2026-01-19,1,230,field,CG6-0640|2026-01-19|L1|S230,2026-01-19 13:41:52,2026-01-19 13:41:52,2026-01-19 13:41:52.000000,1,1,3356.08,,,0.0024,24.7552,34.7836,342.6,0,,,True,SINGLE_READING;,4,day4,MATCHED,D4:wor:1-230,1-230,1-230,results.zip/day4.xlsx,workbook,5.74464,211.442,1-229,True,24.7552,34.7836,357.979,,0,357.979,0.15,15560.8,35914,False,3407.01,0.00786982,INTERPOLATED,717,771,-50.9328,0.00822764,0
763,CG6-0640,2026-01-19,1,231,field,CG6-0640|2026-01-19|L1|S231,2026-01-19 13:46:23,2026-01-19 13:46:23,2026-01-19 13:46:23.000000,1,1,3354.62,,,0.0016,24.7555,34.7814,343.5,0,,,True,SINGLE_READING;,4,day4,MATCHED,D4:wor:1-231,1-231,1-231,results.zip/day4.xlsx,workbook,6.62551,222.44,1-230,True,24.7554,34.7814,361.285,,0,361.285,0.15,15767.2,35945.7,False,3407.01,0.00786961,INTERPOLATED,717,771,-52.3916,0.00803062,0
764,CG6-0640,2026-01-19,1,232,field,CG6-0640|2026-01-19|L1|S232,2026-01-19 13:49:59,2026-01-19 13:49:59,2026-01-19 13:49:59.000000,1,1,3353.67,,,0.0028,24.7554,34.779,345.3,0,,,True,SINGLE_READING;,4,day4,MATCHED,D4:wor:1-232,1-232,1-232,results.zip/day4.xlsx,workbook,2.7472,196.521,1-233,True,24.7554,34.7791,364.186,,0,364.186,0.15,16003,36017.2,False,3407.01,0.00786948,INTERPOLATED,717,771,-53.3431,0.00835277,0
765,CG6-0640,2026-01-19,1,233,field,CG6-0640|2026-01-19|L1|S233,2026-01-19 13:52:48,2026-01-19 13:52:48,2026-01-19 13:52:48.000000,1,1,3352.92,,,0.0015,24.755,34.7772,345.7,0,,,True,SINGLE_READING;,4,day4,MATCHED,D4:wor:1-233,1-233,1-233,results.zip/day4.xlsx,workbook,3.27185,195.988,1-232,True,24.755,34.7772,366.488,,0,366.488,0.15,16199.1,36112.7,False,3407.01,0.0078694,INTERPOLATED,717,771,-54.0901,0.00801108,0
766,CG6-0640,2026-01-19,1,234,field,CG6-0640|2026-01-19|L1|S234,2026-01-19 13:56:05,2026-01-19 13:56:05,2026-01-19 13:56:05.000000,1,1,3351.86,,,0.0015,24.7543,34.7753,349.8,0,,,True,SINGLE_READING;,4,day4,MATCHED,D4:wor:1-234,1-234,1-234,results.zip/day4.xlsx,workbook,3.3892,203.488,1-233,True,24.7543,34.7753,368.922,,0,368.922,0.15,16399.6,36245.2,False,3407.01,0.00786933,INTERPOLATED,717,771,-55.1558,0.00801102,0
767,CG6-0640,2026-01-19,1,235,field,CG6-0640|2026-01-19|L1|S235,2026-01-19 14:01:13,2026-01-19 14:01:13,2026-01-19 14:01:13.000000,1,1,3350.76,,,0.0013,24.7524,34.7741,353.6,0,,,True,SINGLE_READING;,4,day4,MATCHED,D4:kml:1-235,1-235,1-235,results.zip/day4.kml,kml_only,5.41643,220.59,1-236,True,24.7524,34.7741,372.841,,0,372.841,0.15,16567,36482.4,False,3407.01,0.00786928,INTERPOLATED,717,771,-56.2496,0.00797594,0
768,CG6-0640,2026-01-19,1,236,field,CG6-0640|2026-01-19|L1|S236,2026-01-19 14:05:19,2026-01-19 14:05:19,2026-01-19 14:05:19.000000,1,1,3349.86,,,0.0014,24.7513,34.7724,359.3,0,,,True,SINGLE_READING;,4,day4,MATCHED,D4:wor:1-236,1-236,1-236,results.zip/day4.xlsx,workbook,9.01418,208.692,1-235,True,24.7512,34.7723,375.386,,0,375.386,0.15,16763.7,36650.9,False,3407.01,0.00786929,INTERPOLATED,717,771,-57.1526,0.00799285,0
769,CG6-0640,2026-01-19,1,237,field,CG6-0640|2026-01-19|L1|S237,2026-01-19 14:08:04,2026-01-19 14:08:04,2026-01-19 14:08:04.000000,1,1,3348.86,,,0.0012,24.7498,34.7709,363.3,0,,,True,SINGLE_READING;,4,day4,MATCHED,D4:kml:1-237,1-237,1-237,results.zip/day4.kml,kml_only,6.40527,200.699,1-238,True,24.7497,34.7709,377.512,,0,377.512,0.15,16948.4,36856.4,False,3407.01,0.00786931,INTERPOLATED,717,771,-58.1504,0.00796028,0
770,CG6-0640,2026-01-19,1,238,field,CG6-0640|2026-01-19|L1|S238,2026-01-19 14:12:56,2026-01-19 14:12:56,2026-01-19 14:12:56.000000,1,1,3347.68,,,0.001,24.7483,34.7698,359.1,0,,,True,SINGLE_READING;,4,day4,MATCHED,D4:wor:1-238,1-238,1-238,results.zip/day4.xlsx,workbook,7.00245,191.861,1-237,True,24.7482,34.7698,380.178,,0,380.178,0.15,17097.2,37043.5,False,3407.01,0.00786941,INTERPOLATED,717,771,-59.3317,0.00793269,0
771,CG6-0640,2026-01-19,0,100,field_base_100,CG6-0640|2026-01-19|L0|S100,2026-01-19 14:59:00,2026-01-19 15:02:00,2026-01-19 15:00:30.000000,4,4,3407.01,0.0021808,0.000563516,0.0006408,24.7869,34.9338,105.4,0,,,True,,4,day4,MATCHED,D4:wor:Base100,Base100,Base100,results.zip/day4.xlsx,workbook,13.844,,,True,24.7867,34.9338,111.568,,0,111.568,0.15,13.8262,31632.1,True,3407.01,0.0006408,AT_CONTROL,771,771,0,0.000906228,0
772,CG6-0640,2026-01-19,0,0,hotel_base_0,CG6-0640|2026-01-19|L0|S0,2026-01-19 15:57:13,2026-01-19 16:00:13,2026-01-19 15:58:43.000000,4,4,3473.09,0.00218619,0.000523781,0.000742462,25.0669,34.8777,36.1,0.44478,,,True,,4,day4,MATCHED,D4:wor:Base0,Base0,Base0,results.zip/day4.xlsx,workbook,17.2027,,,True,25.0668,34.8777,36.512,,0,36.512,0.15,31658.9,17.2069,True,3407.02,0.0077399,AT_CONTROL,772,772,66.0736,0.00777543,0
773,CG6-0640,2026-01-20,0,0,hotel_base_0,CG6-0640|2026-01-20|L0|S0,2026-01-20 04:13:04,2026-01-20 04:16:04,2026-01-20 04:14:34.000000,4,4,3473.09,0.00226857,0.000474721,0.000946705,25.0668,34.8777,29.5,0,,,True,,5,day5,MATCHED,D5:wor:Base0,Base0,Base0,results.zip/day5.xlsx,workbook,8.62962,,,True,25.0668,34.8777,36.494,,0,36.494,0.15,31654,8.62688,True,3407.02,0.00776216,AT_CONTROL,773,773,66.0736,0.00781968,0
774,CG6-0640,2026-01-20,0,100,field_base_100,CG6-0640|2026-01-20|L0|S100,2026-01-20 05:52:22,2026-01-20 05:55:22,2026-01-20 05:53:52.000000,4,4,3407.01,0.00134846,0.000292938,0.000794119,24.7868,34.9337,97,0,,,True,,5,day5,MATCHED,D5:wor:Base100,Base100,Base100,results.zip/day5.xlsx,workbook,1.93938,,,True,24.7867,34.9338,111.754,,0,111.754,0.15,1.91509,31643.9,True,3407.01,0.000794119,AT_CONTROL,774,774,0,0.00112305,0
775,CG6-0640,2026-01-20,1,239,field,CG6-0640|2026-01-20|L1|S239,2026-01-20 07:01:46,2026-01-20 07:01:46,2026-01-20 07:01:46.000000,1,1,3346.7,,,0.0031,24.7479,34.7671,372.6,0,,,True,SINGLE_READING;,5,day5,MATCHED,D5:wor:1-239,1-239,1-239,results.zip/day5.xlsx,workbook,2.35242,106.767,1-246,True,24.7479,34.7671,383.861,,0,383.861,0.15,17371.2,37166,False,3407.01,0.00787878,INTERPOLATED,774,858,-60.3152,0.00846671,0
776,CG6-0640,2026-01-20,1,240,field,CG6-0640|2026-01-20|L1|S240,2026-01-20 07:06:14,2026-01-20 07:06:14,2026-01-20 07:06:14.000000,1,1,3345.48,,,0.0018,24.7479,34.7646,375.9,0,,,True,SINGLE_READING;,5,day5,MATCHED,D5:wor:1-240,1-240,1-240,results.zip/day5.xlsx,workbook,2.52449,228.82,1-247,True,24.7479,34.7646,388.552,,0,388.552,0.15,17619,37247.2,False,3407.01,0.00787836,INTERPOLATED,774,858,-61.5305,0.00808137,0
777,CG6-0640,2026-01-20,1,241,field,CG6-0640|2026-01-20|L1|S241,2026-01-20 07:10:16,2026-01-20 07:10:16,2026-01-20 07:10:16.000000,1,1,3344.21,,,0.0015,24.7492,34.7625,382.7,0,,,True,SINGLE_READING;,5,day5,MATCHED,D5:wor:1-241,1-241,1-241,results.zip/day5.xlsx,workbook,2.86652,259.1,1-240,True,24.7492,34.7625,393.271,,0,393.271,0.15,17789.2,37174.3,False,3407.01,0.007878,INTERPOLATED,774,858,-62.7996,0.00801953,0
778,CG6-0640,2026-01-20,1,242,field,CG6-0640|2026-01-20|L1|S242,2026-01-20 07:15:10,2026-01-20 07:15:10,2026-01-20 07:15:10.000000,1,1,3342.56,,,0.0021,24.7504,34.7601,386.8,0,,,True,SINGLE_READING;,5,day5,MATCHED,D5:wor:1-242,1-242,1-242,results.zip/day5.xlsx,workbook,2.55745,254.788,1-243,True,24.7504,34.7601,398.733,,0,398.733,0.15,17992.6,37122.9,False,3407.01,0.00787758,INTERPOLATED,774,858,-64.4586,0.00815269,0
779,CG6-0640,2026-01-20,1,243,field,CG6-0640|2026-01-20|L1|S243,2026-01-20 07:19:17,2026-01-20 07:19:17,2026-01-20 07:19:17.000000,1,1,3341.2,,,0.0014,24.7518,34.7581,392.2,0,,,True,SINGLE_READING;,5,day5,MATCHED,D5:wor:1-243,1-243,1-243,results.zip/day5.xlsx,workbook,3.68077,260.868,1-242,True,24.7518,34.7581,403.54,,0,403.54,0.15,18157.5,37039.4,False,3407.01,0.00787725,INTERPOLATED,774,858,-65.81,0.00800069,0
780,CG6-0640,2026-01-20,1,244,field,CG6-0640|2026-01-20|L1|S244,2026-01-20 07:24:08,2026-01-20 07:24:08,2026-01-20 07:24:08.000000,1,1,3338.7,,,0.0036,24.7524,34.7548,407.4,0,,,True,SINGLE_READING;,5,day5,MATCHED,D5:wor:1-244,1-244,1-244,results.zip/day5.xlsx,workbook,5.03245,169.246,1-245,True,24.7524,34.7549,411.637,,0,411.637,0.15,18465.3,37085.2,False,3407.01,0.00787687,INTERPOLATED,774,858,-68.3105,0.00866055,0
781,CG6-0640,2026-01-20,1,245,field,CG6-0640|2026-01-20|L1|S245,2026-01-20 07:28:16,2026-01-20 07:28:16,2026-01-20 07:28:16.000000,1,1,3337.83,,,0.0028,24.7537,34.7538,406.2,0,,,True,SINGLE_READING;,5,day5,MATCHED,D5:wor:1-245,1-245,1-245,results.zip/day5.xlsx,workbook,2.62326,176.228,1-244,True,24.7537,34.7539,415.676,,0,415.676,0.15,18532.9,36985.6,False,3407.01,0.00787657,INTERPOLATED,774,858,-69.1884,0.00835945,0
782,CG6-0640,2026-01-20,1,246,field,CG6-0640|2026-01-20|L1|S246,2026-01-20 07:37:33,2026-01-20 07:37:33,2026-01-20 07:37:33.000000,1,1,3346.52,,,0.0054,24.747,34.7668,386.6,0,,TILT_GT_20,True,SINGLE_READING;,5,day5,MATCHED,D5:wor:1-246,1-246,1-246,results.zip/day5.xlsx,workbook,2.07644,107.31,1-239,True,24.747,34.7668,384.427,,0,384.427,0.15,17426.6,37271.2,False,3407.01,0.00787595,INTERPOLATED,774,858,-60.4931,0.00954937,0
783,CG6-0640,2026-01-20,1,247,field,CG6-0640|2026-01-20|L1|S247,2026-01-20 07:41:29,2026-01-20 07:41:29,2026-01-20 07:41:29.000000,1,1,3345.59,,,0.0028,24.7459,34.7649,381.6,0,,,True,SINGLE_READING;,5,day5,MATCHED,D5:wor:1-247,1-247,1-247,results.zip/day5.xlsx,workbook,3.12568,206.346,1-248,True,24.7458,34.7649,387.375,,0,387.375,0.15,17643.8,37451,False,3407.01,0.00787571,INTERPOLATED,774,858,-61.4258,0.00835863,0
784,CG6-0640,2026-01-20,1,248,field,CG6-0640|2026-01-20|L1|S248,2026-01-20 07:45:21,2026-01-20 07:45:21,2026-01-20 07:45:21.000000,1,1,3345,,,0.0017,24.745,34.7632,379.8,0,,,True,SINGLE_READING;,5,day5,MATCHED,D5:wor:1-248,1-248,1-248,results.zip/day5.xlsx,workbook,5.46319,199.907,1-247,True,24.7449,34.7632,389.343,,0,389.343,0.15,17840.4,37599.6,False,3407.01,0.00787548,INTERPOLATED,774,858,-62.0163,0.00805688,0
785,CG6-0640,2026-01-20,1,249,field,CG6-0640|2026-01-20|L1|S249,2026-01-20 07:49:47,2026-01-20 07:49:47,2026-01-20 07:49:47.000000,1,1,3343.83,,,0.0021,24.744,34.7612,393.6,0,,,True,SINGLE_READING;,5,day5,MATCHED,D5:wor:1-249,1-249,1-249,results.zip/day5.xlsx,workbook,2.44548,180.01,1-250,True,24.744,34.7613,392.586,,0,392.586,0.15,18053.2,37755.6,False,3407.01,0.00787525,INTERPOLATED,774,858,-63.1797,0.00815043,0
786,CG6-0640,2026-01-20,1,250,field,CG6-0640|2026-01-20|L1|S250,2026-01-20 07:54:02,2026-01-20 07:54:02,2026-01-20 07:54:02.000000,1,1,3343.12,,,0.002,24.7437,34.7595,389.1,0,,,True,SINGLE_READING;,5,day5,MATCHED,D5:wor:1-250,1-250,1-250,results.zip/day5.xlsx,workbook,3.71209,103.337,1-301,True,24.7436,34.7595,394.79,,0,394.79,0.15,18232.8,37851.7,False,3407.01,0.00787504,INTERPOLATED,774,858,-63.8983,0.00812504,0
787,CG6-0640,2026-01-20,1,251,field,CG6-0640|2026-01-20|L1|S251,2026-01-20 07:59:49,2026-01-20 07:59:49,2026-01-20 07:59:49.000000,1,1,3341.99,,,0.0019,24.7435,34.7575,395,0,,,True,SINGLE_READING;,5,day5,MATCHED,D5:wor:1-251,1-251,1-251,results.zip/day5.xlsx,workbook,1.56972,105.655,1-301,True,24.7435,34.7575,397.787,,0,397.787,0.15,18431.5,37928.8,False,3407.01,0.00787478,INTERPOLATED,774,858,-65.027,0.00810075,0
788,CG6-0640,2026-01-20,1,252,field,CG6-0640|2026-01-20|L1|S252,2026-01-20 08:04:02,2026-01-20 08:04:02,2026-01-20 08:04:02.000000,1,1,3340.94,,,0.0022,24.7444,34.7554,404.7,0,,,True,SINGLE_READING;,5,day5,MATCHED,D5:wor:1-252,1-252,1-252,results.zip/day5.xlsx,workbook,6.63632,214.517,1-253,True,24.7443,34.7554,400.563,,0,400.563,0.15,18617.1,37910.5,False,3407.01,0.00787461,INTERPOLATED,774,858,-66.0687,0.00817615,0
789,CG6-0640,2026-01-20,1,253,field,CG6-0640|2026-01-20|L1|S253,2026-01-20 08:07:44,2026-01-20 08:07:44,2026-01-20 08:07:44.000000,1,1,3339.86,,,0.002,24.7444,34.7532,402.4,0,,,True,SINGLE_READING;,5,day5,MATCHED,D5:wor:1-253,1-253,1-253,results.zip/day5.xlsx,workbook,1.54877,209.659,1-254,True,24.7444,34.7533,403.567,,0,403.567,0.15,18825.3,37979.1,False,3407.01,0.00787447,INTERPOLATED,774,858,-67.1545,0.00812449,0
790,CG6-0640,2026-01-20,1,254,field,CG6-0640|2026-01-20|L1|S254,2026-01-20 08:11:33,2026-01-20 08:11:33,2026-01-20 08:11:33.000000,1,1,3338.82,,,0.0015,24.7448,34.7512,407.9,0,,,True,SINGLE_READING;,5,day5,MATCHED,D5:wor:1-254,1-254,1-254,results.zip/day5.xlsx,workbook,3.24215,126.482,1-255,True,24.7448,34.7512,406.369,,0,406.369,0.15,19013.8,38002.3,False,3407.01,0.00787434,INTERPOLATED,774,858,-68.1892,0.00801594,0
791,CG6-0640,2026-01-20,1,255,field,CG6-0640|2026-01-20|L1|S255,2026-01-20 08:17:57,2026-01-20 08:17:57,2026-01-20 08:17:57.000000,1,1,3338.13,,,0.0015,24.7449,34.7499,403.2,0,,,True,SINGLE_READING;,5,day5,MATCHED,D5:wor:1-255,1-255,1-255,results.zip/day5.xlsx,workbook,6.94056,134.501,1-254,True,24.7449,34.7499,407.851,,0,407.851,0.15,19138,38035.8,False,3407.01,0.00787416,INTERPOLATED,774,858,-68.8863,0.00801576,0
792,CG6-0640,2026-01-20,1,256,field,CG6-0640|2026-01-20|L1|S256,2026-01-20 08:23:26,2026-01-20 08:23:26,2026-01-20 08:23:26.000000,1,1,3337.49,,,0.0018,24.7468,34.7495,410,0,,,True,SINGLE_READING;,5,day5,MATCHED,D5:wor:1-256,1-256,1-256,results.zip/day5.xlsx,workbook,3.98075,169.494,1-257,True,24.7468,34.7495,407.699,,0,407.699,0.15,19124.8,37851.8,False,3407.01,0.00787404,INTERPOLATED,774,858,-69.5248,0.00807716,0
793,CG6-0640,2026-01-20,1,257,field,CG6-0640|2026-01-20|L1|S257,2026-01-20 08:27:55,2026-01-20 08:27:55,2026-01-20 08:27:55.000000,1,1,3336.99,,,0.0018,24.7477,34.7481,411.9,0,,,True,SINGLE_READING;,5,day5,MATCHED,D5:wor:1-257,1-257,1-257,results.zip/day5.xlsx,workbook,4.45599,174.901,1-256,True,24.7476,34.7481,409.529,,0,409.529,0.15,19241,37808.7,False,3407.01,0.00787395,INTERPOLATED,774,858,-70.0202,0.00807707,0
794,CG6-0640,2026-01-20,1,258,field,CG6-0640|2026-01-20|L1|S258,2026-01-20 08:33:05,2026-01-20 08:33:05,2026-01-20 08:33:05.000000,1,1,3336.19,,,0.0025,24.7465,34.7469,411.7,0,,,True,SINGLE_READING;,5,day5,MATCHED,D5:wor:1-258,1-258,1-258,results.zip/day5.xlsx,workbook,3.50769,116.424,1-259,True,24.7465,34.7469,410.931,,0,410.931,0.15,19390,37977,False,3407.01,0.00787388,INTERPOLATED,774,858,-70.8244,0.00826123,0
795,CG6-0640,2026-01-20,1,259,field,CG6-0640|2026-01-20|L1|S259,2026-01-20 08:36:41,2026-01-20 08:36:41,2026-01-20 08:36:41.000000,1,1,3336.8,,,0.0031,24.7458,34.7478,409.1,0,,,True,SINGLE_READING;,5,day5,MATCHED,D5:wor:1-259,1-259,1-259,results.zip/day5.xlsx,workbook,3.87116,109.075,1-258,True,24.7458,34.7478,410.107,,0,410.107,0.15,19321,38012.7,False,3407.01,0.00787385,INTERPOLATED,774,858,-70.2101,0.00846212,0
796,CG6-0640,2026-01-20,1,260,field,CG6-0640|2026-01-20|L1|S260,2026-01-20 08:41:15,2026-01-20 08:41:15,2026-01-20 08:41:15.000000,1,1,3336.77,,,0.002,24.7446,34.7482,412.4,0,,,True,SINGLE_READING;,5,day5,MATCHED,D5:wor:1-260,1-260,1-260,results.zip/day5.xlsx,workbook,2.6597,144.256,1-259,True,24.7446,34.7482,410.491,,0,410.491,0.15,19316.5,38132.2,False,3407.01,0.00787382,INTERPOLATED,774,858,-70.246,0.00812385,0
797,CG6-0640,2026-01-20,1,261,field,CG6-0640|2026-01-20|L1|S261,2026-01-20 08:47:31,2026-01-20 08:47:31,2026-01-20 08:47:31.000000,1,1,3335.5,,,0.0044,24.7429,34.7465,411.4,0,,,True,SINGLE_READING;,5,day5,MATCHED,D5:wor:1-261,1-261,1-261,results.zip/day5.xlsx,workbook,4.69668,109.801,1-262,True,24.7429,34.7465,414.002,,0,414.002,0.15,19525,38361.4,False,3407.01,0.00787381,INTERPOLATED,774,858,-71.5124,0.0090198,0
798,CG6-0640,2026-01-20,1,262,field,CG6-0640|2026-01-20|L1|S262,2026-01-20 08:51:11,2026-01-20 08:51:11,2026-01-20 08:51:11.000000,1,1,3335.91,,,0.0021,24.7423,34.7473,412.5,0,,,True,SINGLE_READING;,5,day5,MATCHED,D5:wor:1-262,1-262,1-262,results.zip/day5.xlsx,workbook,3.33705,101.838,1-261,True,24.7423,34.7473,414.658,,0,414.658,0.15,19465.6,38400.2,False,3407.01,0.00787382,INTERPOLATED,774,858,-71.1066,0.00814905,0
799,CG6-0640,2026-01-20,1,263,field,CG6-0640|2026-01-20|L1|S263,2026-01-20 08:57:15,2026-01-20 08:57:15,2026-01-20 08:57:15.000000,1,1,3334.52,,,0.0021,24.742,34.7451,422.1,0,,,True,SINGLE_READING;,5,day5,MATCHED,D5:wor:1-263,1-263,1-263,results.zip/day5.xlsx,workbook,4.03566,123.287,1-264,True,24.742,34.7451,416.519,,0,416.519,0.15,19690.5,38509.5,False,3407.01,0.00787387,INTERPOLATED,774,858,-72.4892,0.0081491,0
800,CG6-0640,2026-01-20,1,264,field,CG6-0640|2026-01-20|L1|S264,2026-01-20 09:01:14,2026-01-20 09:01:14,2026-01-20 09:01:14.000000,1,1,3334.59,,,0.0018,24.7411,34.7458,425.4,0,,,True,SINGLE_READING;,5,day5,MATCHED,D5:wor:1-264,1-264,1-264,results.zip/day5.xlsx,workbook,0.90405,118.365,1-263,True,24.7411,34.7458,417.546,,0,417.546,0.15,19642.2,38573.8,False,3407.01,0.00787392,INTERPOLATED,774,858,-72.4273,0.00807704,0
801,CG6-0640,2026-01-20,1,265,field,CG6-0640|2026-01-20|L1|S265,2026-01-20 09:07:54,2026-01-20 09:07:54,2026-01-20 09:07:54.000000,1,1,3332.8,,,0.0018,24.7401,34.7429,418.1,0,,,True,SINGLE_READING;,5,day5,MATCHED,D5:wor:1-265,1-265,1-265,results.zip/day5.xlsx,workbook,3.34458,100.066,1-266,True,24.74,34.7429,421.212,,0,421.212,0.15,19958.2,38785.9,False,3407.01,0.00787403,INTERPOLATED,774,858,-74.2143,0.00807715,0
802,CG6-0640,2026-01-20,1,266,field,CG6-0640|2026-01-20|L1|S266,2026-01-20 09:11:07,2026-01-20 09:11:07,2026-01-20 09:11:07.000000,1,1,3333.1,,,0.0022,24.7395,34.7437,418.5,0,,,True,SINGLE_READING;,5,day5,MATCHED,D5:wor:1-266,1-266,1-266,results.zip/day5.xlsx,workbook,1.6309,95.6636,1-265,True,24.7395,34.7437,420.95,,0,420.95,0.15,19896.5,38812.3,False,3407.01,0.0078741,INTERPOLATED,774,858,-73.9147,0.00817567,0
803,CG6-0640,2026-01-20,1,267,field,CG6-0640|2026-01-20|L1|S267,2026-01-20 09:17:50,2026-01-20 09:17:50,2026-01-20 09:17:50.000000,1,1,3332.27,,,0.0034,24.7375,34.743,418.7,0,,,True,SINGLE_READING;,5,day5,MATCHED,D5:wor:1-267,1-267,1-267,results.zip/day5.xlsx,workbook,4.98784,193.789,1-268,True,24.7375,34.7431,425.142,,0,425.142,0.15,20019.7,39045.8,False,3407.01,0.00787428,INTERPOLATED,774,858,-74.744,0.00857697,0
804,CG6-0640,2026-01-20,1,268,field,CG6-0640|2026-01-20|L1|S268,2026-01-20 09:23:08,2026-01-20 09:23:08,2026-01-20 09:23:08.000000,1,1,3331.69,,,0.0026,24.7385,34.7414,420.9,0,,,True,SINGLE_READING;,5,day5,MATCHED,D5:wor:1-268,1-268,1-268,results.zip/day5.xlsx,workbook,2.08127,175.826,1-269,True,24.7385,34.7414,425.293,,0,425.293,0.15,20148.9,39003.3,False,3407.01,0.00787445,INTERPOLATED,774,858,-75.3261,0.00829259,0
805,CG6-0640,2026-01-20,1,269,field,CG6-0640|2026-01-20|L1|S269,2026-01-20 09:27:57,2026-01-20 09:27:57,2026-01-20 09:27:57.000000,1,1,3330.88,,,0.0022,24.7392,34.7398,420,0,,TILT_GT_20,True,SINGLE_READING;,5,day5,MATCHED,D5:wor:1-269,1-269,1-269,results.zip/day5.xlsx,workbook,5.02383,181.742,1-268,True,24.7392,34.7399,428.384,,0,428.384,0.15,20281.3,38982.7,False,3407.01,0.00787463,INTERPOLATED,774,858,-76.1303,0.00817617,0
806,CG6-0640,2026-01-20,1,270,field,CG6-0640|2026-01-20|L1|S270,2026-01-20 09:34:22,2026-01-20 09:34:22,2026-01-20 09:34:22.000000,1,1,3329.62,,,0.0036,24.7409,34.7391,414.1,0,,,True,SINGLE_READING;,5,day5,MATCHED,D5:wor:1-270,1-270,1-270,results.zip/day5.xlsx,workbook,6.788,140.959,1-271,True,24.7409,34.7392,433.28,,0,433.28,0.15,20301.2,38829.9,False,3407.01,0.0078749,INTERPOLATED,774,858,-77.392,0.00865875,0
807,CG6-0640,2026-01-20,1,271,field,CG6-0640|2026-01-20|L1|S271,2026-01-20 09:40:01,2026-01-20 09:40:01,2026-01-20 09:40:01.000000,1,1,3328.77,,,0.0014,24.7417,34.7379,422.2,0,,,True,SINGLE_READING;,5,day5,MATCHED,D5:wor:1-271,1-271,1-271,results.zip/day5.xlsx,workbook,7.31574,102.915,1-272,True,24.7417,34.738,437.818,,0,437.818,0.15,20397.1,38793.8,False,3407.01,0.00787517,INTERPOLATED,774,858,-78.2432,0.00799864,0
808,CG6-0640,2026-01-20,1,272,field,CG6-0640|2026-01-20|L1|S272,2026-01-20 09:43:47,2026-01-20 09:43:47,2026-01-20 09:43:47.000000,1,1,3327.87,,,0.0015,24.7415,34.7369,431.3,0,,,True,SINGLE_READING;,5,day5,MATCHED,D5:wor:1-272,1-272,1-272,results.zip/day5.xlsx,workbook,5.30321,110.712,1-271,True,24.7415,34.7369,441.393,,0,441.393,0.15,20503.6,38852.2,False,3407.01,0.00787536,INTERPOLATED,774,858,-79.1404,0.00801694,0
809,CG6-0640,2026-01-20,1,273,field,CG6-0640|2026-01-20|L1|S273,2026-01-20 09:48:09,2026-01-20 09:48:09,2026-01-20 09:48:09.000000,1,1,3328.06,,,0.0044,24.7402,34.7367,429.5,0,,,True,SINGLE_READING;,5,day5,MATCHED,D5:wor:1-273,1-273,1-273,results.zip/day5.xlsx,workbook,6.31506,109.709,1-274,True,24.7402,34.7367,439.947,,0,439.947,0.15,20561.1,38995.5,False,3407.01,0.0078756,INTERPOLATED,774,858,-78.9487,0.00902137,0
810,CG6-0640,2026-01-20,1,274,field,CG6-0640|2026-01-20|L1|S274,2026-01-20 09:51:56,2026-01-20 09:51:56,2026-01-20 09:51:56.000000,1,1,3328.49,,,0.0035,24.7393,34.7363,426.6,0,,,True,SINGLE_READING;,5,day5,MATCHED,D5:wor:1-274,1-274,1-274,results.zip/day5.xlsx,workbook,6.40371,104.737,1-273,True,24.7393,34.7363,436.814,,0,436.814,0.15,20623.8,39102.8,False,3407.01,0.00787583,INTERPOLATED,774,858,-78.5273,0.00861851,0
811,CG6-0640,2026-01-20,1,275,field,CG6-0640|2026-01-20|L1|S275,2026-01-20 09:56:26,2026-01-20 09:56:26,2026-01-20 09:56:26.000000,1,1,3327.49,,,0.0022,24.7381,34.7354,437.5,0,,,True,SINGLE_READING;,5,day5,MATCHED,D5:wor:1-275,1-275,1-275,results.zip/day5.xlsx,workbook,5.52441,100.523,1-276,True,24.738,34.7354,438.61,,0,438.61,0.15,20751.5,39266.2,False,3407.01,0.00787611,INTERPOLATED,774,858,-79.5191,0.0081776,0
812,CG6-0640,2026-01-20,1,276,field,CG6-0640|2026-01-20|L1|S276,2026-01-20 09:59:51,2026-01-20 09:59:51,2026-01-20 09:59:51.000000,1,1,3326.85,,,0.0028,24.7372,34.7351,438.2,0,,,True,SINGLE_READING;,5,day5,MATCHED,D5:wor:1-276,1-276,1-276,results.zip/day5.xlsx,workbook,3.4986,92.8111,1-275,True,24.7372,34.7351,440.131,,0,440.131,0.15,20799.9,39362.9,False,3407.01,0.00787634,INTERPOLATED,774,858,-80.1606,0.00835923,0
813,CG6-0640,2026-01-20,1,277,field,CG6-0640|2026-01-20|L1|S277,2026-01-20 10:04:17,2026-01-20 10:04:17,2026-01-20 10:04:17.000000,1,1,3326.28,,,0.0015,24.7357,34.7348,438.7,0,,,True,SINGLE_READING;,5,day5,MATCHED,D5:wor:1-277,1-277,1-277,results.zip/day5.xlsx,workbook,3.87648,144.779,1-278,True,24.7356,34.7348,440.02,,0,440.02,0.15,20874,39533.7,False,3407.01,0.00787665,INTERPOLATED,774,858,-80.7299,0.00801821,0
814,CG6-0640,2026-01-20,1,278,field,CG6-0640|2026-01-20|L1|S278,2026-01-20 10:08:17,2026-01-20 10:08:17,2026-01-20 10:08:17.000000,1,1,3325.2,,,0.0018,24.7344,34.7348,440.6,0,,,True,SINGLE_READING;,5,day5,MATCHED,D5:wor:1-278,1-278,1-278,results.zip/day5.xlsx,workbook,3.93482,87.7207,1-279,True,24.7344,34.7348,443.572,,0,443.572,0.15,20917.3,39666.5,False,3407.01,0.00787695,INTERPOLATED,774,858,-81.8085,0.00807999,0
815,CG6-0640,2026-01-20,1,279,field,CG6-0640|2026-01-20|L1|S279,2026-01-20 10:11:47,2026-01-20 10:11:47,2026-01-20 10:11:47.000000,1,1,3324.92,,,0.0019,24.7337,34.7348,440.1,0,,,True,SINGLE_READING;,5,day5,MATCHED,D5:wor:1-279,1-279,1-279,results.zip/day5.xlsx,workbook,5.9833,77.9256,1-278,True,24.7336,34.7348,443.674,,0,443.674,0.15,20936.5,39741.2,False,3407.01,0.00787722,INTERPOLATED,774,858,-82.0951,0.00810312,0
816,CG6-0640,2026-01-20,1,280,field,CG6-0640|2026-01-20|L1|S280,2026-01-20 10:15:53,2026-01-20 10:15:53,2026-01-20 10:15:53.000000,1,1,3324.96,,,0.007,24.7325,34.7359,439.4,0,,STDDEV_GT_0.050,True,SINGLE_READING;,5,day5,MATCHED,D5:wor:1-280,1-280,1-280,results.zip/day5.xlsx,workbook,5.26642,160.286,1-281,True,24.7325,34.7359,445.29,,0,445.29,0.15,20869,39823.5,False,3407.01,0.00787755,INTERPOLATED,774,858,-82.0475,0.0105383,0
817,CG6-0640,2026-01-20,1,281,field,CG6-0640|2026-01-20|L1|S281,2026-01-20 10:20:39,2026-01-20 10:20:39,2026-01-20 10:20:39.000000,1,1,3325.23,,,0.0027,24.7312,34.7366,436.7,0,,,True,SINGLE_READING;,5,day5,MATCHED,D5:wor:1-281,1-281,1-281,results.zip/day5.xlsx,workbook,5.14849,154.405,1-280,True,24.7312,34.7365,442.655,,0,442.655,0.15,20847,39932.4,False,3407.01,0.00787796,INTERPOLATED,774,858,-81.7852,0.0083278,0
818,CG6-0640,2026-01-20,1,282,field,CG6-0640|2026-01-20|L1|S282,2026-01-20 10:24:43,2026-01-20 10:24:43,2026-01-20 10:24:43.000000,1,1,3327.38,,,0.0019,24.7314,34.7382,437,0,,,True,SINGLE_READING;,5,day5,MATCHED,D5:wor:1-282,1-282,1-282,results.zip/day5.xlsx,workbook,4.93085,168.634,1-281,True,24.7314,34.7382,438.734,,0,438.734,0.15,20683.1,39850.6,False,3407.01,0.00787832,INTERPOLATED,774,858,-79.6357,0.00810419,0
819,CG6-0640,2026-01-20,1,283,field,CG6-0640|2026-01-20|L1|S283,2026-01-20 10:28:53,2026-01-20 10:28:53,2026-01-20 10:28:53.000000,1,1,3328.97,,,0.0073,24.7325,34.7398,431.9,0,,STDDEV_GT_0.050,True,SINGLE_READING;,5,day5,MATCHED,D5:wor:1-283,1-283,1-283,results.zip/day5.xlsx,workbook,5.5131,111.194,1-284,True,24.7325,34.7397,434.814,,0,434.814,0.15,20495.1,39685.2,False,3407.01,0.00787871,INTERPOLATED,774,858,-78.0439,0.0107408,0
820,CG6-0640,2026-01-20,1,284,field,CG6-0640|2026-01-20|L1|S284,2026-01-20 10:33:38,2026-01-20 10:33:38,2026-01-20 10:33:38.000000,1,1,3329.2,,,0.0027,24.7323,34.7409,432,0,,,True,SINGLE_READING;,5,day5,MATCHED,D5:wor:1-284,1-284,1-284,results.zip/day5.xlsx,workbook,5.3426,115.799,1-283,True,24.7323,34.7408,435.428,,0,435.428,0.15,20394,39664.1,False,3407.01,0.00787917,INTERPOLATED,774,858,-77.8109,0.00832894,0
821,CG6-0640,2026-01-20,1,285,field,CG6-0640|2026-01-20|L1|S285,2026-01-20 10:37:25,2026-01-20 10:37:25,2026-01-20 10:37:25.000000,1,0,,,,,24.731,34.7412,433.1,0,TILT_GT_30,,False,NO_ACCEPTED_READING;,5,day5,MATCHED,D5:wor:1-285,1-285,1-285,results.zip/day5.xlsx,workbook,6.75204,136.667,1-286,True,24.731,34.7412,437.966,,0,437.966,0.15,20405.1,39785.7,False,3407.01,0.00787955,INTERPOLATED,774,858,,,0
822,CG6-0640,2026-01-20,1,286,field,CG6-0640|2026-01-20|L1|S286,2026-01-20 10:40:38,2026-01-20 10:40:38,2026-01-20 10:40:38.000000,1,1,3328.2,,,0.0021,24.7299,34.7413,436.6,0,,,True,SINGLE_READING;,5,day5,MATCHED,D5:wor:1-286,1-286,1-286,results.zip/day5.xlsx,workbook,5.85183,126.958,1-287,True,24.7298,34.7412,440.545,,0,440.545,0.15,20438.9,39907.8,False,3407.01,0.00787989,INTERPOLATED,774,858,-78.8139,0.00815491,0
823,CG6-0640,2026-01-20,1,287,field,CG6-0640|2026-01-20|L1|S287,2026-01-20 10:44:02,2026-01-20 10:44:02,2026-01-20 10:44:02.000000,1,1,3328.02,,,0.0019,24.7291,34.7423,429.6,0,,,True,SINGLE_READING;,5,day5,MATCHED,D5:wor:1-287,1-287,1-287,results.zip/day5.xlsx,workbook,6.32004,108.675,1-288,True,24.7291,34.7422,441.003,,0,441.003,0.15,20371.7,39952.3,False,3407.01,0.00788025,INTERPOLATED,774,858,-78.9897,0.00810607,0
824,CG6-0640,2026-01-20,1,288,field,CG6-0640|2026-01-20|L1|S288,2026-01-20 10:47:10,2026-01-20 10:47:10,2026-01-20 10:47:10.000000,1,1,3328.34,,,0.0017,24.7297,34.7432,431.2,0,,,True,SINGLE_READING;,5,day5,MATCHED,D5:wor:1-288,1-288,1-288,results.zip/day5.xlsx,workbook,4.602,119.522,1-287,True,24.7297,34.7431,439.627,,0,439.627,0.15,20263.7,39858.6,False,3407.01,0.0078806,INTERPOLATED,774,858,-78.6694,0.00806187,0
825,CG6-0640,2026-01-20,1,289,field,CG6-0640|2026-01-20|L1|S289,2026-01-20 10:50:55,2026-01-20 10:50:55,2026-01-20 10:50:55.000000,1,1,3328.93,,,0.0015,24.7311,34.7435,430.7,0,,,True,SINGLE_READING;,5,day5,MATCHED,D5:wor:1-289,1-289,1-289,results.zip/day5.xlsx,workbook,2.81872,166.543,1-288,True,24.7311,34.7434,436.991,,0,436.991,0.15,20185.5,39698,False,3407.01,0.00788102,INTERPOLATED,774,858,-78.0845,0.0080225,0
826,CG6-0640,2026-01-20,1,290,field,CG6-0640|2026-01-20|L1|S290,2026-01-20 10:54:58,2026-01-20 10:54:58,2026-01-20 10:54:58.000000,1,1,3330.44,,,0.0021,24.7327,34.7441,425.5,0,,,True,SINGLE_READING;,5,day5,MATCHED,D5:wor:1-290,1-290,1-290,results.zip/day5.xlsx,workbook,7.40064,40.9223,1-292,True,24.7327,34.744,433.723,,0,433.723,0.15,20070,39511.2,False,3407.01,0.0078815,INTERPOLATED,774,858,-76.5759,0.00815647,0
827,CG6-0640,2026-01-20,1,291,field,CG6-0640|2026-01-20|L1|S291,2026-01-20 10:59:12,2026-01-20 10:59:12,2026-01-20 10:59:12.000000,1,1,3332.02,,,0.002,24.7345,34.7446,425,0,,,True,SINGLE_READING;,5,day5,MATCHED,D5:kml:1-291,1-291,1-291,results.zip/day5.kml,kml_only,2.44939,201.05,1-290,True,24.7345,34.7446,430.705,,0,430.705,0.15,19962.7,39309.2,False,3407.01,0.00788201,INTERPOLATED,774,858,-74.9891,0.00813179,0
828,CG6-0640,2026-01-20,1,292,field,CG6-0640|2026-01-20|L1|S292,2026-01-20 11:12:55,2026-01-20 11:12:55,2026-01-20 11:12:55.000000,1,1,3330.83,,,0.0018,24.7327,34.7446,424.1,0,,,True,SINGLE_READING;,5,day5,MATCHED,D5:wor:1-292,1-292,1-292,results.zip/day5.xlsx,workbook,4.71028,52.0961,1-290,True,24.7327,34.7445,433.285,,0,433.285,0.15,20028.1,39499.3,False,3407.01,0.00788378,INTERPOLATED,774,858,-76.1791,0.00808665,0
829,CG6-0640,2026-01-20,1,293,field,CG6-0640|2026-01-20|L1|S293,2026-01-20 11:20:42,2026-01-20 11:20:42,2026-01-20 11:20:42.000000,1,1,3326.68,,,0.0029,24.7268,34.7427,434.9,0,,,True,SINGLE_READING;,5,day5,MATCHED,D5:wor:1-293,1-293,1-293,results.zip/day5.xlsx,workbook,5.35989,258.247,1-287,True,24.7268,34.7427,446.006,,0,446.006,0.15,20407.9,40176.5,False,3407.01,0.00788486,INTERPOLATED,774,858,-80.3296,0.00840125,0
830,CG6-0640,2026-01-20,1,294,field,CG6-0640|2026-01-20|L1|S294,2026-01-20 11:25:55,2026-01-20 11:25:55,2026-01-20 11:25:55.000000,1,1,3325.44,,,0.0021,24.7242,34.7416,439.5,0,,,True,SINGLE_READING;,5,day5,MATCHED,D5:wor:1-294,1-294,1-294,results.zip/day5.xlsx,workbook,2.15188,243.05,1-295,True,24.7242,34.7416,450.49,,0,450.49,0.15,20610.3,40488.8,False,3407.01,0.00788562,INTERPOLATED,774,858,-81.5712,0.00816045,0
831,CG6-0640,2026-01-20,1,295,field,CG6-0640|2026-01-20|L1|S295,2026-01-20 11:30:14,2026-01-20 11:30:14,2026-01-20 11:30:14.000000,1,1,3322.46,,,0.004,24.7226,34.74,439.6,0,,,True,SINGLE_READING;,5,day5,MATCHED,D5:wor:1-295,1-295,1-295,results.zip/day5.xlsx,workbook,0.991292,240.314,1-294,True,24.7226,34.74,454.415,,0,454.415,0.15,20827.6,40710.4,False,3407.01,0.00788626,INTERPOLATED,774,858,-84.5546,0.00884269,0
832,CG6-0640,2026-01-20,1,296,field,CG6-0640|2026-01-20|L1|S296,2026-01-20 11:33:47,2026-01-20 11:33:47,2026-01-20 11:33:47.000000,1,1,3320.27,,,0.0038,24.7214,34.7374,451.7,0,,,True,SINGLE_READING;,5,day5,MATCHED,D5:wor:1-296,1-296,1-296,results.zip/day5.xlsx,workbook,2.64336,265.226,1-297,True,24.7214,34.7374,458.894,,0,458.894,0.15,21114.1,40927,False,3407.01,0.0078868,INTERPOLATED,774,858,-86.7467,0.00875452,0
833,CG6-0640,2026-01-20,1,297,field,CG6-0640|2026-01-20|L1|S297,2026-01-20 11:37:26,2026-01-20 11:37:26,2026-01-20 11:37:26.000000,1,1,3319.07,,,0.0019,24.7191,34.7365,449.2,0,,TILT_GT_20,True,SINGLE_READING;,5,day5,MATCHED,D5:wor:1-297,1-297,1-297,results.zip/day5.xlsx,workbook,5.50657,251.127,1-298,True,24.7191,34.7365,463.129,,0,463.129,0.15,21287.7,41195,False,3407.01,0.00788737,INTERPOLATED,774,858,-87.9399,0.00811299,0
834,CG6-0640,2026-01-20,1,298,field,CG6-0640|2026-01-20|L1|S298,2026-01-20 11:40:36,2026-01-20 11:40:36,2026-01-20 11:40:36.000000,1,1,3318.01,,,0.0025,24.7169,34.7358,453.1,0,,,True,SINGLE_READING;,5,day5,MATCHED,D5:wor:1-298,1-298,1-298,results.zip/day5.xlsx,workbook,5.32245,258.066,1-297,True,24.717,34.7357,467.048,,0,467.048,0.15,21447.4,41449.8,False,3407.01,0.00788788,INTERPOLATED,774,858,-88.9975,0.00827458,0
835,CG6-0640,2026-01-20,1,299,field,CG6-0640|2026-01-20|L1|S299,2026-01-20 11:44:51,2026-01-20 11:44:51,2026-01-20 11:44:51.000000,1,1,3317.26,,,0.0034,24.7138,34.7361,455.9,0,,,True,SINGLE_READING;,5,day5,MATCHED,D5:wor:1-299,1-299,1-299,results.zip/day5.xlsx,workbook,4.24065,95.8464,1-300,True,24.7138,34.7361,472.284,,0,472.284,0.15,21539.3,41760,False,3407.01,0.00788857,INTERPOLATED,774,858,-89.7472,0.00859008,0
836,CG6-0640,2026-01-20,1,300,field,CG6-0640|2026-01-20|L1|S300,2026-01-20 11:47:54,2026-01-20 11:47:54,2026-01-20 11:47:54.000000,1,1,3316.44,,,0.0019,24.713,34.7358,466.5,0,,,True,SINGLE_READING;,5,day5,MATCHED,D5:wor:1-300,1-300,1-300,results.zip/day5.xlsx,workbook,1.27352,95.0016,1-299,True,24.713,34.7358,473.147,,0,473.147,0.15,21608.5,41855,False,3407.01,0.00788908,INTERPOLATED,774,858,-90.5737,0.00811465,0
837,CG6-0640,2026-01-20,1,301,field,CG6-0640|2026-01-20|L1|S301,2026-01-20 12:04:25,2026-01-20 12:04:25,2026-01-20 12:04:25.000000,1,1,3342.53,,,0.0022,24.7438,34.7585,394.9,0,,,True,SINGLE_READING;,5,day5,MATCHED,D5:wor:1-301,1-301,1-301,results.zip/day5.xlsx,workbook,2.43007,102.629,1-250,True,24.7438,34.7585,396.852,,0,396.852,0.15,18323.6,37864.5,False,3407.01,0.00789197,INTERPOLATED,774,858,-64.483,0.00819287,0
838,CG6-0640,2026-01-20,1,302,field,CG6-0640|2026-01-20|L1|S302,2026-01-20 12:08:50,2026-01-20 12:08:50,2026-01-20 12:08:50.000000,1,1,3342.36,,,0.0072,24.7413,34.7593,393.6,0,,STDDEV_GT_0.050,True,SINGLE_READING;,5,day5,MATCHED,D5:wor:1-302,1-302,1-302,results.zip/day5.xlsx,workbook,7.00778,260.529,1-303,True,24.7412,34.7593,399.289,,0,399.289,0.15,18325.5,38109,False,3407.01,0.00789278,INTERPOLATED,774,858,-64.6544,0.0106834,0
839,CG6-0640,2026-01-20,1,303,field,CG6-0640|2026-01-20|L1|S303,2026-01-20 12:12:32,2026-01-20 12:12:32,2026-01-20 12:12:32.000000,1,1,3342.29,,,0.0092,24.739,34.7596,393.5,0,,STDDEV_GT_0.050,True,SINGLE_READING;,5,day5,MATCHED,D5:wor:1-303,1-303,1-303,results.zip/day5.xlsx,workbook,3.03937,252.886,1-302,True,24.7389,34.7595,403.983,,0,403.983,0.15,18372.3,38345.8,False,3407.01,0.00789348,INTERPOLATED,774,858,-64.7251,0.0121222,0
840,CG6-0640,2026-01-20,1,304,field,CG6-0640|2026-01-20|L1|S304,2026-01-20 12:16:29,2026-01-20 12:16:29,2026-01-20 12:16:29.000000,1,1,3341.44,,,0.0018,24.7366,34.7594,400.8,0,,,True,SINGLE_READING;,5,day5,MATCHED,D5:wor:1-304,1-304,1-304,results.zip/day5.xlsx,workbook,3.97652,263.689,1-303,True,24.7366,34.7594,407.994,,0,407.994,0.15,18463.7,38601.7,False,3407.01,0.00789424,INTERPOLATED,774,858,-65.571,0.00809685,0
841,CG6-0640,2026-01-20,1,305,field,CG6-0640|2026-01-20|L1|S305,2026-01-20 12:20:03,2026-01-20 12:20:03,2026-01-20 12:20:03.000000,1,1,3340.87,,,0.0028,24.7346,34.7612,404.4,0,,,True,SINGLE_READING;,5,day5,MATCHED,D5:wor:1-305,1-305,1-305,results.zip/day5.xlsx,workbook,4.37801,270.881,1-306,True,24.7346,34.7612,412.808,,0,412.808,0.15,18358.6,38756.9,False,3407.01,0.00789493,INTERPOLATED,774,858,-66.1365,0.00837675,0
842,CG6-0640,2026-01-20,1,306,field,CG6-0640|2026-01-20|L1|S306,2026-01-20 12:23:10,2026-01-20 12:23:10,2026-01-20 12:23:10.000000,1,1,3340.18,,,0.0019,24.7323,34.762,403.1,0,,,True,SINGLE_READING;,5,day5,MATCHED,D5:wor:1-306,1-306,1-306,results.zip/day5.xlsx,workbook,4.57394,252.53,1-307,True,24.7322,34.7619,416.6,,0,416.6,0.15,18372.9,38981.2,False,3407.01,0.00789555,INTERPOLATED,774,858,-66.831,0.00812094,0
843,CG6-0640,2026-01-20,1,307,field,CG6-0640|2026-01-20|L1|S307,2026-01-20 12:27:01,2026-01-20 12:27:01,2026-01-20 12:27:01.000000,1,1,3339.11,,,0.002,24.7301,34.7625,411.7,0,,,True,SINGLE_READING;,5,day5,MATCHED,D5:wor:1-307,1-307,1-307,results.zip/day5.xlsx,workbook,4.86579,247.261,1-306,True,24.73,34.7625,421.365,,0,421.365,0.15,18404.3,39198.1,False,3407.01,0.00789633,INTERPOLATED,774,858,-67.9046,0.00814567,0
844,CG6-0640,2026-01-20,1,308,field,CG6-0640|2026-01-20|L1|S308,2026-01-20 12:30:45,2026-01-20 12:30:45,2026-01-20 12:30:45.000000,1,1,3337.94,,,0.0027,24.7279,34.7632,413.6,0,,,True,SINGLE_READING;,5,day5,MATCHED,D5:wor:1-308,1-308,1-308,results.zip/day5.xlsx,workbook,7.43419,248.381,1-307,True,24.7278,34.7631,425.767,,0,425.767,0.15,18425.5,39409.1,False,3407.01,0.00789709,INTERPOLATED,774,858,-69.0727,0.0083459,0
845,CG6-0640,2026-01-20,1,309,field,CG6-0640|2026-01-20|L1|S309,2026-01-20 12:33:55,2026-01-20 12:33:55,2026-01-20 12:33:55.000000,1,1,3336.8,,,0.0021,24.7258,34.7645,417.9,0,,,True,SINGLE_READING;,5,day5,MATCHED,D5:wor:1-309,1-309,1-309,results.zip/day5.xlsx,workbook,3.62648,235.06,1-310,True,24.7258,34.7645,430.271,,0,430.271,0.15,18381.1,39591.3,False,3407.01,0.00789775,INTERPOLATED,774,858,-70.2086,0.00817218,0
846,CG6-0640,2026-01-20,1,310,field,CG6-0640|2026-01-20|L1|S310,2026-01-20 12:37:32,2026-01-20 12:37:32,2026-01-20 12:37:32.000000,1,1,3335.57,,,0.003,24.724,34.7658,428.4,0,,,True,SINGLE_READING;,5,day5,MATCHED,D5:wor:1-310,1-310,1-310,results.zip/day5.xlsx,workbook,6.05541,230.968,1-309,True,24.724,34.7658,434.273,,0,434.273,0.15,18337.7,39742.9,False,3407.01,0.00789851,INTERPOLATED,774,858,-71.4462,0.00844905,0
847,CG6-0640,2026-01-20,1,311,field,CG6-0640|2026-01-20|L1|S311,2026-01-20 12:41:01,2026-01-20 12:41:01,2026-01-20 12:41:01.000000,1,1,3333.9,,,0.0029,24.7213,34.7657,423.4,0,,,True,SINGLE_READING;,5,day5,MATCHED,D5:wor:1-311,1-311,1-311,results.zip/day5.xlsx,workbook,6.82442,274.477,1-312,True,24.7213,34.7657,440.031,,0,440.031,0.15,18461.4,40033.6,False,3407.01,0.00789926,INTERPOLATED,774,858,-73.1144,0.00841477,0
848,CG6-0640,2026-01-20,1,312,field,CG6-0640|2026-01-20|L1|S312,2026-01-20 12:44:22,2026-01-20 12:44:22,2026-01-20 12:44:22.000000,1,1,3332.45,,,0.003,24.7191,34.7667,433.7,0,,,True,SINGLE_READING;,5,day5,MATCHED,D5:wor:1-312,1-312,1-312,results.zip/day5.xlsx,workbook,8.31198,261.241,1-313,True,24.719,34.7666,444.779,,0,444.779,0.15,18474,40248,False,3407.01,0.00789999,INTERPOLATED,774,858,-74.5571,0.00845043,0
849,CG6-0640,2026-01-20,1,313,field,CG6-0640|2026-01-20|L1|S313,2026-01-20 12:47:28,2026-01-20 12:47:28,2026-01-20 12:47:28.000000,1,1,3331.26,,,0.0034,24.7173,34.7683,438.1,0,,,True,SINGLE_READING;,5,day5,MATCHED,D5:wor:1-313,1-313,1-313,results.zip/day5.xlsx,workbook,6.88274,255.13,1-312,True,24.7173,34.7683,450.147,,0,450.147,0.15,18404.4,40391.9,False,3407.01,0.00790067,INTERPOLATED,774,858,-75.7476,0.0086012,0
850,CG6-0640,2026-01-20,1,314,field,CG6-0640|2026-01-20|L1|S314,2026-01-20 12:50:58,2026-01-20 12:50:58,2026-01-20 12:50:58.000000,1,1,3330.16,,,0.0056,24.7164,34.7707,440.3,0,,,True,SINGLE_READING;,5,day5,MATCHED,D5:wor:1-314,1-314,1-314,results.zip/day5.xlsx,workbook,6.00164,248.043,1-315,True,24.7163,34.7707,455.338,,0,455.338,0.15,18229.2,40426.5,False,3407.01,0.00790145,INTERPOLATED,774,858,-76.8491,0.00968468,0
851,CG6-0640,2026-01-20,1,315,field,CG6-0640|2026-01-20|L1|S315,2026-01-20 12:54:31,2026-01-20 12:54:31,2026-01-20 12:54:31.000000,1,1,3328.87,,,0.0033,24.715,34.7726,455.1,0,,,True,SINGLE_READING;,5,day5,MATCHED,D5:wor:1-315,1-315,1-315,results.zip/day5.xlsx,workbook,7.00251,245.444,1-314,True,24.7149,34.7726,461.311,,0,461.311,0.15,18125.2,40527,False,3407.01,0.00790226,INTERPOLATED,774,858,-78.1395,0.00856363,0
852,CG6-0640,2026-01-20,1,316,field,CG6-0640|2026-01-20|L1|S316,2026-01-20 12:58:58,2026-01-20 12:58:58,2026-01-20 12:58:58.000000,1,1,3326.32,,,0.0025,24.7136,34.7748,463.2,0,,,True,SINGLE_READING;,5,day5,MATCHED,D5:wor:1-316,1-316,1-316,results.zip/day5.xlsx,workbook,2.7887,191.799,1-317,True,24.7135,34.7748,474.581,,0,474.581,0.15,17994.8,40620.8,False,3407.01,0.00790328,INTERPOLATED,774,858,-80.6906,0.00828926,0
853,CG6-0640,2026-01-20,1,317,field,CG6-0640|2026-01-20|L1|S317,2026-01-20 13:09:32,2026-01-20 13:09:32,2026-01-20 13:09:32.000000,1,1,3328.17,,,0.0018,24.7132,34.7767,458.7,0,,,True,SINGLE_READING;,5,day5,MATCHED,D5:wor:1-317,1-317,1-317,results.zip/day5.xlsx,workbook,7.37635,192.169,1-316,True,24.7132,34.7767,465.555,,0,465.555,0.15,17843.1,40609.2,False,3407.01,0.00790579,INTERPOLATED,774,858,-78.8444,0.00810811,0
854,CG6-0640,2026-01-20,1,318,field,CG6-0640|2026-01-20|L1|S318,2026-01-20 13:13:29,2026-01-20 13:13:29,2026-01-20 13:13:29.000000,1,1,3328.72,,,0.0029,24.7114,34.7783,450.6,0,,,True,SINGLE_READING;,5,day5,MATCHED,D5:wor:1-318,1-318,1-318,results.zip/day5.xlsx,workbook,5.35699,216.828,1-319,True,24.7113,34.7783,458.865,,0,458.865,0.15,17796.7,40769.6,False,3407.01,0.00790675,INTERPOLATED,774,858,-78.291,0.0084218,0
855,CG6-0640,2026-01-20,1,319,field,CG6-0640|2026-01-20|L1|S319,2026-01-20 13:17:32,2026-01-20 13:17:32,2026-01-20 13:17:32.000000,1,1,3329.87,,,0.009,24.7101,34.7799,442.3,0,,STDDEV_GT_0.050,True,SINGLE_READING;,5,day5,MATCHED,D5:wor:1-319,1-319,1-319,results.zip/day5.xlsx,workbook,7.696,209.14,1-318,True,24.71,34.7798,452.371,,0,452.371,0.15,17726.7,40870.3,False,3407.01,0.00790776,INTERPOLATED,774,858,-77.14,0.0119805,0
856,CG6-0640,2026-01-20,1,320,field,CG6-0640|2026-01-20|L1|S320,2026-01-20 13:22:38,2026-01-20 13:22:38,2026-01-20 13:22:38.000000,1,1,3330.87,,,0.0016,24.7087,34.7815,442.2,0,,,True,SINGLE_READING;,5,day5,MATCHED,D5:wor:1-320,1-320,1-320,results.zip/day5.xlsx,workbook,3.22638,218.239,1-319,True,24.7087,34.7814,445.592,,0,445.592,0.15,17658.4,40978.6,False,3407.01,0.00790904,INTERPOLATED,774,858,-76.1399,0.00806926,0
857,CG6-0640,2026-01-20,1,321,field,CG6-0640|2026-01-20|L1|S321,2026-01-20 13:26:33,2026-01-20 13:26:33,2026-01-20 13:26:33.000000,1,1,3332.39,,,0.0023,24.7083,34.7839,430.3,0,,,True,SINGLE_READING;,5,day5,MATCHED,D5:wor:1-321,1-321,1-321,results.zip/day5.xlsx,workbook,6.07326,253.212,1-320,True,24.7083,34.7839,439.461,,0,439.461,0.15,17463.3,40960.2,False,3407.01,0.00791004,INTERPOLATED,774,858,-74.6216,0.00823764,0
858,CG6-0640,2026-01-20,0,100,field_base_100,CG6-0640|2026-01-20|L0|S100,2026-01-20 14:18:31,2026-01-20 14:21:31,2026-01-20 14:20:01.000000,4,4,3407.01,0.00341503,0.000734908,0.00110764,24.7868,34.9338,101.7,0,,,True,,5,day5,MATCHED,D5:wor:Base100,Base100,Base100,results.zip/day5.xlsx,workbook,6.42253,,,True,24.7867,34.9338,111.754,,0,111.754,0.15,6.39607,31639.4,True,3407.01,0.00110764,AT_CONTROL,858,858,0,0.00156645,0
859,CG6-0640,2026-01-20,0,0,hotel_base_0,CG6-0640|2026-01-20|L0|S0,2026-01-20 16:05:29,2026-01-20 16:08:29,2026-01-20 16:06:59.000000,4,4,3473.08,0.0048587,0.00112147,0.0011898,25.0668,34.8777,43.6,0,,,True,,5,day5,MATCHED,D5:wor:Base0,Base0,Base0,results.zip/day5.xlsx,workbook,10.8922,,,True,25.0668,34.8777,36.494,,0,36.494,0.15,31652.3,10.891,True,3407,0.00779554,AT_CONTROL,859,859,66.0736,0.00788582,0
860,CG6-0640,2026-01-21,0,0,hotel_base_0,CG6-0640|2026-01-21|L0|S0,2026-01-21 05:21:24,2026-01-21 05:24:24,2026-01-21 05:22:54.000000,4,4,3473.07,0.00195526,0.000455351,0.000794906,25.0668,34.8776,26.75,2.22725,,,True,,6,day6,MATCHED,D6:wor:BASE 21-01-2026,BASE 21-01-2026,BASE 21-01-2026,results.zip/day6.xlsx,workbook,4.81534,,,True,25.0668,34.8777,36.567,,0,36.567,0.15,31648.4,4.85166,True,3407,0.00774511,AT_CONTROL,860,860,66.0736,0.0077858,0
861,CG6-0640,2026-01-21,0,100,field_base_100,CG6-0640|2026-01-21|L0|S100,2026-01-21 07:28:16,2026-01-21 07:31:16,2026-01-21 07:29:46.000000,4,4,3407,0.000876688,0.000207518,0.000789383,24.7868,34.9337,106.8,0,,,True,,6,day6,MATCHED,D6:wor:Base 100,Base 100,Base 100,results.zip/day6.xlsx,workbook,3.78159,,,True,24.7867,34.9338,111.503,,0,111.503,0.15,4.06069,31644,True,3407,0.000789383,AT_CONTROL,861,861,0,0.00111636,0
862,CG6-0640,2026-01-21,1,322,field,CG6-0640|2026-01-21|L1|S322,2026-01-21 09:19:41,2026-01-21 09:19:41,2026-01-21 09:19:41.000000,1,1,3315.72,,,0.007,24.7125,34.7354,485.4,0,,STDDEV_GT_0.050,True,SINGLE_READING;,6,day6,UNMATCHED_GT_30M,D6:wor:1-346,1-346,1-346,results.zip/day6.xlsx,workbook,2870.8,2872.18,1-345,False,24.7081,34.7634,495.5,,0,495.5,0.15,21667.8,41927.9,False,3407,0.00787351,INTERPOLATED,861,898,-91.2815,0.0105353,0
863,CG6-0640,2026-01-21,1,323,field,CG6-0640|2026-01-21|L1|S323,2026-01-21 09:24:29,2026-01-21 09:24:29,2026-01-21 09:24:29.000000,1,1,3315.42,,,0.0029,24.7111,34.7358,483,0,,,True,SINGLE_READING;,6,day6,UNMATCHED_GT_30M,D6:wor:1-345,1-345,1-345,results.zip/day6.xlsx,workbook,2807.71,2810.12,1-346,False,24.7074,34.7633,491.562,,0,491.562,0.15,21691.2,42059.6,False,3407,0.00787322,INTERPOLATED,861,898,-91.5885,0.00839032,0
864,CG6-0640,2026-01-21,1,324,field,CG6-0640|2026-01-21|L1|S324,2026-01-21 09:28:27,2026-01-21 09:28:27,2026-01-21 09:28:27.000000,1,1,3315.02,,,0.0062,24.7103,34.737,478.6,0,,,True,SINGLE_READING;,6,day6,UNMATCHED_GT_30M,D6:wor:1-345,1-345,1-345,results.zip/day6.xlsx,workbook,2675.46,2679.91,1-346,False,24.7074,34.7633,491.562,,0,491.562,0.15,21615,42103.8,False,3407,0.00787299,INTERPOLATED,861,898,-91.9849,0.0100212,0
865,CG6-0640,2026-01-21,1,325,field,CG6-0640|2026-01-21|L1|S325,2026-01-21 09:33:20,2026-01-21 09:33:20,2026-01-21 09:33:20.000000,1,1,3314.77,,,0.0032,24.7098,34.7361,471.4,0,,,True,SINGLE_READING;,6,day6,UNMATCHED_GT_30M,D6:wor:1-345,1-345,1-345,results.zip/day6.xlsx,workbook,2754.99,2761.18,1-346,False,24.7074,34.7633,491.562,,0,491.562,0.15,21716.2,42185.9,False,3407,0.00787273,INTERPOLATED,861,898,-92.2336,0.00849823,0
866,CG6-0640,2026-01-21,1,326,field,CG6-0640|2026-01-21|L1|S326,2026-01-21 09:38:14,2026-01-21 09:38:14,2026-01-21 09:38:14.000000,1,1,3314.07,,,0.0042,24.7082,34.7368,465.4,0,,,True,SINGLE_READING;,6,day6,UNMATCHED_GT_30M,D6:wor:1-345,1-345,1-345,results.zip/day6.xlsx,workbook,2680.59,2691.34,1-346,False,24.7074,34.7633,491.562,,0,491.562,0.15,21726.9,42327.6,False,3407,0.0078725,INTERPOLATED,861,898,-92.9344,0.0089228,0
867,CG6-0640,2026-01-21,1,327,field,CG6-0640|2026-01-21|L1|S327,2026-01-21 09:44:25,2026-01-21 09:44:25,2026-01-21 09:44:25.000000,1,1,3313.56,,,0.005,24.7067,34.7361,471.5,0,,,True,SINGLE_READING;,6,day6,UNMATCHED_GT_30M,D6:wor:1-345,1-345,1-345,results.zip/day6.xlsx,workbook,2749.71,2764.74,1-346,False,24.7074,34.7633,491.562,,0,491.562,0.15,21855.7,42502.7,False,3407,0.00787225,INTERPOLATED,861,898,-93.4478,0.00932589,0
868,CG6-0640,2026-01-21,1,328,field,CG6-0640|2026-01-21|L1|S328,2026-01-21 09:50:25,2026-01-21 09:50:25,2026-01-21 09:50:25.000000,1,1,3312.8,,,0.0022,24.7062,34.7352,480.3,0,,,True,SINGLE_READING;,6,day6,UNMATCHED_GT_30M,D6:wor:1-345,1-345,1-345,results.zip/day6.xlsx,workbook,2836.91,2853.49,1-346,False,24.7074,34.7633,491.562,,0,491.562,0.15,21959.5,42592.2,False,3407,0.00787204,INTERPOLATED,861,898,-94.2069,0.00817368,0
869,CG6-0640,2026-01-21,1,329,field,CG6-0640|2026-01-21|L1|S329,2026-01-21 09:55:26,2026-01-21 09:55:26,2026-01-21 09:55:26.000000,1,1,3312.09,,,0.0017,24.7048,34.736,503.7,0,,,True,SINGLE_READING;,6,day6,UNMATCHED_GT_30M,D6:wor:1-345,1-345,1-345,results.zip/day6.xlsx,workbook,2771.45,2791.94,1-346,False,24.7074,34.7633,491.562,,0,491.562,0.15,21950.3,42705.8,False,3407.01,0.00787189,INTERPOLATED,861,898,-94.9169,0.00805336,0
870,CG6-0640,2026-01-21,1,330,field,CG6-0640|2026-01-21|L1|S330,2026-01-21 10:00:32,2026-01-21 10:00:32,2026-01-21 10:00:32.000000,1,1,3311.72,,,0.002,24.704,34.7376,496.5,0,,,True,SINGLE_READING;,6,day6,UNMATCHED_GT_30M,D6:wor:1-345,1-345,1-345,results.zip/day6.xlsx,workbook,2622.12,2639.49,1-344,False,24.7074,34.7633,491.562,,0,491.562,0.15,21843.3,42744.1,False,3407.01,0.00787177,INTERPOLATED,861,898,-95.2833,0.00812187,0
871,CG6-0640,2026-01-21,1,331,field,CG6-0640|2026-01-21|L1|S331,2026-01-21 10:07:02,2026-01-21 10:07:02,2026-01-21 10:07:02.000000,1,1,3310.36,,,0.0033,24.702,34.738,491.3,0,,,True,SINGLE_READING;,6,day6,UNMATCHED_GT_30M,D6:wor:1-345,1-345,1-345,results.zip/day6.xlsx,workbook,2619.31,2630.31,1-344,False,24.7074,34.7633,491.562,,0,491.562,0.15,21894.8,42931.5,False,3407.01,0.00787165,INTERPOLATED,861,898,-96.6476,0.00853539,0
872,CG6-0640,2026-01-21,1,332,field,CG6-0640|2026-01-21|L1|S332,2026-01-21 10:12:27,2026-01-21 10:12:27,2026-01-21 10:12:27.000000,1,1,3308.93,,,0.0021,24.7007,34.7383,493.2,0,,,True,SINGLE_READING;,6,day6,UNMATCHED_GT_30M,D6:wor:1-345,1-345,1-345,results.zip/day6.xlsx,workbook,2635.64,2642.13,1-344,False,24.7074,34.7633,491.562,,0,491.562,0.15,21939.4,43067.2,False,3407.01,0.00787159,INTERPOLATED,861,898,-98.0803,0.0081469,0
873,CG6-0640,2026-01-21,1,333,field,CG6-0640|2026-01-21|L1|S333,2026-01-21 10:18:13,2026-01-21 10:18:13,2026-01-21 10:18:13.000000,1,1,3307.49,,,0.0012,24.6995,34.7386,494.5,0,,,True,SINGLE_READING;,6,day6,UNMATCHED_GT_30M,D6:wor:1-345,1-345,1-345,results.zip/day6.xlsx,workbook,2641.23,2643.59,1-344,False,24.7074,34.7633,491.562,,0,491.562,0.15,21964.3,43181.9,False,3407.01,0.00787156,INTERPOLATED,861,898,-99.5113,0.0079625,0
874,CG6-0640,2026-01-21,1,334,field,CG6-0640|2026-01-21|L1|S334,2026-01-21 10:26:23,2026-01-21 10:26:23,2026-01-21 10:26:23.000000,1,1,3309.47,,,0.002,24.7018,34.7375,498.3,0,,,True,SINGLE_READING;,6,day6,UNMATCHED_GT_30M,D6:wor:1-345,1-345,1-345,results.zip/day6.xlsx,workbook,2677.02,2687.48,1-344,False,24.7074,34.7633,491.562,,0,491.562,0.15,21954.9,42977.5,False,3407.01,0.00787158,INTERPOLATED,861,898,-97.5398,0.00812168,0
875,CG6-0640,2026-01-21,1,335,field,CG6-0640|2026-01-21|L1|S335,2026-01-21 11:34:26,2026-01-21 11:34:26,2026-01-21 11:34:26.000000,1,1,3332.17,,,0.0032,24.7079,34.7842,432.9,0,,,True,SINGLE_READING;,6,day6,MATCHED,D6:wor:1-335,1-335,1-335,results.zip/day6.xlsx,workbook,2.3795,146.51,1-347,True,24.7078,34.7842,439.6,,0,439.6,0.15,17464.7,41005.8,False,3407.01,0.00787443,INTERPOLATED,861,898,-74.8411,0.0084998,0
876,CG6-0640,2026-01-21,1,336,field,CG6-0640|2026-01-21|L1|S336,2026-01-21 11:41:32,2026-01-21 11:41:32,2026-01-21 11:41:32.000000,1,0,,,,,24.7071,34.7819,434.1,0,STDDEV_GT_0.080,,False,NO_ACCEPTED_READING;,6,day6,MATCHED,D6:wor:1-336,1-336,1-336,results.zip/day6.xlsx,workbook,5.75905,139.205,1-347,True,24.7071,34.7818,444.501,,0,444.501,0.15,17710.8,41140.4,False,3407.01,0.00787501,INTERPOLATED,861,898,,,0
877,CG6-0640,2026-01-21,1,337,field,CG6-0640|2026-01-21|L1|S337,2026-01-21 11:51:51,2026-01-21 11:51:51,2026-01-21 11:51:51.000000,1,1,3323.51,,,0.0018,24.7071,34.7715,458.9,0,,,True,SINGLE_READING;,6,day6,MATCHED,D6:wor:1-337,1-337,1-337,results.zip/day6.xlsx,workbook,3.4401,151.056,1-338,True,24.7071,34.7715,469.576,,0,469.576,0.15,18629.8,41402.6,False,3407.01,0.00787595,INTERPOLATED,861,898,-83.5029,0.00807902,0
878,CG6-0640,2026-01-21,1,338,field,CG6-0640|2026-01-21|L1|S338,2026-01-21 11:55:30,2026-01-21 11:55:30,2026-01-21 11:55:30.000000,1,1,3322.34,,,0.0025,24.7084,34.7708,496.9,0,,,True,SINGLE_READING;,6,day6,MATCHED,D6:wor:1-338,1-338,1-338,results.zip/day6.xlsx,workbook,5.74411,128.472,1-339,True,24.7083,34.7708,475.738,,0,475.738,0.15,18618,41283.7,False,3407.01,0.0078763,INTERPOLATED,861,898,-84.6707,0.00826354,0
879,CG6-0640,2026-01-21,1,339,field,CG6-0640|2026-01-21|L1|S339,2026-01-21 11:59:00,2026-01-21 11:59:00,2026-01-21 11:59:00.000000,1,1,3321.73,,,0.002,24.7095,34.7706,501.5,0,,,True,SINGLE_READING;,6,day6,MATCHED,D6:wor:1-339,1-339,1-339,results.zip/day6.xlsx,workbook,6.23858,111.824,1-340,True,24.7095,34.7707,481.651,,0,481.651,0.15,18574.7,41160.9,False,3407.01,0.00787666,INTERPOLATED,861,898,-85.2749,0.00812661,0
880,CG6-0640,2026-01-21,1,340,field,CG6-0640|2026-01-21|L1|S340,2026-01-21 12:03:13,2026-01-21 12:03:13,2026-01-21 12:03:13.000000,1,1,3320.51,,,0.0015,24.7106,34.7705,504.6,0,,,True,SINGLE_READING;,6,day6,MATCHED,D6:wor:1-340,1-340,1-340,results.zip/day6.xlsx,workbook,10.6005,121.753,1-339,True,24.7105,34.7704,490.258,,0,490.258,0.15,18534.3,41053.8,False,3407.01,0.00787711,INTERPOLATED,861,898,-86.5023,0.00801865,0
881,CG6-0640,2026-01-21,1,341,field,CG6-0640|2026-01-21|L1|S341,2026-01-21 12:17:27,2026-01-21 12:17:27,2026-01-21 12:17:27.000000,1,1,3318.83,,,0.0022,24.7074,34.7663,476.4,0,,,True,SINGLE_READING;,6,day6,MATCHED,D6:kml:1-341,1-341,1-341,results.zip/day6.kml,kml_only,8.69329,219.031,1-342,True,24.7074,34.7663,486.21,,0,486.21,0.15,19068.5,41502.5,False,3407.01,0.00787875,INTERPOLATED,861,898,-88.1757,0.00818014,0
882,CG6-0640,2026-01-21,1,342,field,CG6-0640|2026-01-21|L1|S342,2026-01-21 12:23:46,2026-01-21 12:23:46,2026-01-21 12:23:46.000000,1,1,3317.63,,,0.0016,24.7093,34.7654,478.2,0,,,True,SINGLE_READING;,6,day6,MATCHED,D6:wor:1-342,1-342,1-342,results.zip/day6.xlsx,workbook,9.99942,106.771,1-343,True,24.7092,34.7655,496.066,,0,496.066,0.15,19052.9,41325,False,3407.01,0.00787955,INTERPOLATED,861,898,-89.3808,0.00804035,0
883,CG6-0640,2026-01-21,1,343,field,CG6-0640|2026-01-21|L1|S343,2026-01-21 12:27:22,2026-01-21 12:27:22,2026-01-21 12:27:22.000000,1,1,3316.23,,,0.0017,24.7102,34.765,511.4,0,,,True,SINGLE_READING;,6,day6,MATCHED,D6:wor:1-343,1-343,1-343,results.zip/day6.xlsx,workbook,9.54817,118.105,1-342,True,24.7102,34.765,501.582,,0,501.582,0.15,19043,41239,False,3407.01,0.00788002,INTERPOLATED,861,898,-90.7757,0.00806131,0
884,CG6-0640,2026-01-21,1,344,field,CG6-0640|2026-01-21|L1|S344,2026-01-21 12:41:10,2026-01-21 12:41:10,2026-01-21 12:41:10.000000,1,1,3317.34,,,0.002,24.7069,34.7635,472.3,0,,,True,SINGLE_READING;,6,day6,MATCHED,D6:wor:1-344,1-344,1-344,results.zip/day6.xlsx,workbook,10.3336,68.3907,1-345,True,24.7068,34.7635,488.792,,0,488.792,0.15,19348.1,41640.5,False,3407.01,0.00788196,INTERPOLATED,861,898,-89.6718,0.00813175,0
885,CG6-0640,2026-01-21,1,345,field,CG6-0640|2026-01-21|L1|S345,2026-01-21 12:44:07,2026-01-21 12:44:07,2026-01-21 12:44:07.000000,1,1,3316.9,,,0.0021,24.7075,34.7633,477.6,0,,,True,SINGLE_READING;,6,day6,MATCHED,D6:wor:1-345,1-345,1-345,results.zip/day6.xlsx,workbook,11.9283,61.8866,1-346,True,24.7074,34.7633,491.562,,0,491.562,0.15,19335,41575.6,False,3407.01,0.00788241,INTERPOLATED,861,898,-90.1051,0.00815735,0
886,CG6-0640,2026-01-21,1,346,field,CG6-0640|2026-01-21|L1|S346,2026-01-21 12:47:16,2026-01-21 12:47:16,2026-01-21 12:47:16.000000,1,1,3316.33,,,0.0022,24.7082,34.7635,488.1,0,,,True,SINGLE_READING;,6,day6,MATCHED,D6:wor:1-346,1-346,1-346,results.zip/day6.xlsx,workbook,9.55313,82.157,1-345,True,24.7081,34.7634,495.5,,0,495.5,0.15,19290.7,41505.5,False,3407.01,0.00788289,INTERPOLATED,861,898,-90.6799,0.00818412,0
887,CG6-0640,2026-01-21,1,347,field,CG6-0640|2026-01-21|L1|S347,2026-01-21 13:09:55,2026-01-21 13:09:55,2026-01-21 13:09:55.000000,1,1,3331.19,,,0.0057,24.7081,34.7828,427.5,0,,,True,SINGLE_READING;,6,day6,MATCHED,D6:wor:1-347,1-347,1-347,results.zip/day6.xlsx,workbook,7.57798,144.597,1-335,True,24.7081,34.7828,445.056,,0,445.056,0.15,17573.3,41009.9,False,3407.01,0.00788665,INTERPOLATED,861,898,-75.8166,0.00973084,0
888,CG6-0640,2026-01-21,1,348,field,CG6-0640|2026-01-21|L1|S348,2026-01-21 13:15:39,2026-01-21 13:15:39,2026-01-21 13:15:39.000000,1,1,3336.6,,,0.0019,24.7133,34.7852,416.8,0,,,True,SINGLE_READING;,6,day6,MATCHED,D6:wor:1-348,1-348,1-348,results.zip/day6.xlsx,workbook,8.83075,93.4627,1-349,True,24.7133,34.7851,426.559,,0,426.559,0.15,17082.3,40390.4,False,3407.01,0.00788769,INTERPOLATED,861,898,-70.4146,0.0081133,0
889,CG6-0640,2026-01-21,1,349,field,CG6-0640|2026-01-21|L1|S349,2026-01-21 13:18:46,2026-01-21 13:18:46,2026-01-21 13:18:46.000000,1,1,3335.56,,,0.0022,24.7125,34.7852,416.3,0,,,True,SINGLE_READING;,6,day6,MATCHED,D6:kml:1-349,1-349,1-349,results.zip/day6.kml,kml_only,1.01912,79.6184,1-350,True,24.7125,34.7853,429.003,,0,429.003,0.15,17118.7,40479.2,False,3407.01,0.00788827,INTERPOLATED,861,898,-71.4476,0.00818931,0
890,CG6-0640,2026-01-21,1,350,field,CG6-0640|2026-01-21|L1|S350,2026-01-21 13:21:54,2026-01-21 13:21:54,2026-01-21 13:21:54.000000,1,1,3334.54,,,0.0019,24.7122,34.7845,418.9,0,,,True,SINGLE_READING;,6,day6,MATCHED,D6:kml:1-350,1-350,1-350,results.zip/day6.kml,kml_only,0.880439,80.777,1-349,True,24.7122,34.7845,434.22,,0,434.22,0.15,17198.2,40527.1,False,3407.01,0.00788886,INTERPOLATED,861,898,-72.4733,0.00811444,0
891,CG6-0640,2026-01-21,1,351,field,CG6-0640|2026-01-21|L1|S351,2026-01-21 13:31:20,2026-01-21 13:31:20,2026-01-21 13:31:20.000000,1,1,3340.22,,,0.0029,24.7185,34.7827,396.8,0,,,True,SINGLE_READING;,6,day6,UNMATCHED_GT_30M,D6:wor:1-353,1-353,1-353,results.zip/day6.xlsx,workbook,234.553,286.428,1-354,False,24.7167,34.7815,421,,0,421,0.15,17036.9,39891.3,False,3407.01,0.00789071,INTERPOLATED,861,898,-66.7865,0.00840674,0
892,CG6-0640,2026-01-21,1,352,field,CG6-0640|2026-01-21|L1|S352,2026-01-21 13:34:22,2026-01-21 13:34:22,2026-01-21 13:34:22.000000,1,1,3339.4,,,0.0026,24.7176,34.7825,398.7,0,,,True,SINGLE_READING;,6,day6,UNMATCHED_GT_30M,D6:wor:1-353,1-353,1-353,results.zip/day6.xlsx,workbook,139.106,213.509,1-354,False,24.7167,34.7815,421,,0,421,0.15,17102.6,39994.4,False,3407.01,0.00789132,INTERPOLATED,861,898,-67.6086,0.0083086,0
893,CG6-0640,2026-01-21,1,353,field,CG6-0640|2026-01-21|L1|S353,2026-01-21 13:37:38,2026-01-21 13:37:38,2026-01-21 13:37:38.000000,1,1,3338.21,,,0.0017,24.7167,34.7816,401.6,0,,,True,SINGLE_READING;,6,day6,MATCHED,D6:wor:1-353,1-353,1-353,results.zip/day6.xlsx,workbook,6.69188,105.78,1-354,True,24.7167,34.7815,421,,0,421,0.15,17228,40110.2,False,3407.01,0.00789199,INTERPOLATED,861,898,-68.8036,0.00807301,0
894,CG6-0640,2026-01-21,1,354,field,CG6-0640|2026-01-21|L1|S354,2026-01-21 13:41:00,2026-01-21 13:41:00,2026-01-21 13:41:00.000000,1,1,3337.54,,,0.002,24.7169,34.7806,404.4,0,,,True,SINGLE_READING;,6,day6,MATCHED,D6:wor:1-354,1-354,1-354,results.zip/day6.xlsx,workbook,6.4188,103.494,1-353,True,24.7169,34.7805,423.358,,0,423.358,0.15,17310.5,40116.4,False,3407.01,0.00789269,INTERPOLATED,861,898,-69.4701,0.00814215,0
895,CG6-0640,2026-01-21,1,355,field,CG6-0640|2026-01-21|L1|S355,2026-01-21 13:43:57,2026-01-21 13:43:57,2026-01-21 13:43:57.000000,1,1,3336.64,,,0.0016,24.7171,34.7794,404.5,0,,,True,SINGLE_READING;,6,day6,MATCHED,D6:wor:1-355,1-355,1-355,results.zip/day6.xlsx,workbook,5.46076,112.931,1-354,True,24.717,34.7794,426.048,,0,426.048,0.15,17401.7,40123.6,False,3407.01,0.00789332,INTERPOLATED,861,898,-70.367,0.00805385,0
896,CG6-0640,2026-01-21,1,356,field,CG6-0640|2026-01-21|L1|S356,2026-01-21 13:47:12,2026-01-21 13:47:12,2026-01-21 13:47:12.000000,1,1,3335.74,,,0.0017,24.7173,34.7782,407.6,0,,TILT_GT_20,True,SINGLE_READING;,6,day6,MATCHED,D6:wor:1-356,1-356,1-356,results.zip/day6.xlsx,workbook,4.64885,80.3162,1-357,True,24.7173,34.7782,429.684,,0,429.684,0.15,17503.5,40128.4,False,3407.01,0.00789402,INTERPOLATED,861,898,-71.2757,0.00807499,0
897,CG6-0640,2026-01-21,1,357,field,CG6-0640|2026-01-21|L1|S357,2026-01-21 13:50:06,2026-01-21 13:50:06,2026-01-21 13:50:06.000000,1,1,3335.42,,,0.0017,24.7177,34.7775,413.6,0,,,True,SINGLE_READING;,6,day6,MATCHED,D6:wor:1-357,1-357,1-357,results.zip/day6.xlsx,workbook,4.31319,84.1431,1-356,True,24.7176,34.7775,433.282,,0,433.282,0.15,17552.5,40109.8,False,3407.01,0.00789465,INTERPOLATED,861,898,-71.5954,0.00807561,0
898,CG6-0640,2026-01-21,0,100,field_base_100,CG6-0640|2026-01-21|L0|S100,2026-01-21 14:48:04,2026-01-21 14:51:04,2026-01-21 14:49:34.000000,4,4,3407.01,0.00267902,0.000551547,0.000990581,24.7868,34.9338,100.1,0,,,True,,6,day6,MATCHED,D6:wor:Base 100,Base 100,Base 100,results.zip/day6.xlsx,workbook,10.6925,,,True,24.7867,34.9338,111.503,,0,111.503,0.15,10.5973,31637,True,3407.01,0.000990581,AT_CONTROL,898,898,0,0.00140089,0
899,CG6-0640,2026-01-21,0,0,hotel_base_0,CG6-0640|2026-01-21|L0|S0,2026-01-21 16:09:29,2026-01-21 16:12:29,2026-01-21 16:10:59.000000,4,4,3473.08,0.00316119,0.000671554,0.000908639,25.0669,34.8777,25.1,0,,,True,,6,day6,MATCHED,D6:wor:BASE 21-01-2026,BASE 21-01-2026,BASE 21-01-2026,results.zip/day6.xlsx,workbook,13.8426,,,True,25.0668,34.8777,36.567,,0,36.567,0.15,31655.9,13.8601,True,3407,0.00775761,AT_CONTROL,899,899,66.0736,0.00781064,0
900,CG6-0640,2026-01-22,0,0,hotel_base_0,CG6-0640|2026-01-22|L0|S0,2026-01-22 04:54:19,2026-01-22 04:57:19,2026-01-22 04:55:49.000000,4,4,3473.07,0.0032144,0.000739669,0.00093775,25.0669,34.8777,40.7,0.555975,,,True,,7,day7,MATCHED,D7:wor:Base0,Base0,Base0,results.zip/day7.xlsx,workbook,15.0867,,,True,25.0668,34.8776,39.021,,2.832,36.189,0.356131,31660.3,15.2439,True,3407,0.00776107,AT_CONTROL,900,900,66.0736,0.00781752,0
901,CG6-0640,2026-01-22,0,100,field_base_100,CG6-0640|2026-01-22|L0|S100,2026-01-22 07:23:19,2026-01-22 07:26:19,2026-01-22 07:24:49.000000,4,4,3407,0.00192815,0.000410668,0.000968569,24.7867,34.9338,108.75,0,,,True,,7,day7,MATCHED,D7:wor:Base 100,Base 100,Base 100,results.zip/day7.xlsx,workbook,1.80693,,,True,24.7868,34.9337,114.925,,2.832,112.093,0.356131,0.56225,31645.7,True,3407,0.000968569,AT_CONTROL,901,901,0,0.00136976,0
902,CG6-0640,2026-01-22,1,358,field,CG6-0640|2026-01-22|L1|S358,2026-01-22 08:14:18,2026-01-22 08:14:18,2026-01-22 08:14:18.000000,1,1,3365.92,,,0.0024,24.8265,34.763,344.6,0,,,True,SINGLE_READING;,7,day7,MATCHED,D7:wor:1-358,1-358,1-358,results.zip/day7.xlsx,workbook,6.12569,240.125,1-359,True,24.8264,34.763,350.919,,2.832,348.087,0.356131,17795.7,29112.7,False,3407,0.00789327,INTERPOLATED,901,963,-41.0779,0.00825007,0
903,CG6-0640,2026-01-22,1,359,field,CG6-0640|2026-01-22|L1|S359,2026-01-22 08:20:23,2026-01-22 08:20:23,2026-01-22 08:20:23.000000,1,1,3365.63,,,0.0035,24.8245,34.7621,345.7,0,,,True,SINGLE_READING;,7,day7,MATCHED,D7:wor:1-359,1-359,1-359,results.zip/day7.xlsx,workbook,4.61008,161.464,1-360,True,24.8245,34.762,352.754,,2.832,349.922,0.356131,17832.7,29348.4,False,3407,0.00789222,INTERPOLATED,901,963,-41.3711,0.00863349,0
904,CG6-0640,2026-01-22,1,360,field,CG6-0640|2026-01-22|L1|S360,2026-01-22 08:25:31,2026-01-22 08:25:31,2026-01-22 08:25:31.000000,1,1,3365.23,,,0.0026,24.8249,34.7605,342.3,0,,,True,SINGLE_READING;,7,day7,MATCHED,D7:wor:1-360,1-360,1-360,results.zip/day7.xlsx,workbook,1.66324,160.498,1-359,True,24.8249,34.7605,355.174,,2.832,352.342,0.356131,17994.7,29370.9,False,3407,0.00789144,INTERPOLATED,901,963,-41.7741,0.00830872,0
905,CG6-0640,2026-01-22,1,361,field,CG6-0640|2026-01-22|L1|S361,2026-01-22 08:29:22,2026-01-22 08:29:22,2026-01-22 08:29:22.000000,1,1,3364.94,,,0.0088,24.8248,34.7583,346.9,0,,STDDEV_GT_0.050,True,SINGLE_READING;,7,day7,MATCHED,D7:wor:1-361,1-361,1-361,results.zip/day7.xlsx,workbook,5.90145,221.901,1-360,True,24.8248,34.7583,355.493,,2.832,352.661,0.356131,18207.4,29470.8,False,3407,0.00789093,INTERPOLATED,901,963,-42.0593,0.0118198,0
906,CG6-0640,2026-01-22,1,362,field,CG6-0640|2026-01-22|L1|S362,2026-01-22 08:35:26,2026-01-22 08:35:26,2026-01-22 08:35:26.000000,1,1,3363.6,,,0.0037,24.8238,34.7561,348.9,0,,,True,SINGLE_READING;,7,day7,MATCHED,D7:wor:1-362,1-362,1-362,results.zip/day7.xlsx,workbook,3.69213,182.695,1-363,True,24.8238,34.7561,359.103,,2.832,356.271,0.356131,18397.2,29659.6,False,3407,0.00789022,INTERPOLATED,901,963,-43.4003,0.00871468,0
907,CG6-0640,2026-01-22,1,363,field,CG6-0640|2026-01-22|L1|S363,2026-01-22 08:38:48,2026-01-22 08:38:48,2026-01-22 08:38:48.000000,1,1,3362.83,,,0.0055,24.8225,34.7551,347.9,0,,,True,SINGLE_READING;,7,day7,MATCHED,D7:wor:1-363,1-363,1-363,results.zip/day7.xlsx,workbook,6.65359,174.214,1-362,True,24.8225,34.7551,360.942,,2.832,358.11,0.356131,18465.8,29833.6,False,3407,0.00788989,INTERPOLATED,901,963,-44.1738,0.00961771,0
908,CG6-0640,2026-01-22,1,364,field,CG6-0640|2026-01-22|L1|S364,2026-01-22 08:41:59,2026-01-22 08:41:59,2026-01-22 08:41:59.000000,1,1,3361.89,,,0.0028,24.8208,34.755,352.3,0,,,True,SINGLE_READING;,7,day7,MATCHED,D7:wor:1-364,1-364,1-364,results.zip/day7.xlsx,workbook,6.2468,190.602,1-363,True,24.8207,34.7549,364.38,,2.832,361.548,0.356131,18440.1,30019.2,False,3407,0.00788961,INTERPOLATED,901,963,-45.1141,0.00837174,0
909,CG6-0640,2026-01-22,1,365,field,CG6-0640|2026-01-22|L1|S365,2026-01-22 08:46:07,2026-01-22 08:46:07,2026-01-22 08:46:07.000000,1,1,3361.39,,,0.0046,24.8203,34.753,353.8,0,,,True,SINGLE_READING;,7,day7,MATCHED,D7:wor:1-365,1-365,1-365,results.zip/day7.xlsx,workbook,6.44019,173.268,1-366,True,24.8202,34.753,366.58,,2.832,363.748,0.356131,18621.5,30152.9,False,3407,0.00788931,INTERPOLATED,901,963,-45.6062,0.00913243,0
910,CG6-0640,2026-01-22,1,366,field,CG6-0640|2026-01-22|L1|S366,2026-01-22 08:49:13,2026-01-22 08:49:13,2026-01-22 08:49:13.000000,1,1,3361.06,,,0.0037,24.82,34.7513,356.9,0,,,True,SINGLE_READING;,7,day7,MATCHED,D7:wor:1-366,1-366,1-366,results.zip/day7.xlsx,workbook,9.60317,175.062,1-365,True,24.8199,34.7513,369.326,,2.832,366.494,0.356131,18785.4,30252.4,False,3407,0.00788913,INTERPOLATED,901,963,-45.9432,0.00871369,0
911,CG6-0640,2026-01-22,1,367,field,CG6-0640|2026-01-22|L1|S367,2026-01-22 08:52:21,2026-01-22 08:52:21,2026-01-22 08:52:21.000000,1,1,3360.55,,,0.0056,24.8191,34.7496,365.4,0,,,True,SINGLE_READING;,7,day7,MATCHED,D7:wor:1-367,1-367,1-367,results.zip/day7.xlsx,workbook,7.43151,194.102,1-366,True,24.819,34.7496,370.83,,2.832,367.998,0.356131,18930.7,30412.9,False,3407,0.00788898,INTERPOLATED,901,963,-46.4463,0.0096745,0
912,CG6-0640,2026-01-22,1,368,field,CG6-0640|2026-01-22|L1|S368,2026-01-22 08:55:40,2026-01-22 08:55:40,2026-01-22 08:55:40.000000,1,1,3359.8,,,0.0058,24.8176,34.7486,358.7,0,,,True,SINGLE_READING;,7,day7,MATCHED,D7:wor:1-368,1-368,1-368,results.zip/day7.xlsx,workbook,8.87317,188.802,1-367,True,24.8176,34.7486,373.718,,2.832,370.886,0.356131,19004.5,30606,False,3407,0.00788886,INTERPOLATED,901,963,-47.1956,0.00979153,0
913,CG6-0640,2026-01-22,1,369,field,CG6-0640|2026-01-22|L1|S369,2026-01-22 08:59:00,2026-01-22 08:59:00,2026-01-22 08:59:00.000000,1,0,,,,,24.8158,34.7482,364.1,0,STDDEV_GT_0.080,,False,NO_ACCEPTED_READING;,7,day7,MATCHED,D7:wor:1-369,1-369,1-369,results.zip/day7.xlsx,workbook,5.48016,197.464,1-368,True,24.8158,34.7482,376.181,,2.832,373.349,0.356131,19008.3,30805.6,False,3407,0.00788878,INTERPOLATED,901,963,,,0
914,CG6-0640,2026-01-22,1,370,field,CG6-0640|2026-01-22|L1|S370,2026-01-22 09:02:24,2026-01-22 09:02:24,2026-01-22 09:02:24.000000,1,1,3358.55,,,0.0024,24.8142,34.7474,363.5,0,,,True,SINGLE_READING;,7,day7,MATCHED,D7:wor:1-370,1-370,1-370,results.zip/day7.xlsx,workbook,5.57762,190.807,1-369,True,24.8142,34.7474,378.541,,2.832,375.709,0.356131,19057.4,31001.7,False,3407,0.00788874,INTERPOLATED,901,963,-48.4496,0.00824574,0
915,CG6-0640,2026-01-22,1,371,field,CG6-0640|2026-01-22|L1|S371,2026-01-22 09:05:46,2026-01-22 09:05:46,2026-01-22 09:05:46.000000,1,1,3357.22,,,0.0057,24.8136,34.7453,360,0,,,True,SINGLE_READING;,7,day7,MATCHED,D7:wor:1-371,1-371,1-371,results.zip/day7.xlsx,workbook,7.87442,191.652,1-372,True,24.8135,34.7453,382.169,,2.832,379.337,0.356131,19259.1,31153.6,False,3407,0.00788874,INTERPOLATED,901,963,-49.7769,0.00973254,0
916,CG6-0640,2026-01-22,1,372,field,CG6-0640|2026-01-22|L1|S372,2026-01-22 09:09:21,2026-01-22 09:09:21,2026-01-22 09:09:21.000000,1,1,3356.55,,,0.0023,24.8142,34.7434,365.4,0,,,True,SINGLE_READING;,7,day7,MATCHED,D7:wor:1-372,1-372,1-372,results.zip/day7.xlsx,workbook,9.48708,184.201,1-373,True,24.8141,34.7434,384.805,,2.832,381.973,0.356131,19454,31178.3,False,3407,0.00788879,INTERPOLATED,901,963,-50.4451,0.00821724,0
917,CG6-0640,2026-01-22,1,373,field,CG6-0640|2026-01-22|L1|S373,2026-01-22 09:13:02,2026-01-22 09:13:02,2026-01-22 09:13:02.000000,1,1,3355.41,,,0.0034,24.815,34.7418,364.9,0,,,True,SINGLE_READING;,7,day7,MATCHED,D7:wor:1-373,1-373,1-373,results.zip/day7.xlsx,workbook,4.68034,105.496,1-374,True,24.815,34.7418,386.732,,2.832,383.9,0.356131,19630.3,31165.7,False,3407,0.00788889,INTERPOLATED,901,963,-51.5869,0.00859038,0
918,CG6-0640,2026-01-22,1,374,field,CG6-0640|2026-01-22|L1|S374,2026-01-22 09:16:52,2026-01-22 09:16:52,2026-01-22 09:16:52.000000,1,1,3354.63,,,0.002,24.8148,34.7408,365.9,0,,,True,SINGLE_READING;,7,day7,MATCHED,D7:wor:1-374,1-374,1-374,results.zip/day7.xlsx,workbook,5.12726,104.481,1-373,True,24.8148,34.7408,388.766,,2.832,385.934,0.356131,19726.8,31227.4,False,3407,0.00788905,INTERPOLATED,901,963,-52.3693,0.00813862,0
919,CG6-0640,2026-01-22,1,375,field,CG6-0640|2026-01-22|L1|S375,2026-01-22 09:19:59,2026-01-22 09:19:59,2026-01-22 09:19:59.000000,1,1,3353.66,,,0.002,24.8134,34.7402,346.8,0,,,True,SINGLE_READING;,7,day7,MATCHED,D7:wor:1-375,1-375,1-375,results.zip/day7.xlsx,workbook,6.29771,168.191,1-374,True,24.8134,34.7402,389.374,,2.832,386.542,0.356131,19764.9,31400.2,False,3407,0.00788922,INTERPOLATED,901,963,-53.3439,0.00813878,0
920,CG6-0640,2026-01-22,1,376,field,CG6-0640|2026-01-22|L1|S376,2026-01-22 09:23:31,2026-01-22 09:23:31,2026-01-22 09:23:31.000000,1,1,3352.98,,,0.0035,24.8115,34.7397,363.6,0,,,True,SINGLE_READING;,7,day7,MATCHED,D7:wor:1-376,1-376,1-376,results.zip/day7.xlsx,workbook,7.72194,208.677,1-377,True,24.8114,34.7397,392.138,,2.832,389.306,0.356131,19778.6,31608.2,False,3407,0.00788946,INTERPOLATED,901,963,-54.0221,0.00863096,0
921,CG6-0640,2026-01-22,1,377,field,CG6-0640|2026-01-22|L1|S377,2026-01-22 09:26:51,2026-01-22 09:26:51,2026-01-22 09:26:51.000000,1,1,3351.96,,,0.0018,24.8097,34.7397,374.6,0,,,True,SINGLE_READING;,7,day7,MATCHED,D7:wor:1-377,1-377,1-377,results.zip/day7.xlsx,workbook,5.09915,196.265,1-376,True,24.8096,34.7397,394.127,,2.832,391.295,0.356131,19753.6,31792.1,False,3407,0.00788972,INTERPOLATED,901,963,-55.0362,0.00809245,0
922,CG6-0640,2026-01-22,1,378,field,CG6-0640|2026-01-22|L1|S378,2026-01-22 09:29:57,2026-01-22 09:29:57,2026-01-22 09:29:57.000000,1,1,3350.78,,,0.0025,24.8078,34.74,376.3,0,,,True,SINGLE_READING;,7,day7,MATCHED,D7:wor:1-378,1-378,1-378,results.zip/day7.xlsx,workbook,3.6738,200.489,1-377,True,24.8078,34.74,396.797,,2.832,393.965,0.356131,19701.5,31963.5,False,3407,0.00789,INTERPOLATED,901,963,-56.2146,0.0082766,0
923,CG6-0640,2026-01-22,1,379,field,CG6-0640|2026-01-22|L1|S379,2026-01-22 09:34:25,2026-01-22 09:34:25,2026-01-22 09:34:25.000000,1,1,3349.93,,,0.002,24.806,34.7402,384.2,0,,,True,SINGLE_READING;,7,day7,MATCHED,D7:wor:1-379,1-379,1-379,results.zip/day7.xlsx,workbook,5.50872,196.611,1-380,True,24.8059,34.7402,399.549,,2.832,396.717,0.356131,19651.5,32139.3,False,3407,0.00789048,INTERPOLATED,901,963,-57.0721,0.00814,0
924,CG6-0640,2026-01-22,1,380,field,CG6-0640|2026-01-22|L1|S380,2026-01-22 09:37:34,2026-01-22 09:37:34,2026-01-22 09:37:34.000000,1,1,3349.21,,,0.0028,24.8043,34.7408,381.6,0,,,True,SINGLE_READING;,7,day7,MATCHED,D7:wor:1-380,1-380,1-380,results.zip/day7.xlsx,workbook,3.46278,190.334,1-379,True,24.8043,34.7407,402.196,,2.832,399.364,0.356131,19578.3,32284.6,False,3407,0.00789085,INTERPOLATED,901,963,-57.7921,0.0083729,0
925,CG6-0640,2026-01-22,1,381,field,CG6-0640|2026-01-22|L1|S381,2026-01-22 09:40:28,2026-01-22 09:40:28,2026-01-22 09:40:28.000000,1,1,3348.29,,,0.0044,24.8025,34.7412,376.8,0,,,True,SINGLE_READING;,7,day7,MATCHED,D7:wor:1-381,1-381,1-381,results.zip/day7.xlsx,workbook,6.40925,201.796,1-380,True,24.8025,34.7412,405.863,,2.832,403.031,0.356131,19515.4,32446.2,False,3407,0.00789123,INTERPOLATED,901,963,-58.7048,0.00903502,0
926,CG6-0640,2026-01-22,1,382,field,CG6-0640|2026-01-22|L1|S382,2026-01-22 09:44:04,2026-01-22 09:44:04,2026-01-22 09:44:04.000000,1,1,3347.2,,,0.0027,24.8005,34.7416,369.2,0,,,True,SINGLE_READING;,7,day7,UNMATCHED_GT_30M,D7:wor:1-383,1-383,1-383,results.zip/day7.xlsx,workbook,202.852,221.627,1-381,False,24.7989,34.7426,412.134,,2.832,409.302,0.356131,19456,32629.1,False,3407,0.00789174,INTERPOLATED,901,963,-59.8014,0.00834084,0
927,CG6-0640,2026-01-22,1,383,field,CG6-0640|2026-01-22|L1|S383,2026-01-22 09:47:19,2026-01-22 09:47:19,2026-01-22 09:47:19.000000,1,1,3346.49,,,0.0052,24.799,34.7426,354.5,0,,,True,SINGLE_READING;,7,day7,MATCHED,D7:wor:1-383,1-383,1-383,results.zip/day7.xlsx,workbook,8.56751,193.619,1-384,True,24.7989,34.7426,412.134,,2.832,409.302,0.356131,19344.4,32741.2,False,3407,0.00789225,INTERPOLATED,901,963,-60.5097,0.00945133,0
928,CG6-0640,2026-01-22,1,384,field,CG6-0640|2026-01-22|L1|S384,2026-01-22 09:53:47,2026-01-22 09:53:47,2026-01-22 09:53:47.000000,1,0,,,,,24.7977,34.7438,379.7,0,STDDEV_GT_0.080,,False,NO_ACCEPTED_READING;,7,day7,MATCHED,D7:wor:1-384,1-384,1-384,results.zip/day7.xlsx,workbook,8.40067,185.41,1-383,True,24.7976,34.7438,415.147,,2.832,412.315,0.356131,19210,32820.8,False,3407,0.00789337,INTERPOLATED,901,963,,,0
929,CG6-0640,2026-01-22,1,385,field,CG6-0640|2026-01-22|L1|S385,2026-01-22 09:59:59,2026-01-22 09:59:59,2026-01-22 09:59:59.000000,1,1,3345.34,,,0.0037,24.7974,34.7412,399.8,0,,TILT_GT_20,True,SINGLE_READING;,7,day7,MATCHED,D7:wor:1-385,1-385,1-385,results.zip/day7.xlsx,workbook,6.09021,217.919,1-383,True,24.7973,34.7412,413.873,,2.832,411.041,0.356131,19469.2,32960.9,False,3407,0.00789459,INTERPOLATED,901,963,-61.6568,0.00871863,0
930,CG6-0640,2026-01-22,1,386,field,CG6-0640|2026-01-22|L1|S386,2026-01-22 10:04:31,2026-01-22 10:04:31,2026-01-22 10:04:31.000000,1,1,3344.03,,,0.0066,24.7968,34.7392,402.2,0,,STDDEV_GT_0.050,True,SINGLE_READING;,7,day7,MATCHED,D7:wor:1-386,1-386,1-386,results.zip/day7.xlsx,workbook,10.7834,194.312,1-387,True,24.7968,34.7392,417.909,,2.832,415.077,0.356131,19666.7,33100.8,False,3407,0.00789557,INTERPOLATED,901,963,-62.9654,0.0102908,0
931,CG6-0640,2026-01-22,1,387,field,CG6-0640|2026-01-22|L1|S387,2026-01-22 10:09:47,2026-01-22 10:09:47,2026-01-22 10:09:47.000000,1,1,3343.02,,,0.0026,24.7955,34.7382,404.5,0,,,True,SINGLE_READING;,7,day7,MATCHED,D7:wor:1-387,1-387,1-387,results.zip/day7.xlsx,workbook,11.1037,173.201,1-386,True,24.7954,34.7381,420.78,,2.832,417.948,0.356131,19767.7,33281.2,False,3407,0.00789681,INTERPOLATED,901,963,-63.9806,0.00831382,0
932,CG6-0640,2026-01-22,1,388,field,CG6-0640|2026-01-22|L1|S388,2026-01-22 10:13:16,2026-01-22 10:13:16,2026-01-22 10:13:16.000000,1,1,3342.11,,,0.004,24.7939,34.7373,408.8,0,,,True,SINGLE_READING;,7,day7,MATCHED,D7:wor:1-388,1-388,1-388,results.zip/day7.xlsx,workbook,10.012,183.515,1-387,True,24.7939,34.7372,423.498,,2.832,420.666,0.356131,19847.4,33474,False,3407,0.00789768,INTERPOLATED,901,963,-64.8932,0.00885287,0
933,CG6-0640,2026-01-22,1,389,field,CG6-0640|2026-01-22|L1|S389,2026-01-22 10:16:57,2026-01-22 10:16:57,2026-01-22 10:16:57.000000,1,1,3340.61,,,0.003,24.7923,34.7372,413,0,,,True,SINGLE_READING;,7,day7,MATCHED,D7:wor:1-389,1-389,1-389,results.zip/day7.xlsx,workbook,8.66798,176.524,1-388,True,24.7922,34.7371,426.732,,2.832,423.9,0.356131,19855.6,33646.9,False,3407,0.00789866,INTERPOLATED,901,963,-66.3849,0.00844919,0
934,CG6-0640,2026-01-22,1,390,field,CG6-0640|2026-01-22|L1|S390,2026-01-22 10:19:56,2026-01-22 10:19:56,2026-01-22 10:19:56.000000,1,1,3339.69,,,0.0027,24.7905,34.738,417.4,0,,,True,SINGLE_READING;,7,day7,MATCHED,D7:wor:1-390,1-390,1-390,results.zip/day7.xlsx,workbook,7.4506,211.133,1-391,True,24.7904,34.738,428.952,,2.832,426.12,0.356131,19761.7,33791.2,False,3407,0.00789948,INTERPOLATED,901,963,-67.3093,0.00834816,0
935,CG6-0640,2026-01-22,1,391,field,CG6-0640|2026-01-22|L1|S391,2026-01-22 10:22:46,2026-01-22 10:22:46,2026-01-22 10:22:46.000000,1,1,3339.16,,,0.0029,24.7889,34.7391,422,0,,,True,SINGLE_READING;,7,day7,MATCHED,D7:wor:1-391,1-391,1-391,results.zip/day7.xlsx,workbook,9.07075,203.79,1-390,True,24.7888,34.739,431.851,,2.832,429.019,0.356131,19654.9,33912.2,False,3407,0.00790029,INTERPOLATED,901,963,-67.8359,0.00841574,0
936,CG6-0640,2026-01-22,1,392,field,CG6-0640|2026-01-22|L1|S392,2026-01-22 10:26:49,2026-01-22 10:26:49,2026-01-22 10:26:49.000000,1,1,3338.26,,,0.0036,24.7868,34.74,422.2,0,,,True,SINGLE_READING;,7,day7,MATCHED,D7:wor:1-392,1-392,1-392,results.zip/day7.xlsx,workbook,8.8525,177.846,1-393,True,24.7867,34.74,434.93,,2.832,432.098,0.356131,19555.4,34085.9,False,3407,0.00790151,INTERPOLATED,901,963,-68.7369,0.00868296,0
937,CG6-0640,2026-01-22,1,393,field,CG6-0640|2026-01-22|L1|S393,2026-01-22 10:29:43,2026-01-22 10:29:43,2026-01-22 10:29:43.000000,1,1,3337.42,,,0.0066,24.7853,34.7403,422.6,0,,STDDEV_GT_0.050,True,SINGLE_READING;,7,day7,MATCHED,D7:wor:1-393,1-393,1-393,results.zip/day7.xlsx,workbook,7.42733,165.158,1-392,True,24.7852,34.7403,437.114,,2.832,434.282,0.356131,19526.6,34228.2,False,3407,0.00790242,INTERPOLATED,901,963,-69.5824,0.010296,0
938,CG6-0640,2026-01-22,1,394,field,CG6-0640|2026-01-22|L1|S394,2026-01-22 10:32:57,2026-01-22 10:32:57,2026-01-22 10:32:57.000000,1,1,3336.73,,,0.0027,24.7837,34.7409,421.4,0,,TILT_GT_20,True,SINGLE_READING;,7,day7,MATCHED,D7:wor:1-394,1-394,1-394,results.zip/day7.xlsx,workbook,11.7333,175.923,1-393,True,24.7836,34.7408,439.1,,2.832,436.268,0.356131,19473.1,34364,False,3407,0.00790346,INTERPOLATED,901,963,-70.2676,0.00835193,0
939,CG6-0640,2026-01-22,1,395,field,CG6-0640|2026-01-22|L1|S395,2026-01-22 10:35:51,2026-01-22 10:35:51,2026-01-22 10:35:51.000000,1,1,3335.83,,,0.0041,24.7818,34.7417,430,0,,,True,SINGLE_READING;,7,day7,MATCHED,D7:wor:1-395,1-395,1-395,results.zip/day7.xlsx,workbook,5.08951,183.985,1-396,True,24.7818,34.7416,441.769,,2.832,438.937,0.356131,19401,34522.4,False,3407,0.00790444,INTERPOLATED,901,963,-71.1727,0.0089045,0
940,CG6-0640,2026-01-22,1,396,field,CG6-0640|2026-01-22|L1|S396,2026-01-22 10:39:05,2026-01-22 10:39:05,2026-01-22 10:39:05.000000,1,1,3334.96,,,0.0053,24.7803,34.7424,428.6,0,,,True,SINGLE_READING;,7,day7,MATCHED,D7:wor:1-396,1-396,1-396,results.zip/day7.xlsx,workbook,7.04114,183.533,1-395,True,24.7803,34.7423,445.128,,2.832,442.296,0.356131,19333.5,34648.3,False,3407,0.00790556,INTERPOLATED,901,963,-72.0374,0.00951776,0
941,CG6-0640,2026-01-22,1,397,field,CG6-0640|2026-01-22|L1|S397,2026-01-22 10:42:26,2026-01-22 10:42:26,2026-01-22 10:42:26.000000,1,1,3334.19,,,0.0029,24.7788,34.7436,432.5,0,,,True,SINGLE_READING;,7,day7,MATCHED,D7:wor:1-397,1-397,1-397,results.zip/day7.xlsx,workbook,10.5659,182.39,1-398,True,24.7787,34.7435,450.417,,2.832,447.585,0.356131,19216.7,34758,False,3407,0.00790676,INTERPOLATED,901,963,-72.8095,0.00842181,0
942,CG6-0640,2026-01-22,1,398,field,CG6-0640|2026-01-22|L1|S398,2026-01-22 10:45:31,2026-01-22 10:45:31,2026-01-22 10:45:31.000000,1,1,3333.44,,,0.0072,24.7774,34.7445,432.2,0,,STDDEV_GT_0.050,True,SINGLE_READING;,7,day7,MATCHED,D7:wor:1-398,1-398,1-398,results.zip/day7.xlsx,workbook,5.31832,186.194,1-397,True,24.7774,34.7445,454.331,,2.832,451.499,0.356131,19130.3,34867.5,False,3407,0.0079079,INTERPOLATED,901,963,-73.5576,0.0106946,0
943,CG6-0640,2026-01-22,1,399,field,CG6-0640|2026-01-22|L1|S399,2026-01-22 10:48:27,2026-01-22 10:48:27,2026-01-22 10:48:27.000000,1,1,3332.72,,,0.0035,24.7759,34.7458,427.8,0,,,True,SINGLE_READING;,7,day7,MATCHED,D7:wor:1-399,1-399,1-399,results.zip/day7.xlsx,workbook,6.76063,204.69,1-398,True,24.7759,34.7457,458.516,,2.832,455.684,0.356131,19014.7,34965.9,False,3407,0.00790902,INTERPOLATED,901,963,-74.2774,0.00864885,0
944,CG6-0640,2026-01-22,1,400,field,CG6-0640|2026-01-22|L1|S400,2026-01-22 10:51:46,2026-01-22 10:51:46,2026-01-22 10:51:46.000000,1,1,3331.77,,,0.0038,24.7743,34.7471,433.5,0,,,True,SINGLE_READING;,7,day7,MATCHED,D7:wor:1-400,1-400,1-400,results.zip/day7.xlsx,workbook,10.7111,161.088,1-401,True,24.7743,34.747,463.126,,2.832,460.294,0.356131,18891.2,35082.3,False,3407,0.00791033,INTERPOLATED,901,963,-75.2264,0.00877572,0
945,CG6-0640,2026-01-22,1,401,field,CG6-0640|2026-01-22|L1|S401,2026-01-22 10:54:41,2026-01-22 10:54:41,2026-01-22 10:54:41.000000,1,1,3330.44,,,0.0063,24.7731,34.7481,435.1,0,,,True,SINGLE_READING;,7,day7,MATCHED,D7:wor:1-401,1-401,1-401,results.zip/day7.xlsx,workbook,11.5732,174.744,1-400,True,24.7731,34.748,469.241,,2.832,466.409,0.356131,18803.3,35170,False,3407,0.00791151,INTERPOLATED,901,963,-76.5569,0.0101135,0
946,CG6-0640,2026-01-22,1,402,field,CG6-0640|2026-01-22|L1|S402,2026-01-22 10:58:04,2026-01-22 10:58:04,2026-01-22 10:58:04.000000,1,1,3328.23,,,0.0049,24.7714,34.7494,444.4,0,,,True,SINGLE_READING;,7,day7,MATCHED,D7:wor:1-402,1-402,1-402,results.zip/day7.xlsx,workbook,10.8147,199.7,1-403,True,24.7714,34.7493,478.593,,2.832,475.761,0.356131,18692,35302.9,False,3407,0.00791291,INTERPOLATED,901,963,-78.766,0.00930721,0
947,CG6-0640,2026-01-22,1,403,field,CG6-0640|2026-01-22|L1|S403,2026-01-22 11:03:32,2026-01-22 11:03:32,2026-01-22 11:03:32.000000,1,1,3325.01,,,0.0045,24.7697,34.7505,445,0,,,True,SINGLE_READING;,7,day7,MATCHED,D7:wor:1-403,1-403,1-403,results.zip/day7.xlsx,workbook,21.0323,188.237,1-404,True,24.7698,34.7503,493.771,,2.832,490.939,0.356131,18598.7,35432.6,False,3407,0.00791528,INTERPOLATED,901,963,-81.9875,0.00910503,0
948,CG6-0640,2026-01-22,1,404,field,CG6-0640|2026-01-22|L1|S404,2026-01-22 11:08:03,2026-01-22 11:08:03,2026-01-22 11:08:03.000000,1,1,3329.24,,,0.009,24.7681,34.7505,454.6,0,,STDDEV_GT_0.050,True,SINGLE_READING;,7,day7,MATCHED,D7:wor:1-404,1-404,1-404,results.zip/day7.xlsx,workbook,5.19742,189.602,1-403,True,24.768,34.7505,468.76,,2.832,465.928,0.356131,18619.9,35604.3,False,3407,0.00791731,INTERPOLATED,901,963,-77.7555,0.0119868,0
949,CG6-0640,2026-01-22,1,405,field,CG6-0640|2026-01-22|L1|S405,2026-01-22 11:11:35,2026-01-22 11:11:35,2026-01-22 11:11:35.000000,1,1,3330.85,,,0.0092,24.7663,34.751,451,0,,STDDEV_GT_0.050,True,SINGLE_READING;,7,day7,MATCHED,D7:wor:1-405,1-405,1-405,results.zip/day7.xlsx,workbook,4.05522,194.88,1-404,True,24.7663,34.7509,461.552,,2.832,458.72,0.356131,18593.2,35766.3,False,3407,0.00791896,INTERPOLATED,901,963,-76.1519,0.0121388,0
950,CG6-0640,2026-01-22,1,406,field,CG6-0640|2026-01-22|L1|S406,2026-01-22 11:15:01,2026-01-22 11:15:01,2026-01-22 11:15:01.000000,1,1,3332.48,,,0.0088,24.7646,34.752,441.8,0,,STDDEV_GT_0.050,True,SINGLE_READING;,7,day7,MATCHED,D7:wor:1-406,1-406,1-406,results.zip/day7.xlsx,workbook,5.28339,191.431,1-407,True,24.7646,34.7519,454.223,,2.832,451.391,0.356131,18520,35915.5,False,3407,0.0079206,INTERPOLATED,901,963,-74.522,0.0118396,0
951,CG6-0640,2026-01-22,1,407,field,CG6-0640|2026-01-22|L1|S407,2026-01-22 11:18:45,2026-01-22 11:18:45,2026-01-22 11:18:45.000000,1,1,3333.79,,,0.0044,24.763,34.7528,437.6,0,,,True,SINGLE_READING;,7,day7,MATCHED,D7:wor:1-407,1-407,1-407,results.zip/day7.xlsx,workbook,9.11477,195.253,1-408,True,24.763,34.7527,448.737,,2.832,445.905,0.356131,18463.6,36052.1,False,3407,0.00792244,INTERPOLATED,901,963,-73.204,0.00906228,0
952,CG6-0640,2026-01-22,1,408,field,CG6-0640|2026-01-22|L1|S408,2026-01-22 11:22:04,2026-01-22 11:22:04,2026-01-22 11:22:04.000000,1,1,3334.93,,,0.0052,24.7615,34.7539,438.3,0,,,True,SINGLE_READING;,7,day7,MATCHED,D7:wor:1-408,1-408,1-408,results.zip/day7.xlsx,workbook,8.47252,182.039,1-409,True,24.7615,34.7538,444.25,,2.832,441.418,0.356131,18378.6,36168.7,False,3407,0.00792411,INTERPOLATED,901,963,-72.0696,0.00947795,0
953,CG6-0640,2026-01-22,1,409,field,CG6-0640|2026-01-22|L1|S409,2026-01-22 11:25:29,2026-01-22 11:25:29,2026-01-22 11:25:29.000000,1,1,3335.19,,,0.0049,24.7603,34.7526,426.9,0,,,True,SINGLE_READING;,7,day7,MATCHED,D7:wor:1-409,1-409,1-409,results.zip/day7.xlsx,workbook,5.15951,171.572,1-408,True,24.7603,34.7526,439.117,,2.832,436.285,0.356131,18521.4,36331.2,False,3407,0.00792587,INTERPOLATED,901,963,-71.8066,0.00931823,0
954,CG6-0640,2026-01-22,1,410,field,CG6-0640|2026-01-22|L1|S410,2026-01-22 11:29:01,2026-01-22 11:29:01,2026-01-22 11:29:01.000000,1,1,3336.48,,,0.0095,24.7581,34.7529,417.6,0,,STDDEV_GT_0.050,True,SINGLE_READING;,7,day7,MATCHED,D7:wor:1-410,1-410,1-410,results.zip/day7.xlsx,workbook,5.62066,166.507,1-411,True,24.758,34.7529,430.98,,2.832,428.148,0.356131,18534.6,36557.3,False,3407,0.00792774,INTERPOLATED,901,963,-70.5169,0.0123733,0
955,CG6-0640,2026-01-22,1,411,field,CG6-0640|2026-01-22|L1|S411,2026-01-22 11:32:43,2026-01-22 11:32:43,2026-01-22 11:32:43.000000,1,1,3337.12,,,0.0029,24.7567,34.7535,415.3,0,,,True,SINGLE_READING;,7,day7,MATCHED,D7:wor:1-411,1-411,1-411,results.zip/day7.xlsx,workbook,5.69477,160.882,1-410,True,24.7566,34.7534,426.304,,2.832,423.472,0.356131,18506.7,36682,False,3407,0.00792975,INTERPOLATED,901,963,-69.8779,0.0084434,0
956,CG6-0640,2026-01-22,1,412,field,CG6-0640|2026-01-22|L1|S412,2026-01-22 11:35:58,2026-01-22 11:35:58,2026-01-22 11:35:58.000000,1,0,,,,,24.7549,34.7536,411.6,0,STDDEV_GT_0.080,,False,NO_ACCEPTED_READING;,7,day7,MATCHED,D7:wor:1-412,1-412,1-412,results.zip/day7.xlsx,workbook,2.93777,196.832,1-411,True,24.7549,34.7536,420.807,,2.832,417.975,0.356131,18532.5,36867,False,3407,0.00793156,INTERPOLATED,901,963,,,0
957,CG6-0640,2026-01-22,1,413,field,CG6-0640|2026-01-22|L1|S413,2026-01-22 11:40:11,2026-01-22 11:40:11,2026-01-22 11:40:11.000000,1,1,3338.73,,,0.0084,24.7523,34.7549,403,0,,STDDEV_GT_0.050,True,SINGLE_READING;,7,day7,MATCHED,D7:wor:1-413,1-413,1-413,results.zip/day7.xlsx,workbook,4.88985,240.783,1-414,True,24.7523,34.7549,413.572,,2.832,410.74,0.356131,18456.8,37087.4,False,3407,0.00793396,INTERPOLATED,901,963,-68.266,0.0115546,0
958,CG6-0640,2026-01-22,1,414,field,CG6-0640|2026-01-22|L1|S414,2026-01-22 11:43:25,2026-01-22 11:43:25,2026-01-22 11:43:25.000000,1,1,3340.56,,,0.0057,24.7521,34.7573,395.6,0,,,True,SINGLE_READING;,7,day7,MATCHED,D7:wor:1-414,1-414,1-414,results.zip/day7.xlsx,workbook,12.0825,215.184,1-415,True,24.752,34.7573,407.917,,2.832,405.085,0.356131,18229.1,37038.1,False,3407,0.00793584,INTERPOLATED,901,963,-66.441,0.00977075,0
959,CG6-0640,2026-01-22,1,415,field,CG6-0640|2026-01-22|L1|S415,2026-01-22 11:46:35,2026-01-22 11:46:35,2026-01-22 11:46:35.000000,1,1,3341.86,,,0.0042,24.7514,34.7593,392,0,,,True,SINGLE_READING;,7,day7,MATCHED,D7:wor:1-415,1-415,1-415,results.zip/day7.xlsx,workbook,2.74478,214.336,1-414,True,24.7513,34.7593,403.558,,2.832,400.726,0.356131,18049.6,37046.7,False,3407,0.00793772,INTERPOLATED,901,963,-65.1341,0.00898039,0
960,CG6-0640,2026-01-22,1,416,field,CG6-0640|2026-01-22|L1|S416,2026-01-22 11:53:11,2026-01-22 11:53:11,2026-01-22 11:53:11.000000,1,1,3342.92,,,0.0051,24.7499,34.7607,394.4,0,,,True,SINGLE_READING;,7,day7,MATCHED,D7:wor:1-416,1-416,1-416,results.zip/day7.xlsx,workbook,9.11584,209.809,1-417,True,24.7499,34.7607,398.99,,2.832,396.158,0.356131,17943.9,37150.5,False,3407,0.00794176,INTERPOLATED,901,963,-64.0792,0.0094383,0
961,CG6-0640,2026-01-22,1,417,field,CG6-0640|2026-01-22|L1|S417,2026-01-22 11:56:21,2026-01-22 11:56:21,2026-01-22 11:56:21.000000,1,1,3344.23,,,0.0026,24.7492,34.7626,383.1,0,,,True,SINGLE_READING;,7,day7,MATCHED,D7:wor:1-417,1-417,1-417,results.zip/day7.xlsx,workbook,6.87301,160.438,1-418,True,24.7491,34.7626,394.199,,2.832,391.367,0.356131,17780.2,37172.9,False,3407,0.00794375,INTERPOLATED,901,963,-62.7691,0.00835842,0
962,CG6-0640,2026-01-22,1,418,field,CG6-0640|2026-01-22|L1|S418,2026-01-22 11:59:09,2026-01-22 11:59:09,2026-01-22 11:59:09.000000,1,1,3344.95,,,0.004,24.7484,34.764,381.1,0,,,True,SINGLE_READING;,7,day7,MATCHED,D7:wor:1-418,1-418,1-418,results.zip/day7.xlsx,workbook,10.2972,156.046,1-417,True,24.7484,34.7639,391.351,,2.832,388.519,0.356131,17665.7,37205.8,False,3407,0.00794554,INTERPOLATED,901,963,-62.0463,0.0088956,0
963,CG6-0640,2026-01-22,0,100,field_base_100,CG6-0640|2026-01-22|L0|S100,2026-01-22 12:47:31,2026-01-22 12:50:31,2026-01-22 12:49:01.000000,4,4,3407,0.000923012,0.000208815,0.00146138,24.7869,34.9338,93.5,0,,,True,,7,day7,MATCHED,D7:wor:Base 100,Base 100,Base 100,results.zip/day7.xlsx,workbook,14.8848,,,True,24.7868,34.9337,114.925,,2.832,112.093,0.356131,14.9543,31632.4,True,3407,0.00146138,AT_CONTROL,963,963,0,0.0020667,0
964,CG6-0640,2026-01-22,1,419,field,CG6-0640|2026-01-22|L1|S419,2026-01-22 13:45:48,2026-01-22 13:45:48,2026-01-22 13:45:48.000000,1,1,3379.2,,,0.0026,24.796,34.8091,253.8,0,,,True,SINGLE_READING;,7,day7,MATCHED,D7:kml:1-419,1-419,1-419,results.zip/day7.kml,kml_only,3.96368,233.459,1-420,True,24.796,34.8091,283.876,,2.832,281.044,0.356131,12623.7,30893.2,False,3407,0.00791561,INTERPOLATED,963,978,-27.7979,0.00833168,0
965,CG6-0640,2026-01-22,1,420,field,CG6-0640|2026-01-22|L1|S420,2026-01-22 13:51:15,2026-01-22 13:51:15,2026-01-22 13:51:15.000000,1,1,3378.2,,,0.0017,24.7982,34.8088,264.9,0,,,True,SINGLE_READING;,7,day7,MATCHED,D7:kml:1-420,1-420,1-420,results.zip/day7.kml,kml_only,13.5927,194.856,1-421,True,24.798,34.8088,289.5,,2.832,286.668,0.356131,12678.3,30663.2,False,3407,0.00791201,INTERPOLATED,963,978,-28.7958,0.00809258,0
966,CG6-0640,2026-01-22,1,421,field,CG6-0640|2026-01-22|L1|S421,2026-01-22 13:54:45,2026-01-22 13:54:45,2026-01-22 13:54:45.000000,1,1,3377.05,,,0.0041,24.7996,34.8076,277.7,0,,,True,SINGLE_READING;,7,day7,MATCHED,D7:kml:1-421,1-421,1-421,results.zip/day7.kml,kml_only,5.63626,187.844,1-422,True,24.7995,34.8076,294.993,,2.832,292.161,0.356131,12817.9,30540.5,False,3407,0.00790996,INTERPOLATED,963,978,-29.9453,0.0089094,0
967,CG6-0640,2026-01-22,1,422,field,CG6-0640|2026-01-22|L1|S422,2026-01-22 13:58:56,2026-01-22 13:58:56,2026-01-22 13:58:56.000000,1,1,3376.07,,,0.0016,24.8004,34.806,277.8,0,,,True,SINGLE_READING;,7,day7,MATCHED,D7:wor:1-422,1-422,1-422,results.zip/day7.xlsx,workbook,1.65785,176.707,1-423,True,24.8004,34.806,299.816,,2.832,296.984,0.356131,12989,30488.3,False,3407,0.00790777,INTERPOLATED,963,978,-30.931,0.00806801,0
968,CG6-0640,2026-01-22,1,423,field,CG6-0640|2026-01-22|L1|S423,2026-01-22 14:02:35,2026-01-22 14:02:35,2026-01-22 14:02:35.000000,1,1,3375.23,,,0.0022,24.8012,34.8045,280.2,0,,,True,SINGLE_READING;,7,day7,MATCHED,D7:wor:1-423,1-423,1-423,results.zip/day7.xlsx,workbook,2.97586,176.568,1-422,True,24.8012,34.8045,304.455,,2.832,301.623,0.356131,13150.5,30433.6,False,3407,0.0079061,INTERPOLATED,963,978,-31.7681,0.00820648,0
969,CG6-0640,2026-01-22,1,424,field,CG6-0640|2026-01-22|L1|S424,2026-01-22 14:06:27,2026-01-22 14:06:27,2026-01-22 14:06:27.000000,1,1,3374.26,,,0.002,24.8023,34.803,295,0,,,True,SINGLE_READING;,7,day7,MATCHED,D7:wor:1-424,1-424,1-424,results.zip/day7.xlsx,workbook,2.56843,192.686,1-423,True,24.8023,34.803,309.475,,2.832,306.643,0.356131,13313.7,30354.8,False,3407,0.00790457,INTERPOLATED,963,978,-32.741,0.00815366,0
970,CG6-0640,2026-01-22,1,425,field,CG6-0640|2026-01-22|L1|S425,2026-01-22 14:11:23,2026-01-22 14:11:23,2026-01-22 14:11:23.000000,1,1,3373.02,,,0.0024,24.8041,34.8025,298.3,0,,,True,SINGLE_READING;,7,day7,MATCHED,D7:wor:1-425,1-425,1-425,results.zip/day7.xlsx,workbook,4.41671,178.065,1-426,True,24.8041,34.8024,315.97,,2.832,313.138,0.356131,13393.9,30169.3,False,3407,0.00790298,INTERPOLATED,963,978,-33.9793,0.00825936,0
971,CG6-0640,2026-01-22,1,426,field,CG6-0640|2026-01-22|L1|S426,2026-01-22 14:16:31,2026-01-22 14:16:31,2026-01-22 14:16:31.000000,1,1,3372.23,,,0.0028,24.8057,34.802,312.8,0,,,True,SINGLE_READING;,7,day7,MATCHED,D7:wor:1-426,1-426,1-426,results.zip/day7.xlsx,workbook,8.56072,126.465,1-427,True,24.8057,34.8019,320.649,,2.832,317.817,0.356131,13470,30010.6,False,3407,0.00790175,INTERPOLATED,963,978,-34.7734,0.00838318,0
972,CG6-0640,2026-01-22,1,427,field,CG6-0640|2026-01-22|L1|S427,2026-01-22 14:23:08,2026-01-22 14:23:08,2026-01-22 14:23:08.000000,1,1,3371.12,,,0.0016,24.8066,34.8029,312,0,,,True,SINGLE_READING;,7,day7,MATCHED,D7:wor:1-427,1-427,1-427,results.zip/day7.xlsx,workbook,6.73499,141.201,1-426,True,24.8065,34.8029,326.423,,2.832,323.591,0.356131,13392.8,29895.6,False,3407,0.00790082,INTERPOLATED,963,978,-35.8778,0.0080612,0
973,CG6-0640,2026-01-22,1,428,field,CG6-0640|2026-01-22|L1|S428,2026-01-22 14:27:33,2026-01-22 14:27:33,2026-01-22 14:27:33.000000,1,1,3370.31,,,0.0019,24.8081,34.8032,319.2,0,,,True,SINGLE_READING;,7,day7,MATCHED,D7:kml:1-428,1-428,1-428,results.zip/day7.kml,kml_only,9.66424,182.453,1-427,True,24.8081,34.8032,331.218,,2.832,328.386,0.356131,13386.6,29719.9,False,3407,0.00790061,INTERPOLATED,963,978,-36.6862,0.00812586,0
974,CG6-0640,2026-01-22,1,429,field,CG6-0640|2026-01-22|L1|S429,2026-01-22 14:31:34,2026-01-22 14:31:34,2026-01-22 14:31:34.000000,1,1,3369.48,,,0.0021,24.8093,34.8035,322.2,0,,,True,SINGLE_READING;,7,day7,UNMATCHED_GT_30M,D7:wor:1-431,1-431,1-431,results.zip/day7.xlsx,workbook,106.146,142.268,1-428,False,24.8102,34.8039,337.614,,2.832,334.782,0.356131,13386.7,29586.3,False,3407,0.00790069,INTERPOLATED,963,978,-37.5165,0.00817502,0
975,CG6-0640,2026-01-22,1,430,field,CG6-0640|2026-01-22|L1|S430,2026-01-22 14:37:12,2026-01-22 14:37:12,2026-01-22 14:37:12.000000,1,1,3368.39,,,0.0023,24.8104,34.8045,327.8,0,,,True,SINGLE_READING;,7,day7,MATCHED,D7:wor:1-430,1-430,1-430,results.zip/day7.xlsx,workbook,7.51901,71.9241,1-431,True,24.8103,34.8045,341.902,,2.832,339.07,0.356131,13305.7,29443.9,False,3407,0.00790127,INTERPOLATED,963,978,-38.6062,0.00822922,0
976,CG6-0640,2026-01-22,1,431,field,CG6-0640|2026-01-22|L1|S431,2026-01-22 14:40:32,2026-01-22 14:40:32,2026-01-22 14:40:32.000000,1,1,3369.16,,,0.0023,24.8103,34.8039,325,0,,,True,SINGLE_READING;,7,day7,MATCHED,D7:wor:1-431,1-431,1-431,results.zip/day7.xlsx,workbook,8.15003,64.7022,1-430,True,24.8102,34.8039,337.614,,2.832,334.782,0.356131,13368.2,29472.6,False,3407,0.00790186,INTERPOLATED,963,978,-37.8441,0.00822978,0
977,CG6-0640,2026-01-22,1,432,field,CG6-0640|2026-01-22|L1|S432,2026-01-22 14:43:41,2026-01-22 14:43:41,2026-01-22 14:43:41.000000,1,1,3368.1,,,0.0023,24.8108,34.8034,330.2,0,,,True,SINGLE_READING;,7,day7,MATCHED,D7:wor:1-432,1-432,1-432,results.zip/day7.xlsx,workbook,6.78056,79.8872,1-431,True,24.8107,34.8033,341.21,,2.832,338.378,0.356131,13430.4,29432.6,False,3407,0.00790258,INTERPOLATED,963,978,-38.9017,0.00823048,0
978,CG6-0640,2026-01-22,0,100,field_base_100,CG6-0640|2026-01-22|L0|S100,2026-01-22 15:31:01,2026-01-22 15:34:01,2026-01-22 15:32:31.000000,4,4,3407,0.0018019,0.000421627,0.0011758,24.7868,34.9338,102.1,0,,,True,,7,day7,MATCHED,D7:wor:Base 100,Base 100,Base 100,results.zip/day7.xlsx,workbook,12.8373,,,True,24.7868,34.9337,114.925,,2.832,112.093,0.356131,11.9013,31638.7,True,3407,0.0011758,AT_CONTROL,978,978,0,0.00166283,0
979,CG6-0640,2026-01-22,0,0,hotel_base_0,CG6-0640|2026-01-22|L0|S0,2026-01-22 18:05:35,2026-01-22 18:08:35,2026-01-22 18:07:05.000000,4,4,3473.08,0.00350715,0.000861091,0.00117951,25.0668,34.8777,27.5,0,,,True,,7,day7,MATCHED,D7:wor:Base0,Base0,Base0,results.zip/day7.xlsx,workbook,8.05034,,,True,25.0668,34.8776,39.021,,2.832,36.189,0.356131,31653.5,8.20409,True,3407,0.00779398,AT_CONTROL,979,979,66.0736,0.00788273,0
980,CG6-0640,2026-01-23,0,0,hotel_base_0,CG6-0640|2026-01-23|L0|S0,2026-01-23 04:17:28,2026-01-23 04:20:28,2026-01-23 04:18:58.000000,4,4,3473.09,0.000321485,6.8686e-05,0.000759934,25.0668,34.8777,21.4,0,,,True,,8,day8,MATCHED,D8:wor:Base 0,Base 0,Base 0,results.zip/day8.xlsx,workbook,2.97103,,,True,25.0668,34.8777,36.51,,0,36.51,0.15,31648.4,2.96244,True,3407.02,0.0077416,AT_CONTROL,980,980,66.0736,0.00777881,0
981,CG6-0640,2026-01-23,0,100,field_base_100,CG6-0640|2026-01-23|L0|S100,2026-01-23 06:26:24,2026-01-23 06:29:24,2026-01-23 06:27:54.000000,4,4,3407.01,0.00157272,0.000324523,0.000889874,24.7868,34.9337,100.4,0,,,True,,8,day8,MATCHED,D8:wor:Base100,Base100,Base100,results.zip/day8.xlsx,workbook,4.05419,,,True,24.7867,34.9338,111.77,,0,111.77,0.15,4.06069,31644,True,3407.01,0.000889874,AT_CONTROL,981,981,0,0.00125847,0
982,CG6-0640,2026-01-23,1,433,field,CG6-0640|2026-01-23|L1|S433,2026-01-23 08:10:26,2026-01-23 08:10:26,2026-01-23 08:10:26.000000,1,1,3374.36,,,0.0061,24.6898,34.8924,239.4,0,,,True,SINGLE_READING;,8,day8,MATCHED,D8:wor:1-433,1-433,1-433,results.zip/day8.xlsx,workbook,2.96557,283.655,1-434,True,24.6897,34.8924,242.653,,0,242.653,0.15,11566.7,41947.8,False,3407.01,0.00787893,INTERPOLATED,981,1051,-32.6489,0.00996431,0
983,CG6-0640,2026-01-23,1,434,field,CG6-0640|2026-01-23|L1|S434,2026-01-23 08:20:10,2026-01-23 08:20:10,2026-01-23 08:20:10.000000,1,1,3373.69,,,0.002,24.6914,34.8901,248.7,0,,,True,SINGLE_READING;,8,day8,MATCHED,D8:wor:1-434,1-434,1-434,results.zip/day8.xlsx,workbook,4.30955,261.24,1-435,True,24.6913,34.8902,245.753,,0,245.753,0.15,11485,41761.9,False,3407.01,0.00787771,INTERPOLATED,981,1051,-33.3165,0.00812763,0
984,CG6-0640,2026-01-23,1,435,field,CG6-0640|2026-01-23|L1|S435,2026-01-23 08:23:39,2026-01-23 08:23:39,2026-01-23 08:23:39.000000,1,1,3373.16,,,0.0036,24.6929,34.8882,237.6,0,,,True,SINGLE_READING;,8,day8,MATCHED,D8:wor:1-435,1-435,1-435,results.zip/day8.xlsx,workbook,3.87365,253.036,1-436,True,24.6929,34.8882,248.586,,0,248.586,0.15,11400.9,41581.2,False,3407.01,0.0078773,INTERPOLATED,981,1051,-33.8544,0.00866094,0
985,CG6-0640,2026-01-23,1,436,field,CG6-0640|2026-01-23|L1|S436,2026-01-23 08:27:48,2026-01-23 08:27:48,2026-01-23 08:27:48.000000,1,1,3372.84,,,0.0018,24.6941,34.886,241.8,0,,,True,SINGLE_READING;,8,day8,MATCHED,D8:wor:1-436,1-436,1-436,results.zip/day8.xlsx,workbook,2.4103,240.087,1-437,True,24.6941,34.886,250.426,,0,250.426,0.15,11375.2,41447.6,False,3407.01,0.00787683,INTERPOLATED,981,1051,-34.1712,0.00807988,0
986,CG6-0640,2026-01-23,1,437,field,CG6-0640|2026-01-23|L1|S437,2026-01-23 08:31:31,2026-01-23 08:31:31,2026-01-23 08:31:31.000000,1,1,3372.44,,,0.0064,24.6961,34.885,251.1,0,,,True,SINGLE_READING;,8,day8,MATCHED,D8:wor:1-437,1-437,1-437,results.zip/day8.xlsx,workbook,3.23676,228.059,1-438,True,24.696,34.885,253.644,,0,253.644,0.15,11222.3,41226.1,False,3407.01,0.00787642,INTERPOLATED,981,1051,-34.5708,0.0101488,0
987,CG6-0640,2026-01-23,1,438,field,CG6-0640|2026-01-23|L1|S438,2026-01-23 08:35:10,2026-01-23 08:35:10,2026-01-23 08:35:10.000000,1,1,3372.26,,,0.0026,24.6981,34.8843,249.4,0,,,True,SINGLE_READING;,8,day8,MATCHED,D8:wor:1-438,1-438,1-438,results.zip/day8.xlsx,workbook,4.53981,204.078,1-439,True,24.698,34.8843,255.966,,0,255.966,0.15,11053.3,41002.5,False,3407.01,0.00787603,INTERPOLATED,981,1051,-34.7531,0.00829409,0
988,CG6-0640,2026-01-23,1,439,field,CG6-0640|2026-01-23|L1|S439,2026-01-23 08:40:48,2026-01-23 08:40:48,2026-01-23 08:40:48.000000,1,1,3372.07,,,0.0031,24.6994,34.8829,252.4,0,,,True,SINGLE_READING;,8,day8,MATCHED,D8:wor:1-439,1-439,1-439,results.zip/day8.xlsx,workbook,2.78299,210.489,1-438,True,24.6994,34.883,258.849,,0,258.849,0.15,10981.4,40847.8,False,3407.01,0.00787546,INTERPOLATED,981,1051,-34.9378,0.00846362,0
989,CG6-0640,2026-01-23,1,440,field,CG6-0640|2026-01-23|L1|S440,2026-01-23 08:44:21,2026-01-23 08:44:21,2026-01-23 08:44:21.000000,1,1,3371.8,,,0.0017,24.7015,34.8817,255.2,0,,,True,SINGLE_READING;,8,day8,MATCHED,D8:wor:1-440,1-440,1-440,results.zip/day8.xlsx,workbook,4.76891,197.794,1-441,True,24.7014,34.8817,261.096,,0,261.096,0.15,10843.1,40621.6,False,3407.01,0.00787512,INTERPOLATED,981,1051,-35.2112,0.00805652,0
990,CG6-0640,2026-01-23,1,441,field,CG6-0640|2026-01-23|L1|S441,2026-01-23 08:47:20,2026-01-23 08:47:20,2026-01-23 08:47:20.000000,1,1,3371.25,,,0.0045,24.703,34.8805,258,0,,,True,SINGLE_READING;,8,day8,MATCHED,D8:wor:1-441,1-441,1-441,results.zip/day8.xlsx,workbook,5.67055,196.9,1-442,True,24.7029,34.8806,262.905,,0,262.905,0.15,10756.9,40454.9,False,3407.01,0.00787484,INTERPOLATED,981,1051,-35.7634,0.0090699,0
991,CG6-0640,2026-01-23,1,442,field,CG6-0640|2026-01-23|L1|S442,2026-01-23 08:50:17,2026-01-23 08:50:17,2026-01-23 08:50:17.000000,1,1,3371.08,,,0.0025,24.7041,34.879,256,0,,,True,SINGLE_READING;,8,day8,MATCHED,D8:wor:1-442,1-442,1-442,results.zip/day8.xlsx,workbook,2.82808,199.554,1-443,True,24.7041,34.879,265.333,,0,265.333,0.15,10723.6,40325.9,False,3407.01,0.00787457,INTERPOLATED,981,1051,-35.9282,0.00826189,0
992,CG6-0640,2026-01-23,1,443,field,CG6-0640|2026-01-23|L1|S443,2026-01-23 08:53:39,2026-01-23 08:53:39,2026-01-23 08:53:39.000000,1,1,3370.68,,,0.0021,24.7055,34.8778,260.2,0,,,True,SINGLE_READING;,8,day8,MATCHED,D8:wor:1-443,1-443,1-443,results.zip/day8.xlsx,workbook,1.34801,203.016,1-444,True,24.7055,34.8778,268.024,,0,268.024,0.15,10653,40167.2,False,3407.01,0.00787428,INTERPOLATED,981,1051,-36.3306,0.00814949,0
993,CG6-0640,2026-01-23,1,444,field,CG6-0640|2026-01-23|L1|S444,2026-01-23 08:56:58,2026-01-23 08:56:58,2026-01-23 08:56:58.000000,1,1,3370.4,,,0.0043,24.7074,34.8774,261.1,0,,,True,SINGLE_READING;,8,day8,MATCHED,D8:wor:1-444,1-444,1-444,results.zip/day8.xlsx,workbook,6.09036,209.457,1-443,True,24.7073,34.8774,270.43,,0,270.43,0.15,10505.7,39964,False,3407.01,0.007874,INTERPOLATED,981,1051,-36.6144,0.00897161,0
994,CG6-0640,2026-01-23,1,445,field,CG6-0640|2026-01-23|L1|S445,2026-01-23 09:00:46,2026-01-23 09:00:46,2026-01-23 09:00:46.000000,1,1,3370.2,,,0.0047,24.7097,34.8773,261.6,0,,,True,SINGLE_READING;,8,day8,MATCHED,D8:wor:1-445,1-445,1-445,results.zip/day8.xlsx,workbook,2.22074,200.022,1-446,True,24.7097,34.8773,273.77,,0,273.77,0.15,10291,39704.2,False,3407.01,0.00787369,INTERPOLATED,981,1051,-36.8059,0.00916979,0
995,CG6-0640,2026-01-23,1,446,field,CG6-0640|2026-01-23|L1|S446,2026-01-23 09:04:01,2026-01-23 09:04:01,2026-01-23 09:04:01.000000,1,1,3370.01,,,0.0028,24.7113,34.8764,252.7,0,,,True,SINGLE_READING;,8,day8,MATCHED,D8:wor:1-446,1-446,1-446,results.zip/day8.xlsx,workbook,4.47324,204.681,1-445,True,24.7113,34.8764,275.841,,0,275.841,0.15,10191.7,39522.5,False,3407.01,0.00787344,INTERPOLATED,981,1051,-36.9974,0.0083565,0
996,CG6-0640,2026-01-23,1,447,field,CG6-0640|2026-01-23|L1|S447,2026-01-23 09:07:33,2026-01-23 09:07:33,2026-01-23 09:07:33.000000,1,1,3369.74,,,0.0032,24.7134,34.875,265.3,0,,,True,SINGLE_READING;,8,day8,MATCHED,D8:wor:1-447,1-447,1-447,results.zip/day8.xlsx,workbook,2.13538,278.443,1-446,True,24.7134,34.875,279.185,,0,279.185,0.15,10082.8,39288.3,False,3407.01,0.00787319,INTERPOLATED,981,1051,-37.2685,0.00849865,0
997,CG6-0640,2026-01-23,1,448,field,CG6-0640|2026-01-23|L1|S448,2026-01-23 09:10:39,2026-01-23 09:10:39,2026-01-23 09:10:39.000000,1,1,3369.14,,,0.0064,24.7152,34.8725,266.6,0,,,True,SINGLE_READING;,8,day8,MATCHED,D8:wor:1-448,1-448,1-448,results.zip/day8.xlsx,workbook,7.09151,237.512,1-449,True,24.7152,34.8725,282.967,,0,282.967,0.15,10074.1,39090,False,3407.01,0.00787297,INTERPOLATED,981,1051,-37.8676,0.0101461,0
998,CG6-0640,2026-01-23,1,449,field,CG6-0640|2026-01-23|L1|S449,2026-01-23 09:14:11,2026-01-23 09:14:11,2026-01-23 09:14:11.000000,1,1,3368.56,,,0.0041,24.7171,34.8713,273.3,0,,,True,SINGLE_READING;,8,day8,MATCHED,D8:wor:1-449,1-449,1-449,results.zip/day8.xlsx,workbook,3.76339,241.576,1-450,True,24.7171,34.8713,286.906,,0,286.906,0.15,9982.72,38881.4,False,3407.01,0.00787274,INTERPOLATED,981,1051,-38.4455,0.00887637,0
999,CG6-0640,2026-01-23,1,450,field,CG6-0640|2026-01-23|L1|S450,2026-01-23 09:17:20,2026-01-23 09:17:20,2026-01-23 09:17:20.000000,1,1,3368.07,,,0.0013,24.7187,34.8697,274.7,0,,,True,SINGLE_READING;,8,day8,MATCHED,D8:wor:1-450,1-450,1-450,results.zip/day8.xlsx,workbook,4.0462,234.427,1-451,True,24.7187,34.8697,291.407,,0,291.407,0.15,9953.87,38706.2,False,3407.01,0.00787254,INTERPOLATED,981,1051,-38.9391,0.00797915,0
1000,CG6-0640,2026-01-23,1,451,field,CG6-0640|2026-01-23|L1|S451,2026-01-23 09:20:25,2026-01-23 09:20:25,2026-01-23 09:20:25.000000,1,1,3367.64,,,0.0025,24.7207,34.8687,270.2,0,,,True,SINGLE_READING;,8,day8,MATCHED,D8:wor:1-451,1-451,1-451,results.zip/day8.xlsx,workbook,5.03269,206.09,1-452,True,24.7207,34.8688,296.073,,0,296.073,0.15,9849.61,38488,False,3407.01,0.00787235,INTERPOLATED,981,1051,-39.368,0.00825978,0
1001,CG6-0640,2026-01-23,1,452,field,CG6-0640|2026-01-23|L1|S452,2026-01-23 09:24:37,2026-01-23 09:24:37,2026-01-23 09:24:37.000000,1,1,3367.8,,,0.0035,24.7223,34.8675,269.9,0,,,True,SINGLE_READING;,8,day8,MATCHED,D8:wor:1-452,1-452,1-452,results.zip/day8.xlsx,workbook,6.98708,175.218,L11-45,True,24.7222,34.8676,296.908,,0,296.908,0.15,9804.07,38317.2,False,3407.01,0.00787212,INTERPOLATED,981,1051,-39.2132,0.00861512,0
1002,CG6-0640,2026-01-23,1,453,field,CG6-0640|2026-01-23|L1|S453,2026-01-23 09:29:23,2026-01-23 09:29:23,2026-01-23 09:29:23.000000,1,1,3368.38,,,0.0018,24.7242,34.8659,271.8,0,,,True,SINGLE_READING;,8,day8,MATCHED,D8:wor:1-453,1-453,1-453,results.zip/day8.xlsx,workbook,1.82186,73.1179,L11-46,True,24.7241,34.8659,296.119,,0,296.119,0.15,9770.03,38115,False,3407.01,0.00787188,INTERPOLATED,981,1051,-38.6272,0.00807505,0
1003,CG6-0640,2026-01-23,1,454,field,CG6-0640|2026-01-23|L1|S454,2026-01-23 09:32:36,2026-01-23 09:32:36,2026-01-23 09:32:36.000000,1,1,3368.31,,,0.0029,24.7259,34.8645,274.3,0,,,True,SINGLE_READING;,8,day8,MATCHED,D8:wor:1-454,1-454,1-454,results.zip/day8.xlsx,workbook,8.27116,196.027,1-455,True,24.7259,34.8646,298.73,,0,298.73,0.15,9728.98,37924.2,False,3407.01,0.00787172,INTERPOLATED,981,1051,-38.6967,0.00838892,0
1004,CG6-0640,2026-01-23,1,455,field,CG6-0640|2026-01-23|L1|S455,2026-01-23 09:35:44,2026-01-23 09:35:44,2026-01-23 09:35:44.000000,1,1,3368.12,,,0.0016,24.7275,34.8637,276.6,0,,,True,SINGLE_READING;,8,day8,MATCHED,D8:wor:1-455,1-455,1-455,results.zip/day8.xlsx,workbook,5.49948,183.047,1-456,True,24.7275,34.8636,301.409,,0,301.409,0.15,9667.23,37747.7,False,3407.01,0.00787159,INTERPOLATED,981,1051,-38.8945,0.00803255,0
1005,CG6-0640,2026-01-23,1,456,field,CG6-0640|2026-01-23|L1|S456,2026-01-23 09:38:57,2026-01-23 09:38:57,2026-01-23 09:38:57.000000,1,1,3367.93,,,0.0062,24.7288,34.8625,276.7,0,,,True,SINGLE_READING;,8,day8,MATCHED,D8:wor:1-456,1-456,1-456,results.zip/day8.xlsx,workbook,7.91262,192.007,1-455,True,24.7288,34.8625,304.286,,0,304.286,0.15,9657.19,37605.5,False,3407.01,0.00787146,INTERPOLATED,981,1051,-39.0782,0.01002,0
1006,CG6-0640,2026-01-23,1,457,field,CG6-0640|2026-01-23|L1|S457,2026-01-23 09:42:48,2026-01-23 09:42:48,2026-01-23 09:42:48.000000,1,1,3367.28,,,0.0029,24.7304,34.8614,276.7,0,,,True,SINGLE_READING;,8,day8,MATCHED,D8:wor:1-457,1-457,1-457,results.zip/day8.xlsx,workbook,6.74927,195.758,1-458,True,24.7303,34.8614,309.037,,0,309.037,0.15,9627.65,37437.2,False,3407.01,0.00787131,INTERPOLATED,981,1051,-39.7259,0.00838854,0
1007,CG6-0640,2026-01-23,1,458,field,CG6-0640|2026-01-23|L1|S458,2026-01-23 09:46:35,2026-01-23 09:46:35,2026-01-23 09:46:35.000000,1,1,3367.75,,,0.0031,24.7318,34.8601,283.6,0,,,True,SINGLE_READING;,8,day8,MATCHED,D8:wor:1-458,1-458,1-458,results.zip/day8.xlsx,workbook,5.75153,198.779,1-459,True,24.7318,34.8601,309.514,,0,309.514,0.15,9623.05,37287.5,False,3407.01,0.00787119,INTERPOLATED,981,1051,-39.2651,0.00845964,0
1008,CG6-0640,2026-01-23,1,459,field,CG6-0640|2026-01-23|L1|S459,2026-01-23 09:50:17,2026-01-23 09:50:17,2026-01-23 09:50:17.000000,1,1,3368.76,,,0.0022,24.7331,34.8587,283.7,0,,,True,SINGLE_READING;,8,day8,MATCHED,D8:wor:1-459,1-459,1-459,results.zip/day8.xlsx,workbook,6.51912,158.493,L12-15,True,24.733,34.8587,305.503,,0,305.503,0.15,9647.92,37153.3,False,3407.01,0.00787108,INTERPOLATED,981,1051,-38.2476,0.00817275,0
1009,CG6-0640,2026-01-23,1,460,field,CG6-0640|2026-01-23|L1|S460,2026-01-23 09:53:32,2026-01-23 09:53:32,2026-01-23 09:53:32.000000,1,1,3369.01,,,0.0054,24.7341,34.8572,297.5,0,,,True,SINGLE_READING;,8,day8,MATCHED,D8:wor:1-460,1-460,1-460,results.zip/day8.xlsx,workbook,7.06735,65.3699,L12-15,True,24.7341,34.8572,304.944,,0,304.944,0.15,9698.05,37043.6,False,3407.01,0.007871,INTERPOLATED,981,1051,-38.0003,0.00954529,0
1010,CG6-0640,2026-01-23,1,461,field,CG6-0640|2026-01-23|L1|S461,2026-01-23 09:56:36,2026-01-23 09:56:36,2026-01-23 09:56:36.000000,1,1,3368.38,,,0.0064,24.7339,34.8552,299.2,0,,,True,SINGLE_READING;,8,day8,MATCHED,D8:wor:1-461,1-461,1-461,results.zip/day8.xlsx,workbook,5.40921,33.3808,L12-14,True,24.7339,34.8552,308.072,,0,308.072,0.15,9872.1,37080.5,False,3407.01,0.00787093,INTERPOLATED,981,1051,-38.6294,0.0101445,0
1011,CG6-0640,2026-01-23,1,462,field,CG6-0640|2026-01-23|L1|S462,2026-01-23 10:01:18,2026-01-23 10:01:18,2026-01-23 10:01:18.000000,1,1,3368.1,,,0.0038,24.7349,34.8534,296.9,0,,,True,SINGLE_READING;,8,day8,MATCHED_ID_TIEBREAK,D8:wor:1-462,1-462,1-462,results.zip/day8.xlsx,workbook,10.102,19.0521,L12-13,True,24.7348,34.8534,310.297,,0,310.297,0.15,9949.9,36978.2,False,3407.01,0.00787084,INTERPOLATED,981,1051,-38.9131,0.00874014,0
1012,CG6-0640,2026-01-23,1,463,field,CG6-0640|2026-01-23|L1|S463,2026-01-23 10:05:22,2026-01-23 10:05:22,2026-01-23 10:05:22.000000,1,1,3367.48,,,0.0017,24.7334,34.8511,297.3,0,,,True,SINGLE_READING;,8,day8,MATCHED,D8:wor:1-463,1-463,1-463,results.zip/day8.xlsx,workbook,6.9778,83.9802,L12-11,True,24.7334,34.851,313.568,,0,313.568,0.15,10237.2,37160.4,False,3407.01,0.00787078,INTERPOLATED,981,1051,-39.5258,0.00805228,0
1013,CG6-0640,2026-01-23,1,464,field,CG6-0640|2026-01-23|L1|S464,2026-01-23 10:09:07,2026-01-23 10:09:07,2026-01-23 10:09:07.000000,1,1,3366.69,,,0.0037,24.7318,34.8498,303.9,0,,TILT_GT_20,True,SINGLE_READING;,8,day8,MATCHED,D8:kml:1-464,1-464,1-464,results.zip/day8.kml,kml_only,1.12131,55.3828,L12-10,True,24.7318,34.8498,319.139,,0,319.139,0.15,10452.3,37352.1,False,3407.01,0.00787075,INTERPOLATED,981,1051,-40.3178,0.00869705,0
1014,CG6-0640,2026-01-23,1,465,field,CG6-0640|2026-01-23|L1|S465,2026-01-23 10:22:22,2026-01-23 10:22:22,2026-01-23 10:22:22.000000,1,1,3368.21,,,0.0019,24.7355,34.8557,312.1,0,,,True,SINGLE_READING;,8,day8,MATCHED,D8:wor:1-465,1-465,1-465,results.zip/day8.xlsx,workbook,8.08054,184.053,1-461,True,24.7354,34.8557,309.097,,0,309.097,0.15,9731.53,36905.8,False,3407.01,0.00787073,INTERPOLATED,981,1051,-38.7979,0.00809681,0
1015,CG6-0640,2026-01-23,1,466,field,CG6-0640|2026-01-23|L1|S466,2026-01-23 10:25:26,2026-01-23 10:25:26,2026-01-23 10:25:26.000000,1,1,3367.51,,,0.0021,24.7369,34.8537,304.7,0,,,True,SINGLE_READING;,8,day8,MATCHED,D8:wor:1-466,1-466,1-466,results.zip/day8.xlsx,workbook,7.51061,228.517,1-462,True,24.7368,34.8537,313.916,,0,313.916,0.15,9800.41,36759.3,False,3407.01,0.00787075,INTERPOLATED,981,1051,-39.5037,0.00814609,0
1016,CG6-0640,2026-01-23,1,467,field,CG6-0640|2026-01-23|L1|S467,2026-01-23 10:29:19,2026-01-23 10:29:19,2026-01-23 10:29:19.000000,1,1,3365.99,,,0.002,24.7387,34.8516,319.9,0,,,True,SINGLE_READING;,8,day8,MATCHED,D8:wor:1-467,1-467,1-467,results.zip/day8.xlsx,workbook,12.4486,187.002,1-468,True,24.7386,34.8516,321.578,,0,321.578,0.15,9869.45,36575,False,3407.01,0.00787079,INTERPOLATED,981,1051,-41.0229,0.00812092,0
1017,CG6-0640,2026-01-23,1,468,field,CG6-0640|2026-01-23|L1|S468,2026-01-23 10:33:53,2026-01-23 10:33:53,2026-01-23 10:33:53.000000,1,1,3364.51,,,0.0027,24.7399,34.8503,321.3,0,,,True,SINGLE_READING;,8,day8,MATCHED,D8:wor:1-468,1-468,1-468,results.zip/day8.xlsx,workbook,5.89057,198.354,1-467,True,24.7399,34.8503,331.849,,0,331.849,0.15,9902.74,36444.5,False,3407.01,0.00787086,INTERPOLATED,981,1051,-42.5043,0.00832109,0
1018,CG6-0640,2026-01-23,1,469,field,CG6-0640|2026-01-23|L1|S469,2026-01-23 10:40:18,2026-01-23 10:40:18,2026-01-23 10:40:18.000000,1,1,3366.84,,,0.003,24.7413,34.8488,309.9,0,,,True,SINGLE_READING;,8,day8,MATCHED,D8:wor:1-469,1-469,1-469,results.zip/day8.xlsx,workbook,8.47773,156.096,1-470,True,24.7412,34.8489,319.321,,0,319.321,0.15,9951,36304.1,False,3407.01,0.00787099,INTERPOLATED,981,1051,-40.1672,0.00842333,0
1019,CG6-0640,2026-01-23,1,470,field,CG6-0640|2026-01-23|L1|S470,2026-01-23 10:44:53,2026-01-23 10:44:53,2026-01-23 10:44:53.000000,1,1,3366.74,,,0.0016,24.7407,34.8475,311,0,,,True,SINGLE_READING;,8,day8,MATCHED,D8:wor:1-470,1-470,1-470,results.zip/day8.xlsx,workbook,6.37464,147.536,1-469,True,24.7406,34.8475,321.488,,0,321.488,0.15,10100.9,36385.7,False,3407.01,0.00787112,INTERPOLATED,981,1051,-40.2727,0.00803209,0
1020,CG6-0640,2026-01-23,1,471,field,CG6-0640|2026-01-23|L1|S471,2026-01-23 10:48:46,2026-01-23 10:48:46,2026-01-23 10:48:46.000000,1,1,3365.7,,,0.0014,24.7386,34.8467,313.7,0,,,True,SINGLE_READING;,8,day8,MATCHED,D8:wor:1-471,1-471,1-471,results.zip/day8.xlsx,workbook,6.73639,240.441,1-470,True,24.7385,34.8467,325.732,,0,325.732,0.15,10289.8,36624.2,False,3407.01,0.00787123,INTERPOLATED,981,1051,-41.3141,0.00799477,0
1021,CG6-0640,2026-01-23,1,472,field,CG6-0640|2026-01-23|L1|S472,2026-01-23 10:52:38,2026-01-23 10:52:38,2026-01-23 10:52:38.000000,1,1,3364.64,,,0.0017,24.7366,34.8454,313.2,0,,,True,SINGLE_READING;,8,day8,MATCHED,D8:wor:1-472,1-472,1-472,results.zip/day8.xlsx,workbook,2.81891,199.288,1-473,True,24.7365,34.8454,329.182,,0,329.182,0.15,10524.1,36860.4,False,3407.01,0.00787137,INTERPOLATED,981,1051,-42.3708,0.00805285,0
1022,CG6-0640,2026-01-23,1,473,field,CG6-0640|2026-01-23|L1|S473,2026-01-23 11:00:49,2026-01-23 11:00:49,2026-01-23 11:00:49.000000,1,1,3363.42,,,0.0027,24.7362,34.8435,325.6,0,,,True,SINGLE_READING;,8,day8,MATCHED,D8:wor:1-473,1-473,1-473,results.zip/day8.xlsx,workbook,5.68662,195.703,1-472,True,24.7362,34.8435,334.045,,0,334.045,0.15,10708.4,36914.9,False,3407.01,0.0078717,INTERPOLATED,981,1051,-43.5942,0.00832188,0
1023,CG6-0640,2026-01-23,1,474,field,CG6-0640|2026-01-23|L1|S474,2026-01-23 11:04:47,2026-01-23 11:04:47,2026-01-23 11:04:47.000000,1,1,3363,,,0.003,24.7356,34.8414,322.9,0,,,True,SINGLE_READING;,8,day8,MATCHED,D8:wor:1-474,1-474,1-474,results.zip/day8.xlsx,workbook,2.36004,217.95,1-473,True,24.7356,34.8414,337.491,,0,337.491,0.15,10923,37004.1,False,3407.01,0.00787189,INTERPOLATED,981,1051,-44.0149,0.00842417,0
1024,CG6-0640,2026-01-23,1,475,field,CG6-0640|2026-01-23|L1|S475,2026-01-23 11:08:39,2026-01-23 11:08:39,2026-01-23 11:08:39.000000,1,1,3362.09,,,0.0042,24.735,34.8388,329.4,0,,,True,SINGLE_READING;,8,day8,MATCHED,D8:wor:1-475,1-475,1-475,results.zip/day8.xlsx,workbook,1.42955,248.074,1-476,True,24.735,34.8388,341.816,,0,341.816,0.15,11178.8,37096.5,False,3407.01,0.00787209,INTERPOLATED,981,1051,-44.9195,0.00892243,0
1025,CG6-0640,2026-01-23,1,476,field,CG6-0640|2026-01-23|L1|S476,2026-01-23 11:11:48,2026-01-23 11:11:48,2026-01-23 11:11:48.000000,1,1,3361.75,,,0.0015,24.7353,34.8364,333.2,0,,,True,SINGLE_READING;,8,day8,MATCHED,D8:wor:1-476,1-476,1-476,results.zip/day8.xlsx,workbook,2.65817,248.985,1-475,True,24.7353,34.8364,346.658,,0,346.658,0.15,11371.9,37085.8,False,3407.01,0.00787226,INTERPOLATED,981,1051,-45.2562,0.00801389,0
1026,CG6-0640,2026-01-23,1,477,field,CG6-0640|2026-01-23|L1|S477,2026-01-23 11:15:03,2026-01-23 11:15:03,2026-01-23 11:15:03.000000,1,1,3361.4,,,0.0022,24.7373,34.8347,337.7,0,,,True,SINGLE_READING;,8,day8,MATCHED,D8:wor:1-477,1-477,1-477,results.zip/day8.xlsx,workbook,6.67512,241.66,1-478,True,24.7372,34.8347,351.392,,0,351.392,0.15,11417.4,36894.5,False,3407.01,0.00787245,INTERPOLATED,981,1051,-45.6123,0.00817407,0
1027,CG6-0640,2026-01-23,1,478,field,CG6-0640|2026-01-23|L1|S478,2026-01-23 11:18:38,2026-01-23 11:18:38,2026-01-23 11:18:38.000000,1,1,3360.67,,,0.004,24.7383,34.8325,336.9,0,,,True,SINGLE_READING;,8,day8,MATCHED,D8:wor:1-478,1-478,1-478,results.zip/day8.xlsx,workbook,5.67468,250.74,1-477,True,24.7382,34.8325,356.379,,0,356.379,0.15,11553.8,36807.3,False,3407.01,0.00787267,INTERPOLATED,981,1051,-46.3431,0.00883057,0
1028,CG6-0640,2026-01-23,1,479,field,CG6-0640|2026-01-23|L1|S479,2026-01-23 11:24:31,2026-01-23 11:24:31,2026-01-23 11:24:31.000000,1,1,3359.43,,,0.002,24.7381,34.8301,335.9,0,,,True,SINGLE_READING;,8,day8,MATCHED,D8:wor:1-479,1-479,1-479,results.zip/day8.xlsx,workbook,4.4233,250.396,1-478,True,24.738,34.83,361.46,,0,361.46,0.15,11785.4,36861.6,False,3407.01,0.00787306,INTERPOLATED,981,1051,-47.5829,0.00812312,0
1029,CG6-0640,2026-01-23,1,480,field,CG6-0640|2026-01-23|L1|S480,2026-01-23 11:30:24,2026-01-23 11:30:24,2026-01-23 11:30:24.000000,1,1,3357.48,,,0.0085,24.7373,34.8275,352.5,0,,STDDEV_GT_0.050,True,SINGLE_READING;,8,day8,MATCHED,D8:wor:1-480,1-480,1-480,results.zip/day8.xlsx,workbook,9.81065,266.086,1-479,True,24.7373,34.8274,368.506,,0,368.506,0.15,12051.7,36978.8,False,3407.01,0.00787349,INTERPOLATED,981,1051,-49.5321,0.0115863,0
1030,CG6-0640,2026-01-23,1,481,field,CG6-0640|2026-01-23|L1|S481,2026-01-23 11:35:37,2026-01-23 11:35:37,2026-01-23 11:35:37.000000,1,1,3355.94,,,0.0019,24.7357,34.8255,356.4,0,,,True,SINGLE_READING;,8,day8,MATCHED,D8:wor:1-481,1-481,1-481,results.zip/day8.xlsx,workbook,3.09457,259.513,1-480,True,24.7357,34.8255,374.535,,0,374.535,0.15,12312.7,37182.3,False,3407.01,0.00787389,INTERPOLATED,981,1051,-51.0705,0.00809989,0
1031,CG6-0640,2026-01-23,1,482,field,CG6-0640|2026-01-23|L1|S482,2026-01-23 11:41:29,2026-01-23 11:41:29,2026-01-23 11:41:29.000000,1,1,3354.34,,,0.0031,24.7351,34.8227,369.1,0,,,True,SINGLE_READING;,8,day8,MATCHED,D8:wor:1-482,1-482,1-482,results.zip/day8.xlsx,workbook,0.802241,250.781,1-483,True,24.7351,34.8227,381.826,,0,381.826,0.15,12598.1,37293.4,False,3407.01,0.00787438,INTERPOLATED,981,1051,-52.6672,0.00846262,0
1032,CG6-0640,2026-01-23,1,483,field,CG6-0640|2026-01-23|L1|S483,2026-01-23 11:46:29,2026-01-23 11:46:29,2026-01-23 11:46:29.000000,1,1,3352.43,,,0.0022,24.7334,34.8212,378.1,0,,,True,SINGLE_READING;,8,day8,MATCHED,D8:wor:1-483,1-483,1-483,results.zip/day8.xlsx,workbook,5.71558,246.228,1-482,True,24.7334,34.8211,389.627,,0,389.627,0.15,12824.6,37504,False,3407.01,0.00787483,INTERPOLATED,981,1051,-54.5805,0.00817637,0
1033,CG6-0640,2026-01-23,1,484,field,CG6-0640|2026-01-23|L1|S484,2026-01-23 11:52:18,2026-01-23 11:52:18,2026-01-23 11:52:18.000000,1,1,3349.93,,,0.0022,24.7345,34.8183,373.9,0,,,True,SINGLE_READING;,8,day8,MATCHED,D8:wor:1-484,1-484,1-484,results.zip/day8.xlsx,workbook,6.95832,246.745,1-485,True,24.7345,34.8183,404.87,,0,404.87,0.15,13027.9,37424.6,False,3407.01,0.00787538,INTERPOLATED,981,1051,-57.0764,0.0081769,0
1034,CG6-0640,2026-01-23,1,485,field,CG6-0640|2026-01-23|L1|S485,2026-01-23 11:58:25,2026-01-23 11:58:25,2026-01-23 11:58:25.000000,1,1,3352.68,,,0.004,24.7367,34.8176,394.3,0,,,True,SINGLE_READING;,8,day8,MATCHED,D8:wor:1-485,1-485,1-485,results.zip/day8.xlsx,workbook,4.29815,257.067,1-484,True,24.7367,34.8176,390.894,,0,390.894,0.15,12981,37196.5,False,3407.01,0.007876,INTERPOLATED,981,1051,-54.3286,0.00883354,0
1035,CG6-0640,2026-01-23,1,486,field,CG6-0640|2026-01-23|L1|S486,2026-01-23 12:03:22,2026-01-23 12:03:22,2026-01-23 12:03:22.000000,1,1,3354.43,,,0.0031,24.7388,34.8197,358.2,0,,,True,SINGLE_READING;,8,day8,MATCHED,D8:wor:1-486,1-486,1-486,results.zip/day8.xlsx,workbook,7.60893,219.758,1-487,True,24.7387,34.8196,383.45,,0,383.45,0.15,12696.8,36938.3,False,3407.01,0.00787653,INTERPOLATED,981,1051,-52.5836,0.00846462,0
1036,CG6-0640,2026-01-23,1,487,field,CG6-0640|2026-01-23|L1|S487,2026-01-23 12:06:49,2026-01-23 12:06:49,2026-01-23 12:06:49.000000,1,1,3355.8,,,0.0039,24.7397,34.8216,359.2,0,,,True,SINGLE_READING;,8,day8,MATCHED,D8:wor:1-487,1-487,1-487,results.zip/day8.xlsx,workbook,9.07588,217.287,1-488,True,24.7397,34.8216,377.978,,0,377.978,0.15,12471.6,36799.4,False,3407.01,0.00787691,INTERPOLATED,981,1051,-51.2145,0.00878952,0
1037,CG6-0640,2026-01-23,1,488,field,CG6-0640|2026-01-23|L1|S488,2026-01-23 12:09:46,2026-01-23 12:09:46,2026-01-23 12:09:46.000000,1,1,3356.86,,,0.0052,24.7418,34.822,355.5,0,,,True,SINGLE_READING;,8,day8,MATCHED,D8:wor:1-488,1-488,1-488,results.zip/day8.xlsx,workbook,11.3405,218.324,1-489,True,24.7417,34.8219,373.878,,0,373.878,0.15,12345.3,36571.2,False,3407.01,0.00787725,INTERPOLATED,981,1051,-50.1504,0.00943881,0
1038,CG6-0640,2026-01-23,1,489,field,CG6-0640|2026-01-23|L1|S489,2026-01-23 12:13:39,2026-01-23 12:13:39,2026-01-23 12:13:39.000000,1,1,3358.5,,,0.0051,24.7438,34.822,347.9,0,,,True,SINGLE_READING;,8,day8,MATCHED,D8:kml:1-489,1-489,1-489,results.zip/day8.kml,kml_only,3.33279,232.112,1-488,True,24.7437,34.822,363.062,,0,363.062,0.15,12254.3,36351.7,False,3407.01,0.00787771,INTERPOLATED,981,1051,-48.511,0.00938447,0
1039,CG6-0640,2026-01-23,1,490,field,CG6-0640|2026-01-23|L1|S490,2026-01-23 12:17:05,2026-01-23 12:17:05,2026-01-23 12:17:05.000000,1,1,3360.38,,,0.002,24.7461,34.8233,346.2,0,,,True,SINGLE_READING;,8,day8,MATCHED,D8:wor:1-490,1-490,1-490,results.zip/day8.xlsx,workbook,7.8009,284.597,1-491,True,24.746,34.8232,360.219,,0,360.219,0.15,12035.1,36074.2,False,3407.01,0.00787812,INTERPOLATED,981,1051,-46.6314,0.00812803,0
1040,CG6-0640,2026-01-23,1,491,field,CG6-0640|2026-01-23|L1|S491,2026-01-23 12:20:31,2026-01-23 12:20:31,2026-01-23 12:20:31.000000,1,1,3361.04,,,0.0029,24.7487,34.8236,342.8,0,,,True,SINGLE_READING;,8,day8,MATCHED,D8:wor:1-491,1-491,1-491,results.zip/day8.xlsx,workbook,9.52616,282.52,1-492,True,24.7487,34.8235,355.827,,0,355.827,0.15,11901.4,35782.9,False,3407.01,0.00787855,INTERPOLATED,981,1051,-45.9688,0.00839533,0
1041,CG6-0640,2026-01-23,1,492,field,CG6-0640|2026-01-23|L1|S492,2026-01-23 12:23:39,2026-01-23 12:23:39,2026-01-23 12:23:39.000000,1,1,3362.07,,,0.0025,24.7513,34.8238,340.7,0,,,True,SINGLE_READING;,8,day8,MATCHED,D8:kml:1-492,1-492,1-492,results.zip/day8.kml,kml_only,8.24304,233.406,1-493,True,24.7513,34.8238,351.814,,0,351.814,0.15,11782.5,35493.3,False,3407.01,0.00787896,INTERPOLATED,981,1051,-44.9455,0.00826607,0
1042,CG6-0640,2026-01-23,1,493,field,CG6-0640|2026-01-23|L1|S493,2026-01-23 12:26:49,2026-01-23 12:26:49,2026-01-23 12:26:49.000000,1,1,3363.01,,,0.0021,24.7534,34.8241,325.8,0,,,True,SINGLE_READING;,8,day8,MATCHED,D8:kml:1-493,1-493,1-493,results.zip/day8.kml,kml_only,3.07433,241.54,1-492,True,24.7534,34.8241,345.482,,0,345.482,0.15,11680.2,35260,False,3407.01,0.00787937,INTERPOLATED,981,1051,-43.9967,0.00815442,0
1043,CG6-0640,2026-01-23,1,494,field,CG6-0640|2026-01-23|L1|S494,2026-01-23 12:29:47,2026-01-23 12:29:47,2026-01-23 12:29:47.000000,1,1,3364.39,,,0.0018,24.7561,34.8246,321.7,0,,,True,SINGLE_READING;,8,day8,MATCHED,D8:kml:1-494,1-494,1-494,results.zip/day8.kml,kml_only,6.96349,297.923,1-495,True,24.756,34.8246,340.252,,0,340.252,0.15,11535.4,34956.1,False,3407.01,0.00787977,INTERPOLATED,981,1051,-42.6254,0.00808275,0
1044,CG6-0640,2026-01-23,1,495,field,CG6-0640|2026-01-23|L1|S495,2026-01-23 12:32:55,2026-01-23 12:32:55,2026-01-23 12:32:55.000000,1,1,3365.89,,,0.0015,24.7586,34.8257,323.3,0,,,True,SINGLE_READING;,8,day8,MATCHED,D8:kml:1-495,1-495,1-495,results.zip/day8.kml,kml_only,2.46692,241.058,1-497,True,24.7586,34.8257,334.996,,0,334.996,0.15,11347.7,34664.3,False,3407.01,0.0078802,INTERPOLATED,981,1051,-41.1202,0.0080217,0
1045,CG6-0640,2026-01-23,1,496,field,CG6-0640|2026-01-23|L1|S496,2026-01-23 12:36:13,2026-01-23 12:36:13,2026-01-23 12:36:13.000000,1,1,3367.17,,,0.0016,24.7611,34.8267,313.2,0,,,True,SINGLE_READING;,8,day8,MATCHED,D8:wor:1-496,1-496,1-496,results.zip/day8.xlsx,workbook,11.6246,298.318,1-495,True,24.761,34.8266,334.675,,0,334.675,0.15,11182.1,34372.3,False,3407.01,0.00788067,INTERPOLATED,981,1051,-39.841,0.00804145,0
1046,CG6-0640,2026-01-23,1,497,field,CG6-0640|2026-01-23|L1|S497,2026-01-23 12:39:32,2026-01-23 12:39:32,2026-01-23 12:39:32.000000,1,1,3368.04,,,0.0063,24.7587,34.8281,292.3,0,,,True,SINGLE_READING;,8,day8,MATCHED,D8:wor:1-497,1-497,1-497,results.zip/day8.xlsx,workbook,5.77828,245.849,1-495,True,24.7586,34.8281,328.468,,0,328.468,0.15,11110.8,34617.3,False,3407.01,0.00788115,INTERPOLATED,981,1051,-38.9689,0.0100897,0
1047,CG6-0640,2026-01-23,1,498,field,CG6-0640|2026-01-23|L1|S498,2026-01-23 12:42:58,2026-01-23 12:42:58,2026-01-23 12:42:58.000000,1,1,3369.24,,,0.0021,24.7597,34.8305,293.7,0,,,True,SINGLE_READING;,8,day8,MATCHED,D8:wor:1-498,1-498,1-498,results.zip/day8.xlsx,workbook,7.44942,235.533,1-499,True,24.7597,34.8305,323.333,,0,323.333,0.15,10849.6,34467.9,False,3407.01,0.00788166,INTERPOLATED,981,1051,-37.7671,0.00815663,0
1048,CG6-0640,2026-01-23,1,499,field,CG6-0640|2026-01-23|L1|S499,2026-01-23 12:46:09,2026-01-23 12:46:09,2026-01-23 12:46:09.000000,1,1,3370.2,,,0.0036,24.7606,34.8327,294.2,0,,,True,SINGLE_READING;,8,day8,MATCHED,D8:wor:1-499,1-499,1-499,results.zip/day8.xlsx,workbook,10.1884,230.905,1-500,True,24.7605,34.8327,318.409,,0,318.409,0.15,10609,34341,False,3407.01,0.00788214,INTERPOLATED,981,1051,-36.8091,0.00866534,0
1049,CG6-0640,2026-01-23,1,500,field,CG6-0640|2026-01-23|L1|S500,2026-01-23 12:49:30,2026-01-23 12:49:30,2026-01-23 12:49:30.000000,1,1,3371.31,,,0.0032,24.76,34.8348,289.8,0,,,True,SINGLE_READING;,8,day8,MATCHED,D8:wor:1-500,1-500,1-500,results.zip/day8.xlsx,workbook,8.69818,230.176,1-499,True,24.7599,34.8348,313.207,,0,313.207,0.15,10421.6,34386.7,False,3407.01,0.00788266,INTERPOLATED,981,1051,-35.6969,0.00850743,0
1050,CG6-0640,2026-01-23,1,501,field,CG6-0640|2026-01-23|L1|S501,2026-01-23 12:54:21,2026-01-23 12:54:21,2026-01-23 12:54:21.000000,1,1,3371.78,,,0.0048,24.7621,34.8346,293.2,0,,,True,SINGLE_READING;,8,day8,MATCHED,D8:wor:1-501,1-501,1-501,results.zip/day8.xlsx,workbook,10.006,250.416,1-500,True,24.762,34.8345,310.171,,0,310.171,0.15,10381.3,34151.5,False,3407.01,0.00788343,INTERPOLATED,981,1051,-35.2305,0.00922976,0
1051,CG6-0640,2026-01-23,0,100,field_base_100,CG6-0640|2026-01-23|L0|S100,2026-01-23 13:34:06,2026-01-23 13:37:06,2026-01-23 13:35:36.000000,4,4,3407.01,0.00161862,0.000357464,0.000828779,24.7868,34.9338,90.4,0,,,True,,8,day8,MATCHED,D8:wor:Base100,Base100,Base100,results.zip/day8.xlsx,workbook,3.45073,,,True,24.7867,34.9338,111.77,,0,111.77,0.15,3.43412,31645.3,True,3407.01,0.000828779,AT_CONTROL,1051,1051,0,0.00117207,0
1052,CG6-0640,2026-01-23,1,502,field,CG6-0640|2026-01-23|L1|S502,2026-01-23 13:58:05,2026-01-23 13:58:05,2026-01-23 13:58:05.000000,1,1,3418.38,,,0.0035,24.8063,34.9732,31.5,0,,,True,SINGLE_READING;,8,day8,MATCHED,D8:wor:1-502,1-502,1-502,results.zip/day8.xlsx,workbook,11.5019,53.1185,L14-2,True,24.8062,34.9732,53.735,,0,53.735,0.15,4542.4,30519.6,False,3407.01,0.00787925,INTERPOLATED,1051,1068,11.3667,0.00862163,0
1053,CG6-0640,2026-01-23,1,503,field,CG6-0640|2026-01-23|L1|S503,2026-01-23 14:01:51,2026-01-23 14:01:51,2026-01-23 14:01:51.000000,1,1,3416.7,,,0.0018,24.8045,34.9741,38.2,0,,,True,SINGLE_READING;,8,day8,MATCHED,D8:wor:1-503,1-503,1-503,results.zip/day8.xlsx,workbook,9.9343,29.9028,L14-3,True,24.8044,34.9741,61.578,,0,61.578,0.15,4527.81,30738.4,False,3407.01,0.00787834,INTERPOLATED,1051,1068,9.6853,0.00808135,0
1054,CG6-0640,2026-01-23,1,504,field,CG6-0640|2026-01-23|L1|S504,2026-01-23 14:05:27,2026-01-23 14:05:27,2026-01-23 14:05:27.000000,1,1,3415.25,,,0.0057,24.8028,34.9752,47.9,0,,,True,SINGLE_READING;,8,day8,MATCHED,D8:wor:1-504,1-504,1-504,results.zip/day8.xlsx,workbook,6.93222,19.7838,L14-4,True,24.8028,34.9751,68.602,,0,68.602,0.15,4545.68,30949.3,False,3407.01,0.00787775,INTERPOLATED,1051,1068,8.24345,0.00972363,0
1055,CG6-0640,2026-01-23,1,505,field,CG6-0640|2026-01-23|L1|S505,2026-01-23 14:09:16,2026-01-23 14:09:16,2026-01-23 14:09:16.000000,1,1,3413.73,,,0.0051,24.8008,34.9763,63.8,0,,,True,SINGLE_READING;,8,day8,MATCHED,D8:wor:1-505,1-505,1-505,results.zip/day8.xlsx,workbook,4.94007,86.6431,L14-5,True,24.8008,34.9763,76.775,,0,76.775,0.15,4573.5,31198.3,False,3407.01,0.00787742,INTERPOLATED,1051,1068,6.72236,0.00938423,0
1056,CG6-0640,2026-01-23,1,506,field,CG6-0640|2026-01-23|L1|S506,2026-01-23 14:16:13,2026-01-23 14:16:13,2026-01-23 14:16:13.000000,1,1,3412.15,,,0.0067,24.7987,34.9775,66.9,0,,STDDEV_GT_0.050,True,SINGLE_READING;,8,day8,MATCHED,D8:wor:1-506,1-506,1-506,results.zip/day8.xlsx,workbook,5.72679,59.5966,L14-7,True,24.7987,34.9775,84.423,,0,84.423,0.15,4613.59,31456.2,False,3407.01,0.00787763,INTERPOLATED,1051,1068,5.13849,0.0103415,0
1057,CG6-0640,2026-01-23,1,507,field,CG6-0640|2026-01-23|L1|S507,2026-01-23 14:19:29,2026-01-23 14:19:29,2026-01-23 14:19:29.000000,1,1,3411.04,,,0.002,24.797,34.9787,65.4,0,,,True,SINGLE_READING;,8,day8,MATCHED_ID_TIEBREAK,D8:wor:1-507,1-507,1-507,results.zip/day8.xlsx,workbook,8.30717,12.1627,L14-8,True,24.7969,34.9787,92.295,,0,92.295,0.15,4675.5,31683.7,False,3407.01,0.00787809,INTERPOLATED,1051,1068,4.03268,0.00812799,0
1058,CG6-0640,2026-01-23,1,508,field,CG6-0640|2026-01-23|L1|S508,2026-01-23 14:22:55,2026-01-23 14:22:55,2026-01-23 14:22:55.000000,1,1,3410.22,,,0.0019,24.7964,34.9801,75.8,0,,,True,SINGLE_READING;,8,day8,MATCHED,D8:wor:1-508,1-508,1-508,results.zip/day8.xlsx,workbook,7.73315,21.5329,L14-9,True,24.7963,34.9801,98.395,,0,98.395,0.15,4801.75,31793.1,False,3407.01,0.00787881,INTERPOLATED,1051,1068,3.21285,0.00810467,0
1059,CG6-0640,2026-01-23,1,509,field,CG6-0640|2026-01-23|L1|S509,2026-01-23 14:26:22,2026-01-23 14:26:22,2026-01-23 14:26:22.000000,1,1,3409.26,,,0.0029,24.7947,34.9809,80.3,0,,,True,SINGLE_READING;,8,day8,MATCHED,D8:wor:1-509,1-509,1-509,results.zip/day8.xlsx,workbook,5.69285,183.191,L14-9,True,24.7946,34.9808,104.777,,0,104.777,0.15,4838.16,31997.4,False,3407.01,0.00787978,INTERPOLATED,1051,1068,2.24548,0.00839649,0
1060,CG6-0640,2026-01-23,1,510,field,CG6-0640|2026-01-23|L1|S510,2026-01-23 14:29:51,2026-01-23 14:29:51,2026-01-23 14:29:51.000000,1,1,3408.25,,,0.0037,24.7929,34.9808,82.2,0,,,True,SINGLE_READING;,8,day8,MATCHED,D8:wor:1-510,1-510,1-510,results.zip/day8.xlsx,workbook,4.48465,192.739,1-509,True,24.7928,34.9808,110.428,,0,110.428,0.15,4796.38,32180.1,False,3407.01,0.00788103,INTERPOLATED,1051,1068,1.24024,0.00870635,0
1061,CG6-0640,2026-01-23,1,511,field,CG6-0640|2026-01-23|L1|S511,2026-01-23 14:33:17,2026-01-23 14:33:17,2026-01-23 14:33:17.000000,1,1,3407.24,,,0.0025,24.7914,34.9798,100.6,0,,,True,SINGLE_READING;,8,day8,MATCHED,D8:wor:1-511,1-511,1-511,results.zip/day8.xlsx,workbook,5.04705,194.098,1-510,True,24.7913,34.9797,116.519,,0,116.519,0.15,4673.11,32307.5,False,3407.01,0.0078825,INTERPOLATED,1051,1068,0.224598,0.00826945,0
1062,CG6-0640,2026-01-23,1,512,field,CG6-0640|2026-01-23|L1|S512,2026-01-23 14:36:35,2026-01-23 14:36:35,2026-01-23 14:36:35.000000,1,1,3405.72,,,0.002,24.7897,34.9788,108.5,0,,,True,SINGLE_READING;,8,day8,MATCHED,D8:wor:1-512,1-512,1-512,results.zip/day8.xlsx,workbook,1.74105,200.276,1-511,True,24.7897,34.9788,123.029,,0,123.029,0.15,4558.83,32447.4,False,3407.01,0.00788416,INTERPOLATED,1051,1068,-1.28972,0.00813388,0
1063,CG6-0640,2026-01-23,1,513,field,CG6-0640|2026-01-23|L1|S513,2026-01-23 14:39:42,2026-01-23 14:39:42,2026-01-23 14:39:42.000000,1,1,3404.4,,,0.0023,24.7879,34.979,111.8,0,,,True,SINGLE_READING;,8,day8,MATCHED,D8:wor:1-513,1-513,1-513,results.zip/day8.xlsx,workbook,6.03045,200.466,1-512,True,24.7879,34.9789,129.856,,0,129.856,0.15,4565.95,32644.1,False,3407.01,0.00788594,INTERPOLATED,1051,1068,-2.60578,0.0082145,0
1064,CG6-0640,2026-01-23,1,514,field,CG6-0640|2026-01-23|L1|S514,2026-01-23 14:43:30,2026-01-23 14:43:30,2026-01-23 14:43:30.000000,1,1,3402.54,,,0.0022,24.7853,34.979,121.3,0,,,True,SINGLE_READING;,8,day8,MATCHED,D8:wor:1-514,1-514,1-514,results.zip/day8.xlsx,workbook,7.32725,221.482,1-515,True,24.7853,34.9789,139.411,,0,139.411,0.15,4566.01,32918.1,False,3407.01,0.00788838,INTERPOLATED,1051,1068,-4.47171,0.00818942,0
1065,CG6-0640,2026-01-23,1,515,field,CG6-0640|2026-01-23|L1|S515,2026-01-23 14:47:50,2026-01-23 14:47:50,2026-01-23 14:47:50.000000,1,1,3400.91,,,0.0023,24.7834,34.9791,130.2,0,,,True,SINGLE_READING;,8,day8,MATCHED,D8:wor:1-515,1-515,1-515,results.zip/day8.xlsx,workbook,7.00602,209.835,1-516,True,24.7833,34.9791,148.219,,0,148.219,0.15,4597.28,33128.1,False,3407.01,0.00789154,INTERPOLATED,1051,1068,-6.10047,0.00821988,0
1066,CG6-0640,2026-01-23,1,516,field,CG6-0640|2026-01-23|L1|S516,2026-01-23 14:51:49,2026-01-23 14:51:49,2026-01-23 14:51:49.000000,1,1,3399.36,,,0.003,24.7816,34.9791,141.6,0,,,True,SINGLE_READING;,8,day8,MATCHED,D8:wor:1-516,1-516,1-516,results.zip/day8.xlsx,workbook,8.63338,101.351,1-517,True,24.7815,34.9791,155.724,,0,155.724,0.15,4617.97,33319.8,False,3407.01,0.0078948,INTERPOLATED,1051,1068,-7.65089,0.00844558,0
1067,CG6-0640,2026-01-23,1,517,field,CG6-0640|2026-01-23|L1|S517,2026-01-23 14:54:47,2026-01-23 14:54:47,2026-01-23 14:54:47.000000,1,1,3398.54,,,0.0019,24.7807,34.9793,145.9,0,,,True,SINGLE_READING;,8,day8,MATCHED,D8:wor:1-517,1-517,1-517,results.zip/day8.xlsx,workbook,4.80407,89.632,1-516,True,24.7807,34.9793,158.507,,0,158.507,0.15,4644.65,33415.9,False,3407.01,0.00789744,INTERPOLATED,1051,1068,-8.47039,0.00812278,0
1068,CG6-0640,2026-01-23,0,100,field_base_100,CG6-0640|2026-01-23|L0|S100,2026-01-23 15:28:45,2026-01-23 15:31:45,2026-01-23 15:30:15.000000,4,4,3407.01,0.00200777,0.000419768,0.00123161,24.7868,34.9338,104.7,0,,,True,,8,day8,MATCHED,D8:wor:Base100,Base100,Base100,results.zip/day8.xlsx,workbook,12.2245,,,True,24.7867,34.9338,111.77,,0,111.77,0.15,12.2012,31637.5,True,3407.01,0.00123161,AT_CONTROL,1068,1068,0,0.00174177,0
1069,CG6-0640,2026-01-23,0,0,hotel_base_0,CG6-0640|2026-01-23|L0|S0,2026-01-23 17:54:05,2026-01-23 17:57:05,2026-01-23 17:55:35.000000,4,4,3473.08,0.00307761,0.000638441,0.00104013,25.0669,34.8776,32.15,0,,,True,,8,day8,MATCHED,D8:wor:Base 0,Base 0,Base 0,results.zip/day8.xlsx,workbook,13.5374,,,True,25.0668,34.8777,36.51,,0,36.51,0.15,31659,13.5278,True,3407,0.00777411,AT_CONTROL,1069,1069,66.0736,0.00784338,0
1070,CG6-0640,2026-01-24,0,0,hotel_base_0,CG6-0640|2026-01-24|L0|S0,2026-01-24 04:41:01,2026-01-24 04:44:01,2026-01-24 04:42:31.000000,4,4,3473.07,0.00132428,0.00027173,0.00144763,25.0668,34.8776,25.4,3.16391,,,True,,9,day9,MATCHED,D9:wor:BASE24-01-2026,BASE24-01-2026,BASE24-01-2026,results.zip/day9.xlsx,workbook,6.41746,,,True,25.0668,34.8777,36.501,,0,36.501,0.15,31651,6.45533,True,3407,0.00783904,AT_CONTROL,1070,1070,66.0736,0.00797158,0
1071,CG6-0640,2026-01-24,0,100,field_base_100,CG6-0640|2026-01-24|L0|S100,2026-01-24 06:39:02,2026-01-24 06:42:02,2026-01-24 06:40:32.000000,4,4,3407,0.0105731,0.00227638,0.00231962,24.7868,34.9337,102.6,0,,,True,,9,day9,MATCHED,D9:kml:Base 100,Base 100,Base 100,results.zip/day9.kml,kml_only,2.94852,,,True,24.7867,34.9338,111.811,,0,111.811,0.15,2.8494,31643.7,True,3407,0.00231962,AT_CONTROL,1071,1071,0,0.00328043,0
1072,CG6-0640,2026-01-24,1,518,field,CG6-0640|2026-01-24|L1|S518,2026-01-24 07:22:52,2026-01-24 07:22:52,2026-01-24 07:22:52.000000,1,1,3371.46,,,0.0023,24.776,34.8095,306.3,0,,,True,SINGLE_READING;,9,day9,MATCHED,D9:kml:518,518,518,results.zip/day9.kml,kml_only,1.53123,222.871,519,True,24.776,34.8095,313.704,,0,313.704,0.15,12601.6,33048.9,False,3407,0.00808111,INTERPOLATED,1071,1095,-35.544,0.00840204,0
1073,CG6-0640,2026-01-24,1,519,field,CG6-0640|2026-01-24|L1|S519,2026-01-24 07:29:38,2026-01-24 07:29:38,2026-01-24 07:29:38.000000,1,1,3370.27,,,0.0028,24.7752,34.8115,307.8,0,,TILT_GT_20,True,SINGLE_READING;,9,day9,MATCHED,D9:kml:519,519,519,results.zip/day9.kml,kml_only,1.18115,221.007,518,True,24.7752,34.8115,319.596,,0,319.596,0.15,12408.5,33095.7,False,3407,0.00807002,INTERPOLATED,1071,1095,-36.7343,0.00854197,0
1074,CG6-0640,2026-01-24,1,520,field,CG6-0640|2026-01-24|L1|S520,2026-01-24 07:33:34,2026-01-24 07:33:34,2026-01-24 07:33:34.000000,1,1,3368.7,,,0.0039,24.7744,34.8136,314.4,0,,,True,SINGLE_READING;,9,day9,MATCHED,D9:wor:520,520,520,results.zip/day9.xlsx,workbook,4.22434,232.85,519,True,24.7743,34.8136,327.149,,0,327.149,0.15,12207.8,33148.5,False,3407,0.00806423,INTERPOLATED,1071,1095,-38.305,0.00895778,0
1075,CG6-0640,2026-01-24,1,521,field,CG6-0640|2026-01-24|L1|S521,2026-01-24 07:38:29,2026-01-24 07:38:29,2026-01-24 07:38:29.000000,1,1,3367.06,,,0.0024,24.7727,34.816,316.5,0,,,True,SINGLE_READING;,9,day9,MATCHED,D9:wor:521,521,521,results.zip/day9.xlsx,workbook,2.60285,206.284,522,True,24.7727,34.816,336.134,,0,336.134,0.15,11993.3,33279.1,False,3407,0.00805769,INTERPOLATED,1071,1095,-39.9385,0.00840752,0
1076,CG6-0640,2026-01-24,1,522,field,CG6-0640|2026-01-24|L1|S522,2026-01-24 07:41:57,2026-01-24 07:41:57,2026-01-24 07:41:57.000000,1,1,3366.31,,,0.0052,24.7717,34.8176,322.1,0,,,True,SINGLE_READING;,9,day9,MATCHED,D9:wor:522,522,522,results.zip/day9.xlsx,workbook,2.98502,204.672,521,True,24.7717,34.8176,341.888,,0,341.888,0.15,11841.1,33361.2,False,3407,0.00805355,INTERPOLATED,1071,1095,-40.6955,0.00958643,0
1077,CG6-0640,2026-01-24,1,523,field,CG6-0640|2026-01-24|L1|S523,2026-01-24 07:46:05,2026-01-24 07:46:05,2026-01-24 07:46:05.000000,1,1,3365.8,,,0.0063,24.7705,34.8195,334.5,0,,,True,SINGLE_READING;,9,day9,MATCHED,D9:wor:523,523,523,results.zip/day9.xlsx,workbook,12.7227,230.257,522,True,24.7704,34.8196,346.128,,0,346.128,0.15,11671.1,33455.4,False,3407,0.0080491,INTERPOLATED,1071,1095,-41.2004,0.0102214,0
1078,CG6-0640,2026-01-24,1,524,field,CG6-0640|2026-01-24|L1|S524,2026-01-24 07:49:49,2026-01-24 07:49:49,2026-01-24 07:49:49.000000,1,1,3367.18,,,0.0044,24.769,34.8213,345.6,0,,,True,SINGLE_READING;,9,day9,MATCHED,D9:wor:524,524,524,results.zip/day9.xlsx,workbook,6.13922,237.14,523,True,24.769,34.8213,340.259,,0,340.259,0.15,11521.2,33592.6,False,3407,0.00804555,INTERPOLATED,1071,1095,-39.8246,0.00917011,0
1079,CG6-0640,2026-01-24,1,525,field,CG6-0640|2026-01-24|L1|S525,2026-01-24 07:53:06,2026-01-24 07:53:06,2026-01-24 07:53:06.000000,1,1,3368.35,,,0.0037,24.7673,34.8235,336.2,0,,,True,SINGLE_READING;,9,day9,MATCHED,D9:wor:525,525,525,results.zip/day9.xlsx,workbook,9.02826,276.754,526,True,24.7673,34.8235,334.078,,0,334.078,0.15,11340.1,33740.2,False,3407,0.0080428,INTERPOLATED,1071,1095,-38.6472,0.00885306,0
1080,CG6-0640,2026-01-24,1,526,field,CG6-0640|2026-01-24|L1|S526,2026-01-24 07:56:41,2026-01-24 07:56:41,2026-01-24 07:56:41.000000,1,1,3368.78,,,0.0074,24.7662,34.8259,330.6,0,,STDDEV_GT_0.050,True,SINGLE_READING;,9,day9,MATCHED,D9:wor:526,526,526,results.zip/day9.xlsx,workbook,2.54364,260.166,527,True,24.7662,34.8259,328.793,,0,328.793,0.15,11127.2,33827.4,False,3407,0.00804019,INTERPOLATED,1071,1095,-38.2265,0.0109272,0
1081,CG6-0640,2026-01-24,1,527,field,CG6-0640|2026-01-24|L1|S527,2026-01-24 08:00:00,2026-01-24 08:00:00,2026-01-24 08:00:00.000000,1,1,3369.33,,,0.0047,24.7645,34.8277,330.5,0,,,True,SINGLE_READING;,9,day9,MATCHED,D9:wor:527,527,527,results.zip/day9.xlsx,workbook,1.37378,257.356,526,True,24.7645,34.8277,324.057,,0,324.057,0.15,10990.6,33984.4,False,3407,0.00803814,INTERPOLATED,1071,1095,-37.674,0.00931137,0
1082,CG6-0640,2026-01-24,1,528,field,CG6-0640|2026-01-24|L1|S528,2026-01-24 08:04:17,2026-01-24 08:04:17,2026-01-24 08:04:17.000000,1,1,3370.21,,,0.0043,24.7636,34.8301,315.2,0,,,True,SINGLE_READING;,9,day9,MATCHED,D9:wor:528,528,528,results.zip/day9.xlsx,workbook,7.28637,259.405,527,True,24.7636,34.8301,319.188,,0,319.188,0.15,10780.4,34047.4,False,3407,0.00803601,INTERPOLATED,1071,1095,-36.7906,0.00911413,0
1083,CG6-0640,2026-01-24,1,529,field,CG6-0640|2026-01-24|L1|S529,2026-01-24 08:08:40,2026-01-24 08:08:40,2026-01-24 08:08:40.000000,1,1,3371.18,,,0.0031,24.7633,34.8327,305.4,0,,,True,SINGLE_READING;,9,day9,MATCHED,D9:wor:529,529,529,results.zip/day9.xlsx,workbook,9.08512,268.631,528,True,24.7632,34.8328,314.377,,0,314.377,0.15,10529.2,34049.5,False,3407,0.00803444,INTERPOLATED,1071,1095,-35.8181,0.00861175,0
1084,CG6-0640,2026-01-24,1,530,field,CG6-0640|2026-01-24|L1|S530,2026-01-24 08:15:05,2026-01-24 08:15:05,2026-01-24 08:15:05.000000,1,1,3372.13,,,0.0032,24.7599,34.8363,303,0,,,True,SINGLE_READING;,9,day9,MATCHED,D9:wor:530,530,530,results.zip/day9.xlsx,workbook,4.04286,234.344,531,True,24.7599,34.8363,308.088,,0,308.088,0.15,10278.9,34371,False,3407,0.00803326,INTERPOLATED,1071,1095,-34.8674,0.00864715,0
1085,CG6-0640,2026-01-24,1,531,field,CG6-0640|2026-01-24|L1|S531,2026-01-24 08:24:23,2026-01-24 08:24:23,2026-01-24 08:24:23.000000,1,1,3371.53,,,0.0026,24.7581,34.8373,313.7,0,,,True,SINGLE_READING;,9,day9,MATCHED,D9:wor:531,531,531,results.zip/day9.xlsx,workbook,3.8023,232.782,530,True,24.758,34.8373,311.358,,0,311.358,0.15,10244.7,34564.8,False,3407,0.00803388,INTERPOLATED,1071,1095,-35.4679,0.00844413,0
1086,CG6-0640,2026-01-24,1,532,field,CG6-0640|2026-01-24|L1|S532,2026-01-24 08:28:03,2026-01-24 08:28:03,2026-01-24 08:28:03.000000,1,1,3370.52,,,0.0052,24.7565,34.8389,319.2,0,,,True,SINGLE_READING;,9,day9,MATCHED,D9:wor:532,532,532,results.zip/day9.xlsx,workbook,4.89026,232.19,531,True,24.7565,34.8389,315.882,,0,315.882,0.15,10146.4,34715.8,False,3407,0.00803489,INTERPOLATED,1071,1095,-36.4775,0.00957076,0
1087,CG6-0640,2026-01-24,1,533,field,CG6-0640|2026-01-24|L1|S533,2026-01-24 08:31:50,2026-01-24 08:31:50,2026-01-24 08:31:50.000000,1,1,3369.08,,,0.0031,24.7546,34.8402,323.3,0,,,True,SINGLE_READING;,9,day9,MATCHED,D9:wor:533,533,533,results.zip/day9.xlsx,workbook,1.51444,247.665,532,True,24.7546,34.8402,322.167,,0,322.167,0.15,10095.7,34913.1,False,3407,0.00803639,INTERPOLATED,1071,1095,-37.9228,0.00861356,0
1088,CG6-0640,2026-01-24,1,534,field,CG6-0640|2026-01-24|L1|S534,2026-01-24 08:36:34,2026-01-24 08:36:34,2026-01-24 08:36:34.000000,1,1,3368.73,,,0.0046,24.7522,34.8417,325.7,0,,,True,SINGLE_READING;,9,day9,MATCHED,D9:wor:534,534,534,results.zip/day9.xlsx,workbook,4.70628,195.663,535,True,24.7521,34.8417,323.013,,0,323.013,0.15,10056.4,35168.1,False,3407,0.0080389,INTERPOLATED,1071,1095,-38.2745,0.00926196,0
1089,CG6-0640,2026-01-24,1,535,field,CG6-0640|2026-01-24|L1|S535,2026-01-24 08:40:25,2026-01-24 08:40:25,2026-01-24 08:40:25.000000,1,1,3366.27,,,0.0045,24.7505,34.8421,327.5,0,,,True,SINGLE_READING;,9,day9,MATCHED,D9:wor:535,535,535,results.zip/day9.xlsx,workbook,6.73739,186.508,534,True,24.7504,34.8421,335.125,,0,335.125,0.15,10098.3,35350.4,False,3407,0.00804147,INTERPOLATED,1071,1095,-40.7313,0.00921495,0
1090,CG6-0640,2026-01-24,1,536,field,CG6-0640|2026-01-24|L1|S536,2026-01-24 08:44:22,2026-01-24 08:44:22,2026-01-24 08:44:22.000000,1,1,3367.7,,,0.0048,24.7476,34.8431,326,0,,,True,SINGLE_READING;,9,day9,MATCHED,D9:wor:536,536,536,results.zip/day9.xlsx,workbook,7.95348,330.173,535,True,24.7475,34.8431,325.383,,0,325.383,0.15,10134.3,35657.6,False,3407,0.00804461,INTERPOLATED,1071,1095,-39.3036,0.0093678,0
1091,CG6-0640,2026-01-24,1,537,field,CG6-0640|2026-01-24|L1|S537,2026-01-24 08:49:18,2026-01-24 08:49:18,2026-01-24 08:49:18.000000,1,0,,,,,24.7447,34.8451,315.3,0,TILT_GT_30,,False,NO_ACCEPTED_READING;,9,day9,MATCHED,D9:wor:537,537,537,results.zip/day9.xlsx,workbook,8.70533,233.548,538,True,24.7446,34.8451,331.391,,0,331.391,0.15,10101.6,35963.8,False,3407,0.00804922,INTERPOLATED,1071,1095,,,0
1092,CG6-0640,2026-01-24,1,538,field,CG6-0640|2026-01-24|L1|S538,2026-01-24 08:52:33,2026-01-24 08:52:33,2026-01-24 08:52:33.000000,1,1,3367.3,,,0.0067,24.7432,34.8467,328.7,0,,STDDEV_GT_0.050,True,SINGLE_READING;,9,day9,MATCHED,D9:wor:538,538,538,results.zip/day9.xlsx,workbook,3.97804,183.578,539,True,24.7432,34.8467,320.513,,0,320.513,0.15,10031.3,36111.2,False,3407,0.00805268,INTERPOLATED,1071,1095,-39.7042,0.0104755,0
1093,CG6-0640,2026-01-24,1,539,field,CG6-0640|2026-01-24|L1|S539,2026-01-24 08:57:04,2026-01-24 08:57:04,2026-01-24 08:57:04.000000,1,1,3367.08,,,0.0049,24.742,34.8479,314.9,0,,,True,SINGLE_READING;,9,day9,MATCHED,D9:wor:539,539,539,results.zip/day9.xlsx,workbook,8.19648,177.65,538,True,24.742,34.8479,319.658,,0,319.658,0.15,9990.32,36231.3,False,3407,0.00805806,INTERPOLATED,1071,1095,-39.9158,0.00943092,0
1094,CG6-0640,2026-01-24,1,540,field,CG6-0640|2026-01-24|L1|S540,2026-01-24 09:01:43,2026-01-24 09:01:43,2026-01-24 09:01:43.000000,1,1,3369.07,,,0.0076,24.7445,34.8499,294.6,0,,STDDEV_GT_0.050,True,SINGLE_READING;,9,day9,MATCHED,D9:wor:540,540,540,results.zip/day9.xlsx,workbook,9.9297,88.3756,557,True,24.7444,34.8499,313.804,,0,313.804,0.15,9685.77,35943,False,3407,0.00806426,INTERPOLATED,1071,1095,-37.9344,0.0110812,0
1095,CG6-0640,2026-01-24,0,100,field_base_100,CG6-0640|2026-01-24|L0|S100,2026-01-24 10:14:05,2026-01-24 10:17:05,2026-01-24 10:15:35.000000,4,4,3407,0.00322881,0.000711457,0.00255661,24.7868,34.9338,97.1,0,,,True,,9,day9,MATCHED,D9:kml:Base 100,Base 100,Base 100,results.zip/day9.kml,kml_only,8.0302,,,True,24.7867,34.9338,111.811,,0,111.811,0.15,7.92802,31638.1,True,3407,0.00255661,AT_CONTROL,1095,1095,0,0.00361559,0
1096,CG6-0640,2026-01-24,1,541,field,CG6-0640|2026-01-24|L1|S541,2026-01-24 11:04:20,2026-01-24 11:04:20,2026-01-24 11:04:20.000000,1,1,3383.66,,,0.0053,24.761,34.8588,249.8,0,,,True,SINGLE_READING;,9,day9,MATCHED,D9:kml:541,541,541,results.zip/day9.kml,kml_only,11.4797,295.645,542,True,24.7609,34.8587,260.108,,0,260.108,0.15,8094.3,34051.9,False,3407,0.00815941,INTERPOLATED,1095,1115,-23.3381,0.00972965,0
1097,CG6-0640,2026-01-24,1,542,field,CG6-0640|2026-01-24|L1|S542,2026-01-24 11:10:16,2026-01-24 11:10:16,2026-01-24 11:10:16.000000,1,1,3382.11,,,0.0041,24.7585,34.8599,246.1,0,,,True,SINGLE_READING;,9,day9,MATCHED,D9:kml:542,542,542,results.zip/day9.kml,kml_only,4.69221,284.931,543,True,24.7585,34.8599,266.358,,0,266.358,0.15,8090.26,34321.4,False,3407,0.00815422,INTERPOLATED,1095,1115,-24.888,0.00912695,0
1098,CG6-0640,2026-01-24,1,543,field,CG6-0640|2026-01-24|L1|S543,2026-01-24 11:14:13,2026-01-24 11:14:13,2026-01-24 11:14:13.000000,1,1,3381.35,,,0.0052,24.7566,34.8616,263.6,0,,,True,SINGLE_READING;,9,day9,MATCHED,D9:kml:543,543,543,results.zip/day9.kml,kml_only,14.4444,209.089,546,True,24.7565,34.8616,267.765,,0,267.765,0.15,8020.85,34527.1,False,3407,0.00815151,INTERPOLATED,1095,1115,-25.651,0.00966887,0
1099,CG6-0640,2026-01-24,1,544,field,CG6-0640|2026-01-24|L1|S544,2026-01-24 11:18:38,2026-01-24 11:18:38,2026-01-24 11:18:38.000000,1,1,3380.75,,,0.0058,24.7558,34.8635,258.8,0,,,True,SINGLE_READING;,9,day9,MATCHED,D9:kml:544,544,544,results.zip/day9.kml,kml_only,7.9797,79.5934,546,True,24.7557,34.8634,270.436,,0,270.436,0.15,7888.59,34609.9,False,3407,0.0081492,INTERPOLATED,1095,1115,-26.2428,0.0100025,0
1100,CG6-0640,2026-01-24,1,545,field,CG6-0640|2026-01-24|L1|S545,2026-01-24 11:22:39,2026-01-24 11:22:39,2026-01-24 11:22:39.000000,1,1,3379.48,,,0.0057,24.7554,34.8647,263.7,0,,,True,SINGLE_READING;,9,day9,MATCHED,D9:kml:545,545,545,results.zip/day9.kml,kml_only,0.837598,132.526,544,True,24.7554,34.8647,277.668,,0,277.668,0.15,7790.31,34641.3,False,3407,0.00814776,INTERPOLATED,1095,1115,-27.5146,0.00994364,0
1101,CG6-0640,2026-01-24,1,546,field,CG6-0640|2026-01-24|L1|S546,2026-01-24 11:27:28,2026-01-24 11:27:28,2026-01-24 11:27:28.000000,1,1,3380.39,,,0.0077,24.7552,34.863,266.7,0,,STDDEV_GT_0.050,True,SINGLE_READING;,9,day9,MATCHED,D9:kml:546,546,546,results.zip/day9.kml,kml_only,2.73609,70.6517,544,True,24.7552,34.863,270.308,,0,270.308,0.15,7959.05,34672.4,False,3407,0.00814686,INTERPOLATED,1095,1115,-26.6042,0.0112099,0
1102,CG6-0640,2026-01-24,1,547,field,CG6-0640|2026-01-24|L1|S547,2026-01-24 11:31:09,2026-01-24 11:31:09,2026-01-24 11:31:09.000000,1,1,3379.78,,,0.0063,24.7543,34.861,276.5,0,,,True,SINGLE_READING;,9,day9,MATCHED,D9:kml:547,547,547,results.zip/day9.kml,kml_only,4.11846,185.315,548,True,24.7542,34.861,270.565,,0,270.565,0.15,8184.12,34789.4,False,3407,0.00814678,INTERPOLATED,1095,1115,-27.2193,0.0102985,0
1103,CG6-0640,2026-01-24,1,548,field,CG6-0640|2026-01-24|L1|S548,2026-01-24 11:34:38,2026-01-24 11:34:38,2026-01-24 11:34:38.000000,1,1,3378.68,,,0.005,24.7527,34.8606,277.1,0,,,True,SINGLE_READING;,9,day9,MATCHED,D9:wor:548,548,548,results.zip/day9.xlsx,workbook,13.3673,169.593,547,True,24.7526,34.8606,276.81,,0,276.81,0.15,8297.59,34959.6,False,3407,0.00814719,INTERPOLATED,1095,1115,-28.3216,0.00955911,0
1104,CG6-0640,2026-01-24,1,549,field,CG6-0640|2026-01-24|L1|S549,2026-01-24 11:48:40,2026-01-24 11:48:40,2026-01-24 11:48:40.000000,1,1,3378.25,,,0.0076,24.7531,34.8589,274.4,0,,STDDEV_GT_0.050,True,SINGLE_READING;,9,day9,MATCHED,D9:kml:549,549,549,results.zip/day9.kml,kml_only,4.79593,184.974,548,True,24.7531,34.8589,284.997,,0,284.997,0.15,8433.84,34927.5,False,3407,0.00815361,INTERPOLATED,1095,1115,-28.7516,0.0111464,0
1105,CG6-0640,2026-01-24,1,550,field,CG6-0640|2026-01-24|L1|S550,2026-01-24 11:54:22,2026-01-24 11:54:22,2026-01-24 11:54:22.000000,1,1,3376.16,,,0.0057,24.7521,34.8577,292.7,0,,,True,SINGLE_READING;,9,day9,UNMATCHED_GT_30M,D9:kml:551,551,551,results.zip/day9.kml,kml_only,157.002,162.717,549,False,24.7506,34.8577,290.292,,0,290.292,0.15,8592.84,35051.5,False,3407,0.00815839,INTERPOLATED,1095,1115,-30.8387,0.00995235,0
1106,CG6-0640,2026-01-24,1,551,field,CG6-0640|2026-01-24|L1|S551,2026-01-24 12:09:14,2026-01-24 12:09:14,2026-01-24 12:09:14.000000,1,1,3375.7,,,0.0054,24.7507,34.8578,298.9,0,,,True,SINGLE_READING;,9,day9,MATCHED,D9:kml:551,551,551,results.zip/day9.kml,kml_only,11.3198,220.798,552,True,24.7506,34.8577,290.292,,0,290.292,0.15,8652.87,35197.3,False,3407,0.00817679,INTERPOLATED,1095,1115,-31.2989,0.00979897,0
1107,CG6-0640,2026-01-24,1,552,field,CG6-0640|2026-01-24|L1|S552,2026-01-24 12:14:11,2026-01-24 12:14:11,2026-01-24 12:14:11.000000,1,1,3374.65,,,0.0046,24.7503,34.8557,293.5,0,,,True,SINGLE_READING;,9,day9,MATCHED,D9:wor:552,552,552,results.zip/day9.xlsx,workbook,8.12235,212.016,551,True,24.7502,34.8557,293.256,,0,293.256,0.15,8865.4,35262.3,False,3407,0.0081848,INTERPOLATED,1095,1115,-32.3483,0.00938887,0
1108,CG6-0640,2026-01-24,1,553,field,CG6-0640|2026-01-24|L1|S553,2026-01-24 12:19:33,2026-01-24 12:19:33,2026-01-24 12:19:33.000000,1,1,3373.39,,,0.0078,24.7485,34.8548,283.9,0,,STDDEV_GT_0.050,True,SINGLE_READING;,9,day9,MATCHED,D9:kml:553,553,553,results.zip/day9.kml,kml_only,9.20562,208.05,552,True,24.7484,34.8548,297.136,,0,297.136,0.15,9036.06,35463.4,False,3407,0.00819454,INTERPOLATED,1095,1115,-33.6099,0.0113133,0
1109,CG6-0640,2026-01-24,1,554,field,CG6-0640|2026-01-24|L1|S554,2026-01-24 12:25:55,2026-01-24 12:25:55,2026-01-24 12:25:55.000000,1,1,3372.15,,,0.0055,24.7467,34.8537,288.5,0,,,True,SINGLE_READING;,9,day9,MATCHED,D9:kml:554,554,554,results.zip/day9.kml,kml_only,11.8314,216.558,553,True,24.7466,34.8538,302.086,,0,302.086,0.15,9224.59,35666.7,False,3407,0.00820753,INTERPOLATED,1095,1115,-34.8509,0.00987996,0
1110,CG6-0640,2026-01-24,1,555,field,CG6-0640|2026-01-24|L1|S555,2026-01-24 12:31:06,2026-01-24 12:31:06,2026-01-24 12:31:06.000000,1,1,3370.99,,,0.005,24.7448,34.854,288.1,0,,,True,SINGLE_READING;,9,day9,MATCHED,D9:wor:555,555,555,results.zip/day9.xlsx,workbook,10.0885,204.446,554,True,24.7447,34.854,305.234,,0,305.234,0.15,9309.47,35879.3,False,3407,0.00821925,INTERPOLATED,1095,1115,-36.0063,0.0096206,0
1111,CG6-0640,2026-01-24,1,556,field,CG6-0640|2026-01-24|L1|S556,2026-01-24 12:36:59,2026-01-24 12:36:59,2026-01-24 12:36:59.000000,1,1,3369.83,,,0.0038,24.7443,34.8517,296.1,0,,,True,SINGLE_READING;,9,day9,MATCHED,D9:wor:556,556,556,results.zip/day9.xlsx,workbook,11.8085,186.881,540,True,24.7442,34.8518,310.106,,0,310.106,0.15,9529.73,35946.7,False,3407,0.00823377,INTERPOLATED,1095,1115,-37.1639,0.00906835,0
1112,CG6-0640,2026-01-24,1,557,field,CG6-0640|2026-01-24|L1|S557,2026-01-24 12:43:34,2026-01-24 12:43:34,2026-01-24 12:43:34.000000,1,1,3368.62,,,0.0049,24.744,34.8492,299.7,0,,,True,SINGLE_READING;,9,day9,MATCHED,D9:kml:557,557,557,results.zip/day9.kml,kml_only,3.86448,82.62,540,True,24.7439,34.8492,315.141,,0,315.141,0.15,9770.31,36006.1,False,3407,0.00825157,INTERPOLATED,1095,1115,-38.3776,0.00959679,0
1113,CG6-0640,2026-01-24,1,558,field,CG6-0640|2026-01-24|L1|S558,2026-01-24 12:50:00,2026-01-24 12:50:00,2026-01-24 12:50:00.000000,1,1,3367.19,,,0.0072,24.7423,34.848,305.5,0,,STDDEV_GT_0.050,True,SINGLE_READING;,9,day9,UNMATCHED_GT_30M,D9:wor:539,539,539,results.zip/day9.xlsx,workbook,38.3615,166.556,538,False,24.742,34.8479,319.658,,0,319.658,0.15,9967.09,36202,False,3407,0.00827053,INTERPOLATED,1095,1115,-39.806,0.0109655,0
1114,CG6-0640,2026-01-24,1,555,field,CG6-0640|2026-01-24|L1|S555,2026-01-24 14:45:58,2026-01-24 14:45:58,2026-01-24 14:45:58.000000,1,0,,,,,24.7827,34.9333,119.2,0,GROSS_RANGE_GT_500;TILT_GT_30,,False,NO_ACCEPTED_READING;,9,day9,UNMATCHED_GT_30M,D9:kml:Base 100,Base 100,Base 100,results.zip/day9.kml,kml_only,451.772,7561.52,545,False,24.7867,34.9338,111.811,,0,111.811,0.15,451.879,32080.9,False,3407,0.00886232,INTERPOLATED,1095,1115,,,0
1115,CG6-0640,2026-01-24,0,100,field_base_100,CG6-0640|2026-01-24|L0|S100,2026-01-24 14:51:32,2026-01-24 14:54:32,2026-01-24 14:53:32.000000,4,3,3407,0.00997014,0.00292135,0.00423294,24.7869,34.9338,95.2,0,OVERFLOW_FIELD,STDDEV_GT_0.050,True,,9,day9,MATCHED,D9:kml:Base 100,Base 100,Base 100,results.zip/day9.kml,kml_only,15,,,True,24.7867,34.9338,111.811,,0,111.811,0.15,14.9139,31633,True,3407,0.00423294,AT_CONTROL,1115,1115,0,0.00598628,0
1116,CG6-0640,2026-01-24,0,0,hotel_base_0,CG6-0640|2026-01-24|L0|S0,2026-01-24 17:38:21,2026-01-24 17:41:21,2026-01-24 17:39:51.000000,4,4,3473.08,0.00114023,0.000265312,0.00445512,25.0669,34.8776,27.2,0,,STDDEV_GT_0.050,True,,9,day9,MATCHED,D9:wor:BASE24-01-2026,BASE24-01-2026,BASE24-01-2026,results.zip/day9.xlsx,workbook,17.3076,,,True,25.0668,34.8777,36.501,,0,36.501,0.15,31662.8,17.3071,True,3407.01,0.00889961,AT_CONTROL,1116,1116,66.0736,0.00995244,0
