occ_id,instrument,date,line,station,role,occ_key,t_start,t_end,t_mid,n_readings,n_accepted,g_occ,g_range,g_scatter_se,sigma_occ,lat_cg6,lon_cg6,elev_cg6,cg6_gps_spread_m,reject_reasons,warnings,usable,occ_flags,gnss_day,gnss_file,match_status,gnss_uid,gnss_point_id,gnss_point_id_kml,gnss_source,gnss_source_type,match_dist_m,second_dist_m,second_point_id,id_consistent,lat,lon,h_gnss_original,h_err_reported,day_height_shift_m,h_used,h_sigma_m,dist_to_base100_mark_m,dist_to_hotel_mark_m,valid_control,g100_interp,g100_sigma,drift_mode,ctrl_before,ctrl_after,dg100_mgal,dg100_sigma_mgal,retie_offset_mgal,product_ok,scale_factor_applied,dg100_scaled_mgal,dh_m,normal_gravity_diff_mgal,free_air_term_diff_mgal,dFA_rel_mgal,dSB_rel_rho2.00_mgal,dSB_rel_rho2.20_mgal,dSB_rel_rho2.40_mgal,dSB_rel_rho2.50_mgal,dSB_rel_rho2.60_mgal,dSB_rel_rho2.67_mgal,dSB_rel_rho2.70_mgal,dSB_rel_rho2.80_mgal,dSB_rel_rho3.00_mgal,dFA_sigma_mgal,dSB267_sigma_mgal
4,CG6-0313,2026-01-16,2,1,field,CG6-0313|2026-01-16|L2|S1,2026-01-16 07:13:57,2026-01-16 07:14:57,2026-01-16 07:14:27.000000,2,2,9343.97,0.0472874,0.0236437,0.0236437,24.7847,34.9343,114.2,0,,,True,,1,day1,MATCHED,D1:wor:2-1,2-1,2-1,results.zip/day1.xlsx,workbook,4.92015,221.908,2-2,True,24.7848,34.9343,115.146,0.159,0,115.146,0.15,229.547,31874.9,False,9344.63,0.0532354,INTERPOLATED,3,30,-0.659886,0.0582498,0,True,1.01189,-0.667734,3.376,-0.135372,1.04209,0.509728,0.226617,0.198306,0.169995,0.155839,0.141683,0.131775,0.127528,0.113372,0.0850612,0.074403,0.0652925
5,CG6-0313,2026-01-16,2,2,field,CG6-0313|2026-01-16|L2|S2,2026-01-16 07:20:33,2026-01-16 07:21:33,2026-01-16 07:21:03.000000,2,2,9343.68,0.0213928,0.0106964,0.0106964,24.7827,34.9341,98.9,0,,,True,,1,day1,MATCHED,D1:wor:2-2,2-2,2-2,results.zip/day1.xlsx,workbook,4.28031,174.731,2-3,True,24.7828,34.934,119.294,0.163,0,119.294,0.15,448.145,32091,False,9344.63,0.0532361,INTERPOLATED,3,30,-0.945966,0.0543,0,True,1.01189,-0.957216,7.524,-0.274505,2.32247,1.63976,1.0088,0.945705,0.882609,0.85106,0.819512,0.797429,0.787964,0.756416,0.69332,0.071353,0.0617946
6,CG6-0313,2026-01-16,2,3,field,CG6-0313|2026-01-16|L2|S3,2026-01-16 07:26:00,2026-01-16 07:27:00,2026-01-16 07:26:30.000000,2,2,9343.12,0.000675488,0.000337744,0.00183984,24.7832,34.9324,110.3,0,,,True,,1,day1,MATCHED,D1:wor:2-3,2-3,2-3,results.zip/day1.xlsx,workbook,2.07647,170.334,2-2,True,24.7832,34.9324,121.67,0.148,0,121.67,0.15,412.908,32006.5,False,9344.62,0.0532377,INTERPOLATED,3,30,-1.50504,0.0532695,0,True,1.01189,-1.52294,9.9,-0.242367,3.05588,1.77531,0.945099,0.862077,0.779056,0.737545,0.696034,0.666977,0.654524,0.613013,0.529992,0.0705719,0.060891
7,CG6-0313,2026-01-16,2,4,field,CG6-0313|2026-01-16|L2|S4,2026-01-16 07:32:09,2026-01-16 07:33:09,2026-01-16 07:32:39.000000,2,2,9342.4,0.0239551,0.0119775,0.0119775,24.7835,34.9305,118.1,0,,,True,,1,day1,MATCHED,D1:wor:2-4,2-4,2-4,results.zip/day1.xlsx,workbook,1.93693,193.699,2-3,True,24.7835,34.9305,126.306,0.158,0,126.306,0.15,482.306,31939.9,False,9344.62,0.0532406,INTERPOLATED,3,30,-2.22101,0.0545713,0,True,1.01189,-2.24742,14.536,-0.220639,4.4869,2.46012,1.24113,1.11923,0.997329,0.93638,0.87543,0.832766,0.814481,0.753531,0.631633,0.0715597,0.0620331
8,CG6-0313,2026-01-16,2,5,field,CG6-0313|2026-01-16|L2|S5,2026-01-16 07:37:19,2026-01-16 07:38:19,2026-01-16 07:37:49.000000,2,2,9341.89,0.0123627,0.00618136,0.00618136,24.7825,34.9289,127.6,0,,,True,,1,day1,MATCHED,D1:wor:2-5,2-5,2-5,results.zip/day1.xlsx,workbook,0.960256,196.657,2-6,True,24.7824,34.9289,129.586,0.167,0,129.586,0.15,685.21,32033,False,9344.62,0.0532441,INTERPOLATED,3,30,-2.73078,0.0536017,0,True,1.01189,-2.76326,17.816,-0.295702,5.49935,3.03179,1.53774,1.38834,1.23893,1.16423,1.08953,1.03723,1.01482,0.94012,0.790715,0.0708231,0.0611818
9,CG6-0313,2026-01-16,2,6,field,CG6-0313|2026-01-16|L2|S6,2026-01-16 07:41:46,2026-01-16 07:42:46,2026-01-16 07:42:16.000000,2,2,9341.55,0.0126215,0.00631074,0.00631074,24.7824,34.9269,130.4,0,,,True,,1,day1,MATCHED,D1:wor:2-6,2-6,2-6,results.zip/day1.xlsx,workbook,2.10157,195.92,2-5,True,24.7824,34.9269,132.105,0.155,0,132.105,0.15,840.028,32006.8,False,9344.62,0.0532478,INTERPOLATED,3,30,-3.0625,0.0536204,0,True,1.01189,-3.09892,20.335,-0.299504,6.27689,3.47748,1.77219,1.60166,1.43113,1.34586,1.2606,1.20091,1.17533,1.09007,0.91954,0.0708372,0.0611982
10,CG6-0313,2026-01-16,2,7,field,CG6-0313|2026-01-16|L2|S7,2026-01-16 07:52:11,2026-01-16 07:53:11,2026-01-16 07:52:41.000000,2,2,9340.99,0.00171708,0.00085854,0.00172047,24.7828,34.925,131.4,0,,,True,,1,day1,MATCHED,D1:wor:2-7,2-7,2-7,results.zip/day1.xlsx,workbook,2.43784,173.431,2-8,True,24.7828,34.925,135.288,0.167,0,135.288,0.15,987.677,31937,False,9344.61,0.0532589,INTERPOLATED,3,30,-3.6196,0.0532867,0,True,1.01189,-3.66265,23.518,-0.274304,7.2594,3.87105,1.89883,1.70161,1.50439,1.40578,1.30716,1.23814,1.20855,1.10994,0.912721,0.0705849,0.060906
11,CG6-0313,2026-01-16,2,8,field,CG6-0313|2026-01-16|L2|S8,2026-01-16 07:57:32,2026-01-16 07:58:32,2026-01-16 07:58:02.000000,2,2,9340.67,0.0150376,0.0075188,0.0075188,24.7823,34.9234,131.9,0,,,True,,1,day1,MATCHED,D1:wor:2-8,2-8,2-8,results.zip/day1.xlsx,workbook,3.67891,169.508,2-7,True,24.7823,34.9234,137.605,0.21,0,137.605,0.15,1157.07,31961.4,False,9344.61,0.053266,INTERPOLATED,3,30,-3.93595,0.053794,0,True,1.01189,-3.98275,25.835,-0.305719,7.97459,4.29756,2.13103,1.91438,1.69773,1.5894,1.48108,1.40525,1.37275,1.26442,1.04777,0.0709687,0.0613504
12,CG6-0313,2026-01-16,2,9,field,CG6-0313|2026-01-16|L2|S9,2026-01-16 08:03:02,2026-01-16 08:04:02,2026-01-16 08:03:32.000000,2,2,9339.53,0.0126591,0.00632956,0.00632956,24.781,34.922,138.8,0,,,True,,1,day1,MATCHED,D1:wor:2-9,2-9,2-9,results.zip/day1.xlsx,workbook,0.985496,204.718,2-8,True,24.781,34.922,140.637,0.183,0,140.637,0.15,1352.66,32090.6,False,9344.61,0.0532743,INTERPOLATED,3,30,-5.07105,0.053649,0,True,1.01189,-5.13136,28.867,-0.396194,8.91049,4.17532,1.75453,1.51245,1.27037,1.14933,1.0283,0.943568,0.907256,0.786217,0.544138,0.0708588,0.0612232
13,CG6-0313,2026-01-16,2,10,field,CG6-0313|2026-01-16|L2|S10,2026-01-16 08:07:23,2026-01-16 08:08:23,2026-01-16 08:07:53.000000,2,2,9338.85,0.000923584,0.000461792,0.00188215,24.7812,34.9199,140.25,0,,,True,,1,day1,MATCHED,D1:wor:2-10,2-10,2-10,results.zip/day1.xlsx,workbook,1.47767,183.394,2-11,True,24.7812,34.9199,143.34,0.215,0,143.34,0.15,1525.12,32038.2,False,9344.6,0.0532815,INTERPOLATED,3,30,-5.74836,0.0533147,0,True,1.01189,-5.81672,31.57,-0.381193,9.74482,4.30929,1.66183,1.39709,1.13234,0.999968,0.867595,0.774934,0.735222,0.602849,0.338103,0.0706061,0.0609306
14,CG6-0313,2026-01-16,2,11,field,CG6-0313|2026-01-16|L2|S11,2026-01-16 08:11:33,2026-01-16 08:12:33,2026-01-16 08:12:03.000000,2,2,9338.51,0.0119068,0.00595341,0.00595341,24.7807,34.9182,134.2,0,,,True,,1,day1,MATCHED,D1:wor:2-11,2-11,2-11,results.zip/day1.xlsx,workbook,4.85861,182.731,2-10,True,24.7807,34.9182,146.076,0.22,0,146.076,0.15,1708.29,32072.2,False,9344.6,0.053289,INTERPOLATED,3,30,-6.09274,0.0536205,0,True,1.01189,-6.1652,34.306,-0.413821,10.5893,4.83797,1.96107,1.67338,1.38569,1.24184,1.098,0.997304,0.95415,0.810305,0.522615,0.0708373,0.0611983
15,CG6-0313,2026-01-16,2,12,field,CG6-0313|2026-01-16|L2|S12,2026-01-16 08:16:26,2026-01-16 08:17:26,2026-01-16 08:16:56.000000,2,2,9338.25,0.016813,0.00840652,0.00840652,24.7813,34.9164,143.95,0,,,True,,1,day1,MATCHED,D1:wor:2-12,2-12,2-12,results.zip/day1.xlsx,workbook,0.682707,195.393,2-11,True,24.7813,34.9164,149.74,0.159,0,149.74,0.15,1857.45,31982.2,False,9344.6,0.0532986,INTERPOLATED,3,30,-6.35336,0.0539574,0,True,1.01189,-6.42891,37.97,-0.375564,11.7203,5.66697,2.4828,2.16439,1.84597,1.68676,1.52755,1.41611,1.36834,1.20914,0.89072,0.0710927,0.0614937
16,CG6-0313,2026-01-16,2,13,field,CG6-0313|2026-01-16|L2|S13,2026-01-16 08:21:15,2026-01-16 08:25:24,2026-01-16 08:23:19.500000,4,4,9337.82,0.0248023,0.00582504,0.00582504,24.7802,34.9148,152.1,0,,STDDEV_GT_0.050,True,,1,day1,MATCHED,D1:wor:2-13,2-13,2-13,results.zip/day1.xlsx,workbook,4.61427,195.063,2-14,True,24.7801,34.9148,153.354,0.193,0,153.354,0.15,2047.02,32088.2,False,9344.6,0.0533122,INTERPOLATED,3,30,-6.77612,0.0536295,0,True,1.01189,-6.8567,41.584,-0.454617,12.8359,6.43376,2.94653,2.59781,2.24908,2.07472,1.90036,1.77831,1.726,1.55164,1.20291,0.0708441,0.0612062
17,CG6-0313,2026-01-16,2,14,field,CG6-0313|2026-01-16|L2|S14,2026-01-16 08:29:36,2026-01-16 08:30:36,2026-01-16 08:30:06.000000,2,2,9337.51,0.00773262,0.00386631,0.00386631,24.7789,34.9134,145.8,0,,,True,,1,day1,MATCHED,D1:wor:2-14,2-14,2-14,results.zip/day1.xlsx,workbook,1.53657,191.476,2-13,True,24.7789,34.9134,156.229,0.172,0,156.229,0.15,2227.96,32209.3,False,9344.59,0.0533281,INTERPOLATED,3,30,-7.07885,0.0534681,0,True,1.01189,-7.16303,44.459,-0.536926,13.7233,7.09717,3.36884,2.99601,2.62317,2.43676,2.25034,2.11985,2.06392,1.87751,1.50467,0.070722,0.0610648
18,CG6-0313,2026-01-16,2,15,field,CG6-0313|2026-01-16|L2|S15,2026-01-16 08:33:56,2026-01-16 08:34:56,2026-01-16 08:34:26.000000,2,2,9337.4,0.0882854,0.0441427,0.0441427,24.7784,34.9116,152.5,0,,TWO_READINGS_DIFFER,True,,1,day1,MATCHED,D1:wor:2-15,2-15,2-15,results.zip/day1.xlsx,workbook,1.25689,192.131,2-14,True,24.7784,34.9116,159.206,0.201,0,159.206,0.15,2418.75,32245.1,False,9344.59,0.0533391,INTERPOLATED,3,30,-7.19503,0.0692361,0,True,1.01189,-7.2806,47.436,-0.572271,14.6422,7.93386,3.95588,3.55808,3.16028,2.96138,2.76248,2.62325,2.56358,2.36468,1.96688,0.0832851,0.0752576
19,CG6-0313,2026-01-16,2,16,field,CG6-0313|2026-01-16|L2|S16,2026-01-16 08:40:08,2026-01-16 08:41:08,2026-01-16 08:40:38.000000,2,2,9336.6,0.00441122,0.00220561,0.00220561,24.7774,34.9101,159.1,0,,,True,,1,day1,MATCHED,D1:wor:2-16,2-16,2-16,results.zip/day1.xlsx,workbook,6.49004,189.519,2-15,True,24.7773,34.9101,161.616,0.179,0,161.616,0.15,2603.42,32342.8,False,9344.59,0.0533559,INTERPOLATED,3,30,-7.99019,0.0534014,0,True,1.01189,-8.08521,49.846,-0.6469,15.3861,7.94777,3.76768,3.34967,2.93166,2.72266,2.51366,2.36735,2.30465,2.09565,1.67764,0.0706716,0.0610065
20,CG6-0313,2026-01-16,2,17,field,CG6-0313|2026-01-16|L2|S17,2026-01-16 08:46:07,2026-01-16 08:47:07,2026-01-16 08:46:37.000000,2,2,9336.23,0.0021361,0.00106805,0.00174141,24.7758,34.9092,157.7,0,,,True,,1,day1,MATCHED,D1:wor:2-17,2-17,2-17,results.zip/day1.xlsx,workbook,4.64277,182.828,2-18,True,24.7758,34.9092,164.247,0.195,0,164.247,0.15,2758.14,32509.8,False,9344.59,0.0533732,INTERPOLATED,3,30,-8.35419,0.0534016,0,True,1.01189,-8.45355,52.477,-0.753376,16.1982,8.49802,4.0973,3.65722,3.21715,2.99711,2.77708,2.62305,2.55704,2.33701,1.89693,0.0706718,0.0610066
21,CG6-0313,2026-01-16,2,18,field,CG6-0313|2026-01-16|L2|S18,2026-01-16 08:51:36,2026-01-16 08:52:36,2026-01-16 08:52:06.000000,2,2,9335.88,0.00664123,0.00332061,0.00332061,24.7746,34.908,147.8,0,,,True,,1,day1,MATCHED,D1:wor:2-18,2-18,2-18,results.zip/day1.xlsx,workbook,8.05063,180.244,2-17,True,24.7747,34.9079,166.907,0.186,0,166.907,0.15,2932.83,32628.8,False,9344.58,0.0533902,INTERPOLATED,3,30,-8.7013,0.0534933,0,True,1.01189,-8.80478,55.137,-0.82947,17.0192,9.04393,4.42014,3.95776,3.49538,3.26419,3.03301,2.87117,2.80182,2.57063,2.10825,0.0707411,0.0610869
22,CG6-0313,2026-01-16,2,19,field,CG6-0313|2026-01-16|L2|S19,2026-01-16 08:57:07,2026-01-16 09:04:17,2026-01-16 09:00:47.666666,6,0,,,,,24.7723,34.9054,176.2,0,REPEAT_OUTLIER,STDDEV_GT_0.050,False,NO_ACCEPTED_READING;,1,day1,MATCHED,D1:wor:2-19,2-19,2-19,results.zip/day1.xlsx,workbook,3.73412,209.972,2-20,True,24.7723,34.9054,172.865,0.174,0,172.865,0.15,3276.94,32857,False,9344.58,0.053419,INTERPOLATED,3,30,,,0,False,1.01189,,61.095,-0.991086,18.8583,,,,,,,,,,,,
23,CG6-0313,2026-01-16,2,20,field,CG6-0313|2026-01-16|L2|S20,2026-01-16 09:08:51,2026-01-16 09:09:51,2026-01-16 09:09:21.000000,2,2,9334.98,0.000628682,0.000314341,0.0041003,24.771,34.9041,172.55,0,,STDDEV_GT_0.050,True,,1,day1,MATCHED,D1:wor:2-20,2-20,2-20,results.zip/day1.xlsx,workbook,4.31558,187.74,2-21,True,24.7709,34.9041,175.93,0.194,0,175.93,0.15,3471.96,32998.8,False,9344.57,0.0534498,INTERPOLATED,3,30,-9.596,0.0536068,0,True,1.01189,-9.71012,64.16,-1.08602,19.8044,11.1803,5.7998,5.26176,4.72371,4.45469,4.18566,3.99735,3.91664,3.64762,3.10957,0.070827,0.0611863
24,CG6-0313,2026-01-16,2,21,field,CG6-0313|2026-01-16|L2|S21,2026-01-16 09:14:56,2026-01-16 09:15:56,2026-01-16 09:15:26.000000,2,2,9334.27,0.0129474,0.00647371,0.00647371,24.7694,34.9034,174.3,0,,,True,,1,day1,MATCHED,D1:wor:2-21,2-21,2-21,results.zip/day1.xlsx,workbook,3.35809,181.721,2-20,True,24.7694,34.9034,178.541,0.218,0,178.541,0.15,3618.62,33166.4,False,9344.57,0.0534731,INTERPOLATED,3,30,-10.3056,0.0538636,0,True,1.01189,-10.4282,66.771,-1.19194,20.6103,11.374,5.77463,5.21469,4.65474,4.37477,4.0948,3.89882,3.81483,3.53486,2.97492,0.0710215,0.0614114
25,CG6-0313,2026-01-16,2,22,field,CG6-0313|2026-01-16|L2|S22,2026-01-16 09:21:44,2026-01-16 09:22:44,2026-01-16 09:22:14.000000,2,2,9333.73,0.0073214,0.0036607,0.0036607,24.7703,34.9013,178.8,0,,,True,,1,day1,MATCHED,D1:wor:2-22,2-22,2-22,results.zip/day1.xlsx,workbook,4.3041,202.1,2-23,True,24.7702,34.9013,182.258,0.328,0,182.258,0.15,3755.52,33053.2,False,9344.57,0.0535006,INTERPOLATED,3,30,-10.8371,0.0536257,0,True,1.01189,-10.966,70.488,-1.13391,21.7576,11.9255,6.0144,5.42329,4.83218,4.53662,4.24106,4.03418,3.94551,3.64995,3.05884,0.0708412,0.0612029
26,CG6-0313,2026-01-16,2,23,field,CG6-0313|2026-01-16|L2|S23,2026-01-16 09:27:07,2026-01-16 09:28:07,2026-01-16 09:27:37.000000,2,2,9333.82,0.0261987,0.0130993,0.0130993,24.7711,34.8995,179.4,0,,,True,,1,day1,MATCHED,D1:wor:2-23,2-23,2-23,results.zip/day1.xlsx,workbook,1.9259,186.202,2-24,True,24.7711,34.8995,184.984,0.349,0,184.984,0.15,3866.48,32945.3,False,9344.57,0.0535234,INTERPOLATED,3,30,-10.7426,0.0551031,0,True,1.01189,-10.8703,73.214,-1.07241,22.599,12.8011,6.66138,6.04741,5.43343,5.12645,4.81946,4.60457,4.51248,4.20549,3.59152,0.0719661,0.0625014
27,CG6-0313,2026-01-16,2,24,field,CG6-0313|2026-01-16|L2|S24,2026-01-16 09:35:50,2026-01-16 09:36:50,2026-01-16 09:36:20.000000,2,2,9334.16,0.06123,0.030615,0.030615,24.7714,34.8977,167.5,0,,TWO_READINGS_DIFFER,True,,1,day1,MATCHED,D1:wor:2-24,2-24,2-24,results.zip/day1.xlsx,workbook,2.82631,185.506,2-23,True,24.7714,34.8977,187.14,0.346,0,187.14,0.15,4019.82,32903.8,False,9344.56,0.0535624,INTERPOLATED,3,30,-10.4,0.0616945,0,True,1.01189,-10.5237,75.37,-1.05223,23.2645,13.7931,7.47253,6.84048,6.20843,5.8924,5.57637,5.35516,5.26035,4.94432,4.31227,0.0771296,0.0683833
28,CG6-0313,2026-01-16,2,25,field,CG6-0313|2026-01-16|L2|S25,2026-01-16 09:41:14,2026-01-16 09:42:14,2026-01-16 09:41:44.000000,2,2,9333.93,0.00904851,0.00452426,0.00452426,24.7719,34.8957,171,0,,,True,,1,day1,MATCHED,D1:wor:2-25,2-25,2-25,results.zip/day1.xlsx,workbook,2.04003,210.118,2-24,True,24.7719,34.8957,189.525,0.518,0,189.525,0.15,4181.18,32836.5,False,9344.56,0.0535877,INTERPOLATED,3,30,-10.6285,0.0537784,0,True,1.01189,-10.7549,77.755,-1.02019,24.0007,14.266,7.74545,7.09339,6.44134,6.11531,5.78929,5.56107,5.46326,5.13723,4.48518,0.0709569,0.0613367
29,CG6-0313,2026-01-16,2,26,field,CG6-0313|2026-01-16|L2|S26,2026-01-16 09:48:17,2026-01-16 09:49:17,2026-01-16 09:48:47.000000,2,2,9334.5,0.00297171,0.00148586,0.00304179,24.7713,34.8931,177.7,0,,,True,,1,day1,MATCHED,D1:wor:2-26,2-26,2-26,results.zip/day1.xlsx,workbook,3.88218,207.786,3-1,True,24.7713,34.8931,192.723,0.328,0,192.723,0.15,4452.48,32888.4,False,9344.56,0.0536222,INTERPOLATED,3,30,-10.0538,0.0537084,0,True,1.01189,-10.1733,80.953,-1.06226,24.9878,15.8767,9.08797,8.4091,7.73023,7.39079,7.05136,6.81375,6.71192,6.37249,5.69361,0.0709039,0.0612754
32,CG6-0313,2026-01-16,3,1,field,CG6-0313|2026-01-16|L3|S1,2026-01-16 11:25:26,2026-01-16 11:26:26,2026-01-16 11:25:56.000000,2,2,9334.21,0.0187231,0.00936157,0.00936157,24.7715,34.891,187.35,0.302891,,,True,,1,day1,MATCHED,D1:wor:3-1,3-1,3-1,results.zip/day1.xlsx,workbook,7.11669,191.994,3-2,True,24.7716,34.891,196.219,0.293,0,196.219,0.15,4631.87,32855.6,False,9344.57,0.0533875,INTERPOLATED,31,64,-10.3573,0.0542021,0,True,1.01189,-10.4805,84.449,-1.04106,26.0669,16.6274,9.54552,8.83733,8.12914,7.77505,7.42095,7.17309,7.06686,6.71276,6.00457,0.0712785,0.0617085
33,CG6-0313,2026-01-16,3,2,field,CG6-0313|2026-01-16|L3|S2,2026-01-16 11:30:54,2026-01-16 11:31:54,2026-01-16 11:31:24.000000,2,2,9334.06,0.0126796,0.00633979,0.00633979,24.7715,34.8892,167.8,2.90391,,,True,,1,day1,MATCHED,D1:wor:3-2,3-2,3-2,results.zip/day1.xlsx,workbook,10.0045,183.476,3-1,True,24.7715,34.8891,198.601,0.372,0,198.601,0.15,4807.45,32856,False,9344.57,0.0533824,INTERPOLATED,31,64,-10.5149,0.0537576,0,True,1.01189,-10.64,86.831,-1.04527,26.8021,17.2074,9.92573,9.19756,8.4694,8.10532,7.74124,7.48638,7.37715,7.01307,6.28491,0.0709411,0.0613185
34,CG6-0313,2026-01-16,3,3,field,CG6-0313|2026-01-16|L3|S3,2026-01-16 11:35:39,2026-01-16 11:36:39,2026-01-16 11:36:09.000000,2,2,9333.39,0.00628287,0.00314144,0.00314144,24.7716,34.8872,156.2,0,,,True,,1,day1,MATCHED,D1:wor:3-3,3-3,3-3,results.zip/day1.xlsx,workbook,12.8134,194.994,3-2,True,24.7717,34.8871,201.391,0.409,0,201.391,0.15,4991.44,32834.6,False,9344.57,0.0533789,INTERPOLATED,31,64,-11.1792,0.0534713,0,True,1.01189,-11.3122,89.621,-1.03538,27.6633,17.3865,9.87085,9.11929,8.36773,7.99194,7.61616,7.35312,7.24038,6.8646,6.11304,0.0707244,0.0610676
35,CG6-0313,2026-01-16,3,4,field,CG6-0313|2026-01-16|L3|S4,2026-01-16 11:40:33,2026-01-16 11:41:33,2026-01-16 11:41:03.000000,2,2,9333.06,0.0397874,0.0198937,0.0198937,24.7719,34.8854,135.7,0,,,True,,1,day1,MATCHED,D1:wor:3-4,3-4,3-4,results.zip/day1.xlsx,workbook,20.9042,173.89,3-3,True,24.7721,34.8853,204.275,0.41,0,204.275,0.15,5150.01,32792.1,False,9344.57,0.0533761,INTERPOLATED,31,64,-11.5065,0.0569629,0,True,1.01189,-11.6433,92.505,-1.00874,28.5534,17.9189,10.1614,9.38565,8.6099,8.22203,7.83415,7.56264,7.44628,7.05841,6.28266,0.0733998,0.0641471
36,CG6-0313,2026-01-16,3,5,field,CG6-0313|2026-01-16|L3|S5,2026-01-16 11:45:50,2026-01-16 11:46:50,2026-01-16 11:46:20.000000,2,2,9332.41,0.00409336,0.00204668,0.00204668,24.7726,34.8836,169.9,0,,,True,,1,day1,MATCHED,D1:wor:3-5,3-5,3-5,results.zip/day1.xlsx,workbook,11.9807,176.47,3-4,True,24.7727,34.8835,206.634,0.532,0,206.634,0.15,5299.69,32714,False,9344.57,0.0533741,INTERPOLATED,31,64,-12.1542,0.0534133,0,True,1.01189,-12.2988,94.864,-0.968244,29.2816,17.9511,9.99576,9.20023,8.4047,8.00693,7.60917,7.33073,7.2114,6.81364,6.01811,0.0706806,0.0610169
37,CG6-0313,2026-01-16,3,6,field,CG6-0313|2026-01-16|L3|S6,2026-01-16 11:50:40,2026-01-16 11:51:40,2026-01-16 11:51:10.000000,2,2,9331.93,0.0145999,0.00729994,0.00729994,24.7732,34.8817,190.25,0.807697,,,True,,1,day1,MATCHED,D1:wor:3-6,3-6,3-6,results.zip/day1.xlsx,workbook,4.79346,192.641,3-5,True,24.7732,34.8817,208.991,0.53,0,208.991,0.15,5463.2,32639.9,False,9344.57,0.0533731,INTERPOLATED,31,64,-12.6404,0.05387,0,True,1.01189,-12.7907,97.221,-0.929737,30.0091,18.1481,9.99514,9.17984,8.36455,7.9569,7.54925,7.2639,7.14161,6.73396,5.91866,0.0710263,0.061417
38,CG6-0313,2026-01-16,3,7,field,CG6-0313|2026-01-16|L3|S7,2026-01-16 11:55:21,2026-01-16 11:56:21,2026-01-16 11:55:51.000000,2,2,9331.56,0.0335928,0.0167964,0.0167964,24.7737,34.8798,201.4,0,,,True,,1,day1,MATCHED,D1:wor:3-7,3-7,3-7,results.zip/day1.xlsx,workbook,5.15278,194.034,3-8,True,24.7737,34.8798,211.493,0.429,0,211.493,0.15,5632.89,32586.8,False,9344.57,0.0533729,INTERPOLATED,31,64,-13.0057,0.0559534,0,True,1.01189,-13.1603,99.723,-0.898553,30.7814,18.5196,10.1568,9.32053,8.48425,8.06611,7.64797,7.35528,7.22983,6.8117,5.97542,0.0726192,0.0632524
39,CG6-0313,2026-01-16,3,8,field,CG6-0313|2026-01-16|L3|S8,2026-01-16 12:00:39,2026-01-16 12:01:39,2026-01-16 12:01:09.000000,2,2,9331.1,0.0270835,0.0135417,0.0135417,24.7743,34.8781,205.8,0,,,True,,1,day1,MATCHED,D1:wor:3-8,3-8,3-8,results.zip/day1.xlsx,workbook,5.82212,188.25,3-7,True,24.7742,34.878,214.038,0.455,0,214.038,0.15,5790.96,32524.2,False,9344.57,0.0533737,INTERPOLATED,31,64,-13.4633,0.0550647,0,True,1.01189,-13.6234,102.268,-0.858922,31.5669,18.8024,10.2262,9.3686,8.51098,8.08217,7.65336,7.35319,7.22455,6.79574,5.93812,0.0719367,0.0624676
40,CG6-0313,2026-01-16,3,9,field,CG6-0313|2026-01-16|L3|S9,2026-01-16 12:08:14,2026-01-16 12:09:14,2026-01-16 12:08:44.000000,2,2,9330.72,0.0194319,0.00971597,0.00971597,24.7748,34.8761,208.3,0,,,True,,1,day1,MATCHED,D1:wor:3-9,3-9,3-9,results.zip/day1.xlsx,workbook,3.63753,207.481,3-8,True,24.7748,34.876,217.003,0.392,0,217.003,0.15,5974.17,32463,False,9344.57,0.0533765,INTERPOLATED,31,64,-13.8421,0.0542535,0,True,1.01189,-14.0068,105.233,-0.820485,32.4821,19.2958,10.471,9.58849,8.706,8.26476,7.82352,7.51465,7.38228,6.94104,6.05855,0.0713177,0.0617537
41,CG6-0313,2026-01-16,3,3,field,CG6-0313|2026-01-16|L3|S3,2026-01-16 12:14:59,2026-01-16 12:14:59,2026-01-16 12:14:59.000000,1,1,9329.93,,,0.0028,24.7755,34.874,215.2,0,,,True,SINGLE_READING;,1,day1,MATCHED,D1:wor:3-10,3-10,3-10,results.zip/day1.xlsx,workbook,1.5406,186.456,3-11,False,24.7755,34.874,221.005,0.328,0,221.005,0.15,6159.81,32390.9,False,9344.57,0.0533803,INTERPOLATED,31,64,-14.6386,0.0534537,0,True,1.01189,-14.8127,109.235,-0.773502,33.7173,19.6782,10.5177,9.60166,8.68562,8.22759,7.76957,7.44896,7.31155,6.85353,5.93748,0.0707111,0.0610522
42,CG6-0313,2026-01-16,3,10,field,CG6-0313|2026-01-16|L3|S10,2026-01-16 12:18:21,2026-01-16 12:19:21,2026-01-16 12:18:51.000000,2,2,9329.91,0.00514383,0.00257192,0.00257192,24.7755,34.874,215.4,0,,,True,,1,day1,MATCHED,D1:wor:3-10,3-10,3-10,results.zip/day1.xlsx,workbook,1.5406,186.456,3-11,True,24.7755,34.874,221.005,0.328,0,221.005,0.15,6159.81,32390.9,False,9344.56,0.0533834,INTERPOLATED,31,64,-14.6556,0.0534453,0,True,1.01189,-14.8299,109.235,-0.773502,33.7173,19.661,10.5005,9.5845,8.66846,8.21043,7.75241,7.4318,7.29439,6.83637,5.92032,0.0707048,0.0610449
43,CG6-0313,2026-01-16,3,11,field,CG6-0313|2026-01-16|L3|S11,2026-01-16 12:23:24,2026-01-16 12:24:24,2026-01-16 12:23:54.000000,2,2,9329.07,0.0133302,0.00666511,0.00666511,24.776,34.8723,212.3,0,,,True,,1,day1,MATCHED,D1:wor:3-11,3-11,3-11,results.zip/day1.xlsx,workbook,1.90213,176.252,3-12,True,24.776,34.8723,224.065,0.419,0,224.065,0.15,6321.98,32338.7,False,9344.56,0.0533882,INTERPOLATED,31,64,-15.4962,0.0538027,0,True,1.01189,-15.6805,112.295,-0.740343,34.6618,19.7217,10.3046,9.36291,8.4212,7.95035,7.4795,7.1499,7.00865,6.53779,5.59609,0.0709753,0.061358
44,CG6-0313,2026-01-16,3,12,field,CG6-0313|2026-01-16|L3|S12,2026-01-16 12:28:18,2026-01-16 12:29:18,2026-01-16 12:28:48.000000,2,2,9328.64,0.00838393,0.00419197,0.00419197,24.7764,34.8706,224.7,0,,,True,,1,day1,MATCHED,D1:wor:3-12,3-12,3-12,results.zip/day1.xlsx,workbook,2.1339,172.402,3-11,True,24.7764,34.8706,227.268,0.428,0,227.268,0.15,6476.71,32291.7,False,9344.56,0.0533938,INTERPOLATED,31,64,-15.9191,0.0535581,0,True,1.01189,-16.1084,115.498,-0.709213,35.6505,20.2512,10.5656,9.59701,8.62845,8.14416,7.65988,7.32088,7.1756,6.69131,5.72275,0.07079,0.0611436
45,CG6-0313,2026-01-16,3,13,field,CG6-0313|2026-01-16|L3|S13,2026-01-16 12:33:18,2026-01-16 12:34:18,2026-01-16 12:33:48.000000,2,2,9327.95,0.0057007,0.00285035,0.00285035,24.7766,34.8687,221.75,0,,,True,,1,day1,MATCHED,D1:wor:3-13,3-13,3-13,results.zip/day1.xlsx,workbook,2.91356,184.65,3-14,True,24.7765,34.8686,231.163,0.407,0,231.163,0.15,6669.09,32281.7,False,9344.56,0.0534003,INTERPOLATED,31,64,-16.6142,0.0534763,0,True,1.01189,-16.8118,119.393,-0.701475,36.8527,20.7424,10.7301,9.72888,8.72765,8.22704,7.72642,7.37599,7.22581,6.72519,5.72396,0.0707282,0.061072
46,CG6-0313,2026-01-16,3,14,field,CG6-0313|2026-01-16|L3|S14,2026-01-16 12:38:08,2026-01-16 12:39:08,2026-01-16 12:38:38.000000,2,2,9327.3,0.00468495,0.00234248,0.00234248,24.7771,34.8669,224.05,0,,,True,,1,day1,MATCHED,D1:wor:3-14,3-14,3-14,results.zip/day1.xlsx,workbook,5.68212,181.078,3-13,True,24.777,34.8669,234.449,0.321,0,234.449,0.15,6830.83,32231.3,False,9344.56,0.0534075,INTERPOLATED,31,64,-17.2662,0.0534588,0,True,1.01189,-17.4715,122.679,-0.668057,37.867,21.0635,10.7756,9.74684,8.71805,8.20366,7.68927,7.32919,7.17487,6.66048,5.63169,0.070715,0.0610567
47,CG6-0313,2026-01-16,3,15,field,CG6-0313|2026-01-16|L3|S15,2026-01-16 12:43:16,2026-01-16 12:44:16,2026-01-16 12:43:46.000000,2,2,9326.83,0.0387327,0.0193663,0.0193663,24.7776,34.865,228.6,0,,,True,,1,day1,MATCHED,D1:wor:3-15,3-15,3-15,results.zip/day1.xlsx,workbook,3.51486,194.251,3-16,True,24.7776,34.8649,238.077,0.338,0,238.077,0.15,7020.01,32177.8,False,9344.56,0.053416,INTERPOLATED,31,64,-17.7336,0.0568183,0,True,1.01189,-17.9445,126.307,-0.62886,38.9868,21.6711,11.079,10.0198,8.96055,8.43094,7.90134,7.53061,7.37173,6.84213,5.78292,0.0732877,0.0640187
48,CG6-0313,2026-01-16,3,16,field,CG6-0313|2026-01-16|L3|S16,2026-01-16 12:47:59,2026-01-16 12:48:59,2026-01-16 12:48:29.000000,2,2,9326.42,0.0060503,0.00302515,0.00302515,24.7779,34.8631,224.25,0,,,True,,1,day1,MATCHED,D1:wor:3-16,3-16,3-16,results.zip/day1.xlsx,workbook,2.6105,188.327,3-17,True,24.7778,34.863,241.181,0.317,0,241.181,0.15,7204.32,32157.7,False,9344.56,0.0534247,INTERPOLATED,31,64,-18.1429,0.0535102,0,True,1.01189,-18.3586,129.411,-0.611426,39.9448,22.1976,11.3452,10.26,9.17474,8.63212,8.0895,7.70966,7.54688,7.00425,5.91901,0.0707539,0.0611017
49,CG6-0313,2026-01-16,3,17,field,CG6-0313|2026-01-16|L3|S17,2026-01-16 12:53:15,2026-01-16 12:54:15,2026-01-16 12:53:45.000000,2,2,9325.87,0.0052304,0.0026152,0.0026152,24.7786,34.8614,232.55,0,,,True,,1,day1,MATCHED,D1:wor:3-17,3-17,3-17,results.zip/day1.xlsx,workbook,5.49371,186.203,3-16,True,24.7786,34.8614,244.581,0.385,0,244.581,0.15,7357.67,32078.9,False,9344.56,0.0534353,INTERPOLATED,31,64,-18.693,0.0534992,0,True,1.01189,-18.9153,132.811,-0.559582,40.9943,22.6386,11.501,10.3873,9.27354,8.71666,8.15978,7.76997,7.60291,7.04603,5.93228,0.0707455,0.0610921
50,CG6-0313,2026-01-16,3,18,field,CG6-0313|2026-01-16|L3|S18,2026-01-16 12:58:13,2026-01-16 12:59:13,2026-01-16 12:58:43.000000,2,2,9325.53,0.00588917,0.00294459,0.00294459,24.7787,34.8594,233.8,0,,,True,,1,day1,MATCHED,D1:wor:3-18,3-18,3-18,results.zip/day1.xlsx,workbook,1.13696,166.134,3-19,True,24.7787,34.8594,248.064,0.293,0,248.064,0.15,7560.75,32078.6,False,9344.56,0.0534462,INTERPOLATED,31,64,-19.0291,0.0535272,0,True,1.01189,-19.2554,136.294,-0.549986,42.0693,23.3639,11.9343,10.7913,9.64838,9.0769,8.50542,8.10538,7.93394,7.36246,6.21949,0.0707667,0.0611166
51,CG6-0313,2026-01-16,3,19,field,CG6-0313|2026-01-16|L3|S19,2026-01-16 13:05:24,2026-01-16 13:06:24,2026-01-16 13:05:54.000000,2,2,9324.9,0.0416811,0.0208406,0.0208406,24.78,34.8585,231.3,0,,,True,,1,day1,MATCHED,D1:wor:3-19,3-19,3-19,results.zip/day1.xlsx,workbook,4.60163,168.534,3-18,True,24.78,34.8585,251.581,0.324,0,251.581,0.15,7630.19,31939.7,False,9344.56,0.0534635,INTERPOLATED,31,64,-19.6607,0.0573818,0,True,1.01189,-19.8945,139.811,-0.462872,43.1549,23.7232,11.9987,10.8262,9.65377,9.06755,8.48132,8.07096,7.89509,7.30886,6.13641,0.0737254,0.0645194
52,CG6-0313,2026-01-16,3,20,field,CG6-0313|2026-01-16|L3|S20,2026-01-16 13:10:26,2026-01-16 13:11:26,2026-01-16 13:10:56.000000,2,2,9324.08,0.0540406,0.0270203,0.0270203,24.7814,34.8571,233.1,0,,STDDEV_GT_0.050;TWO_READINGS_DIFFER,True,,1,day1,MATCHED,D1:wor:3-20,3-20,3-20,results.zip/day1.xlsx,workbook,5.0272,169.086,3-21,True,24.7814,34.8571,255.53,0.345,0,255.53,0.15,7760.93,31798.3,False,9344.56,0.0534767,INTERPOLATED,31,64,-20.4814,0.0599154,0,True,1.01189,-20.725,143.76,-0.370364,44.3737,24.0191,11.9634,10.7578,9.55222,8.94943,8.34665,7.9247,7.74386,7.14108,5.9355,0.0757141,0.0667827
53,CG6-0313,2026-01-16,3,21,field,CG6-0313|2026-01-16|L3|S21,2026-01-16 13:15:12,2026-01-16 13:16:12,2026-01-16 13:15:42.000000,2,2,9323.41,0.0104382,0.0052191,0.0052191,24.781,34.8555,234.45,0,,,True,,1,day1,MATCHED,D1:wor:3-21,3-21,3-21,results.zip/day1.xlsx,workbook,5.27785,161.544,3-20,True,24.781,34.8555,258.8,0.235,0,258.8,0.15,7923.33,31848.2,False,9344.56,0.0534901,INTERPOLATED,31,64,-21.1519,0.0537441,0,True,1.01189,-21.4034,147.03,-0.394088,45.383,24.3737,12.0437,10.8107,9.57775,8.96125,8.34476,7.91321,7.72826,7.11176,5.87877,0.0709309,0.0613066
54,CG6-0313,2026-01-16,3,22,field,CG6-0313|2026-01-16|L3|S22,2026-01-16 13:20:07,2026-01-16 13:21:07,2026-01-16 13:20:37.000000,2,2,9322.55,0.00311573,0.00155787,0.00155787,24.7808,34.8535,242.7,0,,,True,,1,day1,MATCHED,D1:wor:3-22,3-22,3-22,results.zip/day1.xlsx,workbook,5.92889,181.592,3-23,True,24.7808,34.8534,262.652,0.263,0,262.652,0.15,8133.17,31886.3,False,9344.56,0.0535047,INTERPOLATED,31,64,-22.0071,0.0535273,0,True,1.01189,-22.2689,150.882,-0.409247,46.572,24.7123,12.0594,10.7941,9.52879,8.89614,8.26349,7.82064,7.63085,6.9982,5.7329,0.0707668,0.0611167
55,CG6-0313,2026-01-16,3,23,field,CG6-0313|2026-01-16|L3|S23,2026-01-16 13:25:15,2026-01-16 13:26:15,2026-01-16 13:25:45.000000,2,2,9322.11,0.0079084,0.0039542,0.0039542,24.7819,34.852,241.5,0,,,True,,1,day1,MATCHED,D1:wor:3-23,3-23,3-23,results.zip/day1.xlsx,workbook,6.14658,185.133,3-22,True,24.7818,34.852,265.602,0.333,0,265.602,0.15,8268.91,31784.7,False,9344.56,0.0535208,INTERPOLATED,31,64,-22.4421,0.0536667,0,True,1.01189,-22.709,153.832,-0.339477,47.4825,25.113,12.2126,10.9226,9.63253,8.98751,8.34249,7.89098,7.69748,7.05246,5.76242,0.0708723,0.0612388
56,CG6-0313,2026-01-16,3,24,field,CG6-0313|2026-01-16|L3|S24,2026-01-16 13:31:41,2026-01-16 13:32:41,2026-01-16 13:32:11.000000,2,2,9321.5,0.0271605,0.0135802,0.0135802,24.7823,34.8502,246.9,0,,,True,,1,day1,MATCHED,D1:wor:3-24,3-24,3-24,results.zip/day1.xlsx,workbook,13.1167,190.709,3-23,True,24.7822,34.8501,269.871,0.338,0,269.871,0.15,8449.45,31749.8,False,9344.56,0.0535424,INTERPOLATED,31,64,-23.0531,0.0552378,0,True,1.01189,-23.3272,158.101,-0.311128,48.8001,25.7841,12.5257,11.1999,9.87403,9.21112,8.5482,8.08416,7.88528,7.22236,5.89653,0.0720693,0.0626202
57,CG6-0313,2026-01-16,3,25,field,CG6-0313|2026-01-16|L3|S25,2026-01-16 13:36:05,2026-01-16 13:37:05,2026-01-16 13:36:35.000000,2,2,9320.7,0.00116126,0.000580628,0.00174929,24.7822,34.8483,245.3,0,,,True,,1,day1,MATCHED,D1:wor:3-25,3-25,3-25,results.zip/day1.xlsx,workbook,8.3806,184.76,3-24,True,24.7821,34.8483,273.862,0.407,0,273.862,0.15,8642.62,31782.1,False,9344.55,0.053558,INTERPOLATED,31,64,-23.8556,0.0535866,0,True,1.01189,-24.1393,162.092,-0.318983,50.032,26.2117,12.6187,11.2593,9.90005,9.22039,8.54074,8.06499,7.86109,7.18144,5.82214,0.0708116,0.0611686
58,CG6-0313,2026-01-16,3,26,field,CG6-0313|2026-01-16|L3|S26,2026-01-16 13:44:09,2026-01-16 13:45:09,2026-01-16 13:44:39.000000,2,2,9319.72,0.0182021,0.00910107,0.00910107,24.7816,34.8464,272.8,0,,,True,,1,day1,MATCHED,D1:wor:3-26,3-26,3-26,results.zip/day1.xlsx,workbook,14.9538,177.766,3-27,True,24.7815,34.8463,278.279,0.22,0,278.279,0.15,8836.86,31864.6,False,9344.55,0.0535884,INTERPOLATED,31,64,-24.8347,0.0543557,0,True,1.01189,-25.13,166.509,-0.360183,51.3953,26.6254,12.662,11.2656,9.8693,9.17113,8.47296,7.98424,7.77479,7.07661,5.68027,0.0713954,0.0618435
59,CG6-0313,2026-01-16,3,27,field,CG6-0313|2026-01-16|L3|S27,2026-01-16 13:48:29,2026-01-16 13:49:29,2026-01-16 13:48:59.000000,2,2,9318.88,0.0287754,0.0143877,0.0143877,24.782,34.8447,275.3,0,,,True,,1,day1,MATCHED,D1:wor:3-27,3-27,3-27,results.zip/day1.xlsx,workbook,5.09516,171.112,3-26,True,24.782,34.8447,282.075,0.262,0,282.075,0.15,9004.95,31833.7,False,9344.55,0.0536057,INTERPOLATED,31,64,-25.6732,0.0555029,0,True,1.01189,-25.9785,170.305,-0.326861,52.5669,26.9153,12.6335,11.2053,9.77716,9.06307,8.34898,7.84912,7.63489,6.9208,5.49262,0.0722727,0.0628542
60,CG6-0313,2026-01-16,3,28,field,CG6-0313|2026-01-16|L3|S28,2026-01-16 13:52:27,2026-01-16 13:53:27,2026-01-16 13:52:57.000000,2,2,9317.83,0.0380453,0.0190227,0.0190227,24.7824,34.8427,262.8,0,,,True,,1,day1,MATCHED,D1:wor:3-28,3-28,3-28,results.zip/day1.xlsx,workbook,3.22933,190.61,3-29,True,24.7825,34.8427,287.031,0.457,0,287.031,0.15,9206.22,31811.7,False,9344.55,0.053622,INTERPOLATED,31,64,-26.7224,0.0568963,0,True,1.01189,-27.0402,175.261,-0.295093,54.0966,27.3515,12.6541,11.1843,9.71459,8.97972,8.24485,7.73045,7.50999,6.77512,5.30538,0.0733481,0.0640879
61,CG6-0313,2026-01-16,3,29,field,CG6-0313|2026-01-16|L3|S29,2026-01-16 13:57:13,2026-01-16 13:58:13,2026-01-16 13:57:43.000000,2,2,9317.07,0.0738294,0.0369147,0.0369147,24.7833,34.8411,271.7,0,,TWO_READINGS_DIFFER,True,,1,day1,MATCHED,D1:wor:3-29,3-29,3-29,results.zip/day1.xlsx,workbook,2.35648,185.355,3-28,True,24.7833,34.8411,291.284,0.32,0,291.284,0.15,9360.01,31728.6,False,9344.55,0.0536424,INTERPOLATED,31,64,-27.4793,0.0651169,0,True,1.01189,-27.8061,179.514,-0.233501,55.4093,27.8367,12.7826,11.2772,9.77183,9.01913,8.26643,7.73953,7.51372,6.76102,5.25562,0.0798935,0.0714862
62,CG6-0313,2026-01-16,3,30,field,CG6-0313|2026-01-16|L3|S30,2026-01-16 14:01:51,2026-01-16 14:02:51,2026-01-16 14:02:21.000000,2,2,9316.02,0.000895374,0.000447687,0.00186011,24.7839,34.8393,278.55,0,,,True,,1,day1,MATCHED,D1:wor:3-30,3-30,3-30,results.zip/day1.xlsx,workbook,3.41072,191.718,3-29,True,24.784,34.8393,295.511,0.365,0,295.511,0.15,9539.54,31683.9,False,9344.55,0.0536631,INTERPOLATED,31,64,-28.5338,0.0536953,0,True,1.01189,-28.8731,183.741,-0.192148,56.7139,28.033,12.6245,11.0836,9.54275,8.77232,8.0019,7.4626,7.23147,6.46104,4.92019,0.0708939,0.0612638
63,CG6-0313,2026-01-16,3,31,field,CG6-0313|2026-01-16|L3|S31,2026-01-16 14:09:52,2026-01-16 14:10:52,2026-01-16 14:10:22.000000,2,2,9314.15,0.0132612,0.00663059,0.00663059,24.7852,34.8374,290,0.66717,,,True,,1,day1,MATCHED,D1:wor:3-31,3-31,3-31,results.zip/day1.xlsx,workbook,5.49026,234.072,3-30,True,24.7851,34.8373,304.808,0.334,0,304.808,0.15,9730.54,31573.9,False,9344.55,0.0537005,INTERPOLATED,31,64,-30.3973,0.0541083,0,True,1.01189,-30.7588,193.038,-0.111239,59.5835,28.9359,12.7477,11.1289,9.51006,8.70065,7.89124,7.32466,7.08183,6.27243,4.65361,0.0712072,0.0616262
68,CG6-0313,2026-01-17,3,32,field,CG6-0313|2026-01-17|L3|S32,2026-01-17 09:53:47,2026-01-17 09:53:47,2026-01-17 09:53:47.000000,1,1,9315.31,,,0.003,24.7861,34.8354,278.6,0,,,True,SINGLE_READING;,2,day2,MATCHED,D2:wor:32,32,32,results.zip/day2.xlsx,workbook,6.25245,177.393,33,True,24.786,34.8354,295.647,,0,295.647,0.15,9934.04,31502.3,False,9344.15,0.0536679,INTERPOLATED,67,79,-28.8414,0.0537517,0,True,1.01189,-29.1844,183.877,-0.0491341,56.7559,27.6207,12.2007,10.6588,9.11676,8.34577,7.57477,7.03507,6.80377,6.03278,4.49078,0.0709367,0.0613133
69,CG6-0313,2026-01-17,3,33,field,CG6-0313|2026-01-17|L3|S33,2026-01-17 10:08:31,2026-01-17 10:08:31,2026-01-17 10:08:31.000000,1,1,9316.5,,,0.0026,24.7875,34.8346,271.8,0,,,True,SINGLE_READING;,2,day2,MATCHED,D2:wor:33,33,33,results.zip/day2.xlsx,workbook,4.30867,186.925,32,True,24.7875,34.8346,290.21,,0,290.21,0.15,10014.9,31352.2,False,9344.14,0.0535728,INTERPOLATED,67,79,-27.6487,0.0536358,0,True,1.01189,-27.9775,178.44,0.0508148,55.0778,27.0495,12.0855,10.5891,9.09268,8.34448,7.59628,7.07254,6.84808,6.09989,4.60349,0.0708489,0.0612118
70,CG6-0313,2026-01-17,3,34,field,CG6-0313|2026-01-17|L3|S34,2026-01-17 10:14:48,2026-01-17 10:14:48,2026-01-17 10:14:48.000000,1,1,9317.5,,,0.0019,24.7892,34.8335,266.8,0,,,True,SINGLE_READING;,2,day2,MATCHED,D2:wor:34,34,34,results.zip/day2.xlsx,workbook,10.8414,179.768,35,True,24.7891,34.8336,285.533,,0,285.533,0.15,10121.3,31187.1,False,9344.14,0.0535442,INTERPOLATED,67,79,-26.6435,0.0535779,0,True,1.01189,-26.9604,173.763,0.15948,53.6342,26.5144,11.9426,10.4855,9.02828,8.29969,7.5711,7.06109,6.84251,6.11393,4.65675,0.0708051,0.061161
71,CG6-0313,2026-01-17,3,35,field,CG6-0313|2026-01-17|L3|S35,2026-01-17 10:18:12,2026-01-17 10:18:12,2026-01-17 10:18:12.000000,1,1,9318.56,,,0.0029,24.7908,34.8335,262.7,0,,,True,SINGLE_READING;,2,day2,MATCHED,D2:wor:35,35,35,results.zip/day2.xlsx,workbook,7.61145,175.396,36,True,24.7908,34.8334,280.582,,0,280.582,0.15,10134.8,31003,False,9344.14,0.0535318,INTERPOLATED,67,79,-25.5852,0.0536103,0,True,1.01189,-25.8895,168.812,0.276351,52.1061,25.9403,11.7837,10.368,8.95236,8.24454,7.53671,7.04123,6.82888,6.12105,4.70539,0.0708296,0.0611894
72,CG6-0313,2026-01-17,3,36,field,CG6-0313|2026-01-17|L3|S36,2026-01-17 10:21:24,2026-01-17 10:21:24,2026-01-17 10:21:24.000000,1,1,9319.68,,,0.002,24.7913,34.8351,262,0,,,True,SINGLE_READING;,2,day2,MATCHED,D2:wor:36,36,36,results.zip/day2.xlsx,workbook,5.82726,104.432,37,True,24.7913,34.8351,274.815,,0,274.815,0.15,9968.27,30922.9,False,9344.14,0.053522,INTERPOLATED,67,79,-24.4641,0.0535594,0,True,1.01189,-24.755,163.045,0.312617,50.3261,25.2585,11.5855,10.2182,8.85093,8.16728,7.48364,7.00508,6.79999,6.11634,4.74905,0.070791,0.0611448
73,CG6-0313,2026-01-17,3,37,field,CG6-0313|2026-01-17|L3|S37,2026-01-17 10:24:48,2026-01-17 10:24:48,2026-01-17 10:24:48.000000,1,1,9320.2,,,0.0025,24.7919,34.836,251.6,0,,,True,SINGLE_READING;,2,day2,MATCHED,D2:wor:37,37,37,results.zip/day2.xlsx,workbook,8.67402,114.422,36,True,24.7919,34.836,272.922,,0,272.922,0.15,9883.29,30846.6,False,9344.14,0.0535137,INTERPOLATED,67,79,-23.9445,0.053572,0,True,1.01189,-24.2292,161.152,0.350712,49.7418,25.1619,11.6477,10.2962,8.94483,8.26912,7.59341,7.12041,6.91769,6.24198,4.89056,0.0708006,0.0611559
74,CG6-0313,2026-01-17,3,38,field,CG6-0313|2026-01-17|L3|S38,2026-01-17 10:27:59,2026-01-17 10:27:59,2026-01-17 10:27:59.000000,1,1,9321.76,,,0.0018,24.7918,34.8373,248.9,0,,,True,SINGLE_READING;,2,day2,MATCHED,D2:wor:38,38,38,results.zip/day2.xlsx,workbook,6.18939,131.976,37,True,24.7917,34.8373,265.681,,0,265.681,0.15,9751.34,30845.2,False,9344.14,0.0535078,INTERPOLATED,67,79,-22.3761,0.0535381,0,True,1.01189,-22.6422,153.911,0.342818,47.5069,24.5218,11.6149,10.3242,9.03347,8.38812,7.74277,7.29103,7.09742,6.45207,5.16138,0.0707749,0.0611261
75,CG6-0313,2026-01-17,3,39,field,CG6-0313|2026-01-17|L3|S39,2026-01-17 10:31:05,2026-01-17 10:31:05,2026-01-17 10:31:05.000000,1,1,9322.67,,,0.002,24.7931,34.8382,246.9,0,,,True,SINGLE_READING;,2,day2,MATCHED,D2:wor:39,39,39,results.zip/day2.xlsx,workbook,8.72935,112.902,40,True,24.793,34.8382,261.215,,0,261.215,0.15,9672.97,30686.1,False,9344.14,0.0535038,INTERPOLATED,67,79,-21.4731,0.0535412,0,True,1.01189,-21.7284,149.445,0.43284,46.1284,23.9672,11.4347,10.1815,8.92821,8.30158,7.67496,7.23632,7.04834,6.42171,5.16847,0.0707773,0.0611288
76,CG6-0313,2026-01-17,3,40,field,CG6-0313|2026-01-17|L3|S40,2026-01-17 10:35:20,2026-01-17 10:35:20,2026-01-17 10:35:20.000000,1,1,9323.32,,,0.0026,24.7942,34.8383,239.9,0,,,True,SINGLE_READING;,2,day2,MATCHED,D2:wor:40,40,40,results.zip/day2.xlsx,workbook,9.12545,130.539,39,True,24.7941,34.8383,258.124,,0,258.124,0.15,9671.83,30564.2,False,9344.14,0.0535013,INTERPOLATED,67,79,-20.8189,0.0535644,0,True,1.01189,-21.0665,146.354,0.507494,45.1744,23.6004,11.3271,10.0998,8.8725,8.25884,7.64517,7.21561,7.03151,6.41785,5.19052,0.0707948,0.0611492
77,CG6-0313,2026-01-17,3,41,field,CG6-0313|2026-01-17|L3|S41,2026-01-17 10:38:23,2026-01-17 10:38:23,2026-01-17 10:38:23.000000,1,1,9324.12,,,0.002,24.7955,34.8384,234.2,0,,,True,SINGLE_READING;,2,day2,MATCHED,D2:wor:41,41,41,results.zip/day2.xlsx,workbook,7.68171,151.313,40,True,24.7954,34.8384,252.625,,0,252.625,0.15,9675.45,30422.3,False,9344.14,0.0535015,INTERPOLATED,67,79,-20.0198,0.0535388,0,True,1.01189,-20.2579,140.855,0.59602,43.4771,22.6232,10.8111,9.62984,8.44863,7.85803,7.26742,6.854,6.67682,6.08621,4.905,0.0707755,0.0611268
78,CG6-0313,2026-01-17,3,42,field,CG6-0313|2026-01-17|L3|S42,2026-01-17 10:41:40,2026-01-17 10:41:40,2026-01-17 10:41:40.000000,1,1,9325.28,,,0.0053,24.797,34.8372,225.2,0,,,True,SINGLE_READING;,2,day2,MATCHED,D2:wor:42,42,42,results.zip/day2.xlsx,workbook,4.46286,104.285,1-105,True,24.797,34.8372,247.612,,0,247.612,0.15,9811.85,30268.5,False,9344.14,0.0535036,INTERPOLATED,67,79,-18.8511,0.0537654,0,True,1.01189,-19.0753,135.842,0.703638,41.9298,22.1509,10.7591,9.61997,8.4808,7.91122,7.34163,6.94292,6.77205,6.20246,5.06329,0.0709471,0.0613253
80,CG6-0313,2026-01-17,4,1,field,CG6-0313|2026-01-17|L4|S1,2026-01-17 11:50:09,2026-01-17 11:50:09,2026-01-17 11:50:09.000000,1,1,9330.5,,,0.0021,24.7745,34.8764,209.1,0,,,True,SINGLE_READING;,2,day2,MATCHED,D2:wor:1,1,1,results.zip/day2.xlsx,workbook,5.36069,242.944,2,True,24.7745,34.8764,216.125,,0,216.125,0.15,5945.35,32492.9,False,9344.14,0.0535174,INTERPOLATED,79,110,-13.6468,0.0535586,0,True,1.01189,-13.8091,104.355,-0.841536,32.2111,19.2435,10.4923,9.61714,8.74202,8.30446,7.8669,7.56061,7.42934,6.99178,6.11666,0.0707905,0.0611441
81,CG6-0313,2026-01-17,4,2,field,CG6-0313|2026-01-17|L4|S2,2026-01-17 11:54:49,2026-01-17 11:54:49,2026-01-17 11:54:49.000000,1,1,9330.13,,,0.0017,24.7735,34.8743,202.1,0,,,True,SINGLE_READING;,2,day2,MATCHED,D2:wor:2,2,2,results.zip/day2.xlsx,workbook,3.91456,182.342,3,True,24.7735,34.8743,219.099,,0,219.099,0.15,6178.04,32612.2,False,9344.15,0.0535014,INTERPOLATED,79,110,-14.0174,0.0535284,0,True,1.01189,-14.1841,107.329,-0.909341,33.129,19.8542,10.8536,9.95358,9.05351,8.60348,8.15345,7.83843,7.70342,7.25339,6.35333,0.0707676,0.0611176
82,CG6-0313,2026-01-17,4,3,field,CG6-0313|2026-01-17|L4|S3,2026-01-17 11:58:53,2026-01-17 11:58:53,2026-01-17 11:58:53.000000,1,1,9329.47,,,0.0049,24.7741,34.8726,201,0,,,True,SINGLE_READING;,2,day2,MATCHED,D2:wor:3,3,3,results.zip/day2.xlsx,workbook,13.9258,177.462,4,True,24.7739,34.8726,222.064,,0,222.064,0.15,6332.02,32550.8,False,9344.15,0.0534879,INTERPOLATED,79,110,-14.6748,0.0537119,0,True,1.01189,-14.8493,110.294,-0.880179,34.0442,20.0751,10.8258,9.90089,8.97597,8.5135,8.05104,7.72732,7.58858,7.12612,6.20119,0.0709065,0.0612784
83,CG6-0313,2026-01-17,4,4,field,CG6-0313|2026-01-17|L4|S4,2026-01-17 12:02:31,2026-01-17 12:02:31,2026-01-17 12:02:31.000000,1,1,9328.95,,,0.0035,24.7742,34.8709,214.3,0,,,True,SINGLE_READING;,2,day2,MATCHED,D2:wor:4,4,4,results.zip/day2.xlsx,workbook,2.60639,177.633,3,True,24.7742,34.8709,224.901,,0,224.901,0.15,6501.42,32538.2,False,9344.15,0.0534763,INTERPOLATED,79,110,-15.1996,0.0535907,0,True,1.01189,-15.3804,113.131,-0.863454,34.9199,20.403,10.9158,9.96707,9.01836,8.544,8.06964,7.73759,7.59528,7.12092,6.17221,0.0708147,0.0611722
84,CG6-0313,2026-01-17,4,5,field,CG6-0313|2026-01-17|L4|S5,2026-01-17 12:06:47,2026-01-17 12:06:47,2026-01-17 12:06:47.000000,1,1,9328.28,,,0.0027,24.7723,34.8676,208.9,0,,,True,SINGLE_READING;,2,day2,MATCHED,D2:wor:5,5,5,results.zip/day2.xlsx,workbook,6.60376,195.609,6,True,24.7723,34.8676,229.707,,0,229.707,0.15,6868.56,32753,False,9344.15,0.0534631,INTERPOLATED,79,110,-15.8705,0.0535313,0,True,1.01189,-16.0592,117.937,-0.993392,36.4033,21.3375,11.4473,10.4583,9.46925,8.97474,8.48023,8.13407,7.98572,7.49121,6.50219,0.0707698,0.0611201
85,CG6-0313,2026-01-17,4,6,field,CG6-0313|2026-01-17|L4|S6,2026-01-17 12:09:59,2026-01-17 12:09:59,2026-01-17 12:09:59.000000,1,1,9328.02,,,0.0031,24.7722,34.8657,223.6,0,,,True,SINGLE_READING;,2,day2,MATCHED,D2:wor:6,6,6,results.zip/day2.xlsx,workbook,7.75273,178.893,7,True,24.7722,34.8657,233.329,,0,233.329,0.15,7058.86,32772,False,9344.16,0.0534536,INTERPOLATED,79,110,-16.135,0.0535434,0,True,1.01189,-16.3269,121.559,-1.00164,37.5213,22.196,12.002,10.9827,9.96326,9.45356,8.94387,8.58708,8.43417,7.92447,6.90508,0.070779,0.0611308
86,CG6-0313,2026-01-17,4,7,field,CG6-0313|2026-01-17|L4|S7,2026-01-17 12:13:22,2026-01-17 12:13:22,2026-01-17 12:13:22.000000,1,1,9327.73,,,0.0026,24.771,34.8646,223.1,0,,,True,SINGLE_READING;,2,day2,MATCHED,D2:wor:7,7,7,results.zip/day2.xlsx,workbook,3.69071,169.271,6,True,24.7709,34.8646,236.072,,0,236.072,0.15,7196,32916.2,False,9344.16,0.0534439,INTERPOLATED,79,110,-16.4286,0.0535071,0,True,1.01189,-16.6239,124.302,-1.08584,38.3679,22.8298,12.4058,11.3635,10.3211,9.79986,9.27866,8.91382,8.75746,8.23626,7.19387,0.0707515,0.061099
87,CG6-0313,2026-01-17,4,8,field,CG6-0313|2026-01-17|L4|S8,2026-01-17 12:16:54,2026-01-17 12:16:54,2026-01-17 12:16:54.000000,1,1,9327.08,,,0.0025,24.7693,34.864,234,0,,,True,SINGLE_READING;,2,day2,MATCHED,D2:wor:8,8,8,results.zip/day2.xlsx,workbook,9.14863,193.037,7,True,24.7693,34.8639,238.767,,0,238.767,0.15,7308.17,33103.1,False,9344.16,0.0534341,INTERPOLATED,79,110,-17.0767,0.0534926,0,True,1.01189,-17.2798,126.997,-1.20041,39.1997,23.1203,12.4704,11.4054,10.3404,9.80787,9.27537,8.90263,8.74288,8.21038,7.14538,0.0707405,0.0610863
88,CG6-0313,2026-01-17,4,9,field,CG6-0313|2026-01-17|L4|S9,2026-01-17 12:20:34,2026-01-17 12:20:34,2026-01-17 12:20:34.000000,1,1,9326.31,,,0.0022,24.7676,34.8633,225,0,,,True,SINGLE_READING;,2,day2,MATCHED,D2:wor:9,9,9,results.zip/day2.xlsx,workbook,4.69535,168.697,10,True,24.7676,34.8633,241.144,,0,241.144,0.15,7424.93,33297.8,False,9344.16,0.0534244,INTERPOLATED,79,110,-17.8538,0.0534697,0,True,1.01189,-18.0662,129.374,-1.3179,39.9334,23.1852,12.3359,11.2509,10.166,9.62354,9.08108,8.70135,8.53861,7.99615,6.91122,0.0707232,0.0610662
89,CG6-0313,2026-01-17,4,10,field,CG6-0313|2026-01-17|L4|S10,2026-01-17 12:24:02,2026-01-17 12:24:02,2026-01-17 12:24:02.000000,1,1,9325.46,,,0.0023,24.7663,34.8625,220,0,,,True,SINGLE_READING;,2,day2,MATCHED,D2:wor:10,10,10,results.zip/day2.xlsx,workbook,9.5439,154.881,9,True,24.7663,34.8625,244.583,,0,244.583,0.15,7541.09,33439.6,False,9344.16,0.0534155,INTERPOLATED,79,110,-18.7032,0.053465,0,True,1.01189,-18.9256,132.813,-1.40699,40.9949,23.4763,12.3386,11.2248,10.111,9.55413,8.99725,8.60743,8.44036,7.88348,6.76971,0.0707197,0.0610621
90,CG6-0313,2026-01-17,4,11,field,CG6-0313|2026-01-17|L4|S11,2026-01-17 12:27:36,2026-01-17 12:27:36,2026-01-17 12:27:36.000000,1,1,9324.55,,,0.0051,24.7647,34.8635,227,0,,,True,SINGLE_READING;,2,day2,MATCHED,D2:wor:11,11,11,results.zip/day2.xlsx,workbook,14.5,173.624,12,True,24.7646,34.8634,246.772,,0,246.772,0.15,7508.01,33615.5,False,9344.16,0.0534068,INTERPOLATED,79,110,-19.6121,0.0536498,0,True,1.01189,-19.8453,135.002,-1.51923,41.6706,23.3445,12.0232,10.8911,9.75896,9.1929,8.62683,8.23059,8.06077,7.49471,6.36258,0.0708594,0.0612239
91,CG6-0313,2026-01-17,4,12,field,CG6-0313|2026-01-17|L4|S12,2026-01-17 12:31:22,2026-01-17 12:31:22,2026-01-17 12:31:22.000000,1,1,9323.97,,,0.0019,24.7633,34.8632,212.3,0,,,True,SINGLE_READING;,2,day2,MATCHED,D2:wor:12,12,12,results.zip/day2.xlsx,workbook,9.73224,152.614,11,True,24.7632,34.8631,249.541,,0,249.541,0.15,7591.25,33778.3,False,9344.17,0.053398,INTERPOLATED,79,110,-20.1992,0.0534318,0,True,1.01189,-20.4394,137.771,-1.61762,42.5252,23.7034,12.1499,10.9946,9.83925,9.26158,8.68391,8.27953,8.10623,7.52856,6.37321,0.0706946,0.061033
92,CG6-0313,2026-01-17,4,13,field,CG6-0313|2026-01-17|L4|S13,2026-01-17 12:35:13,2026-01-17 12:35:13,2026-01-17 12:35:13.000000,1,1,9323.71,,,0.003,24.7642,34.8617,223.8,0,,,True,SINGLE_READING;,2,day2,MATCHED,D2:wor:13,13,13,results.zip/day2.xlsx,workbook,14.1825,176.237,11,True,24.7641,34.8616,253.513,,0,253.513,0.15,7696.45,33676.6,False,9344.17,0.0533895,INTERPOLATED,79,110,-20.4613,0.0534737,0,True,1.01189,-20.7046,141.743,-1.55413,43.7512,24.6007,12.7141,11.5255,10.3368,9.7425,9.14817,8.73214,8.55384,7.95952,6.77086,0.0707262,0.0610697
93,CG6-0313,2026-01-17,4,14,field,CG6-0313|2026-01-17|L4|S14,2026-01-17 12:38:35,2026-01-17 12:38:35,2026-01-17 12:38:35.000000,1,1,9322.57,,,0.0027,24.7626,34.8606,244.3,0,,,True,SINGLE_READING;,2,day2,MATCHED,D2:wor:14,14,14,results.zip/day2.xlsx,workbook,9.0018,198.908,13,True,24.7626,34.8605,256.048,,0,256.048,0.15,7862.41,33861.7,False,9344.17,0.0533823,INTERPOLATED,79,110,-21.6018,0.0534506,0,True,1.01189,-21.8587,144.278,-1.66191,44.5336,24.3369,12.2377,11.0278,9.81791,9.21295,8.608,8.18452,8.00304,7.39808,6.18816,0.0707088,0.0610495
94,CG6-0313,2026-01-17,4,15,field,CG6-0313|2026-01-17|L4|S15,2026-01-17 12:42:05,2026-01-17 12:42:05,2026-01-17 12:42:05.000000,1,1,9321.56,,,0.0027,24.7614,34.8592,242.5,0,,,True,SINGLE_READING;,2,day2,MATCHED,D2:wor:15,15,15,results.zip/day2.xlsx,workbook,9.3817,166.247,16,True,24.7613,34.8592,258.911,,0,258.911,0.15,8035.6,34008.6,False,9344.17,0.0533753,INTERPOLATED,79,110,-22.6098,0.0534436,0,True,1.01189,-22.8787,147.141,-1.74871,45.4173,24.2873,11.9481,10.7141,9.4802,8.86324,8.24628,7.81441,7.62932,7.01236,5.77843,0.0707034,0.0610433
95,CG6-0313,2026-01-17,4,16,field,CG6-0313|2026-01-17|L4|S16,2026-01-17 12:45:44,2026-01-17 12:45:44,2026-01-17 12:45:44.000000,1,1,9321.13,,,0.0019,24.7624,34.858,240.1,0,,,True,SINGLE_READING;,2,day2,MATCHED,D2:wor:16,16,16,results.zip/day2.xlsx,workbook,11.9631,179.06,15,True,24.7623,34.858,262.112,,0,262.112,0.15,8112.23,33896.1,False,9344.17,0.0533684,INTERPOLATED,79,110,-23.0452,0.0534022,0,True,1.01189,-23.3192,150.342,-1.67636,46.4053,24.7625,12.1548,10.894,9.63325,9.00287,8.37249,7.93122,7.7421,7.11172,5.85095,0.0706722,0.0610071
96,CG6-0313,2026-01-17,4,17,field,CG6-0313|2026-01-17|L4|S17,2026-01-17 12:50:50,2026-01-17 12:50:50,2026-01-17 12:50:50.000000,1,1,9320.98,,,0.0027,24.7641,34.8572,243.4,0,,,True,SINGLE_READING;,2,day2,MATCHED,D2:wor:17,17,17,results.zip/day2.xlsx,workbook,12.4014,207.082,18,True,24.764,34.8571,264.853,,0,264.853,0.15,8131.84,33718.7,False,9344.18,0.0533593,INTERPOLATED,79,110,-23.1959,0.0534276,0,True,1.01189,-23.4717,153.083,-1.56363,47.2513,25.3432,12.5057,11.2219,9.93818,9.2963,8.65442,8.20511,8.01254,7.37067,6.08691,0.0706914,0.0610294
97,CG6-0313,2026-01-17,4,18,field,CG6-0313|2026-01-17|L4|S18,2026-01-17 12:54:23,2026-01-17 12:54:23,2026-01-17 12:54:23.000000,1,1,9320.64,,,0.0039,24.7653,34.8556,246.1,0,,,True,SINGLE_READING;,2,day2,MATCHED,D2:wor:18,18,18,results.zip/day2.xlsx,workbook,11.8104,182.307,19,True,24.7652,34.8555,268.197,,0,268.197,0.15,8243.34,33592.3,False,9344.18,0.0533535,INTERPOLATED,79,110,-23.5373,0.0534959,0,True,1.01189,-23.8172,156.427,-1.47849,48.2835,25.9447,12.8268,11.515,10.2032,9.54728,8.89138,8.43225,8.23548,7.57958,6.26779,0.070743,0.0610891
98,CG6-0313,2026-01-17,4,19,field,CG6-0313|2026-01-17|L4|S19,2026-01-17 13:04:38,2026-01-17 13:04:38,2026-01-17 13:04:38.000000,1,1,9320.09,,,0.0029,24.7654,34.8538,257.3,0,,,True,SINGLE_READING;,2,day2,MATCHED,D2:wor:19,19,19,results.zip/day2.xlsx,workbook,11.5513,175.814,18,True,24.7653,34.8538,270.896,,0,270.896,0.15,8412.03,33594.3,False,9344.18,0.0533388,INTERPOLATED,79,110,-24.0921,0.0534176,0,True,1.01189,-24.3786,159.126,-1.47224,49.1165,26.2102,12.8659,11.5314,10.197,9.52979,8.86258,8.39553,8.19536,7.52815,6.19372,0.0706838,0.0610206
99,CG6-0313,2026-01-17,4,20,field,CG6-0313|2026-01-17|L4|S20,2026-01-17 13:09:41,2026-01-17 13:09:41,2026-01-17 13:09:41.000000,1,1,9319.04,,,0.0021,24.7645,34.8523,267.5,0,,,True,SINGLE_READING;,2,day2,MATCHED,D2:wor:20,20,20,results.zip/day2.xlsx,workbook,9.47343,178.641,19,True,24.7644,34.8522,273.486,,0,273.486,0.15,8591.12,33709.2,False,9344.19,0.0533328,INTERPOLATED,79,110,-25.1447,0.0533741,0,True,1.01189,-25.4437,161.716,-1.53467,49.9159,26.0069,12.4454,11.0893,9.73311,9.05504,8.37696,7.90231,7.69889,7.02081,5.66466,0.070651,0.0609825
100,CG6-0313,2026-01-17,4,21,field,CG6-0313|2026-01-17|L4|S21,2026-01-17 13:13:29,2026-01-17 13:13:29,2026-01-17 13:13:29.000000,1,1,9317.92,,,0.0018,24.7627,34.8518,268.7,0,,,True,SINGLE_READING;,2,day2,MATCHED,D2:wor:21,21,21,results.zip/day2.xlsx,workbook,8.76288,190.315,20,True,24.7627,34.8517,276.509,,0,276.509,0.15,8694.81,33906,False,9344.19,0.0533287,INTERPOLATED,79,110,-26.2716,0.0533591,0,True,1.01189,-26.584,164.739,-1.65269,50.849,25.9177,12.1027,10.7212,9.33966,8.64891,7.95816,7.47464,7.26741,6.57666,5.19516,0.0706396,0.0609694
101,CG6-0313,2026-01-17,4,22,field,CG6-0313|2026-01-17|L4|S22,2026-01-17 13:16:43,2026-01-17 13:16:43,2026-01-17 13:16:43.000000,1,1,9317.06,,,0.0031,24.761,34.8519,261.9,0,,,True,SINGLE_READING;,2,day2,MATCHED,D2:wor:22,22,22,results.zip/day2.xlsx,workbook,7.64159,138.689,23,True,24.7609,34.8518,278.716,,0,278.716,0.15,8749.54,34102.4,False,9344.19,0.0533256,INTERPOLATED,79,110,-27.1288,0.0534156,0,True,1.01189,-27.4515,166.946,-1.77492,51.5302,25.8536,11.8535,10.4535,9.05353,8.35353,7.65352,7.16352,6.95352,6.25351,4.8535,0.0706824,0.0610189
102,CG6-0313,2026-01-17,4,23,field,CG6-0313|2026-01-17|L4|S23,2026-01-17 13:20:09,2026-01-17 13:20:09,2026-01-17 13:20:09.000000,1,1,9316.09,,,0.0015,24.76,34.851,261.6,0,,,True,SINGLE_READING;,2,day2,MATCHED,D2:wor:23,23,23,results.zip/day2.xlsx,workbook,3.44165,127.646,22,True,24.76,34.851,281.866,,0,281.866,0.15,8863.9,34214.6,False,9344.19,0.0533227,INTERPOLATED,79,110,-28.1046,0.0533438,0,True,1.01189,-28.4388,170.096,-1.8382,52.5025,25.9019,11.6376,10.2112,8.78477,8.07156,7.35834,6.85909,6.64513,5.93192,4.50549,0.070628,0.060956
103,CG6-0313,2026-01-17,4,24,field,CG6-0313|2026-01-17|L4|S24,2026-01-17 13:23:34,2026-01-17 13:23:34,2026-01-17 13:23:34.000000,1,1,9315.65,,,0.002,24.7606,34.8492,265.8,0,,,True,SINGLE_READING;,2,day2,MATCHED,D2:wor:24,24,24,results.zip/day2.xlsx,workbook,5.86192,176.892,25,True,24.7606,34.8492,284.537,,0,284.537,0.15,9014.05,34161.8,False,9344.19,0.0533201,INTERPOLATED,79,110,-28.5484,0.0533576,0,True,1.01189,-28.8879,172.767,-1.79802,53.3269,26.237,11.7487,10.2999,8.85108,8.12667,7.40226,6.89517,6.67785,5.95344,4.50461,0.0706385,0.0609681
104,CG6-0313,2026-01-17,4,25,field,CG6-0313|2026-01-17|L4|S25,2026-01-17 13:28:42,2026-01-17 13:28:42,2026-01-17 13:28:42.000000,1,1,9315,,,0.0027,24.761,34.8475,265.6,0,,,True,SINGLE_READING;,2,day2,MATCHED,D2:wor:25,25,25,results.zip/day2.xlsx,workbook,11.0127,176.775,24,True,24.7609,34.8475,287.808,,0,287.808,0.15,9163.17,34133.5,False,9344.2,0.0533168,INTERPOLATED,79,110,-29.1928,0.0533852,0,True,1.01189,-29.5399,176.038,-1.77455,54.3365,26.5711,11.8085,10.3323,8.85601,8.11788,7.37975,6.86306,6.64162,5.9035,4.42724,0.0706593,0.0609922
105,CG6-0313,2026-01-17,4,26,field,CG6-0313|2026-01-17|L4|S26,2026-01-17 13:33:19,2026-01-17 13:33:19,2026-01-17 13:33:19.000000,1,1,9313.92,,,0.002,24.7595,34.8468,281.1,0,,,True,SINGLE_READING;,2,day2,MATCHED,D2:wor:26,26,26,results.zip/day2.xlsx,workbook,4.86846,167.292,25,True,24.7595,34.8468,291.238,,0,291.238,0.15,9281.87,34302.8,False,9344.2,0.0533146,INTERPOLATED,79,110,-30.2787,0.0533521,0,True,1.01189,-30.6388,179.468,-1.87178,55.3951,26.6281,11.5779,10.0729,8.56787,7.81536,7.06285,6.53609,6.31034,5.55783,4.05281,0.0706344,0.0609633
106,CG6-0313,2026-01-17,4,27,field,CG6-0313|2026-01-17|L4|S27,2026-01-17 13:37:06,2026-01-17 13:37:06,2026-01-17 13:37:06.000000,1,1,9313.11,,,0.0026,24.7594,34.8449,282,0,,,True,SINGLE_READING;,2,day2,MATCHED,D2:wor:27,27,27,results.zip/day2.xlsx,workbook,4.0283,191.399,26,True,24.7594,34.8449,294.619,,0,294.619,0.15,9469.15,34336.2,False,9344.2,0.0533133,INTERPOLATED,79,110,-31.0928,0.0533767,0,True,1.01189,-31.4626,182.849,-1.88056,56.4387,26.8566,11.5229,9.98953,8.45615,7.68947,6.92278,6.3861,6.1561,5.38941,3.85604,0.0706529,0.0609848
107,CG6-0313,2026-01-17,4,28,field,CG6-0313|2026-01-17|L4|S28,2026-01-17 13:40:22,2026-01-17 13:40:22,2026-01-17 13:40:22.000000,1,1,9312.45,,,0.0015,24.76,34.843,286.1,0,,,True,SINGLE_READING;,2,day2,MATCHED,D2:wor:28,28,28,results.zip/day2.xlsx,workbook,5.91731,198.917,29,True,24.7599,34.843,296.746,,0,296.746,0.15,9631.34,34293.7,False,9344.2,0.0533125,INTERPOLATED,79,110,-31.7563,0.0533336,0,True,1.01189,-32.134,184.976,-1.84396,57.0952,26.8052,11.2931,9.74186,8.19065,7.41504,6.63944,6.09652,5.86383,5.08823,3.53702,0.0706204,0.0609471
108,CG6-0313,2026-01-17,4,29,field,CG6-0313|2026-01-17|L4|S29,2026-01-17 13:44:36,2026-01-17 13:44:36,2026-01-17 13:44:36.000000,1,1,9311.78,,,0.0022,24.7606,34.8412,278.2,0,,,True,SINGLE_READING;,2,day2,MATCHED,D2:wor:29,29,29,results.zip/day2.xlsx,workbook,3.47826,201.729,28,True,24.7606,34.8412,299.286,,0,299.286,0.15,9789.01,34243.3,False,9344.2,0.0533119,INTERPOLATED,79,110,-32.4217,0.0533573,0,True,1.01189,-32.8073,187.516,-1.79903,57.8791,26.8709,11.1458,9.57325,8.00074,7.21449,6.42824,5.87786,5.64198,4.85573,3.28322,0.0706383,0.0609678
109,CG6-0313,2026-01-17,4,30,field,CG6-0313|2026-01-17|L4|S30,2026-01-17 13:48:31,2026-01-17 13:48:31,2026-01-17 13:48:31.000000,1,1,9311.11,,,0.0019,24.7608,34.8391,261.5,0,,,True,SINGLE_READING;,2,day2,MATCHED,D2:wor:30,30,30,results.zip/day2.xlsx,workbook,4.86118,208.717,29,True,24.7607,34.8392,302.549,,0,302.549,0.15,9981.16,34247.1,False,9344.21,0.0533119,INTERPOLATED,79,110,-33.0932,0.0533457,0,True,1.01189,-33.4868,190.779,-1.78624,58.8863,27.1857,11.187,9.58709,7.98722,7.18728,6.38734,5.82739,5.58741,4.78747,3.1876,0.0706295,0.0609577
114,CG6-0313,2026-01-18,4,31,field,CG6-0313|2026-01-18|L4|S31,2026-01-18 07:06:37,2026-01-18 07:06:37,2026-01-18 07:06:37.000000,1,1,9309.85,,,0.0016,24.7605,34.8371,294.9,0,,,True,SINGLE_READING;,3,day3,MATCHED,D3:wor:31,31,31,results.zip/day3.xlsx,workbook,4.53134,208.372,32,True,24.7606,34.8371,305.602,,0,305.602,0.15,10182.6,34294,False,9343.77,0.0532178,INTERPOLATED,113,134,-33.9224,0.0532419,0,True,1.01189,-34.3259,193.832,-1.79733,59.8286,27.3,11.0453,9.41981,7.79434,6.9816,6.16886,5.59995,5.35612,4.54339,2.91791,0.0705511,0.0608668
115,CG6-0313,2026-01-18,4,32,field,CG6-0313|2026-01-18|L4|S32,2026-01-18 07:20:55,2026-01-18 07:20:55,2026-01-18 07:20:55.000000,1,1,9309.21,,,0.0027,24.7612,34.8352,280,0,,,True,SINGLE_READING;,3,day3,MATCHED,D3:wor:32,32,32,results.zip/day3.xlsx,workbook,3.88518,119.439,33,True,24.7612,34.8352,309.207,,0,309.207,0.15,10349,34249.6,False,9343.76,0.0532153,INTERPOLATED,113,134,-34.5484,0.0532838,0,True,1.01189,-34.9592,197.437,-1.75783,60.9412,27.7398,11.1828,9.52705,7.87134,7.04349,6.21564,5.63614,5.38778,4.55993,2.90422,0.0705828,0.0609035
116,CG6-0313,2026-01-18,4,33,field,CG6-0313|2026-01-18|L4|S33,2026-01-18 07:24:31,2026-01-18 07:24:31,2026-01-18 07:24:31.000000,1,1,9308.78,,,0.0024,24.7602,34.8346,291.6,0,,,True,SINGLE_READING;,3,day3,MATCHED,D3:wor:33,33,33,results.zip/day3.xlsx,workbook,0.984179,115.926,34,True,24.7602,34.8347,312.082,,0,312.082,0.15,10432.1,34361.4,False,9343.76,0.0532149,INTERPOLATED,113,134,-34.9749,0.053269,0,True,1.01189,-35.3908,200.312,-1.82271,61.8286,28.2605,11.4623,9.78252,8.1027,7.26279,6.42289,5.83495,5.58298,4.74307,3.06325,0.0705716,0.0608906
117,CG6-0313,2026-01-18,4,34,field,CG6-0313|2026-01-18|L4|S34,2026-01-18 07:28:33,2026-01-18 07:28:33,2026-01-18 07:28:33.000000,1,1,9307.83,,,0.0016,24.7597,34.8336,301.3,0,,,True,SINGLE_READING;,3,day3,MATCHED,D3:wor:34,34,34,results.zip/day3.xlsx,workbook,2.37605,118.877,33,True,24.7597,34.8336,316.021,,0,316.021,0.15,10548.6,34427,False,9343.76,0.0532145,INTERPOLATED,113,134,-35.9289,0.0532385,0,True,1.01189,-36.3562,204.251,-1.85453,63.0444,28.5427,11.4142,9.70136,7.98851,7.13209,6.27566,5.67616,5.41924,4.56281,2.84996,0.0705486,0.0608639
118,CG6-0313,2026-01-18,4,35,field,CG6-0313|2026-01-18|L4|S35,2026-01-18 07:33:34,2026-01-18 07:33:34,2026-01-18 07:33:34.000000,1,1,9307.02,,,0.0026,24.7606,34.8319,312,0,,,True,SINGLE_READING;,3,day3,MATCHED,D3:wor:35,35,35,results.zip/day3.xlsx,workbook,6.89128,177.328,36,True,24.7607,34.8319,319.804,,0,319.804,0.15,10684.7,34354.7,False,9343.75,0.0532141,INTERPOLATED,113,134,-36.7328,0.0532775,0,True,1.01189,-37.1696,208.034,-1.79199,64.212,28.8343,11.3886,9.64401,7.89944,7.02715,6.15486,5.54426,5.28258,4.41029,2.66572,0.070578,0.060898
119,CG6-0313,2026-01-18,4,36,field,CG6-0313|2026-01-18|L4|S36,2026-01-18 07:37:51,2026-01-18 07:37:51,2026-01-18 07:37:51.000000,1,1,9306.47,,,0.0017,24.7597,34.8304,303.8,0,,,True,SINGLE_READING;,3,day3,MATCHED,D3:wor:36,36,36,results.zip/day3.xlsx,workbook,2.36942,184.77,35,True,24.7597,34.8305,323.325,,0,323.325,0.15,10855.2,34474.1,False,9343.75,0.0532138,INTERPOLATED,113,134,-37.2774,0.053241,0,True,1.01189,-37.7207,211.555,-1.85644,65.2987,29.4344,11.6934,9.91931,8.14521,7.25816,6.37111,5.75018,5.48406,4.59701,2.82291,0.0705504,0.060866
120,CG6-0313,2026-01-18,4,37,field,CG6-0313|2026-01-18|L4|S37,2026-01-18 07:42:02,2026-01-18 07:42:02,2026-01-18 07:42:02.000000,1,1,9305.63,,,0.0031,24.7584,34.8292,297.4,0,,,True,SINGLE_READING;,3,day3,MATCHED,D3:wor:37,37,37,results.zip/day3.xlsx,workbook,2.9392,163.194,38,True,24.7584,34.8292,326.782,,0,326.782,0.15,11016.9,34632.5,False,9343.75,0.0532137,INTERPOLATED,113,134,-38.1225,0.0533039,0,True,1.01189,-38.5759,215.012,-1.94653,66.3657,29.7364,11.7055,9.90237,8.09928,7.19774,6.29619,5.66511,5.39465,4.4931,2.69001,0.0705979,0.0609211
121,CG6-0313,2026-01-18,4,38,field,CG6-0313|2026-01-18|L4|S38,2026-01-18 07:46:24,2026-01-18 07:46:24,2026-01-18 07:46:24.000000,1,1,9305.12,,,0.0022,24.7591,34.8277,309.5,0,,,True,SINGLE_READING;,3,day3,MATCHED,D3:wor:38,38,38,results.zip/day3.xlsx,workbook,5.08467,169.929,37,True,24.7591,34.8277,329.549,,0,329.549,0.15,11142.2,34584.3,False,9343.75,0.0532136,INTERPOLATED,113,134,-38.6295,0.0532591,0,True,1.01189,-39.0889,217.779,-1.9011,67.2197,30.0319,11.769,9.94266,8.11637,7.20322,6.29008,5.65087,5.37693,4.46378,2.63749,0.0705641,0.0608819
122,CG6-0313,2026-01-18,4,39,field,CG6-0313|2026-01-18|L4|S39,2026-01-18 07:49:54,2026-01-18 07:49:54,2026-01-18 07:49:54.000000,1,1,9304.68,,,0.0024,24.7606,34.8269,320.8,0,,,True,SINGLE_READING;,3,day3,MATCHED,D3:wor:39,39,39,results.zip/day3.xlsx,workbook,5.3184,110.396,40,True,24.7606,34.8269,332.862,,0,332.862,0.15,11173,34425,False,9343.75,0.0532137,INTERPOLATED,113,134,-39.0704,0.0532678,0,True,1.01189,-39.535,221.092,-1.7979,68.2422,30.5051,11.9643,10.1103,8.25617,7.32913,6.4021,5.75317,5.47506,4.54802,2.69394,0.0705707,0.0608895
123,CG6-0313,2026-01-18,4,40,field,CG6-0313|2026-01-18|L4|S40,2026-01-18 07:53:37,2026-01-18 07:53:37,2026-01-18 07:53:37.000000,1,1,9303.85,,,0.0017,24.76,34.826,317.9,0,,,True,SINGLE_READING;,3,day3,MATCHED,D3:wor:40,40,40,results.zip/day3.xlsx,workbook,2.8177,110.117,39,True,24.76,34.826,336.717,,0,336.717,0.15,11276.1,34502,False,9343.74,0.0532138,INTERPOLATED,113,134,-39.8975,0.0532409,0,True,1.01189,-40.372,224.947,-1.83358,69.4321,30.8937,12.0296,10.1432,8.25682,7.31362,6.37041,5.71017,5.42721,4.48401,2.5976,0.0705504,0.060866
124,CG6-0313,2026-01-18,4,41,field,CG6-0313|2026-01-18|L4|S41,2026-01-18 07:57:03,2026-01-18 07:57:03,2026-01-18 07:57:03.000000,1,1,9302.99,,,0.0022,24.7583,34.8256,319.7,0,,,True,SINGLE_READING;,3,day3,MATCHED,D3:wor:41,41,41,results.zip/day3.xlsx,workbook,2.66456,202.009,40,True,24.7583,34.8255,339.59,,0,339.59,0.15,11372.8,34701.7,False,9343.74,0.0532139,INTERPOLATED,113,134,-40.7536,0.0532594,0,True,1.01189,-41.2383,227.82,-1.95615,70.3188,31.0367,11.9317,10.0212,8.11071,7.15546,6.20021,5.53154,5.24496,4.28971,2.37922,0.0705643,0.0608822
125,CG6-0313,2026-01-18,4,42,field,CG6-0313|2026-01-18|L4|S42,2026-01-18 08:00:31,2026-01-18 08:00:31,2026-01-18 08:00:31.000000,1,1,9301.83,,,0.0023,24.7565,34.8247,320.5,0,,,True,SINGLE_READING;,3,day3,MATCHED,D3:wor:42,42,42,results.zip/day3.xlsx,workbook,11.5102,179.589,43,True,24.7566,34.8248,343.187,,0,343.187,0.15,11515.5,34906.9,False,9343.74,0.0532142,INTERPOLATED,113,134,-41.9113,0.0532639,0,True,1.01189,-42.4097,231.417,-2.07082,71.429,31.0901,11.6834,9.74278,7.80212,6.83179,5.86146,5.18222,4.89112,3.92079,1.98013,0.0705677,0.0608861
126,CG6-0313,2026-01-18,4,43,field,CG6-0313|2026-01-18|L4|S43,2026-01-18 08:10:50,2026-01-18 08:10:50,2026-01-18 08:10:50.000000,1,1,9301.07,,,0.0026,24.755,34.8244,344.1,0,,,True,SINGLE_READING;,3,day3,MATCHED,D3:wor:43,43,43,results.zip/day3.xlsx,workbook,2.23369,182.569,44,True,24.7549,34.8244,345.765,,0,345.765,0.15,11592.9,35084.3,False,9343.73,0.0532152,INTERPOLATED,113,134,-42.664,0.0532787,0,True,1.01189,-43.1714,233.995,-2.18447,72.2247,31.2378,11.615,9.65268,7.6904,6.70926,5.72812,5.04132,4.74698,3.76584,1.80355,0.0705789,0.0608991
127,CG6-0313,2026-01-18,4,44,field,CG6-0313|2026-01-18|L4|S44,2026-01-18 08:14:26,2026-01-18 08:14:26,2026-01-18 08:14:26.000000,1,1,9300.24,,,0.0039,24.7534,34.824,336.5,0,,,True,SINGLE_READING;,3,day3,MATCHED,D3:wor:44,44,44,results.zip/day3.xlsx,workbook,2.14804,179.534,43,True,24.7533,34.824,348.3,,0,348.3,0.15,11684.5,35265.8,False,9343.73,0.0532158,INTERPOLATED,113,134,-43.4906,0.0533585,0,True,1.01189,-44.0078,236.53,-2.29361,73.0071,31.2929,11.4575,9.47391,7.49037,6.4986,5.50683,4.81259,4.51506,3.52329,1.53975,0.0706392,0.0609689
128,CG6-0313,2026-01-18,4,45,field,CG6-0313|2026-01-18|L4|S45,2026-01-18 08:17:58,2026-01-18 08:17:58,2026-01-18 08:17:58.000000,1,1,9299.41,,,0.0015,24.7515,34.8237,326.3,0,,,True,SINGLE_READING;,3,day3,MATCHED,D3:wor:45,45,45,results.zip/day3.xlsx,workbook,4.38529,202.125,46,True,24.7515,34.8237,351.44,,0,351.44,0.15,11778.4,35474.2,False,9343.73,0.0532163,INTERPOLATED,113,134,-44.3183,0.0532375,0,True,1.01189,-44.8453,239.67,-2.42309,73.9762,31.554,11.4553,9.44538,7.43551,6.43057,5.42563,4.72218,4.4207,3.41576,1.40589,0.0705478,0.060863
129,CG6-0313,2026-01-18,4,46,field,CG6-0313|2026-01-18|L4|S46,2026-01-18 08:21:32,2026-01-18 08:21:32,2026-01-18 08:21:32.000000,1,1,9298.57,,,0.007,24.7497,34.8237,347.1,0,,STDDEV_GT_0.050,True,SINGLE_READING;,3,day3,MATCHED,D3:wor:46,46,46,results.zip/day3.xlsx,workbook,2.25792,190.371,47,True,24.7497,34.8236,354.624,,0,354.624,0.15,11855.4,35675.9,False,9343.73,0.053217,INTERPOLATED,113,134,-45.1577,0.0536754,0,True,1.01189,-45.6948,242.854,-2.54496,74.9589,31.8091,11.4434,9.40681,7.37023,6.35195,5.33366,4.62086,4.31537,3.29709,1.26051,0.0708788,0.0612464
130,CG6-0313,2026-01-18,4,47,field,CG6-0313|2026-01-18|L4|S47,2026-01-18 08:26:12,2026-01-18 08:26:12,2026-01-18 08:26:12.000000,1,1,9298.07,,,0.0031,24.7479,34.8234,338.1,0,,,True,SINGLE_READING;,3,day3,MATCHED,D3:wor:47,47,47,results.zip/day3.xlsx,workbook,7.36786,175.857,48,True,24.748,34.8234,357.328,,0,357.328,0.15,11950.2,35872.9,False,9343.72,0.0532179,INTERPOLATED,113,134,-45.6565,0.0533081,0,True,1.01189,-46.1995,245.558,-2.66157,75.7935,32.2556,11.6631,9.60383,7.54458,6.51495,5.48533,4.76459,4.4557,3.42608,1.36683,0.0706011,0.0609248
131,CG6-0313,2026-01-18,4,48,field,CG6-0313|2026-01-18|L4|S48,2026-01-18 08:29:15,2026-01-18 08:29:15,2026-01-18 08:29:15.000000,1,1,9297.68,,,0.0025,24.7464,34.8234,345.4,0,,,True,SINGLE_READING;,3,day3,MATCHED,D3:wor:48,48,48,results.zip/day3.xlsx,workbook,5.18343,177.868,47,True,24.7463,34.8234,360.059,,0,360.059,0.15,12013.8,36041.8,False,9343.72,0.0532186,INTERPOLATED,113,134,-46.0422,0.0532773,0,True,1.01189,-46.5898,248.289,-2.77445,76.6364,32.8211,11.9996,9.91743,7.83528,6.79421,5.75313,5.02438,4.71205,3.67098,1.58883,0.0705778,0.0608978
132,CG6-0313,2026-01-18,4,49,field,CG6-0313|2026-01-18|L4|S49,2026-01-18 08:33:18,2026-01-18 08:33:18,2026-01-18 08:33:18.000000,1,1,9296.59,,,0.0027,24.7446,34.823,355.9,0,,,True,SINGLE_READING;,3,day3,MATCHED,D3:wor:49,49,49,results.zip/day3.xlsx,workbook,1.08147,163.953,50,True,24.7446,34.823,364.471,,0,364.471,0.15,12125.3,36240.8,False,9343.72,0.0532196,INTERPOLATED,113,134,-47.1325,0.053288,0,True,1.01189,-47.693,252.701,-2.89213,77.9981,33.1972,12.0057,9.88658,7.76743,6.70786,5.64828,4.90658,4.58871,3.52913,1.40998,0.0705859,0.0609072
133,CG6-0313,2026-01-18,4,50,field,CG6-0313|2026-01-18|L4|S50,2026-01-18 08:38:04,2026-01-18 08:38:04,2026-01-18 08:38:04.000000,1,1,9295.51,,,0.0054,24.7433,34.8223,364.7,0,,,True,SINGLE_READING;,3,day3,MATCHED,D3:wor:50,50,50,results.zip/day3.xlsx,workbook,4.01471,166.071,49,True,24.7433,34.8223,369.121,,0,369.121,0.15,12250.8,36400.6,False,9343.72,0.0532208,INTERPOLATED,113,134,-48.2098,0.0534941,0,True,1.01189,-48.7832,257.351,-2.98218,79.4333,33.6323,12.0509,9.89272,7.73457,6.6555,5.57643,4.82108,4.49735,3.41828,1.26014,0.0707416,0.0610876
135,CG6-0313,2026-01-18,5,1,field,CG6-0313|2026-01-18|L5|S1,2026-01-18 11:49:50,2026-01-18 11:49:50,2026-01-18 11:49:50.000000,1,1,9320.47,,,0.0028,24.7928,34.8222,273.9,0,,,True,SINGLE_READING;,3,day3,MATCHED,D3:wor:1,1,1,results.zip/day3.xlsx,workbook,5.28585,109.786,1-149,True,24.7928,34.8221,265.799,,0,265.799,0.15,11285.4,30969.5,False,9343.61,0.06417,RETIED_COLOCATION(EXTRAPOLATED_1.5h),134,,-23.3638,0.0224648,-0.222643,True,1.01189,-23.6417,154.029,0.415,47.5433,23.4866,10.5697,9.27806,7.98637,7.34053,6.69469,6.24259,6.04884,5.403,4.11131,0.0514532,0.0370775
136,CG6-0313,2026-01-18,5,2,field,CG6-0313|2026-01-18|L5|S2,2026-01-18 11:58:02,2026-01-18 11:58:02,2026-01-18 11:58:02.000000,1,1,9319.83,,,0.0027,24.7918,34.8203,271.1,0,,,True,SINGLE_READING;,3,day3,MATCHED,D3:wor:2,2,2,results.zip/day3.xlsx,workbook,1.96733,54.7588,1-150,True,24.7918,34.8202,267.704,,0,267.704,0.15,11470.6,31118.3,False,9343.61,0.0660258,RETIED_COLOCATION(EXTRAPOLATED_1.6h),134,,-23.9952,0.0224525,-0.222643,True,1.01189,-24.2805,155.934,0.345562,48.1313,23.5052,10.4286,9.1209,7.81324,7.15941,6.50558,6.0479,5.85175,5.19792,3.89025,0.0514478,0.0370701
137,CG6-0313,2026-01-18,5,3,field,CG6-0313|2026-01-18|L5|S3,2026-01-18 12:02:20,2026-01-18 12:02:20,2026-01-18 12:02:20.000000,1,1,9319.13,,,0.0037,24.7908,34.8187,277.2,0,,,True,SINGLE_READING;,3,day3,MATCHED,D3:wor:3,3,3,results.zip/day3.xlsx,workbook,3.48673,35.167,1-151,True,24.7908,34.8187,270.022,,0,270.022,0.15,11620.5,31258.4,False,9343.6,0.0670407,RETIED_COLOCATION(EXTRAPOLATED_1.7h),134,,-24.7002,0.0225946,-0.222643,True,1.01189,-24.994,158.252,0.275105,48.8467,23.5777,10.3067,8.97955,7.65245,6.9889,6.32535,5.86086,5.6618,4.99825,3.67115,0.05151,0.0371563
138,CG6-0313,2026-01-18,5,4,field,CG6-0313|2026-01-18|L5|S4,2026-01-18 12:05:26,2026-01-18 12:05:26,2026-01-18 12:05:26.000000,1,1,9318.15,,,0.0036,24.7892,34.8178,264.4,0,,,True,SINGLE_READING;,3,day3,MATCHED,D3:wor:4,4,4,results.zip/day3.xlsx,workbook,2.679,28.1526,1-152,True,24.7892,34.8178,272.83,,0,272.83,0.15,11708.3,31447.7,False,9343.6,0.0677892,RETIED_COLOCATION(EXTRAPOLATED_1.8h),134,,-25.6764,0.0225784,-0.222643,True,1.01189,-25.9817,161.06,0.16728,49.7134,23.5644,10.0579,8.70726,7.35661,6.68129,6.00596,5.53323,5.33064,4.65531,3.30466,0.0515029,0.0371465
139,CG6-0313,2026-01-18,5,5,field,CG6-0313|2026-01-18|L5|S5,2026-01-18 12:09:07,2026-01-18 12:09:07,2026-01-18 12:09:07.000000,1,1,9317.46,,,0.0024,24.7876,34.8171,262.3,0,,,True,SINGLE_READING;,3,day3,MATCHED,D3:wor:5,5,5,results.zip/day3.xlsx,workbook,6.12047,159.464,1-152,True,24.7876,34.8171,275.01,,0,275.01,0.15,11774.8,31631.2,False,9343.6,0.0686962,RETIED_COLOCATION(EXTRAPOLATED_1.8h),134,,-26.3578,0.0224184,-0.222643,True,1.01189,-26.6712,163.24,0.057704,50.3863,23.6573,9.96804,8.59911,7.23018,6.54571,5.86125,5.38212,5.17678,4.49232,3.12339,0.051433,0.0370494
140,CG6-0313,2026-01-18,5,6,field,CG6-0313|2026-01-18|L5|S6,2026-01-18 12:12:11,2026-01-18 12:12:11,2026-01-18 12:12:11.000000,1,1,9316.87,,,0.0025,24.7863,34.8158,259.6,0,,,True,SINGLE_READING;,3,day3,MATCHED,D3:wor:6,6,6,results.zip/day3.xlsx,workbook,2.08891,191.319,5,True,24.7863,34.8158,278.369,,0,278.369,0.15,11904.8,31801.6,False,9343.6,0.0694655,RETIED_COLOCATION(EXTRAPOLATED_1.9h),134,,-26.9548,0.0224293,-0.222643,True,1.01189,-27.2753,166.599,-0.0313895,51.4231,24.1791,10.2081,8.81101,7.41391,6.71536,6.01681,5.52783,5.31826,4.61971,3.22262,0.0514377,0.037056
141,CG6-0313,2026-01-18,5,7,field,CG6-0313|2026-01-18|L5|S7,2026-01-18 12:15:19,2026-01-18 12:15:19,2026-01-18 12:15:19.000000,1,1,9316.34,,,0.0038,24.7869,34.814,264,0,,,True,SINGLE_READING;,3,day3,MATCHED_ID_TIEBREAK,D3:wor:7,7,7,results.zip/day3.xlsx,workbook,8.25214,10.7993,1-155,True,24.7868,34.8139,280.942,,0,280.942,0.15,12094.2,31776.1,False,9343.6,0.0702642,RETIED_COLOCATION(EXTRAPOLATED_1.9h),134,,-27.483,0.0226112,-0.222643,True,1.01189,-27.8098,169.172,0.005861,52.2172,24.4015,10.2148,8.79608,7.3774,6.66806,5.95873,5.46219,5.24939,4.54005,3.12137,0.0515173,0.0371664
142,CG6-0313,2026-01-18,5,8,field,CG6-0313|2026-01-18|L5|S8,2026-01-18 12:18:50,2026-01-18 12:18:50,2026-01-18 12:18:50.000000,1,1,9315.63,,,0.0047,24.7876,34.8119,273.9,0,,,True,SINGLE_READING;,3,day3,MATCHED,D3:wor:8,8,8,results.zip/day3.xlsx,workbook,3.20399,29.4246,1-156,True,24.7875,34.8119,283.848,,0,283.848,0.15,12298.5,31745.7,False,9343.59,0.0711755,RETIED_COLOCATION(EXTRAPOLATED_2.0h),134,,-28.1856,0.0227797,-0.222643,True,1.01189,-28.5208,172.078,0.0538674,53.1142,24.5395,10.109,8.66597,7.22292,6.5014,5.77988,5.27481,5.05835,4.33683,2.89379,0.0515915,0.0372692
143,CG6-0313,2026-01-18,5,9,field,CG6-0313|2026-01-18|L5|S9,2026-01-18 12:22:11,2026-01-18 12:22:11,2026-01-18 12:22:11.000000,1,1,9314.73,,,0.002,24.7878,34.8101,280.7,0,,,True,SINGLE_READING;,3,day3,MATCHED_ID_TIEBREAK,D3:wor:9,9,9,results.zip/day3.xlsx,workbook,2.67382,8.79474,1-157,True,24.7878,34.8101,286.635,,0,286.635,0.15,12484.7,31760.6,False,9343.59,0.0720577,RETIED_COLOCATION(EXTRAPOLATED_2.1h),134,,-29.0852,0.0223791,-0.222643,True,1.01189,-29.4311,174.865,0.071985,53.9744,24.4712,9.80707,8.34065,6.87423,6.14102,5.40782,4.89457,4.67461,3.9414,2.47498,0.0514159,0.0370257
144,CG6-0313,2026-01-18,5,10,field,CG6-0313|2026-01-18|L5|S10,2026-01-18 12:27:20,2026-01-18 12:27:20,2026-01-18 12:27:20.000000,1,1,9314.32,,,0.0025,24.7862,34.8092,283.4,0,,,True,SINGLE_READING;,3,day3,MATCHED,D3:wor:10,10,10,results.zip/day3.xlsx,workbook,2.7739,191.793,11,True,24.7862,34.8092,288.847,,0,288.847,0.15,12569.1,31949.7,False,9343.59,0.0734396,RETIED_COLOCATION(EXTRAPOLATED_2.1h),134,,-29.4891,0.0224293,-0.222643,True,1.01189,-29.8398,177.077,-0.0386999,54.6571,24.856,10.0064,8.52139,7.03642,6.29394,5.55145,5.03171,4.80897,4.06649,2.58152,0.0514377,0.037056
145,CG6-0313,2026-01-18,5,11,field,CG6-0313|2026-01-18|L5|S11,2026-01-18 12:30:41,2026-01-18 12:30:41,2026-01-18 12:30:41.000000,1,1,9313.49,,,0.0022,24.7846,34.8096,275.2,0,,,True,SINGLE_READING;,3,day3,MATCHED,D3:wor:11,11,11,results.zip/day3.xlsx,workbook,11.2598,32.0495,1-159,True,24.7845,34.8095,291.735,,0,291.735,0.15,12536,32119.1,False,9343.59,0.0743544,RETIED_COLOCATION(EXTRAPOLATED_2.2h),134,,-30.319,0.0223979,-0.222643,True,1.01189,-30.6796,179.965,-0.154586,55.5485,25.0235,9.93165,8.42246,6.91327,6.15868,5.40409,4.87587,4.64949,3.8949,2.38571,0.051424,0.037037
146,CG6-0313,2026-01-18,5,12,field,CG6-0313|2026-01-18|L5|S12,2026-01-18 12:35:09,2026-01-18 12:35:09,2026-01-18 12:35:09.000000,1,1,9313.1,,,0.0021,24.7829,34.8103,275.6,0,,,True,SINGLE_READING;,3,day3,MATCHED,D3:wor:12,12,12,results.zip/day3.xlsx,workbook,8.77291,30.9598,1-160,True,24.7829,34.8102,293.644,,0,293.644,0.15,12471.7,32284,False,9343.58,0.0755928,RETIED_COLOCATION(EXTRAPOLATED_2.3h),134,,-30.706,0.0223883,-0.222643,True,1.01189,-31.0712,181.874,-0.267439,56.1377,25.334,10.082,8.5568,7.03161,6.26901,5.50641,4.97259,4.74381,3.98122,2.45602,0.0514198,0.0370312
147,CG6-0313,2026-01-18,5,13,field,CG6-0313|2026-01-18|L5|S13,2026-01-18 12:38:27,2026-01-18 12:39:54,2026-01-18 12:39:10.500000,2,2,9312.05,0.0033798,0.0016899,0.0016899,24.7811,34.8103,276.95,0,,,True,,3,day3,MATCHED,D3:wor:13,13,13,results.zip/day3.xlsx,workbook,10.9324,41.8912,1-161,True,24.781,34.8103,296.662,,0,296.662,0.15,12476.4,32481.3,False,9343.58,0.0767262,RETIED_COLOCATION(EXTRAPOLATED_2.3h),134,,-31.7597,0.0223536,-0.222643,True,1.01189,-32.1374,184.892,-0.393905,57.0692,25.3257,9.82064,8.27013,6.71963,5.94438,5.16912,4.62645,4.39387,3.61862,2.06812,0.0514047,0.0370102
148,CG6-0313,2026-01-18,5,14,field,CG6-0313|2026-01-18|L5|S14,2026-01-18 12:42:57,2026-01-18 12:42:57,2026-01-18 12:42:57.000000,1,1,9311.71,,,0.0019,24.7792,34.8094,277.6,0,,,True,SINGLE_READING;,3,day3,MATCHED,D3:wor:14,14,14,results.zip/day3.xlsx,workbook,8.11864,27.3508,1-162,True,24.7792,34.8093,299.164,,0,299.164,0.15,12584.5,32706.4,False,9343.58,0.0778036,RETIED_COLOCATION(EXTRAPOLATED_2.4h),134,,-32.091,0.0223704,-0.222643,True,1.01189,-32.4727,187.394,-0.521311,57.8415,25.8901,10.1752,8.60374,7.03226,6.24651,5.46077,4.91075,4.67503,3.88929,2.3178,0.0514121,0.0370204
149,CG6-0313,2026-01-18,5,15,field,CG6-0313|2026-01-18|L5|S15,2026-01-18 12:47:01,2026-01-18 12:47:01,2026-01-18 12:47:01.000000,1,1,9311.02,,,0.0025,24.7779,34.8084,287.7,0,,,True,SINGLE_READING;,3,day3,MATCHED,D3:wor:15,15,15,results.zip/day3.xlsx,workbook,8.40259,59.264,1-163,True,24.7779,34.8084,301.62,,0,301.62,0.15,12690.2,32867.1,False,9343.58,0.0789792,RETIED_COLOCATION(EXTRAPOLATED_2.5h),134,,-32.7791,0.0224293,-0.222643,True,1.01189,-33.1689,189.85,-0.610091,58.5995,26.0406,10.1198,8.52774,6.93566,6.13962,5.34358,4.78635,4.54754,3.7515,2.15941,0.0514377,0.037056
150,CG6-0313,2026-01-18,5,16,field,CG6-0313|2026-01-18|L5|S16,2026-01-18 12:50:45,2026-01-18 12:50:45,2026-01-18 12:50:45.000000,1,1,9310.22,,,0.0039,24.7768,34.807,295.2,0,,,True,SINGLE_READING;,3,day3,MATCHED,D3:wor:16,16,16,results.zip/day3.xlsx,workbook,9.06241,47.7667,1-164,True,24.7768,34.8069,303.704,,0,303.704,0.15,12846.8,33018.2,False,9343.58,0.0800714,RETIED_COLOCATION(EXTRAPOLATED_2.5h),134,,-33.5835,0.0226282,-0.222643,True,1.01189,-33.9829,191.934,-0.685318,59.2427,25.9452,9.84958,8.24002,6.63046,5.82568,5.0209,4.45756,4.21612,3.41134,1.80178,0.0515247,0.0371767
151,CG6-0313,2026-01-18,5,17,field,CG6-0313|2026-01-18|L5|S17,2026-01-18 12:53:54,2026-01-18 12:53:54,2026-01-18 12:53:54.000000,1,1,9309.35,,,0.0024,24.7755,34.8055,290.1,0,,,True,SINGLE_READING;,3,day3,MATCHED,D3:wor:17,17,17,results.zip/day3.xlsx,workbook,10.3195,68.1483,1-165,True,24.7754,34.8054,305.945,,0,305.945,0.15,13010.2,33193.7,False,9343.57,0.0810023,RETIED_COLOCATION(EXTRAPOLATED_2.6h),134,,-34.4447,0.0224184,-0.222643,True,1.01189,-34.8544,194.175,-0.777587,59.9344,25.8576,9.5741,7.94575,6.3174,5.50322,4.68904,4.11912,3.87487,3.06069,1.43234,0.051433,0.0370494
152,CG6-0313,2026-01-18,5,18,field,CG6-0313|2026-01-18|L5|S18,2026-01-18 12:57:09,2026-01-18 12:57:09,2026-01-18 12:57:09.000000,1,1,9308.69,,,0.0071,24.774,34.8046,288.9,0,,STDDEV_GT_0.050,True,SINGLE_READING;,3,day3,MATCHED,D3:wor:18,18,18,results.zip/day3.xlsx,workbook,9.56567,61.2618,1-166,True,24.774,34.8045,307.837,,0,307.837,0.15,13117,33373.5,False,9343.57,0.0819714,RETIED_COLOCATION(EXTRAPOLATED_2.6h),134,,-35.1011,0.0233931,-0.222643,True,1.01189,-35.5185,196.067,-0.878953,60.5184,25.8788,9.43662,7.7924,6.14818,5.32607,4.50397,3.92849,3.68186,2.85975,1.21553,0.0518652,0.0376472
153,CG6-0313,2026-01-18,5,19,field,CG6-0313|2026-01-18|L5|S19,2026-01-18 12:58:30,2026-01-18 13:02:39,2026-01-18 13:00:34.500000,2,2,9308.28,0.949025,0.474512,0.474512,24.7735,34.8039,290.75,184.11,,TWO_READINGS_DIFFER,True,CG6_GPS_SPREAD;,3,day3,UNMATCHED_GT_30M,D3:wor:1-166,1-166,1-166,results.zip/day3.xlsx,workbook,30.8461,83.2047,18,False,24.7737,34.8041,308.831,,0,308.831,0.15,13189.9,33450.5,False,9343.57,0.0830018,RETIED_COLOCATION(EXTRAPOLATED_2.7h),134,,-35.5137,0.475036,-0.222643,False,1.01189,-35.936,197.061,-0.899187,60.8252,25.7883,9.26277,7.61022,5.95766,5.13138,4.30511,3.72671,3.47883,2.65255,1,0.477286,0.47595
154,CG6-0313,2026-01-18,5,20,field,CG6-0313|2026-01-18|L5|S20,2026-01-18 13:06:54,2026-01-18 13:06:54,2026-01-18 13:06:54.000000,1,1,9306.7,,,0.0022,24.7714,34.8023,294.7,0,,,True,SINGLE_READING;,3,day3,MATCHED,D3:wor:20,20,20,results.zip/day3.xlsx,workbook,9.95558,76.2651,1-168,True,24.7713,34.8023,313.342,,0,313.342,0.15,13381,33711.8,False,9343.57,0.0849282,RETIED_COLOCATION(EXTRAPOLATED_2.8h),134,,-37.0894,0.0223979,-0.222643,True,1.01189,-37.5305,201.572,-1.0607,62.2175,25.7477,8.84386,7.15348,5.4631,4.6179,3.77271,3.18108,2.92752,2.08233,0.391947,0.051424,0.037037
155,CG6-0313,2026-01-18,5,21,field,CG6-0313|2026-01-18|L5|S21,2026-01-18 13:14:17,2026-01-18 13:14:17,2026-01-18 13:14:17.000000,1,1,9305.84,,,0.0028,24.7695,34.802,305.5,0,,,True,SINGLE_READING;,3,day3,MATCHED,D3:wor:21,21,21,results.zip/day3.xlsx,workbook,10.1475,95.5439,1-169,True,24.7694,34.8019,316.114,,0,316.114,0.15,13443.9,33922.4,False,9343.56,0.0872132,RETIED_COLOCATION(EXTRAPOLATED_2.9h),134,,-37.9463,0.0224648,-0.222643,True,1.01189,-38.3976,204.344,-1.18914,63.073,25.8646,8.72828,7.01465,5.30102,4.44421,3.58739,2.98762,2.73058,1.87377,0.160136,0.0514532,0.0370775
156,CG6-0313,2026-01-18,5,22,field,CG6-0313|2026-01-18|L5|S22,2026-01-18 13:17:35,2026-01-18 13:17:35,2026-01-18 13:17:35.000000,1,1,9305.21,,,0.0034,24.7677,34.8017,303.9,0,,,True,SINGLE_READING;,3,day3,MATCHED,D3:wor:22,22,22,results.zip/day3.xlsx,workbook,13.0207,63.3526,1-170,True,24.7676,34.8017,318.709,,0,318.709,0.15,13494.4,34121.3,False,9343.56,0.0882464,RETIED_COLOCATION(EXTRAPOLATED_3.0h),134,,-38.5775,0.0225474,-0.222643,True,1.01189,-39.0363,206.939,-1.314,63.874,26.1517,8.79776,7.06237,5.32698,4.45928,3.59159,2.9842,2.72389,1.85619,0.120804,0.0514893,0.0371276
161,CG6-0313,2026-01-19,6,1,field,CG6-0313|2026-01-19|L6|S1,2026-01-19 10:00:15,2026-01-19 10:01:15,2026-01-19 10:00:15.000000,2,1,9324.57,,,0.0021,24.7982,34.8362,230.95,2.11271,GROSS_RANGE_GT_500;OVERFLOW_FIELD;TILT_GT_30,,True,SINGLE_READING;,4,day4,MATCHED,D4:wor:2026-01-04,2026-01-04,4-1,results.zip/day4.xlsx,workbook,3.83122,195.82,2026-02-04,False,24.7982,34.8361,248.205,,0,248.205,0.15,9934.78,30154,False,9343.82,0.0538498,INTERPOLATED,160,183,-19.2472,0.0538908,0,True,1.01189,-19.4761,136.435,0.784678,42.1128,21.8521,10.4106,9.26648,8.12234,7.55027,6.97819,6.57774,6.40612,5.83405,4.68991,0.0710421,0.0614353
162,CG6-0313,2026-01-19,6,2,field,CG6-0313|2026-01-19|L6|S2,2026-01-19 10:12:40,2026-01-19 10:12:40,2026-01-19 10:12:40.000000,1,1,9323.69,,,0.0037,24.7989,34.8344,237.6,0,,,True,SINGLE_READING;,4,day4,MATCHED,D4:wor:2026-02-04,2026-02-04,4-2,results.zip/day4.xlsx,workbook,6.89726,197.608,2026-01-04,False,24.7989,34.8344,252.24,,0,252.24,0.15,10122.8,30100.2,False,9343.82,0.0537695,INTERPOLATED,160,183,-20.1266,0.0538966,0,True,1.01189,-20.3659,140.47,0.832501,43.3582,22.1598,10.38,9.20199,8.02401,7.43502,6.84603,6.43373,6.25703,5.66804,4.49006,0.0710465,0.0614404
163,CG6-0313,2026-01-19,7,1,field,CG6-0313|2026-01-19|L7|S1,2026-01-19 10:44:37,2026-01-19 10:44:37,2026-01-19 10:44:37.000000,1,1,9329.2,,,0.0019,24.8129,34.8469,220.8,0,,,True,SINGLE_READING;,4,day4,MATCHED,D4:wor:L7-1,L7-1,L7-1,results.zip/day4.xlsx,workbook,7.7239,136.972,L7-2,True,24.8129,34.8469,224.11,,0,224.11,0.15,9240.97,28394.2,False,9343.81,0.0535913,INTERPOLATED,160,183,-14.6073,0.053625,0,True,1.01189,-14.781,112.34,1.79502,34.6757,18.0997,8.67886,7.73677,6.79469,6.32365,5.85261,5.52288,5.38156,4.91052,3.96844,0.0708407,0.0612022
164,CG6-0313,2026-01-19,7,2,field,CG6-0313|2026-01-19|L7|S2,2026-01-19 10:48:55,2026-01-19 10:48:55,2026-01-19 10:48:55.000000,1,1,9328.09,,,0.0023,24.8139,34.8459,217.8,0,,,True,SINGLE_READING;,4,day4,MATCHED,D4:wor:L7-2,L7-2,L7-2,results.zip/day4.xlsx,workbook,4.73207,146.397,L7-1,True,24.8138,34.846,229.005,,0,229.005,0.15,9362.91,28299.5,False,9343.81,0.0535705,INTERPOLATED,160,183,-15.7195,0.0536199,0,True,1.01189,-15.9064,117.235,1.86221,36.1866,18.4179,8.5866,7.60347,6.62034,6.12877,5.6372,5.29311,5.14564,4.65407,3.67094,0.0708368,0.0611977
165,CG6-0313,2026-01-19,7,3,field,CG6-0313|2026-01-19|L7|S3,2026-01-19 10:52:41,2026-01-19 10:52:41,2026-01-19 10:52:41.000000,1,1,9327.16,,,0.002,24.8142,34.844,220.9,0,,,True,SINGLE_READING;,4,day4,MATCHED,D4:kml:L7-3,L7-3,L7-3,results.zip/day4.kml,kml_only,6.94114,137.164,L7-4,True,24.8142,34.8441,233.072,,0,233.072,0.15,9557.31,28284.5,False,9343.81,0.0535529,INTERPOLATED,160,183,-16.6554,0.0535902,0,True,1.01189,-16.8535,121.302,1.88423,37.4417,18.704,8.53168,7.51444,6.49721,5.98859,5.47997,5.12394,4.97136,4.46274,3.4455,0.0708144,0.0611718
166,CG6-0313,2026-01-19,7,4,field,CG6-0313|2026-01-19|L7|S4,2026-01-19 10:56:42,2026-01-19 10:56:42,2026-01-19 10:56:42.000000,1,1,9326.82,,,0.0022,24.8155,34.8441,231.1,0,,,True,SINGLE_READING;,4,day4,MATCHED,D4:wor:L7-4,L7-4,L7-4,results.zip/day4.xlsx,workbook,8.44553,152.287,L7-3,True,24.8155,34.8441,238.588,,0,238.588,0.15,9596.33,28139.1,False,9343.81,0.0535348,INTERPOLATED,160,183,-16.9936,0.05358,0,True,1.01189,-17.1957,126.818,1.97309,39.1444,19.9756,9.34066,8.27716,7.21367,6.68192,6.15017,5.77795,5.61842,5.08668,4.02318,0.0708066,0.0611628
167,CG6-0313,2026-01-19,7,5,field,CG6-0313|2026-01-19|L7|S5,2026-01-19 11:00:14,2026-01-19 11:00:14,2026-01-19 11:00:14.000000,1,1,9326.03,,,0.006,24.8169,34.8426,233.7,0,,,True,SINGLE_READING;,4,day4,MATCHED,D4:wor:L7-5,L7-5,L7-5,results.zip/day4.xlsx,workbook,7.34226,215.653,L7-4,True,24.8168,34.8426,244.298,,0,244.298,0.15,9787.61,28012,False,9343.81,0.0535194,INTERPOLATED,160,183,-17.7818,0.0538546,0,True,1.01189,-17.9933,132.528,2.06484,40.9069,20.8488,9.73496,8.62358,7.5122,6.95651,6.40082,6.01184,5.84513,5.28944,4.17806,0.0710147,0.0614036
168,CG6-0313,2026-01-19,7,6,field,CG6-0313|2026-01-19|L7|S6,2026-01-19 11:03:40,2026-01-19 11:03:40,2026-01-19 11:03:40.000000,1,1,9324.95,,,0.0017,24.8169,34.8405,237.1,0,,,True,SINGLE_READING;,4,day4,MATCHED,D4:wor:L7-6,L7-6,L7-6,results.zip/day4.xlsx,workbook,2.61185,165.366,L7-7,True,24.8168,34.8405,247.974,,0,247.974,0.15,9993.01,28038.1,False,9343.81,0.0535049,INTERPOLATED,160,183,-18.8586,0.0535319,0,True,1.01189,-19.0829,136.204,2.06882,42.0415,20.8898,9.4677,8.32549,7.18328,6.61218,6.04108,5.6413,5.46997,4.89887,3.75666,0.0707702,0.0611207
169,CG6-0313,2026-01-19,7,7,field,CG6-0313|2026-01-19|L7|S7,2026-01-19 11:07:17,2026-01-19 11:07:17,2026-01-19 11:07:17.000000,1,1,9325.15,,,0.0033,24.8184,34.8404,235.7,0,,,True,SINGLE_READING;,4,day4,MATCHED,D4:kml:L7-7,L7-7,L7-7,results.zip/day4.kml,kml_only,8.12046,118.098,L7-8,True,24.8184,34.8403,252.494,,0,252.494,0.15,10061.7,27868.8,False,9343.81,0.0534901,INTERPOLATED,160,183,-18.6593,0.0535918,0,True,1.01189,-18.8812,140.724,2.17229,43.4366,22.3831,10.582,9.40189,8.22177,7.63172,7.04166,6.62862,6.4516,5.86155,4.68143,0.0708156,0.0611732
170,CG6-0313,2026-01-19,7,8,field,CG6-0313|2026-01-19|L7|S8,2026-01-19 11:11:07,2026-01-19 11:11:07,2026-01-19 11:11:07.000000,1,1,9324.56,,,0.0036,24.8193,34.8397,268.7,0,,,True,SINGLE_READING;,4,day4,MATCHED,D4:wor:L7-8,L7-8,L7-8,results.zip/day4.xlsx,workbook,9.53314,129.62,L7-7,True,24.8193,34.8397,256.909,,0,256.909,0.15,10165.3,27777.2,False,9343.81,0.0534751,INTERPOLATED,160,183,-19.2484,0.0535962,0,True,1.01189,-19.4773,145.139,2.23435,44.7993,23.0876,10.9163,9.69913,8.48199,7.87342,7.26486,6.83886,6.65629,6.04772,4.83058,0.0708189,0.061177
171,CG6-0313,2026-01-19,7,9,field,CG6-0313|2026-01-19|L7|S9,2026-01-19 11:14:39,2026-01-19 11:14:39,2026-01-19 11:14:39.000000,1,1,9323.74,,,0.0032,24.8206,34.8384,238.8,0,,,True,SINGLE_READING;,4,day4,MATCHED,D4:wor:L7-9,L7-9,L7-9,results.zip/day4.xlsx,workbook,5.62731,199.524,L7-8,True,24.8207,34.8383,261.808,,0,261.808,0.15,10336.3,27651.7,False,9343.81,0.0534618,INTERPOLATED,160,183,-20.0679,0.0535575,0,True,1.01189,-20.3065,150.038,2.33055,46.3114,23.6743,11.0922,9.83393,8.57571,7.9466,7.31749,6.87712,6.68839,6.05928,4.80106,0.0707896,0.0611431
172,CG6-0313,2026-01-19,7,10,field,CG6-0313|2026-01-19|L7|S10,2026-01-19 11:18:15,2026-01-19 11:18:15,2026-01-19 11:18:15.000000,1,1,9323.13,,,0.0037,24.8218,34.8368,241.8,0,,,True,SINGLE_READING;,4,day4,MATCHED,D4:kml:L7-10,L7-10,L7-10,results.zip/day4.kml,kml_only,4.83588,202.172,L7-9,True,24.8218,34.8367,265.752,,0,265.752,0.15,10535.9,27552,False,9343.81,0.0534488,INTERPOLATED,160,183,-20.6709,0.0535767,0,True,1.01189,-20.9167,153.982,2.40627,47.5288,24.2059,11.2929,10.0016,8.71031,8.06467,7.41902,6.96707,6.77337,6.12772,4.83643,0.0708041,0.0611599
173,CG6-0313,2026-01-19,7,11,field,CG6-0313|2026-01-19|L7|S11,2026-01-19 11:21:59,2026-01-19 11:21:59,2026-01-19 11:21:59.000000,1,1,9322.49,,,0.0047,24.8228,34.835,248.7,0,,,True,SINGLE_READING;,4,day4,MATCHED,D4:wor:L7-11,L7-11,L7-11,results.zip/day4.xlsx,workbook,2.85779,143.055,L8-4,True,24.8228,34.835,269.874,,0,269.874,0.15,10745.4,27464.1,False,9343.8,0.0534358,INTERPOLATED,160,183,-21.3101,0.0536421,0,True,1.01189,-21.5636,158.104,2.47982,48.801,24.7576,11.499,10.1731,8.84728,8.18435,7.52142,7.05737,6.85849,6.19556,4.8697,0.0708536,0.0612172
174,CG6-0313,2026-01-19,7,12,field,CG6-0313|2026-01-19|L7|S12,2026-01-19 11:26:58,2026-01-19 11:26:58,2026-01-19 11:26:58.000000,1,1,9321.7,,,0.0018,24.824,34.8336,221.5,0,,,True,SINGLE_READING;,4,day4,MATCHED,D4:kml:L7-12,L7-12,L7-12,results.zip/day4.kml,kml_only,22.8399,89.4814,L8-4,True,24.824,34.8334,274.723,,0,274.723,0.15,10926.6,27360.3,False,9343.8,0.0534194,INTERPOLATED,160,183,-22.1033,0.0534497,0,True,1.01189,-22.3662,162.953,2.5629,50.2978,25.3687,11.7034,10.3369,8.97035,8.28709,7.60382,7.12554,6.92056,6.2373,4.87077,0.0707081,0.0610487
175,CG6-0313,2026-01-19,7,13,field,CG6-0313|2026-01-19|L7|S13,2026-01-19 11:30:59,2026-01-19 11:30:59,2026-01-19 11:30:59.000000,1,1,9320.88,,,0.0042,24.824,34.8314,260.2,0,,,True,SINGLE_READING;,4,day4,MATCHED,D4:wor:L7-13,L7-13,L7-13,results.zip/day4.xlsx,workbook,3.00043,153.585,L8-3,True,24.824,34.8314,279.677,,0,279.677,0.15,11129.3,27390.7,False,9343.8,0.0534069,INTERPOLATED,160,183,-22.9257,0.0535718,0,True,1.01189,-23.1984,167.907,2.56046,51.8267,26.0679,11.9872,10.5791,9.17107,8.46704,7.763,7.27018,7.05897,6.35494,4.94687,0.0708004,0.0611556
176,CG6-0313,2026-01-19,7,14,field,CG6-0313|2026-01-19|L7|S14,2026-01-19 11:34:50,2026-01-19 11:34:50,2026-01-19 11:34:50.000000,1,1,9320.24,,,0.0023,24.8255,34.8307,277.3,0,,,True,SINGLE_READING;,4,day4,MATCHED,D4:wor:L7-14,L7-14,L7-14,results.zip/day4.xlsx,workbook,4.24535,186.073,L7-13,True,24.8255,34.8307,283.361,,0,283.361,0.15,11259.6,27236.2,False,9343.8,0.0533956,INTERPOLATED,160,183,-23.5612,0.0534451,0,True,1.01189,-23.8414,171.591,2.66495,52.9638,26.4574,12.0678,10.6288,9.18984,8.47036,7.75087,7.24724,7.03139,6.31191,4.87295,0.0707046,0.0610447
177,CG6-0313,2026-01-19,7,15,field,CG6-0313|2026-01-19|L7|S15,2026-01-19 11:39:31,2026-01-19 11:39:31,2026-01-19 11:39:31.000000,1,1,9319.71,,,0.0031,24.8264,34.829,286.2,0,,,True,SINGLE_READING;,4,day4,MATCHED,D4:wor:L7-15,L7-15,L7-15,results.zip/day4.xlsx,workbook,4.64104,155.847,L7-16,True,24.8264,34.829,288.658,,0,288.658,0.15,11460.6,27170.5,False,9343.8,0.0533826,INTERPOLATED,160,183,-24.0904,0.0534725,0,True,1.01189,-24.3769,176.888,2.72513,54.5987,27.4966,12.6628,11.1794,9.69605,8.95436,8.21267,7.69348,7.47097,6.72928,5.2459,0.0707254,0.0610687
178,CG6-0313,2026-01-19,7,16,field,CG6-0313|2026-01-19|L7|S16,2026-01-19 11:48:06,2026-01-19 11:48:06,2026-01-19 11:48:06.000000,1,1,9318.89,,,0.003,24.8269,34.8275,299,0,,,True,SINGLE_READING;,4,day4,MATCHED,D4:wor:L7-16,L7-16,L7-16,results.zip/day4.xlsx,workbook,8.00674,156.466,L7-15,True,24.8268,34.8275,292.699,,0,292.699,0.15,11616.1,27150.8,False,9343.8,0.0533612,INTERPOLATED,160,183,-24.9137,0.0534454,0,True,1.01189,-25.21,180.929,2.75265,55.846,27.8833,12.7106,11.1933,9.67602,8.91739,8.15875,7.62771,7.40012,6.64148,5.12421,0.0707049,0.061045
179,CG6-0313,2026-01-19,8,1,field,CG6-0313|2026-01-19|L8|S1,2026-01-19 12:08:04,2026-01-19 12:08:04,2026-01-19 12:08:04.000000,1,1,9319.27,,,0.0024,24.8216,34.8293,275.7,0,,,True,SINGLE_READING;,4,day4,MATCHED,D4:wor:L8-1,L8-1,L8-1,results.zip/day4.xlsx,workbook,6.00475,120.907,L8-2,True,24.8216,34.8293,286.392,,0,286.392,0.15,11234.7,27691.6,False,9343.79,0.0533231,INTERPOLATED,160,183,-24.5225,0.0533771,0,True,1.01189,-24.8141,174.622,2.39297,53.8993,26.6922,12.0484,10.5841,9.11967,8.38748,7.65529,7.14276,6.9231,6.19091,4.72653,0.0706532,0.0609852
180,CG6-0313,2026-01-19,8,2,field,CG6-0313|2026-01-19|L8|S2,2026-01-19 12:17:31,2026-01-19 12:17:31,2026-01-19 12:17:31.000000,1,1,9319.8,,,0.002,24.8227,34.8297,303.3,0,,,True,SINGLE_READING;,4,day4,MATCHED,D4:wor:L8-2,L8-2,L8-2,results.zip/day4.xlsx,workbook,4.91109,130.868,L8-1,True,24.8226,34.8297,283.552,,0,283.552,0.15,11237.4,27568,False,9343.79,0.0533109,INTERPOLATED,160,183,-23.991,0.0533484,0,True,1.01189,-24.2763,171.782,2.46679,53.0227,26.2796,11.874,10.4334,8.99287,8.27259,7.55231,7.04811,6.83203,6.11174,4.67118,0.0706315,0.06096
181,CG6-0313,2026-01-19,8,3,field,CG6-0313|2026-01-19|L8|S3,2026-01-19 12:24:29,2026-01-19 12:24:29,2026-01-19 12:24:29.000000,1,1,9320.91,,,0.0032,24.8228,34.8319,290.7,0,,,True,SINGLE_READING;,4,day4,MATCHED,D4:wor:L8-3,L8-3,L8-3,results.zip/day4.xlsx,workbook,9.38238,146.03,L7-13,True,24.8227,34.8318,277.676,,0,277.676,0.15,11033.3,27521.1,False,9343.79,0.0533042,INTERPOLATED,160,183,-22.8843,0.0534002,0,True,1.01189,-23.1564,165.906,2.47081,51.2091,25.5819,11.669,10.2777,8.88641,8.19077,7.49513,7.00817,6.79948,6.10384,4.71255,0.0706707,0.0610053
182,CG6-0313,2026-01-19,8,4,field,CG6-0313|2026-01-19|L8|S4,2026-01-19 12:30:10,2026-01-19 12:30:10,2026-01-19 12:30:10.000000,1,1,9321.91,,,0.0043,24.8233,34.8337,271.3,0,,,True,SINGLE_READING;,4,day4,MATCHED,D4:wor:L8-4,L8-4,L8-4,results.zip/day4.xlsx,workbook,14.0841,91.2231,L7-12,True,24.8232,34.8336,273.282,,0,273.282,0.15,10885.1,27434.5,False,9343.79,0.0533002,INTERPOLATED,160,183,-21.8812,0.0534734,0,True,1.01189,-22.1414,161.512,2.50349,49.8529,25.208,11.6636,10.3092,8.95474,8.27752,7.6003,7.12625,6.92308,6.24586,4.89143,0.070726,0.0610695
187,CG6-0313,2026-01-20,9,1,field,CG6-0313|2026-01-20|L9|S1,2026-01-20 06:59:59,2026-01-20 06:59:59,2026-01-20 06:59:59.000000,1,1,9328.01,,,0.0029,24.8094,34.8452,223.4,0,,,True,SINGLE_READING;,5,day5,MATCHED,D5:wor:L9-1,L9-1,L9-1,results.zip/day5.xlsx,workbook,2.20048,162.254,L9-2,True,24.8094,34.8452,228.739,,0,228.739,0.15,9286.77,28803.3,False,9343.41,0.0764897,INTERPOLATED_HOTEL_CONTROL,185,212,-15.3928,0.0765447,0,True,1.01189,-15.5759,116.969,1.55746,36.1045,18.9711,9.16211,8.18121,7.20031,6.70986,6.21941,5.87609,5.72895,5.2385,4.2576,0.0894531,0.0820315
188,CG6-0313,2026-01-20,9,2,field,CG6-0313|2026-01-20|L9|S2,2026-01-20 07:16:50,2026-01-20 07:16:50,2026-01-20 07:16:50.000000,1,1,9327.04,,,0.0042,24.8095,34.8436,226.3,0,,,True,SINGLE_READING;,5,day5,MATCHED,D5:wor:L9-2,L9-2,L9-2,results.zip/day5.xlsx,workbook,1.62119,162.626,L9-1,True,24.8095,34.8436,234.868,,0,234.868,0.15,9443.46,28814.1,False,9343.4,0.0741617,INTERPOLATED_HOTEL_CONTROL,185,212,-16.3627,0.0742806,0,True,1.01189,-16.5573,123.098,1.56205,37.9962,19.8769,9.5539,8.5216,7.4893,6.97315,6.457,6.0957,5.94085,5.4247,4.3924,0.0875235,0.0799229
189,CG6-0313,2026-01-20,9,3,field,CG6-0313|2026-01-20|L9|S3,2026-01-20 07:20:53,2026-01-20 07:20:53,2026-01-20 07:20:53.000000,1,1,9326.07,,,0.0031,24.8078,34.8432,227,0,,,True,SINGLE_READING;,5,day5,MATCHED,D5:wor:L9-3,L9-3,L9-3,results.zip/day5.xlsx,workbook,1.59236,188.304,L9-4,True,24.8078,34.8431,239.996,,0,239.996,0.15,9439.85,29007.5,False,9343.4,0.0736135,INTERPOLATED_HOTEL_CONTROL,185,212,-17.3276,0.0736788,0,True,1.01189,-17.5337,128.226,1.44405,39.579,20.6013,9.84829,8.77299,7.69768,7.16003,6.62238,6.24602,6.08473,5.54708,4.47177,0.0870134,0.079364
190,CG6-0313,2026-01-20,9,4,field,CG6-0313|2026-01-20|L9|S4,2026-01-20 07:24:27,2026-01-20 07:24:27,2026-01-20 07:24:27.000000,1,1,9325.25,,,0.0028,24.8083,34.8414,246.8,0,,,True,SINGLE_READING;,5,day5,MATCHED,D5:wor:L9-4,L9-4,L9-4,results.zip/day5.xlsx,workbook,2.0782,180.438,L9-5,True,24.8083,34.8414,244.804,,0,244.804,0.15,9627.77,28971.7,False,9343.4,0.0731346,INTERPOLATED_HOTEL_CONTROL,185,212,-18.1501,0.0731882,0,True,1.01189,-18.3659,133.034,1.48207,41.0631,21.215,10.0588,8.94319,7.82756,7.26975,6.71194,6.32147,6.15413,5.59632,4.48069,0.0865983,0.0789087
191,CG6-0313,2026-01-20,9,5,field,CG6-0313|2026-01-20|L9|S5,2026-01-20 07:28:30,2026-01-20 07:28:30,2026-01-20 07:28:30.000000,1,1,9324.38,,,0.0047,24.8088,34.8396,243.1,0,,,True,SINGLE_READING;,5,day5,MATCHED,D5:wor:L9-5,L9-5,L9-5,results.zip/day5.xlsx,workbook,3.90631,145.935,L9-6,True,24.8088,34.8397,249.985,,0,249.985,0.15,9810.45,28941,False,9343.4,0.0725952,INTERPOLATED_HOTEL_CONTROL,185,212,-19.0153,0.0727471,0,True,1.01189,-19.2415,138.215,1.51539,42.6622,21.9053,10.3146,9.15555,7.99648,7.41694,6.8374,6.43173,6.25787,5.67833,4.51926,0.0862259,0.0784998
192,CG6-0313,2026-01-20,9,6,field,CG6-0313|2026-01-20|L9|S6,2026-01-20 07:32:27,2026-01-20 07:32:27,2026-01-20 07:32:27.000000,1,1,9323.58,,,0.0027,24.8093,34.8383,236.4,0,,,True,SINGLE_READING;,5,day5,MATCHED,D5:wor:L9-6,L9-6,L9-6,results.zip/day5.xlsx,workbook,3.11311,120.364,L9-7,True,24.8092,34.8383,255.082,,0,255.082,0.15,9956.68,28905.9,False,9343.4,0.0720737,INTERPOLATED_HOTEL_CONTROL,185,212,-19.8191,0.0721242,0,True,1.01189,-20.0548,143.312,1.54555,44.2354,22.635,10.6169,9.41506,8.21325,7.61234,7.01143,6.5908,6.41053,5.80962,4.60781,0.085701,0.0779229
193,CG6-0313,2026-01-20,9,7,field,CG6-0313|2026-01-20|L9|S7,2026-01-20 07:44:59,2026-01-20 07:44:59,2026-01-20 07:44:59.000000,1,1,9322.91,,,0.0035,24.81,34.8374,253.7,0,,,True,SINGLE_READING;,5,day5,MATCHED,D5:wor:L9-7,L9-7,L9-7,results.zip/day5.xlsx,workbook,2.37228,111.853,L9-8,True,24.81,34.8374,258.934,,0,258.934,0.15,10063.1,28832.9,False,9343.39,0.0704504,INTERPOLATED_HOTEL_CONTROL,185,212,-20.4875,0.0705373,0,True,1.01189,-20.7311,147.164,1.6,45.4243,23.0932,10.752,9.51792,8.2838,7.66674,7.04968,6.61774,6.43263,5.81557,4.58145,0.0843699,0.0764564
194,CG6-0313,2026-01-20,9,8,field,CG6-0313|2026-01-20|L9|S8,2026-01-20 07:51:01,2026-01-20 07:51:01,2026-01-20 07:51:01.000000,1,1,9322.39,,,0.0027,24.8107,34.8365,258.6,0,,,True,SINGLE_READING;,5,day5,MATCHED,D5:wor:L9-8,L9-8,L9-8,results.zip/day5.xlsx,workbook,5.0883,118.723,L9-7,True,24.8106,34.8365,261.49,,0,261.49,0.15,10171.8,28778.8,False,9343.39,0.0696867,INTERPOLATED_HOTEL_CONTROL,185,212,-21.0005,0.069739,0,True,1.01189,-21.2502,149.72,1.64004,46.2133,23.323,10.7675,9.51192,8.25637,7.62859,7.00082,6.56138,6.37304,5.74527,4.48972,0.0837036,0.0757206
195,CG6-0313,2026-01-20,9,9,field,CG6-0313|2026-01-20|L9|S9,2026-01-20 08:00:35,2026-01-20 08:00:35,2026-01-20 08:00:35.000000,1,1,9321.61,,,0.004,24.8113,34.8354,264.9,0,,,True,SINGLE_READING;,5,day5,MATCHED,D5:wor:L9-9,L9-9,L9-9,results.zip/day5.xlsx,workbook,2.76748,92.218,L9-10,True,24.8113,34.8354,265.372,,0,265.372,0.15,10297.9,28718.7,False,9343.39,0.0685007,INTERPOLATED_HOTEL_CONTROL,185,212,-21.7784,0.0686174,0,True,1.01189,-22.0374,153.602,1.6891,47.4115,23.685,10.8039,9.51582,8.22771,7.58366,6.93961,6.48877,6.29555,5.6515,4.36339,0.0827714,0.0746888
196,CG6-0313,2026-01-20,9,10,field,CG6-0313|2026-01-20|L9|S10,2026-01-20 08:05:59,2026-01-20 08:05:59,2026-01-20 08:05:59.000000,1,1,9320.65,,,0.0039,24.8119,34.8346,271.4,0,,,True,SINGLE_READING;,5,day5,MATCHED,D5:wor:L9-10,L9-10,L9-10,results.zip/day5.xlsx,workbook,4.32846,99.2085,L9-9,True,24.8118,34.8347,271.155,,0,271.155,0.15,10387.6,28672.7,False,9343.39,0.0678452,INTERPOLATED_HOTEL_CONTROL,185,212,-22.7413,0.0679572,0,True,1.01189,-23.0118,159.385,1.72446,49.1964,24.4601,11.0941,9.75752,8.42092,7.75261,7.08431,6.6165,6.41601,5.74771,4.41111,0.082225,0.0740828
197,CG6-0313,2026-01-20,9,11,field,CG6-0313|2026-01-20|L9|S11,2026-01-20 08:11:14,2026-01-20 08:11:14,2026-01-20 08:11:14.000000,1,1,9318.45,,,0.0031,24.8126,34.834,280.1,0,,,True,SINGLE_READING;,5,day5,MATCHED,D5:wor:L9-11,L9-11,L9-11,results.zip/day5.xlsx,workbook,1.95047,103.173,L9-12,True,24.8126,34.8341,283.25,,0,283.25,0.15,10469,28597.5,False,9343.39,0.067218,INTERPOLATED_HOTEL_CONTROL,185,212,-24.9338,0.0672894,0,True,1.01189,-25.2303,171.48,1.77967,52.9295,25.9196,11.5393,10.1012,8.6632,7.94419,7.22517,6.72186,6.50616,5.78714,4.34911,0.0816739,0.0734707
198,CG6-0313,2026-01-20,9,12,field,CG6-0313|2026-01-20|L9|S12,2026-01-20 08:18:02,2026-01-20 08:18:02,2026-01-20 08:18:02.000000,1,1,9317.6,,,0.0023,24.8133,34.8333,285.3,0,,,True,SINGLE_READING;,5,day5,MATCHED,D5:wor:L9-12,L9-12,L9-12,results.zip/day5.xlsx,workbook,3.05928,106.913,L9-11,True,24.8133,34.8333,288.043,,0,288.043,0.15,10562.2,28535.4,False,9343.38,0.0664207,INTERPOLATED_HOTEL_CONTROL,185,212,-25.7856,0.0664605,0,True,1.01189,-26.0922,176.273,1.82393,54.4089,26.4927,11.7105,10.2323,8.75403,8.01492,7.2758,6.75842,6.53669,5.79758,4.31935,0.0809924,0.0727123
199,CG6-0313,2026-01-20,9,13,field,CG6-0313|2026-01-20|L9|S13,2026-01-20 08:24:37,2026-01-20 08:24:37,2026-01-20 08:24:37.000000,1,1,9318.9,,,0.0021,24.8133,34.8321,289.4,0,,,True,SINGLE_READING;,5,day5,MATCHED,D5:wor:L9-13,L9-13,L9-13,results.zip/day5.xlsx,workbook,2.87069,99.1604,L9-14,True,24.8133,34.8321,280.076,,0,280.076,0.15,10679.2,28551.8,False,9343.38,0.0656657,INTERPOLATED_HOTEL_CONTROL,185,212,-24.4853,0.0656992,0,True,1.01189,-24.7765,168.306,1.82539,51.9499,25.3479,11.2338,9.82239,8.41098,7.70527,6.99956,6.50557,6.29386,5.58815,4.17673,0.0803689,0.0720171
200,CG6-0313,2026-01-20,9,14,field,CG6-0313|2026-01-20|L9|S14,2026-01-20 08:30:27,2026-01-20 08:30:27,2026-01-20 08:30:27.000000,1,1,9318.08,,,0.0023,24.8139,34.8314,296.5,0,,,True,SINGLE_READING;,5,day5,MATCHED,D5:wor:L9-14,L9-14,L9-14,results.zip/day5.xlsx,workbook,2.88255,102.5,L9-13,True,24.8139,34.8314,282.931,,0,282.931,0.15,10768.6,28496.8,False,9343.38,0.065011,INTERPOLATED_HOTEL_CONTROL,185,212,-25.2975,0.0650517,0,True,1.01189,-25.5983,171.161,1.86742,52.8311,25.3654,11.0118,9.57644,8.14108,7.4234,6.70573,6.20335,5.98805,5.27037,3.83501,0.0798404,0.0714268
201,CG6-0313,2026-01-20,9,15,field,CG6-0313|2026-01-20|L9|S15,2026-01-20 08:40:32,2026-01-20 08:40:32,2026-01-20 08:40:32.000000,1,1,9316.8,,,0.002,24.8149,34.8303,296,0,,,True,SINGLE_READING;,5,day5,MATCHED,D5:wor:L9-15,L9-15,L9-15,results.zip/day5.xlsx,workbook,2.99499,74.5951,L9-16,True,24.8149,34.8303,290.946,,0,290.946,0.15,10904.1,28406.1,False,9343.38,0.0639123,INTERPOLATED_HOTEL_CONTROL,185,212,-26.5823,0.0639435,0,True,1.01189,-26.8984,179.176,1.93539,55.3049,26.4711,11.4454,9.94285,8.44028,7.689,6.93771,6.41181,6.18643,5.43514,3.93257,0.0789401,0.0704191
202,CG6-0313,2026-01-20,9,16,field,CG6-0313|2026-01-20|L9|S16,2026-01-20 08:47:21,2026-01-20 08:47:21,2026-01-20 08:47:21.000000,1,1,9315.06,,,0.0026,24.8155,34.8299,300.4,0,,,True,SINGLE_READING;,5,day5,MATCHED,D5:wor:L9-16,L9-16,L9-16,results.zip/day5.xlsx,workbook,1.84829,78.3557,L9-15,True,24.8155,34.8299,302.461,,0,302.461,0.15,10963.7,28352.1,False,9343.38,0.0631941,INTERPOLATED_HOTEL_CONTROL,185,212,-28.3204,0.0632475,0,True,1.01189,-28.6572,190.691,1.9755,58.859,28.2263,12.2349,10.6358,9.03666,8.23709,7.43752,6.87783,6.63796,5.83839,4.23925,0.0783774,0.0697877
203,CG6-0313,2026-01-20,9,17,field,CG6-0313|2026-01-20|L9|S17,2026-01-20 08:53:29,2026-01-20 08:53:29,2026-01-20 08:53:29.000000,1,1,9311.39,,,0.0023,24.8162,34.8293,326.2,0,,,True,SINGLE_READING;,5,day5,MATCHED,D5:wor:L9-17,L9-17,L9-17,results.zip/day5.xlsx,workbook,3.0073,91.8062,L9-18,True,24.8161,34.8293,323.965,,0,323.965,0.15,11036.5,28288.4,False,9343.37,0.0625655,INTERPOLATED_HOTEL_CONTROL,185,212,-31.9851,0.0626078,0,True,1.01189,-32.3655,212.195,2.01972,65.4961,31.1109,13.3163,11.5368,9.75733,8.8676,7.97787,7.35505,7.08813,6.1984,4.41893,0.077862,0.0692084
204,CG6-0313,2026-01-20,9,18,field,CG6-0313|2026-01-20|L9|S18,2026-01-20 09:11:17,2026-01-20 09:11:17,2026-01-20 09:11:17.000000,1,1,9314.41,,,0.0028,24.8169,34.829,311.4,0,,,True,SINGLE_READING;,5,day5,MATCHED,D5:wor:L9-18,L9-18,L9-18,results.zip/day5.xlsx,workbook,1.73894,95.056,L9-17,True,24.8169,34.829,307.485,,0,307.485,0.15,11097,28210.5,False,9343.37,0.0608406,INTERPOLATED_HOTEL_CONTROL,185,212,-28.9594,0.060905,0,True,1.01189,-29.3038,195.715,2.07329,60.4096,29.0326,12.6199,10.9787,9.3374,8.51677,7.69614,7.12169,6.8755,6.05487,4.41361,0.0764996,0.067672
205,CG6-0313,2026-01-20,9,19,field,CG6-0313|2026-01-20|L9|S19,2026-01-20 09:17:24,2026-01-20 09:17:24,2026-01-20 09:17:24.000000,1,1,9313.86,,,0.0038,24.8176,34.828,283.7,0,,,True,SINGLE_READING;,5,day5,MATCHED,D5:wor:L9-19,L9-19,L9-19,results.zip/day5.xlsx,workbook,6.96675,91.2974,L9-20,True,24.8176,34.8281,311.215,,0,311.215,0.15,11209.4,28147.8,False,9343.37,0.0602836,INTERPOLATED_HOTEL_CONTROL,185,212,-29.5118,0.0604033,0,True,1.01189,-29.8628,199.445,2.1203,61.5609,29.5778,12.8523,11.1798,9.50723,8.67096,7.83469,7.2493,6.99842,6.16214,4.4896,0.0761007,0.0672208
206,CG6-0313,2026-01-20,9,20,field,CG6-0313|2026-01-20|L9|S20,2026-01-20 09:24:15,2026-01-20 09:24:15,2026-01-20 09:24:15.000000,1,1,9312.23,,,0.0034,24.8183,34.8273,279.2,0,,,True,SINGLE_READING;,5,day5,MATCHED,D5:wor:L9-20,L9-20,L9-20,results.zip/day5.xlsx,workbook,8.76182,73.7644,L9-21,True,24.8182,34.8274,320.82,,0,320.82,0.15,11299.1,28094.1,False,9343.37,0.0596826,INTERPOLATED_HOTEL_CONTROL,185,212,-31.139,0.0597794,0,True,1.01189,-31.5094,209.05,2.1641,64.5254,30.852,13.321,11.5679,9.81486,8.93831,8.06176,7.44818,7.18522,6.30867,4.55558,0.0756065,0.0666607
207,CG6-0313,2026-01-20,9,21,field,CG6-0313|2026-01-20|L9|S21,2026-01-20 09:31:03,2026-01-20 09:31:03,2026-01-20 09:31:03.000000,1,1,9314.41,,,0.0037,24.8189,34.827,300.2,0,,,True,SINGLE_READING;,5,day5,MATCHED,D5:wor:L9-21,L9-21,L9-21,results.zip/day5.xlsx,workbook,4.21794,47.8973,L9-22,True,24.8189,34.8271,308.169,,0,308.169,0.15,11349.2,28028.3,False,9343.36,0.0591105,INTERPOLATED_HOTEL_CONTROL,185,212,-28.95,0.0592261,0,True,1.01189,-29.2943,196.399,2.20845,60.6208,29.118,12.648,11.001,9.35401,8.53051,7.70701,7.13056,6.88351,6.06001,4.41301,0.0751698,0.066165
208,CG6-0313,2026-01-20,9,22,field,CG6-0313|2026-01-20|L9|S22,2026-01-20 09:40:46,2026-01-20 09:40:46,2026-01-20 09:40:46.000000,1,1,9313.04,,,0.0026,24.819,34.8265,306.2,0,,,True,SINGLE_READING;,5,day5,MATCHED,D5:wor:L9-22,L9-22,L9-22,results.zip/day5.xlsx,workbook,4.26961,54.9334,L9-21,True,24.819,34.8266,316.05,,0,316.05,0.15,11400.3,28028.4,False,9343.36,0.0583366,INTERPOLATED_HOTEL_CONTROL,185,212,-30.3193,0.0583945,0,True,1.01189,-30.6799,204.28,2.21457,63.0532,30.1587,13.0278,11.3147,9.60164,8.74509,7.88855,7.28896,7.032,6.17545,4.46236,0.0745163,0.0654217
209,CG6-0313,2026-01-20,9,23,field,CG6-0313|2026-01-20|L9|S23,2026-01-20 09:51:08,2026-01-20 09:51:08,2026-01-20 09:51:08.000000,1,1,9313.76,,,0.0028,24.8194,34.8259,321.2,0,,,True,SINGLE_READING;,5,day5,MATCHED,D5:wor:L9-23,L9-23,L9-23,results.zip/day5.xlsx,workbook,2.91345,83.2235,L9-22,True,24.8194,34.8259,311.707,,0,311.707,0.15,11475.4,27994.2,False,9343.36,0.0575698,INTERPOLATED_HOTEL_CONTROL,185,212,-29.5986,0.0576378,0,True,1.01189,-29.9506,199.937,2.24356,61.7127,29.5186,12.7518,11.0752,9.3985,8.56017,7.72183,7.135,6.8835,6.04516,4.36849,0.0739248,0.0647471
210,CG6-0313,2026-01-20,9,24,field,CG6-0313|2026-01-20|L9|S24,2026-01-20 09:56:28,2026-01-20 09:56:28,2026-01-20 09:56:28.000000,1,1,9310.38,,,0.0037,24.8198,34.8249,329.3,0,,,True,SINGLE_READING;,5,day5,MATCHED,D5:wor:L9-24,L9-24,L9-24,results.zip/day5.xlsx,workbook,3.40012,113.651,L9-25,True,24.8198,34.8249,330.348,,0,330.348,0.15,11589.8,27968.1,False,9343.36,0.0571997,INTERPOLATED_HOTEL_CONTROL,185,212,-32.9815,0.0573192,0,True,1.01189,-33.3737,218.578,2.2725,67.4662,31.82,13.49,11.657,9.82402,8.90753,7.99103,7.34948,7.07453,6.15803,4.32504,0.0736767,0.0644637
211,CG6-0313,2026-01-20,9,25,field,CG6-0313|2026-01-20|L9|S25,2026-01-20 10:04:13,2026-01-20 10:04:13,2026-01-20 10:04:13.000000,1,1,9311.87,,,0.0048,24.8204,34.8239,327.7,0,,,True,SINGLE_READING;,5,day5,MATCHED,D5:wor:L9-25,L9-25,L9-25,results.zip/day5.xlsx,workbook,2.25935,119.14,L9-24,True,24.8204,34.8239,321.896,,0,321.896,0.15,11702.5,27926.6,False,9343.35,0.0566924,INTERPOLATED_HOTEL_CONTROL,185,212,-31.4888,0.0568952,0,True,1.01189,-31.8633,210.126,2.31112,64.8575,30.6831,13.0619,11.2998,9.53769,8.65663,7.77557,7.15883,6.89451,6.01345,4.25134,0.0733473,0.064087
213,CG6-0313,2026-01-20,6,3,field,CG6-0313|2026-01-20|L6|S3,2026-01-20 13:07:56,2026-01-20 13:07:56,2026-01-20 13:07:56.000000,1,1,9322.54,,,0.0048,24.7982,34.8326,252.5,0,,,True,SINGLE_READING;,5,day5,MATCHED,D5:wor:L6-3,L6-3,L6-3,results.zip/day5.xlsx,workbook,4.70724,184.266,L6-4,True,24.7982,34.8325,256.555,,0,256.555,0.15,10295.2,30201.4,False,9343.26,0.053652,INTERPOLATED,212,226,-20.7189,0.0538663,0,True,1.01189,-20.9653,144.785,0.787402,44.6901,22.9374,10.7957,9.58152,8.36735,7.76027,7.15319,6.72823,6.5461,5.93902,4.72485,0.0710236,0.0614138
214,CG6-0313,2026-01-20,6,4,field,CG6-0313|2026-01-20|L6|S4,2026-01-20 13:13:21,2026-01-20 13:13:21,2026-01-20 13:13:21.000000,1,1,9322.17,,,0.0033,24.7983,34.8308,247.4,0,,,True,SINGLE_READING;,5,day5,MATCHED,D5:wor:L6-4,L6-4,L6-4,results.zip/day5.xlsx,workbook,14.9263,83.5632,L6-5,True,24.7982,34.8307,259.545,,0,259.545,0.15,10472.9,30220.2,False,9343.26,0.0536737,INTERPOLATED,212,226,-21.0865,0.0537751,0,True,1.01189,-21.3373,147.775,0.787083,45.613,23.4886,11.0961,9.8569,8.61766,7.99804,7.37842,6.94468,6.7588,6.13917,4.89993,0.0709544,0.0613338
215,CG6-0313,2026-01-20,6,5,field,CG6-0313|2026-01-20|L6|S5,2026-01-20 13:26:09,2026-01-20 13:26:09,2026-01-20 13:26:09.000000,1,1,9321.75,,,0.0021,24.7985,34.83,260.5,0,,,True,SINGLE_READING;,5,day5,MATCHED,D5:wor:L6-5,L6-5,L6-5,results.zip/day5.xlsx,workbook,5.21884,64.832,L6-6,True,24.7985,34.83,262.043,,0,262.043,0.15,10552.6,30208.8,False,9343.25,0.0537365,INTERPOLATED,212,226,-21.5024,0.0537775,0,True,1.01189,-21.7581,150.273,0.807994,46.384,23.8179,11.216,9.95577,8.69558,8.06549,7.43539,6.99433,6.8053,6.17521,4.91502,0.0709562,0.0613359
216,CG6-0313,2026-01-20,6,6,field,CG6-0313|2026-01-20|L6|S6,2026-01-20 13:34:08,2026-01-20 13:34:08,2026-01-20 13:34:08.000000,1,1,9321.5,,,0.0021,24.7992,34.83,281.7,0,,,True,SINGLE_READING;,5,day5,MATCHED,D5:wor:L6-6,L6-6,L6-6,results.zip/day5.xlsx,workbook,12.2974,75.3957,L6-7,True,24.7991,34.8299,263.399,,0,263.399,0.15,10569.8,30136.3,False,9343.24,0.0537839,INTERPOLATED,212,226,-21.7382,0.0538249,0,True,1.01189,-21.9967,151.629,0.849513,46.8025,23.9563,11.2407,9.96915,8.69759,8.06181,7.42603,6.98098,6.79025,6.15447,4.88291,0.0709921,0.0613775
217,CG6-0313,2026-01-20,6,7,field,CG6-0313|2026-01-20|L6|S7,2026-01-20 13:38:37,2026-01-20 13:38:37,2026-01-20 13:38:37.000000,1,1,9321.41,,,0.0032,24.7999,34.8301,249.9,0,,,True,SINGLE_READING;,5,day5,MATCHED,D5:wor:L6-7,L6-7,L6-7,results.zip/day5.xlsx,workbook,8.13343,95.1482,L6-6,True,24.7999,34.8301,264.359,,0,264.359,0.15,10563.1,30053.3,False,9343.24,0.0538133,INTERPOLATED,212,226,-21.8238,0.0539084,0,True,1.01189,-22.0833,152.589,0.902256,47.0988,24.1132,11.3171,10.0375,8.7579,8.11809,7.47829,7.03042,6.83848,6.19868,4.91907,0.0710554,0.0614507
218,CG6-0313,2026-01-20,6,8,field,CG6-0313|2026-01-20|L6|S8,2026-01-20 13:43:31,2026-01-20 13:43:31,2026-01-20 13:43:31.000000,1,1,9320.87,,,0.0019,24.8009,34.83,256.1,0,,,True,SINGLE_READING;,5,day5,MATCHED,D5:wor:L6-8,L6-8,L6-8,results.zip/day5.xlsx,workbook,9.10574,83.9119,L6-9,True,24.8008,34.83,267.18,,0,267.18,0.15,10588.6,29952.8,False,9343.23,0.0538477,INTERPOLATED,212,226,-22.3689,0.0538812,0,True,1.01189,-22.6349,155.41,0.965551,47.9695,24.3691,11.3364,10.0331,8.72987,8.07824,7.4266,6.97046,6.77497,6.12334,4.82007,0.0710348,0.0614269
219,CG6-0313,2026-01-20,6,9,field,CG6-0313|2026-01-20|L6|S9,2026-01-20 13:47:33,2026-01-20 13:47:33,2026-01-20 13:47:33.000000,1,1,9320.58,,,0.0034,24.8013,34.8293,265.4,0,,,True,SINGLE_READING;,5,day5,MATCHED,D5:wor:L6-9,L6-9,L6-9,results.zip/day5.xlsx,workbook,4.30519,79.0225,L6-10,True,24.8012,34.8293,268.878,,0,268.878,0.15,10670,29923.5,False,9343.23,0.0538778,INTERPOLATED,212,226,-22.6488,0.053985,0,True,1.01189,-22.9182,157.108,0.994062,48.4936,24.5814,11.4063,10.0888,8.77129,8.11254,7.45379,6.99266,6.79503,6.13628,4.81877,0.0711136,0.0615179
220,CG6-0313,2026-01-20,6,10,field,CG6-0313|2026-01-20|L6|S10,2026-01-20 13:50:57,2026-01-20 13:50:57,2026-01-20 13:50:57.000000,1,1,9320.36,,,0.0037,24.8017,34.8286,289.1,0,,,True,SINGLE_READING;,5,day5,MATCHED,D5:wor:L6-10,L6-10,L6-10,results.zip/day5.xlsx,workbook,12.5416,83.7517,L6-11,True,24.8016,34.8286,269.835,,0,269.835,0.15,10744.7,29881.6,False,9343.23,0.0539044,INTERPOLATED,212,226,-22.8716,0.0540312,0,True,1.01189,-23.1436,158.065,1.02208,48.789,24.6233,11.3679,10.0424,8.71688,8.05411,7.39135,6.92741,6.72858,6.06581,4.74028,0.0711487,0.0615585
221,CG6-0313,2026-01-20,6,11,field,CG6-0313|2026-01-20|L6|S11,2026-01-20 13:55:01,2026-01-20 13:55:01,2026-01-20 13:55:01.000000,1,1,9319.91,,,0.0025,24.8023,34.828,277.6,0,,,True,SINGLE_READING;,5,day5,MATCHED,D5:wor:L6-11,L6-11,L6-11,results.zip/day5.xlsx,workbook,6.32168,88.2921,L6-12,True,24.8023,34.828,272.402,,0,272.402,0.15,10814.3,29827.2,False,9343.23,0.0539377,INTERPOLATED,212,226,-23.3206,0.0539956,0,True,1.01189,-23.5979,160.632,1.06629,49.5813,24.9171,11.4465,10.0995,8.75239,8.07886,7.40533,6.93386,6.7318,6.05827,4.71121,0.0711217,0.0615273
222,CG6-0313,2026-01-20,6,12,field,CG6-0313|2026-01-20|L6|S12,2026-01-20 13:59:58,2026-01-20 13:59:58,2026-01-20 13:59:58.000000,1,1,9319.59,,,0.0036,24.8031,34.8277,275.5,0,,,True,SINGLE_READING;,5,day5,MATCHED,D5:wor:L6-12,L6-12,L6-12,results.zip/day5.xlsx,workbook,7.42905,94.4569,L6-13,True,24.8031,34.8277,273.781,,0,273.781,0.15,10862.7,29745.2,False,9343.22,0.0539805,INTERPOLATED,212,226,-23.6334,0.0541004,0,True,1.01189,-23.9144,162.011,1.12068,50.0069,24.9718,11.3856,10.027,8.66835,7.98903,7.30972,6.8342,6.63041,5.9511,4.59247,0.0712012,0.0616192
223,CG6-0313,2026-01-20,6,13,field,CG6-0313|2026-01-20|L6|S13,2026-01-20 14:05:08,2026-01-20 14:05:08,2026-01-20 14:05:08.000000,1,1,9319.18,,,0.0028,24.8038,34.827,273.7,0,,,True,SINGLE_READING;,5,day5,MATCHED,D5:wor:L6-13,L6-13,L6-13,results.zip/day5.xlsx,workbook,3.59361,75.6984,L6-14,True,24.8037,34.827,276.071,,0,276.071,0.15,10940.6,29685.7,False,9343.22,0.0540277,INTERPOLATED,212,226,-24.0369,0.0541002,0,True,1.01189,-24.3228,164.301,1.16809,50.7137,25.2229,11.4446,10.0668,8.68896,8.00005,7.31113,6.82889,6.62222,5.93331,4.55548,0.0712011,0.061619
224,CG6-0313,2026-01-20,6,14,field,CG6-0313|2026-01-20|L6|S14,2026-01-20 14:09:10,2026-01-20 14:09:10,2026-01-20 14:09:10.000000,1,1,9318.83,,,0.0048,24.8045,34.8267,279.6,0,,,True,SINGLE_READING;,5,day5,MATCHED,D5:wor:L6-14,L6-14,L6-14,results.zip/day5.xlsx,workbook,10.5856,64.8598,L6-15,True,24.8044,34.8267,277.618,,0,277.618,0.15,10985.8,29613.8,False,9343.22,0.0540663,INTERPOLATED,212,226,-24.3823,0.054279,0,True,1.01189,-24.6723,165.848,1.21176,51.1912,25.3072,11.3992,10.0083,8.61755,7.92215,7.22675,6.73997,6.53135,5.83595,4.44514,0.071337,0.0617761
225,CG6-0313,2026-01-20,6,15,field,CG6-0313|2026-01-20|L6|S15,2026-01-20 14:12:26,2026-01-20 14:12:26,2026-01-20 14:12:26.000000,1,1,9318.51,,,0.0023,24.8049,34.8262,289.8,0,,,True,SINGLE_READING;,5,day5,MATCHED,D5:wor:L6-15,L6-15,L6-15,results.zip/day5.xlsx,workbook,7.68755,78.4254,L6-14,True,24.8049,34.8262,278.862,,0,278.862,0.15,11046.5,29575.1,False,9343.21,0.0540988,INTERPOLATED,212,226,-24.7006,0.0541476,0,True,1.01189,-24.9943,167.092,1.244,51.5752,25.3369,11.3245,9.9233,8.52207,7.82145,7.12083,6.6304,6.42022,5.7196,4.31837,0.0712371,0.0616607
230,CG6-0313,2026-01-21,6,16,field,CG6-0313|2026-01-21|L6|S16,2026-01-21 09:08:22,2026-01-21 09:08:22,2026-01-21 09:08:22.000000,1,1,9318.12,,,0.0024,24.8052,34.8253,276.9,0,,,True,SINGLE_READING;,6,day6,MATCHED,D6:wor:L6-16,L6-16,L6-16,results.zip/day6.xlsx,workbook,3.11812,89.5655,L6-17,True,24.8051,34.8254,280.116,,0,280.116,0.15,11133.6,29563.5,False,9342.79,0.0537187,INTERPOLATED,229,261,-24.6696,0.0537723,0,True,1.01189,-24.963,168.346,1.26358,51.9622,25.7357,11.6182,10.2064,8.79469,8.08882,7.38294,6.88883,6.67707,5.97119,4.55944,0.0709523,0.0613314
231,CG6-0313,2026-01-21,6,17,field,CG6-0313|2026-01-21|L6|S17,2026-01-21 09:13:10,2026-01-21 09:13:10,2026-01-21 09:13:10.000000,1,1,9317.89,,,0.0026,24.8055,34.8245,271.5,0,,,True,SINGLE_READING;,6,day6,MATCHED,D6:wor:L6-17,L6-17,L6-17,results.zip/day6.xlsx,workbook,4.62731,85.5743,L6-18,True,24.8055,34.8245,282.428,,0,282.428,0.15,11224.6,29539.2,False,9342.79,0.0537032,INTERPOLATED,229,261,-24.8985,0.0537661,0,True,1.01189,-25.1946,170.658,1.28818,52.6758,26.1931,11.8817,10.4506,9.01944,8.30388,7.58831,7.08741,6.87274,6.15717,4.72603,0.0709476,0.0613259
232,CG6-0313,2026-01-21,6,18,field,CG6-0313|2026-01-21|L6|S18,2026-01-21 09:17:41,2026-01-21 09:17:41,2026-01-21 09:17:41.000000,1,1,9317.63,,,0.0024,24.8057,34.8236,268.2,0,,,True,SINGLE_READING;,6,day6,MATCHED,D6:wor:L6-18,L6-18,L6-18,results.zip/day6.xlsx,workbook,3.6813,86.4709,L6-19,True,24.8057,34.8237,284.334,,0,284.334,0.15,11313.8,29537.7,False,9342.78,0.053689,INTERPOLATED,229,261,-25.1493,0.0537427,0,True,1.01189,-25.4484,172.564,1.30073,53.2641,26.515,12.0437,10.5966,9.14951,8.42594,7.70238,7.19589,6.97882,6.25526,4.80814,0.0709298,0.0613054
233,CG6-0313,2026-01-21,6,19,field,CG6-0313|2026-01-21|L6|S19,2026-01-21 09:22:14,2026-01-21 09:22:14,2026-01-21 09:22:14.000000,1,1,9317.39,,,0.0055,24.806,34.8228,254.9,0,,,True,SINGLE_READING;,6,day6,MATCHED,D6:wor:L6-19,L6-19,L6-19,results.zip/day6.xlsx,workbook,7.40758,84.0843,L6-20,True,24.8059,34.8228,285.768,,0,285.768,0.15,11406.6,29523.6,False,9342.78,0.0536753,INTERPOLATED,229,261,-25.3899,0.0539563,0,True,1.01189,-25.6918,173.998,1.31909,53.7067,26.6958,12.1044,10.6452,9.18606,8.45649,7.72692,7.21621,6.99734,6.26777,4.80862,0.0710918,0.0614928
234,CG6-0313,2026-01-21,6,20,field,CG6-0313|2026-01-21|L6|S20,2026-01-21 09:25:56,2026-01-21 09:25:56,2026-01-21 09:25:56.000000,1,1,9317.06,,,0.0035,24.8066,34.8222,264.9,0,,,True,SINGLE_READING;,6,day6,MATCHED,D6:wor:L6-20,L6-20,L6-20,results.zip/day6.xlsx,workbook,3.43577,92.9897,L6-21,True,24.8065,34.8222,288.073,,0,288.073,0.15,11473.5,29467.6,False,9342.78,0.0536645,INTERPOLATED,229,261,-25.7252,0.0537785,0,True,1.01189,-26.0311,176.303,1.36081,54.4182,27.0263,12.2415,10.763,9.28454,8.5453,7.80606,7.2886,7.06682,6.32759,4.84911,0.0709569,0.0613368
235,CG6-0313,2026-01-21,6,21,field,CG6-0313|2026-01-21|L6|S21,2026-01-21 09:30:04,2026-01-21 09:30:04,2026-01-21 09:30:04.000000,1,1,9316.71,,,0.0021,24.8074,34.8218,284.5,0,,,True,SINGLE_READING;,6,day6,MATCHED,D6:wor:L6-21,L6-21,L6-21,results.zip/day6.xlsx,workbook,2.96129,82.6006,L6-22,True,24.8073,34.8218,289.724,,0,289.724,0.15,11528,29388.4,False,9342.78,0.0536527,INTERPOLATED,229,261,-26.0697,0.0536938,0,True,1.01189,-26.3797,177.954,1.41462,54.9278,27.1334,12.2102,10.7179,9.22553,8.47937,7.73321,7.2109,6.98705,6.24089,4.74857,0.0708928,0.0612626
236,CG6-0313,2026-01-21,6,22,field,CG6-0313|2026-01-21|L6|S22,2026-01-21 09:33:29,2026-01-21 09:33:29,2026-01-21 09:33:29.000000,1,1,9316.26,,,0.0035,24.8081,34.8215,275.1,0,,,True,SINGLE_READING;,6,day6,MATCHED,D6:wor:L6-22,L6-22,L6-22,results.zip/day6.xlsx,workbook,4.15058,89.5857,L6-21,True,24.808,34.8215,291.745,,0,291.745,0.15,11577.2,29316.7,False,9342.78,0.0536433,INTERPOLATED,229,261,-26.5161,0.0537574,0,True,1.01189,-26.8315,179.975,1.46344,55.5515,27.2566,12.1639,10.6546,9.14535,8.39072,7.63608,7.10784,6.88145,6.12681,4.61754,0.070941,0.0613183
237,CG6-0313,2026-01-21,6,23,field,CG6-0313|2026-01-21|L6|S23,2026-01-21 09:38:19,2026-01-21 09:38:19,2026-01-21 09:38:19.000000,1,1,9315.95,,,0.002,24.8087,34.8208,256.1,0,,,True,SINGLE_READING;,6,day6,MATCHED,D6:wor:L6-23,L6-23,L6-23,results.zip/day6.xlsx,workbook,9.08002,37.3204,L6-33,True,24.8087,34.8208,293.753,,0,293.753,0.15,11665,29257.8,False,9342.78,0.0536305,INTERPOLATED,229,261,-26.8302,0.0536678,0,True,1.01189,-27.1493,181.983,1.50946,56.1713,27.5125,12.2514,10.7253,9.19922,8.43616,7.67311,7.13897,6.91005,6.147,4.62089,0.0708731,0.0612398
238,CG6-0313,2026-01-21,6,24,field,CG6-0313|2026-01-21|L6|S24,2026-01-21 09:42:23,2026-01-21 09:42:23,2026-01-21 09:42:23.000000,1,1,9315.68,,,0.0017,24.8098,34.8208,283.2,0,,,True,SINGLE_READING;,6,day6,MATCHED,D6:wor:L6-24,L6-24,L6-24,results.zip/day6.xlsx,workbook,8.21305,77.9063,L6-25,True,24.8097,34.8208,296.226,,0,296.226,0.15,11687.3,29146.6,False,9342.78,0.0536202,INTERPOLATED,229,261,-27.0988,0.0536471,0,True,1.01189,-27.4211,184.456,1.57777,56.9346,27.9357,12.4673,10.9204,9.37357,8.60015,7.82672,7.28533,7.0533,6.27988,4.73303,0.0708575,0.0612216
239,CG6-0313,2026-01-21,6,25,field,CG6-0313|2026-01-21|L6|S25,2026-01-21 09:48:11,2026-01-21 09:48:11,2026-01-21 09:48:11.000000,1,1,9315.28,,,0.0018,24.8105,34.8207,254.1,0,,,True,SINGLE_READING;,6,day6,MATCHED,D6:wor:L6-25,L6-25,L6-25,results.zip/day6.xlsx,workbook,7.60339,63.3732,L6-26,True,24.8105,34.8207,298.745,,0,298.745,0.15,11716.8,29068.4,False,9342.77,0.0536061,INTERPOLATED,229,261,-27.4976,0.0536363,0,True,1.01189,-27.8246,186.975,1.62962,57.7121,28.2579,12.5781,11.0102,9.4422,8.65821,7.87423,7.32544,7.09024,6.30625,4.73828,0.0708493,0.0612122
240,CG6-0313,2026-01-21,6,26,field,CG6-0313|2026-01-21|L6|S26,2026-01-21 09:51:58,2026-01-21 09:51:58,2026-01-21 09:51:58.000000,1,1,9315.03,,,0.0031,24.8111,34.8206,277.8,0,,,True,SINGLE_READING;,6,day6,MATCHED,D6:wor:L6-26,L6-26,L6-26,results.zip/day6.xlsx,workbook,9.69308,67.1237,L6-27,True,24.8111,34.8206,300.504,,0,300.504,0.15,11740.8,29000.4,False,9342.77,0.0535973,INTERPOLATED,229,261,-27.7447,0.0536869,0,True,1.01189,-28.0747,188.734,1.67146,58.255,28.5088,12.6816,11.0989,9.51615,8.72479,7.93343,7.37947,7.14206,6.3507,4.76798,0.0708876,0.0612565
241,CG6-0313,2026-01-21,6,27,field,CG6-0313|2026-01-21|L6|S27,2026-01-21 09:55:34,2026-01-21 09:55:34,2026-01-21 09:55:34.000000,1,1,9314.6,,,0.0033,24.8118,34.8205,258.3,0,,,True,SINGLE_READING;,6,day6,MATCHED,D6:wor:L6-27,L6-27,L6-27,results.zip/day6.xlsx,workbook,11.5146,69.4895,L6-28,True,24.8117,34.8206,302.71,,0,302.71,0.15,11764,28926.1,False,9342.77,0.0535893,INTERPOLATED,229,261,-28.1716,0.0536908,0,True,1.01189,-28.5067,190.94,1.71774,58.9359,28.7115,12.6992,11.098,9.4968,8.69619,7.89557,7.33515,7.09496,6.29435,4.69313,0.0708905,0.0612599
242,CG6-0313,2026-01-21,6,28,field,CG6-0313|2026-01-21|L6|S28,2026-01-21 09:59:23,2026-01-21 09:59:23,2026-01-21 09:59:23.000000,1,1,9314.2,,,0.0021,24.8126,34.8206,267.2,0,,,True,SINGLE_READING;,6,day6,MATCHED,D6:wor:L6-28,L6-28,L6-28,results.zip/day6.xlsx,workbook,13.477,68.9029,L6-29,True,24.8124,34.8207,305.299,,0,305.299,0.15,11776.9,28846.2,False,9342.77,0.0535811,INTERPOLATED,229,261,-28.5649,0.0536223,0,True,1.01189,-28.9046,193.529,1.76597,59.7349,29.0644,12.8351,11.2121,9.58919,8.77772,7.96625,7.39822,7.15478,6.34332,4.72038,0.0708386,0.0611999
243,CG6-0313,2026-01-21,6,29,field,CG6-0313|2026-01-21|L6|S29,2026-01-21 10:02:30,2026-01-21 10:02:30,2026-01-21 10:02:30.000000,1,1,9313.6,,,0.0021,24.8132,34.8205,282.1,0,,,True,SINGLE_READING;,6,day6,MATCHED,D6:wor:L6-29,L6-29,L6-29,results.zip/day6.xlsx,workbook,6.16077,85.7384,L6-30,True,24.8132,34.8205,307.737,,0,307.737,0.15,11802.8,28774.7,False,9342.77,0.0535747,INTERPOLATED,229,261,-29.1661,0.0536158,0,True,1.01189,-29.5129,195.967,1.81574,60.4874,29.1588,12.725,11.0816,9.4382,8.61651,7.79482,7.21964,6.97313,6.15144,4.50806,0.0708338,0.0611942
244,CG6-0313,2026-01-21,6,30,field,CG6-0313|2026-01-21|L6|S30,2026-01-21 10:06:32,2026-01-21 10:06:32,2026-01-21 10:06:32.000000,1,1,9313.07,,,0.0018,24.8137,34.8198,266,0,,,True,SINGLE_READING;,6,day6,MATCHED,D6:wor:L6-30,L6-30,L6-30,results.zip/day6.xlsx,workbook,7.87006,70.9503,L6-31,True,24.8136,34.8198,310.645,,0,310.645,0.15,11888.3,28736.5,False,9342.77,0.0535667,INTERPOLATED,229,261,-29.6948,0.053597,0,True,1.01189,-30.0479,198.875,1.84838,61.385,29.4887,12.811,11.1432,9.47548,8.64159,7.80771,7.22399,6.97383,6.13994,4.47218,0.0708195,0.0611777
245,CG6-0313,2026-01-21,6,31,field,CG6-0313|2026-01-21|L6|S31,2026-01-21 10:10:15,2026-01-21 10:10:15,2026-01-21 10:10:15.000000,1,1,9312.68,,,0.0037,24.814,34.819,263.3,0,,,True,SINGLE_READING;,6,day6,MATCHED,D6:wor:L6-31,L6-31,L6-31,results.zip/day6.xlsx,workbook,13.0313,80.6447,L6-32,True,24.814,34.8191,312.488,,0,312.488,0.15,11971.2,28722.2,False,9342.76,0.0535597,INTERPOLATED,229,261,-30.0855,0.0536874,0,True,1.01189,-30.4433,200.718,1.87083,61.9538,29.6397,12.8075,11.1242,9.44102,8.59941,7.7578,7.16868,6.91619,6.07458,4.39136,0.0708879,0.0612569
246,CG6-0313,2026-01-21,6,32,field,CG6-0313|2026-01-21|L6|S32,2026-01-21 10:16:20,2026-01-21 10:16:20,2026-01-21 10:16:20.000000,1,1,9312.28,,,0.0035,24.8148,34.819,281.3,0,,,True,SINGLE_READING;,6,day6,MATCHED,D6:wor:L6-32,L6-32,L6-32,results.zip/day6.xlsx,workbook,7.95306,92.3099,L6-31,True,24.8147,34.819,314.861,,0,314.861,0.15,11999.5,28636.9,False,9342.76,0.0535489,INTERPOLATED,229,261,-30.4792,0.0536632,0,True,1.01189,-30.8417,203.091,1.92181,62.6862,29.9227,12.8915,11.1884,9.48529,8.63373,7.78217,7.18608,6.93061,6.07905,4.37593,0.0708696,0.0612357
247,CG6-0313,2026-01-21,6,33,field,CG6-0313|2026-01-21|L6|S33,2026-01-21 10:32:07,2026-01-21 10:32:07,2026-01-21 10:32:07.000000,1,1,9316.03,,,0.0021,24.8089,34.8205,276.3,0,,,True,SINGLE_READING;,6,day6,MATCHED,D6:wor:L6-33,L6-33,L6-33,results.zip/day6.xlsx,workbook,3.59135,47.0172,L6-23,True,24.8089,34.8204,293.935,,0,293.935,0.15,11699.9,29242,False,9342.76,0.0535251,INTERPOLATED,229,261,-26.7229,0.0535663,0,True,1.01189,-27.0407,182.165,1.52338,56.2275,27.6634,12.387,10.8594,9.33173,8.56792,7.8041,7.26942,7.04028,6.27646,4.74883,0.0707962,0.0611508
248,CG6-0313,2026-01-21,6,34,field,CG6-0313|2026-01-21|L6|S34,2026-01-21 10:38:02,2026-01-21 10:38:02,2026-01-21 10:38:02.000000,1,1,9315.52,,,0.0021,24.8094,34.8198,272.8,0,,,True,SINGLE_READING;,6,day6,MATCHED,D6:wor:L6-34,L6-34,L6-34,results.zip/day6.xlsx,workbook,7.7185,77.0809,L6-35,True,24.8093,34.8197,296.399,,0,296.399,0.15,11775.6,29211.2,False,9342.75,0.0535176,INTERPOLATED,229,261,-27.2325,0.0535588,0,True,1.01189,-27.5564,184.629,1.54921,56.988,27.8824,12.3994,10.8511,9.3028,8.52865,7.7545,7.2126,6.98035,6.2062,4.6579,0.0707906,0.0611443
249,CG6-0313,2026-01-21,6,35,field,CG6-0313|2026-01-21|L6|S35,2026-01-21 10:42:42,2026-01-21 10:42:42,2026-01-21 10:42:42.000000,1,1,9315.03,,,0.0033,24.8097,34.8189,285.2,0,,,True,SINGLE_READING;,6,day6,MATCHED,D6:wor:L6-35,L6-35,L6-35,results.zip/day6.xlsx,workbook,19.3171,93.0637,L6-36,True,24.8096,34.8191,313.118,,0,313.118,0.15,11870.2,29191.6,False,9342.75,0.0535124,INTERPOLATED,229,261,-27.7184,0.053614,0,True,1.01189,-28.048,201.348,1.57188,62.1483,32.5284,15.6433,13.9548,12.2663,11.4221,10.5778,9.98682,9.73355,8.88929,7.20079,0.0708324,0.0611926
250,CG6-0313,2026-01-21,6,36,field,CG6-0313|2026-01-21|L6|S36,2026-01-21 10:51:12,2026-01-21 10:51:12,2026-01-21 10:51:12.000000,1,1,9314.6,,,0.0029,24.8103,34.8182,298,0,,,True,SINGLE_READING;,6,day6,MATCHED,D6:wor:L6-36,L6-36,L6-36,results.zip/day6.xlsx,workbook,11.4238,87.1149,L6-37,True,24.8102,34.8182,300.28,,0,300.28,0.15,11952.2,29141.3,False,9342.75,0.0535041,INTERPOLATED,229,261,-28.1472,0.0535826,0,True,1.01189,-28.4819,188.51,1.61138,58.1858,28.0926,12.2841,10.7033,9.12242,8.332,7.54157,6.98828,6.75115,5.96073,4.37988,0.0708086,0.0611651
251,CG6-0313,2026-01-21,6,37,field,CG6-0313|2026-01-21|L6|S37,2026-01-21 10:54:44,2026-01-21 10:54:44,2026-01-21 10:54:44.000000,1,1,9314.05,,,0.0038,24.811,34.8178,292,0,,,True,SINGLE_READING;,6,day6,MATCHED,D6:wor:L6-37,L6-37,L6-37,results.zip/day6.xlsx,workbook,5.49392,91.9977,L6-38,True,24.8109,34.8177,302.454,,0,302.454,0.15,12013.4,29077.8,False,9342.75,0.0535011,INTERPOLATED,229,261,-28.7024,0.0536359,0,True,1.01189,-29.0438,190.684,1.6617,58.8568,28.1514,12.1606,10.5616,8.96248,8.16294,7.36341,6.80373,6.56387,5.76433,4.16525,0.070849,0.0612118
252,CG6-0313,2026-01-21,6,38,field,CG6-0313|2026-01-21|L6|S38,2026-01-21 11:00:51,2026-01-21 11:00:51,2026-01-21 11:00:51.000000,1,1,9313.8,,,0.0023,24.8117,34.8174,291.5,0,,,True,SINGLE_READING;,6,day6,MATCHED,D6:wor:L6-38,L6-38,L6-38,results.zip/day6.xlsx,workbook,5.38713,87.1655,L6-39,True,24.8117,34.8173,304.167,,0,304.167,0.15,12069.5,29005.3,False,9342.75,0.0534967,INTERPOLATED,229,261,-28.9436,0.0535461,0,True,1.01189,-29.2878,192.397,1.71386,59.3856,28.3839,12.2495,10.636,9.02261,8.21589,7.40917,6.84446,6.60245,5.79573,4.18228,0.070781,0.0611332
253,CG6-0313,2026-01-21,6,39,field,CG6-0313|2026-01-21|L6|S39,2026-01-21 11:04:58,2026-01-21 11:04:58,2026-01-21 11:04:58.000000,1,1,9313.52,,,0.0037,24.8125,34.8173,297.9,0,,,True,SINGLE_READING;,6,day6,MATCHED,D6:wor:L6-39,L6-39,L6-39,results.zip/day6.xlsx,workbook,2.86719,81.575,L6-40,True,24.8125,34.8173,306.742,,0,306.742,0.15,12100.1,28922.8,False,9342.74,0.0534943,INTERPOLATED,229,261,-29.222,0.0536221,0,True,1.01189,-29.5696,194.972,1.76791,60.1803,28.8428,12.4925,10.8575,9.22242,8.4049,7.58739,7.01512,6.76987,5.95235,4.31732,0.0708385,0.0611997
254,CG6-0313,2026-01-21,6,40,field,CG6-0313|2026-01-21|L6|S40,2026-01-21 11:08:27,2026-01-21 11:08:27,2026-01-21 11:08:27.000000,1,1,9313.3,,,0.0022,24.8131,34.8177,311.7,0,,,True,SINGLE_READING;,6,day6,MATCHED,D6:wor:L6-40,L6-40,L6-40,results.zip/day6.xlsx,workbook,1.40433,84.7402,L6-39,True,24.8131,34.8177,308.854,,0,308.854,0.15,12080.4,28842.9,False,9342.74,0.0534925,INTERPOLATED,229,261,-29.4438,0.0535377,0,True,1.01189,-29.794,197.084,1.81314,60.8322,29.2251,12.6976,11.0449,9.39212,8.56575,7.73937,7.16091,6.913,6.08663,4.43388,0.0707746,0.0611258
255,CG6-0313,2026-01-21,6,41,field,CG6-0313|2026-01-21|L6|S41,2026-01-21 11:16:00,2026-01-21 11:16:00,2026-01-21 11:16:00.000000,1,1,9312.75,,,0.0032,24.8139,34.8173,296.7,0,,,True,SINGLE_READING;,6,day6,MATCHED,D6:wor:L6-41,L6-41,L6-41,results.zip/day6.xlsx,workbook,5.06044,93.3992,L6-40,True,24.8139,34.8173,310.938,,0,310.938,0.15,12134.1,28765.2,False,9342.74,0.0534896,INTERPOLATED,229,261,-29.9879,0.0535853,0,True,1.01189,-30.3445,199.168,1.86525,61.4754,29.2656,12.5634,10.8932,9.22295,8.38784,7.55273,6.96815,6.71762,5.88251,4.21228,0.0708106,0.0611674
256,CG6-0313,2026-01-21,6,42,field,CG6-0313|2026-01-21|L6|S42,2026-01-21 11:19:46,2026-01-21 11:19:46,2026-01-21 11:19:46.000000,1,1,9312.08,,,0.0033,24.8147,34.8168,294.1,0,,,True,SINGLE_READING;,6,day6,MATCHED,D6:wor:L6-42,L6-42,L6-42,results.zip/day6.xlsx,workbook,6.45733,67.4589,L6-43,True,24.8146,34.8167,312.984,,0,312.984,0.15,12207.3,28696.3,False,9342.74,0.0534887,INTERPOLATED,229,261,-30.6617,0.0535904,0,True,1.01189,-31.0263,201.214,1.91546,62.1069,29.1651,12.2913,10.6039,8.91655,8.07286,7.22917,6.63858,6.38548,5.54179,3.85441,0.0708145,0.061172
257,CG6-0313,2026-01-21,6,43,field,CG6-0313|2026-01-21|L6|S43,2026-01-21 11:23:28,2026-01-21 11:23:28,2026-01-21 11:23:28.000000,1,1,9311.99,,,0.0024,24.8153,34.8168,287.5,0,,,True,SINGLE_READING;,6,day6,MATCHED,D6:wor:L6-43,L6-43,L6-43,results.zip/day6.xlsx,workbook,7.48656,76.146,L6-42,True,24.8153,34.8167,314.337,,0,314.337,0.15,12229.5,28627.1,False,9342.74,0.0534881,INTERPOLATED,229,261,-30.7528,0.053542,0,True,1.01189,-31.1185,202.567,1.95949,62.5245,29.4465,12.4592,10.7605,9.06179,8.21242,7.36306,6.7685,6.5137,5.66433,3.96561,0.0707779,0.0611295
258,CG6-0313,2026-01-21,6,44,field,CG6-0313|2026-01-21|L6|S44,2026-01-21 11:28:22,2026-01-21 11:28:22,2026-01-21 11:28:22.000000,1,1,9311.65,,,0.0039,24.8161,34.8166,309.2,0,,,True,SINGLE_READING;,6,day6,MATCHED,D6:wor:L6-44,L6-44,L6-44,results.zip/day6.xlsx,workbook,6.65018,90.2575,L6-45,True,24.8161,34.8166,316.552,,0,316.552,0.15,12271,28541.5,False,9342.74,0.0534879,INTERPOLATED,229,261,-31.0905,0.0536299,0,True,1.01189,-31.4603,204.782,2.01513,63.2081,29.7327,12.5597,10.8424,9.12512,8.26646,7.40781,6.80676,6.54916,5.69051,3.97321,0.0708444,0.0612065
259,CG6-0313,2026-01-21,6,45,field,CG6-0313|2026-01-21|L6|S45,2026-01-21 11:31:35,2026-01-21 11:31:35,2026-01-21 11:31:35.000000,1,1,9311.24,,,0.0035,24.817,34.8167,316.7,0,,,True,SINGLE_READING;,6,day6,MATCHED,D6:wor:L6-45,L6-45,L6-45,results.zip/day6.xlsx,workbook,6.18979,65.8751,L6-46,True,24.8169,34.8166,318.812,,0,318.812,0.15,12287.3,28446.7,False,9342.74,0.053488,INTERPOLATED,229,261,-31.4923,0.0536024,0,True,1.01189,-31.8668,207.042,2.07491,63.9057,29.964,12.6014,10.8652,9.12892,8.2608,7.39267,6.78498,6.52454,5.65641,3.92016,0.0708236,0.0611825
260,CG6-0313,2026-01-21,6,46,field,CG6-0313|2026-01-21|L6|S46,2026-01-21 11:35:58,2026-01-21 11:35:58,2026-01-21 11:35:58.000000,1,1,9310.83,,,0.0027,24.8176,34.8164,317.7,0,,,True,SINGLE_READING;,6,day6,MATCHED,D6:wor:L6-46,L6-46,L6-46,results.zip/day6.xlsx,workbook,5.76599,73.9506,L6-45,True,24.8175,34.8164,320.45,,0,320.45,0.15,12330.5,28388.3,False,9342.73,0.0534886,INTERPOLATED,229,261,-31.9035,0.0535567,0,True,1.01189,-32.283,208.68,2.11501,64.4112,30.0133,12.5134,10.7634,9.01339,8.1384,7.2634,6.65091,6.38841,5.51341,3.76342,0.070789,0.0611424
262,CG6-0313,2026-01-21,10,1,field,CG6-0313|2026-01-21|L10|S1,2026-01-21 14:00:22,2026-01-21 14:00:22,2026-01-21 14:00:22.000000,1,1,9351.74,,,0.0024,24.8007,34.9596,49.5,0,,,True,SINGLE_READING;,6,day6,MATCHED,D6:wor:L10-1,L10-1,L10-1,results.zip/day6.xlsx,workbook,8.99775,214.565,L10-2,True,24.8007,34.9595,65.418,,0,65.418,0.15,3033.5,30711.9,False,9342.72,0.053615,INTERPOLATED,261,273,9.02141,0.0536687,0,True,1.01189,9.1287,-46.352,0.956095,-14.3079,-6.13529,-2.24822,-1.85951,-1.4708,-1.27645,-1.08209,-0.946044,-0.887738,-0.693384,-0.304676,0.0708738,0.0612406
263,CG6-0313,2026-01-21,10,2,field,CG6-0313|2026-01-21|L10|S2,2026-01-21 14:04:21,2026-01-21 14:04:21,2026-01-21 14:04:21.000000,1,1,9350.72,,,0.0023,24.7991,34.9606,45.8,0,,,True,SINGLE_READING;,6,day6,MATCHED,D6:wor:L10-2,L10-2,L10-2,results.zip/day6.xlsx,workbook,7.32419,204.69,L10-1,True,24.799,34.9605,69.628,,0,69.628,0.15,3033.63,30915.9,False,9342.73,0.0536522,INTERPOLATED,261,273,7.9901,0.0537015,0,True,1.01189,8.08512,-42.142,0.843339,-13.0083,-5.76656,-2.23253,-1.87913,-1.52573,-1.34903,-1.17232,-1.04863,-0.995623,-0.818922,-0.465519,0.0708986,0.0612693
264,CG6-0313,2026-01-21,10,3,field,CG6-0313|2026-01-21|L10|S3,2026-01-21 14:08:05,2026-01-21 14:08:05,2026-01-21 14:08:05.000000,1,1,9349.74,,,0.0073,24.7973,34.9612,53.2,0,,STDDEV_GT_0.050,True,SINGLE_READING;,6,day6,MATCHED,D6:wor:L10-3,L10-3,L10-3,results.zip/day6.xlsx,workbook,8.21213,198.044,L10-2,True,24.7973,34.9612,73.72,,0,73.72,0.15,3011.48,31119.4,False,9342.73,0.0536934,INTERPOLATED,261,273,7.01121,0.0541874,0,True,1.01189,7.09459,-38.05,0.724286,-11.7452,-5.37491,-2.18404,-1.86495,-1.54586,-1.38632,-1.22678,-1.1151,-1.06723,-0.90769,-0.588603,0.0712673,0.0616956
265,CG6-0313,2026-01-21,10,4,field,CG6-0313|2026-01-21|L10|S4,2026-01-21 14:11:41,2026-01-21 14:11:41,2026-01-21 14:11:41.000000,1,1,9348.72,,,0.0026,24.7957,34.9618,65.5,0,,,True,SINGLE_READING;,6,day6,MATCHED,D6:wor:L10-4,L10-4,L10-4,results.zip/day6.xlsx,workbook,7.04927,190.053,L10-3,True,24.7956,34.9617,78.577,,0,78.577,0.15,2996.1,31314.1,False,9342.73,0.0537388,INTERPOLATED,261,273,5.9878,0.0538017,0,True,1.01189,6.05901,-33.193,0.609557,-10.246,-4.79651,-2.01294,-1.73459,-1.45623,-1.31705,-1.17787,-1.08045,-1.03869,-0.899516,-0.62116,0.0709745,0.0613571
266,CG6-0313,2026-01-21,10,5,field,CG6-0313|2026-01-21|L10|S5,2026-01-21 14:15:18,2026-01-21 14:15:18,2026-01-21 14:15:18.000000,1,1,9348.07,,,0.0035,24.7939,34.9622,69,0,,,True,SINGLE_READING;,6,day6,MATCHED,D6:wor:L10-5,L10-5,L10-5,results.zip/day6.xlsx,workbook,9.12155,194.013,L10-4,True,24.7938,34.9621,82.774,,0,82.774,0.15,2977.32,31512.2,False,9342.73,0.0537901,INTERPOLATED,261,273,5.34166,0.0539039,0,True,1.01189,5.40518,-28.996,0.487822,-8.95042,-4.03306,-1.60146,-1.3583,-1.11514,-0.993558,-0.871977,-0.786871,-0.750397,-0.628817,-0.385656,0.071052,0.0614467
267,CG6-0313,2026-01-21,10,6,field,CG6-0313|2026-01-21|L10|S6,2026-01-21 14:18:48,2026-01-21 14:18:48,2026-01-21 14:18:48.000000,1,1,9347.37,,,0.0023,24.7924,34.963,75.3,0,,,True,SINGLE_READING;,6,day6,MATCHED,D6:wor:L10-6,L10-6,L10-6,results.zip/day6.xlsx,workbook,5.49662,186.187,L10-5,True,24.7923,34.963,87.02,,0,87.02,0.15,3019.09,31701,False,9342.73,0.0538452,INTERPOLATED,261,273,4.63107,0.0538943,0,True,1.01189,4.68615,-24.75,0.383328,-7.63977,-3.33695,-1.26142,-1.05386,-0.846309,-0.742532,-0.638755,-0.566111,-0.534978,-0.431202,-0.223648,0.0710447,0.0614383
268,CG6-0313,2026-01-21,10,7,field,CG6-0313|2026-01-21|L10|S7,2026-01-21 14:21:55,2026-01-21 14:21:55,2026-01-21 14:21:55.000000,1,1,9346.42,,,0.0032,24.7908,34.964,78.7,0,,,True,SINGLE_READING;,6,day6,MATCHED,D6:wor:L10-7,L10-7,L10-7,results.zip/day6.xlsx,workbook,5.04436,198.386,L10-6,True,24.7907,34.9639,91.985,,0,91.985,0.15,3081.24,31898.9,False,9342.74,0.0538986,INTERPOLATED,261,273,3.68179,0.0539935,0,True,1.01189,3.72558,-19.785,0.273278,-6.10718,-2.65488,-0.995707,-0.82979,-0.663873,-0.580914,-0.497956,-0.439885,-0.414997,-0.332039,-0.166122,0.0711201,0.0615254
269,CG6-0313,2026-01-21,10,8,field,CG6-0313|2026-01-21|L10|S8,2026-01-21 14:25:00,2026-01-21 14:25:00,2026-01-21 14:25:00.000000,1,1,9345.49,,,0.0025,24.7892,34.965,90.6,0,,,True,SINGLE_READING;,6,day6,MATCHED,D6:wor:L10-8,L10-8,L10-8,results.zip/day6.xlsx,workbook,4.49224,201.322,L10-9,True,24.7892,34.965,96.284,,0,96.284,0.15,3171.17,32094.3,False,9342.74,0.0539556,INTERPOLATED,261,273,2.74936,0.0540135,0,True,1.01189,2.78206,-15.486,0.167296,-4.78017,-2.16541,-0.86675,-0.736885,-0.607019,-0.542086,-0.477153,-0.4317,-0.412221,-0.347288,-0.217422,0.0711352,0.0615429
270,CG6-0313,2026-01-21,10,9,field,CG6-0313|2026-01-21|L10|S9,2026-01-21 14:28:20,2026-01-21 14:28:20,2026-01-21 14:28:20.000000,1,1,9344.5,,,0.0025,24.7877,34.966,91.9,0,,,True,SINGLE_READING;,6,day6,MATCHED,D6:wor:L10-9,L10-9,L10-9,results.zip/day6.xlsx,workbook,9.02306,194.25,L10-8,True,24.7876,34.9659,101.369,,0,101.369,0.15,3256.34,32286.8,False,9342.74,0.0540218,INTERPOLATED,261,273,1.75711,0.0540796,0,True,1.01189,1.77801,-10.401,0.0587237,-3.21054,-1.49126,-0.619029,-0.531806,-0.444583,-0.400972,-0.35736,-0.326832,-0.313749,-0.270138,-0.182915,0.0711855,0.061601
271,CG6-0313,2026-01-21,10,10,field,CG6-0313|2026-01-21|L10|S10,2026-01-21 14:32:50,2026-01-21 14:32:50,2026-01-21 14:32:50.000000,1,1,9343.57,,,0.0023,24.786,34.9668,92.8,0,,,True,SINGLE_READING;,6,day6,MATCHED,D6:wor:L10-10,L10-10,L10-10,results.zip/day6.xlsx,workbook,5.27995,194.18,L10-9,True,24.786,34.9668,105.694,,0,105.694,0.15,3337.35,32483.1,False,9342.74,0.0541187,INTERPOLATED,261,273,0.82526,0.0541676,0,True,1.01189,0.835075,-6.076,-0.0516236,-1.87552,-0.988817,-0.479284,-0.428331,-0.377377,-0.351901,-0.326424,-0.30859,-0.300947,-0.275471,-0.224517,0.0712523,0.0616782
272,CG6-0313,2026-01-21,10,11,field,CG6-0313|2026-01-21|L10|S11,2026-01-21 14:36:35,2026-01-21 14:36:35,2026-01-21 14:36:35.000000,1,1,9342.79,,,0.0021,24.7845,34.9678,93.3,0,,,True,SINGLE_READING;,6,day6,MATCHED,D6:wor:L10-11,L10-11,L10-11,results.zip/day6.xlsx,workbook,8.31359,193.031,L10-10,True,24.7845,34.9677,109.743,,0,109.743,0.15,3444.73,32673.6,False,9342.75,0.054206,INTERPOLATED,261,273,0.0465996,0.0542467,0,True,1.01189,0.0471538,-2.027,-0.157013,-0.625684,-0.421518,-0.251533,-0.234535,-0.217537,-0.209037,-0.200538,-0.194589,-0.192039,-0.18354,-0.166541,0.0713125,0.0617477
277,CG6-0313,2026-01-22,10,12,field,CG6-0313|2026-01-22|L10|S12,2026-01-22 08:07:54,2026-01-22 08:07:54,2026-01-22 08:07:54.000000,1,0,,,,,24.7827,34.9686,110.3,0,FROZEN_SENSOR_OUTPUT,,False,NO_ACCEPTED_READING;,7,day7,MATCHED,D7:wor:L10-12,L10-12,L10-12,results.zip/day7.xlsx,workbook,0.855675,207.476,L10-13,True,24.7827,34.9686,116.919,,2.832,114.087,0.356131,3542.06,32887.7,False,9342.15,0.0532573,INTERPOLATED,276,316,,,0,False,1.01189,,2.317,-0.277636,0.715204,,,,,,,,,,,,
278,CG6-0313,2026-01-22,10,13,field,CG6-0313|2026-01-22|L10|S13,2026-01-22 08:11:21,2026-01-22 08:11:21,2026-01-22 08:11:21.000000,1,1,9340.14,,,0.0029,24.7811,34.9694,114.3,0,,,True,SINGLE_READING;,7,day7,MATCHED,D7:wor:L10-13,L10-13,L10-13,results.zip/day7.xlsx,workbook,5.12641,190.777,L10-14,True,24.781,34.9694,121.237,,2.832,118.405,0.356131,3652.84,33088.4,False,9342.15,0.0532554,INTERPOLATED,276,316,-2.00746,0.0533343,0,True,1.01189,-2.03133,6.635,-0.394319,2.04806,0.41105,-0.145361,-0.201002,-0.256643,-0.284464,-0.312284,-0.331759,-0.340105,-0.367926,-0.423567,0.12216,0.0880285
279,CG6-0313,2026-01-22,10,14,field,CG6-0313|2026-01-22|L10|S14,2026-01-22 08:14:45,2026-01-22 08:14:45,2026-01-22 08:14:45.000000,1,1,9339.7,,,0.0023,24.7796,34.9703,113.2,0,,,True,SINGLE_READING;,7,day7,MATCHED,D7:wor:L10-14,L10-14,L10-14,results.zip/day7.xlsx,workbook,7.05273,181.688,L10-13,True,24.7795,34.9703,124.952,,2.832,122.12,0.356131,3773.61,33269.7,False,9342.15,0.0532536,INTERPOLATED,276,316,-2.44775,0.0533032,0,True,1.01189,-2.47686,10.35,-0.495456,3.19479,1.21339,0.345439,0.258644,0.171849,0.128451,0.0850536,0.0546754,0.0416561,-0.00174146,-0.0885366,0.122146,0.0880097
280,CG6-0313,2026-01-22,10,15,field,CG6-0313|2026-01-22|L10|S15,2026-01-22 08:18:29,2026-01-22 08:18:29,2026-01-22 08:18:29.000000,1,1,9339.09,,,0.0025,24.7778,34.971,121.8,0,,,True,SINGLE_READING;,7,day7,MATCHED,D7:wor:L10-15,L10-15,L10-15,results.zip/day7.xlsx,workbook,5.97243,199.333,L10-16,True,24.7778,34.971,128.666,,2.832,125.834,0.356131,3891.12,33477,False,9342.15,0.0532516,INTERPOLATED,276,316,-3.0579,0.0533103,0,True,1.01189,-3.09427,14.064,-0.614984,4.34121,1.86192,0.682514,0.564574,0.446633,0.387663,0.328692,0.287413,0.269722,0.210752,0.0928108,0.122149,0.088014
281,CG6-0313,2026-01-22,10,16,field,CG6-0313|2026-01-22|L10|S16,2026-01-22 08:23:44,2026-01-22 08:23:44,2026-01-22 08:23:44.000000,1,1,9338.46,,,0.0025,24.7762,34.9719,127.3,0,,,True,SINGLE_READING;,7,day7,MATCHED,D7:wor:L10-16,L10-16,L10-16,results.zip/day7.xlsx,workbook,5.43565,192.012,L10-15,True,24.7762,34.9718,132.77,,2.832,129.938,0.356131,4020.12,33671.5,False,9342.15,0.053249,INTERPOLATED,276,316,-3.68725,0.0533077,0,True,1.01189,-3.7311,18.168,-0.724065,5.608,2.60097,1.0774,0.925047,0.77269,0.696512,0.620333,0.567009,0.544155,0.467977,0.31562,0.122148,0.0880124
282,CG6-0313,2026-01-22,10,17,field,CG6-0313|2026-01-22|L10|S17,2026-01-22 08:27:07,2026-01-22 08:27:07,2026-01-22 08:27:07.000000,1,1,9337.28,,,0.0028,24.7743,34.9719,125.2,0,,,True,SINGLE_READING;,7,day7,MATCHED,D7:wor:L10-17,L10-17,L10-17,results.zip/day7.xlsx,workbook,3.64524,186.043,L10-18,True,24.7742,34.9719,137.986,,2.832,135.154,0.356131,4093.45,33883.7,False,9342.15,0.0532475,INTERPOLATED,276,316,-4.86795,0.053321,0,True,1.01189,-4.92584,23.384,-0.859467,7.21804,3.15167,1.19069,0.994591,0.798493,0.700444,0.602395,0.53376,0.504345,0.406296,0.210198,0.122154,0.0880205
283,CG6-0313,2026-01-22,10,18,field,CG6-0313|2026-01-22|L10|S18,2026-01-22 08:30:50,2026-01-22 08:30:50,2026-01-22 08:30:50.000000,1,1,9336.85,,,0.0023,24.7726,34.9721,129.1,0,,,True,SINGLE_READING;,7,day7,MATCHED,D7:wor:L10-18,L10-18,L10-18,results.zip/day7.xlsx,workbook,3.49984,180.106,L10-17,True,24.7726,34.9721,140.894,,2.832,138.062,0.356131,4181.49,34065.3,False,9342.15,0.0532458,INTERPOLATED,276,316,-5.30051,0.0532955,0,True,1.01189,-5.36355,26.292,-0.971311,8.11566,3.72342,1.51858,1.29809,1.07761,0.967365,0.857122,0.779953,0.74688,0.636638,0.416153,0.122143,0.088005
284,CG6-0313,2026-01-22,10,19,field,CG6-0313|2026-01-22|L10|S19,2026-01-22 08:34:27,2026-01-22 08:34:27,2026-01-22 08:34:27.000000,1,1,9336.13,,,0.0033,24.7709,34.9723,126.5,0,,,True,SINGLE_READING;,7,day7,MATCHED,D7:wor:L10-19,L10-19,L10-19,results.zip/day7.xlsx,workbook,4.43168,190.719,L10-18,True,24.7709,34.9723,144.602,,2.832,141.77,0.356131,4270.24,34254.3,False,9342.15,0.0532443,INTERPOLATED,276,316,-6.01725,0.0533465,0,True,1.01189,-6.08881,30,-1.0914,9.26022,4.26281,1.74701,1.49543,1.24385,1.11806,0.992265,0.904212,0.866475,0.740685,0.489105,0.122165,0.0880359
285,CG6-0313,2026-01-22,10,20,field,CG6-0313|2026-01-22|L10|S20,2026-01-22 08:38:43,2026-01-22 08:38:43,2026-01-22 08:38:43.000000,1,1,9335.25,,,0.0036,24.7692,34.973,141.4,0,,,True,SINGLE_READING;,7,day7,MATCHED,D7:wor:L10-20,L10-20,L10-20,results.zip/day7.xlsx,workbook,4.06389,195.326,L10-19,True,24.7692,34.9729,148.115,,2.832,145.283,0.356131,4412.49,34453,False,9342.15,0.0532426,INTERPOLATED,276,316,-6.89055,0.0533642,0,True,1.01189,-6.9725,33.513,-1.20553,10.3446,4.57762,1.76722,1.48618,1.20514,1.06462,0.924096,0.825732,0.783576,0.643056,0.362016,0.122173,0.0880466
286,CG6-0313,2026-01-22,10,21,field,CG6-0313|2026-01-22|L10|S21,2026-01-22 08:42:09,2026-01-22 08:42:09,2026-01-22 08:42:09.000000,1,1,9334.44,,,0.0026,24.7673,34.9741,143.3,0,,,True,SINGLE_READING;,7,day7,MATCHED,D7:wor:L10-21,L10-21,L10-21,results.zip/day7.xlsx,workbook,3.88964,146.103,L10-22,True,24.7673,34.9741,152.537,,2.832,149.705,0.356131,4614.39,34692.1,False,9342.14,0.0532413,INTERPOLATED,276,316,-7.69981,0.0533047,0,True,1.01189,-7.79138,37.935,-1.33875,11.7095,5.25689,2.07567,1.75754,1.43942,1.28036,1.1213,1.00995,0.962236,0.803174,0.485051,0.122147,0.0880106
287,CG6-0313,2026-01-22,10,22,field,CG6-0313|2026-01-22|L10|S22,2026-01-22 08:45:21,2026-01-22 08:45:21,2026-01-22 08:45:21.000000,1,1,9333.92,,,0.0024,24.7661,34.9747,146.3,0,,,True,SINGLE_READING;,7,day7,MATCHED,D7:wor:L10-22,L10-22,L10-22,results.zip/day7.xlsx,workbook,3.606,140.888,L10-21,True,24.7661,34.9747,155.357,,2.832,152.525,0.356131,4726.9,34833.5,False,9342.14,0.0532401,INTERPOLATED,276,316,-8.22398,0.0532942,0,True,1.01189,-8.32179,40.755,-1.41977,12.58,5.67796,2.26025,1.91847,1.5767,1.40582,1.23493,1.11531,1.06405,0.89316,0.551389,0.122142,0.0880043
288,CG6-0313,2026-01-22,10,23,field,CG6-0313|2026-01-22|L10|S23,2026-01-22 08:48:46,2026-01-22 08:48:46,2026-01-22 08:48:46.000000,1,1,9332.87,,,0.0031,24.7645,34.9754,150.3,0,,,True,SINGLE_READING;,7,day7,MATCHED,D7:wor:L10-23,L10-23,L10-23,results.zip/day7.xlsx,workbook,6.91474,189.207,L10-22,True,24.7644,34.9754,160.019,,2.832,157.187,0.356131,4876.92,35025.6,False,9342.14,0.053239,INTERPOLATED,276,316,-9.27083,0.0533292,0,True,1.01189,-9.38109,45.417,-1.53274,14.019,6.17065,2.36198,1.98111,1.60025,1.40981,1.21938,1.08608,1.02895,0.838512,0.457645,0.122157,0.0880254
289,CG6-0313,2026-01-22,10,24,field,CG6-0313|2026-01-22|L10|S24,2026-01-22 08:52:24,2026-01-22 08:52:24,2026-01-22 08:52:24.000000,1,1,9332.3,,,0.0028,24.7633,34.9769,160.1,0,,,True,SINGLE_READING;,7,day7,MATCHED,D7:wor:L10-24,L10-24,L10-24,results.zip/day7.xlsx,workbook,7.22084,201.063,L10-23,True,24.7633,34.9769,164.721,,2.832,161.889,0.356131,5079.34,35196.5,False,9342.14,0.0532378,INTERPOLATED,276,316,-9.84127,0.0533114,0,True,1.01189,-9.9583,50.119,-1.61366,15.4704,7.12571,2.92274,2.50244,2.08214,1.87199,1.66184,1.51474,1.45169,1.24154,0.821246,0.12215,0.0880147
290,CG6-0313,2026-01-22,10,25,field,CG6-0313|2026-01-22|L10|S25,2026-01-22 08:56:56,2026-01-22 08:56:56,2026-01-22 08:56:56.000000,1,1,9331.21,,,0.0026,24.7618,34.9781,166.2,0,,,True,SINGLE_READING;,7,day7,MATCHED,D7:wor:L10-25,L10-25,L10-25,results.zip/day7.xlsx,workbook,7.53288,198.474,L10-24,True,24.7618,34.9781,169.485,,2.832,166.653,0.356131,5263.97,35386.8,False,9342.14,0.0532365,INTERPOLATED,276,316,-10.9348,0.0532999,0,True,1.01189,-11.0649,54.883,-1.71521,16.9409,7.59119,2.9887,2.52846,2.06821,1.83808,1.60796,1.44687,1.37783,1.14771,0.68746,0.122145,0.0880077
291,CG6-0313,2026-01-22,10,26,field,CG6-0313|2026-01-22|L10|S26,2026-01-22 09:16:01,2026-01-22 09:16:01,2026-01-22 09:16:01.000000,1,1,9350.81,,,0.0033,24.803,34.9577,63.6,0,,,True,SINGLE_READING;,7,day7,MATCHED,D7:wor:L10-26,L10-26,L10-26,results.zip/day7.xlsx,workbook,7.49679,206.174,L10-27,True,24.8029,34.9577,69.785,,2.832,66.953,0.356131,3012.43,30421.8,False,9342.14,0.0532322,INTERPOLATED,276,316,8.67334,0.0533344,0,True,1.01189,8.77649,-44.817,1.10976,-13.8341,-6.16733,-2.40898,-2.03314,-1.65731,-1.46939,-1.28147,-1.14993,-1.09355,-0.905637,-0.529802,0.12216,0.0880286
292,CG6-0313,2026-01-22,10,27,field,CG6-0313|2026-01-22|L10|S27,2026-01-22 09:19:37,2026-01-22 09:19:37,2026-01-22 09:19:37.000000,1,1,9349.6,,,0.0026,24.8048,34.9572,57.3,0,,,True,SINGLE_READING;,7,day7,MATCHED,D7:wor:L10-27,L10-27,L10-27,results.zip/day7.xlsx,workbook,6.68425,192.676,L10-28,True,24.8048,34.9571,74.877,,2.832,72.045,0.356131,3100.93,30209.4,False,9342.13,0.0532316,INTERPOLATED,276,316,7.46607,0.0532951,0,True,1.01189,7.55486,-39.725,1.23772,-12.2623,-5.94512,-2.61378,-2.28065,-1.94752,-1.78095,-1.61438,-1.49778,-1.44781,-1.28125,-0.948114,0.122143,0.0880048
293,CG6-0313,2026-01-22,10,28,field,CG6-0313|2026-01-22|L10|S28,2026-01-22 09:24:04,2026-01-22 09:24:04,2026-01-22 09:24:04.000000,1,1,9348.75,,,0.0049,24.8065,34.9565,55.6,0,,,True,SINGLE_READING;,7,day7,MATCHED,D7:wor:L10-28,L10-28,L10-28,results.zip/day7.xlsx,workbook,7.53522,197.822,L10-29,True,24.8065,34.9565,79.852,,2.832,77.02,0.356131,3179.57,30009.6,False,9342.13,0.053231,INTERPOLATED,276,316,6.61368,0.053456,0,True,1.01189,6.69233,-34.75,1.3545,-10.7266,-5.38874,-2.4746,-2.18319,-1.89178,-1.74607,-1.60036,-1.49837,-1.45465,-1.30895,-1.01753,0.122213,0.0881024
294,CG6-0313,2026-01-22,10,29,field,CG6-0313|2026-01-22|L10|S29,2026-01-22 09:27:10,2026-01-22 09:27:10,2026-01-22 09:27:10.000000,1,1,9347.6,,,0.0029,24.8081,34.9556,64.4,0,,,True,SINGLE_READING;,7,day7,MATCHED,D7:wor:L10-29,L10-29,L10-29,results.zip/day7.xlsx,workbook,7.08292,192.029,L10-30,True,24.8081,34.9555,85.264,,2.832,82.432,0.356131,3239.28,29811.6,False,9342.13,0.0532306,INTERPOLATED,276,316,5.4628,0.0533096,0,True,1.01189,5.52777,-29.338,1.46513,-9.056,-4.99336,-2.53308,-2.28705,-2.04102,-1.91801,-1.79499,-1.70888,-1.67198,-1.54896,-1.30293,0.122149,0.0880136
295,CG6-0313,2026-01-22,10,30,field,CG6-0313|2026-01-22|L10|S30,2026-01-22 09:30:17,2026-01-22 09:30:17,2026-01-22 09:30:17.000000,1,1,9346.48,,,0.0038,24.8092,34.9539,51.2,0,,,True,SINGLE_READING;,7,day7,MATCHED,D7:wor:L10-30,L10-30,L10-30,results.zip/day7.xlsx,workbook,8.4183,186.079,L10-31,True,24.8091,34.954,90.918,,2.832,88.086,0.356131,3218.29,29658.3,False,9342.13,0.0532303,INTERPOLATED,276,316,4.34583,0.0533658,0,True,1.01189,4.39751,-23.684,1.53581,-7.31073,-4.44902,-2.46288,-2.26427,-2.06565,-1.96635,-1.86704,-1.79753,-1.76773,-1.66843,-1.46981,0.122173,0.0880476
296,CG6-0313,2026-01-22,10,31,field,CG6-0313|2026-01-22|L10|S31,2026-01-22 09:33:37,2026-01-22 09:33:37,2026-01-22 09:33:37.000000,1,1,9345.14,,,0.0023,24.8101,34.9523,57.8,0,,,True,SINGLE_READING;,7,day7,MATCHED,D7:wor:L10-31,L10-31,L10-31,results.zip/day7.xlsx,workbook,6.84948,188.193,L10-32,True,24.8101,34.9524,96.361,,2.832,93.529,0.356131,3203.04,29515.7,False,9342.13,0.0532301,INTERPOLATED,276,316,3.01134,0.0532797,0,True,1.01189,3.04715,-18.241,1.60146,-5.63059,-4.18489,-2.6552,-2.50224,-2.34927,-2.27278,-2.1963,-2.14276,-2.11981,-2.04333,-1.89036,0.122136,0.0879955
297,CG6-0313,2026-01-22,10,32,field,CG6-0313|2026-01-22|L10|S32,2026-01-22 09:36:51,2026-01-22 09:36:51,2026-01-22 09:36:51.000000,1,1,9344.15,,,0.0025,24.8114,34.9511,65.6,0,,,True,SINGLE_READING;,7,day7,MATCHED,D7:wor:L10-32,L10-32,L10-32,results.zip/day7.xlsx,workbook,8.73749,187.998,L10-33,True,24.8114,34.9511,101.388,,2.832,98.556,0.356131,3257.31,29339.6,False,9342.13,0.0532299,INTERPOLATED,276,316,2.01505,0.0532886,0,True,1.01189,2.03901,-13.214,1.69212,-4.07887,-3.73198,-2.62386,-2.51304,-2.40223,-2.34682,-2.29142,-2.25263,-2.23601,-2.18061,-2.06979,0.12214,0.0880008
298,CG6-0313,2026-01-22,10,33,field,CG6-0313|2026-01-22|L10|S33,2026-01-22 09:39:52,2026-01-22 09:39:52,2026-01-22 09:39:52.000000,1,1,9343.22,,,0.0027,24.813,34.9501,46.3,0,,,True,SINGLE_READING;,7,day7,MATCHED,D7:wor:L10-33,L10-33,L10-33,results.zip/day7.xlsx,workbook,13.9645,180.565,L10-34,True,24.8129,34.9502,106.541,,2.832,103.709,0.356131,3357.79,29144.7,False,9342.13,0.0532298,INTERPOLATED,276,316,1.09063,0.0532982,0,True,1.01189,1.1036,-8.061,1.7979,-2.48826,-3.18256,-2.50656,-2.43896,-2.37136,-2.33756,-2.30376,-2.2801,-2.26996,-2.23616,-2.16856,0.122144,0.0880067
299,CG6-0313,2026-01-22,10,34,field,CG6-0313|2026-01-22|L10|S34,2026-01-22 09:43:10,2026-01-22 09:43:10,2026-01-22 09:43:10.000000,1,1,9342.6,,,0.0025,24.8146,34.9495,65.8,0,,,True,SINGLE_READING;,7,day7,MATCHED,D7:wor:L10-34,L10-34,L10-34,results.zip/day7.xlsx,workbook,10.3453,190.49,L10-35,True,24.8146,34.9495,113.166,,2.832,110.334,0.356131,3486.07,28954.6,False,9342.13,0.0532297,INTERPOLATED,276,316,0.47196,0.0532884,0,True,1.01189,0.477573,-1.436,1.91129,-0.443276,-1.87699,-1.75657,-1.74453,-1.73249,-1.72647,-1.72044,-1.71623,-1.71442,-1.7084,-1.69636,0.12214,0.0880007
300,CG6-0313,2026-01-22,10,35,field,CG6-0313|2026-01-22|L10|S35,2026-01-22 09:46:54,2026-01-22 09:46:54,2026-01-22 09:46:54.000000,1,1,9341.63,,,0.0022,24.8164,34.9492,88.6,0,,,True,SINGLE_READING;,7,day7,MATCHED,D7:wor:L10-35,L10-35,L10-35,results.zip/day7.xlsx,workbook,8.8957,196.091,L10-36,True,24.8163,34.9493,119.408,,2.832,116.576,0.356131,3651.09,28756.9,False,9342.13,0.0532297,INTERPOLATED,276,316,-0.49434,0.0532751,0,True,1.01189,-0.500219,4.806,2.03447,1.48347,-1.05121,-1.45424,-1.49455,-1.53485,-1.555,-1.57515,-1.58926,-1.5953,-1.61546,-1.65576,0.122134,0.0879927
301,CG6-0313,2026-01-22,10,36,field,CG6-0313|2026-01-22|L10|S36,2026-01-22 09:50:26,2026-01-22 09:50:26,2026-01-22 09:50:26.000000,1,1,9340.47,,,0.0024,24.8182,34.9494,107.2,0,,,True,SINGLE_READING;,7,day7,MATCHED,D7:wor:L10-36,L10-36,L10-36,results.zip/day7.xlsx,workbook,6.08423,178.999,L10-37,True,24.8182,34.9494,125.716,,2.832,122.884,0.356131,3839.53,28565.4,False,9342.13,0.0532298,INTERPOLATED,276,316,-1.65245,0.0532838,0,True,1.01189,-1.6721,11.114,2.16064,3.43059,-0.402148,-1.33417,-1.42737,-1.52057,-1.56717,-1.61377,-1.64639,-1.66037,-1.70698,-1.80018,0.122138,0.087998
302,CG6-0313,2026-01-22,10,37,field,CG6-0313|2026-01-22|L10|S37,2026-01-22 09:53:35,2026-01-22 09:53:35,2026-01-22 09:53:35.000000,1,1,9339.34,,,0.0034,24.8199,34.9495,116.3,0,,,True,SINGLE_READING;,7,day7,MATCHED,D7:wor:L10-37,L10-37,L10-37,results.zip/day7.xlsx,workbook,7.92454,187.25,L10-38,True,24.8198,34.9495,130.82,,2.832,127.988,0.356131,4015.81,28389.3,False,9342.13,0.0532299,INTERPOLATED,276,316,-2.78823,0.0533384,0,True,1.01189,-2.82139,16.218,2.27454,5.00606,-0.0898678,-1.44991,-1.58591,-1.72192,-1.78992,-1.85792,-1.90552,-1.92592,-1.99393,-2.12993,0.122161,0.088031
303,CG6-0313,2026-01-22,10,38,field,CG6-0313|2026-01-22|L10|S38,2026-01-22 09:56:47,2026-01-22 09:56:47,2026-01-22 09:56:47.000000,1,1,9338.14,,,0.0021,24.8216,34.9493,123,0,,,True,SINGLE_READING;,7,day7,MATCHED,D7:wor:L10-38,L10-38,L10-38,results.zip/day7.xlsx,workbook,7.61556,188.788,L10-39,True,24.8216,34.9492,136.76,,2.832,133.928,0.356131,4183.16,28196.2,False,9342.13,0.0532301,INTERPOLATED,276,316,-3.9844,0.0532715,0,True,1.01189,-4.03178,22.158,2.39363,6.83957,0.414163,-1.44401,-1.62982,-1.81564,-1.90855,-2.00146,-2.06649,-2.09437,-2.18727,-2.37309,0.122132,0.0879905
304,CG6-0313,2026-01-22,10,39,field,CG6-0313|2026-01-22|L10|S39,2026-01-22 10:00:04,2026-01-22 10:00:04,2026-01-22 10:00:04.000000,1,1,9337.21,,,0.0025,24.8234,34.9491,126.1,0,,,True,SINGLE_READING;,7,day7,MATCHED,D7:wor:L10-39,L10-39,L10-39,results.zip/day7.xlsx,workbook,11.0346,172.768,L10-40,True,24.8233,34.9491,141.272,,2.832,138.44,0.356131,4361.84,28000.9,False,9342.12,0.0532303,INTERPOLATED,276,316,-4.91442,0.053289,0,True,1.01189,-4.97286,26.67,2.51439,8.2323,0.745044,-1.4915,-1.71516,-1.93881,-2.05064,-2.16247,-2.24075,-2.27429,-2.38612,-2.60978,0.12214,0.0880011
305,CG6-0313,2026-01-22,10,40,field,CG6-0313|2026-01-22|L10|S40,2026-01-22 10:03:34,2026-01-22 10:03:34,2026-01-22 10:03:34.000000,1,1,9336.01,,,0.0031,24.825,34.9486,139,0,,,True,SINGLE_READING;,7,day7,MATCHED,D7:wor:L10-40,L10-40,L10-40,results.zip/day7.xlsx,workbook,8.32749,187.962,L10-39,True,24.8249,34.9486,146.745,,2.832,143.913,0.356131,4506.25,27821.7,False,9342.12,0.0532307,INTERPOLATED,276,316,-6.10938,0.0533208,0,True,1.01189,-6.18204,32.143,2.62237,9.92166,1.11725,-1.57827,-1.84782,-2.11737,-2.25214,-2.38692,-2.48126,-2.52169,-2.65647,-2.92602,0.122154,0.0880204
306,CG6-0313,2026-01-22,10,41,field,CG6-0313|2026-01-22|L10|S41,2026-01-22 10:09:30,2026-01-22 10:09:30,2026-01-22 10:09:30.000000,1,1,9335.03,,,0.0026,24.8266,34.9475,139.6,0,,,True,SINGLE_READING;,7,day7,MATCHED,D7:wor:L10-41,L10-41,L10-41,results.zip/day7.xlsx,workbook,11.3571,216.926,L10-40,True,24.8265,34.9475,150.967,,2.832,148.135,0.356131,4645.42,27617.8,False,9342.12,0.0532314,INTERPOLATED,276,316,-7.09322,0.0532948,0,True,1.01189,-7.17757,36.365,2.73322,11.2249,1.31407,-1.7355,-2.04046,-2.34542,-2.4979,-2.65037,-2.75711,-2.80285,-2.95533,-3.26029,0.122142,0.0880047
307,CG6-0313,2026-01-22,10,42,field,CG6-0313|2026-01-22|L10|S42,2026-01-22 10:14:48,2026-01-22 10:14:48,2026-01-22 10:14:48.000000,1,1,9334,,,0.0028,24.8286,34.947,146.4,0,,,True,SINGLE_READING;,7,day7,MATCHED,D7:wor:L10-42,L10-42,L10-42,results.zip/day7.xlsx,workbook,9.27576,165.737,L10-43,True,24.8286,34.947,156.165,,2.832,153.333,0.356131,4847.79,27385.9,False,9342.12,0.0532322,INTERPOLATED,276,316,-8.12049,0.0533058,0,True,1.01189,-8.21707,41.563,2.87499,12.8293,1.73727,-1.7482,-2.09675,-2.4453,-2.61957,-2.79384,-2.91584,-2.96812,-3.14239,-3.49094,0.122147,0.0880113
308,CG6-0313,2026-01-22,10,43,field,CG6-0313|2026-01-22|L10|S43,2026-01-22 10:18:47,2026-01-22 10:18:47,2026-01-22 10:18:47.000000,1,1,9332.95,,,0.0025,24.8299,34.9461,146.8,0,,,True,SINGLE_READING;,7,day7,MATCHED,D7:wor:L10-43,L10-43,L10-43,results.zip/day7.xlsx,workbook,9.26208,175.651,L10-42,True,24.8298,34.946,160.28,,2.832,157.448,0.356131,4956.96,27225.6,False,9342.12,0.053233,INTERPOLATED,276,316,-9.17384,0.0532916,0,True,1.01189,-9.28294,45.678,2.96136,14.0995,1.8552,-1.97536,-2.35841,-2.74147,-2.933,-3.12452,-3.25859,-3.31605,-3.50758,-3.89064,0.122141,0.0880027
309,CG6-0313,2026-01-22,10,44,field,CG6-0313|2026-01-22|L10|S44,2026-01-22 10:22:15,2026-01-22 10:22:15,2026-01-22 10:22:15.000000,1,1,9331.66,,,0.0018,24.8316,34.9449,147.4,0,,,True,SINGLE_READING;,7,day7,MATCHED,D7:wor:L10-44,L10-44,L10-44,results.zip/day7.xlsx,workbook,7.84904,182.584,L10-45,True,24.8315,34.9449,164.926,,2.832,162.094,0.356131,5111.89,27013.9,False,9342.12,0.0532337,INTERPOLATED,276,316,-10.4557,0.0532641,0,True,1.01189,-10.58,50.324,3.07825,15.5336,1.87532,-2.34485,-2.76686,-3.18888,-3.39989,-3.6109,-3.7586,-3.82191,-4.03291,-4.45493,0.122129,0.087986
310,CG6-0313,2026-01-22,10,45,field,CG6-0313|2026-01-22|L10|S45,2026-01-22 10:27:55,2026-01-22 10:27:55,2026-01-22 10:27:55.000000,1,1,9330.37,,,0.0032,24.8322,34.9432,154.1,0,,,True,SINGLE_READING;,7,day7,MATCHED,D7:wor:L10-45,L10-45,L10-45,results.zip/day7.xlsx,workbook,9.14874,185.381,L10-44,True,24.8322,34.9432,170.201,,2.832,167.369,0.356131,5147.29,26903.3,False,9342.12,0.053235,INTERPOLATED,276,316,-11.7491,0.0533311,0,True,1.01189,-11.8888,55.599,3.12176,17.1618,2.15121,-2.51132,-2.97757,-3.44383,-3.67695,-3.91008,-4.07327,-4.14321,-4.37633,-4.84259,0.122158,0.0880266
311,CG6-0313,2026-01-22,10,46,field,CG6-0313|2026-01-22|L10|S46,2026-01-22 10:31:28,2026-01-22 10:31:28,2026-01-22 10:31:28.000000,1,1,9329.6,,,0.0026,24.8336,34.9419,161.3,0,,,True,SINGLE_READING;,7,day7,MATCHED,D7:wor:L10-46,L10-46,L10-46,results.zip/day7.xlsx,workbook,8.03891,185.668,L10-47,True,24.8335,34.9419,174.616,,2.832,171.784,0.356131,5270.65,26726.4,False,9342.12,0.0532359,INTERPOLATED,276,316,-12.5173,0.0532994,0,True,1.01189,-12.6661,60.014,3.21409,18.5246,2.64432,-2.38845,-2.89173,-3.395,-3.64664,-3.89828,-4.07443,-4.14992,-4.40156,-4.90484,0.122144,0.0880074
312,CG6-0313,2026-01-22,10,47,field,CG6-0313|2026-01-22|L10|S47,2026-01-22 10:34:47,2026-01-22 10:34:47,2026-01-22 10:34:47.000000,1,1,9328.64,,,0.0035,24.8343,34.9403,164.1,0,,,True,SINGLE_READING;,7,day7,MATCHED,D7:wor:L10-47,L10-47,L10-47,results.zip/day7.xlsx,workbook,6.16096,186.014,L10-46,True,24.8343,34.9402,179.381,,2.832,176.549,0.356131,5328.47,26607.7,False,9342.12,0.0532368,INTERPOLATED,276,316,-13.4749,0.0533518,0,True,1.01189,-13.6351,64.779,3.26668,19.9953,3.09354,-2.33883,-2.88206,-3.4253,-3.69692,-3.96854,-4.15867,-4.24016,-4.51177,-5.05501,0.122167,0.0880391
313,CG6-0313,2026-01-22,10,48,field,CG6-0313|2026-01-22|L10|S48,2026-01-22 10:38:32,2026-01-22 10:38:32,2026-01-22 10:38:32.000000,1,1,9327.15,,,0.0033,24.8343,34.938,163.8,0,,,True,SINGLE_READING;,7,day7,MATCHED,D7:wor:L10-48,L10-48,L10-48,results.zip/day7.xlsx,workbook,6.44963,227.593,L10-47,True,24.8342,34.9379,186.624,,2.832,183.792,0.356131,5299.1,26559.3,False,9342.12,0.0532379,INTERPOLATED,276,316,-14.9634,0.0533401,0,True,1.01189,-15.1414,72.022,3.26418,22.231,3.82547,-2.2143,-2.81828,-3.42225,-3.72424,-4.02623,-4.23762,-4.32822,-4.63021,-5.23418,0.122162,0.0880321
314,CG6-0313,2026-01-22,10,49,field,CG6-0313|2026-01-22|L10|S49,2026-01-22 10:42:01,2026-01-22 10:42:01,2026-01-22 10:42:01.000000,1,1,9325.35,,,0.0027,24.8336,34.9356,164.9,0,,,True,SINGLE_READING;,7,day7,MATCHED,D7:wor:L10-49,L10-49,L10-49,results.zip/day7.xlsx,workbook,6.9588,239.443,L10-48,True,24.8335,34.9356,193.331,,2.832,190.499,0.356131,5212.77,26577.5,False,9342.11,0.0532391,INTERPOLATED,276,316,-16.7674,0.0533075,0,True,1.01189,-16.9668,78.729,3.21735,24.3012,4.11707,-2.48514,-3.14536,-3.80559,-4.1357,-4.46581,-4.69688,-4.79592,-5.12603,-5.78625,0.122148,0.0880123
315,CG6-0313,2026-01-22,10,50,field,CG6-0313|2026-01-22|L10|S50,2026-01-22 10:45:49,2026-01-22 10:45:49,2026-01-22 10:45:49.000000,1,1,9323.81,,,0.0029,24.8335,34.9331,182.8,0,,,True,SINGLE_READING;,7,day7,MATCHED,D7:wor:L10-50,L10-50,L10-50,results.zip/day7.xlsx,workbook,5.1399,248.181,L10-49,True,24.8335,34.9331,200.201,,2.832,197.369,0.356131,5198.65,26534,False,9342.11,0.0532404,INTERPOLATED,276,316,-18.3007,0.0533193,0,True,1.01189,-18.5184,85.599,3.21124,26.4217,4.69214,-2.48619,-3.20402,-3.92185,-4.28077,-4.63969,-4.89093,-4.9986,-5.35752,-6.07535,0.122153,0.0880195
317,CG6-0313,2026-01-22,11,1,field,CG6-0313|2026-01-22|L11|S1,2026-01-22 12:17:12,2026-01-22 12:17:12,2026-01-22 12:17:12.000000,1,1,9338.98,,,0.0029,24.782,34.9273,123.5,0,,,True,SINGLE_READING;,7,day7,UNMATCHED_GT_30M,D7:wor:L11-1,L11-1,L11-1,results.zip/day7.xlsx,workbook,648.66,836.602,Base 100,True,24.7803,34.9212,260.449,,2.832,257.617,0.356131,837.584,32061,False,9342.09,0.0532662,INTERPOLATED,316,351,-3.11315,0.053345,0,False,1.01189,-3.15017,145.847,-0.443078,45.0179,42.3108,30.0801,28.857,27.6339,27.0224,26.4109,25.9828,25.7993,25.1878,23.9647,0.122164,0.0880351
318,CG6-0313,2026-01-22,11,1,field,CG6-0313|2026-01-22|L11|S1,2026-01-22 12:54:36,2026-01-22 12:54:36,2026-01-22 12:54:36.000000,1,1,9332.2,,,0.0037,24.7705,34.8932,183.1,0,,,True,SINGLE_READING;,7,day7,UNMATCHED_GT_30M,D7:wor:L11-2,L11-2,L11-2,results.zip/day7.xlsx,workbook,211.446,358.658,L11-4,False,24.7691,34.8946,199.612,,2.832,196.78,0.356131,4471.4,32977.2,False,9342.08,0.0532508,INTERPOLATED,316,351,-9.87938,0.0533792,0,False,1.01189,-9.99687,85.01,-1.21461,26.24,17.4578,10.3288,9.61593,8.90303,8.54659,8.19014,7.94063,7.83369,7.47725,6.76435,0.122179,0.0880557
319,CG6-0313,2026-01-22,11,2,field,CG6-0313|2026-01-22|L11|S2,2026-01-22 12:57:55,2026-01-22 12:57:55,2026-01-22 12:57:55.000000,1,1,9331.18,,,0.003,24.7692,34.8946,182.2,0,,,True,SINGLE_READING;,7,day7,MATCHED,D7:wor:L11-2,L11-2,L11-2,results.zip/day7.xlsx,workbook,15.2005,193.156,L11-3,True,24.7691,34.8946,199.612,,2.832,196.78,0.356131,4404.79,33133.5,False,9342.08,0.0532504,INTERPOLATED,316,351,-10.9013,0.0533349,0,True,1.01189,-11.031,85.01,-1.21461,26.24,16.4237,9.29471,8.58182,7.86893,7.51248,7.15603,6.90652,6.79959,6.44314,5.73024,0.12216,0.0880289
320,CG6-0313,2026-01-22,11,3,field,CG6-0313|2026-01-22|L11|S3,2026-01-22 13:01:07,2026-01-22 13:01:07,2026-01-22 13:01:07.000000,1,1,9331.01,,,0.0035,24.7677,34.8954,184.4,0,,,True,SINGLE_READING;,7,day7,MATCHED,D7:wor:L11-3,L11-3,L11-3,results.zip/day7.xlsx,workbook,23.3992,172.4,L11-2,True,24.7675,34.8952,201.646,,2.832,198.814,0.356131,4417.05,33302.7,False,9342.08,0.0532503,INTERPOLATED,316,351,-11.0756,0.0533652,0,True,1.01189,-11.2073,87.044,-1.32032,26.8678,16.9808,9.68131,8.95135,8.2214,7.85643,7.49145,7.23597,7.12648,6.7615,6.03155,0.122173,0.0880473
321,CG6-0313,2026-01-22,11,4,field,CG6-0313|2026-01-22|L11|S4,2026-01-22 13:04:27,2026-01-22 13:04:27,2026-01-22 13:04:27.000000,1,1,9330.81,,,0.002,24.7675,34.8937,178.4,0,,,True,SINGLE_READING;,7,day7,MATCHED,D7:wor:L11-4,L11-4,L11-4,results.zip/day7.xlsx,workbook,19.4903,156.548,L11-3,True,24.7673,34.8936,204.862,,2.832,202.03,0.356131,4578.79,33318.2,False,9342.08,0.0532503,INTERPOLATED,316,351,-11.2773,0.0532878,0,True,1.01189,-11.4114,90.26,-1.33468,27.8605,17.7838,10.2146,9.45764,8.70072,8.32226,7.9438,7.67888,7.56534,7.18688,6.42996,0.122139,0.0880004
322,CG6-0313,2026-01-22,11,5,field,CG6-0313|2026-01-22|L11|S5,2026-01-22 13:08:05,2026-01-22 13:08:05,2026-01-22 13:08:05.000000,1,1,9330.04,,,0.0036,24.767,34.8922,179.4,0,,,True,SINGLE_READING;,7,day7,MATCHED,D7:wor:L11-5,L11-5,L11-5,results.zip/day7.xlsx,workbook,17.0876,150.555,L11-4,True,24.7669,34.892,207.34,,2.832,204.508,0.356131,4740.92,33366.4,False,9342.08,0.0532505,INTERPOLATED,316,351,-12.0449,0.0533721,0,True,1.01189,-12.1881,92.738,-1.36606,28.6254,17.8033,10.0263,9.2486,8.4709,8.08205,7.6932,7.421,7.30435,6.9155,6.13779,0.122176,0.0880514
323,CG6-0313,2026-01-22,11,6,field,CG6-0313|2026-01-22|L11|S6,2026-01-22 13:12:25,2026-01-22 13:12:25,2026-01-22 13:12:25.000000,1,1,9330.09,,,0.0044,24.7656,34.8922,184.9,0,,,True,SINGLE_READING;,7,day7,MATCHED,D7:wor:L11-6,L11-6,L11-6,results.zip/day7.xlsx,workbook,11.1339,136.453,L11-5,True,24.7656,34.8922,210.214,,2.832,207.382,0.356131,4804.77,33514.8,False,9342.08,0.053251,INTERPOLATED,316,351,-11.9921,0.0534325,0,True,1.01189,-12.1348,95.612,-1.45586,29.5125,18.8336,10.8155,10.0137,9.21194,8.81104,8.41014,8.12951,8.00924,7.60834,6.80653,0.122203,0.0880881
324,CG6-0313,2026-01-22,11,7,field,CG6-0313|2026-01-22|L11|S7,2026-01-22 13:16:31,2026-01-22 13:16:31,2026-01-22 13:16:31.000000,1,1,9329.37,,,0.0027,24.7653,34.8942,190.2,0,,,True,SINGLE_READING;,7,day7,MATCHED,D7:wor:L11-7,L11-7,L11-7,results.zip/day7.xlsx,workbook,14.0421,170.081,L11-8,True,24.7651,34.8941,212.704,,2.832,209.872,0.356131,4654.85,33567.5,False,9342.08,0.0532518,INTERPOLATED,316,351,-12.7065,0.0533202,0,True,1.01189,-12.8576,98.102,-1.48383,30.281,18.9073,10.6805,9.85777,9.03509,8.62375,8.21241,7.92447,7.80106,7.38972,6.56704,0.122153,0.08802
325,CG6-0313,2026-01-22,11,8,field,CG6-0313|2026-01-22|L11|S8,2026-01-22 13:20:28,2026-01-22 13:20:28,2026-01-22 13:20:28.000000,1,1,9328.15,,,0.0022,24.7639,34.895,194.2,0,,,True,SINGLE_READING;,7,day7,MATCHED,D7:wor:L11-8,L11-8,L11-8,results.zip/day7.xlsx,workbook,7.32603,166.169,L11-7,True,24.7639,34.895,215.126,,2.832,212.294,0.356131,4662.69,33722.2,False,9342.08,0.0532527,INTERPOLATED,316,351,-13.9286,0.0532982,0,True,1.01189,-14.0943,100.524,-1.56987,31.0286,18.5042,10.0743,9.23128,8.38828,7.96679,7.54529,7.25024,7.12379,6.70229,5.8593,0.122144,0.0880067
326,CG6-0313,2026-01-22,11,9,field,CG6-0313|2026-01-22|L11|S9,2026-01-22 13:24:15,2026-01-22 13:24:15,2026-01-22 13:24:15.000000,1,1,9328.43,,,0.0024,24.7632,34.8932,193,0,,,True,SINGLE_READING;,7,day7,MATCHED,D7:wor:L11-9,L11-9,L11-9,results.zip/day7.xlsx,workbook,11.6231,180.91,L11-10,True,24.7631,34.8932,217.793,,2.832,214.961,0.356131,4862.4,33794.8,False,9342.08,0.0532539,INTERPOLATED,316,351,-13.6474,0.0533079,0,True,1.01189,-13.8097,103.191,-1.62637,31.8518,19.6685,11.0149,10.1495,9.28416,8.85148,8.4188,8.11592,7.98612,7.55344,6.68808,0.122148,0.0880126
327,CG6-0313,2026-01-22,11,10,field,CG6-0313|2026-01-22|L11|S10,2026-01-22 13:28:04,2026-01-22 13:28:04,2026-01-22 13:28:04.000000,1,1,9327.82,,,0.0029,24.7625,34.8916,192.9,0,,,True,SINGLE_READING;,7,day7,MATCHED,D7:wor:L11-10,L11-10,L11-10,results.zip/day7.xlsx,workbook,6.48561,166.144,L11-9,True,24.7624,34.8916,219.402,,2.832,216.57,0.356131,5036.46,33865.7,False,9342.08,0.0532553,INTERPOLATED,316,351,-14.2594,0.0533342,0,True,1.01189,-14.4289,104.8,-1.6711,32.3484,19.5906,10.8021,9.92322,9.04437,8.60494,8.16552,7.85792,7.72609,7.28667,6.40781,0.12216,0.0880285
328,CG6-0313,2026-01-22,11,11,field,CG6-0313|2026-01-22|L11|S11,2026-01-22 13:31:32,2026-01-22 13:31:32,2026-01-22 13:31:32.000000,1,1,9327.01,,,0.003,24.761,34.8905,203.8,0,,,True,SINGLE_READING;,7,day7,MATCHED,D7:wor:L11-11,L11-11,L11-11,results.zip/day7.xlsx,workbook,10.6409,191.027,L11-10,True,24.761,34.8904,221.974,,2.832,219.142,0.356131,5220.03,34021.8,False,9342.08,0.0532567,INTERPOLATED,316,351,-15.0668,0.0533411,0,True,1.01189,-15.246,107.372,-1.77129,33.1423,19.6676,10.6634,9.76301,8.86259,8.41238,7.96217,7.64702,7.51196,7.06175,6.16133,0.122163,0.0880327
329,CG6-0313,2026-01-22,11,12,field,CG6-0313|2026-01-22|L11|S12,2026-01-22 13:35:43,2026-01-22 13:35:43,2026-01-22 13:35:43.000000,1,1,9326.41,,,0.0029,24.7603,34.8888,195.8,0,,,True,SINGLE_READING;,7,day7,MATCHED,D7:wor:L11-12,L11-12,L11-12,results.zip/day7.xlsx,workbook,5.64332,176.184,L11-11,True,24.7603,34.8888,225.041,,2.832,222.209,0.356131,5404.94,34096.1,False,9342.08,0.0532587,INTERPOLATED,316,351,-15.6661,0.0533376,0,True,1.01189,-15.8524,110.439,-1.81928,34.089,20.0559,10.7945,9.86835,8.94221,8.47914,8.01606,7.69192,7.55299,7.08992,6.16378,0.122161,0.0880305
330,CG6-0313,2026-01-22,11,13,field,CG6-0313|2026-01-22|L11|S13,2026-01-22 13:39:38,2026-01-22 13:39:38,2026-01-22 13:39:38.000000,1,1,9326.24,,,0.0027,24.7604,34.8868,197.9,0,,,True,SINGLE_READING;,7,day7,MATCHED,D7:wor:L11-13,L11-13,L11-13,results.zip/day7.xlsx,workbook,5.62942,165.147,L11-14,True,24.7604,34.8868,227.468,,2.832,224.636,0.356131,5569.62,34074.1,False,9342.08,0.0532608,INTERPOLATED,316,351,-15.8338,0.0533292,0,True,1.01189,-16.0221,112.866,-1.81019,34.8381,20.6262,11.1612,10.2147,9.26823,8.79499,8.32174,7.99047,7.84849,7.37525,6.42875,0.122157,0.0880255
331,CG6-0313,2026-01-22,11,14,field,CG6-0313|2026-01-22|L11|S14,2026-01-22 13:43:34,2026-01-22 13:43:34,2026-01-22 13:43:34.000000,1,1,9325.89,,,0.0045,24.7594,34.8856,193.3,0,,,True,SINGLE_READING;,7,day7,MATCHED,D7:wor:L11-14,L11-14,L11-14,results.zip/day7.xlsx,workbook,3.84351,159.812,L11-13,True,24.7594,34.8856,229.852,,2.832,227.02,0.356131,5730.7,34186.6,False,9342.07,0.0532632,INTERPOLATED,316,351,-16.1842,0.0534529,0,True,1.01189,-16.3766,115.25,-1.87667,35.5739,21.074,11.4091,10.4426,9.47616,8.99292,8.50968,8.17141,8.02643,7.54319,6.5767,0.122211,0.0881005
332,CG6-0313,2026-01-22,11,15,field,CG6-0313|2026-01-22|L11|S15,2026-01-22 13:47:36,2026-01-22 13:47:36,2026-01-22 13:47:36.000000,1,1,9325.58,,,0.003,24.7583,34.8844,218.1,0,,,True,SINGLE_READING;,7,day7,MATCHED,D7:wor:L11-15,L11-15,L11-15,results.zip/day7.xlsx,workbook,11.0338,146.942,L11-16,True,24.7582,34.8844,232.128,,2.832,229.296,0.356131,5899.37,34303.3,False,9342.07,0.0532658,INTERPOLATED,316,351,-16.4905,0.0533503,0,True,1.01189,-16.6866,117.526,-1.95774,36.2765,21.5476,11.6919,10.7063,9.72075,9.22796,8.73517,8.39022,8.24239,7.7496,6.76403,0.122167,0.0880382
333,CG6-0313,2026-01-22,11,16,field,CG6-0313|2026-01-22|L11|S16,2026-01-22 13:51:31,2026-01-22 13:51:31,2026-01-22 13:51:31.000000,1,1,9325.03,,,0.0028,24.757,34.8844,210.7,0,,,True,SINGLE_READING;,7,day7,MATCHED,D7:wor:L11-16,L11-16,L11-16,results.zip/day7.xlsx,workbook,4.86005,134.328,L11-15,True,24.757,34.8844,234.002,,2.832,231.17,0.356131,5974.74,34446.5,False,9342.07,0.0532687,INTERPOLATED,316,351,-17.0438,0.0533422,0,True,1.01189,-17.2465,119.4,-2.04277,36.8549,21.6512,11.6383,10.637,9.6357,9.13506,8.63442,8.28396,8.13377,7.63313,6.63184,0.122163,0.0880333
334,CG6-0313,2026-01-22,11,17,field,CG6-0313|2026-01-22|L11|S17,2026-01-22 13:56:15,2026-01-22 13:56:15,2026-01-22 13:56:15.000000,1,1,9324.49,,,0.0026,24.7561,34.8854,226.3,0,,,True,SINGLE_READING;,7,day7,MATCHED,D7:wor:L11-17,L11-17,L11-17,results.zip/day7.xlsx,workbook,9.56798,135.052,L11-16,True,24.756,34.8853,236.336,,2.832,233.504,0.356131,5955.68,34548.8,False,9342.07,0.0532724,INTERPOLATED,316,351,-17.585,0.0533358,0,True,1.01189,-17.7941,121.734,-2.10821,37.5753,21.8894,11.6808,10.6599,9.63906,9.12863,8.6182,8.2609,8.10777,7.59734,6.57648,0.12216,0.0880295
335,CG6-0313,2026-01-22,11,18,field,CG6-0313|2026-01-22|L11|S18,2026-01-22 13:59:41,2026-01-22 13:59:41,2026-01-22 13:59:41.000000,1,1,9323.98,,,0.0027,24.7551,34.8837,221.2,0,,,True,SINGLE_READING;,7,day7,MATCHED,D7:wor:L11-18,L11-18,L11-18,results.zip/day7.xlsx,workbook,12.9952,193.139,L11-17,True,24.755,34.8837,239.015,,2.832,236.183,0.356131,6155.35,34658.6,False,9342.07,0.0532753,INTERPOLATED,316,351,-18.096,0.0533437,0,True,1.01189,-18.3112,124.413,-2.17999,38.4022,22.2709,11.8377,10.7943,9.75101,9.22935,8.70769,8.34252,8.18602,7.66436,6.62103,0.122164,0.0880342
336,CG6-0313,2026-01-22,11,19,field,CG6-0313|2026-01-22|L11|S19,2026-01-22 14:03:57,2026-01-22 14:03:57,2026-01-22 14:03:57.000000,1,1,9323.22,,,0.0023,24.7531,34.883,227.3,0,,,True,SINGLE_READING;,7,day7,MATCHED,D7:wor:L11-19,L11-19,L11-19,results.zip/day7.xlsx,workbook,8.51732,172.636,L11-20,True,24.7531,34.8829,242.161,,2.832,239.329,0.356131,6345.89,34876.9,False,9342.07,0.0532792,INTERPOLATED,316,351,-18.853,0.0533288,0,True,1.01189,-19.0773,127.559,-2.31297,39.3732,22.6089,11.9118,10.8421,9.77243,9.23758,8.70272,8.32832,8.16787,7.63301,6.5633,0.122157,0.0880252
337,CG6-0313,2026-01-22,11,20,field,CG6-0313|2026-01-22|L11|S20,2026-01-22 14:07:39,2026-01-22 14:07:39,2026-01-22 14:07:39.000000,1,1,9322.75,,,0.0035,24.7517,34.8825,232,0,,,True,SINGLE_READING;,7,day7,MATCHED,D7:wor:L11-20,L11-20,L11-20,results.zip/day7.xlsx,workbook,10.2042,154.513,L11-19,True,24.7517,34.8824,243.914,,2.832,241.082,0.356131,6475.77,35032.7,False,9342.07,0.0532828,INTERPOLATED,316,351,-19.3173,0.0533976,0,True,1.01189,-19.547,129.312,-2.40948,39.9143,22.7768,11.9327,10.8483,9.76385,9.22165,8.67944,8.2999,8.13724,7.59503,6.51062,0.122187,0.0880669
338,CG6-0313,2026-01-22,11,21,field,CG6-0313|2026-01-22|L11|S21,2026-01-22 14:11:26,2026-01-22 14:11:26,2026-01-22 14:11:26.000000,1,1,9322.09,,,0.0033,24.7498,34.882,229.1,0,,,True,SINGLE_READING;,7,day7,MATCHED,D7:wor:L11-21,L11-21,L11-21,results.zip/day7.xlsx,workbook,9.42935,182.307,L11-22,True,24.7497,34.882,246.157,,2.832,243.325,0.356131,6648.41,35248.4,False,9342.07,0.0532867,INTERPOLATED,316,351,-19.9845,0.0533888,0,True,1.01189,-20.2221,131.555,-2.54365,40.6066,22.9281,11.8959,10.7927,9.68949,9.13788,8.58627,8.20014,8.03466,7.48305,6.37983,0.122183,0.0880616
339,CG6-0313,2026-01-22,11,22,field,CG6-0313|2026-01-22|L11|S22,2026-01-22 14:15:24,2026-01-22 14:15:24,2026-01-22 14:15:24.000000,1,1,9321.71,,,0.0023,24.7489,34.8835,238.8,0,,,True,SINGLE_READING;,7,day7,MATCHED,D7:wor:L11-22,L11-22,L11-22,results.zip/day7.xlsx,workbook,9.23979,148.533,L11-23,True,24.7488,34.8835,248.886,,2.832,246.054,0.356131,6594.12,35349.2,False,9342.07,0.053291,INTERPOLATED,316,351,-20.3584,0.0533406,0,True,1.01189,-20.6005,134.284,-2.60434,41.449,23.4528,12.1917,11.0656,9.93952,9.37647,8.81342,8.41928,8.25037,7.68731,6.56121,0.122162,0.0880324
340,CG6-0313,2026-01-22,11,23,field,CG6-0313|2026-01-22|L11|S23,2026-01-22 14:20:35,2026-01-22 14:20:35,2026-01-22 14:20:35.000000,1,1,9320.91,,,0.0026,24.748,34.8846,235.5,0,,,True,SINGLE_READING;,7,day7,MATCHED,D7:wor:L11-23,L11-23,L11-23,results.zip/day7.xlsx,workbook,9.29314,142.366,L11-22,True,24.7479,34.8845,252.154,,2.832,249.322,0.356131,6574.76,35449.3,False,9342.07,0.053297,INTERPOLATED,316,351,-21.162,0.0533604,0,True,1.01189,-21.4136,137.552,-2.66433,42.4576,23.7084,12.1732,11.0197,9.86622,9.28947,8.71271,8.30898,8.13596,7.5592,6.40569,0.122171,0.0880444
341,CG6-0313,2026-01-22,11,24,field,CG6-0313|2026-01-22|L11|S24,2026-01-22 14:23:55,2026-01-22 14:23:55,2026-01-22 14:23:55.000000,1,1,9320.67,,,0.0023,24.7476,34.8828,234.3,0,,,True,SINGLE_READING;,7,day7,MATCHED,D7:wor:L11-24,L11-24,L11-24,results.zip/day7.xlsx,workbook,6.87846,149.211,L11-22,True,24.7476,34.8828,254.225,,2.832,251.393,0.356131,6739.11,35489.7,False,9342.07,0.0533011,INTERPOLATED,316,351,-21.3995,0.0533507,0,True,1.01189,-21.654,139.623,-2.6904,43.0969,24.1333,12.4245,11.2537,10.0828,9.49734,8.9119,8.50209,8.32646,7.74102,6.57014,0.122167,0.0880385
342,CG6-0313,2026-01-22,11,25,field,CG6-0313|2026-01-22|L11|S25,2026-01-22 14:27:46,2026-01-22 14:27:46,2026-01-22 14:27:46.000000,1,1,9319.78,,,0.0043,24.7458,34.8824,235.5,0,,,True,SINGLE_READING;,7,day7,MATCHED,D7:wor:L11-25,L11-25,L11-25,results.zip/day7.xlsx,workbook,6.47652,196.789,L11-24,True,24.7458,34.8823,255.393,,2.832,252.561,0.356131,6900.75,35688.5,False,9342.07,0.0533061,INTERPOLATED,316,351,-22.2823,0.0534792,0,True,1.01189,-22.5473,140.791,-2.81301,43.4574,23.7231,11.9164,10.7357,9.55502,8.96468,8.37434,7.96111,7.78401,7.19367,6.013,0.122223,0.0881164
343,CG6-0313,2026-01-22,11,26,field,CG6-0313|2026-01-22|L11|S26,2026-01-22 14:31:40,2026-01-22 14:31:40,2026-01-22 14:31:40.000000,1,1,9318.85,,,0.0035,24.7442,34.8842,255.9,0,,TILT_GT_20,True,SINGLE_READING;,7,day7,MATCHED,D7:wor:L11-26,L11-26,L11-26,results.zip/day7.xlsx,workbook,7.56418,116.615,L11-27,True,24.7442,34.8842,259.876,,2.832,257.044,0.356131,6883.31,35872.7,False,9342.07,0.0533113,INTERPOLATED,316,351,-23.2196,0.053426,0,True,1.01189,-23.4958,145.274,-2.92454,44.8411,24.2699,12.0872,10.8689,9.65067,9.04153,8.4324,8.006,7.82326,7.21413,5.99586,0.1222,0.0880842
344,CG6-0313,2026-01-22,11,27,field,CG6-0313|2026-01-22|L11|S27,2026-01-22 14:35:28,2026-01-22 14:35:28,2026-01-22 14:35:28.000000,1,1,9318.44,,,0.0029,24.7434,34.885,250,0,,,True,SINGLE_READING;,7,day7,MATCHED,D7:wor:L11-27,L11-27,L11-27,results.zip/day7.xlsx,workbook,9.10678,112.11,L11-26,True,24.7434,34.8849,260.815,,2.832,257.983,0.356131,6889.39,35959.4,False,9342.07,0.0533166,INTERPOLATED,316,351,-23.6293,0.0533954,0,True,1.01189,-23.9103,146.213,-2.97882,45.1309,24.1994,11.938,10.7119,9.48574,8.87267,8.2596,7.83045,7.64653,7.03346,5.80732,0.122186,0.0880656
345,CG6-0313,2026-01-22,11,28,field,CG6-0313|2026-01-22|L11|S28,2026-01-22 14:39:27,2026-01-22 14:39:27,2026-01-22 14:39:27.000000,1,1,9318,,,0.0021,24.7423,34.8842,242.5,0,,,True,SINGLE_READING;,7,day7,MATCHED,D7:wor:L11-28,L11-28,L11-28,results.zip/day7.xlsx,workbook,9.46336,141.393,L11-27,True,24.7422,34.8842,262.702,,2.832,259.87,0.356131,7035.06,36086.9,False,9342.06,0.0533224,INTERPOLATED,316,351,-24.0657,0.0533637,0,True,1.01189,-24.352,148.1,-3.059,45.7134,24.4204,12.0007,10.7588,9.5168,8.89582,8.27483,7.84015,7.65385,7.03287,5.7909,0.122172,0.0880464
346,CG6-0313,2026-01-22,11,29,field,CG6-0313|2026-01-22|L11|S29,2026-01-22 14:42:51,2026-01-22 14:42:51,2026-01-22 14:42:51.000000,1,1,9317.46,,,0.0024,24.7418,34.8823,248.4,0,,,True,SINGLE_READING;,7,day7,MATCHED,D7:wor:L11-29,L11-29,L11-29,results.zip/day7.xlsx,workbook,7.42798,193.027,L11-28,True,24.7417,34.8823,264.219,,2.832,261.387,0.356131,7208.6,36137.4,False,9342.06,0.0533276,INTERPOLATED,316,351,-24.6075,0.0533815,0,True,1.01189,-24.9001,149.617,-3.09093,46.1816,24.3724,11.8255,10.5708,9.31615,8.6888,8.06146,7.62232,7.43412,6.80677,5.55208,0.12218,0.0880572
347,CG6-0313,2026-01-22,11,30,field,CG6-0313|2026-01-22|L11|S30,2026-01-22 14:46:18,2026-01-22 14:46:18,2026-01-22 14:46:18.000000,1,1,9316.67,,,0.0033,24.7406,34.8808,254,0,,,True,SINGLE_READING;,7,day7,MATCHED,D7:wor:L11-30,L11-30,L11-30,results.zip/day7.xlsx,workbook,9.13803,196.858,L11-29,True,24.7405,34.8808,266.486,,2.832,263.654,0.356131,7410.15,36267.8,False,9342.06,0.053333,INTERPOLATED,316,351,-25.3956,0.053435,0,True,1.01189,-25.6976,151.884,-3.17297,46.8813,24.3566,11.6197,10.346,9.07226,8.43541,7.79856,7.35276,7.16171,6.52486,5.25116,0.122204,0.0880896
348,CG6-0313,2026-01-22,11,31,field,CG6-0313|2026-01-22|L11|S31,2026-01-22 14:49:43,2026-01-22 14:49:43,2026-01-22 14:49:43.000000,1,1,9315.87,,,0.0034,24.739,34.8801,258.7,0,,,True,SINGLE_READING;,7,day7,MATCHED,D7:wor:L11-31,L11-31,L11-31,results.zip/day7.xlsx,workbook,8.1104,186.275,L11-30,True,24.7389,34.8801,268.386,,2.832,265.554,0.356131,7586.97,36450.1,False,9342.06,0.0533385,INTERPOLATED,316,351,-26.1895,0.0534467,0,True,1.01189,-26.501,153.784,-3.28518,47.4677,24.2519,11.3556,10.066,8.77634,8.13152,7.48671,7.03534,6.84189,6.19708,4.90744,0.122209,0.0880967
349,CG6-0313,2026-01-22,11,32,field,CG6-0313|2026-01-22|L11|S32,2026-01-22 14:53:28,2026-01-22 14:53:28,2026-01-22 14:53:28.000000,1,1,9314.95,,,0.0028,24.7373,34.8804,262.1,0,,,True,SINGLE_READING;,7,day7,MATCHED,D7:wor:L11-32,L11-32,L11-32,results.zip/day7.xlsx,workbook,7.2222,178.212,L11-31,True,24.7373,34.8804,270.008,,2.832,267.176,0.356131,7696.66,36633.1,False,9342.06,0.0533448,INTERPOLATED,316,351,-27.1117,0.0534182,0,True,1.01189,-27.4342,155.406,-3.39775,47.9684,23.932,10.8996,9.5964,8.29317,7.64155,6.98994,6.5338,6.33832,5.6867,4.38347,0.122196,0.0880794
350,CG6-0313,2026-01-22,11,33,field,CG6-0313|2026-01-22|L11|S33,2026-01-22 14:57:23,2026-01-22 14:57:23,2026-01-22 14:57:23.000000,1,1,9313.83,,,0.0042,24.7349,34.8805,262.7,0,,,True,SINGLE_READING;,7,day7,MATCHED,D7:wor:L11-33,L11-33,L11-33,results.zip/day7.xlsx,workbook,8.9049,264.889,L11-32,True,24.7348,34.8804,271.968,,2.832,269.136,0.356131,7886.43,36904.8,False,9342.06,0.0533516,INTERPOLATED,316,351,-28.2331,0.0535166,0,True,1.01189,-28.5689,157.366,-3.56571,48.5734,23.5702,10.3735,9.05382,7.73415,7.07431,6.41448,5.95259,5.75464,5.09481,3.77514,0.122239,0.0881391
355,CG6-0313,2026-01-23,11,34,field,CG6-0313|2026-01-23|L11|S34,2026-01-23 07:19:14,2026-01-23 07:19:14,2026-01-23 07:19:14.000000,1,1,9312.65,,,0.0036,24.7329,34.88,258.1,0,,,True,SINGLE_READING;,8,day8,MATCHED,D8:wor:L11-34,L11-34,L11-34,results.zip/day8.xlsx,workbook,8.52625,206.283,L11-35,True,24.7329,34.88,273.305,,0,273.305,0.15,8077.26,37118.7,False,9341.83,0.0539522,INTERPOLATED,354,421,-29.18,0.0540722,0,True,1.01189,-29.527,161.535,-3.69794,49.8601,24.0311,10.4847,9.13012,7.77548,7.09817,6.42085,5.94673,5.74354,5.06622,3.71159,0.0711798,0.0615945
356,CG6-0313,2026-01-23,11,35,field,CG6-0313|2026-01-23|L11|S35,2026-01-23 07:22:55,2026-01-23 07:22:55,2026-01-23 07:22:55.000000,1,1,9311.8,,,0.0024,24.7312,34.8803,259.6,0,,,True,SINGLE_READING;,8,day8,MATCHED,D8:wor:L11-35,L11-35,L11-35,results.zip/day8.xlsx,workbook,5.82973,194.501,L11-34,True,24.7311,34.8803,274.841,,0,274.841,0.15,8205.84,37318.1,False,9341.83,0.0539367,INTERPOLATED,354,421,-30.0277,0.05399,0,True,1.01189,-30.3848,163.071,-3.81929,50.3342,23.7687,10.0936,8.72608,7.35857,6.67481,5.99105,5.51242,5.3073,4.62354,3.25603,0.0711174,0.0615223
357,CG6-0313,2026-01-23,11,36,field,CG6-0313|2026-01-23|L11|S36,2026-01-23 07:29:46,2026-01-23 07:29:46,2026-01-23 07:29:46.000000,1,1,9310.96,,,0.0024,24.7293,34.8802,263.3,0,,,True,SINGLE_READING;,8,day8,MATCHED,D8:wor:L11-36,L11-36,L11-36,results.zip/day8.xlsx,workbook,4.84462,182.557,L11-37,True,24.7293,34.8802,276.902,,0,276.902,0.15,8365.3,37523.3,False,9341.82,0.0539086,INTERPOLATED,354,421,-30.8665,0.053962,0,True,1.01189,-31.2336,165.132,-3.94553,50.9704,23.6823,9.83436,8.44957,7.06477,6.37237,5.67997,5.19529,4.98757,4.29518,2.91038,0.0710961,0.0614977
358,CG6-0313,2026-01-23,11,37,field,CG6-0313|2026-01-23|L11|S37,2026-01-23 07:33:21,2026-01-23 07:33:21,2026-01-23 07:33:21.000000,1,1,9310.13,,,0.0032,24.7278,34.8798,259.7,0,,,True,SINGLE_READING;,8,day8,MATCHED,D8:wor:L11-37,L11-37,L11-37,results.zip/day8.xlsx,workbook,8.27415,148.818,L11-38,True,24.7277,34.8798,278.841,,0,278.841,0.15,8523.92,37693.1,False,9341.82,0.0538944,INTERPOLATED,354,421,-31.6946,0.0539893,0,True,1.01189,-32.0716,167.071,-4.05092,51.5688,23.5482,9.5376,8.13655,6.73549,6.03496,5.33443,4.84406,4.6339,3.93337,2.53232,0.0711168,0.0615217
359,CG6-0313,2026-01-23,11,38,field,CG6-0313|2026-01-23|L11|S38,2026-01-23 07:36:57,2026-01-23 07:36:57,2026-01-23 07:36:57.000000,1,1,9309.59,,,0.0026,24.7278,34.8784,268.2,0,,,True,SINGLE_READING;,8,day8,MATCHED,D8:wor:L11-38,L11-38,L11-38,results.zip/day8.xlsx,workbook,6.55946,140.671,L11-37,True,24.7277,34.8783,280.483,,0,280.483,0.15,8616.8,37690.5,False,9341.82,0.0538804,INTERPOLATED,354,421,-32.2307,0.0539431,0,True,1.01189,-32.6141,168.713,-4.05015,52.0756,23.5117,9.36347,7.94864,6.53381,5.8264,5.11899,4.6238,4.41157,3.70416,2.28933,0.0710818,0.0614811
360,CG6-0313,2026-01-23,11,39,field,CG6-0313|2026-01-23|L11|S39,2026-01-23 07:40:36,2026-01-23 07:40:36,2026-01-23 07:40:36.000000,1,1,9309.63,,,0.0046,24.7293,34.8776,277.8,0,,,True,SINGLE_READING;,8,day8,MATCHED,D8:wor:L11-39,L11-39,L11-39,results.zip/day8.xlsx,workbook,2.65524,190.828,L11-38,True,24.7293,34.8776,282.553,,0,282.553,0.15,8534.93,37519.2,False,9341.82,0.0538665,INTERPOLATED,354,421,-32.184,0.0540626,0,True,1.01189,-32.5668,170.783,-3.94212,52.7145,24.0899,9.76803,8.33584,6.90366,6.18757,5.47147,4.97021,4.75538,4.03929,2.6071,0.0711725,0.061586
361,CG6-0313,2026-01-23,11,40,field,CG6-0313|2026-01-23|L11|S40,2026-01-23 07:44:18,2026-01-23 07:44:18,2026-01-23 07:44:18.000000,1,1,9308.68,,,0.0027,24.7284,34.8757,278.2,0,,,True,SINGLE_READING;,8,day8,MATCHED,D8:wor:L11-40,L11-40,L11-40,results.zip/day8.xlsx,workbook,1.23409,190.989,L11-41,True,24.7284,34.8758,284.788,,0,284.788,0.15,8737.67,37620.1,False,9341.82,0.0538528,INTERPOLATED,354,421,-33.1319,0.0539205,0,True,1.01189,-33.5259,173.018,-4.00305,53.4044,23.8815,9.37223,7.9213,6.47037,5.7449,5.01944,4.51161,4.29397,3.56851,2.11758,0.0710646,0.0614613
362,CG6-0313,2026-01-23,11,41,field,CG6-0313|2026-01-23|L11|S41,2026-01-23 07:47:59,2026-01-23 07:47:59,2026-01-23 07:47:59.000000,1,1,9307.85,,,0.0029,24.7274,34.8743,283.4,0,,,True,SINGLE_READING;,8,day8,MATCHED,D8:wor:L11-41,L11-41,L11-41,results.zip/day8.xlsx,workbook,3.00542,190.83,L11-40,True,24.7273,34.8743,286.702,,0,286.702,0.15,8926.11,37742,False,9341.81,0.0538395,INTERPOLATED,354,421,-33.9674,0.0539176,0,True,1.01189,-34.3714,174.932,-4.07875,53.9951,23.7025,9.03273,7.56575,6.09877,5.36528,4.63179,4.11834,3.8983,3.16481,1.69783,0.0710624,0.0614588
363,CG6-0313,2026-01-23,11,42,field,CG6-0313|2026-01-23|L11|S42,2026-01-23 07:51:39,2026-01-23 07:51:39,2026-01-23 07:51:39.000000,1,1,9307.06,,,0.0034,24.7267,34.8725,281.2,0,,,True,SINGLE_READING;,8,day8,MATCHED,D8:wor:L11-42,L11-42,L11-42,results.zip/day8.xlsx,workbook,1.83901,197.769,L11-41,True,24.7267,34.8725,288.826,,0,288.826,0.15,9103.25,37815.9,False,9341.81,0.0538266,INTERPOLATED,354,421,-34.751,0.0539339,0,True,1.01189,-35.1643,177.056,-4.12173,54.6507,23.6082,8.76027,7.27548,5.79069,5.04829,4.3059,3.78622,3.5635,2.82111,1.33632,0.0710748,0.0614731
364,CG6-0313,2026-01-23,11,43,field,CG6-0313|2026-01-23|L11|S43,2026-01-23 07:55:23,2026-01-23 07:55:23,2026-01-23 07:55:23.000000,1,1,9306.1,,,0.0026,24.7256,34.8705,288.4,0,,,True,SINGLE_READING;,8,day8,MATCHED,D8:wor:L11-43,L11-43,L11-43,results.zip/day8.xlsx,workbook,2.20864,182.65,L11-44,True,24.7256,34.8705,290.922,,0,290.922,0.15,9329.2,37945.5,False,9341.81,0.0538138,INTERPOLATED,354,421,-35.7109,0.0538766,0,True,1.01189,-36.1356,179.152,-4.20039,55.2977,23.3624,8.33875,6.83638,5.33401,4.58283,3.83165,3.30582,3.08046,2.32928,0.826908,0.0710313,0.0614228
365,CG6-0313,2026-01-23,11,44,field,CG6-0313|2026-01-23|L11|S44,2026-01-23 07:59:14,2026-01-23 07:59:14,2026-01-23 07:59:14.000000,1,1,9304.9,,,0.0036,24.7243,34.8693,290.6,0,,,True,SINGLE_READING;,8,day8,MATCHED,D8:wor:L11-44,L11-44,L11-44,results.zip/day8.xlsx,workbook,1.33528,180.172,L11-45,True,24.7243,34.8693,292.496,,0,292.496,0.15,9511.6,38084.2,False,9341.81,0.0538009,INTERPOLATED,354,421,-36.908,0.0539212,0,True,1.01189,-37.3469,180.726,-4.28407,55.7835,22.7206,7.56495,6.04939,4.53382,3.77603,3.01825,2.4878,2.26046,1.50268,-0.0128876,0.0710652,0.061462
366,CG6-0313,2026-01-23,11,45,field,CG6-0313|2026-01-23|L11|S45,2026-01-23 08:03:11,2026-01-23 08:03:11,2026-01-23 08:03:11.000000,1,1,9304.33,,,0.0049,24.7239,34.8676,288.3,0,,,True,SINGLE_READING;,8,day8,MATCHED,D8:wor:L11-45,L11-45,L11-45,results.zip/day8.xlsx,workbook,2.30077,178.112,1-453,True,24.7239,34.8676,294.316,,0,294.316,0.15,9669.79,38141.4,False,9341.81,0.0537881,INTERPOLATED,354,421,-37.4804,0.0540108,0,True,1.01189,-37.9261,182.546,-4.31662,56.3452,22.7357,7.42742,5.89659,4.36576,3.60034,2.83492,2.29913,2.06951,1.30409,-0.226737,0.0711332,0.0615406
367,CG6-0313,2026-01-23,11,46,field,CG6-0313|2026-01-23|L11|S46,2026-01-23 08:06:47,2026-01-23 08:06:47,2026-01-23 08:06:47.000000,1,1,9303.55,,,0.0031,24.7235,34.8656,292.5,0,,,True,SINGLE_READING;,8,day8,MATCHED,D8:wor:L11-46,L11-46,L11-46,results.zip/day8.xlsx,workbook,1.12424,73.1034,1-453,True,24.7236,34.8656,297.097,,0,297.097,0.15,9839.77,38183.5,False,9341.81,0.0537768,INTERPOLATED,354,421,-38.2539,0.053866,0,True,1.01189,-38.7089,185.327,-4.33785,57.2036,22.8325,7.29102,5.73687,4.18272,3.40564,2.62857,2.08461,1.85149,1.07442,-0.479736,0.0710233,0.0614136
368,CG6-0313,2026-01-23,11,47,field,CG6-0313|2026-01-23|L11|S47,2026-01-23 08:10:06,2026-01-23 08:10:06,2026-01-23 08:10:06.000000,1,1,9303.13,,,0.0024,24.7234,34.8636,295.9,0,,,True,SINGLE_READING;,8,day8,MATCHED,D8:wor:L11-47,L11-47,L11-47,results.zip/day8.xlsx,workbook,3.14705,192.84,L11-48,True,24.7233,34.8636,299.443,,0,299.443,0.15,9994.81,38211.1,False,9341.8,0.0537666,INTERPOLATED,354,421,-38.678,0.0538201,0,True,1.01189,-39.138,187.673,-4.35313,57.9277,23.1428,7.40454,5.83071,4.25688,3.46997,2.68306,2.13222,1.89615,1.10923,-0.464593,0.0709885,0.0613733
369,CG6-0313,2026-01-23,11,48,field,CG6-0313|2026-01-23|L11|S48,2026-01-23 08:13:38,2026-01-23 08:13:38,2026-01-23 08:13:38.000000,1,1,9302.89,,,0.0041,24.7225,34.8619,297.4,0,,,True,SINGLE_READING;,8,day8,MATCHED,D8:wor:L11-48,L11-48,L11-48,results.zip/day8.xlsx,workbook,1.22804,181.603,L11-49,True,24.7225,34.8619,301.334,,0,301.334,0.15,10181.9,38313.1,False,9341.8,0.0537561,INTERPOLATED,354,421,-38.9102,0.0539122,0,True,1.01189,-39.373,189.564,-4.40936,58.5113,23.5477,7.65086,6.06117,4.47149,3.67665,2.88181,2.32542,2.08696,1.29212,-0.297562,0.0710584,0.0614541
370,CG6-0313,2026-01-23,11,49,field,CG6-0313|2026-01-23|L11|S49,2026-01-23 08:17:00,2026-01-23 08:17:00,2026-01-23 08:17:00.000000,1,1,9302.53,,,0.0096,24.722,34.8602,296.9,0,,STDDEV_GT_0.050,True,SINGLE_READING;,8,day8,MATCHED,D8:wor:L11-49,L11-49,L11-49,results.zip/day8.xlsx,workbook,3.3548,182.096,L11-48,True,24.722,34.8602,303.102,,0,303.102,0.15,10341.5,38370.9,False,9341.8,0.0537463,INTERPOLATED,354,421,-39.2744,0.054597,0,True,1.01189,-39.7415,191.332,-4.44306,59.057,23.7586,7.71351,6.109,4.50449,3.70224,2.89998,2.3384,2.09773,1.29547,-0.309039,0.0715793,0.0620556
371,CG6-0313,2026-01-23,11,50,field,CG6-0313|2026-01-23|L11|S50,2026-01-23 08:21:16,2026-01-23 08:21:16,2026-01-23 08:21:16.000000,1,1,9302.41,,,0.0027,24.7223,34.8582,302.5,0,,,True,SINGLE_READING;,8,day8,MATCHED,D8:wor:L11-50,L11-50,L11-50,results.zip/day8.xlsx,workbook,1.39084,197.282,L11-51,True,24.7223,34.8582,305.013,,0,305.013,0.15,10472.3,38356.9,False,9341.8,0.0537344,INTERPOLATED,354,421,-39.3842,0.0538022,0,True,1.01189,-39.8525,193.243,-4.42666,59.6468,24.221,8.0156,6.39506,4.77453,3.96426,3.15399,2.58681,2.34373,1.53346,-0.0870786,0.0709749,0.0613575
372,CG6-0313,2026-01-23,11,51,field,CG6-0313|2026-01-23|L11|S51,2026-01-23 08:25:49,2026-01-23 08:25:49,2026-01-23 08:25:49.000000,1,1,9302.27,,,0.0029,24.7226,34.8563,308,0,,,True,SINGLE_READING;,8,day8,MATCHED,D8:wor:L11-51,L11-51,L11-51,results.zip/day8.xlsx,workbook,7.07832,175.899,L11-52,True,24.7227,34.8563,307.221,,0,307.221,0.15,10582.6,38324.9,False,9341.8,0.0537221,INTERPOLATED,354,421,-39.5224,0.0538003,0,True,1.01189,-39.9924,195.451,-4.39597,60.3283,24.7319,8.34139,6.70234,5.06328,4.24376,3.42423,2.85056,2.60471,1.78518,0.146129,0.0709735,0.0613559
373,CG6-0313,2026-01-23,11,52,field,CG6-0313|2026-01-23|L11|S52,2026-01-23 08:29:33,2026-01-23 08:29:33,2026-01-23 08:29:33.000000,1,1,9301.94,,,0.003,24.7221,34.8547,299.2,0,,,True,SINGLE_READING;,8,day8,MATCHED,D8:wor:L11-52,L11-52,L11-52,results.zip/day8.xlsx,workbook,1.52786,177.76,L11-51,True,24.7221,34.8547,309.623,,0,309.623,0.15,10746.5,38395.7,False,9341.79,0.0537124,INTERPOLATED,354,421,-39.8573,0.0537962,0,True,1.01189,-40.3313,197.853,-4.43858,61.0697,25.177,8.58507,6.92587,5.26668,4.43708,3.60748,3.02676,2.77788,1.94829,0.28909,0.0709704,0.0613523
374,CG6-0313,2026-01-23,11,53,field,CG6-0313|2026-01-23|L11|S53,2026-01-23 08:32:48,2026-01-23 08:32:48,2026-01-23 08:32:48.000000,1,1,9301.56,,,0.0028,24.723,34.853,305,0,,,True,SINGLE_READING;,8,day8,MATCHED,D8:wor:L11-53,L11-53,L11-53,results.zip/day8.xlsx,workbook,2.51958,183.56,L11-54,True,24.7229,34.853,312.292,,0,312.292,0.15,10809.3,38309.2,False,9341.79,0.0537043,INTERPOLATED,354,421,-40.2317,0.0537773,0,True,1.01189,-40.7102,200.522,-4.37956,61.8935,25.5629,8.74709,7.06551,5.38393,4.54314,3.70235,3.1138,2.86156,2.02078,0.339198,0.070956,0.0613357
375,CG6-0313,2026-01-23,11,54,field,CG6-0313|2026-01-23|L11|S54,2026-01-23 08:36:15,2026-01-23 08:36:15,2026-01-23 08:36:15.000000,1,1,9301.13,,,0.0032,24.7225,34.8513,311.5,0,,,True,SINGLE_READING;,8,day8,MATCHED,D8:wor:L11-54,L11-54,L11-54,results.zip/day8.xlsx,workbook,3.57433,180.142,L11-53,True,24.7225,34.8512,314.849,,0,314.849,0.15,10972.8,38369.4,False,9341.79,0.053696,INTERPOLATED,354,421,-40.6624,0.0537912,0,True,1.01189,-41.146,203.079,-4.40978,62.6827,25.9465,8.91625,7.21323,5.51021,4.6587,3.80719,3.21113,2.95568,2.10417,0.40115,0.0709666,0.0613479
376,CG6-0313,2026-01-23,11,55,field,CG6-0313|2026-01-23|L11|S55,2026-01-23 08:40:06,2026-01-23 08:40:06,2026-01-23 08:40:06.000000,1,1,9300.46,,,0.0028,24.7208,34.8501,312,0,,,True,SINGLE_READING;,8,day8,MATCHED,D8:wor:L11-55,L11-55,L11-55,results.zip/day8.xlsx,workbook,4.19275,163.408,L11-56,True,24.7208,34.8501,317.077,,0,317.077,0.15,11188.7,38571.4,False,9341.79,0.053687,INTERPOLATED,354,421,-41.332,0.0537599,0,True,1.01189,-41.8235,205.307,-4.52961,63.3704,26.0765,8.85942,7.13771,5.41601,4.55515,3.6943,3.09171,2.83345,1.9726,0.250893,0.0709429,0.0613205
377,CG6-0313,2026-01-23,11,56,field,CG6-0313|2026-01-23|L11|S56,2026-01-23 08:44:06,2026-01-23 08:44:06,2026-01-23 08:44:06.000000,1,1,9300,,,0.0032,24.72,34.8487,318.2,0,,,True,SINGLE_READING;,8,day8,MATCHED,D8:wor:L11-56,L11-56,L11-56,results.zip/day8.xlsx,workbook,3.41757,157.807,L11-55,True,24.72,34.8487,319.213,,0,319.213,0.15,11347.8,38662.9,False,9341.79,0.053678,INTERPOLATED,354,421,-41.7849,0.0537733,0,True,1.01189,-42.2818,207.443,-4.58006,64.0296,26.3279,8.9317,7.19209,5.45247,4.58266,3.71285,3.10399,2.84304,1.97324,0.233618,0.0709531,0.0613323
378,CG6-0313,2026-01-23,11,57,field,CG6-0313|2026-01-23|L11|S57,2026-01-23 08:47:39,2026-01-23 08:47:39,2026-01-23 08:47:39.000000,1,1,9299.56,,,0.0048,24.721,34.8472,317.4,0,,,True,SINGLE_READING;,8,day8,MATCHED,D8:wor:L11-57,L11-57,L11-57,results.zip/day8.xlsx,workbook,3.28542,123.896,L11-58,True,24.721,34.8472,321.544,,0,321.544,0.15,11396.3,38569.3,False,9341.79,0.0536705,INTERPOLATED,354,421,-42.2229,0.0538847,0,True,1.01189,-42.725,209.774,-4.5147,64.7491,26.5388,8.94713,7.18797,5.4288,4.54922,3.66964,3.05393,2.79006,1.91047,0.151309,0.0710375,0.0614299
379,CG6-0313,2026-01-23,11,58,field,CG6-0313|2026-01-23|L11|S58,2026-01-23 08:52:16,2026-01-23 08:52:16,2026-01-23 08:52:16.000000,1,1,9299.04,,,0.0028,24.7209,34.846,320.8,0,,,True,SINGLE_READING;,8,day8,MATCHED,D8:wor:L11-58,L11-58,L11-58,results.zip/day8.xlsx,workbook,2.92714,122.156,L11-57,True,24.7209,34.846,325.056,,0,325.056,0.15,11499.4,38594,False,9341.78,0.053661,INTERPOLATED,354,421,-42.748,0.053734,0,True,1.01189,-43.2564,213.286,-4.52034,65.833,27.097,9.21082,7.42221,5.63359,4.73928,3.84498,3.21896,2.95067,2.05636,0.267742,0.0709233,0.0612978
380,CG6-0313,2026-01-23,11,59,field,CG6-0313|2026-01-23|L11|S59,2026-01-23 08:56:15,2026-01-23 08:56:15,2026-01-23 08:56:15.000000,1,1,9298.56,,,0.0022,24.7216,34.8442,318,0,,,True,SINGLE_READING;,8,day8,MATCHED,D8:wor:L11-59,L11-59,L11-59,results.zip/day8.xlsx,workbook,2.82828,182.391,L11-60,True,24.7216,34.8442,327.827,,0,327.827,0.15,11584.4,38525.5,False,9341.78,0.0536533,INTERPOLATED,354,421,-43.2182,0.0536984,0,True,1.01189,-43.7322,216.057,-4.47182,66.6883,27.4279,9.30938,7.49753,5.68567,4.77975,3.87382,3.23967,2.96789,2.06196,0.25011,0.0708963,0.0612666
381,CG6-0313,2026-01-23,11,60,field,CG6-0313|2026-01-23|L11|S60,2026-01-23 09:00:09,2026-01-23 09:00:09,2026-01-23 09:00:09.000000,1,1,9297.86,,,0.0031,24.7223,34.8425,322,0,,,True,SINGLE_READING;,8,day8,MATCHED,D8:wor:L11-60,L11-60,L11-60,results.zip/day8.xlsx,workbook,4.91583,187.892,L11-59,True,24.7223,34.8426,330.979,,0,330.979,0.15,11667.9,38462,False,9341.78,0.0536462,INTERPOLATED,354,421,-43.9226,0.0537357,0,True,1.01189,-44.445,219.209,-4.42407,67.6611,27.6403,9.2574,7.41911,5.58083,4.66168,3.74254,3.09914,2.8234,1.90425,0.0659668,0.0709245,0.0612993
382,CG6-0313,2026-01-23,11,61,field,CG6-0313|2026-01-23|L11|S61,2026-01-23 09:03:37,2026-01-23 09:03:37,2026-01-23 09:03:37.000000,1,1,9297.4,,,0.004,24.7231,34.8408,320.3,0,,,True,SINGLE_READING;,8,day8,MATCHED,D8:wor:L11-61,L11-61,L11-61,results.zip/day8.xlsx,workbook,4.59212,198.935,L11-62,True,24.7231,34.8408,333.67,,0,333.67,0.15,11751.4,38389.7,False,9341.78,0.0536401,INTERPOLATED,354,421,-44.3796,0.0537891,0,True,1.01189,-44.9074,221.9,-4.36906,68.4917,27.9533,9.34481,7.48395,5.6231,4.69267,3.76224,3.11095,2.83182,1.90139,0.0405381,0.070965,0.0613461
383,CG6-0313,2026-01-23,11,62,field,CG6-0313|2026-01-23|L11|S62,2026-01-23 09:07:13,2026-01-23 09:07:13,2026-01-23 09:07:13.000000,1,1,9296.9,,,0.0035,24.7242,34.8392,321.8,0,,,True,SINGLE_READING;,8,day8,MATCHED,D8:wor:L11-62,L11-62,L11-62,results.zip/day8.xlsx,workbook,2.68413,165.051,L11-63,True,24.7242,34.8392,336.927,,0,336.927,0.15,11814.4,38290.4,False,9341.78,0.0536342,INTERPOLATED,354,421,-44.8789,0.0537483,0,True,1.01189,-45.4126,225.157,-4.29621,69.497,28.3805,9.49888,7.61071,5.72255,4.77846,3.83438,3.17352,2.8903,1.94621,0.0580468,0.070934,0.0613103
384,CG6-0313,2026-01-23,11,63,field,CG6-0313|2026-01-23|L11|S63,2026-01-23 09:11:03,2026-01-23 09:11:03,2026-01-23 09:11:03.000000,1,1,9296.51,,,0.0035,24.7244,34.8375,308.2,0,,,True,SINGLE_READING;,8,day8,MATCHED,D8:wor:L11-63,L11-63,L11-63,results.zip/day8.xlsx,workbook,8.88334,134.864,L12-1,True,24.7244,34.8376,339.961,,0,339.961,0.15,11936.1,38278.8,False,9341.77,0.0536282,INTERPOLATED,354,421,-45.2666,0.0537423,0,True,1.01189,-45.8049,228.191,-4.27723,70.4334,28.9057,9.76961,7.856,5.9424,4.98559,4.02879,3.35902,3.07198,2.11518,0.201566,0.0709295,0.061305
385,CG6-0313,2026-01-23,11,64,field,CG6-0313|2026-01-23|L11|S64,2026-01-23 09:14:50,2026-01-23 09:14:50,2026-01-23 09:14:50.000000,1,1,9295.73,,,0.0036,24.724,34.8357,314.1,0,,,True,SINGLE_READING;,8,day8,MATCHED,D8:wor:L11-64,L11-64,L11-64,results.zip/day8.xlsx,workbook,3.21728,193.974,L11-65,True,24.724,34.8357,343.318,,0,343.318,0.15,12112.9,38349.2,False,9341.77,0.0536226,INTERPOLATED,354,421,-46.042,0.0537433,0,True,1.01189,-46.5895,231.548,-4.30812,71.4695,29.1881,9.77048,7.82872,5.88696,4.91608,3.9452,3.26558,2.97432,2.00344,0.0616747,0.0709303,0.061306
386,CG6-0313,2026-01-23,11,65,field,CG6-0313|2026-01-23|L11|S65,2026-01-23 09:18:15,2026-01-23 09:18:15,2026-01-23 09:18:15.000000,1,1,9294.93,,,0.0021,24.7231,34.834,322.7,0,,,True,SINGLE_READING;,8,day8,MATCHED,D8:wor:L11-65,L11-65,L11-65,results.zip/day8.xlsx,workbook,2.65313,198.116,L11-64,True,24.7231,34.834,346.365,,0,346.365,0.15,12307.1,38463.1,False,9341.77,0.0536179,INTERPOLATED,354,421,-46.845,0.053659,0,True,1.01189,-47.4021,234.595,-4.36799,72.4099,29.3759,9.70272,7.7354,5.76809,4.78443,3.80078,3.11222,2.81712,1.83346,-0.133851,0.0708665,0.0612321
387,CG6-0313,2026-01-23,12,1,field,CG6-0313|2026-01-23|L12|S1,2026-01-23 09:25:15,2026-01-23 09:25:15,2026-01-23 09:25:15.000000,1,1,9296.59,,,0.0027,24.7256,34.8369,317.8,0,,,True,SINGLE_READING;,8,day8,MATCHED,D8:wor:L12-1,L12-1,L12-1,results.zip/day8.xlsx,workbook,6.87317,146.368,L11-63,True,24.7255,34.8369,340.461,,0,340.461,0.15,11909.7,38156.8,False,9341.77,0.0536092,INTERPOLATED,354,421,-45.1762,0.0536771,0,True,1.01189,-45.7135,228.691,-4.20117,70.5877,29.0754,9.89736,7.97955,6.06175,5.10285,4.14395,3.47272,3.18505,2.22614,0.308342,0.0708802,0.0612479
388,CG6-0313,2026-01-23,12,2,field,CG6-0313|2026-01-23|L12|S2,2026-01-23 09:29:30,2026-01-23 09:29:30,2026-01-23 09:29:30.000000,1,1,9297.13,,,0.0027,24.7269,34.8381,324.4,0,,,True,SINGLE_READING;,8,day8,MATCHED,D8:wor:L12-2,L12-2,L12-2,results.zip/day8.xlsx,workbook,4.20589,190.193,L12-1,True,24.7269,34.8381,337.958,,0,337.958,0.15,11731.3,37999.9,False,9341.77,0.0536045,INTERPOLATED,354,421,-44.631,0.0536724,0,True,1.01189,-45.1618,226.188,-4.10982,69.8152,28.7632,9.79507,7.89826,6.00145,5.05304,4.10464,3.44075,3.15623,2.20782,0.31101,0.0708766,0.0612438
389,CG6-0313,2026-01-23,12,3,field,CG6-0313|2026-01-23|L12|S3,2026-01-23 09:33:16,2026-01-23 09:33:16,2026-01-23 09:33:16.000000,1,1,9297.72,,,0.0036,24.7266,34.8405,316.1,0,,,True,SINGLE_READING;,8,day8,MATCHED,D8:wor:L12-3,L12-3,L12-3,results.zip/day8.xlsx,workbook,4.11727,171.916,L12-4,True,24.7266,34.8405,334.715,,0,334.715,0.15,11544.5,38004.8,False,9341.76,0.0536006,INTERPOLATED,354,421,-44.0407,0.0537214,0,True,1.01189,-44.5645,222.945,-4.12833,68.8142,28.3781,9.68191,7.81229,5.94267,5.00786,4.07306,3.41869,3.13825,2.20344,0.333822,0.0709137,0.0612867
390,CG6-0313,2026-01-23,12,4,field,CG6-0313|2026-01-23|L12|S4,2026-01-23 09:36:38,2026-01-23 09:36:38,2026-01-23 09:36:38.000000,1,1,9298.19,,,0.0027,24.7279,34.8416,316.3,0,,,True,SINGLE_READING;,8,day8,MATCHED,D8:wor:L12-4,L12-4,L12-4,results.zip/day8.xlsx,workbook,3.82317,179.458,L12-3,True,24.7278,34.8416,332.531,,0,332.531,0.15,11375.5,37858.8,False,9341.76,0.0535975,INTERPOLATED,354,421,-43.5696,0.0536655,0,True,1.01189,-44.0878,220.761,-4.04474,68.1402,28.0971,9.58408,7.73278,5.88148,4.95583,4.03018,3.38222,3.10452,2.17887,0.327572,0.0708714,0.0612377
391,CG6-0313,2026-01-23,12,5,field,CG6-0313|2026-01-23|L12|S5,2026-01-23 09:40:24,2026-01-23 09:40:24,2026-01-23 09:40:24.000000,1,1,9298.47,,,0.0047,24.7291,34.8432,322.3,0,,,True,SINGLE_READING;,8,day8,MATCHED,D8:wor:L12-5,L12-5,L12-5,results.zip/day8.xlsx,workbook,7.94839,164.873,L12-6,True,24.729,34.8432,329.59,,0,329.59,0.15,11167,37708.2,False,9341.76,0.0535944,INTERPOLATED,354,421,-43.2911,0.0538001,0,True,1.01189,-43.8059,217.82,-3.96209,67.2324,27.3886,9.12222,7.29558,5.46894,4.55563,3.64231,3.00298,2.72899,1.81567,-0.0109708,0.0709733,0.0613557
392,CG6-0313,2026-01-23,12,6,field,CG6-0313|2026-01-23|L12|S6,2026-01-23 09:43:38,2026-01-23 09:43:38,2026-01-23 09:43:38.000000,1,1,9299.07,,,0.0028,24.7287,34.8448,314,0,,,True,SINGLE_READING;,8,day8,MATCHED,D8:wor:L12-6,L12-6,L12-6,results.zip/day8.xlsx,workbook,5.05842,172.224,L12-5,True,24.7287,34.8448,327.078,,0,327.078,0.15,11056.5,37733,False,9341.76,0.053592,INTERPOLATED,354,421,-42.6917,0.0536651,0,True,1.01189,-43.1994,215.308,-3.98444,66.4571,27.2421,9.18639,7.38082,5.57525,4.67246,3.76967,3.13772,2.86689,1.9641,0.158528,0.0708711,0.0612374
393,CG6-0313,2026-01-23,12,7,field,CG6-0313|2026-01-23|L12|S7,2026-01-23 09:46:48,2026-01-23 09:46:48,2026-01-23 09:46:48.000000,1,1,9299.31,,,0.0031,24.7275,34.846,307.8,0,,,True,SINGLE_READING;,8,day8,MATCHED,D8:wor:L12-7,L12-7,L12-7,results.zip/day8.xlsx,workbook,5.20465,177.644,L12-8,True,24.7275,34.846,324.762,,0,324.762,0.15,11037.7,37856.3,False,9341.76,0.0535899,INTERPOLATED,354,421,-42.4513,0.0536795,0,True,1.01189,-42.9562,212.992,-4.06821,65.7423,26.8543,8.99279,7.20664,5.42049,4.52741,3.63434,3.00918,2.74126,1.84818,0.0620333,0.0708819,0.06125
394,CG6-0313,2026-01-23,12,8,field,CG6-0313|2026-01-23|L12|S8,2026-01-23 10:10:33,2026-01-23 10:10:33,2026-01-23 10:10:33.000000,1,1,9300.18,,,0.0021,24.7284,34.8476,313.4,0,,,True,SINGLE_READING;,8,day8,MATCHED,D8:wor:L12-8,L12-8,L12-8,results.zip/day8.xlsx,workbook,9.95238,189.349,L12-9,True,24.7283,34.8476,322.01,,0,322.01,0.15,10853.4,37750.6,False,9341.75,0.053582,INTERPOLATED,354,421,-41.5683,0.0536232,0,True,1.01189,-42.0626,210.24,-4.01398,64.8929,26.8442,9.21351,7.45044,5.68737,4.80583,3.92429,3.30722,3.04276,2.16122,0.398148,0.0708393,0.0612006
395,CG6-0313,2026-01-23,12,9,field,CG6-0313|2026-01-23|L12|S9,2026-01-23 10:15:33,2026-01-23 10:15:33,2026-01-23 10:15:33.000000,1,1,9300.86,,,0.0035,24.7296,34.849,307,0,,,True,SINGLE_READING;,8,day8,MATCHED,D8:wor:L12-9,L12-9,L12-9,results.zip/day8.xlsx,workbook,8.58452,197.963,L12-10,True,24.7296,34.8489,319.678,,0,319.678,0.15,10658.6,37597.7,False,9341.74,0.0535822,INTERPOLATED,354,421,-40.8828,0.0536963,0,True,1.01189,-41.369,207.908,-3.92517,64.1731,26.7293,9.29418,7.55066,5.80715,4.93539,4.06363,3.4534,3.19187,2.32011,0.576597,0.0708947,0.0612648
396,CG6-0313,2026-01-23,12,10,field,CG6-0313|2026-01-23|L12|S10,2026-01-23 10:19:12,2026-01-23 10:19:12,2026-01-23 10:19:12.000000,1,1,9301.64,,,0.0053,24.7314,34.8496,307.9,0,,,True,SINGLE_READING;,8,day8,MATCHED,D8:wor:L12-10,L12-10,L12-10,results.zip/day8.xlsx,workbook,7.8557,46.7731,1-464,True,24.7313,34.8496,317.162,,0,317.162,0.15,10493.2,37397.1,False,9341.74,0.0535826,INTERPOLATED,354,421,-40.1026,0.0538441,0,True,1.01189,-40.5796,205.392,-3.80387,63.3966,26.6209,9.39672,7.6743,5.95188,5.09067,4.22947,3.62662,3.36826,2.50705,0.784631,0.0710067,0.0613943
397,CG6-0313,2026-01-23,12,11,field,CG6-0313|2026-01-23|L12|S11,2026-01-23 10:22:52,2026-01-23 10:22:52,2026-01-23 10:22:52.000000,1,1,9302.37,,,0.0036,24.7329,34.8506,304.3,0,,,True,SINGLE_READING;,8,day8,MATCHED,D8:wor:L12-11,L12-11,L12-11,results.zip/day8.xlsx,workbook,8.19617,69.313,1-463,True,24.7328,34.8506,314.647,,0,314.647,0.15,10310.3,37223.1,False,9341.74,0.0535835,INTERPOLATED,354,421,-39.367,0.0537043,0,True,1.01189,-39.8352,202.877,-3.70107,62.6203,26.4862,9.47295,7.77163,6.0703,5.21964,4.36897,3.77351,3.51831,2.66765,0.966322,0.0709007,0.0612717
398,CG6-0313,2026-01-23,12,12,field,CG6-0313|2026-01-23|L12|S12,2026-01-23 10:27:02,2026-01-23 10:27:02,2026-01-23 10:27:02.000000,1,1,9302.92,,,0.0031,24.734,34.8519,302.3,0,,,True,SINGLE_READING;,8,day8,MATCHED,D8:wor:L12-12,L12-12,L12-12,results.zip/day8.xlsx,workbook,8.65079,112.594,1-463,True,24.7339,34.8519,312.712,,0,312.712,0.15,10131.6,37091.5,False,9341.74,0.0535848,INTERPOLATED,354,421,-38.8207,0.0536744,0,True,1.01189,-39.2824,200.942,-3.62618,62.0231,26.3669,9.51586,7.83076,6.14566,5.30311,4.46056,3.87078,3.61801,2.77546,1.09036,0.0708781,0.0612456
399,CG6-0313,2026-01-23,12,13,field,CG6-0313|2026-01-23|L12|S13,2026-01-23 10:31:14,2026-01-23 10:31:14,2026-01-23 10:31:14.000000,1,1,9303.36,,,0.0031,24.7349,34.8535,292.4,0,,,True,SINGLE_READING;,8,day8,MATCHED_ID_TIEBREAK,D8:wor:L12-13,L12-13,L12-13,results.zip/day8.xlsx,workbook,12.3809,7.0625,1-462,True,24.7348,34.8535,310.224,,0,310.224,0.15,9945.67,36983.9,False,9341.74,0.0535866,INTERPOLATED,354,421,-38.3737,0.0536762,0,True,1.01189,-38.83,198.454,-3.56829,61.2552,25.9934,9.35109,7.68686,6.02262,5.19051,4.35839,3.77591,3.52627,2.69415,1.02992,0.0708795,0.0612471
400,CG6-0313,2026-01-23,12,14,field,CG6-0313|2026-01-23|L12|S14,2026-01-23 10:33:54,2026-01-23 10:33:54,2026-01-23 10:33:54.000000,1,1,9303.63,,,0.0031,24.7338,34.8555,297.4,0,,,True,SINGLE_READING;,8,day8,MATCHED,D8:wor:L12-14,L12-14,L12-14,results.zip/day8.xlsx,workbook,10.4137,29.1566,1-461,True,24.7337,34.8554,307.708,,0,307.708,0.15,9858.63,37093.1,False,9341.73,0.053588,INTERPOLATED,354,421,-38.1055,0.0536776,0,True,1.01189,-38.5587,195.938,-3.64206,60.4786,25.562,9.13061,7.48747,5.84434,5.02277,4.2012,3.62611,3.37963,2.55807,0.914931,0.0708805,0.0612483
401,CG6-0313,2026-01-23,12,15,field,CG6-0313|2026-01-23|L12|S15,2026-01-23 10:37:26,2026-01-23 10:37:26,2026-01-23 10:37:26.000000,1,1,9304.24,,,0.0018,24.7336,34.8572,298.2,0,,,True,SINGLE_READING;,8,day8,MATCHED,D8:wor:L12-15,L12-15,L12-15,results.zip/day8.xlsx,workbook,8.37184,50.0956,1-460,True,24.7336,34.8572,305.06,,0,305.06,0.15,9727.87,37100,False,9341.73,0.0535901,INTERPOLATED,354,421,-37.4918,0.0536203,0,True,1.01189,-37.9377,193.29,-3.65192,59.6613,25.3756,9.16629,7.54536,5.92443,5.11396,4.3035,3.73617,3.49303,2.68257,1.06164,0.0708371,0.0611981
402,CG6-0313,2026-01-23,12,16,field,CG6-0313|2026-01-23|L12|S16,2026-01-23 10:40:52,2026-01-23 10:40:52,2026-01-23 10:40:52.000000,1,1,9305.14,,,0.0018,24.7351,34.8585,294.1,0,,,True,SINGLE_READING;,8,day8,MATCHED,D8:wor:L12-16,L12-16,L12-16,results.zip/day8.xlsx,workbook,7.62469,141.78,L12-17,True,24.7351,34.8585,302.418,,0,302.418,0.15,9525.78,36926.7,False,9341.73,0.0535924,INTERPOLATED,354,421,-36.5905,0.0536226,0,True,1.01189,-37.0256,190.648,-3.54864,58.8459,25.3689,9.38115,7.78238,6.18361,5.38422,4.58483,4.02526,3.78544,2.98606,1.38728,0.0708389,0.0612002
403,CG6-0313,2026-01-23,12,17,field,CG6-0313|2026-01-23|L12|S17,2026-01-23 10:43:47,2026-01-23 10:43:47,2026-01-23 10:43:47.000000,1,1,9305.57,,,0.003,24.7355,34.8598,297.6,0,,,True,SINGLE_READING;,8,day8,MATCHED,D8:wor:L12-17,L12-17,L12-17,results.zip/day8.xlsx,workbook,5.69245,146.252,L12-16,True,24.7354,34.8598,300.463,,0,300.463,0.15,9391.65,36879.7,False,9341.73,0.0535946,INTERPOLATED,354,421,-36.1559,0.0536785,0,True,1.01189,-36.5859,188.693,-3.52268,58.2425,25.1792,9.35541,7.77304,6.19066,5.39947,4.60828,4.05444,3.81709,3.0259,1.44352,0.0708812,0.0612491
404,CG6-0313,2026-01-23,12,18,field,CG6-0313|2026-01-23|L12|S18,2026-01-23 10:46:47,2026-01-23 10:46:47,2026-01-23 10:46:47.000000,1,1,9305.94,,,0.0031,24.7347,34.8618,293.9,0,,,True,SINGLE_READING;,8,day8,MATCHED,D8:wor:L12-18,L12-18,L12-18,results.zip/day8.xlsx,workbook,6.81769,158.518,L12-19,True,24.7347,34.8618,297.959,,0,297.959,0.15,9289.09,36954.8,False,9341.73,0.0535971,INTERPOLATED,354,421,-35.7879,0.0536867,0,True,1.01189,-36.2135,186.189,-3.57529,57.4696,24.8314,9.21762,7.65624,6.09486,5.31417,4.53347,3.98699,3.75278,2.97209,1.41071,0.0708874,0.0612563
405,CG6-0313,2026-01-23,12,19,field,CG6-0313|2026-01-23|L12|S19,2026-01-23 10:50:18,2026-01-23 10:50:18,2026-01-23 10:50:18.000000,1,1,9306.67,,,0.0022,24.7362,34.862,293.4,0,,,True,SINGLE_READING;,8,day8,MATCHED,D8:wor:L12-19,L12-19,L12-19,results.zip/day8.xlsx,workbook,4.67598,164.628,L12-20,True,24.7361,34.862,295.609,,0,295.609,0.15,9168.94,36793.2,False,9341.73,0.0536003,INTERPOLATED,354,421,-35.0608,0.0536454,0,True,1.01189,-35.4778,183.839,-3.47483,56.7443,24.7413,9.32456,7.78289,6.24121,5.47037,4.69954,4.15995,3.9287,3.15786,1.61619,0.0708562,0.0612201
406,CG6-0313,2026-01-23,12,20,field,CG6-0313|2026-01-23|L12|S20,2026-01-23 10:53:31,2026-01-23 10:53:31,2026-01-23 10:53:31.000000,1,1,9307.36,,,0.002,24.7377,34.8619,288.4,0,,,True,SINGLE_READING;,8,day8,MATCHED,D8:wor:L12-20,L12-20,L12-20,results.zip/day8.xlsx,workbook,5.47103,174.698,L12-19,True,24.7376,34.8619,293.671,,0,293.671,0.15,9079.65,36624.9,False,9341.72,0.0536035,INTERPOLATED,354,421,-34.3659,0.0536408,0,True,1.01189,-34.7746,181.901,-3.37097,56.1461,24.7425,9.48826,7.96284,6.43742,5.67471,4.912,4.3781,4.14929,3.38658,1.86116,0.0708526,0.0612161
407,CG6-0313,2026-01-23,12,21,field,CG6-0313|2026-01-23|L12|S21,2026-01-23 10:57:25,2026-01-23 10:57:25,2026-01-23 10:57:25.000000,1,1,9308.32,,,0.0021,24.7386,34.8633,272.4,0,,,True,SINGLE_READING;,8,day8,MATCHED,D8:wor:L12-21,L12-21,L12-21,results.zip/day8.xlsx,workbook,3.75403,181.655,L12-20,True,24.7386,34.8633,290.838,,0,290.838,0.15,8900.53,36515.6,False,9341.72,0.0536077,INTERPOLATED,354,421,-33.4021,0.0536488,0,True,1.01189,-33.7993,179.068,-3.3056,55.2717,24.778,9.76136,8.2597,6.75804,6.0072,5.25637,4.73079,4.50554,3.75471,2.25304,0.0708587,0.0612231
408,CG6-0313,2026-01-23,12,22,field,CG6-0313|2026-01-23|L12|S22,2026-01-23 11:02:01,2026-01-23 11:02:01,2026-01-23 11:02:01.000000,1,1,9309.09,,,0.0034,24.7384,34.8651,274.3,0,,,True,SINGLE_READING;,8,day8,MATCHED,D8:wor:L12-22,L12-22,L12-22,results.zip/day8.xlsx,workbook,5.62093,176.861,L12-23,True,24.7383,34.8651,287.45,,0,287.45,0.15,8771.61,36535.4,False,9341.72,0.0536132,INTERPOLATED,354,421,-32.6347,0.0537209,0,True,1.01189,-33.0229,175.68,-3.32377,54.226,24.5269,9.79439,8.32114,6.84789,6.11126,5.37464,4.859,4.63801,3.90138,2.42813,0.0709133,0.0612863
409,CG6-0313,2026-01-23,12,23,field,CG6-0313|2026-01-23|L12|S23,2026-01-23 11:05:25,2026-01-23 11:05:25,2026-01-23 11:05:25.000000,1,1,9309.88,,,0.0023,24.7385,34.8669,264.8,0,,,True,SINGLE_READING;,8,day8,MATCHED,D8:wor:L12-23,L12-23,L12-23,results.zip/day8.xlsx,workbook,5.51679,182.502,L12-22,True,24.7385,34.8669,284.878,,0,284.878,0.15,8620.06,36515.1,False,9341.72,0.0536176,INTERPOLATED,354,421,-31.8412,0.0536669,0,True,1.01189,-32.2199,173.108,-3.31292,53.4321,24.5252,10.0083,8.55665,7.10496,6.37912,5.65328,5.14519,4.92744,4.20159,2.74991,0.0708724,0.0612389
410,CG6-0313,2026-01-23,12,24,field,CG6-0313|2026-01-23|L12|S24,2026-01-23 11:08:45,2026-01-23 11:08:45,2026-01-23 11:08:45.000000,1,1,9310.75,,,0.0024,24.7393,34.8689,268.6,0,,,True,SINGLE_READING;,8,day8,MATCHED,D8:wor:L12-24,L12-24,L12-24,results.zip/day8.xlsx,workbook,9.67345,159.34,L12-25,True,24.7393,34.8689,282.179,,0,282.179,0.15,8409.01,36418.6,False,9341.72,0.0536221,INTERPOLATED,354,421,-30.9671,0.0536758,0,True,1.01189,-31.3354,170.409,-3.26098,52.5991,24.5247,10.2342,8.80512,7.37607,6.66154,5.94702,5.44685,5.23249,4.51797,3.08892,0.0708792,0.0612468
411,CG6-0313,2026-01-23,12,25,field,CG6-0313|2026-01-23|L12|S25,2026-01-23 11:15:07,2026-01-23 11:15:07,2026-01-23 11:15:07.000000,1,1,9311.39,,,0.0023,24.7395,34.8705,270.8,0,,,True,SINGLE_READING;,8,day8,MATCHED,D8:wor:L12-25,L12-25,L12-25,results.zip/day8.xlsx,workbook,7.50496,167.869,L12-24,True,24.7394,34.8704,280.28,,0,280.28,0.15,8273.24,36401.9,False,9341.71,0.0536316,INTERPOLATED,354,421,-30.3211,0.0536809,0,True,1.01189,-30.6817,168.51,-3.25033,52.013,24.5816,10.4504,9.03728,7.62415,6.91759,6.21103,5.71643,5.50446,4.7979,3.38478,0.070883,0.0612513
412,CG6-0313,2026-01-23,12,26,field,CG6-0313|2026-01-23|L12|S26,2026-01-23 11:18:34,2026-01-23 11:18:34,2026-01-23 11:18:34.000000,1,1,9312.39,,,0.0028,24.7391,34.8727,272.7,0,,,True,SINGLE_READING;,8,day8,MATCHED,D8:wor:L12-26,L12-26,L12-26,results.zip/day8.xlsx,workbook,4.82405,191.754,L12-27,True,24.739,34.8727,277.38,,0,277.38,0.15,8128.72,36440.5,False,9341.71,0.0536372,INTERPOLATED,354,421,-29.3204,0.0537102,0,True,1.01189,-29.6691,165.61,-3.27608,51.1179,24.7249,10.8368,9.44803,8.05923,7.36483,6.67042,6.18434,5.97602,5.28162,3.89281,0.0709052,0.0612769
413,CG6-0313,2026-01-23,12,27,field,CG6-0313|2026-01-23|L12|S27,2026-01-23 11:21:55,2026-01-23 11:21:55,2026-01-23 11:21:55.000000,1,1,9313.55,,,0.002,24.7405,34.8739,270,0,,,True,SINGLE_READING;,8,day8,MATCHED,D8:wor:L12-27,L12-27,L12-27,results.zip/day8.xlsx,workbook,2.41407,194.537,L12-28,True,24.7405,34.8739,274.537,,0,274.537,0.15,7940.27,36283,False,9341.71,0.0536429,INTERPOLATED,354,421,-28.1649,0.0536801,0,True,1.01189,-28.4999,162.767,-3.17833,50.2404,24.9188,11.2692,9.90421,8.53925,7.85676,7.17428,6.69654,6.4918,5.80932,4.44435,0.0708825,0.0612506
414,CG6-0313,2026-01-23,12,28,field,CG6-0313|2026-01-23|L12|S28,2026-01-23 11:25:52,2026-01-23 11:25:52,2026-01-23 11:25:52.000000,1,1,9314.27,,,0.0028,24.7422,34.874,262.9,0,,,True,SINGLE_READING;,8,day8,MATCHED,D8:wor:L12-28,L12-28,L12-28,results.zip/day8.xlsx,workbook,3.10494,200.024,L12-27,True,24.7422,34.874,272.333,,0,272.333,0.15,7803.15,36085.7,False,9341.71,0.0536499,INTERPOLATED,354,421,-27.4395,0.053723,0,True,1.01189,-27.7658,160.563,-3.05711,49.5601,24.8514,11.3866,10.0401,8.69362,8.02037,7.34713,6.87587,6.67389,6.00065,4.65417,0.0709149,0.0612881
415,CG6-0313,2026-01-23,12,29,field,CG6-0313|2026-01-23|L12|S29,2026-01-23 11:33:23,2026-01-23 11:33:23,2026-01-23 11:33:23.000000,1,1,9315.08,,,0.0053,24.744,34.8734,260.2,0,,,True,SINGLE_READING;,8,day8,MATCHED,D8:wor:L12-29,L12-29,L12-29,results.zip/day8.xlsx,workbook,3.83118,167.523,L12-30,True,24.744,34.8734,269.917,,0,269.917,0.15,7723.22,35888.7,False,9341.71,0.0536645,INTERPOLATED,354,421,-26.6267,0.0539255,0,True,1.01189,-26.9433,158.147,-2.93505,48.8144,24.8061,11.5439,10.2177,8.89147,8.22836,7.56525,7.10108,6.90214,6.23903,4.91281,0.0710685,0.0614658
416,CG6-0313,2026-01-23,12,30,field,CG6-0313|2026-01-23|L12|S30,2026-01-23 11:36:41,2026-01-23 11:36:41,2026-01-23 11:36:41.000000,1,1,9316.17,,,0.0029,24.7449,34.8748,252.4,0,,,True,SINGLE_READING;,8,day8,MATCHED,D8:wor:L12-30,L12-30,L12-30,results.zip/day8.xlsx,workbook,3.20114,174.114,L12-29,True,24.7449,34.8748,266.474,,0,266.474,0.15,7553.02,35789.3,False,9341.7,0.0536713,INTERPOLATED,354,421,-25.5322,0.0537496,0,True,1.01189,-25.8358,154.704,-2.87446,47.7517,24.7903,11.8168,10.5195,9.22215,8.57347,7.9248,7.47073,7.27613,6.62745,5.3301,0.070935,0.0613114
417,CG6-0313,2026-01-23,12,31,field,CG6-0313|2026-01-23|L12|S31,2026-01-23 11:40:08,2026-01-23 11:40:08,2026-01-23 11:40:08.000000,1,1,9316.79,,,0.003,24.7445,34.8767,244.5,0,,,True,SINGLE_READING;,8,day8,MATCHED,D8:wor:L12-31,L12-31,L12-31,results.zip/day8.xlsx,workbook,8.22402,193.552,L12-30,True,24.7444,34.8766,263.526,,0,263.526,0.15,7439.07,35838.6,False,9341.7,0.0536787,INTERPOLATED,354,421,-24.9102,0.0537625,0,True,1.01189,-25.2065,151.756,-2.90792,46.8418,24.5432,11.817,10.5443,9.27171,8.63539,7.99908,7.55366,7.36277,6.72645,5.45383,0.0709448,0.0613227
418,CG6-0313,2026-01-23,12,32,field,CG6-0313|2026-01-23|L12|S32,2026-01-23 11:43:48,2026-01-23 11:43:48,2026-01-23 11:43:48.000000,1,1,9317.21,,,0.0027,24.7433,34.8783,241.4,0,,,True,SINGLE_READING;,8,day8,MATCHED,D8:wor:L12-32,L12-32,L12-32,results.zip/day8.xlsx,workbook,2.5497,181.604,L12-33,True,24.7433,34.8783,261.052,,0,261.052,0.15,7397.01,35966.8,False,9341.7,0.0536869,INTERPOLATED,354,421,-24.4914,0.0537547,0,True,1.01189,-24.7826,149.282,-2.9843,46.0782,24.2798,11.7611,10.5092,9.2573,8.63136,8.00542,7.56726,7.37948,6.75354,5.50166,0.070939,0.061316
419,CG6-0313,2026-01-23,12,33,field,CG6-0313|2026-01-23|L12|S33,2026-01-23 11:47:20,2026-01-23 11:47:20,2026-01-23 11:47:20.000000,1,1,9317.99,,,0.0024,24.7433,34.8801,246.6,0,,,True,SINGLE_READING;,8,day8,MATCHED,D8:wor:L12-33,L12-33,L12-33,results.zip/day8.xlsx,workbook,4.04944,185.421,L12-32,True,24.7433,34.8801,258.47,,0,258.47,0.15,7258.99,35968.2,False,9341.7,0.0536951,INTERPOLATED,354,421,-23.7046,0.0537487,0,True,1.01189,-23.9865,146.7,-2.98524,45.2812,24.28,11.9777,10.7475,9.51728,8.90217,8.28705,7.85647,7.67194,7.05683,5.8266,0.0709344,0.0613107
420,CG6-0313,2026-01-23,12,34,field,CG6-0313|2026-01-23|L12|S34,2026-01-23 11:51:12,2026-01-23 11:51:12,2026-01-23 11:51:12.000000,1,1,9318.73,,,0.0044,24.7444,34.8816,239,0,,,True,SINGLE_READING;,8,day8,MATCHED,D8:wor:L12-34,L12-34,L12-34,results.zip/day8.xlsx,workbook,4.84613,198.779,L12-33,True,24.7444,34.8816,256.095,,0,256.095,0.15,7064.32,35845.5,False,9341.7,0.0537045,INTERPOLATED,354,421,-22.9702,0.0538844,0,True,1.01189,-23.2434,144.325,-2.90976,44.5482,24.2146,12.1115,10.9012,9.69087,9.08572,8.48056,8.05696,7.87541,7.27025,6.05994,0.0710373,0.0614297
422,CG6-0313,2026-01-23,13,1,field,CG6-0313|2026-01-23|L13|S1,2026-01-23 13:22:38,2026-01-23 13:22:38,2026-01-23 13:22:38.000000,1,1,9349.26,,,0.0022,24.8021,34.9531,55,0,,,True,SINGLE_READING;,8,day8,MATCHED,D8:wor:L13-1,L13-1,L13-1,results.zip/day8.xlsx,workbook,5.77643,192.177,L13-2,True,24.802,34.9531,71.297,,0,71.297,0.15,2589.31,30401.3,False,9341.68,0.0535613,INTERPOLATED,421,446,7.57831,0.0536065,0,True,1.01189,7.66844,-40.473,1.0484,-12.4932,-5.87312,-2.47905,-2.13965,-1.80024,-1.63054,-1.46083,-1.34204,-1.29113,-1.12143,-0.78202,0.0708267,0.061186
423,CG6-0313,2026-01-23,13,2,field,CG6-0313|2026-01-23|L13|S2,2026-01-23 13:26:55,2026-01-23 13:26:55,2026-01-23 13:26:55.000000,1,1,9348.17,,,0.0029,24.8033,34.9517,56.5,0,,,True,SINGLE_READING;,8,day8,MATCHED,D8:wor:L13-2,L13-2,L13-2,results.zip/day8.xlsx,workbook,3.89754,193.821,L13-1,True,24.8033,34.9517,76.861,,0,76.861,0.15,2583.82,30235.6,False,9341.69,0.0535379,INTERPOLATED,421,446,6.48095,0.0536164,0,True,1.01189,6.55803,-34.909,1.13401,-10.7757,-5.35164,-2.42417,-2.13142,-1.83868,-1.6923,-1.54593,-1.44347,-1.39956,-1.25318,-0.960436,0.0708342,0.0611947
424,CG6-0313,2026-01-23,13,3,field,CG6-0313|2026-01-23|L13|S3,2026-01-23 13:30:26,2026-01-23 13:30:26,2026-01-23 13:30:26.000000,1,1,9346.94,,,0.0039,24.8047,34.9505,59.4,0,,,True,SINGLE_READING;,8,day8,MATCHED,D8:wor:L13-3,L13-3,L13-3,results.zip/day8.xlsx,workbook,1.59755,194.011,L13-4,True,24.8046,34.9505,82.396,,0,82.396,0.15,2611.23,30054.7,False,9341.69,0.0535194,INTERPOLATED,421,446,5.25845,0.0536613,0,True,1.01189,5.32098,-29.374,1.2302,-9.06711,-4.97633,-2.51303,-2.2667,-2.02037,-1.8972,-1.77404,-1.68782,-1.65087,-1.5277,-1.28137,0.0708682,0.0612341
425,CG6-0313,2026-01-23,13,4,field,CG6-0313|2026-01-23|L13|S4,2026-01-23 13:33:39,2026-01-23 13:33:39,2026-01-23 13:33:39.000000,1,1,9346.01,,,0.0022,24.8061,34.9493,69.4,0,,,True,SINGLE_READING;,8,day8,MATCHED,D8:wor:L13-4,L13-4,L13-4,results.zip/day8.xlsx,workbook,2.65091,185.41,L13-5,True,24.806,34.9493,87.243,,0,87.243,0.15,2661.06,29876.4,False,9341.69,0.0535031,INTERPOLATED,421,446,4.32322,0.0535483,0,True,1.01189,4.37464,-24.527,1.32615,-7.57094,-4.52246,-2.46562,-2.25994,-2.05426,-1.95141,-1.84857,-1.77658,-1.74573,-1.64289,-1.43721,0.0707826,0.061135
426,CG6-0313,2026-01-23,13,5,field,CG6-0313|2026-01-23|L13|S5,2026-01-23 13:36:42,2026-01-23 13:36:42,2026-01-23 13:36:42.000000,1,1,9344.91,,,0.0018,24.8076,34.9485,77,0,,,True,SINGLE_READING;,8,day8,MATCHED,D8:wor:L13-5,L13-5,L13-5,results.zip/day8.xlsx,workbook,4.19806,188.092,L13-4,True,24.8076,34.9485,92.495,,0,92.495,0.15,2755.73,29691.9,False,9341.69,0.053488,INTERPOLATED,421,446,3.22373,0.0535183,0,True,1.01189,3.26207,-19.275,1.42957,-5.94976,-4.11727,-2.50087,-2.33923,-2.17759,-2.09677,-2.01595,-1.95937,-1.93513,-1.85431,-1.69267,0.07076,0.0611088
427,CG6-0313,2026-01-23,13,6,field,CG6-0313|2026-01-23|L13|S6,2026-01-23 13:40:18,2026-01-23 13:40:18,2026-01-23 13:40:18.000000,1,1,9343.4,,,0.0023,24.8085,34.9468,78.9,0,,,True,SINGLE_READING;,8,day8,MATCHED,D8:wor:L13-6,L13-6,L13-6,results.zip/day8.xlsx,workbook,2.81572,188.334,L13-7,True,24.8085,34.9468,98.736,,0,98.736,0.15,2752.41,29555.7,False,9341.69,0.0534709,INTERPOLATED,421,446,1.70701,0.0535204,0,True,1.01189,1.72731,-13.034,1.49196,-4.0233,-3.78796,-2.69492,-2.58562,-2.47632,-2.42167,-2.36701,-2.32876,-2.31236,-2.25771,-2.14841,0.0707615,0.0611106
428,CG6-0313,2026-01-23,13,7,field,CG6-0313|2026-01-23|L13|S7,2026-01-23 13:43:50,2026-01-23 13:43:50,2026-01-23 13:43:50.000000,1,1,9342.22,,,0.0024,24.8093,34.9452,84.4,0,,,True,SINGLE_READING;,8,day8,MATCHED,D8:wor:L13-7,L13-7,L13-7,results.zip/day8.xlsx,workbook,2.87915,187.948,L13-6,True,24.8093,34.9452,104.556,,0,104.556,0.15,2762.87,29425.5,False,9341.69,0.0534548,INTERPOLATED,421,446,0.527864,0.0535087,0,True,1.01189,0.534141,-7.214,1.54926,-2.2268,-3.24193,-2.63696,-2.57646,-2.51597,-2.48572,-2.45547,-2.4343,-2.42522,-2.39497,-2.33448,0.0707527,0.0611003
429,CG6-0313,2026-01-23,13,8,field,CG6-0313|2026-01-23|L13|S8,2026-01-23 13:47:31,2026-01-23 13:47:31,2026-01-23 13:47:31.000000,1,1,9340.98,,,0.002,24.8112,34.9445,88.9,0,,,True,SINGLE_READING;,8,day8,MATCHED,D8:wor:L13-8,L13-8,L13-8,results.zip/day8.xlsx,workbook,9.71249,186.722,L13-9,True,24.8111,34.9445,110.786,,0,110.786,0.15,2922.49,29207.4,False,9341.69,0.0534387,INTERPOLATED,421,446,-0.705931,0.0534761,0,True,1.01189,-0.714326,-0.984,1.67251,-0.303753,-2.69058,-2.60807,-2.59981,-2.59156,-2.58744,-2.58331,-2.58042,-2.57918,-2.57506,-2.56681,0.070728,0.0610718
430,CG6-0313,2026-01-23,13,9,field,CG6-0313|2026-01-23|L13|S9,2026-01-23 13:51:25,2026-01-23 13:51:25,2026-01-23 13:51:25.000000,1,1,9339.64,,,0.0039,24.8124,34.9431,100.6,0,,,True,SINGLE_READING;,8,day8,MATCHED,D8:wor:L13-9,L13-9,L13-9,results.zip/day8.xlsx,workbook,5.33698,198.759,L13-8,True,24.8123,34.9431,116.353,,0,116.353,0.15,3003.74,29044.4,False,9341.69,0.0534224,INTERPOLATED,421,446,-2.04731,0.0535645,0,True,1.01189,-2.07166,4.583,1.75926,1.41464,-2.41627,-2.8006,-2.83904,-2.87747,-2.89669,-2.9159,-2.92935,-2.93512,-2.95434,-2.99277,0.0707949,0.0611493
431,CG6-0313,2026-01-23,13,10,field,CG6-0313|2026-01-23|L13|S10,2026-01-23 13:54:52,2026-01-23 13:54:52,2026-01-23 13:54:52.000000,1,1,9338.34,,,0.0018,24.8138,34.9417,106.4,0,,,True,SINGLE_READING;,8,day8,MATCHED,D8:wor:L13-10,L13-10,L13-10,results.zip/day8.xlsx,workbook,6.01285,189.924,L13-11,True,24.8137,34.9417,122.142,,0,122.142,0.15,3109.11,28864.9,False,9341.69,0.0534086,INTERPOLATED,421,446,-3.3505,0.0534389,0,True,1.01189,-3.39034,10.372,1.8526,3.20156,-2.04138,-2.91118,-2.99816,-3.08514,-3.12863,-3.17211,-3.20256,-3.2156,-3.25909,-3.34607,0.0706999,0.0610393
432,CG6-0313,2026-01-23,13,11,field,CG6-0313|2026-01-23|L13|S11,2026-01-23 13:57:58,2026-01-23 13:57:58,2026-01-23 13:57:58.000000,1,1,9337.08,,,0.0028,24.8151,34.9405,112.1,0,,,True,SINGLE_READING;,8,day8,MATCHED,D8:wor:L13-11,L13-11,L13-11,results.zip/day8.xlsx,workbook,6.87255,192.186,L13-12,True,24.815,34.9405,127.431,,0,127.431,0.15,3222.73,28692.3,False,9341.69,0.0533967,INTERPOLATED,421,446,-4.61223,0.0534701,0,True,1.01189,-4.66708,15.661,1.94349,4.83413,-1.77644,-3.08977,-3.2211,-3.35243,-3.4181,-3.48377,-3.52973,-3.54943,-3.6151,-3.74643,0.0707235,0.0610666
433,CG6-0313,2026-01-23,13,12,field,CG6-0313|2026-01-23|L13|S12,2026-01-23 14:00:56,2026-01-23 14:00:56,2026-01-23 14:00:56.000000,1,1,9335.79,,,0.0023,24.8162,34.9389,120.7,0,,,True,SINGLE_READING;,8,day8,MATCHED,D8:wor:L13-12,L13-12,L13-12,results.zip/day8.xlsx,workbook,6.46584,203.601,L13-11,True,24.8161,34.9389,132.432,,0,132.432,0.15,3313.44,28539.4,False,9341.69,0.0533859,INTERPOLATED,421,446,-5.90422,0.0534354,0,True,1.01189,-5.97444,20.662,2.01997,6.3778,-1.6166,-3.34931,-3.52258,-3.69586,-3.78249,-3.86913,-3.92977,-3.95576,-4.0424,-4.21567,0.0706973,0.0610362
434,CG6-0313,2026-01-23,13,13,field,CG6-0313|2026-01-23|L13|S13,2026-01-23 14:04:20,2026-01-23 14:04:20,2026-01-23 14:04:20.000000,1,1,9334.7,,,0.0034,24.8174,34.9373,127.9,0,,,True,SINGLE_READING;,8,day8,MATCHED,D8:wor:L13-13,L13-13,L13-13,results.zip/day8.xlsx,workbook,6.3232,195.158,L13-14,True,24.8173,34.9373,138.69,,0,138.69,0.15,3421.38,28376.8,False,9341.69,0.053374,INTERPOLATED,421,446,-6.99902,0.0534822,0,True,1.01189,-7.08226,26.92,2.09978,8.30947,-0.872565,-3.13008,-3.35583,-3.58158,-3.69445,-3.80733,-3.88634,-3.9202,-4.03308,-4.25883,0.0707326,0.0610771
435,CG6-0313,2026-01-23,13,14,field,CG6-0313|2026-01-23|L13|S14,2026-01-23 14:07:41,2026-01-23 14:07:41,2026-01-23 14:07:41.000000,1,1,9333.48,,,0.0033,24.8186,34.9358,131.9,0,,,True,SINGLE_READING;,8,day8,MATCHED,D8:wor:L13-14,L13-14,L13-14,results.zip/day8.xlsx,workbook,6.75411,98.6147,L13-15,True,24.8185,34.9358,144.299,,0,144.299,0.15,3544.01,28213.5,False,9341.7,0.0533629,INTERPOLATED,421,446,-8.21134,0.0534648,0,True,1.01189,-8.30899,32.529,2.18314,10.0408,-0.45132,-3.1792,-3.45199,-3.72478,-3.86117,-3.99757,-4.09304,-4.13396,-4.27036,-4.54314,0.0707195,0.0610619
436,CG6-0313,2026-01-23,13,15,field,CG6-0313|2026-01-23|L13|S15,2026-01-23 14:11:23,2026-01-23 14:11:23,2026-01-23 14:11:23.000000,1,1,9332.93,,,0.0022,24.819,34.9349,131.2,0,,,True,SINGLE_READING;,8,day8,MATCHED,D8:wor:L13-15,L13-15,L13-15,results.zip/day8.xlsx,workbook,7.28377,107.263,L13-14,True,24.8189,34.9349,147.795,,0,147.795,0.15,3583.74,28151.5,False,9341.7,0.0533513,INTERPOLATED,421,446,-8.76233,0.0533966,0,True,1.01189,-8.86653,36.025,2.20976,11.1199,0.0436275,-2.97743,-3.27953,-3.58164,-3.73269,-3.88375,-3.98948,-4.0348,-4.18585,-4.48796,0.070668,0.0610022
437,CG6-0313,2026-01-23,14,1,field,CG6-0313|2026-01-23|L14|S1,2026-01-23 14:31:02,2026-01-23 14:31:02,2026-01-23 14:31:02.000000,1,0,,,,,24.8071,34.9721,28.3,0,GROSS_RANGE_GT_500,,False,NO_ACCEPTED_READING;,8,day8,MATCHED,D8:wor:L14-1,L14-1,L14-1,results.zip/day8.xlsx,workbook,6.13273,150.348,1-502,True,24.8071,34.9721,47.783,,0,47.783,0.15,4484.54,30399.5,False,9341.7,0.0533016,INTERPOLATED,421,446,,,0,False,1.01189,,-63.987,1.39683,-19.7515,,,,,,,,,,,,
438,CG6-0313,2026-01-23,14,2,field,CG6-0313|2026-01-23|L14|S2,2026-01-23 14:37:47,2026-01-23 14:37:47,2026-01-23 14:37:47.000000,1,1,9352.64,,,0.0034,24.8059,34.9731,47.2,0,,,True,SINGLE_READING;,8,day8,MATCHED,D8:wor:L14-2,L14-2,L14-2,results.zip/day8.xlsx,workbook,5.29805,36.6171,1-502,True,24.8059,34.9731,54.987,,0,54.987,0.15,4506.34,30557.2,False,9341.7,0.0532892,INTERPOLATED,421,446,10.9347,0.0533976,0,True,1.01189,11.0647,-56.783,1.31499,-17.5278,-7.77803,-3.01621,-2.54002,-2.06384,-1.82575,-1.58766,-1.421,-1.34957,-1.11148,-0.635295,0.0706687,0.0610031
439,CG6-0313,2026-01-23,14,3,field,CG6-0313|2026-01-23|L14|S3,2026-01-23 14:41:05,2026-01-23 14:41:05,2026-01-23 14:41:05.000000,1,1,9351.29,,,0.0025,24.8044,34.9739,52.4,0,,,True,SINGLE_READING;,8,day8,MATCHED,D8:wor:L14-3,L14-3,L14-3,results.zip/day8.xlsx,workbook,3.16364,22.2039,1-503,True,24.8044,34.9739,61.264,,0,61.264,0.15,4499.66,30740.9,False,9341.7,0.053284,INTERPOLATED,421,446,9.58411,0.0533426,0,True,1.01189,9.69809,-50.506,1.21273,-15.5902,-7.1048,-2.86937,-2.44583,-2.02228,-1.81051,-1.59874,-1.4505,-1.38697,-1.1752,-0.751653,0.0706272,0.060955
440,CG6-0313,2026-01-23,14,4,field,CG6-0313|2026-01-23|L14|S4,2026-01-23 14:44:26,2026-01-23 14:44:26,2026-01-23 14:44:26.000000,1,1,9349.94,,,0.0022,24.8029,34.975,55.4,0,,,True,SINGLE_READING;,8,day8,MATCHED,D8:wor:L14-4,L14-4,L14-4,results.zip/day8.xlsx,workbook,7.07572,18.5439,1-504,True,24.8029,34.975,68.389,,0,68.389,0.15,4535.95,30936.7,False,9341.7,0.0532794,INTERPOLATED,421,446,8.23386,0.0533248,0,True,1.01189,8.33178,-43.381,1.10812,-13.3908,-6.16714,-2.52921,-2.16542,-1.80162,-1.61973,-1.43783,-1.3105,-1.25593,-1.07404,-0.710244,0.0706137,0.0609393
441,CG6-0313,2026-01-23,14,5,field,CG6-0313|2026-01-23|L14|S5,2026-01-23 14:48:04,2026-01-23 14:48:04,2026-01-23 14:48:04.000000,1,1,9348.76,,,0.0029,24.8016,34.976,57.7,0,,,True,SINGLE_READING;,8,day8,MATCHED,D8:wor:L14-5,L14-5,L14-5,results.zip/day8.xlsx,workbook,4.534,93.8717,1-505,True,24.8015,34.976,74.089,,0,74.089,0.15,4569.34,31108.8,False,9341.71,0.0532749,INTERPOLATED,421,446,7.05766,0.0533538,0,True,1.01189,7.1416,-37.681,1.01637,-11.6313,-5.50609,-2.34616,-2.03017,-1.71418,-1.55618,-1.39818,-1.28759,-1.24019,-1.08219,-0.766199,0.0706356,0.0609648
442,CG6-0313,2026-01-23,14,6,field,CG6-0313|2026-01-23|L14|S6,2026-01-23 14:53:18,2026-01-23 14:53:18,2026-01-23 14:53:18.000000,1,1,9347.63,,,0.0023,24.7998,34.977,60.2,0,,,True,SINGLE_READING;,8,day8,MATCHED,D8:wor:L14-6,L14-6,L14-6,results.zip/day8.xlsx,workbook,8.20776,126.071,1-505,True,24.7998,34.9769,80.467,,0,80.467,0.15,4596.32,31325.8,False,9341.71,0.0532698,INTERPOLATED,421,446,5.91878,0.0533194,0,True,1.01189,5.98917,-31.303,0.893542,-9.66255,-4.56693,-1.94186,-1.67935,-1.41684,-1.28559,-1.15434,-1.06246,-1.02308,-0.89183,-0.629323,0.0706097,0.0609347
443,CG6-0313,2026-01-23,14,7,field,CG6-0313|2026-01-23|L14|S7,2026-01-23 14:56:58,2026-01-23 14:56:58,2026-01-23 14:56:58.000000,1,1,9346.43,,,0.0027,24.7983,34.9777,59.7,0,,,True,SINGLE_READING;,8,day8,MATCHED,D8:wor:L14-7,L14-7,L14-7,results.zip/day8.xlsx,workbook,2.52457,52.6287,1-506,True,24.7982,34.9777,86.311,,0,86.311,0.15,4618,31513.4,False,9341.71,0.053267,INTERPOLATED,421,446,4.72238,0.0533354,0,True,1.01189,4.77854,-25.459,0.790055,-7.85863,-3.87015,-1.73515,-1.52165,-1.30816,-1.20141,-1.09466,-1.01993,-0.987906,-0.881157,-0.667658,0.0706218,0.0609487
444,CG6-0313,2026-01-23,14,8,field,CG6-0313|2026-01-23|L14|S8,2026-01-23 15:00:31,2026-01-23 15:00:31,2026-01-23 15:00:31.000000,1,1,9345.73,,,0.0036,24.7969,34.9787,67.4,0,,,True,SINGLE_READING;,8,day8,MATCHED_ID_TIEBREAK,D8:wor:L14-8,L14-8,L14-8,results.zip/day8.xlsx,workbook,8.70257,10.5952,1-507,True,24.7969,34.9787,92.517,,0,92.517,0.15,4680.8,31688.3,False,9341.71,0.0532651,INTERPOLATED,421,446,4.01654,0.0533866,0,True,1.01189,4.0643,-19.253,0.694179,-5.94296,-2.57284,-0.958282,-0.796826,-0.635371,-0.554643,-0.473915,-0.417406,-0.393187,-0.31246,-0.151004,0.0706604,0.0609935
445,CG6-0313,2026-01-23,14,9,field,CG6-0313|2026-01-23|L14|S9,2026-01-23 15:04:00,2026-01-23 15:04:00,2026-01-23 15:04:00.000000,1,0,,,,,24.7963,34.9802,77.5,0,FROZEN_SENSOR_OUTPUT,,False,NO_ACCEPTED_READING;,8,day8,MATCHED_ID_TIEBREAK,D8:wor:L14-9,L14-9,L14-9,results.zip/day8.xlsx,workbook,11.5512,13.4229,1-508,True,24.7962,34.9802,99.063,,0,99.063,0.15,4810,31806.4,False,9341.71,0.0532638,INTERPOLATED,421,446,,,0,False,1.01189,,-12.707,0.647599,-3.92236,,,,,,,,,,,,
450,CG6-0313,2026-01-24,15,1,field,CG6-0313|2026-01-24|L15|S1,2026-01-24 09:08:09,2026-01-24 09:08:09,2026-01-24 09:08:09.000000,1,1,9309.42,,,0.0035,24.6894,34.8927,245.5,0,,,True,SINGLE_READING;,9,day9,MATCHED,D9:wor:L15-1,L15-1,L15-1,results.zip/day9.xlsx,workbook,6.76259,205.375,L15-2,True,24.6893,34.8927,242.249,,0,242.249,0.15,11593.7,41988.7,False,9341.47,0.0533272,INTERPOLATED,449,491,-32.0496,0.053442,0,True,1.01189,-32.4307,130.479,-6.68311,40.2746,14.527,3.58501,2.49082,1.39662,0.849522,0.302423,-0.0805455,-0.244675,-0.791773,-1.88597,0.0707023,0.0610419
451,CG6-0313,2026-01-24,15,2,field,CG6-0313|2026-01-24|L15|S2,2026-01-24 09:32:18,2026-01-24 09:32:18,2026-01-24 09:32:18.000000,1,1,9308.61,,,0.0038,24.6886,34.8908,231.6,0,,,True,SINGLE_READING;,9,day9,MATCHED,D9:wor:L15-2,L15-2,L15-2,results.zip/day9.xlsx,workbook,5.56755,202.848,L15-1,True,24.6885,34.8909,244.508,,0,244.508,0.15,11743.5,42071.5,False,9341.46,0.0533384,INTERPOLATED,449,491,-32.8444,0.0534736,0,True,1.01189,-33.235,132.738,-6.73721,40.9719,14.4741,3.34269,2.22955,1.1164,0.559834,0.00326355,-0.386336,-0.553307,-1.10988,-2.22302,0.0707262,0.0610697
452,CG6-0313,2026-01-24,15,3,field,CG6-0313|2026-01-24|L15|S3,2026-01-24 09:36:22,2026-01-24 09:36:22,2026-01-24 09:36:22.000000,1,1,9307.94,,,0.0041,24.688,34.8889,235.2,0,,,True,SINGLE_READING;,9,day9,MATCHED,D9:wor:L15-3,L15-3,L15-3,results.zip/day9.xlsx,workbook,8.29758,203.096,L15-2,True,24.688,34.8889,247.329,,0,247.329,0.15,11872.5,42126.7,False,9341.46,0.0533409,INTERPOLATED,449,491,-33.5198,0.0534982,0,True,1.01189,-33.9184,135.559,-6.77647,41.8426,14.7007,3.33269,2.19589,1.05909,0.490695,-0.077704,-0.475583,-0.646103,-1.2145,-2.3513,0.0707448,0.0610912
453,CG6-0313,2026-01-24,15,4,field,CG6-0313|2026-01-24|L15|S4,2026-01-24 09:39:54,2026-01-24 09:39:54,2026-01-24 09:39:54.000000,1,1,9307.28,,,0.0044,24.688,34.8869,235.8,0,,,True,SINGLE_READING;,9,day9,MATCHED,D9:wor:L15-4,L15-4,L15-4,results.zip/day9.xlsx,workbook,8.82659,183.087,L15-5,True,24.6879,34.8869,249.233,,0,249.233,0.15,11958.5,42127.1,False,9341.45,0.0533432,INTERPOLATED,449,491,-34.1786,0.0535243,0,True,1.01189,-34.585,137.463,-6.78008,42.4303,14.6253,3.09766,1.94489,0.79213,0.215747,-0.360635,-0.764103,-0.937017,-1.5134,-2.66616,0.0707645,0.0611141
454,CG6-0313,2026-01-24,15,5,field,CG6-0313|2026-01-24|L15|S5,2026-01-24 09:43:41,2026-01-24 09:43:41,2026-01-24 09:43:41.000000,1,1,9306.81,,,0.0042,24.688,34.885,241.2,0,,,True,SINGLE_READING;,9,day9,MATCHED,D9:wor:L15-5,L15-5,L15-5,results.zip/day9.xlsx,workbook,8.25606,186.07,L15-4,True,24.6879,34.8851,251.188,,0,251.188,0.15,12036.3,42127.7,False,9341.45,0.0533457,INTERPOLATED,449,491,-34.6427,0.0535108,0,True,1.01189,-35.0547,139.418,-6.78244,43.0337,14.7615,3.06986,1.9007,0.731538,0.146958,-0.437621,-0.846827,-1.0222,-1.60678,-2.77594,0.0707543,0.0611022
455,CG6-0313,2026-01-24,15,6,field,CG6-0313|2026-01-24|L15|S6,2026-01-24 09:46:35,2026-01-24 09:46:35,2026-01-24 09:46:35.000000,1,1,9305.95,,,0.0047,24.6879,34.8829,236,0,,,True,SINGLE_READING;,9,day9,MATCHED,D9:wor:L15-6,L15-6,L15-6,results.zip/day9.xlsx,workbook,8.60807,188.547,L15-7,True,24.6878,34.883,253.354,,0,253.354,0.15,12134.9,42135.5,False,9341.45,0.0533478,INTERPOLATED,449,491,-35.5061,0.0535544,0,True,1.01189,-35.9284,141.584,-6.78872,43.7022,14.5626,2.68932,1.502,0.314676,-0.278986,-0.872647,-1.28821,-1.46631,-2.05997,-3.24729,0.0707873,0.0611404
456,CG6-0313,2026-01-24,15,7,field,CG6-0313|2026-01-24|L15|S7,2026-01-24 09:49:34,2026-01-24 09:49:34,2026-01-24 09:49:34.000000,1,1,9305.23,,,0.0039,24.6867,34.8816,234.7,0,,,True,SINGLE_READING;,9,day9,MATCHED,D9:wor:L15-7,L15-7,L15-7,results.zip/day9.xlsx,workbook,7.38774,172.342,L15-8,True,24.6867,34.8816,255.421,,0,255.421,0.15,12304.6,42259.5,False,9341.45,0.05335,INTERPOLATED,449,491,-36.2178,0.0534924,0,True,1.01189,-36.6485,143.651,-6.86584,44.3402,14.5576,2.51099,1.30633,0.101673,-0.500655,-1.10298,-1.52461,-1.70531,-2.30764,-3.5123,0.0707404,0.0610861
457,CG6-0313,2026-01-24,15,8,field,CG6-0313|2026-01-24|L15|S8,2026-01-24 09:52:20,2026-01-24 09:52:20,2026-01-24 09:52:20.000000,1,1,9304.47,,,0.006,24.686,34.8802,234.2,0,,,True,SINGLE_READING;,9,day9,MATCHED,D9:wor:L15-8,L15-8,L15-8,results.zip/day9.xlsx,workbook,8.39011,162.431,L15-7,True,24.686,34.8802,258.319,,0,258.319,0.15,12439,42336.4,False,9341.45,0.0533522,INTERPOLATED,449,491,-36.9789,0.0536885,0,True,1.01189,-37.4186,146.549,-6.91476,45.2347,14.7308,2.44125,1.21229,-0.0166725,-0.631152,-1.24563,-1.67577,-1.86011,-2.47459,-3.70355,0.0708888,0.0612579
458,CG6-0313,2026-01-24,15,9,field,CG6-0313|2026-01-24|L15|S9,2026-01-24 09:55:33,2026-01-24 09:55:33,2026-01-24 09:55:33.000000,1,1,9304.41,,,0.0043,24.687,34.8785,236.1,0,,,True,SINGLE_READING;,9,day9,MATCHED,D9:wor:L15-9,L15-9,L15-9,results.zip/day9.xlsx,workbook,9.10494,159.627,L15-10,True,24.687,34.8785,260.302,,0,260.302,0.15,12412.2,42223.8,False,9341.45,0.0533547,INTERPOLATED,449,491,-37.0339,0.0535277,0,True,1.01189,-37.4743,148.532,-6.84613,45.8468,15.2186,2.76266,1.51707,0.271484,-0.351311,-0.974106,-1.41006,-1.5969,-2.2197,-3.46528,0.0707671,0.061117
459,CG6-0313,2026-01-24,15,10,field,CG6-0313|2026-01-24|L15|S10,2026-01-24 09:58:37,2026-01-24 09:58:37,2026-01-24 09:58:37.000000,1,1,9304.12,,,0.0039,24.6874,34.877,237.8,0,,,True,SINGLE_READING;,9,day9,MATCHED,D9:wor:L15-10,L15-10,L15-10,results.zip/day9.xlsx,workbook,8.80238,164.702,L15-9,True,24.6874,34.877,263.036,,0,263.036,0.15,12443.2,42179.8,False,9341.45,0.0533573,INTERPOLATED,449,491,-37.3224,0.0534996,0,True,1.01189,-37.7663,151.266,-6.81892,46.6906,15.7433,3.05809,1.78958,0.52106,-0.113199,-0.747457,-1.19144,-1.38172,-2.01597,-3.28449,0.0707458,0.0610924
460,CG6-0313,2026-01-24,15,11,field,CG6-0313|2026-01-24|L15|S11,2026-01-24 10:01:24,2026-01-24 10:01:24,2026-01-24 10:01:24.000000,1,1,9303.54,,,0.0041,24.6863,34.8753,245.3,0,,,True,SINGLE_READING;,9,day9,MATCHED,D9:wor:L15-11,L15-11,L15-11,results.zip/day9.xlsx,workbook,10.209,167.875,L15-12,True,24.6862,34.8753,265.172,,0,265.172,0.15,12633,42307.3,False,9341.45,0.0533597,INTERPOLATED,449,491,-37.9045,0.053517,0,True,1.01189,-38.3552,153.402,-6.89762,47.3499,15.8923,3.02802,1.74159,0.455161,-0.188054,-0.831268,-1.28152,-1.47448,-2.1177,-3.40413,0.070759,0.0611076
461,CG6-0313,2026-01-24,15,12,field,CG6-0313|2026-01-24|L15|S12,2026-01-24 10:04:14,2026-01-24 10:04:14,2026-01-24 10:04:14.000000,1,1,9303.26,,,0.0052,24.686,34.8737,245.3,0,,,True,SINGLE_READING;,9,day9,MATCHED,D9:wor:L15-12,L15-12,L15-12,results.zip/day9.xlsx,workbook,11.1278,160.487,L15-11,True,24.6859,34.8737,267.316,,0,267.316,0.15,12734.1,42336.1,False,9341.44,0.0533622,INTERPOLATED,449,491,-38.1814,0.053615,0,True,1.01189,-38.6355,155.546,-6.91557,48.0117,16.2918,3.24769,1.94328,0.638868,-0.0133363,-0.665541,-1.12208,-1.31775,-1.96995,-3.27436,0.0708331,0.0611935
462,CG6-0313,2026-01-24,15,13,field,CG6-0313|2026-01-24|L15|S13,2026-01-24 10:07:11,2026-01-24 10:07:11,2026-01-24 10:07:11.000000,1,1,9303.18,,,0.0036,24.6872,34.8721,254.5,0,,,True,SINGLE_READING;,9,day9,MATCHED,D9:wor:L15-13,L15-13,L15-13,results.zip/day9.xlsx,workbook,8.63999,173.11,L15-14,True,24.6871,34.8721,270.201,,0,270.201,0.15,12704.4,42212.7,False,9341.44,0.0533649,INTERPOLATED,449,491,-38.2653,0.0534862,0,True,1.01189,-38.7204,158.431,-6.8368,48.9021,17.0186,3.73253,2.40393,1.07532,0.411022,-0.253279,-0.71829,-0.917581,-1.58188,-2.91048,0.0707357,0.0610807
463,CG6-0313,2026-01-24,15,14,field,CG6-0313|2026-01-24|L15|S14,2026-01-24 10:09:59,2026-01-24 10:09:59,2026-01-24 10:09:59.000000,1,1,9302.96,,,0.0044,24.688,34.8706,256.5,0,,,True,SINGLE_READING;,9,day9,MATCHED,D9:wor:L15-14,L15-14,L15-14,results.zip/day9.xlsx,workbook,8.09379,178.527,L15-13,True,24.6879,34.8706,272.917,,0,272.917,0.15,12697.9,42122.6,False,9341.44,0.0533676,INTERPOLATED,449,491,-38.4816,0.0535487,0,True,1.01189,-38.9392,161.147,-6.77939,49.7404,17.5806,4.06681,2.71543,1.36405,0.688359,0.0126694,-0.460313,-0.66302,-1.33871,-2.69009,0.0707829,0.0611354
464,CG6-0313,2026-01-24,15,15,field,CG6-0313|2026-01-24|L15|S15,2026-01-24 10:12:41,2026-01-24 10:12:41,2026-01-24 10:12:41.000000,1,1,9302.68,,,0.004,24.6867,34.8694,262.5,0,,,True,SINGLE_READING;,9,day9,MATCHED,D9:wor:L15-15,L15-15,L15-15,results.zip/day9.xlsx,workbook,10.0425,174.672,L15-16,True,24.6866,34.8693,275.745,,0,275.745,0.15,12888.4,42271.5,False,9341.44,0.0533702,INTERPOLATED,449,491,-38.7563,0.0535199,0,True,1.01189,-39.2172,163.975,-6.87037,50.6133,18.2665,4.51556,3.14046,1.76537,1.07782,0.390276,-0.0910075,-0.297272,-0.984819,-2.35991,0.0707612,0.0611102
465,CG6-0313,2026-01-24,15,16,field,CG6-0313|2026-01-24|L15|S16,2026-01-24 10:15:53,2026-01-24 10:15:53,2026-01-24 10:15:53.000000,1,1,9302.04,,,0.0056,24.6852,34.8691,259.1,0,,,True,SINGLE_READING;,9,day9,MATCHED,D9:wor:L15-16,L15-16,L15-16,results.zip/day9.xlsx,workbook,7.21941,158.496,L15-15,True,24.6851,34.869,278.434,,0,278.434,0.15,13045.9,42437.5,False,9341.44,0.0533735,INTERPOLATED,449,491,-39.4004,0.0536664,0,True,1.01189,-39.869,166.664,-6.97064,51.4433,18.545,4.56853,3.17089,1.77325,1.07442,0.375601,-0.113575,-0.323221,-1.02204,-2.41969,0.0708721,0.0612386
466,CG6-0313,2026-01-24,15,17,field,CG6-0313|2026-01-24|L15|S17,2026-01-24 10:19:12,2026-01-24 10:19:12,2026-01-24 10:19:12.000000,1,0,,,,,24.6852,34.8674,269.5,0,FROZEN_SENSOR_OUTPUT,,False,NO_ACCEPTED_READING;,9,day9,MATCHED,D9:wor:L15-17,L15-17,L15-17,results.zip/day9.xlsx,workbook,9.06459,169.198,L15-16,True,24.6852,34.8674,281.635,,0,281.635,0.15,13129,42436.4,False,9341.44,0.0533769,INTERPOLATED,449,491,,,0,False,1.01189,,169.865,-6.96944,52.4313,,,,,,,,,,,,
467,CG6-0313,2026-01-24,15,18,field,CG6-0313|2026-01-24|L15|S18,2026-01-24 10:22:00,2026-01-24 10:22:00,2026-01-24 10:22:00.000000,1,0,,,,,24.686,34.8659,271.1,0,FROZEN_SENSOR_OUTPUT,,False,NO_ACCEPTED_READING;,9,day9,MATCHED,D9:wor:L15-18,L15-18,L15-18,results.zip/day9.xlsx,workbook,6.78403,176.513,L15-17,True,24.6859,34.8658,283.689,,0,283.689,0.15,13139.1,42360.5,False,9341.44,0.0533799,INTERPOLATED,449,491,,,0,False,1.01189,,171.919,-6.91827,53.0652,,,,,,,,,,,,
468,CG6-0313,2026-01-24,15,19,field,CG6-0313|2026-01-24|L15|S19,2026-01-24 10:25:31,2026-01-24 10:25:31,2026-01-24 10:25:31.000000,1,1,9300.55,,,0.0045,24.6853,34.864,276.7,0,,,True,SINGLE_READING;,9,day9,MATCHED,D9:wor:L15-19,L15-19,L15-19,results.zip/day9.xlsx,workbook,10.0288,188.508,L15-20,True,24.6852,34.864,285.938,,0,285.938,0.15,13303.4,42443.3,False,9341.43,0.0533838,INTERPOLATED,449,491,-40.8889,0.0535731,0,True,1.01189,-41.3751,174.168,-6.96832,53.7594,19.3526,4.74687,3.28629,1.82572,1.09543,0.365147,-0.146054,-0.36514,-1.09543,-2.556,0.0708014,0.0611568
469,CG6-0313,2026-01-24,15,20,field,CG6-0313|2026-01-24|L15|S20,2026-01-24 10:28:44,2026-01-24 10:28:44,2026-01-24 10:28:44.000000,1,1,9300.07,,,0.0045,24.6849,34.8622,274.8,0,,,True,SINGLE_READING;,9,day9,MATCHED,D9:wor:L15-20,L15-20,L15-20,results.zip/day9.xlsx,workbook,7.51209,182.305,L15-19,True,24.6848,34.8622,288.587,,0,288.587,0.15,13432.8,42488.8,False,9341.43,0.0533874,INTERPOLATED,449,491,-41.3637,0.0535768,0,True,1.01189,-41.8557,176.817,-6.99072,54.577,19.7121,4.8842,3.40142,1.91863,1.17724,0.435842,-0.0831333,-0.305551,-1.04695,-2.52973,0.0708042,0.06116
470,CG6-0313,2026-01-24,15,21,field,CG6-0313|2026-01-24|L15|S21,2026-01-24 10:32:23,2026-01-24 10:32:23,2026-01-24 10:32:23.000000,1,1,9300.11,,,0.0057,24.6867,34.8617,273.4,0,,,True,SINGLE_READING;,9,day9,MATCHED,D9:wor:L15-21,L15-21,L15-21,results.zip/day9.xlsx,workbook,7.04997,156.769,L15-22,True,24.6866,34.8616,291.153,,0,291.153,0.15,13295,42291.6,False,9341.43,0.0533917,INTERPOLATED,449,491,-41.3233,0.0536951,0,True,1.01189,-41.8148,179.383,-6.86745,55.369,20.4217,5.37864,3.87433,2.37002,1.61787,0.865718,0.339211,0.113566,-0.638587,-2.14289,0.0708938,0.0612637
471,CG6-0313,2026-01-24,15,22,field,CG6-0313|2026-01-24|L15|S22,2026-01-24 10:35:36,2026-01-24 10:35:36,2026-01-24 10:35:36.000000,1,1,9299.98,,,0.0047,24.6879,34.8626,280.2,0,,,True,SINGLE_READING;,9,day9,MATCHED,D9:wor:L15-22,L15-22,L15-22,results.zip/day9.xlsx,workbook,9.26633,172.746,L15-21,True,24.6878,34.8626,293.82,,0,293.82,0.15,13129.3,42152.4,False,9341.43,0.0533956,INTERPOLATED,449,491,-41.4499,0.053602,0,True,1.01189,-41.9429,182.05,-6.78514,56.1922,21.0345,5.76775,4.24108,2.71441,1.95108,1.18774,0.653405,0.424404,-0.338931,-1.8656,0.0708233,0.0611821
472,CG6-0313,2026-01-24,15,23,field,CG6-0313|2026-01-24|L15|S23,2026-01-24 10:38:33,2026-01-24 10:38:33,2026-01-24 10:38:33.000000,1,1,9299.9,,,0.0075,24.6895,34.8626,283.6,0,,STDDEV_GT_0.050,True,SINGLE_READING;,9,day9,MATCHED,D9:wor:L15-23,L15-23,L15-23,results.zip/day9.xlsx,workbook,3.34301,185.38,L15-22,True,24.6895,34.8626,296.417,,0,296.417,0.15,12985.2,41975.9,False,9341.43,0.0533992,INTERPOLATED,449,491,-41.5251,0.0539233,0,True,1.01189,-42.0189,184.647,-6.67301,56.9937,21.6478,6.16332,4.61487,3.06642,2.29219,1.51797,0.976011,0.743743,-0.0304815,-1.57893,0.0710668,0.0614638
473,CG6-0313,2026-01-24,15,24,field,CG6-0313|2026-01-24|L15|S24,2026-01-24 10:42:18,2026-01-24 10:42:18,2026-01-24 10:42:18.000000,1,1,9299.78,,,0.004,24.6904,34.8608,286,0,,,True,SINGLE_READING;,9,day9,MATCHED,D9:wor:L15-24,L15-24,L15-24,results.zip/day9.xlsx,workbook,4.80433,195.454,L15-25,True,24.6903,34.8608,297.427,,0,297.427,0.15,13008,41888.9,False,9341.43,0.053404,INTERPOLATED,449,491,-41.6447,0.0535536,0,True,1.01189,-42.14,185.657,-6.61577,57.3055,21.7813,6.21209,4.65517,3.09825,2.31979,1.54133,0.996411,0.762873,-0.0155868,-1.57251,0.0707866,0.0611397
474,CG6-0313,2026-01-24,15,25,field,CG6-0313|2026-01-24|L15|S25,2026-01-24 10:45:47,2026-01-24 10:45:47,2026-01-24 10:45:47.000000,1,1,9299.42,,,0.005,24.6921,34.8602,287.4,0,,,True,SINGLE_READING;,9,day9,MATCHED,D9:wor:L15-25,L15-25,L15-25,results.zip/day9.xlsx,workbook,8.04495,191.601,L15-26,True,24.692,34.8602,301.914,,0,301.914,0.15,12879.5,41696.2,False,9341.43,0.0534085,INTERPOLATED,449,491,-42.0094,0.0536421,0,True,1.01189,-42.509,190.144,-6.49776,58.6904,22.6791,6.73367,5.13912,3.54457,2.7473,1.95002,1.39193,1.15275,0.355477,-1.23907,0.0708536,0.0612172
475,CG6-0313,2026-01-24,15,26,field,CG6-0313|2026-01-24|L15|S26,2026-01-24 10:48:50,2026-01-24 10:48:50,2026-01-24 10:48:50.000000,1,1,9299.25,,,0.0045,24.6936,34.8591,292.1,0,,,True,SINGLE_READING;,9,day9,MATCHED,D9:wor:L15-26,L15-26,L15-26,results.zip/day9.xlsx,workbook,11.6604,194.218,L15-27,True,24.6935,34.8591,304.128,,0,304.128,0.15,12806.7,41532.6,False,9341.42,0.0534126,INTERPOLATED,449,491,-42.1757,0.0536018,0,True,1.01189,-42.6773,192.358,-6.39616,59.3737,23.0926,6.96146,5.34835,3.73524,2.92868,2.12212,1.55753,1.31557,0.509008,-1.10411,0.0708232,0.061182
476,CG6-0313,2026-01-24,15,27,field,CG6-0313|2026-01-24|L15|S27,2026-01-24 10:52:17,2026-01-24 10:52:17,2026-01-24 10:52:17.000000,1,1,9298.84,,,0.0043,24.6948,34.8577,289.9,0,,,True,SINGLE_READING;,9,day9,MATCHED,D9:kml:L15-27,L15-27,L15-27,results.zip/day9.kml,kml_only,5.28435,201.735,L15-26,True,24.6948,34.8577,306.837,,0,306.837,0.15,12789,41410.8,False,9341.42,0.0534173,INTERPOLATED,449,491,-42.584,0.0535901,0,True,1.01189,-43.0904,195.067,-6.31183,60.21,23.4314,7.07307,5.43724,3.8014,2.98348,2.16556,1.59302,1.34765,0.529729,-1.10611,0.0708143,0.0611717
477,CG6-0313,2026-01-24,15,28,field,CG6-0313|2026-01-24|L15|S28,2026-01-24 10:55:20,2026-01-24 10:55:20,2026-01-24 10:55:20.000000,1,1,9298.38,,,0.0043,24.6956,34.8559,284.8,0,,,True,SINGLE_READING;,9,day9,MATCHED,D9:kml:L15-28,L15-28,L15-28,results.zip/day9.kml,kml_only,6.62333,203.81,L15-27,True,24.6955,34.8558,308.697,,0,308.697,0.15,12833.9,41334.2,False,9341.42,0.0534216,INTERPOLATED,449,491,-43.0442,0.0535944,0,True,1.01189,-43.5561,196.927,-6.25972,60.7841,23.4877,6.97336,5.32193,3.67049,2.84478,2.01906,1.44106,1.19334,0.367626,-1.28381,0.0708175,0.0611754
478,CG6-0313,2026-01-24,15,29,field,CG6-0313|2026-01-24|L15|S29,2026-01-24 10:58:34,2026-01-24 10:58:34,2026-01-24 10:58:34.000000,1,1,9297.65,,,0.0053,24.696,34.8538,285.5,0,,,True,SINGLE_READING;,9,day9,MATCHED,D9:wor:L15-29,L15-29,L15-29,results.zip/day9.xlsx,workbook,6.20397,191.543,L15-30,True,24.696,34.8538,311.442,,0,311.442,0.15,12922,41295,False,9341.42,0.0534263,INTERPOLATED,449,491,-43.771,0.0536885,0,True,1.01189,-44.2916,199.672,-6.22711,61.6312,23.5667,6.82223,5.14778,3.47333,2.63611,1.79889,1.21283,0.961661,0.124436,-1.55001,0.0708888,0.0612579
479,CG6-0313,2026-01-24,15,30,field,CG6-0313|2026-01-24|L15|S30,2026-01-24 11:01:28,2026-01-24 11:01:28,2026-01-24 11:01:28.000000,1,1,9297.14,,,0.005,24.6967,34.8521,291,0,,,True,SINGLE_READING;,9,day9,MATCHED,D9:wor:L15-30,L15-30,L15-30,results.zip/day9.xlsx,workbook,3.59493,186.293,L15-29,True,24.6967,34.8521,313.63,,0,313.63,0.15,12974,41230.9,False,9341.42,0.0534305,INTERPOLATED,449,491,-44.2754,0.053664,0,True,1.01189,-44.802,201.86,-6.18065,62.3065,23.6852,6.7572,5.0644,3.3716,2.52521,1.67881,1.08633,0.832408,-0.013991,-1.70679,0.0708702,0.0612364
480,CG6-0313,2026-01-24,15,31,field,CG6-0313|2026-01-24|L15|S31,2026-01-24 11:04:17,2026-01-24 11:04:17,2026-01-24 11:04:17.000000,1,0,,,,,24.698,34.8509,304,0,FROZEN_SENSOR_OUTPUT,,False,NO_ACCEPTED_READING;,9,day9,MATCHED,D9:wor:L15-31,L15-31,L15-31,results.zip/day9.xlsx,workbook,8.10278,182.665,L15-32,True,24.6979,34.8509,316.079,,0,316.079,0.15,12937.9,41091,False,9341.42,0.0534347,INTERPOLATED,449,491,,,0,False,1.01189,,204.309,-6.0928,63.0624,,,,,,,,,,,,
481,CG6-0313,2026-01-24,15,32,field,CG6-0313|2026-01-24|L15|S32,2026-01-24 11:07:28,2026-01-24 11:07:28,2026-01-24 11:07:28.000000,1,0,,,,,24.6994,34.8499,302.1,0,FROZEN_SENSOR_OUTPUT,,False,NO_ACCEPTED_READING;,9,day9,MATCHED,D9:wor:L15-32,L15-32,L15-32,results.zip/day9.xlsx,workbook,7.91126,192.67,L15-31,True,24.6994,34.8498,317.734,,0,317.734,0.15,12887.7,40942.6,False,9341.42,0.0534396,INTERPOLATED,449,491,,,0,False,1.01189,,205.964,-5.99663,63.5732,,,,,,,,,,,,
482,CG6-0313,2026-01-24,15,33,field,CG6-0313|2026-01-24|L15|S33,2026-01-24 11:10:17,2026-01-24 11:10:17,2026-01-24 11:10:17.000000,1,0,,,,,24.7006,34.8484,303.5,0,FROZEN_SENSOR_OUTPUT,,False,NO_ACCEPTED_READING;,9,day9,MATCHED,D9:kml:L15-33,L15-33,L15-33,results.zip/day9.kml,kml_only,2.01043,201.847,L15-32,True,24.7006,34.8484,317.647,,0,317.647,0.15,12884.4,40819,False,9341.41,0.0534439,INTERPOLATED,449,491,,,0,False,1.01189,,205.877,-5.90835,63.5463,,,,,,,,,,,,
483,CG6-0313,2026-01-24,15,34,field,CG6-0313|2026-01-24|L15|S34,2026-01-24 11:15:08,2026-01-24 11:15:08,2026-01-24 11:15:08.000000,1,1,9295.57,,,0.005,24.7022,34.8472,314.8,0,,,True,SINGLE_READING;,9,day9,MATCHED,D9:kml:L15-34,L15-34,L15-34,results.zip/day9.kml,kml_only,5.05942,158.846,L15-35,True,24.7021,34.8472,322.822,,0,322.822,0.15,12842.6,40657.3,False,9341.41,0.0534517,INTERPOLATED,449,491,-45.8461,0.053685,0,True,1.01189,-46.3913,211.052,-5.80658,65.1434,24.5587,6.85994,5.09006,3.32018,2.43524,1.5503,0.930848,0.665366,-0.219573,-1.98945,0.0708861,0.0612548
484,CG6-0313,2026-01-24,15,35,field,CG6-0313|2026-01-24|L15|S35,2026-01-24 11:18:18,2026-01-24 11:18:18,2026-01-24 11:18:18.000000,1,1,9295.29,,,0.0056,24.7035,34.8464,317.2,0,,,True,SINGLE_READING;,9,day9,MATCHED,D9:kml:L15-35,L15-35,L15-35,results.zip/day9.kml,kml_only,9.89325,172.579,L15-34,True,24.7034,34.8464,324.687,,0,324.687,0.15,12789.9,40516.5,False,9341.41,0.0534568,INTERPOLATED,449,491,-46.1164,0.0537494,0,True,1.01189,-46.6648,212.917,-5.71896,65.719,24.7732,6.91801,5.1325,3.34698,2.45422,1.56146,0.936529,0.668701,-0.224058,-2.00958,0.0709349,0.0613112
485,CG6-0313,2026-01-24,15,36,field,CG6-0313|2026-01-24|L15|S36,2026-01-24 11:21:35,2026-01-24 11:21:35,2026-01-24 11:21:35.000000,1,1,9294.85,,,0.005,24.7044,34.8445,314.4,0,,,True,SINGLE_READING;,9,day9,MATCHED,D9:kml:L15-36,L15-36,L15-36,results.zip/day9.kml,kml_only,5.98477,203.996,L15-37,True,24.7044,34.8446,327.252,,0,327.252,0.15,12842.7,40426.7,False,9341.41,0.0534623,INTERPOLATED,449,491,-46.5562,0.0536956,0,True,1.01189,-47.1098,215.482,-5.65157,66.5108,25.0525,6.98221,5.17518,3.36815,2.46463,1.56112,0.928656,0.657602,-0.245913,-2.05294,0.0708942,0.0612641
486,CG6-0313,2026-01-24,15,37,field,CG6-0313|2026-01-24|L15|S37,2026-01-24 11:25:12,2026-01-24 11:25:12,2026-01-24 11:25:12.000000,1,1,9294.63,,,0.0038,24.7057,34.843,322.3,0,,,True,SINGLE_READING;,9,day9,MATCHED,D9:kml:L15-37,L15-37,L15-37,results.zip/day9.kml,kml_only,1.75857,184.041,L15-38,True,24.7057,34.8431,328.519,,0,328.519,0.15,12851.1,40300.9,False,9341.41,0.0534685,INTERPOLATED,449,491,-46.7769,0.0536033,0,True,1.01189,-47.3332,216.749,-5.56246,66.902,25.1312,6.95464,5.13698,3.31932,2.41049,1.50166,0.865477,0.592828,-0.316002,-2.13366,0.0708243,0.0611833
487,CG6-0313,2026-01-24,15,38,field,CG6-0313|2026-01-24|L15|S38,2026-01-24 11:28:33,2026-01-24 11:28:33,2026-01-24 11:28:33.000000,1,1,9294.36,,,0.0055,24.7066,34.8414,318.4,0,,,True,SINGLE_READING;,9,day9,MATCHED,D9:kml:L15-38,L15-38,L15-38,results.zip/day9.kml,kml_only,5.93821,189.853,L15-37,True,24.7066,34.8415,329.955,,0,329.955,0.15,12900.1,40219.2,False,9341.41,0.0534743,INTERPOLATED,449,491,-47.0434,0.0537564,0,True,1.01189,-47.6029,218.185,-5.50233,67.3452,25.2447,6.94764,5.11794,3.28824,2.37338,1.45853,0.818137,0.543681,-0.37117,-2.20087,0.0709402,0.0613174
488,CG6-0313,2026-01-24,15,39,field,CG6-0313|2026-01-24|L15|S39,2026-01-24 11:32:02,2026-01-24 11:32:02,2026-01-24 11:32:02.000000,1,1,9293.91,,,0.0052,24.7079,34.8397,326.1,0,,,True,SINGLE_READING;,9,day9,MATCHED,D9:kml:L15-39,L15-39,L15-39,results.zip/day9.kml,kml_only,3.64878,148.438,L15-40,True,24.708,34.8398,334.099,,0,334.099,0.15,12918.9,40081,False,9341.4,0.0534804,INTERPOLATED,449,491,-47.4986,0.0537326,0,True,1.01189,-48.0635,222.329,-5.40654,68.6243,25.9673,7.32277,5.45832,3.59386,2.66164,1.72941,1.07685,0.797182,-0.135045,-1.9995,0.0709222,0.0612966
489,CG6-0313,2026-01-24,15,40,field,CG6-0313|2026-01-24|L15|S40,2026-01-24 11:35:06,2026-01-24 11:35:06,2026-01-24 11:35:06.000000,1,1,9293.55,,,0.0048,24.7085,34.8384,327.5,0,,,True,SINGLE_READING;,9,day9,MATCHED,D9:kml:L15-40,L15-40,L15-40,results.zip/day9.kml,kml_only,3.33632,152.393,L15-39,True,24.7085,34.8384,336.251,,0,336.251,0.15,12978.1,40032.6,False,9341.4,0.0534859,INTERPOLATED,449,491,-47.8508,0.0537009,0,True,1.01189,-48.4199,224.481,-5.36826,69.2882,26.2365,7.4116,5.52911,3.64662,2.70537,1.76412,1.10525,0.822877,-0.11837,-2.00086,0.0708982,0.0612688
492,CG6-0313,2026-01-24,15,41,field,CG6-0313|2026-01-24|L15|S41,2026-01-24 14:04:34,2026-01-24 14:04:34,2026-01-24 14:04:34.000000,1,1,9292.99,,,0.0065,24.7095,34.8362,323.9,0,,,True,SINGLE_READING;,9,day9,MATCHED,D9:wor:L15-41,L15-41,L15-41,results.zip/day9.xlsx,workbook,10.1421,202.833,L15-42,True,24.7094,34.8362,340.056,,0,340.056,0.15,13072.6,39945.6,False,9341.34,0.0534314,INTERPOLATED,491,512,-48.3558,0.0538253,0,True,1.01189,-48.9309,228.286,-5.30767,70.4627,26.8395,7.69544,5.78103,3.86662,2.90942,1.95222,1.28217,0.995014,0.0378106,-1.8766,0.0709925,0.0613779
493,CG6-0313,2026-01-24,15,42,field,CG6-0313|2026-01-24|L15|S42,2026-01-24 14:15:50,2026-01-24 14:15:50,2026-01-24 14:15:50.000000,1,1,9292.26,,,0.0067,24.7095,34.8342,327.5,0,,STDDEV_GT_0.050,True,SINGLE_READING;,9,day9,MATCHED,D9:kml:L15-42,L15-42,L15-42,results.zip/day9.kml,kml_only,0.242921,196.692,L15-43,True,24.7095,34.8342,341.927,,0,341.927,0.15,13224.4,39964.9,False,9341.34,0.0534103,INTERPOLATED,491,512,-49.077,0.0538289,0,True,1.01189,-49.6606,230.157,-5.29978,71.0401,26.6793,7.37836,5.44827,3.51817,2.55312,1.58808,0.912542,0.623028,-0.34202,-2.27211,0.0709952,0.061381
494,CG6-0313,2026-01-24,15,43,field,CG6-0313|2026-01-24|L15|S43,2026-01-24 14:18:34,2026-01-24 14:18:34,2026-01-24 14:18:34.000000,1,1,9291.33,,,0.0039,24.7096,34.8322,336,0,,,True,SINGLE_READING;,9,day9,MATCHED,D9:kml:L15-43,L15-43,L15-43,results.zip/day9.kml,kml_only,4.07034,186.749,L15-44,True,24.7096,34.8322,344.902,,0,344.902,0.15,13372.9,39980.9,False,9341.34,0.053406,INTERPOLATED,491,512,-50.0035,0.0535482,0,True,1.01189,-50.5982,233.132,-5.29457,71.9584,26.6548,7.10431,5.14927,3.19422,2.2167,1.23918,0.554914,0.261657,-0.715865,-2.67091,0.0707826,0.061135
495,CG6-0313,2026-01-24,15,44,field,CG6-0313|2026-01-24|L15|S44,2026-01-24 14:21:31,2026-01-24 14:21:31,2026-01-24 14:21:31.000000,1,1,9291.11,,,0.0078,24.7107,34.8308,335.8,0,,STDDEV_GT_0.050,True,SINGLE_READING;,9,day9,MATCHED,D9:kml:L15-44,L15-44,L15-44,results.zip/day9.kml,kml_only,2.14527,190.102,L15-43,True,24.7107,34.8308,345.669,,0,345.669,0.15,13407.6,39877.5,False,9341.33,0.0534016,INTERPOLATED,491,512,-50.2259,0.0539683,0,True,1.01189,-50.8232,233.899,-5.22226,72.1952,26.5943,6.97948,5.018,3.05652,2.07578,1.09504,0.408524,0.114302,-0.866438,-2.82792,0.0711009,0.0615033
496,CG6-0313,2026-01-24,15,45,field,CG6-0313|2026-01-24|L15|S45,2026-01-24 14:24:30,2026-01-24 14:24:30,2026-01-24 14:24:30.000000,1,1,9290.65,,,0.005,24.7115,34.829,337.2,0,,,True,SINGLE_READING;,9,day9,MATCHED,D9:kml:L15-45,L15-45,L15-45,results.zip/day9.kml,kml_only,2.80823,200.318,L15-44,True,24.7114,34.829,349.016,,0,349.016,0.15,13490,39810.5,False,9341.33,0.0533976,INTERPOLATED,491,512,-50.6849,0.0536312,0,True,1.01189,-51.2877,237.246,-5.16803,73.2281,27.1085,7.21306,5.22352,3.23397,2.2392,1.24443,0.54809,0.249658,-0.745114,-2.73466,0.0708454,0.0612077
497,CG6-0313,2026-01-24,15,46,field,CG6-0313|2026-01-24|L15|S46,2026-01-24 14:28:30,2026-01-24 14:28:30,2026-01-24 14:28:30.000000,1,1,9289.86,,,0.0041,24.7117,34.827,343,0,,,True,SINGLE_READING;,9,day9,MATCHED,D9:kml:L15-46,L15-46,L15-46,results.zip/day9.kml,kml_only,11.4636,173.511,L15-47,True,24.7116,34.827,352.453,,0,352.453,0.15,13633.7,39814.5,False,9341.33,0.0533927,INTERPOLATED,491,512,-51.4693,0.0535499,0,True,1.01189,-52.0814,240.683,-5.16021,74.2888,27.3676,7.18394,5.16558,3.14721,2.13803,1.12885,0.422424,0.119669,-0.889512,-2.90788,0.0707839,0.0611365
498,CG6-0313,2026-01-24,15,47,field,CG6-0313|2026-01-24|L15|S47,2026-01-24 14:31:46,2026-01-24 14:31:46,2026-01-24 14:31:46.000000,1,1,9289.24,,,0.0045,24.7129,34.8258,346.5,0,,,True,SINGLE_READING;,9,day9,MATCHED,D9:wor:L15-47,L15-47,L15-47,results.zip/day9.xlsx,workbook,15.1055,190.3,L15-46,True,24.7128,34.8258,356.496,,0,356.496,0.15,13645.3,39693,False,9341.33,0.0533892,INTERPOLATED,491,512,-52.087,0.0535786,0,True,1.01189,-52.7064,244.726,-5.07732,75.5368,27.9077,7.38496,5.33269,3.28042,2.25428,1.22814,0.509848,0.202007,-0.824129,-2.8764,0.0708055,0.0611616
499,CG6-0313,2026-01-24,15,48,field,CG6-0313|2026-01-24|L15|S48,2026-01-24 14:35:42,2026-01-24 14:35:42,2026-01-24 14:35:42.000000,1,1,9288.45,,,0.0055,24.7133,34.8238,350.4,0,,,True,SINGLE_READING;,9,day9,MATCHED,D9:kml:L15-48,L15-48,L15-48,results.zip/day9.kml,kml_only,11.7566,183.749,L15-49,True,24.7132,34.8238,359.575,,0,359.575,0.15,13781.5,39678.9,False,9341.33,0.0533856,INTERPOLATED,491,512,-52.8782,0.0536682,0,True,1.01189,-53.507,247.805,-5.04975,76.487,28.0297,7.24884,5.17074,3.09265,2.05361,1.01456,0.287231,-0.0244825,-1.06353,-3.14162,0.0708734,0.0612401
500,CG6-0313,2026-01-24,15,49,field,CG6-0313|2026-01-24|L15|S49,2026-01-24 14:38:44,2026-01-24 14:38:44,2026-01-24 14:38:44.000000,1,1,9287.51,,,0.0084,24.7134,34.822,354.4,0,,STDDEV_GT_0.050,True,SINGLE_READING;,9,day9,MATCHED,D9:kml:L15-49,L15-49,L15-49,results.zip/day9.kml,kml_only,9.7725,175.791,L15-50,True,24.7133,34.822,362.848,,0,362.848,0.15,13920.2,39690.6,False,9341.33,0.0533832,INTERPOLATED,491,512,-53.8204,0.0540401,0,True,1.01189,-54.4604,251.078,-5.04001,77.4974,28.077,7.02154,4.916,2.81045,1.75768,0.70491,-0.0320302,-0.347862,-1.40063,-3.50618,0.0711554,0.0615663
501,CG6-0313,2026-01-24,15,50,field,CG6-0313|2026-01-24|L15|S50,2026-01-24 14:42:05,2026-01-24 14:42:05,2026-01-24 14:42:05.000000,1,1,9286.84,,,0.0073,24.7142,34.8205,363,0,,STDDEV_GT_0.050,True,SINGLE_READING;,9,day9,MATCHED,D9:kml:L15-50,L15-50,L15-50,results.zip/day9.kml,kml_only,17.187,186.655,L15-49,True,24.7141,34.8205,365.472,,0,365.472,0.15,13992.9,39619.6,False,9341.33,0.053381,INTERPOLATED,491,512,-54.4882,0.0538779,0,True,1.01189,-55.1363,253.702,-4.98646,78.3071,28.1573,6.88185,4.75431,2.62677,1.563,0.499225,-0.245415,-0.564546,-1.62832,-3.75586,0.0710323,0.0614239
502,CG6-0313,2026-01-24,15,51,field,CG6-0313|2026-01-24|L15|S51,2026-01-24 14:45:14,2026-01-24 14:45:14,2026-01-24 14:45:14.000000,1,1,9285.74,,,0.0078,24.7147,34.8186,367.1,0,,STDDEV_GT_0.050,True,SINGLE_READING;,9,day9,MATCHED,D9:wor:L15-51,L15-51,L15-51,results.zip/day9.xlsx,workbook,8.76834,197.919,L15-52,True,24.7146,34.8186,369.413,,0,369.413,0.15,14122.2,39596.9,False,9341.33,0.0533794,INTERPOLATED,491,512,-55.5871,0.0539462,0,True,1.01189,-56.2482,257.643,-4.94913,79.5235,28.2245,6.61851,4.45792,2.29733,1.21703,0.136731,-0.619477,-0.943566,-2.02386,-4.18446,0.0710842,0.0614839
503,CG6-0313,2026-01-24,15,52,field,CG6-0313|2026-01-24|L15|S52,2026-01-24 14:49:40,2026-01-24 14:49:40,2026-01-24 14:49:40.000000,1,1,9284.61,,,0.0068,24.7149,34.8167,367,0,,STDDEV_GT_0.050,True,SINGLE_READING;,9,day9,MATCHED,D9:kml:L15-52,L15-52,L15-52,results.zip/day9.kml,kml_only,10.7167,194.721,L15-51,True,24.7148,34.8166,372.877,,0,372.877,0.15,14268.3,39602,False,9341.32,0.0533777,INTERPOLATED,491,512,-56.7136,0.0538091,0,True,1.01189,-57.388,261.107,-4.93482,80.5925,28.1393,6.24288,4.05324,1.8636,0.768781,-0.326039,-1.09241,-1.42086,-2.51568,-4.70532,0.0709802,0.0613636
504,CG6-0313,2026-01-24,15,53,field,CG6-0313|2026-01-24|L15|S53,2026-01-24 14:53:11,2026-01-24 14:53:11,2026-01-24 14:53:11.000000,1,1,9283.08,,,0.0065,24.7145,34.8148,365.3,0,,STDDEV_GT_0.050,True,SINGLE_READING;,9,day9,MATCHED,D9:kml:L15-53,L15-53,L15-53,results.zip/day9.kml,kml_only,11.934,185.425,L15-52,True,24.7144,34.8148,376.801,,0,376.801,0.15,14448.8,39678.9,False,9341.32,0.053377,INTERPOLATED,491,512,-58.2454,0.0537713,0,True,1.01189,-58.9381,265.031,-4.96486,81.8039,27.8307,5.60511,3.38256,1.16,0.0487241,-1.06255,-1.84045,-2.17383,-3.28511,-5.50766,0.0709515,0.0613305
505,CG6-0313,2026-01-24,15,54,field,CG6-0313|2026-01-24|L15|S54,2026-01-24 14:56:14,2026-01-24 14:56:14,2026-01-24 14:56:14.000000,1,1,9281.5,,,0.0058,24.7137,34.8131,361.1,0,,,True,SINGLE_READING;,9,day9,MATCHED,D9:kml:L15-54,L15-54,L15-54,results.zip/day9.kml,kml_only,11.2129,190.868,L15-53,True,24.7136,34.813,381.251,,0,381.251,0.15,14648.5,39799.4,False,9341.32,0.0533767,INTERPOLATED,491,512,-59.8241,0.0536909,0,True,1.01189,-60.5356,269.481,-5.02216,83.177,27.6636,5.06498,2.80512,0.545254,-0.584678,-1.71461,-2.50556,-2.84454,-3.97447,-6.23434,0.0708906,0.06126
506,CG6-0313,2026-01-24,15,55,field,CG6-0313|2026-01-24|L15|S55,2026-01-24 14:59:23,2026-01-24 14:59:23,2026-01-24 14:59:23.000000,1,1,9280.83,,,0.006,24.7144,34.8113,366.6,0,,,True,SINGLE_READING;,9,day9,MATCHED,D9:kml:L15-55,L15-55,L15-55,results.zip/day9.kml,kml_only,3.4854,200.342,L15-54,True,24.7144,34.8113,390.223,,0,390.223,0.15,14751.5,39744.5,False,9341.32,0.0533769,INTERPOLATED,491,512,-60.4874,0.053713,0,True,1.01189,-61.2068,278.453,-4.96478,85.9463,29.7043,6.35322,4.01811,1.683,0.51545,-0.652104,-1.46939,-1.81966,-2.98721,-5.32232,0.0709074,0.0612794
507,CG6-0313,2026-01-24,15,56,field,CG6-0313|2026-01-24|L15|S56,2026-01-24 15:02:13,2026-01-24 15:02:13,2026-01-24 15:02:13.000000,1,1,9280.2,,,0.0059,24.7151,34.8094,381.4,0,,,True,SINGLE_READING;,9,day9,MATCHED,D9:wor:L15-56,L15-56,L15-56,results.zip/day9.xlsx,workbook,13.6814,179.359,L15-57,True,24.7149,34.8094,389.427,,0,389.427,0.15,14875.6,39708.5,False,9341.32,0.0533773,INTERPOLATED,491,512,-61.1233,0.0537024,0,True,1.01189,-61.8502,277.657,-4.92808,85.7006,28.7784,5.49412,3.16569,0.837259,-0.326957,-1.49117,-2.30612,-2.65539,-3.8196,-6.14804,0.0708993,0.0612701
508,CG6-0313,2026-01-24,15,57,field,CG6-0313|2026-01-24|L15|S57,2026-01-24 15:05:02,2026-01-24 15:05:02,2026-01-24 15:05:02.000000,1,1,9279.96,,,0.0067,24.7163,34.8081,380.1,0,,STDDEV_GT_0.050,True,SINGLE_READING;,9,day9,MATCHED,D9:wor:L15-57,L15-57,L15-57,results.zip/day9.xlsx,workbook,13.7328,192.778,L15-58,True,24.7161,34.8081,393.856,,0,393.856,0.15,14916.4,39599.5,False,9341.32,0.0533781,INTERPOLATED,491,512,-61.3571,0.0537969,0,True,1.01189,-62.0868,282.086,-4.84538,87.0675,29.8261,6.17035,3.80478,1.43921,0.25642,-0.926367,-1.75432,-2.10915,-3.29194,-5.65751,0.0709709,0.061353
509,CG6-0313,2026-01-24,15,58,field,CG6-0313|2026-01-24|L15|S58,2026-01-24 15:07:58,2026-01-24 15:07:58,2026-01-24 15:07:58.000000,1,1,9279.61,,,0.0069,24.7177,34.807,387.9,0,,STDDEV_GT_0.050,True,SINGLE_READING;,9,day9,MATCHED,D9:wor:L15-58,L15-58,L15-58,results.zip/day9.xlsx,workbook,12.6405,190.957,L15-59,True,24.7176,34.8069,399.088,,0,399.088,0.15,14927.6,39458.5,False,9341.32,0.0533793,INTERPOLATED,491,512,-61.7057,0.0538234,0,True,1.01189,-62.4396,287.318,-4.743,88.6823,30.9857,6.89121,4.48176,2.07231,0.867588,-0.337137,-1.18044,-1.54186,-2.74659,-5.15603,0.070991,0.0613761
510,CG6-0313,2026-01-24,15,59,field,CG6-0313|2026-01-24|L15|S59,2026-01-24 15:11:14,2026-01-24 15:11:14,2026-01-24 15:11:14.000000,1,1,9278.9,,,0.0063,24.7184,34.8052,393,0,,,True,SINGLE_READING;,9,day9,MATCHED,D9:wor:L15-59,L15-59,L15-59,results.zip/day9.xlsx,workbook,12.545,195.164,L15-58,True,24.7183,34.8052,402.898,,0,402.898,0.15,15045.2,39418.6,False,9341.32,0.0533809,INTERPOLATED,491,512,-62.4136,0.0537514,0,True,1.01189,-63.1559,291.128,-4.69793,89.8582,31.4002,6.98625,4.54485,2.10345,0.882754,-0.337945,-1.19244,-1.55865,-2.77934,-5.22074,0.0709364,0.0613131
511,CG6-0313,2026-01-24,15,60,field,CG6-0313|2026-01-24|L15|S60,2026-01-24 15:15:23,2026-01-24 15:15:23,2026-01-24 15:15:23.000000,1,1,9277.77,,,0.0062,24.7189,34.803,387.3,0,,,True,SINGLE_READING;,9,day9,MATCHED,D9:wor:L15-60,L15-60,L15-60,results.zip/day9.xlsx,workbook,13.7636,226.332,L15-59,True,24.7188,34.803,407.723,,0,407.723,0.15,15206.9,39408.3,False,9341.31,0.0533837,INTERPOLATED,491,512,-63.544,0.0537425,0,True,1.01189,-64.2997,295.953,-4.66654,91.3473,31.7142,6.89554,4.41368,1.93182,0.690888,-0.550043,-1.41869,-1.79097,-3.0319,-5.51377,0.0709297,0.0613053
517,CG6-0640,2026-01-16,1,1,field,CG6-0640|2026-01-16|L1|S1,2026-01-16 07:27:21,2026-01-16 07:28:21,2026-01-16 07:27:51.000000,2,2,3424.95,0.00276989,0.00138495,0.00265377,24.8244,34.9962,7.8,0,,,True,,1,day1,MATCHED,D1:wor:1,1,1,results.zip/day1.xlsx,workbook,3.98053,215.048,2,True,24.8245,34.9962,13.728,0.153,0,13.728,0.15,7573.38,29477.9,False,3407.02,0.00793834,INTERPOLATED,516,535,17.9282,0.00837017,0,True,1,17.9282,-98.042,2.59258,-30.2639,-14.9282,-6.70644,-5.88426,-5.06208,-4.65099,-4.2399,-3.95213,-3.82881,-3.41772,-2.59554,0.0470407,0.0306616
518,CG6-0640,2026-01-16,1,2,field,CG6-0640|2026-01-16|L1|S2,2026-01-16 07:46:57,2026-01-16 07:47:57,2026-01-16 07:47:27.000000,2,2,3425.21,0.00210126,0.00105063,0.00229837,24.8229,34.995,10.5,0,,TILT_GT_20,True,,1,day1,MATCHED,D1:wor:2,2,2,results.zip/day1.xlsx,workbook,4.26845,211.831,1,True,24.8229,34.995,15.33,0.159,0,15.33,0.15,7374.66,29584.7,False,3407.02,0.00791737,INTERPOLATED,516,535,18.1869,0.00824423,0,True,1,18.1869,-96.44,2.48511,-29.7694,-14.0676,-5.98015,-5.1714,-4.36266,-3.95828,-3.55391,-3.27085,-3.14954,-2.74516,-1.93642,0.0470184,0.0306275
519,CG6-0640,2026-01-16,1,3,field,CG6-0640|2026-01-16|L1|S3,2026-01-16 07:53:03,2026-01-16 07:54:03,2026-01-16 07:53:33.000000,2,2,3425.27,0.00407837,0.00203918,0.00203918,24.8222,34.9929,16.2,0,,,True,,1,day1,MATCHED,D1:wor:3,3,3,results.zip/day1.xlsx,workbook,1.99012,190.97,4,True,24.8222,34.9929,17.909,0.178,0,17.909,0.15,7153.12,29566.2,False,3407.02,0.007912,INTERPOLATED,516,535,18.2458,0.00817055,0,True,1,18.2458,-93.861,2.43865,-28.9732,-13.1661,-5.29487,-4.50775,-3.72063,-3.32707,-2.93352,-2.65802,-2.53996,-2.1464,-1.35928,0.0470056,0.0306077
520,CG6-0640,2026-01-16,1,4,field,CG6-0640|2026-01-16|L1|S4,2026-01-16 07:58:53,2026-01-16 07:59:53,2026-01-16 07:59:23.000000,2,2,3425.16,0.000255903,0.000127952,0.00216333,24.8217,34.9911,16.1,0,,,True,,1,day1,MATCHED,D1:wor:4,4,4,results.zip/day1.xlsx,workbook,2.61901,188.197,3,True,24.8217,34.9911,20.228,0.174,0,20.228,0.15,6970.33,29554.5,False,3407.02,0.00790737,INTERPOLATED,516,535,18.136,0.00819796,0,True,1,18.136,-91.542,2.40135,-28.2574,-12.5228,-4.84607,-4.0784,-3.31073,-2.92689,-2.54305,-2.27437,-2.15922,-1.77538,-1.00771,0.0470103,0.0306151
521,CG6-0640,2026-01-16,1,5,field,CG6-0640|2026-01-16|L1|S5,2026-01-16 08:03:29,2026-01-16 08:04:29,2026-01-16 08:03:59.000000,2,2,3425.21,0.00153786,0.000768928,0.00176139,24.8208,34.9893,19.6,0,,,True,,1,day1,MATCHED,D1:wor:5,5,5,results.zip/day1.xlsx,workbook,1.223,199.681,6,True,24.8208,34.9893,21.989,0.157,0,21.989,0.15,6766.05,29580.2,False,3407.02,0.00790408,INTERPOLATED,516,535,18.1908,0.00809796,0,True,1,18.1908,-89.781,2.33754,-27.7138,-11.8605,-4.33148,-3.57858,-2.82568,-2.44923,-2.07277,-1.80926,-1.69632,-1.31987,-0.566967,0.046993,0.0305884
522,CG6-0640,2026-01-16,1,6,field,CG6-0640|2026-01-16|L1|S6,2026-01-16 08:07:43,2026-01-16 08:08:43,2026-01-16 08:08:13.000000,2,2,3425.18,0.000921014,0.000460507,0.00135093,24.8197,34.9878,20.6,0,,,True,,1,day1,MATCHED,D1:wor:6,6,6,results.zip/day1.xlsx,workbook,3.58106,196.126,5,True,24.8196,34.9878,24.262,0.162,0,24.262,0.15,6569.93,29636.9,False,3407.02,0.00790133,INTERPOLATED,516,535,18.1566,0.00801598,0,True,1,18.1566,-87.508,2.25965,-27.0121,-11.1152,-3.77677,-3.04293,-2.30909,-1.94217,-1.57525,-1.3184,-1.20833,-0.841405,-0.107563,0.0469789,0.0305668
523,CG6-0640,2026-01-16,1,7,field,CG6-0640|2026-01-16|L1|S7,2026-01-16 08:13:15,2026-01-16 08:14:15,2026-01-16 08:13:45.000000,2,2,3425.27,0.000201296,0.000100648,0.00149164,24.8187,34.9861,22.8,0,,,True,,1,day1,MATCHED,D1:wor:7,7,7,results.zip/day1.xlsx,workbook,0.401452,195.322,6,True,24.8187,34.9861,25.638,0.162,0,25.638,0.15,6372.5,29667.3,False,3407.02,0.00789813,INTERPOLATED,516,535,18.2516,0.00803775,0,True,1,18.2516,-86.132,2.19945,-26.5874,-10.5352,-3.31218,-2.58987,-1.86757,-1.50642,-1.14527,-0.892463,-0.784117,-0.422966,0.299337,0.0469827,0.0305725
524,CG6-0640,2026-01-16,1,8,field,CG6-0640|2026-01-16|L1|S8,2026-01-16 08:19:42,2026-01-16 08:20:42,2026-01-16 08:20:12.000000,2,2,3425.18,0.00267239,0.0013362,0.0013362,24.8167,34.9826,31.9,0,,,True,,1,day1,MATCHED,D1:wor:8,8,8,results.zip/day1.xlsx,workbook,1.20286,217.482,9,True,24.8167,34.9826,29.976,0.154,0,29.976,0.15,5947.91,29750.7,False,3407.02,0.00789497,INTERPOLATED,516,535,18.1568,0.00800725,0,True,1,18.1568,-81.794,2.05792,-25.2483,-9.14938,-2.29014,-1.60421,-0.918286,-0.575324,-0.232362,0.00771169,0.1106,0.453563,1.13949,0.0469774,0.0305645
525,CG6-0640,2026-01-16,1,9,field,CG6-0640|2026-01-16|L1|S9,2026-01-16 08:24:52,2026-01-16 08:25:52,2026-01-16 08:25:22.000000,2,2,3424.08,0.000651097,0.000325548,0.00124197,24.8153,34.9811,27.9,0,,,True,,1,day1,MATCHED,D1:wor:9,9,9,results.zip/day1.xlsx,workbook,3.76352,212.865,8,True,24.8153,34.981,32.034,0.161,0,32.034,0.15,5737.74,29838,False,3407.02,0.00789289,INTERPOLATED,516,535,17.0611,0.00799001,0,True,1,17.0611,-79.736,1.9643,-24.613,-9.51627,-2.82961,-2.16094,-1.49227,-1.15794,-0.823608,-0.589574,-0.489275,-0.154942,0.513725,0.0469745,0.03056
526,CG6-0640,2026-01-16,1,10,field,CG6-0640|2026-01-16|L1|S10,2026-01-16 08:29:33,2026-01-16 08:30:33,2026-01-16 08:30:03.000000,2,2,3423.36,0.0042317,0.00211585,0.00211585,24.8143,34.9793,29.9,0,,,True,,1,day1,MATCHED,D1:wor:10,10,10,results.zip/day1.xlsx,workbook,3.38324,206.944,9,True,24.8143,34.9793,34.439,0.165,0,34.439,0.15,5527.21,29880.2,False,3407.02,0.00789135,INTERPOLATED,516,535,16.335,0.00817008,0,True,1,16.335,-77.331,1.89678,-23.8706,-9.43245,-2.94747,-2.29897,-1.65047,-1.32622,-1.00197,-0.775,-0.677725,-0.353476,0.295021,0.0470055,0.0306076
527,CG6-0640,2026-01-16,1,11,field,CG6-0640|2026-01-16|L1|S11,2026-01-16 08:34:05,2026-01-16 08:35:05,2026-01-16 08:34:35.000000,2,2,3422.54,0.00231287,0.00115643,0.00187683,24.8133,34.9775,34.2,0,,,True,,1,day1,MATCHED,D1:wor:11,11,11,results.zip/day1.xlsx,workbook,2.47992,207.193,10,True,24.8133,34.9775,36.819,0.166,0,36.819,0.15,5317.47,29925.3,False,3407.02,0.00789017,INTERPOLATED,516,535,15.5181,0.00811032,0,True,1,15.5181,-74.951,1.82776,-23.136,-9.44558,-3.16019,-2.53165,-1.90311,-1.58884,-1.27457,-1.05458,-0.960298,-0.646029,-0.0174898,0.0469951,0.0305917
528,CG6-0640,2026-01-16,1,12,field,CG6-0640|2026-01-16|L1|S12,2026-01-16 08:45:34,2026-01-16 08:46:34,2026-01-16 08:46:04.000000,2,2,3421.92,0.00536513,0.00268257,0.00268257,24.8127,34.9756,37.3,0,,,True,,1,day1,MATCHED,D1:wor:12,12,12,results.zip/day1.xlsx,workbook,4.95053,203.976,13,True,24.8126,34.9756,38.969,0.171,0,38.969,0.15,5109.95,29930.8,False,3407.02,0.00788854,INTERPOLATED,516,535,14.8939,0.00833218,0,True,1,14.8939,-72.801,1.77721,-22.4723,-9.35561,-3.25052,-2.64001,-2.0295,-1.72425,-1.419,-1.20532,-1.11374,-0.808486,-0.197977,0.0470339,0.0306513
529,CG6-0640,2026-01-16,1,13,field,CG6-0640|2026-01-16|L1|S13,2026-01-16 08:50:46,2026-01-16 08:51:46,2026-01-16 08:51:16.000000,2,2,3421.66,0.000643651,0.000321825,0.00283064,24.8115,34.974,39.6,0,,,True,,1,day1,MATCHED,D1:wor:13,13,13,results.zip/day1.xlsx,workbook,2.72853,194.202,14,True,24.8115,34.974,41.326,0.209,0,41.326,0.15,4908.7,29998.1,False,3407.02,0.00788845,INTERPOLATED,516,535,14.6408,0.00838094,0,True,1,14.6408,-70.444,1.70249,-21.7447,-8.80643,-2.899,-2.30825,-1.71751,-1.42214,-1.12676,-0.920005,-0.831393,-0.536022,0.0547218,0.0470426,0.0306646
530,CG6-0640,2026-01-16,1,14,field,CG6-0640|2026-01-16|L1|S14,2026-01-16 08:55:25,2026-01-16 08:56:25,2026-01-16 08:55:55.000000,2,2,3421.01,0.00632456,0.00316228,0.00316228,24.81,34.9731,35.1,0,,TILT_GT_20,True,,1,day1,MATCHED,D1:wor:14,14,14,results.zip/day1.xlsx,workbook,3.75518,189.172,13,True,24.81,34.9731,43.62,0.198,0,43.62,0.15,4740.56,30127.7,False,3407.02,0.00788871,INTERPOLATED,516,535,13.9904,0.00849893,0,True,1,13.9904,-68.15,1.59675,-21.0366,-8.64289,-2.92783,-2.35633,-1.78482,-1.49907,-1.21332,-1.01329,-0.927562,-0.641809,-0.0703036,0.0470637,0.030697
531,CG6-0640,2026-01-16,1,15,field,CG6-0640|2026-01-16|L1|S15,2026-01-16 08:59:53,2026-01-16 09:00:53,2026-01-16 09:00:23.000000,2,2,3420.39,0.00580637,0.00290318,0.00290318,24.8085,34.972,38.05,0,,TILT_GT_20,True,,1,day1,MATCHED,D1:wor:15,15,15,results.zip/day1.xlsx,workbook,2.77994,203.399,14,True,24.8085,34.9719,46.101,0.175,0,46.101,0.15,4550.34,30253.4,False,3407.02,0.00788927,INTERPOLATED,516,535,13.3648,0.00840648,0,True,1,13.3648,-65.669,1.49209,-20.2707,-8.39808,-2.89108,-2.34038,-1.78968,-1.51433,-1.23898,-1.04623,-0.963628,-0.688277,-0.137577,0.0470471,0.0306716
532,CG6-0640,2026-01-16,1,16,field,CG6-0640|2026-01-16|L1|S16,2026-01-16 09:04:32,2026-01-16 09:05:32,2026-01-16 09:05:02.000000,2,2,3419.62,0.00218764,0.00109382,0.00164012,24.8074,34.9701,37.1,0,,,True,,1,day1,MATCHED,D1:wor:16,16,16,results.zip/day1.xlsx,workbook,4.49296,202.925,17,True,24.8074,34.9702,47.844,0.185,0,47.844,0.15,4332.85,30307.8,False,3407.02,0.00789016,INTERPOLATED,516,535,12.5933,0.00805882,0,True,1,12.5933,-63.926,1.41876,-19.7327,-8.55816,-3.19733,-2.66125,-2.12516,-1.85712,-1.58908,-1.40145,-1.32104,-1.053,-0.516912,0.0469863,0.0305781
533,CG6-0640,2026-01-16,1,17,field,CG6-0640|2026-01-16|L1|S17,2026-01-16 09:08:41,2026-01-16 09:09:41,2026-01-16 09:09:11.000000,2,2,3419.46,0.00217111,0.00108555,0.00152398,24.806,34.9689,48.7,0,,TILT_GT_20,True,,1,day1,MATCHED,D1:wor:17,17,17,results.zip/day1.xlsx,workbook,3.17601,199.723,16,True,24.806,34.9689,50.296,0.191,0,50.296,0.15,4144.03,30416.3,False,3407.02,0.00789123,INTERPOLATED,516,535,12.4308,0.00803704,0,True,1,12.4308,-61.474,1.3235,-18.9758,-7.86846,-2.71325,-2.19772,-1.6822,-1.42444,-1.16668,-0.986251,-0.908922,-0.651162,-0.135641,0.0469825,0.0305724
534,CG6-0640,2026-01-16,1,18,field,CG6-0640|2026-01-16|L1|S18,2026-01-16 09:13:16,2026-01-16 09:14:16,2026-01-16 09:13:46.000000,2,2,3418.75,0.00235308,0.00117654,0.00199123,24.8041,34.9687,30.9,0,,,True,,1,day1,MATCHED,D1:wor:18,18,18,results.zip/day1.xlsx,workbook,12.373,209.401,17,True,24.8042,34.9686,52.014,0.257,0,52.014,0.15,4023.6,30612.7,False,3407.03,0.0078927,INTERPOLATED,516,535,11.7283,0.00814001,0,True,1,11.7283,-59.756,1.19861,-18.4455,-7.91575,-2.90462,-2.4035,-1.90239,-1.65183,-1.40128,-1.22589,-1.15072,-0.900161,-0.399048,0.0470003,0.0305996
536,CG6-0640,2026-01-16,1,19,field,CG6-0640|2026-01-16|L1|S19,2026-01-16 09:54:34,2026-01-16 09:55:34,2026-01-16 09:55:04.000000,2,2,3418.25,0.00280808,0.00140404,0.00149164,24.8024,34.9678,33.05,0,,,True,,1,day1,MATCHED,D1:wor:19,19,19,results.zip/day1.xlsx,workbook,4.61339,181.176,20,True,24.8024,34.9678,53.921,0.282,0,53.921,0.15,3855.97,30766.7,False,3407.03,0.00789276,INTERPOLATED,535,561,11.2223,0.00803248,0,True,1,11.2223,-57.849,1.07511,-17.8568,-7.70967,-2.85845,-2.37333,-1.88821,-1.64565,-1.40309,-1.23329,-1.16052,-0.917964,-0.432842,0.0469817,0.0305712
537,CG6-0640,2026-01-16,1,20,field,CG6-0640|2026-01-16|L1|S20,2026-01-16 09:59:12,2026-01-16 10:00:12,2026-01-16 09:59:42.000000,2,2,3417.94,0.00339437,0.00169719,0.00195576,24.8016,34.9662,25,0,,TILT_GT_20,True,,1,day1,MATCHED,D1:wor:20,20,20,results.zip/day1.xlsx,workbook,4.36171,178.217,19,True,24.8016,34.9663,56.791,0.283,0,56.791,0.15,3673.69,30804,False,3407.03,0.00789036,INTERPOLATED,535,561,10.9152,0.00812913,0,True,1,10.9152,-54.979,1.02115,-16.9709,-7.07689,-2.46636,-2.0053,-1.54425,-1.31372,-1.08319,-0.921825,-0.852667,-0.62214,-0.161086,0.0469984,0.0305967
538,CG6-0640,2026-01-16,1,21,field,CG6-0640|2026-01-16|L1|S21,2026-01-16 10:03:52,2026-01-16 10:04:52,2026-01-16 10:04:22.000000,2,2,3417.51,0.000681218,0.000340609,0.00147054,24.8023,34.9644,21.3,0,,,True,,1,day1,MATCHED,D1:wor:21,21,21,results.zip/day1.xlsx,workbook,6.94328,194.464,22,True,24.8023,34.9644,58.497,0.285,0,58.497,0.15,3542.77,30675.5,False,3407.03,0.0078882,INTERPOLATED,535,561,10.4877,0.0080241,0,True,1,10.4877,-53.273,1.06661,-16.4443,-7.02318,-2.5557,-2.10895,-1.66221,-1.43883,-1.21546,-1.0591,-0.992086,-0.768713,-0.321965,0.0469803,0.030569
539,CG6-0640,2026-01-16,1,22,field,CG6-0640|2026-01-16|L1|S22,2026-01-16 10:08:05,2026-01-16 10:09:05,2026-01-16 10:08:35.000000,2,2,3416.96,0.0012699,0.000634952,0.00219317,24.803,34.9625,7.7,0,,,True,,1,day1,MATCHED,D1:wor:22,22,22,results.zip/day1.xlsx,workbook,10.2038,203.717,23,True,24.803,34.9626,60.316,0.254,0,60.316,0.15,3423.82,30546.9,False,3407.03,0.00788647,INTERPOLATED,535,561,9.93123,0.00818575,0,True,1,9.93123,-51.454,1.11417,-15.8828,-7.06573,-2.7508,-2.3193,-1.88781,-1.67206,-1.45632,-1.30529,-1.24057,-1.02482,-0.593331,0.0470082,0.0306118
540,CG6-0640,2026-01-16,1,23,field,CG6-0640|2026-01-16|L1|S23,2026-01-16 10:12:47,2026-01-16 10:13:47,2026-01-16 10:13:17.000000,2,2,3417.06,0.00365793,0.00182897,0.00182897,24.8022,34.9608,37.15,0,,,True,,1,day1,MATCHED,D1:wor:23,23,23,results.zip/day1.xlsx,workbook,4.61986,196.475,24,True,24.8022,34.9607,62.738,0.236,0,62.738,0.15,3225.2,30587.9,False,3407.03,0.0078848,INTERPOLATED,535,561,10.0356,0.00809415,0,True,1,10.0356,-49.032,1.06137,-15.1352,-6.1609,-2.04908,-1.6379,-1.22672,-1.02112,-0.815534,-0.67162,-0.609943,-0.404351,0.00683092,0.0469923,0.0305874
541,CG6-0640,2026-01-16,1,24,field,CG6-0640|2026-01-16|L1|S24,2026-01-16 10:17:21,2026-01-16 10:18:21,2026-01-16 10:17:51.000000,2,2,3416.38,0.003247,0.0016235,0.0016235,24.8019,34.9589,48.2,0,,,True,,1,day1,MATCHED,D1:wor:24,24,24,results.zip/day1.xlsx,workbook,4.8518,187.924,23,True,24.8019,34.9589,65.468,0.228,0,65.468,0.15,3047.67,30569.2,False,3407.03,0.00788343,INTERPOLATED,535,561,9.35552,0.00804887,0,True,1,9.35552,-46.302,1.03926,-14.2925,-5.9762,-2.09332,-1.70503,-1.31674,-1.1226,-0.928452,-0.792551,-0.734308,-0.540163,-0.151875,0.0469846,0.0305755
542,CG6-0640,2026-01-16,1,25,field,CG6-0640|2026-01-16|L1|S25,2026-01-16 10:21:29,2026-01-16 10:22:29,2026-01-16 10:21:59.000000,2,2,3415.59,0.000362262,0.000181131,0.00134536,24.8019,34.9568,55.65,0.66717,,,True,,1,day1,MATCHED,D1:wor:25,25,25,results.zip/day1.xlsx,workbook,3.60292,204.921,24,True,24.8019,34.9568,67.795,0.228,0,67.795,0.15,2875.78,30515.1,False,3407.03,0.00788241,INTERPOLATED,535,561,8.56812,0.0079964,0,True,1,8.56812,-43.975,1.03925,-13.5742,-6.04528,-2.35754,-1.98876,-1.61999,-1.4356,-1.25121,-1.12214,-1.06683,-0.882441,-0.513666,0.0469756,0.0305617
543,CG6-0640,2026-01-16,1,26,field,CG6-0640|2026-01-16|L1|S26,2026-01-16 10:26:05,2026-01-16 10:27:05,2026-01-16 10:26:35.000000,2,2,3415.39,0.00112808,0.000564041,0.00141598,24.8019,34.9548,64.4,0,,,True,,1,day1,MATCHED,D1:wor:26,26,26,results.zip/day1.xlsx,workbook,6.47362,192.607,27,True,24.8018,34.9548,69.929,0.218,0,69.929,0.15,2711.49,30465.3,False,3407.03,0.00788152,INTERPOLATED,535,561,8.36066,0.00800771,0,True,1,8.36066,-41.841,1.03562,-12.9154,-5.59039,-2.0816,-1.73072,-1.37984,-1.2044,-1.02897,-0.906158,-0.853526,-0.678087,-0.327208,0.0469775,0.0305647
544,CG6-0640,2026-01-16,1,27,field,CG6-0640|2026-01-16|L1|S27,2026-01-16 10:30:28,2026-01-16 10:31:28,2026-01-16 10:30:58.000000,2,2,3414.6,0.000719601,0.0003598,0.00239008,24.8015,34.953,61.1,0,,,True,,1,day1,MATCHED,D1:wor:27,27,27,results.zip/day1.xlsx,workbook,9.71805,179.216,26,True,24.8015,34.953,72.162,0.22,0,72.162,0.15,2549.44,30454.2,False,3407.03,0.00788091,INTERPOLATED,535,561,7.57729,0.00823536,0,True,1,7.57729,-39.608,1.01357,-12.2261,-5.66242,-2.34089,-2.00874,-1.67659,-1.51051,-1.34443,-1.22818,-1.17836,-1.01228,-0.680129,0.0470169,0.0306251
545,CG6-0640,2026-01-16,1,28,field,CG6-0640|2026-01-16|L1|S28,2026-01-16 10:42:02,2026-01-16 10:43:02,2026-01-16 10:42:32.000000,2,2,3414.16,0.000600623,0.000300311,0.00129035,24.8003,34.9516,69.3,0.22239,,,True,,1,day1,MATCHED,D1:wor:28,28,28,results.zip/day1.xlsx,workbook,8.09503,190.784,27,True,24.8002,34.9516,74.166,0.156,0,74.166,0.15,2349.91,30557,False,3407.03,0.00788041,INTERPOLATED,535,561,7.12997,0.00798535,0,True,1,7.12997,-37.604,0.925821,-11.6075,-5.4034,-2.24993,-1.93458,-1.61924,-1.46156,-1.30389,-1.19352,-1.14621,-0.988541,-0.673194,0.0469737,0.0305588
546,CG6-0640,2026-01-16,1,29,field,CG6-0640|2026-01-16|L1|S29,2026-01-16 10:46:47,2026-01-16 10:47:47,2026-01-16 10:47:17.000000,2,2,3413.44,0.00289429,0.00144715,0.00144715,24.7984,34.9512,66.3,0,,,True,,1,day1,MATCHED,D1:wor:29,29,29,results.zip/day1.xlsx,workbook,8.94553,201.469,28,True,24.7984,34.9511,76.334,0.167,0,76.334,0.15,2186.92,30741.8,False,3407.03,0.00788067,INTERPOLATED,535,561,6.40929,0.00801244,0,True,1,6.40929,-35.436,0.800165,-10.9383,-5.32921,-2.35754,-2.06038,-1.76321,-1.61463,-1.46604,-1.36204,-1.31746,-1.16888,-0.871712,0.0469783,0.0305659
547,CG6-0640,2026-01-16,1,30,field,CG6-0640|2026-01-16|L1|S30,2026-01-16 10:51:07,2026-01-16 10:52:07,2026-01-16 10:51:37.000000,2,2,3413.14,0.00338929,0.00169465,0.00169465,24.7967,34.9515,67.5,0,,,True,,1,day1,MATCHED,D1:wor:30,30,30,results.zip/day1.xlsx,workbook,13.4816,196.012,29,True,24.7966,34.9514,78.474,0.15,0,78.474,0.15,2107.3,30942.3,False,3407.03,0.00788114,INTERPOLATED,535,561,6.11375,0.00806128,0,True,1,6.11375,-33.296,0.678254,-10.2777,-4.84226,-2.05005,-1.77083,-1.49161,-1.352,-1.21239,-1.11467,-1.07278,-0.933173,-0.653953,0.0469867,0.0305787
548,CG6-0640,2026-01-16,1,31,field,CG6-0640|2026-01-16|L1|S31,2026-01-16 10:55:43,2026-01-16 10:56:43,2026-01-16 10:56:13.000000,2,2,3412.73,0.00451518,0.00225759,0.00225759,24.7948,34.9513,73.5,0,,,True,,1,day1,MATCHED,D1:wor:31,31,31,results.zip/day1.xlsx,workbook,10.1127,198.823,30,True,24.7948,34.9512,82.422,0.153,0,82.422,0.15,1984.44,31134.6,False,3407.03,0.0078819,INTERPOLATED,535,561,5.70478,0.00819885,0,True,1,5.70478,-29.348,0.551465,-9.05908,-3.90577,-1.44464,-1.19853,-0.95242,-0.829364,-0.706308,-0.620168,-0.583252,-0.460195,-0.214083,0.0470105,0.0306153
549,CG6-0640,2026-01-16,1,32,field,CG6-0640|2026-01-16|L1|S32,2026-01-16 11:00:13,2026-01-16 11:01:13,2026-01-16 11:00:43.000000,2,2,3412.19,0.00168128,0.000840639,0.00138293,24.7931,34.9509,76.9,0,,,True,,1,day1,MATCHED,D1:wor:32,32,32,results.zip/day1.xlsx,workbook,12.148,187.854,31,True,24.793,34.9508,86.025,0.161,0,86.025,0.15,1872.07,31313.3,False,3407.03,0.00788289,INTERPOLATED,535,561,5.16338,0.00800327,0,True,1,5.16338,-25.745,0.4312,-7.94691,-3.21473,-1.05575,-0.839852,-0.623954,-0.516006,-0.408057,-0.332493,-0.300108,-0.192159,0.0237383,0.0469768,0.0305635
550,CG6-0640,2026-01-16,1,33,field,CG6-0640|2026-01-16|L1|S33,2026-01-16 11:04:56,2026-01-16 11:05:56,2026-01-16 11:05:26.000000,2,2,3411.44,0.00397849,0.00198925,0.00198925,24.7927,34.9491,95.1,0,,,True,,1,day1,MATCHED,D1:wor:33,33,33,results.zip/day1.xlsx,workbook,7.39134,182.373,32,True,24.7926,34.9491,89.186,0.178,0,89.186,0.15,1681.77,31315.2,False,3407.03,0.00788418,INTERPOLATED,535,561,4.41753,0.00813126,0,True,1,4.41753,-22.584,0.403309,-6.97117,-2.95695,-1.06306,-0.87367,-0.684281,-0.589586,-0.494892,-0.428605,-0.400197,-0.305502,-0.116113,0.0469987,0.0305973
551,CG6-0640,2026-01-16,1,34,field,CG6-0640|2026-01-16|L1|S34,2026-01-16 11:09:46,2026-01-16 11:10:46,2026-01-16 11:10:16.000000,2,2,3411.16,0.000423392,0.000211696,0.00228254,24.7928,34.9472,91.3,0,,,True,,1,day1,MATCHED,D1:wor:34,34,34,results.zip/day1.xlsx,workbook,7.34745,193.619,33,True,24.7928,34.9471,91.359,0.172,0,91.359,0.15,1513.05,31257.1,False,3407.03,0.00788579,INTERPOLATED,535,561,4.13106,0.00820949,0,True,1,4.13106,-20.411,0.412952,-6.30041,-2.5823,-0.870638,-0.699471,-0.528305,-0.442721,-0.357138,-0.29723,-0.271555,-0.185971,-0.0148047,0.0470123,0.0306181
552,CG6-0640,2026-01-16,1,35,field,CG6-0640|2026-01-16|L1|S35,2026-01-16 11:14:07,2026-01-16 11:15:07,2026-01-16 11:14:37.000000,2,2,3410.42,0.00267573,0.00133787,0.00133787,24.7917,34.9458,79.2,0,,,True,,1,day1,MATCHED,D1:wor:35,35,35,results.zip/day1.xlsx,workbook,6.72019,184.454,34,True,24.7916,34.9457,93.989,0.186,0,93.989,0.15,1329.6,31350,False,3407.03,0.00788748,INTERPOLATED,535,561,3.39265,0.00800014,0,True,1,3.39265,-17.781,0.334216,-5.48859,-2.43016,-0.939042,-0.78993,-0.640819,-0.566263,-0.491707,-0.439518,-0.417152,-0.342596,-0.193484,0.0469762,0.0305627
553,CG6-0640,2026-01-16,1,36,field,CG6-0640|2026-01-16|L1|S36,2026-01-16 11:19:24,2026-01-16 11:20:24,2026-01-16 11:19:54.000000,2,2,3409.57,0.000275751,0.000137875,0.00152069,24.7901,34.9446,80,0,,,True,,1,day1,MATCHED,D1:wor:36,36,36,results.zip/day1.xlsx,workbook,5.8807,192.825,37,True,24.7901,34.9445,95.984,0.19,0,95.984,0.15,1155.67,31493.8,False,3407.03,0.00788983,INTERPOLATED,535,561,2.54418,0.00803505,0,True,1,2.54418,-15.786,0.229295,-4.87277,-2.55789,-1.23407,-1.10169,-0.969311,-0.90312,-0.83693,-0.790596,-0.770739,-0.704548,-0.572167,0.0469822,0.0305718
554,CG6-0640,2026-01-16,1,37,field,CG6-0640|2026-01-16|L1|S37,2026-01-16 11:24:45,2026-01-16 11:25:45,2026-01-16 11:25:15.000000,2,2,3408.83,0.000823012,0.000411506,0.00148492,24.7887,34.9436,89.7,0,,,True,,1,day1,MATCHED,D1:wor:37,37,37,results.zip/day1.xlsx,workbook,4.20916,184.068,36,True,24.7887,34.9435,98.029,0.214,0,98.029,0.15,1013.44,31626.8,False,3407.03,0.00789256,INTERPOLATED,535,561,1.80404,0.00803104,0,True,1,1.80404,-13.741,0.131814,-4.24153,-2.5693,-1.41698,-1.30175,-1.18652,-1.1289,-1.07128,-1.03095,-1.01367,-0.956052,-0.84082,0.0469815,0.0305708
555,CG6-0640,2026-01-16,1,38,field,CG6-0640|2026-01-16|L1|S38,2026-01-16 11:30:28,2026-01-16 11:31:28,2026-01-16 11:30:58.000000,2,2,3408.67,0.000120314,6.01568e-05,0.0013435,24.7883,34.9416,82.6,0,,,True,,1,day1,MATCHED,D1:wor:38,38,38,results.zip/day1.xlsx,workbook,3.84868,203.084,37,True,24.7883,34.9415,100.886,0.246,0,100.886,0.15,806.391,31623.4,False,3407.03,0.00789586,INTERPOLATED,535,561,1.64245,0.00800934,0,True,1,1.64245,-10.884,0.109493,-3.35964,-1.82668,-0.913946,-0.822673,-0.731399,-0.685763,-0.640126,-0.60818,-0.594489,-0.548853,-0.45758,0.0469778,0.0305651
556,CG6-0640,2026-01-16,1,39,field,CG6-0640|2026-01-16|L1|S39,2026-01-16 11:37:39,2026-01-16 11:38:39,2026-01-16 11:38:09.000000,2,2,3407.99,0.0043851,0.00219255,0.00219255,24.7893,34.9394,92.9,0,,,True,,1,day1,MATCHED,D1:wor:39,39,39,results.zip/day1.xlsx,workbook,4.44379,165.118,40,True,24.7893,34.9394,103.613,0.3,0,103.613,0.15,638.211,31476.2,False,3407.03,0.00790056,INTERPOLATED,535,561,0.957861,0.00819915,0,True,1,0.957861,-8.157,0.17389,-2.51787,-1.7339,-1.04986,-0.981452,-0.913048,-0.878846,-0.844643,-0.820702,-0.810441,-0.776239,-0.707834,0.0470105,0.0306154
557,CG6-0640,2026-01-16,1,40,field,CG6-0640|2026-01-16|L1|S40,2026-01-16 11:42:39,2026-01-16 11:43:39,2026-01-16 11:43:09.000000,2,2,3408.05,0.00159016,0.000795082,0.00137295,24.7894,34.9378,94.55,0,,,True,,1,day1,MATCHED,D1:wor:40,40,40,results.zip/day1.xlsx,workbook,4.07759,159.979,39,True,24.7895,34.9378,105.204,0.276,0,105.204,0.15,505.138,31429.9,False,3407.03,0.0079042,INTERPOLATED,535,561,1.02027,0.00802255,0,True,1,1.02027,-6.566,0.185827,-2.02677,-1.19232,-0.641699,-0.586637,-0.531574,-0.504043,-0.476512,-0.45724,-0.44898,-0.421449,-0.366387,0.0469801,0.0305686
558,CG6-0640,2026-01-16,1,41,field,CG6-0640|2026-01-16|L1|S41,2026-01-16 11:47:07,2026-01-16 11:48:07,2026-01-16 11:47:37.000000,2,2,3407.57,0.00149559,0.000747794,0.00187216,24.7892,34.936,99.3,0,,,True,,1,day1,MATCHED,D1:wor:41,41,41,results.zip/day1.xlsx,workbook,3.92864,186.087,40,True,24.7892,34.936,107.92,0.236,0,107.92,0.15,351.675,31420.8,False,3407.03,0.0079077,INTERPOLATED,535,561,0.546682,0.0081263,0,True,1,0.546682,-3.85,0.164985,-1.1884,-0.806706,-0.483845,-0.451559,-0.419273,-0.40313,-0.386987,-0.375687,-0.370844,-0.354701,-0.322415,0.0469979,0.0305959
559,CG6-0640,2026-01-16,1,42,field,CG6-0640|2026-01-16|L1|S42,2026-01-16 11:52:25,2026-01-16 11:53:25,2026-01-16 11:52:55.000000,2,2,3406.95,0.000203116,0.000101558,0.00464462,24.7879,34.9347,93.25,0,,STDDEV_GT_0.050,True,,1,day1,MATCHED,D1:wor:42,42,42,results.zip/day1.xlsx,workbook,11.4926,160.801,B100 16-01-2026,True,24.7879,34.9346,109.82,0.248,0,109.82,0.15,160.018,31536,False,3407.03,0.00791216,INTERPOLATED,535,561,-0.0792166,0.00917469,0,True,1,-0.0792166,-1.95,0.079894,-0.601919,-0.761029,-0.597502,-0.58115,-0.564797,-0.55662,-0.548444,-0.542721,-0.540268,-0.532091,-0.515739,0.0471905,0.0308909
560,CG6-0640,2026-01-16,1,43,field,CG6-0640|2026-01-16|L1|S43,2026-01-16 11:58:58,2026-01-16 11:59:58,2026-01-16 11:59:28.000000,2,2,3407.04,0.00241406,0.00120703,0.00180347,24.787,34.9332,100.65,0.778366,,,True,,1,day1,MATCHED,D1:wor:43,43,43,results.zip/day1.xlsx,workbook,4.63422,59.4835,B100 16-01-2026,True,24.787,34.9332,112.211,0.246,0,112.211,0.15,61.8549,31603.5,False,3407.03,0.00791815,INTERPOLATED,535,561,0.0134859,0.00812093,0,True,1,0.0134859,0.441,0.0189573,0.136126,0.130654,0.093672,0.0899738,0.0862756,0.0844265,0.0825774,0.081283,0.0807283,0.0788791,0.0751809,0.046997,0.0305945
562,CG6-0640,2026-01-16,1,44,field,CG6-0640|2026-01-16|L1|S44,2026-01-16 12:21:30,2026-01-16 12:22:30,2026-01-16 12:22:00.000000,2,2,3406.36,0.00306541,0.0015327,0.0015327,24.7871,34.9312,100.5,0,,,True,,1,day1,MATCHED,D1:wor:44,44,44,results.zip/day1.xlsx,workbook,4.07845,204.669,43,True,24.7871,34.9311,113.55,0.245,0,113.55,0.15,263.159,31563.2,False,3407.03,0.00790563,INTERPOLATED,561,579,-0.671554,0.00805284,0,True,1,-0.671554,1.78,0.0235262,0.549442,-0.145638,-0.294909,-0.309836,-0.324763,-0.332226,-0.33969,-0.344914,-0.347153,-0.354617,-0.369544,0.0469852,0.0305765
563,CG6-0640,2026-01-16,1,45,field,CG6-0640|2026-01-16|L1|S45,2026-01-16 12:27:47,2026-01-16 12:28:47,2026-01-16 12:28:17.000000,2,2,3406.37,0.000316664,0.000158332,0.00135093,24.788,34.9293,107.8,0.706651,,,True,,1,day1,MATCHED,D1:wor:45,45,45,results.zip/day1.xlsx,workbook,1.10475,189.98,46,True,24.788,34.9293,115.683,0.248,0,115.683,0.15,465.572,31436.2,False,3407.03,0.00789946,INTERPOLATED,561,579,-0.659761,0.00801414,0,True,1,-0.659761,3.913,0.082886,1.20785,0.465199,0.137055,0.104241,0.0714265,0.0550193,0.038612,0.027127,0.0222048,0.00579763,-0.0270168,0.0469786,0.0305663
564,CG6-0640,2026-01-16,1,46,field,CG6-0640|2026-01-16|L1|S46,2026-01-16 12:31:59,2026-01-16 12:32:59,2026-01-16 12:32:29.000000,2,2,3405.55,0.00479615,0.00239808,0.00239808,24.789,34.9279,110.4,0,,,True,,1,day1,MATCHED,D1:wor:46,46,46,results.zip/day1.xlsx,workbook,5.4415,184.132,45,True,24.789,34.9279,117.009,0.315,0,117.009,0.15,640.516,31298.8,False,3407.03,0.00789578,INTERPOLATED,561,579,-1.47722,0.00825191,0,True,1,-1.47722,5.239,0.156445,1.61715,-0.0165175,-0.45586,-0.499794,-0.543729,-0.565696,-0.587663,-0.60304,-0.60963,-0.631597,-0.675531,0.0470198,0.0306295
565,CG6-0640,2026-01-16,1,47,field,CG6-0640|2026-01-16|L1|S47,2026-01-16 12:36:40,2026-01-16 12:37:40,2026-01-16 12:37:10.000000,2,2,3405.74,0.00231121,0.0011556,0.00156924,24.7895,34.9258,109.8,0.333585,,,True,,1,day1,MATCHED,D1:wor:47,47,47,results.zip/day1.xlsx,workbook,5.82546,187.73,48,True,24.7896,34.9258,119.731,0.268,0,119.731,0.15,857.207,31206.5,False,3407.03,0.00789209,INTERPOLATED,561,579,-1.28265,0.00804658,0,True,1,-1.28265,7.961,0.192787,2.45736,0.98192,0.314311,0.24755,0.180789,0.147409,0.114028,0.0906617,0.0806476,0.0472671,-0.0194938,0.0469842,0.0305749
566,CG6-0640,2026-01-16,1,48,field,CG6-0640|2026-01-16|L1|S48,2026-01-16 12:41:00,2026-01-16 12:42:00,2026-01-16 12:41:30.000000,2,2,3405.55,0.000325829,0.000162914,0.00138293,24.7894,34.924,112.7,0,,,True,,1,day1,MATCHED,D1:wor:48,48,48,results.zip/day1.xlsx,workbook,3.67857,180.782,47,True,24.7894,34.924,121.281,0.237,0,121.281,0.15,1026.91,31195.5,False,3407.03,0.00788906,INTERPOLATED,561,579,-1.47178,0.00800936,0,True,1,-1.47178,9.511,0.182602,2.93581,1.28143,0.483837,0.404077,0.324318,0.284439,0.244559,0.216643,0.204679,0.1648,0.0850404,0.0469778,0.0305651
567,CG6-0640,2026-01-16,1,49,field,CG6-0640|2026-01-16|L1|S49,2026-01-16 12:45:18,2026-01-16 12:46:18,2026-01-16 12:45:48.000000,2,2,3405.34,0.002941,0.0014705,0.0014705,24.7896,34.9219,109.4,0,,,True,,1,day1,MATCHED,D1:wor:49,49,49,results.zip/day1.xlsx,workbook,1.54099,206.734,48,True,24.7896,34.922,122.869,0.24,0,122.869,0.15,1232.97,31143.8,False,3407.03,0.00788643,INTERPOLATED,561,579,-1.68592,0.00802236,0,True,1,-1.68592,11.099,0.193492,3.42598,1.54656,0.615802,0.522725,0.429649,0.383111,0.336573,0.303996,0.290035,0.243497,0.15042,0.04698,0.0305685
568,CG6-0640,2026-01-16,1,50,field,CG6-0640|2026-01-16|L1|S50,2026-01-16 12:50:04,2026-01-16 12:51:04,2026-01-16 12:50:34.000000,2,2,3405.1,0.00175858,0.00087929,0.00155563,24.7908,34.9202,107,0,,,True,,1,day1,MATCHED,D1:wor:50,50,50,results.zip/day1.xlsx,workbook,3.10869,185.848,51,True,24.7907,34.9202,125.58,0.295,0,125.58,0.15,1441.92,30988.5,False,3407.03,0.00788395,INTERPOLATED,561,579,-1.93061,0.00803596,0,True,1,-1.93061,13.81,0.273888,4.26279,2.05829,0.900188,0.784378,0.668567,0.610662,0.552756,0.512223,0.494851,0.436946,0.321135,0.0469823,0.0305721
569,CG6-0640,2026-01-16,1,51,field,CG6-0640|2026-01-16|L1|S51,2026-01-16 12:54:24,2026-01-16 12:55:24,2026-01-16 12:54:54.000000,2,2,3404.6,0.000975218,0.000487609,0.00157003,24.7918,34.9187,112.15,0,,,True,,1,day1,MATCHED,D1:wor:51,51,51,results.zip/day1.xlsx,workbook,1.48451,189.131,50,True,24.7918,34.9187,127.816,0.244,0,127.816,0.15,1618.61,30856.5,False,3407.03,0.0078821,INTERPOLATED,561,579,-2.42543,0.00803694,0,True,1,-2.42543,16.046,0.344136,4.95299,2.18343,0.837809,0.703247,0.568685,0.501404,0.434123,0.387027,0.366842,0.299562,0.165,0.0469825,0.0305723
570,CG6-0640,2026-01-16,1,52,field,CG6-0640|2026-01-16|L1|S52,2026-01-16 12:59:05,2026-01-16 13:00:05,2026-01-16 12:59:35.000000,2,2,3404.08,0.00349387,0.00174694,0.00174694,24.7929,34.917,106.6,0,,,True,,1,day1,MATCHED,D1:wor:52,52,52,results.zip/day1.xlsx,workbook,5.50382,208.835,51,True,24.7928,34.917,129.412,0.226,0,129.412,0.15,1821,30714.9,False,3407.03,0.00788052,INTERPOLATED,561,579,-2.95108,0.00807182,0,True,1,-2.95108,17.642,0.416393,5.44563,2.07816,0.598697,0.450752,0.302806,0.228833,0.15486,0.103079,0.0808871,0.00691422,-0.141032,0.0469885,0.0305815
571,CG6-0640,2026-01-16,1,53,field,CG6-0640|2026-01-16|L1|S53,2026-01-16 13:04:05,2026-01-16 13:05:05,2026-01-16 13:04:35.000000,2,2,3403.82,0.00351452,0.00175726,0.00194743,24.7932,34.915,119.5,0,,,True,,1,day1,MATCHED,D1:wor:53,53,53,results.zip/day1.xlsx,workbook,4.14021,185.914,54,True,24.7932,34.915,131.776,0.22,0,131.776,0.15,2024.32,30651.4,False,3407.03,0.00787932,INTERPOLATED,561,579,-3.20385,0.00811641,0,True,1,-3.20385,20.006,0.442484,6.17533,2.529,0.851296,0.683526,0.515755,0.43187,0.347985,0.289265,0.2641,0.180215,0.0124445,0.0469962,0.0305933
572,CG6-0640,2026-01-16,1,54,field,CG6-0640|2026-01-16|L1|S54,2026-01-16 13:08:26,2026-01-16 13:09:26,2026-01-16 13:08:56.000000,2,2,3403.46,0.00333308,0.00166654,0.00166654,24.793,34.9132,113,0,,,True,,1,day1,MATCHED,D1:wor:54,54,54,results.zip/day1.xlsx,workbook,4.09129,181.018,53,True,24.7931,34.9132,133.384,0.198,0,133.384,0.15,2192.5,30645.5,False,3407.03,0.00787868,INTERPOLATED,561,579,-3.56232,0.00805301,0,True,1,-3.56232,21.614,0.435189,6.67168,2.67417,0.861621,0.680366,0.499111,0.408483,0.317856,0.254417,0.227228,0.136601,-0.0446542,0.0469853,0.0305766
573,CG6-0640,2026-01-16,1,55,field,CG6-0640|2026-01-16|L1|S55,2026-01-16 13:13:06,2026-01-16 13:14:06,2026-01-16 13:13:36.000000,2,2,3403.21,0.00415358,0.00207679,0.00207679,24.7931,34.9112,124.1,0,,,True,,1,day1,MATCHED,D1:wor:55,55,55,results.zip/day1.xlsx,workbook,1.50214,190.489,56,True,24.7931,34.9112,135.261,0.209,0,135.261,0.15,2383.9,30615.5,False,3407.03,0.00787843,INTERPOLATED,561,579,-3.81704,0.00814756,0,True,1,-3.81704,23.491,0.437357,7.25106,2.99665,1.0267,0.829704,0.632708,0.53421,0.435712,0.366764,0.337215,0.238717,0.0417214,0.0470016,0.0306016
574,CG6-0640,2026-01-16,1,56,field,CG6-0640|2026-01-16|L1|S56,2026-01-16 13:18:15,2026-01-16 13:19:15,2026-01-16 13:18:45.000000,2,2,3402.71,0.000123087,6.15437e-05,0.00124197,24.7939,34.9095,120,0,,,True,,1,day1,MATCHED,D1:wor:56,56,56,results.zip/day1.xlsx,workbook,2.01292,188.501,55,True,24.7939,34.9095,137.681,0.238,0,137.681,0.15,2571.15,30511.3,False,3407.03,0.00787865,INTERPOLATED,561,579,-4.31427,0.00797594,0,True,1,-4.31427,25.911,0.492046,7.99804,3.19172,1.01883,0.801535,0.584246,0.475601,0.366956,0.290905,0.258311,0.149667,-0.0676231,0.0469721,0.0305564
575,CG6-0640,2026-01-16,1,57,field,CG6-0640|2026-01-16|L1|S57,2026-01-16 13:23:10,2026-01-16 13:24:10,2026-01-16 13:23:40.000000,2,2,3402.54,0.00429985,0.00214993,0.00214993,24.7957,34.9091,122.5,0,,,True,,1,day1,MATCHED,D1:wor:57,57,57,results.zip/day1.xlsx,workbook,5.82013,199.596,58,True,24.7957,34.9091,139.431,0.309,0,139.431,0.15,2682.8,30305.3,False,3407.03,0.00787937,INTERPOLATED,561,579,-4.48871,0.00816741,0,True,1,-4.48871,27.661,0.612488,8.53822,3.43701,1.11736,0.885396,0.653431,0.537449,0.421466,0.340278,0.305484,0.189501,-0.0424642,0.047005,0.0306069
576,CG6-0640,2026-01-16,1,58,field,CG6-0640|2026-01-16|L1|S58,2026-01-16 13:27:38,2026-01-16 13:28:38,2026-01-16 13:28:08.000000,2,2,3402.33,0.0016212,0.000810601,0.00168003,24.7976,34.9092,120.2,0,,,True,,1,day1,MATCHED,D1:wor:58,58,58,results.zip/day1.xlsx,workbook,11.6489,185.11,59,True,24.7975,34.9091,141.448,0.252,0,141.448,0.15,2758.39,30097.4,False,3407.03,0.00788044,INTERPOLATED,561,579,-4.69217,0.00805753,0,True,1,-4.69217,29.678,0.739196,9.1608,3.72944,1.24064,0.991765,0.742885,0.618445,0.494005,0.406897,0.369565,0.245125,-0.0037543,0.046986,0.0305778
577,CG6-0640,2026-01-16,1,59,field,CG6-0640|2026-01-16|L1|S59,2026-01-16 13:34:56,2026-01-16 13:35:56,2026-01-16 13:35:26.000000,2,2,3402.01,0.002957,0.0014785,0.0014785,24.7992,34.9084,126.75,0,,,True,,1,day1,MATCHED,D1:wor:59,59,59,results.zip/day1.xlsx,workbook,7.32139,199.468,58,True,24.7991,34.9084,143.841,0.226,0,143.841,0.15,2909.67,29916.2,False,3407.03,0.00788306,INTERPOLATED,561,579,-5.0132,0.00802051,0,True,1,-5.0132,32.071,0.848604,9.89945,4.03765,1.34817,1.07923,0.81028,0.675806,0.541332,0.447201,0.406859,0.272385,0.00343766,0.0469797,0.030568
578,CG6-0640,2026-01-16,1,60,field,CG6-0640|2026-01-16|L1|S60,2026-01-16 13:42:03,2026-01-16 13:43:03,2026-01-16 13:42:33.000000,2,2,3401.76,0.00209293,0.00104646,0.00296184,24.8009,34.9075,130.9,0,,,True,,1,day1,MATCHED,D1:wor:60,60,60,results.zip/day1.xlsx,workbook,4.88509,218.291,59,True,24.8009,34.9075,145.758,0.253,0,145.758,0.15,3080.24,29715.2,False,3407.03,0.00788665,INTERPOLATED,561,579,-5.26117,0.00842447,0,True,1,-5.26117,33.988,0.969697,10.4912,4.2603,1.41007,1.12505,0.840024,0.697512,0.555001,0.455242,0.412489,0.269977,-0.0150462,0.0470504,0.0306765
583,CG6-0640,2026-01-17,1,61,field,CG6-0640|2026-01-17|L1|S61,2026-01-17 09:29:50,2026-01-17 09:29:50,2026-01-17 09:29:50.000000,1,1,3401.15,,,0.0016,24.8023,34.906,137.8,0,,,True,SINGLE_READING;,2,day2,MATCHED,D2:wor:1-61,1-61,1-61,results.zip/day2.xlsx,workbook,4.09367,220.375,1-62,True,24.8022,34.9061,147.993,,0,147.993,0.15,3287.23,29550.5,False,3407.02,0.00787267,INTERPOLATED,582,613,-5.86304,0.00803361,0,True,1,-5.86304,36.223,1.06471,11.1811,4.2533,1.21564,0.911876,0.60811,0.456227,0.304344,0.198026,0.152461,0.000577722,-0.303188,0.0469819,0.0305715
584,CG6-0640,2026-01-17,1,62,field,CG6-0640|2026-01-17|L1|S62,2026-01-17 09:33:01,2026-01-17 09:33:01,2026-01-17 09:33:01.000000,1,1,3400.62,,,0.0031,24.8037,34.9045,134.3,0,,,True,SINGLE_READING;,2,day2,MATCHED,D2:wor:1-62,1-62,1-62,results.zip/day2.xlsx,workbook,4.18371,181.076,1-63,True,24.8037,34.9045,150.24,,0,150.24,0.15,3505.79,29376.7,False,3407.02,0.00787186,INTERPOLATED,582,613,-6.39253,0.00846027,0,True,1,-6.39253,38.47,1.16222,11.8746,4.31988,1.09379,0.771176,0.448567,0.287262,0.125957,0.0130438,-0.0353476,-0.196652,-0.519262,0.0470568,0.0306863
585,CG6-0640,2026-01-17,1,63,field,CG6-0640|2026-01-17|L1|S63,2026-01-17 09:36:03,2026-01-17 09:36:03,2026-01-17 09:36:03.000000,1,1,3400.79,,,0.0016,24.8043,34.9027,129.7,0,,,True,SINGLE_READING;,2,day2,MATCHED,D2:wor:1-63,1-63,1-63,results.zip/day2.xlsx,workbook,7.11872,180.892,1-64,True,24.8043,34.9028,151.76,,0,151.76,0.15,3691.17,29288.8,False,3407.02,0.00787114,INTERPOLATED,582,613,-6.22943,0.00803212,0,True,1,-6.22943,39.99,1.20856,12.3438,4.90582,1.55225,1.2169,0.881542,0.713864,0.546186,0.428811,0.378508,0.21083,-0.124527,0.0469817,0.0305711
586,CG6-0640,2026-01-17,1,64,field,CG6-0640|2026-01-17|L1|S64,2026-01-17 09:39:18,2026-01-17 09:39:18,2026-01-17 09:39:18.000000,1,1,3400.39,,,0.0016,24.8048,34.901,128.1,0,,,True,SINGLE_READING;,2,day2,MATCHED,D2:wor:1-64,1-64,1-64,results.zip/day2.xlsx,workbook,5.87098,192.753,1-63,True,24.8047,34.901,154.068,,0,154.068,0.15,3868.65,29227.5,False,3407.02,0.00787045,INTERPOLATED,582,613,-6.63053,0.00803144,0,True,1,-6.63053,42.298,1.23515,13.0562,5.19053,1.64342,1.28871,0.934,0.756645,0.579289,0.45514,0.401933,0.224578,-0.130133,0.0469816,0.0305709
587,CG6-0640,2026-01-17,1,65,field,CG6-0640|2026-01-17|L1|S65,2026-01-17 09:42:46,2026-01-17 09:42:46,2026-01-17 09:42:46.000000,1,1,3399.66,,,0.0018,24.8051,34.8986,132.1,0,,,True,SINGLE_READING;,2,day2,MATCHED,D2:wor:1-65,1-65,1-65,results.zip/day2.xlsx,workbook,4.546,160.9,1-66,True,24.805,34.8986,156.237,,0,156.237,0.15,4090.23,29175.6,False,3407.02,0.00786978,INTERPOLATED,582,613,-7.36206,0.00807301,0,True,1,-7.36206,44.467,1.25669,13.7257,5.10698,1.37797,1.00507,0.632173,0.445723,0.259272,0.128757,0.0728223,-0.113628,-0.486528,0.0469887,0.0305818
588,CG6-0640,2026-01-17,1,66,field,CG6-0640|2026-01-17|L1|S66,2026-01-17 09:45:40,2026-01-17 09:45:40,2026-01-17 09:45:40.000000,1,1,3399.53,,,0.0016,24.8056,34.8971,131.1,0,,,True,SINGLE_READING;,2,day2,MATCHED,D2:wor:1-66,1-66,1-66,results.zip/day2.xlsx,workbook,3.69277,168.5,1-65,True,24.8056,34.8971,158.23,,0,158.23,0.15,4252.74,29107,False,3407.02,0.00786928,INTERPOLATED,582,613,-7.48814,0.00803029,0,True,1,-7.48814,46.46,1.29362,14.3409,5.55913,1.663,1.27338,0.88377,0.688964,0.494157,0.357792,0.29935,0.104543,-0.28507,0.0469814,0.0305706
589,CG6-0640,2026-01-17,1,67,field,CG6-0640|2026-01-17|L1|S67,2026-01-17 09:48:50,2026-01-17 09:48:50,2026-01-17 09:48:50.000000,1,1,3399.17,,,0.0029,24.8068,34.8947,110.8,0,,TILT_GT_20,True,SINGLE_READING;,2,day2,MATCHED,D2:wor:1-67,1-67,1-67,results.zip/day2.xlsx,workbook,8.53647,139.117,1-68,True,24.8067,34.8947,160.966,,0,160.966,0.15,4527.82,28960.2,False,3407.02,0.0078688,INTERPOLATED,582,613,-7.84526,0.00838618,0,True,1,-7.84526,49.196,1.37192,15.1854,5.96823,1.84265,1.4301,1.01754,0.81126,0.604982,0.460586,0.398703,0.192424,-0.220134,0.0470435,0.030666
590,CG6-0640,2026-01-17,1,68,field,CG6-0640|2026-01-17|L1|S68,2026-01-17 09:52:57,2026-01-17 09:52:57,2026-01-17 09:52:57.000000,1,1,3399.1,,,0.0032,24.8075,34.8935,111.6,0,,,True,SINGLE_READING;,2,day2,MATCHED,D2:wor:1-68,1-68,1-68,results.zip/day2.xlsx,workbook,8.76894,155.628,1-67,True,24.8074,34.8935,162.741,,0,162.741,0.15,4675.11,28871.9,False,3407.02,0.00786828,INTERPOLATED,582,613,-7.91619,0.0084941,0,True,1,-7.91619,50.971,1.42252,15.7333,6.3946,2.12017,1.69273,1.26528,1.05156,0.83784,0.688235,0.624119,0.410397,-0.0170454,0.0470629,0.0306957
591,CG6-0640,2026-01-17,1,69,field,CG6-0640|2026-01-17|L1|S69,2026-01-17 09:56:00,2026-01-17 09:56:00,2026-01-17 09:56:00.000000,1,1,3398.98,,,0.0063,24.8087,34.892,143.4,0,,,True,SINGLE_READING;,2,day2,MATCHED,D2:wor:1-69,1-69,1-69,results.zip/day2.xlsx,workbook,3.48808,181.801,1-70,True,24.8086,34.892,164.661,,0,164.661,0.15,4866.52,28734.6,False,3407.02,0.00786796,INTERPOLATED,582,613,-8.03717,0.0100794,0,True,1,-8.03717,52.891,1.50463,16.3259,6.78415,2.34871,1.90517,1.46162,1.23985,1.01808,0.862839,0.796308,0.574536,0.130992,0.0473747,0.0311716
592,CG6-0640,2026-01-17,1,70,field,CG6-0640|2026-01-17|L1|S70,2026-01-17 09:59:55,2026-01-17 09:59:55,2026-01-17 09:59:55.000000,1,1,3398.34,,,0.0036,24.8097,34.8906,161.9,0,,,True,SINGLE_READING;,2,day2,MATCHED,D2:wor:1-70,1-70,1-70,results.zip/day2.xlsx,workbook,1.98662,186.283,1-69,True,24.8097,34.8906,166.972,,0,166.972,0.15,5048.24,28614.8,False,3407.02,0.00786763,INTERPOLATED,582,613,-8.68014,0.00865215,0,True,1,-8.68014,55.202,1.57544,17.0393,6.78369,2.15445,1.69153,1.2286,0.997142,0.76568,0.603657,0.534218,0.302756,-0.160168,0.0470917,0.0307398
593,CG6-0640,2026-01-17,1,71,field,CG6-0640|2026-01-17|L1|S71,2026-01-17 10:04:18,2026-01-17 10:04:18,2026-01-17 10:04:18.000000,1,1,3397.65,,,0.0035,24.8107,34.889,161.3,0,,,True,SINGLE_READING;,2,day2,MATCHED,D2:wor:1-71,1-71,1-71,results.zip/day2.xlsx,workbook,3.81542,187.547,1-72,True,24.8107,34.889,168.807,,0,168.807,0.15,5244.37,28496,False,3407.02,0.00786739,INTERPOLATED,582,613,-9.37357,0.0086108,0,True,1,-9.37357,57.037,1.64362,17.6057,6.58848,1.80536,1.32705,0.848738,0.609581,0.370425,0.203016,0.131269,-0.107887,-0.586199,0.0470841,0.0307282
594,CG6-0640,2026-01-17,1,72,field,CG6-0640|2026-01-17|L1|S72,2026-01-17 10:08:07,2026-01-17 10:08:07,2026-01-17 10:08:07.000000,1,1,3397.17,,,0.001,24.8109,34.8871,155,0,,,True,SINGLE_READING;,2,day2,MATCHED,D2:wor:1-72,1-72,1-72,results.zip/day2.xlsx,workbook,2.05405,190.109,1-71,True,24.8108,34.8871,171.258,,0,171.258,0.15,5416.06,28470.3,False,3407.02,0.00786728,INTERPOLATED,582,613,-9.85613,0.00793058,0,True,1,-9.85613,59.488,1.65628,18.3622,6.8498,1.86114,1.36227,0.863408,0.613975,0.364542,0.189938,0.115108,-0.134325,-0.633191,0.0469644,0.0305445
595,CG6-0640,2026-01-17,1,73,field,CG6-0640|2026-01-17|L1|S73,2026-01-17 10:12:06,2026-01-17 10:12:06,2026-01-17 10:12:06.000000,1,1,3396.44,,,0.0049,24.8109,34.8851,158.8,0,,,True,SINGLE_READING;,2,day2,MATCHED,D2:wor:1-73,1-73,1-73,results.zip/day2.xlsx,workbook,2.20677,208.078,1-72,True,24.8109,34.8851,173.099,,0,173.099,0.15,5600.64,28456.4,False,3407.02,0.00786727,INTERPOLATED,582,613,-10.5792,0.00926844,0,True,1,-10.5792,61.329,1.66097,18.9305,6.69028,1.54723,1.03292,0.51862,0.261467,0.00431476,-0.175692,-0.252838,-0.50999,-1.0243,0.0472088,0.0309189
596,CG6-0640,2026-01-17,1,74,field,CG6-0640|2026-01-17|L1|S74,2026-01-17 10:16:00,2026-01-17 10:16:00,2026-01-17 10:16:00.000000,1,1,3396.02,,,0.0032,24.8105,34.8829,161.9,0,,,True,SINGLE_READING;,2,day2,MATCHED,D2:wor:1-74,1-74,1-74,results.zip/day2.xlsx,workbook,2.97374,192.369,1-75,True,24.8105,34.8829,175.752,,0,175.752,0.15,5776.18,28497.7,False,3407.02,0.00786736,INTERPOLATED,582,613,-11.0071,0.00849325,0,True,1,-11.0071,63.982,1.63187,19.7494,7.11035,1.74482,1.20827,0.671714,0.403437,0.135161,-0.0526328,-0.133116,-0.401392,-0.937945,0.0470627,0.0306954
597,CG6-0640,2026-01-17,1,75,field,CG6-0640|2026-01-17|L1|S75,2026-01-17 10:19:05,2026-01-17 10:19:05,2026-01-17 10:19:05.000000,1,1,3396.01,,,0.0016,24.8095,34.8814,166.6,0,,,True,SINGLE_READING;,2,day2,MATCHED,D2:wor:1-75,1-75,1-75,results.zip/day2.xlsx,workbook,2.78446,187.404,1-74,True,24.8095,34.8814,177.746,,0,177.746,0.15,5859.11,28611.5,False,3407.02,0.0078675,INTERPOLATED,582,613,-11.0165,0.00802854,0,True,1,-11.0165,65.976,1.5602,20.3648,7.78813,2.25538,1.7021,1.14883,0.872192,0.595555,0.401909,0.318918,0.0422802,-0.510995,0.0469811,0.0305701
598,CG6-0640,2026-01-17,1,76,field,CG6-0640|2026-01-17|L1|S76,2026-01-17 10:23:19,2026-01-17 10:23:19,2026-01-17 10:23:19.000000,1,1,3395.58,,,0.0026,24.8083,34.88,169.9,0,,,True,SINGLE_READING;,2,day2,MATCHED,D2:wor:1-76,1-76,1-76,results.zip/day2.xlsx,workbook,5.11594,186.632,1-75,True,24.8083,34.88,179.547,,0,179.547,0.15,5928.65,28740.9,False,3407.03,0.00786779,INTERPOLATED,582,613,-11.4417,0.00828626,0,True,1,-11.4417,67.777,1.47877,20.9208,8.00028,2.3165,1.74813,1.17975,0.895559,0.61137,0.412437,0.327181,0.0429918,-0.525386,0.0470258,0.0306388
599,CG6-0640,2026-01-17,1,77,field,CG6-0640|2026-01-17|L1|S77,2026-01-17 10:26:47,2026-01-17 10:26:47,2026-01-17 10:26:47.000000,1,1,3395.52,,,0.0018,24.8073,34.8786,171.4,0,,,True,SINGLE_READING;,2,day2,MATCHED,D2:wor:1-77,1-77,1-77,results.zip/day2.xlsx,workbook,4.53084,181.643,1-76,True,24.8072,34.8786,181.285,,0,181.285,0.15,6019.08,28855,False,3407.03,0.00786811,INTERPOLATED,582,613,-11.5108,0.00807138,0,True,1,-11.5108,69.515,1.40701,21.4572,8.53945,2.70992,2.12697,1.54402,1.25254,0.961065,0.757032,0.669589,0.378113,-0.20484,0.0469884,0.0305814
600,CG6-0640,2026-01-17,1,78,field,CG6-0640|2026-01-17|L1|S78,2026-01-17 10:30:17,2026-01-17 10:30:17,2026-01-17 10:30:17.000000,1,1,3395.85,,,0.0024,24.8068,34.8769,172.8,0,,,True,SINGLE_READING;,2,day2,MATCHED,D2:wor:1-78,1-78,1-78,results.zip/day2.xlsx,workbook,4.94082,176.839,1-77,True,24.8068,34.8768,184.226,,0,184.226,0.15,6161.95,28901.8,False,3407.03,0.00786852,INTERPOLATED,582,613,-11.1801,0.0082264,0,True,1,-11.1801,72.456,1.37806,22.365,9.80686,3.7307,3.12309,2.51547,2.21166,1.90786,1.69519,1.60405,1.30024,0.692623,0.0470153,0.0306227
601,CG6-0640,2026-01-17,1,79,field,CG6-0640|2026-01-17|L1|S79,2026-01-17 10:34:10,2026-01-17 10:34:10,2026-01-17 10:34:10.000000,1,1,3395.76,,,0.0019,24.8081,34.8753,180.6,0,,,True,SINGLE_READING;,2,day2,MATCHED,D2:wor:1-79,1-79,1-79,results.zip/day2.xlsx,workbook,5.16747,210.8,1-78,True,24.808,34.8753,186.561,,0,186.561,0.15,6360.68,28768,False,3407.03,0.00786907,INTERPOLATED,582,613,-11.2677,0.0080952,0,True,1,-11.2677,74.791,1.46095,23.0857,10.3571,4.08516,3.45796,2.83076,2.51717,2.20357,1.98405,1.88997,1.57637,0.949172,0.0469925,0.0305877
602,CG6-0640,2026-01-17,1,80,field,CG6-0640|2026-01-17|L1|S80,2026-01-17 10:38:13,2026-01-17 10:38:13,2026-01-17 10:38:13.000000,1,1,3395.44,,,0.0017,24.8093,34.8736,181.5,0,,,True,SINGLE_READING;,2,day2,MATCHED,D2:wor:1-80,1-80,1-80,results.zip/day2.xlsx,workbook,6.95918,178.606,1-81,True,24.8092,34.8736,188.807,,0,188.807,0.15,6568.84,28635,False,3407.03,0.00786974,INTERPOLATED,582,613,-11.5914,0.00805126,0,True,1,-11.5914,77.037,1.54322,23.779,10.6444,4.18408,3.53805,2.89202,2.569,2.24599,2.01987,1.92297,1.59995,0.953921,0.046985,0.0305761
603,CG6-0640,2026-01-17,1,81,field,CG6-0640|2026-01-17|L1|S81,2026-01-17 10:41:43,2026-01-17 10:41:43,2026-01-17 10:41:43.000000,1,1,3395.41,,,0.0054,24.8099,34.8719,181.7,0,,,True,SINGLE_READING;,2,day2,MATCHED,D2:wor:1-81,1-81,1-81,results.zip/day2.xlsx,workbook,9.79569,185.511,1-80,True,24.8098,34.8719,190.946,,0,190.946,0.15,6752.46,28564.3,False,3407.03,0.00787041,INTERPOLATED,582,613,-11.6152,0.00954481,0,True,1,-11.6152,79.176,1.58699,24.4392,11.237,4.59731,3.93334,3.26937,2.93738,2.6054,2.37301,2.27341,1.94143,1.27746,0.0472638,0.0310029
604,CG6-0640,2026-01-17,1,82,field,CG6-0640|2026-01-17|L1|S82,2026-01-17 10:45:52,2026-01-17 10:45:52,2026-01-17 10:45:52.000000,1,1,3395.26,,,0.0021,24.8103,34.8699,176.1,0,,,True,SINGLE_READING;,2,day2,MATCHED,D2:wor:1-82,1-82,1-82,results.zip/day2.xlsx,workbook,6.07336,178.266,1-83,True,24.8103,34.87,193.248,,0,193.248,0.15,6955.69,28531.1,False,3407.03,0.00787131,INTERPOLATED,582,613,-11.7653,0.00814662,0,True,1,-11.7653,81.478,1.61752,25.1498,11.767,4.93421,4.25094,3.56766,3.22603,2.88439,2.64524,2.54275,2.20111,1.51784,0.0470014,0.0306013
605,CG6-0640,2026-01-17,1,83,field,CG6-0640|2026-01-17|L1|S83,2026-01-17 10:49:39,2026-01-17 10:49:39,2026-01-17 10:49:39.000000,1,1,3395.14,,,0.0032,24.8117,34.8688,187,0,,,True,SINGLE_READING;,2,day2,MATCHED,D2:wor:1-83,1-83,1-83,results.zip/day2.xlsx,workbook,10.4026,181.147,1-84,True,24.8116,34.8689,195.582,,0,195.582,0.15,7113.26,28380,False,3407.03,0.00787222,INTERPOLATED,582,613,-11.8905,0.00849776,0,True,1,-11.8905,83.812,1.70556,25.8702,12.2741,5.24566,4.54281,3.83996,3.48854,3.13712,2.89112,2.78569,2.43427,1.73142,0.0470635,0.0306967
606,CG6-0640,2026-01-17,1,84,field,CG6-0640|2026-01-17|L1|S84,2026-01-17 10:54:23,2026-01-17 10:54:23,2026-01-17 10:54:23.000000,1,1,3394.85,,,0.0018,24.8121,34.8671,189.7,0,,,True,SINGLE_READING;,2,day2,MATCHED,D2:wor:1-84,1-84,1-84,results.zip/day2.xlsx,workbook,4.79681,185.403,1-83,True,24.8121,34.8671,198.247,,0,198.247,0.15,7292.96,28334.5,False,3407.03,0.00787349,INTERPOLATED,582,613,-12.183,0.00807663,0,True,1,-12.183,86.477,1.74097,26.6928,12.7688,5.51684,4.79164,4.06644,3.70385,3.34125,3.08743,2.97865,2.61605,1.89086,0.0469893,0.0305828
607,CG6-0640,2026-01-17,1,85,field,CG6-0640|2026-01-17|L1|S85,2026-01-17 10:57:50,2026-01-17 10:57:50,2026-01-17 10:57:50.000000,1,1,3394.57,,,0.0017,24.8114,34.8652,180.9,0,,,True,SINGLE_READING;,2,day2,MATCHED,D2:wor:1-85,1-85,1-85,results.zip/day2.xlsx,workbook,3.37477,205.869,1-84,True,24.8114,34.8652,200.496,,0,200.496,0.15,7437.62,28427.6,False,3407.03,0.00787451,INTERPOLATED,582,613,-12.4616,0.00805593,0,True,1,-12.4616,88.726,1.69118,27.387,13.2342,5.79363,5.04957,4.30552,3.93349,3.56146,3.30104,3.18943,2.81741,2.07335,0.0469858,0.0305773
608,CG6-0640,2026-01-17,1,86,field,CG6-0640|2026-01-17|L1|S86,2026-01-17 11:01:46,2026-01-17 11:01:46,2026-01-17 11:01:46.000000,1,1,3394.02,,,0.0016,24.8111,34.863,192.1,0,,,True,SINGLE_READING;,2,day2,MATCHED,D2:wor:1-86,1-86,1-86,results.zip/day2.xlsx,workbook,5.67832,167.744,1-87,True,24.811,34.863,203.915,,0,203.915,0.15,7635.58,28471,False,3407.03,0.00787577,INTERPOLATED,582,613,-13.0081,0.00803665,0,True,1,-13.0081,92.145,1.66724,28.4423,13.7669,6.03966,5.26693,4.4942,4.10784,3.72147,3.45102,3.33511,2.94874,2.17602,0.0469825,0.0305723
609,CG6-0640,2026-01-17,1,87,field,CG6-0640|2026-01-17|L1|S87,2026-01-17 11:05:22,2026-01-17 11:05:22,2026-01-17 11:05:22.000000,1,1,3393.68,,,0.0022,24.8107,34.8614,202.4,0,,,True,SINGLE_READING;,2,day2,MATCHED,D2:wor:1-87,1-87,1-87,results.zip/day2.xlsx,workbook,4.37351,165.027,1-86,True,24.8107,34.8614,205.294,,0,205.294,0.15,7773.8,28519.3,False,3407.03,0.00787701,INTERPOLATED,582,613,-13.3495,0.00817847,0,True,1,-13.3495,93.524,1.64363,28.8679,13.8748,6.03184,5.24755,4.46325,4.07111,3.67896,3.40446,3.28682,2.89467,2.11038,0.0470069,0.0306098
610,CG6-0640,2026-01-17,1,88,field,CG6-0640|2026-01-17|L1|S88,2026-01-17 11:08:56,2026-01-17 11:08:56,2026-01-17 11:08:56.000000,1,1,3393.39,,,0.0036,24.8108,34.8593,206.8,0,,,True,SINGLE_READING;,2,day2,MATCHED,D2:wor:1-88,1-88,1-88,results.zip/day2.xlsx,workbook,6.2454,192.051,1-89,True,24.8107,34.8593,207.331,,0,207.331,0.15,7974.56,28526.7,False,3407.03,0.00787832,INTERPOLATED,582,613,-13.6398,0.00866187,0,True,1,-13.6398,95.561,1.64609,29.4967,14.2108,6.19705,5.39568,4.5943,4.19362,3.79293,3.51245,3.39224,2.99156,2.19018,0.0470934,0.0307425
611,CG6-0640,2026-01-17,1,89,field,CG6-0640|2026-01-17|L1|S89,2026-01-17 11:12:33,2026-01-17 11:12:33,2026-01-17 11:12:33.000000,1,1,3393.29,,,0.0021,24.8106,34.8574,204.6,0,,,True,SINGLE_READING;,2,day2,MATCHED,D2:wor:1-89,1-89,1-89,results.zip/day2.xlsx,workbook,1.85247,194.811,1-88,True,24.8106,34.8574,209.741,,0,209.741,0.15,8150.12,28558.4,False,3407.03,0.00787973,INTERPOLATED,582,613,-13.7457,0.00815477,0,True,1,-13.7457,97.971,1.63751,30.2405,14.8574,6.64151,5.81993,4.99834,4.58755,4.17676,3.8892,3.76597,3.35517,2.53359,0.0470028,0.0306035
612,CG6-0640,2026-01-17,1,90,field,CG6-0640|2026-01-17|L1|S90,2026-01-17 11:16:23,2026-01-17 11:16:23,2026-01-17 11:16:23.000000,1,1,3393.23,,,0.0016,24.8111,34.8552,204.3,0,,,True,SINGLE_READING;,2,day2,MATCHED,D2:wor:1-90,1-90,1-90,results.zip/day2.xlsx,workbook,5.70142,233.095,1-89,True,24.8111,34.8552,212.158,,0,212.158,0.15,8380.91,28516.5,False,3407.03,0.00788132,INTERPOLATED,582,613,-13.8063,0.00804209,0,True,1,-13.8063,100.388,1.67116,30.9866,15.5091,7.09054,6.24868,5.40683,4.9859,4.56498,4.27033,4.14405,3.72312,2.88127,0.0469834,0.0305737
614,CG6-0640,2026-01-17,1,91,field,CG6-0640|2026-01-17|L1|S91,2026-01-17 12:16:53,2026-01-17 12:16:53,2026-01-17 12:16:53.000000,1,1,3392.87,,,0.0016,24.8121,34.8528,201.7,0,,,True,SINGLE_READING;,2,day2,MATCHED,D2:wor:1-91,1-91,1-91,results.zip/day2.xlsx,workbook,6.69178,131.358,1-92,True,24.8121,34.8528,215.635,,0,215.635,0.15,8644.46,28422.6,False,3407.04,0.00788364,INTERPOLATED,613,634,-14.162,0.00804436,0,True,1,-14.162,103.865,1.74124,32.0598,16.1566,7.44644,6.57543,5.70442,5.26891,4.8334,4.52855,4.3979,3.96239,3.09138,0.0469838,0.0305743
615,CG6-0640,2026-01-17,1,92,field,CG6-0640|2026-01-17|L1|S92,2026-01-17 12:21:27,2026-01-17 12:21:27,2026-01-17 12:21:27.000000,1,1,3392.64,,,0.0011,24.8131,34.852,202.7,0,,,True,SINGLE_READING;,2,day2,MATCHED,D2:wor:1-92,1-92,1-92,results.zip/day2.xlsx,workbook,4.1281,139.273,1-91,True,24.8131,34.852,217.28,,0,217.28,0.15,8756.65,28325.2,False,3407.04,0.00788289,INTERPOLATED,613,634,-14.3975,0.00795927,0,True,1,-14.3975,105.51,1.808,32.5675,16.362,7.51396,6.62916,5.74435,5.30195,4.85954,4.54986,4.41714,3.97474,3.08993,0.0469693,0.030552
616,CG6-0640,2026-01-17,1,93,field,CG6-0640|2026-01-17|L1|S93,2026-01-17 12:25:31,2026-01-17 12:25:31,2026-01-17 12:25:31.000000,1,1,3392.91,,,0.0032,24.8138,34.85,201.1,0,,,True,SINGLE_READING;,2,day2,MATCHED,D2:wor:1-93,1-93,1-93,results.zip/day2.xlsx,workbook,5.09303,212.665,1-92,True,24.8138,34.85,220.281,,0,220.281,0.15,8969.05,28264.7,False,3407.04,0.00788248,INTERPOLATED,613,634,-14.1263,0.00850726,0,True,1,-14.1263,108.511,1.85649,33.4938,17.511,8.41132,7.50134,6.59137,6.13638,5.6814,5.36291,5.22641,4.77142,3.86145,0.0470652,0.0306993
617,CG6-0640,2026-01-17,1,94,field,CG6-0640|2026-01-17|L1|S94,2026-01-17 12:30:16,2026-01-17 12:30:16,2026-01-17 12:30:16.000000,1,1,3392.55,,,0.0022,24.8123,34.8477,193.9,0,,,True,SINGLE_READING;,2,day2,MATCHED,D2:wor:1-94,1-94,1-94,results.zip/day2.xlsx,workbook,5.81706,141.515,1-95,True,24.8123,34.8477,222.652,,0,222.652,0.15,9141.43,28451.5,False,3407.04,0.0078823,INTERPOLATED,613,634,-14.489,0.00818356,0,True,1,-14.489,110.882,1.75591,34.2257,17.9808,8.68219,7.75234,6.82248,6.35755,5.89263,5.56718,5.4277,4.96277,4.03291,0.0470078,0.0306112
618,CG6-0640,2026-01-17,1,95,field,CG6-0640|2026-01-17|L1|S95,2026-01-17 12:34:34,2026-01-17 12:34:34,2026-01-17 12:34:34.000000,1,1,3392.23,,,0.002,24.8116,34.8466,199.2,0,,,True,SINGLE_READING;,2,day2,MATCHED,D2:wor:1-95,1-95,1-95,results.zip/day2.xlsx,workbook,5.04635,131.22,1-94,True,24.8116,34.8466,225.093,,0,225.093,0.15,9223.69,28542.1,False,3407.04,0.00788243,INTERPOLATED,613,634,-14.8063,0.0081322,0,True,1,-14.8063,113.323,1.70705,34.9791,18.4657,8.96248,8.01215,7.06183,6.58666,6.1115,5.77888,5.63634,5.16117,4.21085,0.0469989,0.0305975
619,CG6-0640,2026-01-17,1,96,field,CG6-0640|2026-01-17|L1|S96,2026-01-17 12:38:46,2026-01-17 12:38:46,2026-01-17 12:38:46.000000,1,1,3391.62,,,0.0012,24.8101,34.8457,211.5,0,,,True,SINGLE_READING;,2,day2,MATCHED,D2:wor:1-96,1-96,1-96,results.zip/day2.xlsx,workbook,11.6571,192.274,1-95,True,24.81,34.8456,226.872,,0,226.872,0.15,9261.15,28725.8,False,3407.03,0.00788281,INTERPOLATED,613,634,-15.4135,0.00797363,0,True,1,-15.4135,115.102,1.59819,35.5282,18.5165,8.86403,7.89879,6.93354,6.45092,5.9683,5.63046,5.48568,5.00305,4.03781,0.0469717,0.0305557
620,CG6-0640,2026-01-17,1,97,field,CG6-0640|2026-01-17|L1|S97,2026-01-17 12:42:18,2026-01-17 12:42:18,2026-01-17 12:42:18.000000,1,1,3391.35,,,0.0019,24.8081,34.8458,210.3,0,,,True,SINGLE_READING;,2,day2,MATCHED,D2:wor:1-97,1-97,1-97,results.zip/day2.xlsx,workbook,11.3281,193.931,1-98,True,24.808,34.8457,229.616,,0,229.616,0.15,9192.54,28944.4,False,3407.03,0.00788333,INTERPOLATED,613,634,-15.6821,0.00810907,0,True,1,-15.6821,117.846,1.45894,36.3752,19.2341,9.35157,8.36331,7.37506,6.88093,6.3868,6.04091,5.89267,5.39854,4.41029,0.0469949,0.0305914
621,CG6-0640,2026-01-17,1,98,field,CG6-0640|2026-01-17|L1|S98,2026-01-17 12:46:00,2026-01-17 12:46:00,2026-01-17 12:46:00.000000,1,1,3390.73,,,0.0021,24.8064,34.8455,211.1,0,,,True,SINGLE_READING;,2,day2,MATCHED,D2:wor:1-98,1-98,1-98,results.zip/day2.xlsx,workbook,10.9491,174.948,1-97,True,24.8063,34.8454,232.41,,0,232.41,0.15,9171.24,29129.9,False,3407.03,0.00788408,INTERPOLATED,613,634,-16.3024,0.00815896,0,True,1,-16.3024,120.64,1.34698,37.2376,19.5882,9.47134,8.45965,7.44797,6.94212,6.43628,6.08219,5.93044,5.42459,4.4129,0.0470035,0.0306046
622,CG6-0640,2026-01-17,1,99,field,CG6-0640|2026-01-17|L1|S99,2026-01-17 12:50:03,2026-01-17 12:50:03,2026-01-17 12:50:03.000000,1,1,3390.43,,,0.0021,24.8048,34.8448,222.6,0,,,True,SINGLE_READING;,2,day2,MATCHED,D2:wor:1-99,1-99,1-99,results.zip/day2.xlsx,workbook,8.94078,181.689,1-98,True,24.8048,34.8447,234.171,,0,234.171,0.15,9204.59,29313.2,False,3407.03,0.00788511,INTERPOLATED,613,634,-16.6009,0.00815997,0,True,1,-16.6009,122.401,1.2386,37.7811,19.9416,9.67703,8.65057,7.62412,7.11089,6.59766,6.2384,6.08444,5.57121,4.54475,0.0470037,0.0306049
623,CG6-0640,2026-01-17,1,100,field,CG6-0640|2026-01-17|L1|S100,2026-01-17 12:54:22,2026-01-17 12:54:22,2026-01-17 12:54:22.000000,1,1,3389.94,,,0.0026,24.8037,34.8433,215.7,0,,,True,SINGLE_READING;,2,day2,MATCHED,D2:wor:1-100,1-100,1-100,results.zip/day2.xlsx,workbook,10.3463,187.995,1-99,True,24.8036,34.8432,237.16,,0,237.16,0.15,9325.59,29456.2,False,3407.03,0.00788649,INTERPOLATED,613,634,-17.0947,0.00830401,0,True,1,-17.0947,125.39,1.15873,38.7037,20.4502,9.93502,8.8835,7.83198,7.30622,6.78046,6.41243,6.2547,5.72894,4.67742,0.0470289,0.0306436
624,CG6-0640,2026-01-17,1,101,field,CG6-0640|2026-01-17|L1|S101,2026-01-17 12:58:19,2026-01-17 12:58:19,2026-01-17 12:58:19.000000,1,1,3389.53,,,0.003,24.8022,34.8422,216.8,0,,,True,SINGLE_READING;,2,day2,MATCHED,D2:wor:1-101,1-101,1-101,results.zip/day2.xlsx,workbook,8.68931,187.671,1-100,True,24.8021,34.8422,239.058,,0,239.058,0.15,9400.39,29633.4,False,3407.03,0.00788798,INTERPOLATED,613,634,-17.5076,0.00843921,0,True,1,-17.5076,127.288,1.05763,39.2895,20.7243,10.05,8.98252,7.91508,7.38136,6.84764,6.47404,6.31393,5.78021,4.71277,0.047053,0.0306805
625,CG6-0640,2026-01-17,1,102,field,CG6-0640|2026-01-17|L1|S102,2026-01-17 13:02:22,2026-01-17 13:02:22,2026-01-17 13:02:22.000000,1,1,3389.1,,,0.0015,24.8008,34.8406,228.1,0,,,True,SINGLE_READING;,2,day2,MATCHED,D2:wor:1-102,1-102,1-102,results.zip/day2.xlsx,workbook,11.5587,214.605,1-101,True,24.8008,34.8405,241.446,,0,241.446,0.15,9535.3,29803.8,False,3407.03,0.00788974,INTERPOLATED,613,634,-17.9325,0.00803107,0,True,1,-17.9325,129.676,0.962338,40.0266,21.1318,10.2572,9.16969,8.08223,7.53849,6.99476,6.61415,6.45103,5.9073,4.81984,0.0469815,0.0305708
626,CG6-0640,2026-01-17,1,103,field,CG6-0640|2026-01-17|L1|S103,2026-01-17 13:06:10,2026-01-17 13:06:10,2026-01-17 13:06:10.000000,1,1,3388.54,,,0.0027,24.7996,34.8389,227.1,0,,,True,SINGLE_READING;,2,day2,MATCHED,D2:wor:1-103,1-103,1-103,results.zip/day2.xlsx,workbook,11.4782,201.484,1-102,True,24.7996,34.8389,244.031,,0,244.031,0.15,9677.3,29957.3,False,3407.03,0.00789162,INTERPOLATED,613,634,-18.4942,0.00834072,0,True,1,-18.4942,132.261,0.879955,40.8245,21.4504,10.3589,9.24981,8.14066,7.58609,7.03152,6.64332,6.47695,5.92238,4.81324,0.0470354,0.0306536
627,CG6-0640,2026-01-17,1,104,field,CG6-0640|2026-01-17|L1|S104,2026-01-17 13:15:35,2026-01-17 13:15:35,2026-01-17 13:15:35.000000,1,1,3387.98,,,0.0015,24.798,34.8374,235.7,0,,,True,SINGLE_READING;,2,day2,MATCHED,D2:wor:1-104,1-104,1-104,results.zip/day2.xlsx,workbook,8.03462,118.114,42,True,24.798,34.8373,246.324,,0,246.324,0.15,9812.19,30154.9,False,3407.03,0.00789716,INTERPOLATED,613,634,-19.0466,0.00803836,0,True,1,-19.0466,134.554,0.771426,41.5322,21.7142,10.4305,9.30209,8.17372,7.60953,7.04535,6.65042,6.48116,5.91698,4.78861,0.0469828,0.0305727
628,CG6-0640,2026-01-17,1,105,field,CG6-0640|2026-01-17|L1|S105,2026-01-17 13:19:16,2026-01-17 13:19:16,2026-01-17 13:19:16.000000,1,1,3387.6,,,0.0017,24.7969,34.8362,228.7,0,,,True,SINGLE_READING;,2,day2,MATCHED,D2:wor:1-105,1-105,1-105,results.zip/day2.xlsx,workbook,6.05645,102.085,42,True,24.7969,34.8362,248.353,,0,248.353,0.15,9912.12,30292,False,3407.03,0.00789968,INTERPOLATED,613,634,-19.4282,0.00808053,0,True,1,-19.4282,136.583,0.69673,42.1585,22.0335,10.5797,9.43431,8.28892,7.71623,7.14354,6.74265,6.57084,5.99815,4.85277,0.04699,0.0305838
629,CG6-0640,2026-01-17,1,106,field,CG6-0640|2026-01-17|L1|S106,2026-01-17 13:22:56,2026-01-17 13:22:56,2026-01-17 13:22:56.000000,1,1,3387.16,,,0.0012,24.7961,34.8348,233,0,,,True,SINGLE_READING;,2,day2,UNMATCHED_GT_30M,D2:wor:1-105,1-105,1-105,results.zip/day2.xlsx,workbook,164.356,238.509,1-107,False,24.7969,34.8362,248.353,,0,248.353,0.15,10042.6,30402.5,False,3407.03,0.00790238,INTERPOLATED,613,634,-19.8723,0.00799298,0,False,1,-19.8723,136.583,0.69673,42.1585,21.5894,10.1356,8.99019,7.8448,7.27211,6.69942,6.29853,6.12673,5.55403,4.40865,0.046975,0.0305608
630,CG6-0640,2026-01-17,1,107,field,CG6-0640|2026-01-17|L1|S107,2026-01-17 13:26:50,2026-01-17 13:26:50,2026-01-17 13:26:50.000000,1,1,3386.58,,,0.0027,24.7951,34.8328,249.8,0,,,True,SINGLE_READING;,2,day2,MATCHED,D2:wor:1-107,1-107,1-107,results.zip/day2.xlsx,workbook,9.3766,198.253,1-108,True,24.795,34.8328,252.895,,0,252.895,0.15,10234.8,30543.7,False,3407.03,0.00790547,INTERPOLATED,613,634,-20.4535,0.00835383,0,True,1,-20.4535,141.125,0.568262,43.5604,22.5386,10.7039,9.52038,8.33691,7.74517,7.15344,6.73922,6.5617,5.96996,4.78649,0.0470378,0.0306572
631,CG6-0640,2026-01-17,1,108,field,CG6-0640|2026-01-17|L1|S108,2026-01-17 13:30:24,2026-01-17 13:30:24,2026-01-17 13:30:24.000000,1,1,3385.9,,,0.0019,24.7948,34.8309,244,0,,,True,SINGLE_READING;,2,day2,MATCHED,D2:wor:1-108,1-108,1-108,results.zip/day2.xlsx,workbook,6.27093,193.82,1-107,True,24.7948,34.8309,255.026,,0,255.026,0.15,10425.2,30600.9,False,3407.03,0.00790849,INTERPOLATED,613,634,-21.1323,0.00813352,0,True,1,-21.1323,143.256,0.552824,44.2182,22.533,10.5196,9.31821,8.11686,7.51619,6.91552,6.49505,6.31485,5.71417,4.51283,0.0469991,0.0305979
632,CG6-0640,2026-01-17,1,109,field,CG6-0640|2026-01-17|L1|S109,2026-01-17 13:34:19,2026-01-17 13:34:19,2026-01-17 13:34:19.000000,1,1,3385.29,,,0.0013,24.7948,34.8287,249.8,0,,,True,SINGLE_READING;,2,day2,MATCHED,D2:wor:1-109,1-109,1-109,results.zip/day2.xlsx,workbook,4.0476,193.575,1-110,True,24.7947,34.8287,257.796,,0,257.796,0.15,10646.7,30643.9,False,3407.03,0.00791201,INTERPOLATED,613,634,-21.7362,0.0080181,0,True,1,-21.7362,146.026,0.54918,45.0731,22.7877,10.542,9.31742,8.09285,7.48056,6.86828,6.43967,6.25599,5.6437,4.41913,0.0469793,0.0305674
633,CG6-0640,2026-01-17,1,110,field,CG6-0640|2026-01-17|L1|S110,2026-01-17 13:38:10,2026-01-17 13:38:10,2026-01-17 13:38:10.000000,1,1,3384.69,,,0.0017,24.795,34.8267,242.8,0,,,True,SINGLE_READING;,2,day2,MATCHED,D2:wor:1-110,1-110,1-110,results.zip/day2.xlsx,workbook,2.85164,195.09,1-109,True,24.7949,34.8267,260.072,,0,260.072,0.15,10840.6,30656.6,False,3407.03,0.00791569,INTERPOLATED,613,634,-22.3376,0.00809618,0,True,1,-22.3376,148.302,0.561759,45.7756,22.8763,10.4396,9.19599,7.95233,7.3305,6.70867,6.27338,6.08684,5.46501,4.22134,0.0469927,0.030588
638,CG6-0640,2026-01-18,1,111,field,CG6-0640|2026-01-18|L1|S111,2026-01-18 06:49:28,2026-01-18 06:49:28,2026-01-18 06:49:28.000000,1,1,3384.11,,,0.0042,24.7943,34.8245,249.1,0,,,True,SINGLE_READING;,3,day3,MATCHED,D3:wor:1-111,1-111,1-111,results.zip/day3.xlsx,workbook,1.50586,152.213,1-112,True,24.7943,34.8245,262.655,,0,262.655,0.15,11061.2,30767.6,False,3407.03,0.00785979,INTERPOLATED,637,676,-22.9188,0.00891158,0,True,1,-22.9188,150.885,0.518976,46.5729,23.1351,10.4819,9.21658,7.95125,7.31859,6.68593,6.24307,6.05327,5.42061,4.15529,0.04714,0.0308138
639,CG6-0640,2026-01-18,1,112,field,CG6-0640|2026-01-18|L1|S112,2026-01-18 06:59:54,2026-01-18 06:59:54,2026-01-18 06:59:54.000000,1,1,3383.67,,,0.0036,24.7937,34.8232,250.6,0,,,True,SINGLE_READING;,3,day3,MATCHED,D3:wor:1-112,1-112,1-112,results.zip/day3.xlsx,workbook,2.42892,28.0677,1-149,True,24.7937,34.8231,264.337,,0,264.337,0.15,11190.2,30860.2,False,3407.03,0.0078588,INTERPOLATED,637,676,-23.3597,0.00864411,0,True,1,-23.3597,152.567,0.476029,47.092,23.2563,10.462,9.18259,7.90316,7.26345,6.62373,6.17594,5.98402,5.34431,4.06488,0.0470902,0.0307375
640,CG6-0640,2026-01-18,1,113,field,CG6-0640|2026-01-18|L1|S113,2026-01-18 07:03:51,2026-01-18 07:03:51,2026-01-18 07:03:51.000000,1,1,3383.19,,,0.0019,24.7936,34.8205,245.8,0,,,True,SINGLE_READING;,3,day3,MATCHED,D3:wor:1-113,1-113,1-113,results.zip/day3.xlsx,workbook,2.19725,186.722,1,True,24.7936,34.8205,266.88,,0,266.88,0.15,11456.2,30914,False,3407.03,0.00785846,INTERPOLATED,637,676,-23.8423,0.00808488,0,True,1,-23.8423,155.11,0.471531,47.8769,23.5631,10.5556,9.2548,7.95405,7.30367,6.6533,6.19803,6.00292,5.35254,4.05179,0.0469907,0.030585
641,CG6-0640,2026-01-18,1,114,field,CG6-0640|2026-01-18|L1|S114,2026-01-18 07:07:31,2026-01-18 07:07:31,2026-01-18 07:07:31.000000,1,1,3382.63,,,0.0015,24.7936,34.8187,250.7,0,,,True,SINGLE_READING;,3,day3,MATCHED,D3:wor:1-114,1-114,1-114,results.zip/day3.xlsx,workbook,2.57559,189.725,1-113,True,24.7935,34.8187,268.757,,0,268.757,0.15,11642.8,30955,False,3407.03,0.00785816,INTERPOLATED,637,676,-24.4021,0.00800004,0,True,1,-24.4021,156.987,0.466554,48.4563,23.5876,10.4227,9.1062,7.7897,7.13146,6.47321,6.01244,5.81496,5.15672,3.84022,0.0469762,0.0305627
642,CG6-0640,2026-01-18,1,115,field,CG6-0640|2026-01-18|L1|S115,2026-01-18 07:11:13,2026-01-18 07:11:13,2026-01-18 07:11:13.000000,1,1,3381.99,,,0.0031,24.7937,34.8166,251.3,0,,,True,SINGLE_READING;,3,day3,MATCHED,D3:wor:1-115,1-115,1-115,results.zip/day3.xlsx,workbook,1.65396,207.259,1-116,True,24.7936,34.8166,271.089,,0,271.089,0.15,11853,30985.2,False,3407.03,0.00785787,INTERPOLATED,637,676,-25.0345,0.00844726,0,True,1,-25.0345,159.319,0.474091,49.1761,23.6675,10.307,8.97095,7.6349,6.96688,6.29885,5.83124,5.63083,4.96281,3.62676,0.0470544,0.0306828
643,CG6-0640,2026-01-18,1,116,field,CG6-0640|2026-01-18|L1|S116,2026-01-18 07:15:37,2026-01-18 07:15:37,2026-01-18 07:15:37.000000,1,1,3381.03,,,0.0011,24.7938,34.8145,252.4,0,,,True,SINGLE_READING;,3,day3,MATCHED,D3:wor:1-116,1-116,1-116,results.zip/day3.xlsx,workbook,2.8046,210.988,1-115,True,24.7938,34.8145,273.113,,0,273.113,0.15,12062.9,31009.6,False,3407.03,0.00785755,INTERPOLATED,637,676,-25.9974,0.00793417,0,True,1,-25.9974,161.343,0.486544,49.8008,23.3169,9.78665,8.43363,7.08061,6.40409,5.72758,5.25403,5.05107,4.37456,3.02154,0.046965,0.0305455
644,CG6-0640,2026-01-18,1,117,field,CG6-0640|2026-01-18|L1|S117,2026-01-18 07:19:48,2026-01-18 07:19:48,2026-01-18 07:19:48.000000,1,1,3380.48,,,0.0011,24.7946,34.8124,263.6,0,,,True,SINGLE_READING;,3,day3,MATCHED,D3:wor:1-117,1-117,1-117,results.zip/day3.xlsx,workbook,3.13063,167.826,1-118,True,24.7945,34.8124,275.351,,0,275.351,0.15,12276.9,30974.3,False,3407.03,0.00785726,INTERPOLATED,637,676,-26.5439,0.00793389,0,True,1,-26.5439,163.581,0.534103,50.4915,23.4136,9.69565,8.32386,6.95207,6.26618,5.58028,5.10016,4.89439,4.20849,2.8367,0.046965,0.0305454
645,CG6-0640,2026-01-18,1,118,field,CG6-0640|2026-01-18|L1|S118,2026-01-18 07:23:54,2026-01-18 07:23:54,2026-01-18 07:23:54.000000,1,1,3380.03,,,0.0011,24.7949,34.8108,263.3,0,,,True,SINGLE_READING;,3,day3,MATCHED,D3:wor:1-118,1-118,1-118,results.zip/day3.xlsx,workbook,4.70325,173.317,1-117,True,24.7948,34.8108,277.333,,0,277.333,0.15,12448,30977.5,False,3407.03,0.00785701,INTERPOLATED,637,676,-26.9952,0.00793363,0,True,1,-26.9952,165.563,0.555917,51.1033,23.5522,9.66809,8.27968,6.89127,6.19706,5.50286,5.01691,4.80865,4.11445,2.72603,0.046965,0.0305453
646,CG6-0640,2026-01-18,1,119,field,CG6-0640|2026-01-18|L1|S119,2026-01-18 07:26:53,2026-01-18 07:26:53,2026-01-18 07:26:53.000000,1,1,3379.6,,,0.0015,24.7955,34.8089,263.2,0,,,True,SINGLE_READING;,3,day3,MATCHED,D3:wor:1-119,1-119,1-119,results.zip/day3.xlsx,workbook,6.67559,202.288,1-118,True,24.7955,34.809,279.448,,0,279.448,0.15,12636.8,30947.9,False,3407.03,0.00785683,INTERPOLATED,637,676,-27.4231,0.00799874,0,True,1,-27.4231,167.678,0.598112,51.7561,23.7349,9.67339,8.26725,6.8611,6.15802,5.45495,4.9628,4.75188,4.0488,2.64265,0.046976,0.0305623
647,CG6-0640,2026-01-18,1,120,field,CG6-0640|2026-01-18|L1|S120,2026-01-18 07:31:47,2026-01-18 07:31:47,2026-01-18 07:31:47.000000,1,1,3378.44,,,0.0011,24.7959,34.8051,275.9,0,,,True,SINGLE_READING;,3,day3,MATCHED,D3:wor:1-120,1-120,1-120,results.zip/day3.xlsx,workbook,1.83161,212.688,1-121,True,24.796,34.8052,283.84,,0,283.84,0.15,13023.8,30988.1,False,3407.03,0.00785656,INTERPOLATED,637,676,-28.5834,0.00793319,0,True,1,-28.5834,172.07,0.632295,53.1117,23.896,9.4662,8.02322,6.58024,5.85875,5.13726,4.63222,4.41577,3.69428,2.2513,0.0469649,0.0305452
648,CG6-0640,2026-01-18,1,121,field,CG6-0640|2026-01-18|L1|S121,2026-01-18 07:35:42,2026-01-18 07:35:42,2026-01-18 07:35:42.000000,1,1,3377.89,,,0.0021,24.7965,34.8031,283.1,0,,,True,SINGLE_READING;,3,day3,MATCHED,D3:wor:1-121,1-121,1-121,results.zip/day3.xlsx,workbook,5.16564,197.799,1-122,True,24.7965,34.8031,285.882,,0,285.882,0.15,13236.6,30980.8,False,3407.03,0.00785637,INTERPOLATED,637,676,-29.141,0.00813219,0,True,1,-29.141,174.112,0.669431,53.7419,23.9315,9.33052,7.87041,6.41031,5.68026,4.95021,4.43917,4.22015,3.4901,2.03,0.0469989,0.0305975
649,CG6-0640,2026-01-18,1,122,field,CG6-0640|2026-01-18|L1|S122,2026-01-18 07:39:12,2026-01-18 07:39:12,2026-01-18 07:39:12.000000,1,1,3377.26,,,0.0015,24.7971,34.8012,280.3,0,,,True,SINGLE_READING;,3,day3,MATCHED,D3:wor:1-122,1-122,1-122,results.zip/day3.xlsx,workbook,2.75632,198.084,1-123,True,24.7971,34.8012,288.054,,0,288.054,0.15,13429.5,30961.1,False,3407.03,0.00785621,INTERPOLATED,637,676,-29.7711,0.00799813,0,True,1,-29.7711,176.284,0.711006,54.4123,23.9302,9.14706,7.66875,6.19043,5.45127,4.71211,4.1947,3.97295,3.23379,1.75548,0.0469759,0.0305622
650,CG6-0640,2026-01-18,1,123,field,CG6-0640|2026-01-18|L1|S123,2026-01-18 07:43:35,2026-01-18 07:43:35,2026-01-18 07:43:35.000000,1,1,3377.14,,,0.0058,24.7969,34.7993,280.9,0,,,True,SINGLE_READING;,3,day3,MATCHED,D3:wor:1-123,1-123,1-123,results.zip/day3.xlsx,workbook,1.67259,201.482,1-122,True,24.7969,34.7993,290.36,,0,290.36,0.15,13623.8,31035.6,False,3407.03,0.00785603,INTERPOLATED,637,676,-29.8905,0.0097651,0,True,1,-29.8905,178.59,0.695486,55.1241,24.5381,9.56157,8.06391,6.56626,5.81743,5.0686,4.54442,4.31977,3.57095,2.07329,0.0473088,0.0310714
651,CG6-0640,2026-01-18,1,124,field,CG6-0640|2026-01-18|L1|S124,2026-01-18 07:46:59,2026-01-18 07:46:59,2026-01-18 07:46:59.000000,1,1,3376.69,,,0.0017,24.7973,34.7973,285.8,0,,,True,SINGLE_READING;,3,day3,MATCHED,D3:wor:1-124,1-124,1-124,results.zip/day3.xlsx,workbook,2.85791,205.707,1-123,True,24.7973,34.7973,292.216,,0,292.216,0.15,13827.2,31042,False,3407.03,0.00785591,INTERPOLATED,637,676,-30.3386,0.00803774,0,True,1,-30.3386,180.446,0.724266,55.6969,24.6341,9.50187,7.98865,6.47543,5.71881,4.9622,4.43258,4.20559,3.44898,1.93576,0.0469827,0.0305725
652,CG6-0640,2026-01-18,1,125,field,CG6-0640|2026-01-18|L1|S125,2026-01-18 07:50:22,2026-01-18 07:50:22,2026-01-18 07:50:22.000000,1,1,3375.9,,,0.0011,24.798,34.7952,283.8,0,,,True,SINGLE_READING;,3,day3,MATCHED,D3:wor:1-125,1-125,1-125,results.zip/day3.xlsx,workbook,4.34428,164.277,1-126,True,24.798,34.7952,295.636,,0,295.636,0.15,14042.4,31016.2,False,3407.03,0.0078558,INTERPOLATED,637,676,-31.1282,0.00793244,0,True,1,-31.1282,183.866,0.773368,56.7525,24.851,9.43197,7.89007,6.34817,5.57722,4.80627,4.2666,4.03532,3.26437,1.72247,0.0469647,0.030545
653,CG6-0640,2026-01-18,1,126,field,CG6-0640|2026-01-18|L1|S126,2026-01-18 07:53:57,2026-01-18 07:53:57,2026-01-18 07:53:57.000000,1,1,3375.54,,,0.001,24.799,34.7939,288.5,0,,,True,SINGLE_READING;,3,day3,MATCHED,D3:wor:1-126,1-126,1-126,results.zip/day3.xlsx,workbook,3.1205,171.649,1-125,True,24.799,34.794,297.523,,0,297.523,0.15,14180,30947.3,False,3407.03,0.0078557,INTERPOLATED,637,676,-31.4856,0.00791909,0,True,1,-31.4856,185.753,0.840185,57.3349,25.0092,9.43192,7.8742,6.31647,5.53761,4.75875,4.21354,3.97989,3.20102,1.6433,0.0469625,0.0305416
654,CG6-0640,2026-01-18,1,127,field,CG6-0640|2026-01-18|L1|S127,2026-01-18 07:58:12,2026-01-18 07:58:12,2026-01-18 07:58:12.000000,1,1,3375.13,,,0.0017,24.8,34.7922,292.9,0,,,True,SINGLE_READING;,3,day3,MATCHED,D3:wor:1-127,1-127,1-127,results.zip/day3.xlsx,workbook,2.88001,200.041,1-128,True,24.8,34.7923,299.759,,0,299.759,0.15,14362,30883.5,False,3407.03,0.0078556,INTERPOLATED,637,676,-31.8929,0.00803744,0,True,1,-31.8929,187.989,0.912998,58.0251,25.2192,9.45442,7.87794,6.30147,5.51323,4.72499,4.17322,3.93675,3.14851,1.57204,0.0469826,0.0305725
655,CG6-0640,2026-01-18,1,128,field,CG6-0640|2026-01-18|L1|S128,2026-01-18 08:01:40,2026-01-18 08:01:40,2026-01-18 08:01:40.000000,1,1,3374.5,,,0.0024,24.8017,34.7913,302,0,,,True,SINGLE_READING;,3,day3,MATCHED,D3:wor:1-128,1-128,1-128,results.zip/day3.xlsx,workbook,5.86369,207.228,1-127,True,24.8016,34.7913,301.87,,0,301.87,0.15,14477.3,30736,False,3407.03,0.00785554,INTERPOLATED,637,676,-32.5305,0.00821398,0,True,1,-32.5305,190.1,1.02287,58.6766,25.1232,9.18143,7.58725,5.99307,5.19598,4.39889,3.84093,3.6018,2.80471,1.21053,0.0470131,0.0306193
656,CG6-0640,2026-01-18,1,129,field,CG6-0640|2026-01-18|L1|S129,2026-01-18 08:05:51,2026-01-18 08:05:51,2026-01-18 08:05:51.000000,1,1,3373.93,,,0.001,24.8036,34.791,302.1,0,,,True,SINGLE_READING;,3,day3,MATCHED,D3:wor:1-129,1-129,1-129,results.zip/day3.xlsx,workbook,4.36911,164.261,1-130,True,24.8036,34.791,304.555,,0,304.555,0.15,14530.6,30533.6,False,3407.03,0.00785547,INTERPOLATED,637,676,-33.0996,0.00791887,0,True,1,-33.0996,192.785,1.15846,59.5053,25.2473,9.08034,7.46364,5.84695,5.0386,4.23025,3.66441,3.4219,2.61356,0.99686,0.0469625,0.0305415
657,CG6-0640,2026-01-18,1,130,field,CG6-0640|2026-01-18|L1|S130,2026-01-18 08:09:40,2026-01-18 08:09:40,2026-01-18 08:09:40.000000,1,1,3373.75,,,0.0011,24.8051,34.7908,304.7,0,,,True,SINGLE_READING;,3,day3,MATCHED,D3:wor:1-130,1-130,1-130,results.zip/day3.xlsx,workbook,4.79068,171.912,1-129,True,24.8051,34.7908,306.397,,0,306.397,0.15,14575.8,30381.1,False,3407.03,0.00785544,INTERPOLATED,637,676,-33.2783,0.00793208,0,True,1,-33.2783,194.627,1.26175,60.0739,25.5339,9.21243,7.58029,5.94815,5.13208,4.31601,3.74476,3.49994,2.68386,1.05172,0.0469647,0.0305449
658,CG6-0640,2026-01-18,1,131,field,CG6-0640|2026-01-18|L1|S131,2026-01-18 08:13:04,2026-01-18 08:13:04,2026-01-18 08:13:04.000000,1,1,3373.21,,,0.002,24.8065,34.7893,309.2,0,,,True,SINGLE_READING;,3,day3,MATCHED,D3:wor:1-131,1-131,1-131,results.zip/day3.xlsx,workbook,4.91199,204.183,1-132,True,24.8065,34.7894,308.635,,0,308.635,0.15,14743.7,30278.6,False,3407.03,0.00785542,INTERPOLATED,637,676,-33.8184,0.00810602,0,True,1,-33.8184,196.865,1.357,60.7646,25.5893,9.08015,7.42924,5.77833,4.95288,4.12742,3.5496,3.30197,2.47651,0.825602,0.0469944,0.0305906
659,CG6-0640,2026-01-18,1,132,field,CG6-0640|2026-01-18|L1|S132,2026-01-18 08:16:30,2026-01-18 08:16:30,2026-01-18 08:16:30.000000,1,1,3372.8,,,0.0011,24.8083,34.7888,307,0,,,True,SINGLE_READING;,3,day3,MATCHED,D3:wor:1-132,1-132,1-132,results.zip/day3.xlsx,workbook,4.17127,194.696,1-133,True,24.8083,34.7889,311.044,,0,311.044,0.15,14822.6,30099.3,False,3407.03,0.00785541,INTERPOLATED,637,676,-34.2234,0.00793205,0,True,1,-34.2234,199.274,1.48054,61.5081,25.8042,9.09309,7.42198,5.75087,4.91531,4.07975,3.49486,3.2442,2.40864,0.73753,0.0469647,0.0305449
660,CG6-0640,2026-01-18,1,133,field,CG6-0640|2026-01-18|L1|S133,2026-01-18 08:19:58,2026-01-18 08:19:58,2026-01-18 08:19:58.000000,1,1,3372.6,,,0.0024,24.8097,34.7877,305.3,0,,,True,SINGLE_READING;,3,day3,MATCHED,D3:wor:1-133,1-133,1-133,results.zip/day3.xlsx,workbook,3.03639,201.43,1-132,True,24.8097,34.7877,312.965,,0,312.965,0.15,14965.4,29984,False,3407.03,0.00785542,INTERPOLATED,637,676,-34.4317,0.00821387,0,True,1,-34.4317,201.195,1.57979,62.101,26.0896,9.21738,7.53016,5.84294,4.99933,4.15572,3.56519,3.31211,2.4685,0.781277,0.0470131,0.0306193
661,CG6-0640,2026-01-18,1,134,field,CG6-0640|2026-01-18|L1|S134,2026-01-18 08:23:32,2026-01-18 08:23:32,2026-01-18 08:23:32.000000,1,1,3371.95,,,0.0012,24.8112,34.7863,313.7,0,,,True,SINGLE_READING;,3,day3,MATCHED,D3:wor:1-134,1-134,1-134,results.zip/day3.xlsx,workbook,1.93824,195.371,1-135,True,24.8111,34.7863,316.478,,0,316.478,0.15,15133.7,29878.7,False,3407.03,0.00785544,INTERPOLATED,637,676,-35.0802,0.00794657,0,True,1,-35.0802,204.708,1.67693,63.1853,26.4282,9.26134,7.54466,5.82798,4.96964,4.1113,3.51046,3.25296,2.39462,0.677935,0.0469671,0.0305487
662,CG6-0640,2026-01-18,1,135,field,CG6-0640|2026-01-18|L1|S135,2026-01-18 08:26:56,2026-01-18 08:26:56,2026-01-18 08:26:56.000000,1,1,3371.29,,,0.0018,24.8118,34.7844,309.6,0,,,True,SINGLE_READING;,3,day3,MATCHED,D3:wor:1-135,1-135,1-135,results.zip/day3.xlsx,workbook,4.5054,201.778,1-134,True,24.8118,34.7845,318.746,,0,318.746,0.15,15329.9,29867.1,False,3407.03,0.00785548,INTERPOLATED,637,676,-35.7331,0.00805906,0,True,1,-35.7331,206.976,1.72114,63.8853,26.4311,9.07407,7.33837,5.60267,4.73481,3.86696,3.25947,2.99911,2.13126,0.395563,0.0469863,0.0305782
663,CG6-0640,2026-01-18,1,136,field,CG6-0640|2026-01-18|L1|S136,2026-01-18 08:30:32,2026-01-18 08:30:32,2026-01-18 08:30:32.000000,1,1,3370.56,,,0.0008,24.8128,34.7825,313.2,0,,,True,SINGLE_READING;,3,day3,MATCHED,D3:wor:1-136,1-136,1-136,results.zip/day3.xlsx,workbook,2.62567,172.125,1-137,True,24.8127,34.7825,322.37,,0,322.37,0.15,15536.7,29827,False,3407.03,0.00785553,INTERPOLATED,637,676,-36.4654,0.00789616,0,True,1,-36.4654,210.6,1.78705,65.0038,26.7514,9.09052,7.32443,5.55833,4.67529,3.79224,3.17411,2.9092,2.02615,0.260059,0.0469586,0.0305356
664,CG6-0640,2026-01-18,1,137,field,CG6-0640|2026-01-18|L1|S137,2026-01-18 08:33:39,2026-01-18 08:33:39,2026-01-18 08:33:39.000000,1,1,3370.31,,,0.0014,24.8137,34.7812,314,0,,,True,SINGLE_READING;,3,day3,MATCHED,D3:wor:1-137,1-137,1-137,results.zip/day3.xlsx,workbook,1.74447,176.466,1-136,True,24.8137,34.7812,323.611,,0,323.611,0.15,15692.5,29772.6,False,3407.03,0.00785558,INTERPOLATED,637,676,-36.7139,0.00797936,0,True,1,-36.7139,211.841,1.85251,65.3869,26.8204,9.05543,7.27893,5.50243,4.61418,3.72593,3.10416,2.83768,1.94943,0.172935,0.0469727,0.0305572
665,CG6-0640,2026-01-18,1,138,field,CG6-0640|2026-01-18|L1|S138,2026-01-18 08:36:57,2026-01-18 08:36:57,2026-01-18 08:36:57.000000,1,1,3369.78,,,0.001,24.8148,34.7795,317.8,0,,,True,SINGLE_READING;,3,day3,MATCHED,D3:wor:1-138,1-138,1-138,results.zip/day3.xlsx,workbook,5.57394,176.277,1-139,True,24.8147,34.7796,325.774,,0,325.774,0.15,15875.2,29714.4,False,3407.03,0.00785566,INTERPOLATED,637,676,-37.2495,0.00791905,0,True,1,-37.2495,214.004,1.92415,66.0545,26.8808,8.93443,7.1398,5.34516,4.44784,3.55052,2.9224,2.6532,1.75588,-0.038753,0.0469625,0.0305416
666,CG6-0640,2026-01-18,1,139,field,CG6-0640|2026-01-18|L1|S139,2026-01-18 08:40:25,2026-01-18 08:40:25,2026-01-18 08:40:25.000000,1,1,3369.4,,,0.0016,24.8159,34.7782,317.6,0,,,True,SINGLE_READING;,3,day3,MATCHED,D3:wor:1-139,1-139,1-139,results.zip/day3.xlsx,workbook,6.0981,187.926,1-138,True,24.8158,34.7782,328.019,,0,328.019,0.15,16032.8,29645.8,False,3407.03,0.00785575,INTERPOLATED,637,676,-37.6302,0.00801703,0,True,1,-37.6302,216.249,1.99856,66.7474,27.1187,8.98401,7.17055,5.35708,4.45035,3.54362,2.90891,2.63689,1.73016,-0.0833087,0.0469791,0.0305671
667,CG6-0640,2026-01-18,1,140,field,CG6-0640|2026-01-18|L1|S140,2026-01-18 08:43:54,2026-01-18 08:43:54,2026-01-18 08:43:54.000000,1,1,3368.96,,,0.0015,24.8177,34.777,328.5,0,,,True,SINGLE_READING;,3,day3,MATCHED,D3:wor:1-140,1-140,1-140,results.zip/day3.xlsx,workbook,3.57915,198.828,1-141,True,24.8176,34.777,330.755,,0,330.755,0.15,16196.4,29501.2,False,3407.03,0.00785585,INTERPOLATED,637,676,-38.0694,0.00799777,0,True,1,-38.0694,218.985,2.12236,67.5918,27.4001,9.03601,7.1996,5.36319,4.44499,3.52678,2.88404,2.60858,1.69037,-0.146035,0.0469758,0.0305621
668,CG6-0640,2026-01-18,1,141,field,CG6-0640|2026-01-18|L1|S141,2026-01-18 08:47:16,2026-01-18 08:47:16,2026-01-18 08:47:16.000000,1,1,3368.81,,,0.0016,24.8189,34.7755,321.9,0,,,True,SINGLE_READING;,3,day3,MATCHED,D3:wor:1-141,1-141,1-141,results.zip/day3.xlsx,workbook,5.39075,207.153,1-140,True,24.8189,34.7755,332.328,,0,332.328,0.15,16369.3,29417.5,False,3407.03,0.00785596,INTERPOLATED,637,676,-38.2189,0.00801724,0,True,1,-38.2189,220.558,2.21005,68.0773,27.6484,9.1524,7.3028,5.4532,4.5284,3.6036,2.95624,2.6788,1.754,-0.0955972,0.0469791,0.0305672
669,CG6-0640,2026-01-18,1,142,field,CG6-0640|2026-01-18|L1|S142,2026-01-18 08:51:38,2026-01-18 08:51:38,2026-01-18 08:51:38.000000,1,1,3368.05,,,0.0011,24.8208,34.7733,326.5,0,,,True,SINGLE_READING;,3,day3,MATCHED,D3:wor:1-142,1-142,1-142,results.zip/day3.xlsx,workbook,3.37405,180.868,1-143,True,24.8208,34.7733,335.762,,0,335.762,0.15,16630.7,29299.2,False,3407.03,0.00785613,INTERPOLATED,637,676,-38.9793,0.00793277,0,True,1,-38.9793,223.992,2.34093,69.1372,27.817,9.03304,7.15464,5.27625,4.33705,3.39785,2.74041,2.45865,1.51945,-0.358946,0.0469648,0.0305451
670,CG6-0640,2026-01-18,1,143,field,CG6-0640|2026-01-18|L1|S143,2026-01-18 08:55:39,2026-01-18 08:55:39,2026-01-18 08:55:39.000000,1,1,3367.63,,,0.0012,24.8222,34.7724,335.8,0,,,True,SINGLE_READING;,3,day3,MATCHED,D3:wor:1-143,1-143,1-143,results.zip/day3.xlsx,workbook,3.78141,188.016,1-142,True,24.8222,34.7724,337.89,,0,337.89,0.15,16762.8,29189.2,False,3407.03,0.0078563,INTERPOLATED,637,676,-39.3981,0.00794742,0,True,1,-39.3981,226.12,2.43737,69.794,27.9585,8.99608,7.09984,5.20359,4.25547,3.30735,2.64367,2.35923,1.41111,-0.485132,0.0469673,0.0305489
671,CG6-0640,2026-01-18,1,144,field,CG6-0640|2026-01-18|L1|S144,2026-01-18 08:58:50,2026-01-18 08:58:50,2026-01-18 08:58:50.000000,1,1,3367.11,,,0.0065,24.8232,34.7704,337.9,0,,,True,SINGLE_READING;,3,day3,MATCHED,D3:wor:1-144,1-144,1-144,results.zip/day3.xlsx,workbook,3.03832,218.997,1-145,True,24.8232,34.7704,340.394,,0,340.394,0.15,16982.3,29167.2,False,3407.03,0.00785646,INTERPOLATED,637,676,-39.9175,0.0101968,0,True,1,-39.9175,228.624,2.50277,70.5668,28.1465,8.97411,7.05686,5.13962,4.181,3.22238,2.55135,2.26376,1.30514,-0.612099,0.0473998,0.0312098
672,CG6-0640,2026-01-18,1,145,field,CG6-0640|2026-01-18|L1|S145,2026-01-18 09:02:25,2026-01-18 09:02:25,2026-01-18 09:02:25.000000,1,1,3366.76,,,0.0013,24.8244,34.7686,344.6,0,,,True,SINGLE_READING;,3,day3,MATCHED,D3:wor:1-145,1-145,1-145,results.zip/day3.xlsx,workbook,1.6052,180.104,1-146,True,24.8243,34.7686,342.449,,0,342.449,0.15,17184.2,29109.8,False,3407.03,0.00785664,INTERPOLATED,637,676,-40.2649,0.00796346,0,True,1,-40.2649,230.679,2.58395,71.2011,28.3522,9.00745,7.07298,5.1385,4.17127,3.20403,2.52696,2.23679,1.26956,-0.664918,0.04697,0.0305531
673,CG6-0640,2026-01-18,1,146,field,CG6-0640|2026-01-18|L1|S146,2026-01-18 09:05:44,2026-01-18 09:05:44,2026-01-18 09:05:44.000000,1,1,3366.65,,,0.0015,24.8258,34.7676,338,0,,,True,SINGLE_READING;,3,day3,MATCHED,D3:wor:1-146,1-146,1-146,results.zip/day3.xlsx,workbook,6.26784,186.751,1-145,True,24.8257,34.7676,344.093,,0,344.093,0.15,17319.1,29002.5,False,3407.03,0.00785682,INTERPOLATED,637,676,-40.3785,0.00799873,0,True,1,-40.3785,232.323,2.67804,71.7085,28.6519,9.16929,7.22103,5.27277,4.29864,3.32451,2.64262,2.35038,1.37625,-0.572012,0.046976,0.0305623
674,CG6-0640,2026-01-18,1,147,field,CG6-0640|2026-01-18|L1|S147,2026-01-18 09:10:13,2026-01-18 09:10:13,2026-01-18 09:10:13.000000,1,1,3366.27,,,0.0009,24.8268,34.7653,337.3,0,,,True,SINGLE_READING;,3,day3,MATCHED,D3:wor:1-147,1-147,1-147,results.zip/day3.xlsx,workbook,2.8983,263.166,1-146,True,24.8268,34.7654,347.036,,0,347.036,0.15,17573.3,28985.1,False,3407.03,0.00785709,INTERPOLATED,637,676,-40.7535,0.00790847,0,True,1,-40.7535,235.266,2.7523,72.6168,29.111,9.3816,7.40866,5.43572,4.44925,3.46278,2.77225,2.47631,1.48984,-0.483099,0.0469607,0.0305388
675,CG6-0640,2026-01-18,1,148,field,CG6-0640|2026-01-18|L1|S148,2026-01-18 09:15:44,2026-01-18 09:15:44,2026-01-18 09:15:44.000000,1,1,3365.81,,,0.0028,24.8277,34.7621,343,0,,,True,SINGLE_READING;,3,day3,MATCHED,D3:wor:1-148,1-148,1-148,results.zip/day3.xlsx,workbook,2.0442,345.002,1-147,True,24.8277,34.7621,351.263,,0,351.263,0.15,17916,29027.3,False,3407.03,0.00785745,INTERPOLATED,637,676,-41.2145,0.00834144,0,True,1,-41.2145,239.493,2.81188,73.9214,29.8951,9.81117,7.80279,5.7944,4.7902,3.78601,3.08307,2.78182,1.77762,-0.230767,0.0470356,0.0306538
677,CG6-0640,2026-01-18,1,149,field,CG6-0640|2026-01-18|L1|S149,2026-01-18 10:33:52,2026-01-18 10:33:52,2026-01-18 10:33:52.000000,1,1,3383.59,,,0.0015,24.7935,34.8231,256.2,0,,,True,SINGLE_READING;,3,day3,MATCHED,D3:wor:1-149,1-149,1-149,results.zip/day3.xlsx,workbook,9.28447,19.3015,1-112,True,24.7935,34.823,264.495,,0,264.495,0.15,11200.8,30876.8,False,3407.03,0.00786005,INTERPOLATED,676,714,-23.4328,0.0080019,0,True,1,-23.4328,152.725,0.461035,47.1408,23.247,10.4395,9.15874,7.87798,7.23761,6.59723,6.14897,5.95686,5.31648,4.03573,0.0469765,0.0305631
678,CG6-0640,2026-01-18,1,150,field,CG6-0640|2026-01-18|L1|S150,2026-01-18 10:39:19,2026-01-18 10:39:19,2026-01-18 10:39:19.000000,1,1,3382.78,,,0.0019,24.792,34.8208,258.6,0,,,True,SINGLE_READING;,3,day3,MATCHED,D3:wor:1-150,1-150,1-150,results.zip/day3.xlsx,workbook,9.41646,64.0526,2,True,24.7919,34.8208,267.409,,0,267.409,0.15,11413.6,31086,False,3407.03,0.00786,INTERPOLATED,676,714,-24.2438,0.00808638,0,True,1,-24.2438,155.639,0.354933,48.0402,23.4415,10.3896,9.08438,7.77919,7.1266,6.47401,6.01719,5.82141,5.16882,3.86363,0.046991,0.0305854
679,CG6-0640,2026-01-18,1,151,field,CG6-0640|2026-01-18|L1|S151,2026-01-18 10:42:54,2026-01-18 10:42:54,2026-01-18 10:42:54.000000,1,1,3382.1,,,0.0013,24.7909,34.8191,246.8,0,,,True,SINGLE_READING;,3,day3,MATCHED,D3:wor:1-151,1-151,1-151,results.zip/day3.xlsx,workbook,10.347,44.8963,3,True,24.7909,34.8191,270.084,,0,270.084,0.15,11584.6,31232.5,False,3407.03,0.00786001,INTERPOLATED,676,714,-24.9203,0.00796679,0,True,1,-24.9203,158.314,0.282148,48.8659,23.6634,10.3872,9.05955,7.73193,7.06812,6.40431,5.93964,5.7405,5.07669,3.74907,0.0469706,0.030554
680,CG6-0640,2026-01-18,1,152,field,CG6-0640|2026-01-18|L1|S152,2026-01-18 10:46:35,2026-01-18 10:46:35,2026-01-18 10:46:35.000000,1,1,3380.92,,,0.0017,24.789,34.8178,264.1,0,,,True,SINGLE_READING;,3,day3,MATCHED,D3:wor:1-152,1-152,1-152,results.zip/day3.xlsx,workbook,7.70331,21.3752,4,True,24.7889,34.8178,273.098,,0,273.098,0.15,11706.1,31469.9,False,3407.03,0.00786007,INTERPOLATED,676,714,-26.1011,0.00804181,0,True,1,-26.1011,161.328,0.151222,49.7961,23.5438,10.0148,8.66194,7.30904,6.63259,5.95614,5.48263,5.2797,4.60325,3.25035,0.0469833,0.0305736
681,CG6-0640,2026-01-18,1,153,field,CG6-0640|2026-01-18|L1|S153,2026-01-18 10:50:33,2026-01-18 10:50:33,2026-01-18 10:50:33.000000,1,1,3380.35,,,0.0015,24.7876,34.8172,257.8,0,,,True,SINGLE_READING;,3,day3,MATCHED,D3:wor:1-153,1-153,1-153,results.zip/day3.xlsx,workbook,8.45025,157.176,1-152,True,24.7876,34.8171,275.008,,0,275.008,0.15,11771.4,31629.6,False,3407.03,0.00786018,INTERPOLATED,676,714,-26.6764,0.00800202,0,True,1,-26.6764,163.238,0.0577715,50.3857,23.6515,9.96238,8.59347,7.22455,6.5401,5.85564,5.37652,5.17118,4.48673,3.11781,0.0469766,0.0305632
682,CG6-0640,2026-01-18,1,154,field,CG6-0640|2026-01-18|L1|S154,2026-01-18 10:54:16,2026-01-18 10:54:16,2026-01-18 10:54:16.000000,1,1,3379.74,,,0.0013,24.7863,34.8159,272.6,0,,,True,SINGLE_READING;,3,day3,MATCHED,D3:wor:1-154,1-154,1-154,results.zip/day3.xlsx,workbook,5.23634,189.506,5,True,24.7863,34.8158,278.172,,0,278.172,0.15,11902.1,31801.1,False,3407.03,0.00786032,INTERPOLATED,676,714,-27.2816,0.0079671,0,True,1,-27.2816,166.402,-0.0313504,51.3623,24.112,10.1575,8.76207,7.36662,6.6689,5.97118,5.48277,5.27345,4.57573,3.18028,0.0469706,0.030554
683,CG6-0640,2026-01-18,1,155,field,CG6-0640|2026-01-18|L1|S155,2026-01-18 10:58:25,2026-01-18 10:58:25,2026-01-18 10:58:25.000000,1,1,3379.19,,,0.004,24.7868,34.814,271.3,0,,,True,SINGLE_READING;,3,day3,MATCHED_ID_TIEBREAK,D3:wor:1-155,1-155,1-155,results.zip/day3.xlsx,workbook,6.4265,9.0307,7,True,24.7868,34.814,280.618,,0,280.618,0.15,12090.6,31780.4,False,3407.03,0.00786053,INTERPOLATED,676,714,-27.8344,0.00881975,0,True,1,-27.8344,168.848,0.00303518,52.1172,24.2798,10.1202,8.70425,7.28829,6.58031,5.87233,5.37674,5.16435,4.45637,3.04041,0.0471227,0.0307874
684,CG6-0640,2026-01-18,1,156,field,CG6-0640|2026-01-18|L1|S156,2026-01-18 11:02:49,2026-01-18 11:02:49,2026-01-18 11:02:49.000000,1,1,3378.61,,,0.0024,24.7876,34.8123,242.1,0,,,True,SINGLE_READING;,3,day3,MATCHED,D3:wor:1-156,1-156,1-156,results.zip/day3.xlsx,workbook,9.13562,40.837,8,True,24.7876,34.8122,283.06,,0,283.06,0.15,12260,31736.1,False,3407.03,0.00786081,INTERPOLATED,676,714,-28.4139,0.00821902,0,True,1,-28.4139,171.29,0.0566803,52.8709,24.4003,10.036,8.59953,7.16309,6.44487,5.72665,5.2239,5.00844,4.29022,2.85378,0.047014,0.0306207
685,CG6-0640,2026-01-18,1,157,field,CG6-0640|2026-01-18|L1|S157,2026-01-18 11:07:39,2026-01-18 11:07:39,2026-01-18 11:07:39.000000,1,1,3377.59,,,0.0025,24.7879,34.8101,250.3,0,,,True,SINGLE_READING;,3,day3,MATCHED_ID_TIEBREAK,D3:wor:1-157,1-157,1-157,results.zip/day3.xlsx,workbook,7.74462,8.41162,9,True,24.7878,34.81,286.429,,0,286.429,0.15,12483.6,31750.2,False,3407.03,0.00786119,INTERPOLATED,676,714,-29.4315,0.00824914,0,True,1,-29.4315,174.659,0.0749451,53.9108,24.4043,9.75744,8.29275,6.82806,6.09571,5.36337,4.85072,4.63102,3.89868,2.43398,0.0470193,0.0306288
686,CG6-0640,2026-01-18,1,158,field,CG6-0640|2026-01-18|L1|S158,2026-01-18 11:11:18,2026-01-18 11:11:18,2026-01-18 11:11:18.000000,1,1,3377.22,,,0.0013,24.7862,34.8093,271.5,0,,,True,SINGLE_READING;,3,day3,MATCHED,D3:wor:10,10,10,results.zip/day3.xlsx,workbook,6.93493,186.314,11,False,24.7862,34.8092,288.847,,0,288.847,0.15,12564.5,31953.5,False,3407.03,0.00786152,INTERPOLATED,676,714,-29.8034,0.00796828,0,True,1,-29.8034,177.077,-0.0386999,54.6571,24.8924,10.0427,8.55771,7.07274,6.33026,5.58777,5.06803,4.84529,4.10281,2.61784,0.0469708,0.0305544
687,CG6-0640,2026-01-18,1,159,field,CG6-0640|2026-01-18|L1|S159,2026-01-18 11:14:32,2026-01-18 11:14:32,2026-01-18 11:14:32.000000,1,1,3376.5,,,0.0023,24.7843,34.8097,270.7,0,,,True,SINGLE_READING;,3,day3,MATCHED,D3:wor:1-159,1-159,1-159,results.zip/day3.xlsx,workbook,6.72905,26.1387,11,True,24.7843,34.8097,292.013,,0,292.013,0.15,12525.7,32143.4,False,3407.03,0.00786184,INTERPOLATED,676,714,-30.5215,0.00819137,0,True,1,-30.5215,180.243,-0.168837,55.6343,25.2817,10.1665,8.65497,7.14345,6.38769,5.63193,5.1029,4.87617,4.12041,2.6089,0.0470092,0.0306133
688,CG6-0640,2026-01-18,1,160,field,CG6-0640|2026-01-18|L1|S160,2026-01-18 11:17:46,2026-01-18 11:17:46,2026-01-18 11:17:46.000000,1,1,3376,,,0.0013,24.7827,34.8102,269.1,0,,,True,SINGLE_READING;,3,day3,MATCHED_ID_TIEBREAK,D3:wor:1-160,1-160,1-160,results.zip/day3.xlsx,workbook,9.02533,14.0337,12,True,24.7827,34.8102,294.079,,0,294.079,0.15,12479.7,32306.3,False,3407.03,0.0078622,INTERPOLATED,676,714,-31.0293,0.00796895,0,True,1,-31.0293,182.309,-0.280108,56.272,25.5228,10.2343,8.70548,7.17664,6.41221,5.64779,5.1127,4.88337,4.11895,2.59011,0.0469709,0.0305545
689,CG6-0640,2026-01-18,1,161,field,CG6-0640|2026-01-18|L1|S161,2026-01-18 11:22:07,2026-01-18 11:22:07,2026-01-18 11:22:07.000000,1,1,3374.94,,,0.0024,24.7808,34.8102,291.3,0,,,True,SINGLE_READING;,3,day3,MATCHED,D3:wor:1-161,1-161,1-161,results.zip/day3.xlsx,workbook,8.86101,23.1049,13,True,24.7808,34.8101,297.305,,0,297.305,0.15,12490.4,32514.7,False,3407.03,0.00786274,INTERPOLATED,676,714,-32.0809,0.00822087,0,True,1,-32.0809,185.535,-0.411026,57.2677,25.5978,10.0388,8.48291,6.92701,6.14907,5.37112,4.82655,4.59317,3.81522,2.25933,0.0470143,0.0306212
690,CG6-0640,2026-01-18,1,162,field,CG6-0640|2026-01-18|L1|S162,2026-01-18 11:25:46,2026-01-18 11:25:46,2026-01-18 11:25:46.000000,1,1,3374.68,,,0.0037,24.779,34.8093,286.2,0,,,True,SINGLE_READING;,3,day3,MATCHED,D3:wor:1-162,1-162,1-162,results.zip/day3.xlsx,workbook,3.78514,16.5379,14,True,24.779,34.8093,299.601,,0,299.601,0.15,12593.8,32730,False,3407.03,0.00786323,INTERPOLATED,676,714,-32.3405,0.00869025,0,True,1,-32.3405,187.831,-0.533755,57.9763,26.1696,10.4181,8.84298,7.26783,6.48025,5.69267,5.14137,4.9051,4.11752,2.54237,0.0470987,0.0307505
691,CG6-0640,2026-01-18,1,163,field,CG6-0640|2026-01-18|L1|S163,2026-01-18 11:29:10,2026-01-18 11:29:10,2026-01-18 11:29:10.000000,1,1,3373.89,,,0.0017,24.7776,34.808,296.2,0,,,True,SINGLE_READING;,3,day3,MATCHED,D3:wor:1-163,1-163,1-163,results.zip/day3.xlsx,workbook,6.70806,44.5551,15,True,24.7776,34.808,302.084,,0,302.084,0.15,12732.5,32909.8,False,3407.03,0.00786373,INTERPOLATED,676,714,-33.1314,0.00804538,0,True,1,-33.1314,190.314,-0.631638,58.7427,26.2429,10.2832,8.68724,7.09127,6.29328,5.4953,4.93671,4.69731,3.89932,2.30335,0.046984,0.0305746
692,CG6-0640,2026-01-18,1,164,field,CG6-0640|2026-01-18|L1|S164,2026-01-18 11:32:36,2026-01-18 11:32:36,2026-01-18 11:32:36.000000,1,1,3373.05,,,0.0029,24.7766,34.8066,298.6,0,,,True,SINGLE_READING;,3,day3,MATCHED,D3:wor:1-164,1-164,1-164,results.zip/day3.xlsx,workbook,4.34664,34.6023,16,True,24.7766,34.8066,304.42,,0,304.42,0.15,12883.7,33051.5,False,3407.03,0.00786426,INTERPOLATED,676,714,-33.9707,0.00838192,0,True,1,-33.9707,192.65,-0.699112,59.4637,26.1921,10.0365,8.42094,6.80538,5.9976,5.18981,4.62437,4.38203,3.57425,1.95869,0.0470428,0.0306648
693,CG6-0640,2026-01-18,1,165,field,CG6-0640|2026-01-18|L1|S165,2026-01-18 11:36:30,2026-01-18 11:36:30,2026-01-18 11:36:30.000000,1,1,3372.11,,,0.0021,24.7751,34.8051,301.4,0,,,True,SINGLE_READING;,3,day3,MATCHED,D3:wor:1-165,1-165,1-165,results.zip/day3.xlsx,workbook,7.70893,50.4536,17,True,24.775,34.8051,306.605,,0,306.605,0.15,13050.3,33249.7,False,3407.03,0.00786491,INTERPOLATED,676,714,-34.9106,0.00814045,0,True,1,-34.9106,194.835,-0.80739,60.1381,26.0349,9.69608,8.0622,6.42831,5.61137,4.79442,4.22256,3.97748,3.16054,1.52665,0.0470003,0.0305997
694,CG6-0640,2026-01-18,1,166,field,CG6-0640|2026-01-18|L1|S166,2026-01-18 11:39:51,2026-01-18 11:39:51,2026-01-18 11:39:51.000000,1,1,3371.31,,,0.0033,24.7737,34.8041,294.2,0,,,True,SINGLE_READING;,3,day3,MATCHED,D3:wor:1-166,1-166,1-166,results.zip/day3.xlsx,workbook,4.96549,49.6175,18,True,24.7737,34.8041,308.831,,0,308.831,0.15,13165.9,33419.1,False,3407.03,0.00786551,INTERPOLATED,676,714,-35.7154,0.00852973,0,True,1,-35.7154,197.061,-0.899187,60.8252,26.009,9.48344,7.83089,6.17833,5.35206,4.52578,3.94739,3.6995,2.87323,1.22067,0.0470693,0.0307056
695,CG6-0640,2026-01-18,1,167,field,CG6-0640|2026-01-18|L1|S167,2026-01-18 11:44:13,2026-01-18 11:44:13,2026-01-18 11:44:13.000000,1,1,3370.56,,,0.0026,24.7723,34.8031,297.1,0,,,True,SINGLE_READING;,3,day3,MATCHED,D3:wor:1-167,1-167,1-167,results.zip/day3.xlsx,workbook,6.75878,58.3665,19,True,24.7723,34.8031,311.388,,0,311.388,0.15,13284,33592.7,False,3407.03,0.00786634,INTERPOLATED,676,714,-36.4693,0.00828489,0,True,1,-36.4693,199.618,-0.991067,61.6144,26.1361,9.39613,7.72213,6.04813,5.21113,4.37414,3.78824,3.53714,2.70014,1.02614,0.0470256,0.0306384
696,CG6-0640,2026-01-18,1,168,field,CG6-0640|2026-01-18|L1|S168,2026-01-18 11:47:31,2026-01-18 11:47:31,2026-01-18 11:47:31.000000,1,1,3369.43,,,0.0025,24.7709,34.8019,296.6,0,,,True,SINGLE_READING;,3,day3,MATCHED,D3:wor:1-168,1-168,1-168,results.zip/day3.xlsx,workbook,4.8989,61.5919,20,True,24.7708,34.8019,314.085,,0,314.085,0.15,13430.8,33777.2,False,3407.03,0.00786701,INTERPOLATED,676,714,-37.5987,0.00825468,0,True,1,-37.5987,202.315,-1.09338,62.4468,25.9415,8.97534,7.27873,5.58212,4.73381,3.8855,3.29169,3.0372,2.18889,0.492276,0.0470203,0.0306303
697,CG6-0640,2026-01-18,1,169,field,CG6-0640|2026-01-18|L1|S169,2026-01-18 11:50:56,2026-01-18 11:50:56,2026-01-18 11:50:56.000000,1,1,3368.41,,,0.0024,24.7688,34.8016,304,0,,,True,SINGLE_READING;,3,day3,MATCHED,D3:wor:1-169,1-169,1-169,results.zip/day3.xlsx,workbook,7.60508,78.0191,21,True,24.7687,34.8016,316.958,,0,316.958,0.15,13488.9,34009.2,False,3407.03,0.00786773,INTERPOLATED,676,714,-38.6177,0.00822564,0,True,1,-38.6177,205.188,-1.23863,63.3335,25.9544,8.74737,7.02667,5.30596,4.44561,3.58526,2.98301,2.7249,1.86455,0.143842,0.0470152,0.0306225
698,CG6-0640,2026-01-18,1,170,field,CG6-0640|2026-01-18|L1|S170,2026-01-18 11:54:35,2026-01-18 11:54:35,2026-01-18 11:54:35.000000,1,1,3367.84,,,0.0026,24.7673,34.8015,314.6,0,,,True,SINGLE_READING;,3,day3,MATCHED,D3:wor:1-170,1-170,1-170,results.zip/day3.xlsx,workbook,6.74478,43.9223,22,True,24.7672,34.8014,319.344,,0,319.344,0.15,13531.1,34175.5,False,3407.03,0.00786855,INTERPOLATED,676,714,-39.1882,0.00828698,0,True,1,-39.1882,207.574,-1.34112,64.07,26.2229,8.81573,7.07501,5.3343,4.46394,3.59358,2.98433,2.72323,1.85287,0.112152,0.0470259,0.030639
699,CG6-0640,2026-01-18,1,171,field,CG6-0640|2026-01-18|L1|S171,2026-01-18 11:59:02,2026-01-18 11:59:02,2026-01-18 11:59:02.000000,1,1,3367.03,,,0.0017,24.7653,34.8009,320.5,0,,,True,SINGLE_READING;,3,day3,MATCHED,D3:wor:1-171,1-171,1-171,results.zip/day3.xlsx,workbook,6.67207,162.824,1-172,True,24.7653,34.8008,321.983,,0,321.983,0.15,13626.4,34400.7,False,3407.03,0.00786959,INTERPOLATED,676,714,-39.999,0.00805112,0,True,1,-39.999,210.213,-1.47495,64.8845,26.3605,8.73202,6.96918,5.20633,4.32491,3.44349,2.82649,2.56206,1.68064,-0.0822068,0.0469849,0.0305761
700,CG6-0640,2026-01-18,1,172,field,CG6-0640|2026-01-18|L1|S172,2026-01-18 12:02:45,2026-01-18 12:02:45,2026-01-18 12:02:45.000000,1,1,3366.26,,,0.002,24.7642,34.8,321,0,,,True,SINGLE_READING;,3,day3,MATCHED,D3:kml:1-172,1-172,1-172,results.zip/day3.kml,kml_only,6.16602,150.087,1-171,True,24.7641,34.7999,324.232,,0,324.232,0.15,13740,34544.8,False,3407.03,0.00787051,INTERPOLATED,676,714,-40.7616,0.00812065,0,True,1,-40.7616,212.462,-1.55266,65.5787,26.3697,8.55265,6.77095,4.98924,4.09839,3.20753,2.58393,2.31668,1.42582,-0.355883,0.0469969,0.0305944
701,CG6-0640,2026-01-18,1,173,field,CG6-0640|2026-01-18|L1|S173,2026-01-18 12:08:13,2026-01-18 12:08:13,2026-01-18 12:08:13.000000,1,1,3365.28,,,0.0019,24.7625,34.7986,320.4,0,,,True,SINGLE_READING;,3,day3,MATCHED,D3:wor:1-173,1-173,1-173,results.zip/day3.xlsx,workbook,6.80373,190.815,1-174,True,24.7624,34.7986,326.949,,0,326.949,0.15,13905.7,34758.4,False,3407.03,0.00787194,INTERPOLATED,676,714,-41.7464,0.00809799,0,True,1,-41.7464,215.179,-1.66917,66.4172,26.34,8.29511,6.49061,4.68612,3.78388,2.88163,2.25006,1.97939,1.07714,-0.727349,0.046993,0.0305884
702,CG6-0640,2026-01-18,1,174,field,CG6-0640|2026-01-18|L1|S174,2026-01-18 12:12:02,2026-01-18 12:12:02,2026-01-18 12:12:02.000000,1,1,3364.85,,,0.0019,24.7612,34.7975,316.7,0,,,True,SINGLE_READING;,3,day3,MATCHED,D3:wor:1-174,1-174,1-174,results.zip/day3.xlsx,workbook,7.06026,177.024,1-173,True,24.7612,34.7974,328.805,,0,328.805,0.15,14050.4,34921.9,False,3407.03,0.007873,INTERPOLATED,676,714,-42.1748,0.00809902,0,True,1,-42.1748,217.035,-1.75562,66.9901,26.5709,8.3703,6.55025,4.73019,3.82017,2.91014,2.27312,2.00011,1.09008,-0.729973,0.0469932,0.0305887
703,CG6-0640,2026-01-18,1,175,field,CG6-0640|2026-01-18|L1|S175,2026-01-18 12:15:58,2026-01-18 12:15:58,2026-01-18 12:15:58.000000,1,1,3364.1,,,0.0018,24.7598,34.7964,323.9,0,,,True,SINGLE_READING;,3,day3,MATCHED,D3:wor:1-175,1-175,1-175,results.zip/day3.xlsx,workbook,3.57971,191.795,1-174,True,24.7597,34.7963,331.677,,0,331.677,0.15,14193.2,35108.2,False,3407.03,0.00787413,INTERPOLATED,676,714,-42.9264,0.00807725,0,True,1,-42.9264,219.907,-1.85505,67.8765,26.8052,8.36379,6.51965,4.67551,3.75344,2.83137,2.18592,1.9093,0.987228,-0.856912,0.0469894,0.030583
704,CG6-0640,2026-01-18,1,176,field,CG6-0640|2026-01-18|L1|S176,2026-01-18 12:20:27,2026-01-18 12:20:27,2026-01-18 12:20:27.000000,1,1,3363.43,,,0.0016,24.759,34.7945,322.7,0,,,True,SINGLE_READING;,3,day3,MATCHED,D3:wor:1-176,1-176,1-176,results.zip/day3.xlsx,workbook,6.84986,199.301,1-175,True,24.759,34.7945,333.785,,0,333.785,0.15,14392.1,35230.7,False,3407.03,0.00787548,INTERPOLATED,676,714,-43.5964,0.00803636,0,True,1,-43.5964,222.015,-1.90796,68.5271,26.8387,8.22049,6.35867,4.49686,3.56595,2.63504,1.9834,1.70413,0.77322,-1.0886,0.0469824,0.0305722
705,CG6-0640,2026-01-18,1,177,field,CG6-0640|2026-01-18|L1|S177,2026-01-18 12:24:43,2026-01-18 12:24:43,2026-01-18 12:24:43.000000,1,1,3362.61,,,0.0024,24.7577,34.7932,320.3,0,,,True,SINGLE_READING;,3,day3,MATCHED,D3:wor:1-177,1-177,1-177,results.zip/day3.xlsx,workbook,5.04374,190.805,1-176,True,24.7577,34.7932,336.126,,0,336.126,0.15,14554.2,35402.9,False,3407.03,0.00787681,INTERPOLATED,676,714,-44.4162,0.00823433,0,True,1,-44.4162,224.356,-1.99601,69.2497,26.8295,8.01503,6.13358,4.25213,3.3114,2.37068,1.71217,1.42995,0.489228,-1.39222,0.0470167,0.0306248
706,CG6-0640,2026-01-18,1,178,field,CG6-0640|2026-01-18|L1|S178,2026-01-18 12:29:09,2026-01-18 12:29:09,2026-01-18 12:29:09.000000,1,1,3362.09,,,0.0011,24.7561,34.7922,317.4,0,,,True,SINGLE_READING;,3,day3,MATCHED,D3:wor:1-178,1-178,1-178,results.zip/day3.xlsx,workbook,11.1006,173.774,1-179,True,24.756,34.7922,339.439,,0,339.439,0.15,14692,35598.9,False,3407.03,0.00787826,INTERPOLATED,676,714,-44.9393,0.00795469,0,True,1,-44.9393,227.669,-2.10869,70.2722,27.4416,8.34928,6.44005,4.53082,3.5762,2.62159,1.95336,1.66697,0.712356,-1.19688,0.0469685,0.0305508
707,CG6-0640,2026-01-18,1,179,field,CG6-0640|2026-01-18|L1|S179,2026-01-18 12:34:30,2026-01-18 12:34:30,2026-01-18 12:34:30.000000,1,1,3362.32,,,0.0017,24.7547,34.7926,321.4,0,,,True,SINGLE_READING;,3,day3,MATCHED,D3:wor:1-179,1-179,1-179,results.zip/day3.xlsx,workbook,7.36167,159.051,1-178,True,24.7546,34.7926,340.765,,0,340.765,0.15,14689.3,35746.2,False,3407.03,0.00788009,INTERPOLATED,676,714,-44.7035,0.00806138,0,True,1,-44.7035,228.995,-2.2068,70.6815,28.1847,8.9812,7.06085,5.14049,4.18032,3.22014,2.54802,2.25997,1.29979,-0.620561,0.0469867,0.0305788
708,CG6-0640,2026-01-18,1,180,field,CG6-0640|2026-01-18|L1|S180,2026-01-18 12:39:22,2026-01-18 12:39:22,2026-01-18 12:39:22.000000,1,1,3361.71,,,0.0012,24.7531,34.7936,328.6,0,,,True,SINGLE_READING;,3,day3,MATCHED,D3:kml:1-180,1-180,1-180,results.zip/day3.kml,kml_only,13.2006,164.849,1-181,True,24.753,34.7935,344.977,,0,344.977,0.15,14641.6,35897.6,False,3407.03,0.00788183,INTERPOLATED,676,714,-45.3155,0.00797266,0,True,1,-45.3155,233.207,-2.32079,71.9814,28.9867,9.42998,7.47431,5.51863,4.5408,3.56296,2.87848,2.58512,1.60729,-0.348385,0.0469716,0.0305555
709,CG6-0640,2026-01-18,1,181,field,CG6-0640|2026-01-18|L1|S181,2026-01-18 12:43:51,2026-01-18 12:43:51,2026-01-18 12:43:51.000000,1,1,3360.93,,,0.0035,24.7532,34.7919,327.7,0,,,True,SINGLE_READING;,3,day3,MATCHED,D3:wor:1-181,1-181,1-181,results.zip/day3.xlsx,workbook,7.05473,160.89,1-180,True,24.7531,34.7919,346.672,,0,346.672,0.15,14796.8,35924.6,False,3407.03,0.0078835,INTERPOLATED,676,714,-46.0989,0.00862551,0,True,1,-46.0989,234.902,-2.30986,72.5046,28.7155,9.01666,7.04677,5.07688,4.09193,3.10699,2.41753,2.12205,1.1371,-0.832786,0.0470868,0.0307323
710,CG6-0640,2026-01-18,1,182,field,CG6-0640|2026-01-18|L1|S182,2026-01-18 12:47:12,2026-01-18 12:47:12,2026-01-18 12:47:12.000000,1,1,3359.99,,,0.0063,24.7544,34.7905,332.2,0,,,True,SINGLE_READING;,3,day3,MATCHED,D3:wor:1-182,1-182,1-182,results.zip/day3.xlsx,workbook,11.9035,194.29,1-183,True,24.7543,34.7904,349.267,,0,349.267,0.15,14906.1,35825.4,False,3407.03,0.00788478,INTERPOLATED,676,714,-47.0374,0.0100926,0,True,1,-47.0374,237.497,-2.22647,73.3055,28.4946,8.57809,6.58644,4.59479,3.59896,2.60314,1.90606,1.60731,0.611487,-1.38016,0.0473775,0.0311759
711,CG6-0640,2026-01-18,1,183,field,CG6-0640|2026-01-18|L1|S183,2026-01-18 12:50:53,2026-01-18 12:50:53,2026-01-18 12:50:53.000000,1,1,3358.86,,,0.0071,24.7552,34.7887,336.4,0,,STDDEV_GT_0.050,True,SINGLE_READING;,3,day3,MATCHED,D3:wor:1-183,1-183,1-183,results.zip/day3.xlsx,workbook,12.1735,196.798,1-182,True,24.7551,34.7887,351.757,,0,351.757,0.15,15054.8,35784.2,False,3407.03,0.00788623,INTERPOLATED,676,714,-48.1608,0.0106114,0,True,1,-48.1608,239.987,-2.17275,74.0741,28.086,7.96072,5.94819,3.93566,2.9294,1.92313,1.21874,0.916865,-0.0894005,-2.10193,0.0474907,0.0313477
712,CG6-0640,2026-01-18,1,184,field,CG6-0640|2026-01-18|L1|S184,2026-01-18 13:03:12,2026-01-18 13:03:12,2026-01-18 13:03:12.000000,1,1,3357.63,,,0.0023,24.7551,34.7867,342,0,,,True,SINGLE_READING;,3,day3,MATCHED,D3:wor:1-184,1-184,1-184,results.zip/day3.xlsx,workbook,10.594,201.703,1-183,True,24.755,34.7867,354.712,,0,354.712,0.15,15257.7,35846.2,False,3407.03,0.00789138,INTERPOLATED,676,714,-49.4004,0.00821973,0,True,1,-49.4004,242.942,-2.17818,74.9861,27.7639,7.39077,5.35346,3.31614,2.29749,1.27883,0.565774,0.260178,-0.758478,-2.79579,0.0470141,0.0306209
713,CG6-0640,2026-01-18,1,185,field,CG6-0640|2026-01-18|L1|S185,2026-01-18 13:07:20,2026-01-18 13:07:20,2026-01-18 13:07:20.000000,1,1,3356.5,,,0.0022,24.7554,34.7846,346,0,,,True,SINGLE_READING;,3,day3,MATCHED,D3:wor:1-185,1-185,1-185,results.zip/day3.xlsx,workbook,16.416,212.066,1-184,True,24.7553,34.7846,357.418,,0,357.418,0.15,15456.9,35871.2,False,3407.03,0.00789321,INTERPOLATED,676,714,-50.5239,0.00819407,0,True,1,-50.5239,245.648,-2.16256,75.8213,27.46,6.85992,4.79992,2.73991,1.70991,0.679911,-0.0410909,-0.350092,-1.38009,-3.4401,0.0470096,0.030614
718,CG6-0640,2026-01-19,1,186,field,CG6-0640|2026-01-19|L1|S186,2026-01-19 10:01:59,2026-01-19 10:01:59,2026-01-19 10:01:59.000000,1,1,3361.69,,,0.0021,24.753,34.7935,325.3,0,,,True,SINGLE_READING;,4,day4,MATCHED,D4:wor:1-186,1-186,1-186,results.zip/day4.xlsx,workbook,5.71498,182.433,1-187,True,24.7529,34.7935,344.744,,0,344.744,0.15,14646.1,35908.1,False,3407.01,0.00794123,INTERPOLATED,717,771,-45.3233,0.00821421,0,True,1,-45.3233,232.974,-2.32308,71.9096,28.9093,9.37215,7.41843,5.46471,4.48785,3.51099,2.82719,2.53413,1.55727,-0.396451,0.0470132,0.0306194
719,CG6-0640,2026-01-19,1,187,field,CG6-0640|2026-01-19|L1|S187,2026-01-19 10:09:52,2026-01-19 10:09:52,2026-01-19 10:09:52.000000,1,1,3361.35,,,0.0027,24.7517,34.7946,341.8,0,,,True,SINGLE_READING;,4,day4,MATCHED,D4:wor:1-187,1-187,1-187,results.zip/day4.xlsx,workbook,6.78959,174.576,1-186,True,24.7516,34.7945,346.691,,0,346.691,0.15,14584.5,36025.8,False,3407.01,0.00793662,INTERPOLATED,717,771,-45.656,0.00838331,0,True,1,-45.656,234.921,-2.41346,72.5105,29.2679,9.56742,7.59738,5.62733,4.64231,3.65728,2.96777,2.67226,1.68723,-0.282813,0.047043,0.0306652
720,CG6-0640,2026-01-19,1,188,field,CG6-0640|2026-01-19|L1|S188,2026-01-19 10:13:12,2026-01-19 10:13:12,2026-01-19 10:13:12.000000,1,1,3360.22,,,0.0019,24.7494,34.7947,349.5,0,,,True,SINGLE_READING;,4,day4,MATCHED,D4:wor:1-188,1-188,1-188,results.zip/day4.xlsx,workbook,4.17722,241.498,1-187,True,24.7494,34.7947,350.386,,0,350.386,0.15,14639.8,36263,False,3407.01,0.00793471,INTERPOLATED,717,771,-46.7888,0.00815902,0,True,1,-46.7888,238.616,-2.5645,73.6509,29.4266,9.41624,7.41521,5.41417,4.41366,3.41314,2.71278,2.41262,1.41211,-0.588927,0.0470036,0.0306047
721,CG6-0640,2026-01-19,1,189,field,CG6-0640|2026-01-19|L1|S189,2026-01-19 10:18:00,2026-01-19 10:18:00,2026-01-19 10:18:00.000000,1,1,3358.88,,,0.0015,24.7475,34.7926,345.6,0,,,True,SINGLE_READING;,4,day4,MATCHED,D4:kml:1-189,1-189,1-189,results.zip/day4.kml,kml_only,8.71675,285.49,1-190,True,24.7474,34.7926,355.004,,0,355.004,0.15,14905.7,36522.8,False,3407.01,0.00793202,INTERPOLATED,717,771,-48.1246,0.0080726,0,True,1,-48.1246,243.234,-2.70015,75.0763,29.6519,9.25426,7.2145,5.17474,4.15485,3.13497,2.42106,2.11509,1.09521,-0.94455,0.0469886,0.0305817
722,CG6-0640,2026-01-19,1,190,field,CG6-0640|2026-01-19|L1|S190,2026-01-19 10:22:41,2026-01-19 10:22:41,2026-01-19 10:22:41.000000,1,1,3357.65,,,0.0023,24.7457,34.7907,346.4,0,,,True,SINGLE_READING;,4,day4,MATCHED,D4:wor:1-190,1-190,1-190,results.zip/day4.xlsx,workbook,9.08828,213.513,1-191,True,24.7457,34.7906,358.853,,0,358.853,0.15,15150,36759.8,False,3407.01,0.00792944,INTERPOLATED,717,771,-49.3584,0.00825627,0,True,1,-49.3584,247.083,-2.82172,76.2642,29.7275,9.00713,6.93509,4.86306,3.82704,2.79102,2.0658,1.755,0.71898,-1.35306,0.0470205,0.0306307
723,CG6-0640,2026-01-19,1,191,field,CG6-0640|2026-01-19|L1|S191,2026-01-19 10:26:03,2026-01-19 10:26:03,2026-01-19 10:26:03.000000,1,1,3357.02,,,0.0027,24.7443,34.7894,349.5,0,,,True,SINGLE_READING;,4,day4,MATCHED,D4:wor:1-191,1-191,1-191,results.zip/day4.xlsx,workbook,8.88011,196.743,1-190,True,24.7442,34.7894,361.58,,0,361.58,0.15,15323.1,36945.3,False,3407.01,0.00792762,INTERPOLATED,717,771,-49.9917,0.00837479,0,True,1,-49.9917,249.81,-2.92028,77.1059,30.0345,9.08542,6.99051,4.89561,3.84815,2.8007,2.06748,1.75325,0.705793,-1.38911,0.0470415,0.0306629
724,CG6-0640,2026-01-19,1,192,field,CG6-0640|2026-01-19|L1|S192,2026-01-19 10:29:23,2026-01-19 10:29:23,2026-01-19 10:29:23.000000,1,1,3355.93,,,0.0015,24.743,34.788,354.9,0,,,True,SINGLE_READING;,4,day4,MATCHED,D4:wor:1-192,1-192,1-192,results.zip/day4.xlsx,workbook,5.838,192.354,1-191,True,24.743,34.788,364.26,,0,364.26,0.15,15500.8,37116.7,False,3407.01,0.00792584,INTERPOLATED,717,771,-51.0793,0.00806654,0,True,1,-51.0793,252.49,-3.00576,77.933,29.8595,8.6857,6.56832,4.45093,3.39224,2.33355,1.59247,1.27486,0.216172,-1.90121,0.0469876,0.0305801
725,CG6-0640,2026-01-19,1,193,field,CG6-0640|2026-01-19|L1|S193,2026-01-19 10:33:13,2026-01-19 10:33:13,2026-01-19 10:33:13.000000,1,1,3354.67,,,0.0019,24.7408,34.7871,361.1,0,,,True,SINGLE_READING;,4,day4,MATCHED,D4:wor:1-193,1-193,1-193,results.zip/day4.xlsx,workbook,9.43794,259.461,1-192,True,24.7407,34.7871,368.201,,0,368.201,0.15,15665.9,37380.7,False,3407.01,0.00792384,INTERPOLATED,717,771,-52.3435,0.00814845,0,True,1,-52.3435,256.431,-3.16194,79.1494,29.9678,8.46349,6.31306,4.16263,3.08742,2.0122,1.25955,0.936989,-0.138227,-2.28866,0.0470017,0.0306018
726,CG6-0640,2026-01-19,1,194,field,CG6-0640|2026-01-19|L1|S194,2026-01-19 10:37:49,2026-01-19 10:37:49,2026-01-19 10:37:49.000000,1,1,3353.34,,,0.0014,24.7384,34.7895,366.5,0,,,True,SINGLE_READING;,4,day4,MATCHED,D4:kml:1-194,1-194,1-194,results.zip/day4.kml,kml_only,7.3024,265.898,1-195,True,24.7383,34.7894,373.508,,0,373.508,0.15,15528.3,37580.8,False,3407.01,0.00792148,INTERPOLATED,717,771,-53.6654,0.00804424,0,True,1,-53.6654,261.738,-3.32413,80.7875,30.4462,8.49676,6.30182,4.10688,3.00941,1.91194,1.14372,0.814475,-0.282994,-2.47793,0.0469838,0.0305743
727,CG6-0640,2026-01-19,1,195,field,CG6-0640|2026-01-19|L1|S195,2026-01-19 10:41:52,2026-01-19 10:41:52,2026-01-19 10:41:52.000000,1,1,3352.45,,,0.0022,24.7361,34.79,374.2,0,,,True,SINGLE_READING;,4,day4,MATCHED,D4:wor:1-195,1-195,1-195,results.zip/day4.xlsx,workbook,10.7164,214.452,1-196,True,24.736,34.7899,376.848,,0,376.848,0.15,15573.1,37814.9,False,3407.01,0.00791944,INTERPOLATED,717,771,-54.5621,0.00821934,0,True,1,-54.5621,265.078,-3.48213,81.8182,30.7382,8.50875,6.28581,4.06286,2.95139,1.83992,1.06189,0.728445,-0.383027,-2.60597,0.0470141,0.0306208
728,CG6-0640,2026-01-19,1,196,field,CG6-0640|2026-01-19|L1|S196,2026-01-19 10:45:09,2026-01-19 10:45:09,2026-01-19 10:45:09.000000,1,0,,,,,24.7342,34.7903,374,0,GROSS_RANGE_GT_500;OVERFLOW_FIELD;TILT_GT_30,,False,NO_ACCEPTED_READING;,4,day4,MATCHED,D4:wor:1-196,1-196,1-196,results.zip/day4.xlsx,workbook,5.09053,200.535,1-197,True,24.7342,34.7903,379.631,,0,379.631,0.15,15618.2,38011,False,3407.01,0.00791782,INTERPOLATED,717,771,,,0,False,1,,267.861,-3.60701,82.6771,,,,,,,,,,,,
729,CG6-0640,2026-01-19,1,197,field,CG6-0640|2026-01-19|L1|S197,2026-01-19 10:49:03,2026-01-19 10:49:03,2026-01-19 10:49:03.000000,1,1,3350.22,,,0.0015,24.7325,34.7899,371.8,0,,,True,SINGLE_READING;,4,day4,MATCHED,D4:wor:1-197,1-197,1-197,results.zip/day4.xlsx,workbook,6.81319,193.363,1-196,True,24.7325,34.7899,382.2,,0,382.2,0.15,15726.6,38207.4,False,3407.01,0.00791593,INTERPOLATED,717,771,-56.787,0.00805679,0,True,1,-56.787,270.43,-3.72619,83.47,30.4092,7.73093,5.4631,3.19528,2.06137,0.927452,0.133713,-0.206461,-1.34037,-3.6082,0.0469859,0.0305776
730,CG6-0640,2026-01-19,1,198,field,CG6-0640|2026-01-19|L1|S198,2026-01-19 10:52:45,2026-01-19 10:52:45,2026-01-19 10:52:45.000000,1,1,3349.45,,,0.0021,24.7307,34.7895,369.2,0,,,True,SINGLE_READING;,4,day4,MATCHED,D4:wor:1-198,1-198,1-198,results.zip/day4.xlsx,workbook,9.55891,195.644,1-197,True,24.7307,34.7894,385.175,,0,385.175,0.15,15841.5,38407,False,3407.01,0.00791417,INTERPOLATED,717,771,-57.5563,0.00818804,0,True,1,-57.5563,273.405,-3.84836,84.3882,30.6802,7.75248,5.45971,3.16693,2.02054,0.874158,0.0716867,-0.272229,-1.41862,-3.71139,0.0470086,0.0306124
731,CG6-0640,2026-01-19,1,199,field,CG6-0640|2026-01-19|L1|S199,2026-01-19 10:59:58,2026-01-19 10:59:58,2026-01-19 10:59:58.000000,1,1,3347.78,,,0.0021,24.7274,34.7893,385.7,0,,,True,SINGLE_READING;,4,day4,MATCHED,D4:wor:1-199,1-199,1-199,results.zip/day4.xlsx,workbook,6.43381,210.33,1-200,True,24.7273,34.7892,390.963,,0,390.963,0.15,16013.4,38776.2,False,3407.01,0.00791083,INTERPOLATED,717,771,-59.2256,0.00818482,0,True,1,-59.2256,279.193,-4.07869,86.1746,31.0277,7.61458,5.27327,2.93196,1.7613,0.590643,-0.228817,-0.580013,-1.75067,-4.09198,0.047008,0.0306115
732,CG6-0640,2026-01-19,1,200,field,CG6-0640|2026-01-19|L1|S200,2026-01-19 11:05:54,2026-01-19 11:05:54,2026-01-19 11:05:54.000000,1,1,3346.7,,,0.0023,24.7256,34.79,379.2,0,,,True,SINGLE_READING;,4,day4,MATCHED,D4:wor:1-200,1-200,1-200,results.zip/day4.xlsx,workbook,6.82452,201.427,1-199,True,24.7256,34.79,394.293,,0,394.293,0.15,16029.6,38947.3,False,3407.01,0.00790818,INTERPOLATED,717,771,-60.3074,0.00823586,0,True,1,-60.3074,282.523,-4.19806,87.2024,31.093,7.40063,5.03139,2.66215,1.47754,0.292916,-0.536317,-0.891703,-2.07632,-4.44556,0.0470169,0.0306252
733,CG6-0640,2026-01-19,1,201,field,CG6-0640|2026-01-19|L1|S201,2026-01-19 11:10:27,2026-01-19 11:10:27,2026-01-19 11:10:27.000000,1,1,3345.75,,,0.0012,24.7236,34.7891,389.4,0,,,True,SINGLE_READING;,4,day4,MATCHED,D4:wor:1-201,1-201,1-201,results.zip/day4.xlsx,workbook,5.57554,231.293,1-200,True,24.7236,34.7891,397.303,,0,397.303,0.15,16200.7,39183.4,False,3407.01,0.00790621,INTERPOLATED,717,771,-61.2621,0.00799676,0,True,1,-61.2621,285.533,-4.33286,88.1314,31.2022,7.25736,4.86288,2.4684,1.27116,0.0739228,-0.764145,-1.12332,-2.32056,-4.71504,0.0469757,0.0305618
734,CG6-0640,2026-01-19,1,202,field,CG6-0640|2026-01-19|L1|S202,2026-01-19 11:15:08,2026-01-19 11:15:08,2026-01-19 11:15:08.000000,1,1,3344.11,,,0.0018,24.7233,34.7854,393.8,0,,,True,SINGLE_READING;,4,day4,MATCHED,D4:kml:1-202,1-202,1-202,results.zip/day4.kml,kml_only,6.56361,223.074,1-203,True,24.7232,34.7854,403.157,,0,403.157,0.15,16559.3,39313,False,3407.01,0.00790424,INTERPOLATED,717,771,-62.9006,0.0081066,0,True,1,-62.9006,291.387,-4.36221,89.938,31.3997,6.964,4.52043,2.07686,0.85508,-0.366705,-1.22195,-1.58849,-2.81027,-5.25384,0.0469945,0.0305907
735,CG6-0640,2026-01-19,1,203,field,CG6-0640|2026-01-19|L1|S203,2026-01-19 11:18:21,2026-01-19 11:18:21,2026-01-19 11:18:21.000000,1,1,3343.12,,,0.0025,24.7222,34.7836,396.5,0,,,True,SINGLE_READING;,4,day4,MATCHED,D4:wor:1-203,1-203,1-203,results.zip/day4.xlsx,workbook,3.09918,214.961,1-202,True,24.7222,34.7835,407.231,,0,407.231,0.15,16778.1,39468.8,False,3407.01,0.00790291,INTERPOLATED,717,771,-63.8938,0.00828891,0,True,1,-63.8938,295.461,-4.42968,91.1955,31.7314,6.95399,4.47626,1.99852,0.759655,-0.479213,-1.34642,-1.71808,-2.95695,-5.43468,0.0470263,0.0306395
736,CG6-0640,2026-01-19,1,204,field,CG6-0640|2026-01-19|L1|S204,2026-01-19 11:22:49,2026-01-19 11:22:49,2026-01-19 11:22:49.000000,1,1,3341.3,,,0.0015,24.7199,34.7832,417.6,0,,,True,SINGLE_READING;,4,day4,MATCHED,D4:wor:1-204,1-204,1-204,results.zip/day4.xlsx,workbook,9.1579,237.074,1-205,True,24.7198,34.7832,413.271,,0,413.271,0.15,16923.7,39727.6,False,3407.01,0.00790111,INTERPOLATED,717,771,-65.7122,0.00804224,0,True,1,-65.7122,301.501,-4.59288,93.0596,31.9403,6.65644,4.12805,1.59967,0.335473,-0.928721,-1.81366,-2.19291,-3.45711,-5.9855,0.0469834,0.0305737
737,CG6-0640,2026-01-19,1,205,field,CG6-0640|2026-01-19|L1|S205,2026-01-19 11:28:38,2026-01-19 11:28:38,2026-01-19 11:28:38.000000,1,1,3340.24,,,0.0019,24.7182,34.7845,406.8,0,,,True,SINGLE_READING;,4,day4,MATCHED,D4:wor:1-205,1-205,1-205,results.zip/day4.xlsx,workbook,8.22131,219.403,1-206,True,24.7181,34.7845,417.084,,0,417.084,0.15,16888.9,39881.6,False,3407.01,0.00789884,INTERPOLATED,717,771,-66.7708,0.00812414,0,True,1,-66.7708,305.314,-4.7098,94.2364,32.1754,6.57178,4.01141,1.45105,0.170869,-1.10931,-2.00544,-2.38949,-3.66968,-6.23004,0.0469975,0.0305954
738,CG6-0640,2026-01-19,1,206,field,CG6-0640|2026-01-19|L1|S206,2026-01-19 11:33:13,2026-01-19 11:33:13,2026-01-19 11:33:13.000000,1,1,3338.77,,,0.0011,24.7163,34.7843,410.2,0,,,True,SINGLE_READING;,4,day4,MATCHED,D4:wor:1-206,1-206,1-206,results.zip/day4.xlsx,workbook,5.46823,206.627,1-205,True,24.7162,34.7843,420.256,,0,420.256,0.15,17002.4,40093.1,False,3407.01,0.00789711,INTERPOLATED,717,771,-68.2409,0.00797336,0,True,1,-68.2409,308.486,-4.84027,95.2154,31.8148,5.94518,3.35821,0.77125,-0.522232,-1.81571,-2.72115,-3.1092,-4.40268,-6.98964,0.0469717,0.0305557
739,CG6-0640,2026-01-19,1,207,field,CG6-0640|2026-01-19|L1|S207,2026-01-19 11:36:46,2026-01-19 11:36:46,2026-01-19 11:36:46.000000,1,1,3337.27,,,0.0014,24.7144,34.7847,416.2,0,,,True,SINGLE_READING;,4,day4,MATCHED,D4:wor:1-207,1-207,1-207,results.zip/day4.xlsx,workbook,10.4752,208.295,1-206,True,24.7143,34.7847,424.645,,0,424.645,0.15,17069.4,40289.6,False,3407.01,0.00789581,INTERPOLATED,717,771,-69.7401,0.00801897,0,True,1,-69.7401,312.875,-4.97294,96.57,31.8029,5.5652,2.94143,0.317663,-0.994221,-2.30611,-3.22443,-3.61799,-4.92988,-7.55365,0.0469794,0.0305676
740,CG6-0640,2026-01-19,1,208,field,CG6-0640|2026-01-19|L1|S208,2026-01-19 11:40:16,2026-01-19 11:40:16,2026-01-19 11:40:16.000000,1,1,3336.15,,,0.0019,24.7128,34.7859,419.1,0,,,True,SINGLE_READING;,4,day4,MATCHED,D4:wor:1-208,1-208,1-208,results.zip/day4.xlsx,workbook,7.28851,211.765,1-207,True,24.7127,34.7859,428.199,,0,428.199,0.15,17042.2,40432.5,False,3407.01,0.00789455,INTERPOLATED,717,771,-70.8556,0.00811997,0,True,1,-70.8556,316.429,-5.08017,97.6669,31.8915,5.35576,2.70219,0.0486139,-1.27817,-2.60496,-3.53371,-3.93175,-5.25853,-7.91211,0.0469968,0.0305943
741,CG6-0640,2026-01-19,1,209,field,CG6-0640|2026-01-19|L1|S209,2026-01-19 11:44:00,2026-01-19 11:44:00,2026-01-19 11:44:00.000000,1,1,3335.07,,,0.0016,24.7112,34.787,422.5,0,,,True,SINGLE_READING;,4,day4,MATCHED,D4:wor:1-209,1-209,1-209,results.zip/day4.xlsx,workbook,10.4464,205.941,1-208,True,24.7111,34.7869,431.345,,0,431.345,0.15,17036.4,40584.3,False,3407.01,0.00789325,INTERPOLATED,717,771,-71.9355,0.00805378,0,True,1,-71.9355,319.575,-5.19245,98.6379,31.8948,5.09521,2.41526,-0.2647,-1.60468,-2.94466,-3.88264,-4.28463,-5.62461,-8.30457,0.0469854,0.0305768
742,CG6-0640,2026-01-19,1,210,field,CG6-0640|2026-01-19|L1|S210,2026-01-19 11:48:37,2026-01-19 11:48:37,2026-01-19 11:48:37.000000,1,1,3333.36,,,0.0018,24.7091,34.7852,426.7,0,,,True,SINGLE_READING;,4,day4,MATCHED,D4:kml:1-210,1-210,1-210,results.zip/day4.kml,kml_only,5.87599,241.938,1-211,True,24.7091,34.7852,436.525,,0,436.525,0.15,17304.2,40843.5,False,3407.01,0.00789168,INTERPOLATED,717,771,-73.6535,0.00809436,0,True,1,-73.6535,324.755,-5.32917,100.237,31.9124,4.6784,1.955,-0.768402,-2.1301,-3.4918,-4.44499,-4.8535,-6.2152,-8.9386,0.0469924,0.0305875
743,CG6-0640,2026-01-19,1,211,field,CG6-0640|2026-01-19|L1|S211,2026-01-19 11:53:44,2026-01-19 11:53:44,2026-01-19 11:53:44.000000,1,1,3331.75,,,0.0015,24.7076,34.7837,439.4,0,,,True,SINGLE_READING;,4,day4,MATCHED,D4:kml:1-211,1-211,1-211,results.zip/day4.kml,kml_only,7.76747,221.7,1-212,True,24.7075,34.7836,441.557,,0,441.557,0.15,17528.1,41049.5,False,3407.01,0.00789001,INTERPOLATED,717,771,-75.2633,0.00803133,0,True,1,-75.2633,329.787,-5.43792,101.79,31.9644,4.3084,1.5428,-1.2228,-2.6056,-3.98839,-4.95635,-5.37119,-6.75399,-9.51959,0.0469816,0.0305709
744,CG6-0640,2026-01-19,1,212,field,CG6-0640|2026-01-19|L1|S212,2026-01-19 12:03:22,2026-01-19 12:03:22,2026-01-19 12:03:22.000000,1,1,3330.64,,,0.0033,24.7071,34.7816,436.2,0,,,True,SINGLE_READING;,4,day4,MATCHED,D4:wor:1-212,1-212,1-212,results.zip/day4.xlsx,workbook,8.60624,213.004,1-211,True,24.707,34.7816,444.942,,0,444.942,0.15,17735.7,41148.7,False,3407.01,0.00788703,INTERPOLATED,717,771,-76.3688,0.00854958,0,True,1,-76.3688,333.172,-5.46994,102.834,31.9354,3.99563,1.20165,-1.59233,-2.98932,-4.38631,-5.36421,-5.7833,-7.18029,-9.97427,0.0470729,0.0307111
745,CG6-0640,2026-01-19,1,213,field,CG6-0640|2026-01-19|L1|S213,2026-01-19 12:07:23,2026-01-19 12:07:23,2026-01-19 12:07:23.000000,1,1,3329.21,,,0.0021,24.7062,34.7797,446.5,0,,,True,SINGLE_READING;,4,day4,MATCHED,D4:kml:1-213,1-213,1-213,results.zip/day4.kml,kml_only,2.98061,200.279,1-214,True,24.7062,34.7797,450.412,,0,450.412,0.15,17953.2,41291.1,False,3407.01,0.00788586,INTERPOLATED,717,771,-77.8002,0.00816068,0,True,1,-77.8002,338.642,-5.52784,104.522,32.2501,3.85158,1.01173,-1.82812,-3.24805,-4.66797,-5.66192,-6.0879,-7.50782,-10.3477,0.0470038,0.0306051
746,CG6-0640,2026-01-19,1,214,field,CG6-0640|2026-01-19|L1|S214,2026-01-19 12:11:29,2026-01-19 12:11:29,2026-01-19 12:11:29.000000,1,1,3327.92,,,0.0014,24.707,34.7779,452.6,0,,,True,SINGLE_READING;,4,day4,MATCHED,D4:wor:1-214,1-214,1-214,results.zip/day4.xlsx,workbook,7.07842,202.563,1-213,True,24.7069,34.7778,455.481,,0,455.481,0.15,18068.5,41252.5,False,3407.01,0.0078847,INTERPOLATED,717,771,-79.0861,0.00800803,0,True,1,-79.0861,343.711,-5.47793,106.087,32.4787,3.65511,0.772745,-2.10962,-3.5508,-4.99198,-6.0008,-6.43316,-7.87434,-10.7567,0.0469776,0.0305647
747,CG6-0640,2026-01-19,1,215,field,CG6-0640|2026-01-19|L1|S215,2026-01-19 12:15:05,2026-01-19 12:15:05,2026-01-19 12:15:05.000000,1,1,3326.56,,,0.0021,24.7069,34.7758,435.4,0,,,True,SINGLE_READING;,4,day4,MATCHED,D4:wor:1-215,1-215,1-215,results.zip/day4.xlsx,workbook,14.3995,185.629,1-216,True,24.7068,34.7759,459.492,,0,459.492,0.15,18250.8,41309.2,False,3407.01,0.00788372,INTERPOLATED,717,771,-80.4502,0.00815862,0,True,1,-80.4502,347.722,-5.48658,107.325,32.3612,3.20123,0.285229,-2.63077,-4.08877,-5.54676,-6.56736,-7.00476,-8.46276,-11.3788,0.0470035,0.0306045
748,CG6-0640,2026-01-19,1,216,field,CG6-0640|2026-01-19|L1|S216,2026-01-19 12:19:24,2026-01-19 12:19:24,2026-01-19 12:19:24.000000,1,1,3325.47,,,0.0016,24.7073,34.774,437.5,0,,,True,SINGLE_READING;,4,day4,MATCHED,D4:kml:1-216,1-216,1-216,results.zip/day4.kml,kml_only,7.98205,195.692,1-215,True,24.7072,34.774,462.549,,0,462.549,0.15,18390.6,41313.1,False,3407.01,0.00788259,INTERPOLATED,717,771,-81.5398,0.00804333,0,True,1,-81.5398,350.779,-5.45593,108.268,32.1844,2.76805,-0.173578,-3.11521,-4.58603,-6.05684,-7.08641,-7.52766,-8.99847,-11.9401,0.0469836,0.030574
749,CG6-0640,2026-01-19,1,217,field,CG6-0640|2026-01-19|L1|S217,2026-01-19 12:28:11,2026-01-19 12:28:11,2026-01-19 12:28:11.000000,1,1,3324.13,,,0.0086,24.7065,34.7721,447,0,,STDDEV_GT_0.050,True,SINGLE_READING;,4,day4,MATCHED,D4:wor:1-217,1-217,1-217,results.zip/day4.xlsx,workbook,9.02446,210.99,1-216,True,24.7064,34.7721,466.733,,0,466.733,0.15,18603.2,41453,False,3407.01,0.00788042,INTERPOLATED,717,771,-82.8784,0.0116645,0,True,1,-82.8784,354.963,-5.51487,109.56,32.1961,2.42887,-0.547848,-3.52457,-5.01293,-6.50129,-7.54314,-7.98965,-9.47801,-12.4547,0.047737,0.0317196
750,CG6-0640,2026-01-19,1,218,field,CG6-0640|2026-01-19|L1|S218,2026-01-19 12:31:56,2026-01-19 12:31:56,2026-01-19 12:31:56.000000,1,1,3322.26,,,0.0015,24.705,34.7708,449.9,0,,,True,SINGLE_READING;,4,day4,MATCHED,D4:wor:1-218,1-218,1-218,results.zip/day4.xlsx,workbook,7.17899,200.373,1-217,True,24.705,34.7708,470.857,,0,470.857,0.15,18795.8,41640.8,False,3407.01,0.00787956,INTERPOLATED,717,771,-84.7499,0.00802106,0,True,1,-84.7499,359.087,-5.6118,110.832,31.6943,1.58125,-1.43005,-4.44135,-5.947,-7.45266,-8.50661,-8.95831,-10.464,-13.4753,0.0469798,0.0305682
751,CG6-0640,2026-01-19,1,219,field,CG6-0640|2026-01-19|L1|S219,2026-01-19 12:35:33,2026-01-19 12:35:33,2026-01-19 12:35:33.000000,1,1,3320.46,,,0.0016,24.7051,34.7686,454.5,0,,,True,SINGLE_READING;,4,day4,MATCHED,D4:wor:1-219,1-219,1-219,results.zip/day4.xlsx,workbook,12.3799,228.719,1-218,True,24.705,34.7686,476.044,,0,476.044,0.15,18992.1,41691.9,False,3407.01,0.00787876,INTERPOLATED,717,771,-86.5481,0.00803958,0,True,1,-86.5481,364.274,-5.60952,112.433,31.4946,0.946604,-2.1082,-5.163,-6.6904,-8.2178,-9.28698,-9.7452,-11.2726,-14.3274,0.046983,0.030573
752,CG6-0640,2026-01-19,1,220,field,CG6-0640|2026-01-19|L1|S220,2026-01-19 12:39:25,2026-01-19 12:39:25,2026-01-19 12:39:25.000000,1,1,3318.86,,,0.0016,24.7056,34.7662,441.4,0,,,True,SINGLE_READING;,4,day4,MATCHED,D4:wor:1-220,1-220,1-220,results.zip/day4.xlsx,workbook,13.1924,218.937,1-221,True,24.7055,34.7663,481.537,,0,481.537,0.15,19175,41702.8,False,3407.01,0.00787793,INTERPOLATED,717,771,-88.1547,0.00803877,0,True,1,-88.1547,369.767,-5.57604,114.128,31.5498,0.541153,-2.55971,-5.66058,-7.21101,-8.76145,-9.84675,-10.3119,-11.8623,-14.9632,0.0469828,0.0305728
753,CG6-0640,2026-01-19,1,221,field,CG6-0640|2026-01-19|L1|S221,2026-01-19 12:43:10,2026-01-19 12:43:10,2026-01-19 12:43:10.000000,1,1,3317.57,,,0.0021,24.7063,34.7642,471.5,0,,,True,SINGLE_READING;,4,day4,MATCHED,D4:kml:1-221,1-221,1-221,results.zip/day4.kml,kml_only,10.0021,229.598,1-220,True,24.7062,34.7641,486.511,,0,486.511,0.15,19324.6,41688.7,False,3407.01,0.00787717,INTERPOLATED,717,771,-89.4382,0.00815229,0,True,1,-89.4382,374.741,-5.52939,115.664,31.7547,0.328953,-2.81363,-5.95621,-7.52749,-9.09878,-10.1987,-10.6701,-12.2414,-15.3839,0.0470024,0.0306029
754,CG6-0640,2026-01-19,1,222,field,CG6-0640|2026-01-19|L1|S222,2026-01-19 12:46:31,2026-01-19 12:46:31,2026-01-19 12:46:31.000000,1,1,3315.9,,,0.0015,24.7068,34.7619,474.1,0,,,True,SINGLE_READING;,4,day4,MATCHED,D4:wor:1-222,1-222,1-222,results.zip/day4.xlsx,workbook,9.08348,196.872,1-223,True,24.7067,34.7619,491.947,,0,491.947,0.15,19499.8,41694,False,3407.01,0.00787652,INTERPOLATED,717,771,-91.1125,0.00801808,0,True,1,-91.1125,380.177,-5.49157,117.341,31.7203,-0.161393,-3.34956,-6.53772,-8.1318,-9.72589,-10.8417,-11.32,-12.9141,-16.1022,0.0469793,0.0305674
755,CG6-0640,2026-01-19,1,223,field,CG6-0640|2026-01-19|L1|S223,2026-01-19 12:49:34,2026-01-19 12:49:34,2026-01-19 12:49:34.000000,1,1,3314.56,,,0.0038,24.7073,34.76,478.4,0,,,True,SINGLE_READING;,4,day4,MATCHED,D4:kml:1-223,1-223,1-223,results.zip/day4.kml,kml_only,3.77253,159.256,1-224,True,24.7072,34.76,498.277,,0,498.277,0.15,19648.7,41698.8,False,3407.01,0.00787595,INTERPOLATED,717,771,-92.4504,0.00874475,0,True,1,-92.4504,386.507,-5.45565,119.295,32.2999,-0.112566,-3.35381,-6.59506,-8.21568,-9.8363,-10.9707,-11.4569,-13.0775,-16.3188,0.0471088,0.030766
756,CG6-0640,2026-01-19,1,224,field,CG6-0640|2026-01-19|L1|S224,2026-01-19 12:53:27,2026-01-19 12:53:27,2026-01-19 12:53:27.000000,1,1,3313.48,,,0.0028,24.7076,34.7584,483.9,0,,,True,SINGLE_READING;,4,day4,MATCHED,D4:kml:1-224,1-224,1-224,results.zip/day4.kml,kml_only,3.23165,65.3239,1-225,True,24.7076,34.7584,502.07,,0,502.07,0.15,19770.7,41705.4,False,3407.01,0.00787527,INTERPOLATED,717,771,-93.5338,0.00835822,0,True,1,-93.5338,390.3,-5.43138,120.465,32.3628,-0.367688,-3.64074,-6.91379,-8.55032,-10.1868,-11.3324,-11.8234,-13.4599,-16.733,0.0470385,0.0306584
757,CG6-0640,2026-01-19,1,225,field,CG6-0640|2026-01-19|L1|S225,2026-01-19 12:56:48,2026-01-19 12:56:48,2026-01-19 12:56:48.000000,1,1,3312.64,,,0.0009,24.7076,34.7579,487,0,,,True,SINGLE_READING;,4,day4,MATCHED,D4:kml:1-225,1-225,1-225,results.zip/day4.kml,kml_only,19.157,57.4266,1-224,True,24.7075,34.7578,501.413,,0,501.413,0.15,19820.4,41720.9,False,3407.01,0.0078747,INTERPOLATED,717,771,-94.3728,0.00792596,0,True,1,-94.3728,389.643,-5.44014,120.263,31.3301,-1.34543,-4.61298,-7.88053,-9.5143,-11.1481,-12.2917,-12.7819,-14.4156,-17.6832,0.0469637,0.0305433
758,CG6-0640,2026-01-19,1,226,field,CG6-0640|2026-01-19|L1|S226,2026-01-19 13:27:34,2026-01-19 13:27:34,2026-01-19 13:27:34.000000,1,1,3360.73,,,0.003,24.7535,34.7915,328.6,0,,,True,SINGLE_READING;,4,day4,MATCHED,D4:wor:1-226,1-226,1-226,results.zip/day4.xlsx,workbook,8.91718,211.936,1-186,True,24.7534,34.7915,346.762,,0,346.762,0.15,14828.9,35903.3,False,3407.01,0.00787082,INTERPOLATED,717,771,-46.2841,0.00842317,0,True,1,-46.2841,234.992,-2.29112,72.5324,28.5394,8.83298,6.86234,4.8917,3.90637,2.92105,2.23133,1.93573,0.95041,-1.02023,0.0470501,0.0306761
759,CG6-0640,2026-01-19,1,227,field,CG6-0640|2026-01-19|L1|S227,2026-01-19 13:30:39,2026-01-19 13:30:39,2026-01-19 13:30:39.000000,1,1,3359.54,,,0.0042,24.7548,34.7898,337,0,,,True,SINGLE_READING;,4,day4,MATCHED,D4:wor:1-227,1-227,1-227,results.zip/day4.xlsx,workbook,8.5922,217.368,1-228,True,24.7548,34.7898,350.454,,0,350.454,0.15,14963.8,35799.4,False,3407.01,0.00787056,INTERPOLATED,717,771,-47.4673,0.00892109,0,True,1,-47.4673,238.684,-2.19722,73.6719,28.4018,8.38579,6.38419,4.38259,3.38178,2.38098,1.68042,1.38018,0.379379,-1.62223,0.0471418,0.0308166
760,CG6-0640,2026-01-19,1,228,field,CG6-0640|2026-01-19|L1|S228,2026-01-19 13:33:59,2026-01-19 13:33:59,2026-01-19 13:33:59.000000,1,1,3358.47,,,0.0019,24.755,34.7876,337.7,0,,,True,SINGLE_READING;,4,day4,MATCHED,D4:kml:1-228,1-228,1-228,results.zip/day4.kml,kml_only,9.87041,197.872,1-229,True,24.7549,34.7876,352.38,,0,352.38,0.15,15169.2,35833,False,3407.01,0.00787031,INTERPOLATED,717,771,-48.5399,0.00809641,0,True,1,-48.5399,240.61,-2.18494,74.2664,27.9115,7.7339,5.71614,3.69839,2.68951,1.68063,0.974413,0.671749,-0.337129,-2.35489,0.0469927,0.030588
761,CG6-0640,2026-01-19,1,229,field,CG6-0640|2026-01-19|L1|S229,2026-01-19 13:38:10,2026-01-19 13:38:10,2026-01-19 13:38:10.000000,1,1,3357.13,,,0.0023,24.7552,34.7857,341.9,0,,,True,SINGLE_READING;,4,day4,MATCHED,D4:wor:1-229,1-229,1-229,results.zip/day4.xlsx,workbook,6.29465,198.094,1-228,True,24.7552,34.7857,355.837,,0,355.837,0.15,15354,35859.5,False,3407.01,0.00787003,INTERPOLATED,717,771,-49.8818,0.00819923,0,True,1,-49.8818,244.067,-2.16762,75.3333,27.6192,7.1517,5.10496,3.05821,2.03484,1.01147,0.295105,-0.011907,-1.03528,-3.08203,0.0470105,0.0306154
762,CG6-0640,2026-01-19,1,230,field,CG6-0640|2026-01-19|L1|S230,2026-01-19 13:41:52,2026-01-19 13:41:52,2026-01-19 13:41:52.000000,1,1,3356.08,,,0.0024,24.7552,34.7836,342.6,0,,,True,SINGLE_READING;,4,day4,MATCHED,D4:wor:1-230,1-230,1-230,results.zip/day4.xlsx,workbook,5.74464,211.442,1-229,True,24.7552,34.7836,357.979,,0,357.979,0.15,15560.8,35914,False,3407.01,0.00786982,INTERPOLATED,717,771,-50.9328,0.00822764,0,True,1,-50.9328,246.209,-2.16646,75.9944,27.228,6.58096,4.51625,2.45154,1.41919,0.386832,-0.335816,-0.645522,-1.67788,-3.74259,0.0470155,0.030623
763,CG6-0640,2026-01-19,1,231,field,CG6-0640|2026-01-19|L1|S231,2026-01-19 13:46:23,2026-01-19 13:46:23,2026-01-19 13:46:23.000000,1,1,3354.62,,,0.0016,24.7555,34.7814,343.5,0,,,True,SINGLE_READING;,4,day4,MATCHED,D4:wor:1-231,1-231,1-231,results.zip/day4.xlsx,workbook,6.62551,222.44,1-230,True,24.7554,34.7814,361.285,,0,361.285,0.15,15767.2,35945.7,False,3407.01,0.00786961,INTERPOLATED,717,771,-52.3916,0.00803062,0,True,1,-52.3916,249.515,-2.15033,77.0148,26.7735,5.84916,3.75673,1.66429,0.618076,-0.42814,-1.16049,-1.47436,-2.52057,-4.61301,0.0469814,0.0305707
764,CG6-0640,2026-01-19,1,232,field,CG6-0640|2026-01-19|L1|S232,2026-01-19 13:49:59,2026-01-19 13:49:59,2026-01-19 13:49:59.000000,1,1,3353.67,,,0.0028,24.7554,34.779,345.3,0,,,True,SINGLE_READING;,4,day4,MATCHED,D4:wor:1-232,1-232,1-232,results.zip/day4.xlsx,workbook,2.7472,196.521,1-233,True,24.7554,34.7791,364.186,,0,364.186,0.15,16003,36017.2,False,3407.01,0.00786948,INTERPOLATED,717,771,-53.3431,0.00835277,0,True,1,-53.3431,252.416,-2.15169,77.9102,26.7188,5.55117,3.43441,1.31765,0.25927,-0.79911,-1.53998,-1.85749,-2.91587,-5.03263,0.0470376,0.0306569
765,CG6-0640,2026-01-19,1,233,field,CG6-0640|2026-01-19|L1|S233,2026-01-19 13:52:48,2026-01-19 13:52:48,2026-01-19 13:52:48.000000,1,1,3352.92,,,0.0015,24.755,34.7772,345.7,0,,,True,SINGLE_READING;,4,day4,MATCHED,D4:wor:1-233,1-233,1-233,results.zip/day4.xlsx,workbook,3.27185,195.988,1-232,True,24.755,34.7772,366.488,,0,366.488,0.15,16199.1,36112.7,False,3407.01,0.0078694,INTERPOLATED,717,771,-54.0901,0.00801108,0,True,1,-54.0901,254.718,-2.17928,78.6206,26.7098,5.34914,3.21308,1.07701,0.00898127,-1.05905,-1.80667,-2.12708,-3.19512,-5.33118,0.0469781,0.0305655
766,CG6-0640,2026-01-19,1,234,field,CG6-0640|2026-01-19|L1|S234,2026-01-19 13:56:05,2026-01-19 13:56:05,2026-01-19 13:56:05.000000,1,1,3351.86,,,0.0015,24.7543,34.7753,349.8,0,,,True,SINGLE_READING;,4,day4,MATCHED,D4:wor:1-234,1-234,1-234,results.zip/day4.xlsx,workbook,3.3892,203.488,1-233,True,24.7543,34.7753,368.922,,0,368.922,0.15,16399.6,36245.2,False,3407.01,0.00786933,INTERPOLATED,717,771,-55.1558,0.00801102,0,True,1,-55.1558,257.152,-2.23071,79.3719,26.4468,4.88199,2.72551,0.569034,-0.509205,-1.58744,-2.34221,-2.66568,-3.74392,-5.9004,0.0469781,0.0305655
767,CG6-0640,2026-01-19,1,235,field,CG6-0640|2026-01-19|L1|S235,2026-01-19 14:01:13,2026-01-19 14:01:13,2026-01-19 14:01:13.000000,1,1,3350.76,,,0.0013,24.7524,34.7741,353.6,0,,,True,SINGLE_READING;,4,day4,MATCHED,D4:kml:1-235,1-235,1-235,results.zip/day4.kml,kml_only,5.41643,220.59,1-236,True,24.7524,34.7741,372.841,,0,372.841,0.15,16567,36482.4,False,3407.01,0.00786928,INTERPOLATED,717,771,-56.2496,0.00797594,0,True,1,-56.2496,261.071,-2.36211,80.5815,26.6941,4.80063,2.61128,0.421941,-0.672731,-1.7674,-2.53367,-2.86208,-3.95675,-6.14609,0.0469721,0.0305564
768,CG6-0640,2026-01-19,1,236,field,CG6-0640|2026-01-19|L1|S236,2026-01-19 14:05:19,2026-01-19 14:05:19,2026-01-19 14:05:19.000000,1,1,3349.86,,,0.0014,24.7513,34.7724,359.3,0,,,True,SINGLE_READING;,4,day4,MATCHED,D4:wor:1-236,1-236,1-236,results.zip/day4.xlsx,workbook,9.01418,208.692,1-235,True,24.7512,34.7723,375.386,,0,375.386,0.15,16763.7,36650.9,False,3407.01,0.00786929,INTERPOLATED,717,771,-57.1526,0.00799285,0,True,1,-57.1526,263.616,-2.44038,81.3669,26.6547,4.54788,2.3372,0.126512,-0.97883,-2.08417,-2.85791,-3.18951,-4.29486,-6.50554,0.046975,0.0305608
769,CG6-0640,2026-01-19,1,237,field,CG6-0640|2026-01-19|L1|S237,2026-01-19 14:08:04,2026-01-19 14:08:04,2026-01-19 14:08:04.000000,1,1,3348.86,,,0.0012,24.7498,34.7709,363.3,0,,,True,SINGLE_READING;,4,day4,MATCHED,D4:kml:1-237,1-237,1-237,results.zip/day4.kml,kml_only,6.40527,200.699,1-238,True,24.7497,34.7709,377.512,,0,377.512,0.15,16948.4,36856.4,False,3407.01,0.00786931,INTERPOLATED,717,771,-58.1504,0.00796028,0,True,1,-58.1504,265.742,-2.54406,82.0231,26.4168,4.13169,1.90318,-0.325337,-1.43959,-2.55385,-3.33383,-3.66811,-4.78236,-7.01088,0.0469695,0.0305523
770,CG6-0640,2026-01-19,1,238,field,CG6-0640|2026-01-19|L1|S238,2026-01-19 14:12:56,2026-01-19 14:12:56,2026-01-19 14:12:56.000000,1,1,3347.68,,,0.001,24.7483,34.7698,359.1,0,,,True,SINGLE_READING;,4,day4,MATCHED,D4:wor:1-238,1-238,1-238,results.zip/day4.xlsx,workbook,7.00245,191.861,1-237,True,24.7482,34.7698,380.178,,0,380.178,0.15,17097.2,37043.5,False,3407.01,0.00786941,INTERPOLATED,717,771,-59.3317,0.00793269,0,True,1,-59.3317,268.408,-2.64371,82.8459,26.1579,3.64917,1.3983,-0.852565,-1.978,-3.10343,-3.89124,-4.22887,-5.3543,-7.60517,0.0469648,0.0305451
775,CG6-0640,2026-01-20,1,239,field,CG6-0640|2026-01-20|L1|S239,2026-01-20 07:01:46,2026-01-20 07:01:46,2026-01-20 07:01:46.000000,1,1,3346.7,,,0.0031,24.7479,34.7671,372.6,0,,,True,SINGLE_READING;,5,day5,MATCHED,D5:wor:1-239,1-239,1-239,results.zip/day5.xlsx,workbook,2.35242,106.767,1-246,True,24.7479,34.7671,383.861,,0,383.861,0.15,17371.2,37166,False,3407.01,0.00787878,INTERPOLATED,774,858,-60.3152,0.00846671,0,True,1,-60.3152,272.091,-2.66572,83.9826,26.3332,3.51561,1.23386,-1.0479,-2.18878,-3.32965,-4.12827,-4.47053,-5.61141,-7.89316,0.0470579,0.0306881
776,CG6-0640,2026-01-20,1,240,field,CG6-0640|2026-01-20|L1|S240,2026-01-20 07:06:14,2026-01-20 07:06:14,2026-01-20 07:06:14.000000,1,1,3345.48,,,0.0018,24.7479,34.7646,375.9,0,,,True,SINGLE_READING;,5,day5,MATCHED,D5:wor:1-240,1-240,1-240,results.zip/day5.xlsx,workbook,2.52449,228.82,1-247,True,24.7479,34.7646,388.552,,0,388.552,0.15,17619,37247.2,False,3407.01,0.00787836,INTERPOLATED,774,858,-61.5305,0.00808137,0,True,1,-61.5305,276.782,-2.67027,85.4304,26.5702,3.3593,1.0382,-1.28289,-2.44344,-3.60399,-4.41637,-4.76453,-5.92508,-8.24617,0.0469901,0.030584
777,CG6-0640,2026-01-20,1,241,field,CG6-0640|2026-01-20|L1|S241,2026-01-20 07:10:16,2026-01-20 07:10:16,2026-01-20 07:10:16.000000,1,1,3344.21,,,0.0015,24.7492,34.7625,382.7,0,,,True,SINGLE_READING;,5,day5,MATCHED,D5:wor:1-241,1-241,1-241,results.zip/day5.xlsx,workbook,2.86652,259.1,1-240,True,24.7492,34.7625,393.271,,0,393.271,0.15,17789.2,37174.3,False,3407.01,0.007878,INTERPOLATED,774,858,-62.7996,0.00801953,0,True,1,-62.7996,281.501,-2.581,86.8869,26.6683,3.06165,0.700978,-1.65969,-2.84002,-4.02036,-4.84659,-5.20069,-6.38102,-8.74169,0.0469795,0.0305678
778,CG6-0640,2026-01-20,1,242,field,CG6-0640|2026-01-20|L1|S242,2026-01-20 07:15:10,2026-01-20 07:15:10,2026-01-20 07:15:10.000000,1,1,3342.56,,,0.0021,24.7504,34.7601,386.8,0,,,True,SINGLE_READING;,5,day5,MATCHED,D5:wor:1-242,1-242,1-242,results.zip/day5.xlsx,workbook,2.55745,254.788,1-243,True,24.7504,34.7601,398.733,,0,398.733,0.15,17992.6,37122.9,False,3407.01,0.00787758,INTERPOLATED,774,858,-64.4586,0.00815269,0,True,1,-64.4586,286.963,-2.49766,88.5726,26.6117,2.547,0.140528,-2.26594,-3.46918,-4.67242,-5.51468,-5.87565,-7.07889,-9.48536,0.0470025,0.030603
779,CG6-0640,2026-01-20,1,243,field,CG6-0640|2026-01-20|L1|S243,2026-01-20 07:19:17,2026-01-20 07:19:17,2026-01-20 07:19:17.000000,1,1,3341.2,,,0.0014,24.7518,34.7581,392.2,0,,,True,SINGLE_READING;,5,day5,MATCHED,D5:wor:1-243,1-243,1-243,results.zip/day5.xlsx,workbook,3.68077,260.868,1-242,True,24.7518,34.7581,403.54,,0,403.54,0.15,18157.5,37039.4,False,3407.01,0.00787725,INTERPOLATED,774,858,-65.81,0.00800069,0,True,1,-65.81,291.77,-2.40136,90.0562,26.6476,2.17973,-0.267054,-2.71384,-3.93723,-5.16062,-6.01699,-6.38401,-7.6074,-10.0542,0.0469763,0.0305628
780,CG6-0640,2026-01-20,1,244,field,CG6-0640|2026-01-20|L1|S244,2026-01-20 07:24:08,2026-01-20 07:24:08,2026-01-20 07:24:08.000000,1,1,3338.7,,,0.0036,24.7524,34.7548,407.4,0,,,True,SINGLE_READING;,5,day5,MATCHED,D5:wor:1-244,1-244,1-244,results.zip/day5.xlsx,workbook,5.03245,169.246,1-245,True,24.7524,34.7549,411.637,,0,411.637,0.15,18465.3,37085.2,False,3407.01,0.00787687,INTERPOLATED,774,858,-68.3105,0.00866055,0,True,1,-68.3105,299.867,-2.36027,92.5552,26.605,1.45818,-1.05651,-3.57119,-4.82853,-6.08588,-6.96601,-7.34322,-8.60056,-11.1152,0.0470932,0.0307422
781,CG6-0640,2026-01-20,1,245,field,CG6-0640|2026-01-20|L1|S245,2026-01-20 07:28:16,2026-01-20 07:28:16,2026-01-20 07:28:16.000000,1,1,3337.83,,,0.0028,24.7537,34.7538,406.2,0,,,True,SINGLE_READING;,5,day5,MATCHED,D5:wor:1-245,1-245,1-245,results.zip/day5.xlsx,workbook,2.62326,176.228,1-244,True,24.7537,34.7539,415.676,,0,415.676,0.15,18532.9,36985.6,False,3407.01,0.00787657,INTERPOLATED,774,858,-69.1884,0.00835945,0,True,1,-69.1884,303.906,-2.27255,93.8018,26.886,1.40045,-1.14811,-3.69666,-4.97094,-6.24522,-7.13721,-7.51949,-8.79377,-11.3423,0.0470388,0.0306587
782,CG6-0640,2026-01-20,1,246,field,CG6-0640|2026-01-20|L1|S246,2026-01-20 07:37:33,2026-01-20 07:37:33,2026-01-20 07:37:33.000000,1,1,3346.52,,,0.0054,24.747,34.7668,386.6,0,,TILT_GT_20,True,SINGLE_READING;,5,day5,MATCHED,D5:wor:1-246,1-246,1-246,results.zip/day5.xlsx,workbook,2.07644,107.31,1-239,True,24.747,34.7668,384.427,,0,384.427,0.15,17426.6,37271.2,False,3407.01,0.00787595,INTERPOLATED,774,858,-60.4931,0.00954937,0,True,1,-60.4931,272.657,-2.72998,84.1573,26.3942,3.52921,1.24271,-1.04379,-2.18704,-3.33029,-4.13057,-4.47354,-5.61679,-7.9033,0.0472647,0.0310043
783,CG6-0640,2026-01-20,1,247,field,CG6-0640|2026-01-20|L1|S247,2026-01-20 07:41:29,2026-01-20 07:41:29,2026-01-20 07:41:29.000000,1,1,3345.59,,,0.0028,24.7459,34.7649,381.6,0,,,True,SINGLE_READING;,5,day5,MATCHED,D5:wor:1-247,1-247,1-247,results.zip/day5.xlsx,workbook,3.12568,206.346,1-248,True,24.7458,34.7649,387.375,,0,387.375,0.15,17643.8,37451,False,3407.01,0.00787571,INTERPOLATED,774,858,-61.4258,0.00835863,0,True,1,-61.4258,275.605,-2.80943,85.0672,26.4508,3.3386,1.02737,-1.28385,-2.43946,-3.59507,-4.404,-4.75069,-5.9063,-8.21752,0.0470386,0.0306585
784,CG6-0640,2026-01-20,1,248,field,CG6-0640|2026-01-20|L1|S248,2026-01-20 07:45:21,2026-01-20 07:45:21,2026-01-20 07:45:21.000000,1,1,3345,,,0.0017,24.745,34.7632,379.8,0,,,True,SINGLE_READING;,5,day5,MATCHED,D5:wor:1-248,1-248,1-248,results.zip/day5.xlsx,workbook,5.46319,199.907,1-247,True,24.7449,34.7632,389.343,,0,389.343,0.15,17840.4,37599.6,False,3407.01,0.00787548,INTERPOLATED,774,858,-62.0163,0.00805688,0,True,1,-62.0163,277.573,-2.87264,85.6746,26.5309,3.25363,0.925907,-1.40182,-2.56568,-3.72955,-4.54425,-4.89341,-6.05727,-8.385,0.0469859,0.0305776
785,CG6-0640,2026-01-20,1,249,field,CG6-0640|2026-01-20|L1|S249,2026-01-20 07:49:47,2026-01-20 07:49:47,2026-01-20 07:49:47.000000,1,1,3343.83,,,0.0021,24.744,34.7612,393.6,0,,,True,SINGLE_READING;,5,day5,MATCHED,D5:wor:1-249,1-249,1-249,results.zip/day5.xlsx,workbook,2.44548,180.01,1-250,True,24.744,34.7613,392.586,,0,392.586,0.15,18053.2,37755.6,False,3407.01,0.00787525,INTERPOLATED,774,858,-63.1797,0.00815043,0,True,1,-63.1797,280.816,-2.93306,86.6755,26.4289,2.87965,0.524726,-1.8302,-3.00766,-4.18512,-5.00934,-5.36258,-6.54004,-8.89497,0.0470021,0.0306024
786,CG6-0640,2026-01-20,1,250,field,CG6-0640|2026-01-20|L1|S250,2026-01-20 07:54:02,2026-01-20 07:54:02,2026-01-20 07:54:02.000000,1,1,3343.12,,,0.002,24.7437,34.7595,389.1,0,,,True,SINGLE_READING;,5,day5,MATCHED,D5:wor:1-250,1-250,1-250,results.zip/day5.xlsx,workbook,3.71209,103.337,1-301,True,24.7436,34.7595,394.79,,0,394.79,0.15,18232.8,37851.7,False,3407.01,0.00787504,INTERPOLATED,774,858,-63.8983,0.00812504,0,True,1,-63.8983,283.02,-2.96126,87.3557,26.4187,2.6846,0.311191,-2.06221,-3.24892,-4.43562,-5.26631,-5.62232,-6.80903,-9.18243,0.0469977,0.0305956
787,CG6-0640,2026-01-20,1,251,field,CG6-0640|2026-01-20|L1|S251,2026-01-20 07:59:49,2026-01-20 07:59:49,2026-01-20 07:59:49.000000,1,1,3341.99,,,0.0019,24.7435,34.7575,395,0,,,True,SINGLE_READING;,5,day5,MATCHED,D5:wor:1-251,1-251,1-251,results.zip/day5.xlsx,workbook,1.56972,105.655,1-301,True,24.7435,34.7575,397.787,,0,397.787,0.15,18431.5,37928.8,False,3407.01,0.00787478,INTERPOLATED,774,858,-65.027,0.00810075,0,True,1,-65.027,286.017,-2.967,88.2807,26.2207,2.23535,-0.163187,-2.56173,-3.761,-4.96026,-5.79975,-6.15953,-7.3588,-9.75734,0.0469935,0.0305892
788,CG6-0640,2026-01-20,1,252,field,CG6-0640|2026-01-20|L1|S252,2026-01-20 08:04:02,2026-01-20 08:04:02,2026-01-20 08:04:02.000000,1,1,3340.94,,,0.0022,24.7444,34.7554,404.7,0,,,True,SINGLE_READING;,5,day5,MATCHED,D5:wor:1-252,1-252,1-252,results.zip/day5.xlsx,workbook,6.63632,214.517,1-253,True,24.7443,34.7554,400.563,,0,400.563,0.15,18617.1,37910.5,False,3407.01,0.00787461,INTERPOLATED,774,858,-66.0687,0.00817615,0,True,1,-66.0687,288.793,-2.91309,89.1375,25.9818,1.76362,-0.658194,-3.08001,-4.29092,-5.50183,-6.34947,-6.71274,-7.92365,-10.3455,0.0470065,0.0306092
789,CG6-0640,2026-01-20,1,253,field,CG6-0640|2026-01-20|L1|S253,2026-01-20 08:07:44,2026-01-20 08:07:44,2026-01-20 08:07:44.000000,1,1,3339.86,,,0.002,24.7444,34.7532,402.4,0,,,True,SINGLE_READING;,5,day5,MATCHED,D5:wor:1-253,1-253,1-253,results.zip/day5.xlsx,workbook,1.54877,209.659,1-254,True,24.7444,34.7533,403.567,,0,403.567,0.15,18825.3,37979.1,False,3407.01,0.00787447,INTERPOLATED,774,858,-67.1545,0.00812449,0,True,1,-67.1545,291.797,-2.90932,90.0646,25.8194,1.34934,-1.09767,-3.54468,-4.76819,-5.99169,-6.84815,-7.2152,-8.4387,-10.8857,0.0469976,0.0305955
790,CG6-0640,2026-01-20,1,254,field,CG6-0640|2026-01-20|L1|S254,2026-01-20 08:11:33,2026-01-20 08:11:33,2026-01-20 08:11:33.000000,1,1,3338.82,,,0.0015,24.7448,34.7512,407.9,0,,,True,SINGLE_READING;,5,day5,MATCHED,D5:wor:1-254,1-254,1-254,results.zip/day5.xlsx,workbook,3.24215,126.482,1-255,True,24.7448,34.7512,406.369,,0,406.369,0.15,19013.8,38002.3,False,3407.01,0.00787434,INTERPOLATED,774,858,-68.1892,0.00801594,0,True,1,-68.1892,294.599,-2.87832,90.9294,25.6185,0.913388,-1.55712,-4.02763,-5.26288,-6.49813,-7.36281,-7.73339,-8.96864,-11.4391,0.0469789,0.0305668
791,CG6-0640,2026-01-20,1,255,field,CG6-0640|2026-01-20|L1|S255,2026-01-20 08:17:57,2026-01-20 08:17:57,2026-01-20 08:17:57.000000,1,1,3338.13,,,0.0015,24.7449,34.7499,403.2,0,,,True,SINGLE_READING;,5,day5,MATCHED,D5:wor:1-255,1-255,1-255,results.zip/day5.xlsx,workbook,6.94056,134.501,1-254,True,24.7449,34.7499,407.851,,0,407.851,0.15,19138,38035.8,False,3407.01,0.00787416,INTERPOLATED,774,858,-68.8863,0.00801576,0,True,1,-68.8863,296.081,-2.87511,91.3868,25.3756,0.546219,-1.93672,-4.41965,-5.66112,-6.90259,-7.77161,-8.14405,-9.38552,-11.8685,0.0469789,0.0305668
792,CG6-0640,2026-01-20,1,256,field,CG6-0640|2026-01-20|L1|S256,2026-01-20 08:23:26,2026-01-20 08:23:26,2026-01-20 08:23:26.000000,1,1,3337.49,,,0.0018,24.7468,34.7495,410,0,,,True,SINGLE_READING;,5,day5,MATCHED,D5:wor:1-256,1-256,1-256,results.zip/day5.xlsx,workbook,3.98075,169.494,1-257,True,24.7468,34.7495,407.699,,0,407.699,0.15,19124.8,37851.8,False,3407.01,0.00787404,INTERPOLATED,774,858,-69.5248,0.00807716,0,True,1,-69.5248,295.929,-2.74523,91.3399,24.5603,-0.25635,-2.73801,-5.21967,-6.4605,-7.70133,-8.56991,-8.94216,-10.183,-12.6647,0.0469894,0.0305829
793,CG6-0640,2026-01-20,1,257,field,CG6-0640|2026-01-20|L1|S257,2026-01-20 08:27:55,2026-01-20 08:27:55,2026-01-20 08:27:55.000000,1,1,3336.99,,,0.0018,24.7477,34.7481,411.9,0,,,True,SINGLE_READING;,5,day5,MATCHED,D5:wor:1-257,1-257,1-257,results.zip/day5.xlsx,workbook,4.45599,174.901,1-256,True,24.7476,34.7481,409.529,,0,409.529,0.15,19241,37808.7,False,3407.01,0.00787395,INTERPOLATED,774,858,-70.0202,0.00807707,0,True,1,-70.0202,297.759,-2.68497,91.9047,24.5694,-0.400683,-2.89769,-5.3947,-6.6432,-7.8917,-8.76566,-9.14021,-10.3887,-12.8857,0.0469894,0.0305829
794,CG6-0640,2026-01-20,1,258,field,CG6-0640|2026-01-20|L1|S258,2026-01-20 08:33:05,2026-01-20 08:33:05,2026-01-20 08:33:05.000000,1,1,3336.19,,,0.0025,24.7465,34.7469,411.7,0,,,True,SINGLE_READING;,5,day5,MATCHED,D5:wor:1-258,1-258,1-258,results.zip/day5.xlsx,workbook,3.50769,116.424,1-259,True,24.7465,34.7469,410.931,,0,410.931,0.15,19390,37977,False,3407.01,0.00787388,INTERPOLATED,774,858,-70.8244,0.00826123,0,True,1,-70.8244,299.161,-2.76667,92.3374,24.2796,-0.808052,-3.31682,-5.82558,-7.07996,-8.33434,-9.21241,-9.58873,-10.8431,-13.3519,0.0470214,0.0306321
795,CG6-0640,2026-01-20,1,259,field,CG6-0640|2026-01-20|L1|S259,2026-01-20 08:36:41,2026-01-20 08:36:41,2026-01-20 08:36:41.000000,1,1,3336.8,,,0.0031,24.7458,34.7478,409.1,0,,,True,SINGLE_READING;,5,day5,MATCHED,D5:wor:1-259,1-259,1-259,results.zip/day5.xlsx,workbook,3.87116,109.075,1-258,True,24.7458,34.7478,410.107,,0,410.107,0.15,19321,38012.7,False,3407.01,0.00787385,INTERPOLATED,774,858,-70.2101,0.00846212,0,True,1,-70.2101,298.337,-2.81015,92.0831,24.6831,-0.335402,-2.83726,-5.33911,-6.59004,-7.84096,-8.71661,-9.09189,-10.3428,-12.8447,0.0470571,0.0306868
796,CG6-0640,2026-01-20,1,260,field,CG6-0640|2026-01-20|L1|S260,2026-01-20 08:41:15,2026-01-20 08:41:15,2026-01-20 08:41:15.000000,1,1,3336.77,,,0.002,24.7446,34.7482,412.4,0,,,True,SINGLE_READING;,5,day5,MATCHED,D5:wor:1-260,1-260,1-260,results.zip/day5.xlsx,workbook,2.6597,144.256,1-259,True,24.7446,34.7482,410.491,,0,410.491,0.15,19316.5,38132.2,False,3407.01,0.00787382,INTERPOLATED,774,858,-70.246,0.00812385,0,True,1,-70.246,298.721,-2.89602,92.2016,24.8516,-0.199178,-2.70425,-5.20933,-6.46186,-7.7144,-8.59118,-8.96694,-10.2195,-12.7245,0.0469975,0.0305953
797,CG6-0640,2026-01-20,1,261,field,CG6-0640|2026-01-20|L1|S261,2026-01-20 08:47:31,2026-01-20 08:47:31,2026-01-20 08:47:31.000000,1,1,3335.5,,,0.0044,24.7429,34.7465,411.4,0,,,True,SINGLE_READING;,5,day5,MATCHED,D5:wor:1-261,1-261,1-261,results.zip/day5.xlsx,workbook,4.69668,109.801,1-262,True,24.7429,34.7465,414.002,,0,414.002,0.15,19525,38361.4,False,3407.01,0.00787381,INTERPOLATED,774,858,-71.5124,0.0090198,0,True,1,-71.5124,302.232,-3.01107,93.2852,24.7839,-0.561323,-3.09584,-5.63036,-6.89762,-8.16488,-9.05196,-9.43213,-10.6994,-13.2339,0.0471606,0.0308453
798,CG6-0640,2026-01-20,1,262,field,CG6-0640|2026-01-20|L1|S262,2026-01-20 08:51:11,2026-01-20 08:51:11,2026-01-20 08:51:11.000000,1,1,3335.91,,,0.0021,24.7423,34.7473,412.5,0,,,True,SINGLE_READING;,5,day5,MATCHED,D5:wor:1-262,1-262,1-262,results.zip/day5.xlsx,workbook,3.33705,101.838,1-261,True,24.7423,34.7473,414.658,,0,414.658,0.15,19465.6,38400.2,False,3407.01,0.00787382,INTERPOLATED,774,858,-71.1066,0.00814905,0,True,1,-71.1066,302.888,-3.05372,93.4876,25.4347,0.0345584,-2.50546,-5.04548,-6.31549,-7.5855,-8.4745,-8.85551,-10.1255,-12.6655,0.0470018,0.030602
799,CG6-0640,2026-01-20,1,263,field,CG6-0640|2026-01-20|L1|S263,2026-01-20 08:57:15,2026-01-20 08:57:15,2026-01-20 08:57:15.000000,1,1,3334.52,,,0.0021,24.742,34.7451,422.1,0,,,True,SINGLE_READING;,5,day5,MATCHED,D5:wor:1-263,1-263,1-263,results.zip/day5.xlsx,workbook,4.03566,123.287,1-264,True,24.742,34.7451,416.519,,0,416.519,0.15,19690.5,38509.5,False,3407.01,0.00787387,INTERPOLATED,774,858,-72.4892,0.0081491,0,True,1,-72.4892,304.749,-3.07566,94.062,24.6485,-0.907776,-3.4634,-6.01903,-7.29684,-8.57465,-9.46912,-9.85246,-11.1303,-13.6859,0.0470018,0.030602
800,CG6-0640,2026-01-20,1,264,field,CG6-0640|2026-01-20|L1|S264,2026-01-20 09:01:14,2026-01-20 09:01:14,2026-01-20 09:01:14.000000,1,1,3334.59,,,0.0018,24.7411,34.7458,425.4,0,,,True,SINGLE_READING;,5,day5,MATCHED,D5:wor:1-264,1-264,1-264,results.zip/day5.xlsx,workbook,0.90405,118.365,1-263,True,24.7411,34.7458,417.546,,0,417.546,0.15,19642.2,38573.8,False,3407.01,0.00787392,INTERPOLATED,774,858,-72.4273,0.00807704,0,True,1,-72.4273,305.776,-3.13348,94.379,25.0851,-0.557261,-3.1215,-5.68574,-6.96785,-8.24997,-9.14746,-9.53209,-10.8142,-13.3784,0.0469894,0.0305829
801,CG6-0640,2026-01-20,1,265,field,CG6-0640|2026-01-20|L1|S265,2026-01-20 09:07:54,2026-01-20 09:07:54,2026-01-20 09:07:54.000000,1,1,3332.8,,,0.0018,24.7401,34.7429,418.1,0,,,True,SINGLE_READING;,5,day5,MATCHED,D5:wor:1-265,1-265,1-265,results.zip/day5.xlsx,workbook,3.34458,100.066,1-266,True,24.74,34.7429,421.212,,0,421.212,0.15,19958.2,38785.9,False,3407.01,0.00787403,INTERPOLATED,774,858,-74.2143,0.00807715,0,True,1,-74.2143,309.442,-3.20683,95.5104,24.503,-1.44685,-4.04183,-6.63681,-7.9343,-9.23179,-10.14,-10.5293,-11.8268,-14.4218,0.0469894,0.0305829
802,CG6-0640,2026-01-20,1,266,field,CG6-0640|2026-01-20|L1|S266,2026-01-20 09:11:07,2026-01-20 09:11:07,2026-01-20 09:11:07.000000,1,1,3333.1,,,0.0022,24.7395,34.7437,418.5,0,,,True,SINGLE_READING;,5,day5,MATCHED,D5:wor:1-266,1-266,1-266,results.zip/day5.xlsx,workbook,1.6309,95.6636,1-265,True,24.7395,34.7437,420.95,,0,420.95,0.15,19896.5,38812.3,False,3407.01,0.0078741,INTERPOLATED,774,858,-73.9147,0.00817567,0,True,1,-73.9147,309.18,-3.2409,95.4296,24.7558,-1.17207,-3.76486,-6.35764,-7.65403,-8.95042,-9.8579,-10.2468,-11.5432,-14.136,0.0470064,0.0306091
803,CG6-0640,2026-01-20,1,267,field,CG6-0640|2026-01-20|L1|S267,2026-01-20 09:17:50,2026-01-20 09:17:50,2026-01-20 09:17:50.000000,1,1,3332.27,,,0.0034,24.7375,34.743,418.7,0,,,True,SINGLE_READING;,5,day5,MATCHED,D5:wor:1-267,1-267,1-267,results.zip/day5.xlsx,workbook,4.98784,193.789,1-268,True,24.7375,34.7431,425.142,,0,425.142,0.15,20019.7,39045.8,False,3407.01,0.00787428,INTERPOLATED,774,858,-74.744,0.00857697,0,True,1,-74.744,313.372,-3.38175,96.7234,25.3611,-0.918247,-3.54618,-6.17412,-7.48809,-8.80206,-9.72184,-10.116,-11.43,-14.0579,0.0470779,0.0307187
804,CG6-0640,2026-01-20,1,268,field,CG6-0640|2026-01-20|L1|S268,2026-01-20 09:23:08,2026-01-20 09:23:08,2026-01-20 09:23:08.000000,1,1,3331.69,,,0.0026,24.7385,34.7414,420.9,0,,,True,SINGLE_READING;,5,day5,MATCHED,D5:wor:1-268,1-268,1-268,results.zip/day5.xlsx,workbook,2.08127,175.826,1-269,True,24.7385,34.7414,425.293,,0,425.293,0.15,20148.9,39003.3,False,3407.01,0.00787445,INTERPOLATED,774,858,-75.3261,0.00829259,0,True,1,-75.3261,313.523,-3.3147,96.77,24.7585,-1.53349,-4.1627,-6.7919,-8.1065,-9.42111,-10.3413,-10.7357,-12.0503,-14.6795,0.0470269,0.0306405
805,CG6-0640,2026-01-20,1,269,field,CG6-0640|2026-01-20|L1|S269,2026-01-20 09:27:57,2026-01-20 09:27:57,2026-01-20 09:27:57.000000,1,1,3330.88,,,0.0022,24.7392,34.7398,420,0,,TILT_GT_20,True,SINGLE_READING;,5,day5,MATCHED,D5:wor:1-269,1-269,1-269,results.zip/day5.xlsx,workbook,5.02383,181.742,1-268,True,24.7392,34.7399,428.384,,0,428.384,0.15,20281.3,38982.7,False,3407.01,0.00787463,INTERPOLATED,774,858,-76.1303,0.00817617,0,True,1,-76.1303,316.614,-3.26549,97.7239,24.8591,-1.69212,-4.34724,-7.00237,-8.32993,-9.65749,-10.5868,-10.9851,-12.3126,-14.9677,0.0470065,0.0306092
806,CG6-0640,2026-01-20,1,270,field,CG6-0640|2026-01-20|L1|S270,2026-01-20 09:34:22,2026-01-20 09:34:22,2026-01-20 09:34:22.000000,1,1,3329.62,,,0.0036,24.7409,34.7391,414.1,0,,,True,SINGLE_READING;,5,day5,MATCHED,D5:wor:1-270,1-270,1-270,results.zip/day5.xlsx,workbook,6.788,140.959,1-271,True,24.7409,34.7392,433.28,,0,433.28,0.15,20301.2,38829.9,False,3407.01,0.0078749,INTERPOLATED,774,858,-77.392,0.00865875,0,True,1,-77.392,321.51,-3.14761,99.235,24.9906,-1.97124,-4.66743,-7.36361,-8.7117,-10.0598,-11.0035,-11.4079,-12.756,-15.4522,0.0470929,0.0307417
807,CG6-0640,2026-01-20,1,271,field,CG6-0640|2026-01-20|L1|S271,2026-01-20 09:40:01,2026-01-20 09:40:01,2026-01-20 09:40:01.000000,1,1,3328.77,,,0.0014,24.7417,34.7379,422.2,0,,,True,SINGLE_READING;,5,day5,MATCHED,D5:wor:1-271,1-271,1-271,results.zip/day5.xlsx,workbook,7.31574,102.915,1-272,True,24.7417,34.738,437.818,,0,437.818,0.15,20397.1,38793.8,False,3407.01,0.00787517,INTERPOLATED,774,858,-78.2432,0.00799864,0,True,1,-78.2432,326.048,-3.0954,100.636,25.4877,-1.85465,-4.58889,-7.32313,-8.69024,-10.0574,-11.0143,-11.4245,-12.7916,-15.5258,0.046976,0.0305623
808,CG6-0640,2026-01-20,1,272,field,CG6-0640|2026-01-20|L1|S272,2026-01-20 09:43:47,2026-01-20 09:43:47,2026-01-20 09:43:47.000000,1,1,3327.87,,,0.0015,24.7415,34.7369,431.3,0,,,True,SINGLE_READING;,5,day5,MATCHED,D5:wor:1-272,1-272,1-272,results.zip/day5.xlsx,workbook,5.30321,110.712,1-271,True,24.7415,34.7369,441.393,,0,441.393,0.15,20503.6,38852.2,False,3407.01,0.00787536,INTERPOLATED,774,858,-79.1404,0.00801694,0,True,1,-79.1404,329.623,-3.10749,101.739,25.706,-1.93617,-4.70038,-7.4646,-8.84671,-10.2288,-11.1963,-11.6109,-12.993,-15.7573,0.0469791,0.0305671
809,CG6-0640,2026-01-20,1,273,field,CG6-0640|2026-01-20|L1|S273,2026-01-20 09:48:09,2026-01-20 09:48:09,2026-01-20 09:48:09.000000,1,1,3328.06,,,0.0044,24.7402,34.7367,429.5,0,,,True,SINGLE_READING;,5,day5,MATCHED,D5:wor:1-273,1-273,1-273,results.zip/day5.xlsx,workbook,6.31506,109.709,1-274,True,24.7402,34.7367,439.947,,0,439.947,0.15,20561.1,38995.5,False,3407.01,0.0078756,INTERPOLATED,774,858,-78.9487,0.00902137,0,True,1,-78.9487,328.177,-3.19814,101.293,25.5421,-1.97883,-4.73092,-7.48302,-8.85906,-10.2351,-11.1983,-11.6112,-12.9872,-15.7393,0.0471609,0.0308457
810,CG6-0640,2026-01-20,1,274,field,CG6-0640|2026-01-20|L1|S274,2026-01-20 09:51:56,2026-01-20 09:51:56,2026-01-20 09:51:56.000000,1,1,3328.49,,,0.0035,24.7393,34.7363,426.6,0,,,True,SINGLE_READING;,5,day5,MATCHED,D5:wor:1-274,1-274,1-274,results.zip/day5.xlsx,workbook,6.40371,104.737,1-273,True,24.7393,34.7363,436.814,,0,436.814,0.15,20623.8,39102.8,False,3407.01,0.00787583,INTERPOLATED,774,858,-78.5273,0.00861851,0,True,1,-78.5273,325.044,-3.25973,100.326,25.0581,-2.20004,-4.92586,-7.65168,-9.01459,-10.3775,-11.3315,-11.7404,-13.1033,-15.8291,0.0470855,0.0307303
811,CG6-0640,2026-01-20,1,275,field,CG6-0640|2026-01-20|L1|S275,2026-01-20 09:56:26,2026-01-20 09:56:26,2026-01-20 09:56:26.000000,1,1,3327.49,,,0.0022,24.7381,34.7354,437.5,0,,,True,SINGLE_READING;,5,day5,MATCHED,D5:wor:1-275,1-275,1-275,results.zip/day5.xlsx,workbook,5.52441,100.523,1-276,True,24.738,34.7354,438.61,,0,438.61,0.15,20751.5,39266.2,False,3407.01,0.00787611,INTERPOLATED,774,858,-79.5191,0.0081776,0,True,1,-79.5191,326.84,-3.34566,100.88,24.7065,-2.70228,-5.44316,-8.18404,-9.55448,-10.9249,-11.8842,-12.2954,-13.6658,-16.4067,0.0470068,0.0306096
812,CG6-0640,2026-01-20,1,276,field,CG6-0640|2026-01-20|L1|S276,2026-01-20 09:59:51,2026-01-20 09:59:51,2026-01-20 09:59:51.000000,1,1,3326.85,,,0.0028,24.7372,34.7351,438.2,0,,,True,SINGLE_READING;,5,day5,MATCHED,D5:wor:1-276,1-276,1-276,results.zip/day5.xlsx,workbook,3.4986,92.8111,1-275,True,24.7372,34.7351,440.131,,0,440.131,0.15,20799.9,39362.9,False,3407.01,0.00787634,INTERPOLATED,774,858,-80.1606,0.00835923,0,True,1,-80.1606,328.361,-3.40271,101.349,24.5915,-2.94482,-5.69845,-8.45209,-9.82891,-11.2057,-12.1695,-12.5825,-13.9594,-16.713,0.0470387,0.0306586
813,CG6-0640,2026-01-20,1,277,field,CG6-0640|2026-01-20|L1|S277,2026-01-20 10:04:17,2026-01-20 10:04:17,2026-01-20 10:04:17.000000,1,1,3326.28,,,0.0015,24.7357,34.7348,438.7,0,,,True,SINGLE_READING;,5,day5,MATCHED,D5:wor:1-277,1-277,1-277,results.zip/day5.xlsx,workbook,3.87648,144.779,1-278,True,24.7356,34.7348,440.02,,0,440.02,0.15,20874,39533.7,False,3407.01,0.00787665,INTERPOLATED,774,858,-80.7299,0.00801821,0,True,1,-80.7299,328.25,-3.5088,101.315,24.094,-3.43304,-6.18574,-8.93845,-10.3148,-11.6912,-12.6546,-13.0675,-14.4439,-17.1966,0.0469793,0.0305674
814,CG6-0640,2026-01-20,1,278,field,CG6-0640|2026-01-20|L1|S278,2026-01-20 10:08:17,2026-01-20 10:08:17,2026-01-20 10:08:17.000000,1,1,3325.2,,,0.0018,24.7344,34.7348,440.6,0,,,True,SINGLE_READING;,5,day5,MATCHED,D5:wor:1-278,1-278,1-278,results.zip/day5.xlsx,workbook,3.93482,87.7207,1-279,True,24.7344,34.7348,443.572,,0,443.572,0.15,20917.3,39666.5,False,3407.01,0.00787695,INTERPOLATED,774,858,-81.8085,0.00807999,0,True,1,-81.8085,331.802,-3.59602,102.411,24.1989,-3.62601,-6.4085,-9.191,-10.5822,-11.9735,-12.9474,-13.3647,-14.756,-17.5385,0.0469899,0.0305837
815,CG6-0640,2026-01-20,1,279,field,CG6-0640|2026-01-20|L1|S279,2026-01-20 10:11:47,2026-01-20 10:11:47,2026-01-20 10:11:47.000000,1,1,3324.92,,,0.0019,24.7337,34.7348,440.1,0,,,True,SINGLE_READING;,5,day5,MATCHED,D5:wor:1-279,1-279,1-279,results.zip/day5.xlsx,workbook,5.9833,77.9256,1-278,True,24.7336,34.7348,443.674,,0,443.674,0.15,20936.5,39741.2,False,3407.01,0.00787722,INTERPOLATED,774,858,-82.0951,0.00810312,0,True,1,-82.0951,331.904,-3.64769,102.443,23.9955,-3.83801,-6.62135,-9.4047,-10.7964,-12.188,-13.1622,-13.5797,-14.9714,-17.7547,0.0469939,0.0305898
816,CG6-0640,2026-01-20,1,280,field,CG6-0640|2026-01-20|L1|S280,2026-01-20 10:15:53,2026-01-20 10:15:53,2026-01-20 10:15:53.000000,1,1,3324.96,,,0.007,24.7325,34.7359,439.4,0,,STDDEV_GT_0.050,True,SINGLE_READING;,5,day5,MATCHED,D5:wor:1-280,1-280,1-280,results.zip/day5.xlsx,workbook,5.26642,160.286,1-281,True,24.7325,34.7359,445.29,,0,445.29,0.15,20869,39823.5,False,3407.01,0.00787755,INTERPOLATED,774,858,-82.0475,0.0105383,0,True,1,-82.0475,333.52,-3.72715,102.942,24.6212,-3.34775,-6.14465,-8.94155,-10.34,-11.7384,-12.7174,-13.1369,-14.5353,-17.3322,0.0474744,0.031323
817,CG6-0640,2026-01-20,1,281,field,CG6-0640|2026-01-20|L1|S281,2026-01-20 10:20:39,2026-01-20 10:20:39,2026-01-20 10:20:39.000000,1,1,3325.23,,,0.0027,24.7312,34.7366,436.7,0,,,True,SINGLE_READING;,5,day5,MATCHED,D5:wor:1-281,1-281,1-281,results.zip/day5.xlsx,workbook,5.14849,154.405,1-280,True,24.7312,34.7365,442.655,,0,442.655,0.15,20847,39932.4,False,3407.01,0.00787796,INTERPOLATED,774,858,-81.7852,0.0083278,0,True,1,-81.7852,330.885,-3.81501,102.128,24.1583,-3.58976,-6.36456,-9.13936,-10.5268,-11.9142,-12.8853,-13.3016,-14.689,-17.4638,0.0470331,0.0306501
818,CG6-0640,2026-01-20,1,282,field,CG6-0640|2026-01-20|L1|S282,2026-01-20 10:24:43,2026-01-20 10:24:43,2026-01-20 10:24:43.000000,1,1,3327.38,,,0.0019,24.7314,34.7382,437,0,,,True,SINGLE_READING;,5,day5,MATCHED,D5:wor:1-282,1-282,1-282,results.zip/day5.xlsx,workbook,4.93085,168.634,1-281,True,24.7314,34.7382,438.734,,0,438.734,0.15,20683.1,39850.6,False,3407.01,0.00787832,INTERPOLATED,774,858,-79.6357,0.00810419,0,True,1,-79.6357,326.964,-3.7992,100.918,25.0818,-2.33744,-5.07936,-7.82128,-9.19224,-10.5632,-11.5229,-11.9342,-13.3051,-16.047,0.0469941,0.0305901
819,CG6-0640,2026-01-20,1,283,field,CG6-0640|2026-01-20|L1|S283,2026-01-20 10:28:53,2026-01-20 10:28:53,2026-01-20 10:28:53.000000,1,1,3328.97,,,0.0073,24.7325,34.7398,431.9,0,,STDDEV_GT_0.050,True,SINGLE_READING;,5,day5,MATCHED,D5:wor:1-283,1-283,1-283,results.zip/day5.xlsx,workbook,5.5131,111.194,1-284,True,24.7325,34.7397,434.814,,0,434.814,0.15,20495.1,39685.2,False,3407.01,0.00787871,INTERPOLATED,774,858,-78.0439,0.0107408,0,True,1,-78.0439,323.044,-3.7274,99.7084,25.392,-1.69849,-4.40754,-7.11659,-8.47111,-9.82563,-10.7738,-11.1802,-12.5347,-15.2437,0.0475198,0.0313917
820,CG6-0640,2026-01-20,1,284,field,CG6-0640|2026-01-20|L1|S284,2026-01-20 10:33:38,2026-01-20 10:33:38,2026-01-20 10:33:38.000000,1,1,3329.2,,,0.0027,24.7323,34.7409,432,0,,,True,SINGLE_READING;,5,day5,MATCHED,D5:wor:1-284,1-284,1-284,results.zip/day5.xlsx,workbook,5.3426,115.799,1-283,True,24.7323,34.7408,435.428,,0,435.428,0.15,20394,39664.1,False,3407.01,0.00787917,INTERPOLATED,774,858,-77.8109,0.00832894,0,True,1,-77.8109,323.658,-3.73908,99.8979,25.8261,-1.3159,-4.03009,-6.74429,-8.10139,-9.45848,-10.4085,-10.8156,-12.1727,-14.8869,0.0470333,0.0306504
821,CG6-0640,2026-01-20,1,285,field,CG6-0640|2026-01-20|L1|S285,2026-01-20 10:37:25,2026-01-20 10:37:25,2026-01-20 10:37:25.000000,1,0,,,,,24.731,34.7412,433.1,0,TILT_GT_30,,False,NO_ACCEPTED_READING;,5,day5,MATCHED,D5:wor:1-285,1-285,1-285,results.zip/day5.xlsx,workbook,6.75204,136.667,1-286,True,24.731,34.7412,437.966,,0,437.966,0.15,20405.1,39785.7,False,3407.01,0.00787955,INTERPOLATED,774,858,,,0,False,1,,326.196,-3.82685,100.681,,,,,,,,,,,,
822,CG6-0640,2026-01-20,1,286,field,CG6-0640|2026-01-20|L1|S286,2026-01-20 10:40:38,2026-01-20 10:40:38,2026-01-20 10:40:38.000000,1,1,3328.2,,,0.0021,24.7299,34.7413,436.6,0,,,True,SINGLE_READING;,5,day5,MATCHED,D5:wor:1-286,1-286,1-286,results.zip/day5.xlsx,workbook,5.85183,126.958,1-287,True,24.7298,34.7412,440.545,,0,440.545,0.15,20438.9,39907.8,False,3407.01,0.00787989,INTERPOLATED,774,858,-78.8139,0.00815491,0,True,1,-78.8139,328.775,-3.90815,101.477,26.5714,-0.99966,-3.75677,-6.51387,-7.89243,-9.27098,-10.236,-10.6495,-12.0281,-14.7852,0.0470028,0.0306036
823,CG6-0640,2026-01-20,1,287,field,CG6-0640|2026-01-20|L1|S287,2026-01-20 10:44:02,2026-01-20 10:44:02,2026-01-20 10:44:02.000000,1,1,3328.02,,,0.0019,24.7291,34.7423,429.6,0,,,True,SINGLE_READING;,5,day5,MATCHED,D5:wor:1-287,1-287,1-287,results.zip/day5.xlsx,workbook,6.32004,108.675,1-288,True,24.7291,34.7422,441.003,,0,441.003,0.15,20371.7,39952.3,False,3407.01,0.00788025,INTERPOLATED,774,858,-78.9897,0.00810607,0,True,1,-78.9897,329.233,-3.95917,101.619,26.588,-1.02146,-3.7824,-6.54335,-7.92382,-9.3043,-10.2706,-10.6848,-12.0652,-14.8262,0.0469944,0.0305906
824,CG6-0640,2026-01-20,1,288,field,CG6-0640|2026-01-20|L1|S288,2026-01-20 10:47:10,2026-01-20 10:47:10,2026-01-20 10:47:10.000000,1,1,3328.34,,,0.0017,24.7297,34.7432,431.2,0,,,True,SINGLE_READING;,5,day5,MATCHED,D5:wor:1-288,1-288,1-288,results.zip/day5.xlsx,workbook,4.602,119.522,1-287,True,24.7297,34.7431,439.627,,0,439.627,0.15,20263.7,39858.6,False,3407.01,0.0078806,INTERPOLATED,774,858,-78.6694,0.00806187,0,True,1,-78.6694,327.857,-3.91814,101.194,26.4426,-1.05151,-3.80092,-6.55033,-7.92503,-9.29974,-10.262,-10.6744,-12.0491,-14.7986,0.0469868,0.0305789
825,CG6-0640,2026-01-20,1,289,field,CG6-0640|2026-01-20|L1|S289,2026-01-20 10:50:55,2026-01-20 10:50:55,2026-01-20 10:50:55.000000,1,1,3328.93,,,0.0015,24.7311,34.7435,430.7,0,,,True,SINGLE_READING;,5,day5,MATCHED,D5:wor:1-289,1-289,1-289,results.zip/day5.xlsx,workbook,2.81872,166.543,1-288,True,24.7311,34.7434,436.991,,0,436.991,0.15,20185.5,39698,False,3407.01,0.00788102,INTERPOLATED,774,858,-78.0845,0.0080225,0,True,1,-78.0845,325.221,-3.81869,100.38,26.1146,-1.15847,-3.88577,-6.61307,-7.97672,-9.34038,-10.2949,-10.704,-12.0677,-14.795,0.04698,0.0305685
826,CG6-0640,2026-01-20,1,290,field,CG6-0640|2026-01-20|L1|S290,2026-01-20 10:54:58,2026-01-20 10:54:58,2026-01-20 10:54:58.000000,1,1,3330.44,,,0.0021,24.7327,34.7441,425.5,0,,,True,SINGLE_READING;,5,day5,MATCHED,D5:wor:1-290,1-290,1-290,results.zip/day5.xlsx,workbook,7.40064,40.9223,1-292,True,24.7327,34.744,433.723,,0,433.723,0.15,20070,39511.2,False,3407.01,0.0078815,INTERPOLATED,774,858,-76.5759,0.00815647,0,True,1,-76.5759,321.953,-3.70727,99.3717,26.5031,-0.495845,-3.19574,-5.89564,-7.24559,-8.59554,-9.5405,-9.94549,-11.2954,-13.9953,0.0470031,0.030604
827,CG6-0640,2026-01-20,1,291,field,CG6-0640|2026-01-20|L1|S291,2026-01-20 10:59:12,2026-01-20 10:59:12,2026-01-20 10:59:12.000000,1,1,3332.02,,,0.002,24.7345,34.7446,425,0,,,True,SINGLE_READING;,5,day5,MATCHED,D5:kml:1-291,1-291,1-291,results.zip/day5.kml,kml_only,2.44939,201.05,1-290,True,24.7345,34.7446,430.705,,0,430.705,0.15,19962.7,39309.2,False,3407.01,0.00788201,INTERPOLATED,774,858,-74.9891,0.00813179,0,True,1,-74.9891,318.935,-3.58963,98.4403,27.0409,0.294965,-2.37962,-5.05421,-6.39151,-7.72881,-8.66491,-9.0661,-10.4034,-13.078,0.0469988,0.0305974
828,CG6-0640,2026-01-20,1,292,field,CG6-0640|2026-01-20|L1|S292,2026-01-20 11:12:55,2026-01-20 11:12:55,2026-01-20 11:12:55.000000,1,1,3330.83,,,0.0018,24.7327,34.7446,424.1,0,,,True,SINGLE_READING;,5,day5,MATCHED,D5:wor:1-292,1-292,1-292,results.zip/day5.xlsx,workbook,4.71028,52.0961,1-290,True,24.7327,34.7445,433.285,,0,433.285,0.15,20028.1,39499.3,False,3407.01,0.00788378,INTERPOLATED,774,858,-76.1791,0.00808665,0,True,1,-76.1791,321.515,-3.7126,99.2365,26.77,-0.192218,-2.88844,-5.58467,-6.93278,-8.28089,-9.22457,-9.629,-10.9771,-13.6733,0.046991,0.0305854
829,CG6-0640,2026-01-20,1,293,field,CG6-0640|2026-01-20|L1|S293,2026-01-20 11:20:42,2026-01-20 11:20:42,2026-01-20 11:20:42.000000,1,1,3326.68,,,0.0029,24.7268,34.7427,434.9,0,,,True,SINGLE_READING;,5,day5,MATCHED,D5:wor:1-293,1-293,1-293,results.zip/day5.xlsx,workbook,5.35989,258.247,1-287,True,24.7268,34.7427,446.006,,0,446.006,0.15,20407.9,40176.5,False,3407.01,0.00788486,INTERPOLATED,774,858,-80.3296,0.00840125,0,True,1,-80.3296,334.236,-4.11317,103.163,26.9462,-1.08284,-3.88574,-6.68864,-8.09009,-9.49155,-10.4726,-10.893,-12.2944,-15.0974,0.0470462,0.0306701
830,CG6-0640,2026-01-20,1,294,field,CG6-0640|2026-01-20|L1|S294,2026-01-20 11:25:55,2026-01-20 11:25:55,2026-01-20 11:25:55.000000,1,1,3325.44,,,0.0021,24.7242,34.7416,439.5,0,,,True,SINGLE_READING;,5,day5,MATCHED,D5:wor:1-294,1-294,1-294,results.zip/day5.xlsx,workbook,2.15188,243.05,1-295,True,24.7242,34.7416,450.49,,0,450.49,0.15,20610.3,40488.8,False,3407.01,0.00788562,INTERPOLATED,774,858,-81.5712,0.00816045,0,True,1,-81.5712,338.72,-4.29589,104.547,27.2712,-1.13382,-3.97432,-6.81483,-8.23508,-9.65533,-10.6495,-11.0756,-12.4958,-15.3363,0.0470038,0.030605
831,CG6-0640,2026-01-20,1,295,field,CG6-0640|2026-01-20|L1|S295,2026-01-20 11:30:14,2026-01-20 11:30:14,2026-01-20 11:30:14.000000,1,1,3322.46,,,0.004,24.7226,34.74,439.6,0,,,True,SINGLE_READING;,5,day5,MATCHED,D5:wor:1-295,1-295,1-295,results.zip/day5.xlsx,workbook,0.991292,240.314,1-294,True,24.7226,34.74,454.415,,0,454.415,0.15,20827.6,40710.4,False,3407.01,0.00788626,INTERPOLATED,774,858,-84.5546,0.00884269,0,True,1,-84.5546,342.645,-4.40276,105.758,25.6061,-3.12813,-6.00155,-8.87497,-10.3117,-11.7484,-12.7541,-13.1851,-14.6218,-17.4952,0.047127,0.030794
832,CG6-0640,2026-01-20,1,296,field,CG6-0640|2026-01-20|L1|S296,2026-01-20 11:33:47,2026-01-20 11:33:47,2026-01-20 11:33:47.000000,1,1,3320.27,,,0.0038,24.7214,34.7374,451.7,0,,,True,SINGLE_READING;,5,day5,MATCHED,D5:wor:1-296,1-296,1-296,results.zip/day5.xlsx,workbook,2.64336,265.226,1-297,True,24.7214,34.7374,458.894,,0,458.894,0.15,21114.1,40927,False,3407.01,0.0078868,INTERPOLATED,774,858,-86.7467,0.00875452,0,True,1,-86.7467,347.124,-4.48755,107.14,24.8811,-4.22871,-7.13969,-10.0507,-11.5062,-12.9617,-13.9805,-14.4171,-15.8726,-18.7836,0.0471106,0.0307688
833,CG6-0640,2026-01-20,1,297,field,CG6-0640|2026-01-20|L1|S297,2026-01-20 11:37:26,2026-01-20 11:37:26,2026-01-20 11:37:26.000000,1,1,3319.07,,,0.0019,24.7191,34.7365,449.2,0,,TILT_GT_20,True,SINGLE_READING;,5,day5,MATCHED,D5:wor:1-297,1-297,1-297,results.zip/day5.xlsx,workbook,5.50657,251.127,1-298,True,24.7191,34.7365,463.129,,0,463.129,0.15,21287.7,41195,False,3407.01,0.00788737,INTERPOLATED,774,858,-87.9399,0.00811299,0,True,1,-87.9399,351.359,-4.64047,108.447,25.1478,-4.31719,-7.26369,-10.2102,-11.6834,-13.1567,-14.188,-14.6299,-16.1032,-19.0497,0.0469956,0.0305924
834,CG6-0640,2026-01-20,1,298,field,CG6-0640|2026-01-20|L1|S298,2026-01-20 11:40:36,2026-01-20 11:40:36,2026-01-20 11:40:36.000000,1,1,3318.01,,,0.0025,24.7169,34.7358,453.1,0,,,True,SINGLE_READING;,5,day5,MATCHED,D5:wor:1-298,1-298,1-298,results.zip/day5.xlsx,workbook,5.32245,258.066,1-297,True,24.717,34.7357,467.048,,0,467.048,0.15,21447.4,41449.8,False,3407.01,0.00788788,INTERPOLATED,774,858,-88.9975,0.00827458,0,True,1,-88.9975,355.278,-4.78985,109.657,25.4491,-4.34447,-7.32383,-10.3032,-11.7929,-13.2826,-14.3253,-14.7722,-16.2619,-19.2413,0.0470237,0.0306357
835,CG6-0640,2026-01-20,1,299,field,CG6-0640|2026-01-20|L1|S299,2026-01-20 11:44:51,2026-01-20 11:44:51,2026-01-20 11:44:51.000000,1,1,3317.26,,,0.0034,24.7138,34.7361,455.9,0,,,True,SINGLE_READING;,5,day5,MATCHED,D5:wor:1-299,1-299,1-299,results.zip/day5.xlsx,workbook,4.24065,95.8464,1-300,True,24.7138,34.7361,472.284,,0,472.284,0.15,21539.3,41760,False,3407.01,0.00788857,INTERPOLATED,774,858,-89.7472,0.00859008,0,True,1,-89.7472,360.514,-5.00418,111.273,26.5297,-3.70299,-6.72626,-9.74953,-11.2612,-12.7728,-13.8309,-14.2844,-15.7961,-18.8193,0.0470803,0.0307224
836,CG6-0640,2026-01-20,1,300,field,CG6-0640|2026-01-20|L1|S300,2026-01-20 11:47:54,2026-01-20 11:47:54,2026-01-20 11:47:54.000000,1,1,3316.44,,,0.0019,24.713,34.7358,466.5,0,,,True,SINGLE_READING;,5,day5,MATCHED,D5:wor:1-300,1-300,1-300,results.zip/day5.xlsx,workbook,1.27352,95.0016,1-299,True,24.713,34.7358,473.147,,0,473.147,0.15,21608.5,41855,False,3407.01,0.00788908,INTERPOLATED,774,858,-90.5737,0.00811465,0,True,1,-90.5737,361.377,-5.05915,111.539,26.0245,-4.28056,-7.31107,-10.3416,-11.8568,-13.3721,-14.4328,-14.8873,-16.4026,-19.4331,0.0469959,0.0305929
837,CG6-0640,2026-01-20,1,301,field,CG6-0640|2026-01-20|L1|S301,2026-01-20 12:04:25,2026-01-20 12:04:25,2026-01-20 12:04:25.000000,1,1,3342.53,,,0.0022,24.7438,34.7585,394.9,0,,,True,SINGLE_READING;,5,day5,MATCHED,D5:wor:1-301,1-301,1-301,results.zip/day5.xlsx,workbook,2.43007,102.629,1-250,True,24.7438,34.7585,396.852,,0,396.852,0.15,18323.6,37864.5,False,3407.01,0.00789197,INTERPOLATED,774,858,-64.483,0.00819287,0,True,1,-64.483,285.082,-2.94747,87.9921,26.4566,2.54962,0.158924,-2.23177,-3.42712,-4.62247,-5.45922,-5.81782,-7.01317,-9.40387,0.0470094,0.0306137
838,CG6-0640,2026-01-20,1,302,field,CG6-0640|2026-01-20|L1|S302,2026-01-20 12:08:50,2026-01-20 12:08:50,2026-01-20 12:08:50.000000,1,1,3342.36,,,0.0072,24.7413,34.7593,393.6,0,,STDDEV_GT_0.050,True,SINGLE_READING;,5,day5,MATCHED,D5:wor:1-302,1-302,1-302,results.zip/day5.xlsx,workbook,7.00778,260.529,1-303,True,24.7412,34.7593,399.289,,0,399.289,0.15,18325.5,38109,False,3407.01,0.00789278,INTERPOLATED,774,858,-64.6544,0.0106834,0,True,1,-64.6544,287.519,-3.12588,88.7443,27.2158,3.10442,0.693281,-1.71785,-2.92342,-4.12899,-4.97288,-5.33455,-6.54012,-8.95126,0.0475068,0.0313721
839,CG6-0640,2026-01-20,1,303,field,CG6-0640|2026-01-20|L1|S303,2026-01-20 12:12:32,2026-01-20 12:12:32,2026-01-20 12:12:32.000000,1,1,3342.29,,,0.0092,24.739,34.7596,393.5,0,,STDDEV_GT_0.050,True,SINGLE_READING;,5,day5,MATCHED,D5:wor:1-303,1-303,1-303,results.zip/day5.xlsx,workbook,3.03937,252.886,1-302,True,24.7389,34.7595,403.983,,0,403.983,0.15,18372.3,38345.8,False,3407.01,0.00789348,INTERPOLATED,774,858,-64.7251,0.0121222,0,True,1,-64.7251,292.213,-3.28165,90.193,28.7495,4.24452,1.79402,-0.656479,-1.88173,-3.10698,-3.96465,-4.33223,-5.55748,-8.00797,0.0478509,0.0318908
840,CG6-0640,2026-01-20,1,304,field,CG6-0640|2026-01-20|L1|S304,2026-01-20 12:16:29,2026-01-20 12:16:29,2026-01-20 12:16:29.000000,1,1,3341.44,,,0.0018,24.7366,34.7594,400.8,0,,,True,SINGLE_READING;,5,day5,MATCHED,D5:wor:1-304,1-304,1-304,results.zip/day5.xlsx,workbook,3.97652,263.689,1-303,True,24.7366,34.7594,407.994,,0,407.994,0.15,18463.7,38601.7,False,3407.01,0.00789424,INTERPOLATED,774,858,-65.571,0.00809685,0,True,1,-65.571,296.224,-3.44494,91.4309,29.3049,4.46355,1.97941,-0.504724,-1.74679,-2.98886,-3.85831,-4.23093,-5.47299,-7.95713,0.0469928,0.0305881
841,CG6-0640,2026-01-20,1,305,field,CG6-0640|2026-01-20|L1|S305,2026-01-20 12:20:03,2026-01-20 12:20:03,2026-01-20 12:20:03.000000,1,1,3340.87,,,0.0028,24.7346,34.7612,404.4,0,,,True,SINGLE_READING;,5,day5,MATCHED,D5:wor:1-305,1-305,1-305,results.zip/day5.xlsx,workbook,4.37801,270.881,1-306,True,24.7346,34.7612,412.808,,0,412.808,0.15,18358.6,38756.9,False,3407.01,0.00789493,INTERPOLATED,774,858,-66.1365,0.00837675,0,True,1,-66.1365,301.038,-3.58308,92.9167,30.3633,5.11824,2.59373,0.0692286,-1.19302,-2.45528,-3.33885,-3.71753,-4.97978,-7.50429,0.0470418,0.0306634
842,CG6-0640,2026-01-20,1,306,field,CG6-0640|2026-01-20|L1|S306,2026-01-20 12:23:10,2026-01-20 12:23:10,2026-01-20 12:23:10.000000,1,1,3340.18,,,0.0019,24.7323,34.762,403.1,0,,,True,SINGLE_READING;,5,day5,MATCHED,D5:wor:1-306,1-306,1-306,results.zip/day5.xlsx,workbook,4.57394,252.53,1-307,True,24.7322,34.7619,416.6,,0,416.6,0.15,18372.9,38981.2,False,3407.01,0.00789555,INTERPOLATED,774,858,-66.831,0.00812094,0,True,1,-66.831,304.83,-3.74234,94.087,30.9983,5.4353,2.879,0.322691,-0.955461,-2.23361,-3.12832,-3.51177,-4.78992,-7.34622,0.046997,0.0305945
843,CG6-0640,2026-01-20,1,307,field,CG6-0640|2026-01-20|L1|S307,2026-01-20 12:27:01,2026-01-20 12:27:01,2026-01-20 12:27:01.000000,1,1,3339.11,,,0.002,24.7301,34.7625,411.7,0,,,True,SINGLE_READING;,5,day5,MATCHED,D5:wor:1-307,1-307,1-307,results.zip/day5.xlsx,workbook,4.86579,247.261,1-306,True,24.73,34.7625,421.365,,0,421.365,0.15,18404.3,39198.1,False,3407.01,0.00789633,INTERPOLATED,774,858,-67.9046,0.00814567,0,True,1,-67.9046,309.595,-3.89288,95.5577,31.546,5.58334,2.98707,0.39081,-0.907322,-2.20545,-3.11415,-3.50359,-4.80172,-7.39798,0.0470012,0.0306011
844,CG6-0640,2026-01-20,1,308,field,CG6-0640|2026-01-20|L1|S308,2026-01-20 12:30:45,2026-01-20 12:30:45,2026-01-20 12:30:45.000000,1,1,3337.94,,,0.0027,24.7279,34.7632,413.6,0,,,True,SINGLE_READING;,5,day5,MATCHED,D5:wor:1-308,1-308,1-308,results.zip/day5.xlsx,workbook,7.43419,248.381,1-307,True,24.7278,34.7631,425.767,,0,425.767,0.15,18425.5,39409.1,False,3407.01,0.00789709,INTERPOLATED,774,858,-69.0727,0.0083459,0,True,1,-69.0727,313.997,-4.04369,96.9163,31.8872,5.55545,2.92227,0.289095,-1.02749,-2.34408,-3.2657,-3.66067,-4.97726,-7.61044,0.0470363,0.030655
845,CG6-0640,2026-01-20,1,309,field,CG6-0640|2026-01-20|L1|S309,2026-01-20 12:33:55,2026-01-20 12:33:55,2026-01-20 12:33:55.000000,1,1,3336.8,,,0.0021,24.7258,34.7645,417.9,0,,,True,SINGLE_READING;,5,day5,MATCHED,D5:wor:1-309,1-309,1-309,results.zip/day5.xlsx,workbook,3.62648,235.06,1-310,True,24.7258,34.7645,430.271,,0,430.271,0.15,18381.1,39591.3,False,3407.01,0.00789775,INTERPOLATED,774,858,-70.2086,0.00817218,0,True,1,-70.2086,318.501,-4.18496,98.3063,32.2827,5.5732,2.90225,0.231299,-1.10418,-2.43965,-3.37448,-3.77512,-5.1106,-7.78155,0.0470058,0.0306082
846,CG6-0640,2026-01-20,1,310,field,CG6-0640|2026-01-20|L1|S310,2026-01-20 12:37:32,2026-01-20 12:37:32,2026-01-20 12:37:32.000000,1,1,3335.57,,,0.003,24.724,34.7658,428.4,0,,,True,SINGLE_READING;,5,day5,MATCHED,D5:wor:1-310,1-310,1-310,results.zip/day5.xlsx,workbook,6.05541,230.968,1-309,True,24.724,34.7658,434.273,,0,434.273,0.15,18337.7,39742.9,False,3407.01,0.00789851,INTERPOLATED,774,858,-71.4462,0.00844905,0,True,1,-71.4462,322.503,-4.30672,99.5415,32.402,5.35693,2.65242,-0.0520948,-1.40435,-2.7566,-3.70318,-4.10886,-5.46112,-8.16563,0.0470548,0.0306832
847,CG6-0640,2026-01-20,1,311,field,CG6-0640|2026-01-20|L1|S311,2026-01-20 12:41:01,2026-01-20 12:41:01,2026-01-20 12:41:01.000000,1,1,3333.9,,,0.0029,24.7213,34.7657,423.4,0,,,True,SINGLE_READING;,5,day5,MATCHED,D5:wor:1-311,1-311,1-311,results.zip/day5.xlsx,workbook,6.82442,274.477,1-312,True,24.7213,34.7657,440.031,,0,440.031,0.15,18461.4,40033.6,False,3407.01,0.00789926,INTERPOLATED,774,858,-73.1144,0.00841477,0,True,1,-73.1144,328.261,-4.49281,101.319,32.697,5.16901,2.41621,-0.336582,-1.71298,-3.08938,-4.05286,-4.46578,-5.84218,-8.59497,0.0470486,0.0306738
848,CG6-0640,2026-01-20,1,312,field,CG6-0640|2026-01-20|L1|S312,2026-01-20 12:44:22,2026-01-20 12:44:22,2026-01-20 12:44:22.000000,1,1,3332.45,,,0.003,24.7191,34.7667,433.7,0,,,True,SINGLE_READING;,5,day5,MATCHED,D5:wor:1-312,1-312,1-312,results.zip/day5.xlsx,workbook,8.31198,261.241,1-313,True,24.719,34.7666,444.779,,0,444.779,0.15,18474,40248,False,3407.01,0.00789999,INTERPOLATED,774,858,-74.5571,0.00845043,0,True,1,-74.5571,333.009,-4.64858,102.784,32.8754,4.9493,2.15668,-0.63593,-2.03224,-3.42854,-4.40596,-4.82485,-6.22116,-9.01377,0.047055,0.0306836
849,CG6-0640,2026-01-20,1,313,field,CG6-0640|2026-01-20|L1|S313,2026-01-20 12:47:28,2026-01-20 12:47:28,2026-01-20 12:47:28.000000,1,1,3331.26,,,0.0034,24.7173,34.7683,438.1,0,,,True,SINGLE_READING;,5,day5,MATCHED,D5:wor:1-313,1-313,1-313,results.zip/day5.xlsx,workbook,6.88274,255.13,1-312,True,24.7173,34.7683,450.147,,0,450.147,0.15,18404.4,40391.9,False,3407.01,0.00790067,INTERPOLATED,774,858,-75.7476,0.0086012,0,True,1,-75.7476,338.377,-4.7697,104.441,33.4628,5.08648,2.24885,-0.588777,-2.00759,-3.42641,-4.41958,-4.84522,-6.26404,-9.10167,0.0470823,0.0307255
850,CG6-0640,2026-01-20,1,314,field,CG6-0640|2026-01-20|L1|S314,2026-01-20 12:50:58,2026-01-20 12:50:58,2026-01-20 12:50:58.000000,1,1,3330.16,,,0.0056,24.7164,34.7707,440.3,0,,,True,SINGLE_READING;,5,day5,MATCHED,D5:wor:1-314,1-314,1-314,results.zip/day5.xlsx,workbook,6.00164,248.043,1-315,True,24.7163,34.7707,455.338,,0,455.338,0.15,18229.2,40426.5,False,3407.01,0.00790145,INTERPOLATED,774,858,-76.8491,0.00968468,0,True,1,-76.8491,343.568,-4.8331,106.043,34.0267,5.21511,2.33395,-0.547216,-1.9878,-3.42838,-4.43678,-4.86896,-6.30954,-9.1907,0.0472923,0.0310462
851,CG6-0640,2026-01-20,1,315,field,CG6-0640|2026-01-20|L1|S315,2026-01-20 12:54:31,2026-01-20 12:54:31,2026-01-20 12:54:31.000000,1,1,3328.87,,,0.0033,24.715,34.7726,455.1,0,,,True,SINGLE_READING;,5,day5,MATCHED,D5:wor:1-315,1-315,1-315,results.zip/day5.xlsx,workbook,7.00251,245.444,1-314,True,24.7149,34.7726,461.311,,0,461.311,0.15,18125.2,40527,False,3407.01,0.00790226,INTERPOLATED,774,858,-78.1395,0.00856363,0,True,1,-78.1395,349.541,-4.92987,107.886,34.6766,5.36409,2.43284,-0.498412,-1.96404,-3.42966,-4.4556,-4.89529,-6.36091,-9.29216,0.0470755,0.030715
852,CG6-0640,2026-01-20,1,316,field,CG6-0640|2026-01-20|L1|S316,2026-01-20 12:58:58,2026-01-20 12:58:58,2026-01-20 12:58:58.000000,1,1,3326.32,,,0.0025,24.7136,34.7748,463.2,0,,,True,SINGLE_READING;,5,day5,MATCHED,D5:wor:1-316,1-316,1-316,results.zip/day5.xlsx,workbook,2.7887,191.799,1-317,True,24.7135,34.7748,474.581,,0,474.581,0.15,17994.8,40620.8,False,3407.01,0.00790328,INTERPOLATED,774,858,-80.6906,0.00828926,0,True,1,-80.6906,362.811,-5.02466,111.982,36.3157,5.89033,2.8478,-0.194737,-1.716,-3.23727,-4.30216,-4.75854,-6.2798,-9.32234,0.0470263,0.0306396
853,CG6-0640,2026-01-20,1,317,field,CG6-0640|2026-01-20|L1|S317,2026-01-20 13:09:32,2026-01-20 13:09:32,2026-01-20 13:09:32.000000,1,1,3328.17,,,0.0018,24.7132,34.7767,458.7,0,,,True,SINGLE_READING;,5,day5,MATCHED,D5:wor:1-317,1-317,1-317,results.zip/day5.xlsx,workbook,7.37635,192.169,1-316,True,24.7132,34.7767,465.555,,0,465.555,0.15,17843.1,40609.2,False,3407.01,0.00790579,INTERPOLATED,774,858,-78.8444,0.00810811,0,True,1,-78.8444,353.785,-5.05024,109.196,35.4019,5.73346,2.76662,-0.200221,-1.68364,-3.16706,-4.20546,-4.65048,-6.1339,-9.10074,0.0469947,0.0305911
854,CG6-0640,2026-01-20,1,318,field,CG6-0640|2026-01-20|L1|S318,2026-01-20 13:13:29,2026-01-20 13:13:29,2026-01-20 13:13:29.000000,1,1,3328.72,,,0.0029,24.7114,34.7783,450.6,0,,,True,SINGLE_READING;,5,day5,MATCHED,D5:wor:1-318,1-318,1-318,results.zip/day5.xlsx,workbook,5.35699,216.828,1-319,True,24.7113,34.7783,458.865,,0,458.865,0.15,17796.7,40769.6,False,3407.01,0.00790675,INTERPOLATED,774,858,-78.291,0.0084218,0,True,1,-78.291,347.095,-5.17689,107.131,34.0172,4.90984,1.99911,-0.911634,-2.367,-3.82237,-4.84113,-5.27774,-6.73311,-9.64385,0.0470499,0.0306758
855,CG6-0640,2026-01-20,1,319,field,CG6-0640|2026-01-20|L1|S319,2026-01-20 13:17:32,2026-01-20 13:17:32,2026-01-20 13:17:32.000000,1,1,3329.87,,,0.009,24.7101,34.7799,442.3,0,,STDDEV_GT_0.050,True,SINGLE_READING;,5,day5,MATCHED,D5:wor:1-319,1-319,1-319,results.zip/day5.xlsx,workbook,7.696,209.14,1-318,True,24.71,34.7798,452.371,,0,452.371,0.15,17726.7,40870.3,False,3407.01,0.00790776,INTERPOLATED,774,858,-77.14,0.0119805,0,True,1,-77.14,340.601,-5.26654,105.127,33.2536,4.6908,1.83452,-1.02176,-2.4499,-3.87804,-4.87774,-5.30618,-6.73432,-9.5906,0.0478152,0.0318372
856,CG6-0640,2026-01-20,1,320,field,CG6-0640|2026-01-20|L1|S320,2026-01-20 13:22:38,2026-01-20 13:22:38,2026-01-20 13:22:38.000000,1,1,3330.87,,,0.0016,24.7087,34.7815,442.2,0,,,True,SINGLE_READING;,5,day5,MATCHED,D5:wor:1-320,1-320,1-320,results.zip/day5.xlsx,workbook,3.22638,218.239,1-319,True,24.7087,34.7814,445.592,,0,445.592,0.15,17658.4,40978.6,False,3407.01,0.00790904,INTERPOLATED,774,858,-76.1399,0.00806926,0,True,1,-76.1399,333.822,-5.35658,103.035,32.2516,4.25728,1.45785,-1.34158,-2.7413,-4.14101,-5.12082,-5.54073,-6.94045,-9.73988,0.0469881,0.0305808
857,CG6-0640,2026-01-20,1,321,field,CG6-0640|2026-01-20|L1|S321,2026-01-20 13:26:33,2026-01-20 13:26:33,2026-01-20 13:26:33.000000,1,1,3332.39,,,0.0023,24.7083,34.7839,430.3,0,,,True,SINGLE_READING;,5,day5,MATCHED,D5:wor:1-321,1-321,1-321,results.zip/day5.xlsx,workbook,6.07326,253.212,1-320,True,24.7083,34.7839,439.461,,0,439.461,0.15,17463.3,40960.2,False,3407.01,0.00791004,INTERPOLATED,774,858,-74.6216,0.00823764,0,True,1,-74.6216,327.691,-5.38389,101.143,31.905,4.42482,1.6768,-1.07121,-2.44522,-3.81923,-4.78103,-5.19324,-6.56725,-9.31526,0.0470173,0.0306257
862,CG6-0640,2026-01-21,1,322,field,CG6-0640|2026-01-21|L1|S322,2026-01-21 09:19:41,2026-01-21 09:19:41,2026-01-21 09:19:41.000000,1,1,3315.72,,,0.007,24.7125,34.7354,485.4,0,,STDDEV_GT_0.050,True,SINGLE_READING;,6,day6,UNMATCHED_GT_30M,D6:wor:1-346,1-346,1-346,results.zip/day6.xlsx,workbook,2870.8,2872.18,1-345,False,24.7081,34.7634,495.5,,0,495.5,0.15,21667.8,41927.9,False,3407,0.00787351,INTERPOLATED,861,898,-91.2815,0.0105353,0,False,1,-91.2815,383.73,-5.39793,118.438,32.5541,0.374538,-2.84342,-6.06138,-7.67036,-9.27934,-10.4056,-10.8883,-12.4973,-15.7153,0.0474737,0.031322
863,CG6-0640,2026-01-21,1,323,field,CG6-0640|2026-01-21|L1|S323,2026-01-21 09:24:29,2026-01-21 09:24:29,2026-01-21 09:24:29.000000,1,1,3315.42,,,0.0029,24.7111,34.7358,483,0,,,True,SINGLE_READING;,6,day6,UNMATCHED_GT_30M,D6:wor:1-345,1-345,1-345,results.zip/day6.xlsx,workbook,2807.71,2810.12,1-346,False,24.7074,34.7633,491.562,,0,491.562,0.15,21691.2,42059.6,False,3407,0.00787322,INTERPOLATED,861,898,-91.5885,0.00839032,0,False,1,-91.5885,379.792,-5.44274,117.222,31.0766,-0.772727,-3.95766,-7.1426,-8.73507,-10.3275,-11.4423,-11.92,-13.5125,-16.6974,0.0470443,0.0306671
864,CG6-0640,2026-01-21,1,324,field,CG6-0640|2026-01-21|L1|S324,2026-01-21 09:28:27,2026-01-21 09:28:27,2026-01-21 09:28:27.000000,1,1,3315.02,,,0.0062,24.7103,34.737,478.6,0,,,True,SINGLE_READING;,6,day6,UNMATCHED_GT_30M,D6:wor:1-345,1-345,1-345,results.zip/day6.xlsx,workbook,2675.46,2679.91,1-346,False,24.7074,34.7633,491.562,,0,491.562,0.15,21615,42103.8,False,3407,0.00787299,INTERPOLATED,861,898,-91.9849,0.0100212,0,False,1,-91.9849,379.792,-5.44274,117.222,30.6802,-1.16914,-4.35408,-7.53901,-9.13148,-10.7239,-11.8387,-12.3164,-13.9089,-17.0938,0.0473623,0.0311528
865,CG6-0640,2026-01-21,1,325,field,CG6-0640|2026-01-21|L1|S325,2026-01-21 09:33:20,2026-01-21 09:33:20,2026-01-21 09:33:20.000000,1,1,3314.77,,,0.0032,24.7098,34.7361,471.4,0,,,True,SINGLE_READING;,6,day6,UNMATCHED_GT_30M,D6:wor:1-345,1-345,1-345,results.zip/day6.xlsx,workbook,2754.99,2761.18,1-346,False,24.7074,34.7633,491.562,,0,491.562,0.15,21716.2,42185.9,False,3407,0.00787273,INTERPOLATED,861,898,-92.2336,0.00849823,0,False,1,-92.2336,379.792,-5.44274,117.222,30.4316,-1.4178,-4.60274,-7.78767,-9.38014,-10.9726,-12.0873,-12.5651,-14.1575,-17.3425,0.0470636,0.0306968
866,CG6-0640,2026-01-21,1,326,field,CG6-0640|2026-01-21|L1|S326,2026-01-21 09:38:14,2026-01-21 09:38:14,2026-01-21 09:38:14.000000,1,1,3314.07,,,0.0042,24.7082,34.7368,465.4,0,,,True,SINGLE_READING;,6,day6,UNMATCHED_GT_30M,D6:wor:1-345,1-345,1-345,results.zip/day6.xlsx,workbook,2680.59,2691.34,1-346,False,24.7074,34.7633,491.562,,0,491.562,0.15,21726.9,42327.6,False,3407,0.0078725,INTERPOLATED,861,898,-92.9344,0.0089228,0,False,1,-92.9344,379.792,-5.44274,117.222,29.7307,-2.11863,-5.30356,-8.4885,-10.081,-11.6734,-12.7882,-13.2659,-14.8584,-18.0433,0.0471421,0.0308171
867,CG6-0640,2026-01-21,1,327,field,CG6-0640|2026-01-21|L1|S327,2026-01-21 09:44:25,2026-01-21 09:44:25,2026-01-21 09:44:25.000000,1,1,3313.56,,,0.005,24.7067,34.7361,471.5,0,,,True,SINGLE_READING;,6,day6,UNMATCHED_GT_30M,D6:wor:1-345,1-345,1-345,results.zip/day6.xlsx,workbook,2749.71,2764.74,1-346,False,24.7074,34.7633,491.562,,0,491.562,0.15,21855.7,42502.7,False,3407,0.00787225,INTERPOLATED,861,898,-93.4478,0.00932589,0,False,1,-93.4478,379.792,-5.44274,117.222,29.2173,-2.63208,-5.81702,-9.00195,-10.5944,-12.1869,-13.3016,-13.7794,-15.3718,-18.5568,0.0472201,0.0309362
868,CG6-0640,2026-01-21,1,328,field,CG6-0640|2026-01-21|L1|S328,2026-01-21 09:50:25,2026-01-21 09:50:25,2026-01-21 09:50:25.000000,1,1,3312.8,,,0.0022,24.7062,34.7352,480.3,0,,,True,SINGLE_READING;,6,day6,UNMATCHED_GT_30M,D6:wor:1-345,1-345,1-345,results.zip/day6.xlsx,workbook,2836.91,2853.49,1-346,False,24.7074,34.7633,491.562,,0,491.562,0.15,21959.5,42592.2,False,3407,0.00787204,INTERPOLATED,861,898,-94.2069,0.00817368,0,False,1,-94.2069,379.792,-5.44274,117.222,28.4582,-3.39118,-6.57612,-9.76105,-11.3535,-12.946,-14.0607,-14.5385,-16.1309,-19.3159,0.0470061,0.0306086
869,CG6-0640,2026-01-21,1,329,field,CG6-0640|2026-01-21|L1|S329,2026-01-21 09:55:26,2026-01-21 09:55:26,2026-01-21 09:55:26.000000,1,1,3312.09,,,0.0017,24.7048,34.736,503.7,0,,,True,SINGLE_READING;,6,day6,UNMATCHED_GT_30M,D6:wor:1-345,1-345,1-345,results.zip/day6.xlsx,workbook,2771.45,2791.94,1-346,False,24.7074,34.7633,491.562,,0,491.562,0.15,21950.3,42705.8,False,3407.01,0.00787189,INTERPOLATED,861,898,-94.9169,0.00805336,0,False,1,-94.9169,379.792,-5.44274,117.222,27.7482,-4.10118,-7.28611,-10.471,-12.0635,-13.656,-14.7707,-15.2485,-16.8409,-20.0259,0.0469853,0.0305767
870,CG6-0640,2026-01-21,1,330,field,CG6-0640|2026-01-21|L1|S330,2026-01-21 10:00:32,2026-01-21 10:00:32,2026-01-21 10:00:32.000000,1,1,3311.72,,,0.002,24.704,34.7376,496.5,0,,,True,SINGLE_READING;,6,day6,UNMATCHED_GT_30M,D6:wor:1-345,1-345,1-345,results.zip/day6.xlsx,workbook,2622.12,2639.49,1-344,False,24.7074,34.7633,491.562,,0,491.562,0.15,21843.3,42744.1,False,3407.01,0.00787177,INTERPOLATED,861,898,-95.2833,0.00812187,0,False,1,-95.2833,379.792,-5.44274,117.222,27.3818,-4.46754,-7.65248,-10.8374,-12.4299,-14.0224,-15.1371,-15.6148,-17.2073,-20.3922,0.0469971,0.0305948
871,CG6-0640,2026-01-21,1,331,field,CG6-0640|2026-01-21|L1|S331,2026-01-21 10:07:02,2026-01-21 10:07:02,2026-01-21 10:07:02.000000,1,1,3310.36,,,0.0033,24.702,34.738,491.3,0,,,True,SINGLE_READING;,6,day6,UNMATCHED_GT_30M,D6:wor:1-345,1-345,1-345,results.zip/day6.xlsx,workbook,2619.31,2630.31,1-344,False,24.7074,34.7633,491.562,,0,491.562,0.15,21894.8,42931.5,False,3407.01,0.00787165,INTERPOLATED,861,898,-96.6476,0.00853539,0,False,1,-96.6476,379.792,-5.44274,117.222,26.0175,-5.83184,-9.01678,-12.2017,-13.7942,-15.3867,-16.5014,-16.9791,-18.5716,-21.7565,0.0470703,0.0307071
872,CG6-0640,2026-01-21,1,332,field,CG6-0640|2026-01-21|L1|S332,2026-01-21 10:12:27,2026-01-21 10:12:27,2026-01-21 10:12:27.000000,1,1,3308.93,,,0.0021,24.7007,34.7383,493.2,0,,,True,SINGLE_READING;,6,day6,UNMATCHED_GT_30M,D6:wor:1-345,1-345,1-345,results.zip/day6.xlsx,workbook,2635.64,2642.13,1-344,False,24.7074,34.7633,491.562,,0,491.562,0.15,21939.4,43067.2,False,3407.01,0.00787159,INTERPOLATED,861,898,-98.0803,0.0081469,0,False,1,-98.0803,379.792,-5.44274,117.222,24.5848,-7.26457,-10.4495,-13.6344,-15.2269,-16.8194,-17.9341,-18.4118,-20.0043,-23.1892,0.0470014,0.0306014
873,CG6-0640,2026-01-21,1,333,field,CG6-0640|2026-01-21|L1|S333,2026-01-21 10:18:13,2026-01-21 10:18:13,2026-01-21 10:18:13.000000,1,1,3307.49,,,0.0012,24.6995,34.7386,494.5,0,,,True,SINGLE_READING;,6,day6,UNMATCHED_GT_30M,D6:wor:1-345,1-345,1-345,results.zip/day6.xlsx,workbook,2641.23,2643.59,1-344,False,24.7074,34.7633,491.562,,0,491.562,0.15,21964.3,43181.9,False,3407.01,0.00787156,INTERPOLATED,861,898,-99.5113,0.0079625,0,False,1,-99.5113,379.792,-5.44274,117.222,23.1538,-8.69551,-11.8804,-15.0654,-16.6578,-18.2503,-19.365,-19.8428,-21.4353,-24.6202,0.0469698,0.0305528
874,CG6-0640,2026-01-21,1,334,field,CG6-0640|2026-01-21|L1|S334,2026-01-21 10:26:23,2026-01-21 10:26:23,2026-01-21 10:26:23.000000,1,1,3309.47,,,0.002,24.7018,34.7375,498.3,0,,,True,SINGLE_READING;,6,day6,UNMATCHED_GT_30M,D6:wor:1-345,1-345,1-345,results.zip/day6.xlsx,workbook,2677.02,2687.48,1-344,False,24.7074,34.7633,491.562,,0,491.562,0.15,21954.9,42977.5,False,3407.01,0.00787158,INTERPOLATED,861,898,-97.5398,0.00812168,0,False,1,-97.5398,379.792,-5.44274,117.222,25.1253,-6.72407,-9.909,-13.0939,-14.6864,-16.2789,-17.3936,-17.8713,-19.4638,-22.6487,0.0469971,0.0305947
875,CG6-0640,2026-01-21,1,335,field,CG6-0640|2026-01-21|L1|S335,2026-01-21 11:34:26,2026-01-21 11:34:26,2026-01-21 11:34:26.000000,1,1,3332.17,,,0.0032,24.7079,34.7842,432.9,0,,,True,SINGLE_READING;,6,day6,MATCHED,D6:wor:1-335,1-335,1-335,results.zip/day6.xlsx,workbook,2.3795,146.51,1-347,True,24.7078,34.7842,439.6,,0,439.6,0.15,17464.7,41005.8,False,3407.01,0.00787443,INTERPOLATED,861,898,-74.8411,0.0084998,0,True,1,-74.8411,327.83,-5.41467,101.186,31.7591,4.26729,1.51811,-1.23107,-2.60566,-3.98025,-4.94247,-5.35484,-6.72944,-9.47862,0.0470639,0.0306973
876,CG6-0640,2026-01-21,1,336,field,CG6-0640|2026-01-21|L1|S336,2026-01-21 11:41:32,2026-01-21 11:41:32,2026-01-21 11:41:32.000000,1,0,,,,,24.7071,34.7819,434.1,0,STDDEV_GT_0.080,,False,NO_ACCEPTED_READING;,6,day6,MATCHED,D6:wor:1-336,1-336,1-336,results.zip/day6.xlsx,workbook,5.75905,139.205,1-347,True,24.7071,34.7818,444.501,,0,444.501,0.15,17710.8,41140.4,False,3407.01,0.00787501,INTERPOLATED,861,898,,,0,False,1,,332.731,-5.46628,102.698,,,,,,,,,,,,
877,CG6-0640,2026-01-21,1,337,field,CG6-0640|2026-01-21|L1|S337,2026-01-21 11:51:51,2026-01-21 11:51:51,2026-01-21 11:51:51.000000,1,1,3323.51,,,0.0018,24.7071,34.7715,458.9,0,,,True,SINGLE_READING;,6,day6,MATCHED,D6:wor:1-337,1-337,1-337,results.zip/day6.xlsx,workbook,3.4401,151.056,1-338,True,24.7071,34.7715,469.576,,0,469.576,0.15,18629.8,41402.6,False,3407.01,0.00787595,INTERPOLATED,861,898,-83.5029,0.00807902,0,True,1,-83.5029,357.806,-5.46796,110.437,32.4021,2.39648,-0.604082,-3.60464,-5.10492,-6.6052,-7.6554,-8.10548,-9.60577,-12.6063,0.0469897,0.0305834
878,CG6-0640,2026-01-21,1,338,field,CG6-0640|2026-01-21|L1|S338,2026-01-21 11:55:30,2026-01-21 11:55:30,2026-01-21 11:55:30.000000,1,1,3322.34,,,0.0025,24.7084,34.7708,496.9,0,,,True,SINGLE_READING;,6,day6,MATCHED,D6:wor:1-338,1-338,1-338,results.zip/day6.xlsx,workbook,5.74411,128.472,1-339,True,24.7083,34.7708,475.738,,0,475.738,0.15,18618,41283.7,False,3407.01,0.0078763,INTERPOLATED,861,898,-84.6707,0.00826354,0,True,1,-84.6707,363.968,-5.38212,112.339,33.0501,2.52777,-0.524469,-3.5767,-5.10282,-6.62894,-7.69722,-8.15506,-9.68118,-12.7334,0.0470218,0.0306327
879,CG6-0640,2026-01-21,1,339,field,CG6-0640|2026-01-21|L1|S339,2026-01-21 11:59:00,2026-01-21 11:59:00,2026-01-21 11:59:00.000000,1,1,3321.73,,,0.002,24.7095,34.7706,501.5,0,,,True,SINGLE_READING;,6,day6,MATCHED,D6:wor:1-339,1-339,1-339,results.zip/day6.xlsx,workbook,6.23858,111.824,1-340,True,24.7095,34.7707,481.651,,0,481.651,0.15,18574.7,41160.9,False,3407.01,0.00787666,INTERPOLATED,861,898,-85.2749,0.00812661,0,True,1,-85.2749,369.881,-5.30162,114.164,34.1903,3.17208,0.0702592,-3.03156,-4.58247,-6.13338,-7.21902,-7.6843,-9.23521,-12.337,0.0469979,0.030596
880,CG6-0640,2026-01-21,1,340,field,CG6-0640|2026-01-21|L1|S340,2026-01-21 12:03:13,2026-01-21 12:03:13,2026-01-21 12:03:13.000000,1,1,3320.51,,,0.0015,24.7106,34.7705,504.6,0,,,True,SINGLE_READING;,6,day6,MATCHED,D6:wor:1-340,1-340,1-340,results.zip/day6.xlsx,workbook,10.6005,121.753,1-339,True,24.7105,34.7704,490.258,,0,490.258,0.15,18534.3,41053.8,False,3407.01,0.00787711,INTERPOLATED,861,898,-86.5023,0.00801865,0,True,1,-86.5023,378.488,-5.23048,116.82,35.5481,3.80811,0.634106,-2.53989,-4.12689,-5.71389,-6.82479,-7.30089,-8.8879,-12.0619,0.0469794,0.0305675
881,CG6-0640,2026-01-21,1,341,field,CG6-0640|2026-01-21|L1|S341,2026-01-21 12:17:27,2026-01-21 12:17:27,2026-01-21 12:17:27.000000,1,1,3318.83,,,0.0022,24.7074,34.7663,476.4,0,,,True,SINGLE_READING;,6,day6,MATCHED,D6:kml:1-341,1-341,1-341,results.zip/day6.kml,kml_only,8.69329,219.031,1-342,True,24.7074,34.7663,486.21,,0,486.21,0.15,19068.5,41502.5,False,3407.01,0.00787875,INTERPOLATED,861,898,-88.1757,0.00818014,0,True,1,-88.1757,374.44,-5.44777,115.571,32.8426,1.44209,-1.69796,-4.83801,-6.40804,-7.97807,-9.07708,-9.54809,-11.1181,-14.2582,0.0470072,0.0306103
882,CG6-0640,2026-01-21,1,342,field,CG6-0640|2026-01-21|L1|S342,2026-01-21 12:23:46,2026-01-21 12:23:46,2026-01-21 12:23:46.000000,1,1,3317.63,,,0.0016,24.7093,34.7654,478.2,0,,,True,SINGLE_READING;,6,day6,MATCHED,D6:wor:1-342,1-342,1-342,results.zip/day6.xlsx,workbook,9.99942,106.771,1-343,True,24.7092,34.7655,496.066,,0,496.066,0.15,19052.9,41325,False,3407.01,0.00787955,INTERPOLATED,861,898,-89.3808,0.00804035,0,True,1,-89.3808,384.296,-5.31901,118.612,34.5506,2.32356,-0.899149,-4.12185,-5.73321,-7.34456,-8.47251,-8.95591,-10.5673,-13.79,0.0469831,0.0305732
883,CG6-0640,2026-01-21,1,343,field,CG6-0640|2026-01-21|L1|S343,2026-01-21 12:27:22,2026-01-21 12:27:22,2026-01-21 12:27:22.000000,1,1,3316.23,,,0.0017,24.7102,34.765,511.4,0,,,True,SINGLE_READING;,6,day6,MATCHED,D6:wor:1-343,1-343,1-343,results.zip/day6.xlsx,workbook,9.54817,118.105,1-342,True,24.7102,34.765,501.582,,0,501.582,0.15,19043,41239,False,3407.01,0.00788002,INTERPOLATED,861,898,-90.7757,0.00806131,0,True,1,-90.7757,389.812,-5.25405,120.315,34.7931,2.10349,-1.16548,-4.43444,-6.06892,-7.7034,-8.84754,-9.33789,-10.9724,-14.2413,0.0469867,0.0305787
884,CG6-0640,2026-01-21,1,344,field,CG6-0640|2026-01-21|L1|S344,2026-01-21 12:41:10,2026-01-21 12:41:10,2026-01-21 12:41:10.000000,1,1,3317.34,,,0.002,24.7069,34.7635,472.3,0,,,True,SINGLE_READING;,6,day6,MATCHED,D6:wor:1-344,1-344,1-344,results.zip/day6.xlsx,workbook,10.3336,68.3907,1-345,True,24.7068,34.7635,488.792,,0,488.792,0.15,19348.1,41640.5,False,3407.01,0.00788196,INTERPOLATED,861,898,-89.6718,0.00813175,0,True,1,-89.6718,377.022,-5.48785,116.367,32.1836,0.566488,-2.59522,-5.75692,-7.33778,-8.91863,-10.0252,-10.4995,-12.0803,-15.242,0.0469988,0.0305974
885,CG6-0640,2026-01-21,1,345,field,CG6-0640|2026-01-21|L1|S345,2026-01-21 12:44:07,2026-01-21 12:44:07,2026-01-21 12:44:07.000000,1,1,3316.9,,,0.0021,24.7075,34.7633,477.6,0,,,True,SINGLE_READING;,6,day6,MATCHED,D6:wor:1-345,1-345,1-345,results.zip/day6.xlsx,workbook,11.9283,61.8866,1-346,True,24.7074,34.7633,491.562,,0,491.562,0.15,19335,41575.6,False,3407.01,0.00788241,INTERPOLATED,861,898,-90.1051,0.00815735,0,True,1,-90.1051,379.792,-5.44274,117.222,32.56,0.710682,-2.47425,-5.65919,-7.25166,-8.84413,-9.95885,-10.4366,-12.0291,-15.214,0.0470033,0.0306042
886,CG6-0640,2026-01-21,1,346,field,CG6-0640|2026-01-21|L1|S346,2026-01-21 12:47:16,2026-01-21 12:47:16,2026-01-21 12:47:16.000000,1,1,3316.33,,,0.0022,24.7082,34.7635,488.1,0,,,True,SINGLE_READING;,6,day6,MATCHED,D6:wor:1-346,1-346,1-346,results.zip/day6.xlsx,workbook,9.55313,82.157,1-345,True,24.7081,34.7634,495.5,,0,495.5,0.15,19290.7,41505.5,False,3407.01,0.00788289,INTERPOLATED,861,898,-90.6799,0.00818412,0,True,1,-90.6799,383.73,-5.39793,118.438,33.1557,0.976148,-2.24181,-5.45977,-7.06875,-8.67773,-9.80402,-10.2867,-11.8957,-15.1137,0.0470079,0.0306114
887,CG6-0640,2026-01-21,1,347,field,CG6-0640|2026-01-21|L1|S347,2026-01-21 13:09:55,2026-01-21 13:09:55,2026-01-21 13:09:55.000000,1,1,3331.19,,,0.0057,24.7081,34.7828,427.5,0,,,True,SINGLE_READING;,6,day6,MATCHED,D6:wor:1-347,1-347,1-347,results.zip/day6.xlsx,workbook,7.57798,144.597,1-335,True,24.7081,34.7828,445.056,,0,445.056,0.15,17573.3,41009.9,False,3407.01,0.00788665,INTERPOLATED,861,898,-75.8166,0.00973084,0,True,1,-75.8166,333.286,-5.39965,102.869,32.4525,4.50316,1.70822,-1.08672,-2.48418,-3.88165,-4.85988,-5.27912,-6.67659,-9.47152,0.0473017,0.0310607
888,CG6-0640,2026-01-21,1,348,field,CG6-0640|2026-01-21|L1|S348,2026-01-21 13:15:39,2026-01-21 13:15:39,2026-01-21 13:15:39.000000,1,1,3336.6,,,0.0019,24.7133,34.7852,416.8,0,,,True,SINGLE_READING;,6,day6,MATCHED,D6:wor:1-348,1-348,1-348,results.zip/day6.xlsx,workbook,8.83075,93.4627,1-349,True,24.7133,34.7851,426.559,,0,426.559,0.15,17082.3,40390.4,False,3407.01,0.00788769,INTERPOLATED,861,898,-70.4146,0.0081133,0,True,1,-70.4146,314.789,-5.04288,97.1607,31.789,5.39081,2.75099,0.111166,-1.20874,-2.52865,-3.45259,-3.84856,-5.16848,-7.8083,0.0469956,0.0305925
889,CG6-0640,2026-01-21,1,349,field,CG6-0640|2026-01-21|L1|S349,2026-01-21 13:18:46,2026-01-21 13:18:46,2026-01-21 13:18:46.000000,1,1,3335.56,,,0.0022,24.7125,34.7852,416.3,0,,,True,SINGLE_READING;,6,day6,MATCHED,D6:kml:1-349,1-349,1-349,results.zip/day6.kml,kml_only,1.01912,79.6184,1-350,True,24.7125,34.7853,429.003,,0,429.003,0.15,17118.7,40479.2,False,3407.01,0.00788827,INTERPOLATED,861,898,-71.4476,0.00818931,0,True,1,-71.4476,317.233,-5.09484,97.9151,31.5624,4.95919,2.29887,-0.361448,-1.69161,-3.02177,-3.95288,-4.35192,-5.68208,-8.3424,0.0470088,0.0306127
890,CG6-0640,2026-01-21,1,350,field,CG6-0640|2026-01-21|L1|S350,2026-01-21 13:21:54,2026-01-21 13:21:54,2026-01-21 13:21:54.000000,1,1,3334.54,,,0.0019,24.7122,34.7845,418.9,0,,,True,SINGLE_READING;,6,day6,MATCHED,D6:kml:1-350,1-350,1-350,results.zip/day6.kml,kml_only,0.880439,80.777,1-349,True,24.7122,34.7845,434.22,,0,434.22,0.15,17198.2,40527.1,False,3407.01,0.00788886,INTERPOLATED,861,898,-72.4733,0.00811444,0,True,1,-72.4733,322.45,-5.11533,99.5251,32.1671,5.12649,2.42242,-0.28164,-1.63367,-2.9857,-3.93213,-4.33774,-5.68977,-8.39383,0.0469958,0.0305928
891,CG6-0640,2026-01-21,1,351,field,CG6-0640|2026-01-21|L1|S351,2026-01-21 13:31:20,2026-01-21 13:31:20,2026-01-21 13:31:20.000000,1,1,3340.22,,,0.0029,24.7185,34.7827,396.8,0,,,True,SINGLE_READING;,6,day6,UNMATCHED_GT_30M,D6:wor:1-353,1-353,1-353,results.zip/day6.xlsx,workbook,234.553,286.428,1-354,False,24.7167,34.7815,421,,0,421,0.15,17036.9,39891.3,False,3407.01,0.00789071,INTERPOLATED,861,898,-66.7865,0.00840674,0,False,1,-66.7865,309.23,-4.80949,95.4451,33.4681,7.53606,4.94286,2.34966,1.05305,-0.243547,-1.15117,-1.54015,-2.83675,-5.42995,0.0470472,0.0306716
892,CG6-0640,2026-01-21,1,352,field,CG6-0640|2026-01-21|L1|S352,2026-01-21 13:34:22,2026-01-21 13:34:22,2026-01-21 13:34:22.000000,1,1,3339.4,,,0.0026,24.7176,34.7825,398.7,0,,,True,SINGLE_READING;,6,day6,UNMATCHED_GT_30M,D6:wor:1-353,1-353,1-353,results.zip/day6.xlsx,workbook,139.106,213.509,1-354,False,24.7167,34.7815,421,,0,421,0.15,17102.6,39994.4,False,3407.01,0.00789132,INTERPOLATED,861,898,-67.6086,0.0083086,0,False,1,-67.6086,309.23,-4.80949,95.4451,32.6459,6.71391,4.12071,1.52751,0.230904,-1.0657,-1.97332,-2.3623,-3.6589,-6.2521,0.0470297,0.0306449
893,CG6-0640,2026-01-21,1,353,field,CG6-0640|2026-01-21|L1|S353,2026-01-21 13:37:38,2026-01-21 13:37:38,2026-01-21 13:37:38.000000,1,1,3338.21,,,0.0017,24.7167,34.7816,401.6,0,,,True,SINGLE_READING;,6,day6,MATCHED,D6:wor:1-353,1-353,1-353,results.zip/day6.xlsx,workbook,6.69188,105.78,1-354,True,24.7167,34.7815,421,,0,421,0.15,17228,40110.2,False,3407.01,0.00789199,INTERPOLATED,861,898,-68.8036,0.00807301,0,True,1,-68.8036,309.23,-4.80949,95.4451,31.4509,5.51889,2.92569,0.332484,-0.964118,-2.26072,-3.16834,-3.55732,-4.85392,-7.44712,0.0469887,0.0305818
894,CG6-0640,2026-01-21,1,354,field,CG6-0640|2026-01-21|L1|S354,2026-01-21 13:41:00,2026-01-21 13:41:00,2026-01-21 13:41:00.000000,1,1,3337.54,,,0.002,24.7169,34.7806,404.4,0,,,True,SINGLE_READING;,6,day6,MATCHED,D6:wor:1-354,1-354,1-354,results.zip/day6.xlsx,workbook,6.4188,103.494,1-353,True,24.7169,34.7805,423.358,,0,423.358,0.15,17310.5,40116.4,False,3407.01,0.00789269,INTERPOLATED,861,898,-69.4701,0.00814215,0,True,1,-69.4701,311.588,-4.79728,96.1728,31.5,5.37018,2.75721,0.14423,-1.16226,-2.46875,-3.38329,-3.77524,-5.08172,-7.6947,0.0470006,0.0306002
895,CG6-0640,2026-01-21,1,355,field,CG6-0640|2026-01-21|L1|S355,2026-01-21 13:43:57,2026-01-21 13:43:57,2026-01-21 13:43:57.000000,1,1,3336.64,,,0.0016,24.7171,34.7794,404.5,0,,,True,SINGLE_READING;,6,day6,MATCHED,D6:wor:1-355,1-355,1-355,results.zip/day6.xlsx,workbook,5.46076,112.931,1-354,True,24.717,34.7794,426.048,,0,426.048,0.15,17401.7,40123.6,False,3407.01,0.00789332,INTERPOLATED,861,898,-70.367,0.00805385,0,True,1,-70.367,314.278,-4.78385,97.003,31.4199,5.06453,2.42899,-0.206545,-1.52431,-2.84208,-3.76452,-4.15985,-5.47762,-8.11315,0.0469854,0.0305768
896,CG6-0640,2026-01-21,1,356,field,CG6-0640|2026-01-21|L1|S356,2026-01-21 13:47:12,2026-01-21 13:47:12,2026-01-21 13:47:12.000000,1,1,3335.74,,,0.0017,24.7173,34.7782,407.6,0,,TILT_GT_20,True,SINGLE_READING;,6,day6,MATCHED,D6:wor:1-356,1-356,1-356,results.zip/day6.xlsx,workbook,4.64885,80.3162,1-357,True,24.7173,34.7782,429.684,,0,429.684,0.15,17503.5,40128.4,False,3407.01,0.00789402,INTERPOLATED,861,898,-71.2757,0.00807499,0,True,1,-71.2757,317.914,-4.76659,98.1252,31.6161,4.95587,2.28984,-0.376184,-1.7092,-3.04221,-3.97532,-4.37522,-5.70824,-8.37426,0.046989,0.0305824
897,CG6-0640,2026-01-21,1,357,field,CG6-0640|2026-01-21|L1|S357,2026-01-21 13:50:06,2026-01-21 13:50:06,2026-01-21 13:50:06.000000,1,1,3335.42,,,0.0017,24.7177,34.7775,413.6,0,,,True,SINGLE_READING;,6,day6,MATCHED,D6:wor:1-357,1-357,1-357,results.zip/day6.xlsx,workbook,4.31319,84.1431,1-356,True,24.7176,34.7775,433.282,,0,433.282,0.15,17552.5,40109.8,False,3407.01,0.00789465,INTERPOLATED,861,898,-71.5954,0.00807561,0,True,1,-71.5954,321.512,-4.7429,99.2357,32.3831,5.42114,2.72494,0.0287434,-1.31936,-2.66746,-3.61113,-4.01556,-5.36366,-8.05986,0.0469891,0.0305825
902,CG6-0640,2026-01-22,1,358,field,CG6-0640|2026-01-22|L1|S358,2026-01-22 08:14:18,2026-01-22 08:14:18,2026-01-22 08:14:18.000000,1,1,3365.92,,,0.0024,24.8265,34.763,344.6,0,,,True,SINGLE_READING;,7,day7,MATCHED,D7:wor:1-358,1-358,1-358,results.zip/day7.xlsx,workbook,6.12569,240.125,1-359,True,24.8264,34.763,350.919,,2.832,348.087,0.356131,17795.7,29112.7,False,3407,0.00789327,INTERPOLATED,901,963,-41.0779,0.00825007,0,True,1,-41.0779,236.317,2.72745,72.9412,29.1359,9.31835,7.33659,5.35484,4.36396,3.37309,2.67947,2.38221,1.39133,-0.590423,0.110211,0.0705163
903,CG6-0640,2026-01-22,1,359,field,CG6-0640|2026-01-22|L1|S359,2026-01-22 08:20:23,2026-01-22 08:20:23,2026-01-22 08:20:23.000000,1,1,3365.63,,,0.0035,24.8245,34.7621,345.7,0,,,True,SINGLE_READING;,7,day7,MATCHED,D7:wor:1-359,1-359,1-359,results.zip/day7.xlsx,workbook,4.61008,161.464,1-360,True,24.8245,34.762,352.754,,2.832,349.922,0.356131,17832.7,29348.4,False,3407,0.00789222,INTERPOLATED,901,963,-41.3711,0.00863349,0,True,1,-41.3711,238.152,2.59477,73.5076,29.5417,9.57025,7.57311,5.57596,4.57739,3.57882,2.87982,2.58025,1.58168,-0.415464,0.11024,0.0705621
904,CG6-0640,2026-01-22,1,360,field,CG6-0640|2026-01-22|L1|S360,2026-01-22 08:25:31,2026-01-22 08:25:31,2026-01-22 08:25:31.000000,1,1,3365.23,,,0.0026,24.8249,34.7605,342.3,0,,,True,SINGLE_READING;,7,day7,MATCHED,D7:wor:1-360,1-360,1-360,results.zip/day7.xlsx,workbook,1.66324,160.498,1-359,True,24.8249,34.7605,355.174,,2.832,352.342,0.356131,17994.7,29370.9,False,3407,0.00789144,INTERPOLATED,901,963,-41.7741,0.00830872,0,True,1,-41.7741,240.572,2.62291,74.2545,29.8574,9.68307,7.66563,5.64819,4.63948,3.63076,2.92465,2.62204,1.61332,-0.404117,0.110216,0.0705231
905,CG6-0640,2026-01-22,1,361,field,CG6-0640|2026-01-22|L1|S361,2026-01-22 08:29:22,2026-01-22 08:29:22,2026-01-22 08:29:22.000000,1,1,3364.94,,,0.0088,24.8248,34.7583,346.9,0,,STDDEV_GT_0.050,True,SINGLE_READING;,7,day7,MATCHED,D7:wor:1-361,1-361,1-361,results.zip/day7.xlsx,workbook,5.90145,221.901,1-360,True,24.8248,34.7583,355.493,,2.832,352.661,0.356131,18207.4,29470.8,False,3407,0.00789093,INTERPOLATED,901,963,-42.0593,0.0118198,0,True,1,-42.0593,240.891,2.6137,74.3529,29.6799,9.47876,7.45865,5.43854,4.42848,3.41842,2.71139,2.40837,1.39831,-0.621799,0.110536,0.0710224
906,CG6-0640,2026-01-22,1,362,field,CG6-0640|2026-01-22|L1|S362,2026-01-22 08:35:26,2026-01-22 08:35:26,2026-01-22 08:35:26.000000,1,1,3363.6,,,0.0037,24.8238,34.7561,348.9,0,,,True,SINGLE_READING;,7,day7,MATCHED,D7:wor:1-362,1-362,1-362,results.zip/day7.xlsx,workbook,3.69213,182.695,1-363,True,24.8238,34.7561,359.103,,2.832,356.271,0.356131,18397.2,29659.6,False,3407,0.00789022,INTERPOLATED,901,963,-43.4003,0.00871468,0,True,1,-43.4003,244.501,2.54791,75.4671,29.5189,9.01504,6.96465,4.91427,3.88908,2.86388,2.14625,1.83869,0.813499,-1.23689,0.110247,0.0705721
907,CG6-0640,2026-01-22,1,363,field,CG6-0640|2026-01-22|L1|S363,2026-01-22 08:38:48,2026-01-22 08:38:48,2026-01-22 08:38:48.000000,1,1,3362.83,,,0.0055,24.8225,34.7551,347.9,0,,,True,SINGLE_READING;,7,day7,MATCHED,D7:wor:1-363,1-363,1-363,results.zip/day7.xlsx,workbook,6.65359,174.214,1-362,True,24.8225,34.7551,360.942,,2.832,358.11,0.356131,18465.8,29833.6,False,3407,0.00788989,INTERPOLATED,901,963,-44.1738,0.00961771,0,True,1,-44.1738,246.34,2.45673,76.0347,29.4042,8.74611,6.6803,4.61449,3.58159,2.54869,1.82565,1.51578,0.482879,-1.58293,0.110322,0.0706893
908,CG6-0640,2026-01-22,1,364,field,CG6-0640|2026-01-22|L1|S364,2026-01-22 08:41:59,2026-01-22 08:41:59,2026-01-22 08:41:59.000000,1,1,3361.89,,,0.0028,24.8208,34.755,352.3,0,,,True,SINGLE_READING;,7,day7,MATCHED,D7:wor:1-364,1-364,1-364,results.zip/day7.xlsx,workbook,6.2468,190.602,1-363,True,24.8207,34.7549,364.38,,2.832,361.548,0.356131,18440.1,30019.2,False,3407,0.00788961,INTERPOLATED,901,963,-45.1141,0.00837174,0,True,1,-45.1141,249.778,2.33588,77.0958,29.6459,8.69947,6.60484,4.5102,3.46288,2.41556,1.68244,1.36824,0.320921,-1.77372,0.11022,0.0705306
909,CG6-0640,2026-01-22,1,365,field,CG6-0640|2026-01-22|L1|S365,2026-01-22 08:46:07,2026-01-22 08:46:07,2026-01-22 08:46:07.000000,1,1,3361.39,,,0.0046,24.8203,34.753,353.8,0,,,True,SINGLE_READING;,7,day7,MATCHED,D7:wor:1-365,1-365,1-365,results.zip/day7.xlsx,workbook,6.44019,173.268,1-366,True,24.8202,34.753,366.58,,2.832,363.748,0.356131,18621.5,30152.9,False,3407,0.00788931,INTERPOLATED,901,963,-45.6062,0.00913243,0,True,1,-45.6062,251.978,2.29986,77.7748,29.8688,8.73789,6.6248,4.51172,3.45517,2.39863,1.65905,1.34208,0.285541,-1.82755,0.110281,0.0706249
910,CG6-0640,2026-01-22,1,366,field,CG6-0640|2026-01-22|L1|S366,2026-01-22 08:49:13,2026-01-22 08:49:13,2026-01-22 08:49:13.000000,1,1,3361.06,,,0.0037,24.82,34.7513,356.9,0,,,True,SINGLE_READING;,7,day7,MATCHED,D7:wor:1-366,1-366,1-366,results.zip/day7.xlsx,workbook,9.60317,175.062,1-365,True,24.8199,34.7513,369.326,,2.832,366.494,0.356131,18785.4,30252.4,False,3407,0.00788913,INTERPOLATED,901,963,-45.9432,0.00871369,0,True,1,-45.9432,254.724,2.28014,78.6224,30.399,9.03783,6.90172,4.7656,3.69754,2.62948,1.88184,1.56143,0.493369,-1.64275,0.110247,0.070572
911,CG6-0640,2026-01-22,1,367,field,CG6-0640|2026-01-22|L1|S367,2026-01-22 08:52:21,2026-01-22 08:52:21,2026-01-22 08:52:21.000000,1,1,3360.55,,,0.0056,24.8191,34.7496,365.4,0,,,True,SINGLE_READING;,7,day7,MATCHED,D7:wor:1-367,1-367,1-367,results.zip/day7.xlsx,workbook,7.43151,194.102,1-366,True,24.819,34.7496,370.83,,2.832,367.998,0.356131,18930.7,30412.9,False,3407,0.00788898,INTERPOLATED,901,963,-46.4463,0.0096745,0,True,1,-46.4463,256.228,2.21961,79.0865,30.4206,8.93334,6.78461,4.63588,3.56152,2.48715,1.7351,1.41279,0.338424,-1.8103,0.110327,0.0706971
912,CG6-0640,2026-01-22,1,368,field,CG6-0640|2026-01-22|L1|S368,2026-01-22 08:55:40,2026-01-22 08:55:40,2026-01-22 08:55:40.000000,1,1,3359.8,,,0.0058,24.8176,34.7486,358.7,0,,,True,SINGLE_READING;,7,day7,MATCHED,D7:wor:1-368,1-368,1-368,results.zip/day7.xlsx,workbook,8.87317,188.802,1-367,True,24.8176,34.7486,373.718,,2.832,370.886,0.356131,19004.5,30606,False,3407,0.00788886,INTERPOLATED,901,963,-47.1956,0.00979153,0,True,1,-47.1956,259.116,2.11765,79.9779,30.6647,8.93521,6.76226,4.58931,3.50284,2.41637,1.65583,1.32989,0.243419,-1.92953,0.110337,0.0707132
913,CG6-0640,2026-01-22,1,369,field,CG6-0640|2026-01-22|L1|S369,2026-01-22 08:59:00,2026-01-22 08:59:00,2026-01-22 08:59:00.000000,1,0,,,,,24.8158,34.7482,364.1,0,STDDEV_GT_0.080,,False,NO_ACCEPTED_READING;,7,day7,MATCHED,D7:wor:1-369,1-369,1-369,results.zip/day7.xlsx,workbook,5.48016,197.464,1-368,True,24.8158,34.7482,376.181,,2.832,373.349,0.356131,19008.3,30805.6,False,3407,0.00788878,INTERPOLATED,901,963,,,0,False,1,,261.579,1.9949,80.7381,,,,,,,,,,,,
914,CG6-0640,2026-01-22,1,370,field,CG6-0640|2026-01-22|L1|S370,2026-01-22 09:02:24,2026-01-22 09:02:24,2026-01-22 09:02:24.000000,1,1,3358.55,,,0.0024,24.8142,34.7474,363.5,0,,,True,SINGLE_READING;,7,day7,MATCHED,D7:wor:1-370,1-370,1-370,results.zip/day7.xlsx,workbook,5.57762,190.807,1-369,True,24.8142,34.7474,378.541,,2.832,375.709,0.356131,19057.4,31001.7,False,3407,0.00788874,INTERPOLATED,901,963,-48.4496,0.00824574,0,True,1,-48.4496,263.939,1.88397,81.4665,31.1329,8.99898,6.78559,4.5722,3.4655,2.35881,1.58412,1.25211,0.145415,-2.06798,0.110211,0.0705157
915,CG6-0640,2026-01-22,1,371,field,CG6-0640|2026-01-22|L1|S371,2026-01-22 09:05:46,2026-01-22 09:05:46,2026-01-22 09:05:46.000000,1,1,3357.22,,,0.0057,24.8136,34.7453,360,0,,,True,SINGLE_READING;,7,day7,MATCHED,D7:wor:1-371,1-371,1-371,results.zip/day7.xlsx,workbook,7.87442,191.652,1-372,True,24.8135,34.7453,382.169,,2.832,379.337,0.356131,19259.1,31153.6,False,3407,0.00788874,INTERPOLATED,901,963,-49.7769,0.00973254,0,True,1,-49.7769,267.567,1.84133,82.5862,30.968,8.52981,6.28599,4.04217,2.92027,1.79836,1.01302,0.676448,-0.44546,-2.68928,0.110332,0.070705
916,CG6-0640,2026-01-22,1,372,field,CG6-0640|2026-01-22|L1|S372,2026-01-22 09:09:21,2026-01-22 09:09:21,2026-01-22 09:09:21.000000,1,1,3356.55,,,0.0023,24.8142,34.7434,365.4,0,,,True,SINGLE_READING;,7,day7,MATCHED,D7:wor:1-372,1-372,1-372,results.zip/day7.xlsx,workbook,9.48708,184.201,1-373,True,24.8141,34.7434,384.805,,2.832,381.973,0.356131,19454,31178.3,False,3407,0.00788879,INTERPOLATED,901,963,-50.4451,0.00821724,0,True,1,-50.4451,270.203,1.87903,83.3998,31.0757,8.41645,6.15053,3.88461,2.75165,1.61869,0.825613,0.485725,-0.647236,-2.91316,0.110209,0.0705124
917,CG6-0640,2026-01-22,1,373,field,CG6-0640|2026-01-22|L1|S373,2026-01-22 09:13:02,2026-01-22 09:13:02,2026-01-22 09:13:02.000000,1,1,3355.41,,,0.0034,24.815,34.7418,364.9,0,,,True,SINGLE_READING;,7,day7,MATCHED,D7:wor:1-373,1-373,1-373,results.zip/day7.xlsx,workbook,4.68034,105.496,1-374,True,24.815,34.7418,386.732,,2.832,383.9,0.356131,19630.3,31165.7,False,3407,0.00788889,INTERPOLATED,901,963,-51.5869,0.00859038,0,True,1,-51.5869,272.13,1.93976,83.9945,30.4678,7.64698,5.3649,3.08282,1.94178,0.800737,0.00200833,-0.340304,-1.48135,-3.76343,0.110237,0.0705569
918,CG6-0640,2026-01-22,1,374,field,CG6-0640|2026-01-22|L1|S374,2026-01-22 09:16:52,2026-01-22 09:16:52,2026-01-22 09:16:52.000000,1,1,3354.63,,,0.002,24.8148,34.7408,365.9,0,,,True,SINGLE_READING;,7,day7,MATCHED,D7:wor:1-374,1-374,1-374,results.zip/day7.xlsx,workbook,5.12726,104.481,1-373,True,24.8148,34.7408,388.766,,2.832,385.934,0.356131,19726.8,31227.4,False,3407,0.00788905,INTERPOLATED,901,963,-52.3693,0.00813862,0,True,1,-52.3693,274.164,1.92735,84.6223,30.3256,7.3342,5.03506,2.73592,1.58635,0.43678,-0.367919,-0.71279,-1.86236,-4.1615,0.110203,0.0705033
919,CG6-0640,2026-01-22,1,375,field,CG6-0640|2026-01-22|L1|S375,2026-01-22 09:19:59,2026-01-22 09:19:59,2026-01-22 09:19:59.000000,1,1,3353.66,,,0.002,24.8134,34.7402,346.8,0,,,True,SINGLE_READING;,7,day7,MATCHED,D7:wor:1-375,1-375,1-375,results.zip/day7.xlsx,workbook,6.29771,168.191,1-374,True,24.8134,34.7402,389.374,,2.832,386.542,0.356131,19764.9,31400.2,False,3407,0.00788922,INTERPOLATED,901,963,-53.3439,0.00813878,0,True,1,-53.3439,274.772,1.82898,84.8099,29.637,6.59465,4.29041,1.98617,0.834051,-0.318068,-1.12455,-1.47019,-2.62231,-4.92654,0.110203,0.0705033
920,CG6-0640,2026-01-22,1,376,field,CG6-0640|2026-01-22|L1|S376,2026-01-22 09:23:31,2026-01-22 09:23:31,2026-01-22 09:23:31.000000,1,1,3352.98,,,0.0035,24.8115,34.7397,363.6,0,,,True,SINGLE_READING;,7,day7,MATCHED,D7:wor:1-376,1-376,1-376,results.zip/day7.xlsx,workbook,7.72194,208.677,1-377,True,24.8114,34.7397,392.138,,2.832,389.306,0.356131,19778.6,31608.2,False,3407,0.00788946,INTERPOLATED,901,963,-54.0221,0.00863096,0,True,1,-54.0221,277.536,1.69622,85.663,29.9447,6.67048,4.34307,2.01565,0.851941,-0.311767,-1.12636,-1.47548,-2.63918,-4.9666,0.11024,0.0705618
921,CG6-0640,2026-01-22,1,377,field,CG6-0640|2026-01-22|L1|S377,2026-01-22 09:26:51,2026-01-22 09:26:51,2026-01-22 09:26:51.000000,1,1,3351.96,,,0.0018,24.8097,34.7397,374.6,0,,,True,SINGLE_READING;,7,day7,MATCHED,D7:wor:1-377,1-377,1-377,results.zip/day7.xlsx,workbook,5.09915,196.265,1-376,True,24.8096,34.7397,394.127,,2.832,391.295,0.356131,19753.6,31792.1,False,3407,0.00788972,INTERPOLATED,901,963,-55.0362,0.00809245,0,True,1,-55.0362,279.525,1.57177,86.2769,29.6689,6.22796,3.88386,1.53976,0.367714,-0.804334,-1.62477,-1.97638,-3.14843,-5.49253,0.110199,0.070498
922,CG6-0640,2026-01-22,1,378,field,CG6-0640|2026-01-22|L1|S378,2026-01-22 09:29:57,2026-01-22 09:29:57,2026-01-22 09:29:57.000000,1,1,3350.78,,,0.0025,24.8078,34.74,376.3,0,,,True,SINGLE_READING;,7,day7,MATCHED,D7:wor:1-378,1-378,1-378,results.zip/day7.xlsx,workbook,3.6738,200.489,1-377,True,24.8078,34.74,396.797,,2.832,393.965,0.356131,19701.5,31963.5,False,3407,0.00789,INTERPOLATED,901,963,-56.2146,0.0082766,0,True,1,-56.2146,282.195,1.44685,87.1009,29.4395,5.7746,3.40811,1.04162,-0.141619,-1.32486,-2.15313,-2.50811,-3.69135,-6.05784,0.110213,0.0705194
923,CG6-0640,2026-01-22,1,379,field,CG6-0640|2026-01-22|L1|S379,2026-01-22 09:34:25,2026-01-22 09:34:25,2026-01-22 09:34:25.000000,1,1,3349.93,,,0.002,24.806,34.7402,384.2,0,,,True,SINGLE_READING;,7,day7,MATCHED,D7:wor:1-379,1-379,1-379,results.zip/day7.xlsx,workbook,5.50872,196.611,1-380,True,24.8059,34.7402,399.549,,2.832,396.717,0.356131,19651.5,32139.3,False,3407,0.00789048,INTERPOLATED,901,963,-57.0721,0.00814,0,True,1,-57.0721,284.947,1.31757,87.9503,29.5606,5.66496,3.27539,0.885824,-0.308959,-1.50374,-2.34009,-2.69852,-3.89331,-6.28287,0.110203,0.0705035
924,CG6-0640,2026-01-22,1,380,field,CG6-0640|2026-01-22|L1|S380,2026-01-22 09:37:34,2026-01-22 09:37:34,2026-01-22 09:37:34.000000,1,1,3349.21,,,0.0028,24.8043,34.7408,381.6,0,,,True,SINGLE_READING;,7,day7,MATCHED,D7:wor:1-380,1-380,1-380,results.zip/day7.xlsx,workbook,3.46278,190.334,1-379,True,24.8043,34.7407,402.196,,2.832,399.364,0.356131,19578.3,32284.6,False,3407,0.00789085,INTERPOLATED,901,963,-57.7921,0.0083729,0,True,1,-57.7921,287.594,1.20344,88.7673,29.7718,5.65413,3.24237,0.830607,-0.375274,-1.58116,-2.42527,-2.78704,-3.99292,-6.40468,0.11022,0.0705307
925,CG6-0640,2026-01-22,1,381,field,CG6-0640|2026-01-22|L1|S381,2026-01-22 09:40:28,2026-01-22 09:40:28,2026-01-22 09:40:28.000000,1,1,3348.29,,,0.0044,24.8025,34.7412,376.8,0,,,True,SINGLE_READING;,7,day7,MATCHED,D7:wor:1-381,1-381,1-381,results.zip/day7.xlsx,workbook,6.40925,201.796,1-380,True,24.8025,34.7412,405.863,,2.832,403.031,0.356131,19515.4,32446.2,False,3407,0.00789123,INTERPOLATED,901,963,-58.7048,0.00903502,0,True,1,-58.7048,291.261,1.0795,89.899,30.1148,5.68962,3.2471,0.804586,-0.416672,-1.63793,-2.49281,-2.85919,-4.08044,-6.52296,0.110273,0.0706124
926,CG6-0640,2026-01-22,1,382,field,CG6-0640|2026-01-22|L1|S382,2026-01-22 09:44:04,2026-01-22 09:44:04,2026-01-22 09:44:04.000000,1,1,3347.2,,,0.0027,24.8005,34.7416,369.2,0,,,True,SINGLE_READING;,7,day7,UNMATCHED_GT_30M,D7:wor:1-383,1-383,1-383,results.zip/day7.xlsx,workbook,202.852,221.627,1-381,False,24.7989,34.7426,412.134,,2.832,409.302,0.356131,19456,32629.1,False,3407,0.00789174,INTERPOLATED,901,963,-59.8014,0.00834084,0,False,1,-59.8014,297.532,0.835783,91.8345,31.1973,6.24623,3.75112,1.25602,0.00846746,-1.23908,-2.11237,-2.48664,-3.73419,-6.22929,0.110218,0.0705269
927,CG6-0640,2026-01-22,1,383,field,CG6-0640|2026-01-22|L1|S383,2026-01-22 09:47:19,2026-01-22 09:47:19,2026-01-22 09:47:19.000000,1,1,3346.49,,,0.0052,24.799,34.7426,354.5,0,,,True,SINGLE_READING;,7,day7,MATCHED,D7:wor:1-383,1-383,1-383,results.zip/day7.xlsx,workbook,8.56751,193.619,1-384,True,24.7989,34.7426,412.134,,2.832,409.302,0.356131,19344.4,32741.2,False,3407,0.00789225,INTERPOLATED,901,963,-60.5097,0.00945133,0,True,1,-60.5097,297.532,0.835783,91.8345,30.489,5.538,3.0429,0.547798,-0.699754,-1.94731,-2.82059,-3.19486,-4.44241,-6.93751,0.110308,0.0706669
928,CG6-0640,2026-01-22,1,384,field,CG6-0640|2026-01-22|L1|S384,2026-01-22 09:53:47,2026-01-22 09:53:47,2026-01-22 09:53:47.000000,1,0,,,,,24.7977,34.7438,379.7,0,STDDEV_GT_0.080,,False,NO_ACCEPTED_READING;,7,day7,MATCHED,D7:wor:1-384,1-384,1-384,results.zip/day7.xlsx,workbook,8.40067,185.41,1-383,True,24.7976,34.7438,415.147,,2.832,412.315,0.356131,19210,32820.8,False,3407,0.00789337,INTERPOLATED,901,963,,,0,False,1,,300.545,0.747478,92.7644,,,,,,,,,,,,
929,CG6-0640,2026-01-22,1,385,field,CG6-0640|2026-01-22|L1|S385,2026-01-22 09:59:59,2026-01-22 09:59:59,2026-01-22 09:59:59.000000,1,1,3345.34,,,0.0037,24.7974,34.7412,399.8,0,,TILT_GT_20,True,SINGLE_READING;,7,day7,MATCHED,D7:wor:1-385,1-385,1-385,results.zip/day7.xlsx,workbook,6.09021,217.919,1-383,True,24.7973,34.7412,413.873,,2.832,411.041,0.356131,19469.2,32960.9,False,3407,0.00789459,INTERPOLATED,901,963,-61.6568,0.00871863,0,True,1,-61.6568,299.271,0.726935,92.3712,29.9874,4.89056,2.38087,-0.128815,-1.38366,-2.6385,-3.51689,-3.89335,-5.14819,-7.65788,0.110247,0.0705726
930,CG6-0640,2026-01-22,1,386,field,CG6-0640|2026-01-22|L1|S386,2026-01-22 10:04:31,2026-01-22 10:04:31,2026-01-22 10:04:31.000000,1,1,3344.03,,,0.0066,24.7968,34.7392,402.2,0,,STDDEV_GT_0.050,True,SINGLE_READING;,7,day7,MATCHED,D7:wor:1-386,1-386,1-386,results.zip/day7.xlsx,workbook,10.7834,194.312,1-387,True,24.7968,34.7392,417.909,,2.832,415.077,0.356131,19666.7,33100.8,False,3407,0.00789557,INTERPOLATED,901,963,-62.9654,0.0102908,0,True,1,-62.9654,303.307,0.687518,93.6168,29.9639,4.52859,1.98506,-0.558475,-1.83024,-3.10201,-3.99224,-4.37377,-5.64554,-8.18907,0.110383,0.070784
931,CG6-0640,2026-01-22,1,387,field,CG6-0640|2026-01-22|L1|S387,2026-01-22 10:09:47,2026-01-22 10:09:47,2026-01-22 10:09:47.000000,1,1,3343.02,,,0.0026,24.7955,34.7382,404.5,0,,,True,SINGLE_READING;,7,day7,MATCHED,D7:wor:1-387,1-387,1-387,results.zip/day7.xlsx,workbook,11.1037,173.201,1-386,True,24.7954,34.7381,420.78,,2.832,417.948,0.356131,19767.7,33281.2,False,3407,0.00789681,INTERPOLATED,901,963,-63.9806,0.00831382,0,True,1,-63.9806,306.178,0.597249,94.5029,29.9251,4.249,1.68139,-0.886219,-2.17002,-3.45383,-4.35249,-4.73763,-6.02144,-8.58905,0.110216,0.0705237
932,CG6-0640,2026-01-22,1,388,field,CG6-0640|2026-01-22|L1|S388,2026-01-22 10:13:16,2026-01-22 10:13:16,2026-01-22 10:13:16.000000,1,1,3342.11,,,0.004,24.7939,34.7373,408.8,0,,,True,SINGLE_READING;,7,day7,MATCHED,D7:wor:1-388,1-388,1-388,results.zip/day7.xlsx,workbook,10.012,183.515,1-387,True,24.7939,34.7372,423.498,,2.832,420.666,0.356131,19847.4,33474,False,3407,0.00789768,INTERPOLATED,901,963,-64.8932,0.00885287,0,True,1,-64.8932,308.896,0.489984,95.3418,29.9586,4.05458,1.46417,-1.12623,-2.42143,-3.71663,-4.62327,-5.01183,-6.30703,-8.89743,0.110258,0.0705893
933,CG6-0640,2026-01-22,1,389,field,CG6-0640|2026-01-22|L1|S389,2026-01-22 10:16:57,2026-01-22 10:16:57,2026-01-22 10:16:57.000000,1,1,3340.61,,,0.003,24.7923,34.7372,413,0,,,True,SINGLE_READING;,7,day7,MATCHED,D7:wor:1-389,1-389,1-389,results.zip/day7.xlsx,workbook,8.66798,176.524,1-388,True,24.7922,34.7371,426.732,,2.832,423.9,0.356131,19855.6,33646.9,False,3407,0.00789866,INTERPOLATED,901,963,-66.3849,0.00844919,0,True,1,-66.3849,312.13,0.376151,96.3399,29.5788,3.40358,0.786056,-1.83147,-3.14023,-4.44899,-5.36512,-5.75775,-7.06651,-9.68403,0.110226,0.0705398
934,CG6-0640,2026-01-22,1,390,field,CG6-0640|2026-01-22|L1|S390,2026-01-22 10:19:56,2026-01-22 10:19:56,2026-01-22 10:19:56.000000,1,1,3339.69,,,0.0027,24.7905,34.738,417.4,0,,,True,SINGLE_READING;,7,day7,MATCHED,D7:wor:1-390,1-390,1-390,results.zip/day7.xlsx,workbook,7.4506,211.133,1-391,True,24.7904,34.738,428.952,,2.832,426.12,0.356131,19761.7,33791.2,False,3407,0.00789948,INTERPOLATED,901,963,-67.3093,0.00834816,0,True,1,-67.3093,314.35,0.253321,97.0251,29.4624,3.10102,0.464878,-2.17126,-3.48933,-4.8074,-5.73005,-6.12547,-7.44354,-10.0797,0.110219,0.0705278
935,CG6-0640,2026-01-22,1,391,field,CG6-0640|2026-01-22|L1|S391,2026-01-22 10:22:46,2026-01-22 10:22:46,2026-01-22 10:22:46.000000,1,1,3339.16,,,0.0029,24.7889,34.7391,422,0,,,True,SINGLE_READING;,7,day7,MATCHED,D7:wor:1-391,1-391,1-391,results.zip/day7.xlsx,workbook,9.07075,203.79,1-390,True,24.7888,34.739,431.851,,2.832,429.019,0.356131,19654.9,33912.2,False,3407,0.00790029,INTERPOLATED,901,963,-67.8359,0.00841574,0,True,1,-67.8359,317.249,0.141957,97.9198,29.9419,3.33739,0.67694,-1.98351,-3.31373,-4.64396,-5.57512,-5.97419,-7.30441,-9.96486,0.110224,0.0705358
936,CG6-0640,2026-01-22,1,392,field,CG6-0640|2026-01-22|L1|S392,2026-01-22 10:26:49,2026-01-22 10:26:49,2026-01-22 10:26:49.000000,1,1,3338.26,,,0.0036,24.7868,34.74,422.2,0,,,True,SINGLE_READING;,7,day7,MATCHED,D7:wor:1-392,1-392,1-392,results.zip/day7.xlsx,workbook,8.8525,177.846,1-393,True,24.7867,34.74,434.93,,2.832,432.098,0.356131,19555.4,34085.9,False,3407,0.00790151,INTERPOLATED,901,963,-68.7369,0.00868296,0,True,1,-68.7369,320.328,-0.00319109,98.8701,30.1363,3.27364,0.587366,-2.0989,-3.44204,-4.78518,-5.72537,-6.12831,-7.47145,-10.1577,0.110244,0.0705682
937,CG6-0640,2026-01-22,1,393,field,CG6-0640|2026-01-22|L1|S393,2026-01-22 10:29:43,2026-01-22 10:29:43,2026-01-22 10:29:43.000000,1,1,3337.42,,,0.0066,24.7853,34.7403,422.6,0,,STDDEV_GT_0.050,True,SINGLE_READING;,7,day7,MATCHED,D7:wor:1-393,1-393,1-393,results.zip/day7.xlsx,workbook,7.42733,165.158,1-392,True,24.7852,34.7403,437.114,,2.832,434.282,0.356131,19526.6,34228.2,False,3407,0.00790242,INTERPOLATED,901,963,-69.5824,0.010296,0,True,1,-69.5824,322.512,-0.107286,99.5441,30.069,3.02318,0.318599,-2.38599,-3.73828,-5.09057,-6.03718,-6.44287,-7.79516,-10.4997,0.110383,0.0707848
938,CG6-0640,2026-01-22,1,394,field,CG6-0640|2026-01-22|L1|S394,2026-01-22 10:32:57,2026-01-22 10:32:57,2026-01-22 10:32:57.000000,1,1,3336.73,,,0.0027,24.7837,34.7409,421.4,0,,TILT_GT_20,True,SINGLE_READING;,7,day7,MATCHED,D7:wor:1-394,1-394,1-394,results.zip/day7.xlsx,workbook,11.7333,175.923,1-393,True,24.7836,34.7408,439.1,,2.832,436.268,0.356131,19473.1,34364,False,3407,0.00790346,INTERPOLATED,901,963,-70.2676,0.00835193,0,True,1,-70.2676,324.498,-0.214223,100.157,30.1037,2.89131,0.170066,-2.55117,-3.91179,-5.27241,-6.22485,-6.63303,-7.99365,-10.7149,0.110219,0.0705282
939,CG6-0640,2026-01-22,1,395,field,CG6-0640|2026-01-22|L1|S395,2026-01-22 10:35:51,2026-01-22 10:35:51,2026-01-22 10:35:51.000000,1,1,3335.83,,,0.0041,24.7818,34.7417,430,0,,,True,SINGLE_READING;,7,day7,MATCHED,D7:wor:1-395,1-395,1-395,results.zip/day7.xlsx,workbook,5.08951,183.985,1-396,True,24.7818,34.7416,441.769,,2.832,438.937,0.356131,19401,34522.4,False,3407,0.00790444,INTERPOLATED,901,963,-71.1727,0.0089045,0,True,1,-71.1727,327.167,-0.338588,100.981,30.1467,2.71046,-0.0331587,-2.77678,-4.14859,-5.5204,-6.48067,-6.89221,-8.26403,-11.0076,0.110262,0.0705958
940,CG6-0640,2026-01-22,1,396,field,CG6-0640|2026-01-22|L1|S396,2026-01-22 10:39:05,2026-01-22 10:39:05,2026-01-22 10:39:05.000000,1,1,3334.96,,,0.0053,24.7803,34.7424,428.6,0,,,True,SINGLE_READING;,7,day7,MATCHED,D7:wor:1-396,1-396,1-396,results.zip/day7.xlsx,workbook,7.04114,183.533,1-395,True,24.7803,34.7423,445.128,,2.832,442.296,0.356131,19333.5,34648.3,False,3407,0.00790556,INTERPOLATED,901,963,-72.0374,0.00951776,0,True,1,-72.0374,330.526,-0.443071,102.017,30.4232,2.70525,-0.0665389,-2.83833,-4.22423,-5.61012,-6.58025,-6.99602,-8.38191,-11.1537,0.110313,0.0706758
941,CG6-0640,2026-01-22,1,397,field,CG6-0640|2026-01-22|L1|S397,2026-01-22 10:42:26,2026-01-22 10:42:26,2026-01-22 10:42:26.000000,1,1,3334.19,,,0.0029,24.7788,34.7436,432.5,0,,,True,SINGLE_READING;,7,day7,MATCHED,D7:wor:1-397,1-397,1-397,results.zip/day7.xlsx,workbook,10.5659,182.39,1-398,True,24.7787,34.7435,450.417,,2.832,447.585,0.356131,19216.7,34758,False,3407,0.00790676,INTERPOLATED,901,963,-72.8095,0.00842181,0,True,1,-72.8095,335.815,-0.550053,103.65,31.3904,3.22895,0.412802,-2.40334,-3.81141,-5.21949,-6.20514,-6.62756,-8.03563,-10.8518,0.110224,0.0705365
942,CG6-0640,2026-01-22,1,398,field,CG6-0640|2026-01-22|L1|S398,2026-01-22 10:45:31,2026-01-22 10:45:31,2026-01-22 10:45:31.000000,1,1,3333.44,,,0.0072,24.7774,34.7445,432.2,0,,STDDEV_GT_0.050,True,SINGLE_READING;,7,day7,MATCHED,D7:wor:1-398,1-398,1-398,results.zip/day7.xlsx,workbook,5.31832,186.194,1-397,True,24.7774,34.7445,454.331,,2.832,451.499,0.356131,19130.3,34867.5,False,3407,0.0079079,INTERPOLATED,901,963,-73.5576,0.0106946,0,True,1,-73.5576,339.729,-0.645621,104.858,31.9458,3.45609,0.607127,-2.24184,-3.66632,-5.09081,-6.08795,-6.51529,-7.93978,-10.7887,0.110421,0.0708439
943,CG6-0640,2026-01-22,1,399,field,CG6-0640|2026-01-22|L1|S399,2026-01-22 10:48:27,2026-01-22 10:48:27,2026-01-22 10:48:27.000000,1,1,3332.72,,,0.0035,24.7759,34.7458,427.8,0,,,True,SINGLE_READING;,7,day7,MATCHED,D7:wor:1-399,1-399,1-399,results.zip/day7.xlsx,workbook,6.76063,204.69,1-398,True,24.7759,34.7457,458.516,,2.832,455.684,0.356131,19014.7,34965.9,False,3407,0.00790902,INTERPOLATED,901,963,-74.2774,0.00864885,0,True,1,-74.2774,343.914,-0.742315,106.149,32.6143,3.77367,0.889604,-1.99446,-3.43649,-4.87852,-5.88794,-6.32055,-7.76258,-10.6466,0.110242,0.070564
944,CG6-0640,2026-01-22,1,400,field,CG6-0640|2026-01-22|L1|S400,2026-01-22 10:51:46,2026-01-22 10:51:46,2026-01-22 10:51:46.000000,1,1,3331.77,,,0.0038,24.7743,34.7471,433.5,0,,,True,SINGLE_READING;,7,day7,MATCHED,D7:wor:1-400,1-400,1-400,results.zip/day7.xlsx,workbook,10.7111,161.088,1-401,True,24.7743,34.747,463.126,,2.832,460.294,0.356131,18891.2,35082.3,False,3407,0.00791033,INTERPOLATED,901,963,-75.2264,0.00877572,0,True,1,-75.2264,348.524,-0.853487,107.572,33.1993,3.97206,1.04934,-1.87338,-3.33474,-4.7961,-5.81906,-6.25746,-7.71883,-10.6415,0.110252,0.0705797
945,CG6-0640,2026-01-22,1,401,field,CG6-0640|2026-01-22|L1|S401,2026-01-22 10:54:41,2026-01-22 10:54:41,2026-01-22 10:54:41.000000,1,1,3330.44,,,0.0063,24.7731,34.7481,435.1,0,,,True,SINGLE_READING;,7,day7,MATCHED,D7:wor:1-401,1-401,1-401,results.zip/day7.xlsx,workbook,11.5732,174.744,1-400,True,24.7731,34.748,469.241,,2.832,466.409,0.356131,18803.3,35170,False,3407,0.00791151,INTERPOLATED,901,963,-76.5569,0.0101135,0,True,1,-76.5569,354.639,-0.938658,109.459,33.8411,4.10111,1.1271,-1.8469,-3.3339,-4.8209,-5.8618,-6.3079,-7.79491,-10.7689,0.110366,0.0707585
946,CG6-0640,2026-01-22,1,402,field,CG6-0640|2026-01-22|L1|S402,2026-01-22 10:58:04,2026-01-22 10:58:04,2026-01-22 10:58:04.000000,1,1,3328.23,,,0.0049,24.7714,34.7494,444.4,0,,,True,SINGLE_READING;,7,day7,MATCHED,D7:wor:1-402,1-402,1-402,results.zip/day7.xlsx,workbook,10.8147,199.7,1-403,True,24.7714,34.7493,478.593,,2.832,475.761,0.356131,18692,35302.9,False,3407,0.00791291,INTERPOLATED,901,963,-78.766,0.00930721,0,True,1,-78.766,363.991,-1.05643,112.346,34.6361,4.11184,1.05942,-1.99301,-3.51923,-5.04544,-6.11379,-6.57166,-8.09787,-11.1503,0.110295,0.0706477
947,CG6-0640,2026-01-22,1,403,field,CG6-0640|2026-01-22|L1|S403,2026-01-22 11:03:32,2026-01-22 11:03:32,2026-01-22 11:03:32.000000,1,1,3325.01,,,0.0045,24.7697,34.7505,445,0,,,True,SINGLE_READING;,7,day7,MATCHED,D7:wor:1-403,1-403,1-403,results.zip/day7.xlsx,workbook,21.0323,188.237,1-404,True,24.7698,34.7503,493.771,,2.832,490.939,0.356131,18598.7,35432.6,False,3407,0.00791528,INTERPOLATED,901,963,-81.9875,0.00910503,0,True,1,-81.9875,379.169,-1.16733,117.03,36.2098,4.41268,1.23297,-1.94674,-3.5366,-5.12645,-6.23935,-6.71631,-8.30616,-11.4859,0.110278,0.0706214
948,CG6-0640,2026-01-22,1,404,field,CG6-0640|2026-01-22|L1|S404,2026-01-22 11:08:03,2026-01-22 11:08:03,2026-01-22 11:08:03.000000,1,1,3329.24,,,0.009,24.7681,34.7505,454.6,0,,STDDEV_GT_0.050,True,SINGLE_READING;,7,day7,MATCHED,D7:wor:1-404,1-404,1-404,results.zip/day7.xlsx,workbook,5.19742,189.602,1-403,True,24.768,34.7505,468.76,,2.832,465.928,0.356131,18619.9,35604.3,False,3407,0.00791731,INTERPOLATED,901,963,-77.7555,0.0119868,0,True,1,-77.7555,354.158,-1.28676,109.311,32.8423,3.14257,0.172606,-2.79736,-4.28235,-5.76733,-6.80682,-7.25232,-8.7373,-11.7073,0.110554,0.0710504
949,CG6-0640,2026-01-22,1,405,field,CG6-0640|2026-01-22|L1|S405,2026-01-22 11:11:35,2026-01-22 11:11:35,2026-01-22 11:11:35.000000,1,1,3330.85,,,0.0092,24.7663,34.751,451,0,,STDDEV_GT_0.050,True,SINGLE_READING;,7,day7,MATCHED,D7:wor:1-405,1-405,1-405,results.zip/day7.xlsx,workbook,4.05522,194.88,1-404,True,24.7663,34.7509,461.552,,2.832,458.72,0.356131,18593.2,35766.3,False,3407,0.00791896,INTERPOLATED,901,963,-76.1519,0.0121388,0,True,1,-76.1519,346.95,-1.40224,107.086,32.3368,3.24153,0.332009,-2.57751,-4.03227,-5.48704,-6.50537,-6.9418,-8.39656,-11.3061,0.11057,0.0710762
950,CG6-0640,2026-01-22,1,406,field,CG6-0640|2026-01-22|L1|S406,2026-01-22 11:15:01,2026-01-22 11:15:01,2026-01-22 11:15:01.000000,1,1,3332.48,,,0.0088,24.7646,34.752,441.8,0,,STDDEV_GT_0.050,True,SINGLE_READING;,7,day7,MATCHED,D7:wor:1-406,1-406,1-406,results.zip/day7.xlsx,workbook,5.28339,191.431,1-407,True,24.7646,34.7519,454.223,,2.832,451.391,0.356131,18520,35915.5,False,3407,0.0079206,INTERPOLATED,901,963,-74.522,0.0118396,0,True,1,-74.522,339.621,-1.52294,104.824,31.8254,3.34481,0.496746,-2.35132,-3.77535,-5.19938,-6.1962,-6.62341,-8.04744,-10.8955,0.110538,0.0710257
951,CG6-0640,2026-01-22,1,407,field,CG6-0640|2026-01-22|L1|S407,2026-01-22 11:18:45,2026-01-22 11:18:45,2026-01-22 11:18:45.000000,1,1,3333.79,,,0.0044,24.763,34.7528,437.6,0,,,True,SINGLE_READING;,7,day7,MATCHED,D7:wor:1-407,1-407,1-407,results.zip/day7.xlsx,workbook,9.11477,195.253,1-408,True,24.763,34.7527,448.737,,2.832,445.905,0.356131,18463.6,36052.1,False,3407,0.00792244,INTERPOLATED,901,963,-73.204,0.00906228,0,True,1,-73.204,334.135,-1.63393,103.131,31.5613,3.54074,0.738684,-2.06337,-3.4644,-4.86543,-5.84615,-6.26646,-7.66748,-10.4695,0.110275,0.0706159
952,CG6-0640,2026-01-22,1,408,field,CG6-0640|2026-01-22|L1|S408,2026-01-22 11:22:04,2026-01-22 11:22:04,2026-01-22 11:22:04.000000,1,1,3334.93,,,0.0052,24.7615,34.7539,438.3,0,,,True,SINGLE_READING;,7,day7,MATCHED,D7:wor:1-408,1-408,1-408,results.zip/day7.xlsx,workbook,8.47252,182.039,1-409,True,24.7615,34.7538,444.25,,2.832,441.418,0.356131,18378.6,36168.7,False,3407,0.00792411,INTERPOLATED,901,963,-72.0696,0.00947795,0,True,1,-72.0696,329.648,-1.73615,101.747,31.4131,3.76884,1.00441,-1.76002,-3.14223,-4.52444,-5.49199,-5.90666,-7.28887,-10.0533,0.11031,0.0706704
953,CG6-0640,2026-01-22,1,409,field,CG6-0640|2026-01-22|L1|S409,2026-01-22 11:25:29,2026-01-22 11:25:29,2026-01-22 11:25:29.000000,1,1,3335.19,,,0.0049,24.7603,34.7526,426.9,0,,,True,SINGLE_READING;,7,day7,MATCHED,D7:wor:1-409,1-409,1-409,results.zip/day7.xlsx,workbook,5.15951,171.572,1-408,True,24.7603,34.7526,439.117,,2.832,436.285,0.356131,18521.4,36331.2,False,3407,0.00792587,INTERPOLATED,901,963,-71.8066,0.00931823,0,True,1,-71.8066,324.515,-1.81458,100.162,30.1703,2.95651,0.235128,-2.48625,-3.84695,-5.20764,-6.16012,-6.56833,-7.92902,-10.6504,0.110296,0.0706492
954,CG6-0640,2026-01-22,1,410,field,CG6-0640|2026-01-22|L1|S410,2026-01-22 11:29:01,2026-01-22 11:29:01,2026-01-22 11:29:01.000000,1,1,3336.48,,,0.0095,24.7581,34.7529,417.6,0,,STDDEV_GT_0.050,True,SINGLE_READING;,7,day7,MATCHED,D7:wor:1-410,1-410,1-410,results.zip/day7.xlsx,workbook,5.62066,166.507,1-411,True,24.758,34.7529,430.98,,2.832,428.148,0.356131,18534.6,36557.3,False,3407,0.00792774,INTERPOLATED,901,963,-70.5169,0.0123733,0,True,1,-70.5169,316.378,-1.97187,97.651,29.1061,2.57459,-0.0785521,-2.7317,-4.05827,-5.38484,-6.31344,-6.71142,-8.03799,-10.6911,0.110596,0.0711166
955,CG6-0640,2026-01-22,1,411,field,CG6-0640|2026-01-22|L1|S411,2026-01-22 11:32:43,2026-01-22 11:32:43,2026-01-22 11:32:43.000000,1,1,3337.12,,,0.0029,24.7567,34.7535,415.3,0,,,True,SINGLE_READING;,7,day7,MATCHED,D7:wor:1-411,1-411,1-411,results.zip/day7.xlsx,workbook,5.69477,160.882,1-410,True,24.7566,34.7534,426.304,,2.832,423.472,0.356131,18506.7,36682,False,3407,0.00792975,INTERPOLATED,901,963,-69.8779,0.0084434,0,True,1,-69.8779,311.702,-2.06697,96.2079,28.397,2.25766,-0.356273,-2.97021,-4.27717,-5.58414,-6.49902,-6.89111,-8.19807,-10.812,0.110226,0.0705391
956,CG6-0640,2026-01-22,1,412,field,CG6-0640|2026-01-22|L1|S412,2026-01-22 11:35:58,2026-01-22 11:35:58,2026-01-22 11:35:58.000000,1,0,,,,,24.7549,34.7536,411.6,0,STDDEV_GT_0.080,,False,NO_ACCEPTED_READING;,7,day7,MATCHED,D7:wor:1-412,1-412,1-412,results.zip/day7.xlsx,workbook,2.93777,196.832,1-411,True,24.7549,34.7536,420.807,,2.832,417.975,0.356131,18532.5,36867,False,3407,0.00793156,INTERPOLATED,901,963,,,0,False,1,,306.205,-2.18832,94.5114,,,,,,,,,,,,
957,CG6-0640,2026-01-22,1,413,field,CG6-0640|2026-01-22|L1|S413,2026-01-22 11:40:11,2026-01-22 11:40:11,2026-01-22 11:40:11.000000,1,1,3338.73,,,0.0084,24.7523,34.7549,403,0,,STDDEV_GT_0.050,True,SINGLE_READING;,7,day7,MATCHED,D7:wor:1-413,1-413,1-413,results.zip/day7.xlsx,workbook,4.88985,240.783,1-414,True,24.7523,34.7549,413.572,,2.832,410.74,0.356131,18456.8,37087.4,False,3407,0.00793396,INTERPOLATED,901,963,-68.266,0.0115546,0,True,1,-68.266,298.97,-2.36472,92.2784,26.3771,1.30549,-1.20168,-3.70884,-4.96242,-6.216,-7.09351,-7.46958,-8.72316,-11.2303,0.110508,0.0709788
958,CG6-0640,2026-01-22,1,414,field,CG6-0640|2026-01-22|L1|S414,2026-01-22 11:43:25,2026-01-22 11:43:25,2026-01-22 11:43:25.000000,1,1,3340.56,,,0.0057,24.7521,34.7573,395.6,0,,,True,SINGLE_READING;,7,day7,MATCHED,D7:wor:1-414,1-414,1-414,results.zip/day7.xlsx,workbook,12.0825,215.184,1-415,True,24.752,34.7573,407.917,,2.832,405.085,0.356131,18229.1,37038.1,False,3407,0.00793584,INTERPOLATED,901,963,-66.441,0.00977075,0,True,1,-66.441,293.315,-2.389,90.5331,26.4811,1.88366,-0.576081,-3.03582,-4.26569,-5.49556,-6.35647,-6.72543,-7.9553,-10.415,0.110335,0.0707103
959,CG6-0640,2026-01-22,1,415,field,CG6-0640|2026-01-22|L1|S415,2026-01-22 11:46:35,2026-01-22 11:46:35,2026-01-22 11:46:35.000000,1,1,3341.86,,,0.0042,24.7514,34.7593,392,0,,,True,SINGLE_READING;,7,day7,MATCHED,D7:wor:1-415,1-415,1-415,results.zip/day7.xlsx,workbook,2.74478,214.336,1-414,True,24.7513,34.7593,403.558,,2.832,400.726,0.356131,18049.6,37046.7,False,3407,0.00793772,INTERPOLATED,901,963,-65.1341,0.00898039,0,True,1,-65.1341,288.956,-2.43136,89.1877,26.485,2.25314,-0.170041,-2.59323,-3.80482,-5.01641,-5.86453,-6.228,-7.4396,-9.86278,0.110268,0.0706054
960,CG6-0640,2026-01-22,1,416,field,CG6-0640|2026-01-22|L1|S416,2026-01-22 11:53:11,2026-01-22 11:53:11,2026-01-22 11:53:11.000000,1,1,3342.92,,,0.0051,24.7499,34.7607,394.4,0,,,True,SINGLE_READING;,7,day7,MATCHED,D7:wor:1-416,1-416,1-416,results.zip/day7.xlsx,workbook,9.11584,209.809,1-417,True,24.7499,34.7607,398.99,,2.832,396.158,0.356131,17943.9,37150.5,False,3407,0.00794176,INTERPOLATED,901,963,-64.0792,0.0094383,0,True,1,-64.0792,284.388,-2.53296,87.7779,26.2316,2.38284,-0.00203917,-2.38692,-3.57936,-4.77179,-5.6065,-5.96423,-7.15667,-9.54155,0.110306,0.0706651
961,CG6-0640,2026-01-22,1,417,field,CG6-0640|2026-01-22|L1|S417,2026-01-22 11:56:21,2026-01-22 11:56:21,2026-01-22 11:56:21.000000,1,1,3344.23,,,0.0026,24.7492,34.7626,383.1,0,,,True,SINGLE_READING;,7,day7,MATCHED,D7:wor:1-417,1-417,1-417,results.zip/day7.xlsx,workbook,6.87301,160.438,1-418,True,24.7491,34.7626,394.199,,2.832,391.367,0.356131,17780.2,37172.9,False,3407,0.00794375,INTERPOLATED,901,963,-62.7691,0.00835842,0,True,1,-62.7691,279.597,-2.58505,86.2992,26.1152,2.66817,0.323466,-2.02123,-3.19359,-4.36594,-5.18658,-5.53829,-6.71064,-9.05534,0.110219,0.070529
962,CG6-0640,2026-01-22,1,418,field,CG6-0640|2026-01-22|L1|S418,2026-01-22 11:59:09,2026-01-22 11:59:09,2026-01-22 11:59:09.000000,1,1,3344.95,,,0.004,24.7484,34.764,381.1,0,,,True,SINGLE_READING;,7,day7,MATCHED,D7:wor:1-418,1-418,1-418,results.zip/day7.xlsx,workbook,10.2972,156.046,1-417,True,24.7484,34.7639,391.351,,2.832,388.519,0.356131,17665.7,37205.8,False,3407,0.00794554,INTERPOLATED,901,963,-62.0463,0.0088956,0,True,1,-62.0463,276.749,-2.63572,85.4202,26.0097,2.80152,0.4807,-1.84012,-3.00053,-4.16093,-4.97322,-5.32134,-6.48175,-8.80257,0.110261,0.0705947
964,CG6-0640,2026-01-22,1,419,field,CG6-0640|2026-01-22|L1|S419,2026-01-22 13:45:48,2026-01-22 13:45:48,2026-01-22 13:45:48.000000,1,1,3379.2,,,0.0026,24.796,34.8091,253.8,0,,,True,SINGLE_READING;,7,day7,MATCHED,D7:kml:1-419,1-419,1-419,results.zip/day7.kml,kml_only,3.96368,233.459,1-420,True,24.796,34.8091,283.876,,2.832,281.044,0.356131,12623.7,30893.2,False,3407,0.00791561,INTERPOLATED,963,978,-27.7979,0.00833168,0,True,1,-27.7979,169.274,0.634203,52.2488,23.8167,9.62135,8.20182,6.78228,6.07251,5.36275,4.86591,4.65298,3.94321,2.52368,0.110217,0.0705258
965,CG6-0640,2026-01-22,1,420,field,CG6-0640|2026-01-22|L1|S420,2026-01-22 13:51:15,2026-01-22 13:51:15,2026-01-22 13:51:15.000000,1,1,3378.2,,,0.0017,24.7982,34.8088,264.9,0,,,True,SINGLE_READING;,7,day7,MATCHED,D7:kml:1-420,1-420,1-420,results.zip/day7.kml,kml_only,13.5927,194.856,1-421,True,24.798,34.8088,289.5,,2.832,286.668,0.356131,12678.3,30663.2,False,3407,0.00791201,INTERPOLATED,963,978,-28.7958,0.00809258,0,True,1,-28.7958,174.898,0.776199,53.9844,24.4124,9.7455,8.27881,6.81212,6.07877,5.34542,4.83208,4.61208,3.87873,2.41204,0.110199,0.070498
966,CG6-0640,2026-01-22,1,421,field,CG6-0640|2026-01-22|L1|S421,2026-01-22 13:54:45,2026-01-22 13:54:45,2026-01-22 13:54:45.000000,1,1,3377.05,,,0.0041,24.7996,34.8076,277.7,0,,,True,SINGLE_READING;,7,day7,MATCHED,D7:kml:1-421,1-421,1-421,results.zip/day7.kml,kml_only,5.63626,187.844,1-422,True,24.7995,34.8076,294.993,,2.832,292.161,0.356131,12817.9,30540.5,False,3407,0.00790996,INTERPOLATED,963,978,-29.9453,0.0089094,0,True,1,-29.9453,180.391,0.876704,55.6798,24.8578,9.73028,8.21753,6.70477,5.94839,5.19202,4.66255,4.43564,3.67926,2.16651,0.110262,0.0705964
967,CG6-0640,2026-01-22,1,422,field,CG6-0640|2026-01-22|L1|S422,2026-01-22 13:58:56,2026-01-22 13:58:56,2026-01-22 13:58:56.000000,1,1,3376.07,,,0.0016,24.8004,34.806,277.8,0,,,True,SINGLE_READING;,7,day7,MATCHED,D7:wor:1-422,1-422,1-422,results.zip/day7.xlsx,workbook,1.65785,176.707,1-423,True,24.8004,34.806,299.816,,2.832,296.984,0.356131,12989,30488.3,False,3407,0.00790777,INTERPOLATED,963,978,-30.931,0.00806801,0,True,1,-30.931,185.214,0.938241,57.1686,25.2994,9.76731,8.2141,6.6609,5.88429,5.10769,4.56407,4.33109,3.55449,2.00128,0.110198,0.0704952
968,CG6-0640,2026-01-22,1,423,field,CG6-0640|2026-01-22|L1|S423,2026-01-22 14:02:35,2026-01-22 14:02:35,2026-01-22 14:02:35.000000,1,1,3375.23,,,0.0022,24.8012,34.8045,280.2,0,,,True,SINGLE_READING;,7,day7,MATCHED,D7:wor:1-423,1-423,1-423,results.zip/day7.xlsx,workbook,2.97586,176.568,1-422,True,24.8012,34.8045,304.455,,2.832,301.623,0.356131,13150.5,30433.6,False,3407,0.0079061,INTERPOLATED,963,978,-31.7681,0.00820648,0,True,1,-31.7681,189.853,0.993497,58.6004,25.8388,9.9177,8.3256,6.73349,5.93744,5.14138,4.58414,4.34533,3.54927,1.95717,0.110208,0.0705112
969,CG6-0640,2026-01-22,1,424,field,CG6-0640|2026-01-22|L1|S424,2026-01-22 14:06:27,2026-01-22 14:06:27,2026-01-22 14:06:27.000000,1,1,3374.26,,,0.002,24.8023,34.803,295,0,,,True,SINGLE_READING;,7,day7,MATCHED,D7:wor:1-424,1-424,1-424,results.zip/day7.xlsx,workbook,2.56843,192.686,1-423,True,24.8023,34.803,309.475,,2.832,306.643,0.356131,13313.7,30354.8,False,3407,0.00790457,INTERPOLATED,963,978,-32.741,0.00815366,0,True,1,-32.741,194.873,1.06734,60.1498,26.3414,9.99938,8.36518,6.73097,5.91387,5.09677,4.5248,4.27967,3.46256,1.82836,0.110204,0.070505
970,CG6-0640,2026-01-22,1,425,field,CG6-0640|2026-01-22|L1|S425,2026-01-22 14:11:23,2026-01-22 14:11:23,2026-01-22 14:11:23.000000,1,1,3373.02,,,0.0024,24.8041,34.8025,298.3,0,,,True,SINGLE_READING;,7,day7,MATCHED,D7:wor:1-425,1-425,1-425,results.zip/day7.xlsx,workbook,4.41671,178.065,1-426,True,24.8041,34.8024,315.97,,2.832,313.138,0.356131,13393.9,30169.3,False,3407,0.00790298,INTERPOLATED,963,978,-33.9793,0.00825936,0,True,1,-33.9793,201.368,1.19314,62.1544,26.982,10.0953,8.4066,6.71793,5.87359,5.02926,4.43822,4.18492,3.34058,1.65191,0.110212,0.0705173
971,CG6-0640,2026-01-22,1,426,field,CG6-0640|2026-01-22|L1|S426,2026-01-22 14:16:31,2026-01-22 14:16:31,2026-01-22 14:16:31.000000,1,1,3372.23,,,0.0028,24.8057,34.802,312.8,0,,,True,SINGLE_READING;,7,day7,MATCHED,D7:wor:1-426,1-426,1-426,results.zip/day7.xlsx,workbook,8.56072,126.465,1-427,True,24.8057,34.8019,320.649,,2.832,317.817,0.356131,13470,30010.6,False,3407,0.00790175,INTERPOLATED,963,978,-34.7734,0.00838318,0,True,1,-34.7734,206.047,1.30054,63.5986,27.5247,10.2456,8.51766,6.78975,5.9258,5.06184,4.45707,4.19789,3.33393,1.60602,0.110221,0.0705319
972,CG6-0640,2026-01-22,1,427,field,CG6-0640|2026-01-22|L1|S427,2026-01-22 14:23:08,2026-01-22 14:23:08,2026-01-22 14:23:08.000000,1,1,3371.12,,,0.0016,24.8066,34.8029,312,0,,,True,SINGLE_READING;,7,day7,MATCHED,D7:wor:1-427,1-427,1-427,results.zip/day7.xlsx,workbook,6.73499,141.201,1-426,True,24.8065,34.8029,326.423,,2.832,323.591,0.356131,13392.8,29895.6,False,3407,0.00790082,INTERPOLATED,963,978,-35.8778,0.0080612,0,True,1,-35.8778,211.821,1.35984,65.3807,28.1431,10.3798,8.60347,6.82714,5.93898,5.05081,4.4291,4.16265,3.27448,1.49815,0.110197,0.0704944
973,CG6-0640,2026-01-22,1,428,field,CG6-0640|2026-01-22|L1|S428,2026-01-22 14:27:33,2026-01-22 14:27:33,2026-01-22 14:27:33.000000,1,1,3370.31,,,0.0019,24.8081,34.8032,319.2,0,,,True,SINGLE_READING;,7,day7,MATCHED,D7:kml:1-428,1-428,1-428,results.zip/day7.kml,kml_only,9.66424,182.453,1-427,True,24.8081,34.8032,331.218,,2.832,328.386,0.356131,13386.6,29719.9,False,3407,0.00790061,INTERPOLATED,963,978,-36.6862,0.00812586,0,True,1,-36.6862,216.616,1.4655,66.8607,28.709,10.5436,8.72704,6.9105,6.00223,5.09396,4.45817,4.18568,3.27741,1.46087,0.110202,0.0705018
974,CG6-0640,2026-01-22,1,429,field,CG6-0640|2026-01-22|L1|S429,2026-01-22 14:31:34,2026-01-22 14:31:34,2026-01-22 14:31:34.000000,1,1,3369.48,,,0.0021,24.8093,34.8035,322.2,0,,,True,SINGLE_READING;,7,day7,UNMATCHED_GT_30M,D7:wor:1-431,1-431,1-431,results.zip/day7.xlsx,workbook,106.146,142.268,1-428,False,24.8102,34.8039,337.614,,2.832,334.782,0.356131,13386.7,29586.3,False,3407,0.00790069,INTERPOLATED,963,978,-37.5165,0.00817502,0,False,1,-37.5165,223.012,1.61294,68.8347,29.7053,11.0035,9.13335,7.26317,6.32808,5.39299,4.73843,4.4579,3.52281,1.65263,0.110206,0.0705075
975,CG6-0640,2026-01-22,1,430,field,CG6-0640|2026-01-22|L1|S430,2026-01-22 14:37:12,2026-01-22 14:37:12,2026-01-22 14:37:12.000000,1,1,3368.39,,,0.0023,24.8104,34.8045,327.8,0,,,True,SINGLE_READING;,7,day7,MATCHED,D7:wor:1-430,1-430,1-430,results.zip/day7.xlsx,workbook,7.51901,71.9241,1-431,True,24.8103,34.8045,341.902,,2.832,339.07,0.356131,13305.7,29443.9,False,3407,0.00790127,INTERPOLATED,963,978,-38.6062,0.00822922,0,True,1,-38.6062,227.3,1.62083,70.1582,29.9312,10.8698,8.96369,7.05755,6.10448,5.15141,4.48426,4.19834,3.24527,1.33914,0.11021,0.0705138
976,CG6-0640,2026-01-22,1,431,field,CG6-0640|2026-01-22|L1|S431,2026-01-22 14:40:32,2026-01-22 14:40:32,2026-01-22 14:40:32.000000,1,1,3369.16,,,0.0023,24.8103,34.8039,325,0,,,True,SINGLE_READING;,7,day7,MATCHED,D7:wor:1-431,1-431,1-431,results.zip/day7.xlsx,workbook,8.15003,64.7022,1-430,True,24.8102,34.8039,337.614,,2.832,334.782,0.356131,13368.2,29472.6,False,3407,0.00790186,INTERPOLATED,963,978,-37.8441,0.00822978,0,True,1,-37.8441,223.012,1.61294,68.8347,29.3778,10.676,8.80579,6.93561,6.00052,5.06543,4.41087,4.13034,3.19525,1.32507,0.11021,0.0705139
977,CG6-0640,2026-01-22,1,432,field,CG6-0640|2026-01-22|L1|S432,2026-01-22 14:43:41,2026-01-22 14:43:41,2026-01-22 14:43:41.000000,1,1,3368.1,,,0.0023,24.8108,34.8034,330.2,0,,,True,SINGLE_READING;,7,day7,MATCHED,D7:wor:1-432,1-432,1-432,results.zip/day7.xlsx,workbook,6.78056,79.8872,1-431,True,24.8107,34.8033,341.21,,2.832,338.378,0.356131,13430.4,29432.6,False,3407,0.00790258,INTERPOLATED,963,978,-38.9017,0.00823048,0,True,1,-38.9017,226.608,1.64764,69.9446,29.3953,10.3919,8.49158,6.59125,5.64108,4.69091,4.02579,3.74074,2.79058,0.890241,0.11021,0.070514
982,CG6-0640,2026-01-23,1,433,field,CG6-0640|2026-01-23|L1|S433,2026-01-23 08:10:26,2026-01-23 08:10:26,2026-01-23 08:10:26.000000,1,1,3374.36,,,0.0061,24.6898,34.8924,239.4,0,,,True,SINGLE_READING;,8,day8,MATCHED,D8:wor:1-433,1-433,1-433,results.zip/day8.xlsx,workbook,2.96557,283.655,1-434,True,24.6897,34.8924,242.653,,0,242.653,0.15,11566.7,41947.8,False,3407.01,0.00787893,INTERPOLATED,981,1051,-32.6489,0.00996431,0,True,1,-32.6489,130.883,-6.65625,40.3993,14.4066,3.43079,2.3332,1.23562,0.686824,0.138032,-0.246123,-0.410761,-0.959553,-2.05714,0.0473503,0.0311346
983,CG6-0640,2026-01-23,1,434,field,CG6-0640|2026-01-23|L1|S434,2026-01-23 08:20:10,2026-01-23 08:20:10,2026-01-23 08:20:10.000000,1,1,3373.69,,,0.002,24.6914,34.8901,248.7,0,,,True,SINGLE_READING;,8,day8,MATCHED,D8:wor:1-434,1-434,1-434,results.zip/day8.xlsx,workbook,4.30955,261.24,1-435,True,24.6913,34.8902,245.753,,0,245.753,0.15,11485,41761.9,False,3407.01,0.00787771,INTERPOLATED,981,1051,-33.3165,0.00812763,0,True,1,-33.3165,133.983,-6.54614,41.3561,14.5857,3.34993,2.22635,1.10276,0.540974,-0.0208168,-0.41407,-0.582608,-1.1444,-2.26798,0.0469981,0.0305963
984,CG6-0640,2026-01-23,1,435,field,CG6-0640|2026-01-23|L1|S435,2026-01-23 08:23:39,2026-01-23 08:23:39,2026-01-23 08:23:39.000000,1,1,3373.16,,,0.0036,24.6929,34.8882,237.6,0,,,True,SINGLE_READING;,8,day8,MATCHED,D8:wor:1-435,1-435,1-435,results.zip/day8.xlsx,workbook,3.87365,253.036,1-436,True,24.6929,34.8882,248.586,,0,248.586,0.15,11400.9,41581.2,False,3407.01,0.0078773,INTERPOLATED,981,1051,-33.8544,0.00866094,0,True,1,-33.8544,136.816,-6.43563,42.2306,14.8118,3.33844,2.1911,1.04376,0.470091,-0.103578,-0.505147,-0.677248,-1.25092,-2.39826,0.0470933,0.0307423
985,CG6-0640,2026-01-23,1,436,field,CG6-0640|2026-01-23|L1|S436,2026-01-23 08:27:48,2026-01-23 08:27:48,2026-01-23 08:27:48.000000,1,1,3372.84,,,0.0018,24.6941,34.886,241.8,0,,,True,SINGLE_READING;,8,day8,MATCHED,D8:wor:1-436,1-436,1-436,results.zip/day8.xlsx,workbook,2.4103,240.087,1-437,True,24.6941,34.886,250.426,,0,250.426,0.15,11375.2,41447.6,False,3407.01,0.00787683,INTERPOLATED,981,1051,-34.1712,0.00807988,0,True,1,-34.1712,138.656,-6.35785,42.7985,14.9852,3.35748,2.19471,1.03194,0.450554,-0.130831,-0.5378,-0.712215,-1.2936,-2.45637,0.0469899,0.0305836
986,CG6-0640,2026-01-23,1,437,field,CG6-0640|2026-01-23|L1|S437,2026-01-23 08:31:31,2026-01-23 08:31:31,2026-01-23 08:31:31.000000,1,1,3372.44,,,0.0064,24.6961,34.885,251.1,0,,,True,SINGLE_READING;,8,day8,MATCHED,D8:wor:1-437,1-437,1-437,results.zip/day8.xlsx,workbook,3.23676,228.059,1-438,True,24.696,34.885,253.644,,0,253.644,0.15,11222.3,41226.1,False,3407.01,0.00787642,INTERPOLATED,981,1051,-34.5708,0.0101488,0,True,1,-34.5708,141.874,-6.22354,43.7917,15.4445,3.54695,2.3572,1.16744,0.572565,-0.0223125,-0.438727,-0.61719,-1.21207,-2.40182,0.0473895,0.0311941
987,CG6-0640,2026-01-23,1,438,field,CG6-0640|2026-01-23|L1|S438,2026-01-23 08:35:10,2026-01-23 08:35:10,2026-01-23 08:35:10.000000,1,1,3372.26,,,0.0026,24.6981,34.8843,249.4,0,,,True,SINGLE_READING;,8,day8,MATCHED,D8:wor:1-438,1-438,1-438,results.zip/day8.xlsx,workbook,4.53981,204.078,1-439,True,24.698,34.8843,255.966,,0,255.966,0.15,11053.3,41002.5,False,3407.01,0.00787603,INTERPOLATED,981,1051,-34.7531,0.00829409,0,True,1,-34.7531,144.196,-6.08749,44.5084,15.8429,3.75059,2.54136,1.33214,0.727522,0.122908,-0.300321,-0.481706,-1.08632,-2.29555,0.0470272,0.0306409
988,CG6-0640,2026-01-23,1,439,field,CG6-0640|2026-01-23|L1|S439,2026-01-23 08:40:48,2026-01-23 08:40:48,2026-01-23 08:40:48.000000,1,1,3372.07,,,0.0031,24.6994,34.8829,252.4,0,,,True,SINGLE_READING;,8,day8,MATCHED,D8:wor:1-439,1-439,1-439,results.zip/day8.xlsx,workbook,2.78299,210.489,1-438,True,24.6994,34.883,258.849,,0,258.849,0.15,10981.4,40847.8,False,3407.01,0.00787546,INTERPOLATED,981,1051,-34.9378,0.00846362,0,True,1,-34.9378,147.079,-5.99111,45.3983,16.4516,4.11755,2.88414,1.65074,1.03403,0.417332,-0.0143596,-0.19937,-0.816073,-2.04948,0.0470574,0.0306873
989,CG6-0640,2026-01-23,1,440,field,CG6-0640|2026-01-23|L1|S440,2026-01-23 08:44:21,2026-01-23 08:44:21,2026-01-23 08:44:21.000000,1,1,3371.8,,,0.0017,24.7015,34.8817,255.2,0,,,True,SINGLE_READING;,8,day8,MATCHED,D8:wor:1-440,1-440,1-440,results.zip/day8.xlsx,workbook,4.76891,197.794,1-441,True,24.7014,34.8817,261.096,,0,261.096,0.15,10843.1,40621.6,False,3407.01,0.00787512,INTERPOLATED,981,1051,-35.2112,0.00805652,0,True,1,-35.2112,149.326,-5.85484,46.0918,16.7354,4.21295,2.9607,1.70845,1.08233,0.456202,0.0179154,-0.169922,-0.796046,-2.04829,0.0469859,0.0305775
990,CG6-0640,2026-01-23,1,441,field,CG6-0640|2026-01-23|L1|S441,2026-01-23 08:47:20,2026-01-23 08:47:20,2026-01-23 08:47:20.000000,1,1,3371.25,,,0.0045,24.703,34.8805,258,0,,,True,SINGLE_READING;,8,day8,MATCHED,D8:wor:1-441,1-441,1-441,results.zip/day8.xlsx,workbook,5.67055,196.9,1-442,True,24.7029,34.8806,262.905,,0,262.905,0.15,10756.9,40454.9,False,3407.01,0.00787484,INTERPOLATED,981,1051,-35.7634,0.0090699,0,True,1,-35.7634,151.135,-5.75328,46.6502,16.6401,3.96587,2.69845,1.43104,0.797327,0.163618,-0.279979,-0.470091,-1.1038,-2.37122,0.0471702,0.03086
991,CG6-0640,2026-01-23,1,442,field,CG6-0640|2026-01-23|L1|S442,2026-01-23 08:50:17,2026-01-23 08:50:17,2026-01-23 08:50:17.000000,1,1,3371.08,,,0.0025,24.7041,34.879,256,0,,,True,SINGLE_READING;,8,day8,MATCHED,D8:wor:1-442,1-442,1-442,results.zip/day8.xlsx,workbook,2.82808,199.554,1-443,True,24.7041,34.879,265.333,,0,265.333,0.15,10723.6,40325.9,False,3407.01,0.00787457,INTERPOLATED,981,1051,-35.9282,0.00826189,0,True,1,-35.9282,153.563,-5.67278,47.3996,17.1442,4.26642,2.97864,1.69086,1.04697,0.403079,-0.0476433,-0.24081,-0.8847,-2.17248,0.0470215,0.0306322
992,CG6-0640,2026-01-23,1,443,field,CG6-0640|2026-01-23|L1|S443,2026-01-23 08:53:39,2026-01-23 08:53:39,2026-01-23 08:53:39.000000,1,1,3370.68,,,0.0021,24.7055,34.8778,260.2,0,,,True,SINGLE_READING;,8,day8,MATCHED,D8:wor:1-443,1-443,1-443,results.zip/day8.xlsx,workbook,1.34801,203.016,1-444,True,24.7055,34.8778,268.024,,0,268.024,0.15,10653,40167.2,False,3407.01,0.00787428,INTERPOLATED,981,1051,-36.3306,0.00814949,0,True,1,-36.3306,156.254,-5.57422,48.2302,17.4738,4.3703,3.05996,1.74961,1.09444,0.439265,-0.0193558,-0.215908,-0.871081,-2.18143,0.0470019,0.0306021
993,CG6-0640,2026-01-23,1,444,field,CG6-0640|2026-01-23|L1|S444,2026-01-23 08:56:58,2026-01-23 08:56:58,2026-01-23 08:56:58.000000,1,1,3370.4,,,0.0043,24.7074,34.8774,261.1,0,,,True,SINGLE_READING;,8,day8,MATCHED,D8:wor:1-444,1-444,1-444,results.zip/day8.xlsx,workbook,6.09036,209.457,1-443,True,24.7073,34.8774,270.43,,0,270.43,0.15,10505.7,39964,False,3407.01,0.007874,INTERPOLATED,981,1051,-36.6144,0.00897161,0,True,1,-36.6144,158.66,-5.45082,48.9728,17.8092,4.50398,3.17346,1.84294,1.17768,0.512416,0.0467331,-0.152845,-0.818107,-2.14863,0.0471514,0.0308312
994,CG6-0640,2026-01-23,1,445,field,CG6-0640|2026-01-23|L1|S445,2026-01-23 09:00:46,2026-01-23 09:00:46,2026-01-23 09:00:46.000000,1,1,3370.2,,,0.0047,24.7097,34.8773,261.6,0,,,True,SINGLE_READING;,8,day8,MATCHED,D8:wor:1-445,1-445,1-445,results.zip/day8.xlsx,workbook,2.22074,200.022,1-446,True,24.7097,34.8773,273.77,,0,273.77,0.15,10291,39704.2,False,3407.01,0.00787369,INTERPOLATED,981,1051,-36.8059,0.00916979,0,True,1,-36.8059,162,-5.28918,50.0037,18.4869,4.90162,3.54309,2.18456,1.50529,0.826026,0.35054,0.14676,-0.532506,-1.89104,0.0471895,0.0308895
995,CG6-0640,2026-01-23,1,446,field,CG6-0640|2026-01-23|L1|S446,2026-01-23 09:04:01,2026-01-23 09:04:01,2026-01-23 09:04:01.000000,1,1,3370.01,,,0.0028,24.7113,34.8764,252.7,0,,,True,SINGLE_READING;,8,day8,MATCHED,D8:wor:1-446,1-446,1-446,results.zip/day8.xlsx,workbook,4.47324,204.681,1-445,True,24.7113,34.8764,275.841,,0,275.841,0.15,10191.7,39522.5,False,3407.01,0.00787344,INTERPOLATED,981,1051,-36.9974,0.0083565,0,True,1,-36.9974,164.071,-5.1786,50.6429,18.8241,5.06513,3.68923,2.31333,1.62538,0.937429,0.455864,0.249479,-0.438471,-1.81437,0.0470382,0.0306579
996,CG6-0640,2026-01-23,1,447,field,CG6-0640|2026-01-23|L1|S447,2026-01-23 09:07:33,2026-01-23 09:07:33,2026-01-23 09:07:33.000000,1,1,3369.74,,,0.0032,24.7134,34.875,265.3,0,,,True,SINGLE_READING;,8,day8,MATCHED,D8:wor:1-447,1-447,1-447,results.zip/day8.xlsx,workbook,2.13538,278.443,1-446,True,24.7134,34.875,279.185,,0,279.185,0.15,10082.8,39288.3,False,3407.01,0.00787319,INTERPOLATED,981,1051,-37.2685,0.00849865,0,True,1,-37.2685,167.415,-5.03234,51.675,19.4388,5.39941,3.99547,2.59153,1.88956,1.18759,0.696207,0.485615,-0.216356,-1.6203,0.0470637,0.0306969
997,CG6-0640,2026-01-23,1,448,field,CG6-0640|2026-01-23|L1|S448,2026-01-23 09:10:39,2026-01-23 09:10:39,2026-01-23 09:10:39.000000,1,1,3369.14,,,0.0064,24.7152,34.8725,266.6,0,,,True,SINGLE_READING;,8,day8,MATCHED,D8:wor:1-448,1-448,1-448,results.zip/day8.xlsx,workbook,7.09151,237.512,1-449,True,24.7152,34.8725,282.967,,0,282.967,0.15,10074.1,39090,False,3407.01,0.00787297,INTERPOLATED,981,1051,-37.8676,0.0101461,0,True,1,-37.8676,171.197,-4.91049,52.8424,19.8853,5.52869,4.09304,2.65738,1.93955,1.22172,0.719239,0.50389,-0.213939,-1.6496,0.0473889,0.0311932
998,CG6-0640,2026-01-23,1,449,field,CG6-0640|2026-01-23|L1|S449,2026-01-23 09:14:11,2026-01-23 09:14:11,2026-01-23 09:14:11.000000,1,1,3368.56,,,0.0041,24.7171,34.8713,273.3,0,,,True,SINGLE_READING;,8,day8,MATCHED,D8:wor:1-449,1-449,1-449,results.zip/day8.xlsx,workbook,3.76339,241.576,1-450,True,24.7171,34.8713,286.906,,0,286.906,0.15,9982.72,38881.4,False,3407.01,0.00787274,INTERPOLATED,981,1051,-38.4455,0.00887637,0,True,1,-38.4455,175.136,-4.77985,54.0581,20.3925,5.70558,4.23689,2.7682,2.03385,1.29951,0.785465,0.565162,-0.169184,-1.63787,0.0471334,0.0308037
999,CG6-0640,2026-01-23,1,450,field,CG6-0640|2026-01-23|L1|S450,2026-01-23 09:17:20,2026-01-23 09:17:20,2026-01-23 09:17:20.000000,1,1,3368.07,,,0.0013,24.7187,34.8697,274.7,0,,,True,SINGLE_READING;,8,day8,MATCHED,D8:wor:1-450,1-450,1-450,results.zip/day8.xlsx,workbook,4.0462,234.427,1-451,True,24.7187,34.8697,291.407,,0,291.407,0.15,9953.87,38706.2,False,3407.01,0.00787254,INTERPOLATED,981,1051,-38.9391,0.00797915,0,True,1,-38.9391,179.637,-4.66889,55.4474,21.1771,6.11274,4.60631,3.09987,2.34665,1.59344,1.06618,0.840218,0.0869998,-1.41944,0.0469727,0.0305572
1000,CG6-0640,2026-01-23,1,451,field,CG6-0640|2026-01-23|L1|S451,2026-01-23 09:20:25,2026-01-23 09:20:25,2026-01-23 09:20:25.000000,1,1,3367.64,,,0.0025,24.7207,34.8687,270.2,0,,,True,SINGLE_READING;,8,day8,MATCHED,D8:wor:1-451,1-451,1-451,results.zip/day8.xlsx,workbook,5.03269,206.09,1-452,True,24.7207,34.8688,296.073,,0,296.073,0.15,9849.61,38488,False,3407.01,0.00787235,INTERPOLATED,981,1051,-39.368,0.00825978,0,True,1,-39.368,184.303,-4.53447,56.8875,22.0539,6.59829,5.05273,3.50716,2.73438,1.9616,1.42065,1.18882,0.416033,-1.12953,0.0470211,0.0306317
1001,CG6-0640,2026-01-23,1,452,field,CG6-0640|2026-01-23|L1|S452,2026-01-23 09:24:37,2026-01-23 09:24:37,2026-01-23 09:24:37.000000,1,1,3367.8,,,0.0035,24.7223,34.8675,269.9,0,,,True,SINGLE_READING;,8,day8,MATCHED,D8:wor:1-452,1-452,1-452,results.zip/day8.xlsx,workbook,6.98708,175.218,L11-45,True,24.7222,34.8676,296.908,,0,296.908,0.15,9804.07,38317.2,False,3407.01,0.00787212,INTERPOLATED,981,1051,-39.2132,0.00861512,0,True,1,-39.2132,185.138,-4.42746,57.1452,22.3594,6.83377,5.28121,3.72864,2.95236,2.17607,1.63267,1.39979,0.623504,-0.929063,0.0470849,0.0307294
1002,CG6-0640,2026-01-23,1,453,field,CG6-0640|2026-01-23|L1|S453,2026-01-23 09:29:23,2026-01-23 09:29:23,2026-01-23 09:29:23.000000,1,1,3368.38,,,0.0018,24.7242,34.8659,271.8,0,,,True,SINGLE_READING;,8,day8,MATCHED,D8:wor:1-453,1-453,1-453,results.zip/day8.xlsx,workbook,1.82186,73.1179,L11-46,True,24.7241,34.8659,296.119,,0,296.119,0.15,9770.03,38115,False,3407.01,0.00787188,INTERPOLATED,981,1051,-38.6272,0.00807505,0,True,1,-38.6272,184.349,-4.29774,56.9017,22.5722,7.11269,5.56674,4.02079,3.24781,2.47484,1.93376,1.70186,0.928888,-0.617063,0.046989,0.0305824
1003,CG6-0640,2026-01-23,1,454,field,CG6-0640|2026-01-23|L1|S454,2026-01-23 09:32:36,2026-01-23 09:32:36,2026-01-23 09:32:36.000000,1,1,3368.31,,,0.0029,24.7259,34.8645,274.3,0,,,True,SINGLE_READING;,8,day8,MATCHED,D8:wor:1-454,1-454,1-454,results.zip/day8.xlsx,workbook,8.27116,196.027,1-455,True,24.7259,34.8646,298.73,,0,298.73,0.15,9728.98,37924.2,False,3407.01,0.00787172,INTERPOLATED,981,1051,-38.6967,0.00838892,0,True,1,-38.6967,186.96,-4.17982,57.7076,23.1907,7.51223,5.94438,4.37653,3.59261,2.80869,2.25994,2.02476,1.24084,-0.327007,0.047044,0.0306667
1004,CG6-0640,2026-01-23,1,455,field,CG6-0640|2026-01-23|L1|S455,2026-01-23 09:35:44,2026-01-23 09:35:44,2026-01-23 09:35:44.000000,1,1,3368.12,,,0.0016,24.7275,34.8637,276.6,0,,,True,SINGLE_READING;,8,day8,MATCHED,D8:wor:1-455,1-455,1-455,results.zip/day8.xlsx,workbook,5.49948,183.047,1-456,True,24.7275,34.8636,301.409,,0,301.409,0.15,9667.23,37747.7,False,3407.01,0.00787159,INTERPOLATED,981,1051,-38.8945,0.00803255,0,True,1,-38.8945,189.639,-4.06825,58.5345,23.7082,7.80505,6.21474,4.62443,3.82927,3.03412,2.47751,2.23896,1.4438,-0.146509,0.0469818,0.0305712
1005,CG6-0640,2026-01-23,1,456,field,CG6-0640|2026-01-23|L1|S456,2026-01-23 09:38:57,2026-01-23 09:38:57,2026-01-23 09:38:57.000000,1,1,3367.93,,,0.0062,24.7288,34.8625,276.7,0,,,True,SINGLE_READING;,8,day8,MATCHED,D8:wor:1-456,1-456,1-456,results.zip/day8.xlsx,workbook,7.91262,192.007,1-455,True,24.7288,34.8625,304.286,,0,304.286,0.15,9657.19,37605.5,False,3407.01,0.00787146,INTERPOLATED,981,1051,-39.0782,0.01002,0,True,1,-39.0782,192.516,-3.97944,59.4224,24.3237,8.1793,6.56486,4.95042,4.1432,3.33598,2.77093,2.52876,1.72154,0.107105,0.0473621,0.0311524
1006,CG6-0640,2026-01-23,1,457,field,CG6-0640|2026-01-23|L1|S457,2026-01-23 09:42:48,2026-01-23 09:42:48,2026-01-23 09:42:48.000000,1,1,3367.28,,,0.0029,24.7304,34.8614,276.7,0,,,True,SINGLE_READING;,8,day8,MATCHED,D8:wor:1-457,1-457,1-457,results.zip/day8.xlsx,workbook,6.74927,195.758,1-458,True,24.7303,34.8614,309.037,,0,309.037,0.15,9627.65,37437.2,False,3407.01,0.00787131,INTERPOLATED,981,1051,-39.7259,0.00838854,0,True,1,-39.7259,197.267,-3.87189,60.8888,25.0348,8.49201,6.83773,5.18345,4.35631,3.52917,2.95017,2.70203,1.87488,0.220604,0.0470439,0.0306666
1007,CG6-0640,2026-01-23,1,458,field,CG6-0640|2026-01-23|L1|S458,2026-01-23 09:46:35,2026-01-23 09:46:35,2026-01-23 09:46:35.000000,1,1,3367.75,,,0.0031,24.7318,34.8601,283.6,0,,,True,SINGLE_READING;,8,day8,MATCHED,D8:wor:1-458,1-458,1-458,results.zip/day8.xlsx,workbook,5.75153,198.779,1-459,True,24.7318,34.8601,309.514,,0,309.514,0.15,9623.05,37287.5,False,3407.01,0.00787119,INTERPOLATED,981,1051,-39.2651,0.00845964,0,True,1,-39.2651,197.744,-3.77539,61.036,25.5463,8.96347,7.30519,5.64691,4.81777,3.98863,3.40823,3.15949,2.33035,0.672066,0.0470567,0.0306862
1008,CG6-0640,2026-01-23,1,459,field,CG6-0640|2026-01-23|L1|S459,2026-01-23 09:50:17,2026-01-23 09:50:17,2026-01-23 09:50:17.000000,1,1,3368.76,,,0.0022,24.7331,34.8587,283.7,0,,,True,SINGLE_READING;,8,day8,MATCHED,D8:wor:1-459,1-459,1-459,results.zip/day8.xlsx,workbook,6.51912,158.493,L12-15,True,24.733,34.8587,305.503,,0,305.503,0.15,9647.92,37153.3,False,3407.01,0.00787108,INTERPOLATED,981,1051,-38.2476,0.00817275,0,True,1,-38.2476,193.733,-3.68858,59.7981,25.2391,8.99262,7.36798,5.74333,4.93101,4.11869,3.55006,3.30637,2.49404,0.869399,0.0470059,0.0306083
1009,CG6-0640,2026-01-23,1,460,field,CG6-0640|2026-01-23|L1|S460,2026-01-23 09:53:32,2026-01-23 09:53:32,2026-01-23 09:53:32.000000,1,1,3369.01,,,0.0054,24.7341,34.8572,297.5,0,,,True,SINGLE_READING;,8,day8,MATCHED,D8:wor:1-460,1-460,1-460,results.zip/day8.xlsx,workbook,7.06735,65.3699,L12-15,True,24.7341,34.8572,304.944,,0,304.944,0.15,9698.05,37043.6,False,3407.01,0.007871,INTERPOLATED,981,1051,-38.0003,0.00954529,0,True,1,-38.0003,193.174,-3.61598,59.6255,25.2412,9.04162,7.42167,5.80171,4.99173,4.18175,3.61477,3.37177,2.56179,0.941838,0.0472639,0.031003
1010,CG6-0640,2026-01-23,1,461,field,CG6-0640|2026-01-23|L1|S461,2026-01-23 09:56:36,2026-01-23 09:56:36,2026-01-23 09:56:36.000000,1,1,3368.38,,,0.0064,24.7339,34.8552,299.2,0,,,True,SINGLE_READING;,8,day8,MATCHED,D8:wor:1-461,1-461,1-461,results.zip/day8.xlsx,workbook,5.40921,33.3808,L12-14,True,24.7339,34.8552,308.072,,0,308.072,0.15,9872.1,37080.5,False,3407.01,0.00787093,INTERPOLATED,981,1051,-38.6294,0.0101445,0,True,1,-38.6294,196.302,-3.63068,60.591,25.5923,9.1304,7.48421,5.83802,5.01493,4.19184,3.61567,3.36874,2.54565,0.899458,0.0473886,0.0311927
1011,CG6-0640,2026-01-23,1,462,field,CG6-0640|2026-01-23|L1|S462,2026-01-23 10:01:18,2026-01-23 10:01:18,2026-01-23 10:01:18.000000,1,1,3368.1,,,0.0038,24.7349,34.8534,296.9,0,,,True,SINGLE_READING;,8,day8,MATCHED_ID_TIEBREAK,D8:wor:1-462,1-462,1-462,results.zip/day8.xlsx,workbook,10.102,19.0521,L12-13,True,24.7348,34.8534,310.297,,0,310.297,0.15,9949.9,36978.2,False,3407.01,0.00787084,INTERPOLATED,981,1051,-38.9131,0.00874014,0,True,1,-38.9131,198.527,-3.56298,61.2777,25.9276,9.27911,7.61426,5.94942,5.11699,4.28457,3.70187,3.45215,2.61972,0.954874,0.0471079,0.0307647
1012,CG6-0640,2026-01-23,1,463,field,CG6-0640|2026-01-23|L1|S463,2026-01-23 10:05:22,2026-01-23 10:05:22,2026-01-23 10:05:22.000000,1,1,3367.48,,,0.0017,24.7334,34.8511,297.3,0,,,True,SINGLE_READING;,8,day8,MATCHED,D8:wor:1-463,1-463,1-463,results.zip/day8.xlsx,workbook,6.9778,83.9802,L12-11,True,24.7334,34.851,313.568,,0,313.568,0.15,10237.2,37160.4,False,3407.01,0.00787078,INTERPOLATED,981,1051,-39.5258,0.00805228,0,True,1,-39.5258,201.798,-3.66232,62.2873,26.4238,9.50103,7.80875,6.11648,5.27034,4.4242,3.8319,3.57806,2.73192,1.03964,0.0469851,0.0305764
1013,CG6-0640,2026-01-23,1,464,field,CG6-0640|2026-01-23|L1|S464,2026-01-23 10:09:07,2026-01-23 10:09:07,2026-01-23 10:09:07.000000,1,1,3366.69,,,0.0037,24.7318,34.8498,303.9,0,,TILT_GT_20,True,SINGLE_READING;,8,day8,MATCHED,D8:kml:1-464,1-464,1-464,results.zip/day8.kml,kml_only,1.12131,55.3828,L12-10,True,24.7318,34.8498,319.139,,0,319.139,0.15,10452.3,37352.1,False,3407.01,0.00787075,INTERPOLATED,981,1051,-40.3178,0.00869705,0,True,1,-40.3178,207.369,-3.77252,64.0068,27.4615,10.0715,8.33249,6.5935,5.724,4.8545,4.24585,3.985,3.11551,1.37651,0.0470999,0.0307525
1014,CG6-0640,2026-01-23,1,465,field,CG6-0640|2026-01-23|L1|S465,2026-01-23 10:22:22,2026-01-23 10:22:22,2026-01-23 10:22:22.000000,1,1,3368.21,,,0.0019,24.7355,34.8557,312.1,0,,,True,SINGLE_READING;,8,day8,MATCHED,D8:wor:1-465,1-465,1-465,results.zip/day8.xlsx,workbook,8.08054,184.053,1-461,True,24.7354,34.8557,309.097,,0,309.097,0.15,9731.53,36905.8,False,3407.01,0.00787073,INTERPOLATED,981,1051,-38.7979,0.00809681,0,True,1,-38.7979,197.327,-3.52615,60.9073,25.6356,9.08776,7.43297,5.77819,4.95079,4.1234,3.54423,3.29601,2.46862,0.813834,0.0469928,0.0305881
1015,CG6-0640,2026-01-23,1,466,field,CG6-0640|2026-01-23|L1|S466,2026-01-23 10:25:26,2026-01-23 10:25:26,2026-01-23 10:25:26.000000,1,1,3367.51,,,0.0021,24.7369,34.8537,304.7,0,,,True,SINGLE_READING;,8,day8,MATCHED,D8:wor:1-466,1-466,1-466,results.zip/day8.xlsx,workbook,7.51061,228.517,1-462,True,24.7368,34.8537,313.916,,0,313.916,0.15,9800.41,36759.3,False,3407.01,0.00787075,INTERPOLATED,981,1051,-39.5037,0.00814609,0,True,1,-39.5037,202.146,-3.42748,62.3947,26.3185,9.36655,7.67136,5.97616,5.12856,4.28096,3.68764,3.43336,2.58577,0.89057,0.0470013,0.0306012
1016,CG6-0640,2026-01-23,1,467,field,CG6-0640|2026-01-23|L1|S467,2026-01-23 10:29:19,2026-01-23 10:29:19,2026-01-23 10:29:19.000000,1,1,3365.99,,,0.002,24.7387,34.8516,319.9,0,,,True,SINGLE_READING;,8,day8,MATCHED,D8:wor:1-467,1-467,1-467,results.zip/day8.xlsx,workbook,12.4486,187.002,1-468,True,24.7386,34.8516,321.578,,0,321.578,0.15,9869.45,36575,False,3407.01,0.00787079,INTERPOLATED,981,1051,-41.0229,0.00812092,0,True,1,-41.0229,209.808,-3.30749,64.7595,27.0441,9.4496,7.69015,5.9307,5.05097,4.17125,3.55544,3.29152,2.4118,0.652347,0.046997,0.0305945
1017,CG6-0640,2026-01-23,1,468,field,CG6-0640|2026-01-23|L1|S468,2026-01-23 10:33:53,2026-01-23 10:33:53,2026-01-23 10:33:53.000000,1,1,3364.51,,,0.0027,24.7399,34.8503,321.3,0,,,True,SINGLE_READING;,8,day8,MATCHED,D8:wor:1-468,1-468,1-468,results.zip/day8.xlsx,workbook,5.89057,198.354,1-467,True,24.7399,34.8503,331.849,,0,331.849,0.15,9902.74,36444.5,False,3407.01,0.00787086,INTERPOLATED,981,1051,-42.5043,0.00832109,0,True,1,-42.5043,220.079,-3.21675,67.9296,28.6421,10.1862,8.34066,6.49508,5.57229,4.6495,4.00354,3.72671,2.80391,0.958332,0.047032,0.0306483
1018,CG6-0640,2026-01-23,1,469,field,CG6-0640|2026-01-23|L1|S469,2026-01-23 10:40:18,2026-01-23 10:40:18,2026-01-23 10:40:18.000000,1,1,3366.84,,,0.003,24.7413,34.8488,309.9,0,,,True,SINGLE_READING;,8,day8,MATCHED,D8:wor:1-469,1-469,1-469,results.zip/day8.xlsx,workbook,8.47773,156.096,1-470,True,24.7412,34.8489,319.321,,0,319.321,0.15,9951,36304.1,False,3407.01,0.00787099,INTERPOLATED,981,1051,-40.1672,0.00842333,0,True,1,-40.1672,207.551,-3.12444,64.0629,27.0202,9.61496,7.87443,6.13391,5.26365,4.39339,3.7842,3.52313,2.65286,0.912342,0.0470502,0.0306762
1019,CG6-0640,2026-01-23,1,470,field,CG6-0640|2026-01-23|L1|S470,2026-01-23 10:44:53,2026-01-23 10:44:53,2026-01-23 10:44:53.000000,1,1,3366.74,,,0.0016,24.7407,34.8475,311,0,,,True,SINGLE_READING;,8,day8,MATCHED,D8:wor:1-470,1-470,1-470,results.zip/day8.xlsx,workbook,6.37464,147.536,1-469,True,24.7406,34.8475,321.488,,0,321.488,0.15,10100.9,36385.7,False,3407.01,0.00787112,INTERPOLATED,981,1051,-40.2727,0.00803209,0,True,1,-40.2727,209.718,-3.16592,64.7318,27.625,10.0381,8.27937,6.52068,5.64133,4.76198,4.14644,3.88264,3.00329,1.24459,0.0469817,0.0305711
1020,CG6-0640,2026-01-23,1,471,field,CG6-0640|2026-01-23|L1|S471,2026-01-23 10:48:46,2026-01-23 10:48:46,2026-01-23 10:48:46.000000,1,1,3365.7,,,0.0014,24.7386,34.8467,313.7,0,,,True,SINGLE_READING;,8,day8,MATCHED,D8:wor:1-471,1-471,1-471,results.zip/day8.xlsx,workbook,6.73639,240.441,1-470,True,24.7385,34.8467,325.732,,0,325.732,0.15,10289.8,36624.2,False,3407.01,0.00787123,INTERPOLATED,981,1051,-41.3141,0.00799477,0,True,1,-41.3141,213.962,-3.31073,66.0417,28.0383,10.0954,8.30113,6.50685,5.6097,4.71256,4.08456,3.81542,2.91828,1.12399,0.0469753,0.0305613
1021,CG6-0640,2026-01-23,1,472,field,CG6-0640|2026-01-23|L1|S472,2026-01-23 10:52:38,2026-01-23 10:52:38,2026-01-23 10:52:38.000000,1,1,3364.64,,,0.0017,24.7366,34.8454,313.2,0,,,True,SINGLE_READING;,8,day8,MATCHED,D8:wor:1-472,1-472,1-472,results.zip/day8.xlsx,workbook,2.81891,199.288,1-473,True,24.7365,34.8454,329.182,,0,329.182,0.15,10524.1,36860.4,False,3407.01,0.00787137,INTERPOLATED,981,1051,-42.3708,0.00805285,0,True,1,-42.3708,217.412,-3.44708,67.1065,28.1827,9.95056,8.12734,6.30413,5.39252,4.48091,3.84278,3.5693,2.65769,0.834477,0.0469852,0.0305765
1022,CG6-0640,2026-01-23,1,473,field,CG6-0640|2026-01-23|L1|S473,2026-01-23 11:00:49,2026-01-23 11:00:49,2026-01-23 11:00:49.000000,1,1,3363.42,,,0.0027,24.7362,34.8435,325.6,0,,,True,SINGLE_READING;,8,day8,MATCHED,D8:wor:1-473,1-473,1-473,results.zip/day8.xlsx,workbook,5.68662,195.703,1-472,True,24.7362,34.8435,334.045,,0,334.045,0.15,10708.4,36914.9,False,3407.01,0.0078717,INTERPOLATED,981,1051,-43.5942,0.00832188,0,True,1,-43.5942,222.275,-3.47188,68.6074,28.4851,9.84515,7.98116,6.11716,5.18516,4.25316,3.60076,3.32116,2.38916,0.525163,0.0470321,0.0306485
1023,CG6-0640,2026-01-23,1,474,field,CG6-0640|2026-01-23|L1|S474,2026-01-23 11:04:47,2026-01-23 11:04:47,2026-01-23 11:04:47.000000,1,1,3363,,,0.003,24.7356,34.8414,322.9,0,,,True,SINGLE_READING;,8,day8,MATCHED,D8:wor:1-474,1-474,1-474,results.zip/day8.xlsx,workbook,2.36004,217.95,1-473,True,24.7356,34.8414,337.491,,0,337.491,0.15,10923,37004.1,False,3407.01,0.00787189,INTERPOLATED,981,1051,-44.0149,0.00842417,0,True,1,-44.0149,225.721,-3.51021,69.671,29.1663,10.2374,8.34446,6.45156,5.50512,4.55867,3.89615,3.61222,2.66577,0.772876,0.0470503,0.0306764
1024,CG6-0640,2026-01-23,1,475,field,CG6-0640|2026-01-23|L1|S475,2026-01-23 11:08:39,2026-01-23 11:08:39,2026-01-23 11:08:39.000000,1,1,3362.09,,,0.0042,24.735,34.8388,329.4,0,,,True,SINGLE_READING;,8,day8,MATCHED,D8:wor:1-475,1-475,1-475,results.zip/day8.xlsx,workbook,1.42955,248.074,1-476,True,24.735,34.8388,341.816,,0,341.816,0.15,11178.8,37096.5,False,3407.01,0.00787209,INTERPOLATED,981,1051,-44.9195,0.00892243,0,True,1,-44.9195,230.046,-3.55131,71.0059,29.6377,10.346,8.41685,6.48768,5.5231,4.55851,3.88331,3.59393,2.62935,0.700183,0.0471421,0.030817
1025,CG6-0640,2026-01-23,1,476,field,CG6-0640|2026-01-23|L1|S476,2026-01-23 11:11:48,2026-01-23 11:11:48,2026-01-23 11:11:48.000000,1,1,3361.75,,,0.0015,24.7353,34.8364,333.2,0,,,True,SINGLE_READING;,8,day8,MATCHED,D8:wor:1-476,1-476,1-476,results.zip/day8.xlsx,workbook,2.65817,248.985,1-475,True,24.7353,34.8364,346.658,,0,346.658,0.15,11371.9,37085.8,False,3407.01,0.00787226,INTERPOLATED,981,1051,-45.2562,0.00801389,0,True,1,-45.2562,234.888,-3.53035,72.5003,30.7745,11.0768,9.107,7.13723,6.15235,5.16746,4.47804,4.18258,3.19769,1.22792,0.0469786,0.0305663
1026,CG6-0640,2026-01-23,1,477,field,CG6-0640|2026-01-23|L1|S477,2026-01-23 11:15:03,2026-01-23 11:15:03,2026-01-23 11:15:03.000000,1,1,3361.4,,,0.0022,24.7373,34.8347,337.7,0,,,True,SINGLE_READING;,8,day8,MATCHED,D8:wor:1-477,1-477,1-477,results.zip/day8.xlsx,workbook,6.67512,241.66,1-478,True,24.7372,34.8347,351.392,,0,351.392,0.15,11417.4,36894.5,False,3407.01,0.00787245,INTERPOLATED,981,1051,-45.6123,0.00817407,0,True,1,-45.6123,239.622,-3.40102,73.9614,31.7502,11.6555,9.64603,7.63656,6.63182,5.62708,4.92377,4.62235,3.61761,1.60814,0.0470062,0.0306087
1027,CG6-0640,2026-01-23,1,478,field,CG6-0640|2026-01-23|L1|S478,2026-01-23 11:18:38,2026-01-23 11:18:38,2026-01-23 11:18:38.000000,1,1,3360.67,,,0.004,24.7383,34.8325,336.9,0,,,True,SINGLE_READING;,8,day8,MATCHED,D8:wor:1-478,1-478,1-478,results.zip/day8.xlsx,workbook,5.67468,250.74,1-477,True,24.7382,34.8325,356.379,,0,356.379,0.15,11553.8,36807.3,False,3407.01,0.00787267,INTERPOLATED,981,1051,-46.3431,0.00883057,0,True,1,-46.3431,244.609,-3.33086,75.5006,32.4884,11.9755,9.92419,7.8729,6.84725,5.82161,5.10365,4.79596,3.77032,1.71902,0.0471248,0.0307905
1028,CG6-0640,2026-01-23,1,479,field,CG6-0640|2026-01-23|L1|S479,2026-01-23 11:24:31,2026-01-23 11:24:31,2026-01-23 11:24:31.000000,1,1,3359.43,,,0.002,24.7381,34.8301,335.9,0,,,True,SINGLE_READING;,8,day8,MATCHED,D8:wor:1-479,1-479,1-479,results.zip/day8.xlsx,workbook,4.4233,250.396,1-478,True,24.738,34.83,361.46,,0,361.46,0.15,11785.4,36861.6,False,3407.01,0.00787306,INTERPOLATED,981,1051,-47.5829,0.00812312,0,True,1,-47.5829,249.69,-3.34359,77.0688,32.8295,11.8905,9.7966,7.7027,6.65575,5.6088,4.87593,4.56185,3.5149,1.421,0.0469973,0.0305951
1029,CG6-0640,2026-01-23,1,480,field,CG6-0640|2026-01-23|L1|S480,2026-01-23 11:30:24,2026-01-23 11:30:24,2026-01-23 11:30:24.000000,1,1,3357.48,,,0.0085,24.7373,34.8275,352.5,0,,STDDEV_GT_0.050,True,SINGLE_READING;,8,day8,MATCHED,D8:wor:1-480,1-480,1-480,results.zip/day8.xlsx,workbook,9.81065,266.086,1-479,True,24.7373,34.8274,368.506,,0,368.506,0.15,12051.7,36978.8,False,3407.01,0.00787349,INTERPOLATED,981,1051,-49.5321,0.0115863,0,True,1,-49.5321,256.736,-3.39564,79.2435,33.1071,11.5772,9.42419,7.2712,6.19471,5.11822,4.36467,4.04172,2.96523,0.812239,0.047718,0.031691
1030,CG6-0640,2026-01-23,1,481,field,CG6-0640|2026-01-23|L1|S481,2026-01-23 11:35:37,2026-01-23 11:35:37,2026-01-23 11:35:37.000000,1,1,3355.94,,,0.0019,24.7357,34.8255,356.4,0,,,True,SINGLE_READING;,8,day8,MATCHED,D8:wor:1-481,1-481,1-481,results.zip/day8.xlsx,workbook,3.09457,259.513,1-480,True,24.7357,34.8255,374.535,,0,374.535,0.15,12312.7,37182.3,False,3407.01,0.00787389,INTERPOLATED,981,1051,-51.0705,0.00809989,0,True,1,-51.0705,262.765,-3.5022,81.1043,33.536,11.5005,9.29698,7.09343,5.99166,4.88989,4.11864,3.78811,2.68634,0.482792,0.0469933,0.0305889
1031,CG6-0640,2026-01-23,1,482,field,CG6-0640|2026-01-23|L1|S482,2026-01-23 11:41:29,2026-01-23 11:41:29,2026-01-23 11:41:29.000000,1,1,3354.34,,,0.0031,24.7351,34.8227,369.1,0,,,True,SINGLE_READING;,8,day8,MATCHED,D8:wor:1-482,1-482,1-482,results.zip/day8.xlsx,workbook,0.802241,250.781,1-483,True,24.7351,34.8227,381.826,,0,381.826,0.15,12598.1,37293.4,False,3407.01,0.00787438,INTERPOLATED,981,1051,-52.6672,0.00846262,0,True,1,-52.6672,270.056,-3.54614,83.3546,34.2335,11.5866,9.32195,7.05726,5.92492,4.79257,3.99993,3.66023,2.52788,0.263192,0.0470572,0.030687
1032,CG6-0640,2026-01-23,1,483,field,CG6-0640|2026-01-23|L1|S483,2026-01-23 11:46:29,2026-01-23 11:46:29,2026-01-23 11:46:29.000000,1,1,3352.43,,,0.0022,24.7334,34.8212,378.1,0,,,True,SINGLE_READING;,8,day8,MATCHED,D8:wor:1-483,1-483,1-483,results.zip/day8.xlsx,workbook,5.71558,246.228,1-482,True,24.7334,34.8211,389.627,,0,389.627,0.15,12824.6,37504,False,3407.01,0.00787483,INTERPOLATED,981,1051,-54.5805,0.00817637,0,True,1,-54.5805,277.857,-3.6638,85.7623,34.8455,11.5444,9.21432,6.88421,5.71916,4.55411,3.73857,3.38905,2.224,-0.106112,0.0470066,0.0306093
1033,CG6-0640,2026-01-23,1,484,field,CG6-0640|2026-01-23|L1|S484,2026-01-23 11:52:18,2026-01-23 11:52:18,2026-01-23 11:52:18.000000,1,1,3349.93,,,0.0022,24.7345,34.8183,373.9,0,,,True,SINGLE_READING;,8,day8,MATCHED,D8:wor:1-484,1-484,1-484,results.zip/day8.xlsx,workbook,6.95832,246.745,1-485,True,24.7345,34.8183,404.87,,0,404.87,0.15,13027.9,37424.6,False,3407.01,0.00787538,INTERPOLATED,981,1051,-57.0764,0.0081769,0,True,1,-57.0764,293.1,-3.58807,90.4668,36.9785,12.3991,9.94118,7.48325,6.25428,5.02531,4.16503,3.79634,2.56737,0.109438,0.0470067,0.0306094
1034,CG6-0640,2026-01-23,1,485,field,CG6-0640|2026-01-23|L1|S485,2026-01-23 11:58:25,2026-01-23 11:58:25,2026-01-23 11:58:25.000000,1,1,3352.68,,,0.004,24.7367,34.8176,394.3,0,,,True,SINGLE_READING;,8,day8,MATCHED,D8:wor:1-485,1-485,1-485,results.zip/day8.xlsx,workbook,4.29815,257.067,1-484,True,24.7367,34.8176,390.894,,0,390.894,0.15,12981,37196.5,False,3407.01,0.007876,INTERPOLATED,981,1051,-54.3286,0.00883354,0,True,1,-54.3286,279.124,-3.43802,86.1533,35.2627,11.8554,9.51467,7.17393,6.00357,4.8332,4.01394,3.66283,2.49246,0.151731,0.0471253,0.0307913
1035,CG6-0640,2026-01-23,1,486,field,CG6-0640|2026-01-23|L1|S486,2026-01-23 12:03:22,2026-01-23 12:03:22,2026-01-23 12:03:22.000000,1,1,3354.43,,,0.0031,24.7388,34.8197,358.2,0,,,True,SINGLE_READING;,8,day8,MATCHED,D8:wor:1-486,1-486,1-486,results.zip/day8.xlsx,workbook,7.60893,219.758,1-487,True,24.7387,34.8196,383.45,,0,383.45,0.15,12696.8,36938.3,False,3407.01,0.00787653,INTERPOLATED,981,1051,-52.5836,0.00846462,0,True,1,-52.5836,271.68,-3.29853,83.8558,34.5707,11.7877,9.50936,7.23105,6.09189,4.95274,4.15533,3.81358,2.67443,0.396121,0.0470576,0.0306875
1036,CG6-0640,2026-01-23,1,487,field,CG6-0640|2026-01-23|L1|S487,2026-01-23 12:06:49,2026-01-23 12:06:49,2026-01-23 12:06:49.000000,1,1,3355.8,,,0.0039,24.7397,34.8216,359.2,0,,,True,SINGLE_READING;,8,day8,MATCHED,D8:wor:1-487,1-487,1-487,results.zip/day8.xlsx,workbook,9.07588,217.287,1-488,True,24.7397,34.8216,377.978,,0,377.978,0.15,12471.6,36799.4,False,3407.01,0.00787691,INTERPOLATED,981,1051,-51.2145,0.00878952,0,True,1,-51.2145,266.208,-3.23271,82.1669,34.1852,11.861,9.62853,7.39611,6.2799,5.16369,4.38235,4.04748,2.93127,0.698852,0.0471171,0.0307787
1037,CG6-0640,2026-01-23,1,488,field,CG6-0640|2026-01-23|L1|S488,2026-01-23 12:09:46,2026-01-23 12:09:46,2026-01-23 12:09:46.000000,1,1,3356.86,,,0.0052,24.7418,34.822,355.5,0,,,True,SINGLE_READING;,8,day8,MATCHED,D8:wor:1-488,1-488,1-488,results.zip/day8.xlsx,workbook,11.3405,218.324,1-489,True,24.7417,34.8219,373.878,,0,373.878,0.15,12345.3,36571.2,False,3407.01,0.00787725,INTERPOLATED,981,1051,-50.1504,0.00943881,0,True,1,-50.1504,262.108,-3.09467,80.9015,33.8458,11.8654,9.66739,7.46935,6.37033,5.27131,4.502,4.17229,3.07327,0.875236,0.0472425,0.0309704
1038,CG6-0640,2026-01-23,1,489,field,CG6-0640|2026-01-23|L1|S489,2026-01-23 12:13:39,2026-01-23 12:13:39,2026-01-23 12:13:39.000000,1,1,3358.5,,,0.0051,24.7438,34.822,347.9,0,,,True,SINGLE_READING;,8,day8,MATCHED,D8:kml:1-489,1-489,1-489,results.zip/day8.kml,kml_only,3.33279,232.112,1-488,True,24.7437,34.822,363.062,,0,363.062,0.15,12254.3,36351.7,False,3407.01,0.00787771,INTERPOLATED,981,1051,-48.511,0.00938447,0,True,1,-48.511,251.292,-2.95356,77.5634,32.0059,10.9325,8.82519,6.71785,5.66418,4.61052,3.87295,3.55685,2.50318,0.39584,0.0472317,0.0309539
1039,CG6-0640,2026-01-23,1,490,field,CG6-0640|2026-01-23|L1|S490,2026-01-23 12:17:05,2026-01-23 12:17:05,2026-01-23 12:17:05.000000,1,1,3360.38,,,0.002,24.7461,34.8233,346.2,0,,,True,SINGLE_READING;,8,day8,MATCHED,D8:wor:1-490,1-490,1-490,results.zip/day8.xlsx,workbook,7.8009,284.597,1-491,True,24.746,34.8232,360.219,,0,360.219,0.15,12035.1,36074.2,False,3407.01,0.00787812,INTERPOLATED,981,1051,-46.6314,0.00812803,0,True,1,-46.6314,248.449,-2.79494,76.6858,32.8493,12.0144,9.93087,7.84738,6.80563,5.76388,5.03466,4.72214,3.68039,1.5969,0.0469982,0.0305964
1040,CG6-0640,2026-01-23,1,491,field,CG6-0640|2026-01-23|L1|S491,2026-01-23 12:20:31,2026-01-23 12:20:31,2026-01-23 12:20:31.000000,1,1,3361.04,,,0.0029,24.7487,34.8236,342.8,0,,,True,SINGLE_READING;,8,day8,MATCHED,D8:wor:1-491,1-491,1-491,results.zip/day8.xlsx,workbook,9.52616,282.52,1-492,True,24.7487,34.8235,355.827,,0,355.827,0.15,11901.4,35782.9,False,3407.01,0.00787855,INTERPOLATED,981,1051,-45.9688,0.00839533,0,True,1,-45.9688,244.057,-2.61547,75.3302,31.9769,11.5103,9.46361,7.41695,6.39362,5.37029,4.65396,4.34696,3.32363,1.27696,0.0470451,0.0306685
1041,CG6-0640,2026-01-23,1,492,field,CG6-0640|2026-01-23|L1|S492,2026-01-23 12:23:39,2026-01-23 12:23:39,2026-01-23 12:23:39.000000,1,1,3362.07,,,0.0025,24.7513,34.8238,340.7,0,,,True,SINGLE_READING;,8,day8,MATCHED,D8:kml:1-492,1-492,1-492,results.zip/day8.kml,kml_only,8.24304,233.406,1-493,True,24.7513,34.8238,351.814,,0,351.814,0.15,11782.5,35493.3,False,3407.01,0.00787896,INTERPOLATED,981,1051,-44.9455,0.00826607,0,True,1,-44.9455,240.044,-2.4376,74.0917,31.5838,11.4537,9.44066,7.42765,6.42114,5.41464,4.71009,4.40814,3.40163,1.38862,0.0470223,0.0306334
1042,CG6-0640,2026-01-23,1,493,field,CG6-0640|2026-01-23|L1|S493,2026-01-23 12:26:49,2026-01-23 12:26:49,2026-01-23 12:26:49.000000,1,1,3363.01,,,0.0021,24.7534,34.8241,325.8,0,,,True,SINGLE_READING;,8,day8,MATCHED,D8:kml:1-493,1-493,1-493,results.zip/day8.kml,kml_only,3.07433,241.54,1-492,True,24.7534,34.8241,345.482,,0,345.482,0.15,11680.2,35260,False,3407.01,0.00787937,INTERPOLATED,981,1051,-43.9967,0.00815442,0,True,1,-43.9967,233.712,-2.28976,72.1373,30.4304,10.8313,8.87139,6.91148,5.93153,4.95157,4.26561,3.97162,2.99167,1.03176,0.0470028,0.0306034
1043,CG6-0640,2026-01-23,1,494,field,CG6-0640|2026-01-23|L1|S494,2026-01-23 12:29:47,2026-01-23 12:29:47,2026-01-23 12:29:47.000000,1,1,3364.39,,,0.0018,24.7561,34.8246,321.7,0,,,True,SINGLE_READING;,8,day8,MATCHED,D8:kml:1-494,1-494,1-494,results.zip/day8.kml,kml_only,6.96349,297.923,1-495,True,24.756,34.8246,340.252,,0,340.252,0.15,11535.4,34956.1,False,3407.01,0.00787977,INTERPOLATED,981,1051,-42.6254,0.00808275,0,True,1,-42.6254,228.482,-2.10922,70.5232,30.007,10.8465,8.93048,7.01442,6.0564,5.09837,4.42775,4.14035,3.18232,1.26627,0.0469904,0.0305844
1044,CG6-0640,2026-01-23,1,495,field,CG6-0640|2026-01-23|L1|S495,2026-01-23 12:32:55,2026-01-23 12:32:55,2026-01-23 12:32:55.000000,1,1,3365.89,,,0.0015,24.7586,34.8257,323.3,0,,,True,SINGLE_READING;,8,day8,MATCHED,D8:kml:1-495,1-495,1-495,results.zip/day8.kml,kml_only,2.46692,241.058,1-497,True,24.7586,34.8257,334.996,,0,334.996,0.15,11347.7,34664.3,False,3407.01,0.0078802,INTERPOLATED,981,1051,-41.1202,0.0080217,0,True,1,-41.1202,223.226,-1.93428,68.9009,29.715,10.9952,9.12326,7.25129,6.3153,5.37932,4.72412,4.44333,3.50734,1.63537,0.0469799,0.0305683
1045,CG6-0640,2026-01-23,1,496,field,CG6-0640|2026-01-23|L1|S496,2026-01-23 12:36:13,2026-01-23 12:36:13,2026-01-23 12:36:13.000000,1,1,3367.17,,,0.0016,24.7611,34.8267,313.2,0,,,True,SINGLE_READING;,8,day8,MATCHED,D8:wor:1-496,1-496,1-496,results.zip/day8.xlsx,workbook,11.6246,298.318,1-495,True,24.761,34.8266,334.675,,0,334.675,0.15,11182.1,34372.3,False,3407.01,0.00788067,INTERPOLATED,981,1051,-39.841,0.00804145,0,True,1,-39.841,222.905,-1.767,68.8018,30.7278,12.035,10.1657,8.29641,7.36177,6.42713,5.77288,5.49249,4.55784,2.68856,0.0469833,0.0305735
1046,CG6-0640,2026-01-23,1,497,field,CG6-0640|2026-01-23|L1|S497,2026-01-23 12:39:32,2026-01-23 12:39:32,2026-01-23 12:39:32.000000,1,1,3368.04,,,0.0063,24.7587,34.8281,292.3,0,,,True,SINGLE_READING;,8,day8,MATCHED,D8:wor:1-497,1-497,1-497,results.zip/day8.xlsx,workbook,5.77828,245.849,1-495,True,24.7586,34.8281,328.468,,0,328.468,0.15,11110.8,34617.3,False,3407.01,0.00788115,INTERPOLATED,981,1051,-38.9689,0.0100897,0,True,1,-38.9689,216.698,-1.92975,66.8861,29.8469,11.6746,9.85742,8.04019,7.13157,6.22296,5.58693,5.31435,4.40573,2.5885,0.0473769,0.031175
1047,CG6-0640,2026-01-23,1,498,field,CG6-0640|2026-01-23|L1|S498,2026-01-23 12:42:58,2026-01-23 12:42:58,2026-01-23 12:42:58.000000,1,1,3369.24,,,0.0021,24.7597,34.8305,293.7,0,,,True,SINGLE_READING;,8,day8,MATCHED,D8:wor:1-498,1-498,1-498,results.zip/day8.xlsx,workbook,7.44942,235.533,1-499,True,24.7597,34.8305,323.333,,0,323.333,0.15,10849.6,34467.9,False,3407.01,0.00788166,INTERPOLATED,981,1051,-37.7671,0.00815663,0,True,1,-37.7671,211.563,-1.85878,65.3012,29.3929,11.6512,9.87703,8.10286,7.21578,6.32869,5.70773,5.44161,4.55453,2.78036,0.0470031,0.030604
1048,CG6-0640,2026-01-23,1,499,field,CG6-0640|2026-01-23|L1|S499,2026-01-23 12:46:09,2026-01-23 12:46:09,2026-01-23 12:46:09.000000,1,1,3370.2,,,0.0036,24.7606,34.8327,294.2,0,,,True,SINGLE_READING;,8,day8,MATCHED,D8:wor:1-499,1-499,1-499,results.zip/day8.xlsx,workbook,10.1884,230.905,1-500,True,24.7605,34.8327,318.409,,0,318.409,0.15,10609,34341,False,3407.01,0.00788214,INTERPOLATED,981,1051,-36.8091,0.00866534,0,True,1,-36.8091,206.639,-1.79969,63.7814,28.772,11.4433,9.7104,7.97753,7.11109,6.24465,5.63814,5.37821,4.51178,2.7789,0.0470941,0.0307435
1049,CG6-0640,2026-01-23,1,500,field,CG6-0640|2026-01-23|L1|S500,2026-01-23 12:49:30,2026-01-23 12:49:30,2026-01-23 12:49:30.000000,1,1,3371.31,,,0.0032,24.76,34.8348,289.8,0,,,True,SINGLE_READING;,8,day8,MATCHED,D8:wor:1-500,1-500,1-500,results.zip/day8.xlsx,workbook,8.69818,230.176,1-499,True,24.7599,34.8348,313.207,,0,313.207,0.15,10421.6,34386.7,False,3407.01,0.00788266,INTERPOLATED,981,1051,-35.6969,0.00850743,0,True,1,-35.6969,201.437,-1.84506,62.1758,28.324,11.4315,9.74221,8.05296,7.20834,6.36371,5.77247,5.51909,4.67446,2.98521,0.0470653,0.0306994
1050,CG6-0640,2026-01-23,1,501,field,CG6-0640|2026-01-23|L1|S501,2026-01-23 12:54:21,2026-01-23 12:54:21,2026-01-23 12:54:21.000000,1,1,3371.78,,,0.0048,24.7621,34.8346,293.2,0,,,True,SINGLE_READING;,8,day8,MATCHED,D8:wor:1-501,1-501,1-501,results.zip/day8.xlsx,workbook,10.006,250.416,1-500,True,24.762,34.8345,310.171,,0,310.171,0.15,10381.3,34151.5,False,3407.01,0.00788343,INTERPOLATED,981,1051,-35.2305,0.00922976,0,True,1,-35.2305,198.401,-1.69691,61.2388,27.7051,11.0672,9.40344,7.73964,6.90775,6.07585,5.49353,5.24396,4.41206,2.74827,0.0472012,0.0309073
1052,CG6-0640,2026-01-23,1,502,field,CG6-0640|2026-01-23|L1|S502,2026-01-23 13:58:05,2026-01-23 13:58:05,2026-01-23 13:58:05.000000,1,1,3418.38,,,0.0035,24.8063,34.9732,31.5,0,,,True,SINGLE_READING;,8,day8,MATCHED,D8:wor:1-502,1-502,1-502,results.zip/day8.xlsx,workbook,11.5019,53.1185,L14-2,True,24.8062,34.9732,53.735,,0,53.735,0.15,4542.4,30519.6,False,3407.01,0.00787925,INTERPOLATED,1051,1068,11.3667,0.00862163,0,True,1,11.3667,-58.035,1.33935,-17.9142,-7.88694,-3.02012,-2.53344,-2.04676,-1.80342,-1.56008,-1.38974,-1.31674,-1.0734,-0.586716,0.0470861,0.0307312
1053,CG6-0640,2026-01-23,1,503,field,CG6-0640|2026-01-23|L1|S503,2026-01-23 14:01:51,2026-01-23 14:01:51,2026-01-23 14:01:51.000000,1,1,3416.7,,,0.0018,24.8045,34.9741,38.2,0,,,True,SINGLE_READING;,8,day8,MATCHED,D8:wor:1-503,1-503,1-503,results.zip/day8.xlsx,workbook,9.9343,29.9028,L14-3,True,24.8044,34.9741,61.578,,0,61.578,0.15,4527.81,30738.4,False,3407.01,0.00787834,INTERPOLATED,1051,1068,9.6853,0.00808135,0,True,1,9.6853,-50.192,1.21592,-15.4932,-7.02386,-2.81476,-2.39385,-1.97294,-1.76248,-1.55203,-1.40471,-1.34157,-1.13112,-0.710207,0.0469901,0.030584
1054,CG6-0640,2026-01-23,1,504,field,CG6-0640|2026-01-23|L1|S504,2026-01-23 14:05:27,2026-01-23 14:05:27,2026-01-23 14:05:27.000000,1,1,3415.25,,,0.0057,24.8028,34.9752,47.9,0,,,True,SINGLE_READING;,8,day8,MATCHED,D8:wor:1-504,1-504,1-504,results.zip/day8.xlsx,workbook,6.93222,19.7838,L14-4,True,24.8028,34.9751,68.602,,0,68.602,0.15,4545.68,30949.3,False,3407.01,0.00787775,INTERPOLATED,1051,1068,8.24345,0.00972363,0,True,1,8.24345,-43.168,1.10198,-13.3251,-6.18358,-2.56352,-2.20151,-1.8395,-1.6585,-1.4775,-1.35079,-1.29649,-1.11549,-0.753481,0.0473002,0.0310584
1055,CG6-0640,2026-01-23,1,505,field,CG6-0640|2026-01-23|L1|S505,2026-01-23 14:09:16,2026-01-23 14:09:16,2026-01-23 14:09:16.000000,1,1,3413.73,,,0.0051,24.8008,34.9763,63.8,0,,,True,SINGLE_READING;,8,day8,MATCHED,D8:wor:1-505,1-505,1-505,results.zip/day8.xlsx,workbook,4.94007,86.6431,L14-5,True,24.8008,34.9763,76.775,,0,76.775,0.15,4573.5,31198.3,False,3407.01,0.00787742,INTERPOLATED,1051,1068,6.72236,0.00938423,0,True,1,6.72236,-34.995,0.964989,-10.8022,-5.04483,-2.11015,-1.81668,-1.52321,-1.37648,-1.22974,-1.12703,-1.08301,-0.936276,-0.642808,0.0472316,0.0309538
1056,CG6-0640,2026-01-23,1,506,field,CG6-0640|2026-01-23|L1|S506,2026-01-23 14:16:13,2026-01-23 14:16:13,2026-01-23 14:16:13.000000,1,1,3412.15,,,0.0067,24.7987,34.9775,66.9,0,,STDDEV_GT_0.050,True,SINGLE_READING;,8,day8,MATCHED,D8:wor:1-506,1-506,1-506,results.zip/day8.xlsx,workbook,5.72679,59.5966,L14-7,True,24.7987,34.9775,84.423,,0,84.423,0.15,4613.59,31456.2,False,3407.01,0.00787763,INTERPOLATED,1051,1068,5.13849,0.0103415,0,True,1,5.13849,-27.347,0.821236,-8.44141,-4.12416,-1.83084,-1.6015,-1.37217,-1.25751,-1.14284,-1.06257,-1.02818,-0.913509,-0.684177,0.0474311,0.0312574
1057,CG6-0640,2026-01-23,1,507,field,CG6-0640|2026-01-23|L1|S507,2026-01-23 14:19:29,2026-01-23 14:19:29,2026-01-23 14:19:29.000000,1,1,3411.04,,,0.002,24.797,34.9787,65.4,0,,,True,SINGLE_READING;,8,day8,MATCHED_ID_TIEBREAK,D8:wor:1-507,1-507,1-507,results.zip/day8.xlsx,workbook,8.30717,12.1627,L14-8,True,24.7969,34.9787,92.295,,0,92.295,0.15,4675.5,31683.7,False,3407.01,0.00787809,INTERPOLATED,1051,1068,4.03268,0.00812799,0,True,1,4.03268,-19.475,0.696449,-6.01149,-2.67526,-1.04209,-0.878768,-0.715451,-0.633792,-0.552133,-0.494972,-0.470475,-0.388816,-0.225499,0.0469982,0.0305964
1058,CG6-0640,2026-01-23,1,508,field,CG6-0640|2026-01-23|L1|S508,2026-01-23 14:22:55,2026-01-23 14:22:55,2026-01-23 14:22:55.000000,1,1,3410.22,,,0.0019,24.7964,34.9801,75.8,0,,,True,SINGLE_READING;,8,day8,MATCHED,D8:wor:1-508,1-508,1-508,results.zip/day8.xlsx,workbook,7.73315,21.5329,L14-9,True,24.7963,34.9801,98.395,,0,98.395,0.15,4801.75,31793.1,False,3407.01,0.00787881,INTERPOLATED,1051,1068,3.21285,0.00810467,0,True,1,3.21285,-13.375,0.655854,-4.12856,-1.57156,-0.449931,-0.337769,-0.225606,-0.169524,-0.113443,-0.074186,-0.0573616,-0.00128026,0.110882,0.0469941,0.0305902
1059,CG6-0640,2026-01-23,1,509,field,CG6-0640|2026-01-23|L1|S509,2026-01-23 14:26:22,2026-01-23 14:26:22,2026-01-23 14:26:22.000000,1,1,3409.26,,,0.0029,24.7947,34.9809,80.3,0,,,True,SINGLE_READING;,8,day8,MATCHED,D8:wor:1-509,1-509,1-509,results.zip/day8.xlsx,workbook,5.69285,183.191,L14-9,True,24.7946,34.9808,104.777,,0,104.777,0.15,4838.16,31997.4,False,3407.01,0.00787978,INTERPOLATED,1051,1068,2.24548,0.00839649,0,True,1,2.24548,-6.993,0.540671,-2.15858,-0.453774,0.132659,0.191303,0.249946,0.279268,0.308589,0.329114,0.337911,0.367232,0.425876,0.0470454,0.0306688
1060,CG6-0640,2026-01-23,1,510,field,CG6-0640|2026-01-23|L1|S510,2026-01-23 14:29:51,2026-01-23 14:29:51,2026-01-23 14:29:51.000000,1,1,3408.25,,,0.0037,24.7929,34.9808,82.2,0,,,True,SINGLE_READING;,8,day8,MATCHED,D8:wor:1-510,1-510,1-510,results.zip/day8.xlsx,workbook,4.48465,192.739,1-509,True,24.7928,34.9808,110.428,,0,110.428,0.15,4796.38,32180.1,False,3407.01,0.00788103,INTERPOLATED,1051,1068,1.24024,0.00870635,0,True,1,1.24024,-1.342,0.418848,-0.414247,0.40715,0.51969,0.530944,0.542198,0.547825,0.553452,0.557391,0.559079,0.564706,0.57596,0.0471016,0.0307551
1061,CG6-0640,2026-01-23,1,511,field,CG6-0640|2026-01-23|L1|S511,2026-01-23 14:33:17,2026-01-23 14:33:17,2026-01-23 14:33:17.000000,1,1,3407.24,,,0.0025,24.7914,34.9798,100.6,0,,,True,SINGLE_READING;,8,day8,MATCHED,D8:wor:1-511,1-511,1-511,results.zip/day8.xlsx,workbook,5.04705,194.098,1-510,True,24.7913,34.9797,116.519,,0,116.519,0.15,4673.11,32307.5,False,3407.01,0.0078825,INTERPOLATED,1051,1068,0.224598,0.00826945,0,True,1,0.224598,4.749,0.314113,1.4659,1.37638,0.97813,0.938305,0.89848,0.878567,0.858655,0.844716,0.838742,0.81883,0.779005,0.0470228,0.0306343
1062,CG6-0640,2026-01-23,1,512,field,CG6-0640|2026-01-23|L1|S512,2026-01-23 14:36:35,2026-01-23 14:36:35,2026-01-23 14:36:35.000000,1,1,3405.72,,,0.002,24.7897,34.9788,108.5,0,,,True,SINGLE_READING;,8,day8,MATCHED,D8:wor:1-512,1-512,1-512,results.zip/day8.xlsx,workbook,1.74105,200.276,1-511,True,24.7897,34.9788,123.029,,0,123.029,0.15,4558.83,32447.4,False,3407.01,0.00788416,INTERPOLATED,1051,1068,-1.28972,0.00813388,0,True,1,-1.28972,11.259,0.204604,3.47537,1.98105,1.03687,0.942448,0.84803,0.800821,0.753612,0.720566,0.706404,0.659195,0.564777,0.0469992,0.030598
1063,CG6-0640,2026-01-23,1,513,field,CG6-0640|2026-01-23|L1|S513,2026-01-23 14:39:42,2026-01-23 14:39:42,2026-01-23 14:39:42.000000,1,1,3404.4,,,0.0023,24.7879,34.979,111.8,0,,,True,SINGLE_READING;,8,day8,MATCHED,D8:wor:1-513,1-513,1-513,results.zip/day8.xlsx,workbook,6.03045,200.466,1-512,True,24.7879,34.9789,129.856,,0,129.856,0.15,4565.95,32644.1,False,3407.01,0.00788594,INTERPOLATED,1051,1068,-2.60578,0.0082145,0,True,1,-2.60578,18.086,0.0780138,5.58268,2.89889,1.3822,1.23053,1.07886,1.00303,0.927194,0.87411,0.85136,0.775525,0.623856,0.0470132,0.0306195
1064,CG6-0640,2026-01-23,1,514,field,CG6-0640|2026-01-23|L1|S514,2026-01-23 14:43:30,2026-01-23 14:43:30,2026-01-23 14:43:30.000000,1,1,3402.54,,,0.0022,24.7853,34.979,121.3,0,,,True,SINGLE_READING;,8,day8,MATCHED,D8:wor:1-514,1-514,1-514,results.zip/day8.xlsx,workbook,7.32725,221.482,1-515,True,24.7853,34.9789,139.411,,0,139.411,0.15,4566.01,32918.1,False,3407.01,0.00788838,INTERPOLATED,1051,1068,-4.47171,0.00818942,0,True,1,-4.47171,27.641,-0.100315,8.53205,4.16065,1.84268,1.61088,1.37908,1.26318,1.14729,1.06616,1.03139,0.915488,0.683691,0.0470088,0.0306128
1065,CG6-0640,2026-01-23,1,515,field,CG6-0640|2026-01-23|L1|S515,2026-01-23 14:47:50,2026-01-23 14:47:50,2026-01-23 14:47:50.000000,1,1,3400.91,,,0.0023,24.7834,34.9791,130.2,0,,,True,SINGLE_READING;,8,day8,MATCHED,D8:wor:1-515,1-515,1-515,results.zip/day8.xlsx,workbook,7.00602,209.835,1-516,True,24.7833,34.9791,148.219,,0,148.219,0.15,4597.28,33128.1,False,3407.01,0.00789154,INTERPOLATED,1051,1068,-6.10047,0.00821988,0,True,1,-6.10047,36.449,-0.233558,11.2508,5.38391,2.3273,2.02164,1.71598,1.56315,1.41032,1.30333,1.25749,1.10465,0.798993,0.0470142,0.0306209
1066,CG6-0640,2026-01-23,1,516,field,CG6-0640|2026-01-23|L1|S516,2026-01-23 14:51:49,2026-01-23 14:51:49,2026-01-23 14:51:49.000000,1,1,3399.36,,,0.003,24.7816,34.9791,141.6,0,,,True,SINGLE_READING;,8,day8,MATCHED,D8:wor:1-516,1-516,1-516,results.zip/day8.xlsx,workbook,8.63338,101.351,1-517,True,24.7815,34.9791,155.724,,0,155.724,0.15,4617.97,33319.8,False,3407.01,0.0078948,INTERPOLATED,1051,1068,-7.65089,0.00844558,0,True,1,-7.65089,43.954,-0.359347,13.5674,6.27585,2.58987,2.22127,1.85267,1.66837,1.48407,1.35507,1.29978,1.11548,0.746878,0.0470541,0.0306823
1067,CG6-0640,2026-01-23,1,517,field,CG6-0640|2026-01-23|L1|S517,2026-01-23 14:54:47,2026-01-23 14:54:47,2026-01-23 14:54:47.000000,1,1,3398.54,,,0.0019,24.7807,34.9793,145.9,0,,,True,SINGLE_READING;,8,day8,MATCHED,D8:wor:1-517,1-517,1-517,results.zip/day8.xlsx,workbook,4.80407,89.632,1-516,True,24.7807,34.9793,158.507,,0,158.507,0.15,4644.65,33415.9,False,3407.01,0.00789744,INTERPOLATED,1051,1068,-8.47039,0.00812278,0,True,1,-8.47039,46.737,-0.416405,14.4264,6.37243,2.45307,2.06113,1.6692,1.47323,1.27726,1.14008,1.08129,0.885322,0.493386,0.0469973,0.030595
1072,CG6-0640,2026-01-24,1,518,field,CG6-0640|2026-01-24|L1|S518,2026-01-24 07:22:52,2026-01-24 07:22:52,2026-01-24 07:22:52.000000,1,1,3371.46,,,0.0023,24.776,34.8095,306.3,0,,,True,SINGLE_READING;,9,day9,MATCHED,D9:kml:518,518,518,results.zip/day9.kml,kml_only,1.53123,222.871,519,True,24.776,34.8095,313.704,,0,313.704,0.15,12601.6,33048.9,False,3407,0.00808111,INTERPOLATED,1071,1095,-35.544,0.00840204,0,True,1,-35.544,201.934,-0.735131,62.3291,27.5202,10.5861,8.89264,7.19922,6.35251,5.5058,4.91311,4.65909,3.81239,2.11897,0.0470463,0.0306703
1073,CG6-0640,2026-01-24,1,519,field,CG6-0640|2026-01-24|L1|S519,2026-01-24 07:29:38,2026-01-24 07:29:38,2026-01-24 07:29:38.000000,1,1,3370.27,,,0.0028,24.7752,34.8115,307.8,0,,TILT_GT_20,True,SINGLE_READING;,9,day9,MATCHED,D9:kml:519,519,519,results.zip/day9.kml,kml_only,1.18115,221.007,518,True,24.7752,34.8115,319.596,,0,319.596,0.15,12408.5,33095.7,False,3407,0.00807002,INTERPOLATED,1071,1095,-36.7343,0.00854197,0,True,1,-36.7343,207.826,-0.790758,64.1477,28.2041,10.7758,9.03301,7.29019,6.41877,5.54736,4.93737,4.67594,3.80453,2.0617,0.0470715,0.030709
1074,CG6-0640,2026-01-24,1,520,field,CG6-0640|2026-01-24|L1|S520,2026-01-24 07:33:34,2026-01-24 07:33:34,2026-01-24 07:33:34.000000,1,1,3368.7,,,0.0039,24.7744,34.8136,314.4,0,,,True,SINGLE_READING;,9,day9,MATCHED,D9:wor:520,520,520,results.zip/day9.xlsx,workbook,4.22434,232.85,519,True,24.7743,34.8136,327.149,,0,327.149,0.15,12207.8,33148.5,False,3407,0.00806423,INTERPOLATED,1071,1095,-38.305,0.00895778,0,True,1,-38.305,215.379,-0.853322,66.4789,29.0273,10.9656,9.15942,7.35325,6.45017,5.54708,4.91493,4.644,3.74092,1.93475,0.0471488,0.0308272
1075,CG6-0640,2026-01-24,1,521,field,CG6-0640|2026-01-24|L1|S521,2026-01-24 07:38:29,2026-01-24 07:38:29,2026-01-24 07:38:29.000000,1,1,3367.06,,,0.0024,24.7727,34.816,316.5,0,,,True,SINGLE_READING;,9,day9,MATCHED,D9:wor:521,521,521,results.zip/day9.xlsx,workbook,2.60285,206.284,522,True,24.7727,34.816,336.134,,0,336.134,0.15,11993.3,33279.1,False,3407,0.00805769,INTERPOLATED,1071,1095,-39.9385,0.00840752,0,True,1,-39.9385,224.364,-0.963037,69.2521,30.2766,11.4615,9.57996,7.69844,6.75768,5.81693,5.1584,4.87617,3.93541,2.05389,0.0470473,0.0306718
1076,CG6-0640,2026-01-24,1,522,field,CG6-0640|2026-01-24|L1|S522,2026-01-24 07:41:57,2026-01-24 07:41:57,2026-01-24 07:41:57.000000,1,1,3366.31,,,0.0052,24.7717,34.8176,322.1,0,,,True,SINGLE_READING;,9,day9,MATCHED,D9:wor:522,522,522,results.zip/day9.xlsx,workbook,2.98502,204.672,521,True,24.7717,34.8176,341.888,,0,341.888,0.15,11841.1,33361.2,False,3407,0.00805355,INTERPOLATED,1071,1095,-40.6955,0.00958643,0,True,1,-40.6955,230.118,-1.03462,71.028,31.3672,12.0695,10.1397,8.20995,7.24506,6.28018,5.60476,5.31529,4.35041,2.42064,0.0472722,0.0310157
1077,CG6-0640,2026-01-24,1,523,field,CG6-0640|2026-01-24|L1|S523,2026-01-24 07:46:05,2026-01-24 07:46:05,2026-01-24 07:46:05.000000,1,1,3365.8,,,0.0063,24.7705,34.8195,334.5,0,,,True,SINGLE_READING;,9,day9,MATCHED,D9:wor:523,523,523,results.zip/day9.xlsx,workbook,12.7227,230.257,522,True,24.7704,34.8196,346.128,,0,346.128,0.15,11671.1,33455.4,False,3407,0.0080491,INTERPOLATED,1071,1095,-41.2004,0.0102214,0,True,1,-41.2004,234.358,-1.12081,72.3367,32.2571,12.6038,10.6385,8.67315,7.69048,6.70782,6.01996,5.72516,4.74249,2.77717,0.0474051,0.0312178
1078,CG6-0640,2026-01-24,1,524,field,CG6-0640|2026-01-24|L1|S524,2026-01-24 07:49:49,2026-01-24 07:49:49,2026-01-24 07:49:49.000000,1,1,3367.18,,,0.0044,24.769,34.8213,345.6,0,,,True,SINGLE_READING;,9,day9,MATCHED,D9:wor:524,524,524,results.zip/day9.xlsx,workbook,6.13922,237.14,523,True,24.769,34.8213,340.259,,0,340.259,0.15,11521.2,33592.6,False,3407,0.00804555,INTERPOLATED,1071,1095,-39.8246,0.00917011,0,True,1,-39.8246,228.489,-1.2225,70.5253,31.9232,12.7621,10.846,8.92985,7.9718,7.01375,6.34311,6.05569,5.09764,3.18153,0.0471896,0.0308896
1079,CG6-0640,2026-01-24,1,525,field,CG6-0640|2026-01-24|L1|S525,2026-01-24 07:53:06,2026-01-24 07:53:06,2026-01-24 07:53:06.000000,1,1,3368.35,,,0.0037,24.7673,34.8235,336.2,0,,,True,SINGLE_READING;,9,day9,MATCHED,D9:wor:525,525,525,results.zip/day9.xlsx,workbook,9.02826,276.754,526,True,24.7673,34.8235,334.078,,0,334.078,0.15,11340.1,33740.2,False,3407,0.0080428,INTERPOLATED,1071,1095,-38.6472,0.00885306,0,True,1,-38.6472,222.308,-1.33903,68.6175,31.3094,12.6666,10.8023,8.93806,8.00592,7.07378,6.42129,6.14165,5.20951,3.34523,0.047129,0.0307969
1080,CG6-0640,2026-01-24,1,526,field,CG6-0640|2026-01-24|L1|S526,2026-01-24 07:56:41,2026-01-24 07:56:41,2026-01-24 07:56:41.000000,1,1,3368.78,,,0.0074,24.7662,34.8259,330.6,0,,STDDEV_GT_0.050,True,SINGLE_READING;,9,day9,MATCHED,D9:wor:526,526,526,results.zip/day9.xlsx,workbook,2.54364,260.166,527,True,24.7662,34.8259,328.793,,0,328.793,0.15,11127.2,33827.4,False,3407,0.00804019,INTERPOLATED,1071,1095,-38.2265,0.0109272,0,True,1,-38.2265,217.023,-1.41339,66.9864,30.1733,11.9737,10.1538,8.33381,7.42383,6.51385,5.87687,5.60387,4.6939,2.87394,0.0475623,0.031456
1081,CG6-0640,2026-01-24,1,527,field,CG6-0640|2026-01-24|L1|S527,2026-01-24 08:00:00,2026-01-24 08:00:00,2026-01-24 08:00:00.000000,1,1,3369.33,,,0.0047,24.7645,34.8277,330.5,0,,,True,SINGLE_READING;,9,day9,MATCHED,D9:wor:527,527,527,results.zip/day9.xlsx,workbook,1.37378,257.356,526,True,24.7645,34.8277,324.057,,0,324.057,0.15,10990.6,33984.4,False,3407,0.00803814,INTERPOLATED,1071,1095,-37.674,0.00931137,0,True,1,-37.674,212.287,-1.52815,65.5246,29.3788,11.5764,9.79617,8.01593,7.12581,6.2357,5.61261,5.34558,4.45546,2.67522,0.0472172,0.0309318
1082,CG6-0640,2026-01-24,1,528,field,CG6-0640|2026-01-24|L1|S528,2026-01-24 08:04:17,2026-01-24 08:04:17,2026-01-24 08:04:17.000000,1,1,3370.21,,,0.0043,24.7636,34.8301,315.2,0,,,True,SINGLE_READING;,9,day9,MATCHED,D9:wor:528,528,528,results.zip/day9.xlsx,workbook,7.28637,259.405,527,True,24.7636,34.8301,319.188,,0,319.188,0.15,10780.4,34047.4,False,3407,0.00803601,INTERPOLATED,1071,1095,-36.7906,0.00911413,0,True,1,-36.7906,207.418,-1.59264,64.0218,28.8239,11.4298,9.69038,7.95097,7.08127,6.21157,5.60277,5.34186,4.47216,2.73275,0.0471787,0.030873
1083,CG6-0640,2026-01-24,1,529,field,CG6-0640|2026-01-24|L1|S529,2026-01-24 08:08:40,2026-01-24 08:08:40,2026-01-24 08:08:40.000000,1,1,3371.18,,,0.0031,24.7633,34.8327,305.4,0,,,True,SINGLE_READING;,9,day9,MATCHED,D9:wor:529,529,529,results.zip/day9.xlsx,workbook,9.08512,268.631,528,True,24.7632,34.8328,314.377,,0,314.377,0.15,10529.2,34049.5,False,3407,0.00803444,INTERPOLATED,1071,1095,-35.8181,0.00861175,0,True,1,-35.8181,202.607,-1.61768,62.5369,28.3365,11.3459,9.64681,7.94775,7.09822,6.24869,5.65402,5.39916,4.54962,2.85056,0.0470842,0.0307284
1084,CG6-0640,2026-01-24,1,530,field,CG6-0640|2026-01-24|L1|S530,2026-01-24 08:15:05,2026-01-24 08:15:05,2026-01-24 08:15:05.000000,1,1,3372.13,,,0.0032,24.7599,34.8363,303,0,,,True,SINGLE_READING;,9,day9,MATCHED,D9:wor:530,530,530,results.zip/day9.xlsx,workbook,4.04286,234.344,531,True,24.7599,34.8363,308.088,,0,308.088,0.15,10278.9,34371,False,3407,0.00803326,INTERPOLATED,1071,1095,-34.8674,0.00864715,0,True,1,-34.8674,196.318,-1.84134,60.5959,27.5698,11.1066,9.46024,7.81391,6.99075,6.16759,5.59138,5.34443,4.52127,2.87495,0.0470907,0.0307384
1085,CG6-0640,2026-01-24,1,531,field,CG6-0640|2026-01-24|L1|S531,2026-01-24 08:24:23,2026-01-24 08:24:23,2026-01-24 08:24:23.000000,1,1,3371.53,,,0.0026,24.7581,34.8373,313.7,0,,,True,SINGLE_READING;,9,day9,MATCHED,D9:wor:531,531,531,results.zip/day9.xlsx,workbook,3.8023,232.782,530,True,24.758,34.8373,311.358,,0,311.358,0.15,10244.7,34564.8,False,3407,0.00803388,INTERPOLATED,1071,1095,-35.4679,0.00844413,0,True,1,-35.4679,199.588,-1.97183,61.6051,28.1091,11.3717,9.69791,8.02417,7.18729,6.35042,5.76461,5.51355,4.67668,3.00293,0.0470539,0.0306819
1086,CG6-0640,2026-01-24,1,532,field,CG6-0640|2026-01-24|L1|S532,2026-01-24 08:28:03,2026-01-24 08:28:03,2026-01-24 08:28:03.000000,1,1,3370.52,,,0.0052,24.7565,34.8389,319.2,0,,,True,SINGLE_READING;,9,day9,MATCHED,D9:wor:532,532,532,results.zip/day9.xlsx,workbook,4.89026,232.19,531,True,24.7565,34.8389,315.882,,0,315.882,0.15,10146.4,34715.8,False,3407,0.00803489,INTERPOLATED,1071,1095,-36.4775,0.00957076,0,True,1,-36.4775,204.112,-2.07768,63.0015,28.6017,11.4849,9.77317,8.06149,7.20564,6.3498,5.75071,5.49396,4.63812,2.92644,0.0472691,0.0310109
1087,CG6-0640,2026-01-24,1,533,field,CG6-0640|2026-01-24|L1|S533,2026-01-24 08:31:50,2026-01-24 08:31:50,2026-01-24 08:31:50.000000,1,1,3369.08,,,0.0031,24.7546,34.8402,323.3,0,,,True,SINGLE_READING;,9,day9,MATCHED,D9:wor:533,533,533,results.zip/day9.xlsx,workbook,1.51444,247.665,532,True,24.7546,34.8402,322.167,,0,322.167,0.15,10095.7,34913.1,False,3407,0.00803639,INTERPOLATED,1071,1095,-37.9228,0.00861356,0,True,1,-37.9228,210.397,-2.20734,64.9413,29.2258,11.5819,9.81753,8.05314,7.17094,6.28875,5.67121,5.40655,4.52436,2.75997,0.0470846,0.030729
1088,CG6-0640,2026-01-24,1,534,field,CG6-0640|2026-01-24|L1|S534,2026-01-24 08:36:34,2026-01-24 08:36:34,2026-01-24 08:36:34.000000,1,1,3368.73,,,0.0046,24.7522,34.8417,325.7,0,,,True,SINGLE_READING;,9,day9,MATCHED,D9:wor:534,534,534,results.zip/day9.xlsx,workbook,4.70628,195.663,535,True,24.7521,34.8417,323.013,,0,323.013,0.15,10056.4,35168.1,False,3407,0.0080389,INTERPOLATED,1071,1095,-38.2745,0.00926196,0,True,1,-38.2745,211.243,-2.37689,65.2024,29.3048,11.5899,9.81846,8.04698,7.16124,6.2755,5.65548,5.38975,4.50401,2.73253,0.0472075,0.030917
1089,CG6-0640,2026-01-24,1,535,field,CG6-0640|2026-01-24|L1|S535,2026-01-24 08:40:25,2026-01-24 08:40:25,2026-01-24 08:40:25.000000,1,1,3366.27,,,0.0045,24.7505,34.8421,327.5,0,,,True,SINGLE_READING;,9,day9,MATCHED,D9:wor:535,535,535,results.zip/day9.xlsx,workbook,6.73739,186.508,534,True,24.7504,34.8421,335.125,,0,335.125,0.15,10098.3,35350.4,False,3407,0.00804147,INTERPOLATED,1071,1095,-40.7313,0.00921495,0,True,1,-40.7313,223.355,-2.49299,68.9407,30.7024,11.9718,10.0988,8.22572,7.2892,6.35267,5.6971,5.41614,4.47961,2.60656,0.0471983,0.0309029
1090,CG6-0640,2026-01-24,1,536,field,CG6-0640|2026-01-24|L1|S536,2026-01-24 08:44:22,2026-01-24 08:44:22,2026-01-24 08:44:22.000000,1,1,3367.7,,,0.0048,24.7476,34.8431,326,0,,,True,SINGLE_READING;,9,day9,MATCHED,D9:wor:536,536,536,results.zip/day9.xlsx,workbook,7.95348,330.173,535,True,24.7475,34.8431,325.383,,0,325.383,0.15,10134.3,35657.6,False,3407,0.00804461,INTERPOLATED,1071,1095,-39.3036,0.0093678,0,True,1,-39.3036,213.613,-2.69177,65.9339,29.3221,11.4085,9.61711,7.82575,6.93007,6.03439,5.40742,5.13871,4.24304,2.45168,0.0472284,0.0309488
1091,CG6-0640,2026-01-24,1,537,field,CG6-0640|2026-01-24|L1|S537,2026-01-24 08:49:18,2026-01-24 08:49:18,2026-01-24 08:49:18.000000,1,0,,,,,24.7447,34.8451,315.3,0,TILT_GT_30,,False,NO_ACCEPTED_READING;,9,day9,MATCHED,D9:wor:537,537,537,results.zip/day9.xlsx,workbook,8.70533,233.548,538,True,24.7446,34.8451,331.391,,0,331.391,0.15,10101.6,35963.8,False,3407,0.00804922,INTERPOLATED,1071,1095,,,0,False,1,,219.621,-2.8929,67.7883,,,,,,,,,,,,
1092,CG6-0640,2026-01-24,1,538,field,CG6-0640|2026-01-24|L1|S538,2026-01-24 08:52:33,2026-01-24 08:52:33,2026-01-24 08:52:33.000000,1,1,3367.3,,,0.0067,24.7432,34.8467,328.7,0,,STDDEV_GT_0.050,True,SINGLE_READING;,9,day9,MATCHED,D9:wor:538,538,538,results.zip/day9.xlsx,workbook,3.97804,183.578,539,True,24.7432,34.8467,320.513,,0,320.513,0.15,10031.3,36111.2,False,3407,0.00805268,INTERPOLATED,1071,1095,-39.7042,0.0104755,0,True,1,-39.7042,208.743,-2.99063,64.4308,27.7173,10.2121,8.46156,6.71104,5.83578,4.96052,4.34784,4.08526,3.21001,1.45949,0.0474605,0.0313019
1093,CG6-0640,2026-01-24,1,539,field,CG6-0640|2026-01-24|L1|S539,2026-01-24 08:57:04,2026-01-24 08:57:04,2026-01-24 08:57:04.000000,1,1,3367.08,,,0.0049,24.742,34.8479,314.9,0,,,True,SINGLE_READING;,9,day9,MATCHED,D9:wor:539,539,539,results.zip/day9.xlsx,workbook,8.19648,177.65,538,True,24.742,34.8479,319.658,,0,319.658,0.15,9990.32,36231.3,False,3407,0.00805806,INTERPOLATED,1071,1095,-39.9158,0.00943092,0,True,1,-39.9158,207.888,-3.07458,64.1669,27.3257,9.89224,8.14889,6.40554,5.53386,4.66219,4.05202,3.79052,2.91884,1.17549,0.0472409,0.030968
1094,CG6-0640,2026-01-24,1,540,field,CG6-0640|2026-01-24|L1|S540,2026-01-24 09:01:43,2026-01-24 09:01:43,2026-01-24 09:01:43.000000,1,1,3369.07,,,0.0076,24.7445,34.8499,294.6,0,,STDDEV_GT_0.050,True,SINGLE_READING;,9,day9,MATCHED,D9:wor:540,540,540,results.zip/day9.xlsx,workbook,9.9297,88.3756,557,True,24.7444,34.8499,313.804,,0,313.804,0.15,9685.77,35943,False,3407,0.00806426,INTERPOLATED,1071,1095,-37.9344,0.0110812,0,True,1,-37.9344,202.034,-2.90669,62.3601,27.3324,10.3899,8.69561,7.00136,6.15423,5.3071,4.71411,4.45997,3.61284,1.91859,0.0475979,0.0315098
1096,CG6-0640,2026-01-24,1,541,field,CG6-0640|2026-01-24|L1|S541,2026-01-24 11:04:20,2026-01-24 11:04:20,2026-01-24 11:04:20.000000,1,1,3383.66,,,0.0053,24.761,34.8588,249.8,0,,,True,SINGLE_READING;,9,day9,MATCHED,D9:kml:541,541,541,results.zip/day9.kml,kml_only,11.4797,295.645,542,True,24.7609,34.8587,260.108,,0,260.108,0.15,8094.3,34051.9,False,3407,0.00815941,INTERPOLATED,1095,1115,-23.3381,0.00972965,0,True,1,-23.3381,148.338,-1.77507,45.7867,24.2236,11.784,10.54,9.29608,8.6741,8.05212,7.61673,7.43014,6.80816,5.5642,0.0473015,0.0310603
1097,CG6-0640,2026-01-24,1,542,field,CG6-0640|2026-01-24|L1|S542,2026-01-24 11:10:16,2026-01-24 11:10:16,2026-01-24 11:10:16.000000,1,1,3382.11,,,0.0041,24.7585,34.8599,246.1,0,,,True,SINGLE_READING;,9,day9,MATCHED,D9:kml:542,542,542,results.zip/day9.kml,kml_only,4.69221,284.931,543,True,24.7585,34.8599,266.358,,0,266.358,0.15,8090.26,34321.4,False,3407,0.00815422,INTERPOLATED,1095,1115,-24.888,0.00912695,0,True,1,-24.888,154.588,-1.93747,47.716,24.7655,11.8017,10.5054,9.20898,8.56079,7.9126,7.45887,7.26441,6.61622,5.31985,0.0471812,0.0308768
1098,CG6-0640,2026-01-24,1,543,field,CG6-0640|2026-01-24|L1|S543,2026-01-24 11:14:13,2026-01-24 11:14:13,2026-01-24 11:14:13.000000,1,1,3381.35,,,0.0052,24.7566,34.8616,263.6,0,,,True,SINGLE_READING;,9,day9,MATCHED,D9:kml:543,543,543,results.zip/day9.kml,kml_only,14.4444,209.089,546,True,24.7565,34.8616,267.765,,0,267.765,0.15,8020.85,34527.1,False,3407,0.00815151,INTERPOLATED,1095,1115,-25.651,0.00966887,0,True,1,-25.651,155.995,-2.07986,48.1503,24.5791,11.4973,10.1892,8.88098,8.22689,7.5728,7.11494,6.91871,6.26462,4.95645,0.047289,0.0310413
1099,CG6-0640,2026-01-24,1,544,field,CG6-0640|2026-01-24|L1|S544,2026-01-24 11:18:38,2026-01-24 11:18:38,2026-01-24 11:18:38.000000,1,1,3380.75,,,0.0058,24.7558,34.8635,258.8,0,,,True,SINGLE_READING;,9,day9,MATCHED,D9:kml:544,544,544,results.zip/day9.kml,kml_only,7.9797,79.5934,546,True,24.7557,34.8634,270.436,,0,270.436,0.15,7888.59,34609.9,False,3407,0.0081492,INTERPOLATED,1095,1115,-26.2428,0.0100025,0,True,1,-26.2428,158.666,-2.13203,48.9745,24.8637,11.558,10.2275,8.89688,8.2316,7.56631,7.10061,6.90102,6.23574,4.90517,0.0473584,0.0311468
1100,CG6-0640,2026-01-24,1,545,field,CG6-0640|2026-01-24|L1|S545,2026-01-24 11:22:39,2026-01-24 11:22:39,2026-01-24 11:22:39.000000,1,1,3379.48,,,0.0057,24.7554,34.8647,263.7,0,,,True,SINGLE_READING;,9,day9,MATCHED,D9:kml:545,545,545,results.zip/day9.kml,kml_only,0.837598,132.526,544,True,24.7554,34.8647,277.668,,0,277.668,0.15,7790.31,34641.3,False,3407,0.00814776,INTERPOLATED,1095,1115,-27.5146,0.00994364,0,True,1,-27.5146,165.898,-2.14946,51.2068,25.8417,11.9295,10.5382,9.14702,8.45141,7.75579,7.26887,7.06018,6.36457,4.97335,0.047346,0.031128
1101,CG6-0640,2026-01-24,1,546,field,CG6-0640|2026-01-24|L1|S546,2026-01-24 11:27:28,2026-01-24 11:27:28,2026-01-24 11:27:28.000000,1,1,3380.39,,,0.0077,24.7552,34.863,266.7,0,,STDDEV_GT_0.050,True,SINGLE_READING;,9,day9,MATCHED,D9:kml:546,546,546,results.zip/day9.kml,kml_only,2.73609,70.6517,544,True,24.7552,34.863,270.308,,0,270.308,0.15,7959.05,34672.4,False,3407,0.00814686,INTERPOLATED,1095,1115,-26.6042,0.0112099,0,True,1,-26.6042,158.538,-2.16624,48.9352,24.4972,11.2022,9.87266,8.54316,7.8784,7.21365,6.74833,6.5489,5.88415,4.55465,0.047628,0.0315553
1102,CG6-0640,2026-01-24,1,547,field,CG6-0640|2026-01-24|L1|S547,2026-01-24 11:31:09,2026-01-24 11:31:09,2026-01-24 11:31:09.000000,1,1,3379.78,,,0.0063,24.7543,34.861,276.5,0,,,True,SINGLE_READING;,9,day9,MATCHED,D9:kml:547,547,547,results.zip/day9.kml,kml_only,4.11846,185.315,548,True,24.7542,34.861,270.565,,0,270.565,0.15,8184.12,34789.4,False,3407,0.00814678,INTERPOLATED,1095,1115,-27.2193,0.0102985,0,True,1,-27.2193,158.795,-2.2339,49.0144,24.029,10.7124,9.38077,8.04912,7.38329,6.71746,6.25138,6.05164,5.38581,4.05415,0.0474218,0.0312432
1103,CG6-0640,2026-01-24,1,548,field,CG6-0640|2026-01-24|L1|S548,2026-01-24 11:34:38,2026-01-24 11:34:38,2026-01-24 11:34:38.000000,1,1,3378.68,,,0.005,24.7527,34.8606,277.1,0,,,True,SINGLE_READING;,9,day9,MATCHED,D9:wor:548,548,548,results.zip/day9.xlsx,workbook,13.3673,169.593,547,True,24.7526,34.8606,276.81,,0,276.81,0.15,8297.59,34959.6,False,3407,0.00814719,INTERPOLATED,1095,1115,-28.3216,0.00955911,0,True,1,-28.3216,165.04,-2.34321,50.9419,24.9635,11.1232,9.73922,8.3552,7.66319,6.97117,6.48676,6.27916,5.58715,4.20312,0.0472667,0.0310073
1104,CG6-0640,2026-01-24,1,549,field,CG6-0640|2026-01-24|L1|S549,2026-01-24 11:48:40,2026-01-24 11:48:40,2026-01-24 11:48:40.000000,1,1,3378.25,,,0.0076,24.7531,34.8589,274.4,0,,STDDEV_GT_0.050,True,SINGLE_READING;,9,day9,MATCHED,D9:kml:549,549,549,results.zip/day9.kml,kml_only,4.79593,184.974,548,True,24.7531,34.8589,284.997,,0,284.997,0.15,8433.84,34927.5,False,3407,0.00815361,INTERPOLATED,1095,1115,-28.7516,0.0111464,0,True,1,-28.7516,173.227,-2.31249,53.4689,27.0298,12.503,11.0503,9.59763,8.87129,8.14495,7.63651,7.4186,6.69226,5.23958,0.0476131,0.0315328
1105,CG6-0640,2026-01-24,1,550,field,CG6-0640|2026-01-24|L1|S550,2026-01-24 11:54:22,2026-01-24 11:54:22,2026-01-24 11:54:22.000000,1,1,3376.16,,,0.0057,24.7521,34.8577,292.7,0,,,True,SINGLE_READING;,9,day9,UNMATCHED_GT_30M,D9:kml:551,551,551,results.zip/day9.kml,kml_only,157.002,162.717,549,False,24.7506,34.8577,290.292,,0,290.292,0.15,8592.84,35051.5,False,3407,0.00815839,INTERPOLATED,1095,1115,-30.8387,0.00995235,0,False,1,-30.8387,178.522,-2.47931,55.1032,26.7438,11.7729,10.2759,8.77877,8.03023,7.28168,6.7577,6.53314,5.7846,4.28751,0.0473478,0.0311308
1106,CG6-0640,2026-01-24,1,551,field,CG6-0640|2026-01-24|L1|S551,2026-01-24 12:09:14,2026-01-24 12:09:14,2026-01-24 12:09:14.000000,1,1,3375.7,,,0.0054,24.7507,34.8578,298.9,0,,,True,SINGLE_READING;,9,day9,MATCHED,D9:kml:551,551,551,results.zip/day9.kml,kml_only,11.3198,220.798,552,True,24.7506,34.8577,290.292,,0,290.292,0.15,8652.87,35197.3,False,3407,0.00817679,INTERPOLATED,1095,1115,-31.2989,0.00979897,0,True,1,-31.2989,178.522,-2.47931,55.1032,26.2835,11.3127,9.8156,8.31851,7.56997,6.82143,6.29745,6.07289,5.32434,3.82726,0.0473158,0.0310821
1107,CG6-0640,2026-01-24,1,552,field,CG6-0640|2026-01-24|L1|S552,2026-01-24 12:14:11,2026-01-24 12:14:11,2026-01-24 12:14:11.000000,1,1,3374.65,,,0.0046,24.7503,34.8557,293.5,0,,,True,SINGLE_READING;,9,day9,MATCHED,D9:wor:552,552,552,results.zip/day9.xlsx,workbook,8.12235,212.016,551,True,24.7502,34.8557,293.256,,0,293.256,0.15,8865.4,35262.3,False,3407,0.0081848,INTERPOLATED,1095,1115,-32.3483,0.00938887,0,True,1,-32.3483,181.486,-2.51022,56.018,26.18,10.9605,9.4386,7.91666,7.15569,6.39472,5.86204,5.63375,4.87278,3.35084,0.0472326,0.0309552
1108,CG6-0640,2026-01-24,1,553,field,CG6-0640|2026-01-24|L1|S553,2026-01-24 12:19:33,2026-01-24 12:19:33,2026-01-24 12:19:33.000000,1,1,3373.39,,,0.0078,24.7485,34.8548,283.9,0,,STDDEV_GT_0.050,True,SINGLE_READING;,9,day9,MATCHED,D9:kml:553,553,553,results.zip/day9.kml,kml_only,9.20562,208.05,552,True,24.7484,34.8548,297.136,,0,297.136,0.15,9036.06,35463.4,False,3407,0.00819454,INTERPOLATED,1095,1115,-33.6099,0.0113133,0,True,1,-33.6099,185.366,-2.63166,57.2156,26.2374,10.6926,9.13809,7.58361,6.80637,6.02913,5.48506,5.25189,4.47465,2.92017,0.0476524,0.0315922
1109,CG6-0640,2026-01-24,1,554,field,CG6-0640|2026-01-24|L1|S554,2026-01-24 12:25:55,2026-01-24 12:25:55,2026-01-24 12:25:55.000000,1,1,3372.15,,,0.0055,24.7467,34.8537,288.5,0,,,True,SINGLE_READING;,9,day9,MATCHED,D9:kml:554,554,554,results.zip/day9.kml,kml_only,11.8314,216.558,553,True,24.7466,34.8538,302.086,,0,302.086,0.15,9224.59,35666.7,False,3407,0.00820753,INTERPOLATED,1095,1115,-34.8509,0.00987996,0,True,1,-34.8509,190.316,-2.75428,58.7435,26.6468,10.6869,9.09091,7.49492,6.69692,5.89893,5.34033,5.10093,4.30293,2.70694,0.0473326,0.0311077
1110,CG6-0640,2026-01-24,1,555,field,CG6-0640|2026-01-24|L1|S555,2026-01-24 12:31:06,2026-01-24 12:31:06,2026-01-24 12:31:06.000000,1,1,3370.99,,,0.005,24.7448,34.854,288.1,0,,,True,SINGLE_READING;,9,day9,MATCHED,D9:wor:555,555,555,results.zip/day9.xlsx,workbook,10.0885,204.446,554,True,24.7447,34.854,305.234,,0,305.234,0.15,9309.47,35879.3,False,3407,0.00821925,INTERPOLATED,1095,1115,-36.0063,0.0096206,0,True,1,-36.0063,193.464,-2.88584,59.715,26.5945,10.3707,8.74827,7.12588,6.31468,5.50349,4.93565,4.69229,3.8811,2.25871,0.0472792,0.0310263
1111,CG6-0640,2026-01-24,1,556,field,CG6-0640|2026-01-24|L1|S556,2026-01-24 12:36:59,2026-01-24 12:36:59,2026-01-24 12:36:59.000000,1,1,3369.83,,,0.0038,24.7443,34.8517,296.1,0,,,True,SINGLE_READING;,9,day9,MATCHED,D9:wor:556,556,556,results.zip/day9.xlsx,workbook,11.8085,186.881,540,True,24.7442,34.8518,310.106,,0,310.106,0.15,9529.73,35946.7,False,3407,0.00823377,INTERPOLATED,1095,1115,-37.1639,0.00906835,0,True,1,-37.1639,198.336,-2.91903,61.2187,26.9738,10.3414,8.67812,7.01488,6.18325,5.35163,4.76949,4.52001,3.68838,2.02514,0.0471699,0.0308595
1112,CG6-0640,2026-01-24,1,557,field,CG6-0640|2026-01-24|L1|S557,2026-01-24 12:43:34,2026-01-24 12:43:34,2026-01-24 12:43:34.000000,1,1,3368.62,,,0.0049,24.744,34.8492,299.7,0,,,True,SINGLE_READING;,9,day9,MATCHED,D9:kml:557,557,557,results.zip/day9.kml,kml_only,3.86448,82.62,540,True,24.7439,34.8492,315.141,,0,315.141,0.15,9770.31,36006.1,False,3407,0.00825157,INTERPOLATED,1095,1115,-38.3776,0.00959679,0,True,1,-38.3776,203.371,-2.93896,62.7728,27.3342,10.2795,8.57399,6.86852,6.01578,5.16305,4.56613,4.31031,3.45758,1.75211,0.0472743,0.0310189
1113,CG6-0640,2026-01-24,1,558,field,CG6-0640|2026-01-24|L1|S558,2026-01-24 12:50:00,2026-01-24 12:50:00,2026-01-24 12:50:00.000000,1,1,3367.19,,,0.0072,24.7423,34.848,305.5,0,,STDDEV_GT_0.050,True,SINGLE_READING;,9,day9,UNMATCHED_GT_30M,D9:wor:539,539,539,results.zip/day9.xlsx,workbook,38.3615,166.556,538,False,24.742,34.8479,319.658,,0,319.658,0.15,9967.09,36202,False,3407,0.00827053,INTERPOLATED,1095,1115,-39.806,0.0109655,0,False,1,-39.806,207.888,-3.07458,64.1669,27.4355,10.002,8.25864,6.5153,5.64362,4.77195,4.16177,3.90027,3.0286,1.28525,0.0475711,0.0314693
1114,CG6-0640,2026-01-24,1,555,field,CG6-0640|2026-01-24|L1|S555,2026-01-24 14:45:58,2026-01-24 14:45:58,2026-01-24 14:45:58.000000,1,0,,,,,24.7827,34.9333,119.2,0,GROSS_RANGE_GT_500;TILT_GT_30,,False,NO_ACCEPTED_READING;,9,day9,UNMATCHED_GT_30M,D9:kml:Base 100,Base 100,Base 100,results.zip/day9.kml,kml_only,451.772,7561.52,545,False,24.7867,34.9338,111.811,,0,111.811,0.15,451.879,32080.9,False,3407,0.00886232,INTERPOLATED,1095,1115,,,0,False,1,,0.0410734,-6.91854e-05,0.0126783,,,,,,,,,,,,
