occ_id,instrument,date,line,station,role,occ_key,t_start,t_end,t_mid,n_readings,n_accepted,g_occ,g_range,g_scatter_se,sigma_occ,lat_cg6,lon_cg6,elev_cg6,cg6_gps_spread_m,reject_reasons,warnings,usable,occ_flags,gnss_day,gnss_file,match_status,gnss_uid,gnss_point_id,gnss_point_id_kml,gnss_source,gnss_source_type,match_dist_m,second_dist_m,second_point_id,id_consistent,lat,lon,h_gnss_original,h_err_reported,day_height_shift_m,h_used,h_sigma_m,N_egm2008_m,H_ortho_m,H_dem_m,H_minus_dem_m,dist_to_base100_mark_m,dist_to_hotel_mark_m,valid_control,g100_interp,g100_sigma,drift_mode,ctrl_before,ctrl_after,dg100_mgal,dg100_sigma_mgal,retie_offset_mgal,product_ok,scale_factor_applied,dg100_scaled_mgal,dh_m,normal_gravity_diff_mgal,free_air_term_diff_mgal,dFA_rel_mgal,u_slab_mgal_per_gcc,dSB_rel_rho2.00_mgal,dSB_rel_rho2.20_mgal,dSB_rel_rho2.30_mgal,dSB_rel_rho2.40_mgal,dSB_rel_rho2.50_mgal,dSB_rel_rho2.60_mgal,dSB_rel_rho2.67_mgal,dSB_rel_rho2.70_mgal,dSB_rel_rho2.80_mgal,dSB_rel_rho2.90_mgal,dSB_rel_rho3.00_mgal,dFA_sigma_mgal,dSB267_sigma_mgal,g1_topo_mgal_per_gcc,u_topo_mgal_per_gcc,TC1_mgal_per_gcc,TC_rho2.67_mgal,dCB_rel_rho2.00_mgal,dCB_rel_rho2.20_mgal,dCB_rel_rho2.30_mgal,dCB_rel_rho2.40_mgal,dCB_rel_rho2.50_mgal,dCB_rel_rho2.60_mgal,dCB_rel_rho2.67_mgal,dCB_rel_rho2.70_mgal,dCB_rel_rho2.80_mgal,dCB_rel_rho2.90_mgal,dCB_rel_rho3.00_mgal,dist_to_sea_km,dem_coverage_22km,station_num,chainage_m,profile_id
262,CG6-0313,2026-01-21,10,1,field,CG6-0313|2026-01-21|L10|S1,2026-01-21 14:00:22,2026-01-21 14:00:22,2026-01-21 14:00:22.000,1,1,9351.74,,,0.0024,24.8007,34.9596,49.5,0,,,True,SINGLE_READING;,6,day6,MATCHED,D6:wor:L10-1,L10-1,L10-1,results.zip/day6.xlsx,workbook,8.99775,214.565,L10-2,True,24.8007,34.9595,65.418,,0,65.418,0.15,11.7314,53.6866,54.3488,-0.662208,3033.5,30711.9,False,9342.72,0.053615,INTERPOLATED,261,273,9.02141,0.0536687,0,True,1.01189,9.1287,-46.2024,0.956095,-14.2618,-6.08919,-1.93727,-2.21466,-1.8272,-1.63348,-1.43975,-1.24602,-1.0523,-0.916689,-0.858571,-0.664845,-0.471118,-0.277391,0.0708738,0.0612406,1.93767,-1.82991,0.313405,0.836793,-2.42936,-2.06338,-1.88039,-1.69739,-1.5144,-1.33141,-1.20332,-1.14842,-0.965429,-0.782437,-0.599446,4.7128,True,1,0,O-L10-1-25
263,CG6-0313,2026-01-21,10,2,field,CG6-0313|2026-01-21|L10|S2,2026-01-21 14:04:21,2026-01-21 14:04:21,2026-01-21 14:04:21.000,1,1,9350.72,,,0.0023,24.7991,34.9606,45.8,0,,,True,SINGLE_READING;,6,day6,MATCHED,D6:wor:L10-2,L10-2,L10-2,results.zip/day6.xlsx,workbook,7.32419,204.69,L10-1,True,24.799,34.9605,69.628,,0,69.628,0.15,11.7286,57.8994,58.2461,-0.346671,3033.63,30915.9,False,9342.73,0.0536522,INTERPOLATED,261,273,7.9901,0.0537015,0,True,1.01189,8.08512,-41.9895,0.843339,-12.9613,-5.71956,-1.76062,-2.19832,-1.8462,-1.67014,-1.49408,-1.31801,-1.14195,-1.01871,-0.965889,-0.789827,-0.613765,-0.437703,0.0708986,0.0612693,2.09142,-1.67617,0.336304,0.897933,-2.36723,-2.03199,-1.86438,-1.69676,-1.52914,-1.36153,-1.2442,-1.19391,-1.02629,-0.858677,-0.69106,4.70975,True,2,209.508,O-L10-1-25
264,CG6-0313,2026-01-21,10,3,field,CG6-0313|2026-01-21|L10|S3,2026-01-21 14:08:05,2026-01-21 14:08:05,2026-01-21 14:08:05.000,1,1,9349.74,,,0.0073,24.7973,34.9612,53.2,0,,STDDEV_GT_0.050,True,SINGLE_READING;,6,day6,MATCHED,D6:wor:L10-3,L10-3,L10-3,results.zip/day6.xlsx,workbook,8.21213,198.044,L10-2,True,24.7973,34.9612,73.72,,0,73.72,0.15,11.728,61.992,62.3382,-0.346141,3011.48,31119.4,False,9342.73,0.0536934,INTERPOLATED,261,273,7.01121,0.0541874,0,True,1.01189,7.09459,-37.8969,0.724286,-11.698,-5.32772,-1.58902,-2.14969,-1.83188,-1.67298,-1.51408,-1.35518,-1.19627,-1.08504,-1.03737,-0.878472,-0.71957,-0.560668,0.0712673,0.0616956,2.16171,-1.60588,0.437618,1.16844,-2.11596,-1.79479,-1.6342,-1.47361,-1.31302,-1.15244,-1.04003,-0.991849,-0.831261,-0.670673,-0.510085,4.7555,True,3,412.094,O-L10-1-25
265,CG6-0313,2026-01-21,10,4,field,CG6-0313|2026-01-21|L10|S4,2026-01-21 14:11:41,2026-01-21 14:11:41,2026-01-21 14:11:41.000,1,1,9348.72,,,0.0026,24.7957,34.9618,65.5,0,,,True,SINGLE_READING;,6,day6,MATCHED,D6:wor:L10-4,L10-4,L10-4,results.zip/day6.xlsx,workbook,7.04927,190.053,L10-3,True,24.7956,34.9617,78.577,,0,78.577,0.15,11.7276,66.8494,66.8505,-0.00104915,2996.1,31314.1,False,9342.73,0.0537388,INTERPOLATED,261,273,5.9878,0.0538017,0,True,1.01189,6.05901,-33.0395,0.609557,-10.1986,-4.74919,-1.38535,-1.9785,-1.70143,-1.56289,-1.42436,-1.28582,-1.14729,-1.05031,-1.00875,-0.870219,-0.731684,-0.59315,0.0709745,0.0613571,2.39537,-1.37222,0.407631,1.08837,-2.00475,-1.73031,-1.59308,-1.45586,-1.31864,-1.18142,-1.08536,-1.04419,-0.906973,-0.76975,-0.632528,4.81055,True,4,606.132,O-L10-1-25
266,CG6-0313,2026-01-21,10,5,field,CG6-0313|2026-01-21|L10|S5,2026-01-21 14:15:18,2026-01-21 14:15:18,2026-01-21 14:15:18.000,1,1,9348.07,,,0.0035,24.7939,34.9622,69,0,,,True,SINGLE_READING;,6,day6,MATCHED,D6:wor:L10-5,L10-5,L10-5,results.zip/day6.xlsx,workbook,9.12155,194.013,L10-4,True,24.7938,34.9621,82.774,,0,82.774,0.15,11.7281,71.0459,70.7774,0.26851,2977.32,31512.2,False,9342.73,0.0537901,INTERPOLATED,261,273,5.34166,0.0539039,0,True,1.01189,5.40518,-28.8431,0.487822,-8.90327,-3.98591,-1.20939,-1.56713,-1.32525,-1.20431,-1.08337,-0.962435,-0.841496,-0.756839,-0.720557,-0.599618,-0.478679,-0.35774,0.071052,0.0614467,2.5706,-1.19698,0.408351,1.0903,-1.59194,-1.35255,-1.23285,-1.11315,-0.993451,-0.873752,-0.789963,-0.754054,-0.634355,-0.514657,-0.394958,4.89108,True,5,807.549,O-L10-1-25
267,CG6-0313,2026-01-21,10,6,field,CG6-0313|2026-01-21|L10|S6,2026-01-21 14:18:48,2026-01-21 14:18:48,2026-01-21 14:18:48.000,1,1,9347.37,,,0.0023,24.7924,34.963,75.3,0,,,True,SINGLE_READING;,6,day6,MATCHED,D6:wor:L10-6,L10-6,L10-6,results.zip/day6.xlsx,workbook,5.49662,186.187,L10-5,True,24.7923,34.963,87.02,,0,87.02,0.15,11.726,75.294,75.3401,-0.0460648,3019.09,31701,False,9342.73,0.0538452,INTERPOLATED,261,273,4.63107,0.0538943,0,True,1.01189,4.68615,-24.5949,0.383328,-7.59194,-3.28912,-1.03126,-1.22659,-1.02034,-0.917211,-0.814085,-0.710958,-0.607832,-0.535643,-0.504705,-0.401579,-0.298453,-0.195326,0.0710447,0.0614383,2.70684,-1.06075,0.45024,1.20214,-1.16763,-0.955476,-0.849401,-0.743327,-0.637252,-0.531177,-0.456925,-0.425102,-0.319028,-0.212953,-0.106878,4.92561,True,6,997.905,O-L10-1-25
268,CG6-0313,2026-01-21,10,7,field,CG6-0313|2026-01-21|L10|S7,2026-01-21 14:21:55,2026-01-21 14:21:55,2026-01-21 14:21:55.000,1,1,9346.42,,,0.0032,24.7908,34.964,78.7,0,,,True,SINGLE_READING;,6,day6,MATCHED,D6:wor:L10-7,L10-7,L10-7,results.zip/day6.xlsx,workbook,5.04436,198.386,L10-6,True,24.7907,34.9639,91.985,,0,91.985,0.15,11.7232,80.2618,80.0149,0.246916,3081.24,31898.9,False,9342.74,0.0538986,INTERPOLATED,261,273,3.68179,0.0539935,0,True,1.01189,3.72558,-19.6271,0.273278,-6.05849,-2.60618,-0.822966,-0.960252,-0.795658,-0.713362,-0.631065,-0.548768,-0.466472,-0.408864,-0.384175,-0.301879,-0.219582,-0.137285,0.0711201,0.0615254,2.8924,-0.875188,0.472979,1.26285,-0.855808,-0.680771,-0.593252,-0.505733,-0.418214,-0.330696,-0.269432,-0.243177,-0.155658,-0.0681392,0.0193796,4.96791,True,7,1199.44,O-L10-1-25
269,CG6-0313,2026-01-21,10,8,field,CG6-0313|2026-01-21|L10|S8,2026-01-21 14:25:00,2026-01-21 14:25:00,2026-01-21 14:25:00.000,1,1,9345.49,,,0.0025,24.7892,34.965,90.6,0,,,True,SINGLE_READING;,6,day6,MATCHED,D6:wor:L10-8,L10-8,L10-8,results.zip/day6.xlsx,workbook,4.49224,201.322,L10-9,True,24.7892,34.965,96.284,,0,96.284,0.15,11.7192,84.5648,84.7205,-0.155744,3171.17,32094.3,False,9342.74,0.0539556,INTERPOLATED,261,273,2.74936,0.0540135,0,True,1.01189,2.78206,-15.3242,0.167296,-4.73025,-2.11548,-0.642543,-0.830397,-0.701889,-0.637634,-0.57338,-0.509126,-0.444872,-0.399894,-0.380617,-0.316363,-0.252109,-0.187854,0.0711352,0.0615429,3.02603,-0.74156,0.519774,1.3878,-0.632364,-0.484052,-0.409896,-0.33574,-0.261584,-0.187428,-0.135519,-0.113273,-0.0391165,0.0350394,0.109195,5.00103,True,8,1403.97,O-L10-1-25
270,CG6-0313,2026-01-21,10,9,field,CG6-0313|2026-01-21|L10|S9,2026-01-21 14:28:20,2026-01-21 14:28:20,2026-01-21 14:28:20.000,1,1,9344.5,,,0.0025,24.7877,34.966,91.9,0,,,True,SINGLE_READING;,6,day6,MATCHED,D6:wor:L10-9,L10-9,L10-9,results.zip/day6.xlsx,workbook,9.02306,194.25,L10-8,True,24.7876,34.9659,101.369,,0,101.369,0.15,11.7164,89.6526,89.68,-0.0273859,3256.34,32286.8,False,9342.74,0.0540218,INTERPOLATED,261,273,1.75711,0.0540796,0,True,1.01189,1.77801,-10.2363,0.0587237,-3.15973,-1.44045,-0.42921,-0.582028,-0.496186,-0.453265,-0.410344,-0.367423,-0.324502,-0.294457,-0.281581,-0.23866,-0.195739,-0.152818,0.0711855,0.061601,3.32276,-0.444822,0.436369,1.16511,-0.550802,-0.461838,-0.417356,-0.372874,-0.328391,-0.283909,-0.252772,-0.239427,-0.194945,-0.150462,-0.10598,5.05062,True,9,1601.89,O-L10-1-25
271,CG6-0313,2026-01-21,10,10,field,CG6-0313|2026-01-21|L10|S10,2026-01-21 14:32:50,2026-01-21 14:32:50,2026-01-21 14:32:50.000,1,1,9343.57,,,0.0023,24.786,34.9668,92.8,0,,,True,SINGLE_READING;,6,day6,MATCHED,D6:wor:L10-10,L10-10,L10-10,results.zip/day6.xlsx,workbook,5.27995,194.18,L10-9,True,24.786,34.9668,105.694,,0,105.694,0.15,11.7139,93.9801,93.6654,0.314719,3337.35,32483.1,False,9342.74,0.0541187,INTERPOLATED,261,273,0.82526,0.0541676,0,True,1.01189,0.835075,-5.90882,-0.0516236,-1.82392,-0.937223,-0.247757,-0.441709,-0.392158,-0.367382,-0.342607,-0.317831,-0.293055,-0.275712,-0.268279,-0.243504,-0.218728,-0.193952,0.0712523,0.0616782,3.57816,-0.189423,0.362423,0.967669,-0.558378,-0.520493,-0.501551,-0.482609,-0.463666,-0.444724,-0.431465,-0.425782,-0.40684,-0.387897,-0.368955,5.10954,True,10,1799.97,O-L10-1-25
272,CG6-0313,2026-01-21,10,11,field,CG6-0313|2026-01-21|L10|S11,2026-01-21 14:36:35,2026-01-21 14:36:35,2026-01-21 14:36:35.000,1,1,9342.79,,,0.0021,24.7845,34.9678,93.3,0,,,True,SINGLE_READING;,6,day6,MATCHED,D6:wor:L10-11,L10-11,L10-11,results.zip/day6.xlsx,workbook,8.31359,193.031,L10-10,True,24.7845,34.9677,109.743,,0,109.743,0.15,11.7108,98.0322,97.9971,0.0351135,3444.73,32673.6,False,9342.75,0.054206,INTERPOLATED,261,273,0.0465996,0.0542467,0,True,1.01189,0.0471538,-1.85676,-0.157013,-0.573138,-0.368971,-0.0778538,-0.213263,-0.197693,-0.189907,-0.182122,-0.174336,-0.166551,-0.161101,-0.158766,-0.15098,-0.143195,-0.135409,0.0713125,0.0617477,3.76242,-0.00516562,0.348069,0.929344,-0.35864,-0.357607,-0.35709,-0.356573,-0.356057,-0.35554,-0.355179,-0.355024,-0.354507,-0.353991,-0.353474,5.15146,True,11,1995.23,O-L10-1-25
278,CG6-0313,2026-01-22,10,13,field,CG6-0313|2026-01-22|L10|S13,2026-01-22 08:11:21,2026-01-22 08:11:21,2026-01-22 08:11:21.000,1,1,9340.14,,,0.0029,24.7811,34.9694,114.3,0,,,True,SINGLE_READING;,7,day7,MATCHED,D7:wor:L10-13,L10-13,L10-13,results.zip/day7.xlsx,workbook,5.12641,190.777,L10-14,True,24.781,34.9694,121.237,,2.832,118.405,0.356131,11.7063,106.699,106.399,0.299459,3652.84,33088.4,False,9342.15,0.0532554,INTERPOLATED,276,316,-2.00746,0.0533343,0,True,1.01189,-2.03133,6.8097,-0.394319,2.102,0.464987,0.285531,-0.106074,-0.16318,-0.191734,-0.220287,-0.24884,-0.277393,-0.29738,-0.305946,-0.334499,-0.363052,-0.391605,0.12216,0.0880285,4.1068,0.339216,0.367071,0.98008,-0.213446,-0.281289,-0.315211,-0.349132,-0.383054,-0.416975,-0.440721,-0.450897,-0.484819,-0.51874,-0.552662,5.28617,True,13,2414.29,O-L10-1-25
279,CG6-0313,2026-01-22,10,14,field,CG6-0313|2026-01-22|L10|S14,2026-01-22 08:14:45,2026-01-22 08:14:45,2026-01-22 08:14:45.000,1,1,9339.7,,,0.0023,24.7796,34.9703,113.2,0,,,True,SINGLE_READING;,7,day7,MATCHED,D7:wor:L10-14,L10-14,L10-14,results.zip/day7.xlsx,workbook,7.05273,181.688,L10-13,True,24.7795,34.9703,124.952,,2.832,122.12,0.356131,11.7036,110.416,110.33,0.0865095,3773.61,33269.7,False,9342.15,0.0532536,INTERPOLATED,276,316,-2.44775,0.0533032,0,True,1.01189,-2.47686,10.5275,-0.495456,3.24959,1.26819,0.441416,0.385353,0.297069,0.252928,0.208786,0.164644,0.120503,0.0896035,0.076361,0.0322193,-0.0119223,-0.056064,0.122146,0.0880097,4.33132,0.563734,0.298439,0.796832,0.140717,0.0279701,-0.0284033,-0.0847768,-0.14115,-0.197524,-0.236985,-0.253897,-0.31027,-0.366644,-0.423017,5.33048,True,14,2600.55,O-L10-1-25
280,CG6-0313,2026-01-22,10,15,field,CG6-0313|2026-01-22|L10|S15,2026-01-22 08:18:29,2026-01-22 08:18:29,2026-01-22 08:18:29.000,1,1,9339.09,,,0.0025,24.7778,34.971,121.8,0,,,True,SINGLE_READING;,7,day7,MATCHED,D7:wor:L10-15,L10-15,L10-15,results.zip/day7.xlsx,workbook,5.97243,199.333,L10-16,True,24.7778,34.971,128.666,,2.832,125.834,0.356131,11.7018,114.132,114.472,-0.339797,3891.12,33477,False,9342.15,0.0532516,INTERPOLATED,276,316,-3.0579,0.0533103,0,True,1.01189,-3.09427,14.2432,-0.614984,4.39655,1.91726,0.597218,0.722827,0.603384,0.543662,0.48394,0.424218,0.364497,0.322691,0.304775,0.245053,0.185331,0.125609,0.122149,0.088014,4.51175,0.74416,0.273814,0.731084,0.428942,0.28011,0.205694,0.131278,0.056862,-0.017554,-0.0696453,-0.0919701,-0.166386,-0.240802,-0.315218,5.40533,True,15,2808.28,O-L10-1-25
281,CG6-0313,2026-01-22,10,16,field,CG6-0313|2026-01-22|L10|S16,2026-01-22 08:23:44,2026-01-22 08:23:44,2026-01-22 08:23:44.000,1,1,9338.46,,,0.0025,24.7762,34.9719,127.3,0,,,True,SINGLE_READING;,7,day7,MATCHED,D7:wor:L10-16,L10-16,L10-16,results.zip/day7.xlsx,workbook,5.43565,192.012,L10-15,True,24.7762,34.9718,132.77,,2.832,129.938,0.356131,11.6996,118.238,118.45,-0.211844,4020.12,33671.5,False,9342.15,0.053249,INTERPOLATED,276,316,-3.68725,0.0533077,0,True,1.01189,-3.7311,18.3494,-0.724065,5.66404,2.657,0.769391,1.11822,0.964343,0.887404,0.810465,0.733526,0.656587,0.602729,0.579647,0.502708,0.425769,0.34883,0.122148,0.0880124,4.67525,0.907661,0.282487,0.754241,0.841682,0.66015,0.569384,0.478618,0.387852,0.297086,0.233549,0.20632,0.115554,0.0247875,-0.0659786,5.46253,True,16,3002.76,O-L10-1-25
282,CG6-0313,2026-01-22,10,17,field,CG6-0313|2026-01-22|L10|S17,2026-01-22 08:27:07,2026-01-22 08:27:07,2026-01-22 08:27:07.000,1,1,9337.28,,,0.0028,24.7743,34.9719,125.2,0,,,True,SINGLE_READING;,7,day7,MATCHED,D7:wor:L10-17,L10-17,L10-17,results.zip/day7.xlsx,workbook,3.64524,186.043,L10-18,True,24.7742,34.9719,137.986,,2.832,135.154,0.356131,11.7017,123.452,122.627,0.825552,4093.45,33883.7,False,9342.15,0.0532475,INTERPOLATED,276,316,-4.86795,0.053321,0,True,1.01189,-4.92584,23.5634,-0.859467,7.27346,3.20708,0.988013,1.23106,1.03346,0.934654,0.835853,0.737052,0.63825,0.56909,0.539449,0.440648,0.341847,0.243045,0.122154,0.0880205,4.93089,1.1633,0.245471,0.655408,0.880487,0.647827,0.531497,0.415167,0.298837,0.182508,0.101077,0.0661777,-0.0501522,-0.166482,-0.282812,5.60635,True,17,3222.09,O-L10-1-25
283,CG6-0313,2026-01-22,10,18,field,CG6-0313|2026-01-22|L10|S18,2026-01-22 08:30:50,2026-01-22 08:30:50,2026-01-22 08:30:50.000,1,1,9336.85,,,0.0023,24.7726,34.9721,129.1,0,,,True,SINGLE_READING;,7,day7,MATCHED,D7:wor:L10-18,L10-18,L10-18,results.zip/day7.xlsx,workbook,3.49984,180.106,L10-17,True,24.7726,34.9721,140.894,,2.832,138.062,0.356131,11.7025,126.36,125.873,0.486308,4181.49,34065.3,False,9342.15,0.0532458,INTERPOLATED,276,316,-5.30051,0.0532955,0,True,1.01189,-5.36355,26.4706,-0.971311,8.17083,3.77859,1.10991,1.55877,1.33679,1.2258,1.1148,1.00381,0.892822,0.815129,0.781831,0.67084,0.559849,0.448858,0.122143,0.088005,5.06423,1.29664,0.234027,0.624851,1.18531,0.92598,0.796316,0.666652,0.536988,0.407323,0.316558,0.277659,0.147995,0.0183308,-0.111333,5.70951,True,18,3404.65,O-L10-1-25
284,CG6-0313,2026-01-22,10,19,field,CG6-0313|2026-01-22|L10|S19,2026-01-22 08:34:27,2026-01-22 08:34:27,2026-01-22 08:34:27.000,1,1,9336.13,,,0.0033,24.7709,34.9723,126.5,0,,,True,SINGLE_READING;,7,day7,MATCHED,D7:wor:L10-19,L10-19,L10-19,results.zip/day7.xlsx,workbook,4.43168,190.719,L10-18,True,24.7709,34.9723,144.602,,2.832,141.77,0.356131,11.7038,130.066,130.211,-0.144637,4270.24,34254.3,False,9342.15,0.0532443,INTERPOLATED,276,316,-6.01725,0.0533465,0,True,1.01189,-6.08881,30.1772,-1.0914,9.31498,4.31757,1.26533,1.7869,1.53384,1.4073,1.28077,1.15424,1.0277,0.93913,0.90117,0.774637,0.648104,0.521571,0.122165,0.0880359,5.19058,1.423,0.263093,0.702457,1.47157,1.18697,1.04467,0.902375,0.760076,0.617776,0.518166,0.475477,0.333177,0.190877,0.0485777,5.82959,True,19,3599.7,O-L10-1-25
285,CG6-0313,2026-01-22,10,20,field,CG6-0313|2026-01-22|L10|S20,2026-01-22 08:38:43,2026-01-22 08:38:43,2026-01-22 08:38:43.000,1,1,9335.25,,,0.0036,24.7692,34.973,141.4,0,,,True,SINGLE_READING;,7,day7,MATCHED,D7:wor:L10-20,L10-20,L10-20,results.zip/day7.xlsx,workbook,4.06389,195.326,L10-19,True,24.7692,34.9729,148.115,,2.832,145.283,0.356131,11.7025,133.581,133.785,-0.204823,4412.49,34453,False,9342.15,0.0532426,INTERPOLATED,276,316,-6.89055,0.0533642,0,True,1.01189,-6.9725,33.6915,-1.20553,10.3998,4.63279,1.41269,1.80741,1.52488,1.38361,1.24234,1.10107,0.959801,0.860912,0.818532,0.677263,0.535995,0.394726,0.122173,0.0880466,5.35417,1.58659,0.246857,0.659108,1.45961,1.1423,0.983637,0.824978,0.666319,0.507661,0.3966,0.349002,0.190343,0.0316848,-0.126974,5.90404,True,20,3796.01,O-L10-1-25
286,CG6-0313,2026-01-22,10,21,field,CG6-0313|2026-01-22|L10|S21,2026-01-22 08:42:09,2026-01-22 08:42:09,2026-01-22 08:42:09.000,1,1,9334.44,,,0.0026,24.7673,34.9741,143.3,0,,,True,SINGLE_READING;,7,day7,MATCHED,D7:wor:L10-21,L10-21,L10-21,results.zip/day7.xlsx,workbook,3.88964,146.103,L10-22,True,24.7673,34.9741,152.537,,2.832,149.705,0.356131,11.699,138.006,138.892,-0.886291,4614.39,34692.1,False,9342.14,0.0532413,INTERPOLATED,276,316,-7.69981,0.0533047,0,True,1.01189,-7.79138,38.1171,-1.33875,11.7658,5.31316,1.59825,2.11666,1.79701,1.63719,1.47736,1.31754,1.15771,1.04583,0.997886,0.838062,0.678237,0.518412,0.122147,0.0880106,5.59273,1.82514,0.193863,0.517615,1.66287,1.29784,1.11533,0.932816,0.750302,0.567788,0.440028,0.385274,0.202759,0.0202451,-0.162269,5.96496,True,21,4041.7,O-L10-1-25
287,CG6-0313,2026-01-22,10,22,field,CG6-0313|2026-01-22|L10|S22,2026-01-22 08:45:21,2026-01-22 08:45:21,2026-01-22 08:45:21.000,1,1,9333.92,,,0.0024,24.7661,34.9747,146.3,0,,,True,SINGLE_READING;,7,day7,MATCHED,D7:wor:L10-22,L10-22,L10-22,results.zip/day7.xlsx,workbook,3.606,140.888,L10-21,True,24.7661,34.9747,155.357,,2.832,152.525,0.356131,11.6974,140.828,141.967,-1.13981,4726.9,34833.5,False,9342.14,0.0532401,INTERPOLATED,276,316,-8.22398,0.0532942,0,True,1.01189,-8.32179,40.9386,-1.41977,12.6367,5.73471,1.71656,2.3016,1.95829,1.78663,1.61497,1.44332,1.27166,1.1515,1.10001,0.928352,0.756696,0.585041,0.122142,0.0880043,5.74925,1.98166,0.155656,0.415601,1.7714,1.37506,1.1769,0.978732,0.780566,0.5824,0.443684,0.384235,0.186069,-0.012097,-0.210263,6.01447,True,22,4186.11,O-L10-1-25
288,CG6-0313,2026-01-22,10,23,field,CG6-0313|2026-01-22|L10|S23,2026-01-22 08:48:46,2026-01-22 08:48:46,2026-01-22 08:48:46.000,1,1,9332.87,,,0.0031,24.7645,34.9754,150.3,0,,,True,SINGLE_READING;,7,day7,MATCHED,D7:wor:L10-23,L10-23,L10-23,results.zip/day7.xlsx,workbook,6.91474,189.207,L10-22,True,24.7644,34.9754,160.019,,2.832,157.187,0.356131,11.696,145.491,145.91,-0.419424,4876.92,35025.6,False,9342.14,0.053239,INTERPOLATED,276,316,-9.27083,0.0533292,0,True,1.01189,-9.38109,45.602,-1.53274,14.0762,6.22784,1.91209,2.40366,2.02124,1.83003,1.63882,1.44761,1.2564,1.12255,1.06519,0.873982,0.682772,0.491563,0.122157,0.0880254,5.98723,2.21964,0.113207,0.302264,1.78856,1.34463,1.12266,0.9007,0.678736,0.456771,0.301396,0.234807,0.0128427,-0.209122,-0.431086,6.09891,True,23,4381.61,O-L10-1-25
289,CG6-0313,2026-01-22,10,24,field,CG6-0313|2026-01-22|L10|S24,2026-01-22 08:52:24,2026-01-22 08:52:24,2026-01-22 08:52:24.000,1,1,9332.3,,,0.0028,24.7633,34.9769,160.1,0,,,True,SINGLE_READING;,7,day7,MATCHED,D7:wor:L10-24,L10-24,L10-24,results.zip/day7.xlsx,workbook,7.22084,201.063,L10-23,True,24.7633,34.9769,164.721,,2.832,161.889,0.356131,11.6898,150.199,150.815,-0.615498,5079.34,35196.5,False,9342.14,0.0532378,INTERPOLATED,276,316,-9.84127,0.0533114,0,True,1.01189,-9.9583,50.3102,-1.61366,15.5295,7.18483,2.10951,2.96581,2.54391,2.33296,2.12201,1.91106,1.70011,1.55244,1.48915,1.2782,1.06725,0.856302,0.12215,0.0880147,6.19845,2.43086,0.099403,0.265406,2.3231,1.83693,1.59384,1.35076,1.10767,0.864585,0.694425,0.621499,0.378413,0.135327,-0.107759,6.09354,True,24,4583.54,O-L10-1-25
290,CG6-0313,2026-01-22,10,25,field,CG6-0313|2026-01-22|L10|S25,2026-01-22 08:56:56,2026-01-22 08:56:56,2026-01-22 08:56:56.000,1,1,9331.21,,,0.0026,24.7618,34.9781,166.2,0,,,True,SINGLE_READING;,7,day7,MATCHED,D7:wor:L10-25,L10-25,L10-25,results.zip/day7.xlsx,workbook,7.53288,198.474,L10-24,True,24.7618,34.9781,169.485,,2.832,166.653,0.356131,11.6859,154.967,157.836,-2.86922,5263.97,35386.8,False,9342.14,0.0532365,INTERPOLATED,276,316,-10.9348,0.0532999,0,True,1.01189,-11.0649,55.0782,-1.71521,17.0012,7.65153,2.30943,3.03267,2.57079,2.33984,2.1089,1.87796,1.64702,1.48536,1.41607,1.18513,0.954188,0.723245,0.122145,0.0880077,6.39072,2.62313,0.107054,0.285835,2.40527,1.88064,1.61833,1.35602,1.0937,0.831389,0.64777,0.569076,0.306763,0.0444499,-0.217863,6.14422,True,25,4785.08,O-L10-1-25
291,CG6-0313,2026-01-22,10,26,field,CG6-0313|2026-01-22|L10|S26,2026-01-22 09:16:01,2026-01-22 09:16:01,2026-01-22 09:16:01.000,1,1,9350.81,,,0.0033,24.803,34.9577,63.6,0,,,True,SINGLE_READING;,7,day7,MATCHED,D7:wor:L10-26,L10-26,L10-26,results.zip/day7.xlsx,workbook,7.49679,206.174,L10-27,True,24.8029,34.9577,69.785,,2.832,66.953,0.356131,11.7378,55.2152,55.3095,-0.0942333,3012.43,30421.8,False,9342.14,0.0532322,INTERPOLATED,276,316,8.67334,0.0533344,0,True,1.01189,8.77649,-44.6737,1.10976,-13.7899,-6.12319,-1.87317,-2.37685,-2.00221,-1.81489,-1.62758,-1.44026,-1.25294,-1.12182,-1.06563,-0.87831,-0.690993,-0.503676,0.12216,0.0880286,2.02744,-1.74014,0.287731,0.768242,-2.6429,-2.29487,-2.12085,-1.94684,-1.77283,-1.59881,-1.477,-1.4248,-1.25078,-1.07677,-0.902753,4.70475,True,26,0,O-L10-26-50
292,CG6-0313,2026-01-22,10,27,field,CG6-0313|2026-01-22|L10|S27,2026-01-22 09:19:37,2026-01-22 09:19:37,2026-01-22 09:19:37.000,1,1,9349.6,,,0.0026,24.8048,34.9572,57.3,0,,,True,SINGLE_READING;,7,day7,MATCHED,D7:wor:L10-27,L10-27,L10-27,results.zip/day7.xlsx,workbook,6.68425,192.676,L10-28,True,24.8048,34.9571,74.877,,2.832,72.045,0.356131,11.7376,60.3074,60.1017,0.205664,3100.93,30209.4,False,9342.13,0.0532316,INTERPOLATED,276,316,7.46607,0.0532951,0,True,1.01189,7.55486,-39.5816,1.23772,-12.2181,-5.90092,-1.65966,-2.58161,-2.24967,-2.08371,-1.91774,-1.75178,-1.58581,-1.46964,-1.41985,-1.25388,-1.08792,-0.92195,0.122143,0.0880048,2.20851,-1.55908,0.320178,0.854875,-2.78276,-2.47095,-2.31504,-2.15913,-2.00322,-1.84732,-1.73818,-1.69141,-1.5355,-1.37959,-1.22369,4.62157,True,27,213.314,O-L10-26-50
293,CG6-0313,2026-01-22,10,28,field,CG6-0313|2026-01-22|L10|S28,2026-01-22 09:24:04,2026-01-22 09:24:04,2026-01-22 09:24:04.000,1,1,9348.75,,,0.0049,24.8065,34.9565,55.6,0,,,True,SINGLE_READING;,7,day7,MATCHED,D7:wor:L10-28,L10-28,L10-28,results.zip/day7.xlsx,workbook,7.53522,197.822,L10-29,True,24.8065,34.9565,79.852,,2.832,77.02,0.356131,11.7382,65.2818,65.5293,-0.247519,3179.57,30009.6,False,9342.13,0.053231,INTERPOLATED,276,316,6.61368,0.053456,0,True,1.01189,6.69233,-34.6072,1.3545,-10.6826,-5.34472,-1.45108,-2.44256,-2.15234,-2.00723,-1.86212,-1.71702,-1.57191,-1.47033,-1.4268,-1.28169,-1.13658,-0.991476,0.122213,0.0881024,2.40313,-1.36446,0.334135,0.89214,-2.6158,-2.34291,-2.20646,-2.07002,-1.93357,-1.79713,-1.70161,-1.66068,-1.52423,-1.38779,-1.25134,4.56538,True,28,412.063,O-L10-26-50
294,CG6-0313,2026-01-22,10,29,field,CG6-0313|2026-01-22|L10|S29,2026-01-22 09:27:10,2026-01-22 09:27:10,2026-01-22 09:27:10.000,1,1,9347.6,,,0.0029,24.8081,34.9556,64.4,0,,,True,SINGLE_READING;,7,day7,MATCHED,D7:wor:L10-29,L10-29,L10-29,results.zip/day7.xlsx,workbook,7.08292,192.029,L10-30,True,24.8081,34.9555,85.264,,2.832,82.432,0.356131,11.741,70.691,70.8321,-0.141167,3239.28,29811.6,False,9342.13,0.0532306,INTERPOLATED,276,316,5.4628,0.0533096,0,True,1.01189,5.52777,-29.198,1.46513,-9.01283,-4.95019,-1.22427,-2.50165,-2.25679,-2.13437,-2.01194,-1.88951,-1.76708,-1.68139,-1.64466,-1.52223,-1.3998,-1.27738,0.122149,0.0880136,2.67603,-1.09156,0.288042,0.769071,-2.76708,-2.54877,-2.43961,-2.33046,-2.2213,-2.11214,-2.03574,-2.00299,-1.89383,-1.78468,-1.67552,4.55559,True,29,617.301,O-L10-26-50
295,CG6-0313,2026-01-22,10,30,field,CG6-0313|2026-01-22|L10|S30,2026-01-22 09:30:17,2026-01-22 09:30:17,2026-01-22 09:30:17.000,1,1,9346.48,,,0.0038,24.8092,34.9539,51.2,0,,,True,SINGLE_READING;,7,day7,MATCHED,D7:wor:L10-30,L10-30,L10-30,results.zip/day7.xlsx,workbook,8.4183,186.079,L10-31,True,24.8091,34.954,90.918,,2.832,88.086,0.356131,11.7477,76.3383,76.4043,-0.0659329,3218.29,29658.3,False,9342.13,0.0532303,INTERPOLATED,276,316,4.34583,0.0533658,0,True,1.01189,4.39751,-23.5506,1.53581,-7.2696,-4.40789,-0.987478,-2.43294,-2.23544,-2.13669,-2.03795,-1.9392,-1.84045,-1.77133,-1.7417,-1.64296,-1.54421,-1.44546,0.122173,0.0880476,2.94765,-0.819934,0.253213,0.676078,-2.76803,-2.60404,-2.52205,-2.44005,-2.35806,-2.27607,-2.21867,-2.19407,-2.11208,-2.03009,-1.94809,4.63629,True,30,812.247,O-L10-26-50
296,CG6-0313,2026-01-22,10,31,field,CG6-0313|2026-01-22|L10|S31,2026-01-22 09:33:37,2026-01-22 09:33:37,2026-01-22 09:33:37.000,1,1,9345.14,,,0.0023,24.8101,34.9523,57.8,0,,,True,SINGLE_READING;,7,day7,MATCHED,D7:wor:L10-31,L10-31,L10-31,results.zip/day7.xlsx,workbook,6.84948,188.193,L10-32,True,24.8101,34.9524,96.361,,2.832,93.529,0.356131,11.7547,81.7743,82.0139,-0.239607,3203.04,29515.7,False,9342.13,0.0532301,INTERPOLATED,276,316,3.01134,0.0532797,0,True,1.01189,3.04715,-18.1146,1.60146,-5.59161,-4.14592,-0.759546,-2.62682,-2.47491,-2.39896,-2.32301,-2.24705,-2.1711,-2.11793,-2.09514,-2.01919,-1.94323,-1.86728,0.122136,0.0879955,3.1602,-0.607385,0.268596,0.717151,-2.93115,-2.80967,-2.74893,-2.68819,-2.62745,-2.56671,-2.5242,-2.50598,-2.44524,-2.3845,-2.32376,4.7309,True,31,1005.9,O-L10-26-50
297,CG6-0313,2026-01-22,10,32,field,CG6-0313|2026-01-22|L10|S32,2026-01-22 09:36:51,2026-01-22 09:36:51,2026-01-22 09:36:51.000,1,1,9344.15,,,0.0025,24.8114,34.9511,65.6,0,,,True,SINGLE_READING;,7,day7,MATCHED,D7:wor:L10-32,L10-32,L10-32,results.zip/day7.xlsx,workbook,8.73749,187.998,L10-33,True,24.8114,34.9511,101.388,,2.832,98.556,0.356131,11.7594,86.7966,87.7955,-0.998915,3257.31,29339.6,False,9342.13,0.0532299,INTERPOLATED,276,316,2.01505,0.0532886,0,True,1.01189,2.03901,-13.0924,1.69212,-4.04135,-3.69446,-0.548963,-2.59653,-2.48674,-2.43184,-2.37695,-2.32205,-2.26716,-2.22873,-2.21226,-2.15736,-2.10247,-2.04757,0.12214,0.0880008,3.30742,-0.460171,0.331965,0.886346,-2.77412,-2.68208,-2.63607,-2.59005,-2.54403,-2.49802,-2.4658,-2.452,-2.40598,-2.35996,-2.31395,4.78426,True,32,1200.87,O-L10-26-50
298,CG6-0313,2026-01-22,10,33,field,CG6-0313|2026-01-22|L10|S33,2026-01-22 09:39:52,2026-01-22 09:39:52,2026-01-22 09:39:52.000,1,1,9343.22,,,0.0027,24.813,34.9501,46.3,0,,,True,SINGLE_READING;,7,day7,MATCHED,D7:wor:L10-33,L10-33,L10-33,results.zip/day7.xlsx,workbook,13.9645,180.565,L10-34,True,24.8129,34.9502,106.541,,2.832,103.709,0.356131,11.7621,91.9469,93.6483,-1.70132,3357.79,29144.7,False,9342.13,0.0532298,INTERPOLATED,276,316,1.09063,0.0532982,0,True,1.01189,1.1036,-7.94201,1.7979,-2.45154,-3.14584,-0.333009,-2.47982,-2.41322,-2.37992,-2.34662,-2.31332,-2.28002,-2.25671,-2.24672,-2.21342,-2.18012,-2.14682,0.122144,0.0880067,3.53544,-0.232147,0.319895,0.854119,-2.68155,-2.63512,-2.6119,-2.58869,-2.56547,-2.54226,-2.52601,-2.51905,-2.49583,-2.47262,-2.4494,4.80335,True,33,1395.86,O-L10-26-50
299,CG6-0313,2026-01-22,10,34,field,CG6-0313|2026-01-22|L10|S34,2026-01-22 09:43:10,2026-01-22 09:43:10,2026-01-22 09:43:10.000,1,1,9342.6,,,0.0025,24.8146,34.9495,65.8,0,,,True,SINGLE_READING;,7,day7,MATCHED,D7:wor:L10-34,L10-34,L10-34,results.zip/day7.xlsx,workbook,10.3453,190.49,L10-35,True,24.8146,34.9495,113.166,,2.832,110.334,0.356131,11.763,98.571,99.0831,-0.512103,3486.07,28954.6,False,9342.13,0.0532297,INTERPOLATED,276,316,0.47196,0.0532884,0,True,1.01189,0.477573,-1.318,1.91129,-0.406854,-1.84057,-0.0552638,-1.73004,-1.71899,-1.71346,-1.70794,-1.70241,-1.69689,-1.69302,-1.69136,-1.68583,-1.68031,-1.67478,0.12214,0.0880007,3.90325,0.135666,0.229828,0.61364,-2.1119,-2.13904,-2.1526,-2.16617,-2.17974,-2.1933,-2.2028,-2.20687,-2.22044,-2.234,-2.24757,4.79886,True,34,1590.29,O-L10-26-50
300,CG6-0313,2026-01-22,10,35,field,CG6-0313|2026-01-22|L10|S35,2026-01-22 09:46:54,2026-01-22 09:46:54,2026-01-22 09:46:54.000,1,1,9341.63,,,0.0022,24.8164,34.9492,88.6,0,,,True,SINGLE_READING;,7,day7,MATCHED,D7:wor:L10-35,L10-35,L10-35,results.zip/day7.xlsx,workbook,8.8957,196.091,L10-36,True,24.8163,34.9493,119.408,,2.832,116.576,0.356131,11.7618,104.814,104.881,-0.0663721,3651.09,28756.9,False,9342.13,0.0532297,INTERPOLATED,276,316,-0.49434,0.0532751,0,True,1.01189,-0.500219,4.92525,2.03447,1.52029,-1.01439,0.206516,-1.42742,-1.46873,-1.48938,-1.51003,-1.53068,-1.55133,-1.56579,-1.57198,-1.59264,-1.61329,-1.63394,0.122134,0.0879927,4.20922,0.441635,0.185638,0.495653,-1.89766,-1.98599,-2.03015,-2.07432,-2.11848,-2.16264,-2.19356,-2.20681,-2.25097,-2.29513,-2.3393,4.76017,True,35,1791.11,O-L10-26-50
301,CG6-0313,2026-01-22,10,36,field,CG6-0313|2026-01-22|L10|S36,2026-01-22 09:50:26,2026-01-22 09:50:26,2026-01-22 09:50:26.000,1,1,9340.47,,,0.0024,24.8182,34.9494,107.2,0,,,True,SINGLE_READING;,7,day7,MATCHED,D7:wor:L10-36,L10-36,L10-36,results.zip/day7.xlsx,workbook,6.08423,178.999,L10-37,True,24.8182,34.9494,125.716,,2.832,122.884,0.356131,11.7587,111.125,110.993,0.132151,3839.53,28565.4,False,9342.13,0.0532298,INTERPOLATED,276,316,-1.65245,0.0532838,0,True,1.01189,-1.6721,11.2363,2.16064,3.46836,-0.364374,0.471138,-1.30665,-1.40088,-1.44799,-1.49511,-1.54222,-1.58933,-1.62231,-1.63645,-1.68356,-1.73068,-1.77779,0.122138,0.087998,4.45537,0.687778,0.204117,0.544992,-1.73993,-1.87749,-1.94626,-2.01504,-2.08382,-2.1526,-2.20074,-2.22138,-2.29015,-2.35893,-2.42771,4.69636,True,36,1995.27,O-L10-26-50
302,CG6-0313,2026-01-22,10,37,field,CG6-0313|2026-01-22|L10|S37,2026-01-22 09:53:35,2026-01-22 09:53:35,2026-01-22 09:53:35.000,1,1,9339.34,,,0.0034,24.8199,34.9495,116.3,0,,,True,SINGLE_READING;,7,day7,MATCHED,D7:wor:L10-37,L10-37,L10-37,results.zip/day7.xlsx,workbook,7.92454,187.25,L10-38,True,24.8198,34.9495,130.82,,2.832,127.988,0.356131,11.7556,116.232,116.809,-0.576404,4015.81,28389.3,False,9342.13,0.0532299,INTERPOLATED,276,316,-2.78823,0.0533384,0,True,1.01189,-2.82139,16.3435,2.27454,5.04482,-0.0511071,0.685282,-1.42167,-1.55873,-1.62726,-1.69578,-1.76431,-1.83284,-1.88081,-1.90137,-1.9699,-2.03842,-2.10695,0.122161,0.088031,4.64794,0.880353,0.225686,0.602581,-1.81181,-1.98788,-2.07592,-2.16395,-2.25199,-2.34002,-2.40165,-2.42806,-2.5161,-2.60413,-2.69217,4.63808,True,37,2180.03,O-L10-26-50
303,CG6-0313,2026-01-22,10,38,field,CG6-0313|2026-01-22|L10|S38,2026-01-22 09:56:47,2026-01-22 09:56:47,2026-01-22 09:56:47.000,1,1,9338.14,,,0.0021,24.8216,34.9493,123,0,,,True,SINGLE_READING;,7,day7,MATCHED,D7:wor:L10-38,L10-38,L10-38,results.zip/day7.xlsx,workbook,7.61556,188.788,L10-39,True,24.8216,34.9492,136.76,,2.832,133.928,0.356131,11.7544,122.174,122.004,0.169605,4183.16,28196.2,False,9342.13,0.0532301,INTERPOLATED,276,316,-3.9844,0.0532715,0,True,1.01189,-4.03178,22.2846,2.39363,6.8787,0.453289,0.934394,-1.4155,-1.60238,-1.69582,-1.78926,-1.8827,-1.97614,-2.04154,-2.06958,-2.16302,-2.25645,-2.34989,0.122132,0.0879905,4.95777,1.19018,0.164968,0.440465,-1.92708,-2.16511,-2.28413,-2.40315,-2.52217,-2.64119,-2.7245,-2.76021,-2.87922,-2.99824,-3.11726,4.62472,True,38,2374.28,O-L10-26-50
304,CG6-0313,2026-01-22,10,39,field,CG6-0313|2026-01-22|L10|S39,2026-01-22 10:00:04,2026-01-22 10:00:04,2026-01-22 10:00:04.000,1,1,9337.21,,,0.0025,24.8234,34.9491,126.1,0,,,True,SINGLE_READING;,7,day7,MATCHED,D7:wor:L10-39,L10-39,L10-39,results.zip/day7.xlsx,workbook,11.0346,172.768,L10-40,True,24.8233,34.9491,141.272,,2.832,138.44,0.356131,11.7529,126.687,127.256,-0.568763,4361.84,28000.9,False,9342.12,0.0532303,INTERPOLATED,276,316,-4.91442,0.053289,0,True,1.01189,-4.97286,26.7982,2.51439,8.27191,0.784659,1.12365,-1.46264,-1.68737,-1.79973,-1.9121,-2.02446,-2.13683,-2.21548,-2.24919,-2.36155,-2.47392,-2.58628,0.12214,0.0880011,5.14615,1.37856,0.16584,0.442794,-1.97247,-2.24818,-2.38604,-2.5239,-2.66175,-2.79961,-2.89611,-2.93746,-3.07532,-3.21318,-3.35103,4.61192,True,39,2570.39,O-L10-26-50
305,CG6-0313,2026-01-22,10,40,field,CG6-0313|2026-01-22|L10|S40,2026-01-22 10:03:34,2026-01-22 10:03:34,2026-01-22 10:03:34.000,1,1,9336.01,,,0.0031,24.825,34.9486,139,0,,,True,SINGLE_READING;,7,day7,MATCHED,D7:wor:L10-40,L10-40,L10-40,results.zip/day7.xlsx,workbook,8.32749,187.962,L10-39,True,24.8249,34.9486,146.745,,2.832,143.913,0.356131,11.7532,132.16,132.429,-0.26945,4506.25,27821.7,False,9342.12,0.0532307,INTERPOLATED,276,316,-6.10938,0.0533208,0,True,1.01189,-6.18204,32.2709,2.62237,9.96118,1.15677,1.35312,-1.54946,-1.82009,-1.9554,-2.09071,-2.22602,-2.36133,-2.45605,-2.49665,-2.63196,-2.76727,-2.90258,0.122154,0.0880204,5.41795,1.65036,0.123509,0.32977,-2.14396,-2.47403,-2.63907,-2.80411,-2.96914,-3.13418,-3.2497,-3.29921,-3.46425,-3.62929,-3.79432,4.63982,True,40,2751.66,O-L10-26-50
306,CG6-0313,2026-01-22,10,41,field,CG6-0313|2026-01-22|L10|S41,2026-01-22 10:09:30,2026-01-22 10:09:30,2026-01-22 10:09:30.000,1,1,9335.03,,,0.0026,24.8266,34.9475,139.6,0,,,True,SINGLE_READING;,7,day7,MATCHED,D7:wor:L10-41,L10-41,L10-41,results.zip/day7.xlsx,workbook,11.3571,216.926,L10-40,True,24.8265,34.9475,150.967,,2.832,148.135,0.356131,11.7566,136.378,137.222,-0.843084,4645.42,27617.8,False,9342.12,0.0532314,INTERPOLATED,276,316,-7.09322,0.0532948,0,True,1.01189,-7.17757,36.4895,2.73322,11.2633,1.35255,1.53,-1.70746,-2.01346,-2.16646,-2.31946,-2.47246,-2.62546,-2.73256,-2.77846,-2.93146,-3.08446,-3.23746,0.122142,0.0880047,5.60433,1.83674,0.114015,0.304421,-2.32094,-2.68829,-2.87196,-3.05564,-3.23931,-3.42299,-3.55156,-3.60666,-3.79034,-3.97401,-4.15768,4.73246,True,41,2960.42,O-L10-26-50
307,CG6-0313,2026-01-22,10,42,field,CG6-0313|2026-01-22|L10|S42,2026-01-22 10:14:48,2026-01-22 10:14:48,2026-01-22 10:14:48.000,1,1,9334,,,0.0028,24.8286,34.947,146.4,0,,,True,SINGLE_READING;,7,day7,MATCHED,D7:wor:L10-42,L10-42,L10-42,results.zip/day7.xlsx,workbook,9.27576,165.737,L10-43,True,24.8286,34.947,156.165,,2.832,153.333,0.356131,11.7564,141.577,142.551,-0.974126,4847.79,27385.9,False,9342.12,0.0532322,INTERPOLATED,276,316,-8.12049,0.0533058,0,True,1.01189,-8.21707,41.6876,2.87499,12.8679,1.77582,1.74796,-1.72011,-2.0697,-2.24449,-2.41929,-2.59409,-2.76888,-2.89124,-2.94368,-3.11848,-3.29327,-3.46807,0.122147,0.0880113,5.83959,2.072,0.0967183,0.258238,-2.36818,-2.78258,-2.98978,-3.19698,-3.40418,-3.61138,-3.75642,-3.81858,-4.02578,-4.23298,-4.44018,4.77617,True,42,3195.34,O-L10-26-50
308,CG6-0313,2026-01-22,10,43,field,CG6-0313|2026-01-22|L10|S43,2026-01-22 10:18:47,2026-01-22 10:18:47,2026-01-22 10:18:47.000,1,1,9332.95,,,0.0025,24.8299,34.9461,146.8,0,,,True,SINGLE_READING;,7,day7,MATCHED,D7:wor:L10-43,L10-43,L10-43,results.zip/day7.xlsx,workbook,9.26208,175.651,L10-42,True,24.8298,34.946,160.28,,2.832,157.448,0.356131,11.7598,145.688,146.527,-0.838757,4956.96,27225.6,False,9342.12,0.053233,INTERPOLATED,276,316,-9.17384,0.0532916,0,True,1.01189,-9.28294,45.7992,2.96136,14.137,1.8927,1.92036,-1.94802,-2.33209,-2.52413,-2.71617,-2.9082,-3.10024,-3.23466,-3.29227,-3.48431,-3.67635,-3.86838,0.122141,0.0880027,6.01281,2.24522,0.0958955,0.256041,-2.59774,-3.04679,-3.27131,-3.49583,-3.72036,-3.94488,-4.10204,-4.1694,-4.39392,-4.61844,-4.84297,4.8739,True,43,3365.43,O-L10-26-50
309,CG6-0313,2026-01-22,10,44,field,CG6-0313|2026-01-22|L10|S44,2026-01-22 10:22:15,2026-01-22 10:22:15,2026-01-22 10:22:15.000,1,1,9331.66,,,0.0018,24.8316,34.9449,147.4,0,,,True,SINGLE_READING;,7,day7,MATCHED,D7:wor:L10-44,L10-44,L10-44,results.zip/day7.xlsx,workbook,7.84904,182.584,L10-45,True,24.8315,34.9449,164.926,,2.832,162.094,0.356131,11.7636,150.33,151.409,-1.07846,5111.89,27013.9,False,9342.12,0.0532337,INTERPOLATED,276,316,-10.4557,0.0532641,0,True,1.01189,-10.58,50.4414,3.07825,15.5699,1.91166,2.11501,-2.31836,-2.74136,-2.95286,-3.16436,-3.37586,-3.58736,-3.73541,-3.79886,-4.01036,-4.22186,-4.43337,0.122129,0.087986,6.20681,2.43922,0.0965474,0.257782,-2.96678,-3.45462,-3.69854,-3.94246,-4.18638,-4.43031,-4.60105,-4.67423,-4.91815,-5.16207,-5.40599,4.98889,True,44,3586.95,O-L10-26-50
310,CG6-0313,2026-01-22,10,45,field,CG6-0313|2026-01-22|L10|S45,2026-01-22 10:27:55,2026-01-22 10:27:55,2026-01-22 10:27:55.000,1,1,9330.37,,,0.0032,24.8322,34.9432,154.1,0,,,True,SINGLE_READING;,7,day7,MATCHED,D7:wor:L10-45,L10-45,L10-45,results.zip/day7.xlsx,workbook,9.14874,185.381,L10-44,True,24.8322,34.9432,170.201,,2.832,167.369,0.356131,11.7719,155.597,156.03,-0.432558,5147.29,26903.3,False,9342.12,0.053235,INTERPOLATED,276,316,-11.7491,0.0533311,0,True,1.01189,-11.8888,55.7081,3.12176,17.1956,2.185,2.33584,-2.48669,-2.95385,-3.18744,-3.42102,-3.65461,-3.88819,-4.0517,-4.12178,-4.35536,-4.58894,-4.82253,0.122158,0.0880266,6.42453,2.65695,0.0996539,0.266076,-3.12889,-3.66028,-3.92598,-4.19167,-4.45736,-4.72306,-4.90905,-4.98875,-5.25445,-5.52014,-5.78584,5.16086,True,45,3771.83,O-L10-26-50
311,CG6-0313,2026-01-22,10,46,field,CG6-0313|2026-01-22|L10|S46,2026-01-22 10:31:28,2026-01-22 10:31:28,2026-01-22 10:31:28.000,1,1,9329.6,,,0.0026,24.8336,34.9419,161.3,0,,,True,SINGLE_READING;,7,day7,MATCHED,D7:wor:L10-46,L10-46,L10-46,results.zip/day7.xlsx,workbook,8.03891,185.668,L10-47,True,24.8335,34.9419,174.616,,2.832,171.784,0.356131,11.7772,160.007,159.913,0.0937007,5270.65,26726.4,False,9342.12,0.0532359,INTERPOLATED,276,316,-12.5173,0.0532994,0,True,1.01189,-12.6661,60.1179,3.21409,18.5567,2.67649,2.52074,-2.36499,-2.86914,-3.12122,-3.37329,-3.62536,-3.87744,-4.05389,-4.12951,-4.38159,-4.63366,-4.88574,0.122144,0.0880074,6.60494,2.83735,0.104147,0.278073,-2.99821,-3.56568,-3.84942,-4.13315,-4.41689,-4.70062,-4.89924,-4.98436,-5.26809,-5.55183,-5.83556,5.29305,True,46,3971.81,O-L10-26-50
312,CG6-0313,2026-01-22,10,47,field,CG6-0313|2026-01-22|L10|S47,2026-01-22 10:34:47,2026-01-22 10:34:47,2026-01-22 10:34:47.000,1,1,9328.64,,,0.0035,24.8343,34.9403,164.1,0,,,True,SINGLE_READING;,7,day7,MATCHED,D7:wor:L10-47,L10-47,L10-47,results.zip/day7.xlsx,workbook,6.16096,186.014,L10-46,True,24.8343,34.9402,179.381,,2.832,176.549,0.356131,11.785,164.764,165.74,-0.975661,5328.47,26607.7,False,9342.12,0.0532368,INTERPOLATED,276,316,-13.4749,0.0533518,0,True,1.01189,-13.6351,64.875,3.26668,20.0251,3.1233,2.72021,-2.31712,-2.86116,-3.13318,-3.40521,-3.67723,-3.94925,-4.13966,-4.22127,-4.49329,-4.76531,-5.03733,0.122167,0.0880391,6.78808,3.02049,0.120477,0.321674,-2.91768,-3.52178,-3.82383,-4.12588,-4.42793,-4.72998,-4.94141,-5.03202,-5.33407,-5.63612,-5.93817,5.46113,True,47,4159.44,O-L10-26-50
313,CG6-0313,2026-01-22,10,48,field,CG6-0313|2026-01-22|L10|S48,2026-01-22 10:38:32,2026-01-22 10:38:32,2026-01-22 10:38:32.000,1,1,9327.15,,,0.0033,24.8343,34.938,163.8,0,,,True,SINGLE_READING;,7,day7,MATCHED,D7:wor:L10-48,L10-48,L10-48,results.zip/day7.xlsx,workbook,6.44963,227.593,L10-47,True,24.8342,34.9379,186.624,,2.832,183.792,0.356131,11.7976,171.994,171.644,0.350329,5299.1,26559.3,False,9342.12,0.0532379,INTERPOLATED,276,316,-14.9634,0.0533401,0,True,1.01189,-15.1414,72.1054,3.26418,22.2569,3.85134,3.02338,-2.19542,-2.8001,-3.10244,-3.40477,-3.70711,-4.00945,-4.22109,-4.31179,-4.61413,-4.91646,-5.2188,0.122162,0.0880321,7.09859,3.33101,0.11313,0.302058,-2.81067,-3.47688,-3.80998,-4.14308,-4.47618,-4.80928,-5.04245,-5.14238,-5.47548,-5.80858,-6.14168,5.69458,True,48,4392.89,O-L10-26-50
314,CG6-0313,2026-01-22,10,49,field,CG6-0313|2026-01-22|L10|S49,2026-01-22 10:42:01,2026-01-22 10:42:01,2026-01-22 10:42:01.000,1,1,9325.35,,,0.0027,24.8336,34.9356,164.9,0,,,True,SINGLE_READING;,7,day7,MATCHED,D7:wor:L10-49,L10-49,L10-49,results.zip/day7.xlsx,workbook,6.9588,239.443,L10-48,True,24.8335,34.9356,193.331,,2.832,190.499,0.356131,11.8112,178.688,178.982,-0.293958,5212.77,26577.5,False,9342.11,0.0532391,INTERPOLATED,276,316,-16.7674,0.0533075,0,True,1.01189,-16.9668,78.7988,3.21735,24.3229,4.13876,3.30403,-2.46931,-3.13012,-3.46052,-3.79092,-4.12133,-4.45173,-4.68301,-4.78213,-5.11254,-5.44294,-5.77334,0.122148,0.0880123,7.37451,3.60692,0.117869,0.314711,-3.07508,-3.79647,-4.15716,-4.51785,-4.87855,-5.23924,-5.49172,-5.59993,-5.96062,-6.32131,-6.68201,5.92705,True,49,4637.83,O-L10-26-50
315,CG6-0313,2026-01-22,10,50,field,CG6-0313|2026-01-22|L10|S50,2026-01-22 10:45:49,2026-01-22 10:45:49,2026-01-22 10:45:49.000,1,1,9323.81,,,0.0029,24.8335,34.9331,182.8,0,,,True,SINGLE_READING;,7,day7,MATCHED,D7:wor:L10-50,L10-50,L10-50,results.zip/day7.xlsx,workbook,5.1399,248.181,L10-49,True,24.8335,34.9331,200.201,,2.832,197.369,0.356131,11.8248,185.544,186.492,-0.948146,5198.65,26534,False,9342.11,0.0532404,INTERPOLATED,276,316,-18.3007,0.0533193,0,True,1.01189,-18.5184,85.6552,3.21124,26.4392,4.70964,3.59152,-2.4734,-3.19171,-3.55086,-3.91001,-4.26917,-4.62832,-4.87972,-4.98747,-5.34662,-5.70577,-6.06493,0.122153,0.0880195,7.65193,3.88434,0.127937,0.341592,-3.05904,-3.83591,-4.22435,-4.61278,-5.00122,-5.38965,-5.66155,-5.77808,-6.16652,-6.55495,-6.94339,6.1776,True,50,4888.45,O-L10-26-50
319,CG6-0313,2026-01-22,11,2,field,CG6-0313|2026-01-22|L11|S2,2026-01-22 12:57:55,2026-01-22 12:57:55,2026-01-22 12:57:55.000,1,1,9331.18,,,0.003,24.7692,34.8946,182.2,0,,,True,SINGLE_READING;,7,day7,MATCHED,D7:wor:L11-2,L11-2,L11-2,results.zip/day7.xlsx,workbook,15.2005,193.156,L11-3,True,24.7691,34.8946,199.612,,2.832,196.78,0.356131,12.0832,184.697,185.548,-0.850871,4404.79,33133.5,False,9342.08,0.0532504,INTERPOLATED,316,351,-10.9013,0.0533349,0,True,1.01189,-11.031,84.8078,-1.21461,26.1778,16.3614,3.55599,9.24941,8.53821,8.18261,7.82701,7.47141,7.11581,6.86689,6.76021,6.40461,6.04901,5.69342,0.12216,0.0880289,7.18957,3.42198,0.554766,1.48123,9.51743,8.83303,8.49083,8.14863,7.80643,7.46424,7.2247,7.12204,6.77984,6.43764,6.09544,12.0771,True,2,0,O-L11-2-65
320,CG6-0313,2026-01-22,11,3,field,CG6-0313|2026-01-22|L11|S3,2026-01-22 13:01:07,2026-01-22 13:01:07,2026-01-22 13:01:07.000,1,1,9331.01,,,0.0035,24.7677,34.8954,184.4,0,,,True,SINGLE_READING;,7,day7,MATCHED,D7:wor:L11-3,L11-3,L11-3,results.zip/day7.xlsx,workbook,23.3992,172.4,L11-2,True,24.7675,34.8952,201.646,,2.832,198.814,0.356131,12.0812,186.733,187.56,-0.827427,4417.05,33302.7,False,9342.08,0.0532503,INTERPOLATED,316,351,-11.0756,0.0533652,0,True,1.01189,-11.2073,86.8438,-1.32032,26.8062,16.9192,3.64136,9.63645,8.90818,8.54404,8.17991,7.81577,7.45163,7.19674,7.0875,6.72336,6.35923,5.99509,0.122173,0.0880473,7.2716,3.50401,0.558105,1.49014,9.91115,9.21034,8.85994,8.50954,8.15914,7.80874,7.56346,7.45834,7.10794,6.75754,6.40713,12.1179,True,3,183.493,O-L11-2-65
321,CG6-0313,2026-01-22,11,4,field,CG6-0313|2026-01-22|L11|S4,2026-01-22 13:04:27,2026-01-22 13:04:27,2026-01-22 13:04:27.000,1,1,9330.81,,,0.002,24.7675,34.8937,178.4,0,,,True,SINGLE_READING;,7,day7,MATCHED,D7:wor:L11-4,L11-4,L11-4,results.zip/day7.xlsx,workbook,19.4903,156.548,L11-3,True,24.7673,34.8936,204.862,,2.832,202.03,0.356131,12.0888,189.941,192.797,-2.85579,4578.79,33318.2,False,9342.08,0.0532503,INTERPOLATED,316,351,-11.2773,0.0532878,0,True,1.01189,-11.4114,90.0522,-1.33468,27.7965,17.7198,3.77589,10.168,9.41283,9.03524,8.65765,8.28006,7.90247,7.63816,7.52488,7.14729,6.7697,6.39211,0.122139,0.0880004,7.51598,3.74839,0.448251,1.19683,10.223,9.47331,9.09847,8.72363,8.3488,7.97396,7.71157,7.59912,7.22428,6.84944,6.4746,12.2672,True,4,349.904,O-L11-2-65
322,CG6-0313,2026-01-22,11,5,field,CG6-0313|2026-01-22|L11|S5,2026-01-22 13:08:05,2026-01-22 13:08:05,2026-01-22 13:08:05.000,1,1,9330.04,,,0.0036,24.767,34.8922,179.4,0,,,True,SINGLE_READING;,7,day7,MATCHED,D7:wor:L11-5,L11-5,L11-5,results.zip/day7.xlsx,workbook,17.0876,150.555,L11-4,True,24.7669,34.892,207.34,,2.832,204.508,0.356131,12.0962,192.412,193.9,-1.48856,4740.92,33366.4,False,9342.08,0.0532505,INTERPOLATED,316,351,-12.0449,0.0533721,0,True,1.01189,-12.1881,92.5228,-1.36606,28.5591,17.737,3.87948,9.97808,9.20218,8.81424,8.42629,8.03834,7.65039,7.37883,7.26244,6.8745,6.48655,6.0986,0.122176,0.0880514,7.51724,3.74965,0.550586,1.47006,10.2377,9.48781,9.11284,8.73788,8.36291,7.98795,7.72547,7.61298,7.23802,6.86305,6.48809,12.4257,True,5,514.7,O-L11-2-65
323,CG6-0313,2026-01-22,11,6,field,CG6-0313|2026-01-22|L11|S6,2026-01-22 13:12:25,2026-01-22 13:12:25,2026-01-22 13:12:25.000,1,1,9330.09,,,0.0044,24.7656,34.8922,184.9,0,,,True,SINGLE_READING;,7,day7,MATCHED,D7:wor:L11-6,L11-6,L11-6,results.zip/day7.xlsx,workbook,11.1339,136.453,L11-5,True,24.7656,34.8922,210.214,,2.832,207.382,0.356131,12.0964,195.286,194.688,0.597792,4804.77,33514.8,False,9342.08,0.053251,INTERPOLATED,316,351,-11.9921,0.0534325,0,True,1.01189,-12.1348,95.3966,-1.45586,29.4462,18.7673,3.99998,10.7673,9.9673,9.5673,9.1673,8.7673,8.3673,8.08731,7.96731,7.56731,7.16731,6.76731,0.122203,0.0880881,7.78954,4.02196,0.398782,1.06475,10.7233,9.91895,9.51676,9.11456,8.71237,8.31017,8.02863,7.90797,7.50578,7.10358,6.70139,12.4953,True,6,660.851,O-L11-2-65
324,CG6-0313,2026-01-22,11,7,field,CG6-0313|2026-01-22|L11|S7,2026-01-22 13:16:31,2026-01-22 13:16:31,2026-01-22 13:16:31.000,1,1,9329.37,,,0.0027,24.7653,34.8942,190.2,0,,,True,SINGLE_READING;,7,day7,MATCHED,D7:wor:L11-7,L11-7,L11-7,results.zip/day7.xlsx,workbook,14.0421,170.081,L11-8,True,24.7651,34.8941,212.704,,2.832,209.872,0.356131,12.0878,197.784,199.627,-1.84312,4654.85,33567.5,False,9342.08,0.0532518,INTERPOLATED,316,351,-12.7065,0.0533202,0,True,1.01189,-12.8576,97.8952,-1.48383,30.2174,18.8436,4.10475,10.6341,9.81319,9.40271,8.99224,8.58176,8.17129,7.88396,7.76081,7.35034,6.93986,6.52939,0.122153,0.08802,7.76264,3.99506,0.530448,1.41629,10.8535,10.0545,9.655,9.2555,8.85599,8.45648,8.17683,8.05698,7.65747,7.25797,6.85846,12.3604,True,7,861.576,O-L11-2-65
325,CG6-0313,2026-01-22,11,8,field,CG6-0313|2026-01-22|L11|S8,2026-01-22 13:20:28,2026-01-22 13:20:28,2026-01-22 13:20:28.000,1,1,9328.15,,,0.0022,24.7639,34.895,194.2,0,,,True,SINGLE_READING;,7,day7,MATCHED,D7:wor:L11-8,L11-8,L11-8,results.zip/day7.xlsx,workbook,7.32603,166.169,L11-7,True,24.7639,34.895,215.126,,2.832,212.294,0.356131,12.0848,200.209,202.701,-2.4917,4662.69,33722.2,False,9342.08,0.0532527,INTERPOLATED,316,351,-13.9286,0.0532982,0,True,1.01189,-14.0943,100.32,-1.56987,30.9659,18.4415,4.20643,10.0286,9.18735,8.7667,8.34606,7.92542,7.50478,7.21033,7.08413,6.66349,6.24285,5.82221,0.122144,0.0880067,7.73599,3.9684,0.658782,1.75895,10.5047,9.711,9.31416,8.91732,8.52048,8.12364,7.84585,7.7268,7.32996,6.93312,6.53628,12.3723,True,8,1024.58,O-L11-2-65
326,CG6-0313,2026-01-22,11,9,field,CG6-0313|2026-01-22|L11|S9,2026-01-22 13:24:15,2026-01-22 13:24:15,2026-01-22 13:24:15.000,1,1,9328.43,,,0.0024,24.7632,34.8932,193,0,,,True,SINGLE_READING;,7,day7,MATCHED,D7:wor:L11-9,L11-9,L11-9,results.zip/day7.xlsx,workbook,11.6231,180.91,L11-10,True,24.7631,34.8932,217.793,,2.832,214.961,0.356131,12.0936,202.867,202.707,0.160245,4862.4,33794.8,False,9342.08,0.0532539,INTERPOLATED,316,351,-13.6474,0.0533079,0,True,1.01189,-13.8097,102.978,-1.62637,31.7864,19.603,4.31789,10.9673,10.1037,9.67191,9.24012,8.80833,8.37654,8.07429,7.94475,7.51296,7.08117,6.64939,0.122148,0.0880126,8.13901,4.37142,0.367223,0.980487,10.8602,9.98592,9.54878,9.11164,8.6745,8.23735,7.93135,7.80021,7.36307,6.92593,6.48879,12.5739,True,9,1228.74,O-L11-2-65
327,CG6-0313,2026-01-22,11,10,field,CG6-0313|2026-01-22|L11|S10,2026-01-22 13:28:04,2026-01-22 13:28:04,2026-01-22 13:28:04.000,1,1,9327.82,,,0.0029,24.7625,34.8916,192.9,0,,,True,SINGLE_READING;,7,day7,MATCHED,D7:wor:L11-10,L11-10,L11-10,results.zip/day7.xlsx,workbook,6.48561,166.144,L11-9,True,24.7624,34.8916,219.402,,2.832,216.57,0.356131,12.101,204.469,205.591,-1.12184,5036.46,33865.7,False,9342.08,0.0532553,INTERPOLATED,316,351,-14.2594,0.0533342,0,True,1.01189,-14.4289,104.58,-1.6711,32.2807,19.5229,4.38504,10.7528,9.8758,9.43729,8.99879,8.56029,8.12178,7.81483,7.68328,7.24477,6.80627,6.36776,0.12216,0.0880285,8.18504,4.41746,0.388341,1.03687,10.688,9.80448,9.36274,8.92099,8.47925,8.0375,7.72828,7.59575,7.15401,6.71226,6.27052,12.7428,True,10,1400.61,O-L11-2-65
328,CG6-0313,2026-01-22,11,11,field,CG6-0313|2026-01-22|L11|S11,2026-01-22 13:31:32,2026-01-22 13:31:32,2026-01-22 13:31:32.000,1,1,9327.01,,,0.003,24.761,34.8905,203.8,0,,,True,SINGLE_READING;,7,day7,MATCHED,D7:wor:L11-11,L11-11,L11-11,results.zip/day7.xlsx,workbook,10.6409,191.027,L11-10,True,24.761,34.8904,221.974,,2.832,219.142,0.356131,12.1073,207.035,208.08,-1.04496,5220.03,34021.8,False,9342.08,0.0532567,INTERPOLATED,316,351,-15.0668,0.0533411,0,True,1.01189,-15.246,107.146,-1.77129,33.0727,19.598,4.49262,10.6128,9.71423,9.26497,8.81571,8.36645,7.91719,7.6027,7.46792,7.01866,6.5694,6.12014,0.122163,0.0880327,8.33517,4.56758,0.345794,0.923271,10.4628,9.54932,9.09256,8.6358,8.17904,7.72228,7.40255,7.26552,6.80877,6.35201,5.89525,12.9342,True,11,1601.89,O-L11-2-65
329,CG6-0313,2026-01-22,11,12,field,CG6-0313|2026-01-22|L11|S12,2026-01-22 13:35:43,2026-01-22 13:35:43,2026-01-22 13:35:43.000,1,1,9326.41,,,0.0029,24.7603,34.8888,195.8,0,,,True,SINGLE_READING;,7,day7,MATCHED,D7:wor:L11-12,L11-12,L11-12,results.zip/day7.xlsx,workbook,5.64332,176.184,L11-11,True,24.7603,34.8888,225.041,,2.832,222.209,0.356131,12.1151,210.094,209.854,0.239642,5404.94,34096.1,False,9342.08,0.0532587,INTERPOLATED,316,351,-15.6661,0.0533376,0,True,1.01189,-15.8524,110.205,-1.81928,34.0169,19.9839,4.62089,10.7421,9.81789,9.3558,8.89371,8.43162,7.96953,7.64607,7.50744,7.04535,6.58326,6.12117,0.122161,0.0880305,8.52941,4.76182,0.279828,0.747141,10.4602,9.50785,9.03166,8.55548,8.0793,7.60312,7.26979,7.12693,6.65075,6.17457,5.69839,13.1127,True,12,1783.38,O-L11-2-65
330,CG6-0313,2026-01-22,11,13,field,CG6-0313|2026-01-22|L11|S13,2026-01-22 13:39:38,2026-01-22 13:39:38,2026-01-22 13:39:38.000,1,1,9326.24,,,0.0027,24.7604,34.8868,197.9,0,,,True,SINGLE_READING;,7,day7,MATCHED,D7:wor:L11-13,L11-13,L11-13,results.zip/day7.xlsx,workbook,5.62942,165.147,L11-14,True,24.7604,34.8868,227.468,,2.832,224.636,0.356131,12.1241,212.512,212.387,0.125284,5569.62,34074.1,False,9342.08,0.0532608,INTERPOLATED,316,351,-15.8338,0.0533292,0,True,1.01189,-16.0221,112.623,-1.81019,34.7633,20.5513,4.72228,11.1068,10.1623,9.69009,9.21786,8.74564,8.27341,7.94285,7.80118,7.32895,6.85672,6.3845,0.122157,0.0880255,8.66603,4.89844,0.244594,0.653066,10.7544,9.77476,9.28492,8.79507,8.30523,7.81538,7.47249,7.32554,6.8357,6.34585,5.85601,13.2698,True,13,1987.15,O-L11-2-65
331,CG6-0313,2026-01-22,11,14,field,CG6-0313|2026-01-22|L11|S14,2026-01-22 13:43:34,2026-01-22 13:43:34,2026-01-22 13:43:34.000,1,1,9325.89,,,0.0045,24.7594,34.8856,193.3,0,,,True,SINGLE_READING;,7,day7,MATCHED,D7:wor:L11-14,L11-14,L11-14,results.zip/day7.xlsx,workbook,3.84351,159.812,L11-13,True,24.7594,34.8856,229.852,,2.832,227.02,0.356131,12.13,214.89,214.8,0.0902442,5730.7,34186.6,False,9342.07,0.0532632,INTERPOLATED,316,351,-16.1842,0.0534529,0,True,1.01189,-16.3766,115.001,-1.87667,35.4973,20.9974,4.822,11.3534,10.389,9.90677,9.42457,8.94238,8.46018,8.12264,7.97798,7.49578,7.01358,6.53138,0.122211,0.0881005,8.77725,5.00966,0.233089,0.622349,10.978,9.97611,9.47514,8.97417,8.47321,7.97224,7.62156,7.47127,6.97031,6.46934,5.96838,13.4286,True,14,2147.14,O-L11-2-65
332,CG6-0313,2026-01-22,11,15,field,CG6-0313|2026-01-22|L11|S15,2026-01-22 13:47:36,2026-01-22 13:47:36,2026-01-22 13:47:36.000,1,1,9325.58,,,0.003,24.7583,34.8844,218.1,0,,,True,SINGLE_READING;,7,day7,MATCHED,D7:wor:L11-15,L11-15,L11-15,results.zip/day7.xlsx,workbook,11.0338,146.942,L11-16,True,24.7582,34.8844,232.128,,2.832,229.296,0.356131,12.1364,217.16,218.037,-0.877824,5899.37,34303.3,False,9342.07,0.0532658,INTERPOLATED,316,351,-16.4905,0.0533503,0,True,1.01189,-16.6866,117.271,-1.95774,36.1979,21.469,4.91716,11.6347,10.6513,10.1595,9.66783,9.17612,8.6844,8.3402,8.19268,7.70097,7.20925,6.71754,0.122167,0.0880382,8.88357,5.11599,0.22193,0.592554,11.237,10.2138,9.70225,9.19065,8.67905,8.16745,7.80933,7.65585,7.14425,6.63266,6.12106,13.6084,True,15,2330.12,O-L11-2-65
333,CG6-0313,2026-01-22,11,16,field,CG6-0313|2026-01-22|L11|S16,2026-01-22 13:51:31,2026-01-22 13:51:31,2026-01-22 13:51:31.000,1,1,9325.03,,,0.0028,24.757,34.8844,210.7,0,,,True,SINGLE_READING;,7,day7,MATCHED,D7:wor:L11-16,L11-16,L11-16,results.zip/day7.xlsx,workbook,4.86005,134.328,L11-15,True,24.757,34.8844,234.002,,2.832,231.17,0.356131,12.1368,219.033,219.715,-0.681797,5974.74,34446.5,False,9342.07,0.0532687,INTERPOLATED,316,351,-17.0438,0.0533422,0,True,1.01189,-17.2465,119.144,-2.04277,36.7761,21.5724,4.99572,11.581,10.5818,10.0823,9.5827,9.08313,8.58356,8.23386,8.08399,7.58442,7.08484,6.58527,0.122163,0.0880333,8.93948,5.1719,0.244579,0.653027,11.2286,10.1943,9.67707,9.15988,8.64269,8.1255,7.76346,7.60831,7.09112,6.57393,6.05674,13.6836,True,16,2467.99,O-L11-2-65
334,CG6-0313,2026-01-22,11,17,field,CG6-0313|2026-01-22|L11|S17,2026-01-22 13:56:15,2026-01-22 13:56:15,2026-01-22 13:56:15.000,1,1,9324.49,,,0.0026,24.7561,34.8854,226.3,0,,,True,SINGLE_READING;,7,day7,MATCHED,D7:wor:L11-17,L11-17,L11-17,results.zip/day7.xlsx,workbook,9.56798,135.052,L11-16,True,24.756,34.8853,236.336,,2.832,233.504,0.356131,12.1332,221.371,222.159,-0.787726,5955.68,34548.8,False,9342.07,0.0532724,INTERPOLATED,316,351,-17.585,0.0533358,0,True,1.01189,-17.7941,121.482,-2.10821,37.4977,21.8118,5.09373,11.6243,10.6056,10.0962,9.58681,9.07744,8.56806,8.2115,8.05869,7.54932,7.03994,6.53057,0.12216,0.0880295,9.07996,5.31237,0.202121,0.539662,11.187,10.1246,9.59332,9.06208,8.53085,7.99961,7.62774,7.46837,6.93714,6.4059,5.87466,13.6711,True,17,2608.89,O-L11-2-65
335,CG6-0313,2026-01-22,11,18,field,CG6-0313|2026-01-22|L11|S18,2026-01-22 13:59:41,2026-01-22 13:59:41,2026-01-22 13:59:41.000,1,1,9323.98,,,0.0027,24.7551,34.8837,221.2,0,,,True,SINGLE_READING;,7,day7,MATCHED,D7:wor:L11-18,L11-18,L11-18,results.zip/day7.xlsx,workbook,12.9952,193.139,L11-17,True,24.755,34.8837,239.015,,2.832,236.183,0.356131,12.1412,224.042,225.014,-0.972576,6155.35,34658.6,False,9342.07,0.0532753,INTERPOLATED,316,351,-18.096,0.0533437,0,True,1.01189,-18.3112,124.153,-2.17999,38.3221,22.1908,5.20573,11.7794,10.7382,10.2177,9.6971,9.17653,8.65595,8.29155,8.13538,7.61481,7.09424,6.57366,0.122164,0.0880342,9.17118,5.40359,0.222896,0.595133,11.3837,10.303,9.76259,9.22223,8.68188,8.14152,7.76327,7.60116,7.0608,6.52044,5.98008,13.874,True,18,2811.88,O-L11-2-65
336,CG6-0313,2026-01-22,11,19,field,CG6-0313|2026-01-22|L11|S19,2026-01-22 14:03:57,2026-01-22 14:03:57,2026-01-22 14:03:57.000,1,1,9323.22,,,0.0023,24.7531,34.883,227.3,0,,,True,SINGLE_READING;,7,day7,MATCHED,D7:wor:L11-19,L11-19,L11-19,results.zip/day7.xlsx,workbook,8.51732,172.636,L11-20,True,24.7531,34.8829,242.161,,2.832,239.329,0.356131,12.1457,227.183,227.797,-0.613521,6345.89,34876.9,False,9342.07,0.0532792,INTERPOLATED,316,351,-18.853,0.0533288,0,True,1.01189,-19.0773,127.294,-2.31297,39.2918,22.5275,5.33745,11.8526,10.7851,10.2513,9.71759,9.18385,8.6501,8.27648,8.11636,7.58261,7.04887,6.51512,0.122157,0.0880252,9.31297,5.54538,0.212828,0.568252,11.4367,10.3276,9.7731,9.21857,8.66403,8.10949,7.72131,7.55495,7.00041,6.44588,5.89134,14.0587,True,19,3040.22,O-L11-2-65
337,CG6-0313,2026-01-22,11,20,field,CG6-0313|2026-01-22|L11|S20,2026-01-22 14:07:39,2026-01-22 14:07:39,2026-01-22 14:07:39.000,1,1,9322.75,,,0.0035,24.7517,34.8825,232,0,,,True,SINGLE_READING;,7,day7,MATCHED,D7:wor:L11-20,L11-20,L11-20,results.zip/day7.xlsx,workbook,10.2042,154.513,L11-19,True,24.7517,34.8824,243.914,,2.832,241.082,0.356131,12.1487,228.933,228.898,0.035464,6475.77,35032.7,False,9342.07,0.0532828,INTERPOLATED,316,351,-19.3173,0.0533976,0,True,1.01189,-19.547,129.044,-2.40948,39.8319,22.6944,5.41083,11.8727,10.7906,10.2495,9.7084,9.16731,8.62623,8.24747,8.08515,7.54406,7.00298,6.4619,0.122187,0.0880669,9.36934,5.60175,0.229832,0.613652,11.4909,10.3705,9.81035,9.25018,8.69,8.12982,7.7377,7.56965,7.00947,6.4493,5.88912,14.1845,True,20,3204.39,O-L11-2-65
338,CG6-0313,2026-01-22,11,21,field,CG6-0313|2026-01-22|L11|S21,2026-01-22 14:11:26,2026-01-22 14:11:26,2026-01-22 14:11:26.000,1,1,9322.09,,,0.0033,24.7498,34.882,229.1,0,,,True,SINGLE_READING;,7,day7,MATCHED,D7:wor:L11-21,L11-21,L11-21,results.zip/day7.xlsx,workbook,9.42935,182.307,L11-22,True,24.7497,34.882,246.157,,2.832,243.325,0.356131,12.1517,231.173,231.84,-0.666974,6648.41,35248.4,False,9342.07,0.0532867,INTERPOLATED,316,351,-19.9845,0.0533888,0,True,1.01189,-20.2221,131.284,-2.54365,40.5233,22.8448,5.50475,11.8353,10.7344,10.1839,9.63341,9.08293,8.53246,8.14713,7.98198,7.43151,6.88103,6.33056,0.122183,0.0880616,9.38836,5.62077,0.304736,0.813645,11.6033,10.4791,9.91704,9.35496,8.79288,8.2308,7.83735,7.66873,7.10665,6.54457,5.98249,14.3418,True,21,3426.83,O-L11-2-65
339,CG6-0313,2026-01-22,11,22,field,CG6-0313|2026-01-22|L11|S22,2026-01-22 14:15:24,2026-01-22 14:15:24,2026-01-22 14:15:24.000,1,1,9321.71,,,0.0023,24.7489,34.8835,238.8,0,,,True,SINGLE_READING;,7,day7,MATCHED,D7:wor:L11-22,L11-22,L11-22,results.zip/day7.xlsx,workbook,9.23979,148.533,L11-23,True,24.7488,34.8835,248.886,,2.832,246.054,0.356131,12.1452,233.909,235.07,-1.16157,6594.12,35349.2,False,9342.07,0.053291,INTERPOLATED,316,351,-20.3584,0.0533406,0,True,1.01189,-20.6005,134.02,-2.60434,41.3677,23.3715,5.61945,12.1326,11.0087,10.4468,9.88481,9.32286,8.76092,8.36756,8.19897,7.63703,7.07508,6.51314,0.122162,0.0880324,9.57093,5.80334,0.23687,0.632443,11.7648,10.6041,10.0238,9.44348,8.86315,8.28281,7.87658,7.70248,7.12214,6.54181,5.96148,14.2716,True,22,3605.4,O-L11-2-65
340,CG6-0313,2026-01-22,11,23,field,CG6-0313|2026-01-22|L11|S23,2026-01-22 14:20:35,2026-01-22 14:20:35,2026-01-22 14:20:35.000,1,1,9320.91,,,0.0026,24.748,34.8846,235.5,0,,,True,SINGLE_READING;,7,day7,MATCHED,D7:wor:L11-23,L11-23,L11-23,results.zip/day7.xlsx,workbook,9.29314,142.366,L11-22,True,24.7479,34.8845,252.154,,2.832,249.322,0.356131,12.1405,237.181,237.581,-0.399746,6574.76,35449.3,False,9342.07,0.053297,INTERPOLATED,316,351,-21.162,0.0533604,0,True,1.01189,-21.4136,137.293,-2.66433,42.3778,23.6285,5.75668,12.1151,10.9638,10.3881,9.81248,9.23681,8.66114,8.25818,8.08548,7.50981,6.93414,6.35847,0.122171,0.0880444,9.66984,5.90226,0.275176,0.734721,11.824,10.6435,10.0533,9.46309,8.87286,8.28263,7.86948,7.69241,7.10218,6.51196,5.92173,14.2381,True,23,3749.34,O-L11-2-65
341,CG6-0313,2026-01-22,11,24,field,CG6-0313|2026-01-22|L11|S24,2026-01-22 14:23:55,2026-01-22 14:23:55,2026-01-22 14:23:55.000,1,1,9320.67,,,0.0023,24.7476,34.8828,234.3,0,,,True,SINGLE_READING;,7,day7,MATCHED,D7:wor:L11-24,L11-24,L11-24,results.zip/day7.xlsx,workbook,6.87846,149.211,L11-22,True,24.7476,34.8828,254.225,,2.832,251.393,0.356131,12.1483,239.245,239.976,-0.730978,6739.11,35489.7,False,9342.07,0.0533011,INTERPOLATED,316,351,-21.3995,0.0533507,0,True,1.01189,-21.654,139.356,-2.6904,43.0146,24.0511,5.84319,12.3647,11.1961,10.6117,10.0274,9.44311,8.85879,8.44977,8.27447,7.69015,7.10583,6.52152,0.122167,0.0880385,9.82903,6.06144,0.202504,0.540685,11.9282,10.7159,10.1098,9.50362,8.89748,8.29133,7.86703,7.68519,7.07904,6.4729,5.86676,14.4072,True,24,3930.09,O-L11-2-65
342,CG6-0313,2026-01-22,11,25,field,CG6-0313|2026-01-22|L11|S25,2026-01-22 14:27:46,2026-01-22 14:27:46,2026-01-22 14:27:46.000,1,1,9319.78,,,0.0043,24.7458,34.8824,235.5,0,,,True,SINGLE_READING;,7,day7,MATCHED,D7:wor:L11-25,L11-25,L11-25,results.zip/day7.xlsx,workbook,6.47652,196.789,L11-24,True,24.7458,34.8823,255.393,,2.832,252.561,0.356131,12.1502,240.411,242.745,-2.33393,6900.75,35688.5,False,9342.07,0.0533061,INTERPOLATED,316,351,-22.2823,0.0534792,0,True,1.01189,-22.5473,140.522,-2.81301,43.3746,23.6403,5.89208,11.8561,10.6777,10.0885,9.49927,8.91006,8.32085,7.90841,7.73165,7.14244,6.55323,5.96402,0.122223,0.0881164,9.87432,6.10673,0.206108,0.550308,11.4268,10.2055,9.59479,8.98411,8.37344,7.76277,7.3353,7.15209,6.54142,5.93075,5.32007,14.5544,True,25,4133.28,O-L11-2-65
343,CG6-0313,2026-01-22,11,26,field,CG6-0313|2026-01-22|L11|S26,2026-01-22 14:31:40,2026-01-22 14:31:40,2026-01-22 14:31:40.000,1,1,9318.85,,,0.0035,24.7442,34.8842,255.9,0,,TILT_GT_20,True,SINGLE_READING;,7,day7,MATCHED,D7:wor:L11-26,L11-26,L11-26,results.zip/day7.xlsx,workbook,7.56418,116.615,L11-27,True,24.7442,34.8842,259.876,,2.832,257.044,0.356131,12.1421,244.902,244.557,0.344932,6883.31,35872.7,False,9342.07,0.0533113,INTERPOLATED,316,351,-23.2196,0.053426,0,True,1.01189,-23.4958,145.013,-2.92454,44.7608,24.1896,6.08039,12.0288,10.8127,10.2046,9.59661,8.98857,8.38053,7.9549,7.77249,7.16445,6.55641,5.94837,0.1222,0.0880842,9.98819,6.2206,0.280551,0.749072,11.7484,10.5042,9.88218,9.26012,8.63806,8.016,7.58055,7.39394,6.77188,6.14982,5.52776,14.5063,True,26,4392.53,O-L11-2-65
344,CG6-0313,2026-01-22,11,27,field,CG6-0313|2026-01-22|L11|S27,2026-01-22 14:35:28,2026-01-22 14:35:28,2026-01-22 14:35:28.000,1,1,9318.44,,,0.0029,24.7434,34.885,250,0,,,True,SINGLE_READING;,7,day7,MATCHED,D7:wor:L11-27,L11-27,L11-27,results.zip/day7.xlsx,workbook,9.10678,112.11,L11-26,True,24.7434,34.8849,260.815,,2.832,257.983,0.356131,12.1388,245.844,245.986,-0.141444,6889.39,35959.4,False,9342.07,0.0533166,INTERPOLATED,316,351,-23.6293,0.0533954,0,True,1.01189,-23.9103,145.955,-2.97882,45.0516,24.1201,6.1199,11.8803,10.6563,10.0444,9.43236,8.82037,8.20838,7.77999,7.59639,6.9844,6.37241,5.76042,0.122186,0.0880656,10.032,6.2644,0.276258,0.737608,11.5913,10.3384,9.712,9.08556,8.45912,7.83268,7.39418,7.20624,6.5798,5.95336,5.32692,14.4972,True,27,4508.04,O-L11-2-65
345,CG6-0313,2026-01-22,11,28,field,CG6-0313|2026-01-22|L11|S28,2026-01-22 14:39:27,2026-01-22 14:39:27,2026-01-22 14:39:27.000,1,1,9318,,,0.0021,24.7423,34.8842,242.5,0,,,True,SINGLE_READING;,7,day7,MATCHED,D7:wor:L11-28,L11-28,L11-28,results.zip/day7.xlsx,workbook,9.46336,141.393,L11-27,True,24.7422,34.8842,262.702,,2.832,259.87,0.356131,12.1422,247.728,247.777,-0.0490356,7035.06,36086.9,False,9342.06,0.0533224,INTERPOLATED,316,351,-24.0657,0.0533637,0,True,1.01189,-24.352,147.839,-3.059,45.633,24.34,6.19888,11.9423,10.7025,10.0826,9.46272,8.84284,8.22295,7.78903,7.60306,6.98317,6.36328,5.7434,0.122172,0.0880464,10.1828,6.41523,0.20441,0.545774,11.5096,10.2265,9.58502,8.94349,8.30197,7.66045,7.21138,7.01892,6.3774,5.73588,5.09435,14.6352,True,28,4658.53,O-L11-2-65
346,CG6-0313,2026-01-22,11,29,field,CG6-0313|2026-01-22|L11|S29,2026-01-22 14:42:51,2026-01-22 14:42:51,2026-01-22 14:42:51.000,1,1,9317.46,,,0.0024,24.7418,34.8823,248.4,0,,,True,SINGLE_READING;,7,day7,MATCHED,D7:wor:L11-29,L11-29,L11-29,results.zip/day7.xlsx,workbook,7.42798,193.027,L11-28,True,24.7417,34.8823,264.219,,2.832,261.387,0.356131,12.1504,249.237,250.216,-0.979519,7208.6,36137.4,False,9342.06,0.0533276,INTERPOLATED,316,351,-24.6075,0.0533815,0,True,1.01189,-24.9001,149.348,-3.09093,46.0987,24.2895,6.26215,11.7652,10.5128,9.88658,9.26037,8.63415,8.00794,7.56959,7.38172,6.75551,6.12929,5.50308,0.12218,0.0880572,10.264,6.49638,0.186525,0.498021,11.2968,9.99749,9.34785,8.69821,8.04857,7.39893,6.94419,6.7493,6.09966,5.45002,4.80038,14.8175,True,29,4853.63,O-L11-2-65
347,CG6-0313,2026-01-22,11,30,field,CG6-0313|2026-01-22|L11|S30,2026-01-22 14:46:18,2026-01-22 14:46:18,2026-01-22 14:46:18.000,1,1,9316.67,,,0.0033,24.7406,34.8808,254,0,,,True,SINGLE_READING;,7,day7,MATCHED,D7:wor:L11-30,L11-30,L11-30,results.zip/day7.xlsx,workbook,9.13803,196.858,L11-29,True,24.7405,34.8808,266.486,,2.832,263.654,0.356131,12.1572,251.497,251.998,-0.501626,7410.15,36267.8,False,9342.06,0.053333,INTERPOLATED,316,351,-25.3956,0.053435,0,True,1.01189,-25.6976,151.608,-3.17297,46.7963,24.2717,6.35692,11.5578,10.2864,9.65075,9.01506,8.37937,7.74368,7.29869,7.10798,6.47229,5.8366,5.20091,0.122204,0.0880896,10.3786,6.61097,0.166702,0.445093,11.0497,9.72752,9.06642,8.40533,7.74423,7.08313,6.62036,6.42204,5.76094,5.09984,4.43874,15.022,True,30,5058.77,O-L11-2-65
348,CG6-0313,2026-01-22,11,31,field,CG6-0313|2026-01-22|L11|S31,2026-01-22 14:49:43,2026-01-22 14:49:43,2026-01-22 14:49:43.000,1,1,9315.87,,,0.0034,24.739,34.8801,258.7,0,,,True,SINGLE_READING;,7,day7,MATCHED,D7:wor:L11-31,L11-31,L11-31,results.zip/day7.xlsx,workbook,8.1104,186.275,L11-30,True,24.7389,34.8801,268.386,,2.832,265.554,0.356131,12.1602,253.394,253.908,-0.514299,7586.97,36450.1,False,9342.06,0.0533385,INTERPOLATED,316,351,-26.1895,0.0534467,0,True,1.01189,-26.501,153.505,-3.28518,47.3818,24.166,6.43646,11.2931,10.0058,9.36217,8.71852,8.07488,7.43123,6.98068,6.78759,6.14394,5.50029,4.85665,0.122209,0.0880967,10.4577,6.69015,0.167063,0.446059,10.7857,9.44769,8.77867,8.10966,7.44064,6.77163,6.30332,6.10261,5.4336,4.76458,4.09557,15.185,True,31,5253.13,O-L11-2-65
349,CG6-0313,2026-01-22,11,32,field,CG6-0313|2026-01-22|L11|S32,2026-01-22 14:53:28,2026-01-22 14:53:28,2026-01-22 14:53:28.000,1,1,9314.95,,,0.0028,24.7373,34.8804,262.1,0,,,True,SINGLE_READING;,7,day7,MATCHED,D7:wor:L11-32,L11-32,L11-32,results.zip/day7.xlsx,workbook,7.2222,178.212,L11-31,True,24.7373,34.8804,270.008,,2.832,267.176,0.356131,12.159,255.017,255.824,-0.806866,7696.66,36633.1,False,9342.06,0.0533448,INTERPOLATED,316,351,-27.1117,0.0534182,0,True,1.01189,-27.4342,155.128,-3.39775,47.8829,23.8465,6.50452,10.8374,9.53652,8.88607,8.23562,7.58516,6.93471,6.4794,6.28426,5.63381,4.98336,4.3329,0.122196,0.0880794,10.5195,6.75191,0.173369,0.462895,10.3426,8.99227,8.31708,7.64189,6.96669,6.2915,5.81887,5.61631,4.94112,4.26593,3.59074,15.2707,True,32,5437.95,O-L11-2-65
350,CG6-0313,2026-01-22,11,33,field,CG6-0313|2026-01-22|L11|S33,2026-01-22 14:57:23,2026-01-22 14:57:23,2026-01-22 14:57:23.000,1,1,9313.83,,,0.0042,24.7349,34.8805,262.7,0,,,True,SINGLE_READING;,7,day7,MATCHED,D7:wor:L11-33,L11-33,L11-33,results.zip/day7.xlsx,workbook,8.9049,264.889,L11-32,True,24.7348,34.8804,271.968,,2.832,269.136,0.356131,12.1587,256.977,259.553,-2.57572,7886.43,36904.8,False,9342.06,0.0533516,INTERPOLATED,316,351,-28.2331,0.0535166,0,True,1.01189,-28.5689,157.088,-3.56571,48.4879,23.4848,6.58671,10.3113,8.994,8.33533,7.67665,7.01798,6.35931,5.89824,5.70064,5.04197,4.3833,3.72463,0.122239,0.0881391,10.5956,6.82803,0.179444,0.479116,9.82871,8.46311,7.78031,7.0975,6.4147,5.7319,5.25394,5.0491,4.36629,3.68349,3.00069,15.4313,True,33,5710.27,O-L11-2-65
355,CG6-0313,2026-01-23,11,34,field,CG6-0313|2026-01-23|L11|S34,2026-01-23 07:19:14,2026-01-23 07:19:14,2026-01-23 07:19:14.000,1,1,9312.65,,,0.0036,24.7329,34.88,258.1,0,,,True,SINGLE_READING;,8,day8,MATCHED,D8:wor:L11-34,L11-34,L11-34,results.zip/day8.xlsx,workbook,8.52625,206.283,L11-35,True,24.7329,34.88,273.305,,0,273.305,0.15,12.1608,261.144,261.134,0.0103331,8077.26,37118.7,False,9341.83,0.0539522,INTERPOLATED,354,421,-29.18,0.0540722,0,True,1.01189,-29.527,161.255,-3.69794,49.7741,23.945,6.76143,10.4221,9.06985,8.39371,7.71756,7.04142,6.36528,5.89198,5.68913,5.01299,4.33685,3.6607,0.0711798,0.0615945,10.7894,7.02186,0.160333,0.428088,9.90129,8.49692,7.79473,7.09254,6.39036,5.68817,5.19664,4.98599,4.2838,3.58162,2.87943,15.6015,True,34,5929.92,O-L11-2-65
356,CG6-0313,2026-01-23,11,35,field,CG6-0313|2026-01-23|L11|S35,2026-01-23 07:22:55,2026-01-23 07:22:55,2026-01-23 07:22:55.000,1,1,9311.8,,,0.0024,24.7312,34.8803,259.6,0,,,True,SINGLE_READING;,8,day8,MATCHED,D8:wor:L11-35,L11-35,L11-35,results.zip/day8.xlsx,workbook,5.82973,194.501,L11-34,True,24.7311,34.8803,274.841,,0,274.841,0.15,12.1595,262.682,262.688,-0.00676285,8205.84,37318.1,False,9341.83,0.0539367,INTERPOLATED,354,421,-30.0277,0.05399,0,True,1.01189,-30.3848,162.793,-3.81929,50.2486,23.6831,6.82589,10.0313,8.6661,7.98351,7.30093,6.61834,5.93575,5.45793,5.25316,4.57057,3.88798,3.20539,0.0711174,0.0615223,10.8519,7.08435,0.162297,0.433332,9.51436,8.09749,7.38906,6.68062,5.97219,5.26375,4.76785,4.55532,3.84688,3.13844,2.43001,15.7001,True,35,6129.16,O-L11-2-65
357,CG6-0313,2026-01-23,11,36,field,CG6-0313|2026-01-23|L11|S36,2026-01-23 07:29:46,2026-01-23 07:29:46,2026-01-23 07:29:46.000,1,1,9310.96,,,0.0024,24.7293,34.8802,263.3,0,,,True,SINGLE_READING;,8,day8,MATCHED,D8:wor:L11-36,L11-36,L11-36,results.zip/day8.xlsx,workbook,4.84462,182.557,L11-37,True,24.7293,34.8802,276.902,,0,276.902,0.15,12.1597,264.742,264.76,-0.0177821,8365.3,37523.3,False,9341.82,0.0539086,INTERPOLATED,354,421,-30.8665,0.053962,0,True,1.01189,-31.2336,164.853,-3.94553,50.8846,23.5966,6.9123,9.77201,8.38955,7.69832,7.00709,6.31586,5.62463,5.14077,4.9334,4.24217,3.55094,2.85971,0.0710961,0.0614977,10.9369,7.16935,0.163706,0.437095,9.25791,7.82404,7.1071,6.39017,5.67323,4.95629,4.45444,4.23936,3.52242,2.80549,2.08855,15.8335,True,36,6333.88,O-L11-2-65
358,CG6-0313,2026-01-23,11,37,field,CG6-0313|2026-01-23|L11|S37,2026-01-23 07:33:21,2026-01-23 07:33:21,2026-01-23 07:33:21.000,1,1,9310.13,,,0.0032,24.7278,34.8798,259.7,0,,,True,SINGLE_READING;,8,day8,MATCHED,D8:wor:L11-37,L11-37,L11-37,results.zip/day8.xlsx,workbook,8.27415,148.818,L11-38,True,24.7277,34.8798,278.841,,0,278.841,0.15,12.1618,266.679,266.544,0.135624,8523.92,37693.1,False,9341.82,0.0538944,INTERPOLATED,354,421,-31.6946,0.0539893,0,True,1.01189,-32.0716,166.79,-4.05092,51.4825,23.4618,6.99352,9.47478,8.07608,7.37672,6.67737,5.97802,5.27867,4.78912,4.57932,3.87997,3.18062,2.48126,0.0711168,0.0615217,11.0224,7.25477,0.159506,0.42588,8.95228,7.50132,6.77585,6.05037,5.32489,4.59942,4.09158,3.87394,3.14846,2.42299,1.69751,15.9804,True,37,6511.59,O-L11-2-65
359,CG6-0313,2026-01-23,11,38,field,CG6-0313|2026-01-23|L11|S38,2026-01-23 07:36:57,2026-01-23 07:36:57,2026-01-23 07:36:57.000,1,1,9309.59,,,0.0026,24.7278,34.8784,268.2,0,,,True,SINGLE_READING;,8,day8,MATCHED,D8:wor:L11-38,L11-38,L11-38,results.zip/day8.xlsx,workbook,6.55946,140.671,L11-37,True,24.7277,34.8783,280.483,,0,280.483,0.15,12.1679,268.315,268.359,-0.0442884,8616.8,37690.5,False,9341.82,0.0538804,INTERPOLATED,354,421,-32.2307,0.0539431,0,True,1.01189,-32.6141,168.426,-4.05015,51.9874,23.4235,7.06211,9.29928,7.88686,7.18064,6.47443,5.76822,5.06201,4.56766,4.3558,3.64959,2.94338,2.23717,0.0710818,0.0614811,11.0934,7.32577,0.157097,0.419448,8.77196,7.3068,6.57423,5.84165,5.10907,4.37649,3.86369,3.64392,2.91134,2.17876,1.44619,16.0889,True,38,6654.08,O-L11-2-65
360,CG6-0313,2026-01-23,11,39,field,CG6-0313|2026-01-23|L11|S39,2026-01-23 07:40:36,2026-01-23 07:40:36,2026-01-23 07:40:36.000,1,1,9309.63,,,0.0046,24.7293,34.8776,277.8,0,,,True,SINGLE_READING;,8,day8,MATCHED,D8:wor:L11-39,L11-39,L11-39,results.zip/day8.xlsx,workbook,2.65524,190.828,L11-38,True,24.7293,34.8776,282.553,,0,282.553,0.15,12.1709,270.382,270.429,-0.04648,8534.93,37519.2,False,9341.82,0.0538665,INTERPOLATED,354,421,-32.184,0.0540626,0,True,1.01189,-32.5668,170.493,-3.94212,52.6254,24.0007,7.14878,9.70316,8.2734,7.55852,6.84365,6.12877,5.41389,4.91348,4.69901,3.98414,3.26926,2.55438,0.0711725,0.061586,11.1831,7.41552,0.154013,0.411215,9.16967,7.68657,6.94501,6.20346,5.46191,4.72036,4.20127,3.97881,3.23725,2.4957,1.75415,16.033,True,39,6843.19,O-L11-2-65
361,CG6-0313,2026-01-23,11,40,field,CG6-0313|2026-01-23|L11|S40,2026-01-23 07:44:18,2026-01-23 07:44:18,2026-01-23 07:44:18.000,1,1,9308.68,,,0.0027,24.7284,34.8757,278.2,0,,,True,SINGLE_READING;,8,day8,MATCHED,D8:wor:L11-40,L11-40,L11-40,results.zip/day8.xlsx,workbook,1.23409,190.989,L11-41,True,24.7284,34.8758,284.788,,0,284.788,0.15,12.179,272.609,272.684,-0.0746979,8737.67,37620.1,False,9341.82,0.0538528,INTERPOLATED,354,421,-33.1319,0.0539205,0,True,1.01189,-33.5259,172.72,-4.00305,53.3127,23.7898,7.24215,9.30554,7.85711,7.13289,6.40868,5.68446,4.96025,4.45329,4.23603,3.51182,2.7876,2.06338,0.0710646,0.0614613,11.229,7.46143,0.201473,0.537934,8.86697,7.37468,6.62854,5.88239,5.13625,4.39011,3.86781,3.64396,2.89782,2.15168,1.40553,16.2425,True,40,7056.94,O-L11-2-65
362,CG6-0313,2026-01-23,11,41,field,CG6-0313|2026-01-23|L11|S41,2026-01-23 07:47:59,2026-01-23 07:47:59,2026-01-23 07:47:59.000,1,1,9307.85,,,0.0029,24.7274,34.8743,283.4,0,,,True,SINGLE_READING;,8,day8,MATCHED,D8:wor:L11-41,L11-41,L11-41,results.zip/day8.xlsx,workbook,3.00542,190.83,L11-40,True,24.7273,34.8743,286.702,,0,286.702,0.15,12.1849,274.517,274.677,-0.15961,8926.11,37742,False,9341.81,0.0538395,INTERPOLATED,354,421,-33.9674,0.0539176,0,True,1.01189,-34.3714,174.628,-4.07875,53.9017,23.609,7.32216,8.96472,7.50029,6.76807,6.03585,5.30364,4.57142,4.05887,3.83921,3.10699,2.37478,1.64256,0.0710624,0.0614588,11.3317,7.56412,0.178796,0.477385,8.4808,6.96797,6.21156,5.45515,4.69874,3.94232,3.41284,3.18591,2.4295,1.67309,0.916676,16.4337,True,41,7248.23,O-L11-2-65
363,CG6-0313,2026-01-23,11,42,field,CG6-0313|2026-01-23|L11|S42,2026-01-23 07:51:39,2026-01-23 07:51:39,2026-01-23 07:51:39.000,1,1,9307.06,,,0.0034,24.7267,34.8725,281.2,0,,,True,SINGLE_READING;,8,day8,MATCHED,D8:wor:L11-42,L11-42,L11-42,results.zip/day8.xlsx,workbook,1.83901,197.769,L11-41,True,24.7267,34.8725,288.826,,0,288.826,0.15,12.1917,276.634,276.627,0.00690228,9103.25,37815.9,False,9341.81,0.0538266,INTERPOLATED,354,421,-34.751,0.0539339,0,True,1.01189,-35.1643,176.745,-4.12173,54.5551,23.5126,7.41093,8.69073,7.20854,6.46745,5.72636,4.98526,4.24417,3.72541,3.50308,2.76199,2.02089,1.2798,0.0710748,0.0614731,11.4206,7.65304,0.178647,0.476987,8.20651,6.6759,5.9106,5.14529,4.37999,3.61469,3.07897,2.84938,2.08408,1.31877,0.553469,16.6203,True,42,7444.48,O-L11-2-65
364,CG6-0313,2026-01-23,11,43,field,CG6-0313|2026-01-23|L11|S43,2026-01-23 07:55:23,2026-01-23 07:55:23,2026-01-23 07:55:23.000,1,1,9306.1,,,0.0026,24.7256,34.8705,288.4,0,,,True,SINGLE_READING;,8,day8,MATCHED,D8:wor:L11-43,L11-43,L11-43,results.zip/day8.xlsx,workbook,2.20864,182.65,L11-44,True,24.7256,34.8705,290.922,,0,290.922,0.15,12.199,278.723,278.871,-0.147686,9329.2,37945.5,False,9341.81,0.0538138,INTERPOLATED,354,421,-35.7109,0.0538766,0,True,1.01189,-36.1356,178.834,-4.20039,55.1998,23.2646,7.49851,8.26757,6.76787,6.01802,5.26817,4.51832,3.76847,3.24357,3.01862,2.26876,1.51891,0.769063,0.0710313,0.0614228,11.4916,7.72403,0.195235,0.521277,7.81653,6.27172,5.49932,4.72692,3.95451,3.18211,2.64143,2.40971,1.6373,0.8649,0.0924972,16.8529,True,43,7678.29,O-L11-2-65
365,CG6-0313,2026-01-23,11,44,field,CG6-0313|2026-01-23|L11|S44,2026-01-23 07:59:14,2026-01-23 07:59:14,2026-01-23 07:59:14.000,1,1,9304.9,,,0.0036,24.7243,34.8693,290.6,0,,,True,SINGLE_READING;,8,day8,MATCHED,D8:wor:L11-44,L11-44,L11-44,results.zip/day8.xlsx,workbook,1.33528,180.172,L11-45,True,24.7243,34.8693,292.496,,0,292.496,0.15,12.2035,280.292,281.446,-1.15324,9511.6,38084.2,False,9341.81,0.0538009,INTERPOLATED,354,421,-36.908,0.0539212,0,True,1.01189,-37.3469,180.404,-4.28407,55.6842,22.6214,7.56432,7.49277,5.9799,5.22347,4.46704,3.71061,2.95418,2.42467,2.19774,1.44131,0.68488,-0.0715521,0.0710652,0.061462,11.507,7.73943,0.24565,0.655886,7.14255,5.59467,4.82073,4.04678,3.27284,2.4989,1.95714,1.72496,0.951013,0.177071,-0.596872,17.033,True,44,7860.82,O-L11-2-65
366,CG6-0313,2026-01-23,11,45,field,CG6-0313|2026-01-23|L11|S45,2026-01-23 08:03:11,2026-01-23 08:03:11,2026-01-23 08:03:11.000,1,1,9304.33,,,0.0049,24.7239,34.8676,288.3,0,,,True,SINGLE_READING;,8,day8,MATCHED,D8:wor:L11-45,L11-45,L11-45,results.zip/day8.xlsx,workbook,2.30077,178.112,1-453,True,24.7239,34.8676,294.316,,0,294.316,0.15,12.2099,282.106,282.43,-0.323832,9669.79,38141.4,False,9341.81,0.0537881,INTERPOLATED,354,421,-37.4804,0.0540108,0,True,1.01189,-37.9261,182.217,-4.31662,56.244,22.6345,7.64036,7.35379,5.82572,5.06168,4.29765,3.53361,2.76957,2.23475,2.00554,1.2415,0.477464,-0.286572,0.0711332,0.0615406,11.6312,7.86366,0.197462,0.527224,6.9072,5.33447,4.5481,3.76174,2.97537,2.18901,1.63855,1.40264,0.616275,-0.17009,-0.956456,17.201,True,45,8041.53,O-L11-2-65
367,CG6-0313,2026-01-23,11,46,field,CG6-0313|2026-01-23|L11|S46,2026-01-23 08:06:47,2026-01-23 08:06:47,2026-01-23 08:06:47.000,1,1,9303.55,,,0.0031,24.7235,34.8656,292.5,0,,,True,SINGLE_READING;,8,day8,MATCHED,D8:wor:L11-46,L11-46,L11-46,results.zip/day8.xlsx,workbook,1.12424,73.1034,1-453,True,24.7236,34.8656,297.097,,0,297.097,0.15,12.2177,284.879,284.538,0.341422,9839.77,38183.5,False,9341.81,0.0537768,INTERPOLATED,354,421,-38.2539,0.053866,0,True,1.01189,-38.7089,184.99,-4.33785,57.1,22.729,7.75665,7.21566,5.66433,4.88867,4.113,3.33734,2.56167,2.01871,1.78601,1.01034,0.23468,-0.540984,0.0710233,0.0614136,11.7922,8.02457,0.152833,0.408063,6.67981,5.0749,4.27244,3.46998,2.66753,1.86507,1.30335,1.06261,0.260157,-0.5423,-1.34476,17.386,True,46,8253.03,O-L11-2-65
368,CG6-0313,2026-01-23,11,47,field,CG6-0313|2026-01-23|L11|S47,2026-01-23 08:10:06,2026-01-23 08:10:06,2026-01-23 08:10:06.000,1,1,9303.13,,,0.0024,24.7234,34.8636,295.9,0,,,True,SINGLE_READING;,8,day8,MATCHED,D8:wor:L11-47,L11-47,L11-47,results.zip/day8.xlsx,workbook,3.14705,192.84,L11-48,True,24.7233,34.8636,299.443,,0,299.443,0.15,12.2251,287.218,287.203,0.0146604,9994.81,38211.1,False,9341.8,0.0537666,INTERPOLATED,354,421,-38.678,0.0538201,0,True,1.01189,-39.138,187.329,-4.35313,57.8218,23.0369,7.8547,7.3275,5.75656,4.97109,4.18562,3.40015,2.61468,2.06486,1.82921,1.04374,0.258274,-0.527196,0.0709885,0.0613733,11.8849,8.1173,0.158157,0.42228,6.80231,5.17885,4.36712,3.55538,2.74365,1.93192,1.36371,1.12019,0.308465,-0.503266,-1.315,17.5588,True,47,8454.56,O-L11-2-65
369,CG6-0313,2026-01-23,11,48,field,CG6-0313|2026-01-23|L11|S48,2026-01-23 08:13:38,2026-01-23 08:13:38,2026-01-23 08:13:38.000,1,1,9302.89,,,0.0041,24.7225,34.8619,297.4,0,,,True,SINGLE_READING;,8,day8,MATCHED,D8:wor:L11-48,L11-48,L11-48,results.zip/day8.xlsx,workbook,1.22804,181.603,L11-49,True,24.7225,34.8619,301.334,,0,301.334,0.15,12.2313,289.103,288.964,0.138591,10181.9,38313.1,False,9341.8,0.0537561,INTERPOLATED,354,421,-38.9102,0.0539122,0,True,1.01189,-39.373,189.214,-4.40936,58.4035,23.4399,7.93373,7.57244,5.98569,5.19232,4.39895,3.60557,2.8122,2.25684,2.01883,1.22545,0.432081,-0.361293,0.0710584,0.0614541,11.9567,8.18912,0.165366,0.441527,7.06166,5.42383,4.60492,3.78601,2.9671,2.14818,1.57495,1.32927,0.510359,-0.308553,-1.12747,17.7475,True,48,8645.81,O-L11-2-65
370,CG6-0313,2026-01-23,11,49,field,CG6-0313|2026-01-23|L11|S49,2026-01-23 08:17:00,2026-01-23 08:17:00,2026-01-23 08:17:00.000,1,1,9302.53,,,0.0096,24.722,34.8602,296.9,0,,STDDEV_GT_0.050,True,SINGLE_READING;,8,day8,MATCHED,D8:wor:L11-49,L11-49,L11-49,results.zip/day8.xlsx,workbook,3.3548,182.096,L11-48,True,24.722,34.8602,303.102,,0,303.102,0.15,12.2377,290.864,290.949,-0.0848094,10341.5,38370.9,False,9341.8,0.0537463,INTERPOLATED,354,421,-39.2744,0.054597,0,True,1.01189,-39.7415,190.975,-4.44306,58.9472,23.6488,8.00759,7.63365,6.03213,5.23138,4.43062,3.62986,2.8291,2.26857,2.02834,1.22758,0.426819,-0.373941,0.0715793,0.0620556,12.0363,8.26873,0.159626,0.426201,7.11139,5.45765,4.63077,3.8039,2.97703,2.15016,1.57135,1.32328,0.496411,-0.330461,-1.15733,17.9187,True,49,8828.29,O-L11-2-65
371,CG6-0313,2026-01-23,11,50,field,CG6-0313|2026-01-23|L11|S50,2026-01-23 08:21:16,2026-01-23 08:21:16,2026-01-23 08:21:16.000,1,1,9302.41,,,0.0027,24.7223,34.8582,302.5,0,,,True,SINGLE_READING;,8,day8,MATCHED,D8:wor:L11-50,L11-50,L11-50,results.zip/day8.xlsx,workbook,1.39084,197.282,L11-51,True,24.7223,34.8582,305.013,,0,305.013,0.15,12.2453,292.768,292.714,0.0539266,10472.3,38356.9,False,9341.8,0.0537344,INTERPOLATED,354,421,-39.3842,0.0538022,0,True,1.01189,-39.8525,192.879,-4.42666,59.5347,24.1089,8.08741,7.93404,6.31656,5.50782,4.69908,3.89034,3.0816,2.51548,2.27286,1.46412,0.655379,-0.153362,0.0709749,0.0613575,12.1002,8.33266,0.175501,0.468588,7.44353,5.777,4.94373,4.11047,3.2772,2.44394,1.86065,1.61067,0.777403,-0.0558632,-0.889129,18.064,True,50,9032.9,O-L11-2-65
372,CG6-0313,2026-01-23,11,51,field,CG6-0313|2026-01-23|L11|S51,2026-01-23 08:25:49,2026-01-23 08:25:49,2026-01-23 08:25:49.000,1,1,9302.27,,,0.0029,24.7226,34.8563,308,0,,,True,SINGLE_READING;,8,day8,MATCHED,D8:wor:L11-51,L11-51,L11-51,results.zip/day8.xlsx,workbook,7.07832,175.899,L11-52,True,24.7227,34.8563,307.221,,0,307.221,0.15,12.2525,294.968,294.773,0.195067,10582.6,38324.9,False,9341.8,0.0537221,INTERPOLATED,354,421,-39.5224,0.0538003,0,True,1.01189,-39.9924,195.08,-4.39597,60.214,24.6176,8.17968,8.25822,6.62228,5.80431,4.98634,4.16837,3.35041,2.77783,2.53244,1.71447,0.8965,0.0785314,0.0709735,0.0613559,12.1943,8.42674,0.173696,0.46377,7.76409,6.07875,5.23607,4.3934,3.55072,2.70805,2.11818,1.86537,1.0227,0.180024,-0.66265,18.1881,True,51,9231.55,O-L11-2-65
373,CG6-0313,2026-01-23,11,52,field,CG6-0313|2026-01-23|L11|S52,2026-01-23 08:29:33,2026-01-23 08:29:33,2026-01-23 08:29:33.000,1,1,9301.94,,,0.003,24.7221,34.8547,299.2,0,,,True,SINGLE_READING;,8,day8,MATCHED,D8:wor:L11-52,L11-52,L11-52,results.zip/day8.xlsx,workbook,1.52786,177.76,L11-51,True,24.7221,34.8547,309.623,,0,309.623,0.15,12.2585,297.365,297.704,-0.339957,10746.5,38395.7,False,9341.79,0.0537124,INTERPOLATED,354,421,-39.8573,0.0537962,0,True,1.01189,-40.3313,197.476,-4.43858,60.9535,25.0609,8.28015,8.50055,6.84452,6.01651,5.18849,4.36048,3.53246,2.95285,2.70445,1.87643,1.04842,0.220404,0.0709704,0.0613523,12.2969,8.52929,0.171613,0.458207,8.00227,6.29641,5.44348,4.59055,3.73762,2.88469,2.28764,2.03176,1.17883,0.325901,-0.527028,18.3601,True,52,9408.55,O-L11-2-65
374,CG6-0313,2026-01-23,11,53,field,CG6-0313|2026-01-23|L11|S53,2026-01-23 08:32:48,2026-01-23 08:32:48,2026-01-23 08:32:48.000,1,1,9301.56,,,0.0028,24.723,34.853,305,0,,,True,SINGLE_READING;,8,day8,MATCHED,D8:wor:L11-53,L11-53,L11-53,results.zip/day8.xlsx,workbook,2.51958,183.56,L11-54,True,24.7229,34.853,312.292,,0,312.292,0.15,12.265,300.027,299.895,0.131519,10809.3,38309.2,False,9341.79,0.0537043,INTERPOLATED,354,421,-40.2317,0.0537773,0,True,1.01189,-40.7102,200.138,-4.37956,61.7753,25.4447,8.39179,8.66112,6.98276,6.14358,5.3044,4.46522,3.62605,3.03862,2.78687,1.94769,1.10851,0.269331,0.070956,0.0613357,12.4044,8.6368,0.175749,0.469251,8.1711,6.44374,5.58007,4.71639,3.85271,2.98903,2.38445,2.12535,1.26167,0.397987,-0.465692,18.4418,True,53,9604.58,O-L11-2-65
375,CG6-0313,2026-01-23,11,54,field,CG6-0313|2026-01-23|L11|S54,2026-01-23 08:36:15,2026-01-23 08:36:15,2026-01-23 08:36:15.000,1,1,9301.13,,,0.0032,24.7225,34.8513,311.5,0,,,True,SINGLE_READING;,8,day8,MATCHED,D8:wor:L11-54,L11-54,L11-54,results.zip/day8.xlsx,workbook,3.57433,180.142,L11-53,True,24.7225,34.8512,314.849,,0,314.849,0.15,12.2715,302.578,302.359,0.218338,10972.8,38369.4,False,9341.79,0.053696,INTERPOLATED,354,421,-40.6624,0.0537912,0,True,1.01189,-41.146,202.689,-4.40978,62.5625,25.8263,8.49873,8.82883,7.12909,6.27921,5.42934,4.57947,3.72959,3.13468,2.87972,2.02985,1.17997,0.3301,0.0709666,0.0613479,12.5189,8.75127,0.168219,0.449146,8.32376,6.5735,5.69838,4.82325,3.94812,3.073,2.46041,2.19787,1.32274,0.447615,-0.427512,18.6133,True,54,9787.47,O-L11-2-65
376,CG6-0313,2026-01-23,11,55,field,CG6-0313|2026-01-23|L11|S55,2026-01-23 08:40:06,2026-01-23 08:40:06,2026-01-23 08:40:06.000,1,1,9300.46,,,0.0028,24.7208,34.8501,312,0,,,True,SINGLE_READING;,8,day8,MATCHED,D8:wor:L11-55,L11-55,L11-55,results.zip/day8.xlsx,workbook,4.19275,163.408,L11-56,True,24.7208,34.8501,317.077,,0,317.077,0.15,12.2756,304.801,304.909,-0.107394,11188.7,38571.4,False,9341.79,0.053687,INTERPOLATED,354,421,-41.332,0.0537599,0,True,1.01189,-41.8235,204.912,-4.52961,63.2489,25.955,8.59198,8.77107,7.05268,6.19348,5.33428,4.47508,3.61589,3.01445,2.75669,1.89749,1.03829,0.179094,0.0709429,0.0613205,12.6109,8.84328,0.169455,0.452444,8.26847,6.49981,5.61548,4.73116,3.84683,2.9625,2.34347,2.07817,1.19384,0.309515,-0.574814,18.823,True,55,10015,O-L11-2-65
377,CG6-0313,2026-01-23,11,56,field,CG6-0313|2026-01-23|L11|S56,2026-01-23 08:44:06,2026-01-23 08:44:06,2026-01-23 08:44:06.000,1,1,9300,,,0.0032,24.72,34.8487,318.2,0,,,True,SINGLE_READING;,8,day8,MATCHED,D8:wor:L11-56,L11-56,L11-56,results.zip/day8.xlsx,workbook,3.41757,157.807,L11-55,True,24.72,34.8487,319.213,,0,319.213,0.15,12.2805,306.932,306.925,0.0078554,11347.8,38662.9,False,9341.79,0.053678,INTERPOLATED,354,421,-41.7849,0.0537733,0,True,1.01189,-42.2818,207.044,-4.58006,63.9067,26.2049,8.68133,8.84225,7.10598,6.23785,5.36972,4.50158,3.63345,3.02576,2.76532,1.89718,1.02905,0.160918,0.0709531,0.0613323,12.697,8.92938,0.172709,0.461134,8.34616,6.56028,5.66734,4.7744,3.88147,2.98853,2.36347,2.09559,1.20265,0.309713,-0.583226,18.9817,True,56,10174.4,O-L11-2-65
378,CG6-0313,2026-01-23,11,57,field,CG6-0313|2026-01-23|L11|S57,2026-01-23 08:47:39,2026-01-23 08:47:39,2026-01-23 08:47:39.000,1,1,9299.56,,,0.0048,24.721,34.8472,317.4,0,,,True,SINGLE_READING;,8,day8,MATCHED,D8:wor:L11-57,L11-57,L11-57,results.zip/day8.xlsx,workbook,3.28542,123.896,L11-58,True,24.721,34.8472,321.544,,0,321.544,0.15,12.2864,309.258,310.031,-0.773667,11396.3,38569.3,False,9341.79,0.0536705,INTERPOLATED,354,421,-42.2229,0.0538847,0,True,1.01189,-42.725,209.369,-4.5147,64.6243,26.414,8.77883,8.85636,7.1006,6.22272,5.34483,4.46695,3.58907,2.97455,2.71119,1.8333,0.95542,0.0775378,0.0710375,0.0614299,12.7643,8.9967,0.202887,0.541709,8.42062,6.62129,5.72162,4.82195,3.92228,3.02261,2.39284,2.12294,1.22327,0.323599,-0.576071,19.0451,True,57,10361.4,O-L11-2-65
379,CG6-0313,2026-01-23,11,58,field,CG6-0313|2026-01-23|L11|S58,2026-01-23 08:52:16,2026-01-23 08:52:16,2026-01-23 08:52:16.000,1,1,9299.04,,,0.0028,24.7209,34.846,320.8,0,,,True,SINGLE_READING;,8,day8,MATCHED,D8:wor:L11-58,L11-58,L11-58,results.zip/day8.xlsx,workbook,2.92714,122.156,L11-57,True,24.7209,34.846,325.056,,0,325.056,0.15,12.291,312.765,312.873,-0.108469,11499.4,38594,False,9341.78,0.053661,INTERPOLATED,354,421,-42.748,0.053734,0,True,1.01189,-43.2564,212.876,-4.52034,65.7069,26.9708,8.92589,9.11904,7.33386,6.44127,5.54868,4.65609,3.7635,3.13869,2.87091,1.97832,1.08573,0.193144,0.0709233,0.0612978,12.9343,9.16675,0.179904,0.480343,8.63733,6.80398,5.88731,4.97063,4.05396,3.13728,2.49561,2.22061,1.30393,0.387259,-0.529415,19.1509,True,58,10484.9,O-L11-2-65
380,CG6-0313,2026-01-23,11,59,field,CG6-0313|2026-01-23|L11|S59,2026-01-23 08:56:15,2026-01-23 08:56:15,2026-01-23 08:56:15.000,1,1,9298.56,,,0.0022,24.7216,34.8442,318,0,,,True,SINGLE_READING;,8,day8,MATCHED,D8:wor:L11-59,L11-59,L11-59,results.zip/day8.xlsx,workbook,2.82828,182.391,L11-60,True,24.7216,34.8442,327.827,,0,327.827,0.15,12.2977,315.529,315.872,-0.342498,11584.4,38525.5,False,9341.78,0.0536533,INTERPOLATED,354,421,-43.2182,0.0536984,0,True,1.01189,-43.7322,215.64,-4.47182,66.5601,27.2997,9.0418,9.2161,7.40774,6.50356,5.59938,4.6952,3.79102,3.15809,2.88684,1.98266,1.07848,0.174297,0.0708963,0.0612666,13.0353,9.26769,0.194872,0.520309,8.76433,6.91079,5.98402,5.05725,4.13049,3.20372,2.55498,2.27695,1.35018,0.423411,-0.503358,19.2501,True,59,10677.7,O-L11-2-65
381,CG6-0313,2026-01-23,11,60,field,CG6-0313|2026-01-23|L11|S60,2026-01-23 09:00:09,2026-01-23 09:00:09,2026-01-23 09:00:09.000,1,1,9297.86,,,0.0031,24.7223,34.8425,322,0,,,True,SINGLE_READING;,8,day8,MATCHED,D8:wor:L11-60,L11-60,L11-60,results.zip/day8.xlsx,workbook,4.91583,187.892,L11-59,True,24.7223,34.8426,330.979,,0,330.979,0.15,12.304,318.675,318.556,0.119202,11667.9,38462,False,9341.78,0.0536462,INTERPOLATED,354,421,-43.9226,0.0537357,0,True,1.01189,-44.445,218.786,-4.42407,67.531,27.5101,9.1737,9.1627,7.32796,6.41059,5.49322,4.57585,3.65848,3.01632,2.74111,1.82374,0.906369,-0.0110005,0.0709245,0.0612993,13.1844,9.41676,0.177692,0.474437,8.67657,6.79322,5.85154,4.90986,3.96819,3.02651,2.36734,2.08483,1.14316,0.20148,-0.740196,19.3437,True,60,10861.6,O-L11-2-65
382,CG6-0313,2026-01-23,11,61,field,CG6-0313|2026-01-23|L11|S61,2026-01-23 09:03:37,2026-01-23 09:03:37,2026-01-23 09:03:37.000,1,1,9297.4,,,0.004,24.7231,34.8408,320.3,0,,,True,SINGLE_READING;,8,day8,MATCHED,D8:wor:L11-61,L11-61,L11-61,results.zip/day8.xlsx,workbook,4.59212,198.935,L11-62,True,24.7231,34.8408,333.67,,0,333.67,0.15,12.3106,321.359,321.04,0.319835,11751.4,38389.7,False,9341.78,0.0536401,INTERPOLATED,354,421,-44.3796,0.0537891,0,True,1.01189,-44.9074,221.47,-4.36906,68.3595,27.8211,9.28625,9.24862,7.39137,6.46274,5.53411,4.60549,3.67686,3.02683,2.74824,1.81961,0.890987,-0.0376384,0.070965,0.0613461,13.2816,9.51397,0.193038,0.515413,8.79318,6.89038,5.93899,4.98759,4.03619,3.0848,2.41882,2.1334,1.182,0.230604,-0.720794,19.438,True,61,11057,O-L11-2-65
383,CG6-0313,2026-01-23,11,62,field,CG6-0313|2026-01-23|L11|S62,2026-01-23 09:07:13,2026-01-23 09:07:13,2026-01-23 09:07:13.000,1,1,9296.9,,,0.0035,24.7242,34.8392,321.8,0,,,True,SINGLE_READING;,8,day8,MATCHED,D8:wor:L11-62,L11-62,L11-62,results.zip/day8.xlsx,workbook,2.68413,165.051,L11-63,True,24.7242,34.8392,336.927,,0,336.927,0.15,12.317,324.61,324.855,-0.24504,11814.4,38290.4,False,9341.78,0.0536342,INTERPOLATED,354,421,-44.8789,0.0537483,0,True,1.01189,-45.4126,224.721,-4.29621,69.3628,28.2464,9.42255,9.40126,7.51675,6.5745,5.63224,4.68999,3.74773,3.08815,2.80547,1.86322,0.920964,-0.0212909,0.070934,0.0613103,13.4144,9.64677,0.19654,0.524762,8.95283,7.02347,6.0588,5.09412,4.12944,3.16477,2.48949,2.20009,1.23541,0.270735,-0.693942,19.5106,True,62,11259.9,O-L11-2-65
384,CG6-0313,2026-01-23,11,63,field,CG6-0313|2026-01-23|L11|S63,2026-01-23 09:11:03,2026-01-23 09:11:03,2026-01-23 09:11:03.000,1,1,9296.51,,,0.0035,24.7244,34.8375,308.2,0,,,True,SINGLE_READING;,8,day8,MATCHED,D8:wor:L11-63,L11-63,L11-63,results.zip/day8.xlsx,workbook,8.88334,134.864,L12-1,True,24.7244,34.8376,339.961,,0,339.961,0.15,12.3232,327.638,327.758,-0.12012,11936.1,38278.8,False,9341.77,0.0536282,INTERPOLATED,354,421,-45.2666,0.0537423,0,True,1.01189,-45.8049,227.749,-4.27723,70.2973,28.7696,9.54951,9.67061,7.76071,6.80576,5.85081,4.89586,3.94091,3.27244,2.98596,2.031,1.07605,0.121103,0.0709295,0.061305,13.5544,9.78685,0.183421,0.489734,9.19594,7.23857,6.25989,5.2812,4.30252,3.32383,2.63875,2.34515,1.36646,0.38778,-0.590905,19.6313,True,63,11426.8,O-L11-2-65
385,CG6-0313,2026-01-23,11,64,field,CG6-0313|2026-01-23|L11|S64,2026-01-23 09:14:50,2026-01-23 09:14:50,2026-01-23 09:14:50.000,1,1,9295.73,,,0.0036,24.724,34.8357,314.1,0,,,True,SINGLE_READING;,8,day8,MATCHED,D8:wor:L11-64,L11-64,L11-64,results.zip/day8.xlsx,workbook,3.21728,193.974,L11-65,True,24.724,34.8357,343.318,,0,343.318,0.15,12.33,330.988,330.709,0.279398,12112.9,38349.2,False,9341.77,0.0536226,INTERPOLATED,354,421,-46.042,0.0537433,0,True,1.01189,-46.5895,231.099,-4.30812,71.3313,29.0499,9.68998,9.66995,7.73195,6.76296,5.79396,4.82496,3.85596,3.17766,2.88696,1.91797,0.948967,-0.0200311,0.0709303,0.061306,13.6866,9.91897,0.191768,0.51202,9.21197,7.22818,6.23628,5.24438,4.25249,3.26059,2.56626,2.26869,1.2768,0.284898,-0.706999,19.8148,True,64,11619.5,O-L11-2-65
386,CG6-0313,2026-01-23,11,65,field,CG6-0313|2026-01-23|L11|S65,2026-01-23 09:18:15,2026-01-23 09:18:15,2026-01-23 09:18:15.000,1,1,9294.93,,,0.0021,24.7231,34.834,322.7,0,,,True,SINGLE_READING;,8,day8,MATCHED,D8:wor:L11-65,L11-65,L11-65,results.zip/day8.xlsx,workbook,2.65313,198.116,L11-64,True,24.7231,34.834,346.365,,0,346.365,0.15,12.3362,334.029,333.959,0.0701523,12307.1,38463.1,False,9341.77,0.0536179,INTERPOLATED,354,421,-46.845,0.053659,0,True,1.01189,-47.4021,234.14,-4.36799,72.2698,29.2358,9.81748,9.60081,7.63731,6.65556,5.67381,4.69206,3.71032,3.02309,2.72857,1.74682,0.76507,-0.216679,0.0708665,0.0612321,13.8009,10.0333,0.204913,0.547119,9.16912,7.16245,6.15912,5.15579,4.15245,3.14912,2.44679,2.14579,1.14246,0.139124,-0.864209,20.0114,True,65,11816.3,O-L11-2-65
387,CG6-0313,2026-01-23,12,1,field,CG6-0313|2026-01-23|L12|S1,2026-01-23 09:25:15,2026-01-23 09:25:15,2026-01-23 09:25:15.000,1,1,9296.59,,,0.0027,24.7256,34.8369,317.8,0,,,True,SINGLE_READING;,8,day8,MATCHED,D8:wor:L12-1,L12-1,L12-1,results.zip/day8.xlsx,workbook,6.87317,146.368,L11-63,True,24.7255,34.8369,340.461,,0,340.461,0.15,12.3259,328.135,328.794,-0.658475,11909.7,38156.8,False,9341.77,0.0536092,INTERPOLATED,354,421,-45.1762,0.0536771,0,True,1.01189,-45.7135,228.246,-4.20117,70.4508,28.9385,9.57036,9.79775,7.88367,6.92664,5.9696,5.01257,4.05553,3.3856,3.09849,2.14146,1.18442,0.227385,0.0708802,0.0612479,13.5707,9.80314,0.187982,0.501911,9.3322,7.37157,6.39125,5.41094,4.43063,3.45031,2.76409,2.47,1.48969,0.509373,-0.470941,19.6181,True,1,0,O-L12-1-34
388,CG6-0313,2026-01-23,12,2,field,CG6-0313|2026-01-23|L12|S2,2026-01-23 09:29:30,2026-01-23 09:29:30,2026-01-23 09:29:30.000,1,1,9297.13,,,0.0027,24.7269,34.8381,324.4,0,,,True,SINGLE_READING;,8,day8,MATCHED,D8:wor:L12-2,L12-2,L12-2,results.zip/day8.xlsx,workbook,4.20589,190.193,L12-1,True,24.7269,34.8381,337.958,,0,337.958,0.15,12.322,325.636,325.608,0.0284314,11731.3,37999.9,False,9341.77,0.0536045,INTERPOLATED,354,421,-44.631,0.0536724,0,True,1.01189,-45.1618,225.747,-4.10982,69.6794,28.6275,9.46557,9.69634,7.80322,6.85666,5.91011,4.96355,4.01699,3.3544,3.07043,2.12388,1.17732,0.230762,0.0708766,0.0612438,13.4587,9.69106,0.195267,0.521362,9.24536,7.30714,6.33804,5.36893,4.39982,3.43072,2.75234,2.46161,1.4925,0.523398,-0.445709,19.4401,True,2,186.078,O-L12-1-34
389,CG6-0313,2026-01-23,12,3,field,CG6-0313|2026-01-23|L12|S3,2026-01-23 09:33:16,2026-01-23 09:33:16,2026-01-23 09:33:16.000,1,1,9297.72,,,0.0036,24.7266,34.8405,316.1,0,,,True,SINGLE_READING;,8,day8,MATCHED,D8:wor:L12-3,L12-3,L12-3,results.zip/day8.xlsx,workbook,4.11727,171.916,L12-4,True,24.7266,34.8405,334.715,,0,334.715,0.15,12.3126,322.402,323.032,-0.629613,11544.5,38004.8,False,9341.76,0.0536006,INTERPOLATED,354,421,-44.0407,0.0537214,0,True,1.01189,-44.5645,222.513,-4.12833,68.6814,28.2452,9.32999,9.58527,7.71927,6.78627,5.85328,4.92028,3.98728,3.33418,3.05428,2.12128,1.18828,0.255283,0.0709137,0.0612867,13.3169,9.54934,0.201407,0.537755,9.14657,7.2367,6.28177,5.32683,4.3719,3.41697,2.74851,2.46203,1.5071,0.552166,-0.402768,19.2519,True,3,436.726,O-L12-1-34
390,CG6-0313,2026-01-23,12,4,field,CG6-0313|2026-01-23|L12|S4,2026-01-23 09:36:38,2026-01-23 09:36:38,2026-01-23 09:36:38.000,1,1,9298.19,,,0.0027,24.7279,34.8416,316.3,0,,,True,SINGLE_READING;,8,day8,MATCHED,D8:wor:L12-4,L12-4,L12-4,results.zip/day8.xlsx,workbook,3.82317,179.458,L12-3,True,24.7278,34.8416,332.531,,0,332.531,0.15,12.3087,320.222,320.109,0.113044,11375.5,37858.8,False,9341.76,0.0535975,INTERPOLATED,354,421,-43.5696,0.0536655,0,True,1.01189,-44.0878,220.333,-4.04474,68.0085,27.9655,9.23858,9.48833,7.64061,6.71676,5.7929,4.86904,3.94518,3.29848,3.02132,2.09747,1.17361,0.249751,0.0708714,0.0612377,13.243,9.47537,0.183965,0.491188,9.01475,7.11967,6.17213,5.2246,4.27706,3.32952,2.66625,2.38199,1.43445,0.486913,-0.460624,19.0842,True,4,612.727,O-L12-1-34
391,CG6-0313,2026-01-23,12,5,field,CG6-0313|2026-01-23|L12|S5,2026-01-23 09:40:24,2026-01-23 09:40:24,2026-01-23 09:40:24.000,1,1,9298.47,,,0.0047,24.7291,34.8432,322.3,0,,,True,SINGLE_READING;,8,day8,MATCHED,D8:wor:L12-5,L12-5,L12-5,results.zip/day8.xlsx,workbook,7.94839,164.873,L12-6,True,24.729,34.8432,329.59,,0,329.59,0.15,12.3031,317.287,317.179,0.107635,11167,37708.2,False,9341.76,0.0535944,INTERPOLATED,354,421,-43.2911,0.0538001,0,True,1.01189,-43.8059,217.398,-3.96209,67.1025,27.2587,9.1155,9.02771,7.20462,6.29307,5.38152,4.46997,3.55842,2.92033,2.64687,1.73532,0.823769,-0.0877805,0.0709733,0.0613557,13.1125,9.34492,0.191327,0.510844,8.56886,6.69987,5.76538,4.83089,3.89639,2.9619,2.30776,2.02741,1.09292,0.158423,-0.776069,18.8817,True,5,817.489,O-L12-1-34
392,CG6-0313,2026-01-23,12,6,field,CG6-0313|2026-01-23|L12|S6,2026-01-23 09:43:38,2026-01-23 09:43:38,2026-01-23 09:43:38.000,1,1,9299.07,,,0.0028,24.7287,34.8448,314,0,,,True,SINGLE_READING;,8,day8,MATCHED,D8:wor:L12-6,L12-6,L12-6,results.zip/day8.xlsx,workbook,5.05842,172.224,L12-5,True,24.7287,34.8448,327.078,,0,327.078,0.15,12.2969,314.781,314.892,-0.111183,11056.5,37733,False,9341.76,0.053592,INTERPOLATED,354,421,-42.6917,0.0536651,0,True,1.01189,-43.1994,214.892,-3.98444,66.3291,27.1141,9.01043,9.09328,7.2912,6.39016,5.48911,4.58807,3.68703,3.0563,2.78598,1.88494,0.983899,0.0828562,0.0708711,0.0612374,13.0049,9.23731,0.193875,0.517647,8.63952,6.79206,5.86833,4.9446,4.02087,3.09714,2.45052,2.1734,1.24967,0.325942,-0.597789,18.7627,True,6,985.978,O-L12-1-34
393,CG6-0313,2026-01-23,12,7,field,CG6-0313|2026-01-23|L12|S7,2026-01-23 09:46:48,2026-01-23 09:46:48,2026-01-23 09:46:48.000,1,1,9299.31,,,0.0031,24.7275,34.846,307.8,0,,,True,SINGLE_READING;,8,day8,MATCHED,D8:wor:L12-7,L12-7,L12-7,results.zip/day8.xlsx,workbook,5.20465,177.644,L12-8,True,24.7275,34.846,324.762,,0,324.762,0.15,12.292,312.47,312.569,-0.0995068,11037.7,37856.3,False,9341.76,0.0535899,INTERPOLATED,354,421,-42.4513,0.0536795,0,True,1.01189,-42.9562,212.581,-4.06821,65.6158,26.7278,8.91352,8.90076,7.11806,6.22671,5.33535,4.444,3.55265,2.9287,2.6613,1.76995,0.878593,-0.0127592,0.0708819,0.06125,12.918,9.15043,0.183853,0.490888,8.42696,6.59687,5.68183,4.76679,3.85174,2.9367,2.29617,2.02166,1.10662,0.191573,-0.72347,18.7341,True,7,1168.97,O-L12-1-34
394,CG6-0313,2026-01-23,12,8,field,CG6-0313|2026-01-23|L12|S8,2026-01-23 10:10:33,2026-01-23 10:10:33,2026-01-23 10:10:33.000,1,1,9300.18,,,0.0021,24.7284,34.8476,313.4,0,,,True,SINGLE_READING;,8,day8,MATCHED,D8:wor:L12-8,L12-8,L12-8,results.zip/day8.xlsx,workbook,9.95238,189.349,L12-9,True,24.7283,34.8476,322.01,,0,322.01,0.15,12.2862,309.724,309.916,-0.191962,10853.4,37750.6,False,9341.75,0.053582,INTERPOLATED,354,421,-41.5683,0.0536232,0,True,1.01189,-42.0626,209.835,-4.01398,64.7682,26.7195,8.79838,9.1228,7.36312,6.48328,5.60345,4.72361,3.84377,3.22788,2.96393,2.0841,1.20426,0.32442,0.0708393,0.0612006,12.811,9.04346,0.17567,0.46904,8.63262,6.82393,5.91958,5.01524,4.11089,3.20655,2.5735,2.3022,1.39785,0.493506,-0.41084,18.5524,True,8,1351.34,O-L12-1-34
395,CG6-0313,2026-01-23,12,9,field,CG6-0313|2026-01-23|L12|S9,2026-01-23 10:15:33,2026-01-23 10:15:33,2026-01-23 10:15:33.000,1,1,9300.86,,,0.0035,24.7296,34.849,307,0,,,True,SINGLE_READING;,8,day8,MATCHED,D8:wor:L12-9,L12-9,L12-9,results.zip/day8.xlsx,workbook,8.58452,197.963,L12-10,True,24.7296,34.8489,319.678,,0,319.678,0.15,12.2813,307.397,307.709,-0.312508,10658.6,37597.7,False,9341.74,0.0535822,INTERPOLATED,354,421,-40.8828,0.0536963,0,True,1.01189,-41.369,207.508,-3.92517,64.05,26.6062,8.7008,9.20456,7.4644,6.59432,5.72424,4.85416,3.98408,3.37503,3.114,2.24392,1.37384,0.503764,0.0708947,0.0612648,12.7106,8.94299,0.178565,0.476768,8.72018,6.93158,6.03728,5.14298,4.24868,3.35439,2.72838,2.46009,1.56579,0.671487,-0.222812,18.3589,True,9,1550.03,O-L12-1-34
396,CG6-0313,2026-01-23,12,10,field,CG6-0313|2026-01-23|L12|S10,2026-01-23 10:19:12,2026-01-23 10:19:12,2026-01-23 10:19:12.000,1,1,9301.64,,,0.0053,24.7314,34.8496,307.9,0,,,True,SINGLE_READING;,8,day8,MATCHED,D8:wor:L12-10,L12-10,L12-10,results.zip/day8.xlsx,workbook,7.8557,46.7731,1-464,True,24.7313,34.8496,317.162,,0,317.162,0.15,12.2792,304.883,304.839,0.0439344,10493.2,37397.1,False,9341.74,0.0535826,INTERPOLATED,354,421,-40.1026,0.0538441,0,True,1.01189,-40.5796,204.994,-3.80387,63.274,26.4983,8.59539,9.30756,7.58849,6.72895,5.86941,5.00987,4.15033,3.54865,3.29079,2.43125,1.57171,0.712172,0.0710067,0.0613943,12.6095,8.84195,0.174198,0.46511,8.81445,7.04606,6.16186,5.27767,4.39347,3.50928,2.89034,2.62508,1.74089,0.856692,-0.0275033,18.199,True,10,1756.47,O-L12-1-34
397,CG6-0313,2026-01-23,12,11,field,CG6-0313|2026-01-23|L12|S11,2026-01-23 10:22:52,2026-01-23 10:22:52,2026-01-23 10:22:52.000,1,1,9302.37,,,0.0036,24.7329,34.8506,304.3,0,,,True,SINGLE_READING;,8,day8,MATCHED,D8:wor:L12-11,L12-11,L12-11,results.zip/day8.xlsx,workbook,8.19617,69.313,1-463,True,24.7328,34.8506,314.647,,0,314.647,0.15,12.2755,302.371,303.189,-0.81794,10310.3,37223.1,False,9341.74,0.0535835,INTERPOLATED,354,421,-39.367,0.0537043,0,True,1.01189,-39.8352,202.483,-3.70107,62.4989,26.3648,8.49009,9.38463,7.68661,6.8376,5.98859,5.13958,4.29057,3.69626,3.44156,2.59255,1.74354,0.894533,0.0709007,0.0612717,12.5069,8.73928,0.171574,0.458103,8.88626,7.1384,6.26448,5.39055,4.51662,3.64269,3.03094,2.76877,1.89484,1.02091,0.146984,18.0212,True,11,1953.05,O-L12-1-34
398,CG6-0313,2026-01-23,12,12,field,CG6-0313|2026-01-23|L12|S12,2026-01-23 10:27:02,2026-01-23 10:27:02,2026-01-23 10:27:02.000,1,1,9302.92,,,0.0031,24.734,34.8519,302.3,0,,,True,SINGLE_READING;,8,day8,MATCHED,D8:wor:L12-12,L12-12,L12-12,results.zip/day8.xlsx,workbook,8.65079,112.594,1-463,True,24.7339,34.8519,312.712,,0,312.712,0.15,12.2706,300.441,300.97,-0.528169,10131.6,37091.5,False,9341.74,0.0535848,INTERPOLATED,354,421,-38.8207,0.0536744,0,True,1.01189,-39.2824,200.552,-3.62618,61.9032,26.247,8.40917,9.42864,7.74681,6.90589,6.06498,5.22406,4.38314,3.7945,3.54223,2.70131,1.86039,1.01948,0.0708781,0.0612456,12.4162,8.64866,0.181263,0.483972,8.94965,7.21992,6.35506,5.49019,4.62532,3.76046,3.15505,2.89559,2.03073,1.16586,0.300993,17.8418,True,12,2134.95,O-L12-1-34
399,CG6-0313,2026-01-23,12,13,field,CG6-0313|2026-01-23|L12|S13,2026-01-23 10:31:14,2026-01-23 10:31:14,2026-01-23 10:31:14.000,1,1,9303.36,,,0.0031,24.7349,34.8535,292.4,0,,,True,SINGLE_READING;,8,day8,MATCHED_ID_TIEBREAK,D8:wor:L12-13,L12-13,L12-13,results.zip/day8.xlsx,workbook,12.3809,7.0625,1-462,True,24.7348,34.8535,310.224,,0,310.224,0.15,12.2648,297.959,298.327,-0.367724,9945.67,36983.9,False,9341.74,0.0535866,INTERPOLATED,354,421,-38.3737,0.0536762,0,True,1.01189,-38.83,198.07,-3.56829,61.1371,25.8753,8.30508,9.26516,7.60415,6.77364,5.94313,5.11262,4.28211,3.70076,3.45161,2.6211,1.79059,0.96008,0.0708795,0.0612471,12.289,8.52144,0.204402,0.545754,8.83246,7.12817,6.27602,5.42388,4.57174,3.71959,3.12309,2.86745,2.0153,1.16316,0.311015,17.6604,True,13,2316.35,O-L12-1-34
400,CG6-0313,2026-01-23,12,14,field,CG6-0313|2026-01-23|L12|S14,2026-01-23 10:33:54,2026-01-23 10:33:54,2026-01-23 10:33:54.000,1,1,9303.63,,,0.0031,24.7338,34.8555,297.4,0,,,True,SINGLE_READING;,8,day8,MATCHED,D8:wor:L12-14,L12-14,L12-14,results.zip/day8.xlsx,workbook,10.4137,29.1566,1-461,True,24.7337,34.8554,307.708,,0,307.708,0.15,12.2572,295.451,295.013,0.438256,9858.63,37093.1,False,9341.73,0.053588,INTERPOLATED,354,421,-38.1055,0.0536776,0,True,1.01189,-38.5587,195.562,-3.64206,60.3628,25.4462,8.19991,9.04638,7.4064,6.58641,5.76642,4.94643,4.12644,3.55244,3.30645,2.48645,1.66646,0.846473,0.0708805,0.0612483,12.207,8.43941,0.181255,0.483951,8.56738,6.87949,6.03555,5.19161,4.34767,3.50373,2.91297,2.65979,1.81585,0.971908,0.127967,17.5605,True,14,2546.15,O-L12-1-34
401,CG6-0313,2026-01-23,12,15,field,CG6-0313|2026-01-23|L12|S15,2026-01-23 10:37:26,2026-01-23 10:37:26,2026-01-23 10:37:26.000,1,1,9304.24,,,0.0018,24.7336,34.8572,298.2,0,,,True,SINGLE_READING;,8,day8,MATCHED,D8:wor:L12-15,L12-15,L12-15,results.zip/day8.xlsx,workbook,8.37184,50.0956,1-460,True,24.7336,34.8572,305.06,,0,305.06,0.15,12.2504,292.81,292.979,-0.169366,9727.87,37100,False,9341.73,0.0535901,INTERPOLATED,354,421,-37.4918,0.0536203,0,True,1.01189,-37.9377,192.921,-3.65192,59.5476,25.2619,8.08916,9.08359,7.46576,6.65684,5.84792,5.03901,4.23009,3.66385,3.42118,2.61226,1.80334,0.994427,0.0708371,0.0611981,12.105,8.33745,0.172467,0.460486,8.58701,6.91952,6.08577,5.25203,4.41828,3.58454,3.00092,2.75079,1.91705,1.0833,0.249557,17.4188,True,15,2727.08,O-L12-1-34
402,CG6-0313,2026-01-23,12,16,field,CG6-0313|2026-01-23|L12|S16,2026-01-23 10:40:52,2026-01-23 10:40:52,2026-01-23 10:40:52.000,1,1,9305.14,,,0.0018,24.7351,34.8585,294.1,0,,,True,SINGLE_READING;,8,day8,MATCHED,D8:wor:L12-16,L12-16,L12-16,results.zip/day8.xlsx,workbook,7.62469,141.78,L12-17,True,24.7351,34.8585,302.418,,0,302.418,0.15,12.2457,290.172,292.496,-2.32421,9525.78,36926.7,False,9341.73,0.0535924,INTERPOLATED,354,421,-36.5905,0.0536226,0,True,1.01189,-37.0256,190.283,-3.54864,58.7336,25.2567,7.97858,9.2995,7.70378,6.90592,6.10806,5.31021,4.51235,3.95385,3.71449,2.91663,2.11877,1.32092,0.0708389,0.0612002,11.9362,8.16866,0.230674,0.615898,8.91933,7.2856,6.46873,5.65186,4.835,4.01813,3.44633,3.20127,2.3844,1.56753,0.750667,17.2202,True,16,2937.52,O-L12-1-34
403,CG6-0313,2026-01-23,12,17,field,CG6-0313|2026-01-23|L12|S17,2026-01-23 10:43:47,2026-01-23 10:43:47,2026-01-23 10:43:47.000,1,1,9305.57,,,0.003,24.7355,34.8598,297.6,0,,,True,SINGLE_READING;,8,day8,MATCHED,D8:wor:L12-17,L12-17,L12-17,results.zip/day8.xlsx,workbook,5.69245,146.252,L12-16,True,24.7354,34.8598,300.463,,0,300.463,0.15,12.2406,288.222,290.132,-1.90963,9391.65,36879.7,False,9341.73,0.0535946,INTERPOLATED,354,421,-36.1559,0.0536785,0,True,1.01189,-36.5859,188.333,-3.52268,58.1318,25.0686,7.89682,9.27492,7.69555,6.90587,6.11619,5.32651,4.53682,3.98405,3.74714,2.95746,2.16778,1.37809,0.0708812,0.0612491,11.8329,8.06534,0.252237,0.673473,8.93788,7.32481,6.51828,5.71174,4.90521,4.09867,3.5341,3.29214,2.4856,1.67907,0.872536,17.082,True,17,3081.6,O-L12-1-34
404,CG6-0313,2026-01-23,12,18,field,CG6-0313|2026-01-23|L12|S18,2026-01-23 10:46:47,2026-01-23 10:46:47,2026-01-23 10:46:47.000,1,1,9305.94,,,0.0031,24.7347,34.8618,293.9,0,,,True,SINGLE_READING;,8,day8,MATCHED,D8:wor:L12-18,L12-18,L12-18,results.zip/day8.xlsx,workbook,6.81769,158.518,L12-19,True,24.7347,34.8618,297.959,,0,297.959,0.15,12.2331,285.726,287.594,-1.86808,9289.09,36954.8,False,9341.73,0.0535971,INTERPOLATED,354,421,-35.7879,0.0536867,0,True,1.01189,-36.2135,185.837,-3.57529,57.3613,24.7231,7.79214,9.1388,7.58037,6.80116,6.02194,5.24273,4.46351,3.91806,3.6843,2.90508,2.12587,1.34666,0.0708874,0.0612563,11.7269,7.95932,0.253584,0.67707,8.80445,7.21259,6.41666,5.62073,4.8248,4.02886,3.47171,3.23293,2.437,1.64107,0.845137,16.967,True,18,3294.8,O-L12-1-34
405,CG6-0313,2026-01-23,12,19,field,CG6-0313|2026-01-23|L12|S19,2026-01-23 10:50:18,2026-01-23 10:50:18,2026-01-23 10:50:18.000,1,1,9306.67,,,0.0022,24.7362,34.862,293.4,0,,,True,SINGLE_READING;,8,day8,MATCHED,D8:wor:L12-19,L12-19,L12-19,results.zip/day8.xlsx,workbook,4.67598,164.628,L12-20,True,24.7361,34.862,295.609,,0,295.609,0.15,12.2321,283.377,285.334,-1.95713,9168.94,36793.2,False,9341.73,0.0536003,INTERPOLATED,354,421,-35.0608,0.0536454,0,True,1.01189,-35.4778,183.488,-3.47483,56.6362,24.6332,7.69365,9.24595,7.70722,6.93785,6.16849,5.39912,4.62976,4.0912,3.86039,3.09103,2.32166,1.5523,0.0708562,0.0612201,11.625,7.85737,0.257033,0.686278,8.9185,7.34703,6.56129,5.77555,4.98981,4.20408,3.65406,3.41834,2.6326,1.84687,1.06113,16.8526,True,19,3460.12,O-L12-1-34
406,CG6-0313,2026-01-23,12,20,field,CG6-0313|2026-01-23|L12|S20,2026-01-23 10:53:31,2026-01-23 10:53:31,2026-01-23 10:53:31.000,1,1,9307.36,,,0.002,24.7377,34.8619,288.4,0,,,True,SINGLE_READING;,8,day8,MATCHED,D8:wor:L12-20,L12-20,L12-20,results.zip/day8.xlsx,workbook,5.47103,174.698,L12-19,True,24.7376,34.8619,293.671,,0,293.671,0.15,12.2329,281.438,282.671,-1.23325,9079.65,36624.9,False,9341.72,0.0536035,INTERPOLATED,354,421,-34.3659,0.0536408,0,True,1.01189,-34.7746,181.549,-3.37097,56.0378,24.6342,7.61235,9.40947,7.887,7.12576,6.36453,5.60329,4.84206,4.30919,4.08082,3.31959,2.55835,1.79712,0.0708526,0.0612161,11.5668,7.79922,0.233888,0.624482,9.03573,7.47589,6.69597,5.91604,5.13612,4.3562,3.81025,3.57628,2.79635,2.01643,1.23651,16.7743,True,20,3629.36,O-L12-1-34
407,CG6-0313,2026-01-23,12,21,field,CG6-0313|2026-01-23|L12|S21,2026-01-23 10:57:25,2026-01-23 10:57:25,2026-01-23 10:57:25.000,1,1,9308.32,,,0.0021,24.7386,34.8633,272.4,0,,,True,SINGLE_READING;,8,day8,MATCHED,D8:wor:L12-21,L12-21,L12-21,results.zip/day8.xlsx,workbook,3.75403,181.655,L12-20,True,24.7386,34.8633,290.838,,0,290.838,0.15,12.2276,278.61,280.534,-1.92323,8900.53,36515.6,False,9341.72,0.0536077,INTERPOLATED,354,421,-33.4021,0.0536488,0,True,1.01189,-33.7993,178.721,-3.3056,55.165,24.6714,7.49379,9.68377,8.18501,7.43563,6.68625,5.93687,5.18749,4.66293,4.43812,3.68874,2.93936,2.18998,0.0708587,0.0612231,11.4503,7.68267,0.231874,0.619104,9.306,7.76947,7.0012,6.23293,5.46467,4.6964,4.15861,3.92813,3.15987,2.3916,1.62333,16.5967,True,21,3807.32,O-L12-1-34
408,CG6-0313,2026-01-23,12,22,field,CG6-0313|2026-01-23|L12|S22,2026-01-23 11:02:01,2026-01-23 11:02:01,2026-01-23 11:02:01.000,1,1,9309.09,,,0.0034,24.7384,34.8651,274.3,0,,,True,SINGLE_READING;,8,day8,MATCHED,D8:wor:L12-22,L12-22,L12-22,results.zip/day8.xlsx,workbook,5.62093,176.861,L12-23,True,24.7383,34.8651,287.45,,0,287.45,0.15,12.2205,275.229,275.984,-0.754837,8771.61,36535.4,False,9341.72,0.0536132,INTERPOLATED,354,421,-32.6347,0.0537209,0,True,1.01189,-33.0229,175.341,-3.32377,54.1215,24.4224,7.35203,9.71838,8.24798,7.51277,6.77757,6.04237,5.30716,4.79252,4.57196,3.83676,3.10156,2.36635,0.0709133,0.0612863,11.3028,7.53526,0.237524,0.634188,9.35192,7.84486,7.09134,6.33781,5.58428,4.83076,4.30329,4.07723,3.32371,2.57018,1.81665,16.4582,True,22,3994.78,O-L12-1-34
409,CG6-0313,2026-01-23,12,23,field,CG6-0313|2026-01-23|L12|S23,2026-01-23 11:05:25,2026-01-23 11:05:25,2026-01-23 11:05:25.000,1,1,9309.88,,,0.0023,24.7385,34.8669,264.8,0,,,True,SINGLE_READING;,8,day8,MATCHED,D8:wor:L12-23,L12-23,L12-23,results.zip/day8.xlsx,workbook,5.51679,182.502,L12-22,True,24.7385,34.8669,284.878,,0,284.878,0.15,12.2138,272.664,274.392,-1.72781,8620.06,36515.1,False,9341.72,0.0536176,INTERPOLATED,354,421,-31.8412,0.0536669,0,True,1.01189,-32.2199,172.775,-3.31292,53.3297,24.4228,7.24447,9.93382,8.48493,7.76048,7.03604,6.31159,5.58714,5.08003,4.8627,4.13825,3.4138,2.68936,0.0708724,0.0612389,11.2117,7.4441,0.221122,0.590396,9.53455,8.04573,7.30132,6.55691,5.8125,5.06809,4.54701,4.32368,3.57927,2.83486,2.09045,16.3017,True,23,4172.13,O-L12-1-34
410,CG6-0313,2026-01-23,12,24,field,CG6-0313|2026-01-23|L12|S24,2026-01-23 11:08:45,2026-01-23 11:08:45,2026-01-23 11:08:45.000,1,1,9310.75,,,0.0024,24.7393,34.8689,268.6,0,,,True,SINGLE_READING;,8,day8,MATCHED,D8:wor:L12-24,L12-24,L12-24,results.zip/day8.xlsx,workbook,9.67345,159.34,L12-25,True,24.7393,34.8689,282.179,,0,282.179,0.15,12.2062,269.973,270.351,-0.378487,8409.01,36418.6,False,9341.72,0.0536221,INTERPOLATED,354,421,-30.9671,0.0536758,0,True,1.01189,-31.3354,170.084,-3.26098,52.499,24.4246,7.13162,10.1614,8.73504,8.02188,7.30872,6.59555,5.88239,5.38318,5.16923,4.45607,3.74291,3.02975,0.0708792,0.0612468,11.143,7.37541,0.176959,0.47248,9.67377,8.19868,7.46114,6.7236,5.98606,5.24852,4.73224,4.51098,3.77344,3.03589,2.29835,16.0885,True,24,4389.43,O-L12-1-34
411,CG6-0313,2026-01-23,12,25,field,CG6-0313|2026-01-23|L12|S25,2026-01-23 11:15:07,2026-01-23 11:15:07,2026-01-23 11:15:07.000,1,1,9311.39,,,0.0023,24.7395,34.8705,270.8,0,,,True,SINGLE_READING;,8,day8,MATCHED,D8:wor:L12-25,L12-25,L12-25,results.zip/day8.xlsx,workbook,7.50496,167.869,L12-24,True,24.7394,34.8704,280.28,,0,280.28,0.15,12.2001,268.08,268.496,-0.41572,8273.24,36401.9,False,9341.71,0.0536316,INTERPOLATED,354,421,-30.3211,0.0536809,0,True,1.01189,-30.6817,168.191,-3.25033,51.9148,24.4835,7.05225,10.379,8.96852,8.2633,7.55807,6.85285,6.14762,5.65397,5.4424,4.73717,4.03195,3.32672,0.070883,0.0612513,11.072,7.30443,0.168578,0.450104,9.87461,8.41373,7.68329,6.95284,6.2224,5.49196,4.98065,4.76152,4.03107,3.30063,2.57019,15.9455,True,25,4551.43,O-L12-1-34
412,CG6-0313,2026-01-23,12,26,field,CG6-0313|2026-01-23|L12|S26,2026-01-23 11:18:34,2026-01-23 11:18:34,2026-01-23 11:18:34.000,1,1,9312.39,,,0.0028,24.7391,34.8727,272.7,0,,,True,SINGLE_READING;,8,day8,MATCHED,D8:wor:L12-26,L12-26,L12-26,results.zip/day8.xlsx,workbook,4.82405,191.754,L12-27,True,24.739,34.8727,277.38,,0,277.38,0.15,12.1912,265.189,265.702,-0.512801,8128.72,36440.5,False,9341.71,0.0536372,INTERPOLATED,354,421,-29.3204,0.0537102,0,True,1.01189,-29.6691,165.3,-3.27608,51.0224,24.6294,6.93102,10.7674,9.38118,8.68808,7.99498,7.30188,6.60878,6.12361,5.91567,5.22257,4.52947,3.83637,0.0709052,0.0612769,10.9501,7.18247,0.169307,0.45205,10.2645,8.82799,8.10975,7.3915,6.67325,5.95501,5.45223,5.23676,4.51851,3.80027,3.08202,15.7791,True,26,4786.04,O-L12-1-34
413,CG6-0313,2026-01-23,12,27,field,CG6-0313|2026-01-23|L12|S27,2026-01-23 11:21:55,2026-01-23 11:21:55,2026-01-23 11:21:55.000,1,1,9313.55,,,0.002,24.7405,34.8739,270,0,,,True,SINGLE_READING;,8,day8,MATCHED,D8:wor:L12-27,L12-27,L12-27,results.zip/day8.xlsx,workbook,2.41407,194.537,L12-28,True,24.7405,34.8739,274.537,,0,274.537,0.15,12.187,262.35,262.698,-0.34746,7940.27,36283,False,9341.71,0.0536429,INTERPOLATED,354,421,-28.1649,0.0536801,0,True,1.01189,-28.4999,162.461,-3.17833,50.1462,24.8247,6.81199,11.2007,9.83828,9.15709,8.47589,7.79469,7.11349,6.63665,6.43229,5.75109,5.06989,4.38869,0.0708825,0.0612506,10.842,7.07446,0.15829,0.422633,10.6757,9.26086,8.55341,7.84596,7.13852,6.43107,5.93586,5.72363,5.01618,4.30873,3.60129,15.5955,True,27,4981.01,O-L12-1-34
414,CG6-0313,2026-01-23,12,28,field,CG6-0313|2026-01-23|L12|S28,2026-01-23 11:25:52,2026-01-23 11:25:52,2026-01-23 11:25:52.000,1,1,9314.27,,,0.0028,24.7422,34.874,262.9,0,,,True,SINGLE_READING;,8,day8,MATCHED,D8:wor:L12-28,L12-28,L12-28,results.zip/day8.xlsx,workbook,3.10494,200.024,L12-27,True,24.7422,34.874,272.333,,0,272.333,0.15,12.1865,260.147,260.139,0.00733092,7803.15,36085.7,False,9341.71,0.0536499,INTERPOLATED,354,421,-27.4395,0.053723,0,True,1.01189,-27.7658,160.258,-3.05711,49.4661,24.7574,6.7196,11.3182,9.97427,9.30231,8.63035,7.95839,7.28643,6.81606,6.61447,5.94251,5.27055,4.59859,0.0709149,0.0612881,10.7546,6.98705,0.153308,0.409332,10.7833,9.38588,8.68718,7.98847,7.28977,6.59106,6.10197,5.89236,5.19365,4.49495,3.79624,15.4736,True,28,5177.93,O-L12-1-34
415,CG6-0313,2026-01-23,12,29,field,CG6-0313|2026-01-23|L12|S29,2026-01-23 11:33:23,2026-01-23 11:33:23,2026-01-23 11:33:23.000,1,1,9315.08,,,0.0053,24.744,34.8734,260.2,0,,,True,SINGLE_READING;,8,day8,MATCHED,D8:wor:L12-29,L12-29,L12-29,results.zip/day8.xlsx,workbook,3.83118,167.523,L12-30,True,24.744,34.8734,269.917,,0,269.917,0.15,12.1888,257.728,257.813,-0.0847263,7723.22,35888.7,False,9341.71,0.0536645,INTERPOLATED,354,421,-26.6267,0.0539255,0,True,1.01189,-26.9433,157.839,-2.93505,48.7197,24.7114,6.6182,11.475,10.1514,9.48955,8.82773,8.16591,7.50409,7.04082,6.84227,6.18045,5.51863,4.85681,0.0710685,0.0614658,10.6502,6.88259,0.156372,0.417513,10.9462,9.56972,8.88146,8.19321,7.50495,6.81669,6.33491,6.12843,5.44017,4.75191,4.06365,15.4121,True,29,5384.06,O-L12-1-34
416,CG6-0313,2026-01-23,12,30,field,CG6-0313|2026-01-23|L12|S30,2026-01-23 11:36:41,2026-01-23 11:36:41,2026-01-23 11:36:41.000,1,1,9316.17,,,0.0029,24.7449,34.8748,252.4,0,,,True,SINGLE_READING;,8,day8,MATCHED,D8:wor:L12-30,L12-30,L12-30,results.zip/day8.xlsx,workbook,3.20114,174.114,L12-29,True,24.7449,34.8748,266.474,,0,266.474,0.15,12.1834,254.291,254.134,0.156923,7553.02,35789.3,False,9341.7,0.0536713,INTERPOLATED,354,421,-25.5322,0.0537496,0,True,1.01189,-25.8358,154.402,-2.87446,47.6586,24.6973,6.47406,11.7491,10.4543,9.80692,9.15951,8.51211,7.8647,7.41152,7.21729,6.56989,5.92248,5.27508,0.070935,0.0613114,10.5112,6.74364,0.151173,0.403633,11.21,9.86124,9.18688,8.51251,7.83815,7.16378,6.69173,6.48942,5.81505,5.14069,4.46633,15.241,True,30,5555.26,O-L12-1-34
417,CG6-0313,2026-01-23,12,31,field,CG6-0313|2026-01-23|L12|S31,2026-01-23 11:40:08,2026-01-23 11:40:08,2026-01-23 11:40:08.000,1,1,9316.79,,,0.003,24.7445,34.8767,244.5,0,,,True,SINGLE_READING;,8,day8,MATCHED,D8:wor:L12-31,L12-31,L12-31,results.zip/day8.xlsx,workbook,8.22402,193.552,L12-30,True,24.7444,34.8766,263.526,,0,263.526,0.15,12.1755,251.351,251.241,0.109755,7439.07,35838.6,False,9341.7,0.0536787,INTERPOLATED,354,421,-24.9102,0.0537625,0,True,1.01189,-25.2065,151.462,-2.90792,46.7512,24.4526,6.35078,11.751,10.4809,9.84579,9.21071,8.57563,7.94056,7.496,7.30548,6.6704,6.03532,5.40024,0.0709448,0.0613227,10.3646,6.59705,0.174492,0.465895,11.2585,9.93909,9.27938,8.61968,7.95997,7.30027,6.83847,6.64056,5.98086,5.32115,4.66145,15.1186,True,31,5746.03,O-L12-1-34
418,CG6-0313,2026-01-23,12,32,field,CG6-0313|2026-01-23|L12|S32,2026-01-23 11:43:48,2026-01-23 11:43:48,2026-01-23 11:43:48.000,1,1,9317.21,,,0.0027,24.7433,34.8783,241.4,0,,,True,SINGLE_READING;,8,day8,MATCHED,D8:wor:L12-32,L12-32,L12-32,results.zip/day8.xlsx,workbook,2.5497,181.604,L12-33,True,24.7433,34.8783,261.052,,0,261.052,0.15,12.1682,248.884,248.957,-0.0730043,7397.01,35966.8,False,9341.7,0.0536869,INTERPOLATED,354,421,-24.4914,0.0537547,0,True,1.01189,-24.7826,148.995,-2.9843,45.9898,24.1915,6.24735,11.6968,10.4473,9.82255,9.19781,8.57308,7.94834,7.51103,7.3236,6.69887,6.07413,5.4494,0.070939,0.061316,10.2419,6.47433,0.193781,0.517395,11.2428,9.94793,9.3005,8.65307,8.00563,7.3582,6.905,6.71077,6.06334,5.4159,4.76847,15.051,True,32,5953.1,O-L12-1-34
419,CG6-0313,2026-01-23,12,33,field,CG6-0313|2026-01-23|L12|S33,2026-01-23 11:47:20,2026-01-23 11:47:20,2026-01-23 11:47:20.000,1,1,9317.99,,,0.0024,24.7433,34.8801,246.6,0,,,True,SINGLE_READING;,8,day8,MATCHED,D8:wor:L12-33,L12-33,L12-33,results.zip/day8.xlsx,workbook,4.04944,185.421,L12-32,True,24.7433,34.8801,258.47,,0,258.47,0.15,12.1602,246.31,246.396,-0.0860716,7258.99,35968.2,False,9341.7,0.0536951,INTERPOLATED,354,421,-23.7046,0.0537487,0,True,1.01189,-23.9865,146.421,-2.98524,45.1953,24.1941,6.13942,11.9152,10.6873,10.0734,9.45945,8.84551,8.23156,7.8018,7.61762,7.00368,6.38974,5.77579,0.0709344,0.0613107,10.1341,6.36647,0.193707,0.517197,11.4611,10.1878,9.55118,8.91453,8.27788,7.64123,7.19558,7.00459,6.36794,5.73129,5.09464,14.9017,True,33,6135.98,O-L12-1-34
420,CG6-0313,2026-01-23,12,34,field,CG6-0313|2026-01-23|L12|S34,2026-01-23 11:51:12,2026-01-23 11:51:12,2026-01-23 11:51:12.000,1,1,9318.73,,,0.0044,24.7444,34.8816,239,0,,,True,SINGLE_READING;,8,day8,MATCHED,D8:wor:L12-34,L12-34,L12-34,results.zip/day8.xlsx,workbook,4.84613,198.779,L12-33,True,24.7444,34.8816,256.095,,0,256.095,0.15,12.1536,243.941,243.925,0.0161899,7064.32,35845.5,False,9341.7,0.0537045,INTERPOLATED,354,421,-22.9702,0.0538844,0,True,1.01189,-23.2434,144.052,-2.90976,44.4643,24.1307,6.04012,12.0505,10.8425,10.2384,9.63443,9.03041,8.4264,8.00359,7.82239,7.21838,6.61437,6.01035,0.0710373,0.0614297,10.0468,6.27919,0.181688,0.485108,11.5723,10.3165,9.68858,9.06066,8.43274,7.80482,7.36528,7.17691,6.54899,5.92107,5.29315,14.7069,True,34,6331.3,O-L12-1-34
422,CG6-0313,2026-01-23,13,1,field,CG6-0313|2026-01-23|L13|S1,2026-01-23 13:22:38,2026-01-23 13:22:38,2026-01-23 13:22:38.000,1,1,9349.26,,,0.0022,24.8021,34.9531,55,0,,,True,SINGLE_READING;,8,day8,MATCHED,D8:wor:L13-1,L13-1,L13-1,results.zip/day8.xlsx,workbook,5.77643,192.177,L13-2,True,24.802,34.9531,71.297,,0,71.297,0.15,11.7629,59.5341,61.7447,-2.21064,2589.31,30401.3,False,9341.68,0.0535613,INTERPOLATED,421,446,7.57831,0.0536065,0,True,1.01189,7.66844,-40.3549,1.0484,-12.4568,-5.83672,-1.69208,-2.45256,-2.11415,-1.94494,-1.77573,-1.60652,-1.43731,-1.31887,-1.26811,-1.0989,-0.92969,-0.760482,0.0708267,0.061186,2.17818,-1.58941,0.318089,0.849298,-2.6579,-2.34001,-2.18107,-2.02213,-1.86319,-1.70425,-1.59299,-1.54531,-1.38637,-1.22743,-1.06849,5.13512,True,1,0,O-L13-1-15
423,CG6-0313,2026-01-23,13,2,field,CG6-0313|2026-01-23|L13|S2,2026-01-23 13:26:55,2026-01-23 13:26:55,2026-01-23 13:26:55.000,1,1,9348.17,,,0.0029,24.8033,34.9517,56.5,0,,,True,SINGLE_READING;,8,day8,MATCHED,D8:wor:L13-2,L13-2,L13-2,results.zip/day8.xlsx,workbook,3.89754,193.821,L13-1,True,24.8033,34.9517,76.861,,0,76.861,0.15,11.768,65.093,64.6128,0.480201,2583.82,30235.6,False,9341.69,0.0535379,INTERPOLATED,421,446,6.48095,0.0536164,0,True,1.01189,6.55803,-34.796,1.13401,-10.7408,-5.31681,-1.459,-2.39882,-2.10702,-1.96112,-1.81522,-1.66932,-1.52342,-1.42129,-1.37752,-1.23162,-1.08572,-0.939825,0.0708342,0.0611947,2.46077,-1.30682,0.268577,0.717101,-2.70318,-2.44182,-2.31113,-2.18045,-2.04977,-1.91909,-1.82761,-1.78841,-1.65773,-1.52705,-1.39636,5.16741,True,2,193.633,O-L13-1-15
424,CG6-0313,2026-01-23,13,3,field,CG6-0313|2026-01-23|L13|S3,2026-01-23 13:30:26,2026-01-23 13:30:26,2026-01-23 13:30:26.000,1,1,9346.94,,,0.0039,24.8047,34.9505,59.4,0,,,True,SINGLE_READING;,8,day8,MATCHED,D8:wor:L13-3,L13-3,L13-3,results.zip/day8.xlsx,workbook,1.59755,194.011,L13-4,True,24.8046,34.9505,82.396,,0,82.396,0.15,11.7725,70.6235,70.2939,0.329615,2611.23,30054.7,False,9341.69,0.0535194,INTERPOLATED,421,446,5.25845,0.0536613,0,True,1.01189,5.32098,-29.2654,1.2302,-9.03364,-4.94286,-1.2271,-2.48866,-2.24324,-2.12053,-1.99782,-1.87511,-1.7524,-1.66651,-1.62969,-1.50698,-1.38427,-1.26156,0.0708682,0.0612341,2.69128,-1.0763,0.269961,0.720795,-2.79025,-2.57499,-2.46736,-2.35973,-2.2521,-2.14447,-2.06913,-2.03684,-1.92921,-1.82158,-1.71395,5.18969,True,3,393.778,O-L13-1-15
425,CG6-0313,2026-01-23,13,4,field,CG6-0313|2026-01-23|L13|S4,2026-01-23 13:33:39,2026-01-23 13:33:39,2026-01-23 13:33:39.000,1,1,9346.01,,,0.0022,24.8061,34.9493,69.4,0,,,True,SINGLE_READING;,8,day8,MATCHED,D8:wor:L13-4,L13-4,L13-4,results.zip/day8.xlsx,workbook,2.65091,185.41,L13-5,True,24.806,34.9493,87.243,,0,87.243,0.15,11.7765,75.4665,75.64,-0.173538,2661.06,29876.4,False,9341.69,0.0535031,INTERPOLATED,421,446,4.32322,0.0535483,0,True,1.01189,4.37464,-24.4225,1.32615,-7.53871,-4.49023,-1.02403,-2.44216,-2.23735,-2.13495,-2.03255,-1.93014,-1.82774,-1.75606,-1.72534,-1.62293,-1.52053,-1.41813,0.0707826,0.061135,2.84046,-0.927125,0.323848,0.864675,-2.63598,-2.45055,-2.35784,-2.26513,-2.17241,-2.0797,-2.0148,-1.98699,-1.89428,-1.80156,-1.70885,5.21259,True,4,588.535,O-L13-1-15
426,CG6-0313,2026-01-23,13,5,field,CG6-0313|2026-01-23|L13|S5,2026-01-23 13:36:42,2026-01-23 13:36:42,2026-01-23 13:36:42.000,1,1,9344.91,,,0.0018,24.8076,34.9485,77,0,,,True,SINGLE_READING;,8,day8,MATCHED,D8:wor:L13-5,L13-5,L13-5,results.zip/day8.xlsx,workbook,4.19806,188.092,L13-4,True,24.8076,34.9485,92.495,,0,92.495,0.15,11.7784,80.7166,80.4263,0.290295,2755.73,29691.9,False,9341.69,0.053488,INTERPOLATED,421,446,3.22373,0.0535183,0,True,1.01189,3.26207,-19.1724,1.42957,-5.91812,-4.08563,-0.803899,-2.47783,-2.31705,-2.23666,-2.15627,-2.07588,-1.99549,-1.93922,-1.9151,-1.83471,-1.75432,-1.67393,0.07076,0.0611088,3.07259,-0.694998,0.311856,0.832656,-2.69563,-2.55663,-2.48713,-2.41763,-2.34813,-2.27863,-2.22998,-2.20913,-2.13963,-2.07013,-2.00063,5.20328,True,5,773.803,O-L13-1-15
427,CG6-0313,2026-01-23,13,6,field,CG6-0313|2026-01-23|L13|S6,2026-01-23 13:40:18,2026-01-23 13:40:18,2026-01-23 13:40:18.000,1,1,9343.4,,,0.0023,24.8085,34.9468,78.9,0,,,True,SINGLE_READING;,8,day8,MATCHED,D8:wor:L13-6,L13-6,L13-6,results.zip/day8.xlsx,workbook,2.81572,188.334,L13-7,True,24.8085,34.9468,98.736,,0,98.736,0.15,11.7861,86.9499,86.8707,0.0792173,2752.41,29555.7,False,9341.69,0.0534709,INTERPOLATED,421,446,1.70701,0.0535204,0,True,1.01189,1.72731,-12.939,1.49196,-3.99401,-3.75866,-0.542534,-2.6736,-2.56509,-2.51084,-2.45658,-2.40233,-2.34807,-2.3101,-2.29382,-2.23957,-2.18531,-2.13106,0.0707615,0.0611106,3.29323,-0.474358,0.352581,0.941392,-2.80995,-2.71508,-2.66764,-2.6202,-2.57277,-2.52533,-2.49213,-2.4779,-2.43046,-2.38302,-2.33559,5.31308,True,6,973.769,O-L13-1-15
428,CG6-0313,2026-01-23,13,7,field,CG6-0313|2026-01-23|L13|S7,2026-01-23 13:43:50,2026-01-23 13:43:50,2026-01-23 13:43:50.000,1,1,9342.22,,,0.0024,24.8093,34.9452,84.4,0,,,True,SINGLE_READING;,8,day8,MATCHED,D8:wor:L13-7,L13-7,L13-7,results.zip/day8.xlsx,workbook,2.87915,187.948,L13-6,True,24.8093,34.9452,104.556,,0,104.556,0.15,11.7933,92.7627,92.6383,0.124388,2762.87,29425.5,False,9341.69,0.0534548,INTERPOLATED,421,446,0.527864,0.0535087,0,True,1.01189,0.534141,-7.12625,1.54926,-2.19973,-3.21485,-0.298804,-2.61724,-2.55748,-2.5276,-2.49772,-2.46784,-2.43796,-2.41704,-2.40808,-2.3782,-2.34832,-2.31844,0.0707527,0.0611003,3.52977,-0.237815,0.359768,0.960581,-2.73922,-2.69166,-2.66788,-2.6441,-2.62031,-2.59653,-2.57989,-2.57275,-2.54897,-2.52519,-2.50141,5.42164,True,7,1160.43,O-L13-1-15
429,CG6-0313,2026-01-23,13,8,field,CG6-0313|2026-01-23|L13|S8,2026-01-23 13:47:31,2026-01-23 13:47:31,2026-01-23 13:47:31.000,1,1,9340.98,,,0.002,24.8112,34.9445,88.9,0,,,True,SINGLE_READING;,8,day8,MATCHED,D8:wor:L13-8,L13-8,L13-8,results.zip/day8.xlsx,workbook,9.71249,186.722,L13-9,True,24.8111,34.9445,110.786,,0,110.786,0.15,11.7947,98.9913,99.004,-0.0127286,2922.49,29207.4,False,9341.69,0.0534387,INTERPOLATED,421,446,-0.705931,0.0534761,0,True,1.01189,-0.714326,-0.897643,1.67251,-0.277096,-2.66393,-0.0376382,-2.58865,-2.58112,-2.57736,-2.5736,-2.56983,-2.56607,-2.56343,-2.5623,-2.55854,-2.55478,-2.55101,0.070728,0.0610718,3.82558,0.0579949,0.325124,0.868081,-2.77992,-2.79152,-2.79732,-2.80312,-2.80891,-2.81471,-2.81877,-2.82051,-2.82631,-2.83211,-2.83791,5.41404,True,8,1373.51,O-L13-1-15
430,CG6-0313,2026-01-23,13,9,field,CG6-0313|2026-01-23|L13|S9,2026-01-23 13:51:25,2026-01-23 13:51:25,2026-01-23 13:51:25.000,1,1,9339.64,,,0.0039,24.8124,34.9431,100.6,0,,,True,SINGLE_READING;,8,day8,MATCHED,D8:wor:L13-9,L13-9,L13-9,results.zip/day8.xlsx,workbook,5.33698,198.759,L13-8,True,24.8123,34.9431,116.353,,0,116.353,0.15,11.7999,104.553,104.841,-0.287469,3003.74,29044.4,False,9341.69,0.0534224,INTERPOLATED,421,446,-2.04731,0.0535645,0,True,1.01189,-2.07166,4.66415,1.75926,1.4397,-2.39121,0.195568,-2.78235,-2.82146,-2.84102,-2.86058,-2.88013,-2.89969,-2.91338,-2.91925,-2.9388,-2.95836,-2.97792,0.0707949,0.0611493,4.08282,0.315232,0.301093,0.803917,-3.02168,-3.08472,-3.11625,-3.14777,-3.17929,-3.21082,-3.23288,-3.24234,-3.27386,-3.30539,-3.33691,5.48976,True,9,1567.42,O-L13-1-15
431,CG6-0313,2026-01-23,13,10,field,CG6-0313|2026-01-23|L13|S10,2026-01-23 13:54:52,2026-01-23 13:54:52,2026-01-23 13:54:52.000,1,1,9338.34,,,0.0018,24.8138,34.9417,106.4,0,,,True,SINGLE_READING;,8,day8,MATCHED,D8:wor:L13-10,L13-10,L13-10,results.zip/day8.xlsx,workbook,6.01285,189.924,L13-11,True,24.8137,34.9417,122.142,,0,122.142,0.15,11.8054,110.337,109.68,0.656533,3109.11,28864.9,False,9341.69,0.0534086,INTERPOLATED,421,446,-3.3505,0.0534389,0,True,1.01189,-3.39034,10.4476,1.8526,3.22492,-2.01802,0.438069,-2.89415,-2.98177,-3.02558,-3.06938,-3.11319,-3.157,-3.18766,-3.2008,-3.24461,-3.28842,-3.33222,0.0706999,0.0610393,4.35861,0.591023,0.267803,0.715034,-3.20006,-3.31827,-3.37737,-3.43647,-3.49557,-3.55468,-3.59605,-3.61378,-3.67288,-3.73198,-3.79109,5.57574,True,10,1774.7,O-L13-1-15
432,CG6-0313,2026-01-23,13,11,field,CG6-0313|2026-01-23|L13|S11,2026-01-23 13:57:58,2026-01-23 13:57:58,2026-01-23 13:57:58.000,1,1,9337.08,,,0.0028,24.8151,34.9405,112.1,0,,,True,SINGLE_READING;,8,day8,MATCHED,D8:wor:L13-11,L13-11,L13-11,results.zip/day8.xlsx,workbook,6.87255,192.186,L13-12,True,24.815,34.9405,127.431,,0,127.431,0.15,11.8102,115.621,115.507,0.113712,3222.73,28692.3,False,9341.69,0.0533967,INTERPOLATED,421,446,-4.61223,0.0534701,0,True,1.01189,-4.66708,15.7318,1.94349,4.85602,-1.75455,0.659635,-3.07382,-3.20575,-3.27171,-3.33768,-3.40364,-3.4696,-3.51578,-3.53557,-3.60153,-3.66749,-3.73346,0.0707235,0.0610666,4.57496,0.807373,0.273019,0.72896,-3.3693,-3.53077,-3.61151,-3.69225,-3.77298,-3.85372,-3.91024,-3.93446,-4.0152,-4.09593,-4.17667,5.65461,True,11,1968.95,O-L13-1-15
433,CG6-0313,2026-01-23,13,12,field,CG6-0313|2026-01-23|L13|S12,2026-01-23 14:00:56,2026-01-23 14:00:56,2026-01-23 14:00:56.000,1,1,9335.79,,,0.0023,24.8162,34.9389,120.7,0,,,True,SINGLE_READING;,8,day8,MATCHED,D8:wor:L13-12,L13-12,L13-12,results.zip/day8.xlsx,workbook,6.46584,203.601,L13-11,True,24.8161,34.9389,132.432,,0,132.432,0.15,11.8168,120.615,120.677,-0.0619552,3313.44,28539.4,False,9341.69,0.0533859,INTERPOLATED,421,446,-5.90422,0.0534354,0,True,1.01189,-5.97444,20.7263,2.01997,6.39768,-1.59672,0.869053,-3.33482,-3.50864,-3.59554,-3.68245,-3.76935,-3.85626,-3.91709,-3.94316,-4.03007,-4.11697,-4.20388,0.0706973,0.0610362,4.72865,0.961067,0.328742,0.877742,-3.51885,-3.71107,-3.80717,-3.90328,-3.99939,-4.09549,-4.16277,-4.1916,-4.28771,-4.38381,-4.47992,5.77051,True,12,2166.13,O-L13-1-15
434,CG6-0313,2026-01-23,13,13,field,CG6-0313|2026-01-23|L13|S13,2026-01-23 14:04:20,2026-01-23 14:04:20,2026-01-23 14:04:20.000,1,1,9334.7,,,0.0034,24.8174,34.9373,127.9,0,,,True,SINGLE_READING;,8,day8,MATCHED,D8:wor:L13-13,L13-13,L13-13,results.zip/day8.xlsx,workbook,6.3232,195.158,L13-14,True,24.8173,34.9373,138.69,,0,138.69,0.15,11.824,126.866,126.547,0.318826,3421.38,28376.8,False,9341.69,0.053374,INTERPOLATED,421,446,-6.99902,0.0534822,0,True,1.01189,-7.08226,26.9771,2.09978,8.32714,-0.854896,1.13115,-3.11719,-3.34342,-3.45654,-3.56965,-3.68277,-3.79588,-3.87506,-3.909,-4.02211,-4.13523,-4.24834,0.0707326,0.0610771,5.05089,1.2833,0.268608,0.717182,-3.42149,-3.67815,-3.80648,-3.93481,-4.06314,-4.19147,-4.2813,-4.3198,-4.44813,-4.57646,-4.70479,5.90262,True,13,2377.18,O-L13-1-15
435,CG6-0313,2026-01-23,13,14,field,CG6-0313|2026-01-23|L13|S14,2026-01-23 14:07:41,2026-01-23 14:07:41,2026-01-23 14:07:41.000,1,1,9333.48,,,0.0033,24.8186,34.9358,131.9,0,,,True,SINGLE_READING;,8,day8,MATCHED,D8:wor:L13-14,L13-14,L13-14,results.zip/day8.xlsx,workbook,6.75411,98.6147,L13-15,True,24.8185,34.9358,144.299,,0,144.299,0.15,11.8301,132.469,132.339,0.130281,3544.01,28213.5,False,9341.7,0.0533629,INTERPOLATED,421,446,-8.21134,0.0534648,0,True,1.01189,-8.30899,32.5799,2.18314,10.0566,-0.435551,1.36608,-3.1677,-3.44092,-3.57752,-3.71413,-3.85074,-3.98735,-4.08297,-4.12395,-4.26056,-4.39717,-4.53378,0.0707195,0.0610619,5.26374,1.49616,0.290675,0.776102,-3.42787,-3.7271,-3.87671,-4.02633,-4.17594,-4.32556,-4.43029,-4.47518,-4.62479,-4.77441,-4.92402,6.02002,True,14,2577.78,O-L13-1-15
436,CG6-0313,2026-01-23,13,15,field,CG6-0313|2026-01-23|L13|S15,2026-01-23 14:11:23,2026-01-23 14:11:23,2026-01-23 14:11:23.000,1,1,9332.93,,,0.0022,24.819,34.9349,131.2,0,,,True,SINGLE_READING;,8,day8,MATCHED,D8:wor:L13-15,L13-15,L13-15,results.zip/day8.xlsx,workbook,7.28377,107.263,L13-14,True,24.8189,34.9349,147.795,,0,147.795,0.15,11.8346,135.96,135.63,0.330217,3583.74,28151.5,False,9341.7,0.0533513,INTERPOLATED,421,446,-8.76233,0.0533966,0,True,1.01189,-8.86653,36.0715,2.20976,11.1343,0.0580366,1.51248,-2.96692,-3.26941,-3.42066,-3.57191,-3.72316,-3.8744,-3.98028,-4.02565,-4.1769,-4.32815,-4.47939,0.070668,0.0610022,5.45679,1.6892,0.244035,0.651573,-3.32036,-3.6582,-3.82712,-3.99604,-4.16496,-4.33388,-4.45212,-4.5028,-4.67172,-4.84064,-5.00956,6.10405,True,15,2681.02,O-L13-1-15
438,CG6-0313,2026-01-23,14,2,field,CG6-0313|2026-01-23|L14|S2,2026-01-23 14:37:47,2026-01-23 14:37:47,2026-01-23 14:37:47.000,1,1,9352.64,,,0.0034,24.8059,34.9731,47.2,0,,,True,SINGLE_READING;,8,day8,MATCHED,D8:wor:L14-2,L14-2,L14-2,results.zip/day8.xlsx,workbook,5.29805,36.6171,1-502,True,24.8059,34.9731,54.987,,0,54.987,0.15,11.6515,43.3355,43.369,-0.0335226,4506.34,30557.2,False,9341.7,0.0532892,INTERPOLATED,421,446,10.9347,0.0533976,0,True,1.01189,11.0647,-56.5535,1.31499,-17.457,-7.70727,-2.37129,-2.9647,-2.49044,-2.25331,-2.01618,-1.77905,-1.54192,-1.37593,-1.3048,-1.06767,-0.830539,-0.59341,0.0706687,0.0610031,1.17718,-2.5904,0.639875,1.70847,-2.52646,-2.00838,-1.74934,-1.4903,-1.23126,-0.972218,-0.790889,-0.713177,-0.454137,-0.195096,0.0639445,3.23174,True,2,0,O-L14-2-8
439,CG6-0313,2026-01-23,14,3,field,CG6-0313|2026-01-23|L14|S3,2026-01-23 14:41:05,2026-01-23 14:41:05,2026-01-23 14:41:05.000,1,1,9351.29,,,0.0025,24.8044,34.9739,52.4,0,,,True,SINGLE_READING;,8,day8,MATCHED,D8:wor:L14-3,L14-3,L14-3,results.zip/day8.xlsx,workbook,3.16364,22.2039,1-503,True,24.8044,34.9739,61.264,,0,61.264,0.15,11.6498,49.6142,49.4677,0.146483,4499.66,30740.9,False,9341.7,0.053284,INTERPOLATED,421,446,9.58411,0.0533426,0,True,1.01189,9.69809,-50.2748,1.21273,-15.5189,-7.03351,-2.10802,-2.81747,-2.39587,-2.18506,-1.97426,-1.76346,-1.55266,-1.4051,-1.34186,-1.13105,-0.920251,-0.709449,0.0706272,0.060955,1.39684,-2.37074,0.683481,1.82489,-2.29202,-1.81787,-1.5808,-1.34373,-1.10665,-0.869576,-0.703624,-0.632502,-0.395427,-0.158353,0.0787217,3.25015,True,3,182.812,O-L14-2-8
440,CG6-0313,2026-01-23,14,4,field,CG6-0313|2026-01-23|L14|S4,2026-01-23 14:44:26,2026-01-23 14:44:26,2026-01-23 14:44:26.000,1,1,9349.94,,,0.0022,24.8029,34.975,55.4,0,,,True,SINGLE_READING;,8,day8,MATCHED,D8:wor:L14-4,L14-4,L14-4,results.zip/day8.xlsx,workbook,7.07572,18.5439,1-504,True,24.8029,34.975,68.389,,0,68.389,0.15,11.6464,56.7426,56.9071,-0.164507,4535.95,30936.7,False,9341.7,0.0532794,INTERPOLATED,421,446,8.23386,0.0533248,0,True,1.01189,8.33178,-43.1464,1.10812,-13.3185,-6.09479,-1.80913,-2.47653,-2.11471,-1.93379,-1.75288,-1.57197,-1.39106,-1.26442,-1.21014,-1.02923,-0.848318,-0.667406,0.0706137,0.0609393,1.77876,-1.98882,0.600454,1.60321,-2.11714,-1.71937,-1.52049,-1.32161,-1.12273,-0.923845,-0.784627,-0.724962,-0.52608,-0.327197,-0.128315,3.25334,True,4,385.659,O-L14-2-8
441,CG6-0313,2026-01-23,14,5,field,CG6-0313|2026-01-23|L14|S5,2026-01-23 14:48:04,2026-01-23 14:48:04,2026-01-23 14:48:04.000,1,1,9348.76,,,0.0029,24.8016,34.976,57.7,0,,,True,SINGLE_READING;,8,day8,MATCHED,D8:wor:L14-5,L14-5,L14-5,results.zip/day8.xlsx,workbook,4.534,93.8717,1-505,True,24.8015,34.976,74.089,,0,74.089,0.15,11.6433,62.4457,63.2662,-0.8205,4569.34,31108.8,False,9341.71,0.0532749,INTERPOLATED,421,446,7.05766,0.0533538,0,True,1.01189,7.1416,-37.4433,1.01637,-11.558,-5.43278,-1.57,-2.29278,-1.97878,-1.82178,-1.66478,-1.50778,-1.35078,-1.24088,-1.19378,-1.03678,-0.879785,-0.722786,0.0706356,0.0609648,2.03089,-1.7367,0.587457,1.56851,-1.95938,-1.61204,-1.43837,-1.2647,-1.09103,-0.917364,-0.795795,-0.743694,-0.570024,-0.396354,-0.222685,3.26466,True,5,564.928,O-L14-2-8
442,CG6-0313,2026-01-23,14,6,field,CG6-0313|2026-01-23|L14|S6,2026-01-23 14:53:18,2026-01-23 14:53:18,2026-01-23 14:53:18.000,1,1,9347.63,,,0.0023,24.7998,34.977,60.2,0,,,True,SINGLE_READING;,8,day8,MATCHED,D8:wor:L14-6,L14-6,L14-6,results.zip/day8.xlsx,workbook,8.20776,126.071,1-505,True,24.7998,34.9769,80.467,,0,80.467,0.15,11.6412,68.8258,68.886,-0.060219,4596.32,31325.8,False,9341.71,0.0532698,INTERPOLATED,421,446,5.91878,0.0533194,0,True,1.01189,5.98917,-31.0631,0.893542,-9.58856,-4.49294,-1.30248,-1.88798,-1.62749,-1.49724,-1.36699,-1.23674,-1.1065,-1.01532,-0.976249,-0.846001,-0.715753,-0.585506,0.0706097,0.0609347,2.36224,-1.40534,0.523622,1.39807,-1.68225,-1.40118,-1.26065,-1.12012,-0.979581,-0.839047,-0.740673,-0.698512,-0.557978,-0.417444,-0.27691,3.32244,True,6,786.062,O-L14-2-8
443,CG6-0313,2026-01-23,14,7,field,CG6-0313|2026-01-23|L14|S7,2026-01-23 14:56:58,2026-01-23 14:56:58,2026-01-23 14:56:58.000,1,1,9346.43,,,0.0027,24.7983,34.9777,59.7,0,,,True,SINGLE_READING;,8,day8,MATCHED,D8:wor:L14-7,L14-7,L14-7,results.zip/day8.xlsx,workbook,2.52457,52.6287,1-506,True,24.7982,34.9777,86.311,,0,86.311,0.15,11.6395,74.6715,75.1376,-0.466123,4618,31513.4,False,9341.71,0.053267,INTERPOLATED,421,446,4.72238,0.0533354,0,True,1.01189,4.77854,-25.2174,0.790055,-7.7841,-3.79562,-1.05737,-1.68089,-1.46941,-1.36368,-1.25794,-1.1522,-1.04647,-0.972451,-0.94073,-0.834993,-0.729256,-0.62352,0.0706218,0.0609487,2.58056,-1.18702,0.550414,1.4696,-1.42157,-1.18417,-1.06547,-0.946763,-0.828061,-0.709359,-0.626267,-0.590656,-0.471954,-0.353252,-0.234549,3.37735,True,7,971.566,O-L14-2-8
444,CG6-0313,2026-01-23,14,8,field,CG6-0313|2026-01-23|L14|S8,2026-01-23 15:00:31,2026-01-23 15:00:31,2026-01-23 15:00:31.000,1,1,9345.73,,,0.0036,24.7969,34.9787,67.4,0,,,True,SINGLE_READING;,8,day8,MATCHED_ID_TIEBREAK,D8:wor:L14-8,L14-8,L14-8,results.zip/day8.xlsx,workbook,8.70257,10.5952,1-507,True,24.7969,34.9787,92.517,,0,92.517,0.15,11.6364,80.8806,81.0666,-0.185991,4680.8,31688.3,False,9341.71,0.0532651,INTERPOLATED,421,446,4.01654,0.0533866,0,True,1.01189,4.0643,-19.0083,0.694179,-5.86748,-2.49735,-0.79702,-0.90331,-0.743906,-0.664204,-0.584502,-0.5048,-0.425098,-0.369307,-0.345396,-0.265694,-0.185992,-0.10629,0.0706604,0.0609935,2.97579,-0.791795,0.415532,1.10947,-0.913759,-0.7554,-0.67622,-0.597041,-0.517861,-0.438682,-0.383256,-0.359502,-0.280323,-0.201143,-0.121964,3.40404,True,8,1158,O-L14-2-8
450,CG6-0313,2026-01-24,15,1,field,CG6-0313|2026-01-24|L15|S1,2026-01-24 09:08:09,2026-01-24 09:08:09,2026-01-24 09:08:09.000,1,1,9309.42,,,0.0035,24.6894,34.8927,245.5,0,,,True,SINGLE_READING;,9,day9,MATCHED,D9:wor:L15-1,L15-1,L15-1,results.zip/day9.xlsx,workbook,6.76259,205.375,L15-2,True,24.6893,34.8927,242.249,,0,242.249,0.15,12.0979,230.151,230.136,0.0148578,11593.7,41988.7,False,9341.47,0.0533272,INTERPOLATED,449,491,-32.0496,0.053442,0,True,1.01189,-32.4307,130.262,-6.68311,40.2079,14.4603,5.46189,3.53647,2.44409,1.8979,1.35172,0.805526,0.259337,-0.122995,-0.286852,-0.833041,-1.37923,-1.92542,0.0707023,0.0610419,9.46772,5.70013,0.182515,0.487316,3.05999,1.91996,1.34995,0.779935,0.209922,-0.360091,-0.7591,-0.930104,-1.50012,-2.07013,-2.64014,17.9052,True,1,0,O-L15-1-60
451,CG6-0313,2026-01-24,15,2,field,CG6-0313|2026-01-24|L15|S2,2026-01-24 09:32:18,2026-01-24 09:32:18,2026-01-24 09:32:18.000,1,1,9308.61,,,0.0038,24.6886,34.8908,231.6,0,,,True,SINGLE_READING;,9,day9,MATCHED,D9:wor:L15-2,L15-2,L15-2,results.zip/day9.xlsx,workbook,5.56755,202.848,L15-1,True,24.6885,34.8909,244.508,,0,244.508,0.15,12.1049,232.403,232.219,0.184075,11743.5,42071.5,False,9341.46,0.0533384,INTERPOLATED,449,491,-32.8444,0.0534736,0,True,1.01189,-33.235,132.514,-6.73721,40.903,14.4052,5.55632,3.2926,2.18133,1.6257,1.07007,0.514436,-0.0411965,-0.430139,-0.596829,-1.15246,-1.70809,-2.26372,0.0707262,0.0610697,9.59914,5.83155,0.145523,0.388547,2.74213,1.57582,0.992662,0.409506,-0.173649,-0.756804,-1.16501,-1.33996,-1.92312,-2.50627,-3.08943,18.0965,True,2,203.734,O-L15-1-60
452,CG6-0313,2026-01-24,15,3,field,CG6-0313|2026-01-24|L15|S3,2026-01-24 09:36:22,2026-01-24 09:36:22,2026-01-24 09:36:22.000,1,1,9307.94,,,0.0041,24.688,34.8889,235.2,0,,,True,SINGLE_READING;,9,day9,MATCHED,D9:wor:L15-3,L15-3,L15-3,results.zip/day9.xlsx,workbook,8.29758,203.096,L15-2,True,24.688,34.8889,247.329,,0,247.329,0.15,12.1123,235.217,234.864,0.352249,11872.5,42126.7,False,9341.46,0.0533409,INTERPOLATED,449,491,-33.5198,0.0534982,0,True,1.01189,-33.9184,135.328,-6.77647,41.7714,14.6295,5.67429,3.28093,2.14608,1.57865,1.01122,0.443788,-0.123641,-0.520842,-0.691071,-1.2585,-1.82593,-2.39336,0.0707448,0.0610912,9.7042,5.93662,0.158434,0.423018,2.75629,1.56896,0.975303,0.381641,-0.21202,-0.805682,-1.22125,-1.39934,-1.99301,-2.58667,-3.18033,18.2785,True,3,408.552,O-L15-1-60
453,CG6-0313,2026-01-24,15,4,field,CG6-0313|2026-01-24|L15|S4,2026-01-24 09:39:54,2026-01-24 09:39:54,2026-01-24 09:39:54.000,1,1,9307.28,,,0.0044,24.688,34.8869,235.8,0,,,True,SINGLE_READING;,9,day9,MATCHED,D9:wor:L15-4,L15-4,L15-4,results.zip/day9.xlsx,workbook,8.82659,183.087,L15-5,True,24.6879,34.8869,249.233,,0,249.233,0.15,12.1204,237.113,238.387,-1.27431,11958.5,42127.1,False,9341.45,0.0533432,INTERPOLATED,449,491,-34.1786,0.0535243,0,True,1.01189,-34.585,137.224,-6.78008,42.3566,14.5516,5.75379,3.04407,1.89331,1.31793,0.742556,0.167178,-0.408201,-0.810966,-0.983579,-1.55896,-2.13434,-2.70971,0.0707645,0.0611141,9.70883,5.94124,0.2333,0.62291,2.66916,1.48091,0.886783,0.292659,-0.301465,-0.895589,-1.31148,-1.48971,-2.08384,-2.67796,-3.27209,18.4288,True,4,615.241,O-L15-1-60
454,CG6-0313,2026-01-24,15,5,field,CG6-0313|2026-01-24|L15|S5,2026-01-24 09:43:41,2026-01-24 09:43:41,2026-01-24 09:43:41.000,1,1,9306.81,,,0.0042,24.688,34.885,241.2,0,,,True,SINGLE_READING;,9,day9,MATCHED,D9:wor:L15-5,L15-5,L15-5,results.zip/day9.xlsx,workbook,8.25606,186.07,L15-4,True,24.6879,34.8851,251.188,,0,251.188,0.15,12.1278,239.06,239.106,-0.0461726,12036.3,42127.7,False,9341.45,0.0533457,INTERPOLATED,449,491,-34.6427,0.0535108,0,True,1.01189,-35.0547,139.171,-6.78244,42.9578,14.6855,5.83545,3.01463,1.84754,1.26399,0.680446,0.096901,-0.486644,-0.895126,-1.07019,-1.65373,-2.23728,-2.82082,0.0707543,0.0611022,9.77941,6.01182,0.244389,0.652519,2.66189,1.45953,0.858346,0.257164,-0.344018,-0.9452,-1.36603,-1.54638,-2.14756,-2.74875,-3.34993,18.5631,True,5,800.091,O-L15-1-60
455,CG6-0313,2026-01-24,15,6,field,CG6-0313|2026-01-24|L15|S6,2026-01-24 09:46:35,2026-01-24 09:46:35,2026-01-24 09:46:35.000,1,1,9305.95,,,0.0047,24.6879,34.8829,236,0,,,True,SINGLE_READING;,9,day9,MATCHED,D9:wor:L15-6,L15-6,L15-6,results.zip/day9.xlsx,workbook,8.60807,188.547,L15-7,True,24.6878,34.883,253.354,,0,253.354,0.15,12.136,241.218,241.901,-0.6834,12134.9,42135.5,False,9341.45,0.0533478,INTERPOLATED,449,491,-35.5061,0.0535544,0,True,1.01189,-35.9284,141.329,-6.78872,43.6238,14.4841,5.92593,2.63224,1.44705,0.854459,0.261866,-0.330726,-0.923319,-1.33813,-1.51591,-2.1085,-2.7011,-3.29369,0.0707873,0.0611404,9.77881,6.01122,0.335462,0.895685,2.46165,1.2594,0.658281,0.0571594,-0.543963,-1.14508,-1.56587,-1.74621,-2.34733,-2.94845,-3.54957,18.7207,True,6,1010.25,O-L15-1-60
456,CG6-0313,2026-01-24,15,7,field,CG6-0313|2026-01-24|L15|S7,2026-01-24 09:49:34,2026-01-24 09:49:34,2026-01-24 09:49:34.000,1,1,9305.23,,,0.0039,24.6867,34.8816,234.7,0,,,True,SINGLE_READING;,9,day9,MATCHED,D9:wor:L15-7,L15-7,L15-7,results.zip/day9.xlsx,workbook,7.38774,172.342,L15-8,True,24.6867,34.8816,255.421,,0,255.421,0.15,12.1409,243.28,244.498,-1.21798,12304.6,42259.5,False,9341.45,0.05335,INTERPOLATED,449,491,-36.2178,0.0534924,0,True,1.01189,-36.6485,143.391,-6.86584,44.2603,14.4776,6.01239,2.45282,1.25034,0.649106,0.0478663,-0.553373,-1.15461,-1.57548,-1.75585,-2.35709,-2.95833,-3.55957,0.0707404,0.0610861,9.84444,6.07685,0.356298,0.951316,2.32391,1.10854,0.50085,-0.106835,-0.71452,-1.3222,-1.74758,-1.92989,-2.53758,-3.14526,-3.75295,18.9073,True,7,1197,O-L15-1-60
457,CG6-0313,2026-01-24,15,8,field,CG6-0313|2026-01-24|L15|S8,2026-01-24 09:52:20,2026-01-24 09:52:20,2026-01-24 09:52:20.000,1,1,9304.47,,,0.006,24.686,34.8802,234.2,0,,,True,SINGLE_READING;,9,day9,MATCHED,D9:wor:L15-8,L15-8,L15-8,results.zip/day9.xlsx,workbook,8.39011,162.431,L15-7,True,24.686,34.8802,258.319,,0,258.319,0.15,12.1462,246.173,246.548,-0.375515,12439,42336.4,False,9341.45,0.0533522,INTERPOLATED,449,491,-36.9789,0.0536885,0,True,1.01189,-37.4186,146.284,-6.91476,45.1531,14.6492,6.13368,2.38188,1.15515,0.541778,-0.07159,-0.684958,-1.29833,-1.72768,-1.91169,-2.52506,-3.13843,-3.7518,0.0708888,0.0612579,9.91968,6.15209,0.402344,1.07426,2.34506,1.11464,0.499428,-0.115781,-0.73099,-1.3462,-1.77685,-1.96141,-2.57662,-3.19183,-3.80704,19.0681,True,8,1363.86,O-L15-1-60
458,CG6-0313,2026-01-24,15,9,field,CG6-0313|2026-01-24|L15|S9,2026-01-24 09:55:33,2026-01-24 09:55:33,2026-01-24 09:55:33.000,1,1,9304.41,,,0.0043,24.687,34.8785,236.1,0,,,True,SINGLE_READING;,9,day9,MATCHED,D9:wor:L15-9,L15-9,L15-9,results.zip/day9.xlsx,workbook,9.10494,159.627,L15-10,True,24.687,34.8785,260.302,,0,260.302,0.15,12.1533,248.149,248.209,-0.0600333,12412.2,42223.8,False,9341.45,0.0533547,INTERPOLATED,449,491,-37.0339,0.0535277,0,True,1.01189,-37.4743,148.26,-6.84613,45.763,15.1348,6.21653,2.7017,1.45839,0.836741,0.215088,-0.406565,-1.02822,-1.46338,-1.64987,-2.27152,-2.89318,-3.51483,0.0707671,0.061117,10.0739,6.30635,0.330937,0.883601,2.52206,1.26079,0.630155,-0.000480319,-0.631115,-1.26175,-1.70319,-1.89239,-2.52302,-3.15366,-3.78429,19.1103,True,9,1562.12,O-L15-1-60
459,CG6-0313,2026-01-24,15,10,field,CG6-0313|2026-01-24|L15|S10,2026-01-24 09:58:37,2026-01-24 09:58:37,2026-01-24 09:58:37.000,1,1,9304.12,,,0.0039,24.6874,34.877,237.8,0,,,True,SINGLE_READING;,9,day9,MATCHED,D9:wor:L15-10,L15-10,L15-10,results.zip/day9.xlsx,workbook,8.80238,164.702,L15-9,True,24.6874,34.877,263.036,,0,263.036,0.15,12.1598,250.876,250.399,0.477507,12443.2,42179.8,False,9341.45,0.0533573,INTERPOLATED,449,491,-37.3224,0.0534996,0,True,1.01189,-37.7663,150.987,-6.81892,46.6048,15.6575,6.33089,2.99567,1.7295,1.09641,0.463317,-0.169773,-0.802862,-1.24602,-1.43595,-2.06904,-2.70213,-3.33522,0.0707458,0.0610924,10.2379,6.47033,0.28132,0.751125,2.7168,1.42273,0.775702,0.128669,-0.518364,-1.1654,-1.61832,-1.81243,-2.45946,-3.1065,-3.75353,19.1954,True,10,1725.7,O-L15-1-60
460,CG6-0313,2026-01-24,15,11,field,CG6-0313|2026-01-24|L15|S11,2026-01-24 10:01:24,2026-01-24 10:01:24,2026-01-24 10:01:24.000,1,1,9303.54,,,0.0041,24.6863,34.8753,245.3,0,,,True,SINGLE_READING;,9,day9,MATCHED,D9:wor:L15-11,L15-11,L15-11,results.zip/day9.xlsx,workbook,10.209,167.875,L15-12,True,24.6862,34.8753,265.172,,0,265.172,0.15,12.1658,253.006,253.298,-0.292057,12633,42307.3,False,9341.45,0.0533597,INTERPOLATED,449,491,-37.9045,0.053517,0,True,1.01189,-38.3552,153.117,-6.89762,47.2623,15.8047,6.42021,2.96427,1.68023,1.03821,0.396188,-0.245832,-0.887853,-1.33727,-1.52987,-2.17189,-2.81392,-3.45594,0.070759,0.0611076,10.3214,6.55378,0.287189,0.766795,2.69714,1.38638,0.731004,0.0756262,-0.579751,-1.23513,-1.69389,-1.89051,-2.54588,-3.20126,-3.85664,19.406,True,11,1937.47,O-L15-1-60
461,CG6-0313,2026-01-24,15,12,field,CG6-0313|2026-01-24|L15|S12,2026-01-24 10:04:14,2026-01-24 10:04:14,2026-01-24 10:04:14.000,1,1,9303.26,,,0.0052,24.686,34.8737,245.3,0,,,True,SINGLE_READING;,9,day9,MATCHED,D9:wor:L15-12,L15-12,L15-12,results.zip/day9.xlsx,workbook,11.1278,160.487,L15-11,True,24.6859,34.8737,267.316,,0,267.316,0.15,12.1713,255.145,255.983,-0.837918,12734.1,42336.1,False,9341.44,0.0533622,INTERPOLATED,449,491,-38.1814,0.053615,0,True,1.01189,-38.6355,155.256,-6.91557,47.9224,16.2025,6.50987,3.1827,1.88073,1.22974,0.578752,-0.0722351,-0.723223,-1.17891,-1.37421,-2.0252,-2.67618,-3.32717,0.0708331,0.0611935,10.4285,6.66095,0.269685,0.72006,2.88056,1.54837,0.882275,0.216181,-0.449914,-1.11601,-1.58227,-1.7821,-2.4482,-3.11429,-3.78039,19.5433,True,12,2099.87,O-L15-1-60
462,CG6-0313,2026-01-24,15,13,field,CG6-0313|2026-01-24|L15|S13,2026-01-24 10:07:11,2026-01-24 10:07:11,2026-01-24 10:07:11.000,1,1,9303.18,,,0.0036,24.6872,34.8721,254.5,0,,,True,SINGLE_READING;,9,day9,MATCHED,D9:wor:L15-13,L15-13,L15-13,results.zip/day9.xlsx,workbook,8.63999,173.11,L15-14,True,24.6871,34.8721,270.201,,0,270.201,0.15,12.1779,258.023,258.301,-0.278312,12704.4,42212.7,False,9341.44,0.0533649,INTERPOLATED,449,491,-38.2653,0.0534862,0,True,1.01189,-38.7204,158.134,-6.8368,48.8108,16.9272,6.63057,3.66607,2.33996,1.6769,1.01384,0.350788,-0.312269,-0.776408,-0.975325,-1.63838,-2.30144,-2.9645,0.0707357,0.0610807,10.5393,6.77171,0.27961,0.74656,3.38378,2.02944,1.35226,0.675093,-0.00207815,-0.679249,-1.15327,-1.35642,-2.03359,-2.71076,-3.38793,19.5809,True,13,2309.82,O-L15-1-60
463,CG6-0313,2026-01-24,15,14,field,CG6-0313|2026-01-24|L15|S14,2026-01-24 10:09:59,2026-01-24 10:09:59,2026-01-24 10:09:59.000,1,1,9302.96,,,0.0044,24.688,34.8706,256.5,0,,,True,SINGLE_READING;,9,day9,MATCHED,D9:wor:L15-14,L15-14,L15-14,results.zip/day9.xlsx,workbook,8.09379,178.527,L15-13,True,24.6879,34.8706,272.917,,0,272.917,0.15,12.1837,260.733,260.889,-0.155959,12697.9,42122.6,False,9341.44,0.0533676,INTERPOLATED,449,491,-38.4816,0.0535487,0,True,1.01189,-38.9392,160.844,-6.77939,49.6473,17.4875,6.74421,3.99905,2.65021,1.97579,1.30137,0.626947,-0.0474737,-0.519568,-0.721894,-1.39631,-2.07074,-2.74516,0.0707829,0.0611354,10.6725,6.90487,0.260092,0.694445,3.67772,2.29675,1.60626,0.915771,0.225284,-0.465203,-0.948544,-1.15569,-1.84618,-2.53666,-3.22715,19.6287,True,14,2486.33,O-L15-1-60
464,CG6-0313,2026-01-24,15,15,field,CG6-0313|2026-01-24|L15|S15,2026-01-24 10:12:41,2026-01-24 10:12:41,2026-01-24 10:12:41.000,1,1,9302.68,,,0.004,24.6867,34.8694,262.5,0,,,True,SINGLE_READING;,9,day9,MATCHED,D9:wor:L15-15,L15-15,L15-15,results.zip/day9.xlsx,workbook,10.0425,174.672,L15-16,True,24.6866,34.8693,275.745,,0,275.745,0.15,12.1872,263.558,264.469,-0.911669,12888.4,42271.5,False,9341.44,0.0533702,INTERPOLATED,449,491,-38.7563,0.0535199,0,True,1.01189,-39.2172,163.669,-6.87037,50.5191,18.1723,6.86263,4.44701,3.07448,2.38822,1.70196,1.01569,0.32943,-0.150955,-0.356834,-1.0431,-1.72936,-2.41562,0.0707612,0.0611102,10.8198,7.05216,0.231227,0.617375,4.06795,2.65752,1.9523,1.24708,0.541867,-0.163349,-0.657001,-0.868566,-1.57378,-2.279,-2.98422,19.8235,True,15,2682.45,O-L15-1-60
465,CG6-0313,2026-01-24,15,16,field,CG6-0313|2026-01-24|L15|S16,2026-01-24 10:15:53,2026-01-24 10:15:53,2026-01-24 10:15:53.000,1,1,9302.04,,,0.0056,24.6852,34.8691,259.1,0,,,True,SINGLE_READING;,9,day9,MATCHED,D9:wor:L15-16,L15-16,L15-16,results.zip/day9.xlsx,workbook,7.21941,158.496,L15-15,True,24.6851,34.869,278.434,,0,278.434,0.15,12.1871,266.247,266.716,-0.469104,13045.9,42437.5,False,9341.44,0.0533735,INTERPOLATED,449,491,-39.4004,0.0536664,0,True,1.01189,-39.869,166.358,-6.97064,51.3491,18.4508,6.97539,4.50001,3.10493,2.40739,1.70985,1.01231,0.314776,-0.173501,-0.382763,-1.0803,-1.77784,-2.47538,0.0708721,0.0612386,10.9441,7.1765,0.219646,0.586454,4.09779,2.66249,1.94484,1.22719,0.509537,-0.208113,-0.710468,-0.925763,-1.64341,-2.36106,-3.07871,19.9541,True,16,2847.6,O-L15-1-60
468,CG6-0313,2026-01-24,15,19,field,CG6-0313|2026-01-24|L15|S19,2026-01-24 10:25:31,2026-01-24 10:25:31,2026-01-24 10:25:31.000,1,1,9300.55,,,0.0045,24.6853,34.864,276.7,0,,,True,SINGLE_READING;,9,day9,MATCHED,D9:wor:L15-19,L15-19,L15-19,results.zip/day9.xlsx,workbook,10.0288,188.508,L15-20,True,24.6852,34.864,285.938,,0,285.938,0.15,12.2048,273.733,274.416,-0.683088,13303.4,42443.3,False,9341.43,0.0533838,INTERPOLATED,449,491,-40.8889,0.0535731,0,True,1.01189,-41.3751,173.844,-6.96832,53.6598,19.253,7.28929,4.67438,3.21653,2.4876,1.75867,1.02974,0.30081,-0.20944,-0.428119,-1.15705,-1.88598,-2.61491,0.0708014,0.0611568,11.2267,7.45914,0.25091,0.669929,4.33469,2.84286,2.09695,1.35103,0.605121,-0.140793,-0.662932,-0.886706,-1.63262,-2.37853,-3.12445,20.3282,True,19,3356.83,O-L15-1-60
469,CG6-0313,2026-01-24,15,20,field,CG6-0313|2026-01-24|L15|S20,2026-01-24 10:28:44,2026-01-24 10:28:44,2026-01-24 10:28:44.000,1,1,9300.07,,,0.0045,24.6849,34.8622,274.8,0,,,True,SINGLE_READING;,9,day9,MATCHED,D9:wor:L15-20,L15-20,L15-20,results.zip/day9.xlsx,workbook,7.51209,182.305,L15-19,True,24.6848,34.8622,288.587,,0,288.587,0.15,12.2108,276.376,276.578,-0.201724,13432.8,42488.8,False,9341.43,0.0533874,INTERPOLATED,449,491,-41.3637,0.0535768,0,True,1.01189,-41.8557,176.487,-6.99072,54.4755,19.6106,7.40011,4.81037,3.33034,2.59033,1.85032,1.11031,0.3703,-0.147708,-0.369711,-1.10972,-1.84973,-2.58974,0.0708042,0.06116,11.3686,7.60101,0.21986,0.587026,4.40857,2.88837,2.12827,1.36817,0.608068,-0.152032,-0.684103,-0.912133,-1.67223,-2.43233,-3.19243,20.4871,True,20,3542.73,O-L15-1-60
470,CG6-0313,2026-01-24,15,21,field,CG6-0313|2026-01-24|L15|S21,2026-01-24 10:32:23,2026-01-24 10:32:23,2026-01-24 10:32:23.000,1,1,9300.11,,,0.0057,24.6867,34.8617,273.4,0,,,True,SINGLE_READING;,9,day9,MATCHED,D9:wor:L15-21,L15-21,L15-21,results.zip/day9.xlsx,workbook,7.04997,156.769,L15-22,True,24.6866,34.8616,291.153,,0,291.153,0.15,12.2141,278.939,279.952,-1.01273,13295,42291.6,False,9341.43,0.0533917,INTERPOLATED,449,491,-41.3233,0.0536951,0,True,1.01189,-41.8148,179.05,-6.86745,55.2665,20.3192,7.50756,5.30406,3.80255,3.05179,2.30103,1.55028,0.79952,0.273991,0.0487641,-0.701992,-1.45275,-2.2035,0.0708938,0.0612637,11.4914,7.7238,0.204516,0.546058,4.87158,3.32682,2.55444,1.78205,1.00967,0.237294,-0.303372,-0.535086,-1.30747,-2.07985,-2.85223,20.3939,True,21,3750.35,O-L15-1-60
471,CG6-0313,2026-01-24,15,22,field,CG6-0313|2026-01-24|L15|S22,2026-01-24 10:35:36,2026-01-24 10:35:36,2026-01-24 10:35:36.000,1,1,9299.98,,,0.0047,24.6879,34.8626,280.2,0,,,True,SINGLE_READING;,9,day9,MATCHED,D9:wor:L15-22,L15-22,L15-22,results.zip/day9.xlsx,workbook,9.26633,172.746,L15-21,True,24.6878,34.8626,293.82,,0,293.82,0.15,12.2118,281.608,281.701,-0.0924086,13129.3,42152.4,False,9341.43,0.0533956,INTERPOLATED,449,491,-41.4499,0.053602,0,True,1.01189,-41.9429,181.719,-6.78514,56.0904,20.9327,7.61949,5.69371,4.16981,3.40786,2.64592,1.88397,1.12202,0.588654,0.360069,-0.401879,-1.16383,-1.92578,0.0708233,0.0611821,11.6161,7.84848,0.191762,0.512006,5.23572,3.66603,2.88118,2.09633,1.31148,0.526633,-0.022761,-0.258216,-1.04306,-1.82791,-2.61276,20.2343,True,22,3914.04,O-L15-1-60
472,CG6-0313,2026-01-24,15,23,field,CG6-0313|2026-01-24|L15|S23,2026-01-24 10:38:33,2026-01-24 10:38:33,2026-01-24 10:38:33.000,1,1,9299.9,,,0.0075,24.6895,34.8626,283.6,0,,STDDEV_GT_0.050,True,SINGLE_READING;,9,day9,MATCHED,D9:wor:L15-23,L15-23,L15-23,results.zip/day9.xlsx,workbook,3.34301,185.38,L15-22,True,24.6895,34.8626,296.417,,0,296.417,0.15,12.2131,284.204,284.309,-0.104998,12985.2,41975.9,False,9341.43,0.0533992,INTERPOLATED,449,491,-41.5251,0.0539233,0,True,1.01189,-42.0189,184.315,-6.67301,56.8916,21.5456,7.72832,6.08897,4.54331,3.77048,2.99764,2.22481,1.45198,0.910998,0.679148,-0.0936845,-0.866517,-1.63935,0.0710668,0.0614638,11.7197,7.95211,0.196967,0.525901,5.64139,4.05097,3.25576,2.46055,1.66534,0.870126,0.313478,0.0749142,-0.720297,-1.51551,-2.31072,20.1135,True,23,4096.08,O-L15-1-60
473,CG6-0313,2026-01-24,15,24,field,CG6-0313|2026-01-24|L15|S24,2026-01-24 10:42:18,2026-01-24 10:42:18,2026-01-24 10:42:18.000,1,1,9299.78,,,0.004,24.6904,34.8608,286,0,,,True,SINGLE_READING;,9,day9,MATCHED,D9:wor:L15-24,L15-24,L15-24,results.zip/day9.xlsx,workbook,4.80433,195.454,L15-25,True,24.6903,34.8608,297.427,,0,297.427,0.15,12.2201,285.207,288.104,-2.89742,13008,41888.9,False,9341.43,0.053404,INTERPOLATED,449,491,-41.6447,0.0535536,0,True,1.01189,-42.14,185.318,-6.61577,57.2011,21.6769,7.77038,6.13618,4.5821,3.80506,3.02803,2.25099,1.47395,0.930023,0.696911,-0.0801268,-0.857165,-1.6342,0.0707866,0.0611397,11.7524,7.98485,0.206287,0.550786,5.70724,4.11027,3.31178,2.5133,1.71481,0.916327,0.357388,0.117842,-0.680643,-1.47913,-2.27761,20.186,True,24,4300.04,O-L15-1-60
474,CG6-0313,2026-01-24,15,25,field,CG6-0313|2026-01-24|L15|S25,2026-01-24 10:45:47,2026-01-24 10:45:47,2026-01-24 10:45:47.000,1,1,9299.42,,,0.005,24.6921,34.8602,287.4,0,,,True,SINGLE_READING;,9,day9,MATCHED,D9:wor:L15-25,L15-25,L15-25,results.zip/day9.xlsx,workbook,8.04495,191.601,L15-26,True,24.692,34.8602,301.914,,0,301.914,0.15,12.2234,289.691,289.799,-0.108352,12879.5,41696.2,False,9341.43,0.0534085,INTERPOLATED,449,491,-42.0094,0.0536421,0,True,1.01189,-42.509,189.802,-6.49776,58.585,22.5738,7.95838,6.65703,5.06535,4.26951,3.47367,2.67784,1.882,1.32491,1.08616,0.290322,-0.505517,-1.30135,0.0708536,0.0612172,11.9507,8.18308,0.19606,0.523479,6.20763,4.57102,3.75271,2.9344,2.11609,1.29779,0.72497,0.479477,-0.338831,-1.15714,-1.97545,20.0968,True,25,4499.16,O-L15-1-60
475,CG6-0313,2026-01-24,15,26,field,CG6-0313|2026-01-24|L15|S26,2026-01-24 10:48:50,2026-01-24 10:48:50,2026-01-24 10:48:50.000,1,1,9299.25,,,0.0045,24.6936,34.8591,292.1,0,,,True,SINGLE_READING;,9,day9,MATCHED,D9:wor:L15-26,L15-26,L15-26,results.zip/day9.xlsx,workbook,11.6604,194.218,L15-27,True,24.6935,34.8591,304.128,,0,304.128,0.15,12.2284,291.9,291.968,-0.0683419,12806.7,41532.6,False,9341.42,0.0534126,INTERPOLATED,449,491,-42.1757,0.0536018,0,True,1.01189,-42.6773,192.011,-6.39616,59.2668,22.9857,8.05101,6.8837,5.2735,4.4684,3.6633,2.8582,2.0531,1.48953,1.248,0.442899,-0.362202,-1.1673,0.0708232,0.061182,12.0373,8.2697,0.202067,0.53952,6.44632,4.79239,3.96542,3.13845,2.31148,1.48451,0.905628,0.657537,-0.169432,-0.996402,-1.82337,20.0671,True,26,4696.87,O-L15-1-60
476,CG6-0313,2026-01-24,15,27,field,CG6-0313|2026-01-24|L15|S27,2026-01-24 10:52:17,2026-01-24 10:52:17,2026-01-24 10:52:17.000,1,1,9298.84,,,0.0043,24.6948,34.8577,289.9,0,,,True,SINGLE_READING;,9,day9,MATCHED,D9:kml:L15-27,L15-27,L15-27,results.zip/day9.kml,kml_only,5.28435,201.735,L15-26,True,24.6948,34.8577,306.837,,0,306.837,0.15,12.2346,294.603,294.992,-0.389602,12789,41410.8,False,9341.42,0.0534173,INTERPOLATED,449,491,-42.584,0.0535901,0,True,1.01189,-43.0904,194.714,-6.31183,60.1012,23.3226,8.16435,6.99391,5.36104,4.54461,3.72817,2.91174,2.0953,1.5238,1.27887,0.462432,-0.354004,-1.17044,0.0708143,0.0611717,12.1494,8.38182,0.203285,0.54277,6.55897,4.8826,4.04442,3.20624,2.36806,1.52987,0.943146,0.691691,-0.146491,-0.984674,-1.82286,20.0848,True,27,4899,O-L15-1-60
477,CG6-0313,2026-01-24,15,28,field,CG6-0313|2026-01-24|L15|S28,2026-01-24 10:55:20,2026-01-24 10:55:20,2026-01-24 10:55:20.000,1,1,9298.38,,,0.0043,24.6956,34.8559,284.8,0,,,True,SINGLE_READING;,9,day9,MATCHED,D9:kml:L15-28,L15-28,L15-28,results.zip/day9.kml,kml_only,6.62333,203.81,L15-27,True,24.6955,34.8558,308.697,,0,308.697,0.15,12.2419,296.456,296.824,-0.368499,12833.9,41334.2,False,9341.42,0.0534216,INTERPOLATED,449,491,-43.0442,0.0535944,0,True,1.01189,-43.5561,196.567,-6.25972,60.673,23.3766,8.24204,6.89258,5.24417,4.41996,3.59576,2.77156,1.94735,1.37041,1.12315,0.298947,-0.525257,-1.34946,0.0708175,0.0611754,12.2081,8.4405,0.22229,0.593514,6.49564,4.80754,3.96349,3.11944,2.27539,1.43134,0.840505,0.58729,-0.256761,-1.10081,-1.94486,20.1665,True,28,5104.37,O-L15-1-60
478,CG6-0313,2026-01-24,15,29,field,CG6-0313|2026-01-24|L15|S29,2026-01-24 10:58:34,2026-01-24 10:58:34,2026-01-24 10:58:34.000,1,1,9297.65,,,0.0053,24.696,34.8538,285.5,0,,,True,SINGLE_READING;,9,day9,MATCHED,D9:wor:L15-29,L15-29,L15-29,results.zip/day9.xlsx,workbook,6.20397,191.543,L15-30,True,24.696,34.8538,311.442,,0,311.442,0.15,12.2497,299.192,299.006,0.185956,12922,41295,False,9341.42,0.0534263,INTERPOLATED,449,491,-43.771,0.0536885,0,True,1.01189,-44.2916,199.303,-6.22711,61.5177,23.4533,8.35679,6.73971,5.06835,4.23267,3.39699,2.56131,1.72563,1.14066,0.889955,0.0542763,-0.781403,-1.61708,0.0708888,0.0612579,12.3161,8.54848,0.22907,0.611616,6.35633,4.64664,3.79179,2.93694,2.0821,1.22725,0.628854,0.372399,-0.482448,-1.3373,-2.19214,20.285,True,29,5319.13,O-L15-1-60
479,CG6-0313,2026-01-24,15,30,field,CG6-0313|2026-01-24|L15|S30,2026-01-24 11:01:28,2026-01-24 11:01:28,2026-01-24 11:01:28.000,1,1,9297.14,,,0.005,24.6967,34.8521,291,0,,,True,SINGLE_READING;,9,day9,MATCHED,D9:wor:L15-30,L15-30,L15-30,results.zip/day9.xlsx,workbook,3.59493,186.293,L15-29,True,24.6967,34.8521,313.63,,0,313.63,0.15,12.2563,301.374,301.427,-0.0535657,12974,41230.9,False,9341.42,0.0534305,INTERPOLATED,449,491,-44.2754,0.053664,0,True,1.01189,-44.802,201.485,-6.18065,62.191,23.5697,8.44825,6.67318,4.98353,4.1387,3.29388,2.44905,1.60423,1.01285,0.759402,-0.085423,-0.930248,-1.77507,0.0708702,0.0612364,12.3981,8.63047,0.238546,0.636917,6.30876,4.58266,3.71962,2.85657,1.99353,1.13048,0.526346,0.267432,-0.595614,-1.45866,-2.32171,20.3614,True,30,5506.89,O-L15-1-60
483,CG6-0313,2026-01-24,15,34,field,CG6-0313|2026-01-24|L15|S34,2026-01-24 11:15:08,2026-01-24 11:15:08,2026-01-24 11:15:08.000,1,1,9295.57,,,0.005,24.7022,34.8472,314.8,0,,,True,SINGLE_READING;,9,day9,MATCHED,D9:kml:L15-34,L15-34,L15-34,results.zip/day9.kml,kml_only,5.05942,158.846,L15-35,True,24.7021,34.8472,322.822,,0,322.822,0.15,12.2787,310.543,310.946,-0.402794,12842.6,40657.3,False,9341.41,0.0534517,INTERPOLATED,449,491,-45.8461,0.053685,0,True,1.01189,-46.3913,210.654,-5.80658,65.0211,24.4364,8.83272,6.77092,5.00437,4.1211,3.23783,2.35456,1.47129,0.852995,0.588014,-0.295258,-1.17853,-2.0618,0.0708861,0.0612548,12.7891,9.02154,0.231939,0.619278,6.39328,4.58898,3.68682,2.78467,1.88251,0.98036,0.348852,0.0782063,-0.823948,-1.7261,-2.62826,20.3306,True,34,6288.59,O-L15-1-60
484,CG6-0313,2026-01-24,15,35,field,CG6-0313|2026-01-24|L15|S35,2026-01-24 11:18:18,2026-01-24 11:18:18,2026-01-24 11:18:18.000,1,1,9295.29,,,0.0056,24.7035,34.8464,317.2,0,,,True,SINGLE_READING;,9,day9,MATCHED,D9:kml:L15-35,L15-35,L15-35,results.zip/day9.kml,kml_only,9.89325,172.579,L15-34,True,24.7034,34.8464,324.687,,0,324.687,0.15,12.2827,312.404,313.286,-0.882245,12789.9,40516.5,False,9341.41,0.0534568,INTERPOLATED,449,491,-46.1164,0.0537494,0,True,1.01189,-46.6648,212.515,-5.71896,65.5954,24.6496,8.91075,6.82808,5.04593,4.15486,3.26378,2.37271,1.48163,0.85788,0.590557,-0.300517,-1.19159,-2.08267,0.0709349,0.0613112,12.8599,9.09236,0.239147,0.638523,6.46486,4.64639,3.73715,2.82792,1.91868,1.00945,0.372982,0.100211,-0.809024,-1.71826,-2.6275,20.3016,True,35,6452.43,O-L15-1-60
485,CG6-0313,2026-01-24,15,36,field,CG6-0313|2026-01-24|L15|S36,2026-01-24 11:21:35,2026-01-24 11:21:35,2026-01-24 11:21:35.000,1,1,9294.85,,,0.005,24.7044,34.8445,314.4,0,,,True,SINGLE_READING;,9,day9,MATCHED,D9:kml:L15-36,L15-36,L15-36,results.zip/day9.kml,kml_only,5.98477,203.996,L15-37,True,24.7044,34.8446,327.252,,0,327.252,0.15,12.2902,314.962,315.496,-0.534423,12842.7,40426.7,False,9341.41,0.0534623,INTERPOLATED,449,491,-46.5562,0.0536956,0,True,1.01189,-47.1098,215.073,-5.65157,66.3849,24.9266,9.01799,6.8906,5.087,4.1852,3.2834,2.38161,1.47981,0.848546,0.578007,-0.323793,-1.22559,-2.12739,0.0708942,0.0612641,12.9467,9.1791,0.259652,0.693272,6.56839,4.73257,3.81466,2.89675,1.97884,1.06093,0.418397,0.143024,-0.774886,-1.6928,-2.61071,20.3727,True,36,6664.84,O-L15-1-60
486,CG6-0313,2026-01-24,15,37,field,CG6-0313|2026-01-24|L15|S37,2026-01-24 11:25:12,2026-01-24 11:25:12,2026-01-24 11:25:12.000,1,1,9294.63,,,0.0038,24.7057,34.843,322.3,0,,,True,SINGLE_READING;,9,day9,MATCHED,D9:kml:L15-37,L15-37,L15-37,results.zip/day9.kml,kml_only,1.75857,184.041,L15-38,True,24.7057,34.8431,328.519,,0,328.519,0.15,12.2968,316.222,320.439,-4.21614,12851.1,40300.9,False,9341.41,0.0534685,INTERPOLATED,449,491,-46.7769,0.0536033,0,True,1.01189,-47.3332,216.334,-5.56246,66.774,25.0033,9.07087,6.86154,5.04737,4.14028,3.23319,2.32611,1.41902,0.784058,0.511932,-0.395154,-1.30224,-2.20933,0.0708243,0.0611833,12.9755,9.20792,0.283701,0.757483,6.58743,4.74584,3.82505,2.90426,1.98347,1.06267,0.41812,0.141883,-0.778909,-1.6997,-2.62049,20.3998,True,37,6874.31,O-L15-1-60
487,CG6-0313,2026-01-24,15,38,field,CG6-0313|2026-01-24|L15|S38,2026-01-24 11:28:33,2026-01-24 11:28:33,2026-01-24 11:28:33.000,1,1,9294.36,,,0.0055,24.7066,34.8414,318.4,0,,,True,SINGLE_READING;,9,day9,MATCHED,D9:kml:L15-38,L15-38,L15-38,results.zip/day9.kml,kml_only,5.93821,189.853,L15-37,True,24.7066,34.8415,329.955,,0,329.955,0.15,12.3034,317.652,319.953,-2.30107,12900.1,40219.2,False,9341.41,0.0534743,INTERPOLATED,449,491,-47.0434,0.0537564,0,True,1.01189,-47.6029,217.763,-5.50233,67.2153,25.1147,9.1308,6.85308,5.02692,4.11383,3.20075,2.28767,1.37459,0.735437,0.461513,-0.451567,-1.36465,-2.27773,0.0709402,0.0613174,13.05,9.28243,0.269133,0.718586,6.54983,4.69334,3.7651,2.83686,1.90861,0.980372,0.330602,0.0521289,-0.876114,-1.80436,-2.7326,20.463,True,38,7059.81,O-L15-1-60
488,CG6-0313,2026-01-24,15,39,field,CG6-0313|2026-01-24|L15|S39,2026-01-24 11:32:02,2026-01-24 11:32:02,2026-01-24 11:32:02.000,1,1,9293.91,,,0.0052,24.7079,34.8397,326.1,0,,,True,SINGLE_READING;,9,day9,MATCHED,D9:kml:L15-39,L15-39,L15-39,results.zip/day9.kml,kml_only,3.64878,148.438,L15-40,True,24.708,34.8398,334.099,,0,334.099,0.15,12.311,321.788,324.044,-2.25551,12918.9,40081,False,9341.4,0.0534804,INTERPOLATED,449,491,-47.4986,0.0537326,0,True,1.01189,-48.0635,221.899,-5.40654,68.4919,25.835,9.30424,7.2265,5.36565,4.43523,3.5048,2.57438,1.64395,0.992657,0.713529,-0.216895,-1.14732,-2.07774,0.0709222,0.0612966,13.2038,9.43621,0.288787,0.771061,6.96256,5.07532,4.1317,3.18807,2.24445,1.30083,0.640296,0.35721,-0.586412,-1.53003,-2.47365,20.5053,True,39,7293.2,O-L15-1-60
489,CG6-0313,2026-01-24,15,40,field,CG6-0313|2026-01-24|L15|S40,2026-01-24 11:35:06,2026-01-24 11:35:06,2026-01-24 11:35:06.000,1,1,9293.55,,,0.0048,24.7085,34.8384,327.5,0,,,True,SINGLE_READING;,9,day9,MATCHED,D9:kml:L15-40,L15-40,L15-40,results.zip/day9.kml,kml_only,3.33632,152.393,L15-39,True,24.7085,34.8384,336.251,,0,336.251,0.15,12.3164,323.934,324.876,-0.94228,12978.1,40032.6,False,9341.4,0.0534859,INTERPOLATED,449,491,-47.8508,0.0537009,0,True,1.01189,-48.4199,224.045,-5.36826,69.1542,26.1026,9.39421,7.31413,5.43528,4.49586,3.55644,2.61702,1.6776,1.02,0.738175,-0.201247,-1.14067,-2.08009,0.0708982,0.0612688,13.2946,9.52698,0.287993,0.768941,7.0486,5.1432,4.1905,3.23781,2.28511,1.33241,0.665521,0.379712,-0.572986,-1.52568,-2.47838,20.5768,True,40,7443.83,O-L15-1-60
492,CG6-0313,2026-01-24,15,41,field,CG6-0313|2026-01-24|L15|S41,2026-01-24 14:04:34,2026-01-24 14:04:34,2026-01-24 14:04:34.000,1,1,9292.99,,,0.0065,24.7095,34.8362,323.9,0,,,True,SINGLE_READING;,9,day9,MATCHED,D9:wor:L15-41,L15-41,L15-41,results.zip/day9.xlsx,workbook,10.1421,202.833,L15-42,True,24.7094,34.8362,340.056,,0,340.056,0.15,12.3249,327.731,327.884,-0.152422,13072.6,39945.6,False,9341.34,0.0534314,INTERPOLATED,491,512,-48.3558,0.0538253,0,True,1.01189,-48.9309,227.842,-5.30767,70.3261,26.7029,9.55342,7.59605,5.68537,4.73003,3.77468,2.81934,1.864,1.19526,0.908658,-0.0466838,-1.00203,-1.95737,0.0709925,0.0613779,13.4602,9.69265,0.28153,0.751686,7.3176,5.37907,4.40981,3.44054,2.47128,1.50201,0.823526,0.532747,-0.436518,-1.40578,-2.37505,20.7,True,41,7691.6,O-L15-1-60
493,CG6-0313,2026-01-24,15,42,field,CG6-0313|2026-01-24|L15|S42,2026-01-24 14:15:50,2026-01-24 14:15:50,2026-01-24 14:15:50.000,1,1,9292.26,,,0.0067,24.7095,34.8342,327.5,0,,STDDEV_GT_0.050,True,SINGLE_READING;,9,day9,MATCHED,D9:kml:L15-42,L15-42,L15-42,results.zip/day9.kml,kml_only,0.242921,196.692,L15-43,True,24.7095,34.8342,341.927,,0,341.927,0.15,12.3323,329.595,330.133,-0.538804,13224.4,39964.9,False,9341.34,0.0534103,INTERPOLATED,491,512,-49.077,0.0538289,0,True,1.01189,-49.6606,229.706,-5.29978,70.9013,26.5404,9.63155,7.27732,5.351,4.38785,3.42469,2.46154,1.49838,0.824174,0.535228,-0.427928,-1.39108,-2.35424,0.0709952,0.061381,13.5463,9.77871,0.273603,0.73052,6.98301,5.02727,4.0494,3.07152,2.09365,1.11578,0.431274,0.137913,-0.839958,-1.81783,-2.7957,20.8554,True,42,7894.38,O-L15-1-60
494,CG6-0313,2026-01-24,15,43,field,CG6-0313|2026-01-24|L15|S43,2026-01-24 14:18:34,2026-01-24 14:18:34,2026-01-24 14:18:34.000,1,1,9291.33,,,0.0039,24.7096,34.8322,336,0,,,True,SINGLE_READING;,9,day9,MATCHED,D9:kml:L15-43,L15-43,L15-43,results.zip/day9.kml,kml_only,4.07034,186.749,L15-44,True,24.7096,34.8322,344.902,,0,344.902,0.15,12.3388,332.563,332.506,0.0568461,13372.9,39980.9,False,9341.34,0.053406,INTERPOLATED,491,512,-50.0035,0.0535482,0,True,1.01189,-50.5982,232.674,-5.29457,71.8175,26.5139,9.75603,7.00182,5.05061,4.07501,3.09941,2.12381,1.1482,0.46528,0.172599,-0.803004,-1.77861,-2.75421,0.0707826,0.061135,13.6741,9.90647,0.270318,0.721748,6.70094,4.71965,3.729,2.73835,1.74771,0.75706,0.0636075,-0.233587,-1.22423,-2.21488,-3.20553,21.0093,True,43,8090.99,O-L15-1-60
495,CG6-0313,2026-01-24,15,44,field,CG6-0313|2026-01-24|L15|S44,2026-01-24 14:21:31,2026-01-24 14:21:31,2026-01-24 14:21:31.000,1,1,9291.11,,,0.0078,24.7107,34.8308,335.8,0,,STDDEV_GT_0.050,True,SINGLE_READING;,9,day9,MATCHED,D9:kml:L15-44,L15-44,L15-44,results.zip/day9.kml,kml_only,2.14527,190.102,L15-43,True,24.7107,34.8308,345.669,,0,345.669,0.15,12.3435,333.326,335.381,-2.05515,13407.6,39877.5,False,9341.33,0.0534016,INTERPOLATED,491,512,-50.2259,0.0539683,0,True,1.01189,-50.8232,233.437,-5.22226,72.0529,26.4519,9.78801,6.87593,4.91833,3.93953,2.96073,1.98193,1.00313,0.317965,0.0243246,-0.954476,-1.93328,-2.91208,0.0711009,0.0615033,13.7201,9.95252,0.256245,0.684175,6.54691,4.5564,3.56115,2.5659,1.57065,0.575395,-0.121281,-0.419857,-1.41511,-2.41036,-3.40561,21.0605,True,44,8278.97,O-L15-1-60
496,CG6-0313,2026-01-24,15,45,field,CG6-0313|2026-01-24|L15|S45,2026-01-24 14:24:30,2026-01-24 14:24:30,2026-01-24 14:24:30.000,1,1,9290.65,,,0.005,24.7115,34.829,337.2,0,,,True,SINGLE_READING;,9,day9,MATCHED,D9:kml:L15-45,L15-45,L15-45,results.zip/day9.kml,kml_only,2.80823,200.318,L15-44,True,24.7114,34.829,349.016,,0,349.016,0.15,12.3491,336.667,337.879,-1.21216,13490,39810.5,False,9341.33,0.0533976,INTERPOLATED,491,512,-50.6849,0.0536312,0,True,1.01189,-51.2877,236.778,-5.16803,73.0841,26.9645,9.9281,7.10826,5.12264,4.12983,3.13702,2.14421,1.1514,0.456438,0.158595,-0.834215,-1.82702,-2.81983,0.0708454,0.0612077,13.8644,10.0968,0.252008,0.67286,6.77076,4.7514,3.74171,2.73203,1.72234,0.712656,0.00587698,-0.297028,-1.30671,-2.3164,-3.32608,21.1554,True,45,8477.29,O-L15-1-60
497,CG6-0313,2026-01-24,15,46,field,CG6-0313|2026-01-24|L15|S46,2026-01-24 14:28:30,2026-01-24 14:28:30,2026-01-24 14:28:30.000,1,1,9289.86,,,0.0041,24.7117,34.827,343,0,,,True,SINGLE_READING;,9,day9,MATCHED,D9:kml:L15-46,L15-46,L15-46,results.zip/day9.kml,kml_only,11.4636,173.511,L15-47,True,24.7116,34.827,352.453,,0,352.453,0.15,12.3552,340.097,340.223,-0.1258,13633.7,39814.5,False,9341.33,0.0533927,INTERPOLATED,491,512,-51.4693,0.0535499,0,True,1.01189,-52.0814,240.208,-5.16021,74.1429,27.2216,10.0719,7.07776,5.06338,4.05618,3.04899,2.0418,1.0346,0.329567,0.0274092,-0.979784,-1.98698,-2.99417,0.0707839,0.0611365,13.9935,10.2259,0.266791,0.712332,6.76983,4.72465,3.70206,2.67947,1.65688,0.634291,-0.0815218,-0.388299,-1.41089,-2.43348,-3.45607,21.3146,True,46,8680.25,O-L15-1-60
498,CG6-0313,2026-01-24,15,47,field,CG6-0313|2026-01-24|L15|S47,2026-01-24 14:31:46,2026-01-24 14:31:46,2026-01-24 14:31:46.000,1,1,9289.24,,,0.0045,24.7129,34.8258,346.5,0,,,True,SINGLE_READING;,9,day9,MATCHED,D9:wor:L15-47,L15-47,L15-47,results.zip/day9.xlsx,workbook,15.1055,190.3,L15-46,True,24.7128,34.8258,356.496,,0,356.496,0.15,12.3592,344.137,343.977,0.159935,13645.3,39693,False,9341.33,0.0533892,INTERPOLATED,491,512,-52.087,0.0535786,0,True,1.01189,-52.7064,244.248,-5.07732,75.3896,27.7605,10.2413,7.27789,5.22963,4.2055,3.18137,2.15724,1.1331,0.416212,0.108973,-0.915158,-1.93929,-2.96342,0.0708055,0.0611616,14.1412,10.3736,0.288504,0.770305,7.01338,4.93867,3.90131,2.86396,1.8266,0.789245,0.0630959,-0.248111,-1.28547,-2.32282,-3.36018,21.3379,True,47,8860.31,O-L15-1-60
499,CG6-0313,2026-01-24,15,48,field,CG6-0313|2026-01-24|L15|S48,2026-01-24 14:35:42,2026-01-24 14:35:42,2026-01-24 14:35:42.000,1,1,9288.45,,,0.0055,24.7133,34.8238,350.4,0,,,True,SINGLE_READING;,9,day9,MATCHED,D9:kml:L15-48,L15-48,L15-48,results.zip/day9.kml,kml_only,11.7566,183.749,L15-49,True,24.7132,34.8238,359.575,,0,359.575,0.15,12.3654,347.209,347.926,-0.716415,13781.5,39678.9,False,9341.33,0.0533856,INTERPOLATED,491,512,-52.8782,0.0536682,0,True,1.01189,-53.507,247.32,-5.04975,76.338,27.8807,10.3701,7.14038,5.06635,4.02933,2.99232,1.9553,0.91829,0.19238,-0.118724,-1.15574,-2.19275,-3.22977,0.0708734,0.0612401,14.2382,10.4706,0.320337,0.855301,6.93954,4.84543,3.79837,2.75131,1.70426,0.657199,-0.07574,-0.389857,-1.43691,-2.48397,-3.53103,21.4795,True,48,9065.75,O-L15-1-60
500,CG6-0313,2026-01-24,15,49,field,CG6-0313|2026-01-24|L15|S49,2026-01-24 14:38:44,2026-01-24 14:38:44,2026-01-24 14:38:44.000,1,1,9287.51,,,0.0084,24.7134,34.822,354.4,0,,STDDEV_GT_0.050,True,SINGLE_READING;,9,day9,MATCHED,D9:kml:L15-49,L15-49,L15-49,results.zip/day9.kml,kml_only,9.7725,175.791,L15-50,True,24.7133,34.822,362.848,,0,362.848,0.15,12.371,350.477,350.265,0.212435,13920.2,39690.6,False,9341.33,0.0533832,INTERPOLATED,491,512,-53.8204,0.0540401,0,True,1.01189,-54.4604,250.588,-5.04001,77.3466,27.9262,10.5072,6.91183,4.8104,3.75968,2.70897,1.65825,0.607531,-0.127971,-0.443186,-1.4939,-2.54462,-3.59534,0.0711554,0.0615663,14.3894,10.6218,0.306116,0.817329,6.68255,4.55819,3.49601,2.43383,1.37165,0.309464,-0.434063,-0.752717,-1.8149,-2.87708,-3.93926,21.6225,True,49,9248.4,O-L15-1-60
501,CG6-0313,2026-01-24,15,50,field,CG6-0313|2026-01-24|L15|S50,2026-01-24 14:42:05,2026-01-24 14:42:05,2026-01-24 14:42:05.000,1,1,9286.84,,,0.0073,24.7142,34.8205,363,0,,STDDEV_GT_0.050,True,SINGLE_READING;,9,day9,MATCHED,D9:kml:L15-50,L15-50,L15-50,results.zip/day9.kml,kml_only,17.187,186.655,L15-49,True,24.7141,34.8205,365.472,,0,365.472,0.15,12.376,353.096,353.464,-0.368658,13992.9,39619.6,False,9341.33,0.053381,INTERPOLATED,491,512,-54.4882,0.0538779,0,True,1.01189,-55.1363,253.207,-4.98646,78.1548,28.005,10.617,6.77103,4.64764,3.58594,2.52424,1.46255,0.400851,-0.342336,-0.660845,-1.72254,-2.78424,-3.84593,0.0710323,0.0614239,14.4898,10.7222,0.315504,0.842395,6.56052,4.41608,3.34386,2.27164,1.19941,0.127193,-0.623362,-0.945028,-2.01725,-3.08947,-4.16169,21.7058,True,50,9427.06,O-L15-1-60
502,CG6-0313,2026-01-24,15,51,field,CG6-0313|2026-01-24|L15|S51,2026-01-24 14:45:14,2026-01-24 14:45:14,2026-01-24 14:45:14.000,1,1,9285.74,,,0.0078,24.7147,34.8186,367.1,0,,STDDEV_GT_0.050,True,SINGLE_READING;,9,day9,MATCHED,D9:wor:L15-51,L15-51,L15-51,results.zip/day9.xlsx,workbook,8.76834,197.919,L15-52,True,24.7146,34.8186,369.413,,0,369.413,0.15,12.3821,357.031,357.714,-0.682742,14122.2,39596.9,False,9341.33,0.0533794,INTERPOLATED,491,512,-55.5871,0.0539462,0,True,1.01189,-56.2482,257.142,-4.94913,79.3693,28.0702,10.782,6.50632,4.34993,3.27173,2.19354,1.11534,0.037143,-0.717594,-1.04105,-2.11925,-3.19745,-4.27564,0.0710842,0.0614839,14.6034,10.8358,0.366934,0.979713,6.39867,4.23152,3.14794,2.06436,0.980781,-0.102797,-0.861302,-1.18638,-2.26995,-3.35353,-4.43711,21.8328,True,51,9630.95,O-L15-1-60
503,CG6-0313,2026-01-24,15,52,field,CG6-0313|2026-01-24|L15|S52,2026-01-24 14:49:40,2026-01-24 14:49:40,2026-01-24 14:49:40.000,1,1,9284.61,,,0.0068,24.7149,34.8167,367,0,,STDDEV_GT_0.050,True,SINGLE_READING;,9,day9,MATCHED,D9:kml:L15-52,L15-52,L15-52,results.zip/day9.kml,kml_only,10.7167,194.721,L15-51,True,24.7148,34.8166,372.877,,0,372.877,0.15,12.3881,360.489,360.908,-0.419881,14268.3,39602,False,9341.32,0.0533777,INTERPOLATED,491,512,-56.7136,0.0538091,0,True,1.01189,-57.388,260.6,-4.93482,80.4364,27.9832,10.9269,6.12934,3.94395,2.85126,1.75856,0.665869,-0.426825,-1.19171,-1.51952,-2.61221,-3.70491,-4.7976,0.0709802,0.0613636,14.6819,10.9143,0.433364,1.15708,6.15455,3.97169,2.88025,1.78882,0.697387,-0.394046,-1.15805,-1.48548,-2.57691,-3.66835,-4.75978,21.9784,True,52,9827.7,O-L15-1-60
504,CG6-0313,2026-01-24,15,53,field,CG6-0313|2026-01-24|L15|S53,2026-01-24 14:53:11,2026-01-24 14:53:11,2026-01-24 14:53:11.000,1,1,9283.08,,,0.0065,24.7145,34.8148,365.3,0,,STDDEV_GT_0.050,True,SINGLE_READING;,9,day9,MATCHED,D9:kml:L15-53,L15-53,L15-53,results.zip/day9.kml,kml_only,11.934,185.425,L15-52,True,24.7144,34.8148,376.801,,0,376.801,0.15,12.3937,364.408,365.701,-1.29292,14448.8,39678.9,False,9341.32,0.053377,INTERPOLATED,491,512,-58.2454,0.0537713,0,True,1.01189,-58.9381,264.519,-4.96486,81.6461,27.6729,11.0913,5.49033,3.27207,2.16295,1.05382,-0.0553081,-1.16444,-1.94082,-2.27356,-3.38269,-4.49182,-5.60095,0.0709515,0.0613305,14.7615,10.9939,0.518126,1.3834,5.68507,3.48629,2.3869,1.28751,0.188115,-0.911275,-1.68085,-2.01067,-3.11006,-4.20945,-5.30884,22.1595,True,53,10021.3,O-L15-1-60
505,CG6-0313,2026-01-24,15,54,field,CG6-0313|2026-01-24|L15|S54,2026-01-24 14:56:14,2026-01-24 14:56:14,2026-01-24 14:56:14.000,1,1,9281.5,,,0.0058,24.7137,34.8131,361.1,0,,,True,SINGLE_READING;,9,day9,MATCHED,D9:kml:L15-54,L15-54,L15-54,results.zip/day9.kml,kml_only,11.2129,190.868,L15-53,True,24.7136,34.813,381.251,,0,381.251,0.15,12.3987,368.852,369.948,-1.09653,14648.5,39799.4,False,9341.32,0.0533767,INTERPOLATED,491,512,-59.8241,0.0536909,0,True,1.01189,-60.5356,268.963,-5.02216,83.0177,27.5043,11.2776,4.94908,2.69356,1.5658,0.438034,-0.689727,-1.81749,-2.60692,-2.94525,-4.07301,-5.20077,-6.32853,0.0708906,0.06126,14.9185,11.1509,0.547463,1.46173,5.20249,2.97231,1.85722,0.742129,-0.372962,-1.48805,-2.26862,-2.60314,-3.71823,-4.83332,-5.94842,22.3572,True,54,10220.6,O-L15-1-60
506,CG6-0313,2026-01-24,15,55,field,CG6-0313|2026-01-24|L15|S55,2026-01-24 14:59:23,2026-01-24 14:59:23,2026-01-24 14:59:23.000,1,1,9280.83,,,0.006,24.7144,34.8113,366.6,0,,,True,SINGLE_READING;,9,day9,MATCHED,D9:kml:L15-55,L15-55,L15-55,results.zip/day9.kml,kml_only,3.4854,200.342,L15-54,True,24.7144,34.8113,390.223,,0,390.223,0.15,12.4043,377.819,373.675,4.14399,14751.5,39744.5,False,9341.32,0.0533769,INTERPOLATED,491,512,-60.4874,0.053713,0,True,1.01189,-61.2068,277.93,-4.96478,85.7853,29.5433,11.6536,6.23607,3.90535,2.73999,1.57463,0.409267,-0.756093,-1.57185,-1.92145,-3.08681,-4.25217,-5.41753,0.0709074,0.0612794,15.3227,11.5551,0.519286,1.38649,6.43313,4.12211,2.9666,1.8111,0.65559,-0.499917,-1.30877,-1.65542,-2.81093,-3.96644,-5.12195,22.4472,True,55,10418.3,O-L15-1-60
507,CG6-0313,2026-01-24,15,56,field,CG6-0313|2026-01-24|L15|S56,2026-01-24 15:02:13,2026-01-24 15:02:13,2026-01-24 15:02:13.000,1,1,9280.2,,,0.0059,24.7151,34.8094,381.4,0,,,True,SINGLE_READING;,9,day9,MATCHED,D9:wor:L15-56,L15-56,L15-56,results.zip/day9.xlsx,workbook,13.6814,179.359,L15-57,True,24.7149,34.8094,389.427,,0,389.427,0.15,12.4105,377.016,378.032,-1.01569,14875.6,39708.5,False,9341.32,0.0533773,INTERPOLATED,491,512,-61.1233,0.0537024,0,True,1.01189,-61.8502,277.128,-4.92808,85.5376,28.6155,11.62,5.37558,3.05159,1.88959,0.727599,-0.434397,-1.59639,-2.40979,-2.75839,-3.92038,-5.08238,-6.24438,0.0708993,0.0612701,15.2213,11.4538,0.586955,1.56717,5.70798,3.41723,2.27185,1.12647,-0.0189024,-1.16428,-1.96604,-2.30965,-3.45503,-4.60041,-5.74578,22.5743,True,56,10622,O-L15-1-60
508,CG6-0313,2026-01-24,15,57,field,CG6-0313|2026-01-24|L15|S57,2026-01-24 15:05:02,2026-01-24 15:05:02,2026-01-24 15:05:02.000,1,1,9279.96,,,0.0067,24.7163,34.8081,380.1,0,,STDDEV_GT_0.050,True,SINGLE_READING;,9,day9,MATCHED,D9:wor:L15-57,L15-57,L15-57,results.zip/day9.xlsx,workbook,13.7328,192.778,L15-58,True,24.7161,34.8081,393.856,,0,393.856,0.15,12.4151,381.441,381.627,-0.185916,14916.4,39599.5,False,9341.32,0.0533781,INTERPOLATED,491,512,-61.3571,0.0537969,0,True,1.01189,-62.0868,281.552,-4.84538,86.9032,29.6617,11.8055,6.0508,3.6897,2.50916,1.32861,0.14806,-1.03249,-1.85887,-2.21303,-3.39358,-4.57413,-5.75468,0.0709709,0.061353,15.4692,11.7016,0.524642,1.40079,6.25857,3.91825,2.74809,1.57793,0.407772,-0.762387,-1.5815,-1.93255,-3.10271,-4.27286,-5.44302,22.6087,True,57,10810.2,O-L15-1-60
509,CG6-0313,2026-01-24,15,58,field,CG6-0313|2026-01-24|L15|S58,2026-01-24 15:07:58,2026-01-24 15:07:58,2026-01-24 15:07:58.000,1,1,9279.61,,,0.0069,24.7177,34.807,387.9,0,,STDDEV_GT_0.050,True,SINGLE_READING;,9,day9,MATCHED,D9:wor:L15-58,L15-58,L15-58,results.zip/day9.xlsx,workbook,12.6405,190.957,L15-59,True,24.7176,34.8069,399.088,,0,399.088,0.15,12.4193,386.669,388.875,-2.20621,14927.6,39458.5,False,9341.32,0.0533793,INTERPOLATED,491,512,-61.7057,0.0538234,0,True,1.01189,-62.4396,286.78,-4.743,88.5166,30.8201,12.0247,6.77071,4.36577,3.1633,1.96084,0.758369,-0.444099,-1.28583,-1.64657,-2.84903,-4.0515,-5.25397,0.070991,0.0613761,15.7142,11.9466,0.498824,1.33186,6.92684,4.53752,3.34286,2.1482,0.953537,-0.241123,-1.07739,-1.43578,-2.63044,-3.82511,-5.01977,22.6152,True,58,11013.6,O-L15-1-60
510,CG6-0313,2026-01-24,15,59,field,CG6-0313|2026-01-24|L15|S59,2026-01-24 15:11:14,2026-01-24 15:11:14,2026-01-24 15:11:14.000,1,1,9278.9,,,0.0063,24.7184,34.8052,393,0,,,True,SINGLE_READING;,9,day9,MATCHED,D9:wor:L15-59,L15-59,L15-59,results.zip/day9.xlsx,workbook,12.545,195.164,L15-58,True,24.7183,34.8052,402.898,,0,402.898,0.15,12.425,390.473,391.05,-0.576727,15045.2,39418.6,False,9341.32,0.0533809,INTERPOLATED,491,512,-62.4136,0.0537514,0,True,1.01189,-63.1559,290.584,-4.69793,89.6908,31.2329,12.1842,6.86448,4.42764,3.20922,1.9908,0.772384,-0.446035,-1.29893,-1.66445,-2.88287,-4.10129,-5.31971,0.0709364,0.0613131,15.9302,12.1626,0.442378,1.18115,6.90772,4.47521,3.25895,2.04269,0.826436,-0.389821,-1.2412,-1.60608,-2.82233,-4.03859,-5.25485,22.7224,True,59,11203.6,O-L15-1-60
511,CG6-0313,2026-01-24,15,60,field,CG6-0313|2026-01-24|L15|S60,2026-01-24 15:15:23,2026-01-24 15:15:23,2026-01-24 15:15:23.000,1,1,9277.77,,,0.0062,24.7189,34.803,387.3,0,,,True,SINGLE_READING;,9,day9,MATCHED,D9:wor:L15-60,L15-60,L15-60,results.zip/day9.xlsx,workbook,13.7636,226.332,L15-59,True,24.7188,34.803,407.723,,0,407.723,0.15,12.4319,395.291,397.884,-2.59291,15206.9,39408.3,False,9341.31,0.0533837,INTERPOLATED,491,512,-63.544,0.0537425,0,True,1.01189,-64.2997,295.402,-4.66654,91.1778,31.5446,12.3862,6.77222,4.29498,3.05636,1.81774,0.579115,-0.659506,-1.52654,-1.89813,-3.13675,-4.37537,-5.61399,0.0709297,0.0613053,16.1451,12.3775,0.429429,1.14658,6.78956,4.31406,3.0763,1.83855,0.600795,-0.636959,-1.50339,-1.87471,-3.11247,-4.35022,-5.58797,22.879,True,60,11428,O-L15-1-60
4,CG6-0313,2026-01-16,2,1,field,CG6-0313|2026-01-16|L2|S1,2026-01-16 07:13:57,2026-01-16 07:14:57,2026-01-16 07:14:27.000,2,2,9343.97,0.0472874,0.0236437,0.0236437,24.7847,34.9343,114.2,0,,,True,,1,day1,MATCHED,D1:wor:2-1,2-1,2-1,results.zip/day1.xlsx,workbook,4.92015,221.908,2-2,True,24.7848,34.9343,115.146,0.159,0,115.146,0.15,11.8802,103.266,108.369,-5.10362,229.547,31874.9,False,9344.63,0.0532354,INTERPOLATED,3,30,-0.659886,0.0582498,0,True,1.01189,-0.667734,3.37681,-0.135372,1.04235,0.509984,0.14159,0.226805,0.198487,0.184328,0.170169,0.15601,0.141851,0.13194,0.127692,0.113533,0.0993743,0.0852153,0.074403,0.0652925,3.8593,0.0917127,0.470634,1.25659,0.326559,0.308216,0.299045,0.289874,0.280703,0.271531,0.265111,0.26236,0.253189,0.244018,0.234846,7.79742,True,1,0,O-L2-1-26
5,CG6-0313,2026-01-16,2,2,field,CG6-0313|2026-01-16|L2|S2,2026-01-16 07:20:33,2026-01-16 07:21:33,2026-01-16 07:21:03.000,2,2,9343.68,0.0213928,0.0106964,0.0106964,24.7827,34.9341,98.9,0,,,True,,1,day1,MATCHED,D1:wor:2-2,2-2,2-2,results.zip/day1.xlsx,workbook,4.28031,174.731,2-3,True,24.7828,34.934,119.294,0.163,0,119.294,0.15,11.8834,107.411,107.912,-0.501071,448.145,32091,False,9344.63,0.0532361,INTERPOLATED,3,30,-0.945966,0.0543,0,True,1.01189,-0.957216,7.52162,-0.274505,2.32175,1.63904,0.315382,1.00828,0.945203,0.913665,0.882127,0.850589,0.819051,0.796974,0.787512,0.755974,0.724436,0.692898,0.071353,0.0617946,4.19957,0.431987,0.304152,0.812085,0.775069,0.688671,0.645473,0.602274,0.559075,0.515877,0.485637,0.472678,0.429479,0.38628,0.343082,7.93533,True,2,226.674,O-L2-1-26
6,CG6-0313,2026-01-16,2,3,field,CG6-0313|2026-01-16|L2|S3,2026-01-16 07:26:00,2026-01-16 07:27:00,2026-01-16 07:26:30.000,2,2,9343.12,0.000675488,0.000337744,0.00183984,24.7832,34.9324,110.3,0,,,True,,1,day1,MATCHED,D1:wor:2-3,2-3,2-3,results.zip/day1.xlsx,workbook,2.07647,170.334,2-2,True,24.7832,34.9324,121.67,0.148,0,121.67,0.15,11.8911,109.779,109.916,-0.137419,412.908,32006.5,False,9344.62,0.0532377,INTERPOLATED,3,30,-1.50504,0.0532695,0,True,1.01189,-1.52294,9.88996,-0.242367,3.0528,1.77223,0.414686,0.942858,0.859921,0.818452,0.776984,0.735515,0.694047,0.665019,0.652578,0.611109,0.569641,0.528172,0.0705719,0.060891,4.28546,0.517873,0.31757,0.847911,0.736483,0.632909,0.581121,0.529334,0.477547,0.425759,0.389508,0.373972,0.322185,0.270397,0.21861,8.04769,True,3,397.455,O-L2-1-26
7,CG6-0313,2026-01-16,2,4,field,CG6-0313|2026-01-16|L2|S4,2026-01-16 07:32:09,2026-01-16 07:33:09,2026-01-16 07:32:39.000,2,2,9342.4,0.0239551,0.0119775,0.0119775,24.7835,34.9305,118.1,0,,,True,,1,day1,MATCHED,D1:wor:2-4,2-4,2-4,results.zip/day1.xlsx,workbook,1.93693,193.699,2-3,True,24.7835,34.9305,126.306,0.158,0,126.306,0.15,11.9003,114.406,113.997,0.408811,482.306,31939.9,False,9344.62,0.0532406,INTERPOLATED,3,30,-2.22101,0.0545713,0,True,1.01189,-2.24742,14.5167,-0.220639,4.48096,2.45418,0.608685,1.23681,1.11507,1.05421,0.993338,0.932469,0.871601,0.828993,0.810732,0.749864,0.688995,0.628127,0.0715597,0.0620331,4.53771,0.770124,0.259318,0.69238,0.913935,0.75991,0.682898,0.605886,0.528873,0.451861,0.397952,0.374848,0.297836,0.220824,0.143811,8.18954,True,4,592.427,O-L2-1-26
8,CG6-0313,2026-01-16,2,5,field,CG6-0313|2026-01-16|L2|S5,2026-01-16 07:37:19,2026-01-16 07:38:19,2026-01-16 07:37:49.000,2,2,9341.89,0.0123627,0.00618136,0.00618136,24.7825,34.9289,127.6,0,,,True,,1,day1,MATCHED,D1:wor:2-5,2-5,2-5,results.zip/day1.xlsx,workbook,0.960256,196.657,2-6,True,24.7824,34.9289,129.586,0.167,0,129.586,0.15,11.9095,117.676,117.226,0.450721,685.21,32033,False,9344.62,0.0532441,INTERPOLATED,3,30,-2.73078,0.0536017,0,True,1.01189,-2.76326,17.7875,-0.295702,5.49058,3.02303,0.74583,1.53137,1.3822,1.30762,1.23303,1.15845,1.08387,1.03166,1.00928,0.934701,0.860118,0.785535,0.0708231,0.0611818,4.68618,0.918591,0.247996,0.662149,1.18584,1.00212,0.910266,0.818407,0.726547,0.634688,0.570387,0.542829,0.45097,0.359111,0.267252,8.39407,True,5,797.034,O-L2-1-26
9,CG6-0313,2026-01-16,2,6,field,CG6-0313|2026-01-16|L2|S6,2026-01-16 07:41:46,2026-01-16 07:42:46,2026-01-16 07:42:16.000,2,2,9341.55,0.0126215,0.00631074,0.00631074,24.7824,34.9269,130.4,0,,,True,,1,day1,MATCHED,D1:wor:2-6,2-6,2-6,results.zip/day1.xlsx,workbook,2.10157,195.92,2-5,True,24.7824,34.9269,132.105,0.155,0,132.105,0.15,11.9193,120.186,119.876,0.309986,840.028,32006.8,False,9344.62,0.0532478,INTERPOLATED,3,30,-3.0625,0.0536204,0,True,1.01189,-3.09892,20.2967,-0.299504,6.26511,3.46569,0.851041,1.76361,1.5934,1.5083,1.4232,1.33809,1.25299,1.19341,1.16788,1.08278,0.997675,0.912571,0.0708372,0.0611982,4.79316,1.02557,0.246229,0.657431,1.41456,1.20944,1.10689,1.00433,0.901772,0.799215,0.727425,0.696658,0.594101,0.491544,0.388987,8.55295,True,6,993.184,O-L2-1-26
10,CG6-0313,2026-01-16,2,7,field,CG6-0313|2026-01-16|L2|S7,2026-01-16 07:52:11,2026-01-16 07:53:11,2026-01-16 07:52:41.000,2,2,9340.99,0.00171708,0.00085854,0.00172047,24.7828,34.925,131.4,0,,,True,,1,day1,MATCHED,D1:wor:2-7,2-7,2-7,results.zip/day1.xlsx,workbook,2.43784,173.431,2-8,True,24.7828,34.925,135.288,0.167,0,135.288,0.15,11.9288,123.359,123.196,0.162906,987.677,31937,False,9344.61,0.0532589,INTERPOLATED,3,30,-3.6196,0.0532867,0,True,1.01189,-3.66265,23.4702,-0.274304,7.24469,3.85634,0.984106,1.88813,1.69131,1.5929,1.49449,1.39608,1.29766,1.22878,1.19925,1.10084,1.00243,0.904022,0.0705849,0.060906,4.8965,1.12892,0.275947,0.736779,1.59851,1.37273,1.25983,1.14694,1.03405,0.92116,0.842136,0.808268,0.695376,0.582485,0.469593,8.68634,True,7,1194.5,O-L2-1-26
11,CG6-0313,2026-01-16,2,8,field,CG6-0313|2026-01-16|L2|S8,2026-01-16 07:57:32,2026-01-16 07:58:32,2026-01-16 07:58:02.000,2,2,9340.67,0.0150376,0.0075188,0.0075188,24.7823,34.9234,131.9,0,,,True,,1,day1,MATCHED,D1:wor:2-8,2-8,2-8,results.zip/day1.xlsx,workbook,3.67891,169.508,2-7,True,24.7823,34.9234,137.605,0.21,0,137.605,0.15,11.9374,125.668,125.584,0.0837082,1157.07,31961.4,False,9344.61,0.053266,INTERPOLATED,3,30,-3.93595,0.053794,0,True,1.01189,-3.98275,25.7787,-0.305719,7.95725,4.28021,1.0809,2.11841,1.90223,1.79414,1.68605,1.57796,1.46987,1.39421,1.36178,1.25369,1.1456,1.03751,0.0709687,0.0613504,4.99671,1.22912,0.272536,0.727671,1.82197,1.57615,1.45324,1.33032,1.20741,1.0845,0.998462,0.961588,0.838676,0.715764,0.592852,8.84845,True,8,1365.81,O-L2-1-26
12,CG6-0313,2026-01-16,2,9,field,CG6-0313|2026-01-16|L2|S9,2026-01-16 08:03:02,2026-01-16 08:04:02,2026-01-16 08:03:32.000,2,2,9339.53,0.0126591,0.00632956,0.00632956,24.781,34.922,138.8,0,,,True,,1,day1,MATCHED,D1:wor:2-9,2-9,2-9,results.zip/day1.xlsx,workbook,0.985496,204.718,2-8,True,24.781,34.922,140.637,0.183,0,140.637,0.15,11.9456,128.691,128.577,0.114496,1352.66,32090.6,False,9344.61,0.0532743,INTERPOLATED,3,30,-5.07105,0.053649,0,True,1.01189,-5.13136,28.8025,-0.396194,8.89062,4.15545,1.20769,1.74008,1.49854,1.37777,1.257,1.13623,1.01546,0.930925,0.894694,0.773925,0.653157,0.532388,0.0708588,0.0612232,5.09394,1.32635,0.302095,0.806595,1.50275,1.23748,1.10485,0.972213,0.839578,0.706943,0.614099,0.574308,0.441673,0.309038,0.176403,9.04971,True,9,1570,O-L2-1-26
13,CG6-0313,2026-01-16,2,10,field,CG6-0313|2026-01-16|L2|S10,2026-01-16 08:07:23,2026-01-16 08:08:23,2026-01-16 08:07:53.000,2,2,9338.85,0.000923584,0.000461792,0.00188215,24.7812,34.9199,140.25,0,,,True,,1,day1,MATCHED,D1:wor:2-10,2-10,2-10,results.zip/day1.xlsx,workbook,1.47767,183.394,2-11,True,24.7812,34.9199,143.34,0.215,0,143.34,0.15,11.9556,131.384,132.472,-1.08755,1525.12,32038.2,False,9344.6,0.0532815,INTERPOLATED,3,30,-5.74836,0.0533147,0,True,1.01189,-5.81672,31.4955,-0.381193,9.72187,4.28634,1.32061,1.64513,1.38101,1.24895,1.11689,0.984829,0.852768,0.760326,0.720708,0.588647,0.456587,0.324526,0.0706061,0.0609306,5.06122,1.29363,0.447733,1.19545,1.69908,1.44036,1.31099,1.18163,1.05227,0.922906,0.832352,0.793543,0.66418,0.534817,0.405454,9.2022,True,10,1776.77,O-L2-1-26
14,CG6-0313,2026-01-16,2,11,field,CG6-0313|2026-01-16|L2|S11,2026-01-16 08:11:33,2026-01-16 08:12:33,2026-01-16 08:12:03.000,2,2,9338.51,0.0119068,0.00595341,0.00595341,24.7807,34.9182,134.2,0,,,True,,1,day1,MATCHED,D1:wor:2-11,2-11,2-11,results.zip/day1.xlsx,workbook,4.85861,182.731,2-10,True,24.7807,34.9182,146.076,0.22,0,146.076,0.15,11.9646,134.111,134.378,-0.266591,1708.29,32072.2,False,9344.6,0.053289,INTERPOLATED,3,30,-6.09274,0.0536205,0,True,1.01189,-6.1652,34.2224,-0.413821,10.5636,4.81223,1.43495,1.94233,1.65535,1.51185,1.36836,1.22486,1.08137,0.980921,0.937872,0.794378,0.650883,0.507388,0.0708373,0.0611983,5.19893,1.43134,0.424361,1.13305,1.94954,1.66328,1.52014,1.37701,1.23387,1.09074,0.990545,0.947604,0.80447,0.661336,0.518202,9.37515,True,11,1958.88,O-L2-1-26
15,CG6-0313,2026-01-16,2,12,field,CG6-0313|2026-01-16|L2|S12,2026-01-16 08:16:26,2026-01-16 08:17:26,2026-01-16 08:16:56.000,2,2,9338.25,0.016813,0.00840652,0.00840652,24.7813,34.9164,143.95,0,,,True,,1,day1,MATCHED,D1:wor:2-12,2-12,2-12,results.zip/day1.xlsx,workbook,0.682707,195.393,2-11,True,24.7813,34.9164,149.74,0.159,0,149.74,0.15,11.9733,137.767,137.936,-0.169177,1857.45,31982.2,False,9344.6,0.0532986,INTERPOLATED,3,30,-6.35336,0.0539574,0,True,1.01189,-6.42891,37.8778,-0.375564,11.6919,5.63857,1.58822,2.46214,2.14449,1.98567,1.82685,1.66803,1.50921,1.39803,1.35039,1.19156,1.03274,0.873921,0.0710927,0.0614937,5.32097,1.55338,0.455595,1.21644,2.53181,2.22114,2.0658,1.91046,1.75512,1.59979,1.49105,1.44445,1.28911,1.13377,0.978434,9.49261,True,12,2153.96,O-L2-1-26
16,CG6-0313,2026-01-16,2,13,field,CG6-0313|2026-01-16|L2|S13,2026-01-16 08:21:15,2026-01-16 08:25:24,2026-01-16 08:23:19.500,4,4,9337.82,0.0248023,0.00582504,0.00582504,24.7802,34.9148,152.1,0,,STDDEV_GT_0.050,True,,1,day1,MATCHED,D1:wor:2-13,2-13,2-13,results.zip/day1.xlsx,workbook,4.61427,195.063,2-14,True,24.7801,34.9148,153.354,0.193,0,153.354,0.15,11.9816,141.372,141.604,-0.231276,2047.02,32088.2,False,9344.6,0.0533122,INTERPOLATED,3,30,-6.77612,0.0536295,0,True,1.01189,-6.8567,41.4835,-0.454617,12.8049,6.40281,1.7394,2.924,2.57612,2.40218,2.22824,2.0543,1.88036,1.7586,1.70642,1.53248,1.35854,1.1846,0.0708441,0.0612062,5.4307,1.66311,0.497051,1.32712,3.07659,2.74397,2.57766,2.41135,2.24504,2.07872,1.96231,1.91241,1.7461,1.57979,1.41348,9.69642,True,13,2358.45,O-L2-1-26
17,CG6-0313,2026-01-16,2,14,field,CG6-0313|2026-01-16|L2|S14,2026-01-16 08:29:36,2026-01-16 08:30:36,2026-01-16 08:30:06.000,2,2,9337.51,0.00773262,0.00386631,0.00386631,24.7789,34.9134,145.8,0,,,True,,1,day1,MATCHED,D1:wor:2-14,2-14,2-14,results.zip/day1.xlsx,workbook,1.53657,191.476,2-13,True,24.7789,34.9134,156.229,0.172,0,156.229,0.15,11.9888,144.24,144.406,-0.165593,2227.96,32209.3,False,9344.59,0.0533281,INTERPOLATED,3,30,-7.07885,0.0534681,0,True,1.01189,-7.16303,44.3512,-0.536926,13.6901,7.06398,1.85965,3.34469,2.97276,2.78679,2.60083,2.41486,2.2289,2.09872,2.04294,1.85697,1.67101,1.48504,0.070722,0.0610648,5.62114,1.85355,0.426854,1.1397,3.35688,2.98617,2.80082,2.61546,2.43011,2.24475,2.115,2.0594,1.87404,1.68869,1.50333,9.88388,True,14,2548.9,O-L2-1-26
18,CG6-0313,2026-01-16,2,15,field,CG6-0313|2026-01-16|L2|S15,2026-01-16 08:33:56,2026-01-16 08:34:56,2026-01-16 08:34:26.000,2,2,9337.4,0.0882854,0.0441427,0.0441427,24.7784,34.9116,152.5,0,,TWO_READINGS_DIFFER,True,,1,day1,MATCHED,D1:wor:2-15,2-15,2-15,results.zip/day1.xlsx,workbook,1.25689,192.131,2-14,True,24.7784,34.9116,159.206,0.201,0,159.206,0.15,11.9977,147.208,146.948,0.260544,2418.75,32245.1,False,9344.59,0.0533391,INTERPOLATED,3,30,-7.19503,0.0692361,0,True,1.01189,-7.2806,47.3193,-0.572271,14.6062,7.89792,1.9841,3.92973,3.53291,3.3345,3.13609,2.93768,2.73927,2.60038,2.54086,2.34245,2.14404,1.94563,0.0832851,0.0752576,5.81,2.04241,0.362447,0.967733,3.8131,3.40462,3.20038,2.99614,2.7919,2.58766,2.44469,2.38342,2.17918,1.97494,1.7707,10.0687,True,15,2742,O-L2-1-26
19,CG6-0313,2026-01-16,2,16,field,CG6-0313|2026-01-16|L2|S16,2026-01-16 08:40:08,2026-01-16 08:41:08,2026-01-16 08:40:38.000,2,2,9336.6,0.00441122,0.00220561,0.00220561,24.7774,34.9101,159.1,0,,,True,,1,day1,MATCHED,D1:wor:2-16,2-16,2-16,results.zip/day1.xlsx,workbook,6.49004,189.519,2-15,True,24.7773,34.9101,161.616,0.179,0,161.616,0.15,12.0056,149.61,151.912,-2.30207,2603.42,32342.8,False,9344.59,0.0533559,INTERPOLATED,3,30,-7.99019,0.0534014,0,True,1.01189,-8.08521,49.7214,-0.6469,15.3477,7.9094,2.08482,3.73976,3.3228,3.11432,2.90584,2.69735,2.48887,2.34294,2.28039,2.07191,1.86343,1.65494,0.0706716,0.0610065,5.79575,2.02816,0.477415,1.2747,3.85308,3.44745,3.24463,3.04182,2.839,2.63618,2.49421,2.43337,2.23055,2.02774,1.82492,10.2628,True,16,2936.71,O-L2-1-26
20,CG6-0313,2026-01-16,2,17,field,CG6-0313|2026-01-16|L2|S17,2026-01-16 08:46:07,2026-01-16 08:47:07,2026-01-16 08:46:37.000,2,2,9336.23,0.0021361,0.00106805,0.00174141,24.7758,34.9092,157.7,0,,,True,,1,day1,MATCHED,D1:wor:2-17,2-17,2-17,results.zip/day1.xlsx,workbook,4.64277,182.828,2-18,True,24.7758,34.9092,164.247,0.195,0,164.247,0.15,12.011,152.236,152.331,-0.0947555,2758.14,32509.8,False,9344.59,0.0533732,INTERPOLATED,3,30,-8.35419,0.0534016,0,True,1.01189,-8.45355,52.3471,-0.753376,16.1582,8.458,2.19491,4.06818,3.62919,3.4097,3.19021,2.97072,2.75123,2.59758,2.53174,2.31224,2.09275,1.87326,0.0706718,0.0610066,5.99366,2.22607,0.389595,1.04022,4.00585,3.56064,3.33803,3.11542,2.89281,2.67021,2.51438,2.4476,2.22499,2.00238,1.77978,10.4352,True,17,3131.65,O-L2-1-26
21,CG6-0313,2026-01-16,2,18,field,CG6-0313|2026-01-16|L2|S18,2026-01-16 08:51:36,2026-01-16 08:52:36,2026-01-16 08:52:06.000,2,2,9335.88,0.00664123,0.00332061,0.00332061,24.7746,34.908,147.8,0,,,True,,1,day1,MATCHED,D1:wor:2-18,2-18,2-18,results.zip/day1.xlsx,workbook,8.05063,180.244,2-17,True,24.7747,34.9079,166.907,0.186,0,166.907,0.15,12.0177,154.889,155.971,-1.08142,2932.83,32628.8,False,9344.58,0.0533902,INTERPOLATED,3,30,-8.7013,0.0534933,0,True,1.01189,-8.80478,55.0003,-0.82947,16.9771,9.00183,2.30616,4.38951,3.92827,3.69766,3.46704,3.23642,3.00581,2.84438,2.77519,2.54458,2.31396,2.08334,0.0707411,0.0610869,6.0595,2.29191,0.43501,1.16148,4.41801,3.95963,3.73044,3.50125,3.27206,3.04287,2.88243,2.81367,2.58448,2.35529,2.1261,10.6114,True,18,3310.08,O-L2-1-26
23,CG6-0313,2026-01-16,2,20,field,CG6-0313|2026-01-16|L2|S20,2026-01-16 09:08:51,2026-01-16 09:09:51,2026-01-16 09:09:21.000,2,2,9334.98,0.000628682,0.000314341,0.0041003,24.771,34.9041,172.55,0,,STDDEV_GT_0.050,True,,1,day1,MATCHED,D1:wor:2-20,2-20,2-20,results.zip/day1.xlsx,workbook,4.31558,187.74,2-21,True,24.7709,34.9041,175.93,0.194,0,175.93,0.15,12.0383,163.892,163.63,0.261754,3471.96,32998.8,False,9344.57,0.0534498,INTERPOLATED,3,30,-9.596,0.0536068,0,True,1.01189,-9.71012,64.0027,-1.08602,19.7559,11.1318,2.68363,5.76455,5.22782,4.95946,4.69109,4.42273,4.15437,3.96651,3.886,3.61764,3.34928,3.08091,0.070827,0.0611863,6.39651,2.62892,0.475472,1.26951,5.87398,5.34819,5.0853,4.82241,4.55952,4.29663,4.1126,4.03373,3.77084,3.50795,3.24506,11.1698,True,20,3880.32,O-L2-1-26
24,CG6-0313,2026-01-16,2,21,field,CG6-0313|2026-01-16|L2|S21,2026-01-16 09:14:56,2026-01-16 09:15:56,2026-01-16 09:15:26.000,2,2,9334.27,0.0129474,0.00647371,0.00647371,24.7694,34.9034,174.3,0,,,True,,1,day1,MATCHED,D1:wor:2-21,2-21,2-21,results.zip/day1.xlsx,workbook,3.35809,181.721,2-20,True,24.7694,34.9034,178.541,0.218,0,178.541,0.15,12.0425,166.499,167.161,-0.662827,3618.62,33166.4,False,9344.57,0.0534731,INTERPOLATED,3,30,-10.3056,0.0538636,0,True,1.01189,-10.4282,66.6096,-1.19194,20.5606,11.3243,2.79294,5.73845,5.17986,4.90057,4.62128,4.34198,4.06269,3.86718,3.78339,3.5041,3.22481,2.94551,0.0710215,0.0614114,6.55015,2.78257,0.431129,1.15112,5.7592,5.20268,4.92443,4.64617,4.36791,4.08966,3.89488,3.8114,3.53314,3.25489,2.97663,11.3234,True,21,4064.18,O-L2-1-26
25,CG6-0313,2026-01-16,2,22,field,CG6-0313|2026-01-16|L2|S22,2026-01-16 09:21:44,2026-01-16 09:22:44,2026-01-16 09:22:14.000,2,2,9333.73,0.0073214,0.0036607,0.0036607,24.7703,34.9013,178.8,0,,,True,,1,day1,MATCHED,D1:wor:2-22,2-22,2-22,results.zip/day1.xlsx,workbook,4.3041,202.1,2-23,True,24.7702,34.9013,182.258,0.328,0,182.258,0.15,12.0516,170.206,171.079,-0.872333,3755.52,33053.2,False,9344.57,0.0535006,INTERPOLATED,3,30,-10.8371,0.0536257,0,True,1.01189,-10.966,70.3174,-1.13391,21.7051,11.873,2.94841,5.97617,5.38649,5.09165,4.79681,4.50197,4.20713,4.00074,3.91229,3.61745,3.32261,3.02777,0.0708412,0.0612029,6.61977,2.85218,0.516983,1.38034,6.16863,5.59819,5.31297,5.02775,4.74254,4.45732,4.25766,4.1721,3.88688,3.60166,3.31644,11.4437,True,22,4297.95,O-L2-1-26
26,CG6-0313,2026-01-16,2,23,field,CG6-0313|2026-01-16|L2|S23,2026-01-16 09:27:07,2026-01-16 09:28:07,2026-01-16 09:27:37.000,2,2,9333.82,0.0261987,0.0130993,0.0130993,24.7711,34.8995,179.4,0,,,True,,1,day1,MATCHED,D1:wor:2-23,2-23,2-23,results.zip/day1.xlsx,workbook,1.9259,186.202,2-24,True,24.7711,34.8995,184.984,0.349,0,184.984,0.15,12.0591,172.925,172.996,-0.0715423,3866.48,32945.3,False,9344.57,0.0535234,INTERPOLATED,3,30,-10.7426,0.0551031,0,True,1.01189,-10.8703,73.0359,-1.07241,22.5442,12.7463,3.0624,6.62147,6.009,5.70276,5.39652,5.09028,4.78404,4.56967,4.4778,4.17156,3.86532,3.55908,0.0719661,0.0625014,6.82554,3.05795,0.4252,1.13528,6.63036,6.01877,5.71297,5.40718,5.10138,4.79559,4.58153,4.48979,4.184,3.8782,3.57241,11.5343,True,23,4501.8,O-L2-1-26
27,CG6-0313,2026-01-16,2,24,field,CG6-0313|2026-01-16|L2|S24,2026-01-16 09:35:50,2026-01-16 09:36:50,2026-01-16 09:36:20.000,2,2,9334.16,0.06123,0.030615,0.030615,24.7714,34.8977,167.5,0,,TWO_READINGS_DIFFER,True,,1,day1,MATCHED,D1:wor:2-24,2-24,2-24,results.zip/day1.xlsx,workbook,2.82631,185.506,2-23,True,24.7714,34.8977,187.14,0.346,0,187.14,0.15,12.0672,175.073,174.759,0.313669,4019.82,32903.8,False,9344.56,0.0535624,INTERPOLATED,3,30,-10.4,0.0616945,0,True,1.01189,-10.5237,75.1838,-1.05223,23.2072,13.7357,3.15246,7.43081,6.80032,6.48507,6.16983,5.85458,5.53934,5.31867,5.22409,4.90885,4.5936,4.27835,0.0771296,0.0683833,6.86537,3.09779,0.47543,1.2694,7.54016,6.9206,6.61082,6.30105,5.99127,5.68149,5.46464,5.37171,5.06193,4.75215,4.44237,11.6674,True,24,4686.28,O-L2-1-26
28,CG6-0313,2026-01-16,2,25,field,CG6-0313|2026-01-16|L2|S25,2026-01-16 09:41:14,2026-01-16 09:42:14,2026-01-16 09:41:44.000,2,2,9333.93,0.00904851,0.00452426,0.00452426,24.7719,34.8957,171,0,,,True,,1,day1,MATCHED,D1:wor:2-25,2-25,2-25,results.zip/day1.xlsx,workbook,2.04003,210.118,2-24,True,24.7719,34.8957,189.525,0.518,0,189.525,0.15,12.0762,177.449,180.298,-2.84939,4181.18,32836.5,False,9344.56,0.0535877,INTERPOLATED,3,30,-10.6285,0.0537784,0,True,1.01189,-10.7549,77.5598,-1.02019,23.9405,14.2059,3.25208,7.7017,7.05128,6.72607,6.40087,6.07566,5.75045,5.5228,5.42524,5.10003,4.77482,4.44962,0.0709569,0.0613367,6.84378,3.0762,0.596643,1.59304,8.05347,7.43823,7.13061,6.82299,6.51537,6.20775,5.99242,5.90013,5.59251,5.28489,4.97727,11.8112,True,25,4897.61,O-L2-1-26
29,CG6-0313,2026-01-16,2,26,field,CG6-0313|2026-01-16|L2|S26,2026-01-16 09:48:17,2026-01-16 09:49:17,2026-01-16 09:48:47.000,2,2,9334.5,0.00297171,0.00148586,0.00304179,24.7713,34.8931,177.7,0,,,True,,1,day1,MATCHED,D1:wor:2-26,2-26,2-26,results.zip/day1.xlsx,workbook,3.88218,207.786,3-1,True,24.7713,34.8931,192.723,0.328,0,192.723,0.15,12.0888,180.634,181.129,-0.495127,4452.48,32888.4,False,9344.56,0.0536222,INTERPOLATED,3,30,-10.0538,0.0537084,0,True,1.01189,-10.1733,80.7453,-1.06226,24.9238,15.8127,3.38565,9.04141,8.36428,8.02572,7.68715,7.34859,7.01002,6.77303,6.67146,6.33289,5.99433,5.65576,0.0709039,0.0612754,7.04287,3.27528,0.531121,1.41809,9.26214,8.60708,8.27955,7.95202,7.6245,7.29697,7.0677,6.96944,6.64191,6.31438,5.98685,12.0724,True,26,5172.2,O-L2-1-26
32,CG6-0313,2026-01-16,3,1,field,CG6-0313|2026-01-16|L3|S1,2026-01-16 11:25:26,2026-01-16 11:26:26,2026-01-16 11:25:56.000,2,2,9334.21,0.0187231,0.00936157,0.00936157,24.7715,34.891,187.35,0.302891,,,True,,1,day1,MATCHED,D1:wor:3-1,3-1,3-1,results.zip/day1.xlsx,workbook,7.11669,191.994,3-2,True,24.7716,34.891,196.219,0.293,0,196.219,0.15,12.0979,184.121,183.901,0.219598,4631.87,32855.6,False,9344.57,0.0533875,INTERPOLATED,31,64,-10.3573,0.0542021,0,True,1.01189,-10.4805,84.2321,-1.04106,26.0001,16.5606,3.53185,9.4969,8.79053,8.43735,8.08416,7.73098,7.37779,7.13056,7.02461,6.67142,6.31824,5.96505,0.0712785,0.0617085,7.15394,3.38635,0.56626,1.51192,9.78791,9.11064,8.77201,8.43337,8.09474,7.7561,7.51906,7.41747,7.07883,6.7402,6.40156,12.2284,True,1,0,O-L3-1-42
33,CG6-0313,2026-01-16,3,2,field,CG6-0313|2026-01-16|L3|S2,2026-01-16 11:30:54,2026-01-16 11:31:54,2026-01-16 11:31:24.000,2,2,9334.06,0.0126796,0.00633979,0.00633979,24.7715,34.8892,167.8,2.90391,,,True,,1,day1,MATCHED,D1:wor:3-2,3-2,3-2,results.zip/day1.xlsx,workbook,10.0045,183.476,3-1,True,24.7715,34.8891,198.601,0.372,0,198.601,0.15,12.1066,186.494,187.241,-0.747054,4807.45,32856,False,9344.57,0.0533824,INTERPOLATED,31,64,-10.5149,0.0537576,0,True,1.01189,-10.64,86.6054,-1.04527,26.7326,17.1379,3.63136,9.87516,9.14889,8.78575,8.42262,8.05948,7.69634,7.44215,7.33321,6.97007,6.60694,6.2438,0.0709411,0.0613185,7.27058,3.50299,0.549131,1.46618,10.1319,9.43131,9.08101,8.73072,8.38042,8.03012,7.78491,7.67982,7.32952,6.97922,6.62892,12.394,True,2,189.772,O-L3-1-42
34,CG6-0313,2026-01-16,3,3,field,CG6-0313|2026-01-16|L3|S3,2026-01-16 11:35:39,2026-01-16 11:36:39,2026-01-16 11:36:09.000,2,2,9333.39,0.00628287,0.00314144,0.00314144,24.7716,34.8872,156.2,0,,,True,,1,day1,MATCHED,D1:wor:3-3,3-3,3-3,results.zip/day1.xlsx,workbook,12.8134,194.994,3-2,True,24.7717,34.8871,201.391,0.409,0,201.391,0.15,12.1159,189.275,189.264,0.0106241,4991.44,32834.6,False,9344.57,0.0533789,INTERPOLATED,31,64,-11.1792,0.0534713,0,True,1.01189,-11.3122,89.3862,-1.03538,27.5909,17.3141,3.74796,9.81821,9.06862,8.69382,8.31902,7.94423,7.56943,7.30707,7.19464,6.81984,6.44504,6.07025,0.0707244,0.0610676,7.36576,3.59817,0.570546,1.52336,10.1178,9.39815,9.03834,8.67852,8.3187,7.95888,7.70701,7.59907,7.23925,6.87943,6.51962,12.5615,True,3,394.857,O-L3-1-42
35,CG6-0313,2026-01-16,3,4,field,CG6-0313|2026-01-16|L3|S4,2026-01-16 11:40:33,2026-01-16 11:41:33,2026-01-16 11:41:03.000,2,2,9333.06,0.0397874,0.0198937,0.0198937,24.7719,34.8854,135.7,0,,,True,,1,day1,MATCHED,D1:wor:3-4,3-4,3-4,results.zip/day1.xlsx,workbook,20.9042,173.89,3-3,True,24.7721,34.8853,204.275,0.41,0,204.275,0.15,12.1242,192.151,191.465,0.686171,5150.01,32792.1,False,9344.57,0.0533761,INTERPOLATED,31,64,-11.5065,0.0569629,0,True,1.01189,-11.6433,92.2618,-1.00874,28.4785,17.844,3.86854,10.1069,9.33318,8.94633,8.55948,8.17262,7.78577,7.51497,7.39891,7.01206,6.62521,6.23835,0.0733998,0.0641471,7.58323,3.81564,0.473654,1.26466,10.2127,9.44956,9.06799,8.68643,8.30487,7.9233,7.65621,7.54174,7.16017,6.77861,6.39704,12.7014,True,4,586.791,O-L3-1-42
36,CG6-0313,2026-01-16,3,5,field,CG6-0313|2026-01-16|L3|S5,2026-01-16 11:45:50,2026-01-16 11:46:50,2026-01-16 11:46:20.000,2,2,9332.41,0.00409336,0.00204668,0.00204668,24.7726,34.8836,169.9,0,,,True,,1,day1,MATCHED,D1:wor:3-5,3-5,3-5,results.zip/day1.xlsx,workbook,11.9807,176.47,3-4,True,24.7727,34.8835,206.634,0.532,0,206.634,0.15,12.1319,194.502,195.286,-0.783471,5299.69,32714,False,9344.57,0.0533741,INTERPOLATED,31,64,-12.1542,0.0534133,0,True,1.01189,-12.2988,94.6131,-0.968244,29.2043,17.8738,3.96713,9.93952,9.14609,8.74938,8.35267,7.95595,7.55924,7.28154,7.16253,6.76581,6.3691,5.97239,0.0706806,0.0610169,7.63114,3.86355,0.52433,1.39996,10.1467,9.37395,8.9876,8.60124,8.21489,7.82853,7.55808,7.44217,7.05582,6.66946,6.28311,12.8226,True,5,775.185,O-L3-1-42
37,CG6-0313,2026-01-16,3,6,field,CG6-0313|2026-01-16|L3|S6,2026-01-16 11:50:40,2026-01-16 11:51:40,2026-01-16 11:51:10.000,2,2,9331.93,0.0145999,0.00729994,0.00729994,24.7732,34.8817,190.25,0.807697,,,True,,1,day1,MATCHED,D1:wor:3-6,3-6,3-6,results.zip/day1.xlsx,workbook,4.79346,192.641,3-5,True,24.7732,34.8817,208.991,0.53,0,208.991,0.15,12.1401,196.851,198.127,-1.27603,5463.2,32639.9,False,9344.57,0.0533731,INTERPOLATED,31,64,-12.6404,0.05387,0,True,1.01189,-12.7907,96.962,-0.929737,29.9293,18.0683,4.06562,9.93708,9.12396,8.7174,8.31083,7.90427,7.49771,7.21312,7.09115,6.68459,6.27803,5.87146,0.0710263,0.061417,7.69983,3.93225,0.554128,1.47952,10.2038,9.41737,9.02415,8.63093,8.2377,7.84448,7.56922,7.45125,7.05803,6.6648,6.27158,12.9537,True,6,969.756,O-L3-1-42
38,CG6-0313,2026-01-16,3,7,field,CG6-0313|2026-01-16|L3|S7,2026-01-16 11:55:21,2026-01-16 11:56:21,2026-01-16 11:55:51.000,2,2,9331.56,0.0335928,0.0167964,0.0167964,24.7737,34.8798,201.4,0,,,True,,1,day1,MATCHED,D1:wor:3-7,3-7,3-7,results.zip/day1.xlsx,workbook,5.15278,194.034,3-8,True,24.7737,34.8798,211.493,0.429,0,211.493,0.15,12.1485,199.345,199.278,0.0668858,5632.89,32586.8,False,9344.57,0.0533729,INTERPOLATED,31,64,-13.0057,0.0559534,0,True,1.01189,-13.1603,99.4556,-0.898553,30.699,18.4372,4.17017,10.0969,9.26282,8.8458,8.42878,8.01177,7.59475,7.30284,7.17773,6.76071,6.3437,5.92668,0.0726192,0.0632524,7.92568,4.15809,0.432837,1.15567,10.121,9.28939,8.87358,8.45777,8.04196,7.62616,7.33509,7.21035,6.79454,6.37873,5.96292,13.0969,True,7,1166.18,O-L3-1-42
39,CG6-0313,2026-01-16,3,8,field,CG6-0313|2026-01-16|L3|S8,2026-01-16 12:00:39,2026-01-16 12:01:39,2026-01-16 12:01:09.000,2,2,9331.1,0.0270835,0.0135417,0.0135417,24.7743,34.8781,205.8,0,,,True,,1,day1,MATCHED,D1:wor:3-8,3-8,3-8,results.zip/day1.xlsx,workbook,5.82212,188.25,3-7,True,24.7742,34.878,214.038,0.455,0,214.038,0.15,12.1565,201.881,202.502,-0.620516,5790.96,32524.2,False,9344.57,0.0533737,INTERPOLATED,31,64,-13.4633,0.0550647,0,True,1.01189,-13.6234,101.993,-0.858922,31.4821,18.7176,4.27655,10.1645,9.30916,8.8815,8.45385,8.02619,7.59854,7.29918,7.17088,6.74323,6.31557,5.88792,0.0719367,0.0624676,8.05386,4.28628,0.411027,1.09744,10.145,9.28775,8.85912,8.4305,8.00187,7.57324,7.2732,7.14461,6.71598,6.28736,5.85873,13.2278,True,8,1358.85,O-L3-1-42
40,CG6-0313,2026-01-16,3,9,field,CG6-0313|2026-01-16|L3|S9,2026-01-16 12:08:14,2026-01-16 12:09:14,2026-01-16 12:08:44.000,2,2,9330.72,0.0194319,0.00971597,0.00971597,24.7748,34.8761,208.3,0,,,True,,1,day1,MATCHED,D1:wor:3-9,3-9,3-9,results.zip/day1.xlsx,workbook,3.63753,207.481,3-8,True,24.7748,34.876,217.003,0.392,0,217.003,0.15,12.1654,204.838,205.407,-0.569788,5974.17,32463,False,9344.57,0.0533765,INTERPOLATED,31,64,-13.8421,0.0542535,0,True,1.01189,-14.0068,104.949,-0.820485,32.3945,19.2082,4.4005,10.4072,9.52712,9.08707,8.64702,8.20697,7.76692,7.45889,7.32687,6.88682,6.44677,6.00672,0.0713177,0.0617537,8.25124,4.48366,0.337596,0.901381,10.2409,9.34417,8.8958,8.44744,7.99907,7.5507,7.23685,7.10234,6.65397,6.20561,5.75724,13.3783,True,9,1569.11,O-L3-1-42
42,CG6-0313,2026-01-16,3,10,field,CG6-0313|2026-01-16|L3|S10,2026-01-16 12:18:21,2026-01-16 12:19:21,2026-01-16 12:18:51.000,2,2,9329.91,0.00514383,0.00257192,0.00257192,24.7755,34.874,215.4,0,,,True,,1,day1,MATCHED,D1:wor:3-10,3-10,3-10,results.zip/day1.xlsx,workbook,1.5406,186.456,3-11,True,24.7755,34.874,221.005,0.328,0,221.005,0.15,12.1739,208.831,208.628,0.203487,6159.81,32390.9,False,9344.56,0.0533834,INTERPOLATED,31,64,-14.6556,0.0534453,0,True,1.01189,-14.8299,108.942,-0.773502,33.6271,19.5708,4.56794,10.4349,9.52131,9.06451,8.60772,8.15092,7.69413,7.37437,7.23734,6.78054,6.32375,5.86695,0.0707048,0.0610449,8.41307,4.64549,0.343213,0.916379,10.2798,9.35071,8.88616,8.42161,7.95706,7.49252,7.16733,7.02797,6.56342,6.09887,5.63432,13.527,True,10,1786.76,O-L3-1-42
43,CG6-0313,2026-01-16,3,11,field,CG6-0313|2026-01-16|L3|S11,2026-01-16 12:23:24,2026-01-16 12:24:24,2026-01-16 12:23:54.000,2,2,9329.07,0.0133302,0.00666511,0.00666511,24.776,34.8723,212.3,0,,,True,,1,day1,MATCHED,D1:wor:3-11,3-11,3-11,results.zip/day1.xlsx,workbook,1.90213,176.252,3-12,True,24.776,34.8723,224.065,0.419,0,224.065,0.15,12.1809,211.884,213.301,-1.41683,6321.98,32338.7,False,9344.56,0.0533882,INTERPOLATED,31,64,-15.4962,0.0538027,0,True,1.01189,-15.6805,111.995,-0.740343,34.5695,19.6293,4.69596,10.2374,9.29822,8.82862,8.35903,7.88943,7.41984,7.09112,6.95024,6.48064,6.01105,5.54145,0.0709753,0.061358,8.43168,4.6641,0.452617,1.20849,10.3011,9.36831,8.9019,8.43549,7.96908,7.50267,7.17619,7.03626,6.56985,6.10344,5.63703,13.6629,True,11,1971.78,O-L3-1-42
44,CG6-0313,2026-01-16,3,12,field,CG6-0313|2026-01-16|L3|S12,2026-01-16 12:28:18,2026-01-16 12:29:18,2026-01-16 12:28:48.000,2,2,9328.64,0.00838393,0.00419197,0.00419197,24.7764,34.8706,224.7,0,,,True,,1,day1,MATCHED,D1:wor:3-12,3-12,3-12,results.zip/day1.xlsx,workbook,2.1339,172.402,3-11,True,24.7764,34.8706,227.268,0.428,0,227.268,0.15,12.1874,215.081,215.871,-0.790162,6476.71,32291.7,False,9344.56,0.0533938,INTERPOLATED,31,64,-15.9191,0.0535581,0,True,1.01189,-16.1084,115.192,-0.709213,35.5561,20.1569,4.82998,10.4969,9.5309,9.04791,8.56491,8.08191,7.59891,7.26081,7.11591,6.63291,6.14991,5.66692,0.07079,0.0611436,8.63938,4.8718,0.378945,1.01178,10.4133,9.43892,8.95174,8.46456,7.97738,7.4902,7.14917,7.00302,6.51584,6.02866,5.54148,13.7923,True,12,2146.23,O-L3-1-42
45,CG6-0313,2026-01-16,3,13,field,CG6-0313|2026-01-16|L3|S13,2026-01-16 12:33:18,2026-01-16 12:34:18,2026-01-16 12:33:48.000,2,2,9327.95,0.0057007,0.00285035,0.00285035,24.7766,34.8687,221.75,0,,,True,,1,day1,MATCHED,D1:wor:3-13,3-13,3-13,results.zip/day1.xlsx,workbook,2.91356,184.65,3-14,True,24.7765,34.8686,231.163,0.407,0,231.163,0.15,12.1954,218.968,218.77,0.197975,6669.09,32281.7,False,9344.56,0.0534003,INTERPOLATED,31,64,-16.6142,0.0534763,0,True,1.01189,-16.8118,119.079,-0.701475,36.7559,20.6456,4.99297,10.6596,9.66105,9.16176,8.66246,8.16316,7.66387,7.31436,7.16457,6.66527,6.16598,5.66668,0.0707282,0.061072,8.88971,5.12212,0.291601,0.778574,10.4013,9.37691,8.8647,8.35248,7.84027,7.32806,6.96951,6.81585,6.30364,5.79142,5.27921,13.9663,True,13,2344.23,O-L3-1-42
46,CG6-0313,2026-01-16,3,14,field,CG6-0313|2026-01-16|L3|S14,2026-01-16 12:38:08,2026-01-16 12:39:08,2026-01-16 12:38:38.000,2,2,9327.3,0.00468495,0.00234248,0.00234248,24.7771,34.8669,224.05,0,,,True,,1,day1,MATCHED,D1:wor:3-14,3-14,3-14,results.zip/day1.xlsx,workbook,5.68212,181.078,3-13,True,24.777,34.8669,234.449,0.321,0,234.449,0.15,12.2023,222.247,222.06,0.186811,6830.83,32231.3,False,9344.56,0.0534075,INTERPOLATED,31,64,-17.2662,0.0534588,0,True,1.01189,-17.4715,122.358,-0.668057,37.768,20.9645,5.13046,10.7036,9.67752,9.16447,8.65143,8.13838,7.62534,7.2662,7.11229,6.59924,6.0862,5.57315,0.070715,0.0610567,8.99005,5.22246,0.328754,0.877774,10.5196,9.47511,8.95287,8.43062,7.90837,7.38613,7.02056,6.86388,6.34164,5.81939,5.29714,14.1037,True,14,2527.87,O-L3-1-42
47,CG6-0313,2026-01-16,3,15,field,CG6-0313|2026-01-16|L3|S15,2026-01-16 12:43:16,2026-01-16 12:44:16,2026-01-16 12:43:46.000,2,2,9326.83,0.0387327,0.0193663,0.0193663,24.7776,34.865,228.6,0,,,True,,1,day1,MATCHED,D1:wor:3-15,3-15,3-15,results.zip/day1.xlsx,workbook,3.51486,194.251,3-16,True,24.7776,34.8649,238.077,0.338,0,238.077,0.15,12.2102,225.867,225.863,0.00409117,7020.01,32177.8,False,9344.56,0.053416,INTERPOLATED,31,64,-17.7336,0.0568183,0,True,1.01189,-17.9445,125.978,-0.62886,38.8854,21.5697,5.28225,11.0052,9.94874,9.42051,8.89229,8.36406,7.83584,7.46608,7.30761,6.77939,6.25116,5.72294,0.0732877,0.0640187,9.163,5.39542,0.307591,0.821269,10.7789,9.69977,9.16023,8.62069,8.08115,7.54161,7.16393,7.00207,6.46253,5.92298,5.38344,14.2607,True,15,2737.63,O-L3-1-42
48,CG6-0313,2026-01-16,3,16,field,CG6-0313|2026-01-16|L3|S16,2026-01-16 12:47:59,2026-01-16 12:48:59,2026-01-16 12:48:29.000,2,2,9326.42,0.0060503,0.00302515,0.00302515,24.7779,34.8631,224.25,0,,,True,,1,day1,MATCHED,D1:wor:3-16,3-16,3-16,results.zip/day1.xlsx,workbook,2.6105,188.327,3-17,True,24.7778,34.863,241.181,0.317,0,241.181,0.15,12.2178,228.963,228.991,-0.0273099,7204.32,32157.7,False,9344.56,0.0534247,INTERPOLATED,31,64,-18.1429,0.0535102,0,True,1.01189,-18.3586,129.074,-0.611426,39.8411,22.0939,5.41208,11.2697,10.1873,9.64611,9.1049,8.56369,8.02249,7.64364,7.48128,6.94007,6.39886,5.85765,0.0707539,0.0611017,9.2558,5.48821,0.344631,0.920166,11.1175,10.0198,9.47102,8.9222,8.37338,7.82456,7.44039,7.27574,6.72692,6.1781,5.62928,14.4231,True,16,2928.89,O-L3-1-42
49,CG6-0313,2026-01-16,3,17,field,CG6-0313|2026-01-16|L3|S17,2026-01-16 12:53:15,2026-01-16 12:54:15,2026-01-16 12:53:45.000,2,2,9325.87,0.0052304,0.0026152,0.0026152,24.7786,34.8614,232.55,0,,,True,,1,day1,MATCHED,D1:wor:3-17,3-17,3-17,results.zip/day1.xlsx,workbook,5.49371,186.203,3-16,True,24.7786,34.8614,244.581,0.385,0,244.581,0.15,12.2243,232.357,232.418,-0.0610668,7357.67,32078.9,False,9344.56,0.0534353,INTERPOLATED,31,64,-18.693,0.0534992,0,True,1.01189,-18.9153,132.468,-0.559582,40.8885,22.5329,5.55437,11.4241,10.3132,9.75779,9.20236,8.64692,8.09148,7.70268,7.53605,6.98061,6.42517,5.86973,0.0707455,0.0610921,9.4379,5.67032,0.304812,0.813848,11.1922,10.0582,9.49112,8.92409,8.35706,7.79003,7.3931,7.223,6.65596,6.08893,5.5219,14.5442,True,17,3115.9,O-L3-1-42
50,CG6-0313,2026-01-16,3,18,field,CG6-0313|2026-01-16|L3|S18,2026-01-16 12:58:13,2026-01-16 12:59:13,2026-01-16 12:58:43.000,2,2,9325.53,0.00588917,0.00294459,0.00294459,24.7787,34.8594,233.8,0,,,True,,1,day1,MATCHED,D1:wor:3-18,3-18,3-18,results.zip/day1.xlsx,workbook,1.13696,166.134,3-19,True,24.7787,34.8594,248.064,0.293,0,248.064,0.15,12.2325,235.832,236.324,-0.49202,7560.75,32078.6,False,9344.56,0.0534462,INTERPOLATED,31,64,-19.0291,0.0535272,0,True,1.01189,-19.2554,135.943,-0.549986,41.9611,23.2557,5.70007,11.8555,10.7155,10.1455,9.57551,9.0055,8.43549,8.03649,7.86548,7.29548,6.72547,6.15546,0.0707667,0.0611166,9.60446,5.83687,0.283957,0.758166,11.5819,10.4146,9.83087,9.24719,8.6635,8.07981,7.67123,7.49612,6.91244,6.32875,5.74506,14.7246,True,18,3318.15,O-L3-1-42
51,CG6-0313,2026-01-16,3,19,field,CG6-0313|2026-01-16|L3|S19,2026-01-16 13:05:24,2026-01-16 13:06:24,2026-01-16 13:05:54.000,2,2,9324.9,0.0416811,0.0208406,0.0208406,24.78,34.8585,231.3,0,,,True,,1,day1,MATCHED,D1:wor:3-19,3-19,3-19,results.zip/day1.xlsx,workbook,4.60163,168.534,3-18,True,24.78,34.8585,251.581,0.324,0,251.581,0.15,12.2356,239.345,239.533,-0.1875,7630.19,31939.7,False,9344.56,0.0534635,INTERPOLATED,31,64,-19.6607,0.0573818,0,True,1.01189,-19.8945,139.456,-0.462872,43.0456,23.614,5.84741,11.9192,10.7497,10.165,9.58025,8.99551,8.41077,8.00145,7.82603,7.24129,6.65655,6.0718,0.0737254,0.0645194,9.81279,6.0452,0.222966,0.595319,11.5236,10.3146,9.71007,9.10555,8.50103,7.89651,7.47335,7.29199,6.68747,6.08295,5.47843,14.7548,True,19,3485.18,O-L3-1-42
52,CG6-0313,2026-01-16,3,20,field,CG6-0313|2026-01-16|L3|S20,2026-01-16 13:10:26,2026-01-16 13:11:26,2026-01-16 13:10:56.000,2,2,9324.08,0.0540406,0.0270203,0.0270203,24.7814,34.8571,233.1,0,,STDDEV_GT_0.050;TWO_READINGS_DIFFER,True,,1,day1,MATCHED,D1:wor:3-20,3-20,3-20,results.zip/day1.xlsx,workbook,5.0272,169.086,3-21,True,24.7814,34.8571,255.53,0.345,0,255.53,0.15,12.241,243.289,243.707,-0.41843,7760.93,31798.3,False,9344.56,0.0534767,INTERPOLATED,31,64,-20.4814,0.0599154,0,True,1.01189,-20.725,143.4,-0.370364,44.2629,23.9082,6.01276,11.8827,10.6801,10.0789,9.47759,8.87631,8.27503,7.85414,7.67376,7.07248,6.4712,5.86993,0.0757141,0.0667827,9.97199,6.2044,0.229121,0.611754,11.4994,10.2585,9.6381,9.01766,8.39722,7.77678,7.34247,7.15634,6.5359,5.91546,5.29502,14.8341,True,20,3692.64,O-L3-1-42
53,CG6-0313,2026-01-16,3,21,field,CG6-0313|2026-01-16|L3|S21,2026-01-16 13:15:12,2026-01-16 13:16:12,2026-01-16 13:15:42.000,2,2,9323.41,0.0104382,0.0052191,0.0052191,24.781,34.8555,234.45,0,,,True,,1,day1,MATCHED,D1:wor:3-21,3-21,3-21,results.zip/day1.xlsx,workbook,5.27785,161.544,3-20,True,24.781,34.8555,258.8,0.235,0,258.8,0.15,12.2477,246.552,247.11,-0.557763,7923.33,31848.2,False,9344.56,0.0534901,INTERPOLATED,31,64,-21.1519,0.0537441,0,True,1.01189,-21.4034,146.663,-0.394088,45.2701,24.2607,6.14959,11.9616,10.7316,10.1167,9.50172,8.88676,8.2718,7.84133,7.65684,7.04188,6.42692,5.81196,0.0709309,0.0613066,10.112,6.34437,0.225981,0.60337,11.572,10.3031,9.66869,9.03426,8.39982,7.76538,7.32128,7.13095,6.49651,5.86207,5.22764,14.9987,True,21,3858.64,O-L3-1-42
54,CG6-0313,2026-01-16,3,22,field,CG6-0313|2026-01-16|L3|S22,2026-01-16 13:20:07,2026-01-16 13:21:07,2026-01-16 13:20:37.000,2,2,9322.55,0.00311573,0.00155787,0.00155787,24.7808,34.8535,242.7,0,,,True,,1,day1,MATCHED,D1:wor:3-22,3-22,3-22,results.zip/day1.xlsx,workbook,5.92889,181.592,3-23,True,24.7808,34.8534,262.652,0.263,0,262.652,0.15,12.2563,250.396,250.429,-0.0334829,8133.17,31886.3,False,9344.56,0.0535047,INTERPOLATED,31,64,-22.0071,0.0535273,0,True,1.01189,-22.2689,150.507,-0.409247,46.4564,24.5968,6.31075,11.9753,10.7131,10.0821,9.45098,8.81991,8.18883,7.74708,7.55776,6.92668,6.29561,5.66454,0.0707668,0.0611167,10.2491,6.48154,0.249967,0.667411,11.6337,10.3374,9.68924,9.04109,8.39293,7.74478,7.29107,7.09663,6.44847,5.80032,5.15216,15.2014,True,22,4067.54,O-L3-1-42
55,CG6-0313,2026-01-16,3,23,field,CG6-0313|2026-01-16|L3|S23,2026-01-16 13:25:15,2026-01-16 13:26:15,2026-01-16 13:25:45.000,2,2,9322.11,0.0079084,0.0039542,0.0039542,24.7819,34.852,241.5,0,,,True,,1,day1,MATCHED,D1:wor:3-23,3-23,3-23,results.zip/day1.xlsx,workbook,6.14658,185.133,3-22,True,24.7818,34.852,265.602,0.333,0,265.602,0.15,12.2619,253.34,254.994,-1.65407,8268.91,31784.7,False,9344.56,0.0535208,INTERPOLATED,31,64,-22.4421,0.0536667,0,True,1.01189,-22.709,153.451,-0.339477,47.3652,24.9957,6.43421,12.1273,10.8404,10.197,9.55357,8.91015,8.26673,7.81634,7.62331,6.97989,6.33647,5.69305,0.0708723,0.0612388,10.3612,6.59364,0.261321,0.697728,11.8084,10.4897,9.83029,9.17093,8.51156,7.8522,7.39064,7.19284,6.53347,5.87411,5.21474,15.297,True,23,4250.41,O-L3-1-42
56,CG6-0313,2026-01-16,3,24,field,CG6-0313|2026-01-16|L3|S24,2026-01-16 13:31:41,2026-01-16 13:32:41,2026-01-16 13:32:11.000,2,2,9321.5,0.0271605,0.0135802,0.0135802,24.7823,34.8502,246.9,0,,,True,,1,day1,MATCHED,D1:wor:3-24,3-24,3-24,results.zip/day1.xlsx,workbook,13.1167,190.709,3-23,True,24.7822,34.8501,269.871,0.338,0,269.871,0.15,12.2695,257.601,257.488,0.113237,8449.45,31749.8,False,9344.56,0.0535424,INTERPOLATED,31,64,-23.0531,0.0552378,0,True,1.01189,-23.3272,157.713,-0.311128,48.6805,25.6644,6.61289,12.4386,11.1161,10.4548,9.79349,9.1322,8.47091,8.00801,7.80963,7.14834,6.48705,5.82576,0.0720693,0.0626202,10.5736,6.80606,0.227588,0.607659,12.0523,10.6911,10.0105,9.32989,8.64928,7.96868,7.49225,7.28807,6.60746,5.92686,5.24625,15.4602,True,24,4445.98,O-L3-1-42
57,CG6-0313,2026-01-16,3,25,field,CG6-0313|2026-01-16|L3|S25,2026-01-16 13:36:05,2026-01-16 13:37:05,2026-01-16 13:36:35.000,2,2,9320.7,0.00116126,0.000580628,0.00174929,24.7822,34.8483,245.3,0,,,True,,1,day1,MATCHED,D1:wor:3-25,3-25,3-25,results.zip/day1.xlsx,workbook,8.3806,184.76,3-24,True,24.7821,34.8483,273.862,0.407,0,273.862,0.15,12.2772,261.585,262.324,-0.739003,8642.62,31782.1,False,9344.55,0.053558,INTERPOLATED,31,64,-23.8556,0.0535866,0,True,1.01189,-24.1393,161.696,-0.318983,49.91,26.0897,6.77991,12.5299,11.1739,10.4959,9.81791,9.13992,8.46193,7.98733,7.78394,7.10595,6.42796,5.74997,0.0708116,0.0611686,10.7591,6.99149,0.209176,0.5585,12.1067,10.7084,10.0093,9.31012,8.61097,7.91182,7.42241,7.21267,6.51352,5.81437,5.11522,15.6403,True,25,4633.03,O-L3-1-42
58,CG6-0313,2026-01-16,3,26,field,CG6-0313|2026-01-16|L3|S26,2026-01-16 13:44:09,2026-01-16 13:45:09,2026-01-16 13:44:39.000,2,2,9319.72,0.0182021,0.00910107,0.00910107,24.7816,34.8464,272.8,0,,,True,,1,day1,MATCHED,D1:wor:3-26,3-26,3-26,results.zip/day1.xlsx,workbook,14.9538,177.766,3-27,True,24.7815,34.8463,278.279,0.22,0,278.279,0.15,12.2856,265.993,268.28,-2.28675,8836.86,31864.6,False,9344.55,0.0535884,INTERPOLATED,31,64,-24.8347,0.0543557,0,True,1.01189,-25.13,166.104,-0.360183,51.2707,26.5009,6.96476,12.5713,11.1784,10.4819,9.78543,9.08896,8.39248,7.90495,7.69601,6.99953,6.30305,5.60658,0.0713954,0.0618435,10.9493,7.18174,0.20378,0.544092,12.1374,10.701,9.98286,9.26469,8.54651,7.82834,7.32562,7.11017,6.39199,5.67382,4.95565,15.8506,True,26,4843.36,O-L3-1-42
59,CG6-0313,2026-01-16,3,27,field,CG6-0313|2026-01-16|L3|S27,2026-01-16 13:48:29,2026-01-16 13:49:29,2026-01-16 13:48:59.000,2,2,9318.88,0.0287754,0.0143877,0.0143877,24.782,34.8447,275.3,0,,,True,,1,day1,MATCHED,D1:wor:3-27,3-27,3-27,results.zip/day1.xlsx,workbook,5.09516,171.112,3-26,True,24.782,34.8447,282.075,0.262,0,282.075,0.15,12.2921,269.783,270.061,-0.27832,9004.95,31833.7,False,9344.55,0.0536057,INTERPOLATED,31,64,-25.6732,0.0555029,0,True,1.01189,-25.9785,169.894,-0.326861,52.4404,26.7887,7.12365,12.5414,11.1167,10.4043,9.69195,8.97958,8.26721,7.76856,7.55485,6.84248,6.13012,5.41775,0.0722727,0.0628542,11.1061,7.33851,0.205903,0.54976,12.1117,10.644,9.91015,9.1763,8.44244,7.70859,7.1949,6.97474,6.24089,5.50704,4.77319,15.9853,True,27,5013.68,O-L3-1-42
60,CG6-0313,2026-01-16,3,28,field,CG6-0313|2026-01-16|L3|S28,2026-01-16 13:52:27,2026-01-16 13:53:27,2026-01-16 13:52:57.000,2,2,9317.83,0.0380453,0.0190227,0.0190227,24.7824,34.8427,262.8,0,,,True,,1,day1,MATCHED,D1:wor:3-28,3-28,3-28,results.zip/day1.xlsx,workbook,3.22933,190.61,3-29,True,24.7825,34.8427,287.031,0.457,0,287.031,0.15,12.3004,274.731,275.269,-0.538738,9206.22,31811.7,False,9344.55,0.053622,INTERPOLATED,31,64,-26.7224,0.0568963,0,True,1.01189,-27.0402,174.842,-0.295093,53.9675,27.2223,7.33111,12.5601,11.0939,10.3608,9.62766,8.89455,8.16144,7.64826,7.42833,6.69522,5.96211,5.229,0.0733481,0.0640879,11.3037,7.53607,0.215801,0.576188,12.1502,10.643,9.88937,9.13577,8.38216,7.62855,7.10103,6.87495,6.12134,5.36773,4.61413,16.163,True,28,5225.43,O-L3-1-42
61,CG6-0313,2026-01-16,3,29,field,CG6-0313|2026-01-16|L3|S29,2026-01-16 13:57:13,2026-01-16 13:58:13,2026-01-16 13:57:43.000,2,2,9317.07,0.0738294,0.0369147,0.0369147,24.7833,34.8411,271.7,0,,TWO_READINGS_DIFFER,True,,1,day1,MATCHED,D1:wor:3-29,3-29,3-29,results.zip/day1.xlsx,workbook,2.35648,185.355,3-28,True,24.7833,34.8411,291.284,0.32,0,291.284,0.15,12.3067,278.977,279.746,-0.768584,9360.01,31728.6,False,9344.55,0.0536424,INTERPOLATED,31,64,-27.4793,0.0651169,0,True,1.01189,-27.8061,179.088,-0.233501,55.2782,27.7056,7.50918,12.6873,11.1854,10.4345,9.6836,8.93268,8.18177,7.65612,7.43085,6.67993,5.92901,5.1781,0.0798935,0.0714862,11.4799,7.71234,0.217592,0.58097,12.2809,10.7385,9.96724,9.196,8.42477,7.65354,7.11367,6.8823,6.11107,5.33983,4.5686,16.2821,True,29,5412.89,O-L3-1-42
62,CG6-0313,2026-01-16,3,30,field,CG6-0313|2026-01-16|L3|S30,2026-01-16 14:01:51,2026-01-16 14:02:51,2026-01-16 14:02:21.000,2,2,9316.02,0.000895374,0.000447687,0.00186011,24.7839,34.8393,278.55,0,,,True,,1,day1,MATCHED,D1:wor:3-30,3-30,3-30,results.zip/day1.xlsx,workbook,3.41072,191.718,3-29,True,24.784,34.8393,295.511,0.365,0,295.511,0.15,12.314,283.197,286.082,-2.88547,9539.54,31683.9,False,9344.55,0.0536631,INTERPOLATED,31,64,-28.5338,0.0536953,0,True,1.01189,-28.8731,183.308,-0.192148,56.5806,27.8996,7.6861,12.5274,10.9902,10.2216,9.45299,8.68438,7.91577,7.37774,7.14716,6.37855,5.60994,4.84133,0.0708939,0.0612638,11.6406,7.873,0.233859,0.624403,12.1536,10.579,9.79173,9.00443,8.21713,7.42983,6.87872,6.64253,5.85523,5.06793,4.28063,16.4357,True,30,5607.91,O-L3-1-42
63,CG6-0313,2026-01-16,3,31,field,CG6-0313|2026-01-16|L3|S31,2026-01-16 14:09:52,2026-01-16 14:10:52,2026-01-16 14:10:22.000,2,2,9314.15,0.0132612,0.00663059,0.00663059,24.7852,34.8374,290,0.66717,,,True,,1,day1,MATCHED,D1:wor:3-31,3-31,3-31,results.zip/day1.xlsx,workbook,5.49026,234.072,3-30,True,24.7851,34.8373,304.808,0.334,0,304.808,0.15,12.3218,292.486,294.331,-1.8451,9730.54,31573.9,False,9344.55,0.0537005,INTERPOLATED,31,64,-30.3973,0.0541083,0,True,1.01189,-30.7588,192.597,-0.111239,59.4477,28.8002,8.0756,12.6489,11.0338,10.2263,9.41871,8.61115,7.80359,7.23829,6.99603,6.18847,5.38091,4.57335,0.0712072,0.0616262,12.0686,8.30103,0.195326,0.52152,12.1981,10.5379,9.70778,8.87767,8.04757,7.21747,6.63639,6.38736,5.55726,4.72716,3.89705,16.5823,True,31,5842.58,O-L3-1-42
68,CG6-0313,2026-01-17,3,32,field,CG6-0313|2026-01-17|L3|S32,2026-01-17 09:53:47,2026-01-17 09:53:47,2026-01-17 09:53:47.000,1,1,9315.31,,,0.003,24.7861,34.8354,278.6,0,,,True,SINGLE_READING;,2,day2,MATCHED,D2:wor:32,32,32,results.zip/day2.xlsx,workbook,6.25245,177.393,33,True,24.786,34.8354,295.647,,0,295.647,0.15,12.3297,283.317,286.472,-3.15501,9934.04,31502.3,False,9344.15,0.0536679,INTERPOLATED,67,79,-28.8414,0.0537517,0,True,1.01189,-29.1844,183.428,-0.0491341,56.6178,27.4825,7.69115,12.1002,10.562,9.79287,9.02375,8.25464,7.48552,6.94714,6.71641,5.94729,5.17818,4.40906,0.0709367,0.0613133,11.6266,7.85898,0.252929,0.675319,11.7646,10.1928,9.40687,8.62097,7.83507,7.04917,6.49904,6.26327,5.47737,4.69148,3.90558,16.7406,True,32,6062.71,O-L3-1-42
69,CG6-0313,2026-01-17,3,33,field,CG6-0313|2026-01-17|L3|S33,2026-01-17 10:08:31,2026-01-17 10:08:31,2026-01-17 10:08:31.000,1,1,9316.5,,,0.0026,24.7875,34.8346,271.8,0,,,True,SINGLE_READING;,2,day2,MATCHED,D2:wor:33,33,33,results.zip/day2.xlsx,workbook,4.30867,186.925,32,True,24.7875,34.8346,290.21,,0,290.21,0.15,12.3329,277.877,279.16,-1.28274,10014.9,31352.2,False,9344.14,0.0535728,INTERPOLATED,67,79,-27.6487,0.0536358,0,True,1.01189,-27.9775,177.988,0.0508148,54.9386,26.9103,7.46304,11.9842,10.4916,9.74531,8.999,8.2527,7.50639,6.98398,6.76009,6.01378,5.26748,4.52117,0.0708489,0.0612118,11.4134,7.64582,0.23798,0.635408,11.6187,10.0895,9.32492,8.56034,7.79576,7.03117,6.49597,6.26659,5.50201,4.73743,3.97284,16.7767,True,33,6245.37,O-L3-1-42
70,CG6-0313,2026-01-17,3,34,field,CG6-0313|2026-01-17|L3|S34,2026-01-17 10:14:48,2026-01-17 10:14:48,2026-01-17 10:14:48.000,1,1,9317.5,,,0.0019,24.7892,34.8335,266.8,0,,,True,SINGLE_READING;,2,day2,MATCHED,D2:wor:34,34,34,results.zip/day2.xlsx,workbook,10.8414,179.768,35,True,24.7891,34.8336,285.533,,0,285.533,0.15,12.3367,273.196,274.023,-0.826325,10121.3,31187.1,False,9344.14,0.0535442,INTERPOLATED,67,79,-26.6435,0.0535779,0,True,1.01189,-26.9604,173.307,0.15948,53.4939,26.3741,7.26678,11.8405,10.3872,9.66048,8.9338,8.20712,7.48045,6.97177,6.75377,6.02709,5.30041,4.57373,0.0708051,0.061161,11.2538,7.48626,0.201276,0.537406,11.4016,9.9043,9.15567,8.40705,7.65842,6.90979,6.38576,6.16117,5.41254,4.66392,3.91529,16.8252,True,34,6447.47,O-L3-1-42
71,CG6-0313,2026-01-17,3,35,field,CG6-0313|2026-01-17|L3|S35,2026-01-17 10:18:12,2026-01-17 10:18:12,2026-01-17 10:18:12.000,1,1,9318.56,,,0.0029,24.7908,34.8335,262.7,0,,,True,SINGLE_READING;,2,day2,MATCHED,D2:wor:35,35,35,results.zip/day2.xlsx,workbook,7.61145,175.396,36,True,24.7908,34.8334,280.582,,0,280.582,0.15,12.3369,268.245,269.226,-0.981238,10134.8,31003,False,9344.14,0.0535318,INTERPOLATED,67,79,-25.5852,0.0536103,0,True,1.01189,-25.8895,168.356,0.276351,51.9657,25.7999,7.05918,11.6815,10.2697,9.56375,8.85784,8.15192,7.446,6.95186,6.74008,6.03417,5.32825,4.62233,0.0708296,0.0611894,11.0404,7.27281,0.207124,0.553021,11.2542,9.79968,9.0724,8.34512,7.61784,6.89056,6.38146,6.16327,5.43599,4.70871,3.98143,16.7893,True,35,6637.09,O-L3-1-42
72,CG6-0313,2026-01-17,3,36,field,CG6-0313|2026-01-17|L3|S36,2026-01-17 10:21:24,2026-01-17 10:21:24,2026-01-17 10:21:24.000,1,1,9319.68,,,0.002,24.7913,34.8351,262,0,,,True,SINGLE_READING;,2,day2,MATCHED,D2:wor:36,36,36,results.zip/day2.xlsx,workbook,5.82726,104.432,37,True,24.7913,34.8351,274.815,,0,274.815,0.15,12.3297,262.485,265.659,-3.17351,9968.27,30922.9,False,9344.14,0.053522,INTERPOLATED,67,79,-24.4641,0.0535594,0,True,1.01189,-24.755,162.596,0.312617,50.1879,25.1203,6.81767,11.485,10.1214,9.43965,8.75788,8.07612,7.39435,6.91711,6.71258,6.03082,5.34905,4.66729,0.070791,0.0611448,10.7468,6.97921,0.259211,0.692093,11.1619,9.76602,9.0681,8.37017,7.67225,6.97433,6.48579,6.27641,5.57849,4.88057,4.18265,16.6106,True,36,6816.25,O-L3-1-42
73,CG6-0313,2026-01-17,3,37,field,CG6-0313|2026-01-17|L3|S37,2026-01-17 10:24:48,2026-01-17 10:24:48,2026-01-17 10:24:48.000,1,1,9320.2,,,0.0025,24.7919,34.836,251.6,0,,,True,SINGLE_READING;,2,day2,MATCHED,D2:wor:37,37,37,results.zip/day2.xlsx,workbook,8.67402,114.422,36,True,24.7919,34.836,272.922,,0,272.922,0.15,12.3258,260.596,264.71,-4.11369,9883.29,30846.6,False,9344.14,0.0535137,INTERPOLATED,67,79,-23.9445,0.053572,0,True,1.01189,-24.2292,160.707,0.350712,49.6048,25.0249,6.73846,11.548,10.2003,9.52643,8.85259,8.17874,7.5049,7.0332,6.83105,6.1572,5.48336,4.80951,0.0708006,0.0611559,10.6543,6.88673,0.272481,0.727524,11.2514,9.87407,9.1854,8.49672,7.80805,7.11938,6.63731,6.4307,5.74203,5.05336,4.36468,16.5082,True,37,6925.13,O-L3-1-42
74,CG6-0313,2026-01-17,3,38,field,CG6-0313|2026-01-17|L3|S38,2026-01-17 10:27:59,2026-01-17 10:27:59,2026-01-17 10:27:59.000,1,1,9321.76,,,0.0018,24.7918,34.8373,248.9,0,,,True,SINGLE_READING;,2,day2,MATCHED,D2:wor:38,38,38,results.zip/day2.xlsx,workbook,6.18939,131.976,37,True,24.7917,34.8373,265.681,,0,265.681,0.15,12.3205,253.361,256.211,-2.85075,9751.34,30845.2,False,9344.14,0.0535078,INTERPOLATED,67,79,-22.3761,0.0535381,0,True,1.01189,-22.6422,153.472,0.342818,47.3715,24.3865,6.43506,11.5163,10.2293,9.58583,8.94232,8.29882,7.65531,7.20486,7.0118,6.3683,5.72479,5.08128,0.0707749,0.0611261,10.3282,6.56062,0.295197,0.788175,11.2652,9.9531,9.29704,8.64098,7.98492,7.32885,6.86961,6.67279,6.01673,5.36067,4.7046,16.3873,True,38,7053.99,O-L3-1-42
75,CG6-0313,2026-01-17,3,39,field,CG6-0313|2026-01-17|L3|S39,2026-01-17 10:31:05,2026-01-17 10:31:05,2026-01-17 10:31:05.000,1,1,9322.67,,,0.002,24.7931,34.8382,246.9,0,,,True,SINGLE_READING;,2,day2,MATCHED,D2:wor:39,39,39,results.zip/day2.xlsx,workbook,8.72935,112.902,40,True,24.793,34.8382,261.215,,0,261.215,0.15,12.3162,248.899,252.398,-3.49875,9672.97,30686.1,False,9344.14,0.0535038,INTERPOLATED,67,79,-21.4731,0.0535412,0,True,1.01189,-21.7284,149.01,0.43284,45.9944,23.8331,6.24798,11.3371,10.0875,9.46273,8.83794,8.21314,7.58834,7.15098,6.96354,6.33874,5.71394,5.08915,0.0707773,0.0611288,10.1284,6.36081,0.30793,0.822174,11.1115,9.83931,9.20323,8.56715,7.93107,7.29499,6.84973,6.65891,6.02283,5.38675,4.75067,16.2647,True,39,7224.74,O-L3-1-42
76,CG6-0313,2026-01-17,3,40,field,CG6-0313|2026-01-17|L3|S40,2026-01-17 10:35:20,2026-01-17 10:35:20,2026-01-17 10:35:20.000,1,1,9323.32,,,0.0026,24.7942,34.8383,239.9,0,,,True,SINGLE_READING;,2,day2,MATCHED,D2:wor:40,40,40,results.zip/day2.xlsx,workbook,9.12545,130.539,39,True,24.7941,34.8383,258.124,,0,258.124,0.15,12.3153,245.809,246.684,-0.875201,9671.83,30564.2,False,9344.14,0.0535013,INTERPOLATED,67,79,-20.8189,0.0535644,0,True,1.01189,-21.0665,145.92,0.507494,45.0406,23.4666,6.11842,11.2298,10.0061,9.39426,8.78242,8.17058,7.55874,7.13045,6.9469,6.33506,5.72321,5.11137,0.0707948,0.0611492,10.0205,6.25292,0.286257,0.764305,10.9608,9.7102,9.08491,8.45962,7.83433,7.20904,6.77133,6.58375,5.95845,5.33316,4.70787,16.2235,True,40,7346.16,O-L3-1-42
77,CG6-0313,2026-01-17,3,41,field,CG6-0313|2026-01-17|L3|S41,2026-01-17 10:38:23,2026-01-17 10:38:23,2026-01-17 10:38:23.000,1,1,9324.12,,,0.002,24.7955,34.8384,234.2,0,,,True,SINGLE_READING;,2,day2,MATCHED,D2:wor:41,41,41,results.zip/day2.xlsx,workbook,7.68171,151.313,40,True,24.7954,34.8384,252.625,,0,252.625,0.15,12.3143,240.311,243.63,-3.31973,9675.45,30422.3,False,9344.14,0.0535015,INTERPOLATED,67,79,-20.0198,0.0535388,0,True,1.01189,-20.2579,140.422,0.59602,43.3436,22.4897,5.88789,10.7139,9.53633,8.94754,8.35875,7.76996,7.18118,6.76902,6.59239,6.0036,5.41481,4.82602,0.0707755,0.0611268,9.68015,5.91256,0.396078,1.05753,10.6645,9.48204,8.89078,8.29952,7.70827,7.11701,6.70313,6.52576,5.9345,5.34324,4.75199,16.1793,True,41,7489.81,O-L3-1-42
78,CG6-0313,2026-01-17,3,42,field,CG6-0313|2026-01-17|L3|S42,2026-01-17 10:41:40,2026-01-17 10:41:40,2026-01-17 10:41:40.000,1,1,9325.28,,,0.0053,24.797,34.8372,225.2,0,,,True,SINGLE_READING;,2,day2,MATCHED,D2:wor:42,42,42,results.zip/day2.xlsx,workbook,4.46286,104.285,1-105,True,24.797,34.8372,247.612,,0,247.612,0.15,12.3186,235.293,235.884,-0.591135,9811.85,30268.5,False,9344.14,0.0535036,INTERPOLATED,67,79,-18.8511,0.0537654,0,True,1.01189,-19.0753,135.404,0.703638,41.7949,22.016,5.67751,10.661,9.52551,8.95776,8.39001,7.82225,7.2545,6.85708,6.68675,6.119,5.55125,4.9835,0.0709471,0.0613253,9.57674,5.80915,0.289115,0.771936,10.3977,9.23589,8.65498,8.07406,7.49315,6.91223,6.50559,6.33132,5.7504,5.16949,4.58857,16.2558,True,42,7700.59,O-L3-1-42
80,CG6-0313,2026-01-17,4,1,field,CG6-0313|2026-01-17|L4|S1,2026-01-17 11:50:09,2026-01-17 11:50:09,2026-01-17 11:50:09.000,1,1,9330.5,,,0.0021,24.7745,34.8764,209.1,0,,,True,SINGLE_READING;,2,day2,MATCHED,D2:wor:1,1,1,results.zip/day2.xlsx,workbook,5.36069,242.944,2,True,24.7745,34.8764,216.125,,0,216.125,0.15,12.1638,203.961,204.11,-0.149237,5945.35,32492.9,False,9344.14,0.0535174,INTERPOLATED,79,110,-13.6468,0.0535586,0,True,1.01189,-13.8091,104.072,-0.841536,32.124,19.1564,4.36375,10.4289,9.55614,9.11976,8.68339,8.24701,7.81064,7.50517,7.37426,6.93789,6.50151,6.06514,0.0707905,0.0611441,8.23007,4.46249,0.32202,0.859793,10.2314,9.33891,8.89267,8.44642,8.00017,7.55392,7.24154,7.10767,6.66142,6.21517,5.76892,13.3582,True,1,0,O-L4-1-50
81,CG6-0313,2026-01-17,4,2,field,CG6-0313|2026-01-17|L4|S2,2026-01-17 11:54:49,2026-01-17 11:54:49,2026-01-17 11:54:49.000,1,1,9330.13,,,0.0017,24.7735,34.8743,202.1,0,,,True,SINGLE_READING;,2,day2,MATCHED,D2:wor:2,2,2,results.zip/day2.xlsx,workbook,3.91456,182.342,3,True,24.7735,34.8743,219.099,,0,219.099,0.15,12.1737,206.925,208.04,-1.11498,6178.04,32612.2,False,9344.15,0.0535014,INTERPOLATED,79,110,-14.0174,0.0535284,0,True,1.01189,-14.1841,107.036,-0.909341,33.0389,19.7641,4.48803,10.788,9.89043,9.44162,8.99282,8.54402,8.09521,7.78105,7.64641,7.19761,6.7488,6.3,0.0707676,0.0611176,8.39493,4.62734,0.28145,0.751473,10.5094,9.58395,9.12122,8.65848,8.19575,7.73302,7.4091,7.27028,6.80755,6.34481,5.88208,13.5986,True,2,240.369,O-L4-1-50
82,CG6-0313,2026-01-17,4,3,field,CG6-0313|2026-01-17|L4|S3,2026-01-17 11:58:53,2026-01-17 11:58:53,2026-01-17 11:58:53.000,1,1,9329.47,,,0.0049,24.7741,34.8726,201,0,,,True,SINGLE_READING;,2,day2,MATCHED,D2:wor:3,3,3,results.zip/day2.xlsx,workbook,13.9258,177.462,4,True,24.7739,34.8726,222.064,,0,222.064,0.15,12.1805,209.884,211.673,-1.78912,6332.02,32550.8,False,9344.15,0.0534879,INTERPOLATED,79,110,-14.6748,0.0537119,0,True,1.01189,-14.8493,109.995,-0.880179,33.952,19.9828,4.61207,10.7587,9.83628,9.37508,8.91387,8.45266,7.99145,7.66861,7.53025,7.06904,6.60783,6.14663,0.0709065,0.0612784,8.49321,4.72562,0.307205,0.820238,10.5316,9.58647,9.11391,8.64135,8.16878,7.69622,7.36543,7.22366,6.7511,6.27853,5.80597,13.7313,True,3,419.201,O-L4-1-50
83,CG6-0313,2026-01-17,4,4,field,CG6-0313|2026-01-17|L4|S4,2026-01-17 12:02:31,2026-01-17 12:02:31,2026-01-17 12:02:31.000,1,1,9328.95,,,0.0035,24.7742,34.8709,214.3,0,,,True,SINGLE_READING;,2,day2,MATCHED,D2:wor:4,4,4,results.zip/day2.xlsx,workbook,2.60639,177.633,3,True,24.7742,34.8709,224.901,,0,224.901,0.15,12.1874,212.714,212.69,0.0236028,6501.42,32538.2,False,9344.15,0.0534763,INTERPOLATED,79,110,-15.1996,0.0535907,0,True,1.01189,-15.3804,112.825,-0.863454,34.8255,20.3086,4.73074,10.8471,9.90096,9.42789,8.95482,8.48174,8.00867,7.67752,7.53559,7.06252,6.58945,6.11637,0.0708147,0.0611722,8.67383,4.90625,0.245248,0.654813,10.4961,9.51484,9.02422,8.53359,8.04297,7.55235,7.20891,7.06172,6.5711,6.08047,5.58985,13.8762,True,4,596.197,O-L4-1-50
84,CG6-0313,2026-01-17,4,5,field,CG6-0313|2026-01-17|L4|S5,2026-01-17 12:06:47,2026-01-17 12:06:47,2026-01-17 12:06:47.000,1,1,9328.28,,,0.0027,24.7723,34.8676,208.9,0,,,True,SINGLE_READING;,2,day2,MATCHED,D2:wor:5,5,5,results.zip/day2.xlsx,workbook,6.60376,195.609,6,True,24.7723,34.8676,229.707,,0,229.707,0.15,12.2016,217.505,218.256,-0.750363,6868.56,32753,False,9344.15,0.0534631,INTERPOLATED,79,110,-15.8705,0.0535313,0,True,1.01189,-16.0592,117.616,-0.993392,36.3046,21.2387,4.93166,11.3754,10.3891,9.89592,9.40276,8.90959,8.41643,8.07121,7.92326,7.4301,6.93693,6.44377,0.0707698,0.0611201,8.83589,5.0683,0.284109,0.758572,11.1021,10.0885,9.58164,9.0748,8.56797,8.06114,7.70636,7.55431,7.04748,6.54065,6.03382,14.2647,True,5,987.096,O-L4-1-50
85,CG6-0313,2026-01-17,4,6,field,CG6-0313|2026-01-17|L4|S6,2026-01-17 12:09:59,2026-01-17 12:09:59,2026-01-17 12:09:59.000,1,1,9328.02,,,0.0031,24.7722,34.8657,223.6,0,,,True,SINGLE_READING;,2,day2,MATCHED,D2:wor:6,6,6,results.zip/day2.xlsx,workbook,7.75273,178.893,7,True,24.7722,34.8657,233.329,,0,233.329,0.15,12.2095,221.119,221.576,-0.456285,7058.86,32772,False,9344.16,0.0534536,INTERPOLATED,79,110,-16.135,0.0535434,0,True,1.01189,-16.3269,121.231,-1.00164,37.4201,22.0948,5.0832,11.9284,10.9118,10.4035,9.89514,9.38682,8.8785,8.52267,8.37018,7.86186,7.35354,6.84522,0.070779,0.0611308,9.01877,5.25118,0.252771,0.674899,11.5924,10.5422,10.0171,9.49197,8.96685,8.44173,8.07415,7.91661,7.3915,6.86638,6.34126,14.4453,True,6,1182.15,O-L4-1-50
86,CG6-0313,2026-01-17,4,7,field,CG6-0313|2026-01-17|L4|S7,2026-01-17 12:13:22,2026-01-17 12:13:22,2026-01-17 12:13:22.000,1,1,9327.73,,,0.0026,24.771,34.8646,223.1,0,,,True,SINGLE_READING;,2,day2,MATCHED,D2:wor:7,7,7,results.zip/day2.xlsx,workbook,3.69071,169.271,6,True,24.7709,34.8646,236.072,,0,236.072,0.15,12.2143,223.858,224.532,-0.674208,7196,32916.2,False,9344.16,0.0534439,INTERPOLATED,79,110,-16.4286,0.0535071,0,True,1.01189,-16.6239,123.969,-1.08584,38.2653,22.7272,5.19801,12.3312,11.2916,10.7717,10.2519,9.73215,9.21235,8.84849,8.69255,8.17274,7.65294,7.13314,0.0707515,0.061099,9.12463,5.35705,0.261722,0.698797,12.0131,10.9417,10.406,9.87026,9.33456,8.79885,8.42386,8.26315,7.72745,7.19174,6.65604,14.599,True,7,1353.87,O-L4-1-50
87,CG6-0313,2026-01-17,4,8,field,CG6-0313|2026-01-17|L4|S8,2026-01-17 12:16:54,2026-01-17 12:16:54,2026-01-17 12:16:54.000,1,1,9327.08,,,0.0025,24.7693,34.864,234,0,,,True,SINGLE_READING;,2,day2,MATCHED,D2:wor:8,8,8,results.zip/day2.xlsx,workbook,9.14863,193.037,7,True,24.7693,34.8639,238.767,,0,238.767,0.15,12.218,226.549,226.258,0.290899,7308.17,33103.1,False,9344.16,0.0534341,INTERPOLATED,79,110,-17.0767,0.0534926,0,True,1.01189,-17.2798,126.66,-1.20041,39.0959,23.0165,5.31085,12.3948,11.3327,10.8016,10.2705,9.7394,9.20831,8.83655,8.67723,8.14614,7.61506,7.08397,0.0707405,0.0610863,9.17202,5.40443,0.32718,0.87357,12.2077,11.1268,10.5863,10.0459,9.50546,8.96501,8.5867,8.42457,7.88413,7.34368,6.80324,14.7497,True,8,1554.29,O-L4-1-50
88,CG6-0313,2026-01-17,4,9,field,CG6-0313|2026-01-17|L4|S9,2026-01-17 12:20:34,2026-01-17 12:20:34,2026-01-17 12:20:34.000,1,1,9326.31,,,0.0022,24.7676,34.8633,225,0,,,True,SINGLE_READING;,2,day2,MATCHED,D2:wor:9,9,9,results.zip/day2.xlsx,workbook,4.69535,168.697,10,True,24.7676,34.8633,241.144,,0,241.144,0.15,12.2212,228.923,229.194,-0.271329,7424.93,33297.8,False,9344.16,0.0534244,INTERPOLATED,79,110,-17.8538,0.0534697,0,True,1.01189,-18.0662,129.034,-1.3179,39.8286,23.0804,5.41039,12.2596,11.1775,10.6365,10.0955,9.55442,9.01338,8.63465,8.47234,7.9313,7.39026,6.84923,0.0707232,0.0610662,9.20488,5.43729,0.393852,1.05158,12.2058,11.1183,10.5746,10.0309,9.48716,8.94343,8.56282,8.3997,7.85597,7.31224,6.76851,14.8916,True,9,1754.44,O-L4-1-50
89,CG6-0313,2026-01-17,4,10,field,CG6-0313|2026-01-17|L4|S10,2026-01-17 12:24:02,2026-01-17 12:24:02,2026-01-17 12:24:02.000,1,1,9325.46,,,0.0023,24.7663,34.8625,220,0,,,True,SINGLE_READING;,2,day2,MATCHED,D2:wor:10,10,10,results.zip/day2.xlsx,workbook,9.5439,154.881,9,True,24.7663,34.8625,244.583,,0,244.583,0.15,12.2249,232.358,232.798,-0.439793,7541.09,33439.6,False,9344.16,0.0534155,INTERPOLATED,79,110,-18.7032,0.053465,0,True,1.01189,-18.9256,132.469,-1.40699,40.889,23.3703,5.55443,12.2615,11.1506,10.5951,10.0397,9.48426,8.92882,8.54001,8.37337,7.81793,7.26249,6.70705,0.0707197,0.0610621,9.35513,5.58754,0.387644,1.03501,12.1953,11.0777,10.519,9.96023,9.40148,8.84273,8.4516,8.28397,7.72522,7.16646,6.60771,15.028,True,10,1918.76,O-L4-1-50
90,CG6-0313,2026-01-17,4,11,field,CG6-0313|2026-01-17|L4|S11,2026-01-17 12:27:36,2026-01-17 12:27:36,2026-01-17 12:27:36.000,1,1,9324.55,,,0.0051,24.7647,34.8635,227,0,,,True,SINGLE_READING;,2,day2,MATCHED,D2:wor:11,11,11,results.zip/day2.xlsx,workbook,14.5,173.624,12,True,24.7646,34.8634,246.772,,0,246.772,0.15,12.2221,234.55,236.274,-1.72421,7508.01,33615.5,False,9344.16,0.0534068,INTERPOLATED,79,110,-19.6121,0.0536498,0,True,1.01189,-19.8453,134.661,-1.51923,41.5655,23.2394,5.64633,11.9468,10.8175,10.2529,9.68824,9.1236,8.55897,8.16373,7.99434,7.4297,6.86507,6.30044,0.0708594,0.0612239,9.35411,5.58653,0.480562,1.2831,12.0664,10.9491,10.3904,9.83177,9.27312,8.71446,8.32341,8.15581,7.59716,7.03851,6.47985,15.0361,True,11,2120.59,O-L4-1-50
91,CG6-0313,2026-01-17,4,12,field,CG6-0313|2026-01-17|L4|S12,2026-01-17 12:31:22,2026-01-17 12:31:22,2026-01-17 12:31:22.000,1,1,9323.97,,,0.0019,24.7633,34.8632,212.3,0,,,True,SINGLE_READING;,2,day2,MATCHED,D2:wor:12,12,12,results.zip/day2.xlsx,workbook,9.73224,152.614,11,True,24.7632,34.8631,249.541,,0,249.541,0.15,12.2238,237.317,238.649,-1.33153,7591.25,33778.3,False,9344.17,0.053398,INTERPOLATED,79,110,-20.1992,0.0534318,0,True,1.01189,-20.4394,137.428,-1.61762,42.4197,23.5979,5.76237,12.0731,10.9207,10.3444,9.76819,9.19196,8.61572,8.21235,8.03948,7.46324,6.88701,6.31077,0.0706946,0.061033,9.53388,5.7663,0.416827,1.11293,12.0653,10.912,10.3354,9.75876,9.18213,8.6055,8.20186,8.02887,7.45224,6.87561,6.29898,15.1354,True,12,2282.05,O-L4-1-50
92,CG6-0313,2026-01-17,4,13,field,CG6-0313|2026-01-17|L4|S13,2026-01-17 12:35:13,2026-01-17 12:35:13,2026-01-17 12:35:13.000,1,1,9323.71,,,0.003,24.7642,34.8617,223.8,0,,,True,SINGLE_READING;,2,day2,MATCHED,D2:wor:13,13,13,results.zip/day2.xlsx,workbook,14.1825,176.237,11,True,24.7641,34.8616,253.513,,0,253.513,0.15,12.2292,241.284,241.688,-0.404341,7696.45,33676.6,False,9344.17,0.0533895,INTERPOLATED,79,110,-20.4613,0.0534737,0,True,1.01189,-20.7046,141.395,-1.55413,43.644,24.4935,5.92868,12.6361,11.4504,10.8575,10.2646,9.67177,9.0789,8.66389,8.48603,7.89316,7.3003,6.70743,0.0707262,0.0610697,9.8525,6.08492,0.264524,0.70628,12.3236,11.1067,10.4982,9.88968,9.28119,8.6727,8.24675,8.0642,7.45571,6.84722,6.23873,15.2156,True,13,2461.78,O-L4-1-50
93,CG6-0313,2026-01-17,4,14,field,CG6-0313|2026-01-17|L4|S14,2026-01-17 12:38:35,2026-01-17 12:38:35,2026-01-17 12:38:35.000,1,1,9322.57,,,0.0027,24.7626,34.8606,244.3,0,,,True,SINGLE_READING;,2,day2,MATCHED,D2:wor:14,14,14,results.zip/day2.xlsx,workbook,9.0018,198.908,13,True,24.7626,34.8605,256.048,,0,256.048,0.15,12.2343,243.814,243.796,0.017318,7862.41,33861.7,False,9344.17,0.0533823,INTERPOLATED,79,110,-21.6018,0.0534506,0,True,1.01189,-21.8587,143.925,-1.66191,44.4248,24.2281,6.03476,12.1586,10.9516,10.3481,9.74467,9.14119,8.53771,8.11528,7.93424,7.33076,6.72728,6.12381,0.0707088,0.0610495,9.95098,6.18339,0.272131,0.726589,11.8613,10.6246,10.0063,9.38796,8.76962,8.15129,7.71845,7.53295,6.91461,6.29627,5.67793,15.397,True,14,2669.02,O-L4-1-50
94,CG6-0313,2026-01-17,4,15,field,CG6-0313|2026-01-17|L4|S15,2026-01-17 12:42:05,2026-01-17 12:42:05,2026-01-17 12:42:05.000,1,1,9321.56,,,0.0027,24.7614,34.8592,242.5,0,,,True,SINGLE_READING;,2,day2,MATCHED,D2:wor:15,15,15,results.zip/day2.xlsx,workbook,9.3817,166.247,16,True,24.7613,34.8592,258.911,,0,258.911,0.15,12.2401,246.671,247.502,-0.830899,8035.6,34008.6,False,9344.17,0.0533753,INTERPOLATED,79,110,-22.6098,0.0534436,0,True,1.01189,-22.8787,146.782,-1.74871,45.3068,24.1767,6.15457,11.8676,10.6367,10.0212,9.40577,8.79031,8.17486,7.74404,7.5594,6.94394,6.32849,5.71303,0.0707034,0.0610433,10.0778,6.31021,0.265117,0.707861,11.5563,10.2943,9.66325,9.03223,8.40121,7.77019,7.32848,7.13917,6.50815,5.87713,5.24611,15.5807,True,15,2862.05,O-L4-1-50
95,CG6-0313,2026-01-17,4,16,field,CG6-0313|2026-01-17|L4|S16,2026-01-17 12:45:44,2026-01-17 12:45:44,2026-01-17 12:45:44.000,1,1,9321.13,,,0.0019,24.7624,34.858,240.1,0,,,True,SINGLE_READING;,2,day2,MATCHED,D2:wor:16,16,16,results.zip/day2.xlsx,workbook,11.9631,179.06,15,True,24.7623,34.858,262.112,,0,262.112,0.15,12.2446,249.867,250.292,-0.424212,8112.23,33896.1,False,9344.17,0.0533684,INTERPOLATED,79,110,-23.0452,0.0534022,0,True,1.01189,-23.3192,149.978,-1.67636,46.2934,24.6505,6.2886,12.0733,10.8156,10.1867,9.55788,8.92902,8.30016,7.85996,7.6713,7.04244,6.41358,5.78472,0.0706722,0.0610071,10.235,6.46746,0.24189,0.645845,11.7156,10.4221,9.77534,9.1286,8.48185,7.8351,7.38238,7.18836,6.54161,5.89487,5.24812,15.6347,True,16,3033.69,O-L4-1-50
96,CG6-0313,2026-01-17,4,17,field,CG6-0313|2026-01-17|L4|S17,2026-01-17 12:50:50,2026-01-17 12:50:50,2026-01-17 12:50:50.000,1,1,9320.98,,,0.0027,24.7641,34.8572,243.4,0,,,True,SINGLE_READING;,2,day2,MATCHED,D2:wor:17,17,17,results.zip/day2.xlsx,workbook,12.4014,207.082,18,True,24.764,34.8571,264.853,,0,264.853,0.15,12.2473,252.606,253.406,-0.80074,8131.84,33718.7,False,9344.18,0.0533593,INTERPOLATED,79,110,-23.1959,0.0534276,0,True,1.01189,-23.4717,152.717,-1.56363,47.1385,25.2304,6.40341,12.4236,11.1429,10.5026,9.86224,9.2219,8.58155,8.13332,7.94121,7.30087,6.66053,6.02019,0.0706914,0.0610294,10.312,6.54437,0.279794,0.747051,12.1417,10.8328,10.1784,9.52393,8.86949,8.21505,7.75695,7.56061,6.90618,6.25174,5.5973,15.6238,True,17,3234.93,O-L4-1-50
97,CG6-0313,2026-01-17,4,18,field,CG6-0313|2026-01-17|L4|S18,2026-01-17 12:54:23,2026-01-17 12:54:23,2026-01-17 12:54:23.000,1,1,9320.64,,,0.0039,24.7653,34.8556,246.1,0,,,True,SINGLE_READING;,2,day2,MATCHED,D2:wor:18,18,18,results.zip/day2.xlsx,workbook,11.8104,182.307,19,True,24.7652,34.8555,268.197,,0,268.197,0.15,12.2533,255.944,255.626,0.317827,8243.34,33592.3,False,9344.18,0.0533535,INTERPOLATED,79,110,-23.5373,0.0534959,0,True,1.01189,-23.8172,156.055,-1.47849,48.1688,25.8301,6.54338,12.7434,11.4347,10.7803,10.126,9.47167,8.81733,8.35929,8.16299,7.50865,6.85432,6.19998,0.070743,0.0610891,10.5161,6.74854,0.215594,0.575636,12.333,10.9833,10.3085,9.63361,8.95876,8.28391,7.81151,7.60905,6.9342,6.25934,5.58449,15.7042,True,18,3447.13,O-L4-1-50
98,CG6-0313,2026-01-17,4,19,field,CG6-0313|2026-01-17|L4|S19,2026-01-17 13:04:38,2026-01-17 13:04:38,2026-01-17 13:04:38.000,1,1,9320.09,,,0.0029,24.7654,34.8538,257.3,0,,,True,SINGLE_READING;,2,day2,MATCHED,D2:wor:19,19,19,results.zip/day2.xlsx,workbook,11.5513,175.814,18,True,24.7653,34.8538,270.896,,0,270.896,0.15,12.2604,258.636,258.658,-0.0221627,8412.03,33594.3,False,9344.18,0.0533388,INTERPOLATED,79,110,-24.0921,0.0534176,0,True,1.01189,-24.3786,158.747,-1.47224,48.9997,26.0934,6.65625,12.7809,11.4496,10.784,10.1184,9.45275,8.78712,8.32119,8.1215,7.45587,6.79025,6.12463,0.0706838,0.0610206,10.6498,6.88222,0.194784,0.520072,12.3289,10.9525,10.2643,9.57604,8.88782,8.19959,7.71784,7.51137,6.82315,6.13493,5.4467,15.8584,True,19,3625.14,O-L4-1-50
99,CG6-0313,2026-01-17,4,20,field,CG6-0313|2026-01-17|L4|S20,2026-01-17 13:09:41,2026-01-17 13:09:41,2026-01-17 13:09:41.000,1,1,9319.04,,,0.0021,24.7645,34.8523,267.5,0,,,True,SINGLE_READING;,2,day2,MATCHED,D2:wor:20,20,20,results.zip/day2.xlsx,workbook,9.47343,178.641,19,True,24.7644,34.8522,273.486,,0,273.486,0.15,12.2669,261.219,261.168,0.0514057,8591.12,33709.2,False,9344.19,0.0533328,INTERPOLATED,79,110,-25.1447,0.0533741,0,True,1.01189,-25.4437,161.33,-1.53467,49.7971,25.8881,6.76457,12.3589,11.006,10.3296,9.65312,8.97666,8.3002,7.82668,7.62375,6.94729,6.27083,5.59437,0.070651,0.0609825,10.7397,6.97212,0.21321,0.569272,11.9439,10.5494,9.85222,9.15501,8.45779,7.76058,7.27253,7.06337,6.36616,5.66895,4.97173,16.0439,True,20,3811.74,O-L4-1-50
100,CG6-0313,2026-01-17,4,21,field,CG6-0313|2026-01-17|L4|S21,2026-01-17 13:13:29,2026-01-17 13:13:29,2026-01-17 13:13:29.000,1,1,9317.92,,,0.0018,24.7627,34.8518,268.7,0,,,True,SINGLE_READING;,2,day2,MATCHED,D2:wor:21,21,21,results.zip/day2.xlsx,workbook,8.76288,190.315,20,True,24.7627,34.8517,276.509,,0,276.509,0.15,12.2695,264.239,263.834,0.405953,8694.81,33906,False,9344.19,0.0533287,INTERPOLATED,79,110,-26.2716,0.0533591,0,True,1.01189,-26.584,164.351,-1.65269,50.7294,25.7981,6.89122,12.0156,10.6374,9.94826,9.25913,8.57001,7.88089,7.39851,7.19177,6.50265,5.81353,5.1244,0.0706396,0.0609694,10.8581,7.0905,0.22147,0.591325,11.617,10.1989,9.4899,8.78085,8.0718,7.36275,6.86641,6.65369,5.94464,5.23559,4.52654,16.1754,True,21,4009.44,O-L4-1-50
101,CG6-0313,2026-01-17,4,22,field,CG6-0313|2026-01-17|L4|S22,2026-01-17 13:16:43,2026-01-17 13:16:43,2026-01-17 13:16:43.000,1,1,9317.06,,,0.0031,24.761,34.8519,261.9,0,,,True,SINGLE_READING;,2,day2,MATCHED,D2:wor:22,22,22,results.zip/day2.xlsx,workbook,7.64159,138.689,23,True,24.7609,34.8518,278.716,,0,278.716,0.15,12.2697,266.446,267.985,-1.53846,8749.54,34102.4,False,9344.19,0.0533256,INTERPOLATED,79,110,-27.1288,0.0534156,0,True,1.01189,-27.4515,166.557,-1.77492,51.4105,25.734,6.98375,11.7665,10.3697,9.67134,8.97297,8.27459,7.57622,7.08735,6.87784,6.17947,5.48109,4.78272,0.0706824,0.0610189,10.8886,7.12104,0.28347,0.756865,11.4919,10.0677,9.35558,8.64348,7.93137,7.21927,6.7208,6.50717,5.79506,5.08296,4.37086,16.2572,True,22,4207.71,O-L4-1-50
102,CG6-0313,2026-01-17,4,23,field,CG6-0313|2026-01-17|L4|S23,2026-01-17 13:20:09,2026-01-17 13:20:09,2026-01-17 13:20:09.000,1,1,9316.09,,,0.0015,24.76,34.851,261.6,0,,,True,SINGLE_READING;,2,day2,MATCHED,D2:wor:23,23,23,results.zip/day2.xlsx,workbook,3.44165,127.646,22,True,24.76,34.851,281.866,,0,281.866,0.15,12.2732,269.593,270.532,-0.93911,8863.9,34214.6,False,9344.19,0.0533227,INTERPOLATED,79,110,-28.1046,0.0533438,0,True,1.01189,-28.4388,169.704,-1.8382,52.3817,25.7811,7.11568,11.5497,10.1266,9.41504,8.70347,7.99191,7.28034,6.78224,6.56877,5.8572,5.14563,4.43407,0.070628,0.060956,10.9708,7.2032,0.333237,0.889743,11.3747,9.93407,9.21375,8.49343,7.77311,7.05279,6.54856,6.33247,5.61215,4.89183,4.17151,16.3773,True,23,4338.79,O-L4-1-50
103,CG6-0313,2026-01-17,4,24,field,CG6-0313|2026-01-17|L4|S24,2026-01-17 13:23:34,2026-01-17 13:23:34,2026-01-17 13:23:34.000,1,1,9315.65,,,0.002,24.7606,34.8492,265.8,0,,,True,SINGLE_READING;,2,day2,MATCHED,D2:wor:24,24,24,results.zip/day2.xlsx,workbook,5.86192,176.892,25,True,24.7606,34.8492,284.537,,0,284.537,0.15,12.2803,272.257,273.106,-0.848962,9014.05,34161.8,False,9344.19,0.0533201,INTERPOLATED,79,110,-28.5484,0.0533576,0,True,1.01189,-28.8879,172.368,-1.79802,53.2039,26.1141,7.22738,11.6593,10.2138,9.49107,8.76833,8.0456,7.32286,6.81694,6.60012,5.87738,5.15464,4.43191,0.0706385,0.0609681,11.1241,7.35647,0.291665,0.778746,11.4011,9.92981,9.19416,8.45851,7.72287,6.98722,6.47227,6.25157,5.51592,4.78028,4.04463,16.5086,True,24,4532.59,O-L4-1-50
104,CG6-0313,2026-01-17,4,25,field,CG6-0313|2026-01-17|L4|S25,2026-01-17 13:28:42,2026-01-17 13:28:42,2026-01-17 13:28:42.000,1,1,9315,,,0.0027,24.761,34.8475,265.6,0,,,True,SINGLE_READING;,2,day2,MATCHED,D2:wor:25,25,25,results.zip/day2.xlsx,workbook,11.0127,176.775,24,True,24.7609,34.8475,287.808,,0,287.808,0.15,12.2869,275.521,276.186,-0.664558,9163.17,34133.5,False,9344.2,0.0533168,INTERPOLATED,79,110,-29.1928,0.0533852,0,True,1.01189,-29.5399,175.632,-1.77455,54.2115,26.4461,7.36425,11.7176,10.2447,9.5083,8.77187,8.03545,7.29902,6.78352,6.56259,5.82617,5.08974,4.35332,0.0706593,0.0609922,11.2685,7.50094,0.284072,0.758472,11.4442,9.94401,9.19392,8.44383,7.69373,6.94364,6.41857,6.19354,5.44345,4.69336,3.94326,16.6441,True,25,4708.78,O-L4-1-50
105,CG6-0313,2026-01-17,4,26,field,CG6-0313|2026-01-17|L4|S26,2026-01-17 13:33:19,2026-01-17 13:33:19,2026-01-17 13:33:19.000,1,1,9313.92,,,0.002,24.7595,34.8468,281.1,0,,,True,SINGLE_READING;,2,day2,MATCHED,D2:wor:26,26,26,results.zip/day2.xlsx,workbook,4.86846,167.292,25,True,24.7595,34.8468,291.238,,0,291.238,0.15,12.2901,278.948,279.893,-0.945473,9281.87,34302.8,False,9344.2,0.0533146,INTERPOLATED,79,110,-30.2787,0.0533521,0,True,1.01189,-30.6388,179.059,-1.87178,55.2692,26.5021,7.50794,11.4863,9.98467,9.23387,8.48308,7.73228,6.98149,6.45593,6.2307,5.4799,4.72911,3.97831,0.0706344,0.0609633,11.4232,7.65557,0.273131,0.729258,11.191,9.65989,8.89433,8.12877,7.36322,6.59766,6.06177,5.8321,5.06655,4.30099,3.53543,16.7781,True,26,4880.92,O-L4-1-50
106,CG6-0313,2026-01-17,4,27,field,CG6-0313|2026-01-17|L4|S27,2026-01-17 13:37:06,2026-01-17 13:37:06,2026-01-17 13:37:06.000,1,1,9313.11,,,0.0026,24.7594,34.8449,282,0,,,True,SINGLE_READING;,2,day2,MATCHED,D2:wor:27,27,27,results.zip/day2.xlsx,workbook,4.0283,191.399,26,True,24.7594,34.8449,294.619,,0,294.619,0.15,12.2978,282.321,282.519,-0.197636,9469.15,34336.2,False,9344.2,0.0533133,INTERPOLATED,79,110,-31.0928,0.0533767,0,True,1.01189,-31.4626,182.432,-1.88056,56.3104,26.7283,7.64938,11.4295,9.89965,9.13472,8.36978,7.60484,6.8399,6.30444,6.07496,5.31002,4.54508,3.78015,0.0706529,0.0609848,11.5787,7.8111,0.25904,0.691636,11.1061,9.54388,8.76277,7.98166,7.20055,6.41944,5.87266,5.63833,4.85722,4.0761,3.29499,16.9563,True,27,5074.72,O-L4-1-50
107,CG6-0313,2026-01-17,4,28,field,CG6-0313|2026-01-17|L4|S28,2026-01-17 13:40:22,2026-01-17 13:40:22,2026-01-17 13:40:22.000,1,1,9312.45,,,0.0015,24.76,34.843,286.1,0,,,True,SINGLE_READING;,2,day2,MATCHED,D2:wor:28,28,28,results.zip/day2.xlsx,workbook,5.91731,198.917,29,True,24.7599,34.843,296.746,,0,296.746,0.15,12.3051,284.441,285.636,-1.19539,9631.34,34293.7,False,9344.2,0.0533125,INTERPOLATED,79,110,-31.7563,0.0533336,0,True,1.01189,-32.134,184.552,-1.84396,56.9646,26.6746,7.73826,11.198,9.6504,8.87657,8.10274,7.32892,6.55509,6.01341,5.78126,5.00744,4.23361,3.45979,0.0706204,0.0609471,11.6175,7.84992,0.309095,0.825284,10.9747,9.40474,8.61975,7.83475,7.04976,6.26477,5.71528,5.47978,4.69479,3.90979,3.1248,17.0991,True,28,5274.12,O-L4-1-50
108,CG6-0313,2026-01-17,4,29,field,CG6-0313|2026-01-17|L4|S29,2026-01-17 13:44:36,2026-01-17 13:44:36,2026-01-17 13:44:36.000,1,1,9311.78,,,0.0022,24.7606,34.8412,278.2,0,,,True,SINGLE_READING;,2,day2,MATCHED,D2:wor:29,29,29,results.zip/day2.xlsx,workbook,3.47826,201.729,28,True,24.7606,34.8412,299.286,,0,299.286,0.15,12.3123,286.974,288.749,-1.77494,9789.01,34243.3,False,9344.2,0.0533119,INTERPOLATED,79,110,-32.4217,0.0533573,0,True,1.01189,-32.8073,187.085,-1.79903,57.7463,26.7381,7.84446,11.0491,9.48025,8.6958,7.91135,7.12691,6.34246,5.79335,5.55801,4.77357,3.98912,3.20468,0.0706383,0.0609678,11.6796,7.912,0.353222,0.943103,10.9141,9.33167,8.54047,7.74927,6.95807,6.16687,5.61303,5.37567,4.58447,3.79327,3.00207,17.2334,True,29,5474.02,O-L4-1-50
109,CG6-0313,2026-01-17,4,30,field,CG6-0313|2026-01-17|L4|S30,2026-01-17 13:48:31,2026-01-17 13:48:31,2026-01-17 13:48:31.000,1,1,9311.11,,,0.0019,24.7608,34.8391,261.5,0,,,True,SINGLE_READING;,2,day2,MATCHED,D2:wor:30,30,30,results.zip/day2.xlsx,workbook,4.86118,208.717,29,True,24.7607,34.8392,302.549,,0,302.549,0.15,12.3203,290.229,291.682,-1.45373,9981.16,34247.1,False,9344.21,0.0533119,INTERPOLATED,79,110,-33.0932,0.0533457,0,True,1.01189,-33.4868,190.34,-1.78624,58.751,27.0504,7.98095,11.0885,9.49236,8.69427,7.89617,7.09808,6.29998,5.74132,5.50189,4.70379,3.9057,3.1076,0.0706295,0.0609577,11.8158,8.04822,0.353485,0.943805,10.954,9.34436,8.53954,7.73472,6.9299,6.12508,5.5617,5.32025,4.51543,3.71061,2.90579,17.4066,True,30,5678.06,O-L4-1-50
114,CG6-0313,2026-01-18,4,31,field,CG6-0313|2026-01-18|L4|S31,2026-01-18 07:06:37,2026-01-18 07:06:37,2026-01-18 07:06:37.000,1,1,9309.85,,,0.0016,24.7605,34.8371,294.9,0,,,True,SINGLE_READING;,3,day3,MATCHED,D3:wor:31,31,31,results.zip/day3.xlsx,workbook,4.53134,208.372,32,True,24.7606,34.8371,305.602,,0,305.602,0.15,12.3284,293.274,293.604,-0.330731,10182.6,34294,False,9343.77,0.0532178,INTERPOLATED,113,134,-33.9224,0.0532419,0,True,1.01189,-34.3259,193.385,-1.79733,59.6908,27.1623,8.10862,10.9451,9.32333,8.51247,7.7016,6.89074,6.07988,5.51228,5.26902,4.45816,3.6473,2.83643,0.0705511,0.0608668,11.9882,8.22058,0.308799,0.824493,10.7211,9.07702,8.25496,7.4329,6.61085,5.78879,5.21335,4.96673,4.14467,3.32262,2.50056,17.5991,True,31,5883.9,O-L4-1-50
115,CG6-0313,2026-01-18,4,32,field,CG6-0313|2026-01-18|L4|S32,2026-01-18 07:20:55,2026-01-18 07:20:55,2026-01-18 07:20:55.000,1,1,9309.21,,,0.0027,24.7612,34.8352,280,0,,,True,SINGLE_READING;,3,day3,MATCHED,D3:wor:32,32,32,results.zip/day3.xlsx,workbook,3.88518,119.439,33,True,24.7612,34.8352,309.207,,0,309.207,0.15,12.3362,296.871,296.724,0.146904,10349,34249.6,False,9343.76,0.0532153,INTERPOLATED,113,134,-34.5484,0.0532838,0,True,1.01189,-34.9592,196.982,-1.75783,60.8011,27.5997,8.25945,11.0808,9.42889,8.60294,7.777,6.95105,6.12511,5.54695,5.29916,4.47322,3.64727,2.82133,0.0705828,0.0609035,12.1819,8.41427,0.265931,0.710037,10.7711,9.08827,8.24684,7.40542,6.56399,5.72256,5.13356,4.88114,4.03971,3.19828,2.35685,17.7523,True,32,6093.82,O-L4-1-50
116,CG6-0313,2026-01-18,4,33,field,CG6-0313|2026-01-18|L4|S33,2026-01-18 07:24:31,2026-01-18 07:24:31,2026-01-18 07:24:31.000,1,1,9308.78,,,0.0024,24.7602,34.8346,291.6,0,,,True,SINGLE_READING;,3,day3,MATCHED,D3:wor:33,33,33,results.zip/day3.xlsx,workbook,0.984179,115.926,34,True,24.7602,34.8347,312.082,,0,312.082,0.15,12.3384,299.744,301.419,-1.67564,10432.1,34361.4,False,9343.76,0.0532149,INTERPOLATED,113,134,-34.9749,0.053269,0,True,1.01189,-35.3908,199.855,-1.82271,61.6878,28.1197,8.3799,11.3599,9.68388,8.84589,8.0079,7.16991,6.33192,5.74533,5.49393,4.65594,3.81795,2.97996,0.0705716,0.0608906,12.3376,8.57003,0.230634,0.615793,10.9796,9.26561,8.40861,7.55161,6.6946,5.8376,5.2377,4.9806,4.12359,3.26659,2.40959,17.8435,True,33,6210.71,O-L4-1-50
117,CG6-0313,2026-01-18,4,34,field,CG6-0313|2026-01-18|L4|S34,2026-01-18 07:28:33,2026-01-18 07:28:33,2026-01-18 07:28:33.000,1,1,9307.83,,,0.0016,24.7597,34.8336,301.3,0,,,True,SINGLE_READING;,3,day3,MATCHED,D3:wor:34,34,34,results.zip/day3.xlsx,workbook,2.37605,118.877,33,True,24.7597,34.8336,316.021,,0,316.021,0.15,12.3427,303.678,304.393,-0.714353,10548.6,34427,False,9343.76,0.0532145,INTERPOLATED,113,134,-35.9289,0.0532385,0,True,1.01189,-36.3562,203.789,-1.85453,62.9022,28.4006,8.54489,11.3108,9.60181,8.74733,7.89284,7.03835,6.18386,5.58572,5.32937,4.47488,3.62039,2.7659,0.0705486,0.0608639,12.5004,8.7328,0.232847,0.621703,10.935,9.18841,8.31513,7.44185,6.56857,5.69529,5.084,4.82201,3.94873,3.07545,2.20217,17.96,True,34,6327.25,O-L4-1-50
118,CG6-0313,2026-01-18,4,35,field,CG6-0313|2026-01-18|L4|S35,2026-01-18 07:33:34,2026-01-18 07:33:34,2026-01-18 07:33:34.000,1,1,9307.02,,,0.0026,24.7606,34.8319,312,0,,,True,SINGLE_READING;,3,day3,MATCHED,D3:wor:35,35,35,results.zip/day3.xlsx,workbook,6.89128,177.328,36,True,24.7607,34.8319,319.804,,0,319.804,0.15,12.3484,307.456,308.249,-0.793472,10684.7,34354.7,False,9343.75,0.0532141,INTERPOLATED,113,134,-36.7328,0.0532775,0,True,1.01189,-37.1696,207.567,-1.79199,64.0681,28.6904,8.70327,11.2839,9.54324,8.67291,7.80258,6.93226,6.06193,5.4527,5.1916,4.32128,3.45095,2.58062,0.070578,0.060898,12.6331,8.86551,0.258521,0.69025,10.9594,9.18632,8.29977,7.41322,6.52667,5.64011,5.01953,4.75356,3.86701,2.98046,2.09391,18.0704,True,35,6524.75,O-L4-1-50
119,CG6-0313,2026-01-18,4,36,field,CG6-0313|2026-01-18|L4|S36,2026-01-18 07:37:51,2026-01-18 07:37:51,2026-01-18 07:37:51.000,1,1,9306.47,,,0.0017,24.7597,34.8304,303.8,0,,,True,SINGLE_READING;,3,day3,MATCHED,D3:wor:36,36,36,results.zip/day3.xlsx,workbook,2.36942,184.77,35,True,24.7597,34.8305,323.325,,0,323.325,0.15,12.3536,310.971,310.712,0.259356,10855.2,34474.1,False,9343.75,0.0532138,INTERPOLATED,113,134,-37.2774,0.053241,0,True,1.01189,-37.7207,211.082,-1.85644,65.1532,29.2889,8.85069,11.5875,9.81741,8.93234,8.04727,7.1622,6.27713,5.65758,5.39206,4.507,3.62193,2.73686,0.0705504,0.060866,12.7657,8.99815,0.273289,0.729681,11.2926,9.49298,8.59316,7.69335,6.79353,5.89372,5.26384,4.9939,4.09408,3.19427,2.29445,18.2505,True,36,6707.55,O-L4-1-50
120,CG6-0313,2026-01-18,4,37,field,CG6-0313|2026-01-18|L4|S37,2026-01-18 07:42:02,2026-01-18 07:42:02,2026-01-18 07:42:02.000,1,1,9305.63,,,0.0031,24.7584,34.8292,297.4,0,,,True,SINGLE_READING;,3,day3,MATCHED,D3:wor:37,37,37,results.zip/day3.xlsx,workbook,2.9392,163.194,38,True,24.7584,34.8292,326.782,,0,326.782,0.15,12.3581,314.424,314.925,-0.500651,11016.9,34632.5,False,9343.75,0.0532137,INTERPOLATED,113,134,-38.1225,0.0533039,0,True,1.01189,-38.5759,214.535,-1.94653,66.2188,29.5895,8.99545,11.5986,9.79951,8.89997,8.00042,7.10088,6.20133,5.57165,5.30179,4.40224,3.5027,2.60315,0.0705979,0.0609211,12.8808,9.11326,0.302946,0.808865,11.363,9.54033,8.629,7.71767,6.80635,5.89502,5.25709,4.9837,4.07237,3.16104,2.24972,18.4257,True,37,6899.77,O-L4-1-50
121,CG6-0313,2026-01-18,4,38,field,CG6-0313|2026-01-18|L4|S38,2026-01-18 07:46:24,2026-01-18 07:46:24,2026-01-18 07:46:24.000,1,1,9305.12,,,0.0022,24.7591,34.8277,309.5,0,,,True,SINGLE_READING;,3,day3,MATCHED,D3:wor:38,38,38,results.zip/day3.xlsx,workbook,5.08467,169.929,37,True,24.7591,34.8277,329.549,,0,329.549,0.15,12.363,317.186,318.9,-1.71371,11142.2,34584.3,False,9343.75,0.0532136,INTERPOLATED,113,134,-38.6295,0.0532591,0,True,1.01189,-39.0889,217.297,-1.9011,67.0713,29.8835,9.11127,11.661,9.83875,8.92762,8.0165,7.10537,6.19424,5.55645,5.28312,4.37199,3.46086,2.54974,0.0705641,0.0608819,12.9732,9.20565,0.326372,0.871414,11.4722,9.6311,8.71054,7.78997,6.86941,5.94884,5.30445,5.02828,4.10771,3.18715,2.26658,18.5295,True,38,7065.88,O-L4-1-50
122,CG6-0313,2026-01-18,4,39,field,CG6-0313|2026-01-18|L4|S39,2026-01-18 07:49:54,2026-01-18 07:49:54,2026-01-18 07:49:54.000,1,1,9304.68,,,0.0024,24.7606,34.8269,320.8,0,,,True,SINGLE_READING;,3,day3,MATCHED,D3:wor:39,39,39,results.zip/day3.xlsx,workbook,5.3184,110.396,40,True,24.7606,34.8269,332.862,,0,332.862,0.15,12.3655,320.497,320.538,-0.0415548,11173,34425,False,9343.75,0.0532137,INTERPOLATED,113,134,-39.0704,0.0532678,0,True,1.01189,-39.535,220.608,-1.7979,68.0931,30.356,9.25007,11.8558,10.0058,9.08079,8.15578,7.23077,6.30576,5.65826,5.38076,4.45575,3.53074,2.60573,0.0705707,0.0608895,13.1226,9.35506,0.315771,0.84311,11.6458,9.77483,8.83932,7.90381,6.96831,6.0328,5.37795,5.0973,4.16179,3.22628,2.29078,18.5347,True,39,7252.1,O-L4-1-50
123,CG6-0313,2026-01-18,4,40,field,CG6-0313|2026-01-18|L4|S40,2026-01-18 07:53:37,2026-01-18 07:53:37,2026-01-18 07:53:37.000,1,1,9303.85,,,0.0017,24.76,34.826,317.9,0,,,True,SINGLE_READING;,3,day3,MATCHED,D3:wor:40,40,40,results.zip/day3.xlsx,workbook,2.8177,110.117,39,True,24.76,34.826,336.717,,0,336.717,0.15,12.3688,324.348,327.501,-3.15262,11276.1,34502,False,9343.74,0.0532138,INTERPOLATED,113,134,-39.8975,0.0532409,0,True,1.01189,-40.372,224.459,-1.83358,69.2819,30.7435,9.41158,11.9204,10.0381,9.09691,8.15575,7.2146,6.27344,5.61463,5.33228,4.39112,3.44996,2.50881,0.0705504,0.060866,13.2839,9.51633,0.316,0.843721,11.7109,9.8076,8.85597,7.90434,6.9527,6.00107,5.33493,5.04944,4.0978,3.14617,2.19454,18.6444,True,40,7362.67,O-L4-1-50
124,CG6-0313,2026-01-18,4,41,field,CG6-0313|2026-01-18|L4|S41,2026-01-18 07:57:03,2026-01-18 07:57:03,2026-01-18 07:57:03.000,1,1,9302.99,,,0.0022,24.7583,34.8256,319.7,0,,,True,SINGLE_READING;,3,day3,MATCHED,D3:wor:41,41,41,results.zip/day3.xlsx,workbook,2.66456,202.009,40,True,24.7583,34.8255,339.59,,0,339.59,0.15,12.3706,327.219,329.054,-1.83419,11372.8,34701.7,False,9343.74,0.0532139,INTERPOLATED,113,134,-40.7536,0.0532594,0,True,1.01189,-41.2383,227.33,-1.95615,70.1681,30.886,9.53197,11.8221,9.91567,8.96247,8.00927,7.05608,6.10288,5.43564,5.14968,4.19649,3.24329,2.29009,0.0705643,0.0608822,13.3452,9.57762,0.375102,1.00152,11.7307,9.81522,8.85746,7.8997,6.94194,5.98418,5.31374,5.02641,4.06865,3.11089,2.15313,18.7686,True,41,7566.44,O-L4-1-50
125,CG6-0313,2026-01-18,4,42,field,CG6-0313|2026-01-18|L4|S42,2026-01-18 08:00:31,2026-01-18 08:00:31,2026-01-18 08:00:31.000,1,1,9301.83,,,0.0023,24.7565,34.8247,320.5,0,,,True,SINGLE_READING;,3,day3,MATCHED,D3:wor:42,42,42,results.zip/day3.xlsx,workbook,11.5102,179.589,43,True,24.7566,34.8248,343.187,,0,343.187,0.15,12.3735,330.814,331.646,-0.832792,11515.5,34906.9,False,9343.74,0.0532142,INTERPOLATED,113,134,-41.9113,0.0532639,0,True,1.01189,-42.4097,230.925,-2.07082,71.2774,30.9385,9.68267,11.5731,9.63662,8.66835,7.70008,6.73182,5.76355,5.08576,4.79528,3.82702,2.85875,1.89048,0.0705677,0.0608861,13.4253,9.65769,0.445731,1.1901,11.6231,9.69156,8.72579,7.76002,6.79425,5.82848,5.15244,4.86271,3.89694,2.93117,1.9654,18.9191,True,42,7768.49,O-L4-1-50
126,CG6-0313,2026-01-18,4,43,field,CG6-0313|2026-01-18|L4|S43,2026-01-18 08:10:50,2026-01-18 08:10:50,2026-01-18 08:10:50.000,1,1,9301.07,,,0.0026,24.755,34.8244,344.1,0,,,True,SINGLE_READING;,3,day3,MATCHED,D3:wor:43,43,43,results.zip/day3.xlsx,workbook,2.23369,182.569,44,True,24.7549,34.8244,345.765,,0,345.765,0.15,12.3749,333.39,334.628,-1.2381,11592.9,35084.3,False,9343.73,0.0532152,INTERPOLATED,113,134,-42.664,0.0532787,0,True,1.01189,-43.1714,233.501,-2.18447,72.0726,31.0858,9.7907,11.5043,9.54621,8.56714,7.58807,6.609,5.62993,4.94458,4.65086,3.67179,2.69272,1.71365,0.0705789,0.0608991,13.4725,9.70493,0.506525,1.35242,11.6759,9.7349,8.7644,7.79391,6.82342,5.85292,5.17358,4.88243,3.91194,2.94144,1.97095,19.031,True,43,7956.17,O-L4-1-50
127,CG6-0313,2026-01-18,4,44,field,CG6-0313|2026-01-18|L4|S44,2026-01-18 08:14:26,2026-01-18 08:14:26,2026-01-18 08:14:26.000,1,1,9300.24,,,0.0039,24.7534,34.824,336.5,0,,,True,SINGLE_READING;,3,day3,MATCHED,D3:wor:44,44,44,results.zip/day3.xlsx,workbook,2.14804,179.534,43,True,24.7533,34.824,348.3,,0,348.3,0.15,12.3763,335.924,338.174,-2.2505,11684.5,35265.8,False,9343.73,0.0532158,INTERPOLATED,113,134,-43.4906,0.0533585,0,True,1.01189,-44.0078,236.035,-2.29361,72.8546,31.1404,9.89694,11.3465,9.36714,8.37745,7.38775,6.39806,5.40836,4.71558,4.41867,3.42898,2.43928,1.44959,0.0706392,0.0609689,13.5342,9.76663,0.551064,1.47134,11.6071,9.65382,8.67715,7.70049,6.72383,5.74716,5.0635,4.7705,3.79384,2.81718,1.84051,19.1402,True,44,8136.53,O-L4-1-50
128,CG6-0313,2026-01-18,4,45,field,CG6-0313|2026-01-18|L4|S45,2026-01-18 08:17:58,2026-01-18 08:17:58,2026-01-18 08:17:58.000,1,1,9299.41,,,0.0015,24.7515,34.8237,326.3,0,,,True,SINGLE_READING;,3,day3,MATCHED,D3:wor:45,45,45,results.zip/day3.xlsx,workbook,4.38529,202.125,46,True,24.7515,34.8237,351.44,,0,351.44,0.15,12.3776,339.062,342.805,-3.74307,11778.4,35474.2,False,9343.73,0.0532163,INTERPOLATED,113,134,-44.3183,0.0532375,0,True,1.01189,-44.8453,239.173,-2.42309,73.8234,31.4011,10.0285,11.3441,9.33834,8.33549,7.33263,6.32978,5.32692,4.62493,4.32407,3.32122,2.31836,1.31551,0.0705478,0.060863,13.7012,9.93361,0.515691,1.37689,11.5339,9.5472,8.55384,7.56047,6.56711,5.57375,4.8784,4.58039,3.58703,2.59367,1.60031,19.2599,True,45,8348.4,O-L4-1-50
129,CG6-0313,2026-01-18,4,46,field,CG6-0313|2026-01-18|L4|S46,2026-01-18 08:21:32,2026-01-18 08:21:32,2026-01-18 08:21:32.000,1,1,9298.57,,,0.007,24.7497,34.8237,347.1,0,,STDDEV_GT_0.050,True,SINGLE_READING;,3,day3,MATCHED,D3:wor:46,46,46,results.zip/day3.xlsx,workbook,2.25792,190.371,47,True,24.7497,34.8236,354.624,,0,354.624,0.15,12.378,342.246,344.025,-1.77874,11855.4,35675.9,False,9343.73,0.053217,INTERPOLATED,113,134,-45.1577,0.0536754,0,True,1.01189,-45.6948,242.357,-2.54496,74.806,31.6561,10.162,11.3321,9.29968,8.28347,7.26727,6.25107,5.23487,4.52352,4.21866,3.20246,2.18626,1.17005,0.0708788,0.0612464,13.7946,10.027,0.555793,1.48397,11.6022,9.59676,8.59406,7.59136,6.58866,5.58596,4.88407,4.58326,3.58056,2.57786,1.57516,19.3587,True,46,8546.15,O-L4-1-50
130,CG6-0313,2026-01-18,4,47,field,CG6-0313|2026-01-18|L4|S47,2026-01-18 08:26:12,2026-01-18 08:26:12,2026-01-18 08:26:12.000,1,1,9298.07,,,0.0031,24.7479,34.8234,338.1,0,,,True,SINGLE_READING;,3,day3,MATCHED,D3:wor:47,47,47,results.zip/day3.xlsx,workbook,7.36786,175.857,48,True,24.748,34.8234,357.328,,0,357.328,0.15,12.3784,344.95,346.525,-1.57546,11950.2,35872.9,False,9343.72,0.0532179,INTERPOLATED,113,134,-45.6565,0.0533081,0,True,1.01189,-46.1995,245.061,-2.66157,75.6404,32.1025,10.2754,11.5517,9.49663,8.46909,7.44155,6.41401,5.38647,4.66719,4.35893,3.33139,2.30385,1.27631,0.0706011,0.0609248,13.9921,10.2245,0.471623,1.25923,11.6534,9.60853,8.58608,7.56363,6.54117,5.51872,4.803,4.49627,3.47382,2.45136,1.42891,19.4698,True,47,8737.06,O-L4-1-50
131,CG6-0313,2026-01-18,4,48,field,CG6-0313|2026-01-18|L4|S48,2026-01-18 08:29:15,2026-01-18 08:29:15,2026-01-18 08:29:15.000,1,1,9297.68,,,0.0025,24.7464,34.8234,345.4,0,,,True,SINGLE_READING;,3,day3,MATCHED,D3:wor:48,48,48,results.zip/day3.xlsx,workbook,5.18343,177.868,47,True,24.7463,34.8234,360.059,,0,360.059,0.15,12.3778,347.681,348.362,-0.680972,12013.8,36041.8,False,9343.72,0.0532186,INTERPOLATED,113,134,-46.0422,0.0532773,0,True,1.01189,-46.5898,247.792,-2.77445,76.4835,32.6682,10.3899,11.8883,9.81036,8.77137,7.73237,6.69338,5.65439,4.92709,4.61539,3.5764,2.53741,1.49842,0.0705778,0.0608978,14.2322,10.4646,0.346045,0.92394,11.7389,9.64599,8.59953,7.55306,6.5066,5.46014,4.72761,4.41367,3.36721,2.32074,1.27428,19.555,True,48,8919.97,O-L4-1-50
132,CG6-0313,2026-01-18,4,49,field,CG6-0313|2026-01-18|L4|S49,2026-01-18 08:33:18,2026-01-18 08:33:18,2026-01-18 08:33:18.000,1,1,9296.59,,,0.0027,24.7446,34.823,355.9,0,,,True,SINGLE_READING;,3,day3,MATCHED,D3:wor:49,49,49,results.zip/day3.xlsx,workbook,1.08147,163.953,50,True,24.7446,34.823,364.471,,0,364.471,0.15,12.3785,352.092,352.539,-0.446528,12125.3,36240.8,False,9343.72,0.0532196,INTERPOLATED,113,134,-47.1325,0.053288,0,True,1.01189,-47.693,252.204,-2.89213,77.845,33.0441,10.5749,11.8943,9.77936,8.72187,7.66438,6.60689,5.5494,4.80916,4.49191,3.43442,2.37693,1.31944,0.0705859,0.0609072,14.4715,10.7039,0.291756,0.77899,11.6363,9.49556,8.42517,7.35478,6.28439,5.214,4.46473,4.14361,3.07322,2.00283,0.932441,19.6806,True,49,9114.83,O-L4-1-50
133,CG6-0313,2026-01-18,4,50,field,CG6-0313|2026-01-18|L4|S50,2026-01-18 08:38:04,2026-01-18 08:38:04,2026-01-18 08:38:04.000,1,1,9295.51,,,0.0054,24.7433,34.8223,364.7,0,,,True,SINGLE_READING;,3,day3,MATCHED,D3:wor:50,50,50,results.zip/day3.xlsx,workbook,4.01471,166.071,49,True,24.7433,34.8223,369.121,,0,369.121,0.15,12.3805,356.741,356.851,-0.11011,12250.8,36400.6,False,9343.72,0.0532208,INTERPOLATED,113,134,-48.2098,0.0534941,0,True,1.01189,-48.7832,256.852,-2.98218,79.2796,33.4786,10.7698,11.939,9.78508,8.70811,7.63113,6.55415,5.47717,4.72329,4.40019,3.32321,2.24623,1.16926,0.0707416,0.0610876,14.6669,10.8993,0.291253,0.777646,11.68,9.50018,8.41025,7.32032,6.23039,5.14046,4.37751,4.05053,2.9606,1.87067,0.780744,19.8141,True,50,9277.78,O-L4-1-50
135,CG6-0313,2026-01-18,5,1,field,CG6-0313|2026-01-18|L5|S1,2026-01-18 11:49:50,2026-01-18 11:49:50,2026-01-18 11:49:50.000,1,1,9320.47,,,0.0028,24.7928,34.8222,273.9,0,,,True,SINGLE_READING;,3,day3,MATCHED,D3:wor:1,1,1,results.zip/day3.xlsx,workbook,5.28585,109.786,1-149,True,24.7928,34.8221,265.799,,0,265.799,0.15,12.3778,253.421,253.432,-0.0106926,11285.4,30969.5,False,9343.61,0.06417,RETIED_COLOCATION(EXTRAPOLATED_1.5h),134,,-23.3638,0.0224648,-0.222643,True,1.01189,-23.6417,153.532,0.415,47.3902,23.3336,6.43761,10.4583,9.17082,8.52706,7.8833,7.23954,6.59578,6.14515,5.95202,5.30826,4.6645,4.02074,0.0514532,0.0370775,10.3595,6.59193,0.266436,0.711384,10.1497,8.83131,8.17212,7.51293,6.85374,6.19454,5.73311,5.53535,4.87616,4.21696,3.55777,17.8446,True,1,0,O-L5-1-22
136,CG6-0313,2026-01-18,5,2,field,CG6-0313|2026-01-18|L5|S2,2026-01-18 11:58:02,2026-01-18 11:58:02,2026-01-18 11:58:02.000,1,1,9319.83,,,0.0027,24.7918,34.8203,271.1,0,,,True,SINGLE_READING;,3,day3,MATCHED,D3:wor:2,2,2,results.zip/day3.xlsx,workbook,1.96733,54.7588,1-150,True,24.7918,34.8202,267.704,,0,267.704,0.15,12.385,255.319,256.572,-1.25329,11470.6,31118.3,False,9343.61,0.0660258,RETIED_COLOCATION(EXTRAPOLATED_1.6h),134,,-23.9952,0.0224525,-0.222643,True,1.01189,-24.2805,155.43,0.345562,47.976,23.3499,6.51718,10.3156,9.01211,8.3604,7.70868,7.05696,6.40524,5.94904,5.75352,5.1018,4.45009,3.79837,0.0514478,0.0370701,10.3906,6.62302,0.314916,0.840826,10.1039,8.77926,8.11696,7.45466,6.79236,6.13005,5.66644,5.46775,4.80545,4.14315,3.48085,18.0557,True,2,221.136,O-L5-1-22
137,CG6-0313,2026-01-18,5,3,field,CG6-0313|2026-01-18|L5|S3,2026-01-18 12:02:20,2026-01-18 12:02:20,2026-01-18 12:02:20.000,1,1,9319.13,,,0.0037,24.7908,34.8187,277.2,0,,,True,SINGLE_READING;,3,day3,MATCHED,D3:wor:3,3,3,results.zip/day3.xlsx,workbook,3.48673,35.167,1-151,True,24.7908,34.8187,270.022,,0,270.022,0.15,12.3908,257.631,259.596,-1.96444,11620.5,31258.4,False,9343.6,0.0670407,RETIED_COLOCATION(EXTRAPOLATED_1.7h),134,,-24.7002,0.0225946,-0.222643,True,1.01189,-24.994,157.742,0.275105,48.6897,23.4206,6.61413,10.1923,8.86952,8.20811,7.54669,6.88528,6.22387,5.76088,5.56245,4.90104,4.23962,3.57821,0.05151,0.0371563,10.3827,6.61512,0.419767,1.12078,10.1904,8.86734,8.20583,7.54432,6.8828,6.22129,5.75823,5.55978,4.89827,4.23675,3.57524,18.2339,True,3,414.407,O-L5-1-22
138,CG6-0313,2026-01-18,5,4,field,CG6-0313|2026-01-18|L5|S4,2026-01-18 12:05:26,2026-01-18 12:05:26,2026-01-18 12:05:26.000,1,1,9318.15,,,0.0036,24.7892,34.8178,264.4,0,,,True,SINGLE_READING;,3,day3,MATCHED,D3:wor:4,4,4,results.zip/day3.xlsx,workbook,2.679,28.1526,1-152,True,24.7892,34.8178,272.83,,0,272.83,0.15,12.3942,260.436,260.277,0.158488,11708.3,31447.7,False,9343.6,0.0677892,RETIED_COLOCATION(EXTRAPOLATED_1.8h),134,,-25.6764,0.0225784,-0.222643,True,1.01189,-25.9817,160.547,0.16728,49.5553,23.4063,6.73173,9.94283,8.59648,7.92331,7.25013,6.57696,5.90379,5.43257,5.23062,4.55744,3.88427,3.2111,0.0515029,0.0371465,10.5714,6.80385,0.348639,0.930867,9.79859,8.43782,7.75744,7.07705,6.39667,5.71628,5.24001,5.0359,4.35551,3.67513,2.99474,18.365,True,4,611.805,O-L5-1-22
139,CG6-0313,2026-01-18,5,5,field,CG6-0313|2026-01-18|L5|S5,2026-01-18 12:09:07,2026-01-18 12:09:07,2026-01-18 12:09:07.000,1,1,9317.46,,,0.0024,24.7876,34.8171,262.3,0,,,True,SINGLE_READING;,3,day3,MATCHED,D3:wor:5,5,5,results.zip/day3.xlsx,workbook,6.12047,159.464,1-152,True,24.7876,34.8171,275.01,,0,275.01,0.15,12.3969,262.613,262.832,-0.219033,11774.8,31631.2,False,9343.6,0.0686962,RETIED_COLOCATION(EXTRAPOLATED_1.8h),134,,-26.3578,0.0224184,-0.222643,True,1.01189,-26.6712,162.724,0.057704,50.2274,23.4984,6.82303,9.85237,8.48776,7.80546,7.12316,6.44086,5.75855,5.28094,5.07625,4.39395,3.71165,3.02934,0.051433,0.0370494,10.649,6.88142,0.362361,0.967503,9.73558,8.35929,7.67115,6.98301,6.29486,5.60672,5.12502,4.91858,4.23044,3.5423,2.85415,18.4759,True,5,802.28,O-L5-1-22
140,CG6-0313,2026-01-18,5,6,field,CG6-0313|2026-01-18|L5|S6,2026-01-18 12:12:11,2026-01-18 12:12:11,2026-01-18 12:12:11.000,1,1,9316.87,,,0.0025,24.7863,34.8158,259.6,0,,,True,SINGLE_READING;,3,day3,MATCHED,D3:wor:6,6,6,results.zip/day3.xlsx,workbook,2.08891,191.319,5,True,24.7863,34.8158,278.369,,0,278.369,0.15,12.4016,265.967,266.012,-0.0440906,11904.8,31801.6,False,9343.6,0.0694655,RETIED_COLOCATION(EXTRAPOLATED_1.9h),134,,-26.9548,0.0224293,-0.222643,True,1.01189,-27.2753,166.078,-0.0313895,51.2627,24.0187,6.96367,10.0914,8.69865,8.00229,7.30592,6.60955,5.91318,5.42573,5.21682,4.52045,3.82408,3.12772,0.0514377,0.037056,10.7952,7.02757,0.356856,0.952805,9.96358,8.55807,7.85531,7.15256,6.4498,5.74704,5.25511,5.04428,4.34153,3.63877,2.93601,18.6367,True,6,995.476,O-L5-1-22
141,CG6-0313,2026-01-18,5,7,field,CG6-0313|2026-01-18|L5|S7,2026-01-18 12:15:19,2026-01-18 12:15:19,2026-01-18 12:15:19.000,1,1,9316.34,,,0.0038,24.7869,34.814,264,0,,,True,SINGLE_READING;,3,day3,MATCHED_ID_TIEBREAK,D3:wor:7,7,7,results.zip/day3.xlsx,workbook,8.25214,10.7993,1-155,True,24.7868,34.8139,280.942,,0,280.942,0.15,12.4085,268.534,268.54,-0.00631559,12094.2,31776.1,False,9343.6,0.0702642,RETIED_COLOCATION(EXTRAPOLATED_1.9h),134,,-27.483,0.0226112,-0.222643,True,1.01189,-27.8098,168.645,0.005861,52.0547,24.239,7.07127,10.0965,8.68222,7.9751,7.26797,6.56084,5.85372,5.35873,5.14659,4.43946,3.73234,3.02521,0.0515173,0.0371664,10.8458,7.07817,0.413849,1.10498,10.0827,8.66703,7.95921,7.25139,6.54358,5.83576,5.34029,5.12794,4.42012,3.71231,3.00449,18.8096,True,7,1198.96,O-L5-1-22
142,CG6-0313,2026-01-18,5,8,field,CG6-0313|2026-01-18|L5|S8,2026-01-18 12:18:50,2026-01-18 12:18:50,2026-01-18 12:18:50.000,1,1,9315.63,,,0.0047,24.7876,34.8119,273.9,0,,,True,SINGLE_READING;,3,day3,MATCHED,D3:wor:8,8,8,results.zip/day3.xlsx,workbook,3.20399,29.4246,1-156,True,24.7875,34.8119,283.848,,0,283.848,0.15,12.4157,271.432,270.83,0.602181,12298.5,31745.7,False,9343.59,0.0711755,RETIED_COLOCATION(EXTRAPOLATED_2.0h),134,,-28.1856,0.0227797,-0.222643,True,1.01189,-28.5208,171.543,0.0538674,52.9494,24.3748,7.19281,9.98913,8.55057,7.83129,7.11201,6.39272,5.67344,5.16995,4.95416,4.23488,3.5156,2.79632,0.0515915,0.0372692,10.9623,7.19469,0.418882,1.11842,9.98538,8.54644,7.82697,7.10751,6.38804,5.66857,5.16494,4.9491,4.22963,3.51016,2.79069,18.9851,True,8,1414.24,O-L5-1-22
143,CG6-0313,2026-01-18,5,9,field,CG6-0313|2026-01-18|L5|S9,2026-01-18 12:22:11,2026-01-18 12:22:11,2026-01-18 12:22:11.000,1,1,9314.73,,,0.002,24.7878,34.8101,280.7,0,,,True,SINGLE_READING;,3,day3,MATCHED_ID_TIEBREAK,D3:wor:9,9,9,results.zip/day3.xlsx,workbook,2.67382,8.79474,1-157,True,24.7878,34.8101,286.635,,0,286.635,0.15,12.4222,274.213,274.415,-0.202374,12484.7,31760.6,False,9343.59,0.0720577,RETIED_COLOCATION(EXTRAPOLATED_2.1h),134,,-29.0852,0.0223791,-0.222643,True,1.01189,-29.4311,174.324,0.071985,53.8076,24.3045,7.3094,9.68572,8.22384,7.4929,6.76196,6.03102,5.30008,4.78842,4.56914,3.8382,3.10726,2.37632,0.0514159,0.0370257,11.0489,7.28133,0.448822,1.19835,9.74185,8.28558,7.55745,6.82932,6.10118,5.37305,4.86336,4.64492,3.91678,3.18865,2.46052,19.1547,True,9,1598.63,O-L5-1-22
144,CG6-0313,2026-01-18,5,10,field,CG6-0313|2026-01-18|L5|S10,2026-01-18 12:27:20,2026-01-18 12:27:20,2026-01-18 12:27:20.000,1,1,9314.32,,,0.0025,24.7862,34.8092,283.4,0,,,True,SINGLE_READING;,3,day3,MATCHED,D3:wor:10,10,10,results.zip/day3.xlsx,workbook,2.7739,191.793,11,True,24.7862,34.8092,288.847,,0,288.847,0.15,12.4254,276.422,276.662,-0.240774,12569.1,31949.7,False,9343.59,0.0734396,RETIED_COLOCATION(EXTRAPOLATED_2.1h),134,,-29.4891,0.0224293,-0.222643,True,1.01189,-29.8398,176.533,-0.0386999,54.4894,24.6883,7.40201,9.88429,8.40389,7.66369,6.92349,6.18329,5.44308,4.92494,4.70288,3.96268,3.22248,2.48228,0.0514377,0.037056,11.2597,7.49209,0.330676,0.882905,9.70413,8.20571,7.4565,6.70729,5.95808,5.20887,4.68443,4.45966,3.71045,2.96125,2.21204,19.2839,True,10,1798.33,O-L5-1-22
145,CG6-0313,2026-01-18,5,11,field,CG6-0313|2026-01-18|L5|S11,2026-01-18 12:30:41,2026-01-18 12:30:41,2026-01-18 12:30:41.000,1,1,9313.49,,,0.0022,24.7846,34.8096,275.2,0,,,True,SINGLE_READING;,3,day3,MATCHED,D3:wor:11,11,11,results.zip/day3.xlsx,workbook,11.2598,32.0495,1-159,True,24.7845,34.8095,291.735,,0,291.735,0.15,12.4244,279.311,278.876,0.434298,12536,32119.1,False,9343.59,0.0743544,RETIED_COLOCATION(EXTRAPOLATED_2.2h),134,,-30.319,0.0223979,-0.222643,True,1.01189,-30.6796,179.422,-0.154586,55.3811,24.8561,7.52315,9.80982,8.30519,7.55287,6.80056,6.04824,5.29593,4.76931,4.54361,3.7913,3.03898,2.28667,0.051424,0.037037,11.4,7.63238,0.311525,0.831771,9.59136,8.06488,7.30164,6.5384,5.77516,5.01193,4.47766,4.24869,3.48545,2.72221,1.95897,19.3023,True,11,1988.25,O-L5-1-22
146,CG6-0313,2026-01-18,5,12,field,CG6-0313|2026-01-18|L5|S12,2026-01-18 12:35:09,2026-01-18 12:35:09,2026-01-18 12:35:09.000,1,1,9313.1,,,0.0021,24.7829,34.8103,275.6,0,,,True,SINGLE_READING;,3,day3,MATCHED,D3:wor:12,12,12,results.zip/day3.xlsx,workbook,8.77291,30.9598,1-160,True,24.7829,34.8102,293.644,,0,293.644,0.15,12.4218,281.222,281.369,-0.147119,12471.7,32284,False,9343.58,0.0755928,RETIED_COLOCATION(EXTRAPOLATED_2.3h),134,,-30.706,0.0223883,-0.222643,True,1.01189,-31.0712,181.333,-0.267439,55.9711,25.1673,7.6033,9.96074,8.44008,7.67975,6.91942,6.15909,5.39876,4.86653,4.63843,3.8781,3.11777,2.35744,0.0514198,0.0370312,11.4417,7.67411,0.349943,0.934348,9.81911,8.28429,7.51688,6.74947,5.98206,5.21464,4.67746,4.44723,3.67982,2.91241,2.145,19.2805,True,12,2184.6,O-L5-1-22
147,CG6-0313,2026-01-18,5,13,field,CG6-0313|2026-01-18|L5|S13,2026-01-18 12:38:27,2026-01-18 12:39:54,2026-01-18 12:39:10.500,2,2,9312.05,0.0033798,0.0016899,0.0016899,24.7811,34.8103,276.95,0,,,True,,3,day3,MATCHED,D3:wor:13,13,13,results.zip/day3.xlsx,workbook,10.9324,41.8912,1-161,True,24.781,34.8103,296.662,,0,296.662,0.15,12.4218,284.24,283.99,0.250334,12476.4,32481.3,False,9343.58,0.0767262,RETIED_COLOCATION(EXTRAPOLATED_2.3h),134,,-31.7597,0.0223536,-0.222643,True,1.01189,-32.1374,184.351,-0.393905,56.9026,25.1591,7.72985,9.6994,8.15343,7.38045,6.60746,5.83448,5.06149,4.5204,4.28851,3.51552,2.74254,1.96955,0.0514047,0.0370102,11.5821,7.81448,0.33613,0.897468,9.53015,7.96725,7.1858,6.40436,5.62291,4.84146,4.29445,4.06001,3.27857,2.49712,1.71567,19.3329,True,13,2389.34,O-L5-1-22
148,CG6-0313,2026-01-18,5,14,field,CG6-0313|2026-01-18|L5|S14,2026-01-18 12:42:57,2026-01-18 12:42:57,2026-01-18 12:42:57.000,1,1,9311.71,,,0.0019,24.7792,34.8094,277.6,0,,,True,SINGLE_READING;,3,day3,MATCHED,D3:wor:14,14,14,results.zip/day3.xlsx,workbook,8.11864,27.3508,1-162,True,24.7792,34.8093,299.164,,0,299.164,0.15,12.4252,286.739,287.101,-0.36232,12584.5,32706.4,False,9343.58,0.0778036,RETIED_COLOCATION(EXTRAPOLATED_2.4h),134,,-32.091,0.0223704,-0.222643,True,1.01189,-32.4727,186.85,-0.521311,57.6738,25.7225,7.83461,10.0532,8.4863,7.70284,6.91938,6.13592,5.35246,4.80403,4.569,3.78553,3.00207,2.21861,0.0514121,0.0370204,11.6815,7.91389,0.341479,0.911749,9.89467,8.31189,7.5205,6.72911,5.93772,5.14633,4.59236,4.35495,3.56356,2.77217,1.98078,19.4829,True,14,2616.82,O-L5-1-22
149,CG6-0313,2026-01-18,5,15,field,CG6-0313|2026-01-18|L5|S15,2026-01-18 12:47:01,2026-01-18 12:47:01,2026-01-18 12:47:01.000,1,1,9311.02,,,0.0025,24.7779,34.8084,287.7,0,,,True,SINGLE_READING;,3,day3,MATCHED,D3:wor:15,15,15,results.zip/day3.xlsx,workbook,8.40259,59.264,1-163,True,24.7779,34.8084,301.62,,0,301.62,0.15,12.4286,289.191,288.903,0.28878,12690.2,32867.1,False,9343.58,0.0789792,RETIED_COLOCATION(EXTRAPOLATED_2.5h),134,,-32.7791,0.0224293,-0.222643,True,1.01189,-33.1689,189.302,-0.610091,58.4308,25.872,7.93745,9.99706,8.40957,7.61582,6.82208,6.02833,5.23459,4.67897,4.44084,3.6471,2.85335,2.05961,0.0514377,0.037056,11.7654,7.9978,0.360407,0.962286,9.87636,8.2768,7.47702,6.67724,5.87746,5.07768,4.51783,4.2779,3.47812,2.67834,1.87856,19.6161,True,15,2789.65,O-L5-1-22
150,CG6-0313,2026-01-18,5,16,field,CG6-0313|2026-01-18|L5|S16,2026-01-18 12:50:45,2026-01-18 12:50:45,2026-01-18 12:50:45.000,1,1,9310.22,,,0.0039,24.7768,34.807,295.2,0,,,True,SINGLE_READING;,3,day3,MATCHED,D3:wor:16,16,16,results.zip/day3.xlsx,workbook,9.06241,47.7667,1-164,True,24.7768,34.8069,303.704,,0,303.704,0.15,12.4338,291.27,291.687,-0.416457,12846.8,33018.2,False,9343.58,0.0800714,RETIED_COLOCATION(EXTRAPOLATED_2.5h),134,,-33.5835,0.0226282,-0.222643,True,1.01189,-33.9829,191.381,-0.685318,59.0724,25.7749,8.02461,9.72564,8.12072,7.31826,6.5158,5.71334,4.91087,4.34915,4.10841,3.30595,2.50349,1.70103,0.0515247,0.0371767,11.8715,8.10389,0.341484,0.911763,9.5671,7.94632,7.13593,6.32554,5.51515,4.70477,4.13749,3.89438,3.08399,2.2736,1.46321,19.7937,True,16,2981.73,O-L5-1-22
151,CG6-0313,2026-01-18,5,17,field,CG6-0313|2026-01-18|L5|S17,2026-01-18 12:53:54,2026-01-18 12:53:54,2026-01-18 12:53:54.000,1,1,9309.35,,,0.0024,24.7755,34.8055,290.1,0,,,True,SINGLE_READING;,3,day3,MATCHED,D3:wor:17,17,17,results.zip/day3.xlsx,workbook,10.3195,68.1483,1-165,True,24.7754,34.8054,305.945,,0,305.945,0.15,12.4391,293.506,293.546,-0.040234,13010.2,33193.7,False,9343.57,0.0810023,RETIED_COLOCATION(EXTRAPOLATED_2.6h),134,,-34.4447,0.0224184,-0.222643,True,1.01189,-34.8544,193.617,-0.777587,59.7625,25.6857,8.11836,9.44899,7.82532,7.01349,6.20165,5.38981,4.57798,4.00969,3.76614,2.95431,2.14247,1.33063,0.051433,0.0370494,11.9684,8.20078,0.338333,0.903348,9.28415,7.64399,6.82391,6.00383,5.18375,4.36367,3.78962,3.5436,2.72352,1.90344,1.08336,19.9805,True,17,3192.91,O-L5-1-22
152,CG6-0313,2026-01-18,5,18,field,CG6-0313|2026-01-18|L5|S18,2026-01-18 12:57:09,2026-01-18 12:57:09,2026-01-18 12:57:09.000,1,1,9308.69,,,0.0071,24.774,34.8046,288.9,0,,STDDEV_GT_0.050,True,SINGLE_READING;,3,day3,MATCHED,D3:wor:18,18,18,results.zip/day3.xlsx,workbook,9.56567,61.2618,1-166,True,24.774,34.8045,307.837,,0,307.837,0.15,12.4421,295.395,297.156,-1.76119,13117,33373.5,False,9343.57,0.0819714,RETIED_COLOCATION(EXTRAPOLATED_2.6h),134,,-35.1011,0.0233931,-0.222643,True,1.01189,-35.5185,195.506,-0.878953,60.3455,25.706,8.19756,9.31083,7.67131,6.85156,6.0318,5.21205,4.39229,3.81846,3.57253,2.75278,1.93302,1.11326,0.0518652,0.0376472,12.0478,8.28026,0.33806,0.90262,9.14543,7.48938,6.66136,5.83333,5.0053,4.17728,3.59766,3.34925,2.52123,1.6932,0.865173,20.1145,True,18,3379.41,O-L5-1-22
154,CG6-0313,2026-01-18,5,20,field,CG6-0313|2026-01-18|L5|S20,2026-01-18 13:06:54,2026-01-18 13:06:54,2026-01-18 13:06:54.000,1,1,9306.7,,,0.0022,24.7714,34.8023,294.7,0,,,True,SINGLE_READING;,3,day3,MATCHED,D3:wor:20,20,20,results.zip/day3.xlsx,workbook,9.95558,76.2651,1-168,True,24.7713,34.8023,313.342,,0,313.342,0.15,12.4501,300.892,301.035,-0.143149,13381,33711.8,False,9343.57,0.0849282,RETIED_COLOCATION(EXTRAPOLATED_2.8h),134,,-37.0894,0.0223979,-0.222643,True,1.01189,-37.5305,201.003,-1.0607,62.0422,25.5724,8.42805,8.71629,7.03068,6.18787,5.34507,4.50226,3.65945,3.06949,2.81665,1.97384,1.13104,0.288233,0.051424,0.037037,12.3254,8.55777,0.29104,0.777076,8.45685,6.7453,5.88952,5.03374,4.17797,3.32219,2.72315,2.46641,1.61064,0.754859,-0.100918,20.4257,True,20,3753.86,O-L5-1-22
155,CG6-0313,2026-01-18,5,21,field,CG6-0313|2026-01-18|L5|S21,2026-01-18 13:14:17,2026-01-18 13:14:17,2026-01-18 13:14:17.000,1,1,9305.84,,,0.0028,24.7695,34.802,305.5,0,,,True,SINGLE_READING;,3,day3,MATCHED,D3:wor:21,21,21,results.zip/day3.xlsx,workbook,10.1475,95.5439,1-169,True,24.7694,34.8019,316.114,,0,316.114,0.15,12.4513,303.663,303.61,0.0524709,13443.9,33922.4,False,9343.56,0.0872132,RETIED_COLOCATION(EXTRAPOLATED_2.9h),134,,-37.9463,0.0224648,-0.222643,True,1.01189,-38.3976,203.774,-1.18914,62.8974,25.6889,8.54423,8.60045,6.8916,6.03718,5.18276,4.32833,3.47391,2.87581,2.61949,1.76506,0.910639,0.0562153,0.0514532,0.0370775,12.45,8.6824,0.28259,0.754515,8.32412,6.58764,5.71939,4.85115,3.98291,3.11467,2.50691,2.24643,1.37819,0.509954,-0.358286,20.5256,True,21,3964.86,O-L5-1-22
156,CG6-0313,2026-01-18,5,22,field,CG6-0313|2026-01-18|L5|S22,2026-01-18 13:17:35,2026-01-18 13:17:35,2026-01-18 13:17:35.000,1,1,9305.21,,,0.0034,24.7677,34.8017,303.9,0,,,True,SINGLE_READING;,3,day3,MATCHED,D3:wor:22,22,22,results.zip/day3.xlsx,workbook,13.0207,63.3526,1-170,True,24.7676,34.8017,318.709,,0,318.709,0.15,12.4519,306.257,306.171,0.0864654,13494.4,34121.3,False,9343.56,0.0882464,RETIED_COLOCATION(EXTRAPOLATED_3.0h),134,,-38.5775,0.0225474,-0.222643,True,1.01189,-39.0363,206.368,-1.314,63.6981,25.9758,8.65301,8.66978,6.93918,6.07387,5.20857,4.34327,3.47797,2.87226,2.61267,1.74737,0.882066,0.0167643,0.0514893,0.0371276,12.5559,8.78832,0.285454,0.762161,8.39917,6.64151,5.76268,4.88385,4.00501,3.12618,2.511,2.24735,1.36852,0.489686,-0.389145,20.6122,True,22,4168.21,O-L5-1-22
161,CG6-0313,2026-01-19,6,1,field,CG6-0313|2026-01-19|L6|S1,2026-01-19 10:00:15,2026-01-19 10:01:15,2026-01-19 10:00:15.000,2,1,9324.57,,,0.0021,24.7982,34.8362,230.95,2.11271,GROSS_RANGE_GT_500;OVERFLOW_FIELD;TILT_GT_30,,True,SINGLE_READING;,4,day4,MATCHED,D4:wor:2026-01-04,2026-01-04,4-1,results.zip/day4.xlsx,workbook,3.83122,195.82,2026-02-04,False,24.7982,34.8361,248.205,,0,248.205,0.15,12.3227,235.882,237.656,-1.77328,9934.78,30154,False,9343.82,0.0538498,INTERPOLATED,160,183,-19.2472,0.0538908,0,True,1.01189,-19.4761,135.993,0.784678,41.9767,21.716,5.7022,10.3116,9.17113,8.60091,8.03069,7.46047,6.89025,6.4911,6.32003,5.74981,5.17959,4.60937,0.0710421,0.0614353,9.54368,5.7761,0.346859,0.926113,10.1638,9.00856,8.43095,7.85334,7.27573,6.69812,6.29379,6.12051,5.5429,4.96529,4.38768,16.333,True,1,0,O-L6-1-46
162,CG6-0313,2026-01-19,6,2,field,CG6-0313|2026-01-19|L6|S2,2026-01-19 10:12:40,2026-01-19 10:12:40,2026-01-19 10:12:40.000,1,1,9323.69,,,0.0037,24.7989,34.8344,237.6,0,,,True,SINGLE_READING;,4,day4,MATCHED,D4:wor:2026-02-04,2026-02-04,4-2,results.zip/day4.xlsx,workbook,6.89726,197.608,2026-01-04,False,24.7989,34.8344,252.24,,0,252.24,0.15,12.3302,239.91,241.447,-1.53737,10122.8,30100.2,False,9343.82,0.0537695,INTERPOLATED,160,183,-20.1266,0.0538966,0,True,1.01189,-20.3659,140.021,0.832501,43.2199,22.0214,5.87108,10.2793,9.10504,8.51793,7.93082,7.34371,6.75661,6.34563,6.1695,5.58239,4.99528,4.40818,0.0710465,0.0614404,9.61277,5.84518,0.446648,1.19255,10.331,9.162,8.57748,7.99296,7.40844,6.82392,6.41476,6.23941,5.65489,5.07037,4.48585,16.4945,True,2,197.174,O-L6-1-46
213,CG6-0313,2026-01-20,6,3,field,CG6-0313|2026-01-20|L6|S3,2026-01-20 13:07:56,2026-01-20 13:07:56,2026-01-20 13:07:56.000,1,1,9322.54,,,0.0048,24.7982,34.8326,252.5,0,,,True,SINGLE_READING;,5,day5,MATCHED,D5:wor:L6-3,L6-3,L6-3,results.zip/day5.xlsx,workbook,4.70724,184.266,L6-4,True,24.7982,34.8325,256.555,,0,256.555,0.15,12.3377,244.217,245.904,-1.68694,10295.2,30201.4,False,9343.26,0.053652,INTERPOLATED,212,226,-20.7189,0.0538663,0,True,1.01189,-20.9653,144.328,0.787402,44.5494,22.7967,6.05169,10.6933,9.48295,8.87778,8.27261,7.66744,7.06227,6.63865,6.4571,5.85193,5.24677,4.6416,0.0710236,0.0614138,9.9119,6.14431,0.328135,0.876119,10.508,9.27918,8.66475,8.05032,7.43588,6.82145,6.39135,6.20702,5.59259,4.97816,4.36373,16.6883,True,3,393.845,O-L6-1-46
214,CG6-0313,2026-01-20,6,4,field,CG6-0313|2026-01-20|L6|S4,2026-01-20 13:13:21,2026-01-20 13:13:21,2026-01-20 13:13:21.000,1,1,9322.17,,,0.0033,24.7983,34.8308,247.4,0,,,True,SINGLE_READING;,5,day5,MATCHED,D5:wor:L6-4,L6-4,L6-4,results.zip/day5.xlsx,workbook,14.9263,83.5632,L6-5,True,24.7982,34.8307,259.545,,0,259.545,0.15,12.3444,247.201,248.411,-1.20992,10472.9,30220.2,False,9343.26,0.0536737,INTERPOLATED,212,226,-21.0865,0.0537751,0,True,1.01189,-21.3373,147.312,0.787083,45.4702,23.3458,6.17678,10.9922,9.75687,9.1392,8.52152,7.90384,7.28616,6.85379,6.66849,6.05081,5.43313,4.81545,0.0709544,0.0613338,10.0705,6.30292,0.294616,0.786625,10.7399,9.47936,8.84907,8.21878,7.58849,6.9582,6.51699,6.32791,5.69761,5.06732,4.43703,16.8673,True,4,576.608,O-L6-1-46
215,CG6-0313,2026-01-20,6,5,field,CG6-0313|2026-01-20|L6|S5,2026-01-20 13:26:09,2026-01-20 13:26:09,2026-01-20 13:26:09.000,1,1,9321.75,,,0.0021,24.7985,34.83,260.5,0,,,True,SINGLE_READING;,5,day5,MATCHED,D5:wor:L6-5,L6-5,L6-5,results.zip/day5.xlsx,workbook,5.21884,64.832,L6-6,True,24.7985,34.83,262.043,,0,262.043,0.15,12.3471,249.696,249.471,0.224768,10552.6,30208.8,False,9343.25,0.0537365,INTERPOLATED,212,226,-21.5024,0.0537775,0,True,1.01189,-21.7581,149.807,0.807994,46.2404,23.6743,6.28141,11.1115,9.85518,9.22704,8.5989,7.97076,7.34262,6.90292,6.71448,6.08634,5.4582,4.83006,0.0709562,0.0613359,10.2081,6.44046,0.2617,0.69874,10.7933,9.50526,8.86121,8.21716,7.57312,6.92907,6.47824,6.28502,5.64098,4.99693,4.35289,16.9338,True,5,658.73,O-L6-1-46
216,CG6-0313,2026-01-20,6,6,field,CG6-0313|2026-01-20|L6|S6,2026-01-20 13:34:08,2026-01-20 13:34:08,2026-01-20 13:34:08.000,1,1,9321.5,,,0.0021,24.7992,34.83,281.7,0,,,True,SINGLE_READING;,5,day5,MATCHED,D5:wor:L6-6,L6-6,L6-6,results.zip/day5.xlsx,workbook,12.2974,75.3957,L6-7,True,24.7991,34.8299,263.399,,0,263.399,0.15,12.3472,251.052,251.15,-0.0980911,10569.8,30136.3,False,9343.24,0.0537839,INTERPOLATED,212,226,-21.7382,0.0538249,0,True,1.01189,-21.9967,151.163,0.849513,46.6589,23.8127,6.33826,11.1362,9.86853,9.2347,8.60088,7.96705,7.33323,6.88955,6.6994,6.06558,5.43175,4.79792,0.0709921,0.0613775,10.2535,6.4859,0.273113,0.729212,10.8409,9.54371,8.89512,8.24653,7.59794,6.94935,6.49534,6.30076,5.65217,5.00358,4.35499,16.9294,True,6,726.522,O-L6-1-46
217,CG6-0313,2026-01-20,6,7,field,CG6-0313|2026-01-20|L6|S7,2026-01-20 13:38:37,2026-01-20 13:38:37,2026-01-20 13:38:37.000,1,1,9321.41,,,0.0032,24.7999,34.8301,249.9,0,,,True,SINGLE_READING;,5,day5,MATCHED,D5:wor:L6-7,L6-7,L6-7,results.zip/day5.xlsx,workbook,8.13343,95.1482,L6-6,True,24.7999,34.8301,264.359,,0,264.359,0.15,12.3462,252.013,253.407,-1.39409,10563.1,30053.3,False,9343.24,0.0538133,INTERPOLATED,212,226,-21.8238,0.0539084,0,True,1.01189,-22.0833,152.124,0.902256,46.9555,23.9699,6.37855,11.2128,9.9371,9.29924,8.66139,8.02353,7.38568,6.93918,6.74782,6.10997,5.47211,4.83426,0.0710554,0.0614507,10.261,6.49341,0.305901,0.816754,10.9831,9.68442,9.03507,8.38573,7.73639,7.08705,6.63251,6.43771,5.78837,5.13903,4.48969,16.8944,True,7,813.895,O-L6-1-46
218,CG6-0313,2026-01-20,6,8,field,CG6-0313|2026-01-20|L6|S8,2026-01-20 13:43:31,2026-01-20 13:43:31,2026-01-20 13:43:31.000,1,1,9320.87,,,0.0019,24.8009,34.83,256.1,0,,,True,SINGLE_READING;,5,day5,MATCHED,D5:wor:L6-8,L6-8,L6-8,results.zip/day5.xlsx,workbook,9.10574,83.9119,L6-9,True,24.8008,34.83,267.18,,0,267.18,0.15,12.3463,254.834,254.688,0.145538,10588.6,29952.8,False,9343.23,0.0538477,INTERPOLATED,212,226,-22.3689,0.0538812,0,True,1.01189,-22.6349,154.945,0.965551,47.8262,24.2257,6.49683,11.2321,9.93272,9.28303,8.63335,7.98367,7.33398,6.87921,6.6843,6.03462,5.38493,4.73525,0.0710348,0.0614269,10.3631,6.59549,0.322096,0.859997,11.0348,9.71566,9.05611,8.39656,7.73702,7.07747,6.61578,6.41792,5.75837,5.09882,4.43927,16.8857,True,8,916.858,O-L6-1-46
219,CG6-0313,2026-01-20,6,9,field,CG6-0313|2026-01-20|L6|S9,2026-01-20 13:47:33,2026-01-20 13:47:33,2026-01-20 13:47:33.000,1,1,9320.58,,,0.0034,24.8013,34.8293,265.4,0,,,True,SINGLE_READING;,5,day5,MATCHED,D5:wor:L6-9,L6-9,L6-9,results.zip/day5.xlsx,workbook,4.30519,79.0225,L6-10,True,24.8012,34.8293,268.878,,0,268.878,0.15,12.3488,256.529,256.967,-0.437619,10670,29923.5,False,9343.23,0.0538778,INTERPOLATED,212,226,-22.6488,0.053985,0,True,1.01189,-22.9182,156.64,0.994062,48.3495,24.4373,6.56792,11.3014,9.98784,9.33105,8.67426,8.01747,7.36067,6.90092,6.70388,6.04709,5.3903,4.7335,0.0711136,0.0615179,10.4358,6.66821,0.320467,0.855648,11.1008,9.76721,9.10038,8.43356,7.76674,7.09992,6.63315,6.4331,5.76628,5.09946,4.43263,16.9468,True,9,1001.33,O-L6-1-46
220,CG6-0313,2026-01-20,6,10,field,CG6-0313|2026-01-20|L6|S10,2026-01-20 13:50:57,2026-01-20 13:50:57,2026-01-20 13:50:57.000,1,1,9320.36,,,0.0037,24.8017,34.8286,289.1,0,,,True,SINGLE_READING;,5,day5,MATCHED,D5:wor:L6-10,L6-10,L6-10,results.zip/day5.xlsx,workbook,12.5416,83.7517,L6-11,True,24.8016,34.8286,269.835,,0,269.835,0.15,12.3512,257.484,258.899,-1.41535,10744.7,29881.6,False,9343.23,0.0539044,INTERPOLATED,212,226,-22.8716,0.0540312,0,True,1.01189,-23.1436,157.595,1.02208,48.6441,24.4784,6.60795,11.2625,9.94094,9.28014,8.61934,7.95855,7.29775,6.8352,6.63696,5.97616,5.31537,4.65457,0.0711487,0.0615585,10.456,6.68845,0.340261,0.908498,11.1015,9.76384,9.095,8.42616,7.75731,7.08847,6.62027,6.41962,5.75078,5.08193,4.41309,17.006,True,10,1083.5,O-L6-1-46
221,CG6-0313,2026-01-20,6,11,field,CG6-0313|2026-01-20|L6|S11,2026-01-20 13:55:01,2026-01-20 13:55:01,2026-01-20 13:55:01.000,1,1,9319.91,,,0.0025,24.8023,34.828,277.6,0,,,True,SINGLE_READING;,5,day5,MATCHED,D5:wor:L6-11,L6-11,L6-11,results.zip/day5.xlsx,workbook,6.32168,88.2921,L6-12,True,24.8023,34.828,272.402,,0,272.402,0.15,12.3532,260.049,259.977,0.0721804,10814.3,29827.2,False,9343.23,0.0539377,INTERPOLATED,212,226,-23.3206,0.0539956,0,True,1.01189,-23.5979,160.16,1.06629,49.4358,24.7717,6.7155,11.3406,9.99755,9.326,8.65445,7.9829,7.31135,6.84126,6.6398,5.96825,5.2967,4.62515,0.0711217,0.0615273,10.5961,6.82848,0.307782,0.821779,11.1147,9.749,9.06616,8.38331,7.70046,7.01761,6.53962,6.33476,5.65192,4.96907,4.28622,17.0517,True,11,1176.43,O-L6-1-46
222,CG6-0313,2026-01-20,6,12,field,CG6-0313|2026-01-20|L6|S12,2026-01-20 13:59:58,2026-01-20 13:59:58,2026-01-20 13:59:58.000,1,1,9319.59,,,0.0036,24.8031,34.8277,275.5,0,,,True,SINGLE_READING;,5,day5,MATCHED,D5:wor:L6-12,L6-12,L6-12,results.zip/day5.xlsx,workbook,7.42905,94.4569,L6-13,True,24.8031,34.8277,273.781,,0,273.781,0.15,12.3542,261.427,262.516,-1.08963,10862.7,29745.2,False,9343.22,0.0539805,INTERPOLATED,212,226,-23.6334,0.0541004,0,True,1.01189,-23.9144,161.538,1.12068,49.8612,24.8261,6.77328,11.2795,9.92485,9.24752,8.57019,7.89287,7.21554,6.74141,6.53821,5.86088,5.18355,4.50623,0.0712012,0.0616192,10.6143,6.84672,0.347318,0.927339,11.1326,9.76328,9.07861,8.39394,7.70927,7.0246,6.54533,6.33992,5.65525,4.97058,4.28591,17.0702,True,12,1270.79,O-L6-1-46
223,CG6-0313,2026-01-20,6,13,field,CG6-0313|2026-01-20|L6|S13,2026-01-20 14:05:08,2026-01-20 14:05:08,2026-01-20 14:05:08.000,1,1,9319.18,,,0.0028,24.8038,34.827,273.7,0,,,True,SINGLE_READING;,5,day5,MATCHED,D5:wor:L6-13,L6-13,L6-13,results.zip/day5.xlsx,workbook,3.59361,75.6984,L6-14,True,24.8037,34.827,276.071,,0,276.071,0.15,12.3564,263.715,263.746,-0.0317963,10940.6,29685.7,False,9343.22,0.0540277,INTERPOLATED,212,226,-24.0369,0.0541002,0,True,1.01189,-24.3228,163.826,1.16809,50.5673,25.0765,6.86921,11.338,9.9642,9.27728,8.59036,7.90343,7.21651,6.73567,6.52959,5.84267,5.15575,4.46883,0.0712011,0.061619,10.6883,6.92076,0.369208,0.985786,11.2349,9.85079,9.15871,8.46664,7.77456,7.08249,6.59803,6.39041,5.69834,5.00626,4.31418,17.1215,True,13,1371.3,O-L6-1-46
224,CG6-0313,2026-01-20,6,14,field,CG6-0313|2026-01-20|L6|S14,2026-01-20 14:09:10,2026-01-20 14:09:10,2026-01-20 14:09:10.000,1,1,9318.83,,,0.0048,24.8045,34.8267,279.6,0,,,True,SINGLE_READING;,5,day5,MATCHED,D5:wor:L6-14,L6-14,L6-14,results.zip/day5.xlsx,workbook,10.5856,64.8598,L6-15,True,24.8044,34.8267,277.618,,0,277.618,0.15,12.3576,265.26,265.872,-0.611988,10985.8,29613.8,False,9343.22,0.0540663,INTERPOLATED,212,226,-24.3823,0.054279,0,True,1.01189,-24.6723,165.371,1.21176,51.0444,25.1604,6.93403,11.2923,9.90551,9.21211,8.51871,7.82531,7.1319,6.64652,6.4385,5.7451,5.0517,4.35829,0.071337,0.0617761,10.695,6.92737,0.427418,1.14121,11.3056,9.92017,9.22743,8.5347,7.84196,7.14922,6.66431,6.45649,5.76375,5.07101,4.37828,17.1453,True,14,1450.44,O-L6-1-46
225,CG6-0313,2026-01-20,6,15,field,CG6-0313|2026-01-20|L6|S15,2026-01-20 14:12:26,2026-01-20 14:12:26,2026-01-20 14:12:26.000,1,1,9318.51,,,0.0023,24.8049,34.8262,289.8,0,,,True,SINGLE_READING;,5,day5,MATCHED,D5:wor:L6-15,L6-15,L6-15,results.zip/day5.xlsx,workbook,7.68755,78.4254,L6-14,True,24.8049,34.8262,278.862,,0,278.862,0.15,12.3592,266.503,268.882,-2.37954,11046.5,29575.1,False,9343.21,0.0540988,INTERPOLATED,212,226,-24.7006,0.0541476,0,True,1.01189,-24.9943,166.614,1.244,51.4279,25.1896,6.98612,11.2173,9.82011,9.1215,8.42289,7.72427,7.02566,6.53663,6.32705,5.62844,4.92983,4.23121,0.0712371,0.0616607,10.7166,6.94901,0.45786,1.22249,11.2915,9.90174,9.20683,8.51193,7.81703,7.12213,6.6357,6.42723,5.73233,5.03743,4.34252,17.1848,True,15,1521.57,O-L6-1-46
230,CG6-0313,2026-01-21,6,16,field,CG6-0313|2026-01-21|L6|S16,2026-01-21 09:08:22,2026-01-21 09:08:22,2026-01-21 09:08:22.000,1,1,9318.12,,,0.0024,24.8052,34.8253,276.9,0,,,True,SINGLE_READING;,6,day6,MATCHED,D6:wor:L6-16,L6-16,L6-16,results.zip/day6.xlsx,workbook,3.11812,89.5655,L6-17,True,24.8051,34.8254,280.116,,0,280.116,0.15,12.3623,267.754,269.738,-1.98435,11133.6,29563.5,False,9342.79,0.0537187,INTERPOLATED,229,261,-24.6696,0.0537723,0,True,1.01189,-24.963,167.865,1.26358,51.814,25.5874,7.03857,11.5103,10.1026,9.39873,8.69487,7.99102,7.28716,6.79446,6.5833,5.87945,5.17559,4.47173,0.0709523,0.0613314,10.8507,7.08314,0.37619,1.00443,11.4212,10.0045,9.29623,8.58791,7.8796,7.17129,6.67547,6.46297,5.75466,5.04634,4.33803,17.2633,True,16,1611.73,O-L6-1-46
231,CG6-0313,2026-01-21,6,17,field,CG6-0313|2026-01-21|L6|S17,2026-01-21 09:13:10,2026-01-21 09:13:10,2026-01-21 09:13:10.000,1,1,9317.89,,,0.0026,24.8055,34.8245,271.5,0,,,True,SINGLE_READING;,6,day6,MATCHED,D6:wor:L6-17,L6-17,L6-17,results.zip/day6.xlsx,workbook,4.62731,85.5743,L6-18,True,24.8055,34.8245,282.428,,0,282.428,0.15,12.3653,270.063,270.114,-0.0513582,11224.6,29539.2,False,9342.79,0.0537032,INTERPOLATED,229,261,-24.8985,0.0537661,0,True,1.01189,-25.1946,170.174,1.28818,52.5267,26.0439,7.13539,11.7732,10.3461,9.63254,8.919,8.20547,7.49193,6.99245,6.77839,6.06485,5.35131,4.63777,0.0709476,0.0613259,11.0015,7.23394,0.322199,0.860271,11.576,10.1293,9.40586,8.68246,7.95907,7.23568,6.7293,6.51228,5.78889,5.06549,4.3421,17.3398,True,17,1704.24,O-L6-1-46
232,CG6-0313,2026-01-21,6,18,field,CG6-0313|2026-01-21|L6|S18,2026-01-21 09:17:41,2026-01-21 09:17:41,2026-01-21 09:17:41.000,1,1,9317.63,,,0.0024,24.8057,34.8236,268.2,0,,,True,SINGLE_READING;,6,day6,MATCHED,D6:wor:L6-18,L6-18,L6-18,results.zip/day6.xlsx,workbook,3.6813,86.4709,L6-19,True,24.8057,34.8237,284.334,,0,284.334,0.15,12.3685,271.965,272.067,-0.101193,11313.8,29537.7,False,9342.78,0.053689,INTERPOLATED,229,261,-25.1493,0.0537427,0,True,1.01189,-25.4484,172.077,1.30073,53.114,26.3648,7.21517,11.9345,10.4914,9.76992,9.0484,8.32688,7.60536,7.1003,6.88385,6.16233,5.44081,4.7193,0.0709298,0.0613054,11.0993,7.33173,0.304196,0.812202,11.7013,10.235,9.50182,8.76865,8.03548,7.3023,6.78908,6.56913,5.83596,5.10279,4.36961,17.4234,True,18,1794.11,O-L6-1-46
233,CG6-0313,2026-01-21,6,19,field,CG6-0313|2026-01-21|L6|S19,2026-01-21 09:22:14,2026-01-21 09:22:14,2026-01-21 09:22:14.000,1,1,9317.39,,,0.0055,24.806,34.8228,254.9,0,,,True,SINGLE_READING;,6,day6,MATCHED,D6:wor:L6-19,L6-19,L6-19,results.zip/day6.xlsx,workbook,7.40758,84.0843,L6-20,True,24.8059,34.8228,285.768,,0,285.768,0.15,12.3716,273.396,274.336,-0.939288,11406.6,29523.6,False,9342.78,0.0536753,INTERPOLATED,229,261,-25.3899,0.0539563,0,True,1.01189,-25.6918,173.507,1.31909,53.5556,26.5447,7.27517,11.9944,10.5393,9.81183,9.08431,8.3568,7.62928,7.12002,6.90176,6.17425,5.44673,4.71921,0.0710918,0.0614928,11.1538,7.38623,0.309691,0.826876,11.7722,10.295,9.55638,8.81776,8.07913,7.34051,6.82347,6.60189,5.86326,5.12464,4.38602,17.503,True,19,1884.09,O-L6-1-46
234,CG6-0313,2026-01-21,6,20,field,CG6-0313|2026-01-21|L6|S20,2026-01-21 09:25:56,2026-01-21 09:25:56,2026-01-21 09:25:56.000,1,1,9317.06,,,0.0035,24.8066,34.8222,264.9,0,,,True,SINGLE_READING;,6,day6,MATCHED,D6:wor:L6-20,L6-20,L6-20,results.zip/day6.xlsx,workbook,3.43577,92.9897,L6-21,True,24.8065,34.8222,288.073,,0,288.073,0.15,12.3737,275.699,276.806,-1.10671,11473.5,29467.6,False,9342.78,0.0536645,INTERPOLATED,229,261,-25.7252,0.0537785,0,True,1.01189,-26.0311,175.81,1.36081,54.2664,26.8745,7.37173,12.1311,10.6567,9.91954,9.18237,8.44519,7.70802,7.192,6.97085,6.23368,5.4965,4.75933,0.0709569,0.0613368,11.2603,7.49273,0.299759,0.800358,11.8891,10.3905,9.64125,8.89197,8.1427,7.39343,6.86894,6.64415,5.89488,5.14561,4.39634,17.552,True,20,1973.93,O-L6-1-46
235,CG6-0313,2026-01-21,6,21,field,CG6-0313|2026-01-21|L6|S21,2026-01-21 09:30:04,2026-01-21 09:30:04,2026-01-21 09:30:04.000,1,1,9316.71,,,0.0021,24.8074,34.8218,284.5,0,,,True,SINGLE_READING;,6,day6,MATCHED,D6:wor:L6-21,L6-21,L6-21,results.zip/day6.xlsx,workbook,2.96129,82.6006,L6-22,True,24.8073,34.8218,289.724,,0,289.724,0.15,12.3749,277.349,278.177,-0.828,11528,29388.4,False,9342.78,0.0536527,INTERPOLATED,229,261,-26.0697,0.0536938,0,True,1.01189,-26.3797,177.46,1.41462,54.7756,26.9813,7.4409,12.0995,10.6113,9.86719,9.1231,8.37901,7.63492,7.11405,6.89083,6.14674,5.40265,4.65856,0.0708928,0.0612626,11.3285,7.56093,0.300728,0.802944,11.8594,10.3472,9.59112,8.83503,8.07894,7.32284,6.79358,6.56675,5.81066,5.05456,4.29847,17.5791,True,21,2069.6,O-L6-1-46
236,CG6-0313,2026-01-21,6,22,field,CG6-0313|2026-01-21|L6|S22,2026-01-21 09:33:29,2026-01-21 09:33:29,2026-01-21 09:33:29.000,1,1,9316.26,,,0.0035,24.8081,34.8215,275.1,0,,,True,SINGLE_READING;,6,day6,MATCHED,D6:wor:L6-22,L6-22,L6-22,results.zip/day6.xlsx,workbook,4.15058,89.5857,L6-21,True,24.808,34.8215,291.745,,0,291.745,0.15,12.376,279.369,279.578,-0.209425,11577.2,29316.7,False,9342.78,0.0536433,INTERPOLATED,229,261,-26.5161,0.0537574,0,True,1.01189,-26.8315,179.48,1.46344,55.3991,27.1041,7.5256,12.0529,10.5478,9.79526,9.0427,8.29014,7.53758,7.01079,6.78503,6.03247,5.27991,4.52735,0.070941,0.0613183,11.4112,7.64366,0.3027,0.80821,11.8168,10.2881,9.52373,8.75937,7.995,7.23064,6.69558,6.46627,5.70191,4.93754,4.17318,17.6011,True,22,2155.14,O-L6-1-46
237,CG6-0313,2026-01-21,6,23,field,CG6-0313|2026-01-21|L6|S23,2026-01-21 09:38:19,2026-01-21 09:38:19,2026-01-21 09:38:19.000,1,1,9315.95,,,0.002,24.8087,34.8208,256.1,0,,,True,SINGLE_READING;,6,day6,MATCHED,D6:wor:L6-23,L6-23,L6-23,results.zip/day6.xlsx,workbook,9.08002,37.3204,L6-33,True,24.8087,34.8208,293.753,,0,293.753,0.15,12.3784,281.375,282.235,-0.86064,11665,29257.8,False,9342.78,0.0536305,INTERPOLATED,229,261,-26.8302,0.0536678,0,True,1.01189,-27.1493,181.486,1.50946,56.0181,27.3593,7.60969,12.14,10.618,9.85705,9.09608,8.33511,7.57414,7.04146,6.81317,6.0522,5.29123,4.53026,0.0708731,0.0612398,11.5061,7.73847,0.29198,0.779586,11.8824,10.3347,9.56086,8.78701,8.01317,7.23932,6.69763,6.46547,5.69162,4.91778,4.14393,17.6588,True,23,2255.93,O-L6-1-46
238,CG6-0313,2026-01-21,6,24,field,CG6-0313|2026-01-21|L6|S24,2026-01-21 09:42:23,2026-01-21 09:42:23,2026-01-21 09:42:23.000,1,1,9315.68,,,0.0017,24.8098,34.8208,283.2,0,,,True,SINGLE_READING;,6,day6,MATCHED,D6:wor:L6-24,L6-24,L6-24,results.zip/day6.xlsx,workbook,8.21305,77.9063,L6-25,True,24.8097,34.8208,296.226,,0,296.226,0.15,12.3781,283.848,285.19,-1.34252,11687.3,29146.6,False,9342.78,0.0536202,INTERPOLATED,229,261,-27.0988,0.0536471,0,True,1.01189,-27.4211,183.959,1.57777,56.7815,27.7826,7.7134,12.3558,10.8132,10.0418,9.27048,8.49914,7.7278,7.18787,6.95646,6.18512,5.41378,4.64244,0.0708575,0.0612216,11.5947,7.82713,0.307024,0.819755,12.1284,10.5629,9.78024,8.99752,8.21481,7.4321,6.8842,6.64939,5.86667,5.08396,4.30125,17.646,True,24,2366.43,O-L6-1-46
239,CG6-0313,2026-01-21,6,25,field,CG6-0313|2026-01-21|L6|S25,2026-01-21 09:48:11,2026-01-21 09:48:11,2026-01-21 09:48:11.000,1,1,9315.28,,,0.0018,24.8105,34.8207,254.1,0,,,True,SINGLE_READING;,6,day6,MATCHED,D6:wor:L6-25,L6-25,L6-25,results.zip/day6.xlsx,workbook,7.60339,63.3732,L6-26,True,24.8105,34.8207,298.745,,0,298.745,0.15,12.3784,286.367,289.318,-2.95118,11716.8,29068.4,False,9342.77,0.0536061,INTERPOLATED,229,261,-27.4976,0.0536363,0,True,1.01189,-27.8246,186.478,1.62962,57.5589,28.1047,7.81901,12.4667,10.9029,10.121,9.33907,8.55717,7.77527,7.22794,6.99337,6.21147,5.42957,4.64767,0.0708493,0.0612122,11.696,7.92839,0.311378,0.831378,12.2479,10.6622,9.8694,9.07656,8.28372,7.49088,6.9359,6.69804,5.9052,5.11237,4.31953,17.6467,True,25,2450.98,O-L6-1-46
240,CG6-0313,2026-01-21,6,26,field,CG6-0313|2026-01-21|L6|S26,2026-01-21 09:51:58,2026-01-21 09:51:58,2026-01-21 09:51:58.000,1,1,9315.03,,,0.0031,24.8111,34.8206,277.8,0,,,True,SINGLE_READING;,6,day6,MATCHED,D6:wor:L6-26,L6-26,L6-26,results.zip/day6.xlsx,workbook,9.69308,67.1237,L6-27,True,24.8111,34.8206,300.504,,0,300.504,0.15,12.3785,288.125,289.909,-1.78318,11740.8,29000.4,False,9342.77,0.0535973,INTERPOLATED,229,261,-27.7447,0.0536869,0,True,1.01189,-28.0747,188.237,1.67146,58.1018,28.3556,7.89276,12.5701,10.9915,10.2023,9.41299,8.62371,7.83444,7.28195,7.04516,6.25589,5.46661,4.67734,0.0708876,0.0612565,11.7455,7.9779,0.335611,0.896083,12.3998,10.8042,10.0064,9.20864,8.41085,7.61306,7.05461,6.81527,6.01748,5.21969,4.4219,17.6473,True,26,2519.18,O-L6-1-46
241,CG6-0313,2026-01-21,6,27,field,CG6-0313|2026-01-21|L6|S27,2026-01-21 09:55:34,2026-01-21 09:55:34,2026-01-21 09:55:34.000,1,1,9314.6,,,0.0033,24.8118,34.8205,258.3,0,,,True,SINGLE_READING;,6,day6,MATCHED,D6:wor:L6-27,L6-27,L6-27,results.zip/day6.xlsx,workbook,11.5146,69.4895,L6-28,True,24.8117,34.8206,302.71,,0,302.71,0.15,12.3785,290.331,291.919,-1.58797,11764,28926.1,False,9342.77,0.0535893,INTERPOLATED,229,261,-28.1716,0.0536908,0,True,1.01189,-28.5067,190.443,1.71774,58.7826,28.5582,7.98525,12.5877,10.9907,10.1922,9.39364,8.59511,7.79659,7.23762,6.99806,6.19954,5.40101,4.60249,0.0708905,0.0612599,11.816,8.0484,0.35761,0.954819,12.4614,10.8518,10.0469,9.24209,8.43725,7.63241,7.06902,6.82757,6.02273,5.21789,4.41305,17.644,True,27,2594.19,O-L6-1-46
242,CG6-0313,2026-01-21,6,28,field,CG6-0313|2026-01-21|L6|S28,2026-01-21 09:59:23,2026-01-21 09:59:23,2026-01-21 09:59:23.000,1,1,9314.2,,,0.0021,24.8126,34.8206,267.2,0,,,True,SINGLE_READING;,6,day6,MATCHED,D6:wor:L6-28,L6-28,L6-28,results.zip/day6.xlsx,workbook,13.477,68.9029,L6-29,True,24.8124,34.8207,305.299,,0,305.299,0.15,12.3781,292.921,293.796,-0.875318,11776.9,28846.2,False,9342.77,0.0535811,INTERPOLATED,229,261,-28.5649,0.0536223,0,True,1.01189,-28.9046,193.032,1.76597,59.5819,28.9113,8.09383,12.7237,11.1049,10.2955,9.48612,8.67674,7.86736,7.30079,7.05797,6.24859,5.43921,4.62983,0.0708386,0.0611999,11.9229,8.15534,0.359243,0.959179,12.6006,10.9696,10.154,9.33849,8.52296,7.70742,7.13655,6.89189,6.07635,5.26082,4.44528,17.629,True,28,2672.47,O-L6-1-46
243,CG6-0313,2026-01-21,6,29,field,CG6-0313|2026-01-21|L6|S29,2026-01-21 10:02:30,2026-01-21 10:02:30,2026-01-21 10:02:30.000,1,1,9313.6,,,0.0021,24.8132,34.8205,282.1,0,,,True,SINGLE_READING;,6,day6,MATCHED,D6:wor:L6-29,L6-29,L6-29,results.zip/day6.xlsx,workbook,6.16077,85.7384,L6-30,True,24.8132,34.8205,307.737,,0,307.737,0.15,12.3784,295.359,295.965,-0.606326,11802.8,28774.7,False,9342.77,0.0535747,INTERPOLATED,229,261,-29.1661,0.0536158,0,True,1.01189,-29.5129,195.47,1.81574,60.3343,29.0056,8.19604,12.6135,10.9743,10.1547,9.33508,8.51548,7.69587,7.12215,6.87627,6.05666,5.23706,4.41746,0.0708338,0.0611942,12.0093,8.24172,0.37508,1.00146,12.5221,10.8738,10.0496,9.22546,8.40128,7.57711,7.00019,6.75294,5.92877,5.1046,4.28043,17.6335,True,29,2753.97,O-L6-1-46
244,CG6-0313,2026-01-21,6,30,field,CG6-0313|2026-01-21|L6|S30,2026-01-21 10:06:32,2026-01-21 10:06:32,2026-01-21 10:06:32.000,1,1,9313.07,,,0.0018,24.8137,34.8198,266,0,,,True,SINGLE_READING;,6,day6,MATCHED,D6:wor:L6-30,L6-30,L6-30,results.zip/day6.xlsx,workbook,7.87006,70.9503,L6-31,True,24.8136,34.8198,310.645,,0,310.645,0.15,12.3811,298.264,301.063,-2.79925,11888.3,28736.5,False,9342.77,0.0535667,INTERPOLATED,229,261,-29.6948,0.053597,0,True,1.01189,-30.0479,198.375,1.84838,61.231,29.3347,8.31786,12.699,11.0354,10.2036,9.37181,8.54002,7.70823,7.12598,6.87645,6.04466,5.21288,4.38109,0.0708195,0.0611777,12.1561,8.38856,0.35006,0.934659,12.5576,10.8798,10.041,9.20213,8.36328,7.52442,6.93722,6.68557,5.84671,5.00785,4.169,17.7012,True,30,2844.23,O-L6-1-46
245,CG6-0313,2026-01-21,6,31,field,CG6-0313|2026-01-21|L6|S31,2026-01-21 10:10:15,2026-01-21 10:10:15,2026-01-21 10:10:15.000,1,1,9312.68,,,0.0037,24.814,34.819,263.3,0,,,True,SINGLE_READING;,6,day6,MATCHED,D6:wor:L6-31,L6-31,L6-31,results.zip/day6.xlsx,workbook,13.0313,80.6447,L6-32,True,24.814,34.8191,312.488,,0,312.488,0.15,12.3835,300.104,303.312,-3.20707,11971.2,28722.2,False,9342.76,0.0535597,INTERPOLATED,229,261,-30.0855,0.0536874,0,True,1.01189,-30.4433,200.216,1.87083,61.7991,29.4849,8.39504,12.6949,11.0159,10.1763,9.33684,8.49734,7.65784,7.07018,6.81833,5.97883,5.13933,4.29982,0.0708879,0.0612569,12.231,8.46339,0.352406,0.940924,12.5582,10.8655,10.0191,9.1728,8.32646,7.48012,6.88769,6.63378,5.78745,4.94111,4.09477,17.7647,True,31,2920.67,O-L6-1-46
246,CG6-0313,2026-01-21,6,32,field,CG6-0313|2026-01-21|L6|S32,2026-01-21 10:16:20,2026-01-21 10:16:20,2026-01-21 10:16:20.000,1,1,9312.28,,,0.0035,24.8148,34.819,281.3,0,,,True,SINGLE_READING;,6,day6,MATCHED,D6:wor:L6-32,L6-32,L6-32,results.zip/day6.xlsx,workbook,7.95306,92.3099,L6-31,True,24.8147,34.819,314.861,,0,314.861,0.15,12.3841,302.477,308.663,-6.18579,11999.5,28636.9,False,9342.76,0.0535489,INTERPOLATED,229,261,-30.4792,0.0536632,0,True,1.01189,-30.8417,202.588,1.92181,62.5313,29.7678,8.49451,12.7788,11.0799,10.2305,9.38101,8.53156,7.68211,7.08749,6.83265,5.9832,5.13375,4.2843,0.0708696,0.0612357,12.3415,8.57388,0.34139,0.911511,12.6201,10.9053,10.0479,9.19053,8.33314,7.47575,6.87558,6.61836,5.76098,4.90359,4.0462,17.7755,True,32,3005.15,O-L6-1-46
247,CG6-0313,2026-01-21,6,33,field,CG6-0313|2026-01-21|L6|S33,2026-01-21 10:32:07,2026-01-21 10:32:07,2026-01-21 10:32:07.000,1,1,9316.03,,,0.0021,24.8089,34.8205,276.3,0,,,True,SINGLE_READING;,6,day6,MATCHED,D6:wor:L6-33,L6-33,L6-33,results.zip/day6.xlsx,workbook,3.59135,47.0172,L6-23,True,24.8089,34.8204,293.935,,0,293.935,0.15,12.3798,281.555,283.314,-1.75865,11699.9,29242,False,9342.76,0.0535251,INTERPOLATED,229,261,-26.7229,0.0535663,0,True,1.01189,-27.0407,181.666,1.52338,56.0738,27.5097,7.61726,12.2752,10.7517,9.99001,9.22829,8.46656,7.70483,7.17163,6.94311,6.18138,5.41966,4.65793,0.0707962,0.0611508,11.5108,7.74321,0.294816,0.787158,12.0233,10.4747,9.70035,8.92603,8.15171,7.37739,6.83536,6.60307,5.82875,5.05443,4.2801,17.6961,True,33,3666.68,O-L6-1-46
248,CG6-0313,2026-01-21,6,34,field,CG6-0313|2026-01-21|L6|S34,2026-01-21 10:38:02,2026-01-21 10:38:02,2026-01-21 10:38:02.000,1,1,9315.52,,,0.0021,24.8094,34.8198,272.8,0,,,True,SINGLE_READING;,6,day6,MATCHED,D6:wor:L6-34,L6-34,L6-34,results.zip/day6.xlsx,workbook,7.7185,77.0809,L6-35,True,24.8093,34.8197,296.399,,0,296.399,0.15,12.3824,284.017,284.755,-0.738551,11775.6,29211.2,False,9342.75,0.0535176,INTERPOLATED,229,261,-27.2325,0.0535588,0,True,1.01189,-27.5564,184.128,1.54921,56.8336,27.728,7.72047,12.287,10.7429,9.97087,9.19883,8.42678,7.65473,7.1143,6.88269,6.11064,5.33859,4.56654,0.0707906,0.0611443,11.6173,7.8497,0.291533,0.778392,12.0286,10.4586,9.67366,8.88869,8.10372,7.31875,6.76927,6.53378,5.74881,4.96384,4.17887,17.7606,True,34,3748.4,O-L6-1-46
249,CG6-0313,2026-01-21,6,35,field,CG6-0313|2026-01-21|L6|S35,2026-01-21 10:42:42,2026-01-21 10:42:42,2026-01-21 10:42:42.000,1,1,9315.03,,,0.0033,24.8097,34.8189,285.2,0,,,True,SINGLE_READING;,6,day6,MATCHED,D6:wor:L6-35,L6-35,L6-35,results.zip/day6.xlsx,workbook,19.3171,93.0637,L6-36,True,24.8096,34.8191,313.118,,0,313.118,0.15,12.3848,300.733,286.829,13.904,11870.2,29191.6,False,9342.75,0.0535124,INTERPOLATED,229,261,-27.7184,0.053614,0,True,1.01189,-28.048,200.844,1.57188,61.9931,32.3732,8.4214,15.5304,13.8461,13.004,12.1619,11.3197,10.4776,9.88807,9.63543,8.79329,7.95115,7.10901,0.0708324,0.0611926,12.3652,8.59762,0.244531,0.652898,15.178,13.4584,12.5987,11.7389,10.8791,10.0194,9.41755,9.15962,8.29986,7.4401,6.58033,17.8229,True,35,3825.02,O-L6-1-46
250,CG6-0313,2026-01-21,6,36,field,CG6-0313|2026-01-21|L6|S36,2026-01-21 10:51:12,2026-01-21 10:51:12,2026-01-21 10:51:12.000,1,1,9314.6,,,0.0029,24.8103,34.8182,298,0,,,True,SINGLE_READING;,6,day6,MATCHED,D6:wor:L6-36,L6-36,L6-36,results.zip/day6.xlsx,workbook,11.4238,87.1149,L6-37,True,24.8102,34.8182,300.28,,0,300.28,0.15,12.3882,287.892,290.048,-2.15629,11952.2,29141.3,False,9342.75,0.0535041,INTERPOLATED,229,261,-28.1472,0.0535826,0,True,1.01189,-28.4819,188.003,1.61138,58.0296,27.9364,7.88296,12.1704,10.5938,9.80555,9.01725,8.22895,7.44066,6.88885,6.65236,5.86407,5.07577,4.28747,0.0708086,0.0611651,11.7435,7.97593,0.327791,0.875201,11.9845,10.3893,9.59172,8.79413,7.99654,7.19895,6.64063,6.40135,5.60376,4.80617,4.00858,17.9067,True,36,3937.08,O-L6-1-46
251,CG6-0313,2026-01-21,6,37,field,CG6-0313|2026-01-21|L6|S37,2026-01-21 10:54:44,2026-01-21 10:54:44,2026-01-21 10:54:44.000,1,1,9314.05,,,0.0038,24.811,34.8178,292,0,,,True,SINGLE_READING;,6,day6,MATCHED,D6:wor:L6-37,L6-37,L6-37,results.zip/day6.xlsx,workbook,5.49392,91.9977,L6-38,True,24.8109,34.8177,302.454,,0,302.454,0.15,12.3897,290.064,290.87,-0.805491,12013.4,29077.8,False,9342.75,0.0535011,INTERPOLATED,229,261,-28.7024,0.0536359,0,True,1.01189,-29.0438,190.175,1.6617,58.7002,27.9947,7.97405,12.0466,10.4518,9.65441,8.857,8.05959,7.26219,6.70401,6.46478,5.66738,4.86997,4.07257,0.070849,0.0612118,11.8481,8.08054,0.31427,0.839101,11.8336,10.2175,9.40949,8.60143,7.79338,6.98532,6.41969,6.17727,5.36922,4.56116,3.75311,17.942,True,37,4030.03,O-L6-1-46
252,CG6-0313,2026-01-21,6,38,field,CG6-0313|2026-01-21|L6|S38,2026-01-21 11:00:51,2026-01-21 11:00:51,2026-01-21 11:00:51.000,1,1,9313.8,,,0.0023,24.8117,34.8174,291.5,0,,,True,SINGLE_READING;,6,day6,MATCHED,D6:wor:L6-38,L6-38,L6-38,results.zip/day6.xlsx,workbook,5.38713,87.1655,L6-39,True,24.8117,34.8173,304.167,,0,304.167,0.15,12.391,291.776,292.705,-0.928626,12069.5,29005.3,False,9342.75,0.0534967,INTERPOLATED,229,261,-28.9436,0.0535461,0,True,1.01189,-29.2878,191.887,1.71386,59.2285,28.2268,8.04582,12.1352,10.526,9.72144,8.91686,8.11227,7.30769,6.74448,6.50311,5.69853,4.89394,4.08936,0.070781,0.0611332,11.915,8.14743,0.319149,0.852127,11.932,10.3025,9.48774,8.673,7.85825,7.04351,6.47319,6.22877,5.41402,4.59928,3.78454,17.9719,True,38,4123.11,O-L6-1-46
253,CG6-0313,2026-01-21,6,39,field,CG6-0313|2026-01-21|L6|S39,2026-01-21 11:04:58,2026-01-21 11:04:58,2026-01-21 11:04:58.000,1,1,9313.52,,,0.0037,24.8125,34.8173,297.9,0,,,True,SINGLE_READING;,6,day6,MATCHED,D6:wor:L6-39,L6-39,L6-39,results.zip/day6.xlsx,workbook,2.86719,81.575,L6-40,True,24.8125,34.8173,306.742,,0,306.742,0.15,12.3912,294.351,295.828,-1.47673,12100.1,28922.8,False,9342.74,0.0534943,INTERPOLATED,229,261,-29.222,0.0536221,0,True,1.01189,-29.5696,194.462,1.76791,60.0232,28.6857,8.15379,12.3782,10.7474,9.93202,9.11665,8.30127,7.48589,6.91512,6.67051,5.85513,5.03975,4.22437,0.0708385,0.0611997,12.0061,8.2385,0.336045,0.897241,12.2087,10.561,9.73719,8.91334,8.08949,7.26564,6.68894,6.44179,5.61794,4.79409,3.97024,17.9711,True,39,4210.93,O-L6-1-46
254,CG6-0313,2026-01-21,6,40,field,CG6-0313|2026-01-21|L6|S40,2026-01-21 11:08:27,2026-01-21 11:08:27,2026-01-21 11:08:27.000,1,1,9313.3,,,0.0022,24.8131,34.8177,311.7,0,,,True,SINGLE_READING;,6,day6,MATCHED,D6:wor:L6-40,L6-40,L6-40,results.zip/day6.xlsx,workbook,1.40433,84.7402,L6-39,True,24.8131,34.8177,308.854,,0,308.854,0.15,12.3895,296.465,297.323,-0.858967,12080.4,28842.9,False,9342.74,0.0534925,INTERPOLATED,229,261,-29.4438,0.0535377,0,True,1.01189,-29.794,196.576,1.81314,60.6756,29.0685,8.24241,12.5837,10.9352,10.1109,9.2867,8.46246,7.63821,7.06125,6.81397,5.98973,5.16549,4.34125,0.0707746,0.0611258,12.1002,8.33259,0.330583,0.882657,12.4033,10.7368,9.90354,9.07028,8.23702,7.40376,6.82048,6.5705,5.73724,4.90399,4.07073,17.9238,True,40,4294.37,O-L6-1-46
255,CG6-0313,2026-01-21,6,41,field,CG6-0313|2026-01-21|L6|S41,2026-01-21 11:16:00,2026-01-21 11:16:00,2026-01-21 11:16:00.000,1,1,9312.75,,,0.0032,24.8139,34.8173,296.7,0,,,True,SINGLE_READING;,6,day6,MATCHED,D6:wor:L6-41,L6-41,L6-41,results.zip/day6.xlsx,workbook,5.06044,93.3992,L6-40,True,24.8139,34.8173,310.938,,0,310.938,0.15,12.3907,298.547,301.175,-2.62788,12134.1,28765.2,False,9342.74,0.0534896,INTERPOLATED,229,261,-29.9879,0.0535853,0,True,1.01189,-30.3445,198.658,1.86525,61.3185,29.1087,8.32975,12.4492,10.7832,9.95026,9.11728,8.28431,7.45133,6.86825,6.61836,5.78539,4.95241,4.11944,0.0708106,0.0611674,12.1619,8.39434,0.356165,0.95096,12.32,10.6411,9.8017,8.96226,8.12283,7.2834,6.69579,6.44396,5.60453,4.76509,3.92566,17.9517,True,41,4386.09,O-L6-1-46
256,CG6-0313,2026-01-21,6,42,field,CG6-0313|2026-01-21|L6|S42,2026-01-21 11:19:46,2026-01-21 11:19:46,2026-01-21 11:19:46.000,1,1,9312.08,,,0.0033,24.8147,34.8168,294.1,0,,,True,SINGLE_READING;,6,day6,MATCHED,D6:wor:L6-42,L6-42,L6-42,results.zip/day6.xlsx,workbook,6.45733,67.4589,L6-43,True,24.8146,34.8167,312.984,,0,312.984,0.15,12.3926,300.591,306.389,-5.79797,12207.3,28696.3,False,9342.74,0.0534887,INTERPOLATED,229,261,-30.6617,0.0535904,0,True,1.01189,-31.0263,200.702,1.91546,61.9494,29.0076,8.41545,12.1767,10.4936,9.65203,8.81048,7.96894,7.12739,6.53831,6.28585,5.4443,4.60276,3.76121,0.0708145,0.061172,12.226,8.45838,0.377826,1.00879,12.0908,10.3991,9.55329,8.70745,7.86161,7.01577,6.42368,6.16993,5.32409,4.47825,3.63242,17.9992,True,42,4484.21,O-L6-1-46
257,CG6-0313,2026-01-21,6,43,field,CG6-0313|2026-01-21|L6|S43,2026-01-21 11:23:28,2026-01-21 11:23:28,2026-01-21 11:23:28.000,1,1,9311.99,,,0.0024,24.8153,34.8168,287.5,0,,,True,SINGLE_READING;,6,day6,MATCHED,D6:wor:L6-43,L6-43,L6-43,results.zip/day6.xlsx,workbook,7.48656,76.146,L6-42,True,24.8153,34.8167,314.337,,0,314.337,0.15,12.3926,301.944,303.875,-1.93105,12229.5,28627.1,False,9342.74,0.0534881,INTERPOLATED,229,261,-30.7528,0.053542,0,True,1.01189,-31.1185,202.055,1.95949,62.3669,29.289,8.47218,12.3446,10.6502,9.80293,8.95571,8.1085,7.26128,6.66822,6.41406,5.56684,4.71962,3.8724,0.0707779,0.0611295,12.2966,8.52902,0.363922,0.971672,12.2309,10.5251,9.67221,8.81931,7.96641,7.11351,6.51648,6.2606,5.4077,4.5548,3.7019,17.9978,True,43,4555.58,O-L6-1-46
258,CG6-0313,2026-01-21,6,44,field,CG6-0313|2026-01-21|L6|S44,2026-01-21 11:28:22,2026-01-21 11:28:22,2026-01-21 11:28:22.000,1,1,9311.65,,,0.0039,24.8161,34.8166,309.2,0,,,True,SINGLE_READING;,6,day6,MATCHED,D6:wor:L6-44,L6-44,L6-44,results.zip/day6.xlsx,workbook,6.65018,90.2575,L6-45,True,24.8161,34.8166,316.552,,0,316.552,0.15,12.393,304.159,305.255,-1.09646,12271,28541.5,False,9342.74,0.0534879,INTERPOLATED,229,261,-31.0905,0.0536299,0,True,1.01189,-31.4603,204.27,2.01513,63.0505,29.5751,8.56504,12.445,10.732,9.87548,9.01898,8.16247,7.30597,6.70642,6.44947,5.59296,4.73646,3.87995,0.0708444,0.0612065,12.411,8.64344,0.342357,0.914093,12.2882,10.5595,9.69516,8.83082,7.96647,7.10213,6.49709,6.23779,5.37344,4.5091,3.64475,18.0036,True,44,4646.52,O-L6-1-46
259,CG6-0313,2026-01-21,6,45,field,CG6-0313|2026-01-21|L6|S45,2026-01-21 11:31:35,2026-01-21 11:31:35,2026-01-21 11:31:35.000,1,1,9311.24,,,0.0035,24.817,34.8167,316.7,0,,,True,SINGLE_READING;,6,day6,MATCHED,D6:wor:L6-45,L6-45,L6-45,results.zip/day6.xlsx,workbook,6.18979,65.8751,L6-46,True,24.8169,34.8166,318.812,,0,318.812,0.15,12.3925,306.419,306.383,0.0364653,12287.3,28446.7,False,9342.74,0.053488,INTERPOLATED,229,261,-31.4923,0.0536024,0,True,1.01189,-31.8668,206.531,2.07491,63.7482,29.8065,8.65982,12.4868,10.7548,9.88887,9.02288,8.1569,7.29092,6.68473,6.42494,5.55895,4.69297,3.82699,0.0708236,0.0611825,12.5175,8.74993,0.330656,0.882851,12.3066,10.5566,9.68163,8.80664,7.93165,7.05666,6.44416,6.18166,5.30667,4.43168,3.55669,17.9895,True,45,4743.42,O-L6-1-46
260,CG6-0313,2026-01-21,6,46,field,CG6-0313|2026-01-21|L6|S46,2026-01-21 11:35:58,2026-01-21 11:35:58,2026-01-21 11:35:58.000,1,1,9310.83,,,0.0027,24.8176,34.8164,317.7,0,,,True,SINGLE_READING;,6,day6,MATCHED,D6:wor:L6-46,L6-46,L6-46,results.zip/day6.xlsx,workbook,5.76599,73.9506,L6-45,True,24.8175,34.8164,320.45,,0,320.45,0.15,12.3933,308.057,308.615,-0.558294,12330.5,28388.3,False,9342.73,0.0534886,INTERPOLATED,229,261,-31.9035,0.0535567,0,True,1.01189,-32.283,208.168,2.11501,64.2535,29.8555,8.72847,12.3986,10.6529,9.78005,8.9072,8.03435,7.1615,6.55051,6.28866,5.41581,4.54296,3.67012,0.070789,0.0611424,12.6007,8.83316,0.316073,0.843914,12.1892,10.4226,9.53927,8.65596,7.77264,6.88933,6.271,6.00601,5.12269,4.23938,3.35606,18.0083,True,46,4812.39,O-L6-1-46
163,CG6-0313,2026-01-19,7,1,field,CG6-0313|2026-01-19|L7|S1,2026-01-19 10:44:37,2026-01-19 10:44:37,2026-01-19 10:44:37.000,1,1,9329.2,,,0.0019,24.8129,34.8469,220.8,0,,,True,SINGLE_READING;,4,day4,MATCHED,D4:wor:L7-1,L7-1,L7-1,results.zip/day4.xlsx,workbook,7.7239,136.972,L7-2,True,24.8129,34.8469,224.11,,0,224.11,0.15,12.2696,211.84,214.485,-2.64462,9240.97,28394.2,False,9343.81,0.0535913,INTERPOLATED,160,183,-14.6073,0.053625,0,True,1.01189,-14.781,111.951,1.79502,34.5559,17.98,4.69412,8.5917,7.65288,7.18346,6.71405,6.24464,5.77523,5.44664,5.30582,4.8364,4.36699,3.89758,0.0708407,0.0612022,8.45209,4.68451,0.430374,1.1491,8.61094,7.67404,7.20558,6.73713,6.26868,5.80023,5.47232,5.33178,4.86333,4.39488,3.92643,14.9947,True,1,0,O-L7-1-16
164,CG6-0313,2026-01-19,7,2,field,CG6-0313|2026-01-19|L7|S2,2026-01-19 10:48:55,2026-01-19 10:48:55,2026-01-19 10:48:55.000,1,1,9328.09,,,0.0023,24.8139,34.8459,217.8,0,,,True,SINGLE_READING;,4,day4,MATCHED,D4:wor:L7-2,L7-2,L7-2,results.zip/day4.xlsx,workbook,4.73207,146.397,L7-1,True,24.8138,34.846,229.005,,0,229.005,0.15,12.2732,216.732,219.923,-3.19093,9362.91,28299.5,False,9343.81,0.0535705,INTERPOLATED,160,183,-15.7195,0.0536199,0,True,1.01189,-15.9064,116.843,1.86221,36.0657,18.2971,4.89922,8.49866,7.51881,7.02889,6.53897,6.04905,5.55912,5.21618,5.0692,4.57928,4.08936,3.59944,0.0708368,0.0611977,8.59254,4.82495,0.495025,1.32172,8.64719,7.6822,7.19971,6.71721,6.23472,5.75222,5.41447,5.26973,4.78723,4.30474,3.82224,15.0736,True,2,142.423,O-L7-1-16
165,CG6-0313,2026-01-19,7,3,field,CG6-0313|2026-01-19|L7|S3,2026-01-19 10:52:41,2026-01-19 10:52:41,2026-01-19 10:52:41.000,1,1,9327.16,,,0.002,24.8142,34.844,220.9,0,,,True,SINGLE_READING;,4,day4,MATCHED,D4:kml:L7-3,L7-3,L7-3,results.zip/day4.kml,kml_only,6.94114,137.164,L7-4,True,24.8142,34.8441,233.072,,0,233.072,0.15,12.2814,220.79,223.256,-2.46633,9557.31,28284.5,False,9343.81,0.0535529,INTERPOLATED,160,183,-16.6554,0.0535902,0,True,1.01189,-16.8535,120.901,1.88423,37.3184,18.5807,5.06939,8.44189,7.42801,6.92107,6.41413,5.90719,5.40025,5.0454,4.89331,4.38638,3.87944,3.3725,0.0708144,0.0611718,8.5806,4.81301,0.677133,1.80794,8.95464,7.99203,7.51073,7.02943,6.54813,6.06683,5.72992,5.58553,5.10423,4.62293,4.14163,15.2601,True,3,337.24,O-L7-1-16
166,CG6-0313,2026-01-19,7,4,field,CG6-0313|2026-01-19|L7|S4,2026-01-19 10:56:42,2026-01-19 10:56:42,2026-01-19 10:56:42.000,1,1,9326.82,,,0.0022,24.8155,34.8441,231.1,0,,,True,SINGLE_READING;,4,day4,MATCHED,D4:wor:L7-4,L7-4,L7-4,results.zip/day4.xlsx,workbook,8.44553,152.287,L7-3,True,24.8155,34.8441,238.588,,0,238.588,0.15,12.2805,226.307,227.546,-1.23874,9596.33,28139.1,False,9343.81,0.0535348,INTERPOLATED,160,183,-16.9936,0.05358,0,True,1.01189,-17.1957,126.419,1.97309,39.0213,19.8525,5.30073,9.25108,8.19093,7.66086,7.13078,6.60071,6.07064,5.69959,5.54057,5.01049,4.48042,3.95035,0.0708066,0.0611628,9.04204,5.27445,0.447033,1.19358,9.30363,8.24874,7.72129,7.19385,6.6664,6.13896,5.76974,5.61151,5.08407,4.55662,4.02918,15.2387,True,4,481.093,O-L7-1-16
167,CG6-0313,2026-01-19,7,5,field,CG6-0313|2026-01-19|L7|S5,2026-01-19 11:00:14,2026-01-19 11:00:14,2026-01-19 11:00:14.000,1,1,9326.03,,,0.006,24.8169,34.8426,233.7,0,,,True,SINGLE_READING;,4,day4,MATCHED,D4:wor:L7-5,L7-5,L7-5,results.zip/day4.xlsx,workbook,7.34226,215.653,L7-4,True,24.8168,34.8426,244.298,,0,244.298,0.15,12.2866,232.011,233.332,-1.32034,9787.61,28012,False,9343.81,0.0535194,INTERPOLATED,160,183,-17.7818,0.0538546,0,True,1.01189,-17.9933,132.122,2.06484,40.7819,20.7238,5.53989,9.64401,8.53604,7.98205,7.42806,6.87407,6.32008,5.93229,5.76609,5.2121,4.65811,4.10412,0.0710147,0.0614036,9.3034,5.53581,0.424839,1.13432,9.65218,8.54502,7.99143,7.43785,6.88427,6.33069,5.94318,5.77711,5.22353,4.66995,4.11637,15.3766,True,5,693.808,O-L7-1-16
168,CG6-0313,2026-01-19,7,6,field,CG6-0313|2026-01-19|L7|S6,2026-01-19 11:03:40,2026-01-19 11:03:40,2026-01-19 11:03:40.000,1,1,9324.95,,,0.0017,24.8169,34.8405,237.1,0,,,True,SINGLE_READING;,4,day4,MATCHED,D4:wor:L7-6,L7-6,L7-6,results.zip/day4.xlsx,workbook,2.61185,165.366,L7-7,True,24.8168,34.8405,247.974,,0,247.974,0.15,12.2961,235.678,238.828,-3.1501,9993.01,28038.1,False,9343.81,0.0535049,INTERPOLATED,160,183,-18.8586,0.0535319,0,True,1.01189,-19.0829,135.789,2.06882,41.9136,20.7619,5.69363,9.37462,8.2359,7.66654,7.09717,6.52781,5.95845,5.55989,5.38908,4.81972,4.25036,3.68099,0.0707702,0.0611207,9.24583,5.47825,0.636141,1.6985,9.80539,8.70974,8.16192,7.61409,7.06627,6.51844,6.13497,5.97062,5.42279,4.87497,4.32715,15.5909,True,6,909.451,O-L7-1-16
169,CG6-0313,2026-01-19,7,7,field,CG6-0313|2026-01-19|L7|S7,2026-01-19 11:07:17,2026-01-19 11:07:17,2026-01-19 11:07:17.000,1,1,9325.15,,,0.0033,24.8184,34.8404,235.7,0,,,True,SINGLE_READING;,4,day4,MATCHED,D4:kml:L7-7,L7-7,L7-7,results.zip/day4.kml,kml_only,8.12046,118.098,L7-8,True,24.8184,34.8403,252.494,,0,252.494,0.15,12.296,240.198,241.483,-1.28536,10061.7,27868.8,False,9343.81,0.0534901,INTERPOLATED,160,183,-18.6593,0.0535918,0,True,1.01189,-18.8812,140.309,2.17229,43.3088,22.2553,5.88316,10.489,9.31232,8.724,8.13569,7.54737,6.95905,6.54723,6.37074,5.78242,5.1941,4.60579,0.0708156,0.0611732,9.72995,5.96236,0.341557,0.911957,10.3306,9.13808,8.54184,7.94561,7.34937,6.75313,6.33577,6.1569,5.56066,4.96442,4.36819,15.5901,True,7,1077.25,O-L7-1-16
170,CG6-0313,2026-01-19,7,8,field,CG6-0313|2026-01-19|L7|S8,2026-01-19 11:11:07,2026-01-19 11:11:07,2026-01-19 11:11:07.000,1,1,9324.56,,,0.0036,24.8193,34.8397,268.7,0,,,True,SINGLE_READING;,4,day4,MATCHED,D4:wor:L7-8,L7-8,L7-8,results.zip/day4.xlsx,workbook,9.53314,129.62,L7-7,True,24.8193,34.8397,256.909,,0,256.909,0.15,12.2987,244.61,245.461,-0.850683,10165.3,27777.2,False,9343.81,0.0534751,INTERPOLATED,160,183,-19.2484,0.0535962,0,True,1.01189,-19.4773,144.721,2.23435,44.6706,22.9589,6.06816,10.8226,9.60898,9.00217,8.39535,7.78853,7.18172,6.75695,6.5749,5.96808,5.36127,4.75445,0.0708189,0.061177,9.94525,6.17767,0.311253,0.831046,10.6036,9.36807,8.75031,8.13254,7.51477,6.89701,6.46457,6.27924,5.66147,5.04371,4.42594,15.6523,True,8,1199.4,O-L7-1-16
171,CG6-0313,2026-01-19,7,9,field,CG6-0313|2026-01-19|L7|S9,2026-01-19 11:14:39,2026-01-19 11:14:39,2026-01-19 11:14:39.000,1,1,9323.74,,,0.0032,24.8206,34.8384,238.8,0,,,True,SINGLE_READING;,4,day4,MATCHED,D4:wor:L7-9,L7-9,L7-9,results.zip/day4.xlsx,workbook,5.62731,199.524,L7-8,True,24.8207,34.8383,261.808,,0,261.808,0.15,12.304,249.504,250.102,-0.598159,10336.3,27651.7,False,9343.81,0.0534618,INTERPOLATED,160,183,-20.0679,0.0535575,0,True,1.01189,-20.3065,149.615,2.33055,46.1811,23.544,6.27336,10.9973,9.74265,9.11532,8.48798,7.86065,7.23331,6.79417,6.60597,5.97864,5.3513,4.72397,0.0707896,0.0611431,10.1081,6.34049,0.35362,0.944164,10.863,9.59495,8.9609,8.32685,7.6928,7.05875,6.61492,6.4247,5.79065,5.1566,4.52255,15.7741,True,9,1403.41,O-L7-1-16
172,CG6-0313,2026-01-19,7,10,field,CG6-0313|2026-01-19|L7|S10,2026-01-19 11:18:15,2026-01-19 11:18:15,2026-01-19 11:18:15.000,1,1,9323.13,,,0.0037,24.8218,34.8368,241.8,0,,,True,SINGLE_READING;,4,day4,MATCHED,D4:kml:L7-10,L7-10,L7-10,results.zip/day4.kml,kml_only,4.83588,202.172,L7-9,True,24.8218,34.8367,265.752,,0,265.752,0.15,12.3109,253.441,254.202,-0.760576,10535.9,27552,False,9343.81,0.0534488,INTERPOLATED,160,183,-20.6709,0.0535767,0,True,1.01189,-20.9167,153.552,2.40627,47.3964,24.0734,6.43845,11.1965,9.90885,9.265,8.62116,7.97731,7.33347,6.88278,6.68962,6.04578,5.40193,4.75809,0.0708041,0.0611599,10.2794,6.51184,0.347374,0.927487,11.0498,9.7474,9.09622,8.44504,7.79385,7.14267,6.68684,6.49149,5.8403,5.18912,4.53794,15.9315,True,10,1608.33,O-L7-1-16
173,CG6-0313,2026-01-19,7,11,field,CG6-0313|2026-01-19|L7|S11,2026-01-19 11:21:59,2026-01-19 11:21:59,2026-01-19 11:21:59.000,1,1,9322.49,,,0.0047,24.8228,34.835,248.7,0,,,True,SINGLE_READING;,4,day4,MATCHED,D4:wor:L7-11,L7-11,L7-11,results.zip/day4.xlsx,workbook,2.85779,143.055,L8-4,True,24.8228,34.835,269.874,,0,269.874,0.15,12.3184,257.556,258.712,-1.15691,10745.4,27464.1,False,9343.8,0.0534358,INTERPOLATED,160,183,-21.3101,0.0536421,0,True,1.01189,-21.5636,157.667,2.47982,48.6663,24.6229,6.61096,11.401,10.0788,9.41767,8.75657,8.09547,7.43438,6.97161,6.77328,6.11219,5.45109,4.78999,0.0708536,0.0612172,10.4776,6.70997,0.321745,0.859059,11.2029,9.86094,9.18994,8.51894,7.84794,7.17695,6.70725,6.50595,5.83495,5.16395,4.49296,16.103,True,11,1821.73,O-L7-1-16
174,CG6-0313,2026-01-19,7,12,field,CG6-0313|2026-01-19|L7|S12,2026-01-19 11:26:58,2026-01-19 11:26:58,2026-01-19 11:26:58.000,1,1,9321.7,,,0.0018,24.824,34.8336,221.5,0,,,True,SINGLE_READING;,4,day4,MATCHED,D4:kml:L7-12,L7-12,L7-12,results.zip/day4.kml,kml_only,22.8399,89.4814,L8-4,True,24.824,34.8334,274.723,,0,274.723,0.15,12.3253,262.398,265.256,-2.85758,10926.6,27360.3,False,9343.8,0.0534194,INTERPOLATED,160,183,-22.1033,0.0534497,0,True,1.01189,-22.3662,162.509,2.5629,50.1609,25.2318,6.81401,11.6038,10.241,9.55963,8.87823,8.19682,7.51542,7.03844,6.83402,6.15262,5.47122,4.78982,0.0707081,0.0610487,10.6812,6.91366,0.321106,0.857352,11.4045,10.0218,9.33043,8.63906,7.9477,7.25633,6.77237,6.56496,5.8736,5.18223,4.49087,16.2604,True,12,2032.61,O-L7-1-16
175,CG6-0313,2026-01-19,7,13,field,CG6-0313|2026-01-19|L7|S13,2026-01-19 11:30:59,2026-01-19 11:30:59,2026-01-19 11:30:59.000,1,1,9320.88,,,0.0042,24.824,34.8314,260.2,0,,,True,SINGLE_READING;,4,day4,MATCHED,D4:wor:L7-13,L7-13,L7-13,results.zip/day4.xlsx,workbook,3.00043,153.585,L8-3,True,24.824,34.8314,279.677,,0,279.677,0.15,12.3329,267.344,267.274,0.0697542,11129.3,27390.7,False,9343.8,0.0534069,INTERPOLATED,160,183,-22.9257,0.0535718,0,True,1.01189,-23.1984,167.455,2.56046,51.6875,25.9287,7.02139,11.8859,10.4816,9.77951,9.07737,8.37523,7.67309,7.18159,6.97095,6.26881,5.56667,4.86453,0.0708004,0.0611556,10.9152,7.1476,0.294547,0.786441,11.6335,10.204,9.48923,8.77447,8.05971,7.34495,6.84461,6.63019,5.91543,5.20066,4.4859,16.456,True,13,2228.11,O-L7-1-16
176,CG6-0313,2026-01-19,7,14,field,CG6-0313|2026-01-19|L7|S14,2026-01-19 11:34:50,2026-01-19 11:34:50,2026-01-19 11:34:50.000,1,1,9320.24,,,0.0023,24.8255,34.8307,277.3,0,,,True,SINGLE_READING;,4,day4,MATCHED,D4:wor:L7-14,L7-14,L7-14,results.zip/day4.xlsx,workbook,4.24535,186.073,L7-13,True,24.8255,34.8307,283.361,,0,283.361,0.15,12.3352,271.026,272.813,-1.78759,11259.6,27236.2,False,9343.8,0.0533956,INTERPOLATED,160,183,-23.5612,0.0534451,0,True,1.01189,-23.8414,171.137,2.66495,52.8239,26.3175,7.17577,11.966,10.5308,9.81323,9.09565,8.37808,7.6605,7.1582,6.94292,6.22535,5.50777,4.79019,0.0707046,0.0610447,11.0038,7.23624,0.360289,0.961971,11.845,10.3978,9.67415,8.95053,8.22691,7.50328,6.99675,6.77966,6.05604,5.33241,4.60879,16.5247,True,14,2412.35,O-L7-1-16
177,CG6-0313,2026-01-19,7,15,field,CG6-0313|2026-01-19|L7|S15,2026-01-19 11:39:31,2026-01-19 11:39:31,2026-01-19 11:39:31.000,1,1,9319.71,,,0.0031,24.8264,34.829,286.2,0,,,True,SINGLE_READING;,4,day4,MATCHED,D4:wor:L7-15,L7-15,L7-15,results.zip/day4.xlsx,workbook,4.64104,155.847,L7-16,True,24.8264,34.829,288.658,,0,288.658,0.15,12.3418,276.316,276.099,0.217561,11460.6,27170.5,False,9343.8,0.0533826,INTERPOLATED,160,183,-24.0904,0.0534725,0,True,1.01189,-24.3769,176.427,2.72513,54.4568,27.3547,7.3976,12.5596,11.08,10.3403,9.60051,8.86075,8.121,7.60316,7.38124,6.64148,5.90172,5.16196,0.0707254,0.0610687,11.2355,7.46794,0.350412,0.935601,12.4189,10.9253,10.1785,9.43169,8.68489,7.9381,7.41534,7.1913,6.44451,5.69772,4.95092,16.6977,True,15,2612.54,O-L7-1-16
178,CG6-0313,2026-01-19,7,16,field,CG6-0313|2026-01-19|L7|S16,2026-01-19 11:48:06,2026-01-19 11:48:06,2026-01-19 11:48:06.000,1,1,9318.89,,,0.003,24.8269,34.8275,299,0,,,True,SINGLE_READING;,4,day4,MATCHED,D4:wor:L7-16,L7-16,L7-16,results.zip/day4.xlsx,workbook,8.00674,156.466,L7-15,True,24.8268,34.8275,292.699,,0,292.699,0.15,12.3475,280.352,283.731,-3.37984,11616.1,27150.8,False,9343.8,0.0533612,INTERPOLATED,160,183,-24.9137,0.0534454,0,True,1.01189,-25.21,180.463,2.75265,55.7023,27.7396,7.56679,12.606,11.0927,10.336,9.5793,8.82263,8.06595,7.53627,7.30927,6.55259,5.79591,5.03923,0.0707049,0.061045,11.3991,7.63153,0.356019,0.950569,12.4765,10.9502,10.1871,9.42393,8.66078,7.89763,7.36342,7.13447,6.37132,5.60817,4.84501,16.8466,True,16,2768.59,O-L7-1-16
179,CG6-0313,2026-01-19,8,1,field,CG6-0313|2026-01-19|L8|S1,2026-01-19 12:08:04,2026-01-19 12:08:04,2026-01-19 12:08:04.000,1,1,9319.27,,,0.0024,24.8216,34.8293,275.7,0,,,True,SINGLE_READING;,4,day4,MATCHED,D4:wor:L8-1,L8-1,L8-1,results.zip/day4.xlsx,workbook,6.00475,120.907,L8-2,True,24.8216,34.8293,286.392,,0,286.392,0.15,12.342,274.05,280.382,-6.33163,11234.7,27691.6,False,9343.79,0.0533231,INTERPOLATED,160,183,-24.5225,0.0533771,0,True,1.01189,-24.8141,174.161,2.39297,53.7573,26.5502,7.30257,11.9451,10.4846,9.75433,9.02407,8.29382,7.56356,7.05238,6.8333,6.10305,5.37279,4.64253,0.0706532,0.0609852,11.106,7.33843,0.384902,1.02769,11.8734,10.4057,9.67187,8.93802,8.20418,7.47034,6.95665,6.7365,6.00265,5.26881,4.53497,16.6819,True,1,0,O-L8-1-4
180,CG6-0313,2026-01-19,8,2,field,CG6-0313|2026-01-19|L8|S2,2026-01-19 12:17:31,2026-01-19 12:17:31,2026-01-19 12:17:31.000,1,1,9319.8,,,0.002,24.8227,34.8297,303.3,0,,,True,SINGLE_READING;,4,day4,MATCHED,D4:wor:L8-2,L8-2,L8-2,results.zip/day4.xlsx,workbook,4.91109,130.868,L8-1,True,24.8226,34.8297,283.552,,0,283.552,0.15,12.3401,271.212,273.425,-2.2134,11237.4,27568,False,9343.79,0.0533109,INTERPOLATED,160,183,-23.991,0.0533484,0,True,1.01189,-24.2763,171.323,2.46679,52.8814,26.1383,7.18357,11.7711,10.3344,9.61604,8.89768,8.17933,7.46097,6.95812,6.74261,6.02426,5.3059,4.58754,0.0706315,0.06096,11.0227,7.25511,0.349217,0.93241,11.628,10.177,9.4515,8.72599,8.00048,7.27497,6.76711,6.54946,5.82394,5.09843,4.37292,16.6344,True,2,126.537,O-L8-1-4
181,CG6-0313,2026-01-19,8,3,field,CG6-0313|2026-01-19|L8|S3,2026-01-19 12:24:29,2026-01-19 12:24:29,2026-01-19 12:24:29.000,1,1,9320.91,,,0.0032,24.8228,34.8319,290.7,0,,,True,SINGLE_READING;,4,day4,MATCHED,D4:wor:L8-3,L8-3,L8-3,results.zip/day4.xlsx,workbook,9.38238,146.03,L7-13,True,24.8227,34.8318,277.676,,0,277.676,0.15,12.3317,265.344,267.831,-2.48709,11033.3,27521.1,False,9343.79,0.0533042,INTERPOLATED,160,183,-22.8843,0.0534002,0,True,1.01189,-23.1564,165.455,2.47081,51.0703,25.4431,6.93754,11.568,10.1805,9.48671,8.79296,8.0992,7.40545,6.91982,6.71169,6.01794,5.32418,4.63043,0.0706707,0.0610053,10.7976,7.02998,0.328316,0.876603,11.3831,9.97709,9.2741,8.5711,7.8681,7.1651,6.673,6.4621,5.7591,5.05611,4.35311,16.4189,True,3,342.012,O-L8-1-4
182,CG6-0313,2026-01-19,8,4,field,CG6-0313|2026-01-19|L8|S4,2026-01-19 12:30:10,2026-01-19 12:30:10,2026-01-19 12:30:10.000,1,1,9321.91,,,0.0043,24.8233,34.8337,271.3,0,,,True,SINGLE_READING;,4,day4,MATCHED,D4:wor:L8-4,L8-4,L8-4,results.zip/day4.xlsx,workbook,14.0841,91.2231,L7-12,True,24.8232,34.8336,273.282,,0,273.282,0.15,12.3243,260.958,261.379,-0.421459,10885.1,27434.5,False,9343.79,0.0533002,INTERPOLATED,160,183,-21.8812,0.0534734,0,True,1.01189,-22.1414,161.069,2.50349,49.7163,25.0715,6.75361,11.5643,10.2135,9.53817,8.86281,8.18745,7.51209,7.03933,6.83673,6.16136,5.486,4.81064,0.070726,0.0610695,10.6432,6.87559,0.29878,0.797743,11.3203,9.94518,9.25762,8.57006,7.88251,7.19495,6.71366,6.50739,5.81983,5.13227,4.44471,16.2363,True,4,530.073,O-L8-1-4
187,CG6-0313,2026-01-20,9,1,field,CG6-0313|2026-01-20|L9|S1,2026-01-20 06:59:59,2026-01-20 06:59:59,2026-01-20 06:59:59.000,1,1,9328.01,,,0.0029,24.8094,34.8452,223.4,0,,,True,SINGLE_READING;,5,day5,MATCHED,D5:wor:L9-1,L9-1,L9-1,results.zip/day5.xlsx,workbook,2.20048,162.254,L9-2,True,24.8094,34.8452,228.739,,0,228.739,0.15,12.2785,216.46,216.48,-0.0190653,9286.77,28803.3,False,9343.41,0.0764897,INTERPOLATED_HOTEL_CONTROL,185,212,-15.3928,0.0765447,0,True,1.01189,-15.5759,116.572,1.55746,35.982,18.8486,4.88784,9.07296,8.09539,7.60661,7.11782,6.62904,6.14025,5.79811,5.65147,5.16269,4.6739,4.18512,0.0894531,0.0820315,8.6785,4.91092,0.397685,1.06182,9.02682,8.04463,7.55354,7.06245,6.57136,6.08027,5.7365,5.58918,5.09808,4.60699,4.1159,15.2097,True,1,0,O-L9-1-25
188,CG6-0313,2026-01-20,9,2,field,CG6-0313|2026-01-20|L9|S2,2026-01-20 07:16:50,2026-01-20 07:16:50,2026-01-20 07:16:50.000,1,1,9327.04,,,0.0042,24.8095,34.8436,226.3,0,,,True,SINGLE_READING;,5,day5,MATCHED,D5:wor:L9-2,L9-2,L9-2,results.zip/day5.xlsx,workbook,1.62119,162.626,L9-1,True,24.8095,34.8436,234.868,,0,234.868,0.15,12.2856,222.582,223.051,-0.468692,9443.46,28814.1,False,9343.4,0.0741617,INTERPOLATED_HOTEL_CONTROL,185,212,-16.3627,0.0742806,0,True,1.01189,-16.5573,122.693,1.56205,37.8716,19.7522,5.14454,9.46317,8.43426,7.91981,7.40535,6.8909,6.37645,6.01633,5.86199,5.34754,4.83308,4.31863,0.0875235,0.0799229,8.97306,5.20547,0.359823,0.960727,9.3413,8.3002,7.77966,7.25911,6.73856,6.21802,5.85363,5.69747,5.17692,4.65638,4.13583,15.371,True,2,164.2,O-L9-1-25
189,CG6-0313,2026-01-20,9,3,field,CG6-0313|2026-01-20|L9|S3,2026-01-20 07:20:53,2026-01-20 07:20:53,2026-01-20 07:20:53.000,1,1,9326.07,,,0.0031,24.8078,34.8432,227,0,,,True,SINGLE_READING;,5,day5,MATCHED,D5:wor:L9-3,L9-3,L9-3,results.zip/day5.xlsx,workbook,1.59236,188.304,L9-4,True,24.8078,34.8431,239.996,,0,239.996,0.15,12.2884,227.708,229.756,-2.04846,9439.85,29007.5,False,9343.4,0.0736135,INTERPOLATED_HOTEL_CONTROL,185,212,-17.3276,0.0736788,0,True,1.01189,-17.5337,127.819,1.44405,39.4535,20.4758,5.35944,9.75693,8.68505,8.1491,7.61316,7.07722,6.54127,6.16611,6.00533,5.46939,4.93344,4.3975,0.0870134,0.079364,9.19838,5.43079,0.349398,0.932894,9.61422,8.52806,7.98498,7.4419,6.89882,6.35574,5.97558,5.81266,5.26958,4.7265,4.18342,15.4447,True,3,360.526,O-L9-1-25
190,CG6-0313,2026-01-20,9,4,field,CG6-0313|2026-01-20|L9|S4,2026-01-20 07:24:27,2026-01-20 07:24:27,2026-01-20 07:24:27.000,1,1,9325.25,,,0.0028,24.8083,34.8414,246.8,0,,,True,SINGLE_READING;,5,day5,MATCHED,D5:wor:L9-4,L9-4,L9-4,results.zip/day5.xlsx,workbook,2.0782,180.438,L9-5,True,24.8083,34.8414,244.804,,0,244.804,0.15,12.2959,232.508,234.334,-1.82634,9627.77,28971.7,False,9343.4,0.0731346,INTERPOLATED_HOTEL_CONTROL,185,212,-18.1501,0.0731882,0,True,1.01189,-18.3659,132.619,1.48207,40.9352,21.0872,5.56072,9.96579,8.85365,8.29757,7.7415,7.18543,6.62936,6.24011,6.07328,5.51721,4.96114,4.40507,0.0865983,0.0789087,9.40383,5.63624,0.345239,0.921789,9.81475,8.68751,8.12388,7.56026,6.99663,6.43301,6.03847,5.86939,5.30576,4.74214,4.17851,15.6109,True,4,548.295,O-L9-1-25
191,CG6-0313,2026-01-20,9,5,field,CG6-0313|2026-01-20|L9|S5,2026-01-20 07:28:30,2026-01-20 07:28:30,2026-01-20 07:28:30.000,1,1,9324.38,,,0.0047,24.8088,34.8396,243.1,0,,,True,SINGLE_READING;,5,day5,MATCHED,D5:wor:L9-5,L9-5,L9-5,results.zip/day5.xlsx,workbook,3.90631,145.935,L9-6,True,24.8088,34.8397,249.985,,0,249.985,0.15,12.3031,237.682,239.878,-2.19615,9810.45,28941,False,9343.4,0.0725952,INTERPOLATED_HOTEL_CONTROL,185,212,-19.0153,0.0727471,0,True,1.01189,-19.2415,137.793,1.51539,42.5322,21.7753,5.77766,10.22,9.06444,8.48668,7.90891,7.33115,6.75338,6.34895,6.17562,5.59785,5.02008,4.44232,0.0862259,0.0784998,9.60996,5.84238,0.356037,0.950618,10.0905,8.92206,8.33782,7.75359,7.16935,6.58511,6.17614,6.00087,5.41663,4.8324,4.24816,15.7736,True,5,728.751,O-L9-1-25
192,CG6-0313,2026-01-20,9,6,field,CG6-0313|2026-01-20|L9|S6,2026-01-20 07:32:27,2026-01-20 07:32:27,2026-01-20 07:32:27.000,1,1,9323.58,,,0.0027,24.8093,34.8383,236.4,0,,,True,SINGLE_READING;,5,day5,MATCHED,D5:wor:L9-6,L9-6,L9-6,results.zip/day5.xlsx,workbook,3.11311,120.364,L9-7,True,24.8092,34.8383,255.082,,0,255.082,0.15,12.309,242.773,246.169,-3.39552,9956.68,28905.9,False,9343.4,0.0720737,INTERPOLATED_HOTEL_CONTROL,185,212,-19.8191,0.0721242,0,True,1.01189,-20.0548,142.884,1.54555,44.1036,22.5032,5.99113,10.5209,9.3227,8.72358,8.12447,7.52536,6.92624,6.50687,6.32713,5.72802,5.12891,4.52979,0.085701,0.0779229,9.83553,6.06795,0.343939,0.918317,10.3673,9.1537,8.5469,7.94011,7.33331,6.72652,6.30176,6.11972,5.51293,4.90613,4.29934,15.9054,True,6,877.007,O-L9-1-25
193,CG6-0313,2026-01-20,9,7,field,CG6-0313|2026-01-20|L9|S7,2026-01-20 07:44:59,2026-01-20 07:44:59,2026-01-20 07:44:59.000,1,1,9322.91,,,0.0035,24.81,34.8374,253.7,0,,,True,SINGLE_READING;,5,day5,MATCHED,D5:wor:L9-7,L9-7,L9-7,results.zip/day5.xlsx,workbook,2.37228,111.853,L9-8,True,24.81,34.8374,258.934,,0,258.934,0.15,12.3124,246.622,249.629,-3.0077,10063.1,28832.9,False,9343.39,0.0704504,INTERPOLATED_HOTEL_CONTROL,185,212,-20.4875,0.0705373,0,True,1.01189,-20.7311,146.733,1.6,45.2915,22.9603,6.1525,10.6553,9.42482,8.80957,8.19432,7.57907,6.96382,6.53315,6.34857,5.73332,5.11807,4.50282,0.0843699,0.0764564,10.0037,6.23614,0.337114,0.900095,10.488,9.24081,8.61719,7.99358,7.36997,6.74635,6.30982,6.12274,5.49912,4.87551,4.25189,15.9783,True,7,999.794,O-L9-1-25
194,CG6-0313,2026-01-20,9,8,field,CG6-0313|2026-01-20|L9|S8,2026-01-20 07:51:01,2026-01-20 07:51:01,2026-01-20 07:51:01.000,1,1,9322.39,,,0.0027,24.8107,34.8365,258.6,0,,,True,SINGLE_READING;,5,day5,MATCHED,D5:wor:L9-8,L9-8,L9-8,results.zip/day5.xlsx,workbook,5.0883,118.723,L9-7,True,24.8106,34.8365,261.49,,0,261.49,0.15,12.3163,249.174,252.179,-3.0054,10171.8,28778.8,False,9343.39,0.0696867,INTERPOLATED_HOTEL_CONTROL,185,212,-21.0005,0.069739,0,True,1.01189,-21.2502,149.285,1.64004,46.0792,23.1889,6.25951,10.6699,9.418,8.79204,8.16609,7.54014,6.91419,6.47603,6.28824,5.66229,5.03634,4.41039,0.0837036,0.0757206,10.1037,6.33611,0.344154,0.918892,10.5167,9.24947,8.61586,7.98225,7.34864,6.71502,6.2715,6.08141,5.4478,4.81419,4.18058,16.0631,True,8,1113.98,O-L9-1-25
195,CG6-0313,2026-01-20,9,9,field,CG6-0313|2026-01-20|L9|S9,2026-01-20 08:00:35,2026-01-20 08:00:35,2026-01-20 08:00:35.000,1,1,9321.61,,,0.004,24.8113,34.8354,264.9,0,,,True,SINGLE_READING;,5,day5,MATCHED,D5:wor:L9-9,L9-9,L9-9,results.zip/day5.xlsx,workbook,2.76748,92.218,L9-10,True,24.8113,34.8354,265.372,,0,265.372,0.15,12.3208,253.051,256.915,-3.86399,10297.9,28718.7,False,9343.39,0.0685007,INTERPOLATED_HOTEL_CONTROL,185,212,-21.7784,0.0686174,0,True,1.01189,-22.0374,153.162,1.6891,47.276,23.5495,6.42209,10.7053,9.42092,8.77871,8.1365,7.49429,6.85208,6.40254,6.20987,5.56766,4.92545,4.28324,0.0827714,0.0746888,10.2609,6.49327,0.349581,0.933381,10.563,9.26433,8.615,7.96568,7.31635,6.66702,6.2125,6.0177,5.36837,4.71904,4.06972,16.1627,True,9,1249.85,O-L9-1-25
196,CG6-0313,2026-01-20,9,10,field,CG6-0313|2026-01-20|L9|S10,2026-01-20 08:05:59,2026-01-20 08:05:59,2026-01-20 08:05:59.000,1,1,9320.65,,,0.0039,24.8119,34.8346,271.4,0,,,True,SINGLE_READING;,5,day5,MATCHED,D5:wor:L9-10,L9-10,L9-10,results.zip/day5.xlsx,workbook,4.32846,99.2085,L9-9,True,24.8118,34.8347,271.155,,0,271.155,0.15,12.3239,258.831,263.33,-4.49904,10387.6,28672.7,False,9343.39,0.0678452,INTERPOLATED_HOTEL_CONTROL,185,212,-22.7413,0.0679572,0,True,1.01189,-23.0118,158.942,1.72446,49.06,24.3237,6.66444,10.9948,9.66195,8.99551,8.32906,7.66262,6.99618,6.52967,6.32973,5.66329,4.99684,4.3304,0.082225,0.0740828,10.5324,6.76485,0.320354,0.855345,10.794,9.44107,8.76458,8.0881,7.41161,6.73513,6.26159,6.05864,5.38216,4.70567,4.02919,16.2311,True,10,1344.77,O-L9-1-25
197,CG6-0313,2026-01-20,9,11,field,CG6-0313|2026-01-20|L9|S11,2026-01-20 08:11:14,2026-01-20 08:11:14,2026-01-20 08:11:14.000,1,1,9318.45,,,0.0031,24.8126,34.834,280.1,0,,,True,SINGLE_READING;,5,day5,MATCHED,D5:wor:L9-11,L9-11,L9-11,results.zip/day5.xlsx,workbook,1.95047,103.173,L9-12,True,24.8126,34.8341,283.25,,0,283.25,0.15,12.3263,270.924,277.151,-6.22693,10469,28597.5,False,9343.39,0.067218,INTERPOLATED_HOTEL_CONTROL,185,212,-24.9338,0.0672894,0,True,1.01189,-25.2303,171.035,1.77967,52.7924,25.7824,7.17149,11.4395,10.0052,9.28802,8.57087,7.85373,7.13658,6.63457,6.41943,5.70228,4.98513,4.26798,0.0816739,0.0734707,11.0898,7.32218,0.27006,0.72106,11.1381,9.67364,8.94142,8.2092,7.47698,6.74477,6.23221,6.01255,5.28033,4.54811,3.81589,16.2822,True,11,1453.33,O-L9-1-25
198,CG6-0313,2026-01-20,9,12,field,CG6-0313|2026-01-20|L9|S12,2026-01-20 08:18:02,2026-01-20 08:18:02,2026-01-20 08:18:02.000,1,1,9317.6,,,0.0023,24.8133,34.8333,285.3,0,,,True,SINGLE_READING;,5,day5,MATCHED,D5:wor:L9-12,L9-12,L9-12,results.zip/day5.xlsx,workbook,3.05928,106.913,L9-11,True,24.8133,34.8333,288.043,,0,288.043,0.15,12.3294,275.714,278.581,-2.8674,10562.2,28535.4,False,9343.38,0.0664207,INTERPOLATED_HOTEL_CONTROL,185,212,-25.7856,0.0664605,0,True,1.01189,-26.0922,175.825,1.82393,54.2708,26.3547,7.37233,11.61,10.1355,9.39831,8.66108,7.92384,7.18661,6.67055,6.44938,5.71214,4.97491,4.23768,0.0809924,0.0727123,11.2492,7.48158,0.311507,0.831725,11.3915,9.89519,9.14703,8.39888,7.65072,6.90256,6.37885,6.1544,5.40624,4.65809,3.90993,16.3492,True,12,1557.2,O-L9-1-25
199,CG6-0313,2026-01-20,9,13,field,CG6-0313|2026-01-20|L9|S13,2026-01-20 08:24:37,2026-01-20 08:24:37,2026-01-20 08:24:37.000,1,1,9318.9,,,0.0021,24.8133,34.8321,289.4,0,,,True,SINGLE_READING;,5,day5,MATCHED,D5:wor:L9-13,L9-13,L9-13,results.zip/day5.xlsx,workbook,2.87069,99.1604,L9-14,True,24.8133,34.8321,280.076,,0,280.076,0.15,12.334,267.742,269.51,-1.76829,10679.2,28551.8,False,9343.38,0.0656657,INTERPOLATED_HOTEL_CONTROL,185,212,-24.4853,0.0656992,0,True,1.01189,-24.7765,167.853,1.82539,51.8104,25.2084,7.03808,11.1323,9.72466,9.02085,8.31705,7.61324,6.90943,6.41676,6.20562,5.50181,4.79801,4.0942,0.0803689,0.0720171,10.7697,7.00208,0.456754,1.21953,11.2043,9.80385,9.10365,8.40344,7.70323,7.00302,6.51288,6.30281,5.6026,4.9024,4.20219,16.4704,True,13,1679.26,O-L9-1-25
200,CG6-0313,2026-01-20,9,14,field,CG6-0313|2026-01-20|L9|S14,2026-01-20 08:30:27,2026-01-20 08:30:27,2026-01-20 08:30:27.000,1,1,9318.08,,,0.0023,24.8139,34.8314,296.5,0,,,True,SINGLE_READING;,5,day5,MATCHED,D5:wor:L9-14,L9-14,L9-14,results.zip/day5.xlsx,workbook,2.88255,102.5,L9-13,True,24.8139,34.8314,282.931,,0,282.931,0.15,12.3366,270.594,275.131,-4.53666,10768.6,28496.8,False,9343.38,0.065011,INTERPOLATED_HOTEL_CONTROL,185,212,-25.2975,0.0650517,0,True,1.01189,-25.5983,170.705,1.86742,52.6908,25.225,7.15768,10.9097,9.47814,8.76237,8.0466,7.33083,6.61507,6.11403,5.8993,5.18353,4.46776,3.752,0.0798404,0.0714268,10.7936,7.02598,0.552454,1.47505,11.1731,9.76787,9.06527,8.36267,7.66008,6.95748,6.46566,6.25488,5.55228,4.84968,4.14709,16.5385,True,14,1780.88,O-L9-1-25
201,CG6-0313,2026-01-20,9,15,field,CG6-0313|2026-01-20|L9|S15,2026-01-20 08:40:32,2026-01-20 08:40:32,2026-01-20 08:40:32.000,1,1,9316.8,,,0.002,24.8149,34.8303,296,0,,,True,SINGLE_READING;,5,day5,MATCHED,D5:wor:L9-15,L9-15,L9-15,results.zip/day5.xlsx,workbook,2.99499,74.5951,L9-16,True,24.8149,34.8303,290.946,,0,290.946,0.15,12.3404,278.606,284.037,-5.43187,10904.1,28406.1,False,9343.38,0.0639123,INTERPOLATED_HOTEL_CONTROL,185,212,-26.5823,0.0639435,0,True,1.01189,-26.8984,178.717,1.93539,55.1634,26.3297,7.49359,11.3425,9.84375,9.0944,8.34504,7.59568,6.84632,6.32177,6.09696,5.3476,4.59824,3.84888,0.0789401,0.0704191,11.1578,7.3902,0.524146,1.39947,11.5493,10.0712,9.33219,8.59317,7.85415,7.11513,6.59782,6.37611,5.63709,4.89807,4.15905,16.6346,True,15,1934.53,O-L9-1-25
202,CG6-0313,2026-01-20,9,16,field,CG6-0313|2026-01-20|L9|S16,2026-01-20 08:47:21,2026-01-20 08:47:21,2026-01-20 08:47:21.000,1,1,9315.06,,,0.0026,24.8155,34.8299,300.4,0,,,True,SINGLE_READING;,5,day5,MATCHED,D5:wor:L9-16,L9-16,L9-16,results.zip/day5.xlsx,workbook,1.84829,78.3557,L9-15,True,24.8155,34.8299,302.461,,0,302.461,0.15,12.3418,290.119,294.153,-4.03348,10963.7,28352.1,False,9343.38,0.0631941,INTERPOLATED_HOTEL_CONTROL,185,212,-28.3204,0.0632475,0,True,1.01189,-28.6572,190.23,1.9755,58.7171,28.0844,7.97635,12.1317,10.5364,9.73878,8.94114,8.14351,7.34587,6.78753,6.54824,5.7506,4.95297,4.15533,0.0783774,0.0697877,11.7875,8.01988,0.377236,1.00722,12.0446,10.4407,9.63868,8.83669,8.0347,7.23272,6.67133,6.43073,5.62874,4.82675,4.02477,16.6701,True,16,2011.64,O-L9-1-25
203,CG6-0313,2026-01-20,9,17,field,CG6-0313|2026-01-20|L9|S17,2026-01-20 08:53:29,2026-01-20 08:53:29,2026-01-20 08:53:29.000,1,1,9311.39,,,0.0023,24.8162,34.8293,326.2,0,,,True,SINGLE_READING;,5,day5,MATCHED,D5:wor:L9-17,L9-17,L9-17,results.zip/day5.xlsx,workbook,3.0073,91.8062,L9-18,True,24.8161,34.8293,323.965,,0,323.965,0.15,12.3437,311.621,312.304,-0.682501,11036.5,28288.4,False,9343.37,0.0625655,INTERPOLATED_HOTEL_CONTROL,185,212,-31.9851,0.0626078,0,True,1.01189,-32.3655,211.732,2.01972,65.3537,30.9685,8.87794,13.2126,11.437,10.5492,9.66145,8.77366,7.88587,7.26441,6.99807,6.11028,5.22248,4.33469,0.077862,0.0692084,12.8176,9.05004,0.248651,0.663899,12.8684,11.0584,10.1534,9.2484,8.3434,7.43839,6.80489,6.53339,5.62838,4.72338,3.81837,16.7202,True,17,2102.83,O-L9-1-25
204,CG6-0313,2026-01-20,9,18,field,CG6-0313|2026-01-20|L9|S18,2026-01-20 09:11:17,2026-01-20 09:11:17,2026-01-20 09:11:17.000,1,1,9314.41,,,0.0028,24.8169,34.829,311.4,0,,,True,SINGLE_READING;,5,day5,MATCHED,D5:wor:L9-18,L9-18,L9-18,results.zip/day5.xlsx,workbook,1.73894,95.056,L9-17,True,24.8169,34.829,307.485,,0,307.485,0.15,12.3449,295.14,299.559,-4.41875,11097,28210.5,False,9343.37,0.0608406,INTERPOLATED_HOTEL_CONTROL,185,212,-28.9594,0.060905,0,True,1.01189,-29.3038,195.251,2.07329,60.2668,28.8898,8.18688,12.516,10.8786,10.0599,9.24126,8.42257,7.60388,7.0308,6.78519,5.96651,5.14782,4.32913,0.0764996,0.067672,12.0745,8.30688,0.300761,0.803031,12.276,10.6146,9.78396,8.95327,8.12258,7.29189,6.71041,6.4612,5.63052,4.79983,3.96914,16.7489,True,18,2196.64,O-L9-1-25
205,CG6-0313,2026-01-20,9,19,field,CG6-0313|2026-01-20|L9|S19,2026-01-20 09:17:24,2026-01-20 09:17:24,2026-01-20 09:17:24.000,1,1,9313.86,,,0.0038,24.8176,34.828,283.7,0,,,True,SINGLE_READING;,5,day5,MATCHED,D5:wor:L9-19,L9-19,L9-19,results.zip/day5.xlsx,workbook,6.96675,91.2974,L9-20,True,24.8176,34.8281,311.215,,0,311.215,0.15,12.348,298.867,303.103,-4.23593,11209.4,28147.8,False,9343.37,0.0602836,INTERPOLATED_HOTEL_CONTROL,185,212,-29.5118,0.0604033,0,True,1.01189,-29.8628,198.978,2.1203,61.4171,29.434,8.34315,12.7477,11.0791,10.2448,9.41044,8.57613,7.74181,7.15779,6.9075,6.07318,5.23887,4.40455,0.0761007,0.0672208,12.2433,8.47569,0.288217,0.769539,12.4826,10.7875,9.93991,9.09235,8.24478,7.39721,6.80391,6.54964,5.70207,4.8545,4.00693,16.8306,True,19,2312.77,O-L9-1-25
206,CG6-0313,2026-01-20,9,20,field,CG6-0313|2026-01-20|L9|S20,2026-01-20 09:24:15,2026-01-20 09:24:15,2026-01-20 09:24:15.000,1,1,9312.23,,,0.0034,24.8183,34.8273,279.2,0,,,True,SINGLE_READING;,5,day5,MATCHED,D5:wor:L9-20,L9-20,L9-20,results.zip/day5.xlsx,workbook,8.76182,73.7644,L9-21,True,24.8182,34.8274,320.82,,0,320.82,0.15,12.3504,308.47,308.457,0.0130433,11299.1,28094.1,False,9343.37,0.0596826,INTERPOLATED_HOTEL_CONTROL,185,212,-31.139,0.0597794,0,True,1.01189,-31.5094,208.581,2.1641,64.3809,30.7075,8.74579,13.2159,11.4667,10.5922,9.71758,8.843,7.96842,7.35622,7.09384,6.21927,5.34469,4.47011,0.0756065,0.0666607,12.7011,8.93349,0.23305,0.622244,12.8405,11.0538,10.1604,9.26708,8.37373,7.48039,6.85504,6.58704,5.69369,4.80034,3.90699,16.8932,True,20,2410.93,O-L9-1-25
207,CG6-0313,2026-01-20,9,21,field,CG6-0313|2026-01-20|L9|S21,2026-01-20 09:31:03,2026-01-20 09:31:03,2026-01-20 09:31:03.000,1,1,9314.41,,,0.0037,24.8189,34.827,300.2,0,,,True,SINGLE_READING;,5,day5,MATCHED,D5:wor:L9-21,L9-21,L9-21,results.zip/day5.xlsx,workbook,4.21794,47.8973,L9-22,True,24.8189,34.8271,308.169,,0,308.169,0.15,12.3515,295.817,299.886,-4.06886,11349.2,28028.3,False,9343.36,0.0591105,INTERPOLATED_HOTEL_CONTROL,185,212,-28.95,0.0592261,0,True,1.01189,-29.2943,195.929,2.20845,60.4759,28.9732,8.21528,12.5426,10.8995,10.078,9.25648,8.43495,7.61343,7.03836,6.7919,5.97037,5.14884,4.32731,0.0751698,0.066165,12.0985,8.33093,0.305104,0.814629,12.3113,10.6451,9.81201,8.97892,8.14582,7.31273,6.72956,6.47964,5.64654,4.81345,3.98036,16.9228,True,21,2490.53,O-L9-1-25
208,CG6-0313,2026-01-20,9,22,field,CG6-0313|2026-01-20|L9|S22,2026-01-20 09:40:46,2026-01-20 09:40:46,2026-01-20 09:40:46.000,1,1,9313.04,,,0.0026,24.819,34.8265,306.2,0,,,True,SINGLE_READING;,5,day5,MATCHED,D5:wor:L9-22,L9-22,L9-22,results.zip/day5.xlsx,workbook,4.26961,54.9334,L9-21,True,24.819,34.8266,316.05,,0,316.05,0.15,12.3534,303.697,304.662,-0.965187,11400.3,28028.4,False,9343.36,0.0583366,INTERPOLATED_HOTEL_CONTROL,185,212,-30.3193,0.0583945,0,True,1.01189,-30.6799,203.808,2.21457,62.9077,30.0133,8.54565,12.922,11.2129,10.3583,9.50372,8.64916,7.79459,7.1964,6.94003,6.08546,5.2309,4.37633,0.0745163,0.0654217,12.4788,8.71124,0.255173,0.681313,12.5908,10.8486,9.97745,9.10632,8.2352,7.36408,6.75429,6.49295,5.62183,4.7507,3.87958,16.9722,True,22,2541.64,O-L9-1-25
209,CG6-0313,2026-01-20,9,23,field,CG6-0313|2026-01-20|L9|S23,2026-01-20 09:51:08,2026-01-20 09:51:08,2026-01-20 09:51:08.000,1,1,9313.76,,,0.0028,24.8194,34.8259,321.2,0,,,True,SINGLE_READING;,5,day5,MATCHED,D5:wor:L9-23,L9-23,L9-23,results.zip/day5.xlsx,workbook,2.91345,83.2235,L9-22,True,24.8194,34.8259,311.707,,0,311.707,0.15,12.3558,299.351,302.415,-3.0635,11475.4,27994.2,False,9343.36,0.0575698,INTERPOLATED_HOTEL_CONTROL,185,212,-29.5986,0.0576378,0,True,1.01189,-29.9506,199.462,2.24356,61.5665,29.3724,8.36345,12.6455,10.9728,10.1364,9.30008,8.46374,7.62739,7.04195,6.79105,5.9547,5.11836,4.28201,0.0739248,0.0647471,12.2387,8.47114,0.313062,0.835876,12.4301,10.7358,9.88873,9.04162,8.1945,7.34739,6.75441,6.50027,5.65316,4.80605,3.95893,17.0346,True,23,2622.28,O-L9-1-25
210,CG6-0313,2026-01-20,9,24,field,CG6-0313|2026-01-20|L9|S24,2026-01-20 09:56:28,2026-01-20 09:56:28,2026-01-20 09:56:28.000,1,1,9310.38,,,0.0037,24.8198,34.8249,329.3,0,,,True,SINGLE_READING;,5,day5,MATCHED,D5:wor:L9-24,L9-24,L9-24,results.zip/day5.xlsx,workbook,3.40012,113.651,L9-25,True,24.8198,34.8249,330.348,,0,330.348,0.15,12.3597,317.988,318.839,-0.850655,11589.8,27968.1,False,9343.36,0.0571997,INTERPOLATED_HOTEL_CONTROL,185,212,-32.9815,0.0573192,0,True,1.01189,-33.3737,218.099,2.2725,67.3188,31.6726,9.1449,13.3828,11.5538,10.6393,9.72483,8.81034,7.89585,7.2557,6.98136,6.06687,5.15238,4.23789,0.0736767,0.0644637,13.0869,9.31935,0.246307,0.657639,13.0339,11.17,10.2381,9.30615,8.37421,7.44228,6.78992,6.51034,5.57841,4.64647,3.71454,17.1357,True,24,2736.39,O-L9-1-25
211,CG6-0313,2026-01-20,9,25,field,CG6-0313|2026-01-20|L9|S25,2026-01-20 10:04:13,2026-01-20 10:04:13,2026-01-20 10:04:13.000,1,1,9311.87,,,0.0048,24.8204,34.8239,327.7,0,,,True,SINGLE_READING;,5,day5,MATCHED,D5:wor:L9-25,L9-25,L9-25,results.zip/day5.xlsx,workbook,2.25935,119.14,L9-24,True,24.8204,34.8239,321.896,,0,321.896,0.15,12.3634,309.533,313.022,-3.48964,11702.5,27926.6,False,9343.35,0.0566924,INTERPOLATED_HOTEL_CONTROL,185,212,-31.4888,0.0568952,0,True,1.01189,-31.8633,209.644,2.31112,64.709,30.5346,8.79036,12.9539,11.1958,10.3168,9.43772,8.55868,7.67964,7.06432,6.80061,5.92157,5.04254,4.1635,0.0733473,0.064087,12.7215,8.95393,0.257181,0.686673,12.6267,10.8359,9.94053,9.04513,8.14974,7.25435,6.62757,6.35895,5.46356,4.56817,3.67277,17.2308,True,25,2853.31,O-L9-1-25
517,CG6-0640,2026-01-16,1,1,field,CG6-0640|2026-01-16|L1|S1,2026-01-16 07:27:21,2026-01-16 07:28:21,2026-01-16 07:27:51.000,2,2,3424.95,0.00276989,0.00138495,0.00265377,24.8244,34.9962,7.8,0,,,True,,1,day1,MATCHED,D1:wor:1,1,1,results.zip/day1.xlsx,workbook,3.98053,215.048,2,True,24.8245,34.9962,13.728,0.153,0,13.728,0.15,11.4962,2.2318,2.08701,0.14479,7573.38,29477.9,False,3407.02,0.00793834,INTERPOLATED,516,535,17.9282,0.00837017,0,True,1,17.9282,-97.6572,2.59258,-30.1452,-14.8096,-4.09476,-6.62008,-5.80112,-5.39165,-4.98217,-4.57269,-4.16322,-3.87658,-3.75374,-3.34426,-2.93479,-2.52531,0.0470407,0.0306616,0.0150773,-3.75251,0.0785023,0.209601,-7.30459,-6.55408,-6.17883,-5.80358,-5.42833,-5.05308,-4.7904,-4.67783,-4.30258,-3.92733,-3.55208,0.256661,True,1,0,N-L1-1-148
518,CG6-0640,2026-01-16,1,2,field,CG6-0640|2026-01-16|L1|S2,2026-01-16 07:46:57,2026-01-16 07:47:57,2026-01-16 07:47:27.000,2,2,3425.21,0.00210126,0.00105063,0.00229837,24.8229,34.995,10.5,0,,TILT_GT_20,True,,1,day1,MATCHED,D1:wor:2,2,2,results.zip/day1.xlsx,workbook,4.26845,211.831,1,True,24.8229,34.995,15.33,0.159,0,15.33,0.15,11.5057,3.82432,3.35805,0.466271,7374.66,29584.7,False,3407.02,0.00791737,INTERPOLATED,516,535,18.1869,0.00824423,0,True,1,18.1869,-96.0646,2.48511,-29.6536,-13.9519,-4.02799,-5.89592,-5.09032,-4.68752,-4.28472,-3.88192,-3.47912,-3.19716,-3.07632,-2.67352,-2.27073,-1.86793,0.0470184,0.0306275,0.0752426,-3.69234,0.085111,0.227246,-6.56721,-5.82874,-5.45951,-5.09027,-4.72104,-4.3518,-4.09334,-3.98257,-3.61333,-3.2441,-2.87486,0.425524,True,2,214.514,N-L1-1-148
519,CG6-0640,2026-01-16,1,3,field,CG6-0640|2026-01-16|L1|S3,2026-01-16 07:53:03,2026-01-16 07:54:03,2026-01-16 07:53:33.000,2,2,3425.27,0.00407837,0.00203918,0.00203918,24.8222,34.9929,16.2,0,,,True,,1,day1,MATCHED,D1:wor:3,3,3,results.zip/day1.xlsx,workbook,1.99012,190.97,4,True,24.8222,34.9929,17.909,0.178,0,17.909,0.15,11.5182,6.39076,6.09408,0.296682,7153.12,29566.2,False,3407.02,0.007912,INTERPOLATED,516,535,18.2458,0.00817055,0,True,1,18.2458,-93.4982,2.43865,-28.8614,-13.0542,-3.92038,-5.21346,-4.42938,-4.03734,-3.64531,-3.25327,-2.86123,-2.5868,-2.46919,-2.07715,-1.68512,-1.29308,0.0470056,0.0306077,0.175024,-3.59256,0.0929406,0.248152,-5.86909,-5.15058,-4.79132,-4.43207,-4.07281,-3.71355,-3.46207,-3.3543,-2.99504,-2.63578,-2.27653,0.629631,True,3,439.691,N-L1-1-148
520,CG6-0640,2026-01-16,1,4,field,CG6-0640|2026-01-16|L1|S4,2026-01-16 07:58:53,2026-01-16 07:59:53,2026-01-16 07:59:23.000,2,2,3425.16,0.000255903,0.000127952,0.00216333,24.8217,34.9911,16.1,0,,,True,,1,day1,MATCHED,D1:wor:4,4,4,results.zip/day1.xlsx,workbook,2.61901,188.197,3,True,24.8217,34.9911,20.228,0.174,0,20.228,0.15,11.5289,8.69915,8.56971,0.129434,6970.33,29554.5,False,3407.02,0.00790737,INTERPOLATED,516,535,18.136,0.00819796,0,True,1,18.136,-91.1898,2.40135,-28.1488,-12.4142,-3.82359,-4.76704,-4.00232,-3.61996,-3.2376,-2.85524,-2.47289,-2.20523,-2.09053,-1.70817,-1.32581,-0.94345,0.0470103,0.0306151,0.264025,-3.50356,0.10073,0.268949,-5.40709,-4.70638,-4.35602,-4.00567,-3.65531,-3.30496,-3.05971,-2.9546,-2.60424,-2.25389,-1.90353,0.792529,True,4,630.251,N-L1-1-148
521,CG6-0640,2026-01-16,1,5,field,CG6-0640|2026-01-16|L1|S5,2026-01-16 08:03:29,2026-01-16 08:04:29,2026-01-16 08:03:59.000,2,2,3425.21,0.00153786,0.000768928,0.00176139,24.8208,34.9893,19.6,0,,,True,,1,day1,MATCHED,D1:wor:5,5,5,results.zip/day1.xlsx,workbook,1.223,199.681,6,True,24.8208,34.9893,21.989,0.157,0,21.989,0.15,11.5398,10.4492,11.184,-0.734845,6766.05,29580.2,False,3407.02,0.00790408,INTERPOLATED,516,535,18.1908,0.00809796,0,True,1,18.1908,-89.4398,2.33754,-27.6086,-11.7553,-3.75021,-4.25492,-3.50488,-3.12986,-2.75483,-2.37981,-2.00479,-1.74228,-1.62977,-1.25475,-0.87973,-0.504709,0.046993,0.0305884,0.324304,-3.44328,0.11383,0.303925,-4.86877,-4.18012,-3.83579,-3.49146,-3.14713,-2.8028,-2.56177,-2.45848,-2.11415,-1.76982,-1.42549,0.990041,True,5,833.577,N-L1-1-148
522,CG6-0640,2026-01-16,1,6,field,CG6-0640|2026-01-16|L1|S6,2026-01-16 08:07:43,2026-01-16 08:08:43,2026-01-16 08:08:13.000,2,2,3425.18,0.000921014,0.000460507,0.00135093,24.8197,34.9878,20.6,0,,,True,,1,day1,MATCHED,D1:wor:6,6,6,results.zip/day1.xlsx,workbook,3.58106,196.126,5,True,24.8196,34.9878,24.262,0.162,0,24.262,0.15,11.55,12.712,12.2653,0.446681,6569.93,29636.9,False,3407.02,0.00790133,INTERPOLATED,516,535,18.1566,0.00801598,0,True,1,18.1566,-87.1769,2.25965,-26.9101,-11.0131,-3.65533,-3.70249,-2.97142,-2.60589,-2.24036,-1.87482,-1.50929,-1.25342,-1.14376,-0.778226,-0.412693,-0.04716,0.0469789,0.0305668,0.401363,-3.36622,0.131652,0.351511,-4.2807,-3.60745,-3.27083,-2.93421,-2.59759,-2.26096,-2.02533,-1.92434,-1.58772,-1.2511,-0.914475,1.18869,True,6,1032.5,N-L1-1-148
523,CG6-0640,2026-01-16,1,7,field,CG6-0640|2026-01-16|L1|S7,2026-01-16 08:13:15,2026-01-16 08:14:15,2026-01-16 08:13:45.000,2,2,3425.27,0.000201296,0.000100648,0.00149164,24.8187,34.9861,22.8,0,,,True,,1,day1,MATCHED,D1:wor:7,7,7,results.zip/day1.xlsx,workbook,0.401452,195.322,6,True,24.8187,34.9861,25.638,0.162,0,25.638,0.15,11.5605,14.0775,13.8751,0.202406,6372.5,29667.3,False,3407.02,0.00789813,INTERPOLATED,516,535,18.2516,0.00803775,0,True,1,18.2516,-85.8115,2.19945,-26.4886,-10.4364,-3.59808,-3.24026,-2.52065,-2.16084,-1.80103,-1.44122,-1.08142,-0.829552,-0.72161,-0.361802,-0.0019944,0.357813,0.0469827,0.0305725,0.429567,-3.33802,0.160702,0.429073,-3.76037,-3.09277,-2.75897,-2.42517,-2.09136,-1.75756,-1.5239,-1.42376,-1.08996,-0.756155,-0.422353,1.38054,True,7,1228.21,N-L1-1-148
524,CG6-0640,2026-01-16,1,8,field,CG6-0640|2026-01-16|L1|S8,2026-01-16 08:19:42,2026-01-16 08:20:42,2026-01-16 08:20:12.000,2,2,3425.18,0.00267239,0.0013362,0.0013362,24.8167,34.9826,31.9,0,,,True,,1,day1,MATCHED,D1:wor:8,8,8,results.zip/day1.xlsx,workbook,1.20286,217.482,9,True,24.8167,34.9826,29.976,0.154,0,29.976,0.15,11.5831,18.3929,18.1427,0.250142,5947.91,29750.7,False,3407.02,0.00789497,INTERPOLATED,516,535,18.1568,0.00800725,0,True,1,18.1568,-81.4961,2.05792,-25.1565,-9.05755,-3.41713,-2.22329,-1.53986,-1.19815,-0.856437,-0.514724,-0.173011,0.0661877,0.168702,0.510415,0.852128,1.19384,0.0469774,0.0305645,0.515037,-3.25255,0.256177,0.683992,-2.55245,-1.90194,-1.57669,-1.25143,-0.926175,-0.60092,-0.373242,-0.275665,0.0495898,0.374845,0.7001,1.80307,True,8,1653.75,N-L1-1-148
525,CG6-0640,2026-01-16,1,9,field,CG6-0640|2026-01-16|L1|S9,2026-01-16 08:24:52,2026-01-16 08:25:52,2026-01-16 08:25:22.000,2,2,3424.08,0.000651097,0.000325548,0.00124197,24.8153,34.9811,27.9,0,,,True,,1,day1,MATCHED,D1:wor:9,9,9,results.zip/day1.xlsx,workbook,3.76352,212.865,8,True,24.8153,34.981,32.034,0.161,0,32.034,0.15,11.5936,20.4404,20.982,-0.54158,5737.74,29838,False,3407.02,0.00789289,INTERPOLATED,516,535,17.0611,0.00799001,0,True,1,17.0611,-79.4486,1.9643,-24.5244,-9.42767,-3.33128,-2.76511,-2.09886,-1.76573,-1.4326,-1.09948,-0.766347,-0.533158,-0.43322,-0.100092,0.233036,0.566164,0.0469745,0.03056,0.478546,-3.28904,0.37852,1.01065,-2.84959,-2.19178,-1.86288,-1.53397,-1.20507,-0.876164,-0.645931,-0.54726,-0.218356,0.110548,0.439452,2.01846,True,9,1870.08,N-L1-1-148
526,CG6-0640,2026-01-16,1,10,field,CG6-0640|2026-01-16|L1|S10,2026-01-16 08:29:33,2026-01-16 08:30:33,2026-01-16 08:30:03.000,2,2,3423.36,0.0042317,0.00211585,0.00211585,24.8143,34.9793,29.9,0,,,True,,1,day1,MATCHED,D1:wor:10,10,10,results.zip/day1.xlsx,workbook,3.38324,206.944,9,True,24.8143,34.9793,34.439,0.165,0,34.439,0.15,11.6047,22.8343,22.5521,0.282173,5527.21,29880.2,False,3407.02,0.00789135,INTERPOLATED,516,535,16.335,0.00817008,0,True,1,16.335,-77.0547,1.89678,-23.7855,-9.34728,-3.2309,-2.88547,-2.23929,-1.9162,-1.59311,-1.27002,-0.946932,-0.720769,-0.623842,-0.300751,0.022339,0.345429,0.0470055,0.0306076,0.511808,-3.25578,0.445634,1.18984,-2.83572,-2.18456,-1.85899,-1.53341,-1.20783,-0.882253,-0.654348,-0.556675,-0.231097,0.0944812,0.420059,2.22634,True,10,2079.67,N-L1-1-148
527,CG6-0640,2026-01-16,1,11,field,CG6-0640|2026-01-16|L1|S11,2026-01-16 08:34:05,2026-01-16 08:35:05,2026-01-16 08:34:35.000,2,2,3422.54,0.00231287,0.00115643,0.00187683,24.8133,34.9775,34.2,0,,,True,,1,day1,MATCHED,D1:wor:11,11,11,results.zip/day1.xlsx,workbook,2.47992,207.193,10,True,24.8133,34.9775,36.819,0.166,0,36.819,0.15,11.6157,25.2033,25.1776,0.0256861,5317.47,29925.3,False,3407.02,0.00789017,INTERPOLATED,516,535,15.5181,0.00811032,0,True,1,15.5181,-74.6857,1.82776,-23.0542,-9.3638,-3.13157,-3.10066,-2.47435,-2.16119,-1.84803,-1.53488,-1.22172,-1.00251,-0.908563,-0.595406,-0.282249,0.0309083,0.0469951,0.0305917,0.507754,-3.25983,0.549019,1.46588,-2.84414,-2.19217,-1.86619,-1.54021,-1.21422,-0.888239,-0.660051,-0.562256,-0.236273,0.0897107,0.415694,2.43201,True,11,2288.44,N-L1-1-148
528,CG6-0640,2026-01-16,1,12,field,CG6-0640|2026-01-16|L1|S12,2026-01-16 08:45:34,2026-01-16 08:46:34,2026-01-16 08:46:04.000,2,2,3421.92,0.00536513,0.00268257,0.00268257,24.8127,34.9756,37.3,0,,,True,,1,day1,MATCHED,D1:wor:12,12,12,results.zip/day1.xlsx,workbook,4.95053,203.976,13,True,24.8126,34.9756,38.969,0.171,0,38.969,0.15,11.6273,27.3417,27.2244,0.1173,5109.95,29930.8,False,3407.02,0.00788854,INTERPOLATED,516,535,14.8939,0.00833218,0,True,1,14.8939,-72.5473,1.77721,-22.3941,-9.27742,-3.04191,-3.19361,-2.58523,-2.28104,-1.97684,-1.67265,-1.36846,-1.15553,-1.06427,-0.760081,-0.45589,-0.151699,0.0470339,0.0306513,0.608753,-3.15883,0.537682,1.43561,-2.95976,-2.32799,-2.01211,-1.69622,-1.38034,-1.06446,-0.843338,-0.748573,-0.43269,-0.116807,0.199077,2.62895,True,12,2501.23,N-L1-1-148
529,CG6-0640,2026-01-16,1,13,field,CG6-0640|2026-01-16|L1|S13,2026-01-16 08:50:46,2026-01-16 08:51:46,2026-01-16 08:51:16.000,2,2,3421.66,0.000643651,0.000321825,0.00283064,24.8115,34.974,39.6,0,,,True,,1,day1,MATCHED,D1:wor:13,13,13,results.zip/day1.xlsx,workbook,2.72853,194.202,14,True,24.8115,34.974,41.326,0.209,0,41.326,0.15,11.6376,29.6884,29.828,-0.139632,4908.7,29998.1,False,3407.02,0.00788845,INTERPOLATED,516,535,14.6408,0.00838094,0,True,1,14.6408,-70.2006,1.70249,-21.6697,-8.73141,-2.94351,-2.84439,-2.25568,-1.96133,-1.66698,-1.37263,-1.07828,-0.872234,-0.783929,-0.489578,-0.195227,0.0991243,0.0470426,0.0306646,0.751276,-3.01631,0.493557,1.3178,-2.69878,-2.09552,-1.79389,-1.49226,-1.19063,-0.888998,-0.677857,-0.587367,-0.285736,0.0158948,0.317526,2.82871,True,13,2702.37,N-L1-1-148
530,CG6-0640,2026-01-16,1,14,field,CG6-0640|2026-01-16|L1|S14,2026-01-16 08:55:25,2026-01-16 08:56:25,2026-01-16 08:55:55.000,2,2,3421.01,0.00632456,0.00316228,0.00316228,24.81,34.9731,35.1,0,,TILT_GT_20,True,,1,day1,MATCHED,D1:wor:14,14,14,results.zip/day1.xlsx,workbook,3.75518,189.172,13,True,24.81,34.9731,43.62,0.198,0,43.62,0.15,11.6448,31.9752,31.7854,0.18981,4740.56,30127.7,False,3407.02,0.00788871,INTERPOLATED,516,535,13.9904,0.00849893,0,True,1,13.9904,-67.9138,1.59675,-20.9638,-8.57009,-2.84762,-2.87484,-2.30531,-2.02055,-1.73579,-1.45103,-1.16626,-0.96693,-0.881502,-0.596739,-0.311977,-0.0272141,0.0470637,0.030697,0.833485,-2.9341,0.507234,1.35432,-2.70188,-2.11506,-1.82165,-1.52824,-1.23483,-0.941423,-0.736036,-0.648013,-0.354603,-0.0611925,0.232218,3.01184,True,14,2895.29,N-L1-1-148
531,CG6-0640,2026-01-16,1,15,field,CG6-0640|2026-01-16|L1|S15,2026-01-16 08:59:53,2026-01-16 09:00:53,2026-01-16 09:00:23.000,2,2,3420.39,0.00580637,0.00290318,0.00290318,24.8085,34.972,38.05,0,,TILT_GT_20,True,,1,day1,MATCHED,D1:wor:15,15,15,results.zip/day1.xlsx,workbook,2.77994,203.399,14,True,24.8085,34.9719,46.101,0.175,0,46.101,0.15,11.6535,34.4475,34.1831,0.26448,4550.34,30253.4,False,3407.02,0.00788927,INTERPOLATED,516,535,13.3648,0.00840648,0,True,1,13.3648,-65.4414,1.49209,-20.2006,-8.32794,-2.74396,-2.84002,-2.29123,-2.01683,-1.74244,-1.46804,-1.19365,-1.00157,-0.91925,-0.644854,-0.370458,-0.0960625,0.0470471,0.0306716,0.942737,-2.82485,0.501648,1.3394,-2.67824,-2.11327,-1.83078,-1.5483,-1.26581,-0.983328,-0.785588,-0.700843,-0.418358,-0.135873,0.146612,3.20664,True,15,3101.19,N-L1-1-148
532,CG6-0640,2026-01-16,1,16,field,CG6-0640|2026-01-16|L1|S16,2026-01-16 09:04:32,2026-01-16 09:05:32,2026-01-16 09:05:02.000,2,2,3419.62,0.00218764,0.00109382,0.00164012,24.8074,34.9701,37.1,0,,,True,,1,day1,MATCHED,D1:wor:16,16,16,results.zip/day1.xlsx,workbook,4.49296,202.925,17,True,24.8074,34.9702,47.844,0.185,0,47.844,0.15,11.6645,36.1795,40.6921,-4.51259,4332.85,30307.8,False,3407.02,0.00789016,INTERPOLATED,516,535,12.5933,0.00805882,0,True,1,12.5933,-63.7095,1.41876,-19.666,-8.49143,-2.67134,-3.14875,-2.61449,-2.34735,-2.08022,-1.81309,-1.54595,-1.35896,-1.27882,-1.01168,-0.74455,-0.477416,0.0469863,0.0305781,0.91772,-2.84987,0.599286,1.60009,-2.7917,-2.22172,-1.93674,-1.65175,-1.36676,-1.08178,-0.882285,-0.796789,-0.511802,-0.226815,0.0581715,3.41719,True,16,3314.64,N-L1-1-148
533,CG6-0640,2026-01-16,1,17,field,CG6-0640|2026-01-16|L1|S17,2026-01-16 09:08:41,2026-01-16 09:09:41,2026-01-16 09:09:11.000,2,2,3419.46,0.00217111,0.00108555,0.00152398,24.806,34.9689,48.7,0,,TILT_GT_20,True,,1,day1,MATCHED,D1:wor:17,17,17,results.zip/day1.xlsx,workbook,3.17601,199.723,16,True,24.806,34.9689,50.296,0.191,0,50.296,0.15,11.6737,38.6223,38.3088,0.313578,4144.03,30416.3,False,3407.02,0.00789123,INTERPOLATED,516,535,12.4308,0.00803704,0,True,1,12.4308,-61.2666,1.3235,-18.9119,-7.80454,-2.56891,-2.66672,-2.15294,-1.89605,-1.63916,-1.38227,-1.12538,-0.945554,-0.868487,-0.611596,-0.354705,-0.0978139,0.0469825,0.0305724,1.05285,-2.71473,0.566581,1.51277,-2.37507,-1.83213,-1.56065,-1.28918,-1.01771,-0.746234,-0.556203,-0.47476,-0.203287,0.0681862,0.33966,3.60225,True,17,3517.54,N-L1-1-148
534,CG6-0640,2026-01-16,1,18,field,CG6-0640|2026-01-16|L1|S18,2026-01-16 09:13:16,2026-01-16 09:14:16,2026-01-16 09:13:46.000,2,2,3418.75,0.00235308,0.00117654,0.00199123,24.8041,34.9687,30.9,0,,,True,,1,day1,MATCHED,D1:wor:18,18,18,results.zip/day1.xlsx,workbook,12.373,209.401,17,True,24.8042,34.9686,52.014,0.257,0,52.014,0.15,11.6779,40.3361,40.465,-0.128922,4023.6,30612.7,False,3407.03,0.0078927,INTERPOLATED,516,535,11.7283,0.00814001,0,True,1,11.7283,-59.5528,1.19861,-18.3829,-7.85314,-2.49705,-2.85904,-2.35963,-2.10993,-1.86022,-1.61052,-1.36081,-1.18602,-1.11111,-0.861401,-0.611695,-0.36199,0.0470003,0.0305996,1.02367,-2.74392,0.667626,1.78256,-2.3653,-1.81652,-1.54213,-1.26774,-0.993343,-0.718951,-0.526877,-0.444559,-0.170168,0.104224,0.378616,3.71741,True,18,3721.17,N-L1-1-148
536,CG6-0640,2026-01-16,1,19,field,CG6-0640|2026-01-16|L1|S19,2026-01-16 09:54:34,2026-01-16 09:55:34,2026-01-16 09:55:04.000,2,2,3418.25,0.00280808,0.00140404,0.00149164,24.8024,34.9678,33.05,0,,,True,,1,day1,MATCHED,D1:wor:19,19,19,results.zip/day1.xlsx,workbook,4.61339,181.176,20,True,24.8024,34.9678,53.921,0.282,0,53.921,0.15,11.685,42.236,42.3757,-0.139715,3855.97,30766.7,False,3407.03,0.00789276,INTERPOLATED,535,561,11.2223,0.00803248,0,True,1,11.2223,-57.653,1.07511,-17.7964,-7.64926,-2.41739,-2.81448,-2.331,-2.08926,-1.84752,-1.60578,-1.36404,-1.19483,-1.1223,-0.880566,-0.638827,-0.397088,0.0469817,0.0305712,1.05921,-2.70838,0.711743,1.90035,-2.23251,-1.69083,-1.41999,-1.14916,-0.878318,-0.607481,-0.417895,-0.336643,-0.0658057,0.205032,0.475869,3.88733,True,19,3937.2,N-L1-1-148
537,CG6-0640,2026-01-16,1,20,field,CG6-0640|2026-01-16|L1|S20,2026-01-16 09:59:12,2026-01-16 10:00:12,2026-01-16 09:59:42.000,2,2,3417.94,0.00339437,0.00169719,0.00195576,24.8016,34.9662,25,0,,TILT_GT_20,True,,1,day1,MATCHED,D1:wor:20,20,20,results.zip/day1.xlsx,workbook,4.36171,178.217,19,True,24.8016,34.9663,56.791,0.283,0,56.791,0.15,11.6943,45.0967,45,0.096661,3673.69,30804,False,3407.03,0.00789036,INTERPOLATED,535,561,10.9152,0.00812913,0,True,1,10.9152,-54.7923,1.02115,-16.9134,-7.01935,-2.29744,-2.42447,-1.96498,-1.73523,-1.50549,-1.27575,-1.046,-0.885182,-0.816259,-0.586515,-0.356771,-0.127027,0.0469984,0.0305967,1.31396,-2.45363,0.576946,1.54045,-2.11209,-1.62136,-1.376,-1.13064,-0.885273,-0.639911,-0.468157,-0.394548,-0.149185,0.0961781,0.341541,4.0643,True,20,4114.15,N-L1-1-148
538,CG6-0640,2026-01-16,1,21,field,CG6-0640|2026-01-16|L1|S21,2026-01-16 10:03:52,2026-01-16 10:04:52,2026-01-16 10:04:22.000,2,2,3417.51,0.000681218,0.000340609,0.00147054,24.8023,34.9644,21.3,0,,,True,,1,day1,MATCHED,D1:wor:21,21,21,results.zip/day1.xlsx,workbook,6.94328,194.464,22,True,24.8023,34.9644,58.497,0.285,0,58.497,0.15,11.7033,46.7937,48.0877,-1.29396,3542.77,30675.5,False,3407.03,0.0078882,INTERPOLATED,535,561,10.4877,0.0080241,0,True,1,10.4877,-53.0953,1.06661,-16.3895,-6.9684,-2.22628,-2.51583,-2.07058,-1.84795,-1.62532,-1.40269,-1.18006,-1.02422,-0.957434,-0.734806,-0.512177,-0.289549,0.0469803,0.030569,1.3677,-2.39989,0.594358,1.58694,-2.16863,-1.68865,-1.44867,-1.20868,-0.968689,-0.7287,-0.560708,-0.488712,-0.248723,-0.00873443,0.231254,4.19542,True,21,4319.52,N-L1-1-148
539,CG6-0640,2026-01-16,1,22,field,CG6-0640|2026-01-16|L1|S22,2026-01-16 10:08:05,2026-01-16 10:09:05,2026-01-16 10:08:35.000,2,2,3416.96,0.0012699,0.000634952,0.00219317,24.803,34.9625,7.7,0,,,True,,1,day1,MATCHED,D1:wor:22,22,22,results.zip/day1.xlsx,workbook,10.2038,203.717,23,True,24.803,34.9626,60.316,0.254,0,60.316,0.15,11.7118,48.6042,51.2664,-2.66221,3423.82,30546.9,False,3407.03,0.00788647,INTERPOLATED,535,561,9.93123,0.00818575,0,True,1,9.93123,-51.2847,1.11417,-15.8306,-7.01357,-2.15037,-2.71283,-2.28275,-2.06772,-1.85268,-1.63764,-1.42261,-1.27208,-1.20757,-0.992534,-0.777497,-0.56246,0.0470082,0.0306118,1.34151,-2.42608,0.696468,1.85957,-2.16141,-1.67619,-1.43358,-1.19097,-0.948366,-0.705758,-0.535933,-0.46315,-0.220542,0.0220659,0.264674,4.32066,True,22,4517.34,N-L1-1-148
540,CG6-0640,2026-01-16,1,23,field,CG6-0640|2026-01-16|L1|S23,2026-01-16 10:12:47,2026-01-16 10:13:47,2026-01-16 10:13:17.000,2,2,3417.06,0.00365793,0.00182897,0.00182897,24.8022,34.9608,37.15,0,,,True,,1,day1,MATCHED,D1:wor:23,23,23,results.zip/day1.xlsx,workbook,4.61986,196.475,24,True,24.8022,34.9607,62.738,0.236,0,62.738,0.15,11.7226,51.0154,50.9225,0.0928575,3225.2,30587.9,False,3407.03,0.0078848,INTERPOLATED,535,561,10.0356,0.00809415,0,True,1,10.0356,-48.8736,1.06137,-15.0863,-6.11208,-2.04927,-2.01354,-1.60369,-1.39876,-1.19383,-0.988907,-0.783981,-0.640532,-0.579054,-0.374127,-0.1692,0.0357267,0.0469923,0.0305874,1.73396,-2.03362,0.405112,1.08165,-2.04483,-1.63811,-1.43474,-1.23138,-1.02802,-0.824656,-0.682303,-0.621294,-0.417932,-0.214569,-0.0112068,4.51491,True,23,4720.27,N-L1-1-148
541,CG6-0640,2026-01-16,1,24,field,CG6-0640|2026-01-16|L1|S24,2026-01-16 10:17:21,2026-01-16 10:18:21,2026-01-16 10:17:51.000,2,2,3416.38,0.003247,0.0016235,0.0016235,24.8019,34.9589,48.2,0,,,True,,1,day1,MATCHED,D1:wor:24,24,24,results.zip/day1.xlsx,workbook,4.8518,187.924,23,True,24.8019,34.9589,65.468,0.228,0,65.468,0.15,11.733,53.735,53.8628,-0.127724,3047.67,30569.2,False,3407.03,0.00788343,INTERPOLATED,535,561,9.35552,0.00804887,0,True,1,9.35552,-46.1539,1.03926,-14.2468,-5.93057,-1.93523,-2.0601,-1.67306,-1.47953,-1.28601,-1.09249,-0.898962,-0.763496,-0.705439,-0.511915,-0.318392,-0.124869,0.0469846,0.0305755,1.95709,-1.8105,0.296023,0.79038,-2.30957,-1.94747,-1.76642,-1.58537,-1.40432,-1.22327,-1.09654,-1.04222,-0.861171,-0.680121,-0.499072,4.68111,True,24,4912.19,N-L1-1-148
542,CG6-0640,2026-01-16,1,25,field,CG6-0640|2026-01-16|L1|S25,2026-01-16 10:21:29,2026-01-16 10:22:29,2026-01-16 10:21:59.000,2,2,3415.59,0.000362262,0.000181131,0.00134536,24.8019,34.9568,55.65,0.66717,,,True,,1,day1,MATCHED,D1:wor:25,25,25,results.zip/day1.xlsx,workbook,3.60292,204.921,24,True,24.8019,34.9568,67.795,0.228,0,67.795,0.15,11.7437,56.0513,55.7631,0.288246,2875.78,30515.1,False,3407.03,0.00788241,INTERPOLATED,535,561,8.56812,0.0079964,0,True,1,8.56812,-43.8376,1.03925,-13.5318,-6.00295,-1.83811,-2.32672,-1.9591,-1.77529,-1.59148,-1.40767,-1.22386,-1.09519,-1.04005,-0.856235,-0.672424,-0.488613,0.0469756,0.0305617,2.08765,-1.67993,0.262579,0.701086,-2.64308,-2.30709,-2.1391,-1.97111,-1.80311,-1.63512,-1.51752,-1.46713,-1.29913,-1.13114,-0.963146,4.84162,True,25,5119.73,N-L1-1-148
543,CG6-0640,2026-01-16,1,26,field,CG6-0640|2026-01-16|L1|S26,2026-01-16 10:26:05,2026-01-16 10:27:05,2026-01-16 10:26:35.000,2,2,3415.39,0.00112808,0.000564041,0.00141598,24.8019,34.9548,64.4,0,,,True,,1,day1,MATCHED,D1:wor:26,26,26,results.zip/day1.xlsx,workbook,6.47362,192.607,27,True,24.8018,34.9548,69.929,0.218,0,69.929,0.15,11.7542,58.1748,57.8477,0.327104,2711.49,30465.3,False,3407.03,0.00788152,INTERPOLATED,535,561,8.36066,0.00800771,0,True,1,8.36066,-41.7142,1.03562,-12.8764,-5.55131,-1.74908,-2.05316,-1.70334,-1.52844,-1.35353,-1.17862,-1.00371,-0.881278,-0.828806,-0.653898,-0.478991,-0.304083,0.0469775,0.0305647,2.16658,-1.60101,0.272689,0.72808,-2.34929,-2.02909,-1.86899,-1.70889,-1.54879,-1.38869,-1.27662,-1.22859,-1.06849,-0.908387,-0.748286,5.00675,True,26,5324.39,N-L1-1-148
544,CG6-0640,2026-01-16,1,27,field,CG6-0640|2026-01-16|L1|S27,2026-01-16 10:30:28,2026-01-16 10:31:28,2026-01-16 10:30:58.000,2,2,3414.6,0.000719601,0.0003598,0.00239008,24.8015,34.953,61.1,0,,,True,,1,day1,MATCHED,D1:wor:27,27,27,results.zip/day1.xlsx,workbook,9.71805,179.216,26,True,24.8015,34.953,72.162,0.22,0,72.162,0.15,11.7642,60.3978,60.0766,0.321256,2549.44,30454.2,False,3407.03,0.00788091,INTERPOLATED,535,561,7.57729,0.00823536,0,True,1,7.57729,-39.4911,1.01357,-12.1901,-5.6264,-1.65586,-2.31468,-1.98351,-1.81792,-1.65234,-1.48675,-1.32116,-1.20525,-1.15558,-0.98999,-0.824404,-0.658818,0.0470169,0.0306251,2.24285,-1.52474,0.289634,0.773321,-2.57693,-2.27198,-2.11951,-1.96703,-1.81456,-1.66208,-1.55535,-1.50961,-1.35714,-1.20466,-1.05219,5.17614,True,27,5512.45,N-L1-1-148
545,CG6-0640,2026-01-16,1,28,field,CG6-0640|2026-01-16|L1|S28,2026-01-16 10:42:02,2026-01-16 10:43:02,2026-01-16 10:42:32.000,2,2,3414.16,0.000600623,0.000300311,0.00129035,24.8003,34.9516,69.3,0.22239,,,True,,1,day1,MATCHED,D1:wor:28,28,28,results.zip/day1.xlsx,workbook,8.09503,190.784,27,True,24.8002,34.9516,74.166,0.156,0,74.166,0.15,11.7732,62.3928,62.7527,-0.359833,2349.91,30557,False,3407.03,0.00788041,INTERPOLATED,535,561,7.12997,0.00798535,0,True,1,7.12997,-37.4961,0.925821,-11.5743,-5.37016,-1.57221,-2.22574,-1.9113,-1.75407,-1.59685,-1.43963,-1.28241,-1.17236,-1.12519,-0.967968,-0.810747,-0.653526,0.0469737,0.0305588,2.25467,-1.51292,0.36146,0.965099,-2.34433,-2.04175,-1.89046,-1.73917,-1.58787,-1.43658,-1.33068,-1.28529,-1.134,-0.982708,-0.831416,5.37253,True,28,5711.32,N-L1-1-148
546,CG6-0640,2026-01-16,1,29,field,CG6-0640|2026-01-16|L1|S29,2026-01-16 10:46:47,2026-01-16 10:47:47,2026-01-16 10:47:17.000,2,2,3413.44,0.00289429,0.00144715,0.00144715,24.7984,34.9512,66.3,0,,,True,,1,day1,MATCHED,D1:wor:29,29,29,results.zip/day1.xlsx,workbook,8.94553,201.469,28,True,24.7984,34.9511,76.334,0.167,0,76.334,0.15,11.7783,64.5557,64.587,-0.0312959,2186.92,30741.8,False,3407.03,0.00788067,INTERPOLATED,535,561,6.40929,0.00801244,0,True,1,6.40929,-35.3333,0.800165,-10.9067,-5.29755,-1.48152,-2.33451,-2.0382,-1.89005,-1.7419,-1.59374,-1.44559,-1.34189,-1.29744,-1.14929,-1.00114,-0.852983,0.0469783,0.0305659,2.19252,-1.57507,0.514305,1.37319,-2.14741,-1.8324,-1.67489,-1.51738,-1.35987,-1.20237,-1.09211,-1.04486,-0.887353,-0.729845,-0.572338,5.53435,True,29,5920.33,N-L1-1-148
547,CG6-0640,2026-01-16,1,30,field,CG6-0640|2026-01-16|L1|S30,2026-01-16 10:51:07,2026-01-16 10:52:07,2026-01-16 10:51:37.000,2,2,3413.14,0.00338929,0.00169465,0.00169465,24.7967,34.9515,67.5,0,,,True,,1,day1,MATCHED,D1:wor:30,30,30,results.zip/day1.xlsx,workbook,13.4816,196.012,29,True,24.7966,34.9514,78.474,0.15,0,78.474,0.15,11.7793,66.6947,66.0654,0.629309,2107.3,30942.3,False,3407.03,0.00788114,INTERPOLATED,535,561,6.11375,0.00806128,0,True,1,6.11375,-33.1942,0.678254,-10.2464,-4.8109,-1.39183,-2.02723,-1.74887,-1.60968,-1.4705,-1.33132,-1.19213,-1.0947,-1.05295,-0.913765,-0.774582,-0.635399,0.0469867,0.0305787,2.29186,-1.47572,0.504647,1.34741,-1.85945,-1.56431,-1.41674,-1.26916,-1.12159,-0.974019,-0.870718,-0.826446,-0.678874,-0.531301,-0.383729,5.63347,True,30,6120.12,N-L1-1-148
548,CG6-0640,2026-01-16,1,31,field,CG6-0640|2026-01-16|L1|S31,2026-01-16 10:55:43,2026-01-16 10:56:43,2026-01-16 10:56:13.000,2,2,3412.73,0.00451518,0.00225759,0.00225759,24.7948,34.9513,73.5,0,,,True,,1,day1,MATCHED,D1:wor:31,31,31,results.zip/day1.xlsx,workbook,10.1127,198.823,30,True,24.7948,34.9512,82.422,0.153,0,82.422,0.15,11.7831,70.6389,70.8535,-0.214601,1984.44,31134.6,False,3407.03,0.0078819,INTERPOLATED,535,561,5.70478,0.00819885,0,True,1,5.70478,-29.25,0.551465,-9.02889,-3.87558,-1.22645,-1.42267,-1.17738,-1.05473,-0.932088,-0.809443,-0.686797,-0.600945,-0.564152,-0.441506,-0.318861,-0.196216,0.0470105,0.0306153,2.57529,-1.1923,0.3866,1.03222,-1.49098,-1.25252,-1.1333,-1.01407,-0.894836,-0.775606,-0.692145,-0.656376,-0.537147,-0.417917,-0.298687,5.76225,True,31,6326.4,N-L1-1-148
549,CG6-0640,2026-01-16,1,32,field,CG6-0640|2026-01-16|L1|S32,2026-01-16 11:00:13,2026-01-16 11:01:13,2026-01-16 11:00:43.000,2,2,3412.19,0.00168128,0.000840639,0.00138293,24.7931,34.9509,76.9,0,,,True,,1,day1,MATCHED,D1:wor:32,32,32,results.zip/day1.xlsx,workbook,12.148,187.854,31,True,24.793,34.9508,86.025,0.161,0,86.025,0.15,11.7875,74.2375,73.9465,0.291035,1872.07,31313.3,False,3407.03,0.00788289,INTERPOLATED,535,561,5.16338,0.00800327,0,True,1,5.16338,-25.6514,0.4312,-7.91806,-3.18588,-1.07556,-1.03476,-0.819642,-0.712086,-0.60453,-0.496973,-0.389417,-0.314127,-0.28186,-0.174304,-0.0667475,0.0408089,0.0469768,0.0305635,2.77453,-0.993054,0.338247,0.90312,-1.19977,-1.00116,-0.901858,-0.802553,-0.703248,-0.603942,-0.534428,-0.504637,-0.405331,-0.306026,-0.20672,5.89112,True,32,6524.36,N-L1-1-148
550,CG6-0640,2026-01-16,1,33,field,CG6-0640|2026-01-16|L1|S33,2026-01-16 11:04:56,2026-01-16 11:05:56,2026-01-16 11:05:26.000,2,2,3411.44,0.00397849,0.00198925,0.00198925,24.7927,34.9491,95.1,0,,,True,,1,day1,MATCHED,D1:wor:33,33,33,results.zip/day1.xlsx,workbook,7.39134,182.373,32,True,24.7926,34.9491,89.186,0.178,0,89.186,0.15,11.7971,77.3889,78.2647,-0.875784,1681.77,31315.2,False,3407.03,0.00788418,INTERPOLATED,535,561,4.41753,0.00813126,0,True,1,4.41753,-22.5,0.403309,-6.94529,-2.93108,-0.943427,-1.04422,-0.855537,-0.761194,-0.666851,-0.572509,-0.478166,-0.412126,-0.383823,-0.289481,-0.195138,-0.100795,0.0469987,0.0305973,2.87946,-0.888122,0.365453,0.975758,-1.15483,-0.977206,-0.888394,-0.799582,-0.71077,-0.621957,-0.559789,-0.533145,-0.444333,-0.355521,-0.266708,6.06799,True,33,6708.66,N-L1-1-148
551,CG6-0640,2026-01-16,1,34,field,CG6-0640|2026-01-16|L1|S34,2026-01-16 11:09:46,2026-01-16 11:10:46,2026-01-16 11:10:16.000,2,2,3411.16,0.000423392,0.000211696,0.00228254,24.7928,34.9472,91.3,0,,,True,,1,day1,MATCHED,D1:wor:34,34,34,results.zip/day1.xlsx,workbook,7.34745,193.619,33,True,24.7928,34.9471,91.359,0.172,0,91.359,0.15,11.8068,79.5522,80.0964,-0.54412,1513.05,31257.1,False,3407.03,0.00788579,INTERPOLATED,535,561,4.13106,0.00820949,0,True,1,4.13106,-20.3367,0.412952,-6.27752,-2.55941,-0.852719,-0.853973,-0.683429,-0.598157,-0.512885,-0.427613,-0.342341,-0.282651,-0.25707,-0.171798,-0.0865258,-0.00125396,0.0470123,0.0306181,2.94813,-0.819455,0.387494,1.03461,-0.920499,-0.756608,-0.674662,-0.592717,-0.510771,-0.428826,-0.371464,-0.34688,-0.264935,-0.182989,-0.101044,6.2301,True,34,6904.91,N-L1-1-148
552,CG6-0640,2026-01-16,1,35,field,CG6-0640|2026-01-16|L1|S35,2026-01-16 11:14:07,2026-01-16 11:15:07,2026-01-16 11:14:37.000,2,2,3410.42,0.00267573,0.00133787,0.00133787,24.7917,34.9458,79.2,0,,,True,,1,day1,MATCHED,D1:wor:35,35,35,results.zip/day1.xlsx,workbook,6.72019,184.454,34,True,24.7916,34.9457,93.989,0.186,0,93.989,0.15,11.8155,82.1735,83.8031,-1.62957,1329.6,31350,False,3407.03,0.00788748,INTERPOLATED,535,561,3.39265,0.00800014,0,True,1,3.39265,-17.7155,0.334216,-5.46839,-2.40996,-0.742809,-0.924338,-0.775776,-0.701495,-0.627214,-0.552933,-0.478652,-0.426655,-0.404371,-0.33009,-0.255809,-0.181528,0.0469762,0.0305627,3.01034,-0.757248,0.435195,1.16197,-0.895461,-0.744011,-0.668286,-0.592562,-0.516837,-0.441112,-0.388105,-0.365387,-0.289663,-0.213938,-0.138213,6.41589,True,35,7095.25,N-L1-1-148
553,CG6-0640,2026-01-16,1,36,field,CG6-0640|2026-01-16|L1|S36,2026-01-16 11:19:24,2026-01-16 11:20:24,2026-01-16 11:19:54.000,2,2,3409.57,0.000275751,0.000137875,0.00152069,24.7901,34.9446,80,0,,,True,,1,day1,MATCHED,D1:wor:36,36,36,results.zip/day1.xlsx,workbook,5.8807,192.825,37,True,24.7901,34.9445,95.984,0.19,0,95.984,0.15,11.8232,84.1608,85.368,-1.20715,1155.67,31493.8,False,3407.03,0.00788983,INTERPOLATED,535,561,2.54418,0.00803505,0,True,1,2.54418,-15.7281,0.229295,-4.85494,-2.54005,-0.65948,-1.22109,-1.08919,-1.02324,-0.957297,-0.891349,-0.825401,-0.779237,-0.759453,-0.693505,-0.627557,-0.561609,0.0469822,0.0305718,2.92863,-0.838953,0.600229,1.60261,-0.862144,-0.694353,-0.610458,-0.526563,-0.442668,-0.358772,-0.300046,-0.274877,-0.190982,-0.107087,-0.0231914,6.60579,True,36,7303.86,N-L1-1-148
554,CG6-0640,2026-01-16,1,37,field,CG6-0640|2026-01-16|L1|S37,2026-01-16 11:24:45,2026-01-16 11:25:45,2026-01-16 11:25:15.000,2,2,3408.83,0.000823012,0.000411506,0.00148492,24.7887,34.9436,89.7,0,,,True,,1,day1,MATCHED,D1:wor:37,37,37,results.zip/day1.xlsx,workbook,4.20916,184.068,36,True,24.7887,34.9435,98.029,0.214,0,98.029,0.15,11.8297,86.1993,85.8476,0.351725,1013.44,31626.8,False,3407.03,0.00789256,INTERPOLATED,535,561,1.80404,0.00803104,0,True,1,1.80404,-13.6897,0.131814,-4.22571,-2.55348,-0.574008,-1.40546,-1.29066,-1.23326,-1.17586,-1.11846,-1.06106,-1.02088,-1.00366,-0.946258,-0.888857,-0.831456,0.0469815,0.0305708,2.9419,-0.82569,0.672439,1.79541,-0.9021,-0.736962,-0.654393,-0.571824,-0.489255,-0.406686,-0.348888,-0.324117,-0.241549,-0.15898,-0.0764106,6.77391,True,37,7491.59,N-L1-1-148
555,CG6-0640,2026-01-16,1,38,field,CG6-0640|2026-01-16|L1|S38,2026-01-16 11:30:28,2026-01-16 11:31:28,2026-01-16 11:30:58.000,2,2,3408.67,0.000120314,6.01568e-05,0.0013435,24.7883,34.9416,82.6,0,,,True,,1,day1,MATCHED,D1:wor:38,38,38,results.zip/day1.xlsx,workbook,3.84868,203.084,37,True,24.7883,34.9415,100.886,0.246,0,100.886,0.15,11.8402,89.0458,88.8906,0.155146,806.391,31623.4,False,3407.03,0.00789586,INTERPOLATED,535,561,1.64245,0.00800934,0,True,1,1.64245,-10.8432,0.109493,-3.34706,-1.8141,-0.454655,-0.90479,-0.813859,-0.768394,-0.722928,-0.677463,-0.631997,-0.600171,-0.586532,-0.541066,-0.495601,-0.450135,0.0469778,0.0305651,3.22599,-0.541594,0.507696,1.35555,-0.730913,-0.622594,-0.568434,-0.514275,-0.460115,-0.405956,-0.368044,-0.351797,-0.297637,-0.243478,-0.189318,6.96696,True,38,7697.95,N-L1-1-148
556,CG6-0640,2026-01-16,1,39,field,CG6-0640|2026-01-16|L1|S39,2026-01-16 11:37:39,2026-01-16 11:38:39,2026-01-16 11:38:09.000,2,2,3407.99,0.0043851,0.00219255,0.00219255,24.7893,34.9394,92.9,0,,,True,,1,day1,MATCHED,D1:wor:39,39,39,results.zip/day1.xlsx,workbook,4.44379,165.118,40,True,24.7893,34.9394,103.613,0.3,0,103.613,0.15,11.8501,91.7629,91.2056,0.557299,638.211,31476.2,False,3407.03,0.00790056,INTERPOLATED,535,561,0.957861,0.00819915,0,True,1,0.957861,-8.12608,0.17389,-2.50834,-1.72437,-0.340727,-1.04292,-0.974775,-0.940702,-0.90663,-0.872557,-0.838484,-0.814633,-0.804412,-0.770339,-0.736266,-0.702194,0.0470105,0.0306154,3.30063,-0.466953,0.546983,1.46045,-0.790467,-0.697077,-0.650381,-0.603686,-0.556991,-0.510295,-0.477609,-0.4636,-0.416905,-0.370209,-0.323514,7.09127,True,39,7937.16,N-L1-1-148
557,CG6-0640,2026-01-16,1,40,field,CG6-0640|2026-01-16|L1|S40,2026-01-16 11:42:39,2026-01-16 11:43:39,2026-01-16 11:43:09.000,2,2,3408.05,0.00159016,0.000795082,0.00137295,24.7894,34.9378,94.55,0,,,True,,1,day1,MATCHED,D1:wor:40,40,40,results.zip/day1.xlsx,workbook,4.07759,159.979,39,True,24.7895,34.9378,105.204,0.276,0,105.204,0.15,11.858,93.346,93.8631,-0.517079,505.138,31429.9,False,3407.03,0.0079042,INTERPOLATED,535,561,1.02027,0.00802255,0,True,1,1.02027,-6.54294,0.185827,-2.01966,-1.18522,-0.274345,-0.636526,-0.581657,-0.554222,-0.526788,-0.499353,-0.471919,-0.452714,-0.444484,-0.417049,-0.389615,-0.36218,0.0469801,0.0305686,3.46089,-0.306701,0.453112,1.20981,-0.571815,-0.510475,-0.479805,-0.449135,-0.418465,-0.387794,-0.366325,-0.357124,-0.326454,-0.295784,-0.265114,7.20503,True,40,8098,N-L1-1-148
558,CG6-0640,2026-01-16,1,41,field,CG6-0640|2026-01-16|L1|S41,2026-01-16 11:47:07,2026-01-16 11:48:07,2026-01-16 11:47:37.000,2,2,3407.57,0.00149559,0.000747794,0.00187216,24.7892,34.936,99.3,0,,,True,,1,day1,MATCHED,D1:wor:41,41,41,results.zip/day1.xlsx,workbook,3.92864,186.087,40,True,24.7892,34.936,107.92,0.236,0,107.92,0.15,11.8676,96.0524,95.9189,0.133549,351.675,31420.8,False,3407.03,0.0079077,INTERPOLATED,535,561,0.546682,0.0081263,0,True,1,0.546682,-3.83655,0.164985,-1.18426,-0.802562,-0.160867,-0.480829,-0.448656,-0.432569,-0.416482,-0.400396,-0.384309,-0.373048,-0.368222,-0.352136,-0.336049,-0.319962,0.0469979,0.0305959,3.58866,-0.178928,0.438818,1.17165,-0.444706,-0.40892,-0.391028,-0.373135,-0.355242,-0.337349,-0.324824,-0.319456,-0.301563,-0.283671,-0.265778,7.37306,True,41,8286.56,N-L1-1-148
559,CG6-0640,2026-01-16,1,42,field,CG6-0640|2026-01-16|L1|S42,2026-01-16 11:52:25,2026-01-16 11:53:25,2026-01-16 11:52:55.000,2,2,3406.95,0.000203116,0.000101558,0.00464462,24.7879,34.9347,93.25,0,,STDDEV_GT_0.050,True,,1,day1,MATCHED,D1:wor:42,42,42,results.zip/day1.xlsx,workbook,11.4926,160.801,B100 16-01-2026,True,24.7879,34.9346,109.82,0.248,0,109.82,0.15,11.8758,97.9442,100.939,-2.99435,160.018,31536,False,3407.03,0.00791216,INTERPOLATED,535,561,-0.0792166,0.00917469,0,True,1,-0.0792166,-1.94472,0.079894,-0.600293,-0.759404,-0.0815423,-0.596319,-0.580011,-0.571857,-0.563702,-0.555548,-0.547394,-0.541686,-0.53924,-0.531086,-0.522931,-0.514777,0.0471905,0.0308909,3.57285,-0.194733,0.533947,1.42564,-0.369938,-0.330992,-0.311519,-0.292045,-0.272572,-0.253099,-0.239467,-0.233626,-0.214152,-0.194679,-0.175206,7.56731,True,42,8482.5,N-L1-1-148
560,CG6-0640,2026-01-16,1,43,field,CG6-0640|2026-01-16|L1|S43,2026-01-16 11:58:58,2026-01-16 11:59:58,2026-01-16 11:59:28.000,2,2,3407.04,0.00241406,0.00120703,0.00180347,24.787,34.9332,100.65,0.778366,,,True,,1,day1,MATCHED,D1:wor:43,43,43,results.zip/day1.xlsx,workbook,4.63422,59.4835,B100 16-01-2026,True,24.787,34.9332,112.211,0.246,0,112.211,0.15,11.8836,100.327,100.078,0.249507,61.8549,31603.5,False,3407.03,0.00791815,INTERPOLATED,535,561,0.0134859,0.00812093,0,True,1,0.0134859,0.438458,0.0189573,0.135342,0.12987,0.0183845,0.0931012,0.0894243,0.0875859,0.0857474,0.083909,0.0820705,0.0807836,0.0802321,0.0783936,0.0765552,0.0747167,0.046997,0.0305945,3.83596,0.0683776,0.370764,0.98994,-0.00688486,-0.0205604,-0.0273981,-0.0342359,-0.0410736,-0.0479114,-0.0526978,-0.0547492,-0.0615869,-0.0684247,-0.0752624,7.73801,True,43,8653.27,N-L1-1-148
562,CG6-0640,2026-01-16,1,44,field,CG6-0640|2026-01-16|L1|S44,2026-01-16 12:21:30,2026-01-16 12:22:30,2026-01-16 12:22:00.000,2,2,3406.36,0.00306541,0.0015327,0.0015327,24.7871,34.9312,100.5,0,,,True,,1,day1,MATCHED,D1:wor:44,44,44,results.zip/day1.xlsx,workbook,4.07845,204.669,43,True,24.7871,34.9311,113.55,0.245,0,113.55,0.15,11.894,101.656,103.357,-1.70126,263.159,31563.2,False,3407.03,0.00790563,INTERPOLATED,561,579,-0.671554,0.00805284,0,True,1,-0.671554,1.76707,0.0235262,0.545454,-0.149626,0.0740933,-0.297812,-0.312631,-0.32004,-0.32745,-0.334859,-0.342268,-0.347455,-0.349678,-0.357087,-0.364496,-0.371906,0.0469852,0.0305765,3.75586,-0.0117293,0.50658,1.35257,-0.126167,-0.123821,-0.122648,-0.121475,-0.120302,-0.119129,-0.118308,-0.117957,-0.116784,-0.115611,-0.114438,7.90098,True,44,8862,N-L1-1-148
563,CG6-0640,2026-01-16,1,45,field,CG6-0640|2026-01-16|L1|S45,2026-01-16 12:27:47,2026-01-16 12:28:47,2026-01-16 12:28:17.000,2,2,3406.37,0.000316664,0.000158332,0.00135093,24.788,34.9293,107.8,0.706651,,,True,,1,day1,MATCHED,D1:wor:45,45,45,results.zip/day1.xlsx,workbook,1.10475,189.98,46,True,24.788,34.9293,115.683,0.248,0,115.683,0.15,11.9023,103.781,103.225,0.555387,465.572,31436.2,False,3407.03,0.00789946,INTERPOLATED,561,579,-0.659761,0.00801414,0,True,1,-0.659761,3.89173,0.082886,1.20129,0.45864,0.16318,0.13228,0.0996438,0.0833258,0.0670078,0.0506898,0.0343718,0.0229492,0.0180538,0.00173574,-0.0145823,-0.0309003,0.0469786,0.0305663,3.92718,0.159593,0.424344,1.133,0.139455,0.107536,0.091577,0.0756177,0.0596584,0.0436992,0.0325277,0.0277399,0.0117806,-0.00417865,-0.0201379,7.99347,True,45,9067.91,N-L1-1-148
564,CG6-0640,2026-01-16,1,46,field,CG6-0640|2026-01-16|L1|S46,2026-01-16 12:31:59,2026-01-16 12:32:59,2026-01-16 12:32:29.000,2,2,3405.55,0.00479615,0.00239808,0.00239808,24.789,34.9279,110.4,0,,,True,,1,day1,MATCHED,D1:wor:46,46,46,results.zip/day1.xlsx,workbook,5.4415,184.132,45,True,24.789,34.9279,117.009,0.315,0,117.009,0.15,11.9088,105.1,109.797,-4.69661,640.516,31298.8,False,3407.03,0.00789578,INTERPOLATED,561,579,-1.47722,0.00825191,0,True,1,-1.47722,5.21129,0.156445,1.6086,-0.0250629,0.218509,-0.462081,-0.505783,-0.527634,-0.549485,-0.571336,-0.593187,-0.608483,-0.615038,-0.636889,-0.65874,-0.680591,0.0470198,0.0306295,3.7387,-0.0288845,0.668151,1.78396,0.0327061,0.038483,0.0413715,0.0442599,0.0471484,0.0500368,0.0520587,0.0529253,0.0558137,0.0587022,0.0615906,8.04859,True,46,9257.46,N-L1-1-148
565,CG6-0640,2026-01-16,1,47,field,CG6-0640|2026-01-16|L1|S47,2026-01-16 12:36:40,2026-01-16 12:37:40,2026-01-16 12:37:10.000,2,2,3405.74,0.00231121,0.0011556,0.00156924,24.7895,34.9258,109.8,0.333585,,,True,,1,day1,MATCHED,D1:wor:47,47,47,results.zip/day1.xlsx,workbook,5.82546,187.73,48,True,24.7896,34.9258,119.731,0.268,0,119.731,0.15,11.9189,107.812,108.039,-0.227319,857.207,31206.5,False,3407.03,0.00789209,INTERPOLATED,561,579,-1.28265,0.00804658,0,True,1,-1.28265,7.92318,0.192787,2.4457,0.970259,0.332219,0.305821,0.239378,0.206156,0.172934,0.139712,0.10649,0.0832347,0.0732682,0.0400463,0.00682441,-0.0263975,0.0469842,0.0305749,4.01494,0.247349,0.505627,1.35002,0.475561,0.426091,0.401356,0.376622,0.351887,0.327152,0.309837,0.302417,0.277682,0.252947,0.228212,8.19324,True,47,9476.04,N-L1-1-148
566,CG6-0640,2026-01-16,1,48,field,CG6-0640|2026-01-16|L1|S48,2026-01-16 12:41:00,2026-01-16 12:42:00,2026-01-16 12:41:30.000,2,2,3405.55,0.000325829,0.000162914,0.00138293,24.7894,34.924,112.7,0,,,True,,1,day1,MATCHED,D1:wor:48,48,48,results.zip/day1.xlsx,workbook,3.67857,180.782,47,True,24.7894,34.924,121.281,0.237,0,121.281,0.15,11.9281,109.353,108.967,0.385644,1026.91,31195.5,False,3407.03,0.00788906,INTERPOLATED,561,579,-1.47178,0.00800936,0,True,1,-1.47178,9.46391,0.182602,2.92129,1.26691,0.396822,0.473267,0.393902,0.35422,0.314538,0.274856,0.235174,0.207396,0.195491,0.155809,0.116127,0.0764448,0.0469778,0.0305651,4.13582,0.368237,0.449342,1.19974,0.530437,0.456789,0.419966,0.383142,0.346318,0.309495,0.283718,0.272671,0.235847,0.199024,0.1622,8.35599,True,48,9658.55,N-L1-1-148
567,CG6-0640,2026-01-16,1,49,field,CG6-0640|2026-01-16|L1|S49,2026-01-16 12:45:18,2026-01-16 12:46:18,2026-01-16 12:45:48.000,2,2,3405.34,0.002941,0.0014705,0.0014705,24.7896,34.9219,109.4,0,,,True,,1,day1,MATCHED,D1:wor:49,49,49,results.zip/day1.xlsx,workbook,1.54099,206.734,48,True,24.7896,34.922,122.869,0.24,0,122.869,0.15,11.9383,110.931,112.783,-1.85228,1232.97,31143.8,False,3407.03,0.00788643,INTERPOLATED,561,579,-1.68592,0.00802236,0,True,1,-1.68592,11.0418,0.193492,3.40833,1.52892,0.462981,0.602953,0.510357,0.464059,0.41776,0.371462,0.325164,0.292756,0.278866,0.232568,0.18627,0.139972,0.04698,0.0305685,4.18622,0.418635,0.465103,1.24183,0.691646,0.607919,0.566055,0.524192,0.482328,0.440465,0.411161,0.398602,0.356738,0.314875,0.273011,8.52145,True,49,9863.89,N-L1-1-148
568,CG6-0640,2026-01-16,1,50,field,CG6-0640|2026-01-16|L1|S50,2026-01-16 12:50:04,2026-01-16 12:51:04,2026-01-16 12:50:34.000,2,2,3405.1,0.00175858,0.00087929,0.00155563,24.7908,34.9202,107,0,,,True,,1,day1,MATCHED,D1:wor:50,50,50,results.zip/day1.xlsx,workbook,3.10869,185.848,51,True,24.7907,34.9202,125.58,0.295,0,125.58,0.15,11.9463,113.634,113.768,-0.134584,1441.92,30988.5,False,3407.03,0.00788395,INTERPOLATED,561,579,-1.93061,0.00803596,0,True,1,-1.93061,13.7448,0.273888,4.24269,2.03819,0.576319,0.885552,0.770288,0.712656,0.655024,0.597392,0.53976,0.499418,0.482128,0.424496,0.366864,0.309233,0.0469823,0.0305721,4.38412,0.616531,0.380545,1.01605,0.805127,0.681821,0.620168,0.558515,0.496862,0.435209,0.392051,0.373555,0.311902,0.250249,0.188596,8.60958,True,50,10084.5,N-L1-1-148
569,CG6-0640,2026-01-16,1,51,field,CG6-0640|2026-01-16|L1|S51,2026-01-16 12:54:24,2026-01-16 12:55:24,2026-01-16 12:54:54.000,2,2,3404.6,0.000975218,0.000487609,0.00157003,24.7918,34.9187,112.15,0,,,True,,1,day1,MATCHED,D1:wor:51,51,51,results.zip/day1.xlsx,workbook,1.48451,189.131,50,True,24.7918,34.9187,127.816,0.244,0,127.816,0.15,11.953,115.863,115.385,0.477763,1618.61,30856.5,False,3407.03,0.0078821,INTERPOLATED,561,579,-2.42543,0.00803694,0,True,1,-2.42543,15.9741,0.344136,4.93081,2.16125,0.669793,0.821665,0.687706,0.620727,0.553748,0.486768,0.419789,0.372904,0.35281,0.285831,0.218851,0.151872,0.0469825,0.0305723,4.41268,0.645097,0.445452,1.18936,0.871055,0.742036,0.677526,0.613016,0.548507,0.483997,0.43884,0.419487,0.354977,0.290468,0.225958,8.68628,True,51,10273.4,N-L1-1-148
570,CG6-0640,2026-01-16,1,52,field,CG6-0640|2026-01-16|L1|S52,2026-01-16 12:59:05,2026-01-16 13:00:05,2026-01-16 12:59:35.000,2,2,3404.08,0.00349387,0.00174694,0.00174694,24.7929,34.917,106.6,0,,,True,,1,day1,MATCHED,D1:wor:52,52,52,results.zip/day1.xlsx,workbook,5.50382,208.835,51,True,24.7928,34.917,129.412,0.226,0,129.412,0.15,11.9605,117.452,117.553,-0.101893,1821,30714.9,False,3407.03,0.00788052,INTERPOLATED,561,579,-2.95108,0.00807182,0,True,1,-2.95108,17.5626,0.416393,5.42115,2.05367,0.736399,0.580874,0.433594,0.359954,0.286314,0.212675,0.139035,0.0874867,0.0653947,-0.00824516,-0.0818851,-0.155525,0.0469885,0.0305815,4.25696,0.489369,0.667787,1.78299,1.07493,0.977061,0.928124,0.879187,0.83025,0.781313,0.747057,0.732376,0.683439,0.634502,0.585566,8.78447,True,52,10482.2,N-L1-1-148
571,CG6-0640,2026-01-16,1,53,field,CG6-0640|2026-01-16|L1|S53,2026-01-16 13:04:05,2026-01-16 13:05:05,2026-01-16 13:04:35.000,2,2,3403.82,0.00351452,0.00175726,0.00194743,24.7932,34.915,119.5,0,,,True,,1,day1,MATCHED,D1:wor:53,53,53,results.zip/day1.xlsx,workbook,4.14021,185.914,54,True,24.7932,34.915,131.776,0.22,0,131.776,0.15,11.9698,119.806,119.775,0.0316146,2024.32,30651.4,False,3407.03,0.00787932,INTERPOLATED,561,579,-3.20385,0.00811641,0,True,1,-3.20385,19.9173,0.442484,6.14798,2.50164,0.835131,0.831383,0.664356,0.580843,0.49733,0.413817,0.330304,0.271845,0.246791,0.163278,0.0797647,-0.00374844,0.0469962,0.0305933,4.37301,0.605426,0.650462,1.73673,1.29079,1.16971,1.10916,1.04862,0.988079,0.927536,0.885157,0.866994,0.806451,0.745909,0.685366,8.94769,True,53,10690.8,N-L1-1-148
572,CG6-0640,2026-01-16,1,54,field,CG6-0640|2026-01-16|L1|S54,2026-01-16 13:08:26,2026-01-16 13:09:26,2026-01-16 13:08:56.000,2,2,3403.46,0.00333308,0.00166654,0.00166654,24.793,34.9132,113,0,,,True,,1,day1,MATCHED,D1:wor:54,54,54,results.zip/day1.xlsx,workbook,4.09129,181.018,53,True,24.7931,34.9132,133.384,0.198,0,133.384,0.15,11.9785,121.406,120.924,0.481434,2192.5,30645.5,False,3407.03,0.00787868,INTERPOLATED,561,579,-3.56232,0.00805301,0,True,1,-3.56232,21.5166,0.435189,6.64164,2.64414,0.90219,0.839755,0.659317,0.569098,0.478879,0.38866,0.298441,0.235288,0.208222,0.118003,0.0277844,-0.0624346,0.0469853,0.0305766,4.43521,0.667627,0.65532,1.7497,1.30888,1.17536,1.10859,1.04183,0.975068,0.908305,0.861571,0.841543,0.77478,0.708017,0.641255,9.11567,True,54,10872.6,N-L1-1-148
573,CG6-0640,2026-01-16,1,55,field,CG6-0640|2026-01-16|L1|S55,2026-01-16 13:13:06,2026-01-16 13:14:06,2026-01-16 13:13:36.000,2,2,3403.21,0.00415358,0.00207679,0.00207679,24.7931,34.9112,124.1,0,,,True,,1,day1,MATCHED,D1:wor:55,55,55,results.zip/day1.xlsx,workbook,1.50214,190.489,56,True,24.7931,34.9112,135.261,0.209,0,135.261,0.15,11.9878,123.273,122.857,0.416498,2383.9,30615.5,False,3407.03,0.00787843,INTERPOLATED,561,579,-3.81704,0.00814756,0,True,1,-3.81704,23.3842,0.437357,7.21813,2.96373,0.980499,1.00273,0.806629,0.708579,0.610529,0.512479,0.414429,0.345794,0.316379,0.218329,0.120279,0.0222293,0.0470016,0.0306016,4.50347,0.735878,0.665378,1.77656,1.49197,1.34479,1.27121,1.19762,1.12403,1.05044,0.998932,0.976856,0.903268,0.82968,0.756092,9.29364,True,55,11071.8,N-L1-1-148
574,CG6-0640,2026-01-16,1,56,field,CG6-0640|2026-01-16|L1|S56,2026-01-16 13:18:15,2026-01-16 13:19:15,2026-01-16 13:18:45.000,2,2,3402.71,0.000123087,6.15437e-05,0.00124197,24.7939,34.9095,120,0,,,True,,1,day1,MATCHED,D1:wor:56,56,56,results.zip/day1.xlsx,workbook,2.01292,188.501,55,True,24.7939,34.9095,137.681,0.238,0,137.681,0.15,11.9949,125.686,125.276,0.410564,2571.15,30511.3,False,3407.03,0.00787865,INTERPOLATED,561,579,-4.31427,0.00797594,0,True,1,-4.31427,25.7972,0.492046,7.96295,3.15663,1.08168,0.993281,0.776946,0.668778,0.560611,0.452443,0.344275,0.268558,0.236108,0.12794,0.0197728,-0.0883948,0.0469721,0.0305564,4.58847,0.820882,0.68155,1.81974,1.51487,1.35069,1.2686,1.18651,1.10443,1.02234,0.964877,0.94025,0.858162,0.776074,0.693986,9.40783,True,56,11261,N-L1-1-148
575,CG6-0640,2026-01-16,1,57,field,CG6-0640|2026-01-16|L1|S57,2026-01-16 13:23:10,2026-01-16 13:24:10,2026-01-16 13:23:40.000,2,2,3402.54,0.00429985,0.00214993,0.00214993,24.7957,34.9091,122.5,0,,,True,,1,day1,MATCHED,D1:wor:57,57,57,results.zip/day1.xlsx,workbook,5.82013,199.596,58,True,24.7957,34.9091,139.431,0.309,0,139.431,0.15,11.9952,127.436,132.586,-5.15004,2682.8,30305.3,False,3407.03,0.00787937,INTERPOLATED,561,579,-4.48871,0.00816741,0,True,1,-4.48871,27.5469,0.612488,8.50303,3.40183,1.15504,1.09175,0.86074,0.745236,0.629732,0.514228,0.398724,0.317871,0.28322,0.167716,0.0522123,-0.0632916,0.047005,0.0306069,4.75301,0.985418,0.590378,1.57631,1.43099,1.23391,1.13537,1.03682,0.938282,0.83974,0.77076,0.741198,0.642656,0.544114,0.445572,9.37235,True,57,11461.6,N-L1-1-148
576,CG6-0640,2026-01-16,1,58,field,CG6-0640|2026-01-16|L1|S58,2026-01-16 13:27:38,2026-01-16 13:28:38,2026-01-16 13:28:08.000,2,2,3402.33,0.0016212,0.000810601,0.00168003,24.7976,34.9092,120.2,0,,,True,,1,day1,MATCHED,D1:wor:58,58,58,results.zip/day1.xlsx,workbook,11.6489,185.11,59,True,24.7975,34.9091,141.448,0.252,0,141.448,0.15,11.9928,129.455,129.566,-0.110983,2758.39,30097.4,False,3407.03,0.00788044,INTERPOLATED,561,579,-4.69217,0.00805753,0,True,1,-4.69217,29.5662,0.739196,9.12636,3.695,1.23971,1.21557,0.96763,0.843658,0.719687,0.595716,0.471745,0.384965,0.347773,0.223802,0.0998308,-0.0241405,0.046986,0.0305778,4.88984,1.12226,0.538214,1.43703,1.45049,1.22603,1.11381,1.00158,0.889358,0.777132,0.698574,0.664906,0.552681,0.440455,0.32823,9.28609,True,58,11666.8,N-L1-1-148
577,CG6-0640,2026-01-16,1,59,field,CG6-0640|2026-01-16|L1|S59,2026-01-16 13:34:56,2026-01-16 13:35:56,2026-01-16 13:35:26.000,2,2,3402.01,0.002957,0.0014785,0.0014785,24.7992,34.9084,126.75,0,,,True,,1,day1,MATCHED,D1:wor:59,59,59,results.zip/day1.xlsx,workbook,7.32139,199.468,58,True,24.7991,34.9084,143.841,0.226,0,143.841,0.15,11.9947,131.846,131.602,0.2439,2909.67,29916.2,False,3407.03,0.00788306,INTERPOLATED,561,579,-5.0132,0.00802051,0,True,1,-5.0132,31.9573,0.848604,9.86443,4.00262,1.33997,1.32268,1.05469,0.920688,0.786691,0.652694,0.518697,0.424899,0.3847,0.250703,0.116705,-0.0172917,0.0469797,0.030568,5.08821,1.32062,0.44011,1.17509,1.36139,1.09726,0.9652,0.833138,0.701076,0.569014,0.476571,0.436952,0.30489,0.172828,0.0407664,9.29207,True,59,11859.6,N-L1-1-148
578,CG6-0640,2026-01-16,1,60,field,CG6-0640|2026-01-16|L1|S60,2026-01-16 13:42:03,2026-01-16 13:43:03,2026-01-16 13:42:33.000,2,2,3401.76,0.00209293,0.00104646,0.00296184,24.8009,34.9075,130.9,0,,,True,,1,day1,MATCHED,D1:wor:60,60,60,results.zip/day1.xlsx,workbook,4.88509,218.291,59,True,24.8009,34.9075,145.758,0.253,0,145.758,0.15,11.9968,133.761,133.745,0.0161974,3080.24,29715.2,False,3407.03,0.00788665,INTERPOLATED,561,579,-5.26117,0.00842447,0,True,1,-5.26117,33.8722,0.969697,10.4555,4.22462,1.42026,1.3841,1.10005,0.958021,0.815995,0.673969,0.531943,0.432524,0.389917,0.24789,0.105864,-0.0361621,0.0470504,0.0306765,5.1969,1.42932,0.411702,1.09924,1.36599,1.08013,0.937195,0.794264,0.651332,0.5084,0.408348,0.365469,0.222537,0.0796052,-0.0633265,9.30339,True,60,12073,N-L1-1-148
583,CG6-0640,2026-01-17,1,61,field,CG6-0640|2026-01-17|L1|S61,2026-01-17 09:29:50,2026-01-17 09:29:50,2026-01-17 09:29:50.000,1,1,3401.15,,,0.0016,24.8023,34.906,137.8,0,,,True,SINGLE_READING;,2,day2,MATCHED,D2:wor:1-61,1-61,1-61,results.zip/day2.xlsx,workbook,4.09367,220.375,1-62,True,24.8022,34.9061,147.993,,0,147.993,0.15,12.0025,135.991,136.19,-0.199808,3287.23,29550.5,False,3407.02,0.00787267,INTERPOLATED,582,613,-5.86304,0.00803361,0,True,1,-5.86304,36.1016,1.06471,11.1436,4.21588,1.51374,1.1884,0.885656,0.734282,0.582908,0.431534,0.28016,0.174199,0.128786,-0.0225874,-0.173961,-0.325335,0.0469819,0.0305715,5.26394,1.49636,0.438138,1.16983,1.22317,0.923894,0.774258,0.624623,0.474987,0.325351,0.220606,0.175716,0.0260798,-0.123556,-0.273192,9.3938,True,61,12286.9,N-L1-1-148
584,CG6-0640,2026-01-17,1,62,field,CG6-0640|2026-01-17|L1|S62,2026-01-17 09:33:01,2026-01-17 09:33:01,2026-01-17 09:33:01.000,1,1,3400.62,,,0.0031,24.8037,34.9045,134.3,0,,,True,SINGLE_READING;,2,day2,MATCHED,D2:wor:1-62,1-62,1-62,results.zip/day2.xlsx,workbook,4.18371,181.076,1-63,True,24.8037,34.9045,150.24,,0,150.24,0.15,12.0086,138.231,138.094,0.137153,3505.79,29376.7,False,3407.02,0.00787186,INTERPOLATED,582,613,-6.39253,0.00846027,0,True,1,-6.39253,38.3424,1.16222,11.8353,4.28056,1.6077,1.06517,0.743627,0.582857,0.422088,0.261318,0.100548,-0.0119906,-0.0602215,-0.220991,-0.381761,-0.542531,0.0470568,0.0306863,5.35858,1.59099,0.437465,1.16803,1.09858,0.780384,0.621286,0.462187,0.303088,0.143989,0.0326197,-0.01511,-0.174209,-0.333308,-0.492407,9.49683,True,62,12510.9,N-L1-1-148
585,CG6-0640,2026-01-17,1,63,field,CG6-0640|2026-01-17|L1|S63,2026-01-17 09:36:03,2026-01-17 09:36:03,2026-01-17 09:36:03.000,1,1,3400.79,,,0.0016,24.8043,34.9027,129.7,0,,,True,SINGLE_READING;,2,day2,MATCHED,D2:wor:1-63,1-63,1-63,results.zip/day2.xlsx,workbook,7.11872,180.892,1-64,True,24.8043,34.9028,151.76,,0,151.76,0.15,12.0161,139.744,140.17,-0.425967,3691.17,29288.8,False,3407.02,0.00787114,INTERPOLATED,582,613,-6.22943,0.00803212,0,True,1,-6.22943,39.8549,1.20856,12.3022,4.8642,1.67112,1.52196,1.18774,1.02063,0.853515,0.686404,0.519292,0.402314,0.35218,0.185068,0.0179564,-0.149155,0.0469817,0.0305711,5.47436,1.70677,0.385105,1.02823,1.45066,1.1093,0.938627,0.76795,0.597273,0.426596,0.307122,0.255919,0.0852415,-0.0854355,-0.256113,9.63667,True,63,12695.7,N-L1-1-148
586,CG6-0640,2026-01-17,1,64,field,CG6-0640|2026-01-17|L1|S64,2026-01-17 09:39:18,2026-01-17 09:39:18,2026-01-17 09:39:18.000,1,1,3400.39,,,0.0016,24.8048,34.901,128.1,0,,,True,SINGLE_READING;,2,day2,MATCHED,D2:wor:1-64,1-64,1-64,results.zip/day2.xlsx,workbook,5.87098,192.753,1-63,True,24.8047,34.901,154.068,,0,154.068,0.15,12.0245,142.043,142.137,-0.093906,3868.65,29227.5,False,3407.02,0.00787045,INTERPOLATED,582,613,-6.63053,0.00803144,0,True,1,-6.63053,42.1545,1.23515,13.012,5.14631,1.76754,1.61124,1.25773,1.08097,0.90422,0.727466,0.550712,0.426984,0.373958,0.197205,0.0204507,-0.156303,0.0469816,0.0305709,5.5877,1.82012,0.36818,0.98304,1.50608,1.14206,0.960046,0.778034,0.596023,0.414011,0.286603,0.232,0.0499881,-0.132023,-0.314035,9.80032,True,64,12883.7,N-L1-1-148
587,CG6-0640,2026-01-17,1,65,field,CG6-0640|2026-01-17|L1|S65,2026-01-17 09:42:46,2026-01-17 09:42:46,2026-01-17 09:42:46.000,1,1,3399.66,,,0.0018,24.8051,34.8986,132.1,0,,,True,SINGLE_READING;,2,day2,MATCHED,D2:wor:1-65,1-65,1-65,results.zip/day2.xlsx,workbook,4.546,160.9,1-66,True,24.805,34.8986,156.237,,0,156.237,0.15,12.0358,144.201,144.022,0.178926,4090.23,29175.6,False,3407.02,0.00786978,INTERPOLATED,582,613,-7.36206,0.00807301,0,True,1,-7.36206,44.3123,1.25669,13.678,5.0593,1.85801,1.34327,0.971668,0.785866,0.600065,0.414263,0.228462,0.0984008,0.0426604,-0.143141,-0.328943,-0.514744,0.0469887,0.0305818,5.61501,1.84742,0.43135,1.15171,1.36446,0.994973,0.810231,0.625489,0.440747,0.256005,0.126686,0.071263,-0.113479,-0.298221,-0.482963,10.0202,True,65,13124.4,N-L1-1-148
588,CG6-0640,2026-01-17,1,66,field,CG6-0640|2026-01-17|L1|S66,2026-01-17 09:45:40,2026-01-17 09:45:40,2026-01-17 09:45:40.000,1,1,3399.53,,,0.0016,24.8056,34.8971,131.1,0,,,True,SINGLE_READING;,2,day2,MATCHED,D2:wor:1-66,1-66,1-66,results.zip/day2.xlsx,workbook,3.69277,168.5,1-65,True,24.8056,34.8971,158.23,,0,158.23,0.15,12.0427,146.187,145.9,0.287377,4252.74,29107,False,3407.02,0.00786928,INTERPOLATED,582,613,-7.48814,0.00803029,0,True,1,-7.48814,46.2984,1.29362,14.2911,5.50933,1.94129,1.62675,1.23849,1.04436,0.850229,0.6561,0.461971,0.326081,0.267842,0.0737127,-0.120416,-0.314546,0.0469814,0.0305706,5.72145,1.95386,0.408188,1.08986,1.60161,1.21084,1.01545,0.820065,0.624679,0.429293,0.292523,0.233907,0.0385208,-0.156865,-0.352251,10.1529,True,66,13289.2,N-L1-1-148
589,CG6-0640,2026-01-17,1,67,field,CG6-0640|2026-01-17|L1|S67,2026-01-17 09:48:50,2026-01-17 09:48:50,2026-01-17 09:48:50.000,1,1,3399.17,,,0.0029,24.8068,34.8947,110.8,0,,TILT_GT_20,True,SINGLE_READING;,2,day2,MATCHED,D2:wor:1-67,1-67,1-67,results.zip/day2.xlsx,workbook,8.53647,139.117,1-68,True,24.8067,34.8947,160.966,,0,160.966,0.15,12.0532,148.913,149.561,-0.6481,4527.82,28960.2,False,3407.02,0.0078688,INTERPOLATED,582,613,-7.84526,0.00838618,0,True,1,-7.84526,49.0239,1.37192,15.1324,5.91518,2.05557,1.80404,1.39293,1.18737,0.981814,0.776257,0.5707,0.42681,0.365143,0.159586,-0.0459709,-0.251528,0.0470435,0.030666,5.81885,2.05126,0.425069,1.13493,1.81267,1.40242,1.19729,0.992164,0.787038,0.581912,0.438324,0.376786,0.17166,-0.0334656,-0.238591,10.3538,True,67,13560.4,N-L1-1-148
590,CG6-0640,2026-01-17,1,68,field,CG6-0640|2026-01-17|L1|S68,2026-01-17 09:52:57,2026-01-17 09:52:57,2026-01-17 09:52:57.000,1,1,3399.1,,,0.0032,24.8075,34.8935,111.6,0,,,True,SINGLE_READING;,2,day2,MATCHED,D2:wor:1-68,1-68,1-68,results.zip/day2.xlsx,workbook,8.76894,155.628,1-67,True,24.8074,34.8935,162.741,,0,162.741,0.15,12.0584,150.683,150.138,0.54479,4675.11,28871.9,False,3407.02,0.00786828,INTERPOLATED,582,613,-7.91619,0.0084941,0,True,1,-7.91619,50.7936,1.42252,15.6786,6.33994,2.12978,2.08038,1.65443,1.44145,1.22847,1.01549,0.802517,0.653433,0.589539,0.376562,0.163584,-0.0493938,0.0470629,0.0306957,5.99905,2.23146,0.319075,0.851931,1.87702,1.43073,1.20758,0.984437,0.761291,0.538145,0.381943,0.314999,0.0918533,-0.131293,-0.354438,10.4534,True,68,13707.5,N-L1-1-148
591,CG6-0640,2026-01-17,1,69,field,CG6-0640|2026-01-17|L1|S69,2026-01-17 09:56:00,2026-01-17 09:56:00,2026-01-17 09:56:00.000,1,1,3398.98,,,0.0063,24.8087,34.892,143.4,0,,,True,SINGLE_READING;,2,day2,MATCHED,D2:wor:1-69,1-69,1-69,results.zip/day2.xlsx,workbook,3.48808,181.801,1-70,True,24.8086,34.892,164.661,,0,164.661,0.15,12.0647,152.596,152.619,-0.0230819,4866.52,28734.6,False,3407.02,0.00786796,INTERPOLATED,582,613,-8.03717,0.0100794,0,True,1,-8.03717,52.7074,1.50463,16.2694,6.72757,2.21002,2.30753,1.86552,1.64452,1.42352,1.20252,0.981514,0.826813,0.760512,0.53951,0.318508,0.097506,0.0473747,0.0311716,6.13837,2.37078,0.259999,0.694199,1.98601,1.51186,1.27478,1.0377,0.800623,0.563545,0.397591,0.326467,0.0893894,-0.147688,-0.384766,10.5715,True,69,13908.8,N-L1-1-148
592,CG6-0640,2026-01-17,1,70,field,CG6-0640|2026-01-17|L1|S70,2026-01-17 09:59:55,2026-01-17 09:59:55,2026-01-17 09:59:55.000,1,1,3398.34,,,0.0036,24.8097,34.8906,161.9,0,,,True,SINGLE_READING;,2,day2,MATCHED,D2:wor:1-70,1-70,1-70,results.zip/day2.xlsx,workbook,1.98662,186.283,1-69,True,24.8097,34.8906,166.972,,0,166.972,0.15,12.0708,154.901,154.333,0.568268,5048.24,28614.8,False,3407.02,0.00786763,INTERPOLATED,582,613,-8.68014,0.00865215,0,True,1,-8.68014,55.0123,1.57544,16.9808,6.72523,2.30667,2.1119,1.65057,1.4199,1.18923,0.958566,0.7279,0.566433,0.497233,0.266567,0.0359001,-0.194766,0.0470917,0.0307398,6.23426,2.46667,0.26075,0.696202,1.79188,1.29855,1.05188,0.805215,0.558548,0.311881,0.139214,0.0652137,-0.181454,-0.428121,-0.674788,10.6894,True,70,14093.4,N-L1-1-148
593,CG6-0640,2026-01-17,1,71,field,CG6-0640|2026-01-17|L1|S71,2026-01-17 10:04:18,2026-01-17 10:04:18,2026-01-17 10:04:18.000,1,1,3397.65,,,0.0035,24.8107,34.889,161.3,0,,,True,SINGLE_READING;,2,day2,MATCHED,D2:wor:1-71,1-71,1-71,results.zip/day2.xlsx,workbook,3.81542,187.547,1-72,True,24.8107,34.889,168.807,,0,168.807,0.15,12.0777,156.729,156.305,0.423891,5244.37,28496,False,3407.02,0.00786739,INTERPOLATED,582,613,-9.37357,0.0086108,0,True,1,-9.37357,56.8403,1.64362,17.5451,6.52787,2.38331,1.76125,1.28458,1.04625,0.80792,0.569588,0.331257,0.164425,0.0929256,-0.145406,-0.383737,-0.622069,0.0470841,0.0307282,6.33121,2.56363,0.240446,0.641991,1.40062,0.887899,0.631536,0.375174,0.118811,-0.137551,-0.317005,-0.393914,-0.650276,-0.906639,-1.163,10.8259,True,71,14288.6,N-L1-1-148
594,CG6-0640,2026-01-17,1,72,field,CG6-0640|2026-01-17|L1|S72,2026-01-17 10:08:07,2026-01-17 10:08:07,2026-01-17 10:08:07.000,1,1,3397.17,,,0.001,24.8109,34.8871,155,0,,,True,SINGLE_READING;,2,day2,MATCHED,D2:wor:1-72,1-72,1-72,results.zip/day2.xlsx,workbook,2.05405,190.109,1-71,True,24.8108,34.8871,171.258,,0,171.258,0.15,12.0868,159.171,158.699,0.472694,5416.06,28470.3,False,3407.02,0.00786728,INTERPOLATED,582,613,-9.85613,0.00793058,0,True,1,-9.85613,59.2823,1.65628,18.2988,6.78641,2.48571,1.815,1.31786,1.06928,0.820714,0.572143,0.323573,0.149573,0.0750022,-0.173568,-0.422139,-0.67071,0.0469644,0.0305445,6.43809,2.6705,0.235963,0.630022,1.44541,0.911309,0.644259,0.377209,0.110159,-0.156891,-0.343826,-0.423941,-0.690991,-0.958041,-1.22509,11.0069,True,72,14477.7,N-L1-1-148
595,CG6-0640,2026-01-17,1,73,field,CG6-0640|2026-01-17|L1|S73,2026-01-17 10:12:06,2026-01-17 10:12:06,2026-01-17 10:12:06.000,1,1,3396.44,,,0.0049,24.8109,34.8851,158.8,0,,,True,SINGLE_READING;,2,day2,MATCHED,D2:wor:1-73,1-73,1-73,results.zip/day2.xlsx,workbook,2.20677,208.078,1-72,True,24.8109,34.8851,173.099,,0,173.099,0.15,12.0969,161.002,160.765,0.237494,5600.64,28456.4,False,3407.02,0.00786727,INTERPOLATED,582,613,-10.5792,0.00926844,0,True,1,-10.5792,61.1131,1.66097,18.8639,6.62375,2.56247,1.4988,0.986309,0.730062,0.473815,0.217567,-0.0386799,-0.218053,-0.294927,-0.551174,-0.807422,-1.06367,0.0472088,0.0309189,6.5017,2.73411,0.249122,0.665155,1.15553,0.608712,0.335301,0.0618902,-0.211521,-0.484931,-0.676319,-0.758342,-1.03175,-1.30516,-1.57857,11.2109,True,73,14686.6,N-L1-1-148
596,CG6-0640,2026-01-17,1,74,field,CG6-0640|2026-01-17|L1|S74,2026-01-17 10:16:00,2026-01-17 10:16:00,2026-01-17 10:16:00.000,1,1,3396.02,,,0.0032,24.8105,34.8829,161.9,0,,,True,SINGLE_READING;,2,day2,MATCHED,D2:wor:1-74,1-74,1-74,results.zip/day2.xlsx,workbook,2.97374,192.369,1-75,True,24.8105,34.8829,175.752,,0,175.752,0.15,12.1082,163.644,163.579,0.064475,5776.18,28497.7,False,3407.02,0.00786736,INTERPOLATED,582,613,-11.0071,0.00849325,0,True,1,-11.0071,63.7548,1.63187,19.6794,7.04034,2.67324,1.69386,1.15921,0.891887,0.624563,0.35724,0.0899156,-0.0972112,-0.177408,-0.444732,-0.712056,-0.97938,0.0470627,0.0306954,6.60297,2.83538,0.258618,0.69051,1.36958,0.802506,0.518968,0.23543,-0.0481075,-0.331645,-0.530122,-0.615183,-0.898721,-1.18226,-1.4658,11.4391,True,74,14914.9,N-L1-1-148
597,CG6-0640,2026-01-17,1,75,field,CG6-0640|2026-01-17|L1|S75,2026-01-17 10:19:05,2026-01-17 10:19:05,2026-01-17 10:19:05.000,1,1,3396.01,,,0.0016,24.8095,34.8814,166.6,0,,,True,SINGLE_READING;,2,day2,MATCHED,D2:wor:1-75,1-75,1-75,results.zip/day2.xlsx,workbook,2.78446,187.404,1-74,True,24.8095,34.8814,177.746,,0,177.746,0.15,12.1165,165.63,165.268,0.361761,5859.11,28611.5,False,3407.02,0.0078675,INTERPOLATED,582,613,-11.0165,0.00802854,0,True,1,-11.0165,65.7406,1.5602,20.2923,7.71558,2.7565,2.20257,1.65127,1.37562,1.09997,0.824321,0.54867,0.355715,0.27302,-0.00263022,-0.278281,-0.553931,0.0469811,0.0305701,6.63365,2.86606,0.311199,0.830902,1.98346,1.41025,1.12364,0.837033,0.550427,0.263821,0.0631965,-0.0227853,-0.309391,-0.595997,-0.882603,11.6083,True,75,15104.7,N-L1-1-148
598,CG6-0640,2026-01-17,1,76,field,CG6-0640|2026-01-17|L1|S76,2026-01-17 10:23:19,2026-01-17 10:23:19,2026-01-17 10:23:19.000,1,1,3395.58,,,0.0026,24.8083,34.88,169.9,0,,,True,SINGLE_READING;,2,day2,MATCHED,D2:wor:1-76,1-76,1-76,results.zip/day2.xlsx,workbook,5.11594,186.632,1-75,True,24.8083,34.88,179.547,,0,179.547,0.15,12.1242,167.423,167.162,0.261031,5928.65,28740.9,False,3407.03,0.00786779,INTERPOLATED,582,613,-11.4417,0.00828626,0,True,1,-11.4417,67.5338,1.47877,20.8458,7.92534,2.83169,2.26195,1.69561,1.41244,1.12927,0.846105,0.562936,0.364717,0.279766,-0.00340296,-0.286572,-0.569742,0.0470258,0.0306388,6.53175,2.76416,0.488286,1.30372,2.39701,1.84418,1.56776,1.29134,1.01493,0.738511,0.54502,0.462095,0.185679,-0.0907376,-0.367154,11.7703,True,76,15296.5,N-L1-1-148
599,CG6-0640,2026-01-17,1,77,field,CG6-0640|2026-01-17|L1|S77,2026-01-17 10:26:47,2026-01-17 10:26:47,2026-01-17 10:26:47.000,1,1,3395.52,,,0.0018,24.8073,34.8786,171.4,0,,,True,SINGLE_READING;,2,day2,MATCHED,D2:wor:1-77,1-77,1-77,results.zip/day2.xlsx,workbook,4.53084,181.643,1-76,True,24.8072,34.8786,181.285,,0,181.285,0.15,12.1321,169.153,169.122,0.0304142,6019.08,28855,False,3407.03,0.00786811,INTERPOLATED,582,613,-11.5108,0.00807138,0,True,1,-11.5108,69.264,1.40701,21.3798,8.46208,2.90424,2.65361,2.07276,1.78234,1.49191,1.20149,0.911064,0.707768,0.620641,0.330217,0.0397931,-0.250631,0.0469884,0.0305814,6.47986,2.71227,0.612722,1.63597,3.03754,2.49508,2.22385,1.95263,1.6814,1.41017,1.22031,1.13895,0.867718,0.596491,0.325263,11.9348,True,77,15481.5,N-L1-1-148
600,CG6-0640,2026-01-17,1,78,field,CG6-0640|2026-01-17|L1|S78,2026-01-17 10:30:17,2026-01-17 10:30:17,2026-01-17 10:30:17.000,1,1,3395.85,,,0.0024,24.8068,34.8769,172.8,0,,,True,SINGLE_READING;,2,day2,MATCHED,D2:wor:1-78,1-78,1-78,results.zip/day2.xlsx,workbook,4.94082,176.839,1-77,True,24.8068,34.8768,184.226,,0,184.226,0.15,12.1409,172.085,171.934,0.150954,6161.95,28901.8,False,3407.03,0.00786852,INTERPOLATED,582,613,-11.1801,0.0082264,0,True,1,-11.1801,72.1962,1.37806,22.2849,9.72679,3.02719,3.67242,3.06698,2.76426,2.46154,2.15882,1.85611,1.6442,1.55339,1.25067,0.94795,0.645232,0.0470153,0.0306227,6.75787,2.99028,0.457664,1.22196,3.74623,3.14818,2.84915,2.55012,2.25109,1.95207,1.74275,1.65304,1.35401,1.05498,0.755954,12.1145,True,78,15661.5,N-L1-1-148
601,CG6-0640,2026-01-17,1,79,field,CG6-0640|2026-01-17|L1|S79,2026-01-17 10:34:10,2026-01-17 10:34:10,2026-01-17 10:34:10.000,1,1,3395.76,,,0.0019,24.8081,34.8753,180.6,0,,,True,SINGLE_READING;,2,day2,MATCHED,D2:wor:1-79,1-79,1-79,results.zip/day2.xlsx,workbook,5.16747,210.8,1-78,True,24.808,34.8753,186.561,,0,186.561,0.15,12.1476,174.413,174.479,-0.0660693,6360.68,28768,False,3407.03,0.00786907,INTERPOLATED,582,613,-11.2677,0.0080952,0,True,1,-11.2677,74.5245,1.46095,23.0036,10.275,3.12481,4.02537,3.40041,3.08793,2.77545,2.46296,2.15048,1.93175,1.838,1.52552,1.21304,0.900559,0.0469925,0.0305877,6.87403,3.10644,0.439126,1.17247,4.06211,3.44082,3.13017,2.81953,2.50889,2.19824,1.98079,1.8876,1.57695,1.26631,0.955665,12.2423,True,79,15868.2,N-L1-1-148
602,CG6-0640,2026-01-17,1,80,field,CG6-0640|2026-01-17|L1|S80,2026-01-17 10:38:13,2026-01-17 10:38:13,2026-01-17 10:38:13.000,1,1,3395.44,,,0.0017,24.8093,34.8736,181.5,0,,,True,SINGLE_READING;,2,day2,MATCHED,D2:wor:1-80,1-80,1-80,results.zip/day2.xlsx,workbook,6.95918,178.606,1-81,True,24.8092,34.8736,188.807,,0,188.807,0.15,12.1543,176.653,176.607,0.0459082,6568.84,28635,False,3407.03,0.00786974,INTERPOLATED,582,613,-11.5914,0.00805126,0,True,1,-11.5914,76.7638,1.54322,23.6948,10.5602,3.2187,4.12279,3.47905,3.15718,2.83531,2.51344,2.19157,1.96626,1.8697,1.54783,1.22596,0.904086,0.046985,0.0305761,6.95052,3.18293,0.456533,1.21894,4.19434,3.55776,3.23946,2.92117,2.60288,2.28459,2.06178,1.96629,1.648,1.32971,1.01141,12.3869,True,80,16085.7,N-L1-1-148
603,CG6-0640,2026-01-17,1,81,field,CG6-0640|2026-01-17|L1|S81,2026-01-17 10:41:43,2026-01-17 10:41:43,2026-01-17 10:41:43.000,1,1,3395.41,,,0.0054,24.8099,34.8719,181.7,0,,,True,SINGLE_READING;,2,day2,MATCHED,D2:wor:1-81,1-81,1-81,results.zip/day2.xlsx,workbook,9.79569,185.511,1-80,True,24.8098,34.8719,190.946,,0,190.946,0.15,12.161,178.785,178.676,0.108616,6752.46,28564.3,False,3407.03,0.00787041,INTERPOLATED,582,613,-11.6152,0.00954481,0,True,1,-11.6152,78.896,1.58699,24.353,11.1507,3.30811,4.53451,3.87289,3.54208,3.21126,2.88045,2.54964,2.31807,2.21883,1.88802,1.55721,1.2264,0.0472638,0.0310029,7.07255,3.30496,0.423908,1.13184,4.54081,3.87982,3.54932,3.21883,2.88833,2.55784,2.32649,2.22734,1.89684,1.56635,1.23585,12.5378,True,81,16265.9,N-L1-1-148
604,CG6-0640,2026-01-17,1,82,field,CG6-0640|2026-01-17|L1|S82,2026-01-17 10:45:52,2026-01-17 10:45:52,2026-01-17 10:45:52.000,1,1,3395.26,,,0.0021,24.8103,34.8699,176.1,0,,,True,SINGLE_READING;,2,day2,MATCHED,D2:wor:1-82,1-82,1-82,results.zip/day2.xlsx,workbook,6.07336,178.266,1-83,True,24.8103,34.87,193.248,,0,193.248,0.15,12.1694,181.079,180.849,0.229152,6955.69,28531.1,False,3407.03,0.00787131,INTERPOLATED,582,613,-11.7653,0.00814662,0,True,1,-11.7653,81.1897,1.61752,25.0609,11.6781,3.40428,4.86954,4.18868,3.84825,3.50782,3.16739,2.82697,2.58867,2.48654,2.14611,1.80568,1.46525,0.0470014,0.0306013,7.14214,3.37455,0.450487,1.2028,4.929,4.25409,3.91663,3.57918,3.24172,2.90426,2.66805,2.56681,2.22935,1.8919,1.55444,12.7264,True,82,16471.5,N-L1-1-148
605,CG6-0640,2026-01-17,1,83,field,CG6-0640|2026-01-17|L1|S83,2026-01-17 10:49:39,2026-01-17 10:49:39,2026-01-17 10:49:39.000,1,1,3395.14,,,0.0032,24.8117,34.8688,187,0,,,True,SINGLE_READING;,2,day2,MATCHED,D2:wor:1-83,1-83,1-83,results.zip/day2.xlsx,workbook,10.4026,181.147,1-84,True,24.8116,34.8689,195.582,,0,195.582,0.15,12.1733,183.409,183.367,0.0422004,7113.26,28380,False,3407.03,0.00787222,INTERPOLATED,582,613,-11.8905,0.00849776,0,True,1,-11.8905,83.5198,1.70556,25.7801,12.1841,3.50198,5.18011,4.47971,4.12951,3.77931,3.42911,3.07892,2.83378,2.72872,2.37852,2.02832,1.67812,0.0470635,0.0306967,7.29183,3.52424,0.398498,1.06399,5.13559,4.43074,4.07832,3.72589,3.37347,3.02104,2.77435,2.66862,2.31619,1.96377,1.61135,12.8137,True,83,16652,N-L1-1-148
606,CG6-0640,2026-01-17,1,84,field,CG6-0640|2026-01-17|L1|S84,2026-01-17 10:54:23,2026-01-17 10:54:23,2026-01-17 10:54:23.000,1,1,3394.85,,,0.0018,24.8121,34.8671,189.7,0,,,True,SINGLE_READING;,2,day2,MATCHED,D2:wor:1-84,1-84,1-84,results.zip/day2.xlsx,workbook,4.79681,185.403,1-83,True,24.8121,34.8671,198.247,,0,198.247,0.15,12.1806,186.066,186.151,-0.0843422,7292.96,28334.5,False,3407.03,0.00787349,INTERPOLATED,582,613,-12.183,0.00807663,0,True,1,-12.183,86.1774,1.74097,26.6005,12.6765,3.61342,5.44964,4.72695,4.36561,4.00427,3.64293,3.28158,3.02865,2.92024,2.5589,2.19756,1.83622,0.0469893,0.0305828,7.43772,3.67014,0.364038,0.971981,5.3362,4.60217,4.23516,3.86814,3.50113,3.13412,2.87721,2.7671,2.40009,2.03307,1.66606,12.9797,True,84,16837.6,N-L1-1-148
607,CG6-0640,2026-01-17,1,85,field,CG6-0640|2026-01-17|L1|S85,2026-01-17 10:57:50,2026-01-17 10:57:50,2026-01-17 10:57:50.000,1,1,3394.57,,,0.0017,24.8114,34.8652,180.9,0,,,True,SINGLE_READING;,2,day2,MATCHED,D2:wor:1-85,1-85,1-85,results.zip/day2.xlsx,workbook,3.37477,205.869,1-84,True,24.8114,34.8652,200.496,,0,200.496,0.15,12.1896,188.306,188.271,0.0353937,7437.62,28427.6,False,3407.03,0.00787451,INTERPOLATED,582,613,-12.4616,0.00805593,0,True,1,-12.4616,88.4175,1.69118,27.2919,13.1391,3.70735,5.72443,4.98296,4.61223,4.24149,3.87076,3.50002,3.24051,3.12929,2.75855,2.38782,2.01708,0.0469858,0.0305773,7.52115,3.75356,0.374541,1.00002,5.632,4.88129,4.50593,4.13057,3.75522,3.37986,3.11711,3.0045,2.62915,2.25379,1.87844,13.1822,True,85,17046.4,N-L1-1-148
608,CG6-0640,2026-01-17,1,86,field,CG6-0640|2026-01-17|L1|S86,2026-01-17 11:01:46,2026-01-17 11:01:46,2026-01-17 11:01:46.000,1,1,3394.02,,,0.0016,24.8111,34.863,192.1,0,,,True,SINGLE_READING;,2,day2,MATCHED,D2:wor:1-86,1-86,1-86,results.zip/day2.xlsx,workbook,5.67832,167.744,1-87,True,24.811,34.863,203.915,,0,203.915,0.15,12.1995,191.716,191.095,0.620341,7635.58,28471,False,3407.03,0.00787577,INTERPOLATED,582,613,-13.0081,0.00803665,0,True,1,-13.0081,91.8266,1.66724,28.3442,13.6688,3.85029,5.96823,5.19817,4.81315,4.42812,4.04309,3.65806,3.38854,3.27303,2.888,2.50297,2.11794,0.0469825,0.0305723,7.69151,3.92392,0.347122,0.926814,5.82096,5.03618,4.64378,4.25139,3.859,3.46661,3.19193,3.07421,2.68182,2.28943,1.89704,13.4077,True,86,17271.8,N-L1-1-148
609,CG6-0640,2026-01-17,1,87,field,CG6-0640|2026-01-17|L1|S87,2026-01-17 11:05:22,2026-01-17 11:05:22,2026-01-17 11:05:22.000,1,1,3393.68,,,0.0022,24.8107,34.8614,202.4,0,,,True,SINGLE_READING;,2,day2,MATCHED,D2:wor:1-87,1-87,1-87,results.zip/day2.xlsx,workbook,4.37351,165.027,1-86,True,24.8107,34.8614,205.294,,0,205.294,0.15,12.2067,193.087,192.829,0.258635,7773.8,28519.3,False,3407.03,0.00787701,INTERPOLATED,582,613,-13.3495,0.00817847,0,True,1,-13.3495,93.1983,1.64363,28.7676,13.7744,3.90781,5.95879,5.17722,4.78644,4.39566,4.00488,3.6141,3.34056,3.22332,2.83254,2.44176,2.05098,0.0470069,0.0306098,7.71921,3.95162,0.37694,1.00643,5.87115,5.08083,4.68567,4.2905,3.89534,3.50018,3.22357,3.10502,2.70985,2.31469,1.91953,13.573,True,87,17437.6,N-L1-1-148
610,CG6-0640,2026-01-17,1,88,field,CG6-0640|2026-01-17|L1|S88,2026-01-17 11:08:56,2026-01-17 11:08:56,2026-01-17 11:08:56.000,1,1,3393.39,,,0.0036,24.8108,34.8593,206.8,0,,,True,SINGLE_READING;,2,day2,MATCHED,D2:wor:1-88,1-88,1-88,results.zip/day2.xlsx,workbook,6.2454,192.051,1-89,True,24.8107,34.8593,207.331,,0,207.331,0.15,12.2158,195.115,195.125,-0.00948361,7974.56,28526.7,False,3407.03,0.00787832,INTERPOLATED,582,613,-13.6398,0.00866187,0,True,1,-13.6398,95.2262,1.64609,29.3935,14.1076,3.99283,6.12195,5.32339,4.9241,4.52482,4.12554,3.72625,3.44676,3.32697,2.92769,2.5284,2.12912,0.0470934,0.0307425,7.78691,4.01933,0.394264,1.05269,6.06897,5.2651,4.86317,4.46124,4.05931,3.65737,3.37602,3.25544,2.85351,2.45157,2.04964,13.7797,True,88,17647.3,N-L1-1-148
611,CG6-0640,2026-01-17,1,89,field,CG6-0640|2026-01-17|L1|S89,2026-01-17 11:12:33,2026-01-17 11:12:33,2026-01-17 11:12:33.000,1,1,3393.29,,,0.0021,24.8106,34.8574,204.6,0,,,True,SINGLE_READING;,2,day2,MATCHED,D2:wor:1-89,1-89,1-89,results.zip/day2.xlsx,workbook,1.85247,194.811,1-88,True,24.8106,34.8574,209.741,,0,209.741,0.15,12.2243,197.517,197.337,0.179457,8150.12,28558.4,False,3407.03,0.00787973,INTERPOLATED,582,613,-13.7457,0.00815477,0,True,1,-13.7457,97.6277,1.63751,30.1348,14.7516,4.09353,6.56451,5.7458,5.33645,4.9271,4.51775,4.10839,3.82185,3.69904,3.28969,2.88033,2.47098,0.0470028,0.0306035,7.90927,4.14169,0.3726,0.994842,6.4682,5.63986,5.22569,4.81152,4.39735,3.98318,3.69327,3.56902,3.15485,2.74068,2.32651,13.9727,True,89,17840.7,N-L1-1-148
612,CG6-0640,2026-01-17,1,90,field,CG6-0640|2026-01-17|L1|S90,2026-01-17 11:16:23,2026-01-17 11:16:23,2026-01-17 11:16:23.000,1,1,3393.23,,,0.0016,24.8111,34.8552,204.3,0,,,True,SINGLE_READING;,2,day2,MATCHED,D2:wor:1-90,1-90,1-90,results.zip/day2.xlsx,workbook,5.70142,233.095,1-89,True,24.8111,34.8552,212.158,,0,212.158,0.15,12.2338,199.924,200.267,-0.342448,8380.91,28516.5,False,3407.03,0.00788132,INTERPOLATED,582,613,-13.8063,0.00804209,0,True,1,-13.8063,100.035,1.67116,30.8779,15.4004,4.19448,7.0114,6.17251,5.75306,5.33361,4.91416,4.49472,4.2011,4.07527,3.65582,3.23637,2.81693,0.0469834,0.0305737,7.99974,4.23215,0.383083,1.02283,6.93606,6.08963,5.66641,5.2432,4.81998,4.39677,4.10052,3.97355,3.55034,3.12712,2.70391,14.1871,True,90,18071.7,N-L1-1-148
614,CG6-0640,2026-01-17,1,91,field,CG6-0640|2026-01-17|L1|S91,2026-01-17 12:16:53,2026-01-17 12:16:53,2026-01-17 12:16:53.000,1,1,3392.87,,,0.0016,24.8121,34.8528,201.7,0,,,True,SINGLE_READING;,2,day2,MATCHED,D2:wor:1-91,1-91,1-91,results.zip/day2.xlsx,workbook,6.69178,131.358,1-92,True,24.8121,34.8528,215.635,,0,215.635,0.15,12.2437,203.391,203.173,0.217954,8644.46,28422.6,False,3407.04,0.00788364,INTERPOLATED,613,634,-14.162,0.00804436,0,True,1,-14.162,103.502,1.74124,31.948,16.0448,4.33985,7.3651,6.49712,6.06314,5.62915,5.19517,4.76118,4.45739,4.3272,3.89321,3.45923,3.02524,0.0469838,0.0305743,8.13341,4.36582,0.394787,1.05408,7.31316,6.43999,6.00341,5.56683,5.13024,4.69366,4.38805,4.25708,3.8205,3.38391,2.94733,14.4087,True,91,18336.4,N-L1-1-148
615,CG6-0640,2026-01-17,1,92,field,CG6-0640|2026-01-17|L1|S92,2026-01-17 12:21:27,2026-01-17 12:21:27,2026-01-17 12:21:27.000,1,1,3392.64,,,0.0011,24.8131,34.852,202.7,0,,,True,SINGLE_READING;,2,day2,MATCHED,D2:wor:1-92,1-92,1-92,results.zip/day2.xlsx,workbook,4.1281,139.273,1-91,True,24.8131,34.852,217.28,,0,217.28,0.15,12.2469,205.033,204.861,0.171921,8756.65,28325.2,False,3407.04,0.00788289,INTERPOLATED,613,634,-14.3975,0.00795927,0,True,1,-14.3975,105.144,1.808,32.4548,16.2493,4.4087,7.43191,6.55017,6.1093,5.66843,5.22756,4.78669,4.47808,4.34582,3.90495,3.46408,3.02322,0.0469693,0.030552,8.17016,4.40257,0.426882,1.13978,7.44416,6.56365,6.12339,5.68313,5.24288,4.80262,4.49444,4.36236,3.9221,3.48185,3.04159,14.4789,True,92,18473.5,N-L1-1-148
616,CG6-0640,2026-01-17,1,93,field,CG6-0640|2026-01-17|L1|S93,2026-01-17 12:25:31,2026-01-17 12:25:31,2026-01-17 12:25:31.000,1,1,3392.91,,,0.0032,24.8138,34.85,201.1,0,,,True,SINGLE_READING;,2,day2,MATCHED,D2:wor:1-93,1-93,1-93,results.zip/day2.xlsx,workbook,5.09303,212.665,1-92,True,24.8138,34.85,220.281,,0,220.281,0.15,12.2551,208.026,207.626,0.399463,8969.05,28264.7,False,3407.04,0.00788248,INTERPOLATED,613,634,-14.1263,0.00850726,0,True,1,-14.1263,108.137,1.85649,33.3786,17.3958,4.53418,8.32742,7.42058,6.96716,6.51375,6.06033,5.60691,5.28952,5.15349,4.70007,4.24665,3.79324,0.0470652,0.0306993,8.36018,4.59259,0.362345,0.967461,8.21059,7.29208,6.83282,6.37356,5.9143,5.45504,5.13356,4.99578,4.53652,4.07726,3.618,14.6646,True,93,18684.9,N-L1-1-148
617,CG6-0640,2026-01-17,1,94,field,CG6-0640|2026-01-17|L1|S94,2026-01-17 12:30:16,2026-01-17 12:30:16,2026-01-17 12:30:16.000,1,1,3392.55,,,0.0022,24.8123,34.8477,193.9,0,,,True,SINGLE_READING;,2,day2,MATCHED,D2:wor:1-94,1-94,1-94,results.zip/day2.xlsx,workbook,5.81706,141.515,1-95,True,24.8123,34.8477,222.652,,0,222.652,0.15,12.2664,210.386,210.655,-0.269192,9141.43,28451.5,False,3407.04,0.0078823,INTERPOLATED,613,634,-14.489,0.00818356,0,True,1,-14.489,110.497,1.75591,34.1069,17.862,4.63312,8.59576,7.66913,7.20582,6.74251,6.27919,5.81588,5.49156,5.35257,4.88926,4.42594,3.96263,0.0470078,0.0306112,8.40756,4.63998,0.413903,1.10512,8.58205,7.65405,7.19006,6.72606,6.26206,5.79806,5.47326,5.33406,4.87007,4.40607,3.94207,14.9235,True,94,18975.7,N-L1-1-148
618,CG6-0640,2026-01-17,1,95,field,CG6-0640|2026-01-17|L1|S95,2026-01-17 12:34:34,2026-01-17 12:34:34,2026-01-17 12:34:34.000,1,1,3392.23,,,0.002,24.8116,34.8466,199.2,0,,,True,SINGLE_READING;,2,day2,MATCHED,D2:wor:1-95,1-95,1-95,results.zip/day2.xlsx,workbook,5.04635,131.22,1-94,True,24.8116,34.8466,225.093,,0,225.093,0.15,12.2716,212.821,212.954,-0.132624,9223.69,28542.1,False,3407.04,0.00788243,INTERPOLATED,613,634,-14.8063,0.0081322,0,True,1,-14.8063,112.932,1.70705,34.8587,18.3454,4.73526,8.87488,7.92783,7.4543,6.98078,6.50725,6.03372,5.70226,5.5602,5.08667,4.61315,4.13962,0.0469989,0.0305975,8.46516,4.69757,0.458444,1.22404,8.95025,8.01074,7.54098,7.07122,6.60147,6.13171,5.80288,5.66195,5.1922,4.72244,4.25268,15.0432,True,95,19111.5,N-L1-1-148
619,CG6-0640,2026-01-17,1,96,field,CG6-0640|2026-01-17|L1|S96,2026-01-17 12:38:46,2026-01-17 12:38:46,2026-01-17 12:38:46.000,1,1,3391.62,,,0.0012,24.8101,34.8457,211.5,0,,,True,SINGLE_READING;,2,day2,MATCHED,D2:wor:1-96,1-96,1-96,results.zip/day2.xlsx,workbook,11.6571,192.274,1-95,True,24.81,34.8456,226.872,,0,226.872,0.15,12.2767,214.595,215.75,-1.15499,9261.15,28725.8,False,3407.03,0.00788281,INTERPOLATED,613,634,-15.4135,0.00797363,0,True,1,-15.4135,114.706,1.59819,35.4063,18.3946,4.80964,8.77529,7.81336,7.3324,6.85144,6.37047,5.88951,5.55283,5.40854,4.92758,4.44662,3.96565,0.0469717,0.0305557,8.48119,4.7136,0.516791,1.37983,8.96736,8.02464,7.55328,7.08192,6.61056,6.1392,5.80924,5.66784,5.19648,4.72511,4.25375,15.1654,True,96,19313.7,N-L1-1-148
620,CG6-0640,2026-01-17,1,97,field,CG6-0640|2026-01-17|L1|S97,2026-01-17 12:42:18,2026-01-17 12:42:18,2026-01-17 12:42:18.000,1,1,3391.35,,,0.0019,24.8081,34.8458,210.3,0,,,True,SINGLE_READING;,2,day2,MATCHED,D2:wor:1-97,1-97,1-97,results.zip/day2.xlsx,workbook,11.3281,193.931,1-98,True,24.808,34.8457,229.616,,0,229.616,0.15,12.2771,217.339,218.059,-0.719601,9192.54,28944.4,False,3407.03,0.00788333,INTERPOLATED,613,634,-15.6821,0.00810907,0,True,1,-15.6821,117.45,1.45894,36.2531,19.1121,4.92468,9.26275,8.27781,7.78535,7.29288,6.80041,6.30794,5.96322,5.81547,5.32301,4.83054,4.33807,0.0469949,0.0305914,8.77666,5.00907,0.336363,0.89809,9.09396,8.09215,7.59124,7.09033,6.58943,6.08852,5.73788,5.58761,5.08671,4.5858,4.08489,15.1843,True,97,19539.4,N-L1-1-148
621,CG6-0640,2026-01-17,1,98,field,CG6-0640|2026-01-17|L1|S98,2026-01-17 12:46:00,2026-01-17 12:46:00,2026-01-17 12:46:00.000,1,1,3390.73,,,0.0021,24.8064,34.8455,211.1,0,,,True,SINGLE_READING;,2,day2,MATCHED,D2:wor:1-98,1-98,1-98,results.zip/day2.xlsx,workbook,10.9491,174.948,1-97,True,24.8063,34.8454,232.41,,0,232.41,0.15,12.2791,220.131,219.683,0.448115,9171.24,29129.9,False,3407.03,0.00788408,INTERPOLATED,613,634,-16.3024,0.00815896,0,True,1,-16.3024,120.242,1.34698,37.1149,19.4656,5.04175,9.38208,8.37373,7.86955,7.36538,6.8612,6.35703,6.00411,5.85285,5.34868,4.8445,4.34033,0.0470035,0.0306046,8.88572,5.11813,0.344371,0.91947,9.2293,8.20568,7.69386,7.18205,6.67024,6.15842,5.80015,5.64661,5.1348,4.62298,4.11117,15.2407,True,98,19722.6,N-L1-1-148
622,CG6-0640,2026-01-17,1,99,field,CG6-0640|2026-01-17|L1|S99,2026-01-17 12:50:03,2026-01-17 12:50:03,2026-01-17 12:50:03.000,1,1,3390.43,,,0.0021,24.8048,34.8448,222.6,0,,,True,SINGLE_READING;,2,day2,MATCHED,D2:wor:1-99,1-99,1-99,results.zip/day2.xlsx,workbook,8.94078,181.689,1-98,True,24.8048,34.8447,234.171,,0,234.171,0.15,12.283,221.888,222.179,-0.290485,9204.59,29313.2,False,3407.03,0.00788511,INTERPOLATED,613,634,-16.6009,0.00815997,0,True,1,-16.6009,121.999,1.2386,37.6573,19.8177,5.11542,9.58689,8.5638,8.05226,7.54072,7.02917,6.51763,6.15955,6.00609,5.49455,4.98301,4.47146,0.0470037,0.0306049,9.01204,5.24445,0.291726,0.778908,9.32882,8.27993,7.75549,7.23104,6.7066,6.18215,5.81504,5.65771,5.13326,4.60882,4.08437,15.343,True,99,19912.7,N-L1-1-148
623,CG6-0640,2026-01-17,1,100,field,CG6-0640|2026-01-17|L1|S100,2026-01-17 12:54:22,2026-01-17 12:54:22,2026-01-17 12:54:22.000,1,1,3389.94,,,0.0026,24.8037,34.8433,215.7,0,,,True,SINGLE_READING;,2,day2,MATCHED,D2:wor:1-100,1-100,1-100,results.zip/day2.xlsx,workbook,10.3463,187.995,1-99,True,24.8036,34.8432,237.16,,0,237.16,0.15,12.2899,224.87,224.663,0.207082,9325.59,29456.2,False,3407.03,0.00788649,INTERPOLATED,613,634,-17.0947,0.00830401,0,True,1,-17.0947,124.981,1.15873,38.5777,20.3242,5.24046,9.84332,8.79523,8.27119,7.74714,7.22309,6.69905,6.33222,6.175,5.65096,5.12691,4.60287,0.0470289,0.0306436,9.15628,5.38869,0.272521,0.72763,9.54685,8.46911,7.93024,7.39137,6.8525,6.31363,5.93643,5.77477,5.2359,4.69703,4.15816,15.513,True,100,20110.1,N-L1-1-148
624,CG6-0640,2026-01-17,1,101,field,CG6-0640|2026-01-17|L1|S101,2026-01-17 12:58:19,2026-01-17 12:58:19,2026-01-17 12:58:19.000,1,1,3389.53,,,0.003,24.8022,34.8422,216.8,0,,,True,SINGLE_READING;,2,day2,MATCHED,D2:wor:1-101,1-101,1-101,results.zip/day2.xlsx,workbook,8.68931,187.671,1-100,True,24.8021,34.8422,239.058,,0,239.058,0.15,12.2953,226.763,226.663,0.1001,9400.39,29633.4,False,3407.03,0.00788798,INTERPOLATED,613,634,-17.5076,0.00843921,0,True,1,-17.5076,126.874,1.05763,39.1619,20.5967,5.31982,9.95706,8.8931,8.36112,7.82913,7.29715,6.76517,6.39278,6.23319,5.70121,5.16923,4.63724,0.047053,0.0306805,9.2221,5.45451,0.286064,0.763791,9.68768,8.59677,8.05132,7.50587,6.96042,6.41497,6.03315,5.86952,5.32407,4.77862,4.23317,15.6503,True,101,20306.5,N-L1-1-148
625,CG6-0640,2026-01-17,1,102,field,CG6-0640|2026-01-17|L1|S102,2026-01-17 13:02:22,2026-01-17 13:02:22,2026-01-17 13:02:22.000,1,1,3389.1,,,0.0015,24.8008,34.8406,228.1,0,,,True,SINGLE_READING;,2,day2,MATCHED,D2:wor:1-102,1-102,1-102,results.zip/day2.xlsx,workbook,11.5587,214.605,1-101,True,24.8008,34.8405,241.446,,0,241.446,0.15,12.3029,229.143,229.011,0.13247,9535.3,29803.8,False,3407.03,0.00788974,INTERPOLATED,613,634,-17.9325,0.00803107,0,True,1,-17.9325,129.254,0.962338,39.8966,21.0018,5.41963,10.1625,9.07862,8.53665,7.99469,7.45273,6.91077,6.53139,6.3688,5.82684,5.28488,4.74292,0.0469815,0.0305708,9.29014,5.52255,0.31783,0.848605,9.95669,8.85218,8.29992,7.74767,7.19541,6.64316,6.25658,6.0909,5.53864,4.98639,4.43413,15.8419,True,102,20532,N-L1-1-148
626,CG6-0640,2026-01-17,1,103,field,CG6-0640|2026-01-17|L1|S103,2026-01-17 13:06:10,2026-01-17 13:06:10,2026-01-17 13:06:10.000,1,1,3388.54,,,0.0027,24.7996,34.8389,227.1,0,,,True,SINGLE_READING;,2,day2,MATCHED,D2:wor:1-103,1-103,1-103,results.zip/day2.xlsx,workbook,11.4782,201.484,1-102,True,24.7996,34.8389,244.031,,0,244.031,0.15,12.3104,231.721,231.593,0.127396,9677.3,29957.3,False,3407.03,0.00789162,INTERPOLATED,613,634,-18.4942,0.00834072,0,True,1,-18.4942,131.832,0.879955,40.6922,21.318,5.5277,10.2626,9.15711,8.60434,8.05157,7.4988,6.94603,6.55909,6.39326,5.84049,5.28772,4.73495,0.0470354,0.0306536,9.4121,5.64452,0.303941,0.811522,10.029,8.90011,8.33566,7.77121,7.20676,6.64231,6.24719,6.07785,5.5134,4.94895,4.3845,16.0305,True,103,20744.2,N-L1-1-148
627,CG6-0640,2026-01-17,1,104,field,CG6-0640|2026-01-17|L1|S104,2026-01-17 13:15:35,2026-01-17 13:15:35,2026-01-17 13:15:35.000,1,1,3387.98,,,0.0015,24.798,34.8374,235.7,0,,,True,SINGLE_READING;,2,day2,MATCHED,D2:wor:1-104,1-104,1-104,results.zip/day2.xlsx,workbook,8.03462,118.114,42,True,24.798,34.8373,246.324,,0,246.324,0.15,12.3178,234.006,233.939,0.0677102,9812.19,30154.9,False,3407.03,0.00789716,INTERPOLATED,613,634,-19.0466,0.00803836,0,True,1,-19.0466,134.117,0.771426,41.3977,21.5796,5.62354,10.3325,9.20781,8.64545,8.0831,7.52075,6.95839,6.56474,6.39604,5.83368,5.27133,4.70898,0.0469828,0.0305727,9.53483,5.76724,0.277055,0.739737,10.0451,8.89166,8.31494,7.73822,7.16149,6.58477,6.18106,6.00804,5.43132,4.8546,4.27787,16.2212,True,104,20980.1,N-L1-1-148
628,CG6-0640,2026-01-17,1,105,field,CG6-0640|2026-01-17|L1|S105,2026-01-17 13:19:16,2026-01-17 13:19:16,2026-01-17 13:19:16.000,1,1,3387.6,,,0.0017,24.7969,34.8362,228.7,0,,,True,SINGLE_READING;,2,day2,MATCHED,D2:wor:1-105,1-105,1-105,results.zip/day2.xlsx,workbook,6.05645,102.085,42,True,24.7969,34.8362,248.353,,0,248.353,0.15,12.323,236.03,235.917,0.11341,9912.12,30292,False,3407.03,0.00789968,INTERPOLATED,613,634,-19.4282,0.00808053,0,True,1,-19.4282,136.141,0.69673,42.0223,21.8974,5.70839,10.4806,9.33889,8.76805,8.19721,7.62637,7.05553,6.65595,6.48469,5.91385,5.34302,4.77218,0.04699,0.0305838,9.59162,5.82403,0.305118,0.814665,10.2493,9.08448,8.50208,7.91968,7.33728,6.75487,6.34719,6.17247,5.59007,5.00766,4.42526,16.3588,True,105,21146.4,N-L1-1-148
630,CG6-0640,2026-01-17,1,107,field,CG6-0640|2026-01-17|L1|S107,2026-01-17 13:26:50,2026-01-17 13:26:50,2026-01-17 13:26:50.000,1,1,3386.58,,,0.0027,24.7951,34.8328,249.8,0,,,True,SINGLE_READING;,2,day2,MATCHED,D2:wor:1-107,1-107,1-107,results.zip/day2.xlsx,workbook,9.3766,198.253,1-108,True,24.795,34.8328,252.895,,0,252.895,0.15,12.338,240.557,240.82,-0.263064,10234.8,30543.7,False,3407.03,0.00790547,INTERPOLATED,613,634,-20.4535,0.00835383,0,True,1,-20.4535,140.668,0.568262,43.4196,22.3978,5.89821,10.6014,9.42174,8.83192,8.2421,7.65228,7.06246,6.64958,6.47264,5.88282,5.29299,4.70317,0.0470378,0.0306572,9.80167,6.03408,0.284888,0.76065,10.3296,9.12283,8.51942,7.91601,7.31261,6.7092,6.28681,6.10579,5.50238,4.89897,4.29557,16.7415,True,107,21549.2,N-L1-1-148
631,CG6-0640,2026-01-17,1,108,field,CG6-0640|2026-01-17|L1|S108,2026-01-17 13:30:24,2026-01-17 13:30:24,2026-01-17 13:30:24.000,1,1,3385.9,,,0.0019,24.7948,34.8309,244,0,,,True,SINGLE_READING;,2,day2,MATCHED,D2:wor:1-108,1-108,1-108,results.zip/day2.xlsx,workbook,6.27093,193.82,1-107,True,24.7948,34.8309,255.026,,0,255.026,0.15,12.3451,242.681,242.767,-0.0861809,10425.2,30600.9,False,3407.03,0.00790849,INTERPOLATED,613,634,-21.1323,0.00813352,0,True,1,-21.1323,142.792,0.552824,44.0751,22.39,5.98726,10.4155,9.21802,8.61929,8.02057,7.42184,6.82311,6.40401,6.22439,5.62566,5.02693,4.42821,0.0469991,0.0305979,9.90312,6.13553,0.272491,0.72755,10.1189,8.89183,8.27828,7.66473,7.05117,6.43762,6.00813,5.82407,5.21052,4.59696,3.98341,16.9367,True,108,21745.3,N-L1-1-148
632,CG6-0640,2026-01-17,1,109,field,CG6-0640|2026-01-17|L1|S109,2026-01-17 13:34:19,2026-01-17 13:34:19,2026-01-17 13:34:19.000,1,1,3385.29,,,0.0013,24.7948,34.8287,249.8,0,,,True,SINGLE_READING;,2,day2,MATCHED,D2:wor:1-109,1-109,1-109,results.zip/day2.xlsx,workbook,4.0476,193.575,1-110,True,24.7947,34.8287,257.796,,0,257.796,0.15,12.3532,245.443,245.274,0.168783,10646.7,30643.9,False,3407.03,0.00791201,INTERPOLATED,613,634,-21.7362,0.0080181,0,True,1,-21.7362,145.554,0.54918,44.9276,22.6423,6.10307,10.4361,9.21549,8.60518,7.99488,7.38457,6.77426,6.34705,6.16396,5.55365,4.94334,4.33303,0.0469793,0.0305674,10.023,6.25541,0.268422,0.716686,10.1314,8.88036,8.25481,7.62927,7.00373,6.37819,5.94031,5.75265,5.12711,4.50157,3.87603,17.1531,True,109,21966,N-L1-1-148
633,CG6-0640,2026-01-17,1,110,field,CG6-0640|2026-01-17|L1|S110,2026-01-17 13:38:10,2026-01-17 13:38:10,2026-01-17 13:38:10.000,1,1,3384.69,,,0.0017,24.795,34.8267,242.8,0,,,True,SINGLE_READING;,2,day2,MATCHED,D2:wor:1-110,1-110,1-110,results.zip/day2.xlsx,workbook,2.85164,195.09,1-109,True,24.7949,34.8267,260.072,,0,260.072,0.15,12.3602,247.712,247.589,0.122512,10840.6,30656.6,False,3407.03,0.00791569,INTERPOLATED,613,634,-22.3376,0.00809618,0,True,1,-22.3376,147.823,0.561759,45.628,22.7286,6.19821,10.3322,9.09254,8.47272,7.8529,7.23308,6.61326,6.17938,5.99344,5.37362,4.7538,4.13397,0.0469927,0.030588,10.1327,6.36507,0.253902,0.677919,9.99848,8.72546,8.08896,7.45245,6.81594,6.17944,5.73388,5.54293,4.90642,4.26992,3.63341,17.3376,True,110,22160.7,N-L1-1-148
638,CG6-0640,2026-01-18,1,111,field,CG6-0640|2026-01-18|L1|S111,2026-01-18 06:49:28,2026-01-18 06:49:28,2026-01-18 06:49:28.000,1,1,3384.11,,,0.0042,24.7943,34.8245,249.1,0,,,True,SINGLE_READING;,3,day3,MATCHED,D3:wor:1-111,1-111,1-111,results.zip/day3.xlsx,workbook,1.50586,152.213,1-112,True,24.7943,34.8245,262.655,,0,262.655,0.15,12.3687,250.286,250.002,0.284297,11061.2,30767.6,False,3407.03,0.00785979,INTERPOLATED,637,676,-22.9188,0.00891158,0,True,1,-22.9188,150.397,0.518976,46.4226,22.9849,6.30616,10.3725,9.11131,8.48069,7.85008,7.21946,6.58884,6.14741,5.95823,5.32761,4.697,4.06638,0.04714,0.0308138,10.2329,6.46533,0.261591,0.698449,10.0542,8.76114,8.11461,7.46808,6.82155,6.17501,5.72244,5.52848,4.88195,4.23542,3.58888,17.5736,True,111,22397.4,N-L1-1-148
639,CG6-0640,2026-01-18,1,112,field,CG6-0640|2026-01-18|L1|S112,2026-01-18 06:59:54,2026-01-18 06:59:54,2026-01-18 06:59:54.000,1,1,3383.67,,,0.0036,24.7937,34.8232,250.6,0,,,True,SINGLE_READING;,3,day3,MATCHED,D3:wor:1-112,1-112,1-112,results.zip/day3.xlsx,workbook,2.42892,28.0677,1-149,True,24.7937,34.8231,264.337,,0,264.337,0.15,12.3738,251.963,251.911,0.0519534,11190.2,30860.2,False,3407.03,0.0078588,INTERPOLATED,637,676,-23.3597,0.00864411,0,True,1,-23.3597,152.074,0.476029,46.9402,23.1044,6.37647,10.3515,9.07621,8.43856,7.80091,7.16327,6.52562,6.07927,5.88797,5.25032,4.61268,3.97503,0.0470902,0.0307375,10.304,6.53642,0.260813,0.69637,10.0316,8.72433,8.07069,7.41705,6.7634,6.10976,5.65221,5.45612,4.80248,4.14884,3.4952,17.7225,True,112,22551,N-L1-1-148
640,CG6-0640,2026-01-18,1,113,field,CG6-0640|2026-01-18|L1|S113,2026-01-18 07:03:51,2026-01-18 07:03:51,2026-01-18 07:03:51.000,1,1,3383.19,,,0.0019,24.7936,34.8205,245.8,0,,,True,SINGLE_READING;,3,day3,MATCHED,D3:wor:1-113,1-113,1-113,results.zip/day3.xlsx,workbook,2.19725,186.722,1,True,24.7936,34.8205,266.88,,0,266.88,0.15,12.3834,254.497,254.387,0.10951,11456.2,30914,False,3407.03,0.00785846,INTERPOLATED,637,676,-23.8423,0.00808488,0,True,1,-23.8423,154.608,0.471531,47.7221,23.4083,6.4827,10.4429,9.14635,8.49808,7.84981,7.20154,6.55327,6.09948,5.905,5.25673,4.60846,3.96019,0.0469907,0.030585,10.4016,6.63398,0.269473,0.719492,10.1403,8.81352,8.15013,7.48673,6.82333,6.15993,5.69555,5.49653,4.83313,4.16974,3.50634,17.9808,True,113,22814.1,N-L1-1-148
641,CG6-0640,2026-01-18,1,114,field,CG6-0640|2026-01-18|L1|S114,2026-01-18 07:07:31,2026-01-18 07:07:31,2026-01-18 07:07:31.000,1,1,3382.63,,,0.0015,24.7936,34.8187,250.7,0,,,True,SINGLE_READING;,3,day3,MATCHED,D3:wor:1-114,1-114,1-114,results.zip/day3.xlsx,workbook,2.57559,189.725,1-113,True,24.7935,34.8187,268.757,,0,268.757,0.15,12.3903,256.367,256.485,-0.1186,11642.8,30955,False,3407.03,0.00785816,INTERPOLATED,637,676,-24.4021,0.00800004,0,True,1,-24.4021,156.478,0.466554,48.2994,23.4307,6.56111,10.3085,8.99625,8.34014,7.68403,7.02792,6.37181,5.91253,5.7157,5.05959,4.40347,3.74736,0.0469762,0.0305627,10.4448,6.67717,0.304694,0.813532,10.0763,8.74091,8.0732,7.40548,6.73776,6.07004,5.60264,5.40233,4.73461,4.06689,3.39917,18.1674,True,114,23003.7,N-L1-1-148
642,CG6-0640,2026-01-18,1,115,field,CG6-0640|2026-01-18|L1|S115,2026-01-18 07:11:13,2026-01-18 07:11:13,2026-01-18 07:11:13.000,1,1,3381.99,,,0.0031,24.7937,34.8166,251.3,0,,,True,SINGLE_READING;,3,day3,MATCHED,D3:wor:1-115,1-115,1-115,results.zip/day3.xlsx,workbook,1.65396,207.259,1-116,True,24.7936,34.8166,271.089,,0,271.089,0.15,12.3979,258.691,258.911,-0.219749,11853,30985.2,False,3407.03,0.00785787,INTERPOLATED,637,676,-25.0345,0.00844726,0,True,1,-25.0345,158.802,0.474091,49.0168,23.5082,6.65857,10.1911,8.85937,8.19351,7.52766,6.8618,6.19594,5.72984,5.53008,4.86423,4.19837,3.53251,0.0470544,0.0306828,10.4458,6.67823,0.401098,1.07093,10.1518,8.81612,8.1483,7.48047,6.81265,6.14483,5.67735,5.477,4.80918,4.14136,3.47353,18.3691,True,115,23213.2,N-L1-1-148
643,CG6-0640,2026-01-18,1,116,field,CG6-0640|2026-01-18|L1|S116,2026-01-18 07:15:37,2026-01-18 07:15:37,2026-01-18 07:15:37.000,1,1,3381.03,,,0.0011,24.7938,34.8145,252.4,0,,,True,SINGLE_READING;,3,day3,MATCHED,D3:wor:1-116,1-116,1-116,results.zip/day3.xlsx,workbook,2.8046,210.988,1-115,True,24.7938,34.8145,273.113,,0,273.113,0.15,12.4054,260.708,260.891,-0.183159,12062.9,31009.6,False,3407.03,0.00785755,INTERPOLATED,637,676,-25.9974,0.00793417,0,True,1,-25.9974,160.819,0.486544,49.6392,23.1553,6.74312,9.66905,8.32042,7.64611,6.9718,6.29749,5.62317,5.15116,4.94886,4.27455,3.60024,2.92592,0.046965,0.0305455,10.3876,6.62004,0.543842,1.45206,9.91522,8.59121,7.92921,7.2672,6.6052,5.9432,5.47979,5.28119,4.61919,3.95718,3.29518,18.5674,True,116,23421.5,N-L1-1-148
644,CG6-0640,2026-01-18,1,117,field,CG6-0640|2026-01-18|L1|S117,2026-01-18 07:19:48,2026-01-18 07:19:48,2026-01-18 07:19:48.000,1,1,3380.48,,,0.0011,24.7946,34.8124,263.6,0,,,True,SINGLE_READING;,3,day3,MATCHED,D3:wor:1-117,1-117,1-117,results.zip/day3.xlsx,workbook,3.13063,167.826,1-118,True,24.7945,34.8124,275.351,,0,275.351,0.15,12.413,262.938,263.764,-0.826032,12276.9,30974.3,False,3407.03,0.00785726,INTERPOLATED,637,676,-26.5439,0.00793389,0,True,1,-26.5439,163.049,0.534103,50.3276,23.2496,6.83665,9.57635,8.20903,7.52536,6.8417,6.15803,5.47437,4.9958,4.7907,4.10704,3.42337,2.73971,0.046965,0.0305454,10.4749,6.70727,0.55013,1.46885,9.8351,8.49365,7.82292,7.15219,6.48146,5.81074,5.34123,5.14001,4.46928,3.79855,3.12783,18.7585,True,117,23646.7,N-L1-1-148
645,CG6-0640,2026-01-18,1,118,field,CG6-0640|2026-01-18|L1|S118,2026-01-18 07:23:54,2026-01-18 07:23:54,2026-01-18 07:23:54.000,1,1,3380.03,,,0.0011,24.7949,34.8108,263.3,0,,,True,SINGLE_READING;,3,day3,MATCHED,D3:wor:1-118,1-118,1-118,results.zip/day3.xlsx,workbook,4.70325,173.317,1-117,True,24.7948,34.8108,277.333,,0,277.333,0.15,12.419,264.914,265.164,-0.249995,12448,30977.5,False,3407.03,0.00785701,INTERPOLATED,637,676,-26.9952,0.00793363,0,True,1,-26.9952,165.025,0.555917,50.9375,23.3865,6.9195,9.54746,8.16356,7.4716,6.77965,6.0877,5.39575,4.91139,4.7038,4.01185,3.3199,2.62795,0.046965,0.0305453,10.6262,6.85865,0.481614,1.28591,9.66917,8.29744,7.61158,6.92571,6.23985,5.55398,5.07388,4.86812,4.18225,3.49639,2.81052,18.9129,True,118,23815.4,N-L1-1-148
646,CG6-0640,2026-01-18,1,119,field,CG6-0640|2026-01-18|L1|S119,2026-01-18 07:26:53,2026-01-18 07:26:53,2026-01-18 07:26:53.000,1,1,3379.6,,,0.0015,24.7955,34.8089,263.2,0,,,True,SINGLE_READING;,3,day3,MATCHED,D3:wor:1-119,1-119,1-119,results.zip/day3.xlsx,workbook,6.67559,202.288,1-118,True,24.7955,34.809,279.448,,0,279.448,0.15,12.4256,267.022,267.083,-0.0610197,12636.8,30947.9,False,3407.03,0.00785683,INTERPOLATED,637,676,-27.4231,0.00799874,0,True,1,-27.4231,167.133,0.598112,51.5883,23.5671,7.00791,9.55127,8.14969,7.4489,6.74811,6.04732,5.34653,4.85597,4.64574,3.94495,3.24416,2.54337,0.046976,0.0305623,10.814,7.0464,0.38226,1.02063,9.47428,8.065,7.36036,6.65572,5.95108,5.24644,4.75319,4.5418,3.83715,3.13251,2.42787,19.0802,True,119,24012.1,N-L1-1-148
647,CG6-0640,2026-01-18,1,120,field,CG6-0640|2026-01-18|L1|S120,2026-01-18 07:31:47,2026-01-18 07:31:47,2026-01-18 07:31:47.000,1,1,3378.44,,,0.0011,24.7959,34.8051,275.9,0,,,True,SINGLE_READING;,3,day3,MATCHED,D3:wor:1-120,1-120,1-120,results.zip/day3.xlsx,workbook,1.83161,212.688,1-121,True,24.796,34.8052,283.84,,0,283.84,0.15,12.4396,271.4,271.156,0.244085,13023.8,30988.1,False,3407.03,0.00785656,INTERPOLATED,637,676,-28.5834,0.00793319,0,True,1,-28.5834,171.511,0.632295,52.9396,23.7239,7.19147,9.34092,7.90263,7.18348,6.46433,5.74519,5.02604,4.52264,4.30689,3.58774,2.8686,2.14945,0.0469649,0.0305452,11.0247,7.25707,0.355156,0.948266,9.20972,7.75831,7.0326,6.30689,5.58118,4.85548,4.34748,4.12977,3.40406,2.67835,1.95265,19.4489,True,120,24402.4,N-L1-1-148
648,CG6-0640,2026-01-18,1,121,field,CG6-0640|2026-01-18|L1|S121,2026-01-18 07:35:42,2026-01-18 07:35:42,2026-01-18 07:35:42.000,1,1,3377.89,,,0.0021,24.7965,34.8031,283.1,0,,,True,SINGLE_READING;,3,day3,MATCHED,D3:wor:1-121,1-121,1-121,results.zip/day3.xlsx,workbook,5.16564,197.799,1-122,True,24.7965,34.8031,285.882,,0,285.882,0.15,12.4471,273.435,273.263,0.172335,13236.6,30980.8,False,3407.03,0.00785637,INTERPOLATED,637,676,-29.141,0.00813219,0,True,1,-29.141,173.546,0.669431,53.5675,23.7571,7.27678,9.20357,7.74821,7.02053,6.29286,5.56518,4.8375,4.32812,4.10982,3.38214,2.65447,1.92679,0.0469989,0.0305975,11.0877,7.3201,0.377438,1.00776,9.11693,7.65291,6.9209,6.18889,5.45688,4.72487,4.21246,3.99286,3.26085,2.52884,1.79683,19.6397,True,121,24616.7,N-L1-1-148
649,CG6-0640,2026-01-18,1,122,field,CG6-0640|2026-01-18|L1|S122,2026-01-18 07:39:12,2026-01-18 07:39:12,2026-01-18 07:39:12.000,1,1,3377.26,,,0.0015,24.7971,34.8012,280.3,0,,,True,SINGLE_READING;,3,day3,MATCHED,D3:wor:1-122,1-122,1-122,results.zip/day3.xlsx,workbook,2.75632,198.084,1-123,True,24.7971,34.8012,288.054,,0,288.054,0.15,12.454,275.6,275.688,-0.0881881,13429.5,30961.1,False,3407.03,0.00785621,INTERPOLATED,637,676,-29.7711,0.00799813,0,True,1,-29.7711,175.711,0.711006,54.2358,23.7537,7.36756,9.01857,7.54505,6.8083,6.07154,5.33478,4.59803,4.0823,3.86127,3.12452,2.38776,1.651,0.0469759,0.0305622,11.1486,7.38103,0.407291,1.08747,8.99163,7.51543,6.77733,6.03922,5.30112,4.56302,4.04634,3.82491,3.08681,2.34871,1.6106,19.8146,True,122,24818.5,N-L1-1-148
650,CG6-0640,2026-01-18,1,123,field,CG6-0640|2026-01-18|L1|S123,2026-01-18 07:43:35,2026-01-18 07:43:35,2026-01-18 07:43:35.000,1,1,3377.14,,,0.0058,24.7969,34.7993,280.9,0,,,True,SINGLE_READING;,3,day3,MATCHED,D3:wor:1-123,1-123,1-123,results.zip/day3.xlsx,workbook,1.67259,201.482,1-122,True,24.7969,34.7993,290.36,,0,290.36,0.15,12.4613,277.899,277.806,0.0923138,13623.8,31035.6,False,3407.03,0.00785603,INTERPOLATED,637,676,-29.8905,0.0097651,0,True,1,-29.8905,178.01,0.695486,54.9453,24.3593,7.46395,9.43143,7.93864,7.19225,6.44585,5.69946,4.95306,4.43059,4.20667,3.46027,2.71388,1.96748,0.0473088,0.0310714,11.3133,7.54569,0.339018,0.905177,9.26795,7.75881,7.00425,6.24968,5.49511,4.74054,4.21234,3.98597,3.2314,2.47683,1.72227,20.0151,True,123,25019.2,N-L1-1-148
651,CG6-0640,2026-01-18,1,124,field,CG6-0640|2026-01-18|L1|S124,2026-01-18 07:46:59,2026-01-18 07:46:59,2026-01-18 07:46:59.000,1,1,3376.69,,,0.0017,24.7973,34.7973,285.8,0,,,True,SINGLE_READING;,3,day3,MATCHED,D3:wor:1-124,1-124,1-124,results.zip/day3.xlsx,workbook,2.85791,205.707,1-123,True,24.7973,34.7973,292.216,,0,292.216,0.15,12.4686,279.747,279.695,0.0526857,13827.2,31042,False,3407.03,0.00785591,INTERPOLATED,637,676,-30.3386,0.00803774,0,True,1,-30.3386,179.858,0.724266,55.5159,24.453,7.54147,9.3701,7.86181,7.10766,6.35352,5.59937,4.84522,4.31732,4.09108,3.33693,2.58278,1.82864,0.0469827,0.0305725,11.4074,7.63981,0.322413,0.860843,9.17341,7.64545,6.88147,6.11749,5.35351,4.58953,4.05474,3.82555,3.06157,2.29759,1.5336,20.2021,True,124,25222.9,N-L1-1-148
652,CG6-0640,2026-01-18,1,125,field,CG6-0640|2026-01-18|L1|S125,2026-01-18 07:50:22,2026-01-18 07:50:22,2026-01-18 07:50:22.000,1,1,3375.9,,,0.0011,24.798,34.7952,283.8,0,,,True,SINGLE_READING;,3,day3,MATCHED,D3:wor:1-125,1-125,1-125,results.zip/day3.xlsx,workbook,4.34428,164.277,1-126,True,24.798,34.7952,295.636,,0,295.636,0.15,12.4762,283.16,283.256,-0.0959201,14042.4,31016.2,False,3407.03,0.0078558,INTERPOLATED,637,676,-31.1282,0.00793244,0,True,1,-31.1282,183.271,0.773368,56.5691,24.6676,7.68455,9.2985,7.76159,6.99314,6.22468,5.45623,4.68777,4.14985,3.91932,3.15086,2.38241,1.61395,0.0469647,0.030545,11.5829,7.81532,0.289984,0.774258,9.03696,7.47389,6.69236,5.91083,5.1293,4.34776,3.80069,3.56623,2.7847,2.00317,1.22164,20.3935,True,125,25445.6,N-L1-1-148
653,CG6-0640,2026-01-18,1,126,field,CG6-0640|2026-01-18|L1|S126,2026-01-18 07:53:57,2026-01-18 07:53:57,2026-01-18 07:53:57.000,1,1,3375.54,,,0.001,24.799,34.7939,288.5,0,,,True,SINGLE_READING;,3,day3,MATCHED,D3:wor:1-126,1-126,1-126,results.zip/day3.xlsx,workbook,3.1205,171.649,1-125,True,24.799,34.794,297.523,,0,297.523,0.15,12.4809,285.042,285.131,-0.0886814,14180,30947.3,False,3407.03,0.0078557,INTERPOLATED,637,676,-31.4856,0.00791909,0,True,1,-31.4856,185.153,0.840185,57.1501,24.8243,7.76347,9.2974,7.7447,6.96836,6.19201,5.41566,4.63932,4.09587,3.86297,3.08662,2.31027,1.53393,0.0469625,0.0305416,11.6666,7.89899,0.285234,0.761576,9.02635,7.44655,6.65666,5.86676,5.07686,4.28696,3.73403,3.49706,2.70716,1.91726,1.12736,20.5032,True,126,25614.2,N-L1-1-148
654,CG6-0640,2026-01-18,1,127,field,CG6-0640|2026-01-18|L1|S127,2026-01-18 07:58:12,2026-01-18 07:58:12,2026-01-18 07:58:12.000,1,1,3375.13,,,0.0017,24.8,34.7922,292.9,0,,,True,SINGLE_READING;,3,day3,MATCHED,D3:wor:1-127,1-127,1-127,results.zip/day3.xlsx,workbook,2.88001,200.041,1-128,True,24.8,34.7923,299.759,,0,299.759,0.15,12.4872,287.272,287.34,-0.0680934,14362,30883.5,False,3407.03,0.0078556,INTERPOLATED,637,676,-31.8929,0.00803744,0,True,1,-31.8929,187.383,0.912998,57.8383,25.0324,7.85696,9.31849,7.7471,6.9614,6.17571,5.39001,4.60431,4.05433,3.81862,3.03292,2.24722,1.46153,0.0469826,0.0305725,11.7678,8.0002,0.277519,0.740974,9.03202,7.43197,6.63195,5.83193,5.03191,4.23189,3.67188,3.43187,2.63185,1.83183,1.03181,20.6526,True,127,25821.4,N-L1-1-148
655,CG6-0640,2026-01-18,1,128,field,CG6-0640|2026-01-18|L1|S128,2026-01-18 08:01:40,2026-01-18 08:01:40,2026-01-18 08:01:40.000,1,1,3374.5,,,0.0024,24.8017,34.7913,302,0,,,True,SINGLE_READING;,3,day3,MATCHED,D3:wor:1-128,1-128,1-128,results.zip/day3.xlsx,workbook,5.86369,207.228,1-127,True,24.8016,34.7913,301.87,,0,301.87,0.15,12.4905,289.379,289.547,-0.167989,14477.3,30736,False,3407.03,0.00785554,INTERPOLATED,637,676,-32.5305,0.00821398,0,True,1,-32.5305,189.491,1.02287,58.4888,24.9354,7.94534,9.04475,7.45568,6.66115,5.86662,5.07208,4.27755,3.72137,3.48301,2.68848,1.89395,1.09941,0.0470131,0.0306193,11.8509,8.08331,0.282781,0.755026,8.7688,7.15214,6.34381,5.53547,4.72714,3.91881,3.35298,3.11048,2.30215,1.49382,0.685486,20.7197,True,128,26023,N-L1-1-148
656,CG6-0640,2026-01-18,1,129,field,CG6-0640|2026-01-18|L1|S129,2026-01-18 08:05:51,2026-01-18 08:05:51,2026-01-18 08:05:51.000,1,1,3373.93,,,0.001,24.8036,34.791,302.1,0,,,True,SINGLE_READING;,3,day3,MATCHED,D3:wor:1-129,1-129,1-129,results.zip/day3.xlsx,workbook,4.36911,164.261,1-130,True,24.8036,34.791,304.555,,0,304.555,0.15,12.4914,292.064,292.252,-0.188934,14530.6,30533.6,False,3407.03,0.00785547,INTERPOLATED,637,676,-33.0996,0.00791887,0,True,1,-33.0996,192.175,1.15846,59.3173,25.0592,8.05788,8.94345,7.33188,6.52609,5.7203,4.91451,4.10873,3.54467,3.30294,2.49715,1.69136,0.885574,0.0469625,0.0305415,11.9467,8.17909,0.299547,0.79979,8.70103,7.06522,6.24731,5.4294,4.61149,3.79358,3.22104,2.97567,2.15776,1.33985,0.521944,20.7174,True,129,26244.3,N-L1-1-148
657,CG6-0640,2026-01-18,1,130,field,CG6-0640|2026-01-18|L1|S130,2026-01-18 08:09:40,2026-01-18 08:09:40,2026-01-18 08:09:40.000,1,1,3373.75,,,0.0011,24.8051,34.7908,304.7,0,,,True,SINGLE_READING;,3,day3,MATCHED,D3:wor:1-130,1-130,1-130,results.zip/day3.xlsx,workbook,4.79068,171.912,1-129,True,24.8051,34.7908,306.397,,0,306.397,0.15,12.4921,293.905,293.91,-0.00478151,14575.8,30381.1,False,3407.03,0.00785544,INTERPOLATED,637,676,-33.2783,0.00793208,0,True,1,-33.2783,194.016,1.26175,59.8856,25.3456,8.13509,9.0754,7.44838,6.63488,5.82137,5.00786,4.19435,3.62489,3.38084,2.56733,1.75382,0.940314,0.0469647,0.0305449,12.0109,8.2433,0.312548,0.834503,8.85898,7.21032,6.38599,5.56166,4.73734,3.91301,3.33597,3.08868,2.26435,1.44002,0.615687,20.7164,True,130,26412.7,N-L1-1-148
658,CG6-0640,2026-01-18,1,131,field,CG6-0640|2026-01-18|L1|S131,2026-01-18 08:13:04,2026-01-18 08:13:04,2026-01-18 08:13:04.000,1,1,3373.21,,,0.002,24.8065,34.7893,309.2,0,,,True,SINGLE_READING;,3,day3,MATCHED,D3:wor:1-131,1-131,1-131,results.zip/day3.xlsx,workbook,4.91199,204.183,1-132,True,24.8065,34.7894,308.635,,0,308.635,0.15,12.497,296.138,295.955,0.182981,14743.7,30278.6,False,3407.03,0.00785542,INTERPOLATED,637,676,-33.8184,0.00810602,0,True,1,-33.8184,196.249,1.357,60.5748,25.3995,8.22872,8.94202,7.29628,6.47341,5.65053,4.82766,4.00479,3.42878,3.18192,2.35905,1.53617,0.713302,0.0469944,0.0305906,12.1129,8.34535,0.304129,0.812026,8.70877,7.0397,6.20516,5.37063,4.53609,3.70156,3.11738,2.86702,2.03249,1.19795,0.36342,20.8425,True,131,26625.2,N-L1-1-148
659,CG6-0640,2026-01-18,1,132,field,CG6-0640|2026-01-18|L1|S132,2026-01-18 08:16:30,2026-01-18 08:16:30,2026-01-18 08:16:30.000,1,1,3372.8,,,0.0011,24.8083,34.7888,307,0,,,True,SINGLE_READING;,3,day3,MATCHED,D3:wor:1-132,1-132,1-132,results.zip/day3.xlsx,workbook,4.17127,194.696,1-133,True,24.8083,34.7889,311.044,,0,311.044,0.15,12.4987,298.545,298.599,-0.0533725,14822.6,30099.3,False,3407.03,0.00785541,INTERPOLATED,637,676,-34.2234,0.00793205,0,True,1,-34.2234,198.656,1.48054,61.3178,25.6139,8.32966,8.95458,7.28865,6.45568,5.62272,4.78975,3.95679,3.37371,3.12382,2.29085,1.45789,0.624922,0.0469647,0.0305449,12.1804,8.41281,0.337603,0.901399,8.78827,7.10571,6.26443,5.42315,4.58187,3.74058,3.15169,2.8993,2.05802,1.21674,0.375459,20.8702,True,132,26831.4,N-L1-1-148
660,CG6-0640,2026-01-18,1,133,field,CG6-0640|2026-01-18|L1|S133,2026-01-18 08:19:58,2026-01-18 08:19:58,2026-01-18 08:19:58.000,1,1,3372.6,,,0.0024,24.8097,34.7877,305.3,0,,,True,SINGLE_READING;,3,day3,MATCHED,D3:wor:1-133,1-133,1-133,results.zip/day3.xlsx,workbook,3.03639,201.43,1-132,True,24.8097,34.7877,312.965,,0,312.965,0.15,12.5027,300.462,300.942,-0.479378,14965.4,29984,False,3407.03,0.00785542,INTERPOLATED,637,676,-34.4317,0.00821387,0,True,1,-34.4317,200.573,1.57979,61.9095,25.8981,8.41004,9.07799,7.39598,6.55498,5.71397,4.87297,4.03196,3.44326,3.19096,2.34996,1.50895,0.667948,0.0470131,0.0306193,12.25,8.48242,0.348375,0.930162,8.93323,7.23674,6.3885,5.54026,4.69201,3.84377,3.25,2.99553,2.14729,1.29905,0.450803,20.9698,True,133,27030.3,N-L1-1-148
661,CG6-0640,2026-01-18,1,134,field,CG6-0640|2026-01-18|L1|S134,2026-01-18 08:23:32,2026-01-18 08:23:32,2026-01-18 08:23:32.000,1,1,3371.95,,,0.0012,24.8112,34.7863,313.7,0,,,True,SINGLE_READING;,3,day3,MATCHED,D3:wor:1-134,1-134,1-134,results.zip/day3.xlsx,workbook,1.93824,195.371,1-135,True,24.8111,34.7863,316.478,,0,316.478,0.15,12.5076,303.97,303.847,0.123412,15133.7,29878.7,False,3407.03,0.00785544,INTERPOLATED,637,676,-35.0802,0.00794657,0,True,1,-35.0802,204.081,1.67693,62.9923,26.2351,8.55714,9.12085,7.40943,6.55371,5.698,4.84229,3.98657,3.38757,3.13086,2.27514,1.41943,0.563718,0.0469671,0.0305487,12.3669,8.59933,0.378557,1.01075,9.03645,7.31659,6.45665,5.59672,4.73679,3.87685,3.2749,3.01692,2.15699,1.29705,0.437118,21.0979,True,134,27243.5,N-L1-1-148
662,CG6-0640,2026-01-18,1,135,field,CG6-0640|2026-01-18|L1|S135,2026-01-18 08:26:56,2026-01-18 08:26:56,2026-01-18 08:26:56.000,1,1,3371.29,,,0.0018,24.8118,34.7844,309.6,0,,,True,SINGLE_READING;,3,day3,MATCHED,D3:wor:1-135,1-135,1-135,results.zip/day3.xlsx,workbook,4.5054,201.778,1-134,True,24.8118,34.7845,318.746,,0,318.746,0.15,12.5138,306.232,306.147,0.0853834,15329.9,29867.1,False,3407.03,0.00785548,INTERPOLATED,637,676,-35.7331,0.00805906,0,True,1,-35.7331,206.343,1.72114,63.6904,26.2361,8.65197,8.93218,7.20178,6.33659,5.47139,4.60619,3.741,3.13536,2.8758,2.0106,1.1454,0.280207,0.0469863,0.0305782,12.4756,8.70803,0.364698,0.973745,8.82006,7.07846,6.20765,5.33685,4.46605,3.59524,2.98568,2.72444,1.85364,0.982835,0.112032,21.2744,True,135,27440.8,N-L1-1-148
663,CG6-0640,2026-01-18,1,136,field,CG6-0640|2026-01-18|L1|S136,2026-01-18 08:30:32,2026-01-18 08:30:32,2026-01-18 08:30:32.000,1,1,3370.56,,,0.0008,24.8128,34.7825,313.2,0,,,True,SINGLE_READING;,3,day3,MATCHED,D3:wor:1-136,1-136,1-136,results.zip/day3.xlsx,workbook,2.62567,172.125,1-137,True,24.8127,34.7825,322.37,,0,322.37,0.15,12.5204,309.85,309.667,0.182206,15536.7,29827,False,3407.03,0.00785553,INTERPOLATED,637,676,-36.4654,0.00789616,0,True,1,-36.4654,209.961,1.78705,64.8069,26.5545,8.80365,8.94716,7.18643,6.30606,5.4257,4.54533,3.66497,3.04871,2.7846,1.90424,1.02387,0.143509,0.0469586,0.0305356,12.6747,8.90716,0.31725,0.847057,8.74014,6.95871,6.068,5.17728,4.28657,3.39585,2.77235,2.50513,1.61442,0.723703,-0.167012,21.457,True,136,27660.9,N-L1-1-148
664,CG6-0640,2026-01-18,1,137,field,CG6-0640|2026-01-18|L1|S137,2026-01-18 08:33:39,2026-01-18 08:33:39,2026-01-18 08:33:39.000,1,1,3370.31,,,0.0014,24.8137,34.7812,314,0,,,True,SINGLE_READING;,3,day3,MATCHED,D3:wor:1-137,1-137,1-137,results.zip/day3.xlsx,workbook,1.74447,176.466,1-136,True,24.8137,34.7812,323.611,,0,323.611,0.15,12.5252,311.086,311.308,-0.222453,15692.5,29772.6,False,3407.03,0.00785558,INTERPOLATED,637,676,-36.7139,0.00797936,0,True,1,-36.7139,211.197,1.85251,65.1884,26.622,8.85548,8.911,7.1399,6.25435,5.36881,4.48326,3.59771,2.97782,2.71216,1.82661,0.941064,0.0555151,0.0469727,0.0305572,12.7377,8.97015,0.306091,0.817264,8.68167,6.88764,5.99062,5.09361,4.19659,3.29958,2.67167,2.40256,1.50555,0.608533,-0.288482,21.587,True,137,27835.6,N-L1-1-148
665,CG6-0640,2026-01-18,1,138,field,CG6-0640|2026-01-18|L1|S138,2026-01-18 08:36:57,2026-01-18 08:36:57,2026-01-18 08:36:57.000,1,1,3369.78,,,0.001,24.8148,34.7795,317.8,0,,,True,SINGLE_READING;,3,day3,MATCHED,D3:wor:1-138,1-138,1-138,results.zip/day3.xlsx,workbook,5.57394,176.277,1-139,True,24.8147,34.7796,325.774,,0,325.774,0.15,12.5307,313.243,313.024,0.219453,15875.2,29714.4,False,3407.03,0.00785566,INTERPOLATED,637,676,-37.2495,0.00791905,0,True,1,-37.2495,213.354,1.92415,65.8543,26.6807,8.94595,8.78877,6.99958,6.10499,5.21039,4.3158,3.4212,2.79499,2.52661,1.63201,0.737418,-0.157177,0.0469625,0.0305416,12.8413,9.07369,0.29301,0.782337,8.53328,6.71854,5.81117,4.9038,3.99643,3.08906,2.4539,2.18169,1.27432,0.366952,-0.540417,21.7379,True,138,28033.2,N-L1-1-148
666,CG6-0640,2026-01-18,1,139,field,CG6-0640|2026-01-18|L1|S139,2026-01-18 08:40:25,2026-01-18 08:40:25,2026-01-18 08:40:25.000,1,1,3369.4,,,0.0016,24.8159,34.7782,317.6,0,,,True,SINGLE_READING;,3,day3,MATCHED,D3:wor:1-139,1-139,1-139,results.zip/day3.xlsx,workbook,6.0981,187.926,1-138,True,24.8158,34.7782,328.019,,0,328.019,0.15,12.5354,315.484,315.191,0.292368,16032.8,29645.8,False,3407.03,0.00785575,INTERPOLATED,637,676,-37.6302,0.00801703,0,True,1,-37.6302,215.595,1.99856,66.5458,26.9171,9.03988,8.83729,7.02931,6.12533,5.22134,4.31735,3.41336,2.78057,2.50937,1.60538,0.701396,-0.202592,0.0469791,0.0305671,12.9455,9.17793,0.282707,0.754829,8.56119,6.7256,5.80781,4.89002,3.97223,3.05443,2.41198,2.13664,1.21885,0.301052,-0.616741,21.8655,True,139,28215.1,N-L1-1-148
667,CG6-0640,2026-01-18,1,140,field,CG6-0640|2026-01-18|L1|S140,2026-01-18 08:43:54,2026-01-18 08:43:54,2026-01-18 08:43:54.000,1,1,3368.96,,,0.0015,24.8177,34.777,328.5,0,,,True,SINGLE_READING;,3,day3,MATCHED,D3:wor:1-140,1-140,1-140,results.zip/day3.xlsx,workbook,3.57915,198.828,1-141,True,24.8176,34.777,330.755,,0,330.755,0.15,12.5399,318.215,317.998,0.217005,16196.4,29501.2,False,3407.03,0.00785585,INTERPOLATED,637,676,-38.0694,0.00799777,0,True,1,-38.0694,218.326,2.12236,67.3888,27.1971,9.15441,8.88827,7.05739,6.14195,5.22651,4.31107,3.39562,2.75482,2.48018,1.56474,0.6493,-0.266141,0.0469758,0.0305621,13.063,9.2954,0.279771,0.746988,8.6063,6.74722,5.81768,4.88814,3.9586,3.02906,2.37838,2.09952,1.16998,0.24044,-0.6891,21.9812,True,140,28452.9,N-L1-1-148
668,CG6-0640,2026-01-18,1,141,field,CG6-0640|2026-01-18|L1|S141,2026-01-18 08:47:16,2026-01-18 08:47:16,2026-01-18 08:47:16.000,1,1,3368.81,,,0.0016,24.8189,34.7755,321.9,0,,,True,SINGLE_READING;,3,day3,MATCHED,D3:wor:1-141,1-141,1-141,results.zip/day3.xlsx,workbook,5.39075,207.153,1-140,True,24.8189,34.7755,332.328,,0,332.328,0.15,12.545,319.783,319.759,0.0241904,16369.3,29417.5,False,3407.03,0.00785596,INTERPOLATED,637,676,-38.2189,0.00801724,0,True,1,-38.2189,219.894,2.21005,67.8728,27.4439,9.22016,9.00354,7.1595,6.23749,5.31547,4.39346,3.47144,2.82603,2.54942,1.62741,0.705393,-0.216622,0.0469791,0.0305672,13.1301,9.36247,0.27844,0.743436,8.7189,6.84641,5.91016,4.97391,4.03766,3.10142,2.44604,2.16517,1.22892,0.292675,-0.643572,22.1095,True,141,28654.8,N-L1-1-148
669,CG6-0640,2026-01-18,1,142,field,CG6-0640|2026-01-18|L1|S142,2026-01-18 08:51:38,2026-01-18 08:51:38,2026-01-18 08:51:38.000,1,1,3368.05,,,0.0011,24.8208,34.7733,326.5,0,,,True,SINGLE_READING;,3,day3,MATCHED,D3:wor:1-142,1-142,1-142,results.zip/day3.xlsx,workbook,3.37405,180.868,1-143,True,24.8208,34.7733,335.762,,0,335.762,0.15,12.5528,323.209,323.204,0.00483299,16630.7,29299.2,False,3407.03,0.00785613,INTERPOLATED,637,676,-38.9793,0.00793277,0,True,1,-38.9793,223.32,2.34093,68.9303,27.6101,9.36382,8.88243,7.00966,6.07328,5.1369,4.20052,3.26414,2.60867,2.32775,1.39137,0.454991,-0.481391,0.0469648,0.0305451,13.2749,9.5073,0.277278,0.740333,8.59547,6.69401,5.74328,4.79255,3.84182,2.89109,2.22558,1.94036,0.989632,0.0389028,-0.911827,22.145,True,142,28961.1,N-L1-1-148
670,CG6-0640,2026-01-18,1,143,field,CG6-0640|2026-01-18|L1|S143,2026-01-18 08:55:39,2026-01-18 08:55:39,2026-01-18 08:55:39.000,1,1,3367.63,,,0.0012,24.8222,34.7724,335.8,0,,,True,SINGLE_READING;,3,day3,MATCHED,D3:wor:1-143,1-143,1-143,results.zip/day3.xlsx,workbook,3.78141,188.016,1-142,True,24.8222,34.7724,337.89,,0,337.89,0.15,12.5563,325.334,325.31,0.0233008,16762.8,29189.2,False,3407.03,0.0078563,INTERPOLATED,637,676,-39.3981,0.00794742,0,True,1,-39.3981,225.445,2.43737,69.586,27.7505,9.4529,8.84468,6.9541,6.00881,5.06352,4.11823,3.17294,2.51124,2.22765,1.28236,0.33707,-0.60822,0.0469673,0.0305489,13.3663,9.5987,0.274951,0.73412,8.55307,6.63333,5.67346,4.71359,3.75371,2.79384,2.12194,1.83397,0.874104,-0.0857662,-1.04564,22.1231,True,143,29145.3,N-L1-1-148
671,CG6-0640,2026-01-18,1,144,field,CG6-0640|2026-01-18|L1|S144,2026-01-18 08:58:50,2026-01-18 08:58:50,2026-01-18 08:58:50.000,1,1,3367.11,,,0.0065,24.8232,34.7704,337.9,0,,,True,SINGLE_READING;,3,day3,MATCHED,D3:wor:1-144,1-144,1-144,results.zip/day3.xlsx,workbook,3.03832,218.997,1-145,True,24.8232,34.7704,340.394,,0,340.394,0.15,12.5634,327.831,327.619,0.211571,16982.3,29167.2,False,3407.03,0.00785646,INTERPOLATED,637,676,-39.9175,0.0101968,0,True,1,-39.9175,227.942,2.50277,70.3566,27.9363,9.5576,8.82113,6.90961,5.95385,4.99809,4.04233,3.08657,2.41754,2.13081,1.17505,0.219291,-0.736468,0.0473998,0.0312098,13.4773,9.70971,0.26864,0.717269,8.51689,6.57495,5.60398,4.63301,3.66204,2.69107,2.01139,1.7201,0.749124,-0.221847,-1.19282,22.2139,True,144,29371.5,N-L1-1-148
672,CG6-0640,2026-01-18,1,145,field,CG6-0640|2026-01-18|L1|S145,2026-01-18 09:02:25,2026-01-18 09:02:25,2026-01-18 09:02:25.000,1,1,3366.76,,,0.0013,24.8244,34.7686,344.6,0,,,True,SINGLE_READING;,3,day3,MATCHED,D3:wor:1-145,1-145,1-145,results.zip/day3.xlsx,workbook,1.6052,180.104,1-146,True,24.8243,34.7686,342.449,,0,342.449,0.15,12.5697,329.879,329.884,-0.00495573,17184.2,29109.8,False,3407.03,0.00785664,INTERPOLATED,637,676,-40.2649,0.00796346,0,True,1,-40.2649,229.99,2.58395,70.9889,28.14,9.6435,8.85305,6.92435,5.96,4.99565,4.0313,3.06696,2.39191,2.10261,1.13826,0.173907,-0.790443,0.04697,0.0305531,13.5655,9.79791,0.266338,0.711121,8.54421,6.58463,5.60484,4.62505,3.64526,2.66546,1.97961,1.68567,0.705882,-0.273909,-1.2537,22.274,True,145,29593.1,N-L1-1-148
673,CG6-0640,2026-01-18,1,146,field,CG6-0640|2026-01-18|L1|S146,2026-01-18 09:05:44,2026-01-18 09:05:44,2026-01-18 09:05:44.000,1,1,3366.65,,,0.0015,24.8258,34.7676,338,0,,,True,SINGLE_READING;,3,day3,MATCHED,D3:wor:1-146,1-146,1-146,results.zip/day3.xlsx,workbook,6.26784,186.751,1-145,True,24.8257,34.7676,344.093,,0,344.093,0.15,12.5733,331.52,331.613,-0.0929003,17319.1,29002.5,False,3407.03,0.00785682,INTERPOLATED,637,676,-40.3785,0.00799873,0,True,1,-40.3785,231.631,2.67804,71.4952,28.4386,9.71228,9.01408,7.07163,6.1004,5.12917,4.15794,3.18672,2.50686,2.21549,1.24426,0.273034,-0.698194,0.046976,0.0305623,13.6299,9.86235,0.270681,0.722717,8.71393,6.74146,5.75522,4.76899,3.78275,2.79652,2.10615,1.81028,0.824048,-0.162188,-1.14842,22.2597,True,146,29774.4,N-L1-1-148
674,CG6-0640,2026-01-18,1,147,field,CG6-0640|2026-01-18|L1|S147,2026-01-18 09:10:13,2026-01-18 09:10:13,2026-01-18 09:10:13.000,1,1,3366.27,,,0.0009,24.8268,34.7653,337.3,0,,,True,SINGLE_READING;,3,day3,MATCHED,D3:wor:1-147,1-147,1-147,results.zip/day3.xlsx,workbook,2.8983,263.166,1-146,True,24.8268,34.7654,347.036,,0,347.036,0.15,12.5815,334.454,334.451,0.00341639,17573.3,28985.1,False,3407.03,0.00785709,INTERPOLATED,637,676,-40.7535,0.00790847,0,True,1,-40.7535,234.566,2.7523,72.401,28.8952,9.83533,9.22455,7.25749,6.27395,5.29042,4.30689,3.32335,2.63488,2.33982,1.35629,0.372755,-0.610778,0.0469607,0.0305388,13.7536,9.98599,0.270101,0.721169,8.92324,6.92604,5.92745,4.92885,3.93025,2.93165,2.23263,1.93305,0.934451,-0.0641478,-1.06275,22.3726,True,147,30035,N-L1-1-148
675,CG6-0640,2026-01-18,1,148,field,CG6-0640|2026-01-18|L1|S148,2026-01-18 09:15:44,2026-01-18 09:15:44,2026-01-18 09:15:44.000,1,1,3365.81,,,0.0028,24.8277,34.7621,343,0,,,True,SINGLE_READING;,3,day3,MATCHED,D3:wor:1-148,1-148,1-148,results.zip/day3.xlsx,workbook,2.0442,345.002,1-147,True,24.8277,34.7621,351.263,,0,351.263,0.15,12.5932,338.67,338.869,-0.199176,17916,29027.3,False,3407.03,0.00785745,INTERPOLATED,637,676,-41.2145,0.00834144,0,True,1,-41.2145,238.781,2.81188,73.7021,29.6757,10.0121,9.65151,7.64909,6.64789,5.64668,4.64547,3.64426,2.94342,2.64305,1.64184,0.640637,-0.360571,0.0470356,0.0306538,13.9361,10.1686,0.264284,0.705638,9.33856,7.30485,6.288,5.27114,4.25429,3.23743,2.52563,2.22058,1.20372,0.186865,-0.829991,22.5819,True,148,30378.8,N-L1-1-148
677,CG6-0640,2026-01-18,1,149,field,CG6-0640|2026-01-18|L1|S149,2026-01-18 10:33:52,2026-01-18 10:33:52,2026-01-18 10:33:52.000,1,1,3383.59,,,0.0015,24.7935,34.8231,256.2,0,,,True,SINGLE_READING;,3,day3,MATCHED,D3:wor:1-149,1-149,1-149,results.zip/day3.xlsx,workbook,9.28447,19.3015,1-112,True,24.7935,34.823,264.495,,0,264.495,0.15,12.3744,252.121,252.316,-0.195101,11200.8,30876.8,False,3407.03,0.00786005,INTERPOLATED,676,714,-23.4328,0.0080019,0,True,1,-23.4328,152.232,0.461035,46.9888,23.095,6.38307,10.3288,9.05222,8.41392,7.77561,7.1373,6.49899,6.05218,5.86069,5.22238,4.58407,3.94577,0.0469765,0.0305631,10.3078,6.54022,0.263608,0.703833,10.0145,8.7065,8.05247,7.39845,6.74443,6.09041,5.63259,5.43639,4.78236,4.12834,3.47432,17.7427,True,149,0,N-L1-149-225
678,CG6-0640,2026-01-18,1,150,field,CG6-0640|2026-01-18|L1|S150,2026-01-18 10:39:19,2026-01-18 10:39:19,2026-01-18 10:39:19.000,1,1,3382.78,,,0.0019,24.792,34.8208,258.6,0,,,True,SINGLE_READING;,3,day3,MATCHED,D3:wor:1-150,1-150,1-150,results.zip/day3.xlsx,workbook,9.41646,64.0526,2,True,24.7919,34.8208,267.409,,0,267.409,0.15,12.383,255.026,255.326,-0.299568,11413.6,31086,False,3407.03,0.00786,INTERPOLATED,676,714,-24.2438,0.00808638,0,True,1,-24.2438,155.137,0.354933,47.8856,23.2868,6.5049,10.277,8.97603,8.32554,7.67505,7.02456,6.37407,5.91873,5.72358,5.07309,4.4226,3.77211,0.046991,0.0305854,10.3994,6.63181,0.293842,0.784558,10.0232,8.69682,8.03363,7.37045,6.70727,6.04409,5.57986,5.38091,4.71773,4.05455,3.39137,17.9991,True,150,281.718,N-L1-149-225
679,CG6-0640,2026-01-18,1,151,field,CG6-0640|2026-01-18|L1|S151,2026-01-18 10:42:54,2026-01-18 10:42:54,2026-01-18 10:42:54.000,1,1,3382.1,,,0.0013,24.7909,34.8191,246.8,0,,,True,SINGLE_READING;,3,day3,MATCHED,D3:wor:1-151,1-151,1-151,results.zip/day3.xlsx,workbook,10.347,44.8963,3,True,24.7909,34.8191,270.084,,0,270.084,0.15,12.3894,257.695,257.876,-0.181115,11584.6,31232.5,False,3407.03,0.00786001,INTERPOLATED,676,714,-24.9203,0.00796679,0,True,1,-24.9203,157.806,0.282148,48.7092,23.5067,6.61679,10.2732,8.94981,8.28813,7.62645,6.96477,6.30309,5.83992,5.64141,4.97973,4.31806,3.65638,0.0469706,0.030554,10.4349,6.66734,0.370204,0.988444,10.1721,8.83859,8.17186,7.50512,6.83839,6.17165,5.70494,5.50492,4.83819,4.17145,3.50472,18.1955,True,151,491.735,N-L1-149-225
680,CG6-0640,2026-01-18,1,152,field,CG6-0640|2026-01-18|L1|S152,2026-01-18 10:46:35,2026-01-18 10:46:35,2026-01-18 10:46:35.000,1,1,3380.92,,,0.0017,24.789,34.8178,264.1,0,,,True,SINGLE_READING;,3,day3,MATCHED,D3:wor:1-152,1-152,1-152,results.zip/day3.xlsx,workbook,7.70331,21.3752,4,True,24.7889,34.8178,273.098,,0,273.098,0.15,12.3943,260.704,260.612,0.0917516,11706.1,31469.9,False,3407.03,0.00786007,INTERPOLATED,676,714,-26.1011,0.00804181,0,True,1,-26.1011,160.815,0.151222,49.638,23.3856,6.74296,9.89973,8.55113,7.87684,7.20254,6.52825,5.85395,5.38194,5.17965,4.50536,3.83106,3.15677,0.0469833,0.0305736,10.5857,6.81814,0.345575,0.922686,9.74936,8.38573,7.70392,7.02211,6.34029,5.65848,5.18121,4.97666,4.29485,3.61303,2.93122,18.3736,True,152,741.046,N-L1-149-225
681,CG6-0640,2026-01-18,1,153,field,CG6-0640|2026-01-18|L1|S153,2026-01-18 10:50:33,2026-01-18 10:50:33,2026-01-18 10:50:33.000,1,1,3380.35,,,0.0015,24.7876,34.8172,257.8,0,,,True,SINGLE_READING;,3,day3,MATCHED,D3:wor:1-153,1-153,1-153,results.zip/day3.xlsx,workbook,8.45025,157.176,1-152,True,24.7876,34.8171,275.008,,0,275.008,0.15,12.3968,262.611,262.826,-0.2145,11771.4,31629.6,False,3407.03,0.00786018,INTERPOLATED,676,714,-26.6764,0.00800202,0,True,1,-26.6764,162.722,0.0577715,50.2268,23.4926,6.82294,9.84671,8.48212,7.79983,7.11754,6.43524,5.75295,5.27534,5.07065,4.38836,3.70607,3.02377,0.0469766,0.0305632,10.6488,6.88123,0.362473,0.967803,9.73015,8.3539,7.66578,6.97766,6.28953,5.60141,5.11972,4.91329,4.22517,3.53704,2.84892,18.4755,True,153,906.374,N-L1-149-225
682,CG6-0640,2026-01-18,1,154,field,CG6-0640|2026-01-18|L1|S154,2026-01-18 10:54:16,2026-01-18 10:54:16,2026-01-18 10:54:16.000,1,1,3379.74,,,0.0013,24.7863,34.8159,272.6,0,,,True,SINGLE_READING;,3,day3,MATCHED,D3:wor:1-154,1-154,1-154,results.zip/day3.xlsx,workbook,5.23634,189.506,5,True,24.7863,34.8158,278.172,,0,278.172,0.15,12.4016,265.77,266.043,-0.272848,11902.1,31801.1,False,3407.03,0.00786032,INTERPOLATED,676,714,-27.2816,0.0079671,0,True,1,-27.2816,165.881,-0.0313504,51.2019,23.9516,6.95541,10.0408,8.6497,7.95416,7.25862,6.56307,5.86753,5.38066,5.17199,4.47645,3.78091,3.08537,0.0469706,0.030554,10.7852,7.01766,0.358508,0.957216,9.91628,8.51275,7.81098,7.10922,6.40745,5.70569,5.21445,5.00392,4.30216,3.60039,2.89862,18.6382,True,154,1100.9,N-L1-149-225
683,CG6-0640,2026-01-18,1,155,field,CG6-0640|2026-01-18|L1|S155,2026-01-18 10:58:25,2026-01-18 10:58:25,2026-01-18 10:58:25.000,1,1,3379.19,,,0.004,24.7868,34.814,271.3,0,,,True,SINGLE_READING;,3,day3,MATCHED_ID_TIEBREAK,D3:wor:1-155,1-155,1-155,results.zip/day3.xlsx,workbook,6.4265,9.0307,7,True,24.7868,34.814,280.618,,0,280.618,0.15,12.4083,268.21,268.563,-0.353313,12090.6,31780.4,False,3407.03,0.00786053,INTERPOLATED,676,714,-27.8344,0.00881975,0,True,1,-27.8344,168.321,0.00303518,51.9548,24.1174,7.05769,10.002,8.59044,7.88467,7.1789,6.47313,5.76736,5.27332,5.06159,4.35583,3.65006,2.94429,0.0471227,0.0307874,10.8335,7.0659,0.412545,1.10149,9.98555,8.57237,7.86578,7.15919,6.4526,5.74601,5.2514,5.03942,4.33283,3.62624,2.91965,18.805,True,155,1295.85,N-L1-149-225
684,CG6-0640,2026-01-18,1,156,field,CG6-0640|2026-01-18|L1|S156,2026-01-18 11:02:49,2026-01-18 11:02:49,2026-01-18 11:02:49.000,1,1,3378.61,,,0.0024,24.7876,34.8123,242.1,0,,,True,SINGLE_READING;,3,day3,MATCHED,D3:wor:1-156,1-156,1-156,results.zip/day3.xlsx,workbook,9.13562,40.837,8,True,24.7876,34.8122,283.06,,0,283.06,0.15,12.4145,270.645,270.345,0.300854,12260,31736.1,False,3407.03,0.00786081,INTERPOLATED,676,714,-28.4139,0.00821902,0,True,1,-28.4139,170.757,0.0566803,52.7066,24.236,7.15982,9.91634,8.48437,7.76839,7.05241,6.33643,5.62045,5.11926,4.90446,4.18848,3.4725,2.75652,0.047014,0.0306207,10.9284,7.16082,0.419762,1.12076,9.91435,8.48218,7.7661,7.05002,6.33394,5.61786,5.1166,4.90178,4.1857,3.46961,2.75353,18.9534,True,156,1491.37,N-L1-149-225
685,CG6-0640,2026-01-18,1,157,field,CG6-0640|2026-01-18|L1|S157,2026-01-18 11:07:39,2026-01-18 11:07:39,2026-01-18 11:07:39.000,1,1,3377.59,,,0.0025,24.7879,34.8101,250.3,0,,,True,SINGLE_READING;,3,day3,MATCHED_ID_TIEBREAK,D3:wor:1-157,1-157,1-157,results.zip/day3.xlsx,workbook,7.74462,8.41162,9,True,24.7878,34.81,286.429,,0,286.429,0.15,12.4225,274.007,274.027,-0.0203075,12483.6,31750.2,False,3407.03,0.00786119,INTERPOLATED,676,714,-29.4315,0.00824914,0,True,1,-29.4315,174.118,0.0749451,53.744,24.2375,7.30075,9.63603,8.17588,7.4458,6.71573,5.98565,5.25558,4.74453,4.5255,3.79543,3.06535,2.33528,0.0470193,0.0306288,11.0301,7.26249,0.459019,1.22558,9.71255,8.26005,7.53381,6.80756,6.08131,5.35506,4.84668,4.62881,3.90256,3.17631,2.45006,19.1608,True,157,1714.38,N-L1-149-225
686,CG6-0640,2026-01-18,1,158,field,CG6-0640|2026-01-18|L1|S158,2026-01-18 11:11:18,2026-01-18 11:11:18,2026-01-18 11:11:18.000,1,1,3377.22,,,0.0013,24.7862,34.8093,271.5,0,,,True,SINGLE_READING;,3,day3,MATCHED,D3:wor:10,10,10,results.zip/day3.xlsx,workbook,6.93493,186.314,11,False,24.7862,34.8092,288.847,,0,288.847,0.15,12.4254,276.422,276.662,-0.240774,12564.5,31953.5,False,3407.03,0.00786152,INTERPOLATED,676,714,-29.8034,0.00796828,0,True,1,-29.8034,176.533,-0.0386999,54.4894,24.7246,7.40201,9.92061,8.44021,7.70001,6.95981,6.21961,5.4794,4.96126,4.7392,3.999,3.2588,2.5186,0.0469708,0.0305544,11.2597,7.49209,0.330676,0.882905,9.74045,8.24203,7.49282,6.74361,5.9944,5.24519,4.72075,4.49598,3.74677,2.99756,2.24836,19.2839,True,158,1915.27,N-L1-149-225
687,CG6-0640,2026-01-18,1,159,field,CG6-0640|2026-01-18|L1|S159,2026-01-18 11:14:32,2026-01-18 11:14:32,2026-01-18 11:14:32.000,1,1,3376.5,,,0.0023,24.7843,34.8097,270.7,0,,,True,SINGLE_READING;,3,day3,MATCHED,D3:wor:1-159,1-159,1-159,results.zip/day3.xlsx,workbook,6.72905,26.1387,11,True,24.7843,34.8097,292.013,,0,292.013,0.15,12.4239,279.589,279.196,0.393218,12525.7,32143.4,False,3407.03,0.00786184,INTERPOLATED,676,714,-30.5215,0.00819137,0,True,1,-30.5215,179.7,-0.168837,55.467,25.1144,7.53483,10.0448,8.5378,7.78431,7.03083,6.27735,5.52387,4.99643,4.77038,4.0169,3.26342,2.50994,0.0470092,0.0306133,11.4042,7.6366,0.318979,0.851675,9.84121,8.31389,7.55023,6.78657,6.02291,5.25925,4.72468,4.49558,3.73192,2.96826,2.2046,19.2957,True,159,2130.21,N-L1-149-225
688,CG6-0640,2026-01-18,1,160,field,CG6-0640|2026-01-18|L1|S160,2026-01-18 11:17:46,2026-01-18 11:17:46,2026-01-18 11:17:46.000,1,1,3376,,,0.0013,24.7827,34.8102,269.1,0,,,True,SINGLE_READING;,3,day3,MATCHED_ID_TIEBREAK,D3:wor:1-160,1-160,1-160,results.zip/day3.xlsx,workbook,9.02533,14.0337,12,True,24.7827,34.8102,294.079,,0,294.079,0.15,12.4222,281.657,281.579,0.0783095,12479.7,32306.3,False,3407.03,0.0078622,INTERPOLATED,676,714,-31.0293,0.00796895,0,True,1,-31.0293,181.768,-0.280108,56.1053,25.3561,7.62153,10.113,8.58869,7.82654,7.06439,6.30223,5.54008,5.00657,4.77793,4.01578,3.25362,2.49147,0.0469709,0.0305545,11.4798,7.71225,0.330038,0.881201,9.93156,8.38911,7.61789,6.84666,6.07544,5.30421,4.76435,4.53299,3.76176,2.99054,2.21931,19.2944,True,160,2317.21,N-L1-149-225
689,CG6-0640,2026-01-18,1,161,field,CG6-0640|2026-01-18|L1|S161,2026-01-18 11:22:07,2026-01-18 11:22:07,2026-01-18 11:22:07.000,1,1,3374.94,,,0.0024,24.7808,34.8102,291.3,0,,,True,SINGLE_READING;,3,day3,MATCHED,D3:wor:1-161,1-161,1-161,results.zip/day3.xlsx,workbook,8.86101,23.1049,13,True,24.7808,34.8101,297.305,,0,297.305,0.15,12.4223,284.883,284.588,0.294398,12490.4,32514.7,False,3407.03,0.00786274,INTERPOLATED,676,714,-32.0809,0.00822087,0,True,1,-32.0809,184.994,-0.411026,57.1009,25.431,7.75679,9.91746,8.3661,7.59042,6.81475,6.03907,5.26339,4.72041,4.48771,3.71203,2.93635,2.16067,0.0470143,0.0306212,11.6193,7.85167,0.325877,0.870091,9.7277,8.15737,7.3722,6.58703,5.80187,5.0167,4.46708,4.23153,3.44637,2.6612,1.87603,19.3539,True,161,2529.14,N-L1-149-225
690,CG6-0640,2026-01-18,1,162,field,CG6-0640|2026-01-18|L1|S162,2026-01-18 11:25:46,2026-01-18 11:25:46,2026-01-18 11:25:46.000,1,1,3374.68,,,0.0037,24.779,34.8093,286.2,0,,,True,SINGLE_READING;,3,day3,MATCHED,D3:wor:1-162,1-162,1-162,results.zip/day3.xlsx,workbook,3.78514,16.5379,14,True,24.779,34.8093,299.601,,0,299.601,0.15,12.4253,287.176,287.112,0.0635924,12593.8,32730,False,3407.03,0.00786323,INTERPOLATED,676,714,-32.3405,0.00869025,0,True,1,-32.3405,187.287,-0.533755,57.8087,26.002,7.85293,10.2961,8.72552,7.94022,7.15493,6.36964,5.58434,5.03464,4.79905,4.01376,3.22846,2.44317,0.0470987,0.0307505,11.6968,7.92921,0.344479,0.919758,10.1435,8.55771,7.76478,6.97186,6.17894,5.38602,4.83098,4.5931,3.80018,3.00726,2.21434,19.4909,True,162,2745.04,N-L1-149-225
691,CG6-0640,2026-01-18,1,163,field,CG6-0640|2026-01-18|L1|S163,2026-01-18 11:29:10,2026-01-18 11:29:10,2026-01-18 11:29:10.000,1,1,3373.89,,,0.0017,24.7776,34.808,296.2,0,,,True,SINGLE_READING;,3,day3,MATCHED,D3:wor:1-163,1-163,1-163,results.zip/day3.xlsx,workbook,6.70806,44.5551,15,True,24.7776,34.808,302.084,,0,302.084,0.15,12.4299,289.654,290.08,-0.425968,12732.5,32909.8,False,3407.03,0.00786373,INTERPOLATED,676,714,-33.1314,0.00804538,0,True,1,-33.1314,189.765,-0.631638,58.5736,26.0739,7.95685,10.1602,8.56879,7.77311,6.97742,6.18173,5.38605,4.82907,4.59036,3.79468,2.99899,2.20331,0.046984,0.0305746,11.7887,8.02116,0.356447,0.951712,10.0315,8.42731,7.62519,6.82308,6.02096,5.21884,4.65736,4.41673,3.61461,2.81249,2.01038,19.6617,True,163,2950.43,N-L1-149-225
692,CG6-0640,2026-01-18,1,164,field,CG6-0640|2026-01-18|L1|S164,2026-01-18 11:32:36,2026-01-18 11:32:36,2026-01-18 11:32:36.000,1,1,3373.05,,,0.0029,24.7766,34.8066,298.6,0,,,True,SINGLE_READING;,3,day3,MATCHED,D3:wor:1-164,1-164,1-164,results.zip/day3.xlsx,workbook,4.34664,34.6023,16,True,24.7766,34.8066,304.42,,0,304.42,0.15,12.4349,291.985,291.846,0.138792,12883.7,33051.5,False,3407.03,0.00786426,INTERPOLATED,676,714,-33.9707,0.00838192,0,True,1,-33.9707,192.096,-0.699112,59.2931,26.0215,8.05459,9.91232,8.3014,7.49594,6.69048,5.88503,5.07957,4.51574,4.27411,3.46865,2.66319,1.85773,0.0470428,0.0306648,11.9079,8.14035,0.334992,0.894428,9.74079,8.11272,7.29868,6.48465,5.67061,4.85658,4.28675,4.04254,3.22851,2.41447,1.60044,19.8305,True,164,3130.48,N-L1-149-225
693,CG6-0640,2026-01-18,1,165,field,CG6-0640|2026-01-18|L1|S165,2026-01-18 11:36:30,2026-01-18 11:36:30,2026-01-18 11:36:30.000,1,1,3372.11,,,0.0021,24.7751,34.8051,301.4,0,,,True,SINGLE_READING;,3,day3,MATCHED,D3:wor:1-165,1-165,1-165,results.zip/day3.xlsx,workbook,7.70893,50.4536,17,True,24.775,34.8051,306.605,,0,306.605,0.15,12.4402,294.165,294.321,-0.156499,13050.3,33249.7,False,3407.03,0.00786491,INTERPOLATED,676,714,-34.9106,0.00814045,0,True,1,-34.9106,194.276,-0.80739,59.9659,25.8627,8.14599,9.57073,7.94153,7.12693,6.31233,5.49774,4.68314,4.11292,3.86854,3.05394,2.23934,1.42474,0.0470003,0.0305997,11.9965,8.22895,0.337793,0.901907,9.4048,7.75901,6.93612,6.11322,5.29033,4.46743,3.8914,3.64454,2.82164,1.99874,1.17585,20.0254,True,165,3360.89,N-L1-149-225
694,CG6-0640,2026-01-18,1,166,field,CG6-0640|2026-01-18|L1|S166,2026-01-18 11:39:51,2026-01-18 11:39:51,2026-01-18 11:39:51.000,1,1,3371.31,,,0.0033,24.7737,34.8041,294.2,0,,,True,SINGLE_READING;,3,day3,MATCHED,D3:wor:1-166,1-166,1-166,results.zip/day3.xlsx,workbook,4.96549,49.6175,18,True,24.7737,34.8041,308.831,,0,308.831,0.15,12.4436,296.387,296.151,0.236327,13165.9,33419.1,False,3407.03,0.00786551,INTERPOLATED,676,714,-35.7154,0.00852973,0,True,1,-35.7154,196.498,-0.899187,60.6519,25.8357,8.23918,9.35733,7.7095,6.88558,6.06166,5.23774,4.41382,3.83708,3.5899,2.76599,1.94207,1.11815,0.0470693,0.0307056,12.0963,8.32867,0.331271,0.884495,9.17836,7.51263,6.67976,5.84689,5.01403,4.18116,3.59815,3.34829,2.51543,1.68256,0.849694,20.1636,True,166,3538.81,N-L1-149-225
695,CG6-0640,2026-01-18,1,167,field,CG6-0640|2026-01-18|L1|S167,2026-01-18 11:44:13,2026-01-18 11:44:13,2026-01-18 11:44:13.000,1,1,3370.56,,,0.0026,24.7723,34.8031,297.1,0,,,True,SINGLE_READING;,3,day3,MATCHED,D3:wor:1-167,1-167,1-167,results.zip/day3.xlsx,workbook,6.75878,58.3665,19,True,24.7723,34.8031,311.388,,0,311.388,0.15,12.4473,298.941,298.905,0.0355774,13284,33592.7,False,3407.03,0.00786634,INTERPOLATED,676,714,-36.4693,0.00828489,0,True,1,-36.4693,199.052,-0.991067,61.44,25.9617,8.34624,9.26919,7.59994,6.76531,5.93069,5.09607,4.26144,3.67721,3.42682,2.59219,1.75757,0.922946,0.0470256,0.0306384,12.2292,8.46158,0.305423,0.81548,9.03852,7.3462,6.50005,5.65389,4.80773,3.96157,3.36926,3.11542,2.26926,1.4231,0.576944,20.3117,True,167,3722.34,N-L1-149-225
696,CG6-0640,2026-01-18,1,168,field,CG6-0640|2026-01-18|L1|S168,2026-01-18 11:47:31,2026-01-18 11:47:31,2026-01-18 11:47:31.000,1,1,3369.43,,,0.0025,24.7709,34.8019,296.6,0,,,True,SINGLE_READING;,3,day3,MATCHED,D3:wor:1-168,1-168,1-168,results.zip/day3.xlsx,workbook,4.8989,61.5919,20,True,24.7708,34.8019,314.085,,0,314.085,0.15,12.4515,301.634,301.568,0.0659513,13430.8,33777.2,False,3407.03,0.00786701,INTERPOLATED,676,714,-37.5987,0.00825468,0,True,1,-37.5987,201.745,-1.09338,62.2711,25.7658,8.45915,8.84746,7.15563,6.30972,5.4638,4.61789,3.77197,3.17983,2.92606,2.08014,1.23423,0.388313,0.0470203,0.0306303,12.3575,8.58996,0.289945,0.774153,8.58584,6.86785,6.00885,5.14985,4.29086,3.43186,2.83056,2.57287,1.71387,0.854873,-0.004123,20.4805,True,168,3928.73,N-L1-149-225
697,CG6-0640,2026-01-18,1,169,field,CG6-0640|2026-01-18|L1|S169,2026-01-18 11:50:56,2026-01-18 11:50:56,2026-01-18 11:50:56.000,1,1,3368.41,,,0.0024,24.7688,34.8016,304,0,,,True,SINGLE_READING;,3,day3,MATCHED,D3:wor:1-169,1-169,1-169,results.zip/day3.xlsx,workbook,7.60508,78.0191,21,True,24.7687,34.8016,316.958,,0,316.958,0.15,12.4523,304.506,304.258,0.247438,13488.9,34009.2,False,3407.03,0.00786773,INTERPOLATED,676,714,-38.6177,0.00822564,0,True,1,-38.6177,204.617,-1.23863,63.1576,25.7785,8.57958,8.61932,6.9034,6.04545,5.18749,4.32953,3.47157,2.871,2.61361,1.75565,0.897697,0.0397384,0.0470152,0.0306225,12.4848,8.71718,0.283155,0.756023,8.34412,6.60068,5.72896,4.85724,3.98552,3.11381,2.5036,2.24209,1.37037,0.49865,-0.373068,20.58,True,169,4165.3,N-L1-149-225
698,CG6-0640,2026-01-18,1,170,field,CG6-0640|2026-01-18|L1|S170,2026-01-18 11:54:35,2026-01-18 11:54:35,2026-01-18 11:54:35.000,1,1,3367.84,,,0.0026,24.7673,34.8015,314.6,0,,,True,SINGLE_READING;,3,day3,MATCHED,D3:wor:1-170,1-170,1-170,results.zip/day3.xlsx,workbook,6.74478,43.9223,22,True,24.7672,34.8014,319.344,,0,319.344,0.15,12.4528,306.891,306.945,-0.0535429,13531.1,34175.5,False,3407.03,0.00786855,INTERPOLATED,676,714,-39.1882,0.00828698,0,True,1,-39.1882,207.002,-1.34112,63.8939,26.0468,8.67961,8.68757,6.95165,6.08369,5.21573,4.34776,3.4798,2.87223,2.61184,1.74388,0.875923,0.00796203,0.0470259,0.030639,12.5899,8.82235,0.27801,0.742287,8.40207,6.6376,5.75537,4.87313,3.9909,3.10866,2.4911,2.22643,1.34419,0.461957,-0.420279,20.65,True,170,4332.07,N-L1-149-225
699,CG6-0640,2026-01-18,1,171,field,CG6-0640|2026-01-18|L1|S171,2026-01-18 11:59:02,2026-01-18 11:59:02,2026-01-18 11:59:02.000,1,1,3367.03,,,0.0017,24.7653,34.8009,320.5,0,,,True,SINGLE_READING;,3,day3,MATCHED,D3:wor:1-171,1-171,1-171,results.zip/day3.xlsx,workbook,6.67207,162.824,1-172,True,24.7653,34.8008,321.983,,0,321.983,0.15,12.4548,309.528,309.446,0.0820668,13626.4,34400.7,False,3407.03,0.00786959,INTERPOLATED,676,714,-39.999,0.00805112,0,True,1,-39.999,209.639,-1.47495,64.7078,26.1838,8.79017,8.60341,6.84538,5.96636,5.08734,4.20833,3.32931,2.714,2.45029,1.57127,0.692257,-0.186761,0.0469849,0.0305761,12.7061,8.93849,0.272444,0.727426,8.30679,6.51909,5.62524,4.73139,3.83754,2.9437,2.318,2.04985,1.156,0.26215,-0.631699,20.7808,True,171,4557.3,N-L1-149-225
700,CG6-0640,2026-01-18,1,172,field,CG6-0640|2026-01-18|L1|S172,2026-01-18 12:02:45,2026-01-18 12:02:45,2026-01-18 12:02:45.000,1,1,3366.26,,,0.002,24.7642,34.8,321,0,,,True,SINGLE_READING;,3,day3,MATCHED,D3:kml:1-172,1-172,1-172,results.zip/day3.kml,kml_only,6.16602,150.087,1-171,True,24.7641,34.7999,324.232,,0,324.232,0.15,12.4579,311.774,311.541,0.233206,13740,34544.8,False,3407.03,0.00787051,INTERPOLATED,676,714,-40.7616,0.00812065,0,True,1,-40.7616,211.885,-1.55266,65.401,26.1921,8.88435,8.42335,6.64648,5.75805,4.86961,3.98118,3.09274,2.47084,2.2043,1.31587,0.427435,-0.461,0.0469969,0.0305944,12.8024,9.03485,0.27026,0.721594,8.12236,6.31539,5.4119,4.50842,3.60493,2.70145,2.06901,1.79796,0.894478,-0.00900637,-0.912491,20.9109,True,172,4713.53,N-L1-149-225
701,CG6-0640,2026-01-18,1,173,field,CG6-0640|2026-01-18|L1|S173,2026-01-18 12:08:13,2026-01-18 12:08:13,2026-01-18 12:08:13.000,1,1,3365.28,,,0.0019,24.7625,34.7986,320.4,0,,,True,SINGLE_READING;,3,day3,MATCHED,D3:wor:1-173,1-173,1-173,results.zip/day3.xlsx,workbook,6.80373,190.815,1-174,True,24.7624,34.7986,326.949,,0,326.949,0.15,12.4623,314.487,314.334,0.15234,13905.7,34758.4,False,3407.03,0.00787194,INTERPOLATED,676,714,-41.7464,0.00809799,0,True,1,-41.7464,214.598,-1.66917,66.2382,26.161,8.99808,8.16481,6.36519,5.46539,4.56558,3.66577,2.76596,2.13609,1.86615,0.966344,0.0665359,-0.833272,0.046993,0.0305884,12.9098,9.14218,0.276661,0.738684,7.87662,6.04818,5.13396,4.21975,3.30553,2.39131,1.75136,1.47709,0.562875,-0.351343,-1.26556,21.1014,True,173,4944.52,N-L1-149-225
702,CG6-0640,2026-01-18,1,174,field,CG6-0640|2026-01-18|L1|S174,2026-01-18 12:12:02,2026-01-18 12:12:02,2026-01-18 12:12:02.000,1,1,3364.85,,,0.0019,24.7612,34.7975,316.7,0,,,True,SINGLE_READING;,3,day3,MATCHED,D3:wor:1-174,1-174,1-174,results.zip/day3.xlsx,workbook,7.06026,177.024,1-173,True,24.7612,34.7974,328.805,,0,328.805,0.15,12.4663,316.339,316.28,0.0583595,14050.4,34921.9,False,3407.03,0.007873,INTERPOLATED,676,714,-42.1748,0.00809902,0,True,1,-42.1748,216.45,-1.75562,66.8098,26.3906,9.07574,8.23912,6.42397,5.5164,4.60883,3.70125,2.79368,2.15838,1.8861,0.97853,0.0709562,-0.836618,0.0469932,0.0305887,12.9842,9.21659,0.279903,0.74734,7.95741,6.11409,5.19243,4.27078,3.34912,2.42746,1.7823,1.5058,0.584138,-0.337521,-1.25918,21.2626,True,174,5128.56,N-L1-149-225
703,CG6-0640,2026-01-18,1,175,field,CG6-0640|2026-01-18|L1|S175,2026-01-18 12:15:58,2026-01-18 12:15:58,2026-01-18 12:15:58.000,1,1,3364.1,,,0.0018,24.7598,34.7964,323.9,0,,,True,SINGLE_READING;,3,day3,MATCHED,D3:wor:1-175,1-175,1-175,results.zip/day3.xlsx,workbook,3.57971,191.795,1-174,True,24.7597,34.7963,331.677,,0,331.677,0.15,12.4699,319.207,318.967,0.240392,14193.2,35108.2,False,3407.03,0.00787413,INTERPOLATED,676,714,-42.9264,0.00807725,0,True,1,-42.9264,219.318,-1.85505,67.6951,26.6238,9.19601,8.2318,6.3926,5.473,4.5534,3.63379,2.71419,2.07047,1.79459,0.874991,-0.0446101,-0.964211,0.0469894,0.030583,13.1003,9.33274,0.284024,0.758345,7.95833,6.09179,5.15851,4.22524,3.29196,2.35869,1.7054,1.42541,0.49214,-0.441135,-1.37441,21.4229,True,175,5323.62,N-L1-149-225
704,CG6-0640,2026-01-18,1,176,field,CG6-0640|2026-01-18|L1|S176,2026-01-18 12:20:27,2026-01-18 12:20:27,2026-01-18 12:20:27.000,1,1,3363.43,,,0.0016,24.759,34.7945,322.7,0,,,True,SINGLE_READING;,3,day3,MATCHED,D3:wor:1-176,1-176,1-176,results.zip/day3.xlsx,workbook,6.84986,199.301,1-175,True,24.759,34.7945,333.785,,0,333.785,0.15,12.476,321.309,321.268,0.0413189,14392.1,35230.7,False,3407.03,0.00787548,INTERPOLATED,676,714,-43.5964,0.00803636,0,True,1,-43.5964,221.42,-1.90796,68.3439,26.6554,9.28414,8.08712,6.23029,5.30188,4.37347,3.44505,2.51664,1.86675,1.58822,0.659809,-0.268605,-1.19702,0.0469824,0.0305722,13.1723,9.40471,0.300183,0.801489,7.84597,5.96503,5.02456,4.08409,3.14362,2.20315,1.54482,1.26267,0.322203,-0.618268,-1.55874,21.626,True,176,5527.21,N-L1-149-225
705,CG6-0640,2026-01-18,1,177,field,CG6-0640|2026-01-18|L1|S177,2026-01-18 12:24:43,2026-01-18 12:24:43,2026-01-18 12:24:43.000,1,1,3362.61,,,0.0024,24.7577,34.7932,320.3,0,,,True,SINGLE_READING;,3,day3,MATCHED,D3:wor:1-177,1-177,1-177,results.zip/day3.xlsx,workbook,5.04374,190.805,1-176,True,24.7577,34.7932,336.126,,0,336.126,0.15,12.4804,323.646,323.585,0.0608962,14554.2,35402.9,False,3407.03,0.00787681,INTERPOLATED,676,714,-44.4162,0.00823433,0,True,1,-44.4162,223.757,-1.99601,69.0651,26.6449,9.38212,7.88068,6.00426,5.06605,4.12783,3.18962,2.25141,1.59466,1.3132,0.374988,-0.563223,-1.50144,0.0470167,0.0306248,13.2398,9.47216,0.330709,0.882993,7.70059,5.80615,4.85894,3.91172,2.9645,2.01729,1.35424,1.07007,0.122854,-0.824362,-1.77158,21.8021,True,177,5722.54,N-L1-149-225
706,CG6-0640,2026-01-18,1,178,field,CG6-0640|2026-01-18|L1|S178,2026-01-18 12:29:09,2026-01-18 12:29:09,2026-01-18 12:29:09.000,1,1,3362.09,,,0.0011,24.7561,34.7922,317.4,0,,,True,SINGLE_READING;,3,day3,MATCHED,D3:wor:1-178,1-178,1-178,results.zip/day3.xlsx,workbook,11.1006,173.774,1-179,True,24.756,34.7922,339.439,,0,339.439,0.15,12.4837,326.955,326.256,0.69897,14692,35598.9,False,3407.03,0.00787826,INTERPOLATED,676,714,-44.9393,0.00795469,0,True,1,-44.9393,227.066,-2.10869,70.0866,27.256,9.52089,8.21421,6.31003,5.35794,4.40585,3.45376,2.50167,1.83521,1.54959,0.597496,-0.354593,-1.30668,0.0469685,0.0305508,13.3201,9.55253,0.389122,1.03896,8.15094,6.24043,5.28518,4.32993,3.37468,2.41942,1.75075,1.46417,0.508918,-0.446335,-1.40159,21.9648,True,178,5932.14,N-L1-149-225
707,CG6-0640,2026-01-18,1,179,field,CG6-0640|2026-01-18|L1|S179,2026-01-18 12:34:30,2026-01-18 12:34:30,2026-01-18 12:34:30.000,1,1,3362.32,,,0.0017,24.7547,34.7926,321.4,0,,,True,SINGLE_READING;,3,day3,MATCHED,D3:wor:1-179,1-179,1-179,results.zip/day3.xlsx,workbook,7.36167,159.051,1-178,True,24.7546,34.7926,340.765,,0,340.765,0.15,12.482,328.283,328.385,-0.101959,14689.3,35746.2,False,3407.03,0.00788009,INTERPOLATED,676,714,-44.7035,0.00806138,0,True,1,-44.7035,228.394,-2.2068,70.4964,27.9996,9.57656,8.8465,6.93118,5.97353,5.01587,4.05821,3.10056,2.4302,2.1429,1.18525,0.227591,-0.730066,0.0469867,0.0305788,13.4207,9.65312,0.344201,0.919018,8.69338,6.76276,5.79745,4.83214,3.86683,2.90151,2.2258,1.9362,0.970891,0.00557973,-0.959732,21.9831,True,179,6097.1,N-L1-149-225
708,CG6-0640,2026-01-18,1,180,field,CG6-0640|2026-01-18|L1|S180,2026-01-18 12:39:22,2026-01-18 12:39:22,2026-01-18 12:39:22.000,1,1,3361.71,,,0.0012,24.7531,34.7936,328.6,0,,,True,SINGLE_READING;,3,day3,MATCHED,D3:kml:1-180,1-180,1-180,results.zip/day3.kml,kml_only,13.2006,164.849,1-181,True,24.753,34.7935,344.977,,0,344.977,0.15,12.4788,332.498,332.108,0.389656,14641.6,35897.6,False,3407.03,0.00788183,INTERPOLATED,676,714,-45.3155,0.00797266,0,True,1,-45.3155,232.609,-2.32079,71.7973,28.8026,9.7533,9.29602,7.34536,6.37003,5.3947,4.41937,3.44404,2.76131,2.46871,1.49338,0.518049,-0.457281,0.0469716,0.0305555,13.6098,9.84221,0.331853,0.886047,9.11821,7.14977,6.16555,5.18133,4.19711,3.21289,2.52394,2.22867,1.24445,0.260228,-0.723993,21.9671,True,180,6304.04,N-L1-149-225
709,CG6-0640,2026-01-18,1,181,field,CG6-0640|2026-01-18|L1|S181,2026-01-18 12:43:51,2026-01-18 12:43:51,2026-01-18 12:43:51.000,1,1,3360.93,,,0.0035,24.7532,34.7919,327.7,0,,,True,SINGLE_READING;,3,day3,MATCHED,D3:wor:1-181,1-181,1-181,results.zip/day3.xlsx,workbook,7.05473,160.89,1-180,True,24.7531,34.7919,346.672,,0,346.672,0.15,12.4841,334.188,334.272,-0.0842768,14796.8,35924.6,False,3407.03,0.0078835,INTERPOLATED,676,714,-46.0989,0.00862551,0,True,1,-46.0989,234.299,-2.30986,72.3189,28.5298,9.82416,8.8815,6.91667,5.93425,4.95184,3.96942,2.98701,2.29932,2.00459,1.02218,0.0397615,-0.942654,0.0470868,0.0307323,13.7025,9.93494,0.309974,0.827632,8.65994,6.67295,5.67945,4.68596,3.69247,2.69897,2.00353,1.70548,0.711986,-0.281508,-1.275,22.1081,True,181,6465.08,N-L1-149-225
710,CG6-0640,2026-01-18,1,182,field,CG6-0640|2026-01-18|L1|S182,2026-01-18 12:47:12,2026-01-18 12:47:12,2026-01-18 12:47:12.000,1,1,3359.99,,,0.0063,24.7544,34.7905,332.2,0,,,True,SINGLE_READING;,3,day3,MATCHED,D3:wor:1-182,1-182,1-182,results.zip/day3.xlsx,workbook,11.9035,194.29,1-183,True,24.7543,34.7904,349.267,,0,349.267,0.15,12.4887,336.778,336.777,0.00112393,14906.1,35825.4,False,3407.03,0.00788478,INTERPOLATED,676,714,-47.0374,0.0100926,0,True,1,-47.0374,236.889,-2.22647,73.1184,28.3074,9.93277,8.4419,6.45535,5.46207,4.46879,3.47551,2.48224,1.78694,1.48896,0.495683,-0.497594,-1.49087,0.0473775,0.0311759,13.7989,10.0313,0.322213,0.860309,8.24481,6.23855,5.23542,4.23229,3.22915,2.22602,1.52383,1.22289,0.219761,-0.783371,-1.7865,22.1971,True,182,6667.92,N-L1-149-225
711,CG6-0640,2026-01-18,1,183,field,CG6-0640|2026-01-18|L1|S183,2026-01-18 12:50:53,2026-01-18 12:50:53,2026-01-18 12:50:53.000,1,1,3358.86,,,0.0071,24.7552,34.7887,336.4,0,,STDDEV_GT_0.050,True,SINGLE_READING;,3,day3,MATCHED,D3:wor:1-183,1-183,1-183,results.zip/day3.xlsx,workbook,12.1735,196.798,1-182,True,24.7551,34.7887,351.757,,0,351.757,0.15,12.4939,339.263,339.213,0.0501919,15054.8,35784.2,False,3407.03,0.00788623,INTERPOLATED,676,714,-48.1608,0.0106114,0,True,1,-48.1608,239.374,-2.17275,73.8853,27.8973,10.037,7.82338,5.81599,4.81229,3.8086,2.8049,1.80121,1.09862,0.797511,-0.206185,-1.20988,-2.21358,0.0474907,0.0313477,13.8343,10.0667,0.390973,1.0439,7.76381,5.75047,4.74379,3.73712,2.73044,1.72377,1.0191,0.717094,-0.28958,-1.29625,-2.30293,22.3271,True,183,6863.22,N-L1-149-225
712,CG6-0640,2026-01-18,1,184,field,CG6-0640|2026-01-18|L1|S184,2026-01-18 13:03:12,2026-01-18 13:03:12,2026-01-18 13:03:12.000,1,1,3357.63,,,0.0023,24.7551,34.7867,342,0,,,True,SINGLE_READING;,3,day3,MATCHED,D3:wor:1-184,1-184,1-184,results.zip/day3.xlsx,workbook,10.594,201.703,1-183,True,24.755,34.7867,354.712,,0,354.712,0.15,12.4998,342.212,342.086,0.126507,15257.7,35846.2,False,3407.03,0.00789138,INTERPOLATED,676,714,-49.4004,0.00821973,0,True,1,-49.4004,242.323,-2.17818,74.7955,27.5733,10.1606,7.2521,5.21998,4.20392,3.18786,2.17179,1.15573,0.44449,0.139672,-0.876389,-1.89245,-2.90851,0.0470141,0.0306209,14.0237,10.2561,0.325293,0.868534,7.06118,5.00996,3.98435,2.95874,1.93314,0.907528,0.189603,-0.118079,-1.14369,-2.16929,-3.1949,22.5214,True,184,7068.84,N-L1-149-225
713,CG6-0640,2026-01-18,1,185,field,CG6-0640|2026-01-18|L1|S185,2026-01-18 13:07:20,2026-01-18 13:07:20,2026-01-18 13:07:20.000,1,1,3356.5,,,0.0022,24.7554,34.7846,346,0,,,True,SINGLE_READING;,3,day3,MATCHED,D3:wor:1-185,1-185,1-185,results.zip/day3.xlsx,workbook,16.416,212.066,1-184,True,24.7553,34.7846,357.418,,0,357.418,0.15,12.506,344.912,344.917,-0.00479907,15456.9,35871.2,False,3407.03,0.00789321,INTERPOLATED,676,714,-50.5239,0.00819407,0,True,1,-50.5239,245.023,-2.16256,75.6288,27.2675,10.2738,6.71987,4.6651,3.63772,2.61034,1.58296,0.555575,-0.163592,-0.471807,-1.49919,-2.52657,-3.55395,0.0470096,0.030614,14.1456,10.378,0.316582,0.845273,6.51151,4.43592,3.39812,2.36032,1.32252,0.284719,-0.44174,-0.75308,-1.79088,-2.82868,-3.86648,22.7114,True,185,7284.08,N-L1-149-225
718,CG6-0640,2026-01-19,1,186,field,CG6-0640|2026-01-19|L1|S186,2026-01-19 10:01:59,2026-01-19 10:01:59,2026-01-19 10:01:59.000,1,1,3361.69,,,0.0021,24.753,34.7935,325.3,0,,,True,SINGLE_READING;,4,day4,MATCHED,D4:wor:1-186,1-186,1-186,results.zip/day4.xlsx,workbook,5.71498,182.433,1-187,True,24.7529,34.7935,344.744,,0,344.744,0.15,12.4787,332.265,332.187,0.0784911,14646.1,35908.1,False,3407.01,0.00794123,INTERPOLATED,717,771,-45.3233,0.00821421,0,True,1,-45.3233,232.376,-2.32308,71.7255,28.7253,9.74354,9.23821,7.2895,6.31515,5.34079,4.36644,3.39208,2.71004,2.41773,1.44338,0.469022,-0.505332,0.0470132,0.0306194,13.5979,9.83032,0.333977,0.89172,9.06465,7.09859,6.11555,5.13252,4.14949,3.16646,2.47834,2.18343,1.20039,0.217362,-0.765671,21.9662,True,186,8228.47,N-L1-149-225
719,CG6-0640,2026-01-19,1,187,field,CG6-0640|2026-01-19|L1|S187,2026-01-19 10:09:52,2026-01-19 10:09:52,2026-01-19 10:09:52.000,1,1,3361.35,,,0.0027,24.7517,34.7946,341.8,0,,,True,SINGLE_READING;,4,day4,MATCHED,D4:wor:1-187,1-187,1-187,results.zip/day4.xlsx,workbook,6.78959,174.576,1-186,True,24.7516,34.7945,346.691,,0,346.691,0.15,12.4752,334.216,334.523,-0.306904,14584.5,36025.8,False,3407.01,0.00793662,INTERPOLATED,717,771,-45.656,0.00838331,0,True,1,-45.656,234.327,-2.41346,72.3275,29.0849,9.82533,9.43427,7.46921,6.48667,5.50414,4.52161,3.53908,2.8513,2.55654,1.57401,0.591478,-0.391054,0.047043,0.0306652,13.6352,9.86759,0.37849,1.01057,9.34974,7.37622,6.38946,5.4027,4.41594,3.42918,2.73845,2.44242,1.45566,0.468903,-0.517856,21.9301,True,187,8406.33,N-L1-149-225
720,CG6-0640,2026-01-19,1,188,field,CG6-0640|2026-01-19|L1|S188,2026-01-19 10:13:12,2026-01-19 10:13:12,2026-01-19 10:13:12.000,1,1,3360.22,,,0.0019,24.7494,34.7947,349.5,0,,,True,SINGLE_READING;,4,day4,MATCHED,D4:wor:1-188,1-188,1-188,results.zip/day4.xlsx,workbook,4.17722,241.498,1-187,True,24.7494,34.7947,350.386,,0,350.386,0.15,12.4742,337.912,338.103,-0.190769,14639.8,36263,False,3407.01,0.00793471,INTERPOLATED,717,771,-46.7888,0.00815902,0,True,1,-46.7888,238.023,-2.5645,73.4682,29.2439,9.9803,9.28331,7.28725,6.28922,5.29119,4.29316,3.29513,2.59651,2.2971,1.29907,0.301043,-0.696987,0.0470036,0.0306047,13.8012,10.0336,0.367417,0.981003,9.17663,7.1699,6.16654,5.16318,4.15981,3.15645,2.45409,2.15308,1.14972,0.146357,-0.857007,22.014,True,188,8651.49,N-L1-149-225
721,CG6-0640,2026-01-19,1,189,field,CG6-0640|2026-01-19|L1|S189,2026-01-19 10:18:00,2026-01-19 10:18:00,2026-01-19 10:18:00.000,1,1,3358.88,,,0.0015,24.7475,34.7926,345.6,0,,,True,SINGLE_READING;,4,day4,MATCHED,D4:kml:1-189,1-189,1-189,results.zip/day4.kml,kml_only,8.71675,285.49,1-190,True,24.7474,34.7926,355.004,,0,355.004,0.15,12.4802,342.524,342.55,-0.0258936,14905.7,36522.8,False,3407.01,0.00793202,INTERPOLATED,717,771,-48.1246,0.0080726,0,True,1,-48.1246,242.635,-2.70015,74.8918,29.4674,10.1737,9.11999,7.08525,6.06788,5.05051,4.03314,3.01577,2.30362,1.99841,0.981037,-0.0363311,-1.0537,0.0469886,0.0305817,14.0423,10.2747,0.319755,0.853746,8.91798,6.86304,5.83558,4.80811,3.78064,2.75317,2.03394,1.7257,0.698232,-0.329236,-1.35671,22.3,True,189,8959.34,N-L1-149-225
722,CG6-0640,2026-01-19,1,190,field,CG6-0640|2026-01-19|L1|S190,2026-01-19 10:22:41,2026-01-19 10:22:41,2026-01-19 10:22:41.000,1,1,3357.65,,,0.0023,24.7457,34.7907,346.4,0,,,True,SINGLE_READING;,4,day4,MATCHED,D4:wor:1-190,1-190,1-190,results.zip/day4.xlsx,workbook,9.08828,213.513,1-191,True,24.7457,34.7906,358.853,,0,358.853,0.15,12.4851,346.368,346.652,-0.284439,15150,36759.8,False,3407.01,0.00792944,INTERPOLATED,717,771,-49.3584,0.00825627,0,True,1,-49.3584,246.479,-2.82172,76.0782,29.5415,10.3349,8.87177,6.8048,5.77131,4.73783,3.70434,2.67085,1.94741,1.63737,0.603881,-0.429606,-1.46309,0.0470205,0.0306307,14.1886,10.421,0.334619,0.893432,8.69949,6.61529,5.57319,4.53109,3.48899,2.44689,1.71742,1.40479,0.362694,-0.679406,-1.72151,22.5582,True,190,9236.28,N-L1-149-225
723,CG6-0640,2026-01-19,1,191,field,CG6-0640|2026-01-19|L1|S191,2026-01-19 10:26:03,2026-01-19 10:26:03,2026-01-19 10:26:03.000,1,1,3357.02,,,0.0027,24.7443,34.7894,349.5,0,,,True,SINGLE_READING;,4,day4,MATCHED,D4:wor:1-191,1-191,1-191,results.zip/day4.xlsx,workbook,8.88011,196.743,1-190,True,24.7442,34.7894,361.58,,0,361.58,0.15,12.4878,349.092,349.036,0.0562281,15323.1,36945.3,False,3407.01,0.00792762,INTERPOLATED,717,771,-49.9917,0.00837479,0,True,1,-49.9917,249.203,-2.92028,76.919,29.8476,10.4491,8.94945,6.85963,5.81472,4.76982,3.72491,2.68,1.94856,1.63509,0.590179,-0.45473,-1.49964,0.0470415,0.0306629,14.2704,10.5028,0.367074,0.980088,8.84209,6.74153,5.69125,4.64098,3.5907,2.54042,1.80523,1.49015,0.439868,-0.61041,-1.66069,22.7404,True,191,9440.77,N-L1-149-225
724,CG6-0640,2026-01-19,1,192,field,CG6-0640|2026-01-19|L1|S192,2026-01-19 10:29:23,2026-01-19 10:29:23,2026-01-19 10:29:23.000,1,1,3355.93,,,0.0015,24.743,34.788,354.9,0,,,True,SINGLE_READING;,4,day4,MATCHED,D4:wor:1-192,1-192,1-192,results.zip/day4.xlsx,workbook,5.838,192.354,1-191,True,24.743,34.788,364.26,,0,364.26,0.15,12.491,351.769,351.833,-0.0640209,15500.8,37116.7,False,3407.01,0.00792584,INTERPOLATED,717,771,-51.0793,0.00806654,0,True,1,-51.0793,251.88,-3.00576,77.7452,29.6717,10.5613,8.54903,6.43676,5.38063,4.32449,3.26836,2.21223,1.47293,1.15609,0.099961,-0.956172,-2.01231,0.0469876,0.0305801,14.3134,10.5458,0.436292,1.1649,8.5801,6.47094,5.41636,4.36178,3.3072,2.25262,1.51441,1.19804,0.14346,-0.91112,-1.9657,22.9259,True,192,9638.19,N-L1-149-225
725,CG6-0640,2026-01-19,1,193,field,CG6-0640|2026-01-19|L1|S193,2026-01-19 10:33:13,2026-01-19 10:33:13,2026-01-19 10:33:13.000,1,1,3354.67,,,0.0019,24.7408,34.7871,361.1,0,,,True,SINGLE_READING;,4,day4,MATCHED,D4:wor:1-193,1-193,1-193,results.zip/day4.xlsx,workbook,9.43794,259.461,1-192,True,24.7407,34.7871,368.201,,0,368.201,0.15,12.4921,355.709,355.827,-0.118176,15665.9,37380.7,False,3407.01,0.00792384,INTERPOLATED,717,771,-52.3435,0.00814845,0,True,1,-52.3435,255.82,-3.16194,78.9612,29.7796,10.7265,8.32658,6.18128,5.10862,4.03597,2.96332,1.89066,1.13981,0.818011,-0.254642,-1.3273,-2.39995,0.0470017,0.0306018,14.4665,10.6989,0.448374,1.19716,8.38182,6.24203,5.17214,4.10225,3.03236,1.96247,1.21354,0.892577,-0.177314,-1.24721,-2.3171,23.1148,True,193,9907.06,N-L1-149-225
726,CG6-0640,2026-01-19,1,194,field,CG6-0640|2026-01-19|L1|S194,2026-01-19 10:37:49,2026-01-19 10:37:49,2026-01-19 10:37:49.000,1,1,3353.34,,,0.0014,24.7384,34.7895,366.5,0,,,True,SINGLE_READING;,4,day4,MATCHED,D4:kml:1-194,1-194,1-194,results.zip/day4.kml,kml_only,7.3024,265.898,1-195,True,24.7383,34.7894,373.508,,0,373.508,0.15,12.4841,361.024,361.321,-0.296997,15528.3,37580.8,False,3407.01,0.00792148,INTERPOLATED,717,771,-53.6654,0.00804424,0,True,1,-53.6654,261.135,-3.32413,80.6018,30.2605,10.9494,8.36164,6.17176,5.07682,3.98188,2.88694,1.792,1.02554,0.697058,-0.397883,-1.49282,-2.58776,0.0469838,0.0305743,14.7752,11.0076,0.362566,0.968051,8.24526,6.04374,4.94298,3.84222,2.74146,1.6407,0.87017,0.539942,-0.560818,-1.66158,-2.76234,23.0119,True,194,10262.9,N-L1-149-225
727,CG6-0640,2026-01-19,1,195,field,CG6-0640|2026-01-19|L1|S195,2026-01-19 10:41:52,2026-01-19 10:41:52,2026-01-19 10:41:52.000,1,1,3352.45,,,0.0022,24.7361,34.79,374.2,0,,,True,SINGLE_READING;,4,day4,MATCHED,D4:wor:1-195,1-195,1-195,results.zip/day4.xlsx,workbook,10.7164,214.452,1-196,True,24.736,34.7899,376.848,,0,376.848,0.15,12.4815,364.366,364.753,-0.386996,15573.1,37814.9,False,3407.01,0.00791944,INTERPOLATED,717,771,-54.5621,0.00821934,0,True,1,-54.5621,264.478,-3.48213,81.6333,30.5533,11.0895,8.37423,6.15632,5.04736,3.93841,2.82945,1.7205,0.944232,0.611546,-0.497409,-1.60636,-2.71532,0.0470141,0.0306208,14.9468,11.1792,0.331112,0.884069,8.19494,5.9591,4.84118,3.72326,2.60534,1.48742,0.70488,0.369505,-0.748414,-1.86633,-2.98425,23.0829,True,195,10523.4,N-L1-149-225
729,CG6-0640,2026-01-19,1,197,field,CG6-0640|2026-01-19|L1|S197,2026-01-19 10:49:03,2026-01-19 10:49:03,2026-01-19 10:49:03.000,1,1,3350.22,,,0.0015,24.7325,34.7899,371.8,0,,,True,SINGLE_READING;,4,day4,MATCHED,D4:wor:1-197,1-197,1-197,results.zip/day4.xlsx,workbook,6.81319,193.363,1-196,True,24.7325,34.7899,382.2,,0,382.2,0.15,12.4796,369.72,370.422,-0.701513,15726.6,38207.4,False,3407.01,0.00791593,INTERPOLATED,717,771,-56.787,0.00805679,0,True,1,-56.787,269.831,-3.72619,83.2857,30.2249,11.314,7.59685,5.33404,4.20264,3.07123,1.93983,0.808427,0.0164446,-0.322976,-1.45438,-2.58578,-3.71719,0.0469859,0.0305776,15.1701,11.4025,0.332286,0.887204,7.4199,5.1394,3.99915,2.8589,1.71865,0.578403,-0.219772,-0.561848,-1.7021,-2.84235,-3.9826,23.2677,True,197,10919.1,N-L1-149-225
730,CG6-0640,2026-01-19,1,198,field,CG6-0640|2026-01-19|L1|S198,2026-01-19 10:52:45,2026-01-19 10:52:45,2026-01-19 10:52:45.000,1,1,3349.45,,,0.0021,24.7307,34.7895,369.2,0,,,True,SINGLE_READING;,4,day4,MATCHED,D4:wor:1-198,1-198,1-198,results.zip/day4.xlsx,workbook,9.55891,195.644,1-197,True,24.7307,34.7894,385.175,,0,385.175,0.15,12.4797,372.695,373.107,-0.41165,15841.5,38407,False,3407.01,0.00791417,INTERPOLATED,717,771,-57.5563,0.00818804,0,True,1,-57.5563,272.806,-3.84836,84.2039,30.4959,11.4388,7.61838,5.33062,4.18675,3.04287,1.89899,0.755115,-0.0455986,-0.388762,-1.53264,-2.67652,-3.82039,0.0470086,0.0306124,15.3072,11.5396,0.319935,0.854226,7.41673,5.10881,3.95485,2.8009,1.64694,0.492978,-0.314794,-0.660982,-1.81494,-2.9689,-4.12286,23.3984,True,198,11121.9,N-L1-149-225
731,CG6-0640,2026-01-19,1,199,field,CG6-0640|2026-01-19|L1|S199,2026-01-19 10:59:58,2026-01-19 10:59:58,2026-01-19 10:59:58.000,1,1,3347.78,,,0.0021,24.7274,34.7893,385.7,0,,,True,SINGLE_READING;,4,day4,MATCHED,D4:wor:1-199,1-199,1-199,results.zip/day4.xlsx,workbook,6.43381,210.33,1-200,True,24.7273,34.7892,390.963,,0,390.963,0.15,12.4782,378.485,378.833,-0.34856,16013.4,38776.2,False,3407.01,0.00791083,INTERPOLATED,717,771,-59.2256,0.00818482,0,True,1,-59.2256,278.596,-4.07869,85.9908,30.8439,11.6815,7.48082,5.14451,3.97636,2.80821,1.64006,0.471904,-0.345802,-0.696248,-1.8644,-3.03255,-4.2007,0.047008,0.0306115,15.5287,11.7611,0.34118,0.91095,7.32166,4.96944,3.79333,2.61722,1.44111,0.265004,-0.558273,-0.911106,-2.08722,-3.26333,-4.43944,23.5921,True,199,11495.8,N-L1-149-225
732,CG6-0640,2026-01-19,1,200,field,CG6-0640|2026-01-19|L1|S200,2026-01-19 11:05:54,2026-01-19 11:05:54,2026-01-19 11:05:54.000,1,1,3346.7,,,0.0023,24.7256,34.79,379.2,0,,,True,SINGLE_READING;,4,day4,MATCHED,D4:wor:1-200,1-200,1-200,results.zip/day4.xlsx,workbook,6.82452,201.427,1-199,True,24.7256,34.79,394.293,,0,394.293,0.15,12.4754,381.818,381.609,0.208283,16029.6,38947.3,False,3407.01,0.00790818,INTERPOLATED,717,771,-60.3074,0.00823586,0,True,1,-60.3074,281.929,-4.19806,87.0194,30.9101,11.8213,7.26752,4.90327,3.72114,2.53901,1.35688,0.174757,-0.652731,-1.00737,-2.1895,-3.37162,-4.55375,0.0470169,0.0306252,15.639,11.8714,0.370588,0.989469,7.16718,4.79289,3.60575,2.41861,1.23146,0.0443176,-0.786683,-1.14283,-2.32997,-3.51711,-4.70426,23.6223,True,200,11702.4,N-L1-149-225
733,CG6-0640,2026-01-19,1,201,field,CG6-0640|2026-01-19|L1|S201,2026-01-19 11:10:27,2026-01-19 11:10:27,2026-01-19 11:10:27.000,1,1,3345.75,,,0.0012,24.7236,34.7891,389.4,0,,,True,SINGLE_READING;,4,day4,MATCHED,D4:wor:1-201,1-201,1-201,results.zip/day4.xlsx,workbook,5.57554,231.293,1-200,True,24.7236,34.7891,397.303,,0,397.303,0.15,12.4764,384.827,385.396,-0.568943,16200.7,39183.4,False,3407.01,0.00790621,INTERPOLATED,717,771,-61.2621,0.00799676,0,True,1,-61.2621,284.938,-4.33286,87.9481,31.0189,11.9474,7.12402,4.73453,3.53979,2.34504,1.1503,-0.044442,-0.880762,-1.23919,-2.43393,-3.62867,-4.82342,0.0469757,0.0305618,15.7571,11.9895,0.378713,1.01116,7.03993,4.64203,3.44309,2.24414,1.04519,-0.153757,-0.993021,-1.3527,-2.55165,-3.7506,-4.94955,23.8048,True,201,11937.5,N-L1-149-225
734,CG6-0640,2026-01-19,1,202,field,CG6-0640|2026-01-19|L1|S202,2026-01-19 11:15:08,2026-01-19 11:15:08,2026-01-19 11:15:08.000,1,1,3344.11,,,0.0018,24.7233,34.7854,393.8,0,,,True,SINGLE_READING;,4,day4,MATCHED,D4:kml:1-202,1-202,1-202,results.zip/day4.kml,kml_only,6.56361,223.074,1-203,True,24.7232,34.7854,403.157,,0,403.157,0.15,12.4856,390.671,391.142,-0.470433,16559.3,39313,False,3407.01,0.00790424,INTERPOLATED,717,771,-62.9006,0.0081066,0,True,1,-62.9006,290.782,-4.36221,89.7519,31.2136,12.1925,6.8286,4.3901,3.17085,1.9516,0.732351,-0.486899,-1.34037,-1.70615,-2.9254,-4.14465,-5.3639,0.0469945,0.0305907,15.9284,12.1608,0.452417,1.20795,6.89192,4.45975,3.24367,2.02759,0.811502,-0.404582,-1.25584,-1.62067,-2.83675,-4.05283,-5.26892,24.1535,True,202,12314,N-L1-149-225
735,CG6-0640,2026-01-19,1,203,field,CG6-0640|2026-01-19|L1|S203,2026-01-19 11:18:21,2026-01-19 11:18:21,2026-01-19 11:18:21.000,1,1,3343.12,,,0.0025,24.7222,34.7836,396.5,0,,,True,SINGLE_READING;,4,day4,MATCHED,D4:wor:1-203,1-203,1-203,results.zip/day4.xlsx,workbook,3.09918,214.961,1-202,True,24.7222,34.7835,407.231,,0,407.231,0.15,12.4898,394.741,395.222,-0.481019,16778.1,39468.8,False,3407.01,0.00790291,INTERPOLATED,717,771,-63.8938,0.00828891,0,True,1,-63.8938,294.852,-4.42968,91.0081,31.544,12.3632,6.81767,4.34504,3.10872,1.87241,0.63609,-0.600226,-1.46565,-1.83654,-3.07286,-4.30917,-5.54549,0.0470263,0.0306395,16.1887,12.4211,0.362838,0.968776,6.70183,4.21761,2.97551,1.7334,0.491292,-0.750816,-1.62029,-1.99292,-3.23503,-4.47714,-5.71925,24.3715,True,203,12532,N-L1-149-225
736,CG6-0640,2026-01-19,1,204,field,CG6-0640|2026-01-19|L1|S204,2026-01-19 11:22:49,2026-01-19 11:22:49,2026-01-19 11:22:49.000,1,1,3341.3,,,0.0015,24.7199,34.7832,417.6,0,,,True,SINGLE_READING;,4,day4,MATCHED,D4:wor:1-204,1-204,1-204,results.zip/day4.xlsx,workbook,9.1579,237.074,1-205,True,24.7198,34.7832,413.271,,0,413.271,0.15,12.4892,400.782,400.737,0.0452583,16923.7,39727.6,False,3407.01,0.00790111,INTERPOLATED,717,771,-65.7122,0.00804224,0,True,1,-65.7122,300.893,-4.59288,92.8725,31.7531,12.6164,6.52026,3.99697,2.73533,1.47369,0.212043,-1.0496,-1.93275,-2.31124,-3.57289,-4.83453,-6.09618,0.0469834,0.0305737,16.4352,12.6677,0.369535,0.986657,6.41782,3.88429,2.61752,1.35075,0.0839875,-1.18278,-2.06951,-2.44954,-3.71631,-4.98308,-6.24984,24.5343,True,204,12799.3,N-L1-149-225
737,CG6-0640,2026-01-19,1,205,field,CG6-0640|2026-01-19|L1|S205,2026-01-19 11:28:38,2026-01-19 11:28:38,2026-01-19 11:28:38.000,1,1,3340.24,,,0.0019,24.7182,34.7845,406.8,0,,,True,SINGLE_READING;,4,day4,MATCHED,D4:wor:1-205,1-205,1-205,results.zip/day4.xlsx,workbook,8.22131,219.403,1-206,True,24.7181,34.7845,417.084,,0,417.084,0.15,12.4848,404.599,404.442,0.157321,16888.9,39881.6,False,3407.01,0.00789884,INTERPOLATED,717,771,-66.7708,0.00812414,0,True,1,-66.7708,304.71,-4.7098,94.0506,31.9896,12.7765,6.43659,3.88129,2.60364,1.32599,0.0483432,-1.22931,-2.12366,-2.50696,-3.78461,-5.06226,-6.33991,0.0469975,0.0305954,16.5925,12.8249,0.372315,0.99408,6.33971,3.77472,2.49223,1.20973,-0.0727625,-1.35526,-2.253,-2.63775,-3.92025,-5.20274,-6.48523,24.5141,True,205,13030.7,N-L1-149-225
738,CG6-0640,2026-01-19,1,206,field,CG6-0640|2026-01-19|L1|S206,2026-01-19 11:33:13,2026-01-19 11:33:13,2026-01-19 11:33:13.000,1,1,3338.77,,,0.0011,24.7163,34.7843,410.2,0,,,True,SINGLE_READING;,4,day4,MATCHED,D4:wor:1-206,1-206,1-206,results.zip/day4.xlsx,workbook,5.46823,206.627,1-205,True,24.7162,34.7843,420.256,,0,420.256,0.15,12.4839,407.772,408.112,-0.340047,17002.4,40093.1,False,3407.01,0.00789711,INTERPOLATED,717,771,-68.2409,0.00797336,0,True,1,-68.2409,307.883,-4.84027,95.0299,31.6293,12.9095,5.8102,3.22829,1.93733,0.646379,-0.644575,-1.93553,-2.8392,-3.22648,-4.51744,-5.80839,-7.09934,0.0469717,0.0305557,16.7111,12.9435,0.386783,1.03271,5.74225,3.15354,1.85919,0.564841,-0.72951,-2.02386,-2.92991,-3.31821,-4.61256,-5.90692,-7.20127,24.6336,True,206,13242.8,N-L1-149-225
739,CG6-0640,2026-01-19,1,207,field,CG6-0640|2026-01-19|L1|S207,2026-01-19 11:36:46,2026-01-19 11:36:46,2026-01-19 11:36:46.000,1,1,3337.27,,,0.0014,24.7144,34.7847,416.2,0,,,True,SINGLE_READING;,4,day4,MATCHED,D4:wor:1-207,1-207,1-207,results.zip/day4.xlsx,workbook,10.4752,208.295,1-206,True,24.7143,34.7847,424.645,,0,424.645,0.15,12.4819,412.163,412.945,-0.781851,17069.4,40289.6,False,3407.01,0.00789581,INTERPOLATED,717,771,-69.7401,0.00801897,0,True,1,-69.7401,312.274,-4.97294,96.3851,31.618,13.0937,5.43069,2.81196,1.50259,0.193226,-1.11614,-2.42551,-3.34206,-3.73487,-5.04424,-6.3536,-7.66297,0.0469794,0.0305676,16.8525,13.0849,0.429465,1.14667,5.44811,2.83112,1.52262,0.214126,-1.09437,-2.40286,-3.31881,-3.71136,-5.01985,-6.32835,-7.63684,24.7157,True,207,13460.5,N-L1-149-225
740,CG6-0640,2026-01-19,1,208,field,CG6-0640|2026-01-19|L1|S208,2026-01-19 11:40:16,2026-01-19 11:40:16,2026-01-19 11:40:16.000,1,1,3336.15,,,0.0019,24.7128,34.7859,419.1,0,,,True,SINGLE_READING;,4,day4,MATCHED,D4:wor:1-208,1-208,1-208,results.zip/day4.xlsx,workbook,7.28851,211.765,1-207,True,24.7127,34.7859,428.199,,0,428.199,0.15,12.4778,415.721,415.91,-0.188781,17042.2,40432.5,False,3407.01,0.00789455,INTERPOLATED,717,771,-70.8556,0.00811997,0,True,1,-70.8556,315.832,-5.08017,97.4833,31.7079,13.2428,5.22217,2.5736,1.24932,-0.0749657,-1.39925,-2.72354,-3.65053,-4.04782,-5.3721,-6.69639,-8.02067,0.0469968,0.0305943,16.9975,13.2299,0.433707,1.158,5.24807,2.60209,1.2791,-0.0438855,-1.36688,-2.68987,-3.61596,-4.01285,-5.33584,-6.65883,-7.98182,24.6969,True,208,13676.4,N-L1-149-225
741,CG6-0640,2026-01-19,1,209,field,CG6-0640|2026-01-19|L1|S209,2026-01-19 11:44:00,2026-01-19 11:44:00,2026-01-19 11:44:00.000,1,1,3335.07,,,0.0016,24.7112,34.787,422.5,0,,,True,SINGLE_READING;,4,day4,MATCHED,D4:wor:1-209,1-209,1-209,results.zip/day4.xlsx,workbook,10.4464,205.941,1-208,True,24.7111,34.7869,431.345,,0,431.345,0.15,12.4742,418.871,418.994,-0.123489,17036.4,40584.3,False,3407.01,0.00789325,INTERPOLATED,717,771,-71.9355,0.00805378,0,True,1,-71.9355,318.982,-5.19245,98.4553,31.7122,13.3749,4.96242,2.28744,0.949947,-0.387544,-1.72503,-3.06252,-3.99877,-4.40002,-5.73751,-7.075,-8.41249,0.0469854,0.0305768,17.1008,13.3332,0.462499,1.23487,5.0459,2.37927,1.04595,-0.287363,-1.62068,-2.954,-3.88732,-4.28731,-5.62063,-6.95395,-8.28726,24.7049,True,209,13885.9,N-L1-149-225
742,CG6-0640,2026-01-19,1,210,field,CG6-0640|2026-01-19|L1|S210,2026-01-19 11:48:37,2026-01-19 11:48:37,2026-01-19 11:48:37.000,1,1,3333.36,,,0.0018,24.7091,34.7852,426.7,0,,,True,SINGLE_READING;,4,day4,MATCHED,D4:kml:1-210,1-210,1-210,results.zip/day4.kml,kml_only,5.87599,241.938,1-211,True,24.7091,34.7852,436.525,,0,436.525,0.15,12.4772,424.048,424.372,-0.323225,17304.2,40843.5,False,3407.01,0.00789168,INTERPOLATED,717,771,-73.6535,0.00809436,0,True,1,-73.6535,324.159,-5.32917,100.053,31.729,13.592,4.54495,1.82655,0.467353,-0.891847,-2.25105,-3.61025,-4.56169,-4.96945,-6.32865,-7.68785,-9.04705,0.0469924,0.0305875,17.3192,13.5516,0.461157,1.23129,4.62575,1.91543,0.560272,-0.794888,-2.15005,-3.50521,-4.45382,-4.86037,-6.21553,-7.57069,-8.92585,24.971,True,210,14168.4,N-L1-149-225
743,CG6-0640,2026-01-19,1,211,field,CG6-0640|2026-01-19|L1|S211,2026-01-19 11:53:44,2026-01-19 11:53:44,2026-01-19 11:53:44.000,1,1,3331.75,,,0.0015,24.7076,34.7837,439.4,0,,,True,SINGLE_READING;,4,day4,MATCHED,D4:kml:1-211,1-211,1-211,results.zip/day4.kml,kml_only,7.76747,221.7,1-212,True,24.7075,34.7836,441.557,,0,441.557,0.15,12.4793,429.078,429.078,0.000282072,17528.1,41049.5,False,3407.01,0.00789001,INTERPOLATED,717,771,-75.2633,0.00803133,0,True,1,-75.2633,329.189,-5.43792,101.606,31.7803,13.8029,4.17449,1.41391,0.0336195,-1.34667,-2.72696,-4.10725,-5.07346,-5.48754,-6.86783,-8.24812,-9.62841,0.0469816,0.0305709,17.5537,13.7862,0.437506,1.16814,4.20799,1.45076,0.0721418,-1.30647,-2.68509,-4.06371,-5.02874,-5.44232,-6.82094,-8.19955,-9.57817,25.1988,True,211,14405.2,N-L1-149-225
744,CG6-0640,2026-01-19,1,212,field,CG6-0640|2026-01-19|L1|S212,2026-01-19 12:03:22,2026-01-19 12:03:22,2026-01-19 12:03:22.000,1,1,3330.64,,,0.0033,24.7071,34.7816,436.2,0,,,True,SINGLE_READING;,4,day4,MATCHED,D4:wor:1-212,1-212,1-212,results.zip/day4.xlsx,workbook,8.60624,213.004,1-211,True,24.707,34.7816,444.942,,0,444.942,0.15,12.4836,432.458,434.733,-2.27454,17735.7,41148.7,False,3407.01,0.00788703,INTERPOLATED,717,771,-76.3688,0.00854958,0,True,1,-76.3688,332.569,-5.46994,102.649,31.75,13.9446,3.86075,1.07182,-0.32264,-1.7171,-3.11157,-4.50603,-5.48216,-5.90049,-7.29496,-8.68942,-10.0839,0.0470729,0.0307111,17.6076,13.84,0.525375,1.40275,4.06999,1.30198,-0.0820186,-1.46602,-2.85002,-4.23402,-5.20283,-5.61803,-7.00203,-8.38603,-9.77003,25.4056,True,212,14623.4,N-L1-149-225
745,CG6-0640,2026-01-19,1,213,field,CG6-0640|2026-01-19|L1|S213,2026-01-19 12:07:23,2026-01-19 12:07:23,2026-01-19 12:07:23.000,1,1,3329.21,,,0.0021,24.7062,34.7797,446.5,0,,,True,SINGLE_READING;,4,day4,MATCHED,D4:kml:1-213,1-213,1-213,results.zip/day4.kml,kml_only,2.98061,200.279,1-214,True,24.7062,34.7797,450.412,,0,450.412,0.15,12.4869,437.925,439.02,-1.09533,17953.2,41291.1,False,3407.01,0.00788586,INTERPOLATED,717,771,-77.8002,0.00816068,0,True,1,-77.8002,338.036,-5.52784,104.336,32.0637,14.1739,3.71599,0.881216,-0.536169,-1.95355,-3.37094,-4.78833,-5.7805,-6.20571,-7.6231,-9.04048,-10.4579,0.0470038,0.0306051,17.805,14.0374,0.557224,1.48779,3.98892,1.18144,-0.222296,-1.62603,-3.02977,-4.43351,-5.41613,-5.83725,-7.24099,-8.64473,-10.0485,25.6152,True,213,14834.2,N-L1-149-225
746,CG6-0640,2026-01-19,1,214,field,CG6-0640|2026-01-19|L1|S214,2026-01-19 12:11:29,2026-01-19 12:11:29,2026-01-19 12:11:29.000,1,1,3327.92,,,0.0014,24.707,34.7779,452.6,0,,,True,SINGLE_READING;,4,day4,MATCHED,D4:wor:1-214,1-214,1-214,results.zip/day4.xlsx,workbook,7.07842,202.563,1-213,True,24.7069,34.7778,455.481,,0,455.481,0.15,12.4923,442.989,442.896,0.0922359,18068.5,41252.5,False,3407.01,0.0078847,INTERPOLATED,717,771,-79.0861,0.00800803,0,True,1,-79.0861,343.1,-5.47793,105.899,32.2906,14.3862,3.5183,0.641067,-0.797551,-2.23617,-3.67479,-5.1134,-6.12043,-6.55202,-7.99064,-9.42925,-10.8679,0.0469776,0.0305647,18.0809,14.3133,0.493663,1.31808,3.66411,0.80146,-0.629866,-2.06119,-3.49252,-4.92385,-5.92578,-6.35517,-7.7865,-9.21783,-10.6492,25.7297,True,214,15037,N-L1-149-225
747,CG6-0640,2026-01-19,1,215,field,CG6-0640|2026-01-19|L1|S215,2026-01-19 12:15:05,2026-01-19 12:15:05,2026-01-19 12:15:05.000,1,1,3326.56,,,0.0021,24.7069,34.7758,435.4,0,,,True,SINGLE_READING;,4,day4,MATCHED,D4:wor:1-215,1-215,1-215,results.zip/day4.xlsx,workbook,14.3995,185.629,1-216,True,24.7068,34.7759,459.492,,0,459.492,0.15,12.4968,446.995,448.293,-1.29775,18250.8,41309.2,False,3407.01,0.00788372,INTERPOLATED,717,771,-80.4502,0.00815862,0,True,1,-80.4502,347.106,-5.48658,107.135,32.1717,14.5542,3.06342,0.152584,-1.30283,-2.75825,-4.21367,-5.66908,-6.68787,-7.1245,-8.57992,-10.0353,-11.4907,0.0470035,0.0306045,18.1989,14.4313,0.543656,1.45156,3.30921,0.422962,-1.02016,-2.46329,-3.90642,-5.34954,-6.35973,-6.79267,-8.2358,-9.67892,-11.1221,25.9063,True,215,15236.5,N-L1-149-225
748,CG6-0640,2026-01-19,1,216,field,CG6-0640|2026-01-19|L1|S216,2026-01-19 12:19:24,2026-01-19 12:19:24,2026-01-19 12:19:24.000,1,1,3325.47,,,0.0016,24.7073,34.774,437.5,0,,,True,SINGLE_READING;,4,day4,MATCHED,D4:kml:1-216,1-216,1-216,results.zip/day4.kml,kml_only,7.98205,195.692,1-215,True,24.7072,34.774,462.549,,0,462.549,0.15,12.5018,450.047,450.702,-0.655,18390.6,41313.1,False,3407.01,0.00788259,INTERPOLATED,717,771,-81.5398,0.00804333,0,True,1,-81.5398,350.158,-5.45593,108.077,31.9934,14.6821,2.62912,-0.307305,-1.77552,-3.24373,-4.71194,-6.18016,-7.20791,-7.64837,-9.11658,-10.5848,-12.053,0.0469836,0.030574,18.2213,14.4537,0.64916,1.73326,3.08593,0.195182,-1.25019,-2.69556,-4.14094,-5.58631,-6.59807,-7.03168,-8.47705,-9.92243,-11.3678,26.0383,True,216,15428.4,N-L1-149-225
749,CG6-0640,2026-01-19,1,217,field,CG6-0640|2026-01-19|L1|S217,2026-01-19 12:28:11,2026-01-19 12:28:11,2026-01-19 12:28:11.000,1,1,3324.13,,,0.0086,24.7065,34.7721,447,0,,STDDEV_GT_0.050,True,SINGLE_READING;,4,day4,MATCHED,D4:wor:1-217,1-217,1-217,results.zip/day4.xlsx,workbook,9.02446,210.99,1-216,True,24.7064,34.7721,466.733,,0,466.733,0.15,12.505,454.228,454.062,0.165609,18603.2,41453,False,3407.01,0.00788042,INTERPOLATED,717,771,-82.8784,0.0116645,0,True,1,-82.8784,354.339,-5.51487,109.368,32.0041,14.8574,2.28922,-0.682266,-2.16801,-3.65375,-5.1395,-6.62524,-7.66526,-8.11098,-9.59673,-11.0825,-12.5682,0.047737,0.0317196,18.4962,14.7286,0.549576,1.46737,2.54686,-0.398864,-1.87173,-3.34459,-4.81745,-6.29031,-7.32131,-7.76317,-9.23603,-10.7089,-12.1818,26.2519,True,217,15642.8,N-L1-149-225
750,CG6-0640,2026-01-19,1,218,field,CG6-0640|2026-01-19|L1|S218,2026-01-19 12:31:56,2026-01-19 12:31:56,2026-01-19 12:31:56.000,1,1,3322.26,,,0.0015,24.705,34.7708,449.9,0,,,True,SINGLE_READING;,4,day4,MATCHED,D4:wor:1-218,1-218,1-218,results.zip/day4.xlsx,workbook,7.17899,200.373,1-217,True,24.705,34.7708,470.857,,0,470.857,0.15,12.506,458.351,458.41,-0.0588984,18795.8,41640.8,False,3407.01,0.00787956,INTERPOLATED,717,771,-84.7499,0.00802106,0,True,1,-84.7499,358.462,-5.6118,110.64,31.502,15.0303,1.44139,-1.56467,-3.0677,-4.57074,-6.07377,-7.5768,-8.62892,-9.07983,-10.5829,-12.0859,-13.5889,0.0469798,0.0305682,18.7244,14.9568,0.494243,1.31963,1.58836,-1.403,-2.89869,-4.39437,-5.89005,-7.38573,-8.43271,-8.88142,-10.3771,-11.8728,-13.3685,26.4476,True,218,15849,N-L1-149-225
751,CG6-0640,2026-01-19,1,219,field,CG6-0640|2026-01-19|L1|S219,2026-01-19 12:35:33,2026-01-19 12:35:33,2026-01-19 12:35:33.000,1,1,3320.46,,,0.0016,24.7051,34.7686,454.5,0,,,True,SINGLE_READING;,4,day4,MATCHED,D4:wor:1-219,1-219,1-219,results.zip/day4.xlsx,workbook,12.3799,228.719,1-218,True,24.705,34.7686,476.044,,0,476.044,0.15,12.5114,463.533,463.524,0.00902889,18992.1,41691.9,False,3407.01,0.00787876,INTERPOLATED,717,771,-86.5481,0.00803958,0,True,1,-86.5481,363.644,-5.60952,112.239,31.3007,15.2476,0.805543,-2.24397,-3.76873,-5.29349,-6.81825,-8.343,-9.41033,-9.86776,-11.3925,-12.9173,-14.442,0.046983,0.030573,18.9007,15.1332,0.535181,1.42893,1.03439,-1.99224,-3.50555,-5.01887,-6.53219,-8.0455,-9.10482,-9.55882,-11.0721,-12.5854,-14.0988,26.6397,True,219,16076.3,N-L1-149-225
752,CG6-0640,2026-01-19,1,220,field,CG6-0640|2026-01-19|L1|S220,2026-01-19 12:39:25,2026-01-19 12:39:25,2026-01-19 12:39:25.000,1,1,3318.86,,,0.0016,24.7056,34.7662,441.4,0,,,True,SINGLE_READING;,4,day4,MATCHED,D4:wor:1-220,1-220,1-220,results.zip/day4.xlsx,workbook,13.1924,218.937,1-221,True,24.7055,34.7663,481.537,,0,481.537,0.15,12.5176,469.019,469.462,-0.442843,19175,41702.8,False,3407.01,0.00787793,INTERPOLATED,717,771,-88.1547,0.00803877,0,True,1,-88.1547,369.13,-5.57604,113.933,31.354,15.4776,0.398706,-2.69682,-4.24459,-5.79235,-7.34011,-8.88788,-9.97131,-10.4356,-11.9834,-13.5312,-15.0789,0.0469828,0.0305728,19.0727,15.3052,0.593241,1.58395,0.743674,-2.31736,-3.84787,-5.37839,-6.9089,-8.43942,-9.51078,-9.96994,-11.5005,-13.031,-14.5615,26.8113,True,220,16315.5,N-L1-149-225
753,CG6-0640,2026-01-19,1,221,field,CG6-0640|2026-01-19|L1|S221,2026-01-19 12:43:10,2026-01-19 12:43:10,2026-01-19 12:43:10.000,1,1,3317.57,,,0.0021,24.7063,34.7642,471.5,0,,,True,SINGLE_READING;,4,day4,MATCHED,D4:kml:1-221,1-221,1-221,results.zip/day4.kml,kml_only,10.0021,229.598,1-220,True,24.7062,34.7641,486.511,,0,486.511,0.15,12.5237,473.987,474.669,-0.681511,19324.6,41688.7,False,3407.01,0.00787717,INTERPOLATED,717,771,-89.4382,0.00815229,0,True,1,-89.4382,374.098,-5.52939,115.466,31.557,15.6859,0.185144,-2.95205,-4.52064,-6.08924,-7.65783,-9.22643,-10.3244,-10.795,-12.3636,-13.9322,-15.5008,0.0470024,0.0306029,19.2779,15.5103,0.596389,1.59236,0.536407,-2.56566,-4.11669,-5.66772,-7.21875,-8.76978,-9.85551,-10.3208,-11.8718,-13.4229,-14.9739,26.9573,True,221,16543,N-L1-149-225
754,CG6-0640,2026-01-19,1,222,field,CG6-0640|2026-01-19|L1|S222,2026-01-19 12:46:31,2026-01-19 12:46:31,2026-01-19 12:46:31.000,1,1,3315.9,,,0.0015,24.7068,34.7619,474.1,0,,,True,SINGLE_READING;,4,day4,MATCHED,D4:wor:1-222,1-222,1-222,results.zip/day4.xlsx,workbook,9.08348,196.872,1-223,True,24.7067,34.7619,491.947,,0,491.947,0.15,12.53,479.417,480.227,-0.809779,19499.8,41694,False,3407.01,0.00787652,INTERPOLATED,717,771,-91.1125,0.00801808,0,True,1,-91.1125,379.528,-5.49157,117.142,31.5206,15.9136,-0.306599,-3.48932,-5.08068,-6.67204,-8.26341,-9.85477,-10.9687,-11.4461,-13.0375,-14.6289,-16.2202,0.0469793,0.0305674,19.3682,15.6006,0.733747,1.9591,0.319381,-2.80074,-4.36081,-5.92087,-7.48093,-9.04099,-10.133,-10.6011,-12.1611,-13.7212,-15.2812,27.1239,True,222,16780,N-L1-149-225
755,CG6-0640,2026-01-19,1,223,field,CG6-0640|2026-01-19|L1|S223,2026-01-19 12:49:34,2026-01-19 12:49:34,2026-01-19 12:49:34.000,1,1,3314.56,,,0.0038,24.7073,34.76,478.4,0,,,True,SINGLE_READING;,4,day4,MATCHED,D4:kml:1-223,1-223,1-223,results.zip/day4.kml,kml_only,3.77253,159.256,1-224,True,24.7072,34.76,498.277,,0,498.277,0.15,12.5353,485.741,486.641,-0.899535,19648.7,41698.8,False,3407.01,0.00787595,INTERPOLATED,717,771,-92.4504,0.00874475,0,True,1,-92.4504,385.852,-5.45565,119.093,32.0986,16.1788,-0.25895,-3.49471,-5.11259,-6.73047,-8.34835,-9.96623,-11.0987,-11.5841,-13.202,-14.8199,-16.4377,0.0471088,0.030766,19.5739,15.8064,0.793197,2.11784,0.48593,-2.67534,-4.25598,-5.83661,-7.41725,-8.99788,-10.1043,-10.5785,-12.1592,-13.7398,-15.3204,27.2583,True,223,16977.6,N-L1-149-225
756,CG6-0640,2026-01-19,1,224,field,CG6-0640|2026-01-19|L1|S224,2026-01-19 12:53:27,2026-01-19 12:53:27,2026-01-19 12:53:27.000,1,1,3313.48,,,0.0028,24.7076,34.7584,483.9,0,,,True,SINGLE_READING;,4,day4,MATCHED,D4:kml:1-224,1-224,1-224,results.zip/day4.kml,kml_only,3.23165,65.3239,1-225,True,24.7076,34.7584,502.07,,0,502.07,0.15,12.5396,489.53,491.248,-1.71839,19770.7,41705.4,False,3407.01,0.00787527,INTERPOLATED,717,771,-93.5338,0.00835822,0,True,1,-93.5338,389.641,-5.43138,120.263,32.1603,16.3377,-0.515032,-3.78256,-5.41633,-7.05009,-8.68386,-10.3176,-11.4613,-11.9514,-13.5852,-15.2189,-16.8527,0.0470385,0.0306584,19.6053,15.8378,0.920649,2.45813,0.484752,-2.6828,-4.26658,-5.85035,-7.43413,-9.0179,-10.1265,-10.6017,-12.1855,-13.7692,-15.353,27.3759,True,224,17140.2,N-L1-149-225
757,CG6-0640,2026-01-19,1,225,field,CG6-0640|2026-01-19|L1|S225,2026-01-19 12:56:48,2026-01-19 12:56:48,2026-01-19 12:56:48.000,1,1,3312.64,,,0.0009,24.7076,34.7579,487,0,,,True,SINGLE_READING;,4,day4,MATCHED,D4:kml:1-225,1-225,1-225,results.zip/day4.kml,kml_only,19.157,57.4266,1-224,True,24.7075,34.7578,501.413,,0,501.413,0.15,12.5409,488.873,494.342,-5.46951,19820.4,41720.9,False,3407.01,0.0078747,INTERPOLATED,717,771,-94.3728,0.00792596,0,True,1,-94.3728,388.984,-5.44014,120.06,31.1271,16.3101,-1.49307,-4.75509,-6.3861,-8.0171,-9.64811,-11.2791,-12.4208,-12.9101,-14.5411,-16.1721,-17.8032,0.0469637,0.0305433,19.4576,15.69,1.0408,2.77892,-0.252993,-3.391,-4.96001,-6.52901,-8.09802,-9.66702,-10.7653,-11.236,-12.805,-14.374,-15.943,27.439,True,225,17206.2,N-L1-149-225
758,CG6-0640,2026-01-19,1,226,field,CG6-0640|2026-01-19|L1|S226,2026-01-19 13:27:34,2026-01-19 13:27:34,2026-01-19 13:27:34.000,1,1,3360.73,,,0.003,24.7535,34.7915,328.6,0,,,True,SINGLE_READING;,4,day4,MATCHED,D4:wor:1-226,1-226,1-226,results.zip/day4.xlsx,workbook,8.91718,211.936,1-186,True,24.7534,34.7915,346.762,,0,346.762,0.15,12.4854,334.277,334.949,-0.671955,14828.9,35903.3,False,3407.01,0.00787082,INTERPOLATED,717,771,-46.2841,0.00842317,0,True,1,-46.2841,234.388,-2.29112,72.3463,28.3533,9.82787,8.69754,6.73196,5.74918,4.76639,3.7836,2.80081,2.11286,1.81803,0.835239,-0.147549,-1.13034,0.0470501,0.0306761,13.7056,9.93803,0.310601,0.829303,8.47723,6.48962,5.49582,4.50201,3.50821,2.51441,1.81874,1.5206,0.526801,-0.467002,-1.46081,22.1331,True,226,0,N-L1-226-245
759,CG6-0640,2026-01-19,1,227,field,CG6-0640|2026-01-19|L1|S227,2026-01-19 13:30:39,2026-01-19 13:30:39,2026-01-19 13:30:39.000,1,1,3359.54,,,0.0042,24.7548,34.7898,337,0,,,True,SINGLE_READING;,4,day4,MATCHED,D4:wor:1-227,1-227,1-227,results.zip/day4.xlsx,workbook,8.5922,217.368,1-228,True,24.7548,34.7898,350.454,,0,350.454,0.15,12.4907,337.963,338.044,-0.0809654,14963.8,35799.4,False,3407.01,0.00787056,INTERPOLATED,717,771,-47.4673,0.00892109,0,True,1,-47.4673,238.074,-2.19722,73.4841,28.2141,9.98246,8.24916,6.25267,5.25442,4.25618,3.25793,2.25968,1.56091,1.26144,0.263193,-0.735052,-1.7333,0.0471418,0.0308166,13.818,10.0504,0.352826,0.942046,8.1133,6.10322,5.09818,4.09314,3.0881,2.08306,1.37954,1.07803,0.0729874,-0.932051,-1.93709,22.2421,True,227,235.224,N-L1-226-245
760,CG6-0640,2026-01-19,1,228,field,CG6-0640|2026-01-19|L1|S228,2026-01-19 13:33:59,2026-01-19 13:33:59,2026-01-19 13:33:59.000,1,1,3358.47,,,0.0019,24.755,34.7876,337.7,0,,,True,SINGLE_READING;,4,day4,MATCHED,D4:kml:1-228,1-228,1-228,results.zip/day4.kml,kml_only,9.87041,197.872,1-229,True,24.7549,34.7876,352.38,,0,352.38,0.15,12.497,339.883,340.512,-0.6286,15169.2,35833,False,3407.01,0.00787031,INTERPOLATED,717,771,-48.5399,0.00809641,0,True,1,-48.5399,239.994,-2.18494,74.0767,27.7218,10.063,7.59586,5.58327,4.57697,3.57068,2.56438,1.55808,0.853678,0.551789,-0.454508,-1.4608,-2.4671,0.0469927,0.030588,13.9068,10.1393,0.34447,0.919734,7.44329,5.41544,4.40151,3.38759,2.37366,1.35974,0.649991,0.345813,-0.668112,-1.68204,-2.69596,22.4354,True,228,452.03,N-L1-226-245
761,CG6-0640,2026-01-19,1,229,field,CG6-0640|2026-01-19|L1|S229,2026-01-19 13:38:10,2026-01-19 13:38:10,2026-01-19 13:38:10.000,1,1,3357.13,,,0.0023,24.7552,34.7857,341.9,0,,,True,SINGLE_READING;,4,day4,MATCHED,D4:wor:1-229,1-229,1-229,results.zip/day4.xlsx,workbook,6.29465,198.094,1-228,True,24.7552,34.7857,355.837,,0,355.837,0.15,12.5027,343.334,343.462,-0.127933,15354,35859.5,False,3407.01,0.00787003,INTERPOLATED,717,771,-49.8818,0.00819923,0,True,1,-49.8818,243.445,-2.16762,75.1419,27.4277,10.2077,7.01239,4.97085,3.95009,2.92932,1.90855,0.887788,0.173252,-0.132978,-1.15374,-2.17451,-3.19528,0.0470105,0.0306154,14.0781,10.3105,0.317891,0.848769,6.80665,4.74455,3.7135,2.68244,1.65139,0.620336,-0.101401,-0.410717,-1.44177,-2.47282,-3.50388,22.608,True,229,650.482,N-L1-226-245
762,CG6-0640,2026-01-19,1,230,field,CG6-0640|2026-01-19|L1|S230,2026-01-19 13:41:52,2026-01-19 13:41:52,2026-01-19 13:41:52.000,1,1,3356.08,,,0.0024,24.7552,34.7836,342.6,0,,,True,SINGLE_READING;,4,day4,MATCHED,D4:wor:1-230,1-230,1-230,results.zip/day4.xlsx,workbook,5.74464,211.442,1-229,True,24.7552,34.7836,357.979,,0,357.979,0.15,12.5087,345.47,346.391,-0.920711,15560.8,35914,False,3407.01,0.00786982,INTERPOLATED,717,771,-50.9328,0.00822764,0,True,1,-50.9328,245.581,-2.16646,75.8011,27.0347,10.2972,6.44029,4.38084,3.35112,2.3214,1.29167,0.261951,-0.458855,-0.767772,-1.79749,-2.82722,-3.85694,0.0470155,0.030623,14.1546,10.387,0.330968,0.883685,6.26071,4.1833,3.1446,2.1059,1.0672,0.0284996,-0.698591,-1.0102,-2.0489,-3.0876,-4.12631,22.8025,True,230,859.798,N-L1-226-245
763,CG6-0640,2026-01-19,1,231,field,CG6-0640|2026-01-19|L1|S231,2026-01-19 13:46:23,2026-01-19 13:46:23,2026-01-19 13:46:23.000,1,1,3354.62,,,0.0016,24.7555,34.7814,343.5,0,,,True,SINGLE_READING;,4,day4,MATCHED,D4:wor:1-231,1-231,1-231,results.zip/day4.xlsx,workbook,6.62551,222.44,1-230,True,24.7554,34.7814,361.285,,0,361.285,0.15,12.5151,348.77,349.08,-0.309705,15767.2,35945.7,False,3407.01,0.00786961,INTERPOLATED,717,771,-52.3916,0.00803062,0,True,1,-52.3916,248.881,-2.15033,76.8195,26.5782,10.4356,5.70705,3.61994,2.57638,1.53282,0.489265,-0.554293,-1.28478,-1.59785,-2.64141,-3.68497,-4.72852,0.0469814,0.0305707,14.2906,10.523,0.333369,0.890094,5.53228,3.42768,2.37539,1.32309,0.270794,-0.781503,-1.51811,-1.8338,-2.8861,-3.93839,-4.99069,22.9982,True,231,1080.98,N-L1-226-245
764,CG6-0640,2026-01-19,1,232,field,CG6-0640|2026-01-19|L1|S232,2026-01-19 13:49:59,2026-01-19 13:49:59,2026-01-19 13:49:59.000,1,1,3353.67,,,0.0028,24.7554,34.779,345.3,0,,,True,SINGLE_READING;,4,day4,MATCHED,D4:wor:1-232,1-232,1-232,results.zip/day4.xlsx,workbook,2.7472,196.521,1-233,True,24.7554,34.7791,364.186,,0,364.186,0.15,12.5221,351.664,352.001,-0.337188,16003,36017.2,False,3407.01,0.00786948,INTERPOLATED,717,771,-53.3431,0.00835277,0,True,1,-53.3431,251.775,-2.15169,77.7127,26.5214,10.5569,5.40751,3.29613,2.24044,1.18474,0.12905,-0.926642,-1.66563,-1.98233,-3.03803,-4.09372,-5.14941,0.0470376,0.0306569,14.4036,10.636,0.341699,0.912337,5.2494,3.1222,2.0586,0.995004,-0.0685945,-1.13219,-1.87671,-2.19579,-3.25939,-4.32299,-5.38659,23.2236,True,232,1321.19,N-L1-226-245
765,CG6-0640,2026-01-19,1,233,field,CG6-0640|2026-01-19|L1|S233,2026-01-19 13:52:48,2026-01-19 13:52:48,2026-01-19 13:52:48.000,1,1,3352.92,,,0.0015,24.755,34.7772,345.7,0,,,True,SINGLE_READING;,4,day4,MATCHED,D4:wor:1-233,1-233,1-233,results.zip/day4.xlsx,workbook,3.27185,195.988,1-232,True,24.755,34.7772,366.488,,0,366.488,0.15,12.5275,353.961,354.323,-0.362148,16199.1,36112.7,False,3407.01,0.0078694,INTERPOLATED,717,771,-54.0901,0.00801108,0,True,1,-54.0901,254.072,-2.17928,78.4216,26.5107,10.6532,5.20427,3.07363,2.0083,0.942983,-0.122339,-1.18766,-1.93339,-2.25298,-3.31831,-4.38363,-5.44895,0.0469781,0.0305655,14.4786,10.7111,0.362926,0.969013,5.08861,2.9464,1.87529,0.804189,-0.266916,-1.33802,-2.08779,-2.40913,-3.48023,-4.55134,-5.62244,23.4183,True,233,1517.57,N-L1-226-245
766,CG6-0640,2026-01-19,1,234,field,CG6-0640|2026-01-19|L1|S234,2026-01-19 13:56:05,2026-01-19 13:56:05,2026-01-19 13:56:05.000,1,1,3351.86,,,0.0015,24.7543,34.7753,349.8,0,,,True,SINGLE_READING;,4,day4,MATCHED,D4:wor:1-234,1-234,1-234,results.zip/day4.xlsx,workbook,3.3892,203.488,1-233,True,24.7543,34.7753,368.922,,0,368.922,0.15,12.5327,356.389,356.499,-0.109293,16399.6,36245.2,False,3407.01,0.00786933,INTERPOLATED,717,771,-55.1558,0.00801102,0,True,1,-55.1558,256.5,-2.23071,79.1712,26.2461,10.7551,4.73595,2.58494,1.50943,0.433929,-0.641577,-1.71708,-2.46994,-2.79259,-3.8681,-4.9436,-6.01911,0.0469781,0.0305655,14.5472,10.7796,0.396185,1.05781,4.68681,2.53088,1.45292,0.374957,-0.703006,-1.78097,-2.53554,-2.85893,-3.9369,-5.01486,-6.09282,23.6226,True,234,1722.26,N-L1-226-245
767,CG6-0640,2026-01-19,1,235,field,CG6-0640|2026-01-19|L1|S235,2026-01-19 14:01:13,2026-01-19 14:01:13,2026-01-19 14:01:13.000,1,1,3350.76,,,0.0013,24.7524,34.7741,353.6,0,,,True,SINGLE_READING;,4,day4,MATCHED,D4:kml:1-235,1-235,1-235,results.zip/day4.kml,kml_only,5.41643,220.59,1-236,True,24.7524,34.7741,372.841,,0,372.841,0.15,12.5357,360.306,360.423,-0.117607,16567,36482.4,False,3407.01,0.00786928,INTERPOLATED,717,771,-56.2496,0.00797594,0,True,1,-56.2496,260.417,-2.36211,80.3799,26.4925,10.9193,4.65393,2.47007,1.37815,0.286219,-0.805708,-1.89763,-2.66198,-2.98956,-4.08149,-5.17342,-6.26534,0.0469721,0.0305564,14.6566,10.889,0.450995,1.20416,4.7144,2.5366,1.44769,0.35879,-0.730113,-1.81902,-2.58125,-2.90792,-3.99682,-5.08573,-6.17463,23.8141,True,235,1968.64,N-L1-226-245
768,CG6-0640,2026-01-19,1,236,field,CG6-0640|2026-01-19|L1|S236,2026-01-19 14:05:19,2026-01-19 14:05:19,2026-01-19 14:05:19.000,1,1,3349.86,,,0.0014,24.7513,34.7724,359.3,0,,,True,SINGLE_READING;,4,day4,MATCHED,D4:wor:1-236,1-236,1-236,results.zip/day4.xlsx,workbook,9.01418,208.692,1-235,True,24.7512,34.7723,375.386,,0,375.386,0.15,12.5403,362.846,362.969,-0.123116,16763.7,36650.9,False,3407.01,0.00786929,INTERPOLATED,717,771,-57.1526,0.00799285,0,True,1,-57.1526,262.957,-2.44038,81.1639,26.4517,11.0258,4.40014,2.19498,1.0924,-0.0101742,-1.11275,-2.21533,-2.98713,-3.31791,-4.42048,-5.52306,-6.62564,0.046975,0.0305608,14.706,10.9384,0.508154,1.35677,4.57493,2.38725,1.29342,0.199579,-0.894259,-1.9881,-2.75378,-3.08193,-4.17577,-5.26961,-6.36345,24.0236,True,236,2185.29,N-L1-226-245
769,CG6-0640,2026-01-19,1,237,field,CG6-0640|2026-01-19|L1|S237,2026-01-19 14:08:04,2026-01-19 14:08:04,2026-01-19 14:08:04.000,1,1,3348.86,,,0.0012,24.7498,34.7709,363.3,0,,,True,SINGLE_READING;,4,day4,MATCHED,D4:kml:1-237,1-237,1-237,results.zip/day4.kml,kml_only,6.40527,200.699,1-238,True,24.7497,34.7709,377.512,,0,377.512,0.15,12.5438,364.968,365.497,-0.528657,16948.4,36856.4,False,3407.01,0.00786931,INTERPOLATED,717,771,-58.1504,0.00796028,0,True,1,-58.1504,265.079,-2.54406,81.819,26.2127,11.1148,3.98318,1.76022,0.648742,-0.462736,-1.57421,-2.68569,-3.46373,-3.79717,-4.90865,-6.02013,-7.1316,0.0469695,0.0305523,14.6835,10.916,0.619576,1.65427,4.38081,2.19762,1.10602,0.0144286,-1.07717,-2.16876,-2.93288,-3.26036,-4.35196,-5.44355,-6.53515,24.2182,True,237,2406.25,N-L1-226-245
770,CG6-0640,2026-01-19,1,238,field,CG6-0640|2026-01-19|L1|S238,2026-01-19 14:12:56,2026-01-19 14:12:56,2026-01-19 14:12:56.000,1,1,3347.68,,,0.001,24.7483,34.7698,359.1,0,,,True,SINGLE_READING;,4,day4,MATCHED,D4:wor:1-238,1-238,1-238,results.zip/day4.xlsx,workbook,7.00245,191.861,1-237,True,24.7482,34.7698,380.178,,0,380.178,0.15,12.5457,367.632,367.747,-0.114626,17097.2,37043.5,False,3407.01,0.00786941,INTERPOLATED,717,771,-59.3317,0.00793269,0,True,1,-59.3317,267.743,-2.64371,82.6412,25.9532,11.2265,3.50022,1.25493,0.132279,-0.990369,-2.11302,-3.23566,-4.02152,-4.35831,-5.48096,-6.60361,-7.72625,0.0469648,0.0305451,14.779,11.0114,0.635806,1.6976,3.93032,1.72803,0.626892,-0.474251,-1.57539,-2.67654,-3.44734,-3.77768,-4.87882,-5.97996,-7.08111,24.3805,True,238,2602.09,N-L1-226-245
775,CG6-0640,2026-01-20,1,239,field,CG6-0640|2026-01-20|L1|S239,2026-01-20 07:01:46,2026-01-20 07:01:46,2026-01-20 07:01:46.000,1,1,3346.7,,,0.0031,24.7479,34.7671,372.6,0,,,True,SINGLE_READING;,5,day5,MATCHED,D5:wor:1-239,1-239,1-239,results.zip/day5.xlsx,workbook,2.35242,106.767,1-246,True,24.7479,34.7671,383.861,,0,383.861,0.15,12.5531,371.308,371.231,0.0766206,17371.2,37166,False,3407.01,0.00787878,INTERPOLATED,774,858,-60.3152,0.00846671,0,True,1,-60.3152,271.419,-2.66572,83.7756,26.1262,11.3806,3.365,1.08888,-0.0491757,-1.18724,-2.32529,-3.46335,-4.26,-4.60141,-5.73947,-6.87753,-8.01559,0.0470579,0.0306881,15.0975,11.3299,0.471476,1.25884,3.46644,1.20047,0.0674778,-1.06551,-2.1985,-3.33148,-4.12458,-4.46447,-5.59746,-6.73045,-7.86344,24.6469,True,239,2876.82,N-L1-226-245
776,CG6-0640,2026-01-20,1,240,field,CG6-0640|2026-01-20|L1|S240,2026-01-20 07:06:14,2026-01-20 07:06:14,2026-01-20 07:06:14.000,1,1,3345.48,,,0.0018,24.7479,34.7646,375.9,0,,,True,SINGLE_READING;,5,day5,MATCHED,D5:wor:1-240,1-240,1-240,results.zip/day5.xlsx,workbook,2.52449,228.82,1-247,True,24.7479,34.7646,388.552,,0,388.552,0.15,12.5602,375.992,376.349,-0.357695,17619,37247.2,False,3407.01,0.00787836,INTERPOLATED,774,858,-61.5305,0.00808137,0,True,1,-61.5305,276.103,-2.67027,85.2213,26.3611,11.577,3.2071,0.891704,-0.265995,-1.42369,-2.58139,-3.73909,-4.54948,-4.89679,-6.05449,-7.21219,-8.36989,0.0469901,0.030584,15.3833,11.6158,0.381997,1.01993,3.12958,0.806432,-0.355143,-1.51672,-2.67829,-3.83987,-4.65297,-5.00144,-6.16302,-7.32459,-8.48617,24.8861,True,240,3130.95,N-L1-226-245
777,CG6-0640,2026-01-20,1,241,field,CG6-0640|2026-01-20|L1|S241,2026-01-20 07:10:16,2026-01-20 07:10:16,2026-01-20 07:10:16.000,1,1,3344.21,,,0.0015,24.7492,34.7625,382.7,0,,,True,SINGLE_READING;,5,day5,MATCHED,D5:wor:1-241,1-241,1-241,results.zip/day5.xlsx,workbook,2.86652,259.1,1-240,True,24.7492,34.7625,393.271,,0,393.271,0.15,12.5673,380.704,380.894,-0.189835,17789.2,37174.3,False,3407.01,0.007878,INTERPOLATED,774,858,-62.7996,0.00801953,0,True,1,-62.7996,280.815,-2.581,86.6755,26.457,11.7746,2.90786,0.552952,-0.624505,-1.80196,-2.97942,-4.15687,-4.98109,-5.33433,-6.51178,-7.68924,-8.8667,0.0469795,0.0305678,15.5991,11.8315,0.363797,0.971338,2.79394,0.42764,-0.755512,-1.93866,-3.12182,-4.30497,-5.13318,-5.48812,-6.67127,-7.85443,-9.03758,25.0317,True,241,3387.21,N-L1-226-245
778,CG6-0640,2026-01-20,1,242,field,CG6-0640|2026-01-20|L1|S242,2026-01-20 07:15:10,2026-01-20 07:15:10,2026-01-20 07:15:10.000,1,1,3342.56,,,0.0021,24.7504,34.7601,386.8,0,,,True,SINGLE_READING;,5,day5,MATCHED,D5:wor:1-242,1-242,1-242,results.zip/day5.xlsx,workbook,2.55745,254.788,1-243,True,24.7504,34.7601,398.733,,0,398.733,0.15,12.5751,386.158,386.331,-0.172758,17992.6,37122.9,False,3407.01,0.00787758,INTERPOLATED,774,858,-64.4586,0.00815269,0,True,1,-64.4586,286.269,-2.49766,88.3589,26.398,12.0033,2.39149,-0.00916158,-1.20949,-2.40981,-3.61014,-4.81046,-5.65069,-6.01079,-7.21112,-8.41144,-9.61177,0.0470025,0.030603,15.8254,12.0578,0.366206,0.97777,2.28239,-0.129174,-1.33495,-2.54074,-3.74652,-4.9523,-5.79634,-6.15808,-7.36386,-8.56964,-9.77542,25.2095,True,242,3663.07,N-L1-226-245
779,CG6-0640,2026-01-20,1,243,field,CG6-0640|2026-01-20|L1|S243,2026-01-20 07:19:17,2026-01-20 07:19:17,2026-01-20 07:19:17.000,1,1,3341.2,,,0.0014,24.7518,34.7581,392.2,0,,,True,SINGLE_READING;,5,day5,MATCHED,D5:wor:1-243,1-243,1-243,results.zip/day5.xlsx,workbook,3.68077,260.868,1-242,True,24.7518,34.7581,403.54,,0,403.54,0.15,12.5815,390.958,392.431,-1.47238,18157.5,37039.4,False,3407.01,0.00787725,INTERPOLATED,774,858,-65.81,0.00800069,0,True,1,-65.81,291.07,-2.40136,89.8405,26.4319,12.2045,2.02278,-0.418132,-1.63859,-2.85904,-4.0795,-5.29995,-6.15427,-6.5204,-7.74086,-8.96131,-10.1818,0.0469763,0.0305628,16.0158,12.2482,0.377057,1.00674,1.93538,-0.514273,-1.7391,-2.96392,-4.18875,-5.41357,-6.27095,-6.6384,-7.86322,-9.08804,-10.3129,25.3482,True,243,3920.36,N-L1-226-245
780,CG6-0640,2026-01-20,1,244,field,CG6-0640|2026-01-20|L1|S244,2026-01-20 07:24:08,2026-01-20 07:24:08,2026-01-20 07:24:08.000,1,1,3338.7,,,0.0036,24.7524,34.7548,407.4,0,,,True,SINGLE_READING;,5,day5,MATCHED,D5:wor:1-244,1-244,1-244,results.zip/day5.xlsx,workbook,5.03245,169.246,1-245,True,24.7524,34.7549,411.637,,0,411.637,0.15,12.5912,399.046,399.443,-0.396784,18465.3,37085.2,False,3407.01,0.00787687,INTERPOLATED,774,858,-68.3105,0.00866055,0,True,1,-68.3105,299.157,-2.36027,92.3366,26.3864,12.5436,1.29907,-1.20966,-2.46402,-3.71838,-4.97275,-6.22711,-7.10517,-7.48148,-8.73584,-9.99021,-11.2446,0.0470932,0.0307422,16.3534,12.5858,0.378584,1.01082,1.21473,-1.30244,-2.56102,-3.8196,-5.07818,-6.33676,-7.21777,-7.59535,-8.85393,-10.1125,-11.3711,25.6341,True,244,4254.41,N-L1-226-245
781,CG6-0640,2026-01-20,1,245,field,CG6-0640|2026-01-20|L1|S245,2026-01-20 07:28:16,2026-01-20 07:28:16,2026-01-20 07:28:16.000,1,1,3337.83,,,0.0028,24.7537,34.7538,406.2,0,,,True,SINGLE_READING;,5,day5,MATCHED,D5:wor:1-245,1-245,1-245,results.zip/day5.xlsx,workbook,2.62326,176.228,1-244,True,24.7537,34.7539,415.676,,0,415.676,0.15,12.5947,403.081,404.194,-1.11253,18532.9,36985.6,False,3407.01,0.00787657,INTERPOLATED,774,858,-69.1884,0.00835945,0,True,1,-69.1884,303.192,-2.27255,93.5821,26.6663,12.7129,1.24056,-1.30201,-2.57329,-3.84458,-5.11586,-6.38715,-7.27705,-7.65844,-8.92972,-10.201,-11.4723,0.0470388,0.0306587,16.4969,12.7293,0.404318,1.07953,1.20769,-1.33817,-2.6111,-3.88403,-5.15696,-6.42989,-7.32094,-7.70282,-8.97575,-10.2487,-11.5216,25.6819,True,245,4428.29,N-L1-226-245
782,CG6-0640,2026-01-20,1,246,field,CG6-0640|2026-01-20|L1|S246,2026-01-20 07:37:33,2026-01-20 07:37:33,2026-01-20 07:37:33.000,1,1,3346.52,,,0.0054,24.747,34.7668,386.6,0,,TILT_GT_20,True,SINGLE_READING;,5,day5,MATCHED,D5:wor:1-246,1-246,1-246,results.zip/day5.xlsx,workbook,2.07644,107.31,1-239,True,24.747,34.7668,384.427,,0,384.427,0.15,12.5533,371.874,371.974,-0.100236,17426.6,37271.2,False,3407.01,0.00787595,INTERPOLATED,774,858,-60.4931,0.00954937,0,True,1,-60.4931,271.985,-2.72998,83.9503,26.1872,11.4043,3.37858,1.09771,-0.0427176,-1.18315,-2.32358,-3.46401,-4.26232,-4.60445,-5.74488,-6.88531,-8.02574,0.0472647,0.0310043,15.1573,11.3897,0.43541,1.16255,3.40789,1.12995,-0.0090146,-1.14798,-2.28695,-3.42592,-4.22319,-4.56488,-5.70385,-6.84282,-7.98178,24.7149,True,246,0,N-L1-246-300
783,CG6-0640,2026-01-20,1,247,field,CG6-0640|2026-01-20|L1|S247,2026-01-20 07:41:29,2026-01-20 07:41:29,2026-01-20 07:41:29.000,1,1,3345.59,,,0.0028,24.7459,34.7649,381.6,0,,,True,SINGLE_READING;,5,day5,MATCHED,D5:wor:1-247,1-247,1-247,results.zip/day5.xlsx,workbook,3.12568,206.346,1-248,True,24.7458,34.7649,387.375,,0,387.375,0.15,12.5577,374.817,374.532,0.285671,17643.8,37451,False,3407.01,0.00787571,INTERPOLATED,774,858,-61.4258,0.00835863,0,True,1,-61.4258,274.928,-2.80943,84.8588,26.2425,11.5277,3.18697,0.881425,-0.27135,-1.42412,-2.5769,-3.72967,-4.53662,-4.88245,-6.03522,-7.188,-8.34077,0.0470386,0.0306585,15.317,11.5494,0.399134,1.06569,3.14373,0.833855,-0.321082,-1.47602,-2.63096,-3.78589,-4.59435,-4.94083,-6.09577,-7.2507,-8.40564,24.9422,True,247,232.404,N-L1-246-300
784,CG6-0640,2026-01-20,1,248,field,CG6-0640|2026-01-20|L1|S248,2026-01-20 07:45:21,2026-01-20 07:45:21,2026-01-20 07:45:21.000,1,1,3345,,,0.0017,24.745,34.7632,379.8,0,,,True,SINGLE_READING;,5,day5,MATCHED,D5:wor:1-248,1-248,1-248,results.zip/day5.xlsx,workbook,5.46319,199.907,1-247,True,24.7449,34.7632,389.343,,0,389.343,0.15,12.5618,376.781,377.327,-0.546206,17840.4,37599.6,False,3407.01,0.00787548,INTERPOLATED,774,858,-62.0163,0.00805688,0,True,1,-62.0163,276.892,-2.87264,85.4649,26.3213,11.6101,3.1011,0.779079,-0.38193,-1.54294,-2.70395,-3.86496,-4.67766,-5.02597,-6.18698,-7.34799,-8.509,0.0469859,0.0305776,15.4112,11.6436,0.387274,1.03402,3.03413,0.705417,-0.45894,-1.6233,-2.78766,-3.95201,-4.76706,-5.11637,-6.28073,-7.44509,-8.60944,25.1434,True,248,435.784,N-L1-246-300
785,CG6-0640,2026-01-20,1,249,field,CG6-0640|2026-01-20|L1|S249,2026-01-20 07:49:47,2026-01-20 07:49:47,2026-01-20 07:49:47.000,1,1,3343.83,,,0.0021,24.744,34.7612,393.6,0,,,True,SINGLE_READING;,5,day5,MATCHED,D5:wor:1-249,1-249,1-249,results.zip/day5.xlsx,workbook,2.44548,180.01,1-250,True,24.744,34.7613,392.586,,0,392.586,0.15,12.5663,380.02,379.866,0.153526,18053.2,37755.6,False,3407.01,0.00787525,INTERPOLATED,774,858,-63.1797,0.00815043,0,True,1,-63.1797,280.131,-2.93306,86.4645,26.2179,11.7459,2.72611,0.376931,-0.797658,-1.97225,-3.14683,-4.32142,-5.14363,-5.49601,-6.6706,-7.84519,-9.01978,0.0470021,0.0306024,15.5588,11.7912,0.375468,1.0025,2.63553,0.277295,-0.901822,-2.08094,-3.26006,-4.43917,-5.26456,-5.61829,-6.79741,-7.97653,-9.15564,25.3566,True,249,649.955,N-L1-246-300
786,CG6-0640,2026-01-20,1,250,field,CG6-0640|2026-01-20|L1|S250,2026-01-20 07:54:02,2026-01-20 07:54:02,2026-01-20 07:54:02.000,1,1,3343.12,,,0.002,24.7437,34.7595,389.1,0,,,True,SINGLE_READING;,5,day5,MATCHED,D5:wor:1-250,1-250,1-250,results.zip/day5.xlsx,workbook,3.71209,103.337,1-301,True,24.7436,34.7595,394.79,,0,394.79,0.15,12.5707,382.219,382.207,0.0119962,18232.8,37851.7,False,3407.01,0.00787504,INTERPOLATED,774,858,-63.8983,0.00812504,0,True,1,-63.8983,282.33,-2.96126,87.1433,26.2063,11.8381,2.53005,0.162432,-1.02138,-2.20519,-3.389,-4.57281,-5.40148,-5.75662,-6.94043,-8.12424,-9.30806,0.0469977,0.0305956,15.6565,11.8889,0.369932,0.987717,2.4284,0.0506164,-1.13828,-2.32717,-3.51606,-4.70496,-5.53718,-5.89385,-7.08274,-8.27164,-9.46053,25.5362,True,250,830.994,N-L1-246-300
787,CG6-0640,2026-01-20,1,251,field,CG6-0640|2026-01-20|L1|S251,2026-01-20 07:59:49,2026-01-20 07:59:49,2026-01-20 07:59:49.000,1,1,3341.99,,,0.0019,24.7435,34.7575,395,0,,,True,SINGLE_READING;,5,day5,MATCHED,D5:wor:1-251,1-251,1-251,results.zip/day5.xlsx,workbook,1.56972,105.655,1-301,True,24.7435,34.7575,397.787,,0,397.787,0.15,12.5763,385.211,385.172,0.0391795,18431.5,37928.8,False,3407.01,0.00787478,INTERPOLATED,774,858,-65.027,0.00810075,0,True,1,-65.027,285.322,-2.967,88.0666,26.0066,11.9635,2.07956,-0.313144,-1.5095,-2.70585,-3.90221,-5.09856,-5.93601,-6.29491,-7.49127,-8.68762,-9.88398,0.0469935,0.0305892,15.7848,12.0172,0.367123,0.980217,1.9723,-0.43114,-1.63286,-2.83457,-4.03629,-5.23801,-6.07921,-6.43973,-7.64145,-8.84316,-10.0449,25.7292,True,251,1035.31,N-L1-246-300
788,CG6-0640,2026-01-20,1,252,field,CG6-0640|2026-01-20|L1|S252,2026-01-20 08:04:02,2026-01-20 08:04:02,2026-01-20 08:04:02.000,1,1,3340.94,,,0.0022,24.7444,34.7554,404.7,0,,,True,SINGLE_READING;,5,day5,MATCHED,D5:wor:1-252,1-252,1-252,results.zip/day5.xlsx,workbook,6.63632,214.517,1-253,True,24.7443,34.7554,400.563,,0,400.563,0.15,12.5829,387.98,387.892,0.0877304,18617.1,37910.5,False,3407.01,0.00787461,INTERPOLATED,774,858,-66.0687,0.00817615,0,True,1,-66.0687,288.091,-2.91309,88.9213,25.7657,12.0797,1.60636,-0.809574,-2.01754,-3.22551,-4.43347,-5.64144,-6.48702,-6.8494,-8.05737,-9.26534,-10.4733,0.0470065,0.0306092,15.9004,12.1328,0.367598,0.981485,1.50004,-0.926525,-2.13981,-3.35309,-4.56637,-5.77965,-6.62895,-6.99294,-8.20622,-9.4195,-10.6328,25.8936,True,252,1263.88,N-L1-246-300
789,CG6-0640,2026-01-20,1,253,field,CG6-0640|2026-01-20|L1|S253,2026-01-20 08:07:44,2026-01-20 08:07:44,2026-01-20 08:07:44.000,1,1,3339.86,,,0.002,24.7444,34.7532,402.4,0,,,True,SINGLE_READING;,5,day5,MATCHED,D5:wor:1-253,1-253,1-253,results.zip/day5.xlsx,workbook,1.54877,209.659,1-254,True,24.7444,34.7533,403.567,,0,403.567,0.15,12.589,390.978,391.07,-0.0920906,18825.3,37979.1,False,3407.01,0.00787447,INTERPOLATED,774,858,-67.1545,0.00812449,0,True,1,-67.1545,291.089,-2.90932,89.8466,25.6014,12.2054,1.1907,-1.25037,-2.47091,-3.69145,-4.91198,-6.13252,-6.98689,-7.35305,-8.57359,-9.79413,-11.0147,0.0469976,0.0305955,16.0155,12.2479,0.378227,1.00987,1.10564,-1.34394,-2.56873,-3.79352,-5.01831,-6.2431,-7.10045,-7.46789,-8.69267,-9.91746,-11.1423,26.0954,True,253,1482.85,N-L1-246-300
790,CG6-0640,2026-01-20,1,254,field,CG6-0640|2026-01-20|L1|S254,2026-01-20 08:11:33,2026-01-20 08:11:33,2026-01-20 08:11:33.000,1,1,3338.82,,,0.0015,24.7448,34.7512,407.9,0,,,True,SINGLE_READING;,5,day5,MATCHED,D5:wor:1-254,1-254,1-254,results.zip/day5.xlsx,workbook,3.24215,126.482,1-255,True,24.7448,34.7512,406.369,,0,406.369,0.15,12.5952,393.774,393.705,0.0685641,19013.8,38002.3,False,3407.01,0.00787434,INTERPOLATED,774,858,-68.1892,0.00801594,0,True,1,-68.1892,293.885,-2.87832,90.7095,25.3986,12.3226,0.753377,-1.71114,-2.9434,-4.17566,-5.40792,-6.64018,-7.50276,-7.87244,-9.1047,-10.337,-11.5692,0.0469789,0.0305668,16.1187,12.3511,0.392282,1.04739,0.696427,-1.77379,-3.00889,-4.244,-5.47911,-6.71421,-7.57879,-7.94932,-9.18443,-10.4195,-11.6546,26.2687,True,254,1693.9,N-L1-246-300
791,CG6-0640,2026-01-20,1,255,field,CG6-0640|2026-01-20|L1|S255,2026-01-20 08:17:57,2026-01-20 08:17:57,2026-01-20 08:17:57.000,1,1,3338.13,,,0.0015,24.7449,34.7499,403.2,0,,,True,SINGLE_READING;,5,day5,MATCHED,D5:wor:1-255,1-255,1-255,results.zip/day5.xlsx,workbook,6.94056,134.501,1-254,True,24.7449,34.7499,407.851,,0,407.851,0.15,12.5988,395.252,395.714,-0.461471,19138,38035.8,False,3407.01,0.00787416,INTERPOLATED,774,858,-68.8863,0.00801576,0,True,1,-68.8863,295.363,-2.87511,91.1658,25.1546,12.3846,0.385398,-2.09152,-3.32998,-4.56844,-5.80689,-7.04535,-7.91227,-8.28381,-9.52227,-10.7607,-11.9992,0.0469789,0.0305668,16.1713,12.4037,0.401675,1.07247,0.347233,-2.1335,-3.37387,-4.61423,-5.8546,-7.09497,-7.96322,-8.33533,-9.5757,-10.8161,-12.0564,26.3878,True,255,1823.46,N-L1-246-300
792,CG6-0640,2026-01-20,1,256,field,CG6-0640|2026-01-20|L1|S256,2026-01-20 08:23:26,2026-01-20 08:23:26,2026-01-20 08:23:26.000,1,1,3337.49,,,0.0018,24.7468,34.7495,410,0,,,True,SINGLE_READING;,5,day5,MATCHED,D5:wor:1-256,1-256,1-256,results.zip/day5.xlsx,workbook,3.98075,169.494,1-257,True,24.7468,34.7495,407.699,,0,407.699,0.15,12.6017,395.097,395.342,-0.244981,19124.8,37851.8,False,3407.01,0.00787404,INTERPOLATED,774,858,-69.5248,0.00807716,0,True,1,-69.5248,295.208,-2.74523,91.1179,24.3383,12.3781,-0.417833,-2.89345,-4.13126,-5.36907,-6.60688,-7.84468,-8.71115,-9.08249,-10.3203,-11.5581,-12.7959,0.0469894,0.0305829,16.1518,12.3842,0.414661,1.10714,-0.430025,-2.90686,-4.14528,-5.3837,-6.62212,-7.86053,-8.72743,-9.09895,-10.3374,-11.5758,-12.8142,26.354,True,256,2038.23,N-L1-246-300
793,CG6-0640,2026-01-20,1,257,field,CG6-0640|2026-01-20|L1|S257,2026-01-20 08:27:55,2026-01-20 08:27:55,2026-01-20 08:27:55.000,1,1,3336.99,,,0.0018,24.7477,34.7481,411.9,0,,,True,SINGLE_READING;,5,day5,MATCHED,D5:wor:1-257,1-257,1-257,results.zip/day5.xlsx,workbook,4.45599,174.901,1-256,True,24.7476,34.7481,409.529,,0,409.529,0.15,12.6059,396.923,396.971,-0.0479325,19241,37808.7,False,3407.01,0.00787395,INTERPOLATED,774,858,-70.0202,0.00807707,0,True,1,-70.0202,297.034,-2.68497,91.6814,24.3462,12.4546,-0.563107,-3.05404,-4.2995,-5.54496,-6.79043,-8.03589,-8.90772,-9.28136,-10.5268,-11.7723,-13.0177,0.0469894,0.0305829,16.2108,12.4432,0.432175,1.15391,-0.540271,-3.02892,-4.27324,-5.51756,-6.76188,-8.00621,-8.87723,-9.25053,-10.4948,-11.7392,-12.9835,26.4526,True,257,2209.65,N-L1-246-300
794,CG6-0640,2026-01-20,1,258,field,CG6-0640|2026-01-20|L1|S258,2026-01-20 08:33:05,2026-01-20 08:33:05,2026-01-20 08:33:05.000,1,1,3336.19,,,0.0025,24.7465,34.7469,411.7,0,,,True,SINGLE_READING;,5,day5,MATCHED,D5:wor:1-258,1-258,1-258,results.zip/day5.xlsx,workbook,3.50769,116.424,1-259,True,24.7465,34.7469,410.931,,0,410.931,0.15,12.6074,398.324,398.64,-0.316054,19390,37977,False,3407.01,0.00787388,INTERPOLATED,774,858,-70.8244,0.00826123,0,True,1,-70.8244,298.435,-2.76667,92.1137,24.0559,12.5134,-0.970814,-3.47349,-4.72482,-5.97616,-7.2275,-8.47883,-9.35477,-9.73017,-10.9815,-12.2328,-13.4842,0.0470214,0.0306321,16.2376,12.47,0.46413,1.23923,-0.884068,-3.37807,-4.62506,-5.87206,-7.11906,-8.36606,-9.23896,-9.61306,-10.8601,-12.1071,-13.3541,26.6105,True,258,2388.15,N-L1-246-300
795,CG6-0640,2026-01-20,1,259,field,CG6-0640|2026-01-20|L1|S259,2026-01-20 08:36:41,2026-01-20 08:36:41,2026-01-20 08:36:41.000,1,1,3336.8,,,0.0031,24.7458,34.7478,409.1,0,,,True,SINGLE_READING;,5,day5,MATCHED,D5:wor:1-259,1-259,1-259,results.zip/day5.xlsx,workbook,3.87116,109.075,1-258,True,24.7458,34.7478,410.107,,0,410.107,0.15,12.6047,397.502,397.747,-0.244761,19321,38012.7,False,3407.01,0.00787385,INTERPOLATED,774,858,-70.2101,0.00846212,0,True,1,-70.2101,297.613,-2.81015,91.8602,24.4603,12.4789,-0.497554,-2.99334,-4.24123,-5.48912,-6.73702,-7.98491,-8.85843,-9.2328,-10.4807,-11.7286,-12.9765,0.0470571,0.0306868,16.2273,12.4598,0.439932,1.17462,-0.459203,-2.95115,-4.19713,-5.4431,-6.68908,-7.93505,-8.80724,-9.18103,-10.427,-11.673,-12.919,26.5522,True,259,2501.07,N-L1-246-300
796,CG6-0640,2026-01-20,1,260,field,CG6-0640|2026-01-20|L1|S260,2026-01-20 08:41:15,2026-01-20 08:41:15,2026-01-20 08:41:15.000,1,1,3336.77,,,0.002,24.7446,34.7482,412.4,0,,,True,SINGLE_READING;,5,day5,MATCHED,D5:wor:1-260,1-260,1-260,results.zip/day5.xlsx,workbook,2.6597,144.256,1-259,True,24.7446,34.7482,410.491,,0,410.491,0.15,12.6025,397.889,397.697,0.191988,19316.5,38132.2,False,3407.01,0.00787382,INTERPOLATED,774,858,-70.246,0.00812385,0,True,1,-70.246,298,-2.89602,91.9794,24.6294,12.4951,-0.360829,-2.85985,-4.10937,-5.35888,-6.60839,-7.8579,-8.73256,-9.10741,-10.3569,-11.6064,-12.856,0.0469975,0.0305953,16.263,12.4955,0.420421,1.12253,-0.3615,-2.86059,-4.11014,-5.35968,-6.60923,-7.85877,-8.73346,-9.10832,-10.3579,-11.6074,-12.857,26.5645,True,260,2645.58,N-L1-246-300
797,CG6-0640,2026-01-20,1,261,field,CG6-0640|2026-01-20|L1|S261,2026-01-20 08:47:31,2026-01-20 08:47:31,2026-01-20 08:47:31.000,1,1,3335.5,,,0.0044,24.7429,34.7465,411.4,0,,,True,SINGLE_READING;,5,day5,MATCHED,D5:wor:1-261,1-261,1-261,results.zip/day5.xlsx,workbook,4.69668,109.801,1-262,True,24.7429,34.7465,414.002,,0,414.002,0.15,12.6045,401.397,401.329,0.068298,19525,38361.4,False,3407.01,0.00787381,INTERPOLATED,774,858,-71.5124,0.0090198,0,True,1,-71.5124,301.509,-3.01107,93.0624,24.5611,12.6423,-0.723426,-3.25188,-4.5161,-5.78033,-7.04455,-8.30878,-9.19374,-9.573,-10.8372,-12.1015,-13.3657,0.0471606,0.0308453,16.3977,12.6301,0.432869,1.15576,-0.699201,-3.22523,-4.48824,-5.75126,-7.01427,-8.27729,-9.1614,-9.5403,-10.8033,-12.0663,-13.3293,26.7882,True,261,2896.85,N-L1-246-300
798,CG6-0640,2026-01-20,1,262,field,CG6-0640|2026-01-20|L1|S262,2026-01-20 08:51:11,2026-01-20 08:51:11,2026-01-20 08:51:11.000,1,1,3335.91,,,0.0021,24.7423,34.7473,412.5,0,,,True,SINGLE_READING;,5,day5,MATCHED,D5:wor:1-262,1-262,1-262,results.zip/day5.xlsx,workbook,3.33705,101.838,1-261,True,24.7423,34.7473,414.658,,0,414.658,0.15,12.6021,402.056,402.221,-0.165247,19465.6,38400.2,False,3407.01,0.00787382,INTERPOLATED,774,858,-71.1066,0.00814905,0,True,1,-71.1066,302.167,-3.05372,93.2656,25.2127,12.6699,-0.12699,-2.66096,-3.92795,-5.19493,-6.46192,-7.72891,-8.6158,-8.99589,-10.2629,-11.5299,-12.7969,0.0470018,0.030602,16.4377,12.6701,0.420514,1.12277,-0.127476,-2.6615,-3.92851,-5.19552,-6.46253,-7.72954,-8.61645,-8.99655,-10.2636,-11.5306,-12.7976,26.739,True,262,3002.02,N-L1-246-300
799,CG6-0640,2026-01-20,1,263,field,CG6-0640|2026-01-20|L1|S263,2026-01-20 08:57:15,2026-01-20 08:57:15,2026-01-20 08:57:15.000,1,1,3334.52,,,0.0021,24.742,34.7451,422.1,0,,,True,SINGLE_READING;,5,day5,MATCHED,D5:wor:1-263,1-263,1-263,results.zip/day5.xlsx,workbook,4.03566,123.287,1-264,True,24.742,34.7451,416.519,,0,416.519,0.15,12.6067,403.912,403.906,0.00616356,19690.5,38509.5,False,3407.01,0.00787387,INTERPOLATED,774,858,-72.4892,0.0081491,0,True,1,-72.4892,304.023,-3.07566,93.8386,24.425,12.7477,-1.07037,-3.61991,-4.89468,-6.16945,-7.44422,-8.71899,-9.61133,-9.99376,-11.2685,-12.5433,-13.8181,0.0470018,0.030602,16.487,12.7194,0.44908,1.19904,-1.01373,-3.5576,-4.82954,-6.10148,-7.37342,-8.64535,-9.53571,-9.91729,-11.1892,-12.4612,-13.7331,26.9605,True,263,3228.53,N-L1-246-300
800,CG6-0640,2026-01-20,1,264,field,CG6-0640|2026-01-20|L1|S264,2026-01-20 09:01:14,2026-01-20 09:01:14,2026-01-20 09:01:14.000,1,1,3334.59,,,0.0018,24.7411,34.7458,425.4,0,,,True,SINGLE_READING;,5,day5,MATCHED,D5:wor:1-264,1-264,1-264,results.zip/day5.xlsx,workbook,0.90405,118.365,1-263,True,24.7411,34.7458,417.546,,0,417.546,0.15,12.6042,404.942,404.979,-0.0366726,19642.2,38573.8,False,3407.01,0.00787392,INTERPOLATED,774,858,-72.4273,0.00807704,0,True,1,-72.4273,305.053,-3.13348,94.1563,24.8625,12.7909,-0.719278,-3.27745,-4.55654,-5.83562,-7.11471,-8.3938,-9.28916,-9.67288,-10.952,-12.2311,-13.5101,0.0469894,0.0305829,16.5429,12.7754,0.436269,1.16484,-0.688253,-3.24332,-4.52086,-5.7984,-7.07593,-8.35347,-9.24774,-9.631,-10.9085,-12.1861,-13.4636,26.9255,True,264,3347.79,N-L1-246-300
801,CG6-0640,2026-01-20,1,265,field,CG6-0640|2026-01-20|L1|S265,2026-01-20 09:07:54,2026-01-20 09:07:54,2026-01-20 09:07:54.000,1,1,3332.8,,,0.0018,24.7401,34.7429,418.1,0,,,True,SINGLE_READING;,5,day5,MATCHED,D5:wor:1-265,1-265,1-265,results.zip/day5.xlsx,workbook,3.34458,100.066,1-266,True,24.74,34.7429,421.212,,0,421.212,0.15,12.6095,408.602,408.459,0.143816,19958.2,38785.9,False,3407.01,0.00787403,INTERPOLATED,774,858,-74.2143,0.00807715,0,True,1,-74.2143,308.714,-3.20683,95.2861,24.2786,12.9444,-1.61007,-4.19894,-5.49337,-6.78781,-8.08225,-9.37668,-10.2828,-10.6711,-11.9656,-13.26,-14.5544,0.0469894,0.0305829,16.6552,12.8876,0.477468,1.27484,-1.49665,-4.07417,-5.36294,-6.6517,-7.94047,-9.22923,-10.1314,-10.518,-11.8068,-13.0955,-14.3843,27.2434,True,265,3665.78,N-L1-246-300
802,CG6-0640,2026-01-20,1,266,field,CG6-0640|2026-01-20|L1|S266,2026-01-20 09:11:07,2026-01-20 09:11:07,2026-01-20 09:11:07.000,1,1,3333.1,,,0.0022,24.7395,34.7437,418.5,0,,,True,SINGLE_READING;,5,day5,MATCHED,D5:wor:1-266,1-266,1-266,results.zip/day5.xlsx,workbook,1.6309,95.6636,1-265,True,24.7395,34.7437,420.95,,0,420.95,0.15,12.6072,408.343,408.456,-0.113194,19896.5,38812.3,False,3407.01,0.0078741,INTERPOLATED,774,858,-73.9147,0.00817567,0,True,1,-73.9147,308.454,-3.2409,95.206,24.5322,12.9335,-1.33477,-3.92146,-5.21481,-6.50815,-7.8015,-9.09485,-10.0002,-10.3882,-11.6815,-12.9749,-14.2682,0.0470064,0.0306091,16.658,12.8905,0.463776,1.23828,-1.24873,-3.82682,-5.11586,-6.40491,-7.69395,-8.983,-9.88533,-10.272,-11.5611,-12.8501,-14.1392,27.1891,True,266,3762.92,N-L1-246-300
803,CG6-0640,2026-01-20,1,267,field,CG6-0640|2026-01-20|L1|S267,2026-01-20 09:17:50,2026-01-20 09:17:50,2026-01-20 09:17:50.000,1,1,3332.27,,,0.0034,24.7375,34.743,418.7,0,,,True,SINGLE_READING;,5,day5,MATCHED,D5:wor:1-267,1-267,1-267,results.zip/day5.xlsx,workbook,4.98784,193.789,1-268,True,24.7375,34.7431,425.142,,0,425.142,0.15,12.6063,412.536,412.264,0.271448,20019.7,39045.8,False,3407.01,0.00787428,INTERPOLATED,774,858,-74.744,0.00857697,0,True,1,-74.744,312.647,-3.38175,96.5001,25.1378,13.1093,-1.08072,-3.70258,-5.01351,-6.32444,-7.63536,-8.94629,-9.86394,-10.2572,-11.5681,-12.8791,-14.19,0.0470779,0.0307187,16.8284,13.0608,0.46924,1.25287,-0.983757,-3.59592,-4.902,-6.20808,-7.51416,-8.82023,-9.73449,-10.1263,-11.4324,-12.7385,-14.0446,27.3324,True,267,3999.87,N-L1-246-300
804,CG6-0640,2026-01-20,1,268,field,CG6-0640|2026-01-20|L1|S268,2026-01-20 09:23:08,2026-01-20 09:23:08,2026-01-20 09:23:08.000,1,1,3331.69,,,0.0026,24.7385,34.7414,420.9,0,,,True,SINGLE_READING;,5,day5,MATCHED,D5:wor:1-268,1-268,1-268,results.zip/day5.xlsx,workbook,2.08127,175.826,1-269,True,24.7385,34.7414,425.293,,0,425.293,0.15,12.611,412.682,412.557,0.125151,20148.9,39003.3,False,3407.01,0.00787445,INTERPOLATED,774,858,-75.3261,0.00829259,0,True,1,-75.3261,312.793,-3.3147,96.5452,24.5338,13.1154,-1.69704,-4.32012,-5.63167,-6.94321,-8.25475,-9.56629,-10.4844,-10.8778,-12.1894,-13.5009,-14.8125,0.0470269,0.0306405,16.8061,13.0385,0.497673,1.32879,-1.54321,-4.15091,-5.45476,-6.75861,-8.06246,-9.36631,-10.279,-10.6702,-11.974,-13.2779,-14.5817,27.4466,True,268,4198.46,N-L1-246-300
805,CG6-0640,2026-01-20,1,269,field,CG6-0640|2026-01-20|L1|S269,2026-01-20 09:27:57,2026-01-20 09:27:57,2026-01-20 09:27:57.000,1,1,3330.88,,,0.0022,24.7392,34.7398,420,0,,TILT_GT_20,True,SINGLE_READING;,5,day5,MATCHED,D5:wor:1-269,1-269,1-269,results.zip/day5.xlsx,workbook,5.02383,181.742,1-268,True,24.7392,34.7399,428.384,,0,428.384,0.15,12.6154,415.769,416.226,-0.45708,20281.3,38982.7,False,3407.01,0.00787463,INTERPOLATED,774,858,-76.1303,0.00817617,0,True,1,-76.1303,315.88,-3.26549,97.4978,24.633,13.2448,-1.85664,-4.5056,-5.83009,-7.15457,-8.47905,-9.80354,-10.7307,-11.128,-12.4525,-13.777,-15.1015,0.0470065,0.0306092,16.8959,13.1283,0.537244,1.43444,-1.62366,-4.24933,-5.56217,-6.875,-8.18784,-9.50067,-10.4197,-10.8135,-12.1263,-13.4392,-14.752,27.5653,True,269,4376.11,N-L1-246-300
806,CG6-0640,2026-01-20,1,270,field,CG6-0640|2026-01-20|L1|S270,2026-01-20 09:34:22,2026-01-20 09:34:22,2026-01-20 09:34:22.000,1,1,3329.62,,,0.0036,24.7409,34.7391,414.1,0,,,True,SINGLE_READING;,5,day5,MATCHED,D5:wor:1-270,1-270,1-270,results.zip/day5.xlsx,workbook,6.788,140.959,1-271,True,24.7409,34.7392,433.28,,0,433.28,0.15,12.6189,420.661,420.41,0.251474,20301.2,38829.9,False,3407.01,0.0078749,INTERPOLATED,774,858,-77.392,0.00865875,0,True,1,-77.392,320.772,-3.14761,99.0078,24.7634,13.45,-2.13655,-4.82655,-6.17155,-7.51654,-8.86154,-10.2065,-11.148,-11.5515,-12.8965,-14.2415,-15.5865,0.0470929,0.0307417,17.0875,13.3199,0.550788,1.4706,-1.87649,-4.54048,-5.87247,-7.20447,-8.53646,-9.86846,-10.8009,-11.2005,-12.5324,-13.8644,-15.1964,27.5605,True,270,4579.04,N-L1-246-300
807,CG6-0640,2026-01-20,1,271,field,CG6-0640|2026-01-20|L1|S271,2026-01-20 09:40:01,2026-01-20 09:40:01,2026-01-20 09:40:01.000,1,1,3328.77,,,0.0014,24.7417,34.7379,422.2,0,,,True,SINGLE_READING;,5,day5,MATCHED,D5:wor:1-271,1-271,1-271,results.zip/day5.xlsx,workbook,7.31574,102.915,1-272,True,24.7417,34.738,437.818,,0,437.818,0.15,12.6226,425.195,425.268,-0.0729426,20397.1,38793.8,False,3407.01,0.00787517,INTERPOLATED,774,858,-78.2432,0.00799864,0,True,1,-78.2432,325.306,-3.0954,100.407,25.2594,13.6401,-2.02076,-4.74878,-6.11279,-7.4768,-8.84081,-10.2048,-11.1596,-11.5688,-12.9328,-14.2969,-15.6609,0.046976,0.0305623,17.2316,13.464,0.596851,1.59359,-1.66857,-4.36138,-5.70778,-7.05418,-8.40058,-9.74698,-10.6895,-11.0934,-12.4398,-13.7862,-15.1326,27.6439,True,271,4726.77,N-L1-246-300
808,CG6-0640,2026-01-20,1,272,field,CG6-0640|2026-01-20|L1|S272,2026-01-20 09:43:47,2026-01-20 09:43:47,2026-01-20 09:43:47.000,1,1,3327.87,,,0.0015,24.7415,34.7369,431.3,0,,,True,SINGLE_READING;,5,day5,MATCHED,D5:wor:1-272,1-272,1-272,results.zip/day5.xlsx,workbook,5.30321,110.712,1-271,True,24.7415,34.7369,441.393,,0,441.393,0.15,12.6247,428.768,428.804,-0.0355997,20503.6,38852.2,False,3407.01,0.00787536,INTERPOLATED,774,858,-79.1404,0.00801694,0,True,1,-79.1404,328.879,-3.10749,101.51,25.4771,13.7899,-2.10276,-4.86074,-6.23973,-7.61872,-8.99771,-10.3767,-11.342,-11.7557,-13.1347,-14.5137,-15.8927,0.0469791,0.0305671,17.3378,13.5702,0.640488,1.7101,-1.66329,-4.37733,-5.73435,-7.09137,-8.44838,-9.8054,-10.7553,-11.1624,-12.5194,-13.8765,-15.2335,27.749,True,272,4833.58,N-L1-246-300
809,CG6-0640,2026-01-20,1,273,field,CG6-0640|2026-01-20|L1|S273,2026-01-20 09:48:09,2026-01-20 09:48:09,2026-01-20 09:48:09.000,1,1,3328.06,,,0.0044,24.7402,34.7367,429.5,0,,,True,SINGLE_READING;,5,day5,MATCHED,D5:wor:1-273,1-273,1-273,results.zip/day5.xlsx,workbook,6.31506,109.709,1-274,True,24.7402,34.7367,439.947,,0,439.947,0.15,12.6236,427.323,427.254,0.0694991,20561.1,38995.5,False,3407.01,0.0078756,INTERPOLATED,774,858,-78.9487,0.00902137,0,True,1,-78.9487,327.434,-3.19814,101.064,25.3135,13.7293,-2.14517,-4.89103,-6.26397,-7.6369,-9.00983,-10.3828,-11.3438,-11.7557,-13.1286,-14.5016,-15.8745,0.0471609,0.0308457,17.2634,13.4958,0.654242,1.74683,-1.6782,-4.37737,-5.72695,-7.07654,-8.42612,-9.77571,-10.7204,-11.1253,-12.4749,-13.8245,-15.174,27.8216,True,273,4982.16,N-L1-246-300
810,CG6-0640,2026-01-20,1,274,field,CG6-0640|2026-01-20|L1|S274,2026-01-20 09:51:56,2026-01-20 09:51:56,2026-01-20 09:51:56.000,1,1,3328.49,,,0.0035,24.7393,34.7363,426.6,0,,,True,SINGLE_READING;,5,day5,MATCHED,D5:wor:1-274,1-274,1-274,results.zip/day5.xlsx,workbook,6.40371,104.737,1-273,True,24.7393,34.7363,436.814,,0,436.814,0.15,12.6233,424.191,424.631,-0.440442,20623.8,39102.8,False,3407.01,0.00787583,INTERPOLATED,774,858,-78.5273,0.00861851,0,True,1,-78.5273,324.302,-3.25973,100.097,24.8296,13.598,-2.36632,-5.08592,-6.44572,-7.80551,-9.16531,-10.5251,-11.477,-11.8849,-13.2447,-14.6045,-15.9643,0.0470855,0.0307303,17.0826,13.315,0.703713,1.87892,-1.80041,-4.46341,-5.79492,-7.12642,-8.45792,-9.78942,-10.7215,-11.1209,-12.4524,-13.7839,-15.1154,27.8927,True,274,5088.96,N-L1-246-300
811,CG6-0640,2026-01-20,1,275,field,CG6-0640|2026-01-20|L1|S275,2026-01-20 09:56:26,2026-01-20 09:56:26,2026-01-20 09:56:26.000,1,1,3327.49,,,0.0022,24.7381,34.7354,437.5,0,,,True,SINGLE_READING;,5,day5,MATCHED,D5:wor:1-275,1-275,1-275,results.zip/day5.xlsx,workbook,5.52441,100.523,1-276,True,24.738,34.7354,438.61,,0,438.61,0.15,12.6239,425.986,426.044,-0.05747,20751.5,39266.2,False,3407.01,0.00787611,INTERPOLATED,774,858,-79.5191,0.0081776,0,True,1,-79.5191,326.097,-3.34566,100.651,24.4778,13.6733,-2.86869,-5.60334,-6.97067,-8.33799,-9.70532,-11.0726,-12.0298,-12.44,-13.8073,-15.1746,-16.5419,0.0470068,0.0306096,17.1534,13.3859,0.708158,1.89078,-2.29389,-4.97106,-6.30964,-7.64823,-8.98681,-10.3254,-11.2624,-11.664,-13.0026,-14.3412,-15.6797,28.0345,True,275,5259.47,N-L1-246-300
812,CG6-0640,2026-01-20,1,276,field,CG6-0640|2026-01-20|L1|S276,2026-01-20 09:59:51,2026-01-20 09:59:51,2026-01-20 09:59:51.000,1,1,3326.85,,,0.0028,24.7372,34.7351,438.2,0,,,True,SINGLE_READING;,5,day5,MATCHED,D5:wor:1-276,1-276,1-276,results.zip/day5.xlsx,workbook,3.4986,92.8111,1-275,True,24.7372,34.7351,440.131,,0,440.131,0.15,12.6234,427.508,427.218,0.289931,20799.9,39362.9,False,3407.01,0.00787634,INTERPOLATED,774,858,-80.1606,0.00835923,0,True,1,-80.1606,327.619,-3.40271,101.121,24.363,13.7371,-3.11112,-5.85853,-7.23223,-8.60594,-9.97964,-11.3533,-12.3149,-12.7271,-14.1008,-15.4745,-16.8482,0.0470387,0.0306586,17.2436,13.476,0.681779,1.82035,-2.58907,-5.28428,-6.63188,-7.97948,-9.32709,-10.6747,-11.618,-12.0223,-13.3699,-14.7175,-16.0651,28.0912,True,276,5355.25,N-L1-246-300
813,CG6-0640,2026-01-20,1,277,field,CG6-0640|2026-01-20|L1|S277,2026-01-20 10:04:17,2026-01-20 10:04:17,2026-01-20 10:04:17.000,1,1,3326.28,,,0.0015,24.7357,34.7348,438.7,0,,,True,SINGLE_READING;,5,day5,MATCHED,D5:wor:1-277,1-277,1-277,results.zip/day5.xlsx,workbook,3.87648,144.779,1-278,True,24.7356,34.7348,440.02,,0,440.02,0.15,12.6221,427.398,427.331,0.0671768,20874,39533.7,False,3407.01,0.00787665,INTERPOLATED,774,858,-80.7299,0.00801821,0,True,1,-80.7299,327.509,-3.5088,101.087,23.8658,13.7324,-3.59905,-6.34554,-7.71879,-9.09203,-10.4653,-11.8385,-12.7998,-13.2118,-14.585,-15.9583,-17.3315,0.0469793,0.0305674,17.2506,13.483,0.670225,1.7895,-3.10012,-5.79671,-7.14501,-8.49331,-9.84161,-11.1899,-12.1337,-12.5382,-13.8865,-15.2348,-16.5831,28.1838,True,277,5530.15,N-L1-246-300
814,CG6-0640,2026-01-20,1,278,field,CG6-0640|2026-01-20|L1|S278,2026-01-20 10:08:17,2026-01-20 10:08:17,2026-01-20 10:08:17.000,1,1,3325.2,,,0.0018,24.7344,34.7348,440.6,0,,,True,SINGLE_READING;,5,day5,MATCHED,D5:wor:1-278,1-278,1-278,results.zip/day5.xlsx,workbook,3.93482,87.7207,1-279,True,24.7344,34.7348,443.572,,0,443.572,0.15,12.6206,430.951,430.488,0.463155,20917.3,39666.5,False,3407.01,0.00787695,INTERPOLATED,774,858,-81.8085,0.00807999,0,True,1,-81.8085,331.062,-3.59602,102.184,23.9712,13.8814,-3.79167,-6.56796,-7.95611,-9.34425,-10.7324,-12.1205,-13.0922,-13.5087,-14.8968,-16.285,-17.6731,0.0469899,0.0305837,17.427,13.6594,0.642765,1.71618,-3.34766,-6.07955,-7.44549,-8.81144,-10.1774,-11.5433,-12.4995,-12.9093,-14.2752,-15.6412,-17.0071,28.239,True,278,5671.56,N-L1-246-300
815,CG6-0640,2026-01-20,1,279,field,CG6-0640|2026-01-20|L1|S279,2026-01-20 10:11:47,2026-01-20 10:11:47,2026-01-20 10:11:47.000,1,1,3324.92,,,0.0019,24.7337,34.7348,440.1,0,,,True,SINGLE_READING;,5,day5,MATCHED,D5:wor:1-279,1-279,1-279,results.zip/day5.xlsx,workbook,5.9833,77.9256,1-278,True,24.7336,34.7348,443.674,,0,443.674,0.15,12.6196,431.054,431.082,-0.0274017,20936.5,39741.2,False,3407.01,0.00787722,INTERPOLATED,774,858,-82.0951,0.00810312,0,True,1,-82.0951,331.165,-3.64769,102.216,23.7681,13.8858,-4.00344,-6.78059,-8.16917,-9.55775,-10.9463,-12.3349,-13.3069,-13.7235,-15.1121,-16.5006,-17.8892,0.0469939,0.0305898,17.436,13.6684,0.638106,1.70374,-3.56874,-6.30242,-7.66927,-9.03611,-10.4029,-11.7698,-12.7266,-13.1366,-14.5035,-15.8703,-17.2372,28.267,True,279,5755.38,N-L1-246-300
816,CG6-0640,2026-01-20,1,280,field,CG6-0640|2026-01-20|L1|S280,2026-01-20 10:15:53,2026-01-20 10:15:53,2026-01-20 10:15:53.000,1,1,3324.96,,,0.007,24.7325,34.7359,439.4,0,,STDDEV_GT_0.050,True,SINGLE_READING;,5,day5,MATCHED,D5:wor:1-280,1-280,1-280,results.zip/day5.xlsx,workbook,5.26642,160.286,1-281,True,24.7325,34.7359,445.29,,0,445.29,0.15,12.6158,432.674,432.967,-0.292526,20869,39823.5,False,3407.01,0.00787755,INTERPOLATED,774,858,-82.0475,0.0105383,0,True,1,-82.0475,332.785,-3.72715,102.715,24.395,13.9537,-3.51234,-6.30308,-7.69845,-9.09381,-10.4892,-11.8846,-12.8613,-13.2799,-14.6753,-16.0707,-17.466,0.0474744,0.031323,17.5288,13.7612,0.613275,1.63745,-3.1273,-5.87954,-7.25565,-8.63177,-10.0079,-11.384,-12.3473,-12.7601,-14.1362,-15.5124,-16.8885,28.2166,True,280,5922.91,N-L1-246-300
817,CG6-0640,2026-01-20,1,281,field,CG6-0640|2026-01-20|L1|S281,2026-01-20 10:20:39,2026-01-20 10:20:39,2026-01-20 10:20:39.000,1,1,3325.23,,,0.0027,24.7312,34.7366,436.7,0,,,True,SINGLE_READING;,5,day5,MATCHED,D5:wor:1-281,1-281,1-281,results.zip/day5.xlsx,workbook,5.14849,154.405,1-280,True,24.7312,34.7365,442.655,,0,442.655,0.15,12.6128,430.042,430.226,-0.183341,20847,39932.4,False,3407.01,0.00787796,INTERPOLATED,774,858,-81.7852,0.0083278,0,True,1,-81.7852,330.153,-3.81501,101.903,23.933,13.8433,-3.75368,-6.52234,-7.90668,-9.29101,-10.6753,-12.0597,-13.0287,-13.444,-14.8283,-16.2127,-17.597,0.0470331,0.0306501,17.4011,13.6335,0.630572,1.68363,-3.33405,-6.06075,-7.4241,-8.78745,-10.1508,-11.5142,-12.4685,-12.8775,-14.2409,-15.6042,-16.9676,28.2089,True,281,6080.53,N-L1-246-300
818,CG6-0640,2026-01-20,1,282,field,CG6-0640|2026-01-20|L1|S282,2026-01-20 10:24:43,2026-01-20 10:24:43,2026-01-20 10:24:43.000,1,1,3327.38,,,0.0019,24.7314,34.7382,437,0,,,True,SINGLE_READING;,5,day5,MATCHED,D5:wor:1-282,1-282,1-282,results.zip/day5.xlsx,workbook,4.93085,168.634,1-281,True,24.7314,34.7382,438.734,,0,438.734,0.15,12.6097,426.124,426.36,-0.235409,20683.1,39850.6,False,3407.01,0.00787832,INTERPOLATED,774,858,-79.6357,0.00810419,0,True,1,-79.6357,326.235,-3.7992,100.694,24.8574,13.679,-2.50067,-5.23648,-6.60438,-7.97229,-9.34019,-10.7081,-11.6656,-12.076,-13.4439,-14.8118,-16.1797,0.0469941,0.0305901,17.2777,13.5101,0.589732,1.57458,-2.16272,-4.86473,-6.21574,-7.56675,-8.91775,-10.2688,-11.2145,-11.6198,-12.9708,-14.3218,-15.6728,28.0479,True,282,6246.39,N-L1-246-300
819,CG6-0640,2026-01-20,1,283,field,CG6-0640|2026-01-20|L1|S283,2026-01-20 10:28:53,2026-01-20 10:28:53,2026-01-20 10:28:53.000,1,1,3328.97,,,0.0073,24.7325,34.7398,431.9,0,,STDDEV_GT_0.050,True,SINGLE_READING;,5,day5,MATCHED,D5:wor:1-283,1-283,1-283,results.zip/day5.xlsx,workbook,5.5131,111.194,1-284,True,24.7325,34.7397,434.814,,0,434.814,0.15,12.6076,422.206,422.472,-0.265765,20495.1,39685.2,False,3407.01,0.00787871,INTERPOLATED,774,858,-78.0439,0.0107408,0,True,1,-78.0439,322.317,-3.7274,99.4847,25.1683,13.5148,-1.86125,-4.56421,-5.91568,-7.26716,-8.61864,-9.97012,-10.9161,-11.3216,-12.6731,-14.0245,-15.376,0.0475198,0.0313917,17.1691,13.4015,0.534048,1.42591,-1.63467,-4.31497,-5.65512,-6.99526,-8.33541,-9.67556,-10.6137,-11.0157,-12.3559,-13.696,-15.0362,27.8558,True,283,6443.89,N-L1-246-300
820,CG6-0640,2026-01-20,1,284,field,CG6-0640|2026-01-20|L1|S284,2026-01-20 10:33:38,2026-01-20 10:33:38,2026-01-20 10:33:38.000,1,1,3329.2,,,0.0027,24.7323,34.7409,432,0,,,True,SINGLE_READING;,5,day5,MATCHED,D5:wor:1-284,1-284,1-284,results.zip/day5.xlsx,workbook,5.3426,115.799,1-283,True,24.7323,34.7408,435.428,,0,435.428,0.15,12.6051,422.823,423.084,-0.26119,20394,39664.1,False,3407.01,0.00787917,INTERPOLATED,774,858,-77.8109,0.00832894,0,True,1,-77.8109,322.934,-3.73908,99.675,25.6032,13.5406,-1.47808,-4.18621,-5.54027,-6.89433,-8.24839,-9.60246,-10.5503,-10.9565,-12.3106,-13.6646,-15.0187,0.0470333,0.0306504,17.2187,13.4511,0.510275,1.36243,-1.29905,-3.98927,-5.33438,-6.67949,-8.0246,-9.36971,-10.3113,-10.7148,-12.0599,-13.405,-14.7502,27.7599,True,284,6557.36,N-L1-246-300
822,CG6-0640,2026-01-20,1,286,field,CG6-0640|2026-01-20|L1|S286,2026-01-20 10:40:38,2026-01-20 10:40:38,2026-01-20 10:40:38.000,1,1,3328.2,,,0.0021,24.7299,34.7413,436.6,0,,,True,SINGLE_READING;,5,day5,MATCHED,D5:wor:1-286,1-286,1-286,results.zip/day5.xlsx,workbook,5.85183,126.958,1-287,True,24.7298,34.7412,440.545,,0,440.545,0.15,12.6014,427.944,427.811,0.133009,20438.9,39907.8,False,3407.01,0.00787989,INTERPOLATED,774,858,-78.8139,0.00815491,0,True,1,-78.8139,328.055,-3.90815,101.255,26.3497,13.7553,-1.16101,-3.91207,-5.28761,-6.66314,-8.03867,-9.41421,-10.3771,-10.7897,-12.1653,-13.5408,-14.9163,0.0470028,0.0306036,17.3998,13.6323,0.543828,1.45202,-0.914866,-3.64132,-5.00454,-6.36777,-7.731,-9.09422,-10.0485,-10.4574,-11.8207,-13.1839,-14.5471,27.8314,True,286,6834.24,N-L1-246-300
823,CG6-0640,2026-01-20,1,287,field,CG6-0640|2026-01-20|L1|S287,2026-01-20 10:44:02,2026-01-20 10:44:02,2026-01-20 10:44:02.000,1,1,3328.02,,,0.0019,24.7291,34.7423,429.6,0,,,True,SINGLE_READING;,5,day5,MATCHED,D5:wor:1-287,1-287,1-287,results.zip/day5.xlsx,workbook,6.32004,108.675,1-288,True,24.7291,34.7422,441.003,,0,441.003,0.15,12.5985,428.404,428.608,-0.203661,20371.7,39952.3,False,3407.01,0.00788025,INTERPOLATED,774,858,-78.9897,0.00810607,0,True,1,-78.9897,328.516,-3.95917,101.398,26.3672,13.7747,-1.18216,-3.93709,-5.31456,-6.69202,-8.06949,-9.44695,-10.4112,-10.8244,-12.2019,-13.5793,-14.9568,0.0469944,0.0305906,17.4374,13.6698,0.525577,1.40329,-0.972519,-3.70649,-5.07347,-6.44045,-7.80744,-9.17442,-10.1313,-10.5414,-11.9084,-13.2754,-14.6424,27.7752,True,287,6961.9,N-L1-246-300
824,CG6-0640,2026-01-20,1,288,field,CG6-0640|2026-01-20|L1|S288,2026-01-20 10:47:10,2026-01-20 10:47:10,2026-01-20 10:47:10.000,1,1,3328.34,,,0.0017,24.7297,34.7432,431.2,0,,,True,SINGLE_READING;,5,day5,MATCHED,D5:wor:1-288,1-288,1-288,results.zip/day5.xlsx,workbook,4.602,119.522,1-287,True,24.7297,34.7431,439.627,,0,439.627,0.15,12.5973,427.03,426.992,0.0378402,20263.7,39858.6,False,3407.01,0.0078806,INTERPOLATED,774,858,-78.6694,0.00806187,0,True,1,-78.6694,327.141,-3.91814,100.973,26.2221,13.717,-1.21194,-3.95534,-5.32704,-6.69874,-8.07044,-9.44214,-10.4023,-10.8138,-12.1855,-13.5572,-14.9289,0.0469868,0.0305789,17.3648,13.5972,0.540605,1.44342,-0.972238,-3.69167,-5.05139,-6.4111,-7.77082,-9.13054,-10.0823,-10.4903,-11.85,-13.2097,-14.5694,27.6626,True,288,7076.89,N-L1-246-300
825,CG6-0640,2026-01-20,1,289,field,CG6-0640|2026-01-20|L1|S289,2026-01-20 10:50:55,2026-01-20 10:50:55,2026-01-20 10:50:55.000,1,1,3328.93,,,0.0015,24.7311,34.7435,430.7,0,,,True,SINGLE_READING;,5,day5,MATCHED,D5:wor:1-289,1-289,1-289,results.zip/day5.xlsx,workbook,2.81872,166.543,1-288,True,24.7311,34.7434,436.991,,0,436.991,0.15,12.5983,424.393,424.437,-0.0437861,20185.5,39698,False,3407.01,0.00788102,INTERPOLATED,774,858,-78.0845,0.0080225,0,True,1,-78.0845,324.504,-3.81869,100.16,25.8938,13.6064,-1.31912,-4.04041,-5.40105,-6.7617,-8.12234,-9.48299,-10.4354,-10.8436,-12.2043,-13.5649,-14.9256,0.04698,0.0305685,17.2602,13.4926,0.534592,1.42736,-1.09145,-3.78997,-5.13923,-6.48849,-7.83775,-9.18702,-10.1315,-10.5363,-11.8855,-13.2348,-14.5841,27.5699,True,289,7241.13,N-L1-246-300
826,CG6-0640,2026-01-20,1,290,field,CG6-0640|2026-01-20|L1|S290,2026-01-20 10:54:58,2026-01-20 10:54:58,2026-01-20 10:54:58.000,1,1,3330.44,,,0.0021,24.7327,34.7441,425.5,0,,,True,SINGLE_READING;,5,day5,MATCHED,D5:wor:1-290,1-290,1-290,results.zip/day5.xlsx,workbook,7.40064,40.9223,1-292,True,24.7327,34.744,433.723,,0,433.723,0.15,12.5988,421.124,420.798,0.326319,20070,39511.2,False,3407.01,0.0078815,INTERPOLATED,774,858,-76.5759,0.00815647,0,True,1,-76.5759,321.235,-3.70727,99.1507,26.2822,13.4694,-0.656629,-3.35051,-4.69745,-6.04439,-7.39133,-8.73827,-9.68112,-10.0852,-11.4321,-12.7791,-14.126,0.0470031,0.030604,17.131,13.3634,0.526708,1.40631,-0.444727,-3.11742,-4.45376,-5.7901,-7.12645,-8.46279,-9.39823,-9.79914,-11.1355,-12.4718,-13.8082,27.4429,True,290,7431.79,N-L1-246-300
827,CG6-0640,2026-01-20,1,291,field,CG6-0640|2026-01-20|L1|S291,2026-01-20 10:59:12,2026-01-20 10:59:12,2026-01-20 10:59:12.000,1,1,3332.02,,,0.002,24.7345,34.7446,425,0,,,True,SINGLE_READING;,5,day5,MATCHED,D5:kml:1-291,1-291,1-291,results.zip/day5.kml,kml_only,2.44939,201.05,1-290,True,24.7345,34.7446,430.705,,0,430.705,0.15,12.5995,418.106,417.999,0.106586,19962.7,39309.2,False,3407.01,0.00788201,INTERPOLATED,774,858,-74.9891,0.00813179,0,True,1,-74.9891,318.217,-3.58963,98.2191,26.8197,13.3428,0.134014,-2.53455,-3.86883,-5.20312,-6.5374,-7.87168,-8.80568,-9.20596,-10.5402,-11.8745,-13.2088,0.0469988,0.0305974,17.044,13.2765,0.487128,1.30063,0.266756,-2.38854,-3.71618,-5.04383,-6.37147,-7.69912,-8.62847,-9.02676,-10.3544,-11.6821,-13.0097,27.317,True,291,7630.65,N-L1-246-300
828,CG6-0640,2026-01-20,1,292,field,CG6-0640|2026-01-20|L1|S292,2026-01-20 11:12:55,2026-01-20 11:12:55,2026-01-20 11:12:55.000,1,1,3330.83,,,0.0018,24.7327,34.7446,424.1,0,,,True,SINGLE_READING;,5,day5,MATCHED,D5:wor:1-292,1-292,1-292,results.zip/day5.xlsx,workbook,4.71028,52.0961,1-290,True,24.7327,34.7445,433.285,,0,433.285,0.15,12.5977,420.687,422.011,-1.3236,20028.1,39499.3,False,3407.01,0.00788378,INTERPOLATED,774,858,-76.1791,0.00808665,0,True,1,-76.1791,320.798,-3.7126,99.0159,26.5494,13.4511,-0.35276,-3.04297,-4.38808,-5.73319,-7.0783,-8.4234,-9.36498,-9.76851,-11.1136,-12.4587,-13.8038,0.046991,0.0305854,17.0639,13.2963,0.575551,1.53672,-0.0431722,-2.70243,-4.03206,-5.36168,-6.69131,-8.02094,-8.95168,-9.35057,-10.6802,-12.0098,-13.3395,27.4029,True,292,7830.2,N-L1-246-300
829,CG6-0640,2026-01-20,1,293,field,CG6-0640|2026-01-20|L1|S293,2026-01-20 11:20:42,2026-01-20 11:20:42,2026-01-20 11:20:42.000,1,1,3326.68,,,0.0029,24.7268,34.7427,434.9,0,,,True,SINGLE_READING;,5,day5,MATCHED,D5:wor:1-293,1-293,1-293,results.zip/day5.xlsx,workbook,5.35989,258.247,1-287,True,24.7268,34.7427,446.006,,0,446.006,0.15,12.5949,433.411,433.187,0.223761,20407.9,40176.5,False,3407.01,0.00788486,INTERPOLATED,774,858,-80.3296,0.00840125,0,True,1,-80.3296,333.522,-4.11317,102.943,26.7264,13.9846,-1.24273,-4.03964,-5.4381,-6.83656,-8.23502,-9.63347,-10.6124,-11.0319,-12.4304,-13.8288,-15.2273,0.0470462,0.0306701,17.6435,13.8759,0.529461,1.41366,-1.02532,-3.80049,-5.18808,-6.57567,-7.96326,-9.35084,-10.3222,-10.7384,-12.126,-13.5136,-14.9012,27.8309,True,293,8505.12,N-L1-246-300
830,CG6-0640,2026-01-20,1,294,field,CG6-0640|2026-01-20|L1|S294,2026-01-20 11:25:55,2026-01-20 11:25:55,2026-01-20 11:25:55.000,1,1,3325.44,,,0.0021,24.7242,34.7416,439.5,0,,,True,SINGLE_READING;,5,day5,MATCHED,D5:wor:1-294,1-294,1-294,results.zip/day5.xlsx,workbook,2.15188,243.05,1-295,True,24.7242,34.7416,450.49,,0,450.49,0.15,12.594,437.896,437.752,0.143678,20610.3,40488.8,False,3407.01,0.00788562,INTERPOLATED,774,858,-81.5712,0.00816045,0,True,1,-81.5712,338.007,-4.29589,104.327,27.0518,14.1726,-1.2935,-4.12802,-5.54529,-6.96255,-8.37981,-9.79708,-10.7892,-11.2143,-12.6316,-14.0489,-15.4661,0.0470038,0.030605,17.8372,14.0696,0.523822,1.39861,-1.08736,-3.90128,-5.30824,-6.71519,-8.12215,-9.52911,-10.514,-10.9361,-12.343,-13.75,-15.1569,28.0518,True,294,8820.63,N-L1-246-300
831,CG6-0640,2026-01-20,1,295,field,CG6-0640|2026-01-20|L1|S295,2026-01-20 11:30:14,2026-01-20 11:30:14,2026-01-20 11:30:14.000,1,1,3322.46,,,0.004,24.7226,34.74,439.6,0,,,True,SINGLE_READING;,5,day5,MATCHED,D5:wor:1-295,1-295,1-295,results.zip/day5.xlsx,workbook,0.991292,240.314,1-294,True,24.7226,34.74,454.415,,0,454.415,0.15,12.5955,441.82,441.281,0.538731,20827.6,40710.4,False,3407.01,0.00788626,INTERPOLATED,774,858,-84.5546,0.00884269,0,True,1,-84.5546,341.931,-4.40276,105.538,25.3862,14.3371,-3.28813,-6.15556,-7.58927,-9.02299,-10.4567,-11.8904,-12.894,-13.3241,-14.7578,-16.1916,-17.6253,0.047127,0.030794,18.0225,14.2549,0.502962,1.34291,-3.12372,-5.97471,-7.4002,-8.8257,-10.2512,-11.6767,-12.6745,-13.1022,-14.5277,-15.9532,-17.3787,28.2762,True,295,9061.54,N-L1-246-300
832,CG6-0640,2026-01-20,1,296,field,CG6-0640|2026-01-20|L1|S296,2026-01-20 11:33:47,2026-01-20 11:33:47,2026-01-20 11:33:47.000,1,1,3320.27,,,0.0038,24.7214,34.7374,451.7,0,,,True,SINGLE_READING;,5,day5,MATCHED,D5:wor:1-296,1-296,1-296,results.zip/day5.xlsx,workbook,2.64336,265.226,1-297,True,24.7214,34.7374,458.894,,0,458.894,0.15,12.599,446.295,446.338,-0.0426386,21114.1,40927,False,3407.01,0.0078868,INTERPOLATED,774,858,-86.7467,0.00875452,0,True,1,-86.7467,346.406,-4.48755,106.919,24.6601,14.5248,-4.38949,-7.29445,-8.74693,-10.1994,-11.6519,-13.1044,-14.1211,-14.5569,-16.0093,-17.4618,-18.9143,0.0471106,0.0307688,18.1927,14.4251,0.520457,1.38962,-4.19009,-7.07511,-8.51762,-9.96013,-11.4026,-12.8452,-13.8549,-14.2877,-15.7302,-17.1727,-18.6152,28.5664,True,296,9352.37,N-L1-246-300
833,CG6-0640,2026-01-20,1,297,field,CG6-0640|2026-01-20|L1|S297,2026-01-20 11:37:26,2026-01-20 11:37:26,2026-01-20 11:37:26.000,1,1,3319.07,,,0.0019,24.7191,34.7365,449.2,0,,TILT_GT_20,True,SINGLE_READING;,5,day5,MATCHED,D5:wor:1-297,1-297,1-297,results.zip/day5.xlsx,workbook,5.50657,251.127,1-298,True,24.7191,34.7365,463.129,,0,463.129,0.15,12.598,450.531,451.15,-0.619291,21287.7,41195,False,3407.01,0.00788737,INTERPOLATED,774,858,-87.9399,0.00811299,0,True,1,-87.9399,350.642,-4.64047,108.227,24.9271,14.7024,-4.47775,-7.41823,-8.88847,-10.3587,-11.829,-13.2992,-14.3284,-14.7694,-16.2397,-17.7099,-19.1802,0.0469956,0.0305924,18.3294,14.5618,0.561368,1.49885,-4.19652,-7.10889,-8.56507,-10.0212,-11.4774,-12.9336,-13.9529,-14.3898,-15.846,-17.3022,-18.7583,28.7546,True,297,9616.93,N-L1-246-300
834,CG6-0640,2026-01-20,1,298,field,CG6-0640|2026-01-20|L1|S298,2026-01-20 11:40:36,2026-01-20 11:40:36,2026-01-20 11:40:36.000,1,1,3318.01,,,0.0025,24.7169,34.7358,453.1,0,,,True,SINGLE_READING;,5,day5,MATCHED,D5:wor:1-298,1-298,1-298,results.zip/day5.xlsx,workbook,5.32245,258.066,1-297,True,24.717,34.7357,467.048,,0,467.048,0.15,12.5967,454.451,455.457,-1.00545,21447.4,41449.8,False,3407.01,0.00788788,INTERPOLATED,774,858,-88.9975,0.00827458,0,True,1,-88.9975,354.562,-4.78985,109.436,25.2289,14.8668,-4.50473,-7.47809,-8.96477,-10.4514,-11.9381,-13.4248,-14.4655,-14.9115,-16.3982,-17.8848,-19.3715,0.0470237,0.0306357,18.4103,14.6427,0.644836,1.72171,-4.05657,-6.98512,-8.44939,-9.91366,-11.3779,-12.8422,-13.8672,-14.3065,-15.7707,-17.235,-18.6993,28.9274,True,298,9871.03,N-L1-246-300
835,CG6-0640,2026-01-20,1,299,field,CG6-0640|2026-01-20|L1|S299,2026-01-20 11:44:51,2026-01-20 11:44:51,2026-01-20 11:44:51.000,1,1,3317.26,,,0.0034,24.7138,34.7361,455.9,0,,,True,SINGLE_READING;,5,day5,MATCHED,D5:wor:1-299,1-299,1-299,results.zip/day5.xlsx,workbook,4.24065,95.8464,1-300,True,24.7138,34.7361,472.284,,0,472.284,0.15,12.5922,459.692,460.016,-0.324485,21539.3,41760,False,3407.01,0.00788857,INTERPOLATED,774,858,-89.7472,0.00859008,0,True,1,-89.7472,359.803,-5.00418,111.054,26.3109,15.0865,-3.86221,-6.87952,-8.38817,-9.89683,-11.4055,-12.9141,-13.9702,-14.4228,-15.9314,-17.4401,-18.9487,0.0470803,0.0307224,18.479,14.7114,0.79589,2.12503,-3.11195,-6.05423,-7.52537,-8.99651,-10.4676,-11.9388,-12.9686,-13.4099,-14.8811,-16.3522,-17.8233,29.0462,True,299,10220.6,N-L1-246-300
836,CG6-0640,2026-01-20,1,300,field,CG6-0640|2026-01-20|L1|S300,2026-01-20 11:47:54,2026-01-20 11:47:54,2026-01-20 11:47:54.000,1,1,3316.44,,,0.0019,24.713,34.7358,466.5,0,,,True,SINGLE_READING;,5,day5,MATCHED,D5:wor:1-300,1-300,1-300,results.zip/day5.xlsx,workbook,1.27352,95.0016,1-299,True,24.713,34.7358,473.147,,0,473.147,0.15,12.5918,460.555,466.78,-6.22507,21608.5,41855,False,3407.01,0.00788908,INTERPOLATED,774,858,-90.5737,0.00811465,0,True,1,-90.5737,360.666,-5.05915,111.32,25.8058,15.1227,-4.4397,-7.46424,-8.97652,-10.4888,-12.0011,-13.5133,-14.5719,-15.0256,-16.5379,-18.0502,-19.5624,0.0469959,0.0305929,18.3381,14.5705,0.972975,2.59784,-3.33526,-6.24936,-7.70642,-9.16347,-10.6205,-12.0776,-13.0975,-13.5346,-14.9917,-16.4487,-17.9058,29.1165,True,300,10316.1,N-L1-246-300
837,CG6-0640,2026-01-20,1,301,field,CG6-0640|2026-01-20|L1|S301,2026-01-20 12:04:25,2026-01-20 12:04:25,2026-01-20 12:04:25.000,1,1,3342.53,,,0.0022,24.7438,34.7585,394.9,0,,,True,SINGLE_READING;,5,day5,MATCHED,D5:wor:1-301,1-301,1-301,results.zip/day5.xlsx,workbook,2.43007,102.629,1-250,True,24.7438,34.7585,396.852,,0,396.852,0.15,12.5737,384.278,384.017,0.261524,18323.6,37864.5,False,3407.01,0.00789197,INTERPOLATED,774,858,-64.483,0.00819287,0,True,1,-64.483,284.389,-2.94747,87.7788,26.2433,11.9244,2.39441,0.00951654,-1.18293,-2.37537,-3.56782,-4.76026,-5.59497,-5.95271,-7.14515,-8.33759,-9.53004,0.0470094,0.0306137,15.7485,11.9809,0.364277,0.972621,2.28145,-0.114738,-1.31283,-2.51092,-3.70902,-4.90711,-5.74577,-6.1052,-7.30329,-8.50138,-9.69948,25.6228,True,301,0,N-L1-301-335
838,CG6-0640,2026-01-20,1,302,field,CG6-0640|2026-01-20|L1|S302,2026-01-20 12:08:50,2026-01-20 12:08:50,2026-01-20 12:08:50.000,1,1,3342.36,,,0.0072,24.7413,34.7593,393.6,0,,STDDEV_GT_0.050,True,SINGLE_READING;,5,day5,MATCHED,D5:wor:1-302,1-302,1-302,results.zip/day5.xlsx,workbook,7.00778,260.529,1-303,True,24.7412,34.7593,399.289,,0,399.289,0.15,12.5692,386.72,386.742,-0.0217565,18325.5,38109,False,3407.01,0.00789278,INTERPOLATED,774,858,-64.6544,0.0106834,0,True,1,-64.6544,286.831,-3.12588,88.5324,27.0039,12.0268,2.95023,0.544867,-0.657814,-1.8605,-3.06318,-4.26586,-5.10774,-5.46854,-6.67122,-7.87391,-9.07659,0.0475068,0.0313721,15.8224,12.0548,0.392737,1.04861,2.89419,0.483223,-0.722261,-1.92774,-3.13323,-4.33871,-5.18255,-5.5442,-6.74968,-7.95516,-9.16065,25.6588,True,302,299.525,N-L1-301-335
839,CG6-0640,2026-01-20,1,303,field,CG6-0640|2026-01-20|L1|S303,2026-01-20 12:12:32,2026-01-20 12:12:32,2026-01-20 12:12:32.000,1,1,3342.29,,,0.0092,24.739,34.7596,393.5,0,,STDDEV_GT_0.050,True,SINGLE_READING;,5,day5,MATCHED,D5:wor:1-303,1-303,1-303,results.zip/day5.xlsx,workbook,3.03937,252.886,1-302,True,24.7389,34.7595,403.983,,0,403.983,0.15,12.5664,391.417,392.491,-1.07414,18372.3,38345.8,False,3407.01,0.00789348,INTERPOLATED,774,858,-64.7251,0.0121222,0,True,1,-64.7251,291.528,-3.28165,89.982,28.5385,12.2238,4.09097,1.64622,0.423844,-0.798532,-2.02091,-3.24328,-4.09895,-4.46566,-5.68803,-6.91041,-8.13278,0.0478509,0.0318908,15.9273,12.1597,0.484784,1.29437,4.21903,1.78708,0.571107,-0.644866,-1.86084,-3.07681,-3.92799,-4.29278,-5.50876,-6.72473,-7.9407,25.7323,True,303,553.278,N-L1-301-335
840,CG6-0640,2026-01-20,1,304,field,CG6-0640|2026-01-20|L1|S304,2026-01-20 12:16:29,2026-01-20 12:16:29,2026-01-20 12:16:29.000,1,1,3341.44,,,0.0018,24.7366,34.7594,400.8,0,,,True,SINGLE_READING;,5,day5,MATCHED,D5:wor:1-304,1-304,1-304,results.zip/day5.xlsx,workbook,3.97652,263.689,1-303,True,24.7366,34.7594,407.994,,0,407.994,0.15,12.5646,395.429,395.573,-0.143609,18463.7,38601.7,False,3407.01,0.00789424,INTERPOLATED,774,858,-65.571,0.00809685,0,True,1,-65.571,295.54,-3.44494,91.2205,29.0944,12.392,4.31041,1.83201,0.592808,-0.646394,-1.88559,-3.1248,-3.99224,-4.364,-5.6032,-6.8424,-8.0816,0.0469928,0.0305881,16.024,12.2564,0.556364,1.48549,4.58163,2.13035,0.904705,-0.320936,-1.54658,-2.77222,-3.63016,-3.99786,-5.2235,-6.44914,-7.67478,25.8498,True,304,818.34,N-L1-301-335
841,CG6-0640,2026-01-20,1,305,field,CG6-0640|2026-01-20|L1|S305,2026-01-20 12:20:03,2026-01-20 12:20:03,2026-01-20 12:20:03.000,1,1,3340.87,,,0.0028,24.7346,34.7612,404.4,0,,,True,SINGLE_READING;,5,day5,MATCHED,D5:wor:1-305,1-305,1-305,results.zip/day5.xlsx,workbook,4.37801,270.881,1-306,True,24.7346,34.7612,412.808,,0,412.808,0.15,12.5578,400.25,400.01,0.240605,18358.6,38756.9,False,3407.01,0.00789493,INTERPOLATED,774,858,-66.1365,0.00837675,0,True,1,-66.1365,300.361,-3.58308,92.7083,30.1549,12.5941,4.96663,2.4478,1.18839,-0.0710271,-1.33044,-2.58986,-3.47145,-3.84927,-5.10869,-6.3681,-7.62752,0.0470418,0.0306634,16.2491,12.4815,0.533395,1.42416,5.19191,2.69561,1.44746,0.199305,-1.04885,-2.297,-3.1707,-3.54515,-4.7933,-6.04145,-7.2896,25.7717,True,305,1108.09,N-L1-301-335
842,CG6-0640,2026-01-20,1,306,field,CG6-0640|2026-01-20|L1|S306,2026-01-20 12:23:10,2026-01-20 12:23:10,2026-01-20 12:23:10.000,1,1,3340.18,,,0.0019,24.7323,34.762,403.1,0,,,True,SINGLE_READING;,5,day5,MATCHED,D5:wor:1-306,1-306,1-306,results.zip/day5.xlsx,workbook,4.57394,252.53,1-307,True,24.7322,34.7619,416.6,,0,416.6,0.15,12.5538,404.046,404.014,0.0317979,18372.9,38981.2,False,3407.01,0.00789555,INTERPOLATED,774,858,-66.831,0.00812094,0,True,1,-66.831,304.157,-3.74234,93.8799,30.7912,12.7533,5.2846,2.73394,1.45861,0.183277,-1.09205,-2.36739,-3.26012,-3.64272,-4.91805,-6.19338,-7.46871,0.046997,0.0305945,16.4899,12.7223,0.451754,1.20618,5.3466,2.80213,1.5299,0.25767,-1.01456,-2.28679,-3.17736,-3.55903,-4.83126,-6.10349,-7.37572,25.812,True,306,1376.27,N-L1-301-335
843,CG6-0640,2026-01-20,1,307,field,CG6-0640|2026-01-20|L1|S307,2026-01-20 12:27:01,2026-01-20 12:27:01,2026-01-20 12:27:01.000,1,1,3339.11,,,0.002,24.7301,34.7625,411.7,0,,,True,SINGLE_READING;,5,day5,MATCHED,D5:wor:1-307,1-307,1-307,results.zip/day5.xlsx,workbook,4.86579,247.261,1-306,True,24.73,34.7625,421.365,,0,421.365,0.15,12.5504,408.815,408.756,0.0584054,18404.3,39198.1,False,3407.01,0.00789633,INTERPOLATED,774,858,-67.9046,0.00814567,0,True,1,-67.9046,308.926,-3.89288,95.3516,31.3399,12.9533,5.43341,2.84275,1.54743,0.252105,-1.04322,-2.33855,-3.24527,-3.63387,-4.9292,-6.22452,-7.51985,0.0470012,0.0306011,16.7323,12.9647,0.409324,1.09289,5.41054,2.8176,1.52113,0.224665,-1.0718,-2.36827,-3.2758,-3.66474,-4.96121,-6.25768,-7.55415,25.8662,True,307,1626.15,N-L1-301-335
844,CG6-0640,2026-01-20,1,308,field,CG6-0640|2026-01-20|L1|S308,2026-01-20 12:30:45,2026-01-20 12:30:45,2026-01-20 12:30:45.000,1,1,3337.94,,,0.0027,24.7279,34.7632,413.6,0,,,True,SINGLE_READING;,5,day5,MATCHED,D5:wor:1-308,1-308,1-308,results.zip/day5.xlsx,workbook,7.43419,248.381,1-307,True,24.7278,34.7631,425.767,,0,425.767,0.15,12.5467,413.22,413.242,-0.0213806,18425.5,39409.1,False,3407.01,0.00789709,INTERPOLATED,774,858,-69.0727,0.0083459,0,True,1,-69.0727,313.331,-4.04369,96.7114,31.6823,13.138,5.40636,2.77876,1.46496,0.151167,-1.16263,-2.47643,-3.39609,-3.79023,-5.10403,-6.41782,-7.73162,0.0470363,0.030655,16.9275,13.1599,0.398852,1.06493,5.36255,2.73057,1.41458,0.0985938,-1.21739,-2.53338,-3.45458,-3.84937,-5.16536,-6.48135,-7.79734,25.9106,True,308,1879.73,N-L1-301-335
845,CG6-0640,2026-01-20,1,309,field,CG6-0640|2026-01-20|L1|S309,2026-01-20 12:33:55,2026-01-20 12:33:55,2026-01-20 12:33:55.000,1,1,3336.8,,,0.0021,24.7258,34.7645,417.9,0,,,True,SINGLE_READING;,5,day5,MATCHED,D5:wor:1-309,1-309,1-309,results.zip/day5.xlsx,workbook,3.62648,235.06,1-310,True,24.7258,34.7645,430.271,,0,430.271,0.15,12.5413,417.73,418.921,-1.19181,18381.1,39591.3,False,3407.01,0.00789775,INTERPOLATED,774,858,-70.2086,0.00817218,0,True,1,-70.2086,317.841,-4.18496,98.1031,32.0795,13.3271,5.42533,2.75992,1.42721,0.0945029,-1.2382,-2.57091,-3.5038,-3.90362,-5.23632,-6.56903,-7.90173,0.0470058,0.0306082,17.1108,13.3432,0.404577,1.08022,5.39297,2.72432,1.39,0.0556716,-1.27865,-2.61298,-3.547,-3.9473,-5.28162,-6.61595,-7.95027,25.8854,True,309,2148.14,N-L1-301-335
846,CG6-0640,2026-01-20,1,310,field,CG6-0640|2026-01-20|L1|S310,2026-01-20 12:37:32,2026-01-20 12:37:32,2026-01-20 12:37:32.000,1,1,3335.57,,,0.003,24.724,34.7658,428.4,0,,,True,SINGLE_READING;,5,day5,MATCHED,D5:wor:1-310,1-310,1-310,results.zip/day5.xlsx,workbook,6.05541,230.968,1-309,True,24.724,34.7658,434.273,,0,434.273,0.15,12.5366,421.736,421.651,0.0857727,18337.7,39742.9,False,3407.01,0.00789851,INTERPOLATED,774,858,-71.4462,0.00844905,0,True,1,-71.4462,321.847,-4.30672,99.3397,32.2002,13.4951,5.21012,2.51111,1.1616,-0.187907,-1.53741,-2.88692,-3.83157,-4.23643,-5.58593,-6.93544,-8.28494,0.0470548,0.0306832,17.2544,13.4868,0.428977,1.14537,5.22656,2.52919,1.18051,-0.168179,-1.51686,-2.86555,-3.80963,-4.21423,-5.56292,-6.9116,-8.26028,25.8628,True,310,2381.37,N-L1-301-335
847,CG6-0640,2026-01-20,1,311,field,CG6-0640|2026-01-20|L1|S311,2026-01-20 12:41:01,2026-01-20 12:41:01,2026-01-20 12:41:01.000,1,1,3333.9,,,0.0029,24.7213,34.7657,423.4,0,,,True,SINGLE_READING;,5,day5,MATCHED,D5:wor:1-311,1-311,1-311,results.zip/day5.xlsx,workbook,6.82442,274.477,1-312,True,24.7213,34.7657,440.031,,0,440.031,0.15,12.5345,427.496,427.615,-0.118379,18461.4,40033.6,False,3407.01,0.00789926,INTERPOLATED,774,858,-73.1144,0.00841477,0,True,1,-73.1144,327.608,-4.49281,101.117,32.4959,13.7366,5.02269,2.27537,0.901717,-0.471942,-1.8456,-3.21926,-4.18082,-4.59292,-5.96658,-7.34023,-8.71389,0.0470486,0.0306738,17.5172,13.7496,0.407762,1.08872,4.9967,2.24679,0.871828,-0.50313,-1.87809,-3.25305,-4.21552,-4.628,-6.00296,-7.37792,-8.75288,26.0072,True,311,2683.22,N-L1-301-335
848,CG6-0640,2026-01-20,1,312,field,CG6-0640|2026-01-20|L1|S312,2026-01-20 12:44:22,2026-01-20 12:44:22,2026-01-20 12:44:22.000,1,1,3332.45,,,0.003,24.7191,34.7667,433.7,0,,,True,SINGLE_READING;,5,day5,MATCHED,D5:wor:1-312,1-312,1-312,results.zip/day5.xlsx,workbook,8.31198,261.241,1-313,True,24.719,34.7666,444.779,,0,444.779,0.15,12.5302,432.249,432.706,-0.457472,18474,40248,False,3407.01,0.00789999,INTERPOLATED,774,858,-74.5571,0.00845043,0,True,1,-74.5571,332.36,-4.64858,102.584,32.6757,13.9358,4.80396,2.01679,0.623202,-0.770383,-2.16397,-3.55755,-4.53306,-4.95114,-6.34472,-7.73831,-9.13189,0.047055,0.0306836,17.6856,13.918,0.438566,1.17097,4.83957,2.05597,0.664162,-0.727642,-2.11945,-3.51125,-4.48551,-4.90305,-6.29486,-7.68666,-9.07847,26.0401,True,312,2953.31,N-L1-301-335
849,CG6-0640,2026-01-20,1,313,field,CG6-0640|2026-01-20|L1|S313,2026-01-20 12:47:28,2026-01-20 12:47:28,2026-01-20 12:47:28.000,1,1,3331.26,,,0.0034,24.7173,34.7683,438.1,0,,,True,SINGLE_READING;,5,day5,MATCHED,D5:wor:1-313,1-313,1-313,results.zip/day5.xlsx,workbook,6.88274,255.13,1-312,True,24.7173,34.7683,450.147,,0,450.147,0.15,12.5246,437.622,438.358,-0.735813,18404.4,40391.9,False,3407.01,0.00790067,INTERPOLATED,774,858,-75.7476,0.0086012,0,True,1,-75.7476,337.733,-4.7697,104.243,33.2647,14.1612,4.94242,2.11018,0.694066,-0.72205,-2.13817,-3.55428,-4.54556,-4.9704,-6.38652,-7.80263,-9.21875,0.0470823,0.0307255,17.8735,14.1059,0.476023,1.27098,5.05295,2.23177,0.821179,-0.589411,-2,-3.41059,-4.398,-4.82118,-6.23177,-7.64236,-9.05295,25.9856,True,313,3211.59,N-L1-301-335
850,CG6-0640,2026-01-20,1,314,field,CG6-0640|2026-01-20|L1|S314,2026-01-20 12:50:58,2026-01-20 12:50:58,2026-01-20 12:50:58.000,1,1,3330.16,,,0.0056,24.7164,34.7707,440.3,0,,,True,SINGLE_READING;,5,day5,MATCHED,D5:wor:1-314,1-314,1-314,results.zip/day5.xlsx,workbook,6.00164,248.043,1-315,True,24.7163,34.7707,455.338,,0,455.338,0.15,12.5178,442.82,442.865,-0.0448383,18229.2,40426.5,False,3407.01,0.00790145,INTERPOLATED,774,858,-76.8491,0.00968468,0,True,1,-76.8491,342.931,-4.8331,105.847,33.8308,14.3791,5.07256,2.19674,0.758828,-0.679082,-2.11699,-3.5549,-4.56144,-4.99281,-6.43072,-7.86863,-9.30655,0.0472923,0.0310462,18.0772,14.3096,0.490269,1.30902,5.21158,2.34967,0.918707,-0.512253,-1.94321,-3.37417,-4.37584,-4.80513,-6.23609,-7.66705,-9.09801,25.8228,True,314,3474.93,N-L1-301-335
851,CG6-0640,2026-01-20,1,315,field,CG6-0640|2026-01-20|L1|S315,2026-01-20 12:54:31,2026-01-20 12:54:31,2026-01-20 12:54:31.000,1,1,3328.87,,,0.0033,24.715,34.7726,455.1,0,,,True,SINGLE_READING;,5,day5,MATCHED,D5:wor:1-315,1-315,1-315,results.zip/day5.xlsx,workbook,7.00251,245.444,1-314,True,24.7149,34.7726,461.311,,0,461.311,0.15,12.5121,448.799,449.326,-0.527267,18125.2,40527,False,3407.01,0.00790226,INTERPOLATED,774,858,-78.1395,0.00856363,0,True,1,-78.1395,348.91,-4.92987,107.692,34.4824,14.6298,5.22285,2.29689,0.833911,-0.629069,-2.09205,-3.55503,-4.57911,-5.01801,-6.48099,-7.94397,-9.40695,0.0470755,0.030715,18.3417,14.5742,0.476402,1.27199,5.33414,2.41931,0.961894,-0.495521,-1.95294,-3.41035,-4.43054,-4.86777,-6.32518,-7.7826,-9.24001,25.734,True,315,3721.28,N-L1-301-335
852,CG6-0640,2026-01-20,1,316,field,CG6-0640|2026-01-20|L1|S316,2026-01-20 12:58:58,2026-01-20 12:58:58,2026-01-20 12:58:58.000,1,1,3326.32,,,0.0025,24.7136,34.7748,463.2,0,,,True,SINGLE_READING;,5,day5,MATCHED,D5:wor:1-316,1-316,1-316,results.zip/day5.xlsx,workbook,2.7887,191.799,1-317,True,24.7135,34.7748,474.581,,0,474.581,0.15,12.5055,462.076,464.414,-2.33836,17994.8,40620.8,False,3407.01,0.00790328,INTERPOLATED,774,858,-80.6906,0.00828926,0,True,1,-80.6906,362.187,-5.02466,111.79,36.1236,15.1865,5.7506,2.7133,1.19466,-0.323993,-1.84264,-3.36129,-4.42434,-4.87994,-6.39859,-7.91723,-9.43588,0.0470263,0.0306396,18.9314,15.1639,0.443381,1.18383,5.79585,2.76308,1.24669,-0.269695,-1.78608,-3.30247,-4.36394,-4.81885,-6.33524,-7.85162,-9.36801,25.6123,True,316,3996.68,N-L1-301-335
853,CG6-0640,2026-01-20,1,317,field,CG6-0640|2026-01-20|L1|S317,2026-01-20 13:09:32,2026-01-20 13:09:32,2026-01-20 13:09:32.000,1,1,3328.17,,,0.0018,24.7132,34.7767,458.7,0,,,True,SINGLE_READING;,5,day5,MATCHED,D5:wor:1-317,1-317,1-317,results.zip/day5.xlsx,workbook,7.37635,192.169,1-316,True,24.7132,34.7767,465.555,,0,465.555,0.15,12.5007,453.054,454.834,-1.77925,17843.1,40609.2,False,3407.01,0.00790579,INTERPOLATED,774,858,-78.8444,0.00810811,0,True,1,-78.8444,353.165,-5.05024,109.005,35.2112,14.8082,5.59479,2.63315,1.15232,-0.328498,-1.80932,-3.29014,-4.32672,-4.77096,-6.25179,-7.73261,-9.21343,0.0469947,0.0305911,18.5298,14.7622,0.46675,1.24622,5.68678,2.73433,1.25811,-0.218114,-1.69434,-3.17056,-4.20392,-4.64678,-6.12301,-7.59923,-9.07545,25.4726,True,317,4187.28,N-L1-301-335
854,CG6-0640,2026-01-20,1,318,field,CG6-0640|2026-01-20|L1|S318,2026-01-20 13:13:29,2026-01-20 13:13:29,2026-01-20 13:13:29.000,1,1,3328.72,,,0.0029,24.7114,34.7783,450.6,0,,,True,SINGLE_READING;,5,day5,MATCHED,D5:wor:1-318,1-318,1-318,results.zip/day5.xlsx,workbook,5.35699,216.828,1-319,True,24.7113,34.7783,458.865,,0,458.865,0.15,12.4954,446.37,452.709,-6.33986,17796.7,40769.6,False,3407.01,0.00790675,INTERPOLATED,774,858,-78.291,0.0084218,0,True,1,-78.291,346.481,-5.17689,106.942,33.8282,14.5279,4.77235,1.86676,0.41397,-1.03882,-2.49162,-3.94441,-4.96137,-5.3972,-6.85,-8.30279,-9.75558,0.0470499,0.0306758,18.1318,14.3642,0.584459,1.5605,5.09975,2.22691,0.790484,-0.645939,-2.08236,-3.51879,-4.52428,-4.95521,-6.39163,-7.82806,-9.26448,25.4364,True,318,4450.14,N-L1-301-335
855,CG6-0640,2026-01-20,1,319,field,CG6-0640|2026-01-20|L1|S319,2026-01-20 13:17:32,2026-01-20 13:17:32,2026-01-20 13:17:32.000,1,1,3329.87,,,0.009,24.7101,34.7799,442.3,0,,STDDEV_GT_0.050,True,SINGLE_READING;,5,day5,MATCHED,D5:wor:1-319,1-319,1-319,results.zip/day5.xlsx,workbook,7.696,209.14,1-318,True,24.71,34.7798,452.371,,0,452.371,0.15,12.4907,439.88,442.864,-2.98323,17726.7,40870.3,False,3407.01,0.00790776,INTERPOLATED,774,858,-77.14,0.0119805,0,True,1,-77.14,339.991,-5.26654,104.939,33.066,14.2558,4.55434,1.70317,0.27759,-1.14799,-2.57358,-3.99916,-4.99707,-5.42474,-6.85033,-8.27591,-9.70149,0.0478152,0.0318372,17.9045,14.1369,0.539683,1.44095,4.79219,1.96481,0.551121,-0.86257,-2.27626,-3.68995,-4.67954,-5.10364,-6.51733,-7.93102,-9.34472,25.3785,True,319,4663.34,N-L1-301-335
856,CG6-0640,2026-01-20,1,320,field,CG6-0640|2026-01-20|L1|S320,2026-01-20 13:22:38,2026-01-20 13:22:38,2026-01-20 13:22:38.000,1,1,3330.87,,,0.0016,24.7087,34.7815,442.2,0,,,True,SINGLE_READING;,5,day5,MATCHED,D5:wor:1-320,1-320,1-320,results.zip/day5.xlsx,workbook,3.22638,218.239,1-319,True,24.7087,34.7814,445.592,,0,445.592,0.15,12.486,433.106,433.681,-0.575104,17658.4,40978.6,False,3407.01,0.00790904,INTERPOLATED,774,858,-76.1399,0.00806926,0,True,1,-76.1399,333.217,-5.35658,102.849,32.0655,13.9718,4.12187,1.32752,-0.0696633,-1.46684,-2.86402,-4.2612,-5.23923,-5.65838,-7.05556,-8.45274,-9.84992,0.0469881,0.0305808,17.6312,13.8636,0.528923,1.41222,4.33821,1.56548,0.179118,-1.20724,-2.59361,-3.97997,-4.95042,-5.36633,-6.7527,-8.13906,-9.52542,25.3178,True,320,4881.11,N-L1-301-335
857,CG6-0640,2026-01-20,1,321,field,CG6-0640|2026-01-20|L1|S321,2026-01-20 13:26:33,2026-01-20 13:26:33,2026-01-20 13:26:33.000,1,1,3332.39,,,0.0023,24.7083,34.7839,430.3,0,,,True,SINGLE_READING;,5,day5,MATCHED,D5:wor:1-321,1-321,1-321,results.zip/day5.xlsx,workbook,6.07326,253.212,1-320,True,24.7083,34.7839,439.461,,0,439.461,0.15,12.4797,426.981,427.181,-0.199993,17463.3,40960.2,False,3407.01,0.00791004,INTERPOLATED,774,858,-74.6216,0.00823764,0,True,1,-74.6216,327.092,-5.38389,100.958,31.7208,13.715,4.29081,1.54782,0.17632,-1.19518,-2.56668,-3.93817,-4.89822,-5.30967,-6.68117,-8.05267,-9.42417,0.0470173,0.0306257,17.4492,13.6816,0.454159,1.2126,4.35762,1.6213,0.253143,-1.11501,-2.48317,-3.85133,-4.80904,-5.21949,-6.58765,-7.9558,-9.32396,25.1279,True,321,5137.05,N-L1-301-335
875,CG6-0640,2026-01-21,1,335,field,CG6-0640|2026-01-21|L1|S335,2026-01-21 11:34:26,2026-01-21 11:34:26,2026-01-21 11:34:26.000,1,1,3332.17,,,0.0032,24.7079,34.7842,432.9,0,,,True,SINGLE_READING;,6,day6,MATCHED,D6:wor:1-335,1-335,1-335,results.zip/day6.xlsx,workbook,2.3795,146.51,1-347,True,24.7078,34.7842,439.6,,0,439.6,0.15,12.4785,427.122,428.548,-1.42617,17464.7,41005.8,False,3407.01,0.00787443,INTERPOLATED,861,898,-74.8411,0.0084998,0,True,1,-74.8411,327.233,-5.41467,101.002,31.5753,13.7209,4.13357,1.3894,0.0173093,-1.35478,-2.72686,-4.09895,-5.05941,-5.47104,-6.84312,-8.21521,-9.58729,0.0470639,0.0306973,17.4535,13.686,0.45566,1.21661,4.20337,1.46618,0.0975868,-1.27101,-2.6396,-4.0082,-4.96622,-5.3768,-6.74539,-8.11399,-9.48258,25.1323,True,335,5193.51,N-L1-301-335
877,CG6-0640,2026-01-21,1,337,field,CG6-0640|2026-01-21|L1|S337,2026-01-21 11:51:51,2026-01-21 11:51:51,2026-01-21 11:51:51.000,1,1,3323.51,,,0.0018,24.7071,34.7715,458.9,0,,,True,SINGLE_READING;,6,day6,MATCHED,D6:wor:1-337,1-337,1-337,results.zip/day6.xlsx,workbook,3.4401,151.056,1-338,True,24.7071,34.7715,469.576,,0,469.576,0.15,12.5077,457.068,457.652,-0.583506,18629.8,41402.6,False,3407.01,0.00787595,INTERPOLATED,861,898,-83.5029,0.00807902,0,True,1,-83.5029,357.179,-5.46796,110.244,32.2093,14.9765,2.25624,-0.739066,-2.23672,-3.73437,-5.23203,-6.72968,-7.77804,-8.22733,-9.72498,-11.2226,-12.7203,0.0469897,0.0305834,18.55,14.7824,0.614895,1.64177,2.64452,-0.311963,-1.7902,-3.26844,-4.74668,-6.22492,-7.25969,-7.70316,-9.1814,-10.6596,-12.1379,26.2707,True,337,0,N-L1-337-346
878,CG6-0640,2026-01-21,1,338,field,CG6-0640|2026-01-21|L1|S338,2026-01-21 11:55:30,2026-01-21 11:55:30,2026-01-21 11:55:30.000,1,1,3322.34,,,0.0025,24.7084,34.7708,496.9,0,,,True,SINGLE_READING;,6,day6,MATCHED,D6:wor:1-338,1-338,1-338,results.zip/day6.xlsx,workbook,5.74411,128.472,1-339,True,24.7083,34.7708,475.738,,0,475.738,0.15,12.5112,463.227,466.511,-3.28373,18618,41283.7,False,3407.01,0.0078763,INTERPOLATED,861,898,-84.6707,0.00826354,0,True,1,-84.6707,363.338,-5.38212,112.145,32.8563,15.2348,2.38676,-0.660195,-2.18367,-3.70715,-5.23062,-6.7541,-7.82053,-8.27757,-9.80105,-11.3245,-12.848,0.0470218,0.0306327,18.6371,14.8695,0.786037,2.09872,3.11732,0.143422,-1.34353,-2.83047,-4.31742,-5.80437,-6.84523,-7.29132,-8.77826,-10.2652,-11.7522,26.2564,True,338,154.455,N-L1-337-346
879,CG6-0640,2026-01-21,1,339,field,CG6-0640|2026-01-21|L1|S339,2026-01-21 11:59:00,2026-01-21 11:59:00,2026-01-21 11:59:00.000,1,1,3321.73,,,0.002,24.7095,34.7706,501.5,0,,,True,SINGLE_READING;,6,day6,MATCHED,D6:wor:1-339,1-339,1-339,results.zip/day6.xlsx,workbook,6.23858,111.824,1-340,True,24.7095,34.7707,481.651,,0,481.651,0.15,12.5125,469.139,475.967,-6.82887,18574.7,41160.9,False,3407.01,0.00787666,INTERPOLATED,861,898,-85.2749,0.00812661,0,True,1,-85.2749,369.25,-5.30162,113.969,33.9961,15.4826,3.03079,-0.0657366,-1.614,-3.16226,-4.71053,-6.25879,-7.34258,-7.80705,-9.35532,-10.9036,-12.4518,0.0469979,0.030596,18.8933,15.1257,0.77769,2.07643,3.74466,0.719516,-0.793054,-2.30562,-3.81819,-5.33076,-6.38956,-6.84333,-8.35591,-9.86848,-11.381,26.2027,True,339,285.886,N-L1-337-346
880,CG6-0640,2026-01-21,1,340,field,CG6-0640|2026-01-21|L1|S340,2026-01-21 12:03:13,2026-01-21 12:03:13,2026-01-21 12:03:13.000,1,1,3320.51,,,0.0015,24.7106,34.7705,504.6,0,,,True,SINGLE_READING;,6,day6,MATCHED,D6:wor:1-340,1-340,1-340,results.zip/day6.xlsx,workbook,10.6005,121.753,1-339,True,24.7105,34.7704,490.258,,0,490.258,0.15,12.5139,477.744,484.302,-6.55817,18534.3,41053.8,False,3407.01,0.00787711,INTERPOLATED,861,898,-86.5023,0.00801865,0,True,1,-86.5023,377.855,-5.23048,116.625,35.3534,15.8435,3.66651,0.497818,-1.08653,-2.67088,-4.25522,-5.83957,-6.94861,-7.42392,-9.00826,-10.5926,-12.177,0.0469794,0.0305675,19.2776,15.51,0.754178,2.01365,4.33335,1.23134,-0.319661,-1.87067,-3.42167,-4.97267,-6.05838,-6.52368,-8.07468,-9.62569,-11.1767,26.1658,True,340,403.93,N-L1-337-346
881,CG6-0640,2026-01-21,1,341,field,CG6-0640|2026-01-21|L1|S341,2026-01-21 12:17:27,2026-01-21 12:17:27,2026-01-21 12:17:27.000,1,1,3318.83,,,0.0022,24.7074,34.7663,476.4,0,,,True,SINGLE_READING;,6,day6,MATCHED,D6:kml:1-341,1-341,1-341,results.zip/day6.kml,kml_only,8.69329,219.031,1-342,True,24.7074,34.7663,486.21,,0,486.21,0.15,12.5203,473.689,474.885,-1.19614,19068.5,41502.5,False,3407.01,0.00787875,INTERPOLATED,861,898,-88.1757,0.00818014,0,True,1,-88.1757,373.8,-5.44777,115.374,32.6459,15.6735,1.29903,-1.83566,-3.403,-4.97035,-6.53769,-8.10504,-9.20218,-9.67238,-11.2397,-12.8071,-14.3744,0.0470072,0.0306103,19.2416,15.474,0.620188,1.6559,1.69789,-1.39691,-2.94431,-4.49171,-6.03911,-7.58652,-8.6697,-9.13392,-10.6813,-12.2287,-13.7761,26.6986,True,341,945.492,N-L1-337-346
882,CG6-0640,2026-01-21,1,342,field,CG6-0640|2026-01-21|L1|S342,2026-01-21 12:23:46,2026-01-21 12:23:46,2026-01-21 12:23:46.000,1,1,3317.63,,,0.0016,24.7093,34.7654,478.2,0,,,True,SINGLE_READING;,6,day6,MATCHED,D6:wor:1-342,1-342,1-342,results.zip/day6.xlsx,workbook,9.99942,106.771,1-343,True,24.7092,34.7655,496.066,,0,496.066,0.15,12.5248,483.541,485.944,-2.40272,19052.9,41325,False,3407.01,0.00787955,INTERPOLATED,861,898,-89.3808,0.00804035,0,True,1,-89.3808,383.652,-5.31901,118.414,34.3526,16.0865,2.17953,-1.03778,-2.64643,-4.25509,-5.86374,-7.47239,-8.59845,-9.08105,-10.6897,-12.2984,-13.907,0.0469831,0.0305732,19.5239,15.7563,0.750973,2.0051,2.83996,-0.311302,-1.88693,-3.46257,-5.0382,-6.61383,-7.71677,-8.18946,-9.7651,-11.3407,-12.9164,26.6706,True,342,1172.65,N-L1-337-346
883,CG6-0640,2026-01-21,1,343,field,CG6-0640|2026-01-21|L1|S343,2026-01-21 12:27:22,2026-01-21 12:27:22,2026-01-21 12:27:22.000,1,1,3316.23,,,0.0017,24.7102,34.765,511.4,0,,,True,SINGLE_READING;,6,day6,MATCHED,D6:wor:1-343,1-343,1-343,results.zip/day6.xlsx,workbook,9.54817,118.105,1-342,True,24.7102,34.765,501.582,,0,501.582,0.15,12.5267,489.055,496.188,-7.13259,19043,41239,False,3407.01,0.00788002,INTERPOLATED,861,898,-90.7757,0.00806131,0,True,1,-90.7757,389.166,-5.25405,120.116,34.5945,16.3177,1.95902,-1.30453,-2.9363,-4.56808,-6.19985,-7.83163,-8.97387,-9.4634,-11.0952,-12.7269,-14.3587,0.0469867,0.0305787,19.4997,15.7321,1.00642,2.68713,3.13034,-0.0160753,-1.58928,-3.16249,-4.7357,-6.30891,-7.41015,-7.88212,-9.45532,-11.0285,-12.6017,26.661,True,343,1289.06,N-L1-337-346
884,CG6-0640,2026-01-21,1,344,field,CG6-0640|2026-01-21|L1|S344,2026-01-21 12:41:10,2026-01-21 12:41:10,2026-01-21 12:41:10.000,1,1,3317.34,,,0.002,24.7069,34.7635,472.3,0,,,True,SINGLE_READING;,6,day6,MATCHED,D6:wor:1-344,1-344,1-344,results.zip/day6.xlsx,workbook,10.3336,68.3907,1-345,True,24.7068,34.7635,488.792,,0,488.792,0.15,12.5261,476.266,478.45,-2.18386,19348.1,41640.5,False,3407.01,0.00788196,INTERPOLATED,861,898,-89.6718,0.00813175,0,True,1,-89.6718,376.377,-5.48785,116.169,31.9851,15.7815,0.422151,-2.73415,-4.31229,-5.89044,-7.46859,-9.04674,-10.1514,-10.6249,-12.203,-13.7812,-15.3593,0.0469988,0.0305974,19.3515,15.5839,0.618341,1.65097,0.817319,-2.29946,-3.85785,-5.41624,-6.97463,-8.53302,-9.6239,-10.0914,-11.6498,-13.2082,-14.7666,26.9748,True,344,1694.55,N-L1-337-346
885,CG6-0640,2026-01-21,1,345,field,CG6-0640|2026-01-21|L1|S345,2026-01-21 12:44:07,2026-01-21 12:44:07,2026-01-21 12:44:07.000,1,1,3316.9,,,0.0021,24.7075,34.7633,477.6,0,,,True,SINGLE_READING;,6,day6,MATCHED,D6:wor:1-345,1-345,1-345,results.zip/day6.xlsx,workbook,11.9283,61.8866,1-346,True,24.7074,34.7633,491.562,,0,491.562,0.15,12.5278,479.034,482.317,-3.2829,19335,41575.6,False,3407.01,0.00788241,INTERPOLATED,861,898,-90.1051,0.00815735,0,True,1,-90.1051,379.145,-5.44274,117.023,32.3611,15.8976,0.565969,-2.61354,-4.2033,-5.79306,-7.38281,-8.97257,-10.0854,-10.5623,-12.1521,-13.7418,-15.3316,0.0470033,0.0306042,19.4085,15.6409,0.677454,1.8088,1.07936,-2.04881,-3.6129,-5.17698,-6.74107,-8.30515,-9.40002,-9.86924,-11.4333,-12.9974,-14.5615,26.9616,True,345,1772.68,N-L1-337-346
886,CG6-0640,2026-01-21,1,346,field,CG6-0640|2026-01-21|L1|S346,2026-01-21 12:47:16,2026-01-21 12:47:16,2026-01-21 12:47:16.000,1,1,3316.33,,,0.0022,24.7082,34.7635,488.1,0,,,True,SINGLE_READING;,6,day6,MATCHED,D6:wor:1-346,1-346,1-346,results.zip/day6.xlsx,workbook,9.55313,82.157,1-345,True,24.7081,34.7634,495.5,,0,495.5,0.15,12.5285,482.971,487.005,-4.03369,19290.7,41505.5,False,3407.01,0.00788289,INTERPOLATED,861,898,-90.6799,0.00818412,0,True,1,-90.6799,383.083,-5.39793,118.239,32.9566,16.0627,0.831273,-2.38126,-3.98752,-5.59379,-7.20005,-8.80632,-9.9307,-10.4126,-12.0188,-13.6251,-15.2314,0.0470079,0.0306114,19.4811,15.7135,0.769858,2.05552,1.52948,-1.61323,-3.18459,-4.75594,-6.3273,-7.89865,-8.9986,-9.47001,-11.0414,-12.6127,-14.1841,26.9148,True,346,1846.38,N-L1-337-346
887,CG6-0640,2026-01-21,1,347,field,CG6-0640|2026-01-21|L1|S347,2026-01-21 13:09:55,2026-01-21 13:09:55,2026-01-21 13:09:55.000,1,1,3331.19,,,0.0057,24.7081,34.7828,427.5,0,,,True,SINGLE_READING;,6,day6,MATCHED,D6:wor:1-347,1-347,1-347,results.zip/day6.xlsx,workbook,7.57798,144.597,1-335,True,24.7081,34.7828,445.056,,0,445.056,0.15,12.4822,432.574,433.341,-0.766707,17573.3,41009.9,False,3407.01,0.00788665,INTERPOLATED,861,898,-75.8166,0.00973084,0,True,1,-75.8166,332.685,-5.39965,102.685,32.2676,13.9495,4.36861,1.57871,0.183767,-1.21118,-2.60613,-4.00108,-4.97754,-5.39602,-6.79097,-8.18592,-9.58087,0.0473017,0.0310607,17.7121,13.9445,0.425745,1.13674,4.37859,1.58969,0.19524,-1.19921,-2.59366,-3.98811,-4.96422,-5.38256,-6.777,-8.17145,-9.5659,25.2404,True,347,0,N-L1-347-357
888,CG6-0640,2026-01-21,1,348,field,CG6-0640|2026-01-21|L1|S348,2026-01-21 13:15:39,2026-01-21 13:15:39,2026-01-21 13:15:39.000,1,1,3336.6,,,0.0019,24.7133,34.7852,416.8,0,,,True,SINGLE_READING;,6,day6,MATCHED,D6:wor:1-348,1-348,1-348,results.zip/day6.xlsx,workbook,8.83075,93.4627,1-349,True,24.7133,34.7851,426.559,,0,426.559,0.15,12.48,414.079,416.649,-2.57024,17082.3,40390.4,False,3407.01,0.00788769,INTERPOLATED,861,898,-70.4146,0.0081133,0,True,1,-70.4146,314.19,-5.04288,96.9764,31.6047,13.174,5.25671,2.62191,1.30451,-0.0128885,-1.33029,-2.64769,-3.56987,-3.96508,-5.28248,-6.59988,-7.91728,0.0469956,0.0305925,16.926,13.1585,0.436291,1.1649,5.28777,2.65608,1.34024,0.0243924,-1.29145,-2.6073,-3.52839,-3.92314,-5.23899,-6.55483,-7.87068,24.7331,True,348,625.887,N-L1-347-357
889,CG6-0640,2026-01-21,1,349,field,CG6-0640|2026-01-21|L1|S349,2026-01-21 13:18:46,2026-01-21 13:18:46,2026-01-21 13:18:46.000,1,1,3335.56,,,0.0022,24.7125,34.7852,416.3,0,,,True,SINGLE_READING;,6,day6,MATCHED,D6:kml:1-349,1-349,1-349,results.zip/day6.kml,kml_only,1.01912,79.6184,1-350,True,24.7125,34.7853,429.003,,0,429.003,0.15,12.4792,416.524,420.098,-3.5741,17118.7,40479.2,False,3407.01,0.00788827,INTERPOLATED,861,898,-71.4476,0.00818931,0,True,1,-71.4476,316.635,-5.09484,97.731,31.3783,13.2765,4.82527,2.16997,0.842316,-0.485335,-1.81299,-3.14064,-4.06999,-4.46829,-5.79594,-7.12359,-8.45124,0.0470088,0.0306127,17.0083,13.2407,0.45654,1.21896,4.89683,2.24869,0.924617,-0.399455,-1.72353,-3.0476,-3.97445,-4.37167,-5.69574,-7.01982,-8.34389,24.7665,True,349,711.092,N-L1-347-357
890,CG6-0640,2026-01-21,1,350,field,CG6-0640|2026-01-21|L1|S350,2026-01-21 13:21:54,2026-01-21 13:21:54,2026-01-21 13:21:54.000,1,1,3334.54,,,0.0019,24.7122,34.7845,418.9,0,,,True,SINGLE_READING;,6,day6,MATCHED,D6:kml:1-350,1-350,1-350,results.zip/day6.kml,kml_only,0.880439,80.777,1-349,True,24.7122,34.7845,434.22,,0,434.22,0.15,12.4808,421.739,423.637,-1.8977,17198.2,40527.1,False,3407.01,0.00788886,INTERPOLATED,861,898,-72.4733,0.00811444,0,True,1,-72.4733,321.85,-5.11533,99.3405,31.9826,13.4952,4.99222,2.29319,0.94367,-0.405847,-1.75536,-3.10488,-4.04954,-4.4544,-5.80392,-7.15343,-8.50295,0.0469958,0.0305928,17.1897,13.4221,0.493799,1.31844,5.1383,2.45388,1.11167,-0.230548,-1.57276,-2.91497,-3.85452,-4.25719,-5.5994,-6.94161,-8.28382,24.8464,True,350,791.651,N-L1-347-357
893,CG6-0640,2026-01-21,1,353,field,CG6-0640|2026-01-21|L1|S353,2026-01-21 13:37:38,2026-01-21 13:37:38,2026-01-21 13:37:38.000,1,1,3338.21,,,0.0017,24.7167,34.7816,401.6,0,,,True,SINGLE_READING;,6,day6,MATCHED,D6:wor:1-353,1-353,1-353,results.zip/day6.xlsx,workbook,6.69188,105.78,1-354,True,24.7167,34.7815,421,,0,421,0.15,12.4911,408.509,409.104,-0.595071,17228,40110.2,False,3407.01,0.00789199,INTERPOLATED,861,898,-68.8036,0.00807301,0,True,1,-68.8036,308.62,-4.80949,95.2573,31.2632,12.9404,5.38229,2.7942,1.50016,0.206115,-1.08793,-2.38197,-3.2878,-3.67601,-4.97006,-6.2641,-7.55815,0.0469887,0.0305818,16.6431,12.8755,0.485688,1.29679,5.51215,2.93705,1.6495,0.361949,-0.925601,-2.21315,-3.11444,-3.5007,-4.78825,-6.0758,-7.36335,24.8506,True,353,1372.1,N-L1-347-357
894,CG6-0640,2026-01-21,1,354,field,CG6-0640|2026-01-21|L1|S354,2026-01-21 13:41:00,2026-01-21 13:41:00,2026-01-21 13:41:00.000,1,1,3337.54,,,0.002,24.7169,34.7806,404.4,0,,,True,SINGLE_READING;,6,day6,MATCHED,D6:wor:1-354,1-354,1-354,results.zip/day6.xlsx,workbook,6.4188,103.494,1-353,True,24.7169,34.7805,423.358,,0,423.358,0.15,12.4938,410.864,413.825,-2.96049,17310.5,40116.4,False,3407.01,0.00789269,INTERPOLATED,861,898,-69.4701,0.00814215,0,True,1,-69.4701,310.975,-4.79728,95.9842,31.3114,13.0392,5.23299,2.62515,1.32123,0.0173124,-1.28661,-2.59053,-3.50327,-3.89445,-5.19836,-6.50228,-7.8062,0.0470006,0.0306002,16.6947,12.9271,0.532845,1.4227,5.45717,2.87174,1.57903,0.286323,-1.00639,-2.2991,-3.204,-3.59181,-4.88452,-6.17723,-7.46994,24.9298,True,354,1477.08,N-L1-347-357
895,CG6-0640,2026-01-21,1,355,field,CG6-0640|2026-01-21|L1|S355,2026-01-21 13:43:57,2026-01-21 13:43:57,2026-01-21 13:43:57.000,1,1,3336.64,,,0.0016,24.7171,34.7794,404.5,0,,,True,SINGLE_READING;,6,day6,MATCHED,D6:wor:1-355,1-355,1-355,results.zip/day6.xlsx,workbook,5.46076,112.931,1-354,True,24.717,34.7794,426.048,,0,426.048,0.15,12.4967,413.551,421.124,-7.57226,17401.7,40123.6,False,3407.01,0.00789332,INTERPOLATED,861,898,-70.367,0.00805385,0,True,1,-70.367,313.662,-4.78385,96.8136,31.2304,13.1519,4.92669,2.29631,0.981127,-0.334059,-1.64925,-2.96443,-3.88506,-4.27962,-5.5948,-6.90999,-8.22518,0.0469854,0.0305768,16.7272,12.9596,0.613038,1.63681,5.31125,2.71933,1.42337,0.127415,-1.16854,-2.4645,-3.37167,-3.76046,-5.05642,-6.35238,-7.64833,25.0159,True,355,1591.1,N-L1-347-357
896,CG6-0640,2026-01-21,1,356,field,CG6-0640|2026-01-21|L1|S356,2026-01-21 13:47:12,2026-01-21 13:47:12,2026-01-21 13:47:12.000,1,1,3335.74,,,0.0017,24.7173,34.7782,407.6,0,,TILT_GT_20,True,SINGLE_READING;,6,day6,MATCHED,D6:wor:1-356,1-356,1-356,results.zip/day6.xlsx,workbook,4.64885,80.3162,1-357,True,24.7173,34.7782,429.684,,0,429.684,0.15,12.4999,417.184,423.944,-6.76021,17503.5,40128.4,False,3407.01,0.00789402,INTERPOLATED,861,898,-71.2757,0.00807499,0,True,1,-71.2757,317.295,-4.76659,97.9347,31.4257,13.3042,4.8173,2.15646,0.826044,-0.504374,-1.83479,-3.16521,-4.0965,-4.49563,-5.82605,-7.15647,-8.48688,0.046989,0.0305824,16.8104,13.0428,0.682162,1.82137,5.34011,2.73155,1.42728,0.122998,-1.18128,-2.48556,-3.39855,-3.78984,-5.09411,-6.39839,-7.70267,25.1111,True,356,1719.88,N-L1-347-357
897,CG6-0640,2026-01-21,1,357,field,CG6-0640|2026-01-21|L1|S357,2026-01-21 13:50:06,2026-01-21 13:50:06,2026-01-21 13:50:06.000,1,1,3335.42,,,0.0017,24.7177,34.7775,413.6,0,,,True,SINGLE_READING;,6,day6,MATCHED,D6:wor:1-357,1-357,1-357,results.zip/day6.xlsx,workbook,4.31319,84.1431,1-356,True,24.7176,34.7775,433.282,,0,433.282,0.15,12.502,420.78,426.326,-5.54603,17552.5,40109.8,False,3407.01,0.00789465,INTERPOLATED,861,898,-71.5954,0.00807561,0,True,1,-71.5954,320.891,-4.7429,99.0446,32.192,13.455,5.28212,2.59113,1.24563,-0.0998623,-1.44536,-2.79085,-3.7327,-4.13635,-5.48185,-6.82734,-8.17284,0.0469891,0.0305825,17.0244,13.2568,0.618894,1.65245,5.6784,3.02703,1.70135,0.375667,-0.950015,-2.2757,-3.20368,-3.60138,-4.92706,-6.25275,-7.57843,25.1548,True,357,1801.58,N-L1-347-357
902,CG6-0640,2026-01-22,1,358,field,CG6-0640|2026-01-22|L1|S358,2026-01-22 08:14:18,2026-01-22 08:14:18,2026-01-22 08:14:18.000,1,1,3365.92,,,0.0024,24.8265,34.763,344.6,0,,,True,SINGLE_READING;,7,day7,MATCHED,D7:wor:1-358,1-358,1-358,results.zip/day7.xlsx,workbook,6.12569,240.125,1-359,True,24.8264,34.763,350.919,,2.832,348.087,0.356131,12.5899,335.497,336.634,-1.13651,17795.7,29112.7,False,3407,0.00789327,INTERPOLATED,901,963,-41.0779,0.00825007,0,True,1,-41.0779,235.608,2.72745,72.7228,28.9175,9.87905,9.15942,7.18361,6.19571,5.2078,4.2199,3.23199,2.54046,2.24409,1.25618,0.268277,-0.719628,0.110211,0.0705163,13.8014,10.0338,0.265979,0.710164,8.84987,6.8431,5.83972,4.83634,3.83295,2.82957,2.1272,1.82619,0.822804,-0.180578,-1.18396,22.5906,True,358,0,N-L1-358-418
903,CG6-0640,2026-01-22,1,359,field,CG6-0640|2026-01-22|L1|S359,2026-01-22 08:20:23,2026-01-22 08:20:23,2026-01-22 08:20:23.000,1,1,3365.63,,,0.0035,24.8245,34.7621,345.7,0,,,True,SINGLE_READING;,7,day7,MATCHED,D7:wor:1-359,1-359,1-359,results.zip/day7.xlsx,workbook,4.61008,161.464,1-360,True,24.8245,34.762,352.754,,2.832,349.922,0.356131,12.5928,337.329,338.269,-0.940193,17832.7,29348.4,False,3407,0.00789222,INTERPOLATED,901,963,-41.3711,0.00863349,0,True,1,-41.3711,237.44,2.59477,73.2883,29.3224,9.95587,9.41066,7.41949,6.4239,5.42832,4.43273,3.43714,2.74023,2.44156,1.44597,0.450381,-0.545205,0.11024,0.0705621,13.8698,10.1023,0.274365,0.732554,9.11788,7.09743,6.0872,5.07697,4.06675,3.05652,2.34936,2.0463,1.03607,0.0258448,-0.984381,22.794,True,359,234.33,N-L1-358-418
904,CG6-0640,2026-01-22,1,360,field,CG6-0640|2026-01-22|L1|S360,2026-01-22 08:25:31,2026-01-22 08:25:31,2026-01-22 08:25:31.000,1,1,3365.23,,,0.0026,24.8249,34.7605,342.3,0,,,True,SINGLE_READING;,7,day7,MATCHED,D7:wor:1-360,1-360,1-360,results.zip/day7.xlsx,workbook,1.66324,160.498,1-359,True,24.8249,34.7605,355.174,,2.832,352.342,0.356131,12.5982,339.744,339.965,-0.220805,17994.7,29370.9,False,3407,0.00789144,INTERPOLATED,901,963,-41.7741,0.00830872,0,True,1,-41.7741,239.855,2.62291,74.0335,29.6365,10.0571,9.52227,7.51085,6.50514,5.49943,4.49372,3.488,2.78401,2.48229,1.47658,0.470871,-0.534841,0.110216,0.0705231,13.9595,10.1919,0.285951,0.763488,9.25266,7.21428,6.19508,5.17589,4.1567,3.13751,2.42407,2.11832,1.09912,0.0799323,-0.93926,22.8902,True,360,394.091,N-L1-358-418
905,CG6-0640,2026-01-22,1,361,field,CG6-0640|2026-01-22|L1|S361,2026-01-22 08:29:22,2026-01-22 08:29:22,2026-01-22 08:29:22.000,1,1,3364.94,,,0.0088,24.8248,34.7583,346.9,0,,STDDEV_GT_0.050,True,SINGLE_READING;,7,day7,MATCHED,D7:wor:1-361,1-361,1-361,results.zip/day7.xlsx,workbook,5.90145,221.901,1-360,True,24.8248,34.7583,355.493,,2.832,352.661,0.356131,12.606,340.055,341.899,-1.84381,18207.4,29470.8,False,3407,0.00789093,INTERPOLATED,901,963,-42.0593,0.0118198,0,True,1,-42.0593,240.166,2.6137,74.1296,29.4565,10.0702,9.31622,7.30219,6.29517,5.28815,4.28114,3.27412,2.56921,2.2671,1.26009,0.253072,-0.753944,0.110536,0.0710224,13.9541,10.1865,0.304389,0.812718,9.08348,7.04618,6.02752,5.00887,3.99022,2.97156,2.25851,1.95291,0.934257,-0.0843959,-1.10305,23.0801,True,361,618.881,N-L1-358-418
906,CG6-0640,2026-01-22,1,362,field,CG6-0640|2026-01-22|L1|S362,2026-01-22 08:35:26,2026-01-22 08:35:26,2026-01-22 08:35:26.000,1,1,3363.6,,,0.0037,24.8238,34.7561,348.9,0,,,True,SINGLE_READING;,7,day7,MATCHED,D7:wor:1-362,1-362,1-362,results.zip/day7.xlsx,workbook,3.69213,182.695,1-363,True,24.8238,34.7561,359.103,,2.832,356.271,0.356131,12.6134,343.658,344.871,-1.2137,18397.2,29659.6,False,3407,0.00789022,INTERPOLATED,901,963,-43.4003,0.00871468,0,True,1,-43.4003,243.769,2.54791,75.2415,29.2933,10.2212,8.85085,6.80661,5.78448,4.76236,3.74024,2.71812,2.00263,1.696,0.673873,-0.348249,-1.37037,0.110247,0.0705721,14.1211,10.3535,0.288461,0.770191,8.58626,6.51555,5.4802,4.44485,3.4095,2.37415,1.6494,1.3388,0.303445,-0.731907,-1.76726,23.3189,True,362,861.158,N-L1-358-418
907,CG6-0640,2026-01-22,1,363,field,CG6-0640|2026-01-22|L1|S363,2026-01-22 08:38:48,2026-01-22 08:38:48,2026-01-22 08:38:48.000,1,1,3362.83,,,0.0055,24.8225,34.7551,347.9,0,,,True,SINGLE_READING;,7,day7,MATCHED,D7:wor:1-363,1-363,1-363,results.zip/day7.xlsx,workbook,6.65359,174.214,1-362,True,24.8225,34.7551,360.942,,2.832,358.11,0.356131,12.6166,345.493,347.089,-1.59535,18465.8,29833.6,False,3407,0.00788989,INTERPOLATED,901,963,-44.1738,0.00961771,0,True,1,-44.1738,245.604,2.45673,75.8081,29.1776,10.2982,8.58119,6.52155,5.49173,4.46191,3.43209,2.40227,1.6814,1.37245,0.342632,-0.687187,-1.71701,0.110322,0.0706893,14.1644,10.3968,0.322167,0.860185,8.38401,6.30465,5.26497,4.22529,3.18561,2.14594,1.41816,1.10626,0.066579,-0.973099,-2.01278,23.4885,True,363,1040.77,N-L1-358-418
908,CG6-0640,2026-01-22,1,364,field,CG6-0640|2026-01-22|L1|S364,2026-01-22 08:41:59,2026-01-22 08:41:59,2026-01-22 08:41:59.000,1,1,3361.89,,,0.0028,24.8208,34.755,352.3,0,,,True,SINGLE_READING;,7,day7,MATCHED,D7:wor:1-364,1-364,1-364,results.zip/day7.xlsx,workbook,6.2468,190.602,1-363,True,24.8207,34.7549,364.38,,2.832,361.548,0.356131,12.6169,348.931,349.503,-0.571782,18440.1,30019.2,False,3407,0.00788961,INTERPOLATED,901,963,-45.1141,0.00837174,0,True,1,-45.1141,249.042,2.33588,76.8691,29.4192,10.4423,8.5345,6.44603,5.4018,4.35756,3.31333,2.2691,1.53813,1.22486,0.180628,-0.863605,-1.90784,0.11022,0.0705306,14.2752,10.5076,0.35548,0.949131,8.40394,6.30242,5.25166,4.2009,3.15014,2.09938,1.36384,1.04861,-0.00214776,-1.05291,-2.10367,23.6193,True,364,1237.08,N-L1-358-418
909,CG6-0640,2026-01-22,1,365,field,CG6-0640|2026-01-22|L1|S365,2026-01-22 08:46:07,2026-01-22 08:46:07,2026-01-22 08:46:07.000,1,1,3361.39,,,0.0046,24.8203,34.753,353.8,0,,,True,SINGLE_READING;,7,day7,MATCHED,D7:wor:1-365,1-365,1-365,results.zip/day7.xlsx,workbook,6.44019,173.268,1-366,True,24.8202,34.753,366.58,,2.832,363.748,0.356131,12.6235,351.125,352.096,-0.971929,18621.5,30152.9,False,3407,0.00788931,INTERPOLATED,901,963,-45.6062,0.00913243,0,True,1,-45.6062,251.236,2.29986,77.5461,29.6401,10.5343,8.57144,6.46458,5.41115,4.35772,3.30429,2.25086,1.51346,1.19743,0.143997,-0.909433,-1.96286,0.110281,0.0706249,14.4032,10.6357,0.319407,0.852817,8.36874,6.24161,5.17805,4.11448,3.05092,1.98735,1.24285,0.923784,-0.139782,-1.20335,-2.26691,23.81,True,365,1439.39,N-L1-358-418
910,CG6-0640,2026-01-22,1,366,field,CG6-0640|2026-01-22|L1|S366,2026-01-22 08:49:13,2026-01-22 08:49:13,2026-01-22 08:49:13.000,1,1,3361.06,,,0.0037,24.82,34.7513,356.9,0,,,True,SINGLE_READING;,7,day7,MATCHED,D7:wor:1-366,1-366,1-366,results.zip/day7.xlsx,workbook,9.60317,175.062,1-365,True,24.8199,34.7513,369.326,,2.832,366.494,0.356131,12.6292,353.865,354.477,-0.612654,18785.4,30252.4,False,3407,0.00788913,INTERPOLATED,901,963,-45.9432,0.00871369,0,True,1,-45.9432,253.976,2.28014,78.3919,30.1685,10.6492,8.87009,6.74025,5.67533,4.61041,3.54549,2.48057,1.73512,1.41565,0.350728,-0.714193,-1.77911,0.110247,0.070572,14.5411,10.7735,0.296414,0.791425,8.62141,6.4667,5.38934,4.31199,3.23463,2.15728,1.40313,1.07992,0.00256753,-1.07479,-2.15214,23.9655,True,366,1611.67,N-L1-358-418
911,CG6-0640,2026-01-22,1,367,field,CG6-0640|2026-01-22|L1|S367,2026-01-22 08:52:21,2026-01-22 08:52:21,2026-01-22 08:52:21.000,1,1,3360.55,,,0.0056,24.8191,34.7496,365.4,0,,,True,SINGLE_READING;,7,day7,MATCHED,D7:wor:1-367,1-367,1-367,results.zip/day7.xlsx,workbook,7.43151,194.102,1-366,True,24.819,34.7496,370.83,,2.832,367.998,0.356131,12.6348,355.363,356.892,-1.52923,18930.7,30412.9,False,3407,0.00788898,INTERPOLATED,901,963,-46.4463,0.0096745,0,True,1,-46.4463,255.474,2.21961,78.8544,30.1884,10.712,8.76435,6.62194,5.55074,4.47954,3.40833,2.33713,1.58729,1.26593,0.194723,-0.876481,-1.94768,0.110327,0.0706971,14.5799,10.8123,0.320497,0.855728,8.56383,6.40137,5.32014,4.23891,3.15768,2.07646,1.31959,0.995226,-0.0860037,-1.16723,-2.24846,24.1618,True,367,1809.11,N-L1-358-418
912,CG6-0640,2026-01-22,1,368,field,CG6-0640|2026-01-22|L1|S368,2026-01-22 08:55:40,2026-01-22 08:55:40,2026-01-22 08:55:40.000,1,1,3359.8,,,0.0058,24.8176,34.7486,358.7,0,,,True,SINGLE_READING;,7,day7,MATCHED,D7:wor:1-368,1-368,1-368,results.zip/day7.xlsx,workbook,8.87317,188.802,1-367,True,24.8176,34.7486,373.718,,2.832,370.886,0.356131,12.6377,358.248,358.969,-0.720594,19004.5,30606,False,3407,0.00788886,INTERPOLATED,901,963,-47.1956,0.00979153,0,True,1,-47.1956,258.359,2.11765,79.7448,30.4316,10.833,8.76558,6.59898,5.51568,4.43238,3.34908,2.26578,1.50747,1.18248,0.099175,-0.984126,-2.06743,0.110337,0.0707132,14.6845,10.9169,0.336835,0.899349,8.59774,6.41435,5.32266,4.23097,3.13927,2.04758,1.28339,0.955886,-0.135807,-1.2275,-2.31919,24.3434,True,368,2004.31,N-L1-358-418
914,CG6-0640,2026-01-22,1,370,field,CG6-0640|2026-01-22|L1|S370,2026-01-22 09:02:24,2026-01-22 09:02:24,2026-01-22 09:02:24.000,1,1,3358.55,,,0.0024,24.8142,34.7474,363.5,0,,,True,SINGLE_READING;,7,day7,MATCHED,D7:wor:1-370,1-370,1-370,results.zip/day7.xlsx,workbook,5.57762,190.807,1-369,True,24.8142,34.7474,378.541,,2.832,375.709,0.356131,12.6405,363.068,364.101,-1.03259,19057.4,31001.7,False,3407,0.00788874,INTERPOLATED,901,963,-48.4496,0.00824574,0,True,1,-48.4496,263.18,1.88397,81.2325,30.899,11.0351,8.82873,6.6217,5.51819,4.41468,3.31117,2.20766,1.4352,1.10414,0.000632682,-1.10288,-2.20639,0.110211,0.0705157,14.8503,11.0827,0.373192,0.996423,8.7336,6.51706,5.40879,4.30052,3.19226,2.08399,1.3082,0.975719,-0.132549,-1.24082,-2.34909,24.6658,True,370,2401.27,N-L1-358-418
915,CG6-0640,2026-01-22,1,371,field,CG6-0640|2026-01-22|L1|S371,2026-01-22 09:05:46,2026-01-22 09:05:46,2026-01-22 09:05:46.000,1,1,3357.22,,,0.0057,24.8136,34.7453,360,0,,,True,SINGLE_READING;,7,day7,MATCHED,D7:wor:1-371,1-371,1-371,results.zip/day7.xlsx,workbook,7.87442,191.652,1-372,True,24.8135,34.7453,382.169,,2.832,379.337,0.356131,12.6469,366.69,367.308,-0.617704,19259.1,31153.6,False,3407,0.00788874,INTERPOLATED,901,963,-49.7769,0.00973254,0,True,1,-49.7769,266.801,1.84133,82.3503,30.7321,11.187,8.35812,6.12073,5.00203,3.88334,2.76464,1.64594,0.862853,0.527243,-0.591454,-1.71015,-2.82885,0.110332,0.070705,15.0449,11.2773,0.330443,0.882282,8.1775,5.92204,4.79431,3.66658,2.53885,1.41112,0.621714,0.283395,-0.844334,-1.97206,-3.09979,24.8774,True,371,2624.55,N-L1-358-418
916,CG6-0640,2026-01-22,1,372,field,CG6-0640|2026-01-22|L1|S372,2026-01-22 09:09:21,2026-01-22 09:09:21,2026-01-22 09:09:21.000,1,1,3356.55,,,0.0023,24.8142,34.7434,365.4,0,,,True,SINGLE_READING;,7,day7,MATCHED,D7:wor:1-372,1-372,1-372,results.zip/day7.xlsx,workbook,9.48708,184.201,1-373,True,24.8141,34.7434,384.805,,2.832,381.973,0.356131,12.6528,369.32,369.316,0.00380511,19454,31178.3,False,3407,0.00788879,INTERPOLATED,901,963,-50.4451,0.00821724,0,True,1,-50.4451,269.431,1.87903,83.1621,30.838,11.2973,8.24345,5.984,4.85428,3.72455,2.59483,1.4651,0.674293,0.335375,-0.79435,-1.92408,-3.0538,0.110209,0.0705124,15.1697,11.4021,0.315882,0.843406,8.0337,5.75328,4.61306,3.47285,2.33264,1.19243,0.394277,0.0522136,-1.088,-2.22821,-3.36842,24.991,True,372,2820.21,N-L1-358-418
917,CG6-0640,2026-01-22,1,373,field,CG6-0640|2026-01-22|L1|S373,2026-01-22 09:13:02,2026-01-22 09:13:02,2026-01-22 09:13:02.000,1,1,3355.41,,,0.0034,24.815,34.7418,364.9,0,,,True,SINGLE_READING;,7,day7,MATCHED,D7:wor:1-373,1-373,1-373,results.zip/day7.xlsx,workbook,4.68034,105.496,1-374,True,24.815,34.7418,386.732,,2.832,383.9,0.356131,12.6581,371.242,372.208,-0.966402,19630.3,31165.7,False,3407,0.00788889,INTERPOLATED,901,963,-51.5869,0.00859038,0,True,1,-51.5869,271.353,1.93976,83.7551,30.2284,11.3778,7.47279,5.19722,4.05944,2.92166,1.78387,0.64609,-0.150358,-0.491693,-1.62948,-2.76726,-3.90504,0.110237,0.0705569,15.2393,11.4717,0.32688,0.87277,7.28503,4.99069,3.84352,2.69635,1.54918,0.40201,-0.40101,-0.745161,-1.89233,-3.0395,-4.18667,25.0665,True,373,3011.8,N-L1-358-418
918,CG6-0640,2026-01-22,1,374,field,CG6-0640|2026-01-22|L1|S374,2026-01-22 09:16:52,2026-01-22 09:16:52,2026-01-22 09:16:52.000,1,1,3354.63,,,0.002,24.8148,34.7408,365.9,0,,,True,SINGLE_READING;,7,day7,MATCHED,D7:wor:1-374,1-374,1-374,results.zip/day7.xlsx,workbook,5.12726,104.481,1-373,True,24.8148,34.7408,388.766,,2.832,385.934,0.356131,12.6613,373.273,373.179,0.0933374,19726.8,31227.4,False,3407,0.00788905,INTERPOLATED,901,963,-52.3693,0.00813862,0,True,1,-52.3693,273.384,1.92735,84.3819,30.0852,11.463,7.15929,4.86669,3.72039,2.5741,1.4278,0.281499,-0.52091,-0.864799,-2.0111,-3.1574,-4.30369,0.110203,0.0705033,15.3214,11.5538,0.329968,0.881015,6.97771,4.66696,3.51158,2.3562,1.20083,0.0454481,-0.763316,-1.10993,-2.26531,-3.42068,-4.57606,25.1637,True,374,3118.95,N-L1-358-418
919,CG6-0640,2026-01-22,1,375,field,CG6-0640|2026-01-22|L1|S375,2026-01-22 09:19:59,2026-01-22 09:19:59,2026-01-22 09:19:59.000,1,1,3353.66,,,0.002,24.8134,34.7402,346.8,0,,,True,SINGLE_READING;,7,day7,MATCHED,D7:wor:1-375,1-375,1-375,results.zip/day7.xlsx,workbook,6.29771,168.191,1-374,True,24.8134,34.7402,389.374,,2.832,386.542,0.356131,12.6626,373.879,374.812,-0.932236,19764.9,31400.2,False,3407,0.00788922,INTERPOLATED,901,963,-53.3439,0.00813878,0,True,1,-53.3439,273.99,1.82898,84.5692,29.3963,11.4884,6.41945,4.12177,2.97292,1.82408,0.675239,-0.473603,-1.27779,-1.62245,-2.77129,-3.92013,-5.06897,0.110203,0.0705033,15.3496,11.582,0.327194,0.873608,6.23232,3.91593,2.75773,1.59953,0.441332,-0.716867,-1.52761,-1.87506,-3.03326,-4.19146,-5.34966,25.3021,True,375,3287.59,N-L1-358-418
920,CG6-0640,2026-01-22,1,376,field,CG6-0640|2026-01-22|L1|S376,2026-01-22 09:23:31,2026-01-22 09:23:31,2026-01-22 09:23:31.000,1,1,3352.98,,,0.0035,24.8115,34.7397,363.6,0,,,True,SINGLE_READING;,7,day7,MATCHED,D7:wor:1-376,1-376,1-376,results.zip/day7.xlsx,workbook,7.72194,208.677,1-377,True,24.8114,34.7397,392.138,,2.832,389.306,0.356131,12.6634,376.643,376.827,-0.183983,19778.6,31608.2,False,3407,0.00788946,INTERPOLATED,901,963,-54.0221,0.00863096,0,True,1,-54.0221,276.754,1.69622,85.422,29.7037,11.6043,6.4951,4.17424,3.01382,1.85339,0.69296,-0.467468,-1.27977,-1.6279,-2.78832,-3.94875,-5.10918,0.11024,0.0705618,15.4702,11.7026,0.322406,0.860824,6.2984,3.95787,2.78761,1.61735,0.447082,-0.723181,-1.54236,-1.89344,-3.06371,-4.23397,-5.40423,25.4672,True,376,3507.55,N-L1-358-418
921,CG6-0640,2026-01-22,1,377,field,CG6-0640|2026-01-22|L1|S377,2026-01-22 09:26:51,2026-01-22 09:26:51,2026-01-22 09:26:51.000,1,1,3351.96,,,0.0018,24.8097,34.7397,374.6,0,,,True,SINGLE_READING;,7,day7,MATCHED,D7:wor:1-377,1-377,1-377,results.zip/day7.xlsx,workbook,5.09915,196.265,1-376,True,24.8096,34.7397,394.127,,2.832,391.295,0.356131,12.663,378.632,379.349,-0.7169,19753.6,31792.1,False,3407,0.00788972,INTERPOLATED,901,963,-55.0362,0.00809245,0,True,1,-55.0362,278.743,1.57177,86.036,29.4281,11.6877,6.05267,3.71513,2.54636,1.37759,0.208822,-0.959948,-1.77809,-2.12872,-3.29749,-4.46626,-5.63503,0.110199,0.070498,15.5434,11.7758,0.332603,0.88805,5.87636,3.52119,2.34361,1.16602,-0.011563,-1.18915,-2.01346,-2.36673,-3.54432,-4.7219,-5.89949,25.5907,True,377,3708.89,N-L1-358-418
922,CG6-0640,2026-01-22,1,378,field,CG6-0640|2026-01-22|L1|S378,2026-01-22 09:29:57,2026-01-22 09:29:57,2026-01-22 09:29:57.000,1,1,3350.78,,,0.0025,24.8078,34.74,376.3,0,,,True,SINGLE_READING;,7,day7,MATCHED,D7:wor:1-378,1-378,1-378,results.zip/day7.xlsx,workbook,3.6738,200.489,1-377,True,24.8078,34.74,396.797,,2.832,393.965,0.356131,12.6615,381.303,382.304,-1.00067,19701.5,31963.5,False,3407,0.00789,INTERPOLATED,901,963,-56.2146,0.0082766,0,True,1,-56.2146,281.414,1.44685,86.8605,29.1991,11.7997,5.59965,3.2397,2.05973,0.879762,-0.300209,-1.48018,-2.30616,-2.66015,-3.84012,-5.02009,-6.20006,0.110213,0.0705194,15.6245,11.8569,0.36358,0.97076,5.48529,3.11392,1.92823,0.742538,-0.443151,-1.62884,-2.45882,-2.81453,-4.00022,-5.18591,-6.37159,25.6885,True,378,3913,N-L1-358-418
923,CG6-0640,2026-01-22,1,379,field,CG6-0640|2026-01-22|L1|S379,2026-01-22 09:34:25,2026-01-22 09:34:25,2026-01-22 09:34:25.000,1,1,3349.93,,,0.002,24.806,34.7402,384.2,0,,,True,SINGLE_READING;,7,day7,MATCHED,D7:wor:1-379,1-379,1-379,results.zip/day7.xlsx,workbook,5.50872,196.611,1-380,True,24.8059,34.7402,399.549,,2.832,396.717,0.356131,12.6603,384.057,386.112,-2.05575,19651.5,32139.3,False,3407,0.00789048,INTERPOLATED,901,963,-57.0721,0.00814,0,True,1,-57.0721,284.168,1.31757,87.7103,29.3206,11.9152,5.4903,3.10727,1.91575,0.724235,-0.46728,-1.6588,-2.49286,-2.85031,-4.04183,-5.23334,-6.42486,0.110203,0.0705035,15.74,11.9724,0.363498,0.97054,5.37578,2.9813,1.78406,0.586815,-0.610427,-1.80767,-2.64574,-3.00491,-4.20215,-5.39939,-6.59663,25.784,True,379,4123.37,N-L1-358-418
924,CG6-0640,2026-01-22,1,380,field,CG6-0640|2026-01-22|L1|S380,2026-01-22 09:37:34,2026-01-22 09:37:34,2026-01-22 09:37:34.000,1,1,3349.21,,,0.0028,24.8043,34.7408,381.6,0,,,True,SINGLE_READING;,7,day7,MATCHED,D7:wor:1-380,1-380,1-380,results.zip/day7.xlsx,workbook,3.46278,190.334,1-379,True,24.8043,34.7407,402.196,,2.832,399.364,0.356131,12.6581,386.706,389.529,-2.82275,19578.3,32284.6,False,3407,0.00789085,INTERPOLATED,901,963,-57.7921,0.0083729,0,True,1,-57.7921,286.817,1.20344,88.5279,29.5324,12.0262,5.47997,3.07472,1.8721,0.669477,-0.533147,-1.73577,-2.57761,-2.93839,-4.14102,-5.34364,-6.54626,0.11022,0.0705307,15.8302,12.0626,0.384348,1.02621,5.40715,2.99462,1.78836,0.582096,-0.624169,-1.83043,-2.67482,-3.0367,-4.24296,-5.44923,-6.65549,25.7485,True,380,4315.97,N-L1-358-418
925,CG6-0640,2026-01-22,1,381,field,CG6-0640|2026-01-22|L1|S381,2026-01-22 09:40:28,2026-01-22 09:40:28,2026-01-22 09:40:28.000,1,1,3348.29,,,0.0044,24.8025,34.7412,376.8,0,,,True,SINGLE_READING;,7,day7,MATCHED,D7:wor:1-381,1-381,1-381,results.zip/day7.xlsx,workbook,6.40925,201.796,1-380,True,24.8025,34.7412,405.863,,2.832,403.031,0.356131,12.6563,390.375,390.773,-0.398568,19515.4,32446.2,False,3407,0.00789123,INTERPOLATED,901,963,-58.7048,0.00903502,0,True,1,-58.7048,290.486,1.0795,89.6603,29.876,12.1801,5.51586,3.07985,1.86184,0.643836,-0.574171,-1.79218,-2.64478,-3.01018,-4.22819,-5.4462,-6.6642,0.110273,0.0706124,15.9775,12.2099,0.390881,1.04365,5.45611,3.01412,1.79313,0.572133,-0.648862,-1.86986,-2.72455,-3.09085,-4.31185,-5.53284,-6.75383,25.7297,True,381,4520.66,N-L1-358-418
927,CG6-0640,2026-01-22,1,383,field,CG6-0640|2026-01-22|L1|S383,2026-01-22 09:47:19,2026-01-22 09:47:19,2026-01-22 09:47:19.000,1,1,3346.49,,,0.0052,24.799,34.7426,354.5,0,,,True,SINGLE_READING;,7,day7,MATCHED,D7:wor:1-383,1-383,1-383,results.zip/day7.xlsx,workbook,8.56751,193.619,1-384,True,24.7989,34.7426,412.134,,2.832,409.302,0.356131,12.6509,396.651,397.907,-1.25598,19344.4,32741.2,False,3407,0.00789225,INTERPOLATED,901,963,-60.5097,0.00945133,0,True,1,-60.5097,296.762,0.835783,91.5974,30.252,12.4432,5.36548,2.87683,1.63251,0.388183,-0.85614,-2.10046,-2.97149,-3.34479,-4.58911,-5.83344,-7.07776,0.110308,0.0706669,16.2578,12.4902,0.373807,0.998065,5.27158,2.77354,1.52452,0.275504,-0.973515,-2.22253,-3.09685,-3.47155,-4.72057,-5.96959,-7.21861,25.6349,True,383,4940.53,N-L1-358-418
929,CG6-0640,2026-01-22,1,385,field,CG6-0640|2026-01-22|L1|S385,2026-01-22 09:59:59,2026-01-22 09:59:59,2026-01-22 09:59:59.000,1,1,3345.34,,,0.0037,24.7974,34.7412,399.8,0,,TILT_GT_20,True,SINGLE_READING;,7,day7,MATCHED,D7:wor:1-385,1-385,1-385,results.zip/day7.xlsx,workbook,6.09021,217.919,1-383,True,24.7973,34.7412,413.873,,2.832,411.041,0.356131,12.6545,398.386,400.274,-1.88777,19469.2,32960.9,False,3407,0.00789459,INTERPOLATED,901,963,-61.6568,0.00871863,0,True,1,-61.6568,298.498,0.726935,92.133,29.7492,12.516,4.71722,2.21402,0.962417,-0.289183,-1.54078,-2.79238,-3.6685,-4.04398,-5.29558,-6.54718,-7.79878,0.110247,0.0705726,16.354,12.5865,0.350305,0.935315,4.57631,2.05902,0.800379,-0.458267,-1.71691,-2.97556,-3.85661,-4.2342,-5.49285,-6.75149,-8.01014,25.7954,True,385,5164.4,N-L1-358-418
930,CG6-0640,2026-01-22,1,386,field,CG6-0640|2026-01-22|L1|S386,2026-01-22 10:04:31,2026-01-22 10:04:31,2026-01-22 10:04:31.000,1,1,3344.03,,,0.0066,24.7968,34.7392,402.2,0,,STDDEV_GT_0.050,True,SINGLE_READING;,7,day7,MATCHED,D7:wor:1-386,1-386,1-386,results.zip/day7.xlsx,workbook,10.7834,194.312,1-387,True,24.7968,34.7392,417.909,,2.832,415.077,0.356131,12.6604,402.417,402.827,-0.41074,19666.7,33100.8,False,3407,0.00789557,INTERPOLATED,901,963,-62.9654,0.0102908,0,True,1,-62.9654,302.528,0.687518,93.3768,29.7239,12.685,4.35392,1.81693,0.548428,-0.720071,-1.98857,-3.25707,-4.14502,-4.52557,-5.79406,-7.06256,-8.33106,0.110383,0.070784,16.5213,12.7537,0.351992,0.939818,4.21639,1.66564,0.390267,-0.885107,-2.16048,-3.43586,-4.32862,-4.71123,-5.98661,-7.26198,-8.53736,26.0081,True,386,5379.88,N-L1-358-418
931,CG6-0640,2026-01-22,1,387,field,CG6-0640|2026-01-22|L1|S387,2026-01-22 10:09:47,2026-01-22 10:09:47,2026-01-22 10:09:47.000,1,1,3343.02,,,0.0026,24.7955,34.7382,404.5,0,,,True,SINGLE_READING;,7,day7,MATCHED,D7:wor:1-387,1-387,1-387,results.zip/day7.xlsx,workbook,11.1037,173.201,1-386,True,24.7954,34.7381,420.78,,2.832,417.948,0.356131,12.6633,405.285,405.558,-0.273309,19767.7,33281.2,False,3407,0.00789681,INTERPOLATED,901,963,-63.9806,0.00831382,0,True,1,-63.9806,305.396,0.597249,94.262,29.6842,12.8052,4.07369,1.51264,0.232118,-1.04841,-2.32893,-3.60946,-4.50582,-4.88998,-6.1705,-7.45103,-8.73155,0.110216,0.0705237,16.6333,12.8657,0.360251,0.961869,3.95268,1.37953,0.0929534,-1.19362,-2.4802,-3.76677,-4.66737,-5.05335,-6.33992,-7.6265,-8.91307,26.1387,True,387,5563.44,N-L1-358-418
932,CG6-0640,2026-01-22,1,388,field,CG6-0640|2026-01-22|L1|S388,2026-01-22 10:13:16,2026-01-22 10:13:16,2026-01-22 10:13:16.000,1,1,3342.11,,,0.004,24.7939,34.7373,408.8,0,,,True,SINGLE_READING;,7,day7,MATCHED,D7:wor:1-388,1-388,1-388,results.zip/day7.xlsx,workbook,10.012,183.515,1-387,True,24.7939,34.7372,423.498,,2.832,420.666,0.356131,12.6653,408.001,408.15,-0.149717,19847.4,33474,False,3407,0.00789768,INTERPOLATED,901,963,-64.8932,0.00885287,0,True,1,-64.8932,308.112,0.489984,95.1003,29.7171,12.9191,3.87883,1.295,0.00308872,-1.28882,-2.58074,-3.87265,-4.77699,-5.16456,-6.45647,-7.74839,-9.0403,0.110258,0.0705893,16.7203,12.9527,0.38718,1.03377,3.81167,1.22113,-0.074139,-1.36941,-2.66468,-3.95995,-4.86664,-5.25522,-6.55049,-7.84576,-9.14103,26.2478,True,388,5756.57,N-L1-358-418
933,CG6-0640,2026-01-22,1,389,field,CG6-0640|2026-01-22|L1|S389,2026-01-22 10:16:57,2026-01-22 10:16:57,2026-01-22 10:16:57.000,1,1,3340.61,,,0.003,24.7923,34.7372,413,0,,,True,SINGLE_READING;,7,day7,MATCHED,D7:wor:1-389,1-389,1-389,results.zip/day7.xlsx,workbook,8.66798,176.524,1-388,True,24.7922,34.7371,426.732,,2.832,423.9,0.356131,12.6651,411.235,412.621,-1.38564,19855.6,33646.9,False,3407,0.00789866,INTERPOLATED,901,963,-66.3849,0.00844919,0,True,1,-66.3849,311.346,0.376151,96.0985,29.3374,13.0547,3.22788,0.616935,-0.688539,-1.99401,-3.29949,-4.60496,-5.51879,-5.91043,-7.21591,-8.52138,-9.82685,0.110226,0.0705398,16.8061,13.0385,0.436946,1.16665,3.26026,0.65255,-0.651304,-1.95516,-3.25901,-4.56287,-5.47557,-5.86672,-7.17058,-8.47443,-9.77829,26.2874,True,389,5941.13,N-L1-358-418
934,CG6-0640,2026-01-22,1,390,field,CG6-0640|2026-01-22|L1|S390,2026-01-22 10:19:56,2026-01-22 10:19:56,2026-01-22 10:19:56.000,1,1,3339.69,,,0.0027,24.7905,34.738,417.4,0,,,True,SINGLE_READING;,7,day7,MATCHED,D7:wor:1-390,1-390,1-390,results.zip/day7.xlsx,workbook,7.4506,211.133,1-391,True,24.7904,34.738,428.952,,2.832,426.12,0.356131,12.6614,413.459,417.337,-3.87812,19761.7,33791.2,False,3407,0.00789948,INTERPOLATED,901,963,-67.3093,0.00834816,0,True,1,-67.3093,313.57,0.253321,96.7848,29.2221,13.148,2.92615,0.29656,-1.01824,-2.33304,-3.64783,-4.96263,-5.88299,-6.27743,-7.59223,-8.90702,-10.2218,0.110219,0.0705278,16.8298,13.0622,0.506499,1.35235,3.09764,0.485193,-0.821031,-2.12725,-3.43348,-4.7397,-5.65406,-6.04592,-7.35215,-8.65837,-9.96459,26.2307,True,390,6159.15,N-L1-358-418
935,CG6-0640,2026-01-22,1,391,field,CG6-0640|2026-01-22|L1|S391,2026-01-22 10:22:46,2026-01-22 10:22:46,2026-01-22 10:22:46.000,1,1,3339.16,,,0.0029,24.7889,34.7391,422,0,,,True,SINGLE_READING;,7,day7,MATCHED,D7:wor:1-391,1-391,1-391,results.zip/day7.xlsx,workbook,9.07075,203.79,1-390,True,24.7888,34.739,431.851,,2.832,429.019,0.356131,12.6573,416.362,417.298,-0.936389,19654.9,33912.2,False,3407,0.00790029,INTERPOLATED,901,963,-67.8359,0.00841574,0,True,1,-67.8359,316.473,0.141957,97.6807,29.7029,13.2697,3.16345,0.509511,-0.81746,-2.14443,-3.4714,-4.79837,-5.72725,-6.12534,-7.45231,-8.77928,-10.1063,0.110224,0.0705358,17.0261,13.2585,0.43194,1.15328,3.18582,0.534113,-0.791739,-2.11759,-3.44344,-4.76929,-5.69739,-6.09515,-7.421,-8.74685,-10.0727,26.1612,True,391,6365.74,N-L1-358-418
936,CG6-0640,2026-01-22,1,392,field,CG6-0640|2026-01-22|L1|S392,2026-01-22 10:26:49,2026-01-22 10:26:49,2026-01-22 10:26:49.000,1,1,3338.26,,,0.0036,24.7868,34.74,422.2,0,,,True,SINGLE_READING;,7,day7,MATCHED,D7:wor:1-392,1-392,1-392,results.zip/day7.xlsx,workbook,8.8525,177.846,1-393,True,24.7867,34.74,434.93,,2.832,432.098,0.356131,12.653,419.445,419.728,-0.28258,19555.4,34085.9,False,3407,0.00790151,INTERPOLATED,901,963,-68.7369,0.00868296,0,True,1,-68.7369,319.556,-0.00319109,98.6324,29.8986,13.399,3.10067,0.420878,-0.919021,-2.25892,-3.59882,-4.93872,-5.87665,-6.27862,-7.61851,-8.95841,-10.2983,0.110244,0.0705682,17.183,13.4154,0.404369,1.07966,3.0679,0.384823,-0.956714,-2.29825,-3.63979,-4.98133,-5.9204,-6.32286,-7.6644,-9.00594,-10.3475,26.1048,True,392,6620.75,N-L1-358-418
937,CG6-0640,2026-01-22,1,393,field,CG6-0640|2026-01-22|L1|S393,2026-01-22 10:29:43,2026-01-22 10:29:43,2026-01-22 10:29:43.000,1,1,3337.42,,,0.0066,24.7853,34.7403,422.6,0,,STDDEV_GT_0.050,True,SINGLE_READING;,7,day7,MATCHED,D7:wor:1-393,1-393,1-393,results.zip/day7.xlsx,workbook,7.42733,165.158,1-392,True,24.7852,34.7403,437.114,,2.832,434.282,0.356131,12.651,421.631,421.671,-0.0404287,19526.6,34228.2,False,3407,0.00790242,INTERPOLATED,901,963,-69.5824,0.010296,0,True,1,-69.5824,321.742,-0.107286,99.307,29.8319,13.4906,2.85066,0.152536,-1.19653,-2.54559,-3.89466,-5.24372,-6.18807,-6.59278,-7.94185,-9.29091,-10.64,0.110383,0.0707848,17.2745,13.5069,0.404468,1.07993,2.81809,0.1167,-1.23399,-2.58469,-3.93538,-5.28607,-6.23156,-6.63677,-7.98746,-9.33815,-10.6888,26.1042,True,393,6792.25,N-L1-358-418
938,CG6-0640,2026-01-22,1,394,field,CG6-0640|2026-01-22|L1|S394,2026-01-22 10:32:57,2026-01-22 10:32:57,2026-01-22 10:32:57.000,1,1,3336.73,,,0.0027,24.7837,34.7409,421.4,0,,TILT_GT_20,True,SINGLE_READING;,7,day7,MATCHED,D7:wor:1-394,1-394,1-394,results.zip/day7.xlsx,workbook,11.7333,175.923,1-393,True,24.7836,34.7408,439.1,,2.832,436.268,0.356131,12.6486,423.619,426.425,-2.80573,19473.1,34364,False,3407,0.00790346,INTERPOLATED,901,963,-70.2676,0.00835193,0,True,1,-70.2676,323.73,-0.214223,99.9207,29.8674,13.574,2.71934,0.00453755,-1.35286,-2.71027,-4.06767,-5.42507,-6.37525,-6.78247,-8.13987,-9.49728,-10.8547,0.110219,0.0705282,17.3449,13.5773,0.417457,1.11461,2.71274,-0.0027215,-1.36045,-2.71819,-4.07592,-5.43365,-6.38406,-6.79138,-8.14911,-9.50684,-10.8646,26.0888,True,394,6972.19,N-L1-358-418
939,CG6-0640,2026-01-22,1,395,field,CG6-0640|2026-01-22|L1|S395,2026-01-22 10:35:51,2026-01-22 10:35:51,2026-01-22 10:35:51.000,1,1,3335.83,,,0.0041,24.7818,34.7417,430,0,,,True,SINGLE_READING;,7,day7,MATCHED,D7:wor:1-395,1-395,1-395,results.zip/day7.xlsx,workbook,5.08951,183.985,1-396,True,24.7818,34.7416,441.769,,2.832,438.937,0.356131,12.6451,426.292,430.065,-3.77315,19401,34522.4,False,3407,0.00790444,INTERPOLATED,901,963,-71.1727,0.0089045,0,True,1,-71.1727,326.403,-0.338588,100.746,29.9114,13.6861,2.53929,-0.197923,-1.56653,-2.93514,-4.30375,-5.67235,-6.63038,-7.04096,-8.40957,-9.77818,-11.1468,0.110262,0.0705958,17.4254,13.6578,0.449005,1.19884,2.59579,-0.135777,-1.50156,-2.86734,-4.23313,-5.59891,-6.55496,-6.96469,-8.33047,-9.69626,-11.062,26.0485,True,395,7189.43,N-L1-358-418
940,CG6-0640,2026-01-22,1,396,field,CG6-0640|2026-01-22|L1|S396,2026-01-22 10:39:05,2026-01-22 10:39:05,2026-01-22 10:39:05.000,1,1,3334.96,,,0.0053,24.7803,34.7424,428.6,0,,,True,SINGLE_READING;,7,day7,MATCHED,D7:wor:1-396,1-396,1-396,results.zip/day7.xlsx,workbook,7.04114,183.533,1-395,True,24.7803,34.7423,445.128,,2.832,442.296,0.356131,12.6421,429.654,430.091,-0.436619,19333.5,34648.3,False,3407,0.00790556,INTERPOLATED,901,963,-72.0374,0.00951776,0,True,1,-72.0374,329.765,-0.443071,101.783,30.1888,13.827,2.53476,-0.23065,-1.61335,-2.99606,-4.37876,-5.76147,-6.72936,-7.14417,-8.52688,-9.90958,-11.2923,0.110313,0.0706758,17.6008,13.8332,0.414627,1.10705,2.5225,-0.244135,-1.62745,-3.01077,-4.39409,-5.77741,-6.74573,-7.16072,-8.54404,-9.92736,-11.3107,26.0134,True,396,7372.98,N-L1-358-418
941,CG6-0640,2026-01-22,1,397,field,CG6-0640|2026-01-22|L1|S397,2026-01-22 10:42:26,2026-01-22 10:42:26,2026-01-22 10:42:26.000,1,1,3334.19,,,0.0029,24.7788,34.7436,432.5,0,,,True,SINGLE_READING;,7,day7,MATCHED,D7:wor:1-397,1-397,1-397,results.zip/day7.xlsx,workbook,10.5659,182.39,1-398,True,24.7787,34.7435,450.417,,2.832,447.585,0.356131,12.6377,434.947,435.031,-0.0833103,19216.7,34758,False,3407,0.00790676,INTERPOLATED,901,963,-72.8095,0.00842181,0,True,1,-72.8095,335.058,-0.550053,103.417,31.1574,14.049,3.05944,0.249643,-1.15526,-2.56016,-3.96506,-5.36996,-6.35338,-6.77485,-8.17975,-9.58465,-10.9896,0.110224,0.0705365,17.8405,14.0729,0.396813,1.05949,3.01155,0.196967,-1.21033,-2.61762,-4.02491,-5.43221,-6.41731,-6.8395,-8.2468,-9.65409,-11.0614,25.932,True,397,7584.15,N-L1-358-418
942,CG6-0640,2026-01-22,1,398,field,CG6-0640|2026-01-22|L1|S398,2026-01-22 10:45:31,2026-01-22 10:45:31,2026-01-22 10:45:31.000,1,1,3333.44,,,0.0072,24.7774,34.7445,432.2,0,,STDDEV_GT_0.050,True,SINGLE_READING;,7,day7,MATCHED,D7:wor:1-398,1-398,1-398,results.zip/day7.xlsx,workbook,5.31832,186.194,1-397,True,24.7774,34.7445,454.331,,2.832,451.499,0.356131,12.6341,438.865,439.401,-0.535827,19130.3,34867.5,False,3407,0.0079079,INTERPOLATED,901,963,-73.5576,0.0106946,0,True,1,-73.5576,338.976,-0.645621,104.626,31.7139,14.2133,3.28741,0.444754,-0.976572,-2.3979,-3.81922,-5.24055,-6.23548,-6.66188,-8.0832,-9.50453,-10.9259,0.110421,0.0708439,17.9982,14.2306,0.403369,1.07699,3.25263,0.4065,-1.01656,-2.43963,-3.86269,-5.28576,-6.2819,-6.70882,-8.13189,-9.55495,-10.978,25.8691,True,398,7767.87,N-L1-358-418
943,CG6-0640,2026-01-22,1,399,field,CG6-0640|2026-01-22|L1|S399,2026-01-22 10:48:27,2026-01-22 10:48:27,2026-01-22 10:48:27.000,1,1,3332.72,,,0.0035,24.7759,34.7458,427.8,0,,,True,SINGLE_READING;,7,day7,MATCHED,D7:wor:1-399,1-399,1-399,results.zip/day7.xlsx,workbook,6.76063,204.69,1-398,True,24.7759,34.7457,458.516,,2.832,455.684,0.356131,12.6299,443.054,444.23,-1.17557,19014.7,34965.9,False,3407,0.00790902,INTERPOLATED,901,963,-74.2774,0.00864885,0,True,1,-74.2774,343.165,-0.742315,105.919,32.3838,14.3889,3.60594,0.728159,-0.710733,-2.14962,-3.58852,-5.02741,-6.03463,-6.4663,-7.90519,-9.34408,-10.783,0.110242,0.070564,18.1551,14.3875,0.422192,1.12725,3.60881,0.731316,-0.707432,-2.14618,-3.58493,-5.02368,-6.0308,-6.46242,-7.90117,-9.33992,-10.7787,25.7838,True,399,7967.47,N-L1-358-418
944,CG6-0640,2026-01-22,1,400,field,CG6-0640|2026-01-22|L1|S400,2026-01-22 10:51:46,2026-01-22 10:51:46,2026-01-22 10:51:46.000,1,1,3331.77,,,0.0038,24.7743,34.7471,433.5,0,,,True,SINGLE_READING;,7,day7,MATCHED,D7:wor:1-400,1-400,1-400,results.zip/day7.xlsx,workbook,10.7111,161.088,1-401,True,24.7743,34.747,463.126,,2.832,460.294,0.356131,12.6253,447.669,450.416,-2.74722,18891.2,35082.3,False,3407,0.00791033,INTERPOLATED,901,963,-75.2264,0.00877572,0,True,1,-75.2264,347.78,-0.853487,107.343,32.9702,14.5824,3.80537,0.888892,-0.569348,-2.02759,-3.48583,-4.94407,-5.96484,-6.40231,-7.86055,-9.31879,-10.777,0.110252,0.0705797,18.3127,14.5451,0.458029,1.22294,3.87992,0.970891,-0.483623,-1.93814,-3.39265,-4.84716,-5.86532,-6.30168,-7.75619,-9.2107,-10.6652,25.6968,True,400,8190.98,N-L1-358-418
945,CG6-0640,2026-01-22,1,401,field,CG6-0640|2026-01-22|L1|S401,2026-01-22 10:54:41,2026-01-22 10:54:41,2026-01-22 10:54:41.000,1,1,3330.44,,,0.0063,24.7731,34.7481,435.1,0,,,True,SINGLE_READING;,7,day7,MATCHED,D7:wor:1-401,1-401,1-401,results.zip/day7.xlsx,workbook,11.5732,174.744,1-400,True,24.7731,34.748,469.241,,2.832,466.409,0.356131,12.622,453.787,454.415,-0.627805,18803.3,35170,False,3407,0.00791151,INTERPOLATED,901,963,-76.5569,0.0101135,0,True,1,-76.5569,353.898,-0.938658,109.231,33.6131,14.8389,3.93518,0.967389,-0.516506,-2.0004,-3.4843,-4.96819,-6.00692,-6.45208,-7.93598,-9.41987,-10.9038,0.110366,0.0707585,18.5228,14.7552,0.504531,1.3471,4.10273,1.15169,-0.323826,-1.79934,-3.27486,-4.75038,-5.78324,-6.22589,-7.70141,-9.17693,-10.6524,25.6351,True,401,8359.92,N-L1-358-418
946,CG6-0640,2026-01-22,1,402,field,CG6-0640|2026-01-22|L1|S402,2026-01-22 10:58:04,2026-01-22 10:58:04,2026-01-22 10:58:04.000,1,1,3328.23,,,0.0049,24.7714,34.7494,444.4,0,,,True,SINGLE_READING;,7,day7,MATCHED,D7:wor:1-402,1-402,1-402,results.zip/day7.xlsx,workbook,10.8147,199.7,1-403,True,24.7714,34.7493,478.593,,2.832,475.761,0.356131,12.6175,463.143,465.454,-2.31039,18692,35302.9,False,3407,0.00791291,INTERPOLATED,901,963,-78.766,0.00930721,0,True,1,-78.766,363.255,-1.05643,112.119,34.4095,15.2313,3.94693,0.900678,-0.622449,-2.14557,-3.6687,-5.19183,-6.25802,-6.71495,-8.23808,-9.76121,-11.2843,0.110295,0.0706477,18.7909,15.0233,0.628693,1.67861,4.3628,1.35814,-0.144195,-1.64653,-3.14886,-4.65119,-5.70283,-6.15353,-7.65586,-9.15819,-10.6605,25.5567,True,402,8590.41,N-L1-358-418
947,CG6-0640,2026-01-22,1,403,field,CG6-0640|2026-01-22|L1|S403,2026-01-22 11:03:32,2026-01-22 11:03:32,2026-01-22 11:03:32.000,1,1,3325.01,,,0.0045,24.7697,34.7505,445,0,,,True,SINGLE_READING;,7,day7,MATCHED,D7:wor:1-403,1-403,1-403,results.zip/day7.xlsx,workbook,21.0323,188.237,1-404,True,24.7698,34.7503,493.771,,2.832,490.939,0.356131,12.6138,478.325,482.562,-4.23645,18598.7,35432.6,False,3407,0.00791528,INTERPOLATED,901,963,-81.9875,0.00910503,0,True,1,-81.9875,378.436,-1.16733,116.804,35.9843,15.8678,4.24863,1.07506,-0.51172,-2.0985,-3.68529,-5.27207,-6.38282,-6.85885,-8.44564,-10.0324,-11.6192,0.110278,0.0706214,19.3327,15.5652,0.723431,1.93156,4.85398,1.74095,0.184432,-1.37208,-2.9286,-4.48512,-5.57468,-6.04163,-7.59815,-9.15466,-10.7112,25.5039,True,403,8796.9,N-L1-358-418
948,CG6-0640,2026-01-22,1,404,field,CG6-0640|2026-01-22|L1|S404,2026-01-22 11:08:03,2026-01-22 11:08:03,2026-01-22 11:08:03.000,1,1,3329.24,,,0.009,24.7681,34.7505,454.6,0,,STDDEV_GT_0.050,True,SINGLE_READING;,7,day7,MATCHED,D7:wor:1-404,1-404,1-404,results.zip/day7.xlsx,workbook,5.19742,189.602,1-403,True,24.768,34.7505,468.76,,2.832,465.928,0.356131,12.6124,453.316,459.452,-6.13603,18619.9,35604.3,False,3407,0.00791731,INTERPOLATED,901,963,-77.7555,0.0119868,0,True,1,-77.7555,353.427,-1.28676,109.086,32.6172,14.8192,2.9788,0.0149656,-1.46695,-2.94887,-4.43079,-5.91271,-6.95005,-7.39462,-8.87654,-10.3585,-11.8404,0.110554,0.0710504,18.1418,14.3742,0.865749,2.31155,3.86879,0.993948,-0.443471,-1.88089,-3.31831,-4.75573,-5.76192,-6.19315,-7.63056,-9.06798,-10.5054,25.5384,True,404,8991.01,N-L1-358-418
949,CG6-0640,2026-01-22,1,405,field,CG6-0640|2026-01-22|L1|S405,2026-01-22 11:11:35,2026-01-22 11:11:35,2026-01-22 11:11:35.000,1,1,3330.85,,,0.0092,24.7663,34.751,451,0,,STDDEV_GT_0.050,True,SINGLE_READING;,7,day7,MATCHED,D7:wor:1-405,1-405,1-405,results.zip/day7.xlsx,workbook,4.05522,194.88,1-404,True,24.7663,34.7509,461.552,,2.832,458.72,0.356131,12.61,446.11,447.853,-1.74265,18593.2,35766.3,False,3407,0.00791896,INTERPOLATED,901,963,-76.1519,0.0121388,0,True,1,-76.1519,346.221,-1.40224,106.862,32.1124,14.517,3.07827,0.174865,-1.27684,-2.72854,-4.18025,-5.63195,-6.64815,-7.08366,-8.53536,-9.98707,-11.4388,0.11057,0.0710762,17.9715,14.2039,0.733902,1.95952,3.70456,0.863784,-0.556606,-1.977,-3.39739,-4.81778,-5.81205,-6.23817,-7.65856,-9.07895,-10.4993,25.5427,True,405,9184.05,N-L1-358-418
950,CG6-0640,2026-01-22,1,406,field,CG6-0640|2026-01-22|L1|S406,2026-01-22 11:15:01,2026-01-22 11:15:01,2026-01-22 11:15:01.000,1,1,3332.48,,,0.0088,24.7646,34.752,441.8,0,,STDDEV_GT_0.050,True,SINGLE_READING;,7,day7,MATCHED,D7:wor:1-406,1-406,1-406,results.zip/day7.xlsx,workbook,5.28339,191.431,1-407,True,24.7646,34.7519,454.223,,2.832,451.391,0.356131,12.6061,438.785,439.618,-0.833498,18520,35915.5,False,3407,0.0079206,INTERPOLATED,901,963,-74.522,0.0118396,0,True,1,-74.522,338.896,-1.52294,104.601,31.6022,14.2099,3.18241,0.34043,-1.08056,-2.50155,-3.92254,-5.34353,-6.33823,-6.76452,-8.18551,-9.6065,-11.0275,0.110538,0.0710257,17.7488,13.9812,0.649452,1.73404,3.6398,0.843559,-0.554562,-1.95268,-3.3508,-4.74893,-5.72761,-6.14705,-7.54517,-8.94329,-10.3414,25.5019,True,406,9403.05,N-L1-358-418
951,CG6-0640,2026-01-22,1,407,field,CG6-0640|2026-01-22|L1|S407,2026-01-22 11:18:45,2026-01-22 11:18:45,2026-01-22 11:18:45.000,1,1,3333.79,,,0.0044,24.763,34.7528,437.6,0,,,True,SINGLE_READING;,7,day7,MATCHED,D7:wor:1-407,1-407,1-407,results.zip/day7.xlsx,workbook,9.11477,195.253,1-408,True,24.763,34.7527,448.737,,2.832,445.905,0.356131,12.603,433.302,434.788,-1.48623,18463.6,36052.1,False,3407,0.00792244,INTERPOLATED,901,963,-73.204,0.00906228,0,True,1,-73.204,333.413,-1.63393,102.909,31.3391,13.98,3.37904,0.583038,-0.814963,-2.21296,-3.61097,-5.00897,-5.98757,-6.40697,-7.80497,-9.20297,-10.601,0.110275,0.0706159,17.5708,13.8032,0.597524,1.59539,3.73257,0.971926,-0.408398,-1.78872,-3.16905,-4.54937,-5.5156,-5.92969,-7.31002,-8.69034,-10.0707,25.4792,True,407,9598.68,N-L1-358-418
952,CG6-0640,2026-01-22,1,408,field,CG6-0640|2026-01-22|L1|S408,2026-01-22 11:22:04,2026-01-22 11:22:04,2026-01-22 11:22:04.000,1,1,3334.93,,,0.0052,24.7615,34.7539,438.3,0,,,True,SINGLE_READING;,7,day7,MATCHED,D7:wor:1-408,1-408,1-408,results.zip/day7.xlsx,workbook,8.47252,182.039,1-409,True,24.7615,34.7538,444.25,,2.832,441.418,0.356131,12.5989,428.819,429.829,-1.00953,18378.6,36168.7,False,3407,0.00792411,INTERPOLATED,901,963,-72.0696,0.00947795,0,True,1,-72.0696,328.93,-1.73615,101.526,31.1921,13.792,3.60805,0.849638,-0.529566,-1.90877,-3.28797,-4.66718,-5.63262,-6.04638,-7.42559,-8.80479,-10.184,0.11031,0.0706704,17.436,13.6684,0.544381,1.4535,3.85529,1.12161,-0.24523,-1.61207,-2.97891,-4.34576,-5.30254,-5.7126,-7.07944,-8.44628,-9.81312,25.4208,True,408,9798.3,N-L1-358-418
953,CG6-0640,2026-01-22,1,409,field,CG6-0640|2026-01-22|L1|S409,2026-01-22 11:25:29,2026-01-22 11:25:29,2026-01-22 11:25:29.000,1,1,3335.19,,,0.0049,24.7603,34.7526,426.9,0,,,True,SINGLE_READING;,7,day7,MATCHED,D7:wor:1-409,1-409,1-409,results.zip/day7.xlsx,workbook,5.15951,171.572,1-408,True,24.7603,34.7526,439.117,,2.832,436.285,0.356131,12.6019,423.683,424.104,-0.420802,18521.4,36331.2,False,3407,0.00792587,INTERPOLATED,901,963,-71.8066,0.00931823,0,True,1,-71.8066,323.794,-1.81458,99.9404,29.9484,13.5767,2.79504,0.0796994,-1.27797,-2.63564,-3.99331,-5.35098,-6.30134,-6.70864,-8.06631,-9.42398,-10.7817,0.110296,0.0706492,17.222,13.4544,0.543017,1.44986,3.03956,0.348671,-0.996772,-2.34221,-3.68766,-5.0331,-5.97491,-6.37854,-7.72399,-9.06943,-10.4149,25.5742,True,409,9973.81,N-L1-358-418
954,CG6-0640,2026-01-22,1,410,field,CG6-0640|2026-01-22|L1|S410,2026-01-22 11:29:01,2026-01-22 11:29:01,2026-01-22 11:29:01.000,1,1,3336.48,,,0.0095,24.7581,34.7529,417.6,0,,STDDEV_GT_0.050,True,SINGLE_READING;,7,day7,MATCHED,D7:wor:1-410,1-410,1-410,results.zip/day7.xlsx,workbook,5.62066,166.507,1-411,True,24.758,34.7529,430.98,,2.832,428.148,0.356131,12.5998,415.548,415.893,-0.345124,18534.6,36557.3,False,3407,0.00792774,INTERPOLATED,901,963,-70.5169,0.0123733,0,True,1,-70.5169,315.659,-1.97187,97.4297,28.8848,13.2356,2.41357,-0.233549,-1.55711,-2.88067,-4.20423,-5.52779,-6.45428,-6.85134,-8.1749,-9.49846,-10.822,0.110596,0.0711166,16.955,13.1874,0.468914,1.252,2.50988,-0.127603,-1.44635,-2.76509,-4.08383,-5.40258,-6.3257,-6.72132,-8.04006,-9.35881,-10.6775,25.623,True,410,10230.3,N-L1-358-418
955,CG6-0640,2026-01-22,1,411,field,CG6-0640|2026-01-22|L1|S411,2026-01-22 11:32:43,2026-01-22 11:32:43,2026-01-22 11:32:43.000,1,1,3337.12,,,0.0029,24.7567,34.7535,415.3,0,,,True,SINGLE_READING;,7,day7,MATCHED,D7:wor:1-411,1-411,1-411,results.zip/day7.xlsx,workbook,5.69477,160.882,1-410,True,24.7566,34.7534,426.304,,2.832,423.472,0.356131,12.5975,410.875,411.49,-0.61539,18506.7,36682,False,3407,0.00792975,INTERPOLATED,901,963,-69.8779,0.0084434,0,True,1,-69.8779,310.986,-2.06697,95.9873,28.1764,13.0396,2.09716,-0.510766,-1.81473,-3.11869,-4.42265,-5.72662,-6.63939,-7.03058,-8.33454,-9.6385,-10.9425,0.110226,0.0705391,16.7747,13.0071,0.453316,1.21035,2.16228,-0.439135,-1.73984,-3.04055,-4.34125,-5.64196,-6.55246,-6.94267,-8.24337,-9.54408,-10.8448,25.6168,True,411,10394.6,N-L1-358-418
957,CG6-0640,2026-01-22,1,413,field,CG6-0640|2026-01-22|L1|S413,2026-01-22 11:40:11,2026-01-22 11:40:11,2026-01-22 11:40:11.000,1,1,3338.73,,,0.0084,24.7523,34.7549,403,0,,STDDEV_GT_0.050,True,SINGLE_READING;,7,day7,MATCHED,D7:wor:1-413,1-413,1-413,results.zip/day7.xlsx,workbook,4.88985,240.783,1-414,True,24.7523,34.7549,413.572,,2.832,410.74,0.356131,12.591,398.149,399.217,-1.06798,18456.8,37087.4,False,3407,0.00793396,INTERPOLATED,901,963,-68.266,0.0115546,0,True,1,-68.266,298.26,-2.36472,92.0598,26.1585,12.506,1.14641,-1.3548,-2.60541,-3.85601,-5.10662,-6.35722,-7.23264,-7.60782,-8.85843,-10.109,-11.3596,0.110508,0.0709788,16.3146,12.547,0.379831,1.01415,1.06455,-1.44484,-2.69954,-3.95423,-5.20893,-6.46363,-7.34191,-7.71832,-8.97302,-10.2277,-11.4824,25.6338,True,413,10898.8,N-L1-358-418
958,CG6-0640,2026-01-22,1,414,field,CG6-0640|2026-01-22|L1|S414,2026-01-22 11:43:25,2026-01-22 11:43:25,2026-01-22 11:43:25.000,1,1,3340.56,,,0.0057,24.7521,34.7573,395.6,0,,,True,SINGLE_READING;,7,day7,MATCHED,D7:wor:1-414,1-414,1-414,results.zip/day7.xlsx,workbook,12.0825,215.184,1-415,True,24.752,34.7573,407.917,,2.832,405.085,0.356131,12.584,392.501,393.038,-0.53679,18229.1,37038.1,False,3407,0.00793584,INTERPOLATED,901,963,-66.441,0.00977075,0,True,1,-66.441,292.612,-2.389,90.3166,26.2646,12.2692,1.72615,-0.727698,-1.95462,-3.18154,-4.40846,-5.63539,-6.49423,-6.86231,-8.08923,-9.31615,-10.5431,0.110335,0.0707103,16.0831,12.3155,0.374488,0.999883,1.63361,-0.829489,-2.06104,-3.29259,-4.52414,-5.75569,-6.61777,-6.98723,-8.21878,-9.45033,-10.6819,25.4211,True,414,11141.7,N-L1-358-418
959,CG6-0640,2026-01-22,1,415,field,CG6-0640|2026-01-22|L1|S415,2026-01-22 11:46:35,2026-01-22 11:46:35,2026-01-22 11:46:35.000,1,1,3341.86,,,0.0042,24.7514,34.7593,392,0,,,True,SINGLE_READING;,7,day7,MATCHED,D7:wor:1-415,1-415,1-415,results.zip/day7.xlsx,workbook,2.74478,214.336,1-414,True,24.7513,34.7593,403.558,,2.832,400.726,0.356131,12.578,388.148,389.492,-1.34385,18049.6,37046.7,False,3407,0.00793772,INTERPOLATED,901,963,-65.1341,0.00898039,0,True,1,-65.1341,288.259,-2.43136,88.9731,26.2704,12.0867,2.09699,-0.320355,-1.52903,-2.7377,-3.94637,-5.15504,-6.00111,-6.36371,-7.57238,-8.78105,-9.98972,0.110268,0.0706054,15.8914,12.1238,0.383619,1.02426,2.02271,-0.402059,-1.61444,-2.82683,-4.03921,-5.2516,-6.10026,-6.46398,-7.67636,-8.88875,-10.1011,25.2541,True,415,11355.4,N-L1-358-418
960,CG6-0640,2026-01-22,1,416,field,CG6-0640|2026-01-22|L1|S416,2026-01-22 11:53:11,2026-01-22 11:53:11,2026-01-22 11:53:11.000,1,1,3342.92,,,0.0051,24.7499,34.7607,394.4,0,,,True,SINGLE_READING;,7,day7,MATCHED,D7:wor:1-416,1-416,1-416,results.zip/day7.xlsx,workbook,9.11584,209.809,1-417,True,24.7499,34.7607,398.99,,2.832,396.158,0.356131,12.5732,383.585,385.534,-1.94964,17943.9,37150.5,False,3407,0.00794176,INTERPOLATED,901,963,-64.0792,0.0094383,0,True,1,-64.0792,283.696,-2.53296,87.5648,26.0185,11.8954,2.22775,-0.151327,-1.34086,-2.5304,-3.71994,-4.90947,-5.74215,-6.09901,-7.28855,-8.47808,-9.66762,0.110306,0.0706651,15.714,11.9464,0.369739,0.987204,2.12571,-0.263566,-1.4582,-2.65284,-3.84748,-5.04212,-5.87837,-6.23676,-7.4314,-8.62604,-9.82067,25.177,True,416,11573.4,N-L1-358-418
961,CG6-0640,2026-01-22,1,417,field,CG6-0640|2026-01-22|L1|S417,2026-01-22 11:56:21,2026-01-22 11:56:21,2026-01-22 11:56:21.000,1,1,3344.23,,,0.0026,24.7492,34.7626,383.1,0,,,True,SINGLE_READING;,7,day7,MATCHED,D7:wor:1-417,1-417,1-417,results.zip/day7.xlsx,workbook,6.87301,160.438,1-418,True,24.7491,34.7626,394.199,,2.832,391.367,0.356131,12.5671,378.8,380.744,-1.94378,17780.2,37172.9,False,3407,0.00794375,INTERPOLATED,901,963,-62.7691,0.00835842,0,True,1,-62.7691,278.911,-2.58505,86.088,25.9039,11.6947,2.51444,0.175489,-0.993985,-2.16346,-3.33293,-4.50241,-5.32104,-5.67188,-6.84135,-8.01083,-9.1803,0.110219,0.070529,15.5102,11.7426,0.372913,0.995677,2.41875,0.0702321,-1.10403,-2.27828,-3.45254,-4.6268,-5.44878,-5.80106,-6.97532,-8.14957,-9.32383,25.0276,True,417,11782.6,N-L1-358-418
962,CG6-0640,2026-01-22,1,418,field,CG6-0640|2026-01-22|L1|S418,2026-01-22 11:59:09,2026-01-22 11:59:09,2026-01-22 11:59:09.000,1,1,3344.95,,,0.004,24.7484,34.764,381.1,0,,,True,SINGLE_READING;,7,day7,MATCHED,D7:wor:1-418,1-418,1-418,results.zip/day7.xlsx,workbook,10.2972,156.046,1-417,True,24.7484,34.7639,391.351,,2.832,388.519,0.356131,12.5626,375.956,377.945,-1.98874,17665.7,37205.8,False,3407,0.00794554,INTERPOLATED,901,963,-62.0463,0.0088956,0,True,1,-62.0463,276.067,-2.63572,85.2104,25.7998,11.5755,2.64878,0.333679,-0.823871,-1.98142,-3.13897,-4.29652,-5.10681,-5.45407,-6.61162,-7.76918,-8.92673,0.110261,0.0705947,15.3783,11.6107,0.385568,1.02947,2.5784,0.256263,-0.904807,-2.06588,-3.22695,-4.38802,-5.20076,-5.54909,-6.71015,-7.87122,-9.03229,24.9315,True,418,11940,N-L1-358-418
964,CG6-0640,2026-01-22,1,419,field,CG6-0640|2026-01-22|L1|S419,2026-01-22 13:45:48,2026-01-22 13:45:48,2026-01-22 13:45:48.000,1,1,3379.2,,,0.0026,24.796,34.8091,253.8,0,,,True,SINGLE_READING;,7,day7,MATCHED,D7:kml:1-419,1-419,1-419,results.zip/day7.kml,kml_only,3.96368,233.459,1-420,True,24.796,34.8091,283.876,,2.832,281.044,0.356131,12.4252,268.619,268.35,0.269307,12623.7,30893.2,False,3407,0.00791561,INTERPOLATED,963,978,-27.7979,0.00833168,0,True,1,-27.7979,168.73,0.634203,52.0811,23.649,7.07486,9.49933,8.08436,7.37687,6.66938,5.9619,5.25441,4.75917,4.54693,3.83944,3.13195,2.42447,0.110217,0.0705258,10.8562,7.08859,0.40703,1.08677,9.47187,8.05416,7.3453,6.63644,5.92758,5.21872,4.72252,4.50986,3.80101,3.09215,2.38329,19.0595,True,419,0,N-L1-419-432
965,CG6-0640,2026-01-22,1,420,field,CG6-0640|2026-01-22|L1|S420,2026-01-22 13:51:15,2026-01-22 13:51:15,2026-01-22 13:51:15.000,1,1,3378.2,,,0.0017,24.7982,34.8088,264.9,0,,,True,SINGLE_READING;,7,day7,MATCHED,D7:kml:1-420,1-420,1-420,results.zip/day7.kml,kml_only,13.5927,194.856,1-421,True,24.798,34.8088,289.5,,2.832,286.668,0.356131,12.426,274.242,274.296,-0.0541127,12678.3,30663.2,False,3407,0.00791201,INTERPOLATED,963,978,-28.7958,0.00809258,0,True,1,-28.7958,174.353,0.776199,53.8165,24.2445,7.3106,9.62329,8.16117,7.43011,6.69905,5.96799,5.23693,4.72519,4.50587,3.77481,3.04375,2.31269,0.110199,0.070498,10.9821,7.21448,0.516885,1.38008,9.81555,8.37265,7.65121,6.92976,6.20831,5.48686,4.98185,4.76542,4.04397,3.32252,2.60107,19.0487,True,420,232.054,N-L1-419-432
966,CG6-0640,2026-01-22,1,421,field,CG6-0640|2026-01-22|L1|S421,2026-01-22 13:54:45,2026-01-22 13:54:45,2026-01-22 13:54:45.000,1,1,3377.05,,,0.0041,24.7996,34.8076,277.7,0,,,True,SINGLE_READING;,7,day7,MATCHED,D7:kml:1-421,1-421,1-421,results.zip/day7.kml,kml_only,5.63626,187.844,1-422,True,24.7995,34.8076,294.993,,2.832,292.161,0.356131,12.4303,279.73,279.825,-0.0951622,12817.9,30540.5,False,3407,0.00790996,INTERPOLATED,963,978,-29.9453,0.0089094,0,True,1,-29.9453,179.841,0.876704,55.5106,24.6886,7.54075,9.60713,8.09899,7.34491,6.59084,5.83676,5.08269,4.55483,4.32861,3.57454,2.82046,2.06639,0.110262,0.0705964,11.1509,7.38334,0.57816,1.54369,9.92194,8.44527,7.70694,6.9686,6.23027,5.49193,4.9751,4.7536,4.01527,3.27693,2.5386,19.1393,True,421,434.789,N-L1-419-432
967,CG6-0640,2026-01-22,1,422,field,CG6-0640|2026-01-22|L1|S422,2026-01-22 13:58:56,2026-01-22 13:58:56,2026-01-22 13:58:56.000,1,1,3376.07,,,0.0016,24.8004,34.806,277.8,0,,,True,SINGLE_READING;,7,day7,MATCHED,D7:wor:1-422,1-422,1-422,results.zip/day7.xlsx,workbook,1.65785,176.707,1-423,True,24.8004,34.806,299.816,,2.832,296.984,0.356131,12.4361,284.548,286.238,-1.69021,12989,30488.3,False,3407,0.00790777,INTERPOLATED,963,978,-30.931,0.00806801,0,True,1,-30.931,184.659,0.938241,56.9976,25.1284,7.74275,9.64285,8.0943,7.32003,6.54575,5.77148,4.9972,4.45521,4.22293,3.44865,2.67438,1.9001,0.110198,0.0704952,11.3673,7.59967,0.563836,1.50544,9.92901,8.40908,7.64911,6.88914,6.12918,5.36921,4.83723,4.60924,3.84927,3.08931,2.32934,19.2819,True,422,624.668,N-L1-419-432
968,CG6-0640,2026-01-22,1,423,field,CG6-0640|2026-01-22|L1|S423,2026-01-22 14:02:35,2026-01-22 14:02:35,2026-01-22 14:02:35.000,1,1,3375.23,,,0.0022,24.8012,34.8045,280.2,0,,,True,SINGLE_READING;,7,day7,MATCHED,D7:wor:1-423,1-423,1-423,results.zip/day7.xlsx,workbook,2.97586,176.568,1-422,True,24.8012,34.8045,304.455,,2.832,301.623,0.356131,12.4416,289.181,290.51,-1.32838,13150.5,30433.6,False,3407,0.0079061,INTERPOLATED,963,978,-31.7681,0.00820648,0,True,1,-31.7681,189.292,0.993497,58.4277,25.6661,7.93703,9.79203,8.20463,7.41092,6.61722,5.82351,5.02981,4.47422,4.23611,3.4424,2.6487,1.855,0.110208,0.0705112,11.6352,7.86763,0.490162,1.30873,9.93084,8.35732,7.57055,6.78379,5.99703,5.21026,4.65953,4.4235,3.63674,2.84997,2.06321,19.4162,True,423,799.876,N-L1-419-432
969,CG6-0640,2026-01-22,1,424,field,CG6-0640|2026-01-22|L1|S424,2026-01-22 14:06:27,2026-01-22 14:06:27,2026-01-22 14:06:27.000,1,1,3374.26,,,0.002,24.8023,34.803,295,0,,,True,SINGLE_READING;,7,day7,MATCHED,D7:wor:1-424,1-424,1-424,results.zip/day7.xlsx,workbook,2.56843,192.686,1-423,True,24.8023,34.803,309.475,,2.832,306.643,0.356131,12.4469,294.196,296.491,-2.29529,13313.7,30354.8,False,3407,0.00790457,INTERPOLATED,963,978,-32.741,0.00815366,0,True,1,-32.741,194.307,1.06734,59.9755,26.1671,8.1473,9.87251,8.24305,7.42832,6.61359,5.79886,4.98413,4.41382,4.16941,3.35468,2.53995,1.72522,0.110204,0.070505,11.9047,8.1371,0.430956,1.15065,9.89291,8.26549,7.45178,6.63807,5.82436,5.01065,4.44106,4.19694,3.38323,2.56952,1.75581,19.5443,True,424,990.484,N-L1-419-432
970,CG6-0640,2026-01-22,1,425,field,CG6-0640|2026-01-22|L1|S425,2026-01-22 14:11:23,2026-01-22 14:11:23,2026-01-22 14:11:23.000,1,1,3373.02,,,0.0024,24.8041,34.8025,298.3,0,,,True,SINGLE_READING;,7,day7,MATCHED,D7:wor:1-425,1-425,1-425,results.zip/day7.xlsx,workbook,4.41671,178.065,1-426,True,24.8041,34.8024,315.97,,2.832,313.138,0.356131,12.4488,300.689,303.561,-2.87164,13393.9,30169.3,False,3407,0.00790298,INTERPOLATED,963,978,-33.9793,0.00825936,0,True,1,-33.9793,200.8,1.19314,61.9796,26.8071,8.41956,9.968,8.28409,7.44213,6.60018,5.75822,4.91627,4.3269,4.07431,3.23236,2.3904,1.54844,0.110212,0.0705173,12.1535,8.38592,0.454396,1.21324,10.0353,8.35809,7.5195,6.68091,5.84232,5.00373,4.41671,4.16514,3.32654,2.48795,1.64936,19.5688,True,425,1201.27,N-L1-419-432
971,CG6-0640,2026-01-22,1,426,field,CG6-0640|2026-01-22|L1|S426,2026-01-22 14:16:31,2026-01-22 14:16:31,2026-01-22 14:16:31.000,1,1,3372.23,,,0.0028,24.8057,34.802,312.8,0,,,True,SINGLE_READING;,7,day7,MATCHED,D7:wor:1-426,1-426,1-426,results.zip/day7.xlsx,workbook,8.56072,126.465,1-427,True,24.8057,34.8019,320.649,,2.832,317.817,0.356131,12.4506,305.366,308.581,-3.21444,13470,30010.6,False,3407,0.00790175,INTERPOLATED,963,978,-34.7734,0.00838318,0,True,1,-34.7734,205.477,1.30054,63.4232,27.3492,8.61567,10.1179,8.39477,7.5332,6.67164,5.81007,4.9485,4.34541,4.08693,3.22537,2.3638,1.50223,0.110221,0.0705319,12.2853,8.51775,0.518676,1.38486,10.3137,8.61019,7.75842,6.90664,6.05487,5.20309,4.60685,4.35132,3.49954,2.64777,1.79599,19.5972,True,426,1382.81,N-L1-419-432
972,CG6-0640,2026-01-22,1,427,field,CG6-0640|2026-01-22|L1|S427,2026-01-22 14:23:08,2026-01-22 14:23:08,2026-01-22 14:23:08.000,1,1,3371.12,,,0.0016,24.8066,34.8029,312,0,,,True,SINGLE_READING;,7,day7,MATCHED,D7:wor:1-427,1-427,1-427,results.zip/day7.xlsx,workbook,6.73499,141.201,1-426,True,24.8065,34.8029,326.423,,2.832,323.591,0.356131,12.4469,311.144,317.102,-5.95749,13392.8,29895.6,False,3407,0.00790082,INTERPOLATED,963,978,-35.8778,0.0080612,0,True,1,-35.8778,211.255,1.35984,65.2064,27.9688,8.85793,10.253,8.48138,7.59558,6.70979,5.824,4.93821,4.31815,4.05241,3.16662,2.28083,1.39504,0.110197,0.0704944,12.5458,8.77823,0.500453,1.33621,10.4124,8.65671,7.77889,6.90106,6.02324,5.14542,4.53094,4.26759,3.38977,2.51195,1.63412,19.4909,True,427,1517.53,N-L1-419-432
973,CG6-0640,2026-01-22,1,428,field,CG6-0640|2026-01-22|L1|S428,2026-01-22 14:27:33,2026-01-22 14:27:33,2026-01-22 14:27:33.000,1,1,3370.31,,,0.0019,24.8081,34.8032,319.2,0,,,True,SINGLE_READING;,7,day7,MATCHED,D7:kml:1-428,1-428,1-428,results.zip/day7.kml,kml_only,9.66424,182.453,1-427,True,24.8081,34.8032,331.218,,2.832,328.386,0.356131,12.4455,315.941,320.372,-4.43172,13386.6,29719.9,False,3407,0.00790061,INTERPOLATED,963,978,-36.6862,0.00812586,0,True,1,-36.6862,216.052,1.4655,66.6869,28.5352,9.05905,10.4171,8.60526,7.69935,6.79345,5.88754,4.98164,4.34751,4.07574,3.16983,2.26393,1.35802,0.110202,0.0705018,12.7103,8.94271,0.537093,1.43404,10.6497,8.8612,7.96693,7.07266,6.17838,5.28411,4.65812,4.38984,3.49557,2.6013,1.70703,19.437,True,428,1691.58,N-L1-419-432
975,CG6-0640,2026-01-22,1,430,field,CG6-0640|2026-01-22|L1|S430,2026-01-22 14:37:12,2026-01-22 14:37:12,2026-01-22 14:37:12.000,1,1,3368.39,,,0.0023,24.8104,34.8045,327.8,0,,,True,SINGLE_READING;,7,day7,MATCHED,D7:wor:1-430,1-430,1-430,results.zip/day7.xlsx,workbook,7.51901,71.9241,1-431,True,24.8103,34.8045,341.902,,2.832,339.07,0.356131,12.4402,326.63,329.759,-3.12896,13305.7,29443.9,False,3407,0.00790127,INTERPOLATED,963,978,-38.6062,0.00822922,0,True,1,-38.6062,226.741,1.62083,69.986,29.759,9.50724,10.7445,8.84308,7.89236,6.94163,5.99091,5.04019,4.37468,4.08946,3.13874,2.18801,1.23729,0.11021,0.0705138,13.1785,9.41094,0.517064,1.38056,10.9371,9.05496,8.11387,7.17277,6.23168,5.29058,4.63182,4.34949,3.4084,2.4673,1.52621,19.2743,True,430,1976.73,N-L1-419-432
976,CG6-0640,2026-01-22,1,431,field,CG6-0640|2026-01-22|L1|S431,2026-01-22 14:40:32,2026-01-22 14:40:32,2026-01-22 14:40:32.000,1,1,3369.16,,,0.0023,24.8103,34.8039,325,0,,,True,SINGLE_READING;,7,day7,MATCHED,D7:wor:1-431,1-431,1-431,results.zip/day7.xlsx,workbook,8.15003,64.7022,1-430,True,24.8102,34.8039,337.614,,2.832,334.782,0.356131,12.4427,322.339,324.018,-1.67839,13368.2,29472.6,False,3407,0.00790186,INTERPOLATED,963,978,-37.8441,0.00822978,0,True,1,-37.8441,222.45,1.61294,68.6618,29.2048,9.32734,10.5501,8.68462,7.75189,6.81915,5.88642,4.95369,4.30077,4.02095,3.08822,2.15548,1.22275,0.11021,0.0705139,13.0211,9.25348,0.494615,1.32062,10.6978,8.84711,7.92176,6.99641,6.07106,5.14572,4.49797,4.22037,3.29502,2.36967,1.44432,19.3427,True,431,2045.28,N-L1-419-432
977,CG6-0640,2026-01-22,1,432,field,CG6-0640|2026-01-22|L1|S432,2026-01-22 14:43:41,2026-01-22 14:43:41,2026-01-22 14:43:41.000,1,1,3368.1,,,0.0023,24.8108,34.8034,330.2,0,,,True,SINGLE_READING;,7,day7,MATCHED,D7:wor:1-432,1-432,1-432,results.zip/day7.xlsx,workbook,6.78056,79.8872,1-431,True,24.8107,34.8033,341.21,,2.832,338.378,0.356131,12.4446,325.933,333.192,-7.25893,13430.4,29432.6,False,3407,0.00790258,INTERPOLATED,963,978,-38.9017,0.00823048,0,True,1,-38.9017,226.044,1.64764,69.7711,29.2217,9.47804,10.2656,8.37001,7.42221,6.47441,5.5266,4.5788,3.91533,3.63099,2.68319,1.73538,0.78758,0.11021,0.070514,13.1725,9.40491,0.493894,1.3187,10.4119,8.53092,7.59043,6.64994,5.70945,4.76895,4.11061,3.82846,2.88797,1.94748,1.00699,19.3877,True,432,2121.27,N-L1-419-432
982,CG6-0640,2026-01-23,1,433,field,CG6-0640|2026-01-23|L1|S433,2026-01-23 08:10:26,2026-01-23 08:10:26,2026-01-23 08:10:26.000,1,1,3374.36,,,0.0061,24.6898,34.8924,239.4,0,,,True,SINGLE_READING;,8,day8,MATCHED,D8:wor:1-433,1-433,1-433,results.zip/day8.xlsx,workbook,2.96557,283.655,1-434,True,24.6897,34.8924,242.653,,0,242.653,0.15,12.0993,230.554,230.399,0.154377,11566.7,41947.8,False,3407.01,0.00787893,INTERPOLATED,981,1051,-32.6489,0.00996431,0,True,1,-32.6489,130.665,-6.65625,40.3321,14.3395,5.47877,3.38193,2.28618,1.7383,1.19043,0.642549,0.0946715,-0.288842,-0.453206,-1.00108,-1.54896,-2.09684,0.0473503,0.0311346,9.47312,5.70553,0.193997,0.517973,2.92842,1.78731,1.21676,0.646203,0.0756494,-0.494904,-0.894291,-1.06546,-1.63601,-2.20656,-2.77712,17.8946,True,433,0,N-L1-433-501
983,CG6-0640,2026-01-23,1,434,field,CG6-0640|2026-01-23|L1|S434,2026-01-23 08:20:10,2026-01-23 08:20:10,2026-01-23 08:20:10.000,1,1,3373.69,,,0.002,24.6914,34.8901,248.7,0,,,True,SINGLE_READING;,8,day8,MATCHED,D8:wor:1-434,1-434,1-434,results.zip/day8.xlsx,workbook,4.30955,261.24,1-435,True,24.6913,34.8902,245.753,,0,245.753,0.15,12.1091,233.644,233.338,0.305492,11485,41761.9,False,3407.01,0.00787771,INTERPOLATED,981,1051,-33.3165,0.00812763,0,True,1,-33.3165,133.755,-6.54614,41.286,14.5156,5.60835,3.29889,2.17722,1.61639,1.05555,0.494716,-0.0661186,-0.458703,-0.626953,-1.18779,-1.74862,-2.30946,0.0469981,0.0305963,9.63718,5.86959,0.159514,0.425903,2.7764,1.60249,1.01553,0.428568,-0.158391,-0.74535,-1.15622,-1.33231,-1.91927,-2.50623,-3.09319,17.9254,True,434,285.85,N-L1-433-501
984,CG6-0640,2026-01-23,1,435,field,CG6-0640|2026-01-23|L1|S435,2026-01-23 08:23:39,2026-01-23 08:23:39,2026-01-23 08:23:39.000,1,1,3373.16,,,0.0036,24.6929,34.8882,237.6,0,,,True,SINGLE_READING;,8,day8,MATCHED,D8:wor:1-435,1-435,1-435,results.zip/day8.xlsx,workbook,3.87365,253.036,1-436,True,24.6929,34.8882,248.586,,0,248.586,0.15,12.1178,236.468,236.57,-0.102291,11400.9,41581.2,False,3407.01,0.0078773,INTERPOLATED,981,1051,-33.8544,0.00866094,0,True,1,-33.8544,136.579,-6.43563,42.1577,14.739,5.72677,3.28544,2.14009,1.56741,0.994737,0.42206,-0.150617,-0.551491,-0.723294,-1.29597,-1.86865,-2.44132,0.0470933,0.0307423,9.75013,5.98255,0.164977,0.440488,2.77388,1.57737,0.979119,0.380864,-0.217391,-0.815646,-1.23442,-1.4139,-2.01216,-2.61041,-3.20866,17.9407,True,435,551.396,N-L1-433-501
985,CG6-0640,2026-01-23,1,436,field,CG6-0640|2026-01-23|L1|S436,2026-01-23 08:27:48,2026-01-23 08:27:48,2026-01-23 08:27:48.000,1,1,3372.84,,,0.0018,24.6941,34.886,241.8,0,,,True,SINGLE_READING;,8,day8,MATCHED,D8:wor:1-436,1-436,1-436,results.zip/day8.xlsx,workbook,2.4103,240.087,1-437,True,24.6941,34.886,250.426,,0,250.426,0.15,12.1274,238.299,238.765,-0.466677,11375.2,41447.6,False,3407.01,0.00787683,INTERPOLATED,981,1051,-34.1712,0.00807988,0,True,1,-34.1712,138.41,-6.35785,42.7227,14.9094,5.80352,3.30233,2.14163,1.56128,0.980926,0.400574,-0.179777,-0.586024,-0.760129,-1.34048,-1.92083,-2.50118,0.0469899,0.0305836,9.82472,6.05713,0.167145,0.446276,2.79511,1.58368,0.977969,0.372256,-0.233457,-0.83917,-1.26317,-1.44488,-2.0506,-2.65631,-3.26202,18.0154,True,436,807.004,N-L1-433-501
986,CG6-0640,2026-01-23,1,437,field,CG6-0640|2026-01-23|L1|S437,2026-01-23 08:31:31,2026-01-23 08:31:31,2026-01-23 08:31:31.000,1,1,3372.44,,,0.0064,24.6961,34.885,251.1,0,,,True,SINGLE_READING;,8,day8,MATCHED,D8:wor:1-437,1-437,1-437,results.zip/day8.xlsx,workbook,3.23676,228.059,1-438,True,24.696,34.885,253.644,,0,253.644,0.15,12.1327,241.511,241.474,0.0373925,11222.3,41226.1,False,3407.01,0.00787642,INTERPOLATED,981,1051,-34.5708,0.0101488,0,True,1,-34.5708,141.622,-6.22354,43.7143,15.3671,5.93822,3.49061,2.30296,1.70914,1.11532,0.521497,-0.0723257,-0.488001,-0.666148,-1.25997,-1.85379,-2.44761,0.0473895,0.0311941,9.94672,6.17913,0.17985,0.480198,3.00879,1.77297,1.15505,0.537141,-0.0807718,-0.698685,-1.13122,-1.3166,-1.93451,-2.55242,-3.17034,17.945,True,437,1049,N-L1-433-501
987,CG6-0640,2026-01-23,1,438,field,CG6-0640|2026-01-23|L1|S438,2026-01-23 08:35:10,2026-01-23 08:35:10,2026-01-23 08:35:10.000,1,1,3372.26,,,0.0026,24.6981,34.8843,249.4,0,,,True,SINGLE_READING;,8,day8,MATCHED,D8:wor:1-438,1-438,1-438,results.zip/day8.xlsx,workbook,4.53981,204.078,1-439,True,24.698,34.8843,255.966,,0,255.966,0.15,12.1367,243.829,243.969,-0.139261,11053.3,41002.5,False,3407.01,0.00787603,INTERPOLATED,981,1051,-34.7531,0.00829409,0,True,1,-34.7531,143.94,-6.08749,44.4298,15.7642,6.03542,3.69337,2.48628,1.88274,1.2792,0.675657,0.0721147,-0.350365,-0.531427,-1.13497,-1.73851,-2.34205,0.0470272,0.0306409,10.0108,6.24324,0.21294,0.568549,3.27773,2.02908,1.40476,0.780438,0.156114,-0.46821,-0.905236,-1.09253,-1.71686,-2.34118,-2.9655,17.8476,True,438,1280.11,N-L1-433-501
988,CG6-0640,2026-01-23,1,439,field,CG6-0640|2026-01-23|L1|S439,2026-01-23 08:40:48,2026-01-23 08:40:48,2026-01-23 08:40:48.000,1,1,3372.07,,,0.0031,24.6994,34.8829,252.4,0,,,True,SINGLE_READING;,8,day8,MATCHED,D8:wor:1-439,1-439,1-439,results.zip/day8.xlsx,workbook,2.78299,210.489,1-438,True,24.6994,34.883,258.849,,0,258.849,0.15,12.1431,246.706,246.609,0.0970026,10981.4,40847.8,False,3407.01,0.00787546,INTERPOLATED,981,1051,-34.9378,0.00846362,0,True,1,-34.9378,146.817,-5.99111,45.3176,16.3709,6.15603,4.05888,2.82767,2.21207,1.59647,0.980864,0.365261,-0.0656617,-0.250343,-0.865946,-1.48155,-2.09715,0.0470574,0.0306873,10.166,6.3984,0.178394,0.476312,3.57416,2.29448,1.65464,1.0148,0.374956,-0.264883,-0.712771,-0.904723,-1.54456,-2.1844,-2.82424,17.8439,True,439,1488.35,N-L1-433-501
989,CG6-0640,2026-01-23,1,440,field,CG6-0640|2026-01-23|L1|S440,2026-01-23 08:44:21,2026-01-23 08:44:21,2026-01-23 08:44:21.000,1,1,3371.8,,,0.0017,24.7015,34.8817,255.2,0,,,True,SINGLE_READING;,8,day8,MATCHED,D8:wor:1-440,1-440,1-440,results.zip/day8.xlsx,workbook,4.76891,197.794,1-441,True,24.7014,34.8817,261.096,,0,261.096,0.15,12.1494,248.947,249.006,-0.0594827,10843.1,40621.6,False,3407.01,0.00787512,INTERPOLATED,981,1051,-35.2112,0.00805652,0,True,1,-35.2112,149.058,-5.85484,46.0092,16.6528,6.24999,4.15286,2.90287,2.27787,1.65287,1.02787,0.402872,-0.0346275,-0.222127,-0.847126,-1.47212,-2.09712,0.0469859,0.0305775,10.2334,6.46581,0.204937,0.547181,3.72122,2.42806,1.78148,1.1349,0.488319,-0.158261,-0.610868,-0.804842,-1.45142,-2.098,-2.74458,17.788,True,440,1742.62,N-L1-433-501
990,CG6-0640,2026-01-23,1,441,field,CG6-0640|2026-01-23|L1|S441,2026-01-23 08:47:20,2026-01-23 08:47:20,2026-01-23 08:47:20.000,1,1,3371.25,,,0.0045,24.703,34.8805,258,0,,,True,SINGLE_READING;,8,day8,MATCHED,D8:wor:1-441,1-441,1-441,results.zip/day8.xlsx,workbook,5.67055,196.9,1-442,True,24.7029,34.8806,262.905,,0,262.905,0.15,12.1552,250.75,251.55,-0.79993,10756.9,40454.9,False,3407.01,0.00787484,INTERPOLATED,981,1051,-35.7634,0.0090699,0,True,1,-35.7634,150.861,-5.75328,46.5658,16.5557,6.3256,3.9045,2.63938,2.00682,1.37427,0.741705,0.109146,-0.333646,-0.523414,-1.15597,-1.78853,-2.42109,0.0471702,0.03086,10.2657,6.4981,0.248253,0.662836,3.5595,2.25988,1.61007,0.960256,0.310446,-0.339364,-0.794231,-0.989174,-1.63898,-2.28879,-2.9386,17.7648,True,441,1945.11,N-L1-433-501
991,CG6-0640,2026-01-23,1,442,field,CG6-0640|2026-01-23|L1|S442,2026-01-23 08:50:17,2026-01-23 08:50:17,2026-01-23 08:50:17.000,1,1,3371.08,,,0.0025,24.7041,34.879,256,0,,,True,SINGLE_READING;,8,day8,MATCHED,D8:wor:1-442,1-442,1-442,results.zip/day8.xlsx,workbook,2.82808,199.554,1-443,True,24.7041,34.879,265.333,,0,265.333,0.15,12.1622,253.171,252.956,0.214278,10723.6,40325.9,False,3407.01,0.00787457,INTERPOLATED,981,1051,-35.9282,0.00826189,0,True,1,-35.9282,153.282,-5.67278,47.3131,17.0577,6.42711,4.20346,2.91804,2.27533,1.63262,0.989912,0.347201,-0.102697,-0.29551,-0.93822,-1.58093,-2.22364,0.0470215,0.0306322,10.3761,6.60849,0.23937,0.639118,3.84069,2.51899,1.85814,1.19729,0.536444,-0.124405,-0.587,-0.785255,-1.4461,-2.10695,-2.7678,17.7905,True,442,2147.09,N-L1-433-501
992,CG6-0640,2026-01-23,1,443,field,CG6-0640|2026-01-23|L1|S443,2026-01-23 08:53:39,2026-01-23 08:53:39,2026-01-23 08:53:39.000,1,1,3370.68,,,0.0021,24.7055,34.8778,260.2,0,,,True,SINGLE_READING;,8,day8,MATCHED,D8:wor:1-443,1-443,1-443,results.zip/day8.xlsx,workbook,1.34801,203.016,1-444,True,24.7055,34.8778,268.024,,0,268.024,0.15,12.1682,255.856,255.601,0.254999,10653,40167.2,False,3407.01,0.00787428,INTERPOLATED,981,1051,-36.3306,0.00814949,0,True,1,-36.3306,155.967,-5.57422,48.1418,17.3854,6.53969,4.306,2.99807,2.3441,1.69013,1.03616,0.382192,-0.075586,-0.271777,-0.925745,-1.57971,-2.23368,0.0470019,0.0306021,10.5017,6.73415,0.226297,0.604214,3.91709,2.57026,1.89684,1.22343,0.550012,-0.123402,-0.594793,-0.796817,-1.47023,-2.14365,-2.81706,17.7745,True,443,2349.12,N-L1-433-501
993,CG6-0640,2026-01-23,1,444,field,CG6-0640|2026-01-23|L1|S444,2026-01-23 08:56:58,2026-01-23 08:56:58,2026-01-23 08:56:58.000,1,1,3370.4,,,0.0043,24.7074,34.8774,261.1,0,,,True,SINGLE_READING;,8,day8,MATCHED,D8:wor:1-444,1-444,1-444,results.zip/day8.xlsx,workbook,6.09036,209.457,1-443,True,24.7073,34.8774,270.43,,0,270.43,0.15,12.1711,258.259,258.083,0.176224,10505.7,39964,False,3407.01,0.007874,INTERPOLATED,981,1051,-36.6144,0.00897161,0,True,1,-36.6144,158.37,-5.45082,48.8835,17.7199,6.64045,4.43905,3.11096,2.44691,1.78287,1.11882,0.454776,-0.0100561,-0.20927,-0.873315,-1.53736,-2.20141,0.0471514,0.0308312,10.6249,6.85727,0.203942,0.544526,4.00542,2.63396,1.94824,1.26251,0.576784,-0.108942,-0.588951,-0.794669,-1.4804,-2.16612,-2.85185,17.6704,True,444,2553.48,N-L1-433-501
994,CG6-0640,2026-01-23,1,445,field,CG6-0640|2026-01-23|L1|S445,2026-01-23 09:00:46,2026-01-23 09:00:46,2026-01-23 09:00:46.000,1,1,3370.2,,,0.0047,24.7097,34.8773,261.6,0,,,True,SINGLE_READING;,8,day8,MATCHED,D8:wor:1-445,1-445,1-445,results.zip/day8.xlsx,workbook,2.22074,200.022,1-446,True,24.7097,34.8773,273.77,,0,273.77,0.15,12.1722,261.598,261.709,-0.111577,10291,39704.2,False,3407.01,0.00787369,INTERPOLATED,981,1051,-36.8059,0.00916979,0,True,1,-36.8059,161.709,-5.28918,49.9141,18.3973,6.78045,4.83644,3.48035,2.80231,2.12426,1.44622,0.768171,0.293539,0.0901259,-0.587919,-1.26596,-1.94401,0.0471895,0.0308895,10.7774,7.00979,0.191421,0.511094,4.37777,2.97581,2.27483,1.57386,0.872876,0.171898,-0.318787,-0.529081,-1.23006,-1.93104,-2.63202,17.5015,True,445,2815.91,N-L1-433-501
995,CG6-0640,2026-01-23,1,446,field,CG6-0640|2026-01-23|L1|S446,2026-01-23 09:04:01,2026-01-23 09:04:01,2026-01-23 09:04:01.000,1,1,3370.01,,,0.0028,24.7113,34.8764,252.7,0,,,True,SINGLE_READING;,8,day8,MATCHED,D8:wor:1-446,1-446,1-446,results.zip/day8.xlsx,workbook,4.47324,204.681,1-445,True,24.7113,34.8764,275.841,,0,275.841,0.15,12.176,263.665,264.729,-1.06382,10191.7,39522.5,False,3407.01,0.00787344,INTERPOLATED,981,1051,-36.9974,0.0083565,0,True,1,-36.9974,163.776,-5.1786,50.5521,18.7334,6.86713,4.99909,3.62567,2.93895,2.25224,1.56553,0.878816,0.398117,0.192103,-0.494609,-1.18132,-1.86804,0.0470382,0.0306579,10.8017,7.03409,0.253798,0.67764,4.66518,3.25836,2.55495,1.85154,1.14813,0.444723,-0.0476635,-0.258686,-0.962095,-1.6655,-2.36891,17.4492,True,446,3017.14,N-L1-433-501
996,CG6-0640,2026-01-23,1,447,field,CG6-0640|2026-01-23|L1|S447,2026-01-23 09:07:33,2026-01-23 09:07:33,2026-01-23 09:07:33.000,1,1,3369.74,,,0.0032,24.7134,34.875,265.3,0,,,True,SINGLE_READING;,8,day8,MATCHED,D8:wor:1-447,1-447,1-447,results.zip/day8.xlsx,workbook,2.13538,278.443,1-446,True,24.7134,34.875,279.185,,0,279.185,0.15,12.182,267.003,267.164,-0.161171,10082.8,39288.3,False,3407.01,0.00787319,INTERPOLATED,981,1051,-37.2685,0.00849865,0,True,1,-37.2685,167.114,-5.03234,51.5824,19.3462,7.00709,5.33205,3.93063,3.22992,2.52921,1.8285,1.12779,0.637294,0.427081,-0.273628,-0.974337,-1.67505,0.0470637,0.0306969,10.9893,7.22168,0.206168,0.550469,4.90287,3.45853,2.73636,2.0142,1.29203,0.56986,0.064342,-0.152308,-0.874477,-1.59664,-2.31881,17.3941,True,447,3293.53,N-L1-433-501
997,CG6-0640,2026-01-23,1,448,field,CG6-0640|2026-01-23|L1|S448,2026-01-23 09:10:39,2026-01-23 09:10:39,2026-01-23 09:10:39.000,1,1,3369.14,,,0.0064,24.7152,34.8725,266.6,0,,,True,SINGLE_READING;,8,day8,MATCHED,D8:wor:1-448,1-448,1-448,results.zip/day8.xlsx,workbook,7.09151,237.512,1-449,True,24.7152,34.8725,282.967,,0,282.967,0.15,12.1912,270.776,270.65,0.125942,10074.1,39090,False,3407.01,0.00787297,INTERPOLATED,981,1051,-37.8676,0.0101461,0,True,1,-37.8676,170.887,-4.91049,52.7469,19.7898,7.16529,5.45927,4.02621,3.30969,2.59316,1.87663,1.1601,0.65853,0.443571,-0.272958,-0.989487,-1.70602,0.0473889,0.0311932,11.1424,7.37477,0.211275,0.564104,5.04031,3.56535,2.82788,2.0904,1.35292,0.615446,0.0992122,-0.122031,-0.859508,-1.59698,-2.33446,17.4448,True,448,3610.79,N-L1-433-501
998,CG6-0640,2026-01-23,1,449,field,CG6-0640|2026-01-23|L1|S449,2026-01-23 09:14:11,2026-01-23 09:14:11,2026-01-23 09:14:11.000,1,1,3368.56,,,0.0041,24.7171,34.8713,273.3,0,,,True,SINGLE_READING;,8,day8,MATCHED,D8:wor:1-449,1-449,1-449,results.zip/day8.xlsx,workbook,3.76339,241.576,1-450,True,24.7171,34.8713,286.906,,0,286.906,0.15,12.1957,274.71,275.217,-0.506516,9982.72,38881.4,False,3407.01,0.00787274,INTERPOLATED,981,1051,-38.4455,0.00887637,0,True,1,-38.4455,174.821,-4.77985,53.9613,20.2957,7.33026,5.63514,4.16909,3.43606,2.70303,1.97001,1.23698,0.723865,0.503957,-0.229068,-0.962094,-1.69512,0.0471334,0.0308037,11.2988,7.53118,0.219834,0.586958,5.23329,3.72706,2.97394,2.22082,1.4677,0.714585,0.187402,-0.0385335,-0.791652,-1.54477,-2.29789,17.3953,True,449,3855.23,N-L1-433-501
999,CG6-0640,2026-01-23,1,450,field,CG6-0640|2026-01-23|L1|S450,2026-01-23 09:17:20,2026-01-23 09:17:20,2026-01-23 09:17:20.000,1,1,3368.07,,,0.0013,24.7187,34.8697,274.7,0,,,True,SINGLE_READING;,8,day8,MATCHED,D8:wor:1-450,1-450,1-450,results.zip/day8.xlsx,workbook,4.0462,234.427,1-451,True,24.7187,34.8697,291.407,,0,291.407,0.15,12.2019,279.205,281.671,-2.46621,9953.87,38706.2,False,3407.01,0.00787254,INTERPOLATED,981,1051,-38.9391,0.00797915,0,True,1,-38.9391,179.316,-4.66889,55.3486,21.0784,7.51873,6.04092,4.53717,3.7853,3.03343,2.28155,1.52968,1.00337,0.77781,0.0259373,-0.725935,-1.47781,0.0469727,0.0305572,11.482,7.7144,0.225082,0.600969,5.64957,4.10669,3.33525,2.56381,1.79237,1.02093,0.480919,0.249487,-0.521953,-1.29339,-2.06483,17.4032,True,450,4099.87,N-L1-433-501
1000,CG6-0640,2026-01-23,1,451,field,CG6-0640|2026-01-23|L1|S451,2026-01-23 09:20:25,2026-01-23 09:20:25,2026-01-23 09:20:25.000,1,1,3367.64,,,0.0025,24.7207,34.8687,270.2,0,,,True,SINGLE_READING;,8,day8,MATCHED,D8:wor:1-451,1-451,1-451,results.zip/day8.xlsx,workbook,5.03269,206.09,1-452,True,24.7207,34.8688,296.073,,0,296.073,0.15,12.2055,283.867,286.968,-3.10007,9849.61,38488,False,3407.01,0.00787235,INTERPOLATED,981,1051,-39.368,0.00825978,0,True,1,-39.368,183.979,-4.53447,56.7877,21.9541,7.71422,6.52566,4.98282,4.2114,3.43997,2.66855,1.89713,1.35713,1.12571,0.354286,-0.417136,-1.18856,0.0470211,0.0306317,11.7092,7.94162,0.193353,0.516254,6.07085,4.48253,3.68837,2.89421,2.10004,1.30588,0.749967,0.511719,-0.282443,-1.07661,-1.87077,17.3356,True,451,4337.62,N-L1-433-501
1001,CG6-0640,2026-01-23,1,452,field,CG6-0640|2026-01-23|L1|S452,2026-01-23 09:24:37,2026-01-23 09:24:37,2026-01-23 09:24:37.000,1,1,3367.8,,,0.0035,24.7223,34.8675,269.9,0,,,True,SINGLE_READING;,8,day8,MATCHED,D8:wor:1-452,1-452,1-452,results.zip/day8.xlsx,workbook,6.98708,175.218,L11-45,True,24.7222,34.8676,296.908,,0,296.908,0.15,12.2101,284.698,284.914,-0.216123,9804.07,38317.2,False,3407.01,0.00787212,INTERPOLATED,981,1051,-39.2132,0.00861512,0,True,1,-39.2132,184.809,-4.42746,57.044,22.2582,7.74904,6.76012,5.21031,4.43541,3.6605,2.8856,2.1107,1.56826,1.33579,0.560887,-0.214017,-0.98892,0.0470849,0.0307294,11.7533,7.98567,0.184127,0.49162,6.28686,4.68973,3.89116,3.09259,2.29403,1.49546,0.936461,0.696891,-0.101676,-0.900242,-1.69881,17.3187,True,452,4548.68,N-L1-433-501
1002,CG6-0640,2026-01-23,1,453,field,CG6-0640|2026-01-23|L1|S453,2026-01-23 09:29:23,2026-01-23 09:29:23,2026-01-23 09:29:23.000,1,1,3368.38,,,0.0018,24.7242,34.8659,271.8,0,,,True,SINGLE_READING;,8,day8,MATCHED,D8:wor:1-453,1-453,1-453,results.zip/day8.xlsx,workbook,1.82186,73.1179,L11-46,True,24.7241,34.8659,296.119,,0,296.119,0.15,12.2166,283.902,283.885,0.017251,9770.03,38115,False,3407.01,0.00787188,INTERPOLATED,981,1051,-38.6272,0.00807505,0,True,1,-38.6272,184.013,-4.29774,56.7985,22.4689,7.71568,7.03757,5.49444,4.72287,3.9513,3.17973,2.40816,1.86807,1.6366,0.865027,0.0934585,-0.67811,0.046989,0.0305824,11.7418,7.97418,0.162261,0.433237,6.52058,4.92575,4.12833,3.33091,2.53349,1.73607,1.17788,0.938656,0.141238,-0.65618,-1.4536,17.3215,True,453,4819.75,N-L1-433-501
1003,CG6-0640,2026-01-23,1,454,field,CG6-0640|2026-01-23|L1|S454,2026-01-23 09:32:36,2026-01-23 09:32:36,2026-01-23 09:32:36.000,1,1,3368.31,,,0.0029,24.7259,34.8645,274.3,0,,,True,SINGLE_READING;,8,day8,MATCHED,D8:wor:1-454,1-454,1-454,results.zip/day8.xlsx,workbook,8.27116,196.027,1-455,True,24.7259,34.8646,298.73,,0,298.73,0.15,12.2216,286.508,286.593,-0.084962,9728.98,37924.2,False,3407.01,0.00787172,INTERPOLATED,981,1051,-38.6967,0.00838892,0,True,1,-38.6967,186.619,-4.17982,57.6028,23.0859,7.82495,7.43598,5.87099,5.0885,4.306,3.52351,2.74101,2.19327,1.95852,1.17602,0.393526,-0.388969,0.047044,0.0306667,11.8457,8.07807,0.167636,0.447588,6.92974,5.31413,4.50632,3.69851,2.8907,2.0829,1.51743,1.27509,0.467283,-0.340525,-1.14833,17.3084,True,454,5051.58,N-L1-433-501
1004,CG6-0640,2026-01-23,1,455,field,CG6-0640|2026-01-23|L1|S455,2026-01-23 09:35:44,2026-01-23 09:35:44,2026-01-23 09:35:44.000,1,1,3368.12,,,0.0016,24.7275,34.8637,276.6,0,,,True,SINGLE_READING;,8,day8,MATCHED,D8:wor:1-455,1-455,1-455,results.zip/day8.xlsx,workbook,5.49948,183.047,1-456,True,24.7275,34.8636,301.409,,0,301.409,0.15,12.2253,289.184,289.109,0.0747429,9667.23,37747.7,False,3407.01,0.00787159,INTERPOLATED,981,1051,-38.8945,0.00803255,0,True,1,-38.8945,189.295,-4.06825,58.4285,23.6023,7.93713,7.72799,6.14057,5.34686,4.55314,3.75943,2.96572,2.41012,2.172,1.37829,0.584578,-0.209135,0.0469818,0.0305712,11.958,8.19037,0.167517,0.447271,7.22151,5.58344,4.7644,3.94537,3.12633,2.30729,1.73397,1.48826,0.669219,-0.149818,-0.968855,17.2749,True,455,5255.49,N-L1-433-501
1005,CG6-0640,2026-01-23,1,456,field,CG6-0640|2026-01-23|L1|S456,2026-01-23 09:38:57,2026-01-23 09:38:57,2026-01-23 09:38:57.000,1,1,3367.93,,,0.0062,24.7288,34.8625,276.7,0,,,True,SINGLE_READING;,8,day8,MATCHED,D8:wor:1-456,1-456,1-456,results.zip/day8.xlsx,workbook,7.91262,192.007,1-455,True,24.7288,34.8625,304.286,,0,304.286,0.15,12.2297,292.056,292.686,-0.630126,9657.19,37605.5,False,3407.01,0.00787146,INTERPOLATED,981,1051,-39.0782,0.01002,0,True,1,-39.0782,192.167,-3.97944,59.3151,24.2164,8.05757,8.10124,6.48973,5.68397,4.87821,4.07245,3.2667,2.70267,2.46094,1.65518,0.849425,0.0436671,0.0473621,0.0311524,12.0667,8.29908,0.179248,0.478592,7.61822,5.95841,5.1285,4.29859,3.46868,2.63877,2.05784,1.80887,0.978957,0.149049,-0.680859,17.283,True,456,5440.32,N-L1-433-501
1006,CG6-0640,2026-01-23,1,457,field,CG6-0640|2026-01-23|L1|S457,2026-01-23 09:42:48,2026-01-23 09:42:48,2026-01-23 09:42:48.000,1,1,3367.28,,,0.0029,24.7304,34.8614,276.7,0,,,True,SINGLE_READING;,8,day8,MATCHED,D8:wor:1-457,1-457,1-457,results.zip/day8.xlsx,workbook,6.74927,195.758,1-458,True,24.7303,34.8614,309.037,,0,309.037,0.15,12.2341,296.803,298.271,-1.46807,9627.65,37437.2,False,3407.01,0.00787131,INTERPOLATED,981,1051,-39.7259,0.00838854,0,True,1,-39.7259,196.914,-3.87189,60.7802,24.9262,8.2566,8.41297,6.76165,5.93599,5.11033,4.28467,3.45901,2.88105,2.63335,1.80769,0.982031,0.156371,0.0470439,0.0306666,12.2525,8.48494,0.19242,0.513762,7.9563,6.25931,5.41082,4.56232,3.71383,2.86534,2.27139,2.01684,1.16835,0.319855,-0.528638,17.273,True,457,5648,N-L1-433-501
1007,CG6-0640,2026-01-23,1,458,field,CG6-0640|2026-01-23|L1|S458,2026-01-23 09:46:35,2026-01-23 09:46:35,2026-01-23 09:46:35.000,1,1,3367.75,,,0.0031,24.7318,34.8601,283.6,0,,,True,SINGLE_READING;,8,day8,MATCHED,D8:wor:1-458,1-458,1-458,results.zip/day8.xlsx,workbook,5.75153,198.779,1-459,True,24.7318,34.8601,309.514,,0,309.514,0.15,12.2391,297.275,298.415,-1.13994,9623.05,37287.5,False,3407.01,0.00787119,INTERPOLATED,981,1051,-39.2651,0.00845964,0,True,1,-39.2651,197.386,-3.77539,60.9259,25.4361,8.27639,8.88332,7.22804,6.40041,5.57277,4.74513,3.91749,3.33814,3.08985,2.26221,1.43457,0.60693,0.0470567,0.0306862,12.2857,8.51814,0.179007,0.477948,8.39982,6.69619,5.84438,4.99257,4.14075,3.28894,2.69267,2.43712,1.58531,0.733494,-0.11832,17.2877,True,458,5849.8,N-L1-433-501
1008,CG6-0640,2026-01-23,1,459,field,CG6-0640|2026-01-23|L1|S459,2026-01-23 09:50:17,2026-01-23 09:50:17,2026-01-23 09:50:17.000,1,1,3368.76,,,0.0022,24.7331,34.8587,283.7,0,,,True,SINGLE_READING;,8,day8,MATCHED,D8:wor:1-459,1-459,1-459,results.zip/day8.xlsx,workbook,6.51912,158.493,L12-15,True,24.733,34.8587,305.503,,0,305.503,0.15,12.2447,293.258,293.68,-0.42195,9647.92,37153.3,False,3407.01,0.00787108,INTERPOLATED,981,1051,-38.2476,0.00817275,0,True,1,-38.2476,193.369,-3.68858,59.6861,25.1272,8.10798,8.91121,7.28962,6.47882,5.66802,4.85722,4.04642,3.47887,3.23563,2.42483,1.61403,0.803233,0.0470059,0.0306083,12.1197,8.35212,0.176615,0.471563,8.42293,6.7525,5.91729,5.08208,4.24687,3.41166,2.82701,2.57644,1.74123,0.90602,0.070808,17.3276,True,459,6051.41,N-L1-433-501
1009,CG6-0640,2026-01-23,1,460,field,CG6-0640|2026-01-23|L1|S460,2026-01-23 09:53:32,2026-01-23 09:53:32,2026-01-23 09:53:32.000,1,1,3369.01,,,0.0054,24.7341,34.8572,297.5,0,,,True,SINGLE_READING;,8,day8,MATCHED,D8:wor:1-460,1-460,1-460,results.zip/day8.xlsx,workbook,7.06735,65.3699,L12-15,True,24.7341,34.8572,304.944,,0,304.944,0.15,12.2506,292.693,292.417,0.276094,9698.05,37043.6,False,3407.01,0.007871,INTERPOLATED,981,1051,-38.0003,0.00954529,0,True,1,-38.0003,192.804,-3.61598,59.5118,25.1275,8.08429,8.95888,7.34202,6.53359,5.72516,4.91673,4.1083,3.5424,3.29988,2.49145,1.68302,0.874588,0.0472639,0.031003,12.1013,8.3337,0.171345,0.457491,8.46005,6.79331,5.95994,5.12657,4.2932,3.45983,2.87647,2.62646,1.79309,0.959723,0.126353,17.3897,True,460,6244.59,N-L1-433-501
1010,CG6-0640,2026-01-23,1,461,field,CG6-0640|2026-01-23|L1|S461,2026-01-23 09:56:36,2026-01-23 09:56:36,2026-01-23 09:56:36.000,1,1,3368.38,,,0.0064,24.7339,34.8552,299.2,0,,,True,SINGLE_READING;,8,day8,MATCHED,D8:wor:1-461,1-461,1-461,results.zip/day8.xlsx,workbook,5.40921,33.3808,L12-14,True,24.7339,34.8552,308.072,,0,308.072,0.15,12.2582,295.814,295.582,0.231792,9872.1,37080.5,False,3407.01,0.00787093,INTERPOLATED,981,1051,-38.6294,0.0101445,0,True,1,-38.6294,195.925,-3.63068,60.4749,25.4762,8.21513,9.04596,7.40294,6.58142,5.75991,4.9384,4.11688,3.54183,3.29537,2.47386,1.65235,0.830833,0.0473886,0.0311927,12.2234,8.45579,0.180098,0.480862,8.56465,6.87349,6.02791,5.18233,4.33675,3.49117,2.89927,2.64559,1.80001,0.954435,0.108856,17.5703,True,461,6446.37,N-L1-433-501
1011,CG6-0640,2026-01-23,1,462,field,CG6-0640|2026-01-23|L1|S462,2026-01-23 10:01:18,2026-01-23 10:01:18,2026-01-23 10:01:18.000,1,1,3368.1,,,0.0038,24.7349,34.8534,296.9,0,,,True,SINGLE_READING;,8,day8,MATCHED_ID_TIEBREAK,D8:wor:1-462,1-462,1-462,results.zip/day8.xlsx,workbook,10.102,19.0521,L12-13,True,24.7348,34.8534,310.297,,0,310.297,0.15,12.2649,298.032,298.322,-0.290251,9949.9,36978.2,False,3407.01,0.00787084,INTERPOLATED,981,1051,-38.9131,0.00874014,0,True,1,-38.9131,198.143,-3.56298,61.1596,25.8094,8.30814,9.19316,7.53153,6.70071,5.8699,5.03909,4.20827,3.6267,3.37746,2.54664,1.71583,0.885016,0.0471079,0.0307647,12.2854,8.5178,0.211098,0.56363,8.77384,7.07028,6.2185,5.36672,4.51494,3.66316,3.06691,2.81138,1.9596,1.10782,0.256038,17.6579,True,462,6652.9,N-L1-433-501
1012,CG6-0640,2026-01-23,1,463,field,CG6-0640|2026-01-23|L1|S463,2026-01-23 10:05:22,2026-01-23 10:05:22,2026-01-23 10:05:22.000,1,1,3367.48,,,0.0017,24.7334,34.8511,297.3,0,,,True,SINGLE_READING;,8,day8,MATCHED,D8:wor:1-463,1-463,1-463,results.zip/day8.xlsx,workbook,6.9778,83.9802,L12-11,True,24.7334,34.851,313.568,,0,313.568,0.15,12.2739,301.294,301.522,-0.228333,10237.2,37160.4,False,3407.01,0.00787078,INTERPOLATED,981,1051,-39.5258,0.00805228,0,True,1,-39.5258,201.405,-3.66232,62.1664,26.3029,8.44492,9.41306,7.72408,6.87959,6.0351,5.1906,4.34611,3.75497,3.50162,2.65713,1.81264,0.968145,0.0469851,0.0305764,12.4563,8.68872,0.176959,0.47248,8.92547,7.18772,6.31885,5.44998,4.58111,3.71224,3.10403,2.84337,1.97449,1.10562,0.236751,17.9495,True,463,6944.55,N-L1-433-501
1013,CG6-0640,2026-01-23,1,464,field,CG6-0640|2026-01-23|L1|S464,2026-01-23 10:09:07,2026-01-23 10:09:07,2026-01-23 10:09:07.000,1,1,3366.69,,,0.0037,24.7318,34.8498,303.9,0,,TILT_GT_20,True,SINGLE_READING;,8,day8,MATCHED,D8:kml:1-464,1-464,1-464,results.zip/day8.kml,kml_only,1.12131,55.3828,L12-10,True,24.7318,34.8498,319.139,,0,319.139,0.15,12.2785,306.86,304.299,2.56188,10452.3,37352.1,False,3407.01,0.00787075,INTERPOLATED,981,1051,-40.3178,0.00869705,0,True,1,-40.3178,206.971,-3.77252,63.8844,27.3391,8.67831,9.98249,8.24683,7.379,6.51117,5.64333,4.7755,4.16802,3.90767,3.03984,2.17201,1.30418,0.0470999,0.0307525,12.7003,8.93269,0.166377,0.444227,9.47373,7.68719,6.79392,5.90065,5.00738,4.11411,3.48883,3.22085,2.32758,1.43431,0.541037,18.1548,True,464,7165.17,N-L1-433-501
1014,CG6-0640,2026-01-23,1,465,field,CG6-0640|2026-01-23|L1|S465,2026-01-23 10:22:22,2026-01-23 10:22:22,2026-01-23 10:22:22.000,1,1,3368.21,,,0.0019,24.7355,34.8557,312.1,0,,,True,SINGLE_READING;,8,day8,MATCHED,D8:wor:1-465,1-465,1-465,results.zip/day8.xlsx,workbook,8.08054,184.053,1-461,True,24.7354,34.8557,309.097,,0,309.097,0.15,12.2565,296.84,298.47,-1.62922,9731.53,36905.8,False,3407.01,0.00787073,INTERPOLATED,981,1051,-38.7979,0.00809681,0,True,1,-38.7979,196.952,-3.52615,60.7918,25.52,8.25818,9.00368,7.35205,6.52623,5.70041,4.8746,4.04878,3.47071,3.22296,2.39714,1.57132,0.745507,0.0469928,0.0305881,12.2462,8.47864,0.200293,0.534782,8.56276,6.86703,6.01916,5.1713,4.32344,3.47557,2.88207,2.62771,1.77984,0.931979,0.0841152,17.4378,True,465,7882.42,N-L1-433-501
1015,CG6-0640,2026-01-23,1,466,field,CG6-0640|2026-01-23|L1|S466,2026-01-23 10:25:26,2026-01-23 10:25:26,2026-01-23 10:25:26.000,1,1,3367.51,,,0.0021,24.7369,34.8537,304.7,0,,,True,SINGLE_READING;,8,day8,MATCHED,D8:wor:1-466,1-466,1-466,results.zip/day8.xlsx,workbook,7.51061,228.517,1-462,True,24.7368,34.8537,313.916,,0,313.916,0.15,12.2642,301.652,301.785,-0.132976,9800.41,36759.3,False,3407.01,0.00787075,INTERPOLATED,981,1051,-39.5037,0.00814609,0,True,1,-39.5037,201.763,-3.42748,62.2768,26.2006,8.45991,9.28075,7.58877,6.74278,5.89679,5.0508,4.20481,3.61261,3.35881,2.51282,1.66683,0.820841,0.0470013,0.0306012,12.434,8.66646,0.21421,0.57194,8.86766,7.13437,6.26772,5.40108,4.53443,3.66778,3.06113,2.80114,1.93449,1.06784,0.201199,17.5117,True,466,8136.9,N-L1-433-501
1016,CG6-0640,2026-01-23,1,467,field,CG6-0640|2026-01-23|L1|S467,2026-01-23 10:29:19,2026-01-23 10:29:19,2026-01-23 10:29:19.000,1,1,3365.99,,,0.002,24.7387,34.8516,319.9,0,,,True,SINGLE_READING;,8,day8,MATCHED,D8:wor:1-467,1-467,1-467,results.zip/day8.xlsx,workbook,12.4486,187.002,1-468,True,24.7386,34.8516,321.578,,0,321.578,0.15,12.2727,309.305,314.882,-5.5764,9869.45,36575,False,3407.01,0.00787079,INTERPOLATED,981,1051,-41.0229,0.00812092,0,True,1,-41.0229,209.416,-3.30749,64.639,26.9236,8.78083,9.36191,7.60575,6.72767,5.84958,4.9715,4.09342,3.47876,3.21533,2.33725,1.45917,0.581087,0.046997,0.0305945,12.7318,8.96423,0.237352,0.633731,8.99511,7.20226,6.30584,5.40941,4.51299,3.61657,2.98907,2.72014,1.82372,0.927296,0.0308731,17.5745,True,467,8426.93,N-L1-433-501
1017,CG6-0640,2026-01-23,1,468,field,CG6-0640|2026-01-23|L1|S468,2026-01-23 10:33:53,2026-01-23 10:33:53,2026-01-23 10:33:53.000,1,1,3364.51,,,0.0027,24.7399,34.8503,321.3,0,,,True,SINGLE_READING;,8,day8,MATCHED,D8:wor:1-468,1-468,1-468,results.zip/day8.xlsx,workbook,5.89057,198.354,1-467,True,24.7399,34.8503,331.849,,0,331.849,0.15,12.2778,319.571,321.422,-1.85111,9902.74,36444.5,False,3407.01,0.00787086,INTERPOLATED,981,1051,-42.5043,0.00832109,0,True,1,-42.5043,219.682,-3.21675,67.8075,28.52,9.21128,10.0974,8.25518,7.33405,6.41292,5.49179,4.57067,3.92588,3.64954,2.72841,1.80728,0.886156,0.047032,0.0306483,13.2204,9.45278,0.179257,0.478617,9.61443,7.72388,6.7786,5.83332,4.88805,3.94277,3.28107,2.99749,2.05221,1.10694,0.161657,17.5967,True,468,8622.14,N-L1-433-501
1018,CG6-0640,2026-01-23,1,469,field,CG6-0640|2026-01-23|L1|S469,2026-01-23 10:40:18,2026-01-23 10:40:18,2026-01-23 10:40:18.000,1,1,3366.84,,,0.003,24.7413,34.8488,309.9,0,,,True,SINGLE_READING;,8,day8,MATCHED,D8:wor:1-469,1-469,1-469,results.zip/day8.xlsx,workbook,8.47773,156.096,1-470,True,24.7412,34.8489,319.321,,0,319.321,0.15,12.2836,307.037,307.249,-0.211676,9951,36304.1,False,3407.01,0.00787099,INTERPOLATED,981,1051,-40.1672,0.00842333,0,True,1,-40.1672,207.148,-3.12444,63.939,26.8963,8.68574,9.52482,7.78768,6.9191,6.05053,5.18196,4.31338,3.70538,3.44481,2.57624,1.70766,0.839089,0.0470502,0.0306762,12.684,8.91643,0.190063,0.507468,9.06344,7.28015,6.38851,5.49686,4.60522,3.71358,3.08943,2.82194,1.93029,1.03865,0.147007,17.6335,True,469,8830.58,N-L1-433-501
1019,CG6-0640,2026-01-23,1,470,field,CG6-0640|2026-01-23|L1|S470,2026-01-23 10:44:53,2026-01-23 10:44:53,2026-01-23 10:44:53.000,1,1,3366.74,,,0.0016,24.7407,34.8475,311,0,,,True,SINGLE_READING;,8,day8,MATCHED,D8:wor:1-470,1-470,1-470,results.zip/day8.xlsx,workbook,6.37464,147.536,1-469,True,24.7406,34.8475,321.488,,0,321.488,0.15,12.2887,309.199,309.289,-0.0896131,10100.9,36385.7,False,3407.01,0.00787112,INTERPOLATED,981,1051,-40.2727,0.00803209,0,True,1,-40.2727,209.31,-3.16592,64.6063,27.4995,8.77638,9.94678,8.1915,7.31386,6.43623,5.55859,4.68095,4.0666,3.80331,2.92567,2.04804,1.1704,0.0469817,0.0305711,12.7816,9.014,0.183143,0.488991,9.47155,7.66875,6.76735,5.86595,4.96455,4.06315,3.43217,3.16175,2.26035,1.35895,0.457554,17.7857,True,470,8984.12,N-L1-433-501
1020,CG6-0640,2026-01-23,1,471,field,CG6-0640|2026-01-23|L1|S471,2026-01-23 10:48:46,2026-01-23 10:48:46,2026-01-23 10:48:46.000,1,1,3365.7,,,0.0014,24.7386,34.8467,313.7,0,,,True,SINGLE_READING;,8,day8,MATCHED,D8:wor:1-471,1-471,1-471,results.zip/day8.xlsx,workbook,6.73639,240.441,1-470,True,24.7385,34.8467,325.732,,0,325.732,0.15,12.2913,313.441,313.579,-0.138315,10289.8,36624.2,False,3407.01,0.00787123,INTERPOLATED,981,1051,-41.3141,0.00799477,0,True,1,-41.3141,213.552,-3.31073,65.9154,27.912,8.95422,10.0036,8.21272,7.31729,6.42187,5.52645,4.63103,4.00423,3.73561,2.84018,1.94476,1.04934,0.0469753,0.0305613,12.9592,9.19157,0.183414,0.489715,9.52888,7.69056,6.77141,5.85225,4.93309,4.01394,3.37053,3.09478,2.17562,1.25646,0.337308,17.9799,True,471,9231.04,N-L1-433-501
1021,CG6-0640,2026-01-23,1,472,field,CG6-0640|2026-01-23|L1|S472,2026-01-23 10:52:38,2026-01-23 10:52:38,2026-01-23 10:52:38.000,1,1,3364.64,,,0.0017,24.7366,34.8454,313.2,0,,,True,SINGLE_READING;,8,day8,MATCHED,D8:wor:1-472,1-472,1-472,results.zip/day8.xlsx,workbook,2.81891,199.288,1-473,True,24.7365,34.8454,329.182,,0,329.182,0.15,12.2961,316.886,317.734,-0.848466,10524.1,36860.4,False,3407.01,0.00787137,INTERPOLATED,981,1051,-42.3708,0.00805285,0,True,1,-42.3708,216.997,-3.44708,66.9787,28.055,9.09868,9.85762,8.03789,7.12802,6.21815,5.30828,4.39841,3.76151,3.48855,2.57868,1.66881,0.758942,0.0469852,0.0305765,13.0899,9.32233,0.197111,0.526286,9.41033,7.54587,6.61363,5.6814,4.74917,3.81693,3.16437,2.8847,1.95247,1.02024,0.0880043,18.2176,True,472,9491.18,N-L1-433-501
1022,CG6-0640,2026-01-23,1,473,field,CG6-0640|2026-01-23|L1|S473,2026-01-23 11:00:49,2026-01-23 11:00:49,2026-01-23 11:00:49.000,1,1,3363.42,,,0.0027,24.7362,34.8435,325.6,0,,,True,SINGLE_READING;,8,day8,MATCHED,D8:wor:1-473,1-473,1-473,results.zip/day8.xlsx,workbook,5.68662,195.703,1-472,True,24.7362,34.8435,334.045,,0,334.045,0.15,12.3034,321.742,321.238,0.503699,10708.4,36914.9,False,3407.01,0.0078717,INTERPOLATED,981,1051,-43.5942,0.00832188,0,True,1,-43.5942,221.853,-3.47188,68.4774,28.3551,9.30228,9.75059,7.89013,6.9599,6.02967,5.09945,4.16922,3.51806,3.23899,2.30876,1.37853,0.448306,0.0470321,0.0306485,13.3064,9.53878,0.184262,0.491979,9.2776,7.36984,6.41596,5.46209,4.50821,3.55433,2.88662,2.60045,1.64658,0.692699,-0.261179,18.4001,True,473,9688.78,N-L1-433-501
1023,CG6-0640,2026-01-23,1,474,field,CG6-0640|2026-01-23|L1|S474,2026-01-23 11:04:47,2026-01-23 11:04:47,2026-01-23 11:04:47.000,1,1,3363,,,0.003,24.7356,34.8414,322.9,0,,,True,SINGLE_READING;,8,day8,MATCHED,D8:wor:1-474,1-474,1-474,results.zip/day8.xlsx,workbook,2.36004,217.95,1-473,True,24.7356,34.8414,337.491,,0,337.491,0.15,12.3113,325.18,325.217,-0.0369426,10923,37004.1,False,3407.01,0.00787189,INTERPOLATED,981,1051,-44.0149,0.00842417,0,True,1,-44.0149,225.291,-3.51021,69.5386,29.0339,9.44644,10.141,8.25174,7.3071,6.36245,5.41781,4.47316,3.81191,3.52852,2.58388,1.63923,0.694588,0.0470503,0.0306764,13.4324,9.66485,0.202348,0.54027,9.70421,7.77124,6.80476,5.83827,4.87179,3.9053,3.22876,2.93882,1.97233,1.00585,0.0393615,18.609,True,474,9907.88,N-L1-433-501
1024,CG6-0640,2026-01-23,1,475,field,CG6-0640|2026-01-23|L1|S475,2026-01-23 11:08:39,2026-01-23 11:08:39,2026-01-23 11:08:39.000,1,1,3362.09,,,0.0042,24.735,34.8388,329.4,0,,,True,SINGLE_READING;,8,day8,MATCHED,D8:wor:1-475,1-475,1-475,results.zip/day8.xlsx,workbook,1.42955,248.074,1-476,True,24.735,34.8388,341.816,,0,341.816,0.15,12.3209,329.495,329.624,-0.129046,11178.8,37096.5,False,3407.01,0.00787209,INTERPOLATED,981,1051,-44.9195,0.00892243,0,True,1,-44.9195,229.606,-3.55131,70.8705,29.5023,9.62738,10.2475,8.32205,7.35931,6.39657,5.43383,4.4711,3.79718,3.50836,2.54562,1.58288,0.620141,0.0471421,0.030817,13.5806,9.81304,0.235098,0.627712,9.87621,7.9136,6.9323,5.95099,4.96969,3.98838,3.30147,3.00708,2.02577,1.04447,0.063165,18.8599,True,475,10173.8,N-L1-433-501
1025,CG6-0640,2026-01-23,1,476,field,CG6-0640|2026-01-23|L1|S476,2026-01-23 11:11:48,2026-01-23 11:11:48,2026-01-23 11:11:48.000,1,1,3361.75,,,0.0015,24.7353,34.8364,333.2,0,,,True,SINGLE_READING;,8,day8,MATCHED,D8:wor:1-476,1-476,1-476,results.zip/day8.xlsx,workbook,2.65817,248.985,1-475,True,24.7353,34.8364,346.658,,0,346.658,0.15,12.3303,334.328,334.997,-0.669268,11371.9,37085.8,False,3407.01,0.00787226,INTERPOLATED,981,1051,-45.2562,0.00801389,0,True,1,-45.2562,234.439,-3.53035,72.3621,30.6362,9.83002,10.9762,9.01019,8.02719,7.04418,6.06118,5.07818,4.39008,4.09518,3.11218,2.12918,1.14617,0.0469786,0.0305663,13.7863,10.0187,0.232098,0.619703,10.5989,8.59514,7.59327,6.5914,5.58954,4.58767,3.88636,3.5858,2.58393,1.58207,0.580198,19.0459,True,476,10421.4,N-L1-433-501
1026,CG6-0640,2026-01-23,1,477,field,CG6-0640|2026-01-23|L1|S477,2026-01-23 11:15:03,2026-01-23 11:15:03,2026-01-23 11:15:03.000,1,1,3361.4,,,0.0022,24.7373,34.8347,337.7,0,,,True,SINGLE_READING;,8,day8,MATCHED,D8:wor:1-477,1-477,1-477,results.zip/day8.xlsx,workbook,6.67512,241.66,1-478,True,24.7372,34.8347,351.392,,0,351.392,0.15,12.3372,339.055,338.981,0.0740256,11417.4,36894.5,False,3407.01,0.00787245,INTERPOLATED,981,1051,-45.6123,0.00817407,0,True,1,-45.6123,239.166,-3.40102,73.8211,31.6098,10.0282,11.5534,9.54772,8.5449,7.54208,6.53926,5.53643,4.83446,4.53361,3.53079,2.52797,1.52514,0.0470062,0.0306087,13.9319,10.1643,0.284668,0.760063,11.2812,9.24833,8.2319,7.21546,6.19903,5.1826,4.4711,4.16617,3.14974,2.13331,1.11688,19.075,True,477,10691,N-L1-433-501
1027,CG6-0640,2026-01-23,1,478,field,CG6-0640|2026-01-23|L1|S478,2026-01-23 11:18:38,2026-01-23 11:18:38,2026-01-23 11:18:38.000,1,1,3360.67,,,0.004,24.7383,34.8325,336.9,0,,,True,SINGLE_READING;,8,day8,MATCHED,D8:wor:1-478,1-478,1-478,results.zip/day8.xlsx,workbook,5.67468,250.74,1-477,True,24.7382,34.8325,356.379,,0,356.379,0.15,12.3454,344.034,344.531,-0.497069,11553.8,36807.3,False,3407.01,0.00787267,INTERPOLATED,981,1051,-46.3431,0.00883057,0,True,1,-46.3431,244.145,-3.33086,75.3577,32.3455,10.237,11.8715,9.82413,8.80043,7.77673,6.75303,5.72933,5.01275,4.70564,3.68194,2.65824,1.63454,0.0471248,0.0307905,14.1417,10.3741,0.283601,0.757214,11.5972,9.52239,8.48497,7.44756,6.41014,5.37273,4.64654,4.33531,3.2979,2.26049,1.22307,19.2012,True,478,10938.7,N-L1-433-501
1028,CG6-0640,2026-01-23,1,479,field,CG6-0640|2026-01-23|L1|S479,2026-01-23 11:24:31,2026-01-23 11:24:31,2026-01-23 11:24:31.000,1,1,3359.43,,,0.002,24.7381,34.8301,335.9,0,,,True,SINGLE_READING;,8,day8,MATCHED,D8:wor:1-479,1-479,1-479,results.zip/day8.xlsx,workbook,4.4233,250.396,1-478,True,24.738,34.83,361.46,,0,361.46,0.15,12.3534,349.107,350.551,-1.44437,11785.4,36861.6,False,3407.01,0.00787306,INTERPOLATED,981,1051,-47.5829,0.00812312,0,True,1,-47.5829,249.218,-3.34359,76.9235,32.6841,10.4497,11.7847,9.6948,8.64983,7.60486,6.55989,5.51492,4.78344,4.46995,3.42498,2.38001,1.33505,0.0469973,0.0305951,14.3307,10.5631,0.307345,0.820612,11.5579,9.4453,8.38898,7.33267,6.27636,5.22005,4.48064,4.16374,3.10743,2.05112,0.99481,19.4272,True,479,11192.2,N-L1-433-501
1029,CG6-0640,2026-01-23,1,480,field,CG6-0640|2026-01-23|L1|S480,2026-01-23 11:30:24,2026-01-23 11:30:24,2026-01-23 11:30:24.000,1,1,3357.48,,,0.0085,24.7373,34.8275,352.5,0,,STDDEV_GT_0.050,True,SINGLE_READING;,8,day8,MATCHED,D8:wor:1-480,1-480,1-480,results.zip/day8.xlsx,workbook,9.81065,266.086,1-479,True,24.7373,34.8274,368.506,,0,368.506,0.15,12.3616,356.144,358.635,-2.49053,12051.7,36978.8,False,3407.01,0.00787349,INTERPOLATED,981,1051,-49.5321,0.0115863,0,True,1,-49.5321,256.255,-3.39564,79.0956,32.9592,10.7448,11.4696,9.32063,8.24615,7.17167,6.0972,5.02272,4.27058,3.94824,2.87376,1.79928,0.724801,0.047718,0.031691,14.5949,10.8273,0.338256,0.903143,11.3046,9.13913,8.0564,6.97367,5.89094,4.80821,4.0503,3.72548,2.64276,1.56003,0.477297,19.6954,True,480,11468.1,N-L1-433-501
1030,CG6-0640,2026-01-23,1,481,field,CG6-0640|2026-01-23|L1|S481,2026-01-23 11:35:37,2026-01-23 11:35:37,2026-01-23 11:35:37.000,1,1,3355.94,,,0.0019,24.7357,34.8255,356.4,0,,,True,SINGLE_READING;,8,day8,MATCHED,D8:wor:1-481,1-481,1-481,results.zip/day8.xlsx,workbook,3.09457,259.513,1-480,True,24.7357,34.8255,374.535,,0,374.535,0.15,12.3674,362.168,365.946,-3.77884,12312.7,37182.3,False,3407.01,0.00787389,INTERPOLATED,981,1051,-51.0705,0.00809989,0,True,1,-51.0705,262.279,-3.5022,80.9546,33.3863,10.9973,11.3916,9.19218,8.09244,6.99271,5.89297,4.79324,4.02342,3.6935,2.59377,1.49404,0.394302,0.0469933,0.0305889,14.8564,11.0888,0.32933,0.879312,11.2088,8.99104,7.88216,6.77328,5.66441,4.55553,3.77932,3.44665,2.33778,1.2289,0.120022,19.9529,True,481,11729.6,N-L1-433-501
1031,CG6-0640,2026-01-23,1,482,field,CG6-0640|2026-01-23|L1|S482,2026-01-23 11:41:29,2026-01-23 11:41:29,2026-01-23 11:41:29.000,1,1,3354.34,,,0.0031,24.7351,34.8227,369.1,0,,,True,SINGLE_READING;,8,day8,MATCHED,D8:wor:1-482,1-482,1-482,results.zip/day8.xlsx,workbook,0.802241,250.781,1-483,True,24.7351,34.8227,381.826,,0,381.826,0.15,12.3762,369.45,371.805,-2.3549,12598.1,37293.4,False,3407.01,0.00787438,INTERPOLATED,981,1051,-52.6672,0.00846262,0,True,1,-52.6672,269.561,-3.54614,83.2022,34.0812,11.3027,11.4758,9.21526,8.08499,6.95473,5.82446,4.69419,3.903,3.56392,2.43365,1.30338,0.173114,0.0470572,0.030687,15.1465,11.3789,0.344512,0.919847,11.3233,9.04752,7.90963,6.77174,5.63384,4.49595,3.69943,3.35806,2.22017,1.08227,-0.0556206,20.2299,True,482,12019.4,N-L1-433-501
1032,CG6-0640,2026-01-23,1,483,field,CG6-0640|2026-01-23|L1|S483,2026-01-23 11:46:29,2026-01-23 11:46:29,2026-01-23 11:46:29.000,1,1,3352.43,,,0.0022,24.7334,34.8212,378.1,0,,,True,SINGLE_READING;,8,day8,MATCHED,D8:wor:1-483,1-483,1-483,results.zip/day8.xlsx,workbook,5.71558,246.228,1-482,True,24.7334,34.8211,389.627,,0,389.627,0.15,12.3808,377.246,379.792,-2.54544,12824.6,37504,False,3407.01,0.00787483,INTERPOLATED,981,1051,-54.5805,0.00817637,0,True,1,-54.5805,277.357,-3.6638,85.6085,34.6917,11.6296,11.4326,9.10665,7.94369,6.78073,5.61777,4.45481,3.64074,3.29186,2.1289,0.965938,-0.197021,0.0470066,0.0306093,15.4718,11.7042,0.346098,0.924081,11.2832,8.9424,7.77197,6.60155,5.43112,4.2607,3.4414,3.09028,1.91985,0.749426,-0.420999,20.4684,True,483,12270.5,N-L1-433-501
1033,CG6-0640,2026-01-23,1,484,field,CG6-0640|2026-01-23|L1|S484,2026-01-23 11:52:18,2026-01-23 11:52:18,2026-01-23 11:52:18.000,1,1,3349.93,,,0.0022,24.7345,34.8183,373.9,0,,,True,SINGLE_READING;,8,day8,MATCHED,D8:wor:1-484,1-484,1-484,results.zip/day8.xlsx,workbook,6.95832,246.745,1-485,True,24.7345,34.8183,404.87,,0,404.87,0.15,12.3902,392.48,392.844,-0.364283,13027.9,37424.6,False,3407.01,0.00787538,INTERPOLATED,981,1051,-57.0764,0.0081769,0,True,1,-57.0764,292.591,-3.58807,90.3101,36.8218,12.2683,12.2852,9.8315,8.60467,7.37784,6.151,4.92417,4.06539,3.69734,2.4705,1.24367,0.0168362,0.0470067,0.0306094,16.1606,12.393,0.296046,0.790443,12.0357,9.55714,8.31783,7.07853,5.83923,4.59992,3.73241,3.36062,2.12131,0.882008,-0.357297,20.6481,True,484,12579.2,N-L1-433-501
1034,CG6-0640,2026-01-23,1,485,field,CG6-0640|2026-01-23|L1|S485,2026-01-23 11:58:25,2026-01-23 11:58:25,2026-01-23 11:58:25.000,1,1,3352.68,,,0.004,24.7367,34.8176,394.3,0,,,True,SINGLE_READING;,8,day8,MATCHED,D8:wor:1-485,1-485,1-485,results.zip/day8.xlsx,workbook,4.29815,257.067,1-484,True,24.7367,34.8176,390.894,,0,390.894,0.15,12.3933,378.501,378.994,-0.493731,12981,37196.5,False,3407.01,0.007876,INTERPOLATED,981,1051,-54.3286,0.00883354,0,True,1,-54.3286,278.612,-3.43802,85.9957,35.1051,11.6822,11.7407,9.4043,8.23608,7.06786,5.89964,4.73142,3.91367,3.5632,2.39498,1.22676,0.0585442,0.0471253,0.0307913,15.5348,11.7672,0.33575,0.896453,11.5707,9.21728,8.04056,6.86384,5.68712,4.5104,3.6867,3.33368,2.15696,0.980244,-0.196476,20.5864,True,485,12832.4,N-L1-433-501
1035,CG6-0640,2026-01-23,1,486,field,CG6-0640|2026-01-23|L1|S486,2026-01-23 12:03:22,2026-01-23 12:03:22,2026-01-23 12:03:22.000,1,1,3354.43,,,0.0031,24.7388,34.8197,358.2,0,,,True,SINGLE_READING;,8,day8,MATCHED,D8:wor:1-486,1-486,1-486,results.zip/day8.xlsx,workbook,7.60893,219.758,1-487,True,24.7387,34.8196,383.45,,0,383.45,0.15,12.3875,371.062,372.33,-1.26783,12696.8,36938.3,False,3407.01,0.00787653,INTERPOLATED,981,1051,-52.5836,0.00846462,0,True,1,-52.5836,271.174,-3.29853,83.6999,34.4149,11.3703,11.6743,9.40022,8.26319,7.12616,5.98913,4.8521,4.05618,3.71507,2.57804,1.44101,0.303978,0.0470576,0.0306875,15.229,11.4615,0.329606,0.880047,11.492,9.19969,8.05354,6.9074,5.76125,4.61511,3.8128,3.46896,2.32282,1.17667,0.0305238,20.2978,True,486,13136.4,N-L1-433-501
1036,CG6-0640,2026-01-23,1,487,field,CG6-0640|2026-01-23|L1|S487,2026-01-23 12:06:49,2026-01-23 12:06:49,2026-01-23 12:06:49.000,1,1,3355.8,,,0.0039,24.7397,34.8216,359.2,0,,,True,SINGLE_READING;,8,day8,MATCHED,D8:wor:1-487,1-487,1-487,results.zip/day8.xlsx,workbook,9.07588,217.287,1-488,True,24.7397,34.8216,377.978,,0,377.978,0.15,12.3814,365.597,367.076,-1.47988,12471.6,36799.4,False,3407.01,0.00787691,INTERPOLATED,981,1051,-51.2145,0.00878952,0,True,1,-51.2145,265.708,-3.23271,82.013,34.0312,11.1411,11.7489,9.52071,8.4066,7.29249,6.17838,5.06426,4.28439,3.95015,2.83604,1.72193,0.607815,0.0471171,0.0307787,15.0147,11.2471,0.314799,0.840513,11.537,9.2876,8.1629,7.03819,5.91348,4.78877,4.00148,3.66406,2.53936,1.41465,0.289941,20.0712,True,487,13363,N-L1-433-501
1037,CG6-0640,2026-01-23,1,488,field,CG6-0640|2026-01-23|L1|S488,2026-01-23 12:09:46,2026-01-23 12:09:46,2026-01-23 12:09:46.000,1,1,3356.86,,,0.0052,24.7418,34.822,355.5,0,,,True,SINGLE_READING;,8,day8,MATCHED,D8:wor:1-488,1-488,1-488,results.zip/day8.xlsx,workbook,11.3405,218.324,1-489,True,24.7417,34.8219,373.878,,0,373.878,0.15,12.381,361.497,361.578,-0.0812369,12345.3,36571.2,False,3407.01,0.00787725,INTERPOLATED,981,1051,-50.1504,0.00943881,0,True,1,-50.1504,261.608,-3.09467,80.7477,33.6919,10.9692,11.7535,9.55965,8.46273,7.3658,6.26888,5.17196,4.40411,4.07504,2.97811,1.88119,0.784268,0.0472425,0.0309704,14.8513,11.0838,0.306225,0.817619,11.5244,9.30768,8.1993,7.09093,5.98255,4.87417,4.09831,3.7658,2.65742,1.54905,0.440671,19.9315,True,488,13589.4,N-L1-433-501
1038,CG6-0640,2026-01-23,1,489,field,CG6-0640|2026-01-23|L1|S489,2026-01-23 12:13:39,2026-01-23 12:13:39,2026-01-23 12:13:39.000,1,1,3358.5,,,0.0051,24.7438,34.822,347.9,0,,,True,SINGLE_READING;,8,day8,MATCHED,D8:kml:1-489,1-489,1-489,results.zip/day8.kml,kml_only,3.33279,232.112,1-488,True,24.7437,34.822,363.062,,0,363.062,0.15,12.3815,350.681,355.577,-4.89604,12254.3,36351.7,False,3407.01,0.00787771,INTERPOLATED,981,1051,-48.511,0.00938447,0,True,1,-48.511,250.792,-2.95356,77.4093,31.8519,10.5157,10.8205,8.71733,7.66576,6.61419,5.56262,4.51105,3.77495,3.45948,2.40791,1.35634,0.304768,0.0472317,0.0309539,14.353,10.5854,0.351032,0.937257,10.681,8.56394,7.50539,6.44685,5.38831,4.32977,3.58879,3.27122,2.21268,1.15414,0.0955943,19.8148,True,489,13818.2,N-L1-433-501
1039,CG6-0640,2026-01-23,1,490,field,CG6-0640|2026-01-23|L1|S490,2026-01-23 12:17:05,2026-01-23 12:17:05,2026-01-23 12:17:05.000,1,1,3360.38,,,0.002,24.7461,34.8233,346.2,0,,,True,SINGLE_READING;,8,day8,MATCHED,D8:wor:1-490,1-490,1-490,results.zip/day8.xlsx,workbook,7.8009,284.597,1-491,True,24.746,34.8232,360.219,,0,360.219,0.15,12.3781,347.841,349.864,-2.02333,12035.1,36074.2,False,3407.01,0.00787812,INTERPOLATED,981,1051,-46.6314,0.00812803,0,True,1,-46.6314,247.952,-2.79494,76.5328,32.6963,10.3966,11.9031,9.82373,8.78407,7.7444,6.70474,5.66508,4.93732,4.62542,3.58576,2.54609,1.50643,0.0469982,0.0305964,14.2547,10.4871,0.330287,0.881867,11.7221,9.6247,8.57599,7.52728,6.47857,5.42986,4.69576,4.38115,3.33244,2.28373,1.23502,19.5816,True,490,14104.6,N-L1-433-501
1040,CG6-0640,2026-01-23,1,491,field,CG6-0640|2026-01-23|L1|S491,2026-01-23 12:20:31,2026-01-23 12:20:31,2026-01-23 12:20:31.000,1,1,3361.04,,,0.0029,24.7487,34.8236,342.8,0,,,True,SINGLE_READING;,8,day8,MATCHED,D8:wor:1-491,1-491,1-491,results.zip/day8.xlsx,workbook,9.52616,282.52,1-492,True,24.7487,34.8235,355.827,,0,355.827,0.15,12.3781,343.449,346.369,-2.91997,11901.4,35782.9,False,3407.01,0.00787855,INTERPOLATED,981,1051,-45.9688,0.00839533,0,True,1,-45.9688,243.56,-2.61547,75.1772,31.8239,10.2125,11.399,9.35646,8.33521,7.31397,6.29272,5.27147,4.5566,4.25023,3.22898,2.20773,1.18649,0.0470451,0.0306685,13.8885,10.1209,0.512285,1.3678,11.582,9.55782,8.54573,7.53363,6.52154,5.50945,4.80098,4.49735,3.48526,2.47316,1.46107,19.4233,True,491,14396.5,N-L1-433-501
1041,CG6-0640,2026-01-23,1,492,field,CG6-0640|2026-01-23|L1|S492,2026-01-23 12:23:39,2026-01-23 12:23:39,2026-01-23 12:23:39.000,1,1,3362.07,,,0.0025,24.7513,34.8238,340.7,0,,,True,SINGLE_READING;,8,day8,MATCHED,D8:kml:1-492,1-492,1-492,results.zip/day8.kml,kml_only,8.24304,233.406,1-493,True,24.7513,34.8238,351.814,,0,351.814,0.15,12.3775,339.437,342.768,-3.33146,11782.5,35493.3,False,3407.01,0.00787896,INTERPOLATED,981,1051,-44.9455,0.00826607,0,True,1,-44.9455,239.548,-2.4376,73.9388,31.4309,10.0442,11.3425,9.33364,8.32921,7.32479,6.32037,5.31594,4.61285,4.31152,3.3071,2.30268,1.29825,0.0470223,0.0306334,13.7069,9.93934,0.525649,1.40348,11.5523,9.5644,8.57047,7.57653,6.5826,5.58866,4.89291,4.59473,3.6008,2.60686,1.61293,19.2677,True,492,14686,N-L1-433-501
1042,CG6-0640,2026-01-23,1,493,field,CG6-0640|2026-01-23|L1|S493,2026-01-23 12:26:49,2026-01-23 12:26:49,2026-01-23 12:26:49.000,1,1,3363.01,,,0.0021,24.7534,34.8241,325.8,0,,,True,SINGLE_READING;,8,day8,MATCHED,D8:kml:1-493,1-493,1-493,results.zip/day8.kml,kml_only,3.07433,241.54,1-492,True,24.7534,34.8241,345.482,,0,345.482,0.15,12.3762,333.106,338.38,-5.27437,11680.2,35260,False,3407.01,0.00787937,INTERPOLATED,981,1051,-43.9967,0.00815442,0,True,1,-43.9967,233.217,-2.28976,71.9848,30.2779,9.77877,10.7204,8.76464,7.78676,6.80888,5.83101,4.85313,4.16861,3.87525,2.89737,1.9195,0.94162,0.0470028,0.0306034,13.3629,9.59528,0.604248,1.61334,11.0874,9.16832,8.20879,7.24926,6.28973,5.33021,4.65854,4.37068,3.41115,2.45162,1.49209,19.1339,True,493,14927.5,N-L1-433-501
1043,CG6-0640,2026-01-23,1,494,field,CG6-0640|2026-01-23|L1|S494,2026-01-23 12:29:47,2026-01-23 12:29:47,2026-01-23 12:29:47.000,1,1,3364.39,,,0.0018,24.7561,34.8246,321.7,0,,,True,SINGLE_READING;,8,day8,MATCHED,D8:kml:1-494,1-494,1-494,results.zip/day8.kml,kml_only,6.96349,297.923,1-495,True,24.756,34.8246,340.252,,0,340.252,0.15,12.3741,327.878,333.359,-5.4812,11535.4,34956.1,False,3407.01,0.00787977,INTERPOLATED,981,1051,-42.6254,0.00808275,0,True,1,-42.6254,227.989,-2.10922,70.3714,29.8553,9.55959,10.7361,8.82417,7.86821,6.91225,5.95629,5.00033,4.33116,4.04437,3.08842,2.13246,1.1765,0.0469904,0.0305844,13.212,9.44442,0.535922,1.43091,10.9664,9.07753,8.13309,7.18865,6.24421,5.29976,4.63865,4.35532,3.41088,2.46644,1.52199,18.9606,True,494,15224.5,N-L1-433-501
1044,CG6-0640,2026-01-23,1,495,field,CG6-0640|2026-01-23|L1|S495,2026-01-23 12:32:55,2026-01-23 12:32:55,2026-01-23 12:32:55.000,1,1,3365.89,,,0.0015,24.7586,34.8257,323.3,0,,,True,SINGLE_READING;,8,day8,MATCHED,D8:kml:1-495,1-495,1-495,results.zip/day8.kml,kml_only,2.46692,241.058,1-497,True,24.7586,34.8257,334.996,,0,334.996,0.15,12.37,322.626,329.407,-6.78056,11347.7,34664.3,False,3407.01,0.0078802,INTERPOLATED,981,1051,-41.1202,0.0080217,0,True,1,-41.1202,222.737,-1.93428,68.7504,29.5645,9.33937,10.8857,9.01784,8.0839,7.14997,6.21603,5.28209,4.62834,4.34815,3.41422,2.48028,1.54634,0.0469799,0.0305683,13.124,9.35637,0.403754,1.07802,10.8517,8.98043,8.0448,7.10916,6.17352,5.23788,4.58294,4.30225,3.36661,2.43097,1.49533,18.7391,True,495,15529.2,N-L1-433-501
1045,CG6-0640,2026-01-23,1,496,field,CG6-0640|2026-01-23|L1|S496,2026-01-23 12:36:13,2026-01-23 12:36:13,2026-01-23 12:36:13.000,1,1,3367.17,,,0.0016,24.7611,34.8267,313.2,0,,,True,SINGLE_READING;,8,day8,MATCHED,D8:wor:1-496,1-496,1-496,results.zip/day8.xlsx,workbook,11.6246,298.318,1-495,True,24.761,34.8266,334.675,,0,334.675,0.15,12.3664,322.309,322.585,-0.276802,11182.1,34372.3,False,3407.01,0.00788067,INTERPOLATED,981,1051,-39.841,0.00804145,0,True,1,-39.841,222.42,-1.767,68.6524,30.5783,9.32605,11.9262,10.061,9.12842,8.19582,7.26321,6.33061,5.67778,5.398,4.4654,3.53279,2.60019,0.0469833,0.0305735,13.201,9.43344,0.313368,0.836694,11.7115,9.82478,8.88143,7.93809,6.99474,6.0514,5.39106,5.10805,4.16471,3.22137,2.27802,18.5417,True,496,15816,N-L1-433-501
1046,CG6-0640,2026-01-23,1,497,field,CG6-0640|2026-01-23|L1|S497,2026-01-23 12:39:32,2026-01-23 12:39:32,2026-01-23 12:39:32.000,1,1,3368.04,,,0.0063,24.7587,34.8281,292.3,0,,,True,SINGLE_READING;,8,day8,MATCHED,D8:wor:1-497,1-497,1-497,results.zip/day8.xlsx,workbook,5.77828,245.849,1-495,True,24.7586,34.8281,328.468,,0,328.468,0.15,12.3618,316.106,319.023,-2.91694,11110.8,34617.3,False,3407.01,0.00788115,INTERPOLATED,981,1051,-38.9689,0.0100897,0,True,1,-38.9689,216.217,-1.92975,66.7381,29.6989,9.06599,11.567,9.75376,8.84716,7.94056,7.03396,6.12736,5.49274,5.22076,4.31416,3.40756,2.50096,0.0473769,0.031175,12.9457,9.17815,0.308596,0.823951,11.3426,9.507,8.58919,7.67137,6.75356,5.83574,5.19327,4.91793,4.00011,3.0823,2.16448,18.5155,True,497,16118.9,N-L1-433-501
1047,CG6-0640,2026-01-23,1,498,field,CG6-0640|2026-01-23|L1|S498,2026-01-23 12:42:58,2026-01-23 12:42:58,2026-01-23 12:42:58.000,1,1,3369.24,,,0.0021,24.7597,34.8305,293.7,0,,,True,SINGLE_READING;,8,day8,MATCHED,D8:wor:1-498,1-498,1-498,results.zip/day8.xlsx,workbook,7.44942,235.533,1-499,True,24.7597,34.8305,323.333,,0,323.333,0.15,12.3536,310.979,310.755,0.224808,10849.6,34467.9,False,3407.01,0.00788166,INTERPOLATED,981,1051,-37.7671,0.00815663,0,True,1,-37.7671,211.09,-1.85878,65.1557,29.2474,8.85102,11.5453,9.77514,8.89003,8.00493,7.11983,6.23473,5.61515,5.34962,4.46452,3.57942,2.69432,0.0470031,0.030604,12.7676,9.00003,0.271753,0.725582,11.2473,9.44733,8.54733,7.64732,6.74732,5.84732,5.21732,4.94731,4.04731,3.14731,2.24731,18.2506,True,498,16383.9,N-L1-433-501
1048,CG6-0640,2026-01-23,1,499,field,CG6-0640|2026-01-23|L1|S499,2026-01-23 12:46:09,2026-01-23 12:46:09,2026-01-23 12:46:09.000,1,1,3370.2,,,0.0036,24.7606,34.8327,294.2,0,,,True,SINGLE_READING;,8,day8,MATCHED,D8:wor:1-499,1-499,1-499,results.zip/day8.xlsx,workbook,10.1884,230.905,1-500,True,24.7605,34.8327,318.409,,0,318.409,0.15,12.346,306.063,306.83,-0.767058,10609,34341,False,3407.01,0.00788214,INTERPOLATED,981,1051,-36.8091,0.00866534,0,True,1,-36.8091,206.174,-1.79969,63.6383,28.6289,8.64488,11.3391,9.61014,8.74566,7.88117,7.01668,6.15219,5.54705,5.2877,4.42322,3.55873,2.69424,0.0470941,0.0307435,12.583,8.81539,0.250249,0.668164,10.9981,9.23502,8.35349,7.47195,6.59041,5.70887,5.09179,4.82733,3.94579,3.06425,2.18271,18.0108,True,499,16623.8,N-L1-433-501
1049,CG6-0640,2026-01-23,1,500,field,CG6-0640|2026-01-23|L1|S500,2026-01-23 12:49:30,2026-01-23 12:49:30,2026-01-23 12:49:30.000,1,1,3371.31,,,0.0032,24.76,34.8348,289.8,0,,,True,SINGLE_READING;,8,day8,MATCHED,D8:wor:1-500,1-500,1-500,results.zip/day8.xlsx,workbook,8.69818,230.176,1-499,True,24.7599,34.8348,313.207,,0,313.207,0.15,12.3378,300.869,302.349,-1.4797,10421.6,34386.7,False,3407.01,0.00788266,INTERPOLATED,981,1051,-35.6969,0.00850743,0,True,1,-35.6969,200.98,-1.84506,62.0352,28.1833,8.4271,11.3291,9.64371,8.801,7.95829,7.11558,6.27287,5.68297,5.43016,4.58745,3.74474,2.90203,0.0470653,0.0306994,12.3915,8.6239,0.223953,0.597954,10.9355,9.21074,8.34835,7.48596,6.62357,5.76117,5.1575,4.89878,4.03639,3.174,2.31161,17.8437,True,500,16855.2,N-L1-433-501
1050,CG6-0640,2026-01-23,1,501,field,CG6-0640|2026-01-23|L1|S501,2026-01-23 12:54:21,2026-01-23 12:54:21,2026-01-23 12:54:21.000,1,1,3371.78,,,0.0048,24.7621,34.8346,293.2,0,,,True,SINGLE_READING;,8,day8,MATCHED,D8:wor:1-501,1-501,1-501,results.zip/day8.xlsx,workbook,10.006,250.416,1-500,True,24.762,34.8345,310.171,,0,310.171,0.15,12.3385,297.832,299.272,-1.4393,10381.3,34151.5,False,3407.01,0.00788343,INTERPOLATED,981,1051,-35.2305,0.00922976,0,True,1,-35.2305,197.944,-1.69691,61.0979,27.5643,8.29977,10.9647,9.30477,8.4748,7.64482,6.81484,5.98486,5.40388,5.15489,4.32491,3.49493,2.66496,0.0472012,0.0309073,12.1742,8.40658,0.313948,0.838242,10.7511,9.06979,8.22914,7.38848,6.54782,5.70716,5.1187,4.8665,4.02585,3.18519,2.34453,17.7685,True,501,17097,N-L1-433-501
1052,CG6-0640,2026-01-23,1,502,field,CG6-0640|2026-01-23|L1|S502,2026-01-23 13:58:05,2026-01-23 13:58:05,2026-01-23 13:58:05.000,1,1,3418.38,,,0.0035,24.8063,34.9732,31.5,0,,,True,SINGLE_READING;,8,day8,MATCHED,D8:wor:1-502,1-502,1-502,results.zip/day8.xlsx,workbook,11.5019,53.1185,L14-2,True,24.8062,34.9732,53.735,,0,53.735,0.15,11.6502,42.0848,43.2147,-1.12995,4542.4,30519.6,False,3407.01,0.00787925,INTERPOLATED,1051,1068,11.3667,0.00862163,0,True,1,11.3667,-57.8042,1.33935,-17.8431,-7.81579,-2.42373,-2.96833,-2.48358,-2.24121,-1.99884,-1.75646,-1.51409,-1.34443,-1.27172,-1.02935,-0.786973,-0.5446,0.0470861,0.0307312,1.11221,-2.65538,0.652407,1.74193,-2.50503,-1.97395,-1.70841,-1.44288,-1.17734,-0.9118,-0.725924,-0.646262,-0.380724,-0.115186,0.150352,3.20083,True,502,0,N-L1-502-517
1053,CG6-0640,2026-01-23,1,503,field,CG6-0640|2026-01-23|L1|S503,2026-01-23 14:01:51,2026-01-23 14:01:51,2026-01-23 14:01:51.000,1,1,3416.7,,,0.0018,24.8045,34.9741,38.2,0,,,True,SINGLE_READING;,8,day8,MATCHED,D8:wor:1-503,1-503,1-503,results.zip/day8.xlsx,workbook,9.9343,29.9028,L14-3,True,24.8044,34.9741,61.578,,0,61.578,0.15,11.6486,49.9294,51.322,-1.39253,4527.81,30738.4,False,3407.01,0.00787834,INTERPOLATED,1051,1068,9.6853,0.00808135,0,True,1,9.6853,-49.9595,1.21592,-15.4216,-6.95218,-2.0948,-2.76258,-2.34362,-2.13413,-1.92465,-1.71517,-1.50569,-1.35906,-1.29621,-1.08673,-0.877253,-0.667773,0.0469901,0.030584,1.36383,-2.40375,0.729709,1.94832,-2.14467,-1.66392,-1.42355,-1.18317,-0.942794,-0.702419,-0.534156,-0.462043,-0.221668,0.0187076,0.259083,3.22841,True,503,217.745,N-L1-502-517
1054,CG6-0640,2026-01-23,1,504,field,CG6-0640|2026-01-23|L1|S504,2026-01-23 14:05:27,2026-01-23 14:05:27,2026-01-23 14:05:27.000,1,1,3415.25,,,0.0057,24.8028,34.9752,47.9,0,,,True,SINGLE_READING;,8,day8,MATCHED,D8:wor:1-504,1-504,1-504,results.zip/day8.xlsx,workbook,6.93222,19.7838,L14-4,True,24.8028,34.9751,68.602,,0,68.602,0.15,11.6457,56.9563,57.2022,-0.245948,4545.68,30949.3,False,3407.01,0.00787775,INTERPOLATED,1051,1068,8.24345,0.00972363,0,True,1,8.24345,-42.9327,1.10198,-13.2525,-6.11101,-1.80017,-2.51068,-2.15064,-1.97063,-1.79061,-1.61059,-1.43058,-1.30457,-1.25056,-1.07054,-0.890528,-0.710511,0.0473002,0.0310584,1.78156,-1.98602,0.606613,1.61966,-2.13897,-1.74176,-1.54316,-1.34456,-1.14595,-0.947352,-0.808331,-0.74875,-0.550148,-0.351545,-0.152943,3.24594,True,504,430.291,N-L1-502-517
1055,CG6-0640,2026-01-23,1,505,field,CG6-0640|2026-01-23|L1|S505,2026-01-23 14:09:16,2026-01-23 14:09:16,2026-01-23 14:09:16.000,1,1,3413.73,,,0.0051,24.8008,34.9763,63.8,0,,,True,SINGLE_READING;,8,day8,MATCHED,D8:wor:1-505,1-505,1-505,results.zip/day8.xlsx,workbook,4.94007,86.6431,L14-5,True,24.8008,34.9763,76.775,,0,76.775,0.15,11.6427,65.1323,64.9504,0.181965,4573.5,31198.3,False,3407.01,0.00787742,INTERPOLATED,1051,1068,6.72236,0.00938423,0,True,1,6.72236,-34.7566,0.964989,-10.7287,-4.9713,-1.45734,-2.05661,-1.76514,-1.61941,-1.47367,-1.32794,-1.18221,-1.08019,-1.03647,-0.890737,-0.745002,-0.599268,0.0472316,0.0309538,2.17661,-1.59097,0.554386,1.48021,-1.78935,-1.47116,-1.31206,-1.15296,-0.993867,-0.83477,-0.723402,-0.675673,-0.516575,-0.357478,-0.198381,3.29055,True,505,682.375,N-L1-502-517
1056,CG6-0640,2026-01-23,1,506,field,CG6-0640|2026-01-23|L1|S506,2026-01-23 14:16:13,2026-01-23 14:16:13,2026-01-23 14:16:13.000,1,1,3412.15,,,0.0067,24.7987,34.9775,66.9,0,,STDDEV_GT_0.050,True,SINGLE_READING;,8,day8,MATCHED,D8:wor:1-506,1-506,1-506,results.zip/day8.xlsx,workbook,5.72679,59.5966,L14-7,True,24.7987,34.9775,84.423,,0,84.423,0.15,11.6399,72.7831,73.0541,-0.270979,4613.59,31456.2,False,3407.01,0.00787763,INTERPOLATED,1051,1068,5.13849,0.0103415,0,True,1,5.13849,-27.1058,0.821236,-8.36701,-4.04975,-1.13655,-1.77666,-1.54935,-1.4357,-1.32204,-1.20839,-1.09473,-1.01517,-0.981077,-0.867423,-0.753768,-0.640113,0.0474311,0.0312574,2.50088,-1.26671,0.550919,1.47095,-1.51634,-1.26299,-1.13632,-1.00965,-0.882981,-0.75631,-0.66764,-0.629639,-0.502968,-0.376297,-0.249626,3.36165,True,506,943.657,N-L1-502-517
1057,CG6-0640,2026-01-23,1,507,field,CG6-0640|2026-01-23|L1|S507,2026-01-23 14:19:29,2026-01-23 14:19:29,2026-01-23 14:19:29.000,1,1,3411.04,,,0.002,24.797,34.9787,65.4,0,,,True,SINGLE_READING;,8,day8,MATCHED_ID_TIEBREAK,D8:wor:1-507,1-507,1-507,results.zip/day8.xlsx,workbook,8.30717,12.1627,L14-8,True,24.7969,34.9787,92.295,,0,92.295,0.15,11.6367,80.6583,80.7746,-0.116351,4675.5,31683.7,False,3407.01,0.00787809,INTERPOLATED,1051,1068,4.03268,0.00812799,0,True,1,4.03268,-19.2307,0.696449,-5.93611,-2.59988,-0.806343,-0.987191,-0.825923,-0.745289,-0.664654,-0.58402,-0.503386,-0.446942,-0.422751,-0.342117,-0.261483,-0.180849,0.0469982,0.0305964,2.96025,-0.807336,0.42175,1.12607,-0.985204,-0.823737,-0.743004,-0.66227,-0.581536,-0.500803,-0.444289,-0.420069,-0.339336,-0.258602,-0.177868,3.40713,True,507,1177.22,N-L1-502-517
1058,CG6-0640,2026-01-23,1,508,field,CG6-0640|2026-01-23|L1|S508,2026-01-23 14:22:55,2026-01-23 14:22:55,2026-01-23 14:22:55.000,1,1,3410.22,,,0.0019,24.7964,34.9801,75.8,0,,,True,SINGLE_READING;,8,day8,MATCHED,D8:wor:1-508,1-508,1-508,results.zip/day8.xlsx,workbook,7.73315,21.5329,L14-9,True,24.7963,34.9801,98.395,,0,98.395,0.15,11.6301,86.7649,88.2495,-1.48459,4801.75,31793.1,False,3407.01,0.00787881,INTERPOLATED,1051,1068,3.21285,0.00810467,0,True,1,3.21285,-13.124,0.655854,-4.05111,-1.49412,-0.550291,-0.393534,-0.283475,-0.228446,-0.173417,-0.118388,-0.0633588,-0.0248385,-0.00832973,0.0466994,0.101728,0.156758,0.0469941,0.0305902,3.31796,-0.449626,0.320092,0.854645,-0.594864,-0.504939,-0.459976,-0.415014,-0.370051,-0.325089,-0.293615,-0.280126,-0.235164,-0.190201,-0.145238,3.34432,True,508,1337.79,N-L1-502-517
1059,CG6-0640,2026-01-23,1,509,field,CG6-0640|2026-01-23|L1|S509,2026-01-23 14:26:22,2026-01-23 14:26:22,2026-01-23 14:26:22.000,1,1,3409.26,,,0.0029,24.7947,34.9809,80.3,0,,,True,SINGLE_READING;,8,day8,MATCHED,D8:wor:1-509,1-509,1-509,results.zip/day8.xlsx,workbook,5.69285,183.191,L14-9,True,24.7946,34.9808,104.777,,0,104.777,0.15,11.629,93.148,93.0573,0.0907223,4838.16,31997.4,False,3407.01,0.00787978,INTERPOLATED,1051,1068,2.24548,0.00839649,0,True,1,2.24548,-6.74095,0.540671,-2.08079,-0.375983,-0.282648,0.189313,0.245843,0.274108,0.302372,0.330637,0.358902,0.378687,0.387167,0.415432,0.443696,0.471961,0.0470454,0.0306688,3.58322,-0.184369,0.322478,0.861015,-0.00724549,0.0296283,0.0480651,0.066502,0.0849389,0.103376,0.116282,0.121813,0.140249,0.158686,0.177123,3.41292,True,509,1538.5,N-L1-502-517
1060,CG6-0640,2026-01-23,1,510,field,CG6-0640|2026-01-23|L1|S510,2026-01-23 14:29:51,2026-01-23 14:29:51,2026-01-23 14:29:51.000,1,1,3408.25,,,0.0037,24.7929,34.9808,82.2,0,,,True,SINGLE_READING;,8,day8,MATCHED,D8:wor:1-510,1-510,1-510,results.zip/day8.xlsx,workbook,4.48465,192.739,1-509,True,24.7928,34.9808,110.428,,0,110.428,0.15,11.6323,98.7957,101.414,-2.61866,4796.38,32180.1,False,3407.01,0.00788103,INTERPOLATED,1051,1068,1.24024,0.00870635,0,True,1,1.24024,-1.09321,0.418848,-0.337452,0.483944,-0.0458382,0.575621,0.584788,0.589372,0.593956,0.59854,0.603123,0.606332,0.607707,0.612291,0.616875,0.621459,0.0471016,0.0307551,3.73892,-0.0286716,0.40359,1.07759,0.541287,0.547021,0.549889,0.552756,0.555623,0.55849,0.560497,0.561357,0.564224,0.567092,0.569959,3.55151,True,510,1735.72,N-L1-502-517
1061,CG6-0640,2026-01-23,1,511,field,CG6-0640|2026-01-23|L1|S511,2026-01-23 14:33:17,2026-01-23 14:33:17,2026-01-23 14:33:17.000,1,1,3407.24,,,0.0025,24.7914,34.9798,100.6,0,,,True,SINGLE_READING;,8,day8,MATCHED,D8:wor:1-511,1-511,1-511,results.zip/day8.xlsx,workbook,5.04705,194.098,1-510,True,24.7913,34.9797,116.519,,0,116.519,0.15,11.64,104.879,105.751,-0.872535,4673.11,32307.5,False,3407.01,0.0078825,INTERPOLATED,1051,1068,0.224598,0.00826945,0,True,1,0.224598,4.99001,0.314113,1.5403,1.45078,0.209231,1.03232,0.990475,0.969552,0.948628,0.927705,0.906782,0.892136,0.885859,0.864936,0.844013,0.82309,0.0470228,0.0306343,4.03156,0.263972,0.366015,0.977261,0.922838,0.870043,0.843646,0.817249,0.790852,0.764454,0.745976,0.738057,0.71166,0.685263,0.658865,3.74119,True,511,1934.77,N-L1-502-517
1062,CG6-0640,2026-01-23,1,512,field,CG6-0640|2026-01-23|L1|S512,2026-01-23 14:36:35,2026-01-23 14:36:35,2026-01-23 14:36:35.000,1,1,3405.72,,,0.002,24.7897,34.9788,108.5,0,,,True,SINGLE_READING;,8,day8,MATCHED,D8:wor:1-512,1-512,1-512,results.zip/day8.xlsx,workbook,1.74105,200.276,1-511,True,24.7897,34.9788,123.029,,0,123.029,0.15,11.647,111.382,112.976,-1.59404,4558.83,32447.4,False,3407.01,0.00788416,INTERPOLATED,1051,1068,-1.28972,0.00813388,0,True,1,-1.28972,11.493,0.204604,3.54762,2.0533,0.481902,1.08949,0.993113,0.944922,0.896732,0.848542,0.800352,0.766619,0.752162,0.703972,0.655782,0.607591,0.0469992,0.030598,4.32981,0.562224,0.340434,0.90896,0.928848,0.816403,0.76018,0.703958,0.647736,0.591513,0.552158,0.535291,0.479068,0.422846,0.366624,3.93139,True,512,2136.72,N-L1-502-517
1063,CG6-0640,2026-01-23,1,513,field,CG6-0640|2026-01-23|L1|S513,2026-01-23 14:39:42,2026-01-23 14:39:42,2026-01-23 14:39:42.000,1,1,3404.4,,,0.0023,24.7879,34.979,111.8,0,,,True,SINGLE_READING;,8,day8,MATCHED,D8:wor:1-513,1-513,1-513,results.zip/day8.xlsx,workbook,6.03045,200.466,1-512,True,24.7879,34.9789,129.856,,0,129.856,0.15,11.6486,118.207,119.242,-1.0349,4565.95,32644.1,False,3407.01,0.00788594,INTERPOLATED,1051,1068,-2.60578,0.0082145,0,True,1,-2.60578,18.3184,0.0780138,5.65446,2.97067,0.768092,1.43449,1.28087,1.20406,1.12725,1.05044,0.973634,0.919867,0.896824,0.820015,0.743206,0.666397,0.0470132,0.0306195,4.71093,0.943339,0.24551,0.655511,1.08399,0.895327,0.800993,0.706659,0.612325,0.517991,0.451957,0.423657,0.329323,0.234989,0.140655,4.06132,True,513,2342.12,N-L1-502-517
1064,CG6-0640,2026-01-23,1,514,field,CG6-0640|2026-01-23|L1|S514,2026-01-23 14:43:30,2026-01-23 14:43:30,2026-01-23 14:43:30.000,1,1,3402.54,,,0.0022,24.7853,34.979,121.3,0,,,True,SINGLE_READING;,8,day8,MATCHED,D8:wor:1-514,1-514,1-514,results.zip/day8.xlsx,workbook,7.32725,221.482,1-515,True,24.7853,34.9789,139.411,,0,139.411,0.15,11.652,127.759,128.569,-0.81041,4566.01,32918.1,False,3407.01,0.00788838,INTERPOLATED,1051,1068,-4.47171,0.00818942,0,True,1,-4.47171,27.87,-0.100315,8.60279,4.2314,1.16859,1.89421,1.6605,1.54364,1.42678,1.30992,1.19306,1.11126,1.0762,0.959342,0.842483,0.725624,0.0470088,0.0306128,5.06223,1.29465,0.294702,0.786853,1.6421,1.38317,1.25371,1.12425,0.994781,0.865316,0.774691,0.735852,0.606387,0.476922,0.347458,4.25452,True,514,2630.76,N-L1-502-517
1065,CG6-0640,2026-01-23,1,515,field,CG6-0640|2026-01-23|L1|S515,2026-01-23 14:47:50,2026-01-23 14:47:50,2026-01-23 14:47:50.000,1,1,3400.91,,,0.0023,24.7834,34.9791,130.2,0,,,True,SINGLE_READING;,8,day8,MATCHED,D8:wor:1-515,1-515,1-515,results.zip/day8.xlsx,workbook,7.00602,209.835,1-516,True,24.7833,34.9791,148.219,,0,148.219,0.15,11.6534,136.566,138.504,-1.93887,4597.28,33128.1,False,3407.01,0.00789154,INTERPOLATED,1051,1068,-6.10047,0.00821988,0,True,1,-6.10047,36.6767,-0.233558,11.3212,5.45424,1.53785,2.37854,2.07097,1.91719,1.7634,1.60961,1.45583,1.34818,1.30204,1.14826,0.994474,0.840689,0.0470142,0.0306209,5.47148,1.70389,0.254717,0.680095,2.04646,1.70568,1.53529,1.3649,1.19452,1.02413,0.904854,0.853737,0.683348,0.512959,0.34257,4.38574,True,515,2847.42,N-L1-502-517
1066,CG6-0640,2026-01-23,1,516,field,CG6-0640|2026-01-23|L1|S516,2026-01-23 14:51:49,2026-01-23 14:51:49,2026-01-23 14:51:49.000,1,1,3399.36,,,0.003,24.7816,34.9791,141.6,0,,,True,SINGLE_READING;,8,day8,MATCHED,D8:wor:1-516,1-516,1-516,results.zip/day8.xlsx,workbook,8.63338,101.351,1-517,True,24.7815,34.9791,155.724,,0,155.724,0.15,11.6556,144.068,146.669,-2.6011,4617.97,33319.8,False,3407.01,0.0078948,INTERPOLATED,1051,1068,-7.65089,0.00844558,0,True,1,-7.65089,44.1794,-0.359347,13.637,6.3455,1.85244,2.64062,2.27013,2.08488,1.89964,1.7144,1.52915,1.39948,1.34391,1.15866,0.973418,0.788174,0.0470541,0.0306823,5.79035,2.02276,0.250441,0.668677,2.29998,1.89543,1.69316,1.49088,1.28861,1.08633,0.944736,0.884054,0.681778,0.479502,0.277226,4.5202,True,516,3051.03,N-L1-502-517
1067,CG6-0640,2026-01-23,1,517,field,CG6-0640|2026-01-23|L1|S517,2026-01-23 14:54:47,2026-01-23 14:54:47,2026-01-23 14:54:47.000,1,1,3398.54,,,0.0019,24.7807,34.9793,145.9,0,,,True,SINGLE_READING;,8,day8,MATCHED,D8:wor:1-517,1-517,1-517,results.zip/day8.xlsx,workbook,4.80407,89.632,1-516,True,24.7807,34.9793,158.507,,0,158.507,0.15,11.656,146.851,154.722,-7.87062,4644.65,33415.9,False,3407.01,0.00789744,INTERPOLATED,1051,1068,-8.47039,0.00812278,0,True,1,-8.47039,46.962,-0.416405,14.496,6.44198,1.96912,2.50374,2.10992,1.91301,1.71609,1.51918,1.32227,1.18443,1.12536,0.928447,0.731535,0.534623,0.0469973,0.030595,5.85931,2.09173,0.29815,0.79606,2.25853,1.84018,1.63101,1.42184,1.21266,1.00349,0.857071,0.794319,0.585146,0.375974,0.166801,4.57327,True,517,3144.41,N-L1-502-517
1072,CG6-0640,2026-01-24,1,518,field,CG6-0640|2026-01-24|L1|S518,2026-01-24 07:22:52,2026-01-24 07:22:52,2026-01-24 07:22:52.000,1,1,3371.46,,,0.0023,24.776,34.8095,306.3,0,,,True,SINGLE_READING;,9,day9,MATCHED,D9:kml:518,518,518,results.zip/day9.kml,kml_only,1.53123,222.871,519,True,24.776,34.8095,313.704,,0,313.704,0.15,12.4246,301.279,305.441,-4.16141,12601.6,33048.9,False,3407,0.00808111,INTERPOLATED,1071,1095,-35.544,0.00840204,0,True,1,-35.544,201.39,-0.735131,62.1617,27.3528,8.44429,10.4642,8.77535,7.93092,7.08649,6.24206,5.39763,4.80653,4.5532,3.70877,2.86434,2.01991,0.0470463,0.0306703,12.2667,8.49909,0.365961,0.977115,10.3546,8.65479,7.80489,6.95498,6.10507,5.25516,4.66022,4.40525,3.55534,2.70543,1.85552,19.5667,True,518,0,N-L1-518-540
1073,CG6-0640,2026-01-24,1,519,field,CG6-0640|2026-01-24|L1|S519,2026-01-24 07:29:38,2026-01-24 07:29:38,2026-01-24 07:29:38.000,1,1,3370.27,,,0.0028,24.7752,34.8115,307.8,0,,TILT_GT_20,True,SINGLE_READING;,9,day9,MATCHED,D9:kml:519,519,519,results.zip/day9.kml,kml_only,1.18115,221.007,518,True,24.7752,34.8115,319.596,,0,319.596,0.15,12.4176,307.178,311.343,-4.1644,12408.5,33095.7,False,3407,0.00807002,INTERPOLATED,1071,1095,-36.7343,0.00854197,0,True,1,-36.7343,207.289,-0.790758,63.9824,28.0389,8.69164,10.6556,8.91726,8.0481,7.17893,6.30977,5.44061,4.83219,4.57144,3.70228,2.83312,1.96395,0.0470715,0.030709,12.5627,8.79516,0.317233,0.847012,10.4485,8.68951,7.80999,6.93048,6.05096,5.17144,4.55578,4.29193,3.41241,2.5329,1.65338,19.4012,True,519,221.717,N-L1-518-540
1074,CG6-0640,2026-01-24,1,520,field,CG6-0640|2026-01-24|L1|S520,2026-01-24 07:33:34,2026-01-24 07:33:34,2026-01-24 07:33:34.000,1,1,3368.7,,,0.0039,24.7744,34.8136,314.4,0,,,True,SINGLE_READING;,9,day9,MATCHED,D9:wor:520,520,520,results.zip/day9.xlsx,workbook,4.22434,232.85,519,True,24.7743,34.8136,327.149,,0,327.149,0.15,12.4102,314.739,315.058,-0.318761,12207.8,33148.5,False,3407,0.00806423,INTERPOLATED,1071,1095,-38.305,0.00895778,0,True,1,-38.305,214.85,-0.853322,66.316,28.8643,9.00866,10.847,9.04529,8.14442,7.24356,6.34269,5.44182,4.81122,4.54096,3.64009,2.73923,1.83836,0.0471488,0.0308272,12.9014,9.13377,0.295638,0.789354,10.5968,8.77003,7.85665,6.94327,6.02989,5.11652,4.47715,4.20314,3.28976,2.37638,1.46301,19.2303,True,520,457.738,N-L1-518-540
1075,CG6-0640,2026-01-24,1,521,field,CG6-0640|2026-01-24|L1|S521,2026-01-24 07:38:29,2026-01-24 07:38:29,2026-01-24 07:38:29.000,1,1,3367.06,,,0.0024,24.7727,34.816,316.5,0,,,True,SINGLE_READING;,9,day9,MATCHED,D9:wor:521,521,521,results.zip/day9.xlsx,workbook,2.60285,206.284,522,True,24.7727,34.816,336.134,,0,336.134,0.15,12.4021,323.732,324.516,-0.784042,11993.3,33279.1,False,3407,0.00805769,INTERPOLATED,1071,1095,-39.9385,0.00840752,0,True,1,-39.9385,223.843,-0.963037,69.0917,30.1162,9.38574,11.3447,9.46759,8.52902,7.59044,6.65187,5.71329,5.05629,4.77472,3.83615,2.89757,1.959,0.0470473,0.0306718,13.236,9.46844,0.338057,0.902611,11.1793,9.28565,8.3388,7.39196,6.44512,5.49827,4.83548,4.55143,3.60459,2.65774,1.7109,19.065,True,521,752.403,N-L1-518-540
1076,CG6-0640,2026-01-24,1,522,field,CG6-0640|2026-01-24|L1|S522,2026-01-24 07:41:57,2026-01-24 07:41:57,2026-01-24 07:41:57.000,1,1,3366.31,,,0.0052,24.7717,34.8176,322.1,0,,,True,SINGLE_READING;,9,day9,MATCHED,D9:wor:522,522,522,results.zip/day9.xlsx,workbook,2.98502,204.672,521,True,24.7717,34.8176,341.888,,0,341.888,0.15,12.3963,329.492,330.072,-0.580367,11841.1,33361.2,False,3407,0.00805355,INTERPOLATED,1071,1095,-40.6955,0.00958643,0,True,1,-40.6955,229.603,-1.03462,70.8694,31.2086,9.62724,11.9541,10.0286,9.0659,8.10317,7.14045,6.17772,5.50381,5.215,4.25227,3.28955,2.32682,0.0472722,0.0310157,13.5154,9.74779,0.300211,0.801563,11.713,9.76342,8.78864,7.81386,6.83908,5.8643,5.18196,4.88952,3.91474,2.93997,1.96519,18.9428,True,522,958.455,N-L1-518-540
1077,CG6-0640,2026-01-24,1,523,field,CG6-0640|2026-01-24|L1|S523,2026-01-24 07:46:05,2026-01-24 07:46:05,2026-01-24 07:46:05.000,1,1,3365.8,,,0.0063,24.7705,34.8195,334.5,0,,,True,SINGLE_READING;,9,day9,MATCHED,D9:wor:523,523,523,results.zip/day9.xlsx,workbook,12.7227,230.257,522,True,24.7704,34.8196,346.128,,0,346.128,0.15,12.3896,333.738,334.104,-0.365489,11671.1,33455.4,False,3407,0.0080491,INTERPOLATED,1071,1095,-41.2004,0.0102214,0,True,1,-41.2004,233.849,-1.12081,72.1801,32.1005,9.80531,12.4899,10.5288,9.54829,8.56776,7.58723,6.6067,5.92033,5.62617,4.64564,3.66511,2.68458,0.0474051,0.0312178,13.7212,9.9536,0.272463,0.727476,12.1933,10.2026,9.20722,8.21186,7.2165,6.22114,5.52438,5.22578,4.23042,3.23506,2.2397,18.8066,True,523,1198.79,N-L1-518-540
1078,CG6-0640,2026-01-24,1,524,field,CG6-0640|2026-01-24|L1|S524,2026-01-24 07:49:49,2026-01-24 07:49:49,2026-01-24 07:49:49.000,1,1,3367.18,,,0.0044,24.769,34.8213,345.6,0,,,True,SINGLE_READING;,9,day9,MATCHED,D9:wor:524,524,524,results.zip/day9.xlsx,workbook,6.13922,237.14,523,True,24.769,34.8213,340.259,,0,340.259,0.15,12.3836,327.875,328.812,-0.936317,11521.2,33592.6,False,3407,0.00804555,INTERPOLATED,1071,1095,-39.8246,0.00917011,0,True,1,-39.8246,227.986,-1.2225,70.3705,31.7684,9.55947,12.6495,10.7376,9.78165,8.8257,7.86975,6.9138,6.24464,5.95786,5.00191,4.04596,3.09002,0.0471896,0.0308896,13.4756,9.70798,0.27225,0.726906,12.3525,10.4109,9.44008,8.46928,7.49848,6.52769,5.84813,5.55689,4.58609,3.61529,2.64449,18.6988,True,524,1440.63,N-L1-518-540
1079,CG6-0640,2026-01-24,1,525,field,CG6-0640|2026-01-24|L1|S525,2026-01-24 07:53:06,2026-01-24 07:53:06,2026-01-24 07:53:06.000,1,1,3368.35,,,0.0037,24.7673,34.8235,336.2,0,,,True,SINGLE_READING;,9,day9,MATCHED,D9:wor:525,525,525,results.zip/day9.xlsx,workbook,9.02826,276.754,526,True,24.7673,34.8235,334.078,,0,334.078,0.15,12.3765,321.702,321.987,-0.285212,11340.1,33740.2,False,3407,0.0080428,INTERPOLATED,1071,1095,-38.6472,0.00885306,0,True,1,-38.6472,221.813,-1.33903,68.465,31.1568,9.3006,12.5556,10.6955,9.76544,8.83538,7.90532,6.97526,6.32422,6.0452,5.11514,4.18508,3.25502,0.047129,0.0307969,13.2068,9.43926,0.282097,0.753198,12.2783,10.3905,9.44652,8.5026,7.55867,6.61475,5.954,5.67082,4.72689,3.78297,2.83904,18.5674,True,525,1726.43,N-L1-518-540
1080,CG6-0640,2026-01-24,1,526,field,CG6-0640|2026-01-24|L1|S526,2026-01-24 07:56:41,2026-01-24 07:56:41,2026-01-24 07:56:41.000,1,1,3368.78,,,0.0074,24.7662,34.8259,330.6,0,,STDDEV_GT_0.050,True,SINGLE_READING;,9,day9,MATCHED,D9:wor:526,526,526,results.zip/day9.xlsx,workbook,2.54364,260.166,527,True,24.7662,34.8259,328.793,,0,328.793,0.15,12.3681,316.425,317.004,-0.579257,11127.2,33827.4,False,3407,0.00804019,INTERPOLATED,1071,1095,-38.2265,0.0109272,0,True,1,-38.2265,216.536,-1.41339,66.8364,30.0233,9.07935,11.8646,10.0487,9.14079,8.23286,7.32492,6.41699,5.78143,5.50905,4.60112,3.69318,2.78525,0.0475623,0.031456,13.0033,9.23572,0.264385,0.705909,11.5519,9.70471,8.78114,7.85757,6.93399,6.01042,5.36392,5.08685,4.16328,3.2397,2.31613,18.3829,True,526,2001.96,N-L1-518-540
1081,CG6-0640,2026-01-24,1,527,field,CG6-0640|2026-01-24|L1|S527,2026-01-24 08:00:00,2026-01-24 08:00:00,2026-01-24 08:00:00.000,1,1,3369.33,,,0.0047,24.7645,34.8277,330.5,0,,,True,SINGLE_READING;,9,day9,MATCHED,D9:wor:527,527,527,results.zip/day9.xlsx,workbook,1.37378,257.356,526,True,24.7645,34.8277,324.057,,0,324.057,0.15,12.3623,311.695,312.424,-0.729723,10990.6,33984.4,False,3407,0.00803814,INTERPOLATED,1071,1095,-37.674,0.00931137,0,True,1,-37.674,211.806,-1.52815,65.3765,29.2306,8.88102,11.4686,9.69239,8.80429,7.91619,7.02809,6.13999,5.51832,5.25189,4.36378,3.47568,2.58758,0.0472172,0.0309318,12.7855,9.01788,0.283896,0.758001,11.1949,9.3913,8.48951,7.58772,6.68594,5.78415,5.1529,4.88236,3.98057,3.07878,2.177,18.2901,True,527,2259.58,N-L1-518-540
1082,CG6-0640,2026-01-24,1,528,field,CG6-0640|2026-01-24|L1|S528,2026-01-24 08:04:17,2026-01-24 08:04:17,2026-01-24 08:04:17.000,1,1,3370.21,,,0.0043,24.7636,34.8301,315.2,0,,,True,SINGLE_READING;,9,day9,MATCHED,D9:wor:528,528,528,results.zip/day9.xlsx,workbook,7.28637,259.405,527,True,24.7636,34.8301,319.188,,0,319.188,0.15,12.3542,306.834,307.73,-0.896395,10780.4,34047.4,False,3407,0.00803601,INTERPOLATED,1071,1095,-36.7906,0.00911413,0,True,1,-36.7906,206.945,-1.59264,63.8762,28.6782,8.6772,11.3238,9.58835,8.72063,7.85291,6.98519,6.11747,5.51006,5.24975,4.38203,3.51431,2.64659,0.0471787,0.030873,12.5974,8.82985,0.268101,0.715829,11.0185,9.2525,8.36952,7.48653,6.60355,5.72056,5.10247,4.83758,3.95459,3.07161,2.18862,18.1089,True,528,2523.7,N-L1-518-540
1083,CG6-0640,2026-01-24,1,529,field,CG6-0640|2026-01-24|L1|S529,2026-01-24 08:08:40,2026-01-24 08:08:40,2026-01-24 08:08:40.000,1,1,3371.18,,,0.0031,24.7633,34.8327,305.4,0,,,True,SINGLE_READING;,9,day9,MATCHED,D9:wor:529,529,529,results.zip/day9.xlsx,workbook,9.08512,268.631,528,True,24.7632,34.8328,314.377,,0,314.377,0.15,12.3451,302.032,302.873,-0.841267,10529.2,34049.5,False,3407,0.00803444,INTERPOLATED,1071,1095,-35.8181,0.00861175,0,True,1,-35.8181,202.143,-1.61768,62.3941,28.1936,8.47586,11.2419,9.54674,8.69916,7.85157,7.00399,6.1564,5.56309,5.30882,4.46123,3.61365,2.76606,0.0470842,0.0307284,12.3837,8.61615,0.280466,0.748844,10.9613,9.2381,8.37649,7.51487,6.65326,5.79165,5.18852,4.93003,4.06842,3.2068,2.34519,17.8782,True,529,2797.21,N-L1-518-540
1084,CG6-0640,2026-01-24,1,530,field,CG6-0640|2026-01-24|L1|S530,2026-01-24 08:15:05,2026-01-24 08:15:05,2026-01-24 08:15:05.000,1,1,3372.13,,,0.0032,24.7599,34.8363,303,0,,,True,SINGLE_READING;,9,day9,MATCHED,D9:wor:530,530,530,results.zip/day9.xlsx,workbook,4.04286,234.344,531,True,24.7599,34.8363,308.088,,0,308.088,0.15,12.332,295.756,295.443,0.31322,10278.9,34371,False,3407,0.00803326,INTERPOLATED,1071,1095,-34.8674,0.00864715,0,True,1,-34.8674,195.867,-1.84134,60.457,27.4309,8.2127,11.0055,9.36298,8.54171,7.72044,6.89917,6.0779,5.50301,5.25663,4.43536,3.61409,2.79282,0.0470907,0.0307384,12.1414,8.37381,0.259649,0.693263,10.6833,9.00854,8.17116,7.33378,6.4964,5.65902,5.07285,4.82164,3.98426,3.14688,2.30949,17.7083,True,530,3304.94,N-L1-518-540
1085,CG6-0640,2026-01-24,1,531,field,CG6-0640|2026-01-24|L1|S531,2026-01-24 08:24:23,2026-01-24 08:24:23,2026-01-24 08:24:23.000,1,1,3371.53,,,0.0026,24.7581,34.8373,313.7,0,,,True,SINGLE_READING;,9,day9,MATCHED,D9:wor:531,531,531,results.zip/day9.xlsx,workbook,3.8023,232.782,530,True,24.758,34.8373,311.358,,0,311.358,0.15,12.3283,299.03,299.68,-0.650138,10244.7,34564.8,False,3407,0.00803388,INTERPOLATED,1071,1095,-35.4679,0.00844413,0,True,1,-35.4679,199.141,-1.97183,61.4674,27.9714,8.34997,11.2715,9.60147,8.76647,7.93147,7.09647,6.26148,5.67698,5.42648,4.59148,3.75649,2.92149,0.0470539,0.0306819,12.2745,8.50692,0.263811,0.704375,10.9576,9.25618,8.40549,7.5548,6.70411,5.85342,5.25793,5.00273,4.15203,3.30134,2.45065,17.7064,True,531,3541.26,N-L1-518-540
1086,CG6-0640,2026-01-24,1,532,field,CG6-0640|2026-01-24|L1|S532,2026-01-24 08:28:03,2026-01-24 08:28:03,2026-01-24 08:28:03.000,1,1,3370.52,,,0.0052,24.7565,34.8389,319.2,0,,,True,SINGLE_READING;,9,day9,MATCHED,D9:wor:532,532,532,results.zip/day9.xlsx,workbook,4.89026,232.19,531,True,24.7565,34.8389,315.882,,0,315.882,0.15,12.3224,303.56,304.127,-0.567375,10146.4,34715.8,False,3407,0.00803489,INTERPOLATED,1071,1095,-36.4775,0.00957076,0,True,1,-36.4775,203.671,-2.07768,62.8656,28.4658,8.53991,11.386,9.67801,8.82402,7.97003,7.11603,6.26204,5.66425,5.40805,4.55406,3.70007,2.84608,0.0472691,0.0310109,12.4884,8.72082,0.239846,0.640388,11.0242,9.28,8.40792,7.53584,6.66376,5.79167,5.18122,4.91959,4.04751,3.17543,2.30335,17.6414,True,532,3775.56,N-L1-518-540
1087,CG6-0640,2026-01-24,1,533,field,CG6-0640|2026-01-24|L1|S533,2026-01-24 08:31:50,2026-01-24 08:31:50,2026-01-24 08:31:50.000,1,1,3369.08,,,0.0031,24.7546,34.8402,323.3,0,,,True,SINGLE_READING;,9,day9,MATCHED,D9:wor:533,533,533,results.zip/day9.xlsx,workbook,1.51444,247.665,532,True,24.7546,34.8402,322.167,,0,322.167,0.15,12.3177,309.849,312.162,-2.31254,10095.7,34913.1,False,3407,0.00803639,INTERPOLATED,1071,1095,-37.9228,0.00861356,0,True,1,-37.9228,209.96,-2.20734,64.8069,29.0914,8.80364,11.4841,9.7234,8.84304,7.96267,7.08231,6.20194,5.58569,5.32158,4.44122,3.56085,2.68049,0.0470846,0.030729,12.77,9.00244,0.221957,0.592626,11.0865,9.28604,8.3858,7.48555,6.58531,5.68507,5.05489,4.78482,3.88458,2.98433,2.08409,17.6208,True,533,4024.23,N-L1-518-540
1088,CG6-0640,2026-01-24,1,534,field,CG6-0640|2026-01-24|L1|S534,2026-01-24 08:36:34,2026-01-24 08:36:34,2026-01-24 08:36:34.000,1,1,3368.73,,,0.0046,24.7522,34.8417,325.7,0,,,True,SINGLE_READING;,9,day9,MATCHED,D9:wor:534,534,534,results.zip/day9.xlsx,workbook,4.70628,195.663,535,True,24.7521,34.8417,323.013,,0,323.013,0.15,12.3125,310.7,310.855,-0.155044,10056.4,35168.1,False,3407,0.0080389,INTERPOLATED,1071,1095,-38.2745,0.00926196,0,True,1,-38.2745,210.812,-2.37689,65.0696,29.172,8.83933,11.4933,9.72545,8.84151,7.95758,7.07365,6.18972,5.57096,5.30578,4.42185,3.53792,2.65398,0.0472075,0.030917,12.8342,9.06664,0.19344,0.516485,11.0387,9.22535,8.31868,7.41202,6.50536,5.59869,4.96403,4.69203,3.78536,2.8787,1.97203,17.622,True,534,4336.2,N-L1-518-540
1089,CG6-0640,2026-01-24,1,535,field,CG6-0640|2026-01-24|L1|S535,2026-01-24 08:40:25,2026-01-24 08:40:25,2026-01-24 08:40:25.000,1,1,3366.27,,,0.0045,24.7505,34.8421,327.5,0,,,True,SINGLE_READING;,9,day9,MATCHED,D9:wor:535,535,535,results.zip/day9.xlsx,workbook,6.73739,186.508,534,True,24.7504,34.8421,335.125,,0,335.125,0.15,12.3114,322.814,321.825,0.988116,10098.3,35350.4,False,3407,0.00804147,INTERPOLATED,1071,1095,-40.7313,0.00921495,0,True,1,-40.7313,222.925,-2.49299,68.8083,30.5699,9.34723,11.8755,10.006,9.0713,8.13658,7.20186,6.26713,5.61283,5.33241,4.39769,3.46297,2.52824,0.0471983,0.0309029,13.3571,9.58952,0.178465,0.476501,11.3909,9.47298,8.51403,7.55508,6.59613,5.63717,4.96591,4.67822,3.71927,2.76032,1.80137,17.6785,True,535,4528.69,N-L1-518-540
1090,CG6-0640,2026-01-24,1,536,field,CG6-0640|2026-01-24|L1|S536,2026-01-24 08:44:22,2026-01-24 08:44:22,2026-01-24 08:44:22.000,1,1,3367.7,,,0.0048,24.7476,34.8431,326,0,,,True,SINGLE_READING;,9,day9,MATCHED,D9:wor:536,536,536,results.zip/day9.xlsx,workbook,7.95348,330.173,535,True,24.7475,34.8431,325.383,,0,325.383,0.15,12.3071,313.076,313.305,-0.229271,10134.3,35657.6,False,3407,0.00804461,INTERPOLATED,1071,1095,-39.3036,0.0093678,0,True,1,-39.3036,213.187,-2.69177,65.8028,29.1909,8.93893,11.3131,9.52528,8.63138,7.73749,6.8436,5.9497,5.32398,5.05581,4.16192,3.26803,2.37413,0.0472284,0.0309488,12.9376,9.17,0.189683,0.506453,10.8509,9.01691,8.09991,7.18291,6.26591,5.34891,4.70701,4.43191,3.51491,2.59791,1.68091,17.7525,True,536,4866.41,N-L1-518-540
1092,CG6-0640,2026-01-24,1,538,field,CG6-0640|2026-01-24|L1|S538,2026-01-24 08:52:33,2026-01-24 08:52:33,2026-01-24 08:52:33.000,1,1,3367.3,,,0.0067,24.7432,34.8467,328.7,0,,STDDEV_GT_0.050,True,SINGLE_READING;,9,day9,MATCHED,D9:wor:538,538,538,results.zip/day9.xlsx,workbook,3.97804,183.578,539,True,24.7432,34.8467,320.513,,0,320.513,0.15,12.2922,308.221,308.235,-0.0142857,10031.3,36111.2,False,3407,0.00805268,INTERPOLATED,1071,1095,-39.7042,0.0104755,0,True,1,-39.7042,208.332,-2.99063,64.3043,27.5907,8.73535,10.12,8.37293,7.4994,6.62586,5.75233,4.87879,4.26732,4.00526,3.13172,2.25819,1.38465,0.0474605,0.0313019,12.7001,8.93247,0.223637,0.59711,9.72576,7.93927,7.04602,6.15277,5.25953,4.36628,3.74101,3.47303,2.57978,1.68654,0.79329,17.6968,True,538,5472.33,N-L1-518-540
1093,CG6-0640,2026-01-24,1,539,field,CG6-0640|2026-01-24|L1|S539,2026-01-24 08:57:04,2026-01-24 08:57:04,2026-01-24 08:57:04.000,1,1,3367.08,,,0.0049,24.742,34.8479,314.9,0,,,True,SINGLE_READING;,9,day9,MATCHED,D9:wor:539,539,539,results.zip/day9.xlsx,workbook,8.19648,177.65,538,True,24.742,34.8479,319.658,,0,319.658,0.15,12.2873,307.371,308.34,-0.969029,9990.32,36231.3,False,3407,0.00805806,INTERPOLATED,1071,1095,-39.9158,0.00943092,0,True,1,-39.9158,207.482,-3.07458,64.0419,27.2007,8.69971,9.80126,8.06132,7.19135,6.32138,5.45141,4.58144,3.97246,3.71147,2.8415,1.97153,1.10156,0.0472409,0.030968,12.6953,8.92774,0.192726,0.514579,9.3452,7.55966,6.66688,5.77411,4.88133,3.98856,3.36362,3.09579,2.20301,1.31024,0.417464,17.6678,True,539,5655.56,N-L1-518-540
1094,CG6-0640,2026-01-24,1,540,field,CG6-0640|2026-01-24|L1|S540,2026-01-24 09:01:43,2026-01-24 09:01:43,2026-01-24 09:01:43.000,1,1,3369.07,,,0.0076,24.7445,34.8499,294.6,0,,STDDEV_GT_0.050,True,SINGLE_READING;,9,day9,MATCHED,D9:wor:540,540,540,results.zip/day9.xlsx,workbook,9.9297,88.3756,557,True,24.7444,34.8499,313.804,,0,313.804,0.15,12.2801,301.524,301.476,0.0480819,9685.77,35943,False,3407,0.00806426,INTERPOLATED,1071,1095,-37.9344,0.0110812,0,True,1,-37.9344,201.635,-2.90669,62.2373,27.2096,8.45455,10.3005,8.6096,7.76414,6.91869,6.07323,5.22778,4.63596,4.38232,3.53687,2.69141,1.84595,0.0475979,0.0315098,12.4298,8.66221,0.2131,0.568977,9.88519,8.15275,7.28653,6.42031,5.55409,4.68787,4.08151,3.82165,2.95543,2.0892,1.22298,17.3532,True,540,5992.27,N-L1-518-540
1096,CG6-0640,2026-01-24,1,541,field,CG6-0640|2026-01-24|L1|S541,2026-01-24 11:04:20,2026-01-24 11:04:20,2026-01-24 11:04:20.000,1,1,3383.66,,,0.0053,24.761,34.8588,249.8,0,,,True,SINGLE_READING;,9,day9,MATCHED,D9:kml:541,541,541,results.zip/day9.kml,kml_only,11.4797,295.645,542,True,24.7609,34.8587,260.108,,0,260.108,0.15,12.2421,247.865,247.661,0.204264,8094.3,34051.9,False,3407,0.00815941,INTERPOLATED,1095,1115,-23.3381,0.00972965,0,True,1,-23.3381,147.976,-1.77507,45.6754,24.1124,6.20465,11.7031,10.4621,9.84168,9.22121,8.60075,7.98028,7.54596,7.35982,6.73935,6.11889,5.49842,0.0473015,0.0310603,10.1327,6.36515,0.260258,0.694888,11.3821,10.109,9.47253,8.83602,8.1995,7.56299,7.11742,6.92647,6.28995,5.65344,5.01692,15.644,True,541,0,N-L1-541-557
1097,CG6-0640,2026-01-24,1,542,field,CG6-0640|2026-01-24|L1|S542,2026-01-24 11:10:16,2026-01-24 11:10:16,2026-01-24 11:10:16.000,1,1,3382.11,,,0.0041,24.7585,34.8599,246.1,0,,,True,SINGLE_READING;,9,day9,MATCHED,D9:kml:542,542,542,results.zip/day9.kml,kml_only,4.69221,284.931,543,True,24.7585,34.8599,266.358,,0,266.358,0.15,12.2386,254.12,254.234,-0.114327,8090.26,34321.4,False,3407,0.00815422,INTERPOLATED,1095,1115,-24.888,0.00912695,0,True,1,-24.888,154.231,-1.93747,47.6059,24.6554,6.4669,11.7216,10.4282,9.78155,9.13486,8.48817,7.84148,7.3888,7.19479,6.5481,5.90141,5.25472,0.0471812,0.0308768,10.3488,6.58125,0.306405,0.818102,11.4929,10.1767,9.51854,8.86042,8.20229,7.54417,7.08348,6.88604,6.22792,5.56979,4.91167,15.6752,True,542,286.254,N-L1-541-557
1098,CG6-0640,2026-01-24,1,543,field,CG6-0640|2026-01-24|L1|S543,2026-01-24 11:14:13,2026-01-24 11:14:13,2026-01-24 11:14:13.000,1,1,3381.35,,,0.0052,24.7566,34.8616,263.6,0,,,True,SINGLE_READING;,9,day9,MATCHED,D9:kml:543,543,543,results.zip/day9.kml,kml_only,14.4444,209.089,546,True,24.7565,34.8616,267.765,,0,267.765,0.15,12.2326,255.533,258.223,-2.69049,8020.85,34527.1,False,3407,0.00815151,INTERPOLATED,1095,1115,-25.651,0.00966887,0,True,1,-25.651,155.644,-2.07986,48.042,24.4708,6.52614,11.4186,10.1133,9.46072,8.80811,8.15549,7.50288,7.04605,6.85026,6.19765,5.54504,4.89242,0.047289,0.0310413,10.4733,6.7057,0.241198,0.644,11.0594,9.71831,9.04774,8.37717,7.7066,7.03603,6.56663,6.36546,5.69489,5.02432,4.35375,15.6424,True,543,575.24,N-L1-541-557
1099,CG6-0640,2026-01-24,1,544,field,CG6-0640|2026-01-24|L1|S544,2026-01-24 11:18:38,2026-01-24 11:18:38,2026-01-24 11:18:38.000,1,1,3380.75,,,0.0058,24.7558,34.8635,258.8,0,,,True,SINGLE_READING;,9,day9,MATCHED,D9:kml:544,544,544,results.zip/day9.kml,kml_only,7.9797,79.5934,546,True,24.7557,34.8634,270.436,,0,270.436,0.15,12.2256,258.21,260.188,-1.97741,7888.59,34609.9,False,3407,0.0081492,INTERPOLATED,1095,1115,-26.2428,0.0100025,0,True,1,-26.2428,158.321,-2.13203,48.8685,24.7577,6.63841,11.4808,10.1532,9.48932,8.82548,8.16164,7.4978,7.03311,6.83396,6.17012,5.50628,4.84244,0.0473584,0.0311468,10.6513,6.88372,0.175449,0.468449,10.9902,9.61349,8.92512,8.23674,7.54837,6.86,6.37814,6.17163,5.48326,4.79488,4.10651,15.5258,True,544,781.491,N-L1-541-557
1100,CG6-0640,2026-01-24,1,545,field,CG6-0640|2026-01-24|L1|S545,2026-01-24 11:22:39,2026-01-24 11:22:39,2026-01-24 11:22:39.000,1,1,3379.48,,,0.0057,24.7554,34.8647,263.7,0,,,True,SINGLE_READING;,9,day9,MATCHED,D9:kml:545,545,545,results.zip/day9.kml,kml_only,0.837598,132.526,544,True,24.7554,34.8647,277.668,,0,277.668,0.15,12.2206,265.448,266.809,-1.36186,7790.31,34641.3,False,3407,0.00814776,INTERPOLATED,1095,1115,-27.5146,0.00994364,0,True,1,-27.5146,165.559,-2.14946,51.1023,25.7372,6.94188,11.8534,10.465,9.77084,9.07666,8.38247,7.68828,7.20235,6.99409,6.29991,5.60572,4.91153,0.047346,0.031128,10.9912,7.22357,0.139065,0.371304,11.29,9.84531,9.12295,8.4006,7.67824,6.95588,6.45023,6.23353,5.51117,4.78881,4.06646,15.4314,True,545,913.241,N-L1-541-557
1101,CG6-0640,2026-01-24,1,546,field,CG6-0640|2026-01-24|L1|S546,2026-01-24 11:27:28,2026-01-24 11:27:28,2026-01-24 11:27:28.000,1,1,3380.39,,,0.0077,24.7552,34.863,266.7,0,,STDDEV_GT_0.050,True,SINGLE_READING;,9,day9,MATCHED,D9:kml:546,546,546,results.zip/day9.kml,kml_only,2.73609,70.6517,544,True,24.7552,34.863,270.308,,0,270.308,0.15,12.2276,258.081,260.66,-2.57936,7959.05,34672.4,False,3407,0.00814686,INTERPOLATED,1095,1115,-26.6042,0.0112099,0,True,1,-26.6042,158.192,-2.16624,48.8285,24.3905,6.63298,11.1245,9.79793,9.13463,8.47133,7.80804,7.14474,6.68043,6.48144,5.81814,5.15484,4.49154,0.047628,0.0315553,10.638,6.87044,0.183301,0.489413,10.6496,9.27553,8.58848,7.90144,7.2144,6.52735,6.04642,5.84031,5.15326,4.46622,3.77918,15.5945,True,546,1090.58,N-L1-541-557
1102,CG6-0640,2026-01-24,1,547,field,CG6-0640|2026-01-24|L1|S547,2026-01-24 11:31:09,2026-01-24 11:31:09,2026-01-24 11:31:09.000,1,1,3379.78,,,0.0063,24.7543,34.861,276.5,0,,,True,SINGLE_READING;,9,day9,MATCHED,D9:kml:547,547,547,results.zip/day9.kml,kml_only,4.11846,185.315,548,True,24.7542,34.861,270.565,,0,270.565,0.15,12.2358,258.329,262.971,-4.6419,8184.12,34789.4,False,3407,0.00814678,INTERPOLATED,1095,1115,-27.2193,0.0102985,0,True,1,-27.2193,158.44,-2.2339,48.9052,23.9198,6.6434,10.633,9.30428,8.63994,7.9756,7.31126,6.64692,6.18188,5.98258,5.31824,4.6539,3.98956,0.0474218,0.0312432,10.5686,6.80097,0.263183,0.702699,10.3178,8.95762,8.27752,7.59742,6.91733,6.23723,5.76116,5.55713,4.87703,4.19694,3.51684,15.8207,True,547,1317.07,N-L1-541-557
1103,CG6-0640,2026-01-24,1,548,field,CG6-0640|2026-01-24|L1|S548,2026-01-24 11:34:38,2026-01-24 11:34:38,2026-01-24 11:34:38.000,1,1,3378.68,,,0.005,24.7527,34.8606,277.1,0,,,True,SINGLE_READING;,9,day9,MATCHED,D9:wor:548,548,548,results.zip/day9.xlsx,workbook,13.3673,169.593,547,True,24.7526,34.8606,276.81,,0,276.81,0.15,12.2379,264.572,265.955,-1.38285,8297.59,34959.6,False,3407,0.00814719,INTERPOLATED,1095,1115,-28.3216,0.00955911,0,True,1,-28.3216,164.683,-2.34321,50.8321,24.8536,6.90516,11.0433,9.66228,8.97176,8.28124,7.59073,6.90021,6.41685,6.20969,5.51918,4.82866,4.13814,0.0472667,0.0310073,10.8348,7.06722,0.258702,0.690733,10.7192,9.30575,8.59903,7.89231,7.18559,6.47887,5.98416,5.77214,5.06542,4.3587,3.65198,15.9472,True,548,1498.34,N-L1-541-557
1104,CG6-0640,2026-01-24,1,549,field,CG6-0640|2026-01-24|L1|S549,2026-01-24 11:48:40,2026-01-24 11:48:40,2026-01-24 11:48:40.000,1,1,3378.25,,,0.0076,24.7531,34.8589,274.4,0,,STDDEV_GT_0.050,True,SINGLE_READING;,9,day9,MATCHED,D9:kml:549,549,549,results.zip/day9.kml,kml_only,4.79593,184.974,548,True,24.7531,34.8589,284.997,,0,284.997,0.15,12.2447,272.752,269.935,2.8173,8433.84,34927.5,False,3407,0.00815361,INTERPOLATED,1095,1115,-28.7516,0.0111464,0,True,1,-28.7516,172.863,-2.31249,53.3569,26.9179,7.24816,12.4215,10.9719,10.2471,9.52227,8.79746,8.07264,7.56527,7.34782,6.62301,5.89819,5.17337,0.0476131,0.0315328,11.232,7.46442,0.204501,0.546018,11.989,10.4961,9.7497,9.00326,8.25682,7.51037,6.98787,6.76393,6.01749,5.27105,4.52461,16.0729,True,549,1684.31,N-L1-541-557
1106,CG6-0640,2026-01-24,1,551,field,CG6-0640|2026-01-24|L1|S551,2026-01-24 12:09:14,2026-01-24 12:09:14,2026-01-24 12:09:14.000,1,1,3375.7,,,0.0054,24.7507,34.8578,298.9,0,,,True,SINGLE_READING;,9,day9,MATCHED,D9:kml:551,551,551,results.zip/day9.kml,kml_only,11.3198,220.798,552,True,24.7506,34.8577,290.292,,0,290.292,0.15,12.2501,278.042,278.967,-0.925022,8652.87,35197.3,False,3407,0.00817679,INTERPOLATED,1095,1115,-31.2989,0.00979897,0,True,1,-31.2989,178.153,-2.47931,54.9896,26.17,7.46996,11.23,9.73604,8.98905,8.24205,7.49506,6.74806,6.22516,6.00107,5.25407,4.50707,3.76008,0.0473158,0.0310821,11.4508,7.68321,0.207502,0.554029,10.8035,9.26688,8.49856,7.73024,6.96192,6.1936,5.65577,5.42528,4.65696,3.88863,3.12031,16.3124,True,551,1977.47,N-L1-541-557
1107,CG6-0640,2026-01-24,1,552,field,CG6-0640|2026-01-24|L1|S552,2026-01-24 12:14:11,2026-01-24 12:14:11,2026-01-24 12:14:11.000,1,1,3374.65,,,0.0046,24.7503,34.8557,293.5,0,,,True,SINGLE_READING;,9,day9,MATCHED,D9:wor:552,552,552,results.zip/day9.xlsx,workbook,8.12235,212.016,551,True,24.7502,34.8557,293.256,,0,293.256,0.15,12.2583,280.998,283.118,-2.12024,8865.4,35262.3,False,3407,0.0081848,INTERPOLATED,1095,1115,-32.3483,0.00938887,0,True,1,-32.3483,181.109,-2.51022,55.9019,26.0638,7.59389,10.876,9.35727,8.59788,7.83849,7.0791,6.31971,5.78814,5.56033,4.80094,4.04155,3.28216,0.0472326,0.0309552,11.514,7.74639,0.268258,0.716248,10.571,9.02177,8.24713,7.47249,6.69786,5.92322,5.38097,5.14858,4.37394,3.5993,2.82466,16.5151,True,552,2191.33,N-L1-541-557
1108,CG6-0640,2026-01-24,1,553,field,CG6-0640|2026-01-24|L1|S553,2026-01-24 12:19:33,2026-01-24 12:19:33,2026-01-24 12:19:33.000,1,1,3373.39,,,0.0078,24.7485,34.8548,283.9,0,,STDDEV_GT_0.050,True,SINGLE_READING;,9,day9,MATCHED,D9:kml:553,553,553,results.zip/day9.kml,kml_only,9.20562,208.05,552,True,24.7484,34.8548,297.136,,0,297.136,0.15,12.2616,284.875,287.52,-2.64547,9036.06,35463.4,False,3407,0.00819454,INTERPOLATED,1095,1115,-33.6099,0.0113133,0,True,1,-33.6099,184.986,-2.63166,57.0985,26.1202,7.75644,10.6073,9.05605,8.2804,7.50476,6.72911,5.95347,5.41052,5.17782,4.40218,3.62654,2.85089,0.0476524,0.0315922,11.6922,7.92464,0.252564,0.674346,10.2709,8.68602,7.89356,7.10109,6.30863,5.51617,4.96144,4.7237,3.93124,3.13878,2.34631,16.6956,True,553,2407.42,N-L1-541-557
1109,CG6-0640,2026-01-24,1,554,field,CG6-0640|2026-01-24|L1|S554,2026-01-24 12:25:55,2026-01-24 12:25:55,2026-01-24 12:25:55.000,1,1,3372.15,,,0.0055,24.7467,34.8537,288.5,0,,,True,SINGLE_READING;,9,day9,MATCHED,D9:kml:554,554,554,results.zip/day9.kml,kml_only,11.8314,216.558,553,True,24.7466,34.8538,302.086,,0,302.086,0.15,12.2654,289.821,291.757,-1.93609,9224.59,35666.7,False,3407,0.00820753,INTERPOLATED,1095,1115,-34.8509,0.00987996,0,True,1,-34.8509,189.932,-2.75428,58.6252,26.5285,7.96385,10.6008,9.00805,8.21167,7.41528,6.6189,5.82251,5.26504,5.02613,4.22974,3.43336,2.63697,0.0473326,0.0311077,11.9144,8.14683,0.237773,0.634854,10.2349,8.60549,7.79081,6.97612,6.16144,5.34676,4.77648,4.53207,3.71739,2.90271,2.08802,16.8912,True,554,2632.12,N-L1-541-557
1110,CG6-0640,2026-01-24,1,555,field,CG6-0640|2026-01-24|L1|S555,2026-01-24 12:31:06,2026-01-24 12:31:06,2026-01-24 12:31:06.000,1,1,3370.99,,,0.005,24.7448,34.854,288.1,0,,,True,SINGLE_READING;,9,day9,MATCHED,D9:wor:555,555,555,results.zip/day9.xlsx,workbook,10.0885,204.446,554,True,24.7447,34.854,305.234,,0,305.234,0.15,12.2643,292.97,294.739,-1.76912,9309.47,35879.3,False,3407,0.00821925,INTERPOLATED,1095,1115,-36.0063,0.0096206,0,True,1,-36.0063,193.081,-2.88584,59.5971,26.4766,8.09588,10.2848,8.66566,7.85608,7.04649,6.2369,5.42731,4.8606,4.61773,3.80814,2.99855,2.18896,0.0472792,0.0310263,12.0547,8.28713,0.229501,0.612769,9.90233,8.2449,7.41619,6.58748,5.75876,4.93005,4.34995,4.10134,3.27262,2.44391,1.6152,16.9887,True,555,2846.53,N-L1-541-557
1111,CG6-0640,2026-01-24,1,556,field,CG6-0640|2026-01-24|L1|S556,2026-01-24 12:36:59,2026-01-24 12:36:59,2026-01-24 12:36:59.000,1,1,3369.83,,,0.0038,24.7443,34.8517,296.1,0,,,True,SINGLE_READING;,9,day9,MATCHED,D9:wor:556,556,556,results.zip/day9.xlsx,workbook,11.8085,186.881,540,True,24.7442,34.8518,310.106,,0,310.106,0.15,12.2728,297.833,298.381,-0.54809,9529.73,35946.7,False,3407,0.00823377,INTERPOLATED,1095,1115,-37.1639,0.00906835,0,True,1,-37.1639,197.944,-2.91903,61.0982,26.8532,8.2998,10.2536,8.59367,7.76369,6.93371,6.10373,5.27375,4.69277,4.44377,3.61379,2.78381,1.95383,0.0471699,0.0308595,12.2743,8.50676,0.213798,0.570842,9.83972,8.13836,7.28769,6.43701,5.58634,4.73566,4.14019,3.88498,3.03431,2.18363,1.33296,17.2058,True,556,3077.47,N-L1-541-557
1112,CG6-0640,2026-01-24,1,557,field,CG6-0640|2026-01-24|L1|S557,2026-01-24 12:43:34,2026-01-24 12:43:34,2026-01-24 12:43:34.000,1,1,3368.62,,,0.0049,24.744,34.8492,299.7,0,,,True,SINGLE_READING;,9,day9,MATCHED,D9:kml:557,557,557,results.zip/day9.kml,kml_only,3.86448,82.62,540,True,24.7439,34.8492,315.141,,0,315.141,0.15,12.2826,302.859,302.722,0.13657,9770.31,36006.1,False,3407,0.00825157,INTERPOLATED,1095,1115,-38.3776,0.00959679,0,True,1,-38.3776,202.97,-2.93896,62.6492,27.2106,8.51052,10.1895,8.48744,7.63639,6.78534,5.93429,5.08324,4.4875,4.23219,3.38113,2.53008,1.67903,0.0472743,0.0310189,12.4995,8.73191,0.199362,0.532298,9.74676,8.00038,7.12719,6.25399,5.3808,4.50761,3.89638,3.63442,2.76123,1.88804,1.01485,17.4366,True,557,3333.91,N-L1-541-557
