rho,corr_detrended,rms_detrended_mgal,roughness_2nd_diff_mgal,profile_id
1.8,0.0499683,1.5533,0.39589,N-L1-1-148
1.81,0.0495625,1.55327,0.395735,N-L1-1-148
1.82,0.0491567,1.55324,0.39558,N-L1-1-148
1.83,0.0487508,1.55321,0.395425,N-L1-1-148
1.84,0.0483449,1.55317,0.395271,N-L1-1-148
1.85,0.047939,1.55314,0.395116,N-L1-1-148
1.86,0.0475331,1.55311,0.394963,N-L1-1-148
1.87,0.0471271,1.55308,0.394809,N-L1-1-148
1.88,0.0467212,1.55305,0.394656,N-L1-1-148
1.89,0.0463152,1.55303,0.394503,N-L1-1-148
1.9,0.0459091,1.553,0.394351,N-L1-1-148
1.91,0.0455031,1.55297,0.394199,N-L1-1-148
1.92,0.045097,1.55294,0.394047,N-L1-1-148
1.93,0.0446909,1.55291,0.393895,N-L1-1-148
1.94,0.0442848,1.55288,0.393744,N-L1-1-148
1.95,0.0438787,1.55285,0.393593,N-L1-1-148
1.96,0.0434725,1.55283,0.393442,N-L1-1-148
1.97,0.0430664,1.5528,0.393292,N-L1-1-148
1.98,0.0426602,1.55277,0.393142,N-L1-1-148
1.99,0.0422539,1.55275,0.392993,N-L1-1-148
2,0.0418477,1.55272,0.392843,N-L1-1-148
2.01,0.0414414,1.55269,0.392694,N-L1-1-148
2.02,0.0410351,1.55267,0.392546,N-L1-1-148
2.03,0.0406288,1.55264,0.392397,N-L1-1-148
2.04,0.0402225,1.55262,0.392249,N-L1-1-148
2.05,0.0398162,1.55259,0.392101,N-L1-1-148
2.06,0.0394098,1.55256,0.391954,N-L1-1-148
2.07,0.0390034,1.55254,0.391807,N-L1-1-148
2.08,0.038597,1.55252,0.39166,N-L1-1-148
2.09,0.0381906,1.55249,0.391514,N-L1-1-148
2.1,0.0377842,1.55247,0.391368,N-L1-1-148
2.11,0.0373777,1.55244,0.391222,N-L1-1-148
2.12,0.0369712,1.55242,0.391076,N-L1-1-148
2.13,0.0365647,1.5524,0.390931,N-L1-1-148
2.14,0.0361582,1.55237,0.390786,N-L1-1-148
2.15,0.0357517,1.55235,0.390642,N-L1-1-148
2.16,0.0353451,1.55233,0.390498,N-L1-1-148
2.17,0.0349386,1.55231,0.390354,N-L1-1-148
2.18,0.034532,1.55228,0.39021,N-L1-1-148
2.19,0.0341254,1.55226,0.390067,N-L1-1-148
2.2,0.0337188,1.55224,0.389924,N-L1-1-148
2.21,0.0333121,1.55222,0.389782,N-L1-1-148
2.22,0.0329055,1.5522,0.38964,N-L1-1-148
2.23,0.0324988,1.55218,0.389498,N-L1-1-148
2.24,0.0320921,1.55216,0.389356,N-L1-1-148
2.25,0.0316854,1.55214,0.389215,N-L1-1-148
2.26,0.0312787,1.55212,0.389074,N-L1-1-148
2.27,0.030872,1.5521,0.388934,N-L1-1-148
2.28,0.0304652,1.55208,0.388793,N-L1-1-148
2.29,0.0300585,1.55206,0.388653,N-L1-1-148
2.3,0.0296517,1.55204,0.388514,N-L1-1-148
2.31,0.0292449,1.55202,0.388375,N-L1-1-148
2.32,0.0288381,1.552,0.388236,N-L1-1-148
2.33,0.0284313,1.55199,0.388097,N-L1-1-148
2.34,0.0280245,1.55197,0.387959,N-L1-1-148
2.35,0.0276176,1.55195,0.387821,N-L1-1-148
2.36,0.0272107,1.55193,0.387683,N-L1-1-148
2.37,0.0268039,1.55192,0.387546,N-L1-1-148
2.38,0.026397,1.5519,0.387409,N-L1-1-148
2.39,0.0259901,1.55188,0.387273,N-L1-1-148
2.4,0.0255832,1.55187,0.387136,N-L1-1-148
2.41,0.0251762,1.55185,0.387,N-L1-1-148
2.42,0.0247693,1.55183,0.386865,N-L1-1-148
2.43,0.0243623,1.55182,0.38673,N-L1-1-148
2.44,0.0239554,1.5518,0.386595,N-L1-1-148
2.45,0.0235484,1.55179,0.38646,N-L1-1-148
2.46,0.0231414,1.55177,0.386326,N-L1-1-148
2.47,0.0227344,1.55176,0.386192,N-L1-1-148
2.48,0.0223274,1.55175,0.386058,N-L1-1-148
2.49,0.0219204,1.55173,0.385925,N-L1-1-148
2.5,0.0215134,1.55172,0.385792,N-L1-1-148
2.51,0.0211063,1.5517,0.38566,N-L1-1-148
2.52,0.0206993,1.55169,0.385527,N-L1-1-148
2.53,0.0202922,1.55168,0.385396,N-L1-1-148
2.54,0.0198851,1.55167,0.385264,N-L1-1-148
2.55,0.019478,1.55165,0.385133,N-L1-1-148
2.56,0.0190709,1.55164,0.385002,N-L1-1-148
2.57,0.0186638,1.55163,0.384871,N-L1-1-148
2.58,0.0182567,1.55162,0.384741,N-L1-1-148
2.59,0.0178496,1.55161,0.384611,N-L1-1-148
2.6,0.0174425,1.55159,0.384482,N-L1-1-148
2.61,0.0170353,1.55158,0.384353,N-L1-1-148
2.62,0.0166282,1.55157,0.384224,N-L1-1-148
2.63,0.016221,1.55156,0.384095,N-L1-1-148
2.64,0.0158139,1.55155,0.383967,N-L1-1-148
2.65,0.0154067,1.55154,0.383839,N-L1-1-148
2.66,0.0149995,1.55153,0.383712,N-L1-1-148
2.67,0.0145923,1.55152,0.383585,N-L1-1-148
2.68,0.0141851,1.55151,0.383458,N-L1-1-148
2.69,0.0137779,1.55151,0.383332,N-L1-1-148
2.7,0.0133707,1.5515,0.383206,N-L1-1-148
2.71,0.0129635,1.55149,0.38308,N-L1-1-148
2.72,0.0125563,1.55148,0.382955,N-L1-1-148
2.73,0.0121491,1.55147,0.38283,N-L1-1-148
2.74,0.0117418,1.55147,0.382705,N-L1-1-148
2.75,0.0113346,1.55146,0.38258,N-L1-1-148
2.76,0.0109273,1.55145,0.382456,N-L1-1-148
2.77,0.0105201,1.55144,0.382333,N-L1-1-148
2.78,0.0101128,1.55144,0.382209,N-L1-1-148
2.79,0.00970557,1.55143,0.382087,N-L1-1-148
2.8,0.00929831,1.55143,0.381964,N-L1-1-148
2.81,0.00889104,1.55142,0.381842,N-L1-1-148
2.82,0.00848376,1.55141,0.38172,N-L1-1-148
2.83,0.00807648,1.55141,0.381598,N-L1-1-148
2.84,0.0076692,1.5514,0.381477,N-L1-1-148
2.85,0.00726191,1.5514,0.381356,N-L1-1-148
2.86,0.00685462,1.5514,0.381235,N-L1-1-148
2.87,0.00644733,1.55139,0.381115,N-L1-1-148
2.88,0.00604003,1.55139,0.380995,N-L1-1-148
2.89,0.00563273,1.55138,0.380876,N-L1-1-148
2.9,0.00522543,1.55138,0.380757,N-L1-1-148
2.91,0.00481812,1.55138,0.380638,N-L1-1-148
2.92,0.00441082,1.55137,0.38052,N-L1-1-148
2.93,0.00400351,1.55137,0.380402,N-L1-1-148
2.94,0.00359619,1.55137,0.380284,N-L1-1-148
2.95,0.00318888,1.55137,0.380167,N-L1-1-148
2.96,0.00278156,1.55136,0.38005,N-L1-1-148
2.97,0.00237425,1.55136,0.379933,N-L1-1-148
2.98,0.00196693,1.55136,0.379817,N-L1-1-148
2.99,0.00155961,1.55136,0.379701,N-L1-1-148
3,0.00115229,1.55136,0.379585,N-L1-1-148
3.01,0.000744971,1.55136,0.37947,N-L1-1-148
3.02,0.00033765,1.55136,0.379355,N-L1-1-148
3.03,-6.96707e-05,1.55136,0.37924,N-L1-1-148
3.04,-0.000476992,1.55136,0.379126,N-L1-1-148
3.05,-0.000884312,1.55136,0.379012,N-L1-1-148
3.06,-0.00129163,1.55136,0.378899,N-L1-1-148
3.07,-0.00169895,1.55136,0.378786,N-L1-1-148
3.08,-0.00210627,1.55136,0.378673,N-L1-1-148
3.09,-0.00251359,1.55136,0.378561,N-L1-1-148
3.1,-0.0029209,1.55137,0.378449,N-L1-1-148
3.11,-0.00332822,1.55137,0.378337,N-L1-1-148
3.12,-0.00373553,1.55137,0.378226,N-L1-1-148
3.13,-0.00414284,1.55137,0.378115,N-L1-1-148
3.14,-0.00455015,1.55137,0.378004,N-L1-1-148
3.15,-0.00495746,1.55138,0.377894,N-L1-1-148
3.16,-0.00536477,1.55138,0.377784,N-L1-1-148
3.17,-0.00577207,1.55138,0.377674,N-L1-1-148
3.18,-0.00617937,1.55139,0.377565,N-L1-1-148
3.19,-0.00658666,1.55139,0.377456,N-L1-1-148
3.2,-0.00699395,1.5514,0.377348,N-L1-1-148
1.8,-0.940719,1.40353,0.524458,N-L1-149-225
1.81,-0.941087,1.40777,0.52529,N-L1-149-225
1.82,-0.94145,1.412,0.526123,N-L1-149-225
1.83,-0.941811,1.41624,0.526957,N-L1-149-225
1.84,-0.942169,1.42048,0.527793,N-L1-149-225
1.85,-0.942523,1.42472,0.52863,N-L1-149-225
1.86,-0.942874,1.42896,0.529468,N-L1-149-225
1.87,-0.943222,1.43321,0.530308,N-L1-149-225
1.88,-0.943567,1.43745,0.531149,N-L1-149-225
1.89,-0.943909,1.4417,0.531991,N-L1-149-225
1.9,-0.944248,1.44595,0.532834,N-L1-149-225
1.91,-0.944584,1.4502,0.533679,N-L1-149-225
1.92,-0.944917,1.45445,0.534525,N-L1-149-225
1.93,-0.945247,1.45871,0.535372,N-L1-149-225
1.94,-0.945574,1.46296,0.536221,N-L1-149-225
1.95,-0.945898,1.46722,0.53707,N-L1-149-225
1.96,-0.94622,1.47148,0.537921,N-L1-149-225
1.97,-0.946539,1.47573,0.538774,N-L1-149-225
1.98,-0.946855,1.48,0.539627,N-L1-149-225
1.99,-0.947168,1.48426,0.540482,N-L1-149-225
2,-0.947478,1.48852,0.541338,N-L1-149-225
2.01,-0.947786,1.49279,0.542195,N-L1-149-225
2.02,-0.948092,1.49705,0.543053,N-L1-149-225
2.03,-0.948394,1.50132,0.543913,N-L1-149-225
2.04,-0.948695,1.50559,0.544774,N-L1-149-225
2.05,-0.948992,1.50986,0.545636,N-L1-149-225
2.06,-0.949287,1.51413,0.546499,N-L1-149-225
2.07,-0.94958,1.51841,0.547363,N-L1-149-225
2.08,-0.94987,1.52268,0.548229,N-L1-149-225
2.09,-0.950158,1.52696,0.549096,N-L1-149-225
2.1,-0.950443,1.53123,0.549963,N-L1-149-225
2.11,-0.950726,1.53551,0.550833,N-L1-149-225
2.12,-0.951007,1.53979,0.551703,N-L1-149-225
2.13,-0.951285,1.54407,0.552574,N-L1-149-225
2.14,-0.951561,1.54835,0.553447,N-L1-149-225
2.15,-0.951834,1.55264,0.55432,N-L1-149-225
2.16,-0.952106,1.55692,0.555195,N-L1-149-225
2.17,-0.952375,1.56121,0.556071,N-L1-149-225
2.18,-0.952642,1.56549,0.556948,N-L1-149-225
2.19,-0.952907,1.56978,0.557826,N-L1-149-225
2.2,-0.953169,1.57407,0.558705,N-L1-149-225
2.21,-0.95343,1.57836,0.559586,N-L1-149-225
2.22,-0.953688,1.58265,0.560467,N-L1-149-225
2.23,-0.953944,1.58695,0.56135,N-L1-149-225
2.24,-0.954198,1.59124,0.562234,N-L1-149-225
2.25,-0.954451,1.59554,0.563118,N-L1-149-225
2.26,-0.954701,1.59983,0.564004,N-L1-149-225
2.27,-0.954949,1.60413,0.564891,N-L1-149-225
2.28,-0.955195,1.60843,0.565779,N-L1-149-225
2.29,-0.955439,1.61273,0.566668,N-L1-149-225
2.3,-0.955681,1.61703,0.567558,N-L1-149-225
2.31,-0.955922,1.62133,0.56845,N-L1-149-225
2.32,-0.95616,1.62563,0.569342,N-L1-149-225
2.33,-0.956396,1.62994,0.570235,N-L1-149-225
2.34,-0.956631,1.63424,0.571129,N-L1-149-225
2.35,-0.956864,1.63855,0.572025,N-L1-149-225
2.36,-0.957095,1.64285,0.572921,N-L1-149-225
2.37,-0.957324,1.64716,0.573819,N-L1-149-225
2.38,-0.957551,1.65147,0.574717,N-L1-149-225
2.39,-0.957777,1.65578,0.575617,N-L1-149-225
2.4,-0.958001,1.66009,0.576517,N-L1-149-225
2.41,-0.958223,1.6644,0.577419,N-L1-149-225
2.42,-0.958443,1.66872,0.578321,N-L1-149-225
2.43,-0.958662,1.67303,0.579225,N-L1-149-225
2.44,-0.958879,1.67735,0.580129,N-L1-149-225
2.45,-0.959094,1.68166,0.581035,N-L1-149-225
2.46,-0.959308,1.68598,0.581941,N-L1-149-225
2.47,-0.95952,1.6903,0.582849,N-L1-149-225
2.48,-0.95973,1.69462,0.583757,N-L1-149-225
2.49,-0.959939,1.69894,0.584666,N-L1-149-225
2.5,-0.960146,1.70326,0.585577,N-L1-149-225
2.51,-0.960352,1.70758,0.586488,N-L1-149-225
2.52,-0.960556,1.7119,0.5874,N-L1-149-225
2.53,-0.960758,1.71623,0.588314,N-L1-149-225
2.54,-0.960959,1.72055,0.589228,N-L1-149-225
2.55,-0.961159,1.72488,0.590143,N-L1-149-225
2.56,-0.961357,1.7292,0.591059,N-L1-149-225
2.57,-0.961553,1.73353,0.591976,N-L1-149-225
2.58,-0.961749,1.73786,0.592894,N-L1-149-225
2.59,-0.961942,1.74219,0.593813,N-L1-149-225
2.6,-0.962134,1.74652,0.594733,N-L1-149-225
2.61,-0.962325,1.75085,0.595653,N-L1-149-225
2.62,-0.962514,1.75518,0.596575,N-L1-149-225
2.63,-0.962702,1.75951,0.597498,N-L1-149-225
2.64,-0.962889,1.76384,0.598421,N-L1-149-225
2.65,-0.963074,1.76818,0.599345,N-L1-149-225
2.66,-0.963258,1.77251,0.600271,N-L1-149-225
2.67,-0.96344,1.77685,0.601197,N-L1-149-225
2.68,-0.963622,1.78119,0.602124,N-L1-149-225
2.69,-0.963801,1.78552,0.603052,N-L1-149-225
2.7,-0.96398,1.78986,0.603981,N-L1-149-225
2.71,-0.964157,1.7942,0.60491,N-L1-149-225
2.72,-0.964333,1.79854,0.605841,N-L1-149-225
2.73,-0.964508,1.80288,0.606772,N-L1-149-225
2.74,-0.964681,1.80722,0.607705,N-L1-149-225
2.75,-0.964853,1.81156,0.608638,N-L1-149-225
2.76,-0.965024,1.81591,0.609572,N-L1-149-225
2.77,-0.965194,1.82025,0.610507,N-L1-149-225
2.78,-0.965363,1.8246,0.611443,N-L1-149-225
2.79,-0.96553,1.82894,0.612379,N-L1-149-225
2.8,-0.965696,1.83329,0.613316,N-L1-149-225
2.81,-0.965861,1.83763,0.614255,N-L1-149-225
2.82,-0.966025,1.84198,0.615194,N-L1-149-225
2.83,-0.966188,1.84633,0.616134,N-L1-149-225
2.84,-0.966349,1.85068,0.617074,N-L1-149-225
2.85,-0.966509,1.85503,0.618016,N-L1-149-225
2.86,-0.966669,1.85938,0.618958,N-L1-149-225
2.87,-0.966827,1.86373,0.619902,N-L1-149-225
2.88,-0.966984,1.86808,0.620846,N-L1-149-225
2.89,-0.96714,1.87243,0.62179,N-L1-149-225
2.9,-0.967294,1.87679,0.622736,N-L1-149-225
2.91,-0.967448,1.88114,0.623683,N-L1-149-225
2.92,-0.967601,1.88549,0.62463,N-L1-149-225
2.93,-0.967753,1.88985,0.625578,N-L1-149-225
2.94,-0.967903,1.89421,0.626527,N-L1-149-225
2.95,-0.968053,1.89856,0.627476,N-L1-149-225
2.96,-0.968201,1.90292,0.628427,N-L1-149-225
2.97,-0.968349,1.90728,0.629378,N-L1-149-225
2.98,-0.968495,1.91164,0.63033,N-L1-149-225
2.99,-0.968641,1.91599,0.631282,N-L1-149-225
3,-0.968785,1.92035,0.632236,N-L1-149-225
3.01,-0.968929,1.92472,0.63319,N-L1-149-225
3.02,-0.969071,1.92908,0.634145,N-L1-149-225
3.03,-0.969213,1.93344,0.635101,N-L1-149-225
3.04,-0.969354,1.9378,0.636057,N-L1-149-225
3.05,-0.969493,1.94216,0.637015,N-L1-149-225
3.06,-0.969632,1.94653,0.637973,N-L1-149-225
3.07,-0.96977,1.95089,0.638931,N-L1-149-225
3.08,-0.969907,1.95526,0.639891,N-L1-149-225
3.09,-0.970043,1.95962,0.640851,N-L1-149-225
3.1,-0.970178,1.96399,0.641812,N-L1-149-225
3.11,-0.970312,1.96836,0.642774,N-L1-149-225
3.12,-0.970445,1.97272,0.643736,N-L1-149-225
3.13,-0.970578,1.97709,0.644699,N-L1-149-225
3.14,-0.970709,1.98146,0.645663,N-L1-149-225
3.15,-0.97084,1.98583,0.646628,N-L1-149-225
3.16,-0.97097,1.9902,0.647593,N-L1-149-225
3.17,-0.971099,1.99457,0.648559,N-L1-149-225
3.18,-0.971227,1.99894,0.649526,N-L1-149-225
3.19,-0.971354,2.00331,0.650493,N-L1-149-225
3.2,-0.971481,2.00768,0.651462,N-L1-149-225
1.8,0.477995,0.365744,0.26674,N-L1-226-245
1.81,0.475989,0.365292,0.266966,N-L1-226-245
1.82,0.473976,0.364841,0.267194,N-L1-226-245
1.83,0.471955,0.364392,0.267423,N-L1-226-245
1.84,0.469927,0.363945,0.267653,N-L1-226-245
1.85,0.467891,0.3635,0.267885,N-L1-226-245
1.86,0.465847,0.363057,0.268118,N-L1-226-245
1.87,0.463797,0.362616,0.268353,N-L1-226-245
1.88,0.461738,0.362176,0.268589,N-L1-226-245
1.89,0.459673,0.361739,0.268826,N-L1-226-245
1.9,0.457599,0.361304,0.269065,N-L1-226-245
1.91,0.455519,0.36087,0.269305,N-L1-226-245
1.92,0.45343,0.360439,0.269547,N-L1-226-245
1.93,0.451335,0.36001,0.26979,N-L1-226-245
1.94,0.449232,0.359582,0.270034,N-L1-226-245
1.95,0.447121,0.359157,0.27028,N-L1-226-245
1.96,0.445003,0.358733,0.270527,N-L1-226-245
1.97,0.442877,0.358312,0.270775,N-L1-226-245
1.98,0.440744,0.357893,0.271025,N-L1-226-245
1.99,0.438603,0.357475,0.271276,N-L1-226-245
2,0.436455,0.35706,0.271528,N-L1-226-245
2.01,0.434299,0.356647,0.271782,N-L1-226-245
2.02,0.432136,0.356236,0.272037,N-L1-226-245
2.03,0.429966,0.355826,0.272294,N-L1-226-245
2.04,0.427787,0.355419,0.272552,N-L1-226-245
2.05,0.425602,0.355014,0.272811,N-L1-226-245
2.06,0.423409,0.354611,0.273071,N-L1-226-245
2.07,0.421208,0.354211,0.273333,N-L1-226-245
2.08,0.419,0.353812,0.273596,N-L1-226-245
2.09,0.416785,0.353415,0.273861,N-L1-226-245
2.1,0.414562,0.353021,0.274126,N-L1-226-245
2.11,0.412332,0.352628,0.274393,N-L1-226-245
2.12,0.410094,0.352238,0.274662,N-L1-226-245
2.13,0.407849,0.35185,0.274931,N-L1-226-245
2.14,0.405596,0.351464,0.275202,N-L1-226-245
2.15,0.403336,0.35108,0.275475,N-L1-226-245
2.16,0.401068,0.350698,0.275748,N-L1-226-245
2.17,0.398793,0.350318,0.276023,N-L1-226-245
2.18,0.396511,0.349941,0.276299,N-L1-226-245
2.19,0.394222,0.349566,0.276576,N-L1-226-245
2.2,0.391925,0.349193,0.276855,N-L1-226-245
2.21,0.38962,0.348822,0.277135,N-L1-226-245
2.22,0.387309,0.348453,0.277416,N-L1-226-245
2.23,0.38499,0.348086,0.277698,N-L1-226-245
2.24,0.382663,0.347722,0.277982,N-L1-226-245
2.25,0.38033,0.34736,0.278267,N-L1-226-245
2.26,0.377989,0.347,0.278553,N-L1-226-245
2.27,0.375641,0.346642,0.278841,N-L1-226-245
2.28,0.373285,0.346287,0.279129,N-L1-226-245
2.29,0.370922,0.345934,0.279419,N-L1-226-245
2.3,0.368553,0.345583,0.279711,N-L1-226-245
2.31,0.366175,0.345234,0.280003,N-L1-226-245
2.32,0.363791,0.344888,0.280297,N-L1-226-245
2.33,0.3614,0.344544,0.280591,N-L1-226-245
2.34,0.359001,0.344202,0.280887,N-L1-226-245
2.35,0.356595,0.343862,0.281185,N-L1-226-245
2.36,0.354182,0.343525,0.281483,N-L1-226-245
2.37,0.351762,0.34319,0.281783,N-L1-226-245
2.38,0.349335,0.342857,0.282084,N-L1-226-245
2.39,0.346901,0.342527,0.282386,N-L1-226-245
2.4,0.34446,0.342198,0.282689,N-L1-226-245
2.41,0.342012,0.341873,0.282994,N-L1-226-245
2.42,0.339557,0.341549,0.283299,N-L1-226-245
2.43,0.337095,0.341228,0.283606,N-L1-226-245
2.44,0.334626,0.340909,0.283914,N-L1-226-245
2.45,0.33215,0.340593,0.284223,N-L1-226-245
2.46,0.329667,0.340279,0.284534,N-L1-226-245
2.47,0.327177,0.339967,0.284845,N-L1-226-245
2.48,0.324681,0.339658,0.285158,N-L1-226-245
2.49,0.322178,0.339351,0.285472,N-L1-226-245
2.5,0.319667,0.339046,0.285787,N-L1-226-245
2.51,0.317151,0.338744,0.286103,N-L1-226-245
2.52,0.314627,0.338444,0.286421,N-L1-226-245
2.53,0.312097,0.338147,0.286739,N-L1-226-245
2.54,0.30956,0.337852,0.287059,N-L1-226-245
2.55,0.307016,0.337559,0.28738,N-L1-226-245
2.56,0.304466,0.337269,0.287702,N-L1-226-245
2.57,0.30191,0.336981,0.288025,N-L1-226-245
2.58,0.299346,0.336696,0.288349,N-L1-226-245
2.59,0.296777,0.336413,0.288674,N-L1-226-245
2.6,0.294201,0.336132,0.289,N-L1-226-245
2.61,0.291618,0.335854,0.289328,N-L1-226-245
2.62,0.289029,0.335579,0.289657,N-L1-226-245
2.63,0.286434,0.335305,0.289986,N-L1-226-245
2.64,0.283832,0.335035,0.290317,N-L1-226-245
2.65,0.281224,0.334767,0.290649,N-L1-226-245
2.66,0.27861,0.334501,0.290982,N-L1-226-245
2.67,0.275989,0.334238,0.291316,N-L1-226-245
2.68,0.273363,0.333977,0.291652,N-L1-226-245
2.69,0.27073,0.333719,0.291988,N-L1-226-245
2.7,0.268091,0.333463,0.292325,N-L1-226-245
2.71,0.265446,0.33321,0.292664,N-L1-226-245
2.72,0.262796,0.332959,0.293003,N-L1-226-245
2.73,0.260139,0.332711,0.293344,N-L1-226-245
2.74,0.257476,0.332465,0.293686,N-L1-226-245
2.75,0.254807,0.332222,0.294029,N-L1-226-245
2.76,0.252133,0.331982,0.294372,N-L1-226-245
2.77,0.249453,0.331744,0.294717,N-L1-226-245
2.78,0.246767,0.331508,0.295063,N-L1-226-245
2.79,0.244075,0.331275,0.29541,N-L1-226-245
2.8,0.241378,0.331045,0.295758,N-L1-226-245
2.81,0.238675,0.330817,0.296107,N-L1-226-245
2.82,0.235966,0.330592,0.296457,N-L1-226-245
2.83,0.233252,0.330369,0.296809,N-L1-226-245
2.84,0.230533,0.330149,0.297161,N-L1-226-245
2.85,0.227808,0.329931,0.297514,N-L1-226-245
2.86,0.225078,0.329716,0.297868,N-L1-226-245
2.87,0.222342,0.329504,0.298223,N-L1-226-245
2.88,0.219601,0.329294,0.29858,N-L1-226-245
2.89,0.216855,0.329087,0.298937,N-L1-226-245
2.9,0.214104,0.328883,0.299295,N-L1-226-245
2.91,0.211348,0.328681,0.299654,N-L1-226-245
2.92,0.208586,0.328482,0.300015,N-L1-226-245
2.93,0.20582,0.328285,0.300376,N-L1-226-245
2.94,0.203049,0.328091,0.300738,N-L1-226-245
2.95,0.200272,0.327899,0.301102,N-L1-226-245
2.96,0.197491,0.327711,0.301466,N-L1-226-245
2.97,0.194706,0.327524,0.301831,N-L1-226-245
2.98,0.191915,0.327341,0.302197,N-L1-226-245
2.99,0.18912,0.32716,0.302564,N-L1-226-245
3,0.18632,0.326982,0.302933,N-L1-226-245
3.01,0.183516,0.326806,0.303302,N-L1-226-245
3.02,0.180707,0.326634,0.303672,N-L1-226-245
3.03,0.177894,0.326463,0.304043,N-L1-226-245
3.04,0.175076,0.326296,0.304415,N-L1-226-245
3.05,0.172254,0.326131,0.304788,N-L1-226-245
3.06,0.169428,0.325969,0.305162,N-L1-226-245
3.07,0.166598,0.325809,0.305537,N-L1-226-245
3.08,0.163763,0.325653,0.305913,N-L1-226-245
3.09,0.160925,0.325499,0.306289,N-L1-226-245
3.1,0.158082,0.325347,0.306667,N-L1-226-245
3.11,0.155236,0.325198,0.307046,N-L1-226-245
3.12,0.152386,0.325052,0.307425,N-L1-226-245
3.13,0.149531,0.324909,0.307806,N-L1-226-245
3.14,0.146673,0.324769,0.308187,N-L1-226-245
3.15,0.143812,0.324631,0.308569,N-L1-226-245
3.16,0.140947,0.324496,0.308953,N-L1-226-245
3.17,0.138078,0.324363,0.309337,N-L1-226-245
3.18,0.135206,0.324233,0.309722,N-L1-226-245
3.19,0.13233,0.324107,0.310108,N-L1-226-245
3.2,0.129451,0.323982,0.310495,N-L1-226-245
1.8,-0.855116,1.23631,0.701018,N-L1-246-300
1.81,-0.855715,1.23867,0.701201,N-L1-246-300
1.82,-0.85631,1.24103,0.701386,N-L1-246-300
1.83,-0.856902,1.2434,0.701574,N-L1-246-300
1.84,-0.85749,1.24577,0.701765,N-L1-246-300
1.85,-0.858075,1.24814,0.701957,N-L1-246-300
1.86,-0.858657,1.25051,0.702152,N-L1-246-300
1.87,-0.859235,1.25288,0.70235,N-L1-246-300
1.88,-0.859811,1.25525,0.70255,N-L1-246-300
1.89,-0.860383,1.25762,0.702752,N-L1-246-300
1.9,-0.860951,1.26,0.702956,N-L1-246-300
1.91,-0.861517,1.26238,0.703163,N-L1-246-300
1.92,-0.862079,1.26476,0.703373,N-L1-246-300
1.93,-0.862638,1.26714,0.703584,N-L1-246-300
1.94,-0.863194,1.26952,0.703798,N-L1-246-300
1.95,-0.863747,1.27191,0.704015,N-L1-246-300
1.96,-0.864296,1.27429,0.704233,N-L1-246-300
1.97,-0.864843,1.27668,0.704455,N-L1-246-300
1.98,-0.865387,1.27907,0.704678,N-L1-246-300
1.99,-0.865927,1.28146,0.704904,N-L1-246-300
2,-0.866465,1.28385,0.705132,N-L1-246-300
2.01,-0.866999,1.28624,0.705363,N-L1-246-300
2.02,-0.867531,1.28864,0.705595,N-L1-246-300
2.03,-0.868059,1.29103,0.705831,N-L1-246-300
2.04,-0.868585,1.29343,0.706068,N-L1-246-300
2.05,-0.869108,1.29583,0.706308,N-L1-246-300
2.06,-0.869628,1.29823,0.70655,N-L1-246-300
2.07,-0.870145,1.30063,0.706795,N-L1-246-300
2.08,-0.870659,1.30304,0.707042,N-L1-246-300
2.09,-0.87117,1.30544,0.707291,N-L1-246-300
2.1,-0.871679,1.30785,0.707542,N-L1-246-300
2.11,-0.872184,1.31025,0.707796,N-L1-246-300
2.12,-0.872687,1.31266,0.708052,N-L1-246-300
2.13,-0.873187,1.31507,0.708311,N-L1-246-300
2.14,-0.873685,1.31749,0.708572,N-L1-246-300
2.15,-0.874179,1.3199,0.708835,N-L1-246-300
2.16,-0.874671,1.32231,0.7091,N-L1-246-300
2.17,-0.875161,1.32473,0.709368,N-L1-246-300
2.18,-0.875647,1.32715,0.709638,N-L1-246-300
2.19,-0.876131,1.32956,0.70991,N-L1-246-300
2.2,-0.876612,1.33198,0.710185,N-L1-246-300
2.21,-0.877091,1.33441,0.710462,N-L1-246-300
2.22,-0.877567,1.33683,0.710741,N-L1-246-300
2.23,-0.878041,1.33925,0.711023,N-L1-246-300
2.24,-0.878512,1.34168,0.711306,N-L1-246-300
2.25,-0.87898,1.3441,0.711593,N-L1-246-300
2.26,-0.879446,1.34653,0.711881,N-L1-246-300
2.27,-0.879909,1.34896,0.712172,N-L1-246-300
2.28,-0.88037,1.35139,0.712465,N-L1-246-300
2.29,-0.880828,1.35382,0.71276,N-L1-246-300
2.3,-0.881284,1.35625,0.713057,N-L1-246-300
2.31,-0.881738,1.35869,0.713357,N-L1-246-300
2.32,-0.882189,1.36112,0.713659,N-L1-246-300
2.33,-0.882637,1.36356,0.713963,N-L1-246-300
2.34,-0.883084,1.366,0.71427,N-L1-246-300
2.35,-0.883528,1.36844,0.714579,N-L1-246-300
2.36,-0.883969,1.37088,0.71489,N-L1-246-300
2.37,-0.884408,1.37332,0.715203,N-L1-246-300
2.38,-0.884845,1.37576,0.715519,N-L1-246-300
2.39,-0.885279,1.3782,0.715836,N-L1-246-300
2.4,-0.885711,1.38065,0.716157,N-L1-246-300
2.41,-0.886141,1.3831,0.716479,N-L1-246-300
2.42,-0.886569,1.38554,0.716803,N-L1-246-300
2.43,-0.886994,1.38799,0.71713,N-L1-246-300
2.44,-0.887417,1.39044,0.717459,N-L1-246-300
2.45,-0.887838,1.39289,0.71779,N-L1-246-300
2.46,-0.888257,1.39534,0.718124,N-L1-246-300
2.47,-0.888673,1.3978,0.718459,N-L1-246-300
2.48,-0.889088,1.40025,0.718797,N-L1-246-300
2.49,-0.8895,1.40271,0.719137,N-L1-246-300
2.5,-0.88991,1.40516,0.71948,N-L1-246-300
2.51,-0.890317,1.40762,0.719824,N-L1-246-300
2.52,-0.890723,1.41008,0.720171,N-L1-246-300
2.53,-0.891126,1.41254,0.72052,N-L1-246-300
2.54,-0.891528,1.415,0.720871,N-L1-246-300
2.55,-0.891927,1.41746,0.721224,N-L1-246-300
2.56,-0.892324,1.41993,0.72158,N-L1-246-300
2.57,-0.89272,1.42239,0.721938,N-L1-246-300
2.58,-0.893113,1.42486,0.722298,N-L1-246-300
2.59,-0.893504,1.42732,0.72266,N-L1-246-300
2.6,-0.893893,1.42979,0.723024,N-L1-246-300
2.61,-0.89428,1.43226,0.72339,N-L1-246-300
2.62,-0.894665,1.43473,0.723759,N-L1-246-300
2.63,-0.895048,1.4372,0.72413,N-L1-246-300
2.64,-0.895429,1.43967,0.724503,N-L1-246-300
2.65,-0.895808,1.44214,0.724878,N-L1-246-300
2.66,-0.896186,1.44462,0.725255,N-L1-246-300
2.67,-0.896561,1.44709,0.725635,N-L1-246-300
2.68,-0.896934,1.44957,0.726016,N-L1-246-300
2.69,-0.897306,1.45205,0.7264,N-L1-246-300
2.7,-0.897675,1.45452,0.726786,N-L1-246-300
2.71,-0.898043,1.457,0.727174,N-L1-246-300
2.72,-0.898409,1.45948,0.727564,N-L1-246-300
2.73,-0.898773,1.46197,0.727956,N-L1-246-300
2.74,-0.899135,1.46445,0.728351,N-L1-246-300
2.75,-0.899495,1.46693,0.728747,N-L1-246-300
2.76,-0.899854,1.46941,0.729146,N-L1-246-300
2.77,-0.90021,1.4719,0.729547,N-L1-246-300
2.78,-0.900565,1.47439,0.72995,N-L1-246-300
2.79,-0.900918,1.47687,0.730355,N-L1-246-300
2.8,-0.901269,1.47936,0.730762,N-L1-246-300
2.81,-0.901619,1.48185,0.731171,N-L1-246-300
2.82,-0.901966,1.48434,0.731583,N-L1-246-300
2.83,-0.902312,1.48683,0.731996,N-L1-246-300
2.84,-0.902657,1.48932,0.732412,N-L1-246-300
2.85,-0.902999,1.49182,0.732829,N-L1-246-300
2.86,-0.90334,1.49431,0.733249,N-L1-246-300
2.87,-0.903679,1.4968,0.733671,N-L1-246-300
2.88,-0.904016,1.4993,0.734095,N-L1-246-300
2.89,-0.904352,1.5018,0.734521,N-L1-246-300
2.9,-0.904686,1.50429,0.734949,N-L1-246-300
2.91,-0.905019,1.50679,0.735379,N-L1-246-300
2.92,-0.905349,1.50929,0.735811,N-L1-246-300
2.93,-0.905678,1.51179,0.736246,N-L1-246-300
2.94,-0.906006,1.51429,0.736682,N-L1-246-300
2.95,-0.906332,1.51679,0.73712,N-L1-246-300
2.96,-0.906656,1.5193,0.737561,N-L1-246-300
2.97,-0.906979,1.5218,0.738003,N-L1-246-300
2.98,-0.9073,1.52431,0.738448,N-L1-246-300
2.99,-0.907619,1.52681,0.738895,N-L1-246-300
3,-0.907937,1.52932,0.739343,N-L1-246-300
3.01,-0.908254,1.53183,0.739794,N-L1-246-300
3.02,-0.908568,1.53433,0.740247,N-L1-246-300
3.03,-0.908882,1.53684,0.740701,N-L1-246-300
3.04,-0.909193,1.53935,0.741158,N-L1-246-300
3.05,-0.909504,1.54186,0.741617,N-L1-246-300
3.06,-0.909812,1.54438,0.742078,N-L1-246-300
3.07,-0.910119,1.54689,0.742541,N-L1-246-300
3.08,-0.910425,1.5494,0.743005,N-L1-246-300
3.09,-0.910729,1.55192,0.743472,N-L1-246-300
3.1,-0.911032,1.55443,0.743941,N-L1-246-300
3.11,-0.911333,1.55695,0.744412,N-L1-246-300
3.12,-0.911633,1.55946,0.744885,N-L1-246-300
3.13,-0.911932,1.56198,0.74536,N-L1-246-300
3.14,-0.912228,1.5645,0.745836,N-L1-246-300
3.15,-0.912524,1.56702,0.746315,N-L1-246-300
3.16,-0.912818,1.56954,0.746796,N-L1-246-300
3.17,-0.913111,1.57206,0.747279,N-L1-246-300
3.18,-0.913402,1.57458,0.747763,N-L1-246-300
3.19,-0.913692,1.5771,0.74825,N-L1-246-300
3.2,-0.91398,1.57963,0.748739,N-L1-246-300
1.8,0.697772,0.833566,0.44814,N-L1-301-335
1.81,0.694791,0.830215,0.447066,N-L1-301-335
1.82,0.691775,0.826879,0.446002,N-L1-301-335
1.83,0.688721,0.823557,0.444947,N-L1-301-335
1.84,0.685631,0.82025,0.443901,N-L1-301-335
1.85,0.682503,0.816958,0.442866,N-L1-301-335
1.86,0.679337,0.813681,0.44184,N-L1-301-335
1.87,0.676133,0.810419,0.440823,N-L1-301-335
1.88,0.67289,0.807173,0.439817,N-L1-301-335
1.89,0.669608,0.803943,0.43882,N-L1-301-335
1.9,0.666286,0.800728,0.437834,N-L1-301-335
1.91,0.662924,0.79753,0.436857,N-L1-301-335
1.92,0.659521,0.794347,0.435891,N-L1-301-335
1.93,0.656077,0.791182,0.434935,N-L1-301-335
1.94,0.652592,0.788033,0.433989,N-L1-301-335
1.95,0.649064,0.784901,0.433053,N-L1-301-335
1.96,0.645495,0.781786,0.432127,N-L1-301-335
1.97,0.641883,0.778688,0.431213,N-L1-301-335
1.98,0.638227,0.775607,0.430308,N-L1-301-335
1.99,0.634528,0.772545,0.429414,N-L1-301-335
2,0.630784,0.7695,0.428531,N-L1-301-335
2.01,0.626996,0.766474,0.427659,N-L1-301-335
2.02,0.623163,0.763465,0.426797,N-L1-301-335
2.03,0.619285,0.760476,0.425946,N-L1-301-335
2.04,0.61536,0.757505,0.425106,N-L1-301-335
2.05,0.61139,0.754553,0.424277,N-L1-301-335
2.06,0.607372,0.75162,0.423459,N-L1-301-335
2.07,0.603308,0.748707,0.422652,N-L1-301-335
2.08,0.599196,0.745813,0.421856,N-L1-301-335
2.09,0.595036,0.74294,0.421072,N-L1-301-335
2.1,0.590828,0.740086,0.420298,N-L1-301-335
2.11,0.58657,0.737253,0.419536,N-L1-301-335
2.12,0.582264,0.734441,0.418786,N-L1-301-335
2.13,0.577908,0.731649,0.418047,N-L1-301-335
2.14,0.573502,0.728878,0.417319,N-L1-301-335
2.15,0.569046,0.726129,0.416603,N-L1-301-335
2.16,0.564539,0.723401,0.415899,N-L1-301-335
2.17,0.559981,0.720695,0.415206,N-L1-301-335
2.18,0.555372,0.718012,0.414526,N-L1-301-335
2.19,0.55071,0.71535,0.413857,N-L1-301-335
2.2,0.545997,0.712711,0.413199,N-L1-301-335
2.21,0.541231,0.710095,0.412554,N-L1-301-335
2.22,0.536413,0.707502,0.411921,N-L1-301-335
2.23,0.531542,0.704932,0.4113,N-L1-301-335
2.24,0.526617,0.702386,0.410691,N-L1-301-335
2.25,0.521638,0.699863,0.410094,N-L1-301-335
2.26,0.516606,0.697365,0.409509,N-L1-301-335
2.27,0.51152,0.694891,0.408937,N-L1-301-335
2.28,0.506379,0.692442,0.408377,N-L1-301-335
2.29,0.501184,0.690017,0.407829,N-L1-301-335
2.3,0.495934,0.687618,0.407294,N-L1-301-335
2.31,0.490629,0.685244,0.406771,N-L1-301-335
2.32,0.485269,0.682896,0.406261,N-L1-301-335
2.33,0.479854,0.680573,0.405763,N-L1-301-335
2.34,0.474383,0.678277,0.405278,N-L1-301-335
2.35,0.468857,0.676008,0.404805,N-L1-301-335
2.36,0.463275,0.673765,0.404345,N-L1-301-335
2.37,0.457637,0.671549,0.403898,N-L1-301-335
2.38,0.451944,0.66936,0.403464,N-L1-301-335
2.39,0.446195,0.667199,0.403043,N-L1-301-335
2.4,0.44039,0.665065,0.402634,N-L1-301-335
2.41,0.434529,0.66296,0.402238,N-L1-301-335
2.42,0.428613,0.660883,0.401856,N-L1-301-335
2.43,0.422641,0.658835,0.401486,N-L1-301-335
2.44,0.416613,0.656815,0.401129,N-L1-301-335
2.45,0.41053,0.654825,0.400785,N-L1-301-335
2.46,0.404392,0.652864,0.400455,N-L1-301-335
2.47,0.398198,0.650933,0.400137,N-L1-301-335
2.48,0.39195,0.649031,0.399833,N-L1-301-335
2.49,0.385647,0.64716,0.399542,N-L1-301-335
2.5,0.379289,0.64532,0.399264,N-L1-301-335
2.51,0.372878,0.64351,0.398999,N-L1-301-335
2.52,0.366412,0.641731,0.398747,N-L1-301-335
2.53,0.359893,0.639983,0.398509,N-L1-301-335
2.54,0.353321,0.638267,0.398284,N-L1-301-335
2.55,0.346696,0.636582,0.398073,N-L1-301-335
2.56,0.340018,0.63493,0.397875,N-L1-301-335
2.57,0.333289,0.63331,0.39769,N-L1-301-335
2.58,0.326509,0.631722,0.397518,N-L1-301-335
2.59,0.319677,0.630167,0.39736,N-L1-301-335
2.6,0.312796,0.628645,0.397216,N-L1-301-335
2.61,0.305865,0.627157,0.397084,N-L1-301-335
2.62,0.298885,0.625701,0.396967,N-L1-301-335
2.63,0.291856,0.62428,0.396862,N-L1-301-335
2.64,0.284781,0.622892,0.396771,N-L1-301-335
2.65,0.277658,0.621539,0.396694,N-L1-301-335
2.66,0.270489,0.62022,0.39663,N-L1-301-335
2.67,0.263275,0.618936,0.39658,N-L1-301-335
2.68,0.256016,0.617686,0.396543,N-L1-301-335
2.69,0.248714,0.616471,0.39652,N-L1-301-335
2.7,0.241369,0.615292,0.39651,N-L1-301-335
2.71,0.233983,0.614148,0.396514,N-L1-301-335
2.72,0.226555,0.61304,0.396531,N-L1-301-335
2.73,0.219088,0.611968,0.396562,N-L1-301-335
2.74,0.211583,0.610932,0.396606,N-L1-301-335
2.75,0.204039,0.609931,0.396664,N-L1-301-335
2.76,0.196459,0.608968,0.396735,N-L1-301-335
2.77,0.188844,0.608041,0.39682,N-L1-301-335
2.78,0.181195,0.60715,0.396918,N-L1-301-335
2.79,0.173512,0.606297,0.397029,N-L1-301-335
2.8,0.165798,0.60548,0.397154,N-L1-301-335
2.81,0.158053,0.604701,0.397293,N-L1-301-335
2.82,0.150279,0.603959,0.397445,N-L1-301-335
2.83,0.142477,0.603254,0.39761,N-L1-301-335
2.84,0.134648,0.602588,0.397789,N-L1-301-335
2.85,0.126794,0.601958,0.397981,N-L1-301-335
2.86,0.118916,0.601367,0.398187,N-L1-301-335
2.87,0.111016,0.600814,0.398406,N-L1-301-335
2.88,0.103094,0.600299,0.398638,N-L1-301-335
2.89,0.0951529,0.599822,0.398883,N-L1-301-335
2.9,0.0871934,0.599383,0.399142,N-L1-301-335
2.91,0.0792173,0.598982,0.399414,N-L1-301-335
2.92,0.0712258,0.59862,0.399699,N-L1-301-335
2.93,0.0632206,0.598297,0.399998,N-L1-301-335
2.94,0.0552033,0.598012,0.400309,N-L1-301-335
2.95,0.0471752,0.597766,0.400634,N-L1-301-335
2.96,0.0391379,0.597558,0.400972,N-L1-301-335
2.97,0.0310931,0.597389,0.401323,N-L1-301-335
2.98,0.0230422,0.597259,0.401687,N-L1-301-335
2.99,0.0149868,0.597167,0.402063,N-L1-301-335
3,0.00692852,0.597114,0.402453,N-L1-301-335
3.01,-0.00113112,0.5971,0.402856,N-L1-301-335
3.02,-0.00919054,0.597125,0.403272,N-L1-301-335
3.03,-0.0172482,0.597189,0.4037,N-L1-301-335
3.04,-0.0253025,0.597291,0.404141,N-L1-301-335
3.05,-0.0333518,0.597432,0.404596,N-L1-301-335
3.06,-0.0413947,0.597612,0.405062,N-L1-301-335
3.07,-0.0494295,0.597831,0.405542,N-L1-301-335
3.08,-0.0574547,0.598088,0.406034,N-L1-301-335
3.09,-0.0654689,0.598384,0.406538,N-L1-301-335
3.1,-0.0734703,0.598718,0.407056,N-L1-301-335
3.11,-0.0814576,0.599091,0.407585,N-L1-301-335
3.12,-0.0894293,0.599502,0.408127,N-L1-301-335
3.13,-0.0973838,0.599952,0.408682,N-L1-301-335
3.14,-0.10532,0.600439,0.409249,N-L1-301-335
3.15,-0.113235,0.600965,0.409828,N-L1-301-335
3.16,-0.12113,0.601529,0.410419,N-L1-301-335
3.17,-0.129001,0.602131,0.411023,N-L1-301-335
3.18,-0.136848,0.602771,0.411638,N-L1-301-335
3.19,-0.14467,0.603448,0.412266,N-L1-301-335
3.2,-0.152464,0.604163,0.412906,N-L1-301-335
1.8,-0.200898,0.879378,0.522822,N-L1-358-418
1.81,-0.212316,0.881548,0.520926,N-L1-358-418
1.82,-0.223649,0.883838,0.519036,N-L1-358-418
1.83,-0.234891,0.886245,0.517153,N-L1-358-418
1.84,-0.24604,0.888771,0.515277,N-L1-358-418
1.85,-0.257092,0.891413,0.513407,N-L1-358-418
1.86,-0.268044,0.894171,0.511545,N-L1-358-418
1.87,-0.278893,0.897043,0.50969,N-L1-358-418
1.88,-0.289637,0.900028,0.507842,N-L1-358-418
1.89,-0.300272,0.903126,0.506001,N-L1-358-418
1.9,-0.310796,0.906335,0.504167,N-L1-358-418
1.91,-0.321208,0.909653,0.502341,N-L1-358-418
1.92,-0.331504,0.913081,0.500522,N-L1-358-418
1.93,-0.341683,0.916616,0.498711,N-L1-358-418
1.94,-0.351743,0.920257,0.496907,N-L1-358-418
1.95,-0.361682,0.924004,0.495111,N-L1-358-418
1.96,-0.3715,0.927854,0.493323,N-L1-358-418
1.97,-0.381195,0.931806,0.491543,N-L1-358-418
1.98,-0.390766,0.93586,0.48977,N-L1-358-418
1.99,-0.400211,0.940013,0.488006,N-L1-358-418
2,-0.409531,0.944265,0.48625,N-L1-358-418
2.01,-0.418724,0.948615,0.484502,N-L1-358-418
2.02,-0.427791,0.95306,0.482762,N-L1-358-418
2.03,-0.43673,0.9576,0.481031,N-L1-358-418
2.04,-0.445541,0.962233,0.479308,N-L1-358-418
2.05,-0.454225,0.966957,0.477594,N-L1-358-418
2.06,-0.462781,0.971773,0.475888,N-L1-358-418
2.07,-0.47121,0.976677,0.474192,N-L1-358-418
2.08,-0.479512,0.98167,0.472504,N-L1-358-418
2.09,-0.487687,0.986749,0.470825,N-L1-358-418
2.1,-0.495736,0.991913,0.469155,N-L1-358-418
2.11,-0.503659,0.997161,0.467494,N-L1-358-418
2.12,-0.511457,1.00249,0.465843,N-L1-358-418
2.13,-0.51913,1.0079,0.464201,N-L1-358-418
2.14,-0.52668,1.01339,0.462568,N-L1-358-418
2.15,-0.534108,1.01896,0.460945,N-L1-358-418
2.16,-0.541413,1.02461,0.459332,N-L1-358-418
2.17,-0.548598,1.03034,0.457728,N-L1-358-418
2.18,-0.555664,1.03614,0.456134,N-L1-358-418
2.19,-0.562611,1.04201,0.45455,N-L1-358-418
2.2,-0.569441,1.04795,0.452976,N-L1-358-418
2.21,-0.576156,1.05397,0.451413,N-L1-358-418
2.22,-0.582755,1.06005,0.449859,N-L1-358-418
2.23,-0.589241,1.06621,0.448316,N-L1-358-418
2.24,-0.595615,1.07243,0.446784,N-L1-358-418
2.25,-0.601879,1.07872,0.445262,N-L1-358-418
2.26,-0.608034,1.08507,0.44375,N-L1-358-418
2.27,-0.61408,1.09149,0.44225,N-L1-358-418
2.28,-0.620021,1.09797,0.44076,N-L1-358-418
2.29,-0.625857,1.10451,0.439282,N-L1-358-418
2.3,-0.631589,1.11111,0.437815,N-L1-358-418
2.31,-0.63722,1.11778,0.436359,N-L1-358-418
2.32,-0.642751,1.1245,0.434914,N-L1-358-418
2.33,-0.648183,1.13128,0.433481,N-L1-358-418
2.34,-0.653517,1.13811,0.432059,N-L1-358-418
2.35,-0.658757,1.145,0.430649,N-L1-358-418
2.36,-0.663901,1.15195,0.429251,N-L1-358-418
2.37,-0.668954,1.15895,0.427865,N-L1-358-418
2.38,-0.673915,1.166,0.426491,N-L1-358-418
2.39,-0.678787,1.1731,0.425129,N-L1-358-418
2.4,-0.683571,1.18026,0.42378,N-L1-358-418
2.41,-0.688268,1.18746,0.422443,N-L1-358-418
2.42,-0.69288,1.19471,0.421118,N-L1-358-418
2.43,-0.697409,1.20201,0.419806,N-L1-358-418
2.44,-0.701856,1.20936,0.418507,N-L1-358-418
2.45,-0.706222,1.21675,0.417221,N-L1-358-418
2.46,-0.710509,1.22419,0.415947,N-L1-358-418
2.47,-0.714719,1.23168,0.414687,N-L1-358-418
2.48,-0.718852,1.2392,0.41344,N-L1-358-418
2.49,-0.72291,1.24678,0.412207,N-L1-358-418
2.5,-0.726895,1.25439,0.410987,N-L1-358-418
2.51,-0.730808,1.26204,0.40978,N-L1-358-418
2.52,-0.73465,1.26974,0.408588,N-L1-358-418
2.53,-0.738422,1.27747,0.407409,N-L1-358-418
2.54,-0.742127,1.28525,0.406244,N-L1-358-418
2.55,-0.745764,1.29306,0.405093,N-L1-358-418
2.56,-0.749337,1.30091,0.403957,N-L1-358-418
2.57,-0.752845,1.3088,0.402834,N-L1-358-418
2.58,-0.75629,1.31672,0.401727,N-L1-358-418
2.59,-0.759673,1.32468,0.400633,N-L1-358-418
2.6,-0.762995,1.33268,0.399555,N-L1-358-418
2.61,-0.766259,1.34071,0.398491,N-L1-358-418
2.62,-0.769464,1.34877,0.397443,N-L1-358-418
2.63,-0.772612,1.35687,0.396409,N-L1-358-418
2.64,-0.775704,1.365,0.39539,N-L1-358-418
2.65,-0.778741,1.37317,0.394387,N-L1-358-418
2.66,-0.781724,1.38136,0.393399,N-L1-358-418
2.67,-0.784654,1.38958,0.392427,N-L1-358-418
2.68,-0.787533,1.39784,0.39147,N-L1-358-418
2.69,-0.790362,1.40613,0.390529,N-L1-358-418
2.7,-0.79314,1.41444,0.389604,N-L1-358-418
2.71,-0.79587,1.42278,0.388695,N-L1-358-418
2.72,-0.798552,1.43116,0.387802,N-L1-358-418
2.73,-0.801188,1.43956,0.386926,N-L1-358-418
2.74,-0.803778,1.44799,0.386065,N-L1-358-418
2.75,-0.806322,1.45644,0.385221,N-L1-358-418
2.76,-0.808823,1.46492,0.384394,N-L1-358-418
2.77,-0.811281,1.47343,0.383583,N-L1-358-418
2.78,-0.813696,1.48196,0.382789,N-L1-358-418
2.79,-0.81607,1.49052,0.382011,N-L1-358-418
2.8,-0.818404,1.4991,0.381251,N-L1-358-418
2.81,-0.820697,1.50771,0.380508,N-L1-358-418
2.82,-0.822952,1.51634,0.379782,N-L1-358-418
2.83,-0.825168,1.52499,0.379073,N-L1-358-418
2.84,-0.827347,1.53367,0.378381,N-L1-358-418
2.85,-0.829489,1.54237,0.377707,N-L1-358-418
2.86,-0.831595,1.55109,0.37705,N-L1-358-418
2.87,-0.833666,1.55984,0.376412,N-L1-358-418
2.88,-0.835703,1.5686,0.37579,N-L1-358-418
2.89,-0.837705,1.57739,0.375187,N-L1-358-418
2.9,-0.839674,1.5862,0.374601,N-L1-358-418
2.91,-0.841611,1.59503,0.374034,N-L1-358-418
2.92,-0.843516,1.60388,0.373484,N-L1-358-418
2.93,-0.845389,1.61275,0.372953,N-L1-358-418
2.94,-0.847232,1.62163,0.37244,N-L1-358-418
2.95,-0.849044,1.63054,0.371945,N-L1-358-418
2.96,-0.850827,1.63947,0.371469,N-L1-358-418
2.97,-0.852582,1.64841,0.371011,N-L1-358-418
2.98,-0.854308,1.65737,0.370571,N-L1-358-418
2.99,-0.856006,1.66636,0.37015,N-L1-358-418
3,-0.857676,1.67535,0.369748,N-L1-358-418
3.01,-0.859321,1.68437,0.369364,N-L1-358-418
3.02,-0.860938,1.6934,0.368999,N-L1-358-418
3.03,-0.862531,1.70245,0.368653,N-L1-358-418
3.04,-0.864097,1.71152,0.368326,N-L1-358-418
3.05,-0.86564,1.7206,0.368018,N-L1-358-418
3.06,-0.867158,1.7297,0.367728,N-L1-358-418
3.07,-0.868652,1.73882,0.367458,N-L1-358-418
3.08,-0.870123,1.74795,0.367207,N-L1-358-418
3.09,-0.871571,1.75709,0.366975,N-L1-358-418
3.1,-0.872996,1.76625,0.366761,N-L1-358-418
3.11,-0.8744,1.77543,0.366568,N-L1-358-418
3.12,-0.875781,1.78462,0.366393,N-L1-358-418
3.13,-0.877142,1.79382,0.366237,N-L1-358-418
3.14,-0.878482,1.80304,0.366101,N-L1-358-418
3.15,-0.879801,1.81228,0.365984,N-L1-358-418
3.16,-0.881101,1.82152,0.365886,N-L1-358-418
3.17,-0.882381,1.83078,0.365808,N-L1-358-418
3.18,-0.883641,1.84006,0.365749,N-L1-358-418
3.19,-0.884883,1.84934,0.365709,N-L1-358-418
3.2,-0.886106,1.85864,0.365688,N-L1-358-418
1.8,0.81895,1.27087,0.640364,N-L1-433-501
1.81,0.816425,1.26297,0.638384,N-L1-433-501
1.82,0.813852,1.2551,0.636407,N-L1-433-501
1.83,0.81123,1.24726,0.634435,N-L1-433-501
1.84,0.808559,1.23944,0.632468,N-L1-433-501
1.85,0.805836,1.23165,0.630504,N-L1-433-501
1.86,0.803062,1.22388,0.628545,N-L1-433-501
1.87,0.800234,1.21614,0.626589,N-L1-433-501
1.88,0.797352,1.20843,0.624639,N-L1-433-501
1.89,0.794414,1.20075,0.622692,N-L1-433-501
1.9,0.791419,1.19309,0.62075,N-L1-433-501
1.91,0.788367,1.18547,0.618813,N-L1-433-501
1.92,0.785255,1.17787,0.61688,N-L1-433-501
1.93,0.782082,1.17031,0.614951,N-L1-433-501
1.94,0.778847,1.16277,0.613027,N-L1-433-501
1.95,0.775549,1.15527,0.611108,N-L1-433-501
1.96,0.772186,1.1478,0.609193,N-L1-433-501
1.97,0.768757,1.14036,0.607283,N-L1-433-501
1.98,0.765261,1.13296,0.605378,N-L1-433-501
1.99,0.761695,1.12558,0.603477,N-L1-433-501
2,0.758059,1.11825,0.601582,N-L1-433-501
2.01,0.75435,1.11095,0.599691,N-L1-433-501
2.02,0.750568,1.10368,0.597805,N-L1-433-501
2.03,0.746711,1.09646,0.595924,N-L1-433-501
2.04,0.742777,1.08927,0.594049,N-L1-433-501
2.05,0.738764,1.08212,0.592178,N-L1-433-501
2.06,0.734672,1.075,0.590312,N-L1-433-501
2.07,0.730497,1.06793,0.588452,N-L1-433-501
2.08,0.726239,1.0609,0.586597,N-L1-433-501
2.09,0.721896,1.05391,0.584747,N-L1-433-501
2.1,0.717466,1.04696,0.582902,N-L1-433-501
2.11,0.712947,1.04006,0.581063,N-L1-433-501
2.12,0.708337,1.0332,0.579229,N-L1-433-501
2.13,0.703635,1.02638,0.577401,N-L1-433-501
2.14,0.698838,1.01961,0.575578,N-L1-433-501
2.15,0.693946,1.01289,0.57376,N-L1-433-501
2.16,0.688955,1.00621,0.571949,N-L1-433-501
2.17,0.683864,0.999585,0.570143,N-L1-433-501
2.18,0.678672,0.993008,0.568343,N-L1-433-501
2.19,0.673376,0.986482,0.566548,N-L1-433-501
2.2,0.667974,0.980007,0.56476,N-L1-433-501
2.21,0.662464,0.973585,0.562977,N-L1-433-501
2.22,0.656845,0.967217,0.5612,N-L1-433-501
2.23,0.651114,0.960903,0.55943,N-L1-433-501
2.24,0.645269,0.954645,0.557665,N-L1-433-501
2.25,0.639309,0.948445,0.555907,N-L1-433-501
2.26,0.633231,0.942302,0.554154,N-L1-433-501
2.27,0.627034,0.936219,0.552408,N-L1-433-501
2.28,0.620716,0.930196,0.550669,N-L1-433-501
2.29,0.614274,0.924234,0.548935,N-L1-433-501
2.3,0.607707,0.918336,0.547208,N-L1-433-501
2.31,0.601013,0.912501,0.545488,N-L1-433-501
2.32,0.594191,0.906732,0.543774,N-L1-433-501
2.33,0.587237,0.901029,0.542067,N-L1-433-501
2.34,0.580151,0.895394,0.540366,N-L1-433-501
2.35,0.572931,0.889828,0.538672,N-L1-433-501
2.36,0.565574,0.884332,0.536985,N-L1-433-501
2.37,0.558081,0.878908,0.535305,N-L1-433-501
2.38,0.550448,0.873558,0.533632,N-L1-433-501
2.39,0.542674,0.868281,0.531966,N-L1-433-501
2.4,0.534759,0.86308,0.530306,N-L1-433-501
2.41,0.5267,0.857956,0.528654,N-L1-433-501
2.42,0.518497,0.852911,0.52701,N-L1-433-501
2.43,0.510148,0.847946,0.525372,N-L1-433-501
2.44,0.501653,0.843062,0.523742,N-L1-433-501
2.45,0.493009,0.83826,0.522119,N-L1-433-501
2.46,0.484218,0.833543,0.520504,N-L1-433-501
2.47,0.475277,0.828912,0.518896,N-L1-433-501
2.48,0.466186,0.824367,0.517296,N-L1-433-501
2.49,0.456945,0.819911,0.515703,N-L1-433-501
2.5,0.447554,0.815545,0.514118,N-L1-433-501
2.51,0.438013,0.81127,0.512541,N-L1-433-501
2.52,0.428321,0.807088,0.510972,N-L1-433-501
2.53,0.418479,0.803001,0.509411,N-L1-433-501
2.54,0.408487,0.799009,0.507858,N-L1-433-501
2.55,0.398346,0.795114,0.506313,N-L1-433-501
2.56,0.388057,0.791318,0.504776,N-L1-433-501
2.57,0.377621,0.787622,0.503248,N-L1-433-501
2.58,0.367039,0.784027,0.501728,N-L1-433-501
2.59,0.356313,0.780536,0.500216,N-L1-433-501
2.6,0.345444,0.777148,0.498713,N-L1-433-501
2.61,0.334434,0.773866,0.497218,N-L1-433-501
2.62,0.323285,0.770691,0.495732,N-L1-433-501
2.63,0.312,0.767625,0.494255,N-L1-433-501
2.64,0.300582,0.764668,0.492787,N-L1-433-501
2.65,0.289033,0.761822,0.491327,N-L1-433-501
2.66,0.277356,0.759088,0.489877,N-L1-433-501
2.67,0.265555,0.756467,0.488435,N-L1-433-501
2.68,0.253633,0.753961,0.487003,N-L1-433-501
2.69,0.241595,0.75157,0.48558,N-L1-433-501
2.7,0.229444,0.749296,0.484166,N-L1-433-501
2.71,0.217185,0.74714,0.482761,N-L1-433-501
2.72,0.204822,0.745103,0.481366,N-L1-433-501
2.73,0.192361,0.743186,0.479981,N-L1-433-501
2.74,0.179805,0.74139,0.478605,N-L1-433-501
2.75,0.167161,0.739715,0.477238,N-L1-433-501
2.76,0.154435,0.738162,0.475882,N-L1-433-501
2.77,0.14163,0.736733,0.474535,N-L1-433-501
2.78,0.128755,0.735428,0.473199,N-L1-433-501
2.79,0.115814,0.734247,0.471872,N-L1-433-501
2.8,0.102813,0.733192,0.470556,N-L1-433-501
2.81,0.0897603,0.732262,0.46925,N-L1-433-501
2.82,0.0766606,0.731459,0.467954,N-L1-433-501
2.83,0.0635212,0.730782,0.466668,N-L1-433-501
2.84,0.0503486,0.730233,0.465393,N-L1-433-501
2.85,0.0371498,0.72981,0.464128,N-L1-433-501
2.86,0.0239314,0.729516,0.462874,N-L1-433-501
2.87,0.0107005,0.729348,0.461631,N-L1-433-501
2.88,-0.00253605,0.729309,0.460399,N-L1-433-501
2.89,-0.0157713,0.729397,0.459177,N-L1-433-501
2.9,-0.0289982,0.729613,0.457967,N-L1-433-501
2.91,-0.0422099,0.729957,0.456767,N-L1-433-501
2.92,-0.0553995,0.730428,0.455579,N-L1-433-501
2.93,-0.0685602,0.731027,0.454402,N-L1-433-501
2.94,-0.0816851,0.731752,0.453237,N-L1-433-501
2.95,-0.0947677,0.732604,0.452082,N-L1-433-501
2.96,-0.107801,0.733582,0.450939,N-L1-433-501
2.97,-0.12078,0.734685,0.449808,N-L1-433-501
2.98,-0.133697,0.735913,0.448689,N-L1-433-501
2.99,-0.146545,0.737266,0.447581,N-L1-433-501
3,-0.159321,0.738743,0.446485,N-L1-433-501
3.01,-0.172016,0.740342,0.445401,N-L1-433-501
3.02,-0.184627,0.742064,0.44433,N-L1-433-501
3.03,-0.197147,0.743907,0.44327,N-L1-433-501
3.04,-0.209571,0.74587,0.442222,N-L1-433-501
3.05,-0.221895,0.747953,0.441187,N-L1-433-501
3.06,-0.234113,0.750154,0.440164,N-L1-433-501
3.07,-0.246221,0.752472,0.439154,N-L1-433-501
3.08,-0.258215,0.754907,0.438156,N-L1-433-501
3.09,-0.270091,0.757458,0.437171,N-L1-433-501
3.1,-0.281845,0.760122,0.436199,N-L1-433-501
3.11,-0.293473,0.762899,0.435239,N-L1-433-501
3.12,-0.304973,0.765788,0.434292,N-L1-433-501
3.13,-0.31634,0.768787,0.433359,N-L1-433-501
3.14,-0.327573,0.771895,0.432438,N-L1-433-501
3.15,-0.338669,0.775111,0.43153,N-L1-433-501
3.16,-0.349625,0.778434,0.430636,N-L1-433-501
3.17,-0.36044,0.781861,0.429755,N-L1-433-501
3.18,-0.371111,0.785393,0.428888,N-L1-433-501
3.19,-0.381637,0.789026,0.428034,N-L1-433-501
3.2,-0.392017,0.792761,0.427193,N-L1-433-501
1.8,-0.354902,0.251752,0.258805,N-L1-502-517
1.81,-0.35607,0.251872,0.258385,N-L1-502-517
1.82,-0.357237,0.251992,0.257966,N-L1-502-517
1.83,-0.358401,0.252113,0.257548,N-L1-502-517
1.84,-0.359564,0.252233,0.257131,N-L1-502-517
1.85,-0.360726,0.252355,0.256715,N-L1-502-517
1.86,-0.361885,0.252476,0.256301,N-L1-502-517
1.87,-0.363043,0.252598,0.255888,N-L1-502-517
1.88,-0.364199,0.252721,0.255476,N-L1-502-517
1.89,-0.365354,0.252844,0.255065,N-L1-502-517
1.9,-0.366507,0.252967,0.254656,N-L1-502-517
1.91,-0.367658,0.25309,0.254247,N-L1-502-517
1.92,-0.368807,0.253214,0.25384,N-L1-502-517
1.93,-0.369955,0.253339,0.253435,N-L1-502-517
1.94,-0.371101,0.253463,0.25303,N-L1-502-517
1.95,-0.372246,0.253588,0.252627,N-L1-502-517
1.96,-0.373389,0.253714,0.252225,N-L1-502-517
1.97,-0.37453,0.25384,0.251824,N-L1-502-517
1.98,-0.375669,0.253966,0.251425,N-L1-502-517
1.99,-0.376807,0.254093,0.251027,N-L1-502-517
2,-0.377942,0.25422,0.25063,N-L1-502-517
2.01,-0.379077,0.254347,0.250235,N-L1-502-517
2.02,-0.380209,0.254475,0.249841,N-L1-502-517
2.03,-0.38134,0.254603,0.249448,N-L1-502-517
2.04,-0.382469,0.254732,0.249056,N-L1-502-517
2.05,-0.383597,0.254861,0.248666,N-L1-502-517
2.06,-0.384722,0.25499,0.248277,N-L1-502-517
2.07,-0.385846,0.25512,0.24789,N-L1-502-517
2.08,-0.386968,0.25525,0.247503,N-L1-502-517
2.09,-0.388089,0.25538,0.247119,N-L1-502-517
2.1,-0.389208,0.255511,0.246735,N-L1-502-517
2.11,-0.390325,0.255642,0.246353,N-L1-502-517
2.12,-0.39144,0.255774,0.245972,N-L1-502-517
2.13,-0.392554,0.255906,0.245593,N-L1-502-517
2.14,-0.393666,0.256038,0.245215,N-L1-502-517
2.15,-0.394776,0.256171,0.244839,N-L1-502-517
2.16,-0.395885,0.256304,0.244464,N-L1-502-517
2.17,-0.396991,0.256438,0.24409,N-L1-502-517
2.18,-0.398096,0.256571,0.243718,N-L1-502-517
2.19,-0.3992,0.256706,0.243347,N-L1-502-517
2.2,-0.400301,0.25684,0.242977,N-L1-502-517
2.21,-0.401401,0.256975,0.242609,N-L1-502-517
2.22,-0.402499,0.25711,0.242242,N-L1-502-517
2.23,-0.403596,0.257246,0.241877,N-L1-502-517
2.24,-0.40469,0.257382,0.241514,N-L1-502-517
2.25,-0.405783,0.257519,0.241151,N-L1-502-517
2.26,-0.406874,0.257655,0.240791,N-L1-502-517
2.27,-0.407964,0.257793,0.240431,N-L1-502-517
2.28,-0.409051,0.25793,0.240073,N-L1-502-517
2.29,-0.410137,0.258068,0.239717,N-L1-502-517
2.3,-0.411221,0.258206,0.239362,N-L1-502-517
2.31,-0.412304,0.258345,0.239009,N-L1-502-517
2.32,-0.413385,0.258484,0.238657,N-L1-502-517
2.33,-0.414464,0.258623,0.238307,N-L1-502-517
2.34,-0.415541,0.258763,0.237958,N-L1-502-517
2.35,-0.416616,0.258903,0.237611,N-L1-502-517
2.36,-0.41769,0.259043,0.237265,N-L1-502-517
2.37,-0.418762,0.259184,0.236921,N-L1-502-517
2.38,-0.419832,0.259325,0.236578,N-L1-502-517
2.39,-0.420901,0.259467,0.236237,N-L1-502-517
2.4,-0.421967,0.259609,0.235897,N-L1-502-517
2.41,-0.423032,0.259751,0.235559,N-L1-502-517
2.42,-0.424096,0.259894,0.235223,N-L1-502-517
2.43,-0.425157,0.260036,0.234888,N-L1-502-517
2.44,-0.426217,0.26018,0.234555,N-L1-502-517
2.45,-0.427275,0.260323,0.234223,N-L1-502-517
2.46,-0.428331,0.260467,0.233893,N-L1-502-517
2.47,-0.429385,0.260612,0.233564,N-L1-502-517
2.48,-0.430438,0.260757,0.233237,N-L1-502-517
2.49,-0.431489,0.260902,0.232912,N-L1-502-517
2.5,-0.432538,0.261047,0.232588,N-L1-502-517
2.51,-0.433586,0.261193,0.232267,N-L1-502-517
2.52,-0.434632,0.261339,0.231946,N-L1-502-517
2.53,-0.435675,0.261486,0.231627,N-L1-502-517
2.54,-0.436718,0.261632,0.23131,N-L1-502-517
2.55,-0.437758,0.26178,0.230995,N-L1-502-517
2.56,-0.438797,0.261927,0.230681,N-L1-502-517
2.57,-0.439834,0.262075,0.230369,N-L1-502-517
2.58,-0.440869,0.262223,0.230059,N-L1-502-517
2.59,-0.441902,0.262372,0.22975,N-L1-502-517
2.6,-0.442934,0.262521,0.229443,N-L1-502-517
2.61,-0.443964,0.26267,0.229138,N-L1-502-517
2.62,-0.444992,0.26282,0.228834,N-L1-502-517
2.63,-0.446018,0.26297,0.228532,N-L1-502-517
2.64,-0.447043,0.26312,0.228232,N-L1-502-517
2.65,-0.448066,0.263271,0.227934,N-L1-502-517
2.66,-0.449087,0.263422,0.227637,N-L1-502-517
2.67,-0.450106,0.263573,0.227342,N-L1-502-517
2.68,-0.451124,0.263725,0.227049,N-L1-502-517
2.69,-0.45214,0.263877,0.226758,N-L1-502-517
2.7,-0.453154,0.264029,0.226468,N-L1-502-517
2.71,-0.454166,0.264182,0.22618,N-L1-502-517
2.72,-0.455177,0.264335,0.225894,N-L1-502-517
2.73,-0.456186,0.264488,0.225609,N-L1-502-517
2.74,-0.457193,0.264642,0.225327,N-L1-502-517
2.75,-0.458198,0.264796,0.225046,N-L1-502-517
2.76,-0.459202,0.264951,0.224767,N-L1-502-517
2.77,-0.460203,0.265105,0.22449,N-L1-502-517
2.78,-0.461203,0.26526,0.224215,N-L1-502-517
2.79,-0.462202,0.265416,0.223941,N-L1-502-517
2.8,-0.463198,0.265572,0.223669,N-L1-502-517
2.81,-0.464193,0.265728,0.2234,N-L1-502-517
2.82,-0.465186,0.265884,0.223132,N-L1-502-517
2.83,-0.466177,0.266041,0.222865,N-L1-502-517
2.84,-0.467167,0.266198,0.222601,N-L1-502-517
2.85,-0.468155,0.266355,0.222339,N-L1-502-517
2.86,-0.469141,0.266513,0.222078,N-L1-502-517
2.87,-0.470125,0.266671,0.221819,N-L1-502-517
2.88,-0.471107,0.26683,0.221563,N-L1-502-517
2.89,-0.472088,0.266989,0.221308,N-L1-502-517
2.9,-0.473067,0.267148,0.221055,N-L1-502-517
2.91,-0.474044,0.267307,0.220803,N-L1-502-517
2.92,-0.47502,0.267467,0.220554,N-L1-502-517
2.93,-0.475994,0.267627,0.220307,N-L1-502-517
2.94,-0.476966,0.267787,0.220061,N-L1-502-517
2.95,-0.477936,0.267948,0.219818,N-L1-502-517
2.96,-0.478905,0.268109,0.219576,N-L1-502-517
2.97,-0.479871,0.26827,0.219337,N-L1-502-517
2.98,-0.480836,0.268432,0.219099,N-L1-502-517
2.99,-0.4818,0.268594,0.218864,N-L1-502-517
3,-0.482761,0.268757,0.21863,N-L1-502-517
3.01,-0.483721,0.268919,0.218398,N-L1-502-517
3.02,-0.484679,0.269082,0.218168,N-L1-502-517
3.03,-0.485635,0.269246,0.21794,N-L1-502-517
3.04,-0.48659,0.269409,0.217715,N-L1-502-517
3.05,-0.487543,0.269573,0.217491,N-L1-502-517
3.06,-0.488494,0.269738,0.217269,N-L1-502-517
3.07,-0.489443,0.269902,0.217049,N-L1-502-517
3.08,-0.490391,0.270067,0.216831,N-L1-502-517
3.09,-0.491337,0.270232,0.216615,N-L1-502-517
3.1,-0.492281,0.270398,0.216402,N-L1-502-517
3.11,-0.493224,0.270564,0.21619,N-L1-502-517
3.12,-0.494164,0.27073,0.21598,N-L1-502-517
3.13,-0.495103,0.270896,0.215772,N-L1-502-517
3.14,-0.49604,0.271063,0.215567,N-L1-502-517
3.15,-0.496976,0.27123,0.215363,N-L1-502-517
3.16,-0.49791,0.271398,0.215162,N-L1-502-517
3.17,-0.498842,0.271566,0.214962,N-L1-502-517
3.18,-0.499772,0.271734,0.214765,N-L1-502-517
3.19,-0.500701,0.271902,0.214569,N-L1-502-517
3.2,-0.501627,0.272071,0.214376,N-L1-502-517
1.8,0.392411,0.420438,0.907573,N-L1-541-557
1.81,0.389466,0.419867,0.9063,N-L1-541-557
1.82,0.386508,0.4193,0.905031,N-L1-541-557
1.83,0.383539,0.418737,0.903765,N-L1-541-557
1.84,0.380558,0.418179,0.902503,N-L1-541-557
1.85,0.377565,0.417626,0.901244,N-L1-541-557
1.86,0.37456,0.417076,0.899989,N-L1-541-557
1.87,0.371543,0.416531,0.898737,N-L1-541-557
1.88,0.368514,0.415991,0.897489,N-L1-541-557
1.89,0.365473,0.415455,0.896245,N-L1-541-557
1.9,0.362421,0.414923,0.895004,N-L1-541-557
1.91,0.359357,0.414396,0.893766,N-L1-541-557
1.92,0.356282,0.413873,0.892533,N-L1-541-557
1.93,0.353194,0.413355,0.891303,N-L1-541-557
1.94,0.350096,0.412841,0.890076,N-L1-541-557
1.95,0.346985,0.412332,0.888853,N-L1-541-557
1.96,0.343863,0.411828,0.887634,N-L1-541-557
1.97,0.34073,0.411328,0.886419,N-L1-541-557
1.98,0.337585,0.410832,0.885207,N-L1-541-557
1.99,0.334429,0.410341,0.883999,N-L1-541-557
2,0.331262,0.409855,0.882795,N-L1-541-557
2.01,0.328083,0.409374,0.881594,N-L1-541-557
2.02,0.324894,0.408897,0.880397,N-L1-541-557
2.03,0.321693,0.408424,0.879204,N-L1-541-557
2.04,0.318481,0.407957,0.878015,N-L1-541-557
2.05,0.315258,0.407494,0.876829,N-L1-541-557
2.06,0.312024,0.407036,0.875648,N-L1-541-557
2.07,0.308779,0.406582,0.87447,N-L1-541-557
2.08,0.305524,0.406134,0.873296,N-L1-541-557
2.09,0.302257,0.40569,0.872126,N-L1-541-557
2.1,0.29898,0.405251,0.87096,N-L1-541-557
2.11,0.295693,0.404816,0.869798,N-L1-541-557
2.12,0.292395,0.404387,0.868639,N-L1-541-557
2.13,0.289086,0.403962,0.867485,N-L1-541-557
2.14,0.285767,0.403542,0.866334,N-L1-541-557
2.15,0.282438,0.403127,0.865188,N-L1-541-557
2.16,0.279098,0.402717,0.864045,N-L1-541-557
2.17,0.275748,0.402312,0.862907,N-L1-541-557
2.18,0.272388,0.401912,0.861772,N-L1-541-557
2.19,0.269019,0.401516,0.860642,N-L1-541-557
2.2,0.265639,0.401126,0.859515,N-L1-541-557
2.21,0.262249,0.40074,0.858393,N-L1-541-557
2.22,0.25885,0.40036,0.857275,N-L1-541-557
2.23,0.255441,0.399984,0.85616,N-L1-541-557
2.24,0.252023,0.399613,0.85505,N-L1-541-557
2.25,0.248595,0.399248,0.853944,N-L1-541-557
2.26,0.245157,0.398887,0.852843,N-L1-541-557
2.27,0.241711,0.398531,0.851745,N-L1-541-557
2.28,0.238255,0.398181,0.850651,N-L1-541-557
2.29,0.23479,0.397835,0.849562,N-L1-541-557
2.3,0.231316,0.397495,0.848477,N-L1-541-557
2.31,0.227834,0.39716,0.847396,N-L1-541-557
2.32,0.224342,0.396829,0.846319,N-L1-541-557
2.33,0.220842,0.396504,0.845247,N-L1-541-557
2.34,0.217334,0.396184,0.844179,N-L1-541-557
2.35,0.213816,0.395869,0.843115,N-L1-541-557
2.36,0.210291,0.395559,0.842055,N-L1-541-557
2.37,0.206757,0.395255,0.841,N-L1-541-557
2.38,0.203216,0.394955,0.839949,N-L1-541-557
2.39,0.199666,0.394661,0.838902,N-L1-541-557
2.4,0.196108,0.394372,0.83786,N-L1-541-557
2.41,0.192543,0.394088,0.836822,N-L1-541-557
2.42,0.18897,0.39381,0.835789,N-L1-541-557
2.43,0.185389,0.393536,0.83476,N-L1-541-557
2.44,0.181801,0.393268,0.833735,N-L1-541-557
2.45,0.178206,0.393005,0.832715,N-L1-541-557
2.46,0.174604,0.392747,0.831699,N-L1-541-557
2.47,0.170994,0.392495,0.830688,N-L1-541-557
2.48,0.167378,0.392248,0.829682,N-L1-541-557
2.49,0.163755,0.392006,0.828679,N-L1-541-557
2.5,0.160125,0.391769,0.827682,N-L1-541-557
2.51,0.156489,0.391538,0.826689,N-L1-541-557
2.52,0.152846,0.391312,0.8257,N-L1-541-557
2.53,0.149198,0.391092,0.824716,N-L1-541-557
2.54,0.145543,0.390876,0.823737,N-L1-541-557
2.55,0.141882,0.390666,0.822762,N-L1-541-557
2.56,0.138215,0.390462,0.821792,N-L1-541-557
2.57,0.134543,0.390263,0.820826,N-L1-541-557
2.58,0.130865,0.390069,0.819865,N-L1-541-557
2.59,0.127181,0.38988,0.818909,N-L1-541-557
2.6,0.123493,0.389697,0.817958,N-L1-541-557
2.61,0.119799,0.38952,0.817011,N-L1-541-557
2.62,0.1161,0.389347,0.816069,N-L1-541-557
2.63,0.112396,0.38918,0.815132,N-L1-541-557
2.64,0.108688,0.389019,0.814199,N-L1-541-557
2.65,0.104975,0.388863,0.813271,N-L1-541-557
2.66,0.101258,0.388712,0.812348,N-L1-541-557
2.67,0.0975365,0.388567,0.81143,N-L1-541-557
2.68,0.093811,0.388427,0.810517,N-L1-541-557
2.69,0.0900814,0.388293,0.809608,N-L1-541-557
2.7,0.0863481,0.388164,0.808705,N-L1-541-557
2.71,0.0826112,0.388041,0.807806,N-L1-541-557
2.72,0.0788707,0.387923,0.806912,N-L1-541-557
2.73,0.0751269,0.38781,0.806023,N-L1-541-557
2.74,0.07138,0.387703,0.805139,N-L1-541-557
2.75,0.06763,0.387602,0.80426,N-L1-541-557
2.76,0.0638772,0.387506,0.803386,N-L1-541-557
2.77,0.0601216,0.387415,0.802517,N-L1-541-557
2.78,0.0563635,0.38733,0.801652,N-L1-541-557
2.79,0.052603,0.38725,0.800793,N-L1-541-557
2.8,0.0488402,0.387176,0.799939,N-L1-541-557
2.81,0.0450754,0.387108,0.79909,N-L1-541-557
2.82,0.0413086,0.387045,0.798246,N-L1-541-557
2.83,0.0375401,0.386987,0.797407,N-L1-541-557
2.84,0.03377,0.386935,0.796573,N-L1-541-557
2.85,0.0299984,0.386888,0.795744,N-L1-541-557
2.86,0.0262256,0.386847,0.79492,N-L1-541-557
2.87,0.0224516,0.386812,0.794102,N-L1-541-557
2.88,0.0186767,0.386782,0.793288,N-L1-541-557
2.89,0.014901,0.386757,0.79248,N-L1-541-557
2.9,0.0111246,0.386738,0.791677,N-L1-541-557
2.91,0.00734778,0.386725,0.790879,N-L1-541-557
2.92,0.00357063,0.386717,0.790086,N-L1-541-557
2.93,-0.000206679,0.386714,0.789299,N-L1-541-557
2.94,-0.00398397,0.386717,0.788517,N-L1-541-557
2.95,-0.0077611,0.386726,0.78774,N-L1-541-557
2.96,-0.0115379,0.38674,0.786968,N-L1-541-557
2.97,-0.0153142,0.38676,0.786201,N-L1-541-557
2.98,-0.0190898,0.386785,0.78544,N-L1-541-557
2.99,-0.0228647,0.386815,0.784685,N-L1-541-557
3,-0.0266385,0.386852,0.783934,N-L1-541-557
3.01,-0.0304112,0.386893,0.783189,N-L1-541-557
3.02,-0.0341826,0.38694,0.782449,N-L1-541-557
3.03,-0.0379526,0.386993,0.781715,N-L1-541-557
3.04,-0.0417209,0.387051,0.780986,N-L1-541-557
3.05,-0.0454875,0.387115,0.780262,N-L1-541-557
3.06,-0.0492521,0.387184,0.779544,N-L1-541-557
3.07,-0.0530146,0.387259,0.778831,N-L1-541-557
3.08,-0.0567749,0.387339,0.778124,N-L1-541-557
3.09,-0.0605327,0.387425,0.777422,N-L1-541-557
3.1,-0.064288,0.387516,0.776726,N-L1-541-557
3.11,-0.0680405,0.387613,0.776035,N-L1-541-557
3.12,-0.0717902,0.387715,0.77535,N-L1-541-557
3.13,-0.0755368,0.387822,0.77467,N-L1-541-557
3.14,-0.0792802,0.387935,0.773996,N-L1-541-557
3.15,-0.0830203,0.388054,0.773328,N-L1-541-557
3.16,-0.0867568,0.388178,0.772665,N-L1-541-557
3.17,-0.0904897,0.388307,0.772007,N-L1-541-557
3.18,-0.0942188,0.388442,0.771355,N-L1-541-557
3.19,-0.097944,0.388583,0.770709,N-L1-541-557
3.2,-0.101665,0.388728,0.770068,N-L1-541-557
1.8,-0.0483021,0.138194,0.215537,O-L10-1-25
1.81,-0.0513291,0.138215,0.215746,O-L10-1-25
1.82,-0.0543548,0.138237,0.215956,O-L10-1-25
1.83,-0.0573789,0.138261,0.216169,O-L10-1-25
1.84,-0.0604015,0.138285,0.216384,O-L10-1-25
1.85,-0.0634224,0.138311,0.216601,O-L10-1-25
1.86,-0.0664416,0.138339,0.21682,O-L10-1-25
1.87,-0.0694589,0.138367,0.217041,O-L10-1-25
1.88,-0.0724743,0.138397,0.217265,O-L10-1-25
1.89,-0.0754878,0.138428,0.21749,O-L10-1-25
1.9,-0.0784992,0.13846,0.217718,O-L10-1-25
1.91,-0.0815084,0.138494,0.217947,O-L10-1-25
1.92,-0.0845154,0.138528,0.218179,O-L10-1-25
1.93,-0.0875201,0.138565,0.218413,O-L10-1-25
1.94,-0.0905224,0.138602,0.218649,O-L10-1-25
1.95,-0.0935223,0.13864,0.218887,O-L10-1-25
1.96,-0.0965196,0.13868,0.219127,O-L10-1-25
1.97,-0.0995143,0.138721,0.219368,O-L10-1-25
1.98,-0.102506,0.138764,0.219612,O-L10-1-25
1.99,-0.105495,0.138807,0.219859,O-L10-1-25
2,-0.108482,0.138852,0.220107,O-L10-1-25
2.01,-0.111465,0.138898,0.220357,O-L10-1-25
2.02,-0.114446,0.138946,0.220609,O-L10-1-25
2.03,-0.117423,0.138994,0.220863,O-L10-1-25
2.04,-0.120397,0.139044,0.221119,O-L10-1-25
2.05,-0.123368,0.139095,0.221377,O-L10-1-25
2.06,-0.126336,0.139148,0.221637,O-L10-1-25
2.07,-0.1293,0.139201,0.221899,O-L10-1-25
2.08,-0.132261,0.139256,0.222163,O-L10-1-25
2.09,-0.135218,0.139312,0.222429,O-L10-1-25
2.1,-0.138171,0.13937,0.222697,O-L10-1-25
2.11,-0.141121,0.139428,0.222966,O-L10-1-25
2.12,-0.144067,0.139488,0.223238,O-L10-1-25
2.13,-0.14701,0.139549,0.223512,O-L10-1-25
2.14,-0.149948,0.139611,0.223787,O-L10-1-25
2.15,-0.152883,0.139675,0.224065,O-L10-1-25
2.16,-0.155813,0.13974,0.224344,O-L10-1-25
2.17,-0.158739,0.139806,0.224626,O-L10-1-25
2.18,-0.161662,0.139873,0.224909,O-L10-1-25
2.19,-0.164579,0.139941,0.225194,O-L10-1-25
2.2,-0.167493,0.140011,0.225481,O-L10-1-25
2.21,-0.170402,0.140082,0.22577,O-L10-1-25
2.22,-0.173307,0.140154,0.226061,O-L10-1-25
2.23,-0.176207,0.140227,0.226353,O-L10-1-25
2.24,-0.179103,0.140301,0.226648,O-L10-1-25
2.25,-0.181994,0.140377,0.226944,O-L10-1-25
2.26,-0.18488,0.140454,0.227242,O-L10-1-25
2.27,-0.187762,0.140532,0.227542,O-L10-1-25
2.28,-0.190638,0.140612,0.227844,O-L10-1-25
2.29,-0.19351,0.140692,0.228147,O-L10-1-25
2.3,-0.196377,0.140774,0.228453,O-L10-1-25
2.31,-0.199239,0.140857,0.22876,O-L10-1-25
2.32,-0.202096,0.140941,0.229069,O-L10-1-25
2.33,-0.204947,0.141026,0.22938,O-L10-1-25
2.34,-0.207793,0.141113,0.229692,O-L10-1-25
2.35,-0.210635,0.141201,0.230006,O-L10-1-25
2.36,-0.21347,0.14129,0.230323,O-L10-1-25
2.37,-0.216301,0.14138,0.23064,O-L10-1-25
2.38,-0.219126,0.141471,0.23096,O-L10-1-25
2.39,-0.221945,0.141564,0.231281,O-L10-1-25
2.4,-0.224759,0.141657,0.231604,O-L10-1-25
2.41,-0.227567,0.141752,0.231929,O-L10-1-25
2.42,-0.23037,0.141848,0.232256,O-L10-1-25
2.43,-0.233167,0.141945,0.232584,O-L10-1-25
2.44,-0.235958,0.142044,0.232914,O-L10-1-25
2.45,-0.238743,0.142143,0.233245,O-L10-1-25
2.46,-0.241522,0.142244,0.233579,O-L10-1-25
2.47,-0.244296,0.142346,0.233914,O-L10-1-25
2.48,-0.247063,0.142449,0.23425,O-L10-1-25
2.49,-0.249825,0.142553,0.234589,O-L10-1-25
2.5,-0.25258,0.142658,0.234929,O-L10-1-25
2.51,-0.255329,0.142765,0.235271,O-L10-1-25
2.52,-0.258072,0.142873,0.235614,O-L10-1-25
2.53,-0.260809,0.142981,0.235959,O-L10-1-25
2.54,-0.26354,0.143091,0.236305,O-L10-1-25
2.55,-0.266264,0.143202,0.236654,O-L10-1-25
2.56,-0.268982,0.143315,0.237003,O-L10-1-25
2.57,-0.271693,0.143428,0.237355,O-L10-1-25
2.58,-0.274398,0.143543,0.237708,O-L10-1-25
2.59,-0.277097,0.143658,0.238063,O-L10-1-25
2.6,-0.279789,0.143775,0.238419,O-L10-1-25
2.61,-0.282474,0.143893,0.238777,O-L10-1-25
2.62,-0.285153,0.144012,0.239136,O-L10-1-25
2.63,-0.287825,0.144132,0.239497,O-L10-1-25
2.64,-0.29049,0.144253,0.23986,O-L10-1-25
2.65,-0.293149,0.144376,0.240224,O-L10-1-25
2.66,-0.295801,0.144499,0.240589,O-L10-1-25
2.67,-0.298446,0.144624,0.240957,O-L10-1-25
2.68,-0.301084,0.14475,0.241325,O-L10-1-25
2.69,-0.303715,0.144876,0.241696,O-L10-1-25
2.7,-0.306339,0.145004,0.242067,O-L10-1-25
2.71,-0.308957,0.145133,0.242441,O-L10-1-25
2.72,-0.311567,0.145263,0.242815,O-L10-1-25
2.73,-0.314171,0.145395,0.243192,O-L10-1-25
2.74,-0.316767,0.145527,0.243569,O-L10-1-25
2.75,-0.319356,0.14566,0.243949,O-L10-1-25
2.76,-0.321938,0.145795,0.244329,O-L10-1-25
2.77,-0.324513,0.14593,0.244712,O-L10-1-25
2.78,-0.327081,0.146067,0.245095,O-L10-1-25
2.79,-0.329641,0.146205,0.245481,O-L10-1-25
2.8,-0.332194,0.146344,0.245867,O-L10-1-25
2.81,-0.33474,0.146483,0.246255,O-L10-1-25
2.82,-0.337279,0.146624,0.246645,O-L10-1-25
2.83,-0.33981,0.146766,0.247036,O-L10-1-25
2.84,-0.342334,0.146909,0.247428,O-L10-1-25
2.85,-0.34485,0.147053,0.247822,O-L10-1-25
2.86,-0.34736,0.147199,0.248217,O-L10-1-25
2.87,-0.349861,0.147345,0.248613,O-L10-1-25
2.88,-0.352355,0.147492,0.249011,O-L10-1-25
2.89,-0.354842,0.14764,0.249411,O-L10-1-25
2.9,-0.357321,0.14779,0.249811,O-L10-1-25
2.91,-0.359793,0.14794,0.250213,O-L10-1-25
2.92,-0.362257,0.148091,0.250617,O-L10-1-25
2.93,-0.364714,0.148244,0.251022,O-L10-1-25
2.94,-0.367163,0.148397,0.251428,O-L10-1-25
2.95,-0.369604,0.148552,0.251836,O-L10-1-25
2.96,-0.372038,0.148707,0.252244,O-L10-1-25
2.97,-0.374464,0.148864,0.252655,O-L10-1-25
2.98,-0.376882,0.149022,0.253066,O-L10-1-25
2.99,-0.379293,0.14918,0.253479,O-L10-1-25
3,-0.381696,0.14934,0.253893,O-L10-1-25
3.01,-0.384091,0.1495,0.254309,O-L10-1-25
3.02,-0.386479,0.149662,0.254726,O-L10-1-25
3.03,-0.388859,0.149824,0.255144,O-L10-1-25
3.04,-0.391231,0.149988,0.255563,O-L10-1-25
3.05,-0.393595,0.150153,0.255984,O-L10-1-25
3.06,-0.395952,0.150318,0.256406,O-L10-1-25
3.07,-0.3983,0.150485,0.256829,O-L10-1-25
3.08,-0.400641,0.150652,0.257254,O-L10-1-25
3.09,-0.402974,0.150821,0.257679,O-L10-1-25
3.1,-0.4053,0.15099,0.258106,O-L10-1-25
3.11,-0.407617,0.151161,0.258535,O-L10-1-25
3.12,-0.409927,0.151332,0.258964,O-L10-1-25
3.13,-0.412228,0.151505,0.259395,O-L10-1-25
3.14,-0.414522,0.151678,0.259827,O-L10-1-25
3.15,-0.416808,0.151852,0.26026,O-L10-1-25
3.16,-0.419086,0.152028,0.260695,O-L10-1-25
3.17,-0.421357,0.152204,0.26113,O-L10-1-25
3.18,-0.423619,0.152381,0.261567,O-L10-1-25
3.19,-0.425873,0.152559,0.262005,O-L10-1-25
3.2,-0.42812,0.152738,0.262444,O-L10-1-25
1.8,0.919711,0.462025,0.255572,O-L10-26-50
1.81,0.919495,0.461433,0.255412,O-L10-26-50
1.82,0.919279,0.460841,0.255253,O-L10-26-50
1.83,0.919062,0.460249,0.255095,O-L10-26-50
1.84,0.918845,0.459657,0.254937,O-L10-26-50
1.85,0.918626,0.459065,0.25478,O-L10-26-50
1.86,0.918407,0.458474,0.254623,O-L10-26-50
1.87,0.918186,0.457882,0.254466,O-L10-26-50
1.88,0.917965,0.457291,0.25431,O-L10-26-50
1.89,0.917743,0.4567,0.254155,O-L10-26-50
1.9,0.91752,0.456109,0.254,O-L10-26-50
1.91,0.917296,0.455518,0.253845,O-L10-26-50
1.92,0.917072,0.454927,0.253691,O-L10-26-50
1.93,0.916846,0.454337,0.253538,O-L10-26-50
1.94,0.91662,0.453746,0.253385,O-L10-26-50
1.95,0.916393,0.453156,0.253233,O-L10-26-50
1.96,0.916165,0.452566,0.253081,O-L10-26-50
1.97,0.915935,0.451976,0.252929,O-L10-26-50
1.98,0.915706,0.451386,0.252778,O-L10-26-50
1.99,0.915475,0.450797,0.252628,O-L10-26-50
2,0.915243,0.450207,0.252478,O-L10-26-50
2.01,0.91501,0.449618,0.252328,O-L10-26-50
2.02,0.914777,0.449029,0.252179,O-L10-26-50
2.03,0.914542,0.44844,0.252031,O-L10-26-50
2.04,0.914307,0.447851,0.251883,O-L10-26-50
2.05,0.91407,0.447262,0.251736,O-L10-26-50
2.06,0.913833,0.446673,0.251589,O-L10-26-50
2.07,0.913595,0.446085,0.251442,O-L10-26-50
2.08,0.913356,0.445497,0.251296,O-L10-26-50
2.09,0.913116,0.444908,0.251151,O-L10-26-50
2.1,0.912874,0.44432,0.251006,O-L10-26-50
2.11,0.912632,0.443733,0.250862,O-L10-26-50
2.12,0.912389,0.443145,0.250718,O-L10-26-50
2.13,0.912145,0.442557,0.250575,O-L10-26-50
2.14,0.9119,0.44197,0.250432,O-L10-26-50
2.15,0.911655,0.441383,0.25029,O-L10-26-50
2.16,0.911408,0.440796,0.250148,O-L10-26-50
2.17,0.91116,0.440209,0.250007,O-L10-26-50
2.18,0.910911,0.439622,0.249866,O-L10-26-50
2.19,0.910661,0.439036,0.249726,O-L10-26-50
2.2,0.91041,0.438449,0.249586,O-L10-26-50
2.21,0.910158,0.437863,0.249447,O-L10-26-50
2.22,0.909905,0.437277,0.249308,O-L10-26-50
2.23,0.909651,0.436691,0.24917,O-L10-26-50
2.24,0.909396,0.436105,0.249032,O-L10-26-50
2.25,0.90914,0.43552,0.248895,O-L10-26-50
2.26,0.908883,0.434934,0.248759,O-L10-26-50
2.27,0.908625,0.434349,0.248623,O-L10-26-50
2.28,0.908366,0.433764,0.248487,O-L10-26-50
2.29,0.908106,0.433179,0.248352,O-L10-26-50
2.3,0.907845,0.432594,0.248218,O-L10-26-50
2.31,0.907582,0.43201,0.248084,O-L10-26-50
2.32,0.907319,0.431425,0.247951,O-L10-26-50
2.33,0.907055,0.430841,0.247818,O-L10-26-50
2.34,0.906789,0.430257,0.247686,O-L10-26-50
2.35,0.906523,0.429673,0.247554,O-L10-26-50
2.36,0.906255,0.429089,0.247423,O-L10-26-50
2.37,0.905986,0.428506,0.247292,O-L10-26-50
2.38,0.905716,0.427922,0.247162,O-L10-26-50
2.39,0.905445,0.427339,0.247032,O-L10-26-50
2.4,0.905173,0.426756,0.246903,O-L10-26-50
2.41,0.9049,0.426173,0.246775,O-L10-26-50
2.42,0.904626,0.425591,0.246647,O-L10-26-50
2.43,0.90435,0.425008,0.246519,O-L10-26-50
2.44,0.904074,0.424426,0.246392,O-L10-26-50
2.45,0.903796,0.423844,0.246266,O-L10-26-50
2.46,0.903517,0.423262,0.24614,O-L10-26-50
2.47,0.903237,0.42268,0.246015,O-L10-26-50
2.48,0.902956,0.422098,0.24589,O-L10-26-50
2.49,0.902674,0.421517,0.245766,O-L10-26-50
2.5,0.90239,0.420935,0.245642,O-L10-26-50
2.51,0.902105,0.420354,0.245519,O-L10-26-50
2.52,0.90182,0.419774,0.245397,O-L10-26-50
2.53,0.901532,0.419193,0.245275,O-L10-26-50
2.54,0.901244,0.418612,0.245153,O-L10-26-50
2.55,0.900955,0.418032,0.245032,O-L10-26-50
2.56,0.900664,0.417452,0.244912,O-L10-26-50
2.57,0.900372,0.416872,0.244792,O-L10-26-50
2.58,0.900079,0.416292,0.244673,O-L10-26-50
2.59,0.899785,0.415713,0.244554,O-L10-26-50
2.6,0.899489,0.415133,0.244436,O-L10-26-50
2.61,0.899192,0.414554,0.244319,O-L10-26-50
2.62,0.898894,0.413975,0.244202,O-L10-26-50
2.63,0.898595,0.413396,0.244085,O-L10-26-50
2.64,0.898294,0.412818,0.24397,O-L10-26-50
2.65,0.897993,0.412239,0.243854,O-L10-26-50
2.66,0.89769,0.411661,0.243739,O-L10-26-50
2.67,0.897385,0.411083,0.243625,O-L10-26-50
2.68,0.897079,0.410505,0.243512,O-L10-26-50
2.69,0.896773,0.409927,0.243399,O-L10-26-50
2.7,0.896464,0.40935,0.243286,O-L10-26-50
2.71,0.896155,0.408773,0.243174,O-L10-26-50
2.72,0.895844,0.408196,0.243063,O-L10-26-50
2.73,0.895532,0.407619,0.242952,O-L10-26-50
2.74,0.895218,0.407042,0.242842,O-L10-26-50
2.75,0.894903,0.406466,0.242732,O-L10-26-50
2.76,0.894587,0.40589,0.242623,O-L10-26-50
2.77,0.894269,0.405314,0.242514,O-L10-26-50
2.78,0.893951,0.404738,0.242406,O-L10-26-50
2.79,0.89363,0.404162,0.242299,O-L10-26-50
2.8,0.893309,0.403587,0.242192,O-L10-26-50
2.81,0.892986,0.403012,0.242086,O-L10-26-50
2.82,0.892661,0.402437,0.24198,O-L10-26-50
2.83,0.892335,0.401862,0.241875,O-L10-26-50
2.84,0.892008,0.401287,0.241771,O-L10-26-50
2.85,0.89168,0.400713,0.241667,O-L10-26-50
2.86,0.891349,0.400139,0.241563,O-L10-26-50
2.87,0.891018,0.399565,0.24146,O-L10-26-50
2.88,0.890685,0.398991,0.241358,O-L10-26-50
2.89,0.890351,0.398417,0.241257,O-L10-26-50
2.9,0.890015,0.397844,0.241155,O-L10-26-50
2.91,0.889678,0.397271,0.241055,O-L10-26-50
2.92,0.889339,0.396698,0.240955,O-L10-26-50
2.93,0.888999,0.396126,0.240856,O-L10-26-50
2.94,0.888657,0.395553,0.240757,O-L10-26-50
2.95,0.888314,0.394981,0.240659,O-L10-26-50
2.96,0.88797,0.394409,0.240561,O-L10-26-50
2.97,0.887623,0.393837,0.240464,O-L10-26-50
2.98,0.887276,0.393266,0.240368,O-L10-26-50
2.99,0.886927,0.392694,0.240272,O-L10-26-50
3,0.886576,0.392123,0.240177,O-L10-26-50
3.01,0.886224,0.391552,0.240082,O-L10-26-50
3.02,0.88587,0.390982,0.239988,O-L10-26-50
3.03,0.885515,0.390411,0.239894,O-L10-26-50
3.04,0.885158,0.389841,0.239802,O-L10-26-50
3.05,0.884799,0.389271,0.239709,O-L10-26-50
3.06,0.884439,0.388702,0.239618,O-L10-26-50
3.07,0.884078,0.388132,0.239526,O-L10-26-50
3.08,0.883715,0.387563,0.239436,O-L10-26-50
3.09,0.88335,0.386994,0.239346,O-L10-26-50
3.1,0.882983,0.386425,0.239257,O-L10-26-50
3.11,0.882615,0.385857,0.239168,O-L10-26-50
3.12,0.882246,0.385288,0.23908,O-L10-26-50
3.13,0.881874,0.38472,0.238992,O-L10-26-50
3.14,0.881501,0.384152,0.238905,O-L10-26-50
3.15,0.881127,0.383585,0.238819,O-L10-26-50
3.16,0.880751,0.383017,0.238733,O-L10-26-50
3.17,0.880373,0.38245,0.238648,O-L10-26-50
3.18,0.879993,0.381883,0.238563,O-L10-26-50
3.19,0.879612,0.381317,0.238479,O-L10-26-50
3.2,0.879229,0.380751,0.238396,O-L10-26-50
1.8,0.871757,1.13633,0.422335,O-L11-2-65
1.81,0.871551,1.13549,0.422155,O-L11-2-65
1.82,0.871345,1.13464,0.421976,O-L11-2-65
1.83,0.871138,1.13379,0.421797,O-L11-2-65
1.84,0.870931,1.13294,0.421618,O-L11-2-65
1.85,0.870724,1.1321,0.421439,O-L11-2-65
1.86,0.870515,1.13125,0.42126,O-L11-2-65
1.87,0.870307,1.1304,0.421082,O-L11-2-65
1.88,0.870098,1.12956,0.420904,O-L11-2-65
1.89,0.869889,1.12871,0.420727,O-L11-2-65
1.9,0.869679,1.12786,0.42055,O-L11-2-65
1.91,0.869468,1.12702,0.420373,O-L11-2-65
1.92,0.869257,1.12617,0.420196,O-L11-2-65
1.93,0.869046,1.12533,0.420019,O-L11-2-65
1.94,0.868834,1.12448,0.419843,O-L11-2-65
1.95,0.868622,1.12364,0.419667,O-L11-2-65
1.96,0.868409,1.12279,0.419492,O-L11-2-65
1.97,0.868196,1.12195,0.419317,O-L11-2-65
1.98,0.867982,1.1211,0.419142,O-L11-2-65
1.99,0.867768,1.12026,0.418967,O-L11-2-65
2,0.867553,1.11941,0.418793,O-L11-2-65
2.01,0.867338,1.11857,0.418618,O-L11-2-65
2.02,0.867122,1.11773,0.418445,O-L11-2-65
2.03,0.866906,1.11688,0.418271,O-L11-2-65
2.04,0.866689,1.11604,0.418098,O-L11-2-65
2.05,0.866472,1.1152,0.417925,O-L11-2-65
2.06,0.866254,1.11435,0.417752,O-L11-2-65
2.07,0.866036,1.11351,0.41758,O-L11-2-65
2.08,0.865818,1.11267,0.417408,O-L11-2-65
2.09,0.865599,1.11183,0.417236,O-L11-2-65
2.1,0.865379,1.11098,0.417065,O-L11-2-65
2.11,0.865159,1.11014,0.416893,O-L11-2-65
2.12,0.864938,1.1093,0.416722,O-L11-2-65
2.13,0.864717,1.10846,0.416552,O-L11-2-65
2.14,0.864495,1.10762,0.416382,O-L11-2-65
2.15,0.864273,1.10678,0.416212,O-L11-2-65
2.16,0.86405,1.10594,0.416042,O-L11-2-65
2.17,0.863827,1.1051,0.415872,O-L11-2-65
2.18,0.863604,1.10426,0.415703,O-L11-2-65
2.19,0.863379,1.10342,0.415534,O-L11-2-65
2.2,0.863155,1.10258,0.415366,O-L11-2-65
2.21,0.862929,1.10174,0.415198,O-L11-2-65
2.22,0.862704,1.1009,0.41503,O-L11-2-65
2.23,0.862477,1.10006,0.414862,O-L11-2-65
2.24,0.862251,1.09922,0.414695,O-L11-2-65
2.25,0.862023,1.09838,0.414528,O-L11-2-65
2.26,0.861796,1.09754,0.414361,O-L11-2-65
2.27,0.861567,1.0967,0.414195,O-L11-2-65
2.28,0.861338,1.09587,0.414029,O-L11-2-65
2.29,0.861109,1.09503,0.413863,O-L11-2-65
2.3,0.860879,1.09419,0.413697,O-L11-2-65
2.31,0.860649,1.09335,0.413532,O-L11-2-65
2.32,0.860418,1.09252,0.413367,O-L11-2-65
2.33,0.860186,1.09168,0.413202,O-L11-2-65
2.34,0.859954,1.09084,0.413038,O-L11-2-65
2.35,0.859722,1.09001,0.412874,O-L11-2-65
2.36,0.859489,1.08917,0.41271,O-L11-2-65
2.37,0.859255,1.08833,0.412547,O-L11-2-65
2.38,0.859021,1.0875,0.412384,O-L11-2-65
2.39,0.858786,1.08666,0.412221,O-L11-2-65
2.4,0.858551,1.08583,0.412059,O-L11-2-65
2.41,0.858315,1.08499,0.411896,O-L11-2-65
2.42,0.858079,1.08416,0.411735,O-L11-2-65
2.43,0.857842,1.08332,0.411573,O-L11-2-65
2.44,0.857604,1.08249,0.411412,O-L11-2-65
2.45,0.857366,1.08165,0.411251,O-L11-2-65
2.46,0.857128,1.08082,0.41109,O-L11-2-65
2.47,0.856889,1.07999,0.41093,O-L11-2-65
2.48,0.856649,1.07915,0.41077,O-L11-2-65
2.49,0.856409,1.07832,0.41061,O-L11-2-65
2.5,0.856168,1.07749,0.41045,O-L11-2-65
2.51,0.855927,1.07665,0.410291,O-L11-2-65
2.52,0.855685,1.07582,0.410133,O-L11-2-65
2.53,0.855442,1.07499,0.409974,O-L11-2-65
2.54,0.855199,1.07416,0.409816,O-L11-2-65
2.55,0.854956,1.07332,0.409658,O-L11-2-65
2.56,0.854712,1.07249,0.4095,O-L11-2-65
2.57,0.854467,1.07166,0.409343,O-L11-2-65
2.58,0.854222,1.07083,0.409186,O-L11-2-65
2.59,0.853976,1.07,0.40903,O-L11-2-65
2.6,0.853729,1.06917,0.408873,O-L11-2-65
2.61,0.853482,1.06834,0.408717,O-L11-2-65
2.62,0.853235,1.06751,0.408562,O-L11-2-65
2.63,0.852987,1.06668,0.408406,O-L11-2-65
2.64,0.852738,1.06585,0.408251,O-L11-2-65
2.65,0.852488,1.06502,0.408096,O-L11-2-65
2.66,0.852239,1.06419,0.407942,O-L11-2-65
2.67,0.851988,1.06336,0.407788,O-L11-2-65
2.68,0.851737,1.06253,0.407634,O-L11-2-65
2.69,0.851485,1.0617,0.40748,O-L11-2-65
2.7,0.851233,1.06087,0.407327,O-L11-2-65
2.71,0.85098,1.06005,0.407174,O-L11-2-65
2.72,0.850727,1.05922,0.407022,O-L11-2-65
2.73,0.850473,1.05839,0.40687,O-L11-2-65
2.74,0.850218,1.05756,0.406718,O-L11-2-65
2.75,0.849963,1.05674,0.406566,O-L11-2-65
2.76,0.849707,1.05591,0.406415,O-L11-2-65
2.77,0.849451,1.05508,0.406264,O-L11-2-65
2.78,0.849194,1.05426,0.406113,O-L11-2-65
2.79,0.848936,1.05343,0.405963,O-L11-2-65
2.8,0.848678,1.05261,0.405813,O-L11-2-65
2.81,0.848419,1.05178,0.405663,O-L11-2-65
2.82,0.848159,1.05096,0.405514,O-L11-2-65
2.83,0.847899,1.05013,0.405365,O-L11-2-65
2.84,0.847639,1.04931,0.405216,O-L11-2-65
2.85,0.847377,1.04848,0.405068,O-L11-2-65
2.86,0.847115,1.04766,0.40492,O-L11-2-65
2.87,0.846853,1.04683,0.404772,O-L11-2-65
2.88,0.84659,1.04601,0.404624,O-L11-2-65
2.89,0.846326,1.04519,0.404477,O-L11-2-65
2.9,0.846062,1.04436,0.40433,O-L11-2-65
2.91,0.845797,1.04354,0.404184,O-L11-2-65
2.92,0.845531,1.04272,0.404038,O-L11-2-65
2.93,0.845265,1.04189,0.403892,O-L11-2-65
2.94,0.844998,1.04107,0.403746,O-L11-2-65
2.95,0.84473,1.04025,0.403601,O-L11-2-65
2.96,0.844462,1.03943,0.403456,O-L11-2-65
2.97,0.844193,1.03861,0.403312,O-L11-2-65
2.98,0.843924,1.03779,0.403168,O-L11-2-65
2.99,0.843654,1.03697,0.403024,O-L11-2-65
3,0.843383,1.03614,0.40288,O-L11-2-65
3.01,0.843111,1.03532,0.402737,O-L11-2-65
3.02,0.842839,1.0345,0.402594,O-L11-2-65
3.03,0.842567,1.03368,0.402452,O-L11-2-65
3.04,0.842293,1.03287,0.402309,O-L11-2-65
3.05,0.842019,1.03205,0.402167,O-L11-2-65
3.06,0.841745,1.03123,0.402026,O-L11-2-65
3.07,0.84147,1.03041,0.401885,O-L11-2-65
3.08,0.841194,1.02959,0.401744,O-L11-2-65
3.09,0.840917,1.02877,0.401603,O-L11-2-65
3.1,0.84064,1.02795,0.401463,O-L11-2-65
3.11,0.840362,1.02714,0.401323,O-L11-2-65
3.12,0.840083,1.02632,0.401183,O-L11-2-65
3.13,0.839804,1.0255,0.401044,O-L11-2-65
3.14,0.839524,1.02468,0.400905,O-L11-2-65
3.15,0.839243,1.02387,0.400766,O-L11-2-65
3.16,0.838962,1.02305,0.400628,O-L11-2-65
3.17,0.83868,1.02224,0.40049,O-L11-2-65
3.18,0.838398,1.02142,0.400353,O-L11-2-65
3.19,0.838114,1.0206,0.400215,O-L11-2-65
3.2,0.83783,1.01979,0.400078,O-L11-2-65
1.8,-0.596675,0.577327,0.205372,O-L12-1-34
1.81,-0.596934,0.577466,0.205384,O-L12-1-34
1.82,-0.597193,0.577604,0.205397,O-L12-1-34
1.83,-0.597451,0.577743,0.20541,O-L12-1-34
1.84,-0.59771,0.577882,0.205423,O-L12-1-34
1.85,-0.597968,0.57802,0.205437,O-L12-1-34
1.86,-0.598226,0.578159,0.205451,O-L12-1-34
1.87,-0.598483,0.578298,0.205465,O-L12-1-34
1.88,-0.598741,0.578437,0.205479,O-L12-1-34
1.89,-0.598998,0.578576,0.205494,O-L12-1-34
1.9,-0.599255,0.578715,0.205509,O-L12-1-34
1.91,-0.599512,0.578854,0.205524,O-L12-1-34
1.92,-0.599769,0.578994,0.205539,O-L12-1-34
1.93,-0.600026,0.579133,0.205555,O-L12-1-34
1.94,-0.600282,0.579272,0.205571,O-L12-1-34
1.95,-0.600538,0.579411,0.205587,O-L12-1-34
1.96,-0.600794,0.579551,0.205604,O-L12-1-34
1.97,-0.60105,0.57969,0.205621,O-L12-1-34
1.98,-0.601306,0.57983,0.205638,O-L12-1-34
1.99,-0.601561,0.57997,0.205655,O-L12-1-34
2,-0.601817,0.580109,0.205672,O-L12-1-34
2.01,-0.602072,0.580249,0.20569,O-L12-1-34
2.02,-0.602327,0.580389,0.205708,O-L12-1-34
2.03,-0.602582,0.580529,0.205727,O-L12-1-34
2.04,-0.602836,0.580668,0.205745,O-L12-1-34
2.05,-0.603091,0.580808,0.205764,O-L12-1-34
2.06,-0.603345,0.580948,0.205783,O-L12-1-34
2.07,-0.603599,0.581089,0.205803,O-L12-1-34
2.08,-0.603853,0.581229,0.205822,O-L12-1-34
2.09,-0.604106,0.581369,0.205842,O-L12-1-34
2.1,-0.60436,0.581509,0.205862,O-L12-1-34
2.11,-0.604613,0.581649,0.205883,O-L12-1-34
2.12,-0.604866,0.58179,0.205904,O-L12-1-34
2.13,-0.605119,0.58193,0.205925,O-L12-1-34
2.14,-0.605372,0.582071,0.205946,O-L12-1-34
2.15,-0.605624,0.582211,0.205967,O-L12-1-34
2.16,-0.605877,0.582352,0.205989,O-L12-1-34
2.17,-0.606129,0.582493,0.206011,O-L12-1-34
2.18,-0.606381,0.582633,0.206033,O-L12-1-34
2.19,-0.606633,0.582774,0.206056,O-L12-1-34
2.2,-0.606884,0.582915,0.206079,O-L12-1-34
2.21,-0.607136,0.583056,0.206102,O-L12-1-34
2.22,-0.607387,0.583197,0.206125,O-L12-1-34
2.23,-0.607638,0.583338,0.206149,O-L12-1-34
2.24,-0.607889,0.583479,0.206173,O-L12-1-34
2.25,-0.60814,0.58362,0.206197,O-L12-1-34
2.26,-0.60839,0.583761,0.206221,O-L12-1-34
2.27,-0.608641,0.583903,0.206246,O-L12-1-34
2.28,-0.608891,0.584044,0.206271,O-L12-1-34
2.29,-0.609141,0.584185,0.206296,O-L12-1-34
2.3,-0.609391,0.584327,0.206321,O-L12-1-34
2.31,-0.60964,0.584468,0.206347,O-L12-1-34
2.32,-0.60989,0.58461,0.206373,O-L12-1-34
2.33,-0.610139,0.584751,0.206399,O-L12-1-34
2.34,-0.610388,0.584893,0.206426,O-L12-1-34
2.35,-0.610637,0.585035,0.206453,O-L12-1-34
2.36,-0.610886,0.585176,0.20648,O-L12-1-34
2.37,-0.611135,0.585318,0.206507,O-L12-1-34
2.38,-0.611383,0.58546,0.206534,O-L12-1-34
2.39,-0.611631,0.585602,0.206562,O-L12-1-34
2.4,-0.611879,0.585744,0.20659,O-L12-1-34
2.41,-0.612127,0.585886,0.206619,O-L12-1-34
2.42,-0.612375,0.586028,0.206647,O-L12-1-34
2.43,-0.612622,0.58617,0.206676,O-L12-1-34
2.44,-0.612869,0.586313,0.206705,O-L12-1-34
2.45,-0.613116,0.586455,0.206735,O-L12-1-34
2.46,-0.613363,0.586597,0.206764,O-L12-1-34
2.47,-0.61361,0.58674,0.206794,O-L12-1-34
2.48,-0.613857,0.586882,0.206824,O-L12-1-34
2.49,-0.614103,0.587025,0.206855,O-L12-1-34
2.5,-0.614349,0.587167,0.206885,O-L12-1-34
2.51,-0.614595,0.58731,0.206916,O-L12-1-34
2.52,-0.614841,0.587453,0.206947,O-L12-1-34
2.53,-0.615087,0.587595,0.206979,O-L12-1-34
2.54,-0.615332,0.587738,0.207011,O-L12-1-34
2.55,-0.615578,0.587881,0.207043,O-L12-1-34
2.56,-0.615823,0.588024,0.207075,O-L12-1-34
2.57,-0.616068,0.588167,0.207107,O-L12-1-34
2.58,-0.616313,0.58831,0.20714,O-L12-1-34
2.59,-0.616557,0.588453,0.207173,O-L12-1-34
2.6,-0.616802,0.588596,0.207206,O-L12-1-34
2.61,-0.617046,0.588739,0.20724,O-L12-1-34
2.62,-0.61729,0.588883,0.207274,O-L12-1-34
2.63,-0.617534,0.589026,0.207308,O-L12-1-34
2.64,-0.617778,0.589169,0.207342,O-L12-1-34
2.65,-0.618021,0.589313,0.207377,O-L12-1-34
2.66,-0.618264,0.589456,0.207411,O-L12-1-34
2.67,-0.618508,0.5896,0.207446,O-L12-1-34
2.68,-0.618751,0.589743,0.207482,O-L12-1-34
2.69,-0.618993,0.589887,0.207517,O-L12-1-34
2.7,-0.619236,0.590031,0.207553,O-L12-1-34
2.71,-0.619479,0.590175,0.207589,O-L12-1-34
2.72,-0.619721,0.590318,0.207626,O-L12-1-34
2.73,-0.619963,0.590462,0.207662,O-L12-1-34
2.74,-0.620205,0.590606,0.207699,O-L12-1-34
2.75,-0.620447,0.59075,0.207736,O-L12-1-34
2.76,-0.620688,0.590894,0.207774,O-L12-1-34
2.77,-0.62093,0.591038,0.207811,O-L12-1-34
2.78,-0.621171,0.591183,0.207849,O-L12-1-34
2.79,-0.621412,0.591327,0.207887,O-L12-1-34
2.8,-0.621653,0.591471,0.207926,O-L12-1-34
2.81,-0.621894,0.591615,0.207964,O-L12-1-34
2.82,-0.622134,0.59176,0.208003,O-L12-1-34
2.83,-0.622374,0.591904,0.208043,O-L12-1-34
2.84,-0.622615,0.592049,0.208082,O-L12-1-34
2.85,-0.622855,0.592193,0.208122,O-L12-1-34
2.86,-0.623094,0.592338,0.208162,O-L12-1-34
2.87,-0.623334,0.592482,0.208202,O-L12-1-34
2.88,-0.623574,0.592627,0.208242,O-L12-1-34
2.89,-0.623813,0.592772,0.208283,O-L12-1-34
2.9,-0.624052,0.592917,0.208324,O-L12-1-34
2.91,-0.624291,0.593062,0.208365,O-L12-1-34
2.92,-0.62453,0.593207,0.208407,O-L12-1-34
2.93,-0.624768,0.593352,0.208448,O-L12-1-34
2.94,-0.625007,0.593497,0.20849,O-L12-1-34
2.95,-0.625245,0.593642,0.208533,O-L12-1-34
2.96,-0.625483,0.593787,0.208575,O-L12-1-34
2.97,-0.625721,0.593932,0.208618,O-L12-1-34
2.98,-0.625959,0.594077,0.208661,O-L12-1-34
2.99,-0.626196,0.594223,0.208704,O-L12-1-34
3,-0.626434,0.594368,0.208748,O-L12-1-34
3.01,-0.626671,0.594514,0.208791,O-L12-1-34
3.02,-0.626908,0.594659,0.208835,O-L12-1-34
3.03,-0.627145,0.594805,0.20888,O-L12-1-34
3.04,-0.627381,0.59495,0.208924,O-L12-1-34
3.05,-0.627618,0.595096,0.208969,O-L12-1-34
3.06,-0.627854,0.595242,0.209014,O-L12-1-34
3.07,-0.62809,0.595387,0.209059,O-L12-1-34
3.08,-0.628326,0.595533,0.209105,O-L12-1-34
3.09,-0.628562,0.595679,0.209151,O-L12-1-34
3.1,-0.628798,0.595825,0.209197,O-L12-1-34
3.11,-0.629033,0.595971,0.209243,O-L12-1-34
3.12,-0.629269,0.596117,0.209289,O-L12-1-34
3.13,-0.629504,0.596263,0.209336,O-L12-1-34
3.14,-0.629739,0.596409,0.209383,O-L12-1-34
3.15,-0.629973,0.596556,0.209431,O-L12-1-34
3.16,-0.630208,0.596702,0.209478,O-L12-1-34
3.17,-0.630442,0.596848,0.209526,O-L12-1-34
3.18,-0.630677,0.596994,0.209574,O-L12-1-34
3.19,-0.630911,0.597141,0.209622,O-L12-1-34
3.2,-0.631145,0.597287,0.209671,O-L12-1-34
1.8,0.284683,0.126009,0.209137,O-L13-1-15
1.81,0.283489,0.125962,0.209114,O-L13-1-15
1.82,0.282293,0.125916,0.209092,O-L13-1-15
1.83,0.281096,0.12587,0.209071,O-L13-1-15
1.84,0.279898,0.125824,0.20905,O-L13-1-15
1.85,0.278699,0.125778,0.20903,O-L13-1-15
1.86,0.277498,0.125733,0.209011,O-L13-1-15
1.87,0.276295,0.125687,0.208992,O-L13-1-15
1.88,0.275092,0.125642,0.208973,O-L13-1-15
1.89,0.273887,0.125597,0.208956,O-L13-1-15
1.9,0.272681,0.125553,0.208939,O-L13-1-15
1.91,0.271474,0.125508,0.208922,O-L13-1-15
1.92,0.270265,0.125464,0.208906,O-L13-1-15
1.93,0.269055,0.12542,0.208891,O-L13-1-15
1.94,0.267844,0.125376,0.208876,O-L13-1-15
1.95,0.266632,0.125332,0.208862,O-L13-1-15
1.96,0.265418,0.125288,0.208849,O-L13-1-15
1.97,0.264203,0.125245,0.208836,O-L13-1-15
1.98,0.262987,0.125202,0.208823,O-L13-1-15
1.99,0.261769,0.125159,0.208812,O-L13-1-15
2,0.26055,0.125116,0.208801,O-L13-1-15
2.01,0.25933,0.125074,0.20879,O-L13-1-15
2.02,0.258109,0.125031,0.20878,O-L13-1-15
2.03,0.256887,0.124989,0.208771,O-L13-1-15
2.04,0.255663,0.124947,0.208762,O-L13-1-15
2.05,0.254438,0.124905,0.208754,O-L13-1-15
2.06,0.253212,0.124864,0.208746,O-L13-1-15
2.07,0.251984,0.124823,0.20874,O-L13-1-15
2.08,0.250756,0.124781,0.208733,O-L13-1-15
2.09,0.249526,0.12474,0.208727,O-L13-1-15
2.1,0.248295,0.1247,0.208722,O-L13-1-15
2.11,0.247063,0.124659,0.208718,O-L13-1-15
2.12,0.245829,0.124619,0.208714,O-L13-1-15
2.13,0.244594,0.124579,0.208711,O-L13-1-15
2.14,0.243359,0.124539,0.208708,O-L13-1-15
2.15,0.242122,0.124499,0.208706,O-L13-1-15
2.16,0.240883,0.12446,0.208704,O-L13-1-15
2.17,0.239644,0.12442,0.208703,O-L13-1-15
2.18,0.238403,0.124381,0.208703,O-L13-1-15
2.19,0.237162,0.124342,0.208703,O-L13-1-15
2.2,0.235919,0.124303,0.208704,O-L13-1-15
2.21,0.234675,0.124265,0.208706,O-L13-1-15
2.22,0.23343,0.124227,0.208708,O-L13-1-15
2.23,0.232183,0.124188,0.20871,O-L13-1-15
2.24,0.230936,0.124151,0.208713,O-L13-1-15
2.25,0.229687,0.124113,0.208717,O-L13-1-15
2.26,0.228437,0.124075,0.208722,O-L13-1-15
2.27,0.227187,0.124038,0.208727,O-L13-1-15
2.28,0.225934,0.124001,0.208733,O-L13-1-15
2.29,0.224681,0.123964,0.208739,O-L13-1-15
2.3,0.223427,0.123927,0.208746,O-L13-1-15
2.31,0.222172,0.123891,0.208753,O-L13-1-15
2.32,0.220915,0.123855,0.208761,O-L13-1-15
2.33,0.219658,0.123819,0.20877,O-L13-1-15
2.34,0.218399,0.123783,0.208779,O-L13-1-15
2.35,0.217139,0.123747,0.208789,O-L13-1-15
2.36,0.215878,0.123712,0.208799,O-L13-1-15
2.37,0.214616,0.123677,0.20881,O-L13-1-15
2.38,0.213353,0.123642,0.208822,O-L13-1-15
2.39,0.212089,0.123607,0.208834,O-L13-1-15
2.4,0.210824,0.123572,0.208847,O-L13-1-15
2.41,0.209558,0.123538,0.208861,O-L13-1-15
2.42,0.208291,0.123503,0.208875,O-L13-1-15
2.43,0.207023,0.12347,0.208889,O-L13-1-15
2.44,0.205753,0.123436,0.208904,O-L13-1-15
2.45,0.204483,0.123402,0.20892,O-L13-1-15
2.46,0.203211,0.123369,0.208937,O-L13-1-15
2.47,0.201939,0.123336,0.208954,O-L13-1-15
2.48,0.200665,0.123303,0.208971,O-L13-1-15
2.49,0.199391,0.12327,0.20899,O-L13-1-15
2.5,0.198115,0.123237,0.209008,O-L13-1-15
2.51,0.196839,0.123205,0.209028,O-L13-1-15
2.52,0.195561,0.123173,0.209048,O-L13-1-15
2.53,0.194283,0.123141,0.209068,O-L13-1-15
2.54,0.193003,0.123109,0.20909,O-L13-1-15
2.55,0.191723,0.123078,0.209111,O-L13-1-15
2.56,0.190441,0.123047,0.209134,O-L13-1-15
2.57,0.189159,0.123016,0.209157,O-L13-1-15
2.58,0.187876,0.122985,0.20918,O-L13-1-15
2.59,0.186591,0.122954,0.209205,O-L13-1-15
2.6,0.185306,0.122924,0.209229,O-L13-1-15
2.61,0.18402,0.122893,0.209255,O-L13-1-15
2.62,0.182732,0.122863,0.209281,O-L13-1-15
2.63,0.181444,0.122834,0.209307,O-L13-1-15
2.64,0.180155,0.122804,0.209334,O-L13-1-15
2.65,0.178865,0.122775,0.209362,O-L13-1-15
2.66,0.177574,0.122745,0.209391,O-L13-1-15
2.67,0.176282,0.122716,0.20942,O-L13-1-15
2.68,0.174989,0.122688,0.209449,O-L13-1-15
2.69,0.173696,0.122659,0.209479,O-L13-1-15
2.7,0.172401,0.122631,0.20951,O-L13-1-15
2.71,0.171106,0.122603,0.209541,O-L13-1-15
2.72,0.169809,0.122575,0.209573,O-L13-1-15
2.73,0.168512,0.122547,0.209606,O-L13-1-15
2.74,0.167214,0.12252,0.209639,O-L13-1-15
2.75,0.165915,0.122492,0.209672,O-L13-1-15
2.76,0.164615,0.122465,0.209707,O-L13-1-15
2.77,0.163314,0.122439,0.209741,O-L13-1-15
2.78,0.162013,0.122412,0.209777,O-L13-1-15
2.79,0.16071,0.122385,0.209813,O-L13-1-15
2.8,0.159407,0.122359,0.20985,O-L13-1-15
2.81,0.158103,0.122333,0.209887,O-L13-1-15
2.82,0.156798,0.122308,0.209925,O-L13-1-15
2.83,0.155492,0.122282,0.209963,O-L13-1-15
2.84,0.154186,0.122257,0.210002,O-L13-1-15
2.85,0.152878,0.122232,0.210042,O-L13-1-15
2.86,0.15157,0.122207,0.210082,O-L13-1-15
2.87,0.150261,0.122182,0.210122,O-L13-1-15
2.88,0.148951,0.122157,0.210164,O-L13-1-15
2.89,0.147641,0.122133,0.210206,O-L13-1-15
2.9,0.14633,0.122109,0.210248,O-L13-1-15
2.91,0.145018,0.122085,0.210291,O-L13-1-15
2.92,0.143705,0.122062,0.210335,O-L13-1-15
2.93,0.142391,0.122038,0.210379,O-L13-1-15
2.94,0.141077,0.122015,0.210424,O-L13-1-15
2.95,0.139762,0.121992,0.21047,O-L13-1-15
2.96,0.138446,0.121969,0.210516,O-L13-1-15
2.97,0.137129,0.121947,0.210562,O-L13-1-15
2.98,0.135812,0.121924,0.210609,O-L13-1-15
2.99,0.134494,0.121902,0.210657,O-L13-1-15
3,0.133175,0.12188,0.210706,O-L13-1-15
3.01,0.131856,0.121859,0.210754,O-L13-1-15
3.02,0.130535,0.121837,0.210804,O-L13-1-15
3.03,0.129214,0.121816,0.210854,O-L13-1-15
3.04,0.127893,0.121795,0.210905,O-L13-1-15
3.05,0.126571,0.121774,0.210956,O-L13-1-15
3.06,0.125248,0.121753,0.211008,O-L13-1-15
3.07,0.123924,0.121733,0.21106,O-L13-1-15
3.08,0.1226,0.121713,0.211113,O-L13-1-15
3.09,0.121275,0.121693,0.211167,O-L13-1-15
3.1,0.11995,0.121673,0.211221,O-L13-1-15
3.11,0.118623,0.121654,0.211276,O-L13-1-15
3.12,0.117297,0.121634,0.211331,O-L13-1-15
3.13,0.115969,0.121615,0.211387,O-L13-1-15
3.14,0.114641,0.121596,0.211443,O-L13-1-15
3.15,0.113312,0.121578,0.211501,O-L13-1-15
3.16,0.111983,0.121559,0.211558,O-L13-1-15
3.17,0.110653,0.121541,0.211616,O-L13-1-15
3.18,0.109323,0.121523,0.211675,O-L13-1-15
3.19,0.107992,0.121505,0.211734,O-L13-1-15
3.2,0.10666,0.121488,0.211794,O-L13-1-15
1.8,-0.450552,1.01927,0.519512,O-L15-1-60
1.81,-0.451862,1.02002,0.51874,O-L15-1-60
1.82,-0.453168,1.02078,0.51797,O-L15-1-60
1.83,-0.454472,1.02154,0.517202,O-L15-1-60
1.84,-0.455773,1.02231,0.516434,O-L15-1-60
1.85,-0.457071,1.02307,0.515667,O-L15-1-60
1.86,-0.458366,1.02384,0.514902,O-L15-1-60
1.87,-0.459658,1.02461,0.514138,O-L15-1-60
1.88,-0.460947,1.02538,0.513375,O-L15-1-60
1.89,-0.462234,1.02615,0.512613,O-L15-1-60
1.9,-0.463517,1.02693,0.511853,O-L15-1-60
1.91,-0.464798,1.02771,0.511093,O-L15-1-60
1.92,-0.466075,1.02849,0.510335,O-L15-1-60
1.93,-0.46735,1.02927,0.509578,O-L15-1-60
1.94,-0.468622,1.03006,0.508822,O-L15-1-60
1.95,-0.469891,1.03084,0.508068,O-L15-1-60
1.96,-0.471157,1.03163,0.507315,O-L15-1-60
1.97,-0.47242,1.03242,0.506563,O-L15-1-60
1.98,-0.47368,1.03322,0.505812,O-L15-1-60
1.99,-0.474937,1.03401,0.505062,O-L15-1-60
2,-0.476191,1.03481,0.504314,O-L15-1-60
2.01,-0.477443,1.03561,0.503567,O-L15-1-60
2.02,-0.478692,1.03641,0.502821,O-L15-1-60
2.03,-0.479937,1.03721,0.502077,O-L15-1-60
2.04,-0.48118,1.03802,0.501333,O-L15-1-60
2.05,-0.48242,1.03883,0.500591,O-L15-1-60
2.06,-0.483657,1.03964,0.499851,O-L15-1-60
2.07,-0.484891,1.04045,0.499111,O-L15-1-60
2.08,-0.486122,1.04126,0.498373,O-L15-1-60
2.09,-0.48735,1.04208,0.497636,O-L15-1-60
2.1,-0.488576,1.0429,0.496901,O-L15-1-60
2.11,-0.489798,1.04372,0.496167,O-L15-1-60
2.12,-0.491018,1.04454,0.495434,O-L15-1-60
2.13,-0.492235,1.04536,0.494702,O-L15-1-60
2.14,-0.493449,1.04619,0.493972,O-L15-1-60
2.15,-0.49466,1.04702,0.493243,O-L15-1-60
2.16,-0.495868,1.04785,0.492516,O-L15-1-60
2.17,-0.497073,1.04868,0.491789,O-L15-1-60
2.18,-0.498276,1.04952,0.491065,O-L15-1-60
2.19,-0.499475,1.05035,0.490341,O-L15-1-60
2.2,-0.500672,1.05119,0.489619,O-L15-1-60
2.21,-0.501866,1.05203,0.488898,O-L15-1-60
2.22,-0.503056,1.05287,0.488179,O-L15-1-60
2.23,-0.504245,1.05372,0.487461,O-L15-1-60
2.24,-0.50543,1.05456,0.486744,O-L15-1-60
2.25,-0.506612,1.05541,0.486029,O-L15-1-60
2.26,-0.507792,1.05626,0.485315,O-L15-1-60
2.27,-0.508968,1.05712,0.484603,O-L15-1-60
2.28,-0.510142,1.05797,0.483892,O-L15-1-60
2.29,-0.511313,1.05883,0.483183,O-L15-1-60
2.3,-0.512481,1.05969,0.482474,O-L15-1-60
2.31,-0.513647,1.06055,0.481768,O-L15-1-60
2.32,-0.514809,1.06141,0.481063,O-L15-1-60
2.33,-0.515969,1.06227,0.480359,O-L15-1-60
2.34,-0.517126,1.06314,0.479656,O-L15-1-60
2.35,-0.51828,1.06401,0.478956,O-L15-1-60
2.36,-0.519431,1.06488,0.478256,O-L15-1-60
2.37,-0.520579,1.06575,0.477558,O-L15-1-60
2.38,-0.521725,1.06662,0.476862,O-L15-1-60
2.39,-0.522867,1.0675,0.476167,O-L15-1-60
2.4,-0.524007,1.06838,0.475473,O-L15-1-60
2.41,-0.525144,1.06925,0.474781,O-L15-1-60
2.42,-0.526278,1.07014,0.474091,O-L15-1-60
2.43,-0.52741,1.07102,0.473402,O-L15-1-60
2.44,-0.528539,1.0719,0.472714,O-L15-1-60
2.45,-0.529665,1.07279,0.472029,O-L15-1-60
2.46,-0.530788,1.07368,0.471344,O-L15-1-60
2.47,-0.531908,1.07457,0.470661,O-L15-1-60
2.48,-0.533025,1.07546,0.46998,O-L15-1-60
2.49,-0.53414,1.07636,0.4693,O-L15-1-60
2.5,-0.535252,1.07726,0.468622,O-L15-1-60
2.51,-0.536361,1.07815,0.467945,O-L15-1-60
2.52,-0.537468,1.07905,0.46727,O-L15-1-60
2.53,-0.538571,1.07996,0.466597,O-L15-1-60
2.54,-0.539672,1.08086,0.465925,O-L15-1-60
2.55,-0.54077,1.08177,0.465255,O-L15-1-60
2.56,-0.541866,1.08267,0.464586,O-L15-1-60
2.57,-0.542958,1.08358,0.463919,O-L15-1-60
2.58,-0.544048,1.0845,0.463253,O-L15-1-60
2.59,-0.545135,1.08541,0.46259,O-L15-1-60
2.6,-0.546219,1.08632,0.461927,O-L15-1-60
2.61,-0.547301,1.08724,0.461267,O-L15-1-60
2.62,-0.54838,1.08816,0.460608,O-L15-1-60
2.63,-0.549456,1.08908,0.459951,O-L15-1-60
2.64,-0.55053,1.09,0.459295,O-L15-1-60
2.65,-0.5516,1.09093,0.458641,O-L15-1-60
2.66,-0.552668,1.09185,0.457989,O-L15-1-60
2.67,-0.553733,1.09278,0.457338,O-L15-1-60
2.68,-0.554796,1.09371,0.456689,O-L15-1-60
2.69,-0.555856,1.09464,0.456042,O-L15-1-60
2.7,-0.556913,1.09557,0.455396,O-L15-1-60
2.71,-0.557967,1.09651,0.454752,O-L15-1-60
2.72,-0.559019,1.09744,0.45411,O-L15-1-60
2.73,-0.560068,1.09838,0.45347,O-L15-1-60
2.74,-0.561115,1.09932,0.452831,O-L15-1-60
2.75,-0.562158,1.10026,0.452194,O-L15-1-60
2.76,-0.563199,1.10121,0.451559,O-L15-1-60
2.77,-0.564238,1.10215,0.450925,O-L15-1-60
2.78,-0.565273,1.1031,0.450294,O-L15-1-60
2.79,-0.566306,1.10405,0.449664,O-L15-1-60
2.8,-0.567337,1.105,0.449035,O-L15-1-60
2.81,-0.568364,1.10595,0.448409,O-L15-1-60
2.82,-0.569389,1.1069,0.447784,O-L15-1-60
2.83,-0.570412,1.10786,0.447162,O-L15-1-60
2.84,-0.571431,1.10882,0.446541,O-L15-1-60
2.85,-0.572448,1.10978,0.445921,O-L15-1-60
2.86,-0.573463,1.11074,0.445304,O-L15-1-60
2.87,-0.574475,1.1117,0.444688,O-L15-1-60
2.88,-0.575484,1.11266,0.444075,O-L15-1-60
2.89,-0.57649,1.11363,0.443463,O-L15-1-60
2.9,-0.577494,1.1146,0.442853,O-L15-1-60
2.91,-0.578496,1.11556,0.442245,O-L15-1-60
2.92,-0.579494,1.11654,0.441638,O-L15-1-60
2.93,-0.580491,1.11751,0.441034,O-L15-1-60
2.94,-0.581484,1.11848,0.440431,O-L15-1-60
2.95,-0.582475,1.11946,0.43983,O-L15-1-60
2.96,-0.583463,1.12044,0.439232,O-L15-1-60
2.97,-0.584449,1.12141,0.438635,O-L15-1-60
2.98,-0.585432,1.1224,0.43804,O-L15-1-60
2.99,-0.586413,1.12338,0.437447,O-L15-1-60
3,-0.587391,1.12436,0.436856,O-L15-1-60
3.01,-0.588366,1.12535,0.436266,O-L15-1-60
3.02,-0.589339,1.12634,0.435679,O-L15-1-60
3.03,-0.59031,1.12732,0.435094,O-L15-1-60
3.04,-0.591277,1.12831,0.43451,O-L15-1-60
3.05,-0.592243,1.12931,0.433929,O-L15-1-60
3.06,-0.593205,1.1303,0.433349,O-L15-1-60
3.07,-0.594166,1.1313,0.432772,O-L15-1-60
3.08,-0.595123,1.13229,0.432197,O-L15-1-60
3.09,-0.596078,1.13329,0.431623,O-L15-1-60
3.1,-0.597031,1.13429,0.431052,O-L15-1-60
3.11,-0.597981,1.13529,0.430482,O-L15-1-60
3.12,-0.598928,1.1363,0.429915,O-L15-1-60
3.13,-0.599873,1.1373,0.429349,O-L15-1-60
3.14,-0.600816,1.13831,0.428786,O-L15-1-60
3.15,-0.601756,1.13932,0.428224,O-L15-1-60
3.16,-0.602694,1.14033,0.427665,O-L15-1-60
3.17,-0.603629,1.14134,0.427108,O-L15-1-60
3.18,-0.604561,1.14235,0.426553,O-L15-1-60
3.19,-0.605491,1.14337,0.426,O-L15-1-60
3.2,-0.606419,1.14438,0.425449,O-L15-1-60
1.8,-0.536806,0.549046,0.572407,O-L2-1-26
1.81,-0.537249,0.54923,0.571783,O-L2-1-26
1.82,-0.537693,0.549414,0.57116,O-L2-1-26
1.83,-0.538136,0.549598,0.570537,O-L2-1-26
1.84,-0.538578,0.549782,0.569916,O-L2-1-26
1.85,-0.53902,0.549967,0.569294,O-L2-1-26
1.86,-0.539462,0.550152,0.568674,O-L2-1-26
1.87,-0.539903,0.550336,0.568054,O-L2-1-26
1.88,-0.540343,0.550521,0.567435,O-L2-1-26
1.89,-0.540784,0.550707,0.566816,O-L2-1-26
1.9,-0.541223,0.550892,0.566198,O-L2-1-26
1.91,-0.541663,0.551077,0.565581,O-L2-1-26
1.92,-0.542101,0.551263,0.564964,O-L2-1-26
1.93,-0.54254,0.551448,0.564348,O-L2-1-26
1.94,-0.542978,0.551634,0.563733,O-L2-1-26
1.95,-0.543415,0.55182,0.563119,O-L2-1-26
1.96,-0.543853,0.552007,0.562505,O-L2-1-26
1.97,-0.544289,0.552193,0.561892,O-L2-1-26
1.98,-0.544725,0.552379,0.561279,O-L2-1-26
1.99,-0.545161,0.552566,0.560667,O-L2-1-26
2,-0.545597,0.552753,0.560056,O-L2-1-26
2.01,-0.546031,0.55294,0.559446,O-L2-1-26
2.02,-0.546466,0.553127,0.558836,O-L2-1-26
2.03,-0.5469,0.553314,0.558227,O-L2-1-26
2.04,-0.547333,0.553501,0.557618,O-L2-1-26
2.05,-0.547767,0.553689,0.557011,O-L2-1-26
2.06,-0.548199,0.553876,0.556404,O-L2-1-26
2.07,-0.548632,0.554064,0.555797,O-L2-1-26
2.08,-0.549063,0.554252,0.555192,O-L2-1-26
2.09,-0.549495,0.55444,0.554587,O-L2-1-26
2.1,-0.549926,0.554629,0.553983,O-L2-1-26
2.11,-0.550356,0.554817,0.553379,O-L2-1-26
2.12,-0.550786,0.555005,0.552776,O-L2-1-26
2.13,-0.551216,0.555194,0.552174,O-L2-1-26
2.14,-0.551645,0.555383,0.551573,O-L2-1-26
2.15,-0.552074,0.555572,0.550972,O-L2-1-26
2.16,-0.552502,0.555761,0.550372,O-L2-1-26
2.17,-0.55293,0.55595,0.549773,O-L2-1-26
2.18,-0.553357,0.55614,0.549175,O-L2-1-26
2.19,-0.553784,0.556329,0.548577,O-L2-1-26
2.2,-0.554211,0.556519,0.54798,O-L2-1-26
2.21,-0.554637,0.556709,0.547384,O-L2-1-26
2.22,-0.555063,0.556899,0.546788,O-L2-1-26
2.23,-0.555488,0.557089,0.546194,O-L2-1-26
2.24,-0.555913,0.557279,0.545599,O-L2-1-26
2.25,-0.556337,0.55747,0.545006,O-L2-1-26
2.26,-0.556761,0.55766,0.544414,O-L2-1-26
2.27,-0.557185,0.557851,0.543822,O-L2-1-26
2.28,-0.557608,0.558042,0.543231,O-L2-1-26
2.29,-0.55803,0.558233,0.54264,O-L2-1-26
2.3,-0.558453,0.558424,0.542051,O-L2-1-26
2.31,-0.558874,0.558616,0.541462,O-L2-1-26
2.32,-0.559296,0.558807,0.540874,O-L2-1-26
2.33,-0.559717,0.558999,0.540287,O-L2-1-26
2.34,-0.560137,0.55919,0.5397,O-L2-1-26
2.35,-0.560557,0.559382,0.539115,O-L2-1-26
2.36,-0.560977,0.559574,0.53853,O-L2-1-26
2.37,-0.561396,0.559766,0.537945,O-L2-1-26
2.38,-0.561815,0.559959,0.537362,O-L2-1-26
2.39,-0.562233,0.560151,0.536779,O-L2-1-26
2.4,-0.562651,0.560344,0.536197,O-L2-1-26
2.41,-0.563068,0.560537,0.535616,O-L2-1-26
2.42,-0.563485,0.56073,0.535036,O-L2-1-26
2.43,-0.563902,0.560923,0.534457,O-L2-1-26
2.44,-0.564318,0.561116,0.533878,O-L2-1-26
2.45,-0.564734,0.561309,0.5333,O-L2-1-26
2.46,-0.565149,0.561503,0.532723,O-L2-1-26
2.47,-0.565564,0.561696,0.532146,O-L2-1-26
2.48,-0.565978,0.56189,0.531571,O-L2-1-26
2.49,-0.566392,0.562084,0.530996,O-L2-1-26
2.5,-0.566806,0.562278,0.530422,O-L2-1-26
2.51,-0.567219,0.562472,0.529849,O-L2-1-26
2.52,-0.567632,0.562666,0.529277,O-L2-1-26
2.53,-0.568044,0.562861,0.528705,O-L2-1-26
2.54,-0.568456,0.563055,0.528135,O-L2-1-26
2.55,-0.568868,0.56325,0.527565,O-L2-1-26
2.56,-0.569279,0.563445,0.526996,O-L2-1-26
2.57,-0.569689,0.56364,0.526427,O-L2-1-26
2.58,-0.570099,0.563835,0.52586,O-L2-1-26
2.59,-0.570509,0.56403,0.525293,O-L2-1-26
2.6,-0.570918,0.564226,0.524728,O-L2-1-26
2.61,-0.571327,0.564421,0.524163,O-L2-1-26
2.62,-0.571736,0.564617,0.523599,O-L2-1-26
2.63,-0.572144,0.564813,0.523036,O-L2-1-26
2.64,-0.572551,0.565009,0.522473,O-L2-1-26
2.65,-0.572959,0.565205,0.521912,O-L2-1-26
2.66,-0.573365,0.565401,0.521351,O-L2-1-26
2.67,-0.573772,0.565598,0.520791,O-L2-1-26
2.68,-0.574178,0.565794,0.520232,O-L2-1-26
2.69,-0.574583,0.565991,0.519674,O-L2-1-26
2.7,-0.574988,0.566188,0.519117,O-L2-1-26
2.71,-0.575393,0.566385,0.51856,O-L2-1-26
2.72,-0.575797,0.566582,0.518005,O-L2-1-26
2.73,-0.576201,0.566779,0.51745,O-L2-1-26
2.74,-0.576604,0.566977,0.516896,O-L2-1-26
2.75,-0.577007,0.567174,0.516344,O-L2-1-26
2.76,-0.57741,0.567372,0.515792,O-L2-1-26
2.77,-0.577812,0.56757,0.51524,O-L2-1-26
2.78,-0.578214,0.567768,0.51469,O-L2-1-26
2.79,-0.578615,0.567966,0.514141,O-L2-1-26
2.8,-0.579016,0.568164,0.513592,O-L2-1-26
2.81,-0.579416,0.568362,0.513045,O-L2-1-26
2.82,-0.579816,0.568561,0.512498,O-L2-1-26
2.83,-0.580216,0.568759,0.511952,O-L2-1-26
2.84,-0.580615,0.568958,0.511407,O-L2-1-26
2.85,-0.581014,0.569157,0.510863,O-L2-1-26
2.86,-0.581412,0.569356,0.51032,O-L2-1-26
2.87,-0.58181,0.569555,0.509778,O-L2-1-26
2.88,-0.582208,0.569755,0.509236,O-L2-1-26
2.89,-0.582605,0.569954,0.508696,O-L2-1-26
2.9,-0.583002,0.570154,0.508156,O-L2-1-26
2.91,-0.583398,0.570353,0.507618,O-L2-1-26
2.92,-0.583794,0.570553,0.50708,O-L2-1-26
2.93,-0.584189,0.570753,0.506544,O-L2-1-26
2.94,-0.584584,0.570953,0.506008,O-L2-1-26
2.95,-0.584979,0.571154,0.505473,O-L2-1-26
2.96,-0.585373,0.571354,0.504939,O-L2-1-26
2.97,-0.585767,0.571554,0.504406,O-L2-1-26
2.98,-0.58616,0.571755,0.503874,O-L2-1-26
2.99,-0.586553,0.571956,0.503343,O-L2-1-26
3,-0.586946,0.572157,0.502813,O-L2-1-26
3.01,-0.587338,0.572358,0.502284,O-L2-1-26
3.02,-0.587729,0.572559,0.501755,O-L2-1-26
3.03,-0.588121,0.57276,0.501228,O-L2-1-26
3.04,-0.588512,0.572962,0.500702,O-L2-1-26
3.05,-0.588902,0.573164,0.500176,O-L2-1-26
3.06,-0.589292,0.573365,0.499652,O-L2-1-26
3.07,-0.589682,0.573567,0.499128,O-L2-1-26
3.08,-0.590071,0.573769,0.498606,O-L2-1-26
3.09,-0.59046,0.573971,0.498084,O-L2-1-26
3.1,-0.590848,0.574174,0.497564,O-L2-1-26
3.11,-0.591236,0.574376,0.497044,O-L2-1-26
3.12,-0.591624,0.574578,0.496526,O-L2-1-26
3.13,-0.592011,0.574781,0.496008,O-L2-1-26
3.14,-0.592398,0.574984,0.495492,O-L2-1-26
3.15,-0.592784,0.575187,0.494976,O-L2-1-26
3.16,-0.59317,0.57539,0.494461,O-L2-1-26
3.17,-0.593556,0.575593,0.493948,O-L2-1-26
3.18,-0.593941,0.575796,0.493435,O-L2-1-26
3.19,-0.594326,0.576,0.492924,O-L2-1-26
3.2,-0.59471,0.576204,0.492413,O-L2-1-26
1.8,0.940782,0.839328,0.27369,O-L3-1-42
1.81,0.939821,0.8328,0.272852,O-L3-1-42
1.82,0.938836,0.82628,0.272018,O-L3-1-42
1.83,0.937828,0.819767,0.271189,O-L3-1-42
1.84,0.936795,0.81326,0.270365,O-L3-1-42
1.85,0.935738,0.806761,0.269545,O-L3-1-42
1.86,0.934655,0.800269,0.268731,O-L3-1-42
1.87,0.933544,0.793785,0.267921,O-L3-1-42
1.88,0.932407,0.787309,0.267117,O-L3-1-42
1.89,0.931241,0.780841,0.266317,O-L3-1-42
1.9,0.930046,0.774381,0.265523,O-L3-1-42
1.91,0.92882,0.767929,0.264733,O-L3-1-42
1.92,0.927563,0.761486,0.263949,O-L3-1-42
1.93,0.926274,0.755052,0.26317,O-L3-1-42
1.94,0.924952,0.748627,0.262396,O-L3-1-42
1.95,0.923595,0.742211,0.261628,O-L3-1-42
1.96,0.922202,0.735804,0.260865,O-L3-1-42
1.97,0.920773,0.729408,0.260107,O-L3-1-42
1.98,0.919305,0.723021,0.259354,O-L3-1-42
1.99,0.917798,0.716645,0.258607,O-L3-1-42
2,0.916251,0.71028,0.257866,O-L3-1-42
2.01,0.914661,0.703925,0.25713,O-L3-1-42
2.02,0.913028,0.697581,0.2564,O-L3-1-42
2.03,0.911349,0.691249,0.255675,O-L3-1-42
2.04,0.909624,0.684929,0.254956,O-L3-1-42
2.05,0.907851,0.678621,0.254243,O-L3-1-42
2.06,0.906027,0.672326,0.253536,O-L3-1-42
2.07,0.904151,0.666043,0.252835,O-L3-1-42
2.08,0.902222,0.659773,0.252139,O-L3-1-42
2.09,0.900237,0.653518,0.25145,O-L3-1-42
2.1,0.898194,0.647276,0.250766,O-L3-1-42
2.11,0.896092,0.641048,0.250088,O-L3-1-42
2.12,0.893927,0.634835,0.249417,O-L3-1-42
2.13,0.891697,0.628638,0.248752,O-L3-1-42
2.14,0.889401,0.622456,0.248093,O-L3-1-42
2.15,0.887036,0.61629,0.24744,O-L3-1-42
2.16,0.884598,0.610141,0.246794,O-L3-1-42
2.17,0.882086,0.60401,0.246153,O-L3-1-42
2.18,0.879497,0.597896,0.24552,O-L3-1-42
2.19,0.876826,0.5918,0.244892,O-L3-1-42
2.2,0.874072,0.585723,0.244272,O-L3-1-42
2.21,0.871232,0.579665,0.243657,O-L3-1-42
2.22,0.8683,0.573628,0.24305,O-L3-1-42
2.23,0.865275,0.567611,0.242449,O-L3-1-42
2.24,0.862153,0.561615,0.241854,O-L3-1-42
2.25,0.858929,0.555642,0.241267,O-L3-1-42
2.26,0.855599,0.549691,0.240686,O-L3-1-42
2.27,0.85216,0.543764,0.240112,O-L3-1-42
2.28,0.848606,0.537861,0.239545,O-L3-1-42
2.29,0.844934,0.531983,0.238985,O-L3-1-42
2.3,0.841139,0.526131,0.238432,O-L3-1-42
2.31,0.837215,0.520305,0.237886,O-L3-1-42
2.32,0.833157,0.514508,0.237347,O-L3-1-42
2.33,0.82896,0.508739,0.236816,O-L3-1-42
2.34,0.824618,0.503,0.236291,O-L3-1-42
2.35,0.820126,0.497291,0.235774,O-L3-1-42
2.36,0.815476,0.491614,0.235264,O-L3-1-42
2.37,0.810664,0.48597,0.234761,O-L3-1-42
2.38,0.80568,0.48036,0.234266,O-L3-1-42
2.39,0.80052,0.474785,0.233778,O-L3-1-42
2.4,0.795176,0.469247,0.233297,O-L3-1-42
2.41,0.789639,0.463746,0.232824,O-L3-1-42
2.42,0.783903,0.458285,0.232359,O-L3-1-42
2.43,0.777958,0.452864,0.231901,O-L3-1-42
2.44,0.771797,0.447485,0.231451,O-L3-1-42
2.45,0.765411,0.44215,0.231009,O-L3-1-42
2.46,0.758791,0.436859,0.230574,O-L3-1-42
2.47,0.751926,0.431616,0.230147,O-L3-1-42
2.48,0.744808,0.426421,0.229728,O-L3-1-42
2.49,0.737426,0.421276,0.229317,O-L3-1-42
2.5,0.729771,0.416184,0.228914,O-L3-1-42
2.51,0.72183,0.411145,0.228519,O-L3-1-42
2.52,0.713594,0.406163,0.228131,O-L3-1-42
2.53,0.705051,0.401239,0.227752,O-L3-1-42
2.54,0.696189,0.396376,0.227381,O-L3-1-42
2.55,0.686998,0.391575,0.227018,O-L3-1-42
2.56,0.677464,0.386839,0.226663,O-L3-1-42
2.57,0.667577,0.38217,0.226316,O-L3-1-42
2.58,0.657323,0.377572,0.225978,O-L3-1-42
2.59,0.64669,0.373046,0.225648,O-L3-1-42
2.6,0.635667,0.368595,0.225326,O-L3-1-42
2.61,0.624241,0.364222,0.225012,O-L3-1-42
2.62,0.6124,0.359929,0.224707,O-L3-1-42
2.63,0.600131,0.355721,0.224411,O-L3-1-42
2.64,0.587424,0.351599,0.224122,O-L3-1-42
2.65,0.574267,0.347567,0.223843,O-L3-1-42
2.66,0.56065,0.343627,0.223571,O-L3-1-42
2.67,0.546562,0.339784,0.223309,O-L3-1-42
2.68,0.531994,0.33604,0.223054,O-L3-1-42
2.69,0.516938,0.3324,0.222809,O-L3-1-42
2.7,0.501387,0.328865,0.222572,O-L3-1-42
2.71,0.485334,0.32544,0.222344,O-L3-1-42
2.72,0.468774,0.322128,0.222124,O-L3-1-42
2.73,0.451706,0.318933,0.221913,O-L3-1-42
2.74,0.434126,0.315858,0.221711,O-L3-1-42
2.75,0.416037,0.312907,0.221518,O-L3-1-42
2.76,0.397439,0.310084,0.221333,O-L3-1-42
2.77,0.378339,0.307391,0.221158,O-L3-1-42
2.78,0.358743,0.304832,0.220991,O-L3-1-42
2.79,0.338661,0.302411,0.220833,O-L3-1-42
2.8,0.318105,0.300132,0.220683,O-L3-1-42
2.81,0.29709,0.297996,0.220543,O-L3-1-42
2.82,0.275635,0.296008,0.220412,O-L3-1-42
2.83,0.25376,0.294171,0.220289,O-L3-1-42
2.84,0.231489,0.292486,0.220175,O-L3-1-42
2.85,0.208848,0.290958,0.220071,O-L3-1-42
2.86,0.185865,0.289588,0.219975,O-L3-1-42
2.87,0.162574,0.288378,0.219888,O-L3-1-42
2.88,0.139008,0.287331,0.219811,O-L3-1-42
2.89,0.115203,0.286449,0.219742,O-L3-1-42
2.9,0.0911981,0.285732,0.219682,O-L3-1-42
2.91,0.0670332,0.285183,0.219631,O-L3-1-42
2.92,0.0427498,0.284802,0.21959,O-L3-1-42
2.93,0.0183904,0.28459,0.219557,O-L3-1-42
2.94,-0.00600184,0.284547,0.219533,O-L3-1-42
2.95,-0.0303833,0.284673,0.219519,O-L3-1-42
2.96,-0.0547107,0.284968,0.219513,O-L3-1-42
2.97,-0.0789411,0.285432,0.219516,O-L3-1-42
2.98,-0.103032,0.286064,0.219529,O-L3-1-42
2.99,-0.126944,0.286862,0.21955,O-L3-1-42
3,-0.150636,0.287826,0.219581,O-L3-1-42
3.01,-0.174071,0.288953,0.21962,O-L3-1-42
3.02,-0.197215,0.290242,0.219669,O-L3-1-42
3.03,-0.220033,0.29169,0.219726,O-L3-1-42
3.04,-0.242496,0.293296,0.219793,O-L3-1-42
3.05,-0.264575,0.295056,0.219868,O-L3-1-42
3.06,-0.286246,0.296968,0.219953,O-L3-1-42
3.07,-0.307487,0.299029,0.220046,O-L3-1-42
3.08,-0.328278,0.301236,0.220149,O-L3-1-42
3.09,-0.348602,0.303585,0.22026,O-L3-1-42
3.1,-0.368447,0.306074,0.22038,O-L3-1-42
3.11,-0.3878,0.308699,0.220509,O-L3-1-42
3.12,-0.406653,0.311457,0.220648,O-L3-1-42
3.13,-0.425002,0.314344,0.220795,O-L3-1-42
3.14,-0.44284,0.317356,0.22095,O-L3-1-42
3.15,-0.460168,0.32049,0.221115,O-L3-1-42
3.16,-0.476986,0.323743,0.221289,O-L3-1-42
3.17,-0.493296,0.327111,0.221471,O-L3-1-42
3.18,-0.509101,0.330591,0.221662,O-L3-1-42
3.19,-0.524408,0.334178,0.221862,O-L3-1-42
3.2,-0.539223,0.33787,0.222071,O-L3-1-42
1.8,-0.0218347,0.521839,0.283425,O-L4-1-50
1.81,-0.023455,0.521858,0.283316,O-L4-1-50
1.82,-0.0250751,0.521879,0.283206,O-L4-1-50
1.83,-0.026695,0.521901,0.283098,O-L4-1-50
1.84,-0.0283147,0.521924,0.282989,O-L4-1-50
1.85,-0.0299341,0.521949,0.282881,O-L4-1-50
1.86,-0.0315533,0.521975,0.282773,O-L4-1-50
1.87,-0.0331723,0.522002,0.282666,O-L4-1-50
1.88,-0.034791,0.522031,0.282558,O-L4-1-50
1.89,-0.0364094,0.522061,0.282452,O-L4-1-50
1.9,-0.0380276,0.522093,0.282345,O-L4-1-50
1.91,-0.0396454,0.522125,0.282239,O-L4-1-50
1.92,-0.041263,0.52216,0.282133,O-L4-1-50
1.93,-0.0428802,0.522195,0.282027,O-L4-1-50
1.94,-0.0444971,0.522232,0.281922,O-L4-1-50
1.95,-0.0461136,0.522271,0.281817,O-L4-1-50
1.96,-0.0477298,0.52231,0.281712,O-L4-1-50
1.97,-0.0493455,0.522351,0.281608,O-L4-1-50
1.98,-0.050961,0.522394,0.281504,O-L4-1-50
1.99,-0.052576,0.522437,0.2814,O-L4-1-50
2,-0.0541905,0.522483,0.281297,O-L4-1-50
2.01,-0.0558047,0.522529,0.281194,O-L4-1-50
2.02,-0.0574184,0.522577,0.281091,O-L4-1-50
2.03,-0.0590317,0.522626,0.280989,O-L4-1-50
2.04,-0.0606445,0.522677,0.280887,O-L4-1-50
2.05,-0.0622569,0.522729,0.280785,O-L4-1-50
2.06,-0.0638687,0.522782,0.280684,O-L4-1-50
2.07,-0.0654801,0.522837,0.280583,O-L4-1-50
2.08,-0.0670909,0.522893,0.280482,O-L4-1-50
2.09,-0.0687012,0.522951,0.280382,O-L4-1-50
2.1,-0.070311,0.523009,0.280282,O-L4-1-50
2.11,-0.0719203,0.523069,0.280182,O-L4-1-50
2.12,-0.0735289,0.523131,0.280082,O-L4-1-50
2.13,-0.075137,0.523194,0.279983,O-L4-1-50
2.14,-0.0767445,0.523258,0.279884,O-L4-1-50
2.15,-0.0783514,0.523324,0.279786,O-L4-1-50
2.16,-0.0799577,0.523391,0.279688,O-L4-1-50
2.17,-0.0815634,0.523459,0.27959,O-L4-1-50
2.18,-0.0831685,0.523529,0.279493,O-L4-1-50
2.19,-0.0847729,0.5236,0.279395,O-L4-1-50
2.2,-0.0863766,0.523672,0.279299,O-L4-1-50
2.21,-0.0879797,0.523746,0.279202,O-L4-1-50
2.22,-0.0895821,0.523821,0.279106,O-L4-1-50
2.23,-0.0911837,0.523897,0.27901,O-L4-1-50
2.24,-0.0927847,0.523975,0.278915,O-L4-1-50
2.25,-0.094385,0.524054,0.27882,O-L4-1-50
2.26,-0.0959845,0.524135,0.278725,O-L4-1-50
2.27,-0.0975833,0.524217,0.27863,O-L4-1-50
2.28,-0.0991813,0.5243,0.278536,O-L4-1-50
2.29,-0.100779,0.524385,0.278442,O-L4-1-50
2.3,-0.102375,0.524471,0.278349,O-L4-1-50
2.31,-0.103971,0.524558,0.278256,O-L4-1-50
2.32,-0.105566,0.524646,0.278163,O-L4-1-50
2.33,-0.10716,0.524736,0.27807,O-L4-1-50
2.34,-0.108753,0.524828,0.277978,O-L4-1-50
2.35,-0.110345,0.52492,0.277886,O-L4-1-50
2.36,-0.111937,0.525014,0.277795,O-L4-1-50
2.37,-0.113528,0.52511,0.277704,O-L4-1-50
2.38,-0.115118,0.525207,0.277613,O-L4-1-50
2.39,-0.116706,0.525305,0.277522,O-L4-1-50
2.4,-0.118295,0.525404,0.277432,O-L4-1-50
2.41,-0.119882,0.525505,0.277343,O-L4-1-50
2.42,-0.121468,0.525607,0.277253,O-L4-1-50
2.43,-0.123053,0.52571,0.277164,O-L4-1-50
2.44,-0.124638,0.525815,0.277075,O-L4-1-50
2.45,-0.126221,0.525921,0.276987,O-L4-1-50
2.46,-0.127803,0.526029,0.276899,O-L4-1-50
2.47,-0.129385,0.526137,0.276811,O-L4-1-50
2.48,-0.130965,0.526248,0.276723,O-L4-1-50
2.49,-0.132545,0.526359,0.276636,O-L4-1-50
2.5,-0.134123,0.526472,0.27655,O-L4-1-50
2.51,-0.135701,0.526586,0.276463,O-L4-1-50
2.52,-0.137277,0.526701,0.276377,O-L4-1-50
2.53,-0.138853,0.526818,0.276291,O-L4-1-50
2.54,-0.140427,0.526936,0.276206,O-L4-1-50
2.55,-0.142,0.527056,0.276121,O-L4-1-50
2.56,-0.143572,0.527177,0.276036,O-L4-1-50
2.57,-0.145143,0.527299,0.275952,O-L4-1-50
2.58,-0.146713,0.527422,0.275868,O-L4-1-50
2.59,-0.148282,0.527547,0.275784,O-L4-1-50
2.6,-0.14985,0.527673,0.275701,O-L4-1-50
2.61,-0.151417,0.5278,0.275618,O-L4-1-50
2.62,-0.152982,0.527929,0.275535,O-L4-1-50
2.63,-0.154547,0.528059,0.275453,O-L4-1-50
2.64,-0.15611,0.528191,0.275371,O-L4-1-50
2.65,-0.157672,0.528323,0.275289,O-L4-1-50
2.66,-0.159233,0.528457,0.275208,O-L4-1-50
2.67,-0.160792,0.528593,0.275127,O-L4-1-50
2.68,-0.162351,0.52873,0.275047,O-L4-1-50
2.69,-0.163908,0.528868,0.274966,O-L4-1-50
2.7,-0.165464,0.529007,0.274887,O-L4-1-50
2.71,-0.167019,0.529147,0.274807,O-L4-1-50
2.72,-0.168572,0.529289,0.274728,O-L4-1-50
2.73,-0.170124,0.529433,0.274649,O-L4-1-50
2.74,-0.171675,0.529577,0.274571,O-L4-1-50
2.75,-0.173225,0.529723,0.274492,O-L4-1-50
2.76,-0.174774,0.52987,0.274415,O-L4-1-50
2.77,-0.176321,0.530019,0.274337,O-L4-1-50
2.78,-0.177867,0.530169,0.27426,O-L4-1-50
2.79,-0.179411,0.53032,0.274183,O-L4-1-50
2.8,-0.180954,0.530472,0.274107,O-L4-1-50
2.81,-0.182496,0.530626,0.274031,O-L4-1-50
2.82,-0.184037,0.530781,0.273955,O-L4-1-50
2.83,-0.185576,0.530937,0.27388,O-L4-1-50
2.84,-0.187114,0.531095,0.273805,O-L4-1-50
2.85,-0.18865,0.531254,0.27373,O-L4-1-50
2.86,-0.190185,0.531414,0.273656,O-L4-1-50
2.87,-0.191719,0.531576,0.273582,O-L4-1-50
2.88,-0.193251,0.531739,0.273508,O-L4-1-50
2.89,-0.194782,0.531903,0.273435,O-L4-1-50
2.9,-0.196311,0.532068,0.273362,O-L4-1-50
2.91,-0.197839,0.532235,0.27329,O-L4-1-50
2.92,-0.199366,0.532403,0.273218,O-L4-1-50
2.93,-0.200891,0.532572,0.273146,O-L4-1-50
2.94,-0.202414,0.532743,0.273074,O-L4-1-50
2.95,-0.203937,0.532915,0.273003,O-L4-1-50
2.96,-0.205457,0.533088,0.272932,O-L4-1-50
2.97,-0.206976,0.533262,0.272862,O-L4-1-50
2.98,-0.208494,0.533438,0.272792,O-L4-1-50
2.99,-0.21001,0.533615,0.272722,O-L4-1-50
3,-0.211525,0.533793,0.272653,O-L4-1-50
3.01,-0.213038,0.533973,0.272584,O-L4-1-50
3.02,-0.21455,0.534154,0.272515,O-L4-1-50
3.03,-0.21606,0.534336,0.272447,O-L4-1-50
3.04,-0.217568,0.534519,0.272379,O-L4-1-50
3.05,-0.219075,0.534704,0.272311,O-L4-1-50
3.06,-0.220581,0.53489,0.272244,O-L4-1-50
3.07,-0.222085,0.535077,0.272177,O-L4-1-50
3.08,-0.223587,0.535266,0.272111,O-L4-1-50
3.09,-0.225087,0.535455,0.272045,O-L4-1-50
3.1,-0.226587,0.535647,0.271979,O-L4-1-50
3.11,-0.228084,0.535839,0.271913,O-L4-1-50
3.12,-0.22958,0.536032,0.271848,O-L4-1-50
3.13,-0.231074,0.536227,0.271784,O-L4-1-50
3.14,-0.232567,0.536423,0.271719,O-L4-1-50
3.15,-0.234058,0.536621,0.271655,O-L4-1-50
3.16,-0.235547,0.536819,0.271592,O-L4-1-50
3.17,-0.237034,0.537019,0.271528,O-L4-1-50
3.18,-0.23852,0.53722,0.271465,O-L4-1-50
3.19,-0.240005,0.537423,0.271403,O-L4-1-50
3.2,-0.241487,0.537627,0.271341,O-L4-1-50
1.8,0.376608,0.268027,0.309454,O-L5-1-22
1.81,0.375964,0.267951,0.309723,O-L5-1-22
1.82,0.375319,0.267875,0.309992,O-L5-1-22
1.83,0.374674,0.2678,0.310263,O-L5-1-22
1.84,0.374028,0.267725,0.310533,O-L5-1-22
1.85,0.373382,0.26765,0.310805,O-L5-1-22
1.86,0.372735,0.267575,0.311077,O-L5-1-22
1.87,0.372088,0.2675,0.311349,O-L5-1-22
1.88,0.37144,0.267425,0.311622,O-L5-1-22
1.89,0.370792,0.26735,0.311896,O-L5-1-22
1.9,0.370143,0.267276,0.31217,O-L5-1-22
1.91,0.369493,0.267201,0.312445,O-L5-1-22
1.92,0.368843,0.267127,0.31272,O-L5-1-22
1.93,0.368193,0.267053,0.312996,O-L5-1-22
1.94,0.367542,0.266979,0.313272,O-L5-1-22
1.95,0.36689,0.266905,0.313549,O-L5-1-22
1.96,0.366238,0.266832,0.313827,O-L5-1-22
1.97,0.365585,0.266758,0.314105,O-L5-1-22
1.98,0.364932,0.266685,0.314384,O-L5-1-22
1.99,0.364278,0.266611,0.314663,O-L5-1-22
2,0.363623,0.266538,0.314942,O-L5-1-22
2.01,0.362968,0.266465,0.315223,O-L5-1-22
2.02,0.362313,0.266392,0.315503,O-L5-1-22
2.03,0.361657,0.266319,0.315785,O-L5-1-22
2.04,0.361,0.266247,0.316067,O-L5-1-22
2.05,0.360343,0.266174,0.316349,O-L5-1-22
2.06,0.359686,0.266102,0.316632,O-L5-1-22
2.07,0.359028,0.26603,0.316916,O-L5-1-22
2.08,0.358369,0.265957,0.3172,O-L5-1-22
2.09,0.35771,0.265885,0.317484,O-L5-1-22
2.1,0.35705,0.265814,0.317769,O-L5-1-22
2.11,0.35639,0.265742,0.318055,O-L5-1-22
2.12,0.355729,0.26567,0.318341,O-L5-1-22
2.13,0.355068,0.265599,0.318628,O-L5-1-22
2.14,0.354406,0.265527,0.318915,O-L5-1-22
2.15,0.353743,0.265456,0.319203,O-L5-1-22
2.16,0.35308,0.265385,0.319491,O-L5-1-22
2.17,0.352417,0.265314,0.31978,O-L5-1-22
2.18,0.351753,0.265243,0.320069,O-L5-1-22
2.19,0.351088,0.265173,0.320359,O-L5-1-22
2.2,0.350423,0.265102,0.320649,O-L5-1-22
2.21,0.349758,0.265032,0.32094,O-L5-1-22
2.22,0.349092,0.264962,0.321231,O-L5-1-22
2.23,0.348425,0.264892,0.321523,O-L5-1-22
2.24,0.347758,0.264822,0.321816,O-L5-1-22
2.25,0.34709,0.264752,0.322109,O-L5-1-22
2.26,0.346422,0.264682,0.322402,O-L5-1-22
2.27,0.345753,0.264612,0.322696,O-L5-1-22
2.28,0.345084,0.264543,0.32299,O-L5-1-22
2.29,0.344414,0.264474,0.323285,O-L5-1-22
2.3,0.343743,0.264404,0.323581,O-L5-1-22
2.31,0.343073,0.264335,0.323877,O-L5-1-22
2.32,0.342401,0.264266,0.324173,O-L5-1-22
2.33,0.341729,0.264198,0.32447,O-L5-1-22
2.34,0.341057,0.264129,0.324768,O-L5-1-22
2.35,0.340384,0.26406,0.325066,O-L5-1-22
2.36,0.33971,0.263992,0.325364,O-L5-1-22
2.37,0.339036,0.263924,0.325663,O-L5-1-22
2.38,0.338362,0.263856,0.325962,O-L5-1-22
2.39,0.337687,0.263788,0.326262,O-L5-1-22
2.4,0.337011,0.26372,0.326563,O-L5-1-22
2.41,0.336335,0.263652,0.326864,O-L5-1-22
2.42,0.335658,0.263585,0.327165,O-L5-1-22
2.43,0.334981,0.263517,0.327467,O-L5-1-22
2.44,0.334303,0.26345,0.327769,O-L5-1-22
2.45,0.333625,0.263383,0.328072,O-L5-1-22
2.46,0.332947,0.263316,0.328375,O-L5-1-22
2.47,0.332267,0.263249,0.328679,O-L5-1-22
2.48,0.331588,0.263182,0.328983,O-L5-1-22
2.49,0.330907,0.263116,0.329288,O-L5-1-22
2.5,0.330226,0.263049,0.329593,O-L5-1-22
2.51,0.329545,0.262983,0.329899,O-L5-1-22
2.52,0.328863,0.262917,0.330205,O-L5-1-22
2.53,0.328181,0.262851,0.330512,O-L5-1-22
2.54,0.327498,0.262785,0.330819,O-L5-1-22
2.55,0.326815,0.262719,0.331127,O-L5-1-22
2.56,0.326131,0.262653,0.331435,O-L5-1-22
2.57,0.325447,0.262588,0.331743,O-L5-1-22
2.58,0.324762,0.262522,0.332052,O-L5-1-22
2.59,0.324076,0.262457,0.332362,O-L5-1-22
2.6,0.32339,0.262392,0.332672,O-L5-1-22
2.61,0.322704,0.262327,0.332982,O-L5-1-22
2.62,0.322017,0.262262,0.333293,O-L5-1-22
2.63,0.32133,0.262198,0.333604,O-L5-1-22
2.64,0.320642,0.262133,0.333916,O-L5-1-22
2.65,0.319953,0.262069,0.334228,O-L5-1-22
2.66,0.319264,0.262004,0.334541,O-L5-1-22
2.67,0.318575,0.26194,0.334854,O-L5-1-22
2.68,0.317885,0.261876,0.335168,O-L5-1-22
2.69,0.317194,0.261812,0.335482,O-L5-1-22
2.7,0.316503,0.261749,0.335796,O-L5-1-22
2.71,0.315812,0.261685,0.336111,O-L5-1-22
2.72,0.31512,0.261622,0.336427,O-L5-1-22
2.73,0.314427,0.261558,0.336742,O-L5-1-22
2.74,0.313734,0.261495,0.337059,O-L5-1-22
2.75,0.313041,0.261432,0.337375,O-L5-1-22
2.76,0.312347,0.261369,0.337693,O-L5-1-22
2.77,0.311652,0.261307,0.33801,O-L5-1-22
2.78,0.310957,0.261244,0.338328,O-L5-1-22
2.79,0.310262,0.261182,0.338647,O-L5-1-22
2.8,0.309566,0.261119,0.338966,O-L5-1-22
2.81,0.308869,0.261057,0.339285,O-L5-1-22
2.82,0.308172,0.260995,0.339605,O-L5-1-22
2.83,0.307475,0.260933,0.339925,O-L5-1-22
2.84,0.306777,0.260871,0.340246,O-L5-1-22
2.85,0.306078,0.26081,0.340567,O-L5-1-22
2.86,0.305379,0.260748,0.340888,O-L5-1-22
2.87,0.30468,0.260687,0.34121,O-L5-1-22
2.88,0.30398,0.260626,0.341533,O-L5-1-22
2.89,0.303279,0.260565,0.341856,O-L5-1-22
2.9,0.302578,0.260504,0.342179,O-L5-1-22
2.91,0.301877,0.260443,0.342503,O-L5-1-22
2.92,0.301175,0.260382,0.342827,O-L5-1-22
2.93,0.300473,0.260322,0.343151,O-L5-1-22
2.94,0.29977,0.260262,0.343476,O-L5-1-22
2.95,0.299066,0.260201,0.343801,O-L5-1-22
2.96,0.298362,0.260141,0.344127,O-L5-1-22
2.97,0.297658,0.260081,0.344453,O-L5-1-22
2.98,0.296953,0.260022,0.34478,O-L5-1-22
2.99,0.296248,0.259962,0.345107,O-L5-1-22
3,0.295542,0.259902,0.345435,O-L5-1-22
3.01,0.294836,0.259843,0.345762,O-L5-1-22
3.02,0.294129,0.259784,0.346091,O-L5-1-22
3.03,0.293422,0.259725,0.346419,O-L5-1-22
3.04,0.292714,0.259666,0.346749,O-L5-1-22
3.05,0.292006,0.259607,0.347078,O-L5-1-22
3.06,0.291297,0.259548,0.347408,O-L5-1-22
3.07,0.290588,0.25949,0.347738,O-L5-1-22
3.08,0.289878,0.259432,0.348069,O-L5-1-22
3.09,0.289168,0.259373,0.3484,O-L5-1-22
3.1,0.288457,0.259315,0.348732,O-L5-1-22
3.11,0.287746,0.259257,0.349064,O-L5-1-22
3.12,0.287034,0.2592,0.349396,O-L5-1-22
3.13,0.286322,0.259142,0.349729,O-L5-1-22
3.14,0.28561,0.259084,0.350062,O-L5-1-22
3.15,0.284897,0.259027,0.350395,O-L5-1-22
3.16,0.284183,0.25897,0.350729,O-L5-1-22
3.17,0.283469,0.258913,0.351063,O-L5-1-22
3.18,0.282755,0.258856,0.351398,O-L5-1-22
3.19,0.28204,0.258799,0.351733,O-L5-1-22
3.2,0.281325,0.258742,0.352069,O-L5-1-22
1.8,0.697237,0.633957,1.27691,O-L6-1-46
1.81,0.694693,0.631785,1.27439,O-L6-1-46
1.82,0.692123,0.62962,1.27188,O-L6-1-46
1.83,0.689527,0.627464,1.26937,O-L6-1-46
1.84,0.686904,0.625315,1.26686,O-L6-1-46
1.85,0.684254,0.623175,1.26436,O-L6-1-46
1.86,0.681576,0.621043,1.26186,O-L6-1-46
1.87,0.678871,0.61892,1.25936,O-L6-1-46
1.88,0.676137,0.616805,1.25686,O-L6-1-46
1.89,0.673376,0.614698,1.25437,O-L6-1-46
1.9,0.670586,0.612601,1.25188,O-L6-1-46
1.91,0.667767,0.610512,1.24939,O-L6-1-46
1.92,0.664919,0.608431,1.24691,O-L6-1-46
1.93,0.662042,0.60636,1.24442,O-L6-1-46
1.94,0.659136,0.604298,1.24195,O-L6-1-46
1.95,0.656199,0.602245,1.23947,O-L6-1-46
1.96,0.653233,0.600201,1.23699,O-L6-1-46
1.97,0.650236,0.598167,1.23452,O-L6-1-46
1.98,0.647208,0.596142,1.23206,O-L6-1-46
1.99,0.64415,0.594126,1.22959,O-L6-1-46
2,0.64106,0.59212,1.22713,O-L6-1-46
2.01,0.637938,0.590124,1.22467,O-L6-1-46
2.02,0.634785,0.588137,1.22221,O-L6-1-46
2.03,0.6316,0.58616,1.21976,O-L6-1-46
2.04,0.628383,0.584194,1.21731,O-L6-1-46
2.05,0.625133,0.582237,1.21486,O-L6-1-46
2.06,0.62185,0.580291,1.21242,O-L6-1-46
2.07,0.618534,0.578355,1.20997,O-L6-1-46
2.08,0.615185,0.576429,1.20754,O-L6-1-46
2.09,0.611802,0.574514,1.2051,O-L6-1-46
2.1,0.608385,0.572609,1.20267,O-L6-1-46
2.11,0.604934,0.570716,1.20024,O-L6-1-46
2.12,0.601449,0.568833,1.19781,O-L6-1-46
2.13,0.597929,0.56696,1.19539,O-L6-1-46
2.14,0.594374,0.565099,1.19297,O-L6-1-46
2.15,0.590784,0.56325,1.19055,O-L6-1-46
2.16,0.587158,0.561411,1.18814,O-L6-1-46
2.17,0.583497,0.559584,1.18573,O-L6-1-46
2.18,0.579799,0.557768,1.18332,O-L6-1-46
2.19,0.576066,0.555964,1.18092,O-L6-1-46
2.2,0.572296,0.554171,1.17852,O-L6-1-46
2.21,0.56849,0.552391,1.17612,O-L6-1-46
2.22,0.564646,0.550622,1.17373,O-L6-1-46
2.23,0.560766,0.548866,1.17134,O-L6-1-46
2.24,0.556848,0.547121,1.16895,O-L6-1-46
2.25,0.552893,0.545389,1.16657,O-L6-1-46
2.26,0.5489,0.543669,1.16419,O-L6-1-46
2.27,0.544869,0.541962,1.16181,O-L6-1-46
2.28,0.5408,0.540267,1.15944,O-L6-1-46
2.29,0.536692,0.538586,1.15707,O-L6-1-46
2.3,0.532547,0.536917,1.1547,O-L6-1-46
2.31,0.528362,0.535261,1.15234,O-L6-1-46
2.32,0.524139,0.533618,1.14998,O-L6-1-46
2.33,0.519876,0.531988,1.14763,O-L6-1-46
2.34,0.515574,0.530372,1.14527,O-L6-1-46
2.35,0.511233,0.528769,1.14293,O-L6-1-46
2.36,0.506853,0.52718,1.14058,O-L6-1-46
2.37,0.502433,0.525605,1.13824,O-L6-1-46
2.38,0.497973,0.524044,1.1359,O-L6-1-46
2.39,0.493473,0.522496,1.13357,O-L6-1-46
2.4,0.488934,0.520963,1.13124,O-L6-1-46
2.41,0.484354,0.519443,1.12891,O-L6-1-46
2.42,0.479734,0.517939,1.12659,O-L6-1-46
2.43,0.475074,0.516448,1.12427,O-L6-1-46
2.44,0.470373,0.514973,1.12196,O-L6-1-46
2.45,0.465632,0.513512,1.11964,O-L6-1-46
2.46,0.460851,0.512066,1.11734,O-L6-1-46
2.47,0.456029,0.510634,1.11503,O-L6-1-46
2.48,0.451167,0.509218,1.11273,O-L6-1-46
2.49,0.446264,0.507818,1.11044,O-L6-1-46
2.5,0.441321,0.506432,1.10815,O-L6-1-46
2.51,0.436337,0.505062,1.10586,O-L6-1-46
2.52,0.431313,0.503708,1.10357,O-L6-1-46
2.53,0.426248,0.50237,1.10129,O-L6-1-46
2.54,0.421143,0.501047,1.09902,O-L6-1-46
2.55,0.415997,0.49974,1.09675,O-L6-1-46
2.56,0.410812,0.49845,1.09448,O-L6-1-46
2.57,0.405586,0.497175,1.09222,O-L6-1-46
2.58,0.40032,0.495917,1.08996,O-L6-1-46
2.59,0.395014,0.494676,1.0877,O-L6-1-46
2.6,0.389668,0.493451,1.08545,O-L6-1-46
2.61,0.384282,0.492243,1.08321,O-L6-1-46
2.62,0.378857,0.491052,1.08096,O-L6-1-46
2.63,0.373393,0.489878,1.07873,O-L6-1-46
2.64,0.367889,0.488721,1.07649,O-L6-1-46
2.65,0.362347,0.487581,1.07426,O-L6-1-46
2.66,0.356766,0.486459,1.07204,O-L6-1-46
2.67,0.351146,0.485354,1.06982,O-L6-1-46
2.68,0.345489,0.484266,1.0676,O-L6-1-46
2.69,0.339793,0.483197,1.06539,O-L6-1-46
2.7,0.334059,0.482145,1.06318,O-L6-1-46
2.71,0.328289,0.481111,1.06098,O-L6-1-46
2.72,0.322481,0.480095,1.05878,O-L6-1-46
2.73,0.316637,0.479098,1.05659,O-L6-1-46
2.74,0.310756,0.478118,1.0544,O-L6-1-46
2.75,0.30484,0.477158,1.05221,O-L6-1-46
2.76,0.298888,0.476215,1.05003,O-L6-1-46
2.77,0.292901,0.475292,1.04786,O-L6-1-46
2.78,0.286879,0.474387,1.04569,O-L6-1-46
2.79,0.280823,0.4735,1.04352,O-L6-1-46
2.8,0.274733,0.472633,1.04136,O-L6-1-46
2.81,0.26861,0.471785,1.0392,O-L6-1-46
2.82,0.262455,0.470956,1.03705,O-L6-1-46
2.83,0.256267,0.470147,1.03491,O-L6-1-46
2.84,0.250047,0.469356,1.03277,O-L6-1-46
2.85,0.243797,0.468586,1.03063,O-L6-1-46
2.86,0.237515,0.467834,1.0285,O-L6-1-46
2.87,0.231204,0.467103,1.02637,O-L6-1-46
2.88,0.224864,0.466391,1.02425,O-L6-1-46
2.89,0.218495,0.465699,1.02213,O-L6-1-46
2.9,0.212098,0.465027,1.02002,O-L6-1-46
2.91,0.205673,0.464375,1.01791,O-L6-1-46
2.92,0.199222,0.463743,1.01581,O-L6-1-46
2.93,0.192744,0.463131,1.01372,O-L6-1-46
2.94,0.186242,0.462539,1.01162,O-L6-1-46
2.95,0.179715,0.461968,1.00954,O-L6-1-46
2.96,0.173164,0.461417,1.00746,O-L6-1-46
2.97,0.16659,0.460887,1.00538,O-L6-1-46
2.98,0.159994,0.460377,1.00331,O-L6-1-46
2.99,0.153376,0.459888,1.00125,O-L6-1-46
3,0.146737,0.45942,0.999188,O-L6-1-46
3.01,0.140079,0.458972,0.997135,O-L6-1-46
3.02,0.133401,0.458545,0.995086,O-L6-1-46
3.03,0.126706,0.458139,0.993043,O-L6-1-46
3.04,0.119993,0.457754,0.991006,O-L6-1-46
3.05,0.113263,0.45739,0.988974,O-L6-1-46
3.06,0.106518,0.457047,0.986948,O-L6-1-46
3.07,0.0997583,0.456725,0.984927,O-L6-1-46
3.08,0.0929845,0.456424,0.982912,O-L6-1-46
3.09,0.0861979,0.456144,0.980903,O-L6-1-46
3.1,0.0793992,0.455886,0.9789,O-L6-1-46
3.11,0.0725894,0.455649,0.976902,O-L6-1-46
3.12,0.0657695,0.455433,0.97491,O-L6-1-46
3.13,0.0589403,0.455238,0.972924,O-L6-1-46
3.14,0.0521029,0.455065,0.970944,O-L6-1-46
3.15,0.0452581,0.454913,0.96897,O-L6-1-46
3.16,0.0384069,0.454782,0.967001,O-L6-1-46
3.17,0.0315503,0.454673,0.965039,O-L6-1-46
3.18,0.0246892,0.454585,0.963083,O-L6-1-46
3.19,0.0178247,0.454519,0.961132,O-L6-1-46
3.2,0.0109576,0.454474,0.959188,O-L6-1-46
1.8,0.623425,0.285346,0.573465,O-L7-1-16
1.81,0.622481,0.285073,0.573175,O-L7-1-16
1.82,0.621535,0.284799,0.572886,O-L7-1-16
1.83,0.620586,0.284526,0.572597,O-L7-1-16
1.84,0.619634,0.284253,0.572308,O-L7-1-16
1.85,0.61868,0.283981,0.572019,O-L7-1-16
1.86,0.617722,0.283709,0.57173,O-L7-1-16
1.87,0.616762,0.283438,0.571442,O-L7-1-16
1.88,0.6158,0.283166,0.571154,O-L7-1-16
1.89,0.614834,0.282896,0.570866,O-L7-1-16
1.9,0.613866,0.282626,0.570578,O-L7-1-16
1.91,0.612895,0.282356,0.57029,O-L7-1-16
1.92,0.611921,0.282087,0.570003,O-L7-1-16
1.93,0.610944,0.281818,0.569715,O-L7-1-16
1.94,0.609965,0.281549,0.569428,O-L7-1-16
1.95,0.608983,0.281281,0.569141,O-L7-1-16
1.96,0.607997,0.281014,0.568855,O-L7-1-16
1.97,0.60701,0.280746,0.568568,O-L7-1-16
1.98,0.606019,0.28048,0.568282,O-L7-1-16
1.99,0.605025,0.280213,0.567996,O-L7-1-16
2,0.604029,0.279948,0.56771,O-L7-1-16
2.01,0.60303,0.279682,0.567424,O-L7-1-16
2.02,0.602028,0.279417,0.567138,O-L7-1-16
2.03,0.601023,0.279153,0.566853,O-L7-1-16
2.04,0.600015,0.278888,0.566568,O-L7-1-16
2.05,0.599004,0.278625,0.566283,O-L7-1-16
2.06,0.597991,0.278362,0.565998,O-L7-1-16
2.07,0.596975,0.278099,0.565714,O-L7-1-16
2.08,0.595955,0.277837,0.565429,O-L7-1-16
2.09,0.594933,0.277575,0.565145,O-L7-1-16
2.1,0.593908,0.277313,0.564861,O-L7-1-16
2.11,0.59288,0.277052,0.564577,O-L7-1-16
2.12,0.591849,0.276792,0.564293,O-L7-1-16
2.13,0.590815,0.276532,0.56401,O-L7-1-16
2.14,0.589779,0.276272,0.563727,O-L7-1-16
2.15,0.588739,0.276013,0.563444,O-L7-1-16
2.16,0.587697,0.275754,0.563161,O-L7-1-16
2.17,0.586651,0.275496,0.562878,O-L7-1-16
2.18,0.585603,0.275238,0.562596,O-L7-1-16
2.19,0.584551,0.274981,0.562314,O-L7-1-16
2.2,0.583497,0.274724,0.562032,O-L7-1-16
2.21,0.58244,0.274468,0.56175,O-L7-1-16
2.22,0.58138,0.274212,0.561468,O-L7-1-16
2.23,0.580316,0.273956,0.561187,O-L7-1-16
2.24,0.57925,0.273701,0.560905,O-L7-1-16
2.25,0.578181,0.273447,0.560624,O-L7-1-16
2.26,0.577109,0.273193,0.560344,O-L7-1-16
2.27,0.576034,0.272939,0.560063,O-L7-1-16
2.28,0.574956,0.272686,0.559782,O-L7-1-16
2.29,0.573875,0.272434,0.559502,O-L7-1-16
2.3,0.57279,0.272181,0.559222,O-L7-1-16
2.31,0.571703,0.27193,0.558942,O-L7-1-16
2.32,0.570613,0.271679,0.558663,O-L7-1-16
2.33,0.56952,0.271428,0.558383,O-L7-1-16
2.34,0.568424,0.271178,0.558104,O-L7-1-16
2.35,0.567324,0.270928,0.557825,O-L7-1-16
2.36,0.566222,0.270679,0.557546,O-L7-1-16
2.37,0.565117,0.27043,0.557267,O-L7-1-16
2.38,0.564008,0.270182,0.556989,O-L7-1-16
2.39,0.562897,0.269934,0.556711,O-L7-1-16
2.4,0.561782,0.269687,0.556433,O-L7-1-16
2.41,0.560665,0.26944,0.556155,O-L7-1-16
2.42,0.559544,0.269193,0.555877,O-L7-1-16
2.43,0.55842,0.268948,0.5556,O-L7-1-16
2.44,0.557293,0.268702,0.555323,O-L7-1-16
2.45,0.556163,0.268457,0.555046,O-L7-1-16
2.46,0.55503,0.268213,0.554769,O-L7-1-16
2.47,0.553894,0.267969,0.554492,O-L7-1-16
2.48,0.552755,0.267726,0.554216,O-L7-1-16
2.49,0.551613,0.267483,0.55394,O-L7-1-16
2.5,0.550467,0.267241,0.553664,O-L7-1-16
2.51,0.549319,0.266999,0.553388,O-L7-1-16
2.52,0.548167,0.266757,0.553112,O-L7-1-16
2.53,0.547012,0.266517,0.552837,O-L7-1-16
2.54,0.545854,0.266276,0.552562,O-L7-1-16
2.55,0.544693,0.266037,0.552287,O-L7-1-16
2.56,0.543529,0.265797,0.552012,O-L7-1-16
2.57,0.542362,0.265558,0.551738,O-L7-1-16
2.58,0.541191,0.26532,0.551463,O-L7-1-16
2.59,0.540018,0.265082,0.551189,O-L7-1-16
2.6,0.538841,0.264845,0.550915,O-L7-1-16
2.61,0.537661,0.264609,0.550642,O-L7-1-16
2.62,0.536478,0.264372,0.550368,O-L7-1-16
2.63,0.535291,0.264137,0.550095,O-L7-1-16
2.64,0.534102,0.263902,0.549822,O-L7-1-16
2.65,0.532909,0.263667,0.549549,O-L7-1-16
2.66,0.531713,0.263433,0.549277,O-L7-1-16
2.67,0.530514,0.263199,0.549004,O-L7-1-16
2.68,0.529312,0.262966,0.548732,O-L7-1-16
2.69,0.528107,0.262734,0.54846,O-L7-1-16
2.7,0.526898,0.262502,0.548188,O-L7-1-16
2.71,0.525686,0.26227,0.547917,O-L7-1-16
2.72,0.524471,0.262039,0.547645,O-L7-1-16
2.73,0.523253,0.261809,0.547374,O-L7-1-16
2.74,0.522031,0.261579,0.547103,O-L7-1-16
2.75,0.520807,0.26135,0.546833,O-L7-1-16
2.76,0.519579,0.261121,0.546562,O-L7-1-16
2.77,0.518347,0.260893,0.546292,O-L7-1-16
2.78,0.517113,0.260665,0.546022,O-L7-1-16
2.79,0.515875,0.260438,0.545752,O-L7-1-16
2.8,0.514635,0.260211,0.545482,O-L7-1-16
2.81,0.513391,0.259985,0.545213,O-L7-1-16
2.82,0.512143,0.25976,0.544944,O-L7-1-16
2.83,0.510893,0.259535,0.544675,O-L7-1-16
2.84,0.509639,0.25931,0.544406,O-L7-1-16
2.85,0.508382,0.259087,0.544138,O-L7-1-16
2.86,0.507121,0.258863,0.543869,O-L7-1-16
2.87,0.505858,0.25864,0.543601,O-L7-1-16
2.88,0.504591,0.258418,0.543333,O-L7-1-16
2.89,0.503321,0.258197,0.543066,O-L7-1-16
2.9,0.502047,0.257976,0.542798,O-L7-1-16
2.91,0.50077,0.257755,0.542531,O-L7-1-16
2.92,0.49949,0.257535,0.542264,O-L7-1-16
2.93,0.498207,0.257316,0.541997,O-L7-1-16
2.94,0.496921,0.257097,0.541731,O-L7-1-16
2.95,0.495631,0.256879,0.541464,O-L7-1-16
2.96,0.494338,0.256661,0.541198,O-L7-1-16
2.97,0.493041,0.256444,0.540932,O-L7-1-16
2.98,0.491742,0.256227,0.540667,O-L7-1-16
2.99,0.490439,0.256011,0.540401,O-L7-1-16
3,0.489132,0.255796,0.540136,O-L7-1-16
3.01,0.487823,0.255581,0.539871,O-L7-1-16
3.02,0.48651,0.255367,0.539606,O-L7-1-16
3.03,0.485194,0.255153,0.539342,O-L7-1-16
3.04,0.483874,0.25494,0.539077,O-L7-1-16
3.05,0.482551,0.254728,0.538813,O-L7-1-16
3.06,0.481225,0.254516,0.538549,O-L7-1-16
3.07,0.479896,0.254304,0.538286,O-L7-1-16
3.08,0.478563,0.254094,0.538022,O-L7-1-16
3.09,0.477227,0.253883,0.537759,O-L7-1-16
3.1,0.475888,0.253674,0.537496,O-L7-1-16
3.11,0.474545,0.253465,0.537233,O-L7-1-16
3.12,0.473199,0.253256,0.536971,O-L7-1-16
3.13,0.47185,0.253049,0.536708,O-L7-1-16
3.14,0.470497,0.252841,0.536446,O-L7-1-16
3.15,0.469141,0.252635,0.536185,O-L7-1-16
3.16,0.467782,0.252429,0.535923,O-L7-1-16
3.17,0.466419,0.252223,0.535662,O-L7-1-16
3.18,0.465053,0.252019,0.5354,O-L7-1-16
3.19,0.463684,0.251814,0.535139,O-L7-1-16
3.2,0.462311,0.251611,0.534879,O-L7-1-16
1.8,0.909675,0.408347,0.799141,O-L9-1-25
1.81,0.908502,0.405846,0.793212,O-L9-1-25
1.82,0.907307,0.403347,0.787285,O-L9-1-25
1.83,0.90609,0.400852,0.78136,O-L9-1-25
1.84,0.904849,0.39836,0.775435,O-L9-1-25
1.85,0.903585,0.395872,0.769512,O-L9-1-25
1.86,0.902297,0.393387,0.763591,O-L9-1-25
1.87,0.900985,0.390906,0.757671,O-L9-1-25
1.88,0.899647,0.388429,0.751753,O-L9-1-25
1.89,0.898283,0.385955,0.745836,O-L9-1-25
1.9,0.896893,0.383485,0.739921,O-L9-1-25
1.91,0.895476,0.381019,0.734008,O-L9-1-25
1.92,0.894031,0.378556,0.728096,O-L9-1-25
1.93,0.892558,0.376098,0.722186,O-L9-1-25
1.94,0.891056,0.373644,0.716277,O-L9-1-25
1.95,0.889523,0.371194,0.710371,O-L9-1-25
1.96,0.88796,0.368749,0.704466,O-L9-1-25
1.97,0.886366,0.366307,0.698564,O-L9-1-25
1.98,0.884739,0.36387,0.692663,O-L9-1-25
1.99,0.88308,0.361438,0.686764,O-L9-1-25
2,0.881387,0.35901,0.680868,O-L9-1-25
2.01,0.879659,0.356587,0.674973,O-L9-1-25
2.02,0.877895,0.354169,0.669081,O-L9-1-25
2.03,0.876095,0.351755,0.663191,O-L9-1-25
2.04,0.874258,0.349347,0.657303,O-L9-1-25
2.05,0.872382,0.346944,0.651418,O-L9-1-25
2.06,0.870467,0.344546,0.645535,O-L9-1-25
2.07,0.868511,0.342153,0.639654,O-L9-1-25
2.08,0.866514,0.339766,0.633776,O-L9-1-25
2.09,0.864475,0.337384,0.627901,O-L9-1-25
2.1,0.862392,0.335008,0.622028,O-L9-1-25
2.11,0.860264,0.332638,0.616158,O-L9-1-25
2.12,0.858091,0.330274,0.610291,O-L9-1-25
2.13,0.85587,0.327915,0.604427,O-L9-1-25
2.14,0.853601,0.325563,0.598566,O-L9-1-25
2.15,0.851282,0.323217,0.592708,O-L9-1-25
2.16,0.848912,0.320878,0.586854,O-L9-1-25
2.17,0.84649,0.318545,0.581002,O-L9-1-25
2.18,0.844014,0.316219,0.575154,O-L9-1-25
2.19,0.841483,0.3139,0.56931,O-L9-1-25
2.2,0.838896,0.311588,0.563469,O-L9-1-25
2.21,0.83625,0.309283,0.557632,O-L9-1-25
2.22,0.833545,0.306986,0.551799,O-L9-1-25
2.23,0.830778,0.304696,0.54597,O-L9-1-25
2.24,0.827948,0.302413,0.540145,O-L9-1-25
2.25,0.825054,0.300139,0.534324,O-L9-1-25
2.26,0.822093,0.297873,0.528507,O-L9-1-25
2.27,0.819064,0.295615,0.522695,O-L9-1-25
2.28,0.815964,0.293365,0.516888,O-L9-1-25
2.29,0.812793,0.291124,0.511086,O-L9-1-25
2.3,0.809548,0.288892,0.505288,O-L9-1-25
2.31,0.806227,0.286668,0.499496,O-L9-1-25
2.32,0.802828,0.284454,0.493709,O-L9-1-25
2.33,0.799348,0.28225,0.487928,O-L9-1-25
2.34,0.795787,0.280055,0.482153,O-L9-1-25
2.35,0.792141,0.27787,0.476383,O-L9-1-25
2.36,0.788408,0.275696,0.47062,O-L9-1-25
2.37,0.784586,0.273531,0.464863,O-L9-1-25
2.38,0.780672,0.271378,0.459113,O-L9-1-25
2.39,0.776664,0.269235,0.453369,O-L9-1-25
2.4,0.77256,0.267103,0.447633,O-L9-1-25
2.41,0.768357,0.264983,0.441905,O-L9-1-25
2.42,0.764051,0.262874,0.436184,O-L9-1-25
2.43,0.759641,0.260778,0.430471,O-L9-1-25
2.44,0.755124,0.258694,0.424766,O-L9-1-25
2.45,0.750497,0.256622,0.419071,O-L9-1-25
2.46,0.745756,0.254563,0.413384,O-L9-1-25
2.47,0.7409,0.252518,0.407707,O-L9-1-25
2.48,0.735924,0.250486,0.40204,O-L9-1-25
2.49,0.730826,0.248468,0.396383,O-L9-1-25
2.5,0.725603,0.246464,0.390736,O-L9-1-25
2.51,0.720252,0.244474,0.385101,O-L9-1-25
2.52,0.714769,0.2425,0.379478,O-L9-1-25
2.53,0.70915,0.240541,0.373867,O-L9-1-25
2.54,0.703393,0.238597,0.368269,O-L9-1-25
2.55,0.697495,0.236669,0.362684,O-L9-1-25
2.56,0.691451,0.234758,0.357114,O-L9-1-25
2.57,0.685258,0.232864,0.351557,O-L9-1-25
2.58,0.678913,0.230987,0.346017,O-L9-1-25
2.59,0.672413,0.229128,0.340492,O-L9-1-25
2.6,0.665753,0.227286,0.334985,O-L9-1-25
2.61,0.658929,0.225464,0.329495,O-L9-1-25
2.62,0.65194,0.22366,0.324024,O-L9-1-25
2.63,0.64478,0.221876,0.318573,O-L9-1-25
2.64,0.637446,0.220112,0.313142,O-L9-1-25
2.65,0.629934,0.218368,0.307734,O-L9-1-25
2.66,0.622242,0.216645,0.302348,O-L9-1-25
2.67,0.614365,0.214943,0.296986,O-L9-1-25
2.68,0.6063,0.213264,0.29165,O-L9-1-25
2.69,0.598044,0.211607,0.286341,O-L9-1-25
2.7,0.589593,0.209972,0.281061,O-L9-1-25
2.71,0.580943,0.208362,0.27581,O-L9-1-25
2.72,0.572092,0.206775,0.270592,O-L9-1-25
2.73,0.563037,0.205213,0.265407,O-L9-1-25
2.74,0.553774,0.203677,0.260259,O-L9-1-25
2.75,0.544301,0.202166,0.255148,O-L9-1-25
2.76,0.534615,0.200681,0.250077,O-L9-1-25
2.77,0.524713,0.199224,0.24505,O-L9-1-25
2.78,0.514594,0.197794,0.240067,O-L9-1-25
2.79,0.504256,0.196392,0.235134,O-L9-1-25
2.8,0.493696,0.195019,0.230251,O-L9-1-25
2.81,0.482913,0.193675,0.225424,O-L9-1-25
2.82,0.471905,0.192361,0.220655,O-L9-1-25
2.83,0.460673,0.191078,0.215949,O-L9-1-25
2.84,0.449214,0.189826,0.211308,O-L9-1-25
2.85,0.43753,0.188606,0.206739,O-L9-1-25
2.86,0.42562,0.187418,0.202246,O-L9-1-25
2.87,0.413484,0.186263,0.197834,O-L9-1-25
2.88,0.401124,0.185142,0.193508,O-L9-1-25
2.89,0.388541,0.184056,0.189274,O-L9-1-25
2.9,0.375737,0.183004,0.18514,O-L9-1-25
2.91,0.362714,0.181988,0.18111,O-L9-1-25
2.92,0.349475,0.181008,0.177194,O-L9-1-25
2.93,0.336023,0.180065,0.173398,O-L9-1-25
2.94,0.322362,0.179159,0.16973,O-L9-1-25
2.95,0.308497,0.178291,0.1662,O-L9-1-25
2.96,0.294433,0.177461,0.162815,O-L9-1-25
2.97,0.280174,0.176671,0.159585,O-L9-1-25
2.98,0.265728,0.17592,0.15652,O-L9-1-25
2.99,0.2511,0.175208,0.15363,O-L9-1-25
3,0.236299,0.174538,0.150924,O-L9-1-25
3.01,0.221331,0.173908,0.148413,O-L9-1-25
3.02,0.206205,0.17332,0.146106,O-L9-1-25
3.03,0.19093,0.172773,0.144015,O-L9-1-25
3.04,0.175515,0.172269,0.142147,O-L9-1-25
3.05,0.159969,0.171807,0.140513,O-L9-1-25
3.06,0.144304,0.171389,0.139119,O-L9-1-25
3.07,0.128529,0.171013,0.137974,O-L9-1-25
3.08,0.112657,0.170681,0.137084,O-L9-1-25
3.09,0.0966971,0.170393,0.136454,O-L9-1-25
3.1,0.0806627,0.170149,0.136087,O-L9-1-25
3.11,0.0645655,0.169949,0.135985,O-L9-1-25
3.12,0.0484177,0.169794,0.13615,O-L9-1-25
3.13,0.0322318,0.169683,0.13658,O-L9-1-25
3.14,0.0160206,0.169617,0.137272,O-L9-1-25
3.15,-0.000203282,0.169595,0.138223,O-L9-1-25
3.16,-0.016427,0.169618,0.139427,O-L9-1-25
3.17,-0.0326378,0.169685,0.140879,O-L9-1-25
3.18,-0.0488228,0.169797,0.142569,O-L9-1-25
3.19,-0.0649695,0.169954,0.144491,O-L9-1-25
3.2,-0.0810653,0.170155,0.146634,O-L9-1-25
