<?xml version="1.0" encoding="UTF-8"?>
<kml xmlns="http://www.opengis.net/kml/2.2"><Document>
<name>Wadi Ghadir gravity stations</name>
<Style id="CG6-0640"><IconStyle><color>ffd6782a</color><scale>0.6</scale><Icon><href>http://maps.google.com/mapfiles/kml/shapes/placemark_circle.png</href></Icon></IconStyle><LabelStyle><scale>0</scale></LabelStyle></Style>
<Style id="CG6-0313"><IconStyle><color>ff3468eb</color><scale>0.6</scale><Icon><href>http://maps.google.com/mapfiles/kml/shapes/placemark_circle.png</href></Icon></IconStyle><LabelStyle><scale>0</scale></LabelStyle></Style>
<Folder><name>CG6-0313</name>
<Placemark><name>0313 L2-1</name><styleUrl>#CG6-0313</styleUrl><description><![CDATA[Date 2026-01-16, line 2, station 1<br/>H = 103.3 m<br/>FA = 0.51 mGal<br/>CB(2.67) = 0.27 mGal (rel. base 100)]]></description><Point><coordinates>34.9342823,24.7847784,0</coordinates></Point></Placemark>
<Placemark><name>0313 L2-2</name><styleUrl>#CG6-0313</styleUrl><description><![CDATA[Date 2026-01-16, line 2, station 2<br/>H = 107.4 m<br/>FA = 1.64 mGal<br/>CB(2.67) = 0.49 mGal (rel. base 100)]]></description><Point><coordinates>34.9340268,24.7827531,0</coordinates></Point></Placemark>
<Placemark><name>0313 L2-3</name><styleUrl>#CG6-0313</styleUrl><description><![CDATA[Date 2026-01-16, line 2, station 3<br/>H = 109.8 m<br/>FA = 1.77 mGal<br/>CB(2.67) = 0.39 mGal (rel. base 100)]]></description><Point><coordinates>34.9324156,24.7832209,0</coordinates></Point></Placemark>
<Placemark><name>0313 L2-4</name><styleUrl>#CG6-0313</styleUrl><description><![CDATA[Date 2026-01-16, line 2, station 4<br/>H = 114.4 m<br/>FA = 2.45 mGal<br/>CB(2.67) = 0.40 mGal (rel. base 100)]]></description><Point><coordinates>34.9305159,24.7835372,0</coordinates></Point></Placemark>
<Placemark><name>0313 L2-5</name><styleUrl>#CG6-0313</styleUrl><description><![CDATA[Date 2026-01-16, line 2, station 5<br/>H = 117.7 m<br/>FA = 3.02 mGal<br/>CB(2.67) = 0.57 mGal (rel. base 100)]]></description><Point><coordinates>34.9288853,24.7824445,0</coordinates></Point></Placemark>
<Placemark><name>0313 L2-6</name><styleUrl>#CG6-0313</styleUrl><description><![CDATA[Date 2026-01-16, line 2, station 6<br/>H = 120.2 m<br/>FA = 3.47 mGal<br/>CB(2.67) = 0.73 mGal (rel. base 100)]]></description><Point><coordinates>34.9269433,24.7823892,0</coordinates></Point></Placemark>
<Placemark><name>0313 L2-7</name><styleUrl>#CG6-0313</styleUrl><description><![CDATA[Date 2026-01-16, line 2, station 7<br/>H = 123.4 m<br/>FA = 3.86 mGal<br/>CB(2.67) = 0.84 mGal (rel. base 100)]]></description><Point><coordinates>34.9249905,24.7827560,0</coordinates></Point></Placemark>
<Placemark><name>0313 L2-8</name><styleUrl>#CG6-0313</styleUrl><description><![CDATA[Date 2026-01-16, line 2, station 8<br/>H = 125.7 m<br/>FA = 4.28 mGal<br/>CB(2.67) = 1.00 mGal (rel. base 100)]]></description><Point><coordinates>34.9233701,24.7822987,0</coordinates></Point></Placemark>
<Placemark><name>0313 L2-9</name><styleUrl>#CG6-0313</styleUrl><description><![CDATA[Date 2026-01-16, line 2, station 9<br/>H = 128.7 m<br/>FA = 4.16 mGal<br/>CB(2.67) = 0.61 mGal (rel. base 100)]]></description><Point><coordinates>34.9219607,24.7809816,0</coordinates></Point></Placemark>
<Placemark><name>0313 L2-10</name><styleUrl>#CG6-0313</styleUrl><description><![CDATA[Date 2026-01-16, line 2, station 10<br/>H = 131.4 m<br/>FA = 4.29 mGal<br/>CB(2.67) = 0.83 mGal (rel. base 100)]]></description><Point><coordinates>34.9199267,24.7812000,0</coordinates></Point></Placemark>
<Placemark><name>0313 L2-11</name><styleUrl>#CG6-0313</styleUrl><description><![CDATA[Date 2026-01-16, line 2, station 11<br/>H = 134.1 m<br/>FA = 4.81 mGal<br/>CB(2.67) = 0.99 mGal (rel. base 100)]]></description><Point><coordinates>34.9182004,24.7807250,0</coordinates></Point></Placemark>
<Placemark><name>0313 L2-12</name><styleUrl>#CG6-0313</styleUrl><description><![CDATA[Date 2026-01-16, line 2, station 12<br/>H = 137.8 m<br/>FA = 5.64 mGal<br/>CB(2.67) = 1.49 mGal (rel. base 100)]]></description><Point><coordinates>34.9163680,24.7812819,0</coordinates></Point></Placemark>
<Placemark><name>0313 L2-13</name><styleUrl>#CG6-0313</styleUrl><description><![CDATA[Date 2026-01-16, line 2, station 13<br/>H = 141.4 m<br/>FA = 6.40 mGal<br/>CB(2.67) = 1.96 mGal (rel. base 100)]]></description><Point><coordinates>34.9147882,24.7801311,0</coordinates></Point></Placemark>
<Placemark><name>0313 L2-14</name><styleUrl>#CG6-0313</styleUrl><description><![CDATA[Date 2026-01-16, line 2, station 14<br/>H = 144.2 m<br/>FA = 7.06 mGal<br/>CB(2.67) = 2.12 mGal (rel. base 100)]]></description><Point><coordinates>34.9134403,24.7789328,0</coordinates></Point></Placemark>
<Placemark><name>0313 L2-15</name><styleUrl>#CG6-0313</styleUrl><description><![CDATA[Date 2026-01-16, line 2, station 15<br/>H = 147.2 m<br/>FA = 7.90 mGal<br/>CB(2.67) = 2.44 mGal (rel. base 100)]]></description><Point><coordinates>34.9116135,24.7784182,0</coordinates></Point></Placemark>
<Placemark><name>0313 L2-16</name><styleUrl>#CG6-0313</styleUrl><description><![CDATA[Date 2026-01-16, line 2, station 16<br/>H = 149.6 m<br/>FA = 7.91 mGal<br/>CB(2.67) = 2.49 mGal (rel. base 100)]]></description><Point><coordinates>34.9101011,24.7773317,0</coordinates></Point></Placemark>
<Placemark><name>0313 L2-17</name><styleUrl>#CG6-0313</styleUrl><description><![CDATA[Date 2026-01-16, line 2, station 17<br/>H = 152.2 m<br/>FA = 8.46 mGal<br/>CB(2.67) = 2.51 mGal (rel. base 100)]]></description><Point><coordinates>34.9091993,24.7757814,0</coordinates></Point></Placemark>
<Placemark><name>0313 L2-18</name><styleUrl>#CG6-0313</styleUrl><description><![CDATA[Date 2026-01-16, line 2, station 18<br/>H = 154.9 m<br/>FA = 9.00 mGal<br/>CB(2.67) = 2.88 mGal (rel. base 100)]]></description><Point><coordinates>34.9079209,24.7746735,0</coordinates></Point></Placemark>
<Placemark><name>0313 L2-20</name><styleUrl>#CG6-0313</styleUrl><description><![CDATA[Date 2026-01-16, line 2, station 20<br/>H = 163.9 m<br/>FA = 11.13 mGal<br/>CB(2.67) = 4.11 mGal (rel. base 100)]]></description><Point><coordinates>34.9040516,24.7709377,0</coordinates></Point></Placemark>
<Placemark><name>0313 L2-21</name><styleUrl>#CG6-0313</styleUrl><description><![CDATA[Date 2026-01-16, line 2, station 21<br/>H = 166.5 m<br/>FA = 11.32 mGal<br/>CB(2.67) = 3.89 mGal (rel. base 100)]]></description><Point><coordinates>34.9033955,24.7693952,0</coordinates></Point></Placemark>
<Placemark><name>0313 L2-22</name><styleUrl>#CG6-0313</styleUrl><description><![CDATA[Date 2026-01-16, line 2, station 22<br/>H = 170.2 m<br/>FA = 11.87 mGal<br/>CB(2.67) = 4.26 mGal (rel. base 100)]]></description><Point><coordinates>34.9012755,24.7702404,0</coordinates></Point></Placemark>
<Placemark><name>0313 L2-23</name><styleUrl>#CG6-0313</styleUrl><description><![CDATA[Date 2026-01-16, line 2, station 23<br/>H = 172.9 m<br/>FA = 12.75 mGal<br/>CB(2.67) = 4.58 mGal (rel. base 100)]]></description><Point><coordinates>34.8995138,24.7711359,0</coordinates></Point></Placemark>
<Placemark><name>0313 L2-24</name><styleUrl>#CG6-0313</styleUrl><description><![CDATA[Date 2026-01-16, line 2, station 24<br/>H = 175.1 m<br/>FA = 13.74 mGal<br/>CB(2.67) = 5.46 mGal (rel. base 100)]]></description><Point><coordinates>34.8977154,24.7714298,0</coordinates></Point></Placemark>
<Placemark><name>0313 L2-25</name><styleUrl>#CG6-0313</styleUrl><description><![CDATA[Date 2026-01-16, line 2, station 25<br/>H = 177.4 m<br/>FA = 14.21 mGal<br/>CB(2.67) = 5.99 mGal (rel. base 100)]]></description><Point><coordinates>34.8956864,24.7718964,0</coordinates></Point></Placemark>
<Placemark><name>0313 L2-26</name><styleUrl>#CG6-0313</styleUrl><description><![CDATA[Date 2026-01-16, line 2, station 26<br/>H = 180.6 m<br/>FA = 15.81 mGal<br/>CB(2.67) = 7.07 mGal (rel. base 100)]]></description><Point><coordinates>34.8930516,24.7712837,0</coordinates></Point></Placemark>
<Placemark><name>0313 L3-1</name><styleUrl>#CG6-0313</styleUrl><description><![CDATA[Date 2026-01-16, line 3, station 1<br/>H = 184.1 m<br/>FA = 16.56 mGal<br/>CB(2.67) = 7.52 mGal (rel. base 100)]]></description><Point><coordinates>34.8910233,24.7715924,0</coordinates></Point></Placemark>
<Placemark><name>0313 L3-2</name><styleUrl>#CG6-0313</styleUrl><description><![CDATA[Date 2026-01-16, line 3, station 2<br/>H = 186.5 m<br/>FA = 17.14 mGal<br/>CB(2.67) = 7.78 mGal (rel. base 100)]]></description><Point><coordinates>34.8891449,24.7715311,0</coordinates></Point></Placemark>
<Placemark><name>0313 L3-3</name><styleUrl>#CG6-0313</styleUrl><description><![CDATA[Date 2026-01-16, line 3, station 3<br/>H = 189.3 m<br/>FA = 17.31 mGal<br/>CB(2.67) = 7.71 mGal (rel. base 100)]]></description><Point><coordinates>34.8871198,24.7716752,0</coordinates></Point></Placemark>
<Placemark><name>0313 L3-4</name><styleUrl>#CG6-0313</styleUrl><description><![CDATA[Date 2026-01-16, line 3, station 4<br/>H = 192.2 m<br/>FA = 17.84 mGal<br/>CB(2.67) = 7.66 mGal (rel. base 100)]]></description><Point><coordinates>34.8852674,24.7720630,0</coordinates></Point></Placemark>
<Placemark><name>0313 L3-5</name><styleUrl>#CG6-0313</styleUrl><description><![CDATA[Date 2026-01-16, line 3, station 5<br/>H = 194.5 m<br/>FA = 17.87 mGal<br/>CB(2.67) = 7.56 mGal (rel. base 100)]]></description><Point><coordinates>34.8835181,24.7726528,0</coordinates></Point></Placemark>
<Placemark><name>0313 L3-6</name><styleUrl>#CG6-0313</styleUrl><description><![CDATA[Date 2026-01-16, line 3, station 6<br/>H = 196.9 m<br/>FA = 18.07 mGal<br/>CB(2.67) = 7.57 mGal (rel. base 100)]]></description><Point><coordinates>34.8816926,24.7732135,0</coordinates></Point></Placemark>
<Placemark><name>0313 L3-7</name><styleUrl>#CG6-0313</styleUrl><description><![CDATA[Date 2026-01-16, line 3, station 7<br/>H = 199.3 m<br/>FA = 18.44 mGal<br/>CB(2.67) = 7.34 mGal (rel. base 100)]]></description><Point><coordinates>34.8798125,24.7736676,0</coordinates></Point></Placemark>
<Placemark><name>0313 L3-8</name><styleUrl>#CG6-0313</styleUrl><description><![CDATA[Date 2026-01-16, line 3, station 8<br/>H = 201.9 m<br/>FA = 18.72 mGal<br/>CB(2.67) = 7.27 mGal (rel. base 100)]]></description><Point><coordinates>34.8780130,24.7742446,0</coordinates></Point></Placemark>
<Placemark><name>0313 L3-9</name><styleUrl>#CG6-0313</styleUrl><description><![CDATA[Date 2026-01-16, line 3, station 9<br/>H = 204.8 m<br/>FA = 19.21 mGal<br/>CB(2.67) = 7.24 mGal (rel. base 100)]]></description><Point><coordinates>34.8760238,24.7748043,0</coordinates></Point></Placemark>
<Placemark><name>0313 L3-3</name><styleUrl>#CG6-0313</styleUrl><description><![CDATA[Date 2026-01-16, line 3, station 3<br/>H = 208.8 m<br/>FA = 19.59 mGal<br/>CB(2.67) = 7.18 mGal (rel. base 100)]]></description><Point><coordinates>34.8740039,24.7754884,0</coordinates></Point></Placemark>
<Placemark><name>0313 L3-10</name><styleUrl>#CG6-0313</styleUrl><description><![CDATA[Date 2026-01-16, line 3, station 10<br/>H = 208.8 m<br/>FA = 19.57 mGal<br/>CB(2.67) = 7.17 mGal (rel. base 100)]]></description><Point><coordinates>34.8740039,24.7754884,0</coordinates></Point></Placemark>
<Placemark><name>0313 L3-11</name><styleUrl>#CG6-0313</styleUrl><description><![CDATA[Date 2026-01-16, line 3, station 11<br/>H = 211.9 m<br/>FA = 19.63 mGal<br/>CB(2.67) = 7.18 mGal (rel. base 100)]]></description><Point><coordinates>34.8722502,24.7759712,0</coordinates></Point></Placemark>
<Placemark><name>0313 L3-12</name><styleUrl>#CG6-0313</styleUrl><description><![CDATA[Date 2026-01-16, line 3, station 12<br/>H = 215.1 m<br/>FA = 20.16 mGal<br/>CB(2.67) = 7.15 mGal (rel. base 100)]]></description><Point><coordinates>34.8705959,24.7764244,0</coordinates></Point></Placemark>
<Placemark><name>0313 L3-13</name><styleUrl>#CG6-0313</styleUrl><description><![CDATA[Date 2026-01-16, line 3, station 13<br/>H = 219.0 m<br/>FA = 20.65 mGal<br/>CB(2.67) = 6.97 mGal (rel. base 100)]]></description><Point><coordinates>34.8686386,24.7765371,0</coordinates></Point></Placemark>
<Placemark><name>0313 L3-14</name><styleUrl>#CG6-0313</styleUrl><description><![CDATA[Date 2026-01-16, line 3, station 14<br/>H = 222.2 m<br/>FA = 20.96 mGal<br/>CB(2.67) = 7.02 mGal (rel. base 100)]]></description><Point><coordinates>34.8669004,24.7770237,0</coordinates></Point></Placemark>
<Placemark><name>0313 L3-15</name><styleUrl>#CG6-0313</styleUrl><description><![CDATA[Date 2026-01-16, line 3, station 15<br/>H = 225.9 m<br/>FA = 21.57 mGal<br/>CB(2.67) = 7.16 mGal (rel. base 100)]]></description><Point><coordinates>34.8649201,24.7775943,0</coordinates></Point></Placemark>
<Placemark><name>0313 L3-16</name><styleUrl>#CG6-0313</styleUrl><description><![CDATA[Date 2026-01-16, line 3, station 16<br/>H = 229.0 m<br/>FA = 22.09 mGal<br/>CB(2.67) = 7.44 mGal (rel. base 100)]]></description><Point><coordinates>34.8630464,24.7778482,0</coordinates></Point></Placemark>
<Placemark><name>0313 L3-17</name><styleUrl>#CG6-0313</styleUrl><description><![CDATA[Date 2026-01-16, line 3, station 17<br/>H = 232.4 m<br/>FA = 22.53 mGal<br/>CB(2.67) = 7.39 mGal (rel. base 100)]]></description><Point><coordinates>34.8613911,24.7786030,0</coordinates></Point></Placemark>
<Placemark><name>0313 L3-18</name><styleUrl>#CG6-0313</styleUrl><description><![CDATA[Date 2026-01-16, line 3, station 18<br/>H = 235.8 m<br/>FA = 23.26 mGal<br/>CB(2.67) = 7.67 mGal (rel. base 100)]]></description><Point><coordinates>34.8593936,24.7787427,0</coordinates></Point></Placemark>
<Placemark><name>0313 L3-19</name><styleUrl>#CG6-0313</styleUrl><description><![CDATA[Date 2026-01-16, line 3, station 19<br/>H = 239.3 m<br/>FA = 23.61 mGal<br/>CB(2.67) = 7.47 mGal (rel. base 100)]]></description><Point><coordinates>34.8585072,24.7800109,0</coordinates></Point></Placemark>
<Placemark><name>0313 L3-20</name><styleUrl>#CG6-0313</styleUrl><description><![CDATA[Date 2026-01-16, line 3, station 20<br/>H = 243.3 m<br/>FA = 23.91 mGal<br/>CB(2.67) = 7.34 mGal (rel. base 100)]]></description><Point><coordinates>34.8570849,24.7813576,0</coordinates></Point></Placemark>
<Placemark><name>0313 L3-21</name><styleUrl>#CG6-0313</styleUrl><description><![CDATA[Date 2026-01-16, line 3, station 21<br/>H = 246.6 m<br/>FA = 24.26 mGal<br/>CB(2.67) = 7.32 mGal (rel. base 100)]]></description><Point><coordinates>34.8554852,24.7810123,0</coordinates></Point></Placemark>
<Placemark><name>0313 L3-22</name><styleUrl>#CG6-0313</styleUrl><description><![CDATA[Date 2026-01-16, line 3, station 22<br/>H = 250.4 m<br/>FA = 24.60 mGal<br/>CB(2.67) = 7.29 mGal (rel. base 100)]]></description><Point><coordinates>34.8534304,24.7807916,0</coordinates></Point></Placemark>
<Placemark><name>0313 L3-23</name><styleUrl>#CG6-0313</styleUrl><description><![CDATA[Date 2026-01-16, line 3, station 23<br/>H = 253.3 m<br/>FA = 25.00 mGal<br/>CB(2.67) = 7.39 mGal (rel. base 100)]]></description><Point><coordinates>34.8520057,24.7818073,0</coordinates></Point></Placemark>
<Placemark><name>0313 L3-24</name><styleUrl>#CG6-0313</styleUrl><description><![CDATA[Date 2026-01-16, line 3, station 24<br/>H = 257.6 m<br/>FA = 25.66 mGal<br/>CB(2.67) = 7.49 mGal (rel. base 100)]]></description><Point><coordinates>34.8501226,24.7822200,0</coordinates></Point></Placemark>
<Placemark><name>0313 L3-25</name><styleUrl>#CG6-0313</styleUrl><description><![CDATA[Date 2026-01-16, line 3, station 25<br/>H = 261.6 m<br/>FA = 26.09 mGal<br/>CB(2.67) = 7.42 mGal (rel. base 100)]]></description><Point><coordinates>34.8482741,24.7821056,0</coordinates></Point></Placemark>
<Placemark><name>0313 L3-26</name><styleUrl>#CG6-0313</styleUrl><description><![CDATA[Date 2026-01-16, line 3, station 26<br/>H = 266.0 m<br/>FA = 26.50 mGal<br/>CB(2.67) = 7.33 mGal (rel. base 100)]]></description><Point><coordinates>34.8462982,24.7815058,0</coordinates></Point></Placemark>
<Placemark><name>0313 L3-27</name><styleUrl>#CG6-0313</styleUrl><description><![CDATA[Date 2026-01-16, line 3, station 27<br/>H = 269.8 m<br/>FA = 26.79 mGal<br/>CB(2.67) = 7.19 mGal (rel. base 100)]]></description><Point><coordinates>34.8446979,24.7819909,0</coordinates></Point></Placemark>
<Placemark><name>0313 L3-28</name><styleUrl>#CG6-0313</styleUrl><description><![CDATA[Date 2026-01-16, line 3, station 28<br/>H = 274.7 m<br/>FA = 27.22 mGal<br/>CB(2.67) = 7.10 mGal (rel. base 100)]]></description><Point><coordinates>34.8426632,24.7824534,0</coordinates></Point></Placemark>
<Placemark><name>0313 L3-29</name><styleUrl>#CG6-0313</styleUrl><description><![CDATA[Date 2026-01-16, line 3, station 29<br/>H = 279.0 m<br/>FA = 27.71 mGal<br/>CB(2.67) = 7.11 mGal (rel. base 100)]]></description><Point><coordinates>34.8410908,24.7833500,0</coordinates></Point></Placemark>
<Placemark><name>0313 L3-30</name><styleUrl>#CG6-0313</styleUrl><description><![CDATA[Date 2026-01-16, line 3, station 30<br/>H = 283.2 m<br/>FA = 27.90 mGal<br/>CB(2.67) = 6.88 mGal (rel. base 100)]]></description><Point><coordinates>34.8392764,24.7839519,0</coordinates></Point></Placemark>
<Placemark><name>0313 L3-31</name><styleUrl>#CG6-0313</styleUrl><description><![CDATA[Date 2026-01-16, line 3, station 31<br/>H = 292.5 m<br/>FA = 28.80 mGal<br/>CB(2.67) = 6.64 mGal (rel. base 100)]]></description><Point><coordinates>34.8373474,24.7851297,0</coordinates></Point></Placemark>
<Placemark><name>0313 L3-32</name><styleUrl>#CG6-0313</styleUrl><description><![CDATA[Date 2026-01-17, line 3, station 32<br/>H = 283.3 m<br/>FA = 27.48 mGal<br/>CB(2.67) = 6.50 mGal (rel. base 100)]]></description><Point><coordinates>34.8354075,24.7860336,0</coordinates></Point></Placemark>
<Placemark><name>0313 L3-33</name><styleUrl>#CG6-0313</styleUrl><description><![CDATA[Date 2026-01-17, line 3, station 33<br/>H = 277.9 m<br/>FA = 26.91 mGal<br/>CB(2.67) = 6.50 mGal (rel. base 100)]]></description><Point><coordinates>34.8345671,24.7874884,0</coordinates></Point></Placemark>
<Placemark><name>0313 L3-34</name><styleUrl>#CG6-0313</styleUrl><description><![CDATA[Date 2026-01-17, line 3, station 34<br/>H = 273.2 m<br/>FA = 26.37 mGal<br/>CB(2.67) = 6.39 mGal (rel. base 100)]]></description><Point><coordinates>34.8335806,24.7890700,0</coordinates></Point></Placemark>
<Placemark><name>0313 L3-35</name><styleUrl>#CG6-0313</styleUrl><description><![CDATA[Date 2026-01-17, line 3, station 35<br/>H = 268.2 m<br/>FA = 25.80 mGal<br/>CB(2.67) = 6.38 mGal (rel. base 100)]]></description><Point><coordinates>34.8334469,24.7907709,0</coordinates></Point></Placemark>
<Placemark><name>0313 L3-36</name><styleUrl>#CG6-0313</styleUrl><description><![CDATA[Date 2026-01-17, line 3, station 36<br/>H = 262.5 m<br/>FA = 25.12 mGal<br/>CB(2.67) = 6.49 mGal (rel. base 100)]]></description><Point><coordinates>34.8351237,24.7912987,0</coordinates></Point></Placemark>
<Placemark><name>0313 L3-37</name><styleUrl>#CG6-0313</styleUrl><description><![CDATA[Date 2026-01-17, line 3, station 37<br/>H = 260.6 m<br/>FA = 25.02 mGal<br/>CB(2.67) = 6.64 mGal (rel. base 100)]]></description><Point><coordinates>34.8360128,24.7918531,0</coordinates></Point></Placemark>
<Placemark><name>0313 L3-38</name><styleUrl>#CG6-0313</styleUrl><description><![CDATA[Date 2026-01-17, line 3, station 38<br/>H = 253.4 m<br/>FA = 24.39 mGal<br/>CB(2.67) = 6.87 mGal (rel. base 100)]]></description><Point><coordinates>34.8372831,24.7917382,0</coordinates></Point></Placemark>
<Placemark><name>0313 L3-39</name><styleUrl>#CG6-0313</styleUrl><description><![CDATA[Date 2026-01-17, line 3, station 39<br/>H = 248.9 m<br/>FA = 23.83 mGal<br/>CB(2.67) = 6.85 mGal (rel. base 100)]]></description><Point><coordinates>34.8381653,24.7930483,0</coordinates></Point></Placemark>
<Placemark><name>0313 L3-40</name><styleUrl>#CG6-0313</styleUrl><description><![CDATA[Date 2026-01-17, line 3, station 40<br/>H = 245.8 m<br/>FA = 23.47 mGal<br/>CB(2.67) = 6.77 mGal (rel. base 100)]]></description><Point><coordinates>34.8382866,24.7941347,0</coordinates></Point></Placemark>
<Placemark><name>0313 L3-41</name><styleUrl>#CG6-0313</styleUrl><description><![CDATA[Date 2026-01-17, line 3, station 41<br/>H = 240.3 m<br/>FA = 22.49 mGal<br/>CB(2.67) = 6.70 mGal (rel. base 100)]]></description><Point><coordinates>34.8383947,24.7954229,0</coordinates></Point></Placemark>
<Placemark><name>0313 L3-42</name><styleUrl>#CG6-0313</styleUrl><description><![CDATA[Date 2026-01-17, line 3, station 42<br/>H = 235.3 m<br/>FA = 22.02 mGal<br/>CB(2.67) = 6.51 mGal (rel. base 100)]]></description><Point><coordinates>34.8372180,24.7969889,0</coordinates></Point></Placemark>
<Placemark><name>0313 L4-1</name><styleUrl>#CG6-0313</styleUrl><description><![CDATA[Date 2026-01-17, line 4, station 1<br/>H = 204.0 m<br/>FA = 19.16 mGal<br/>CB(2.67) = 7.24 mGal (rel. base 100)]]></description><Point><coordinates>34.8764181,24.7744978,0</coordinates></Point></Placemark>
<Placemark><name>0313 L4-2</name><styleUrl>#CG6-0313</styleUrl><description><![CDATA[Date 2026-01-17, line 4, station 2<br/>H = 206.9 m<br/>FA = 19.76 mGal<br/>CB(2.67) = 7.41 mGal (rel. base 100)]]></description><Point><coordinates>34.8743001,24.7735105,0</coordinates></Point></Placemark>
<Placemark><name>0313 L4-3</name><styleUrl>#CG6-0313</styleUrl><description><![CDATA[Date 2026-01-17, line 4, station 3<br/>H = 209.9 m<br/>FA = 19.98 mGal<br/>CB(2.67) = 7.37 mGal (rel. base 100)]]></description><Point><coordinates>34.8725917,24.7739351,0</coordinates></Point></Placemark>
<Placemark><name>0313 L4-4</name><styleUrl>#CG6-0313</styleUrl><description><![CDATA[Date 2026-01-17, line 4, station 4<br/>H = 212.7 m<br/>FA = 20.31 mGal<br/>CB(2.67) = 7.21 mGal (rel. base 100)]]></description><Point><coordinates>34.8708592,24.7741786,0</coordinates></Point></Placemark>
<Placemark><name>0313 L4-5</name><styleUrl>#CG6-0313</styleUrl><description><![CDATA[Date 2026-01-17, line 4, station 5<br/>H = 217.5 m<br/>FA = 21.24 mGal<br/>CB(2.67) = 7.71 mGal (rel. base 100)]]></description><Point><coordinates>34.8675961,24.7722866,0</coordinates></Point></Placemark>
<Placemark><name>0313 L4-6</name><styleUrl>#CG6-0313</styleUrl><description><![CDATA[Date 2026-01-17, line 4, station 6<br/>H = 221.1 m<br/>FA = 22.09 mGal<br/>CB(2.67) = 8.07 mGal (rel. base 100)]]></description><Point><coordinates>34.8656687,24.7721665,0</coordinates></Point></Placemark>
<Placemark><name>0313 L4-7</name><styleUrl>#CG6-0313</styleUrl><description><![CDATA[Date 2026-01-17, line 4, station 7<br/>H = 223.9 m<br/>FA = 22.73 mGal<br/>CB(2.67) = 8.42 mGal (rel. base 100)]]></description><Point><coordinates>34.8646346,24.7709404,0</coordinates></Point></Placemark>
<Placemark><name>0313 L4-8</name><styleUrl>#CG6-0313</styleUrl><description><![CDATA[Date 2026-01-17, line 4, station 8<br/>H = 226.5 m<br/>FA = 23.02 mGal<br/>CB(2.67) = 8.59 mGal (rel. base 100)]]></description><Point><coordinates>34.8638835,24.7692720,0</coordinates></Point></Placemark>
<Placemark><name>0313 L4-9</name><styleUrl>#CG6-0313</styleUrl><description><![CDATA[Date 2026-01-17, line 4, station 9<br/>H = 228.9 m<br/>FA = 23.08 mGal<br/>CB(2.67) = 8.56 mGal (rel. base 100)]]></description><Point><coordinates>34.8632683,24.7675609,0</coordinates></Point></Placemark>
<Placemark><name>0313 L4-10</name><styleUrl>#CG6-0313</styleUrl><description><![CDATA[Date 2026-01-17, line 4, station 10<br/>H = 232.4 m<br/>FA = 23.37 mGal<br/>CB(2.67) = 8.45 mGal (rel. base 100)]]></description><Point><coordinates>34.8624892,24.7662635,0</coordinates></Point></Placemark>
<Placemark><name>0313 L4-11</name><styleUrl>#CG6-0313</styleUrl><description><![CDATA[Date 2026-01-17, line 4, station 11<br/>H = 234.5 m<br/>FA = 23.24 mGal<br/>CB(2.67) = 8.32 mGal (rel. base 100)]]></description><Point><coordinates>34.8633578,24.7646287,0</coordinates></Point></Placemark>
<Placemark><name>0313 L4-12</name><styleUrl>#CG6-0313</styleUrl><description><![CDATA[Date 2026-01-17, line 4, station 12<br/>H = 237.3 m<br/>FA = 23.60 mGal<br/>CB(2.67) = 8.20 mGal (rel. base 100)]]></description><Point><coordinates>34.8630993,24.7631957,0</coordinates></Point></Placemark>
<Placemark><name>0313 L4-13</name><styleUrl>#CG6-0313</styleUrl><description><![CDATA[Date 2026-01-17, line 4, station 13<br/>H = 241.3 m<br/>FA = 24.49 mGal<br/>CB(2.67) = 8.25 mGal (rel. base 100)]]></description><Point><coordinates>34.8616393,24.7641204,0</coordinates></Point></Placemark>
<Placemark><name>0313 L4-14</name><styleUrl>#CG6-0313</styleUrl><description><![CDATA[Date 2026-01-17, line 4, station 14<br/>H = 243.8 m<br/>FA = 24.23 mGal<br/>CB(2.67) = 7.72 mGal (rel. base 100)]]></description><Point><coordinates>34.8605332,24.7625505,0</coordinates></Point></Placemark>
<Placemark><name>0313 L4-15</name><styleUrl>#CG6-0313</styleUrl><description><![CDATA[Date 2026-01-17, line 4, station 15<br/>H = 246.7 m<br/>FA = 24.18 mGal<br/>CB(2.67) = 7.33 mGal (rel. base 100)]]></description><Point><coordinates>34.8592231,24.7612862,0</coordinates></Point></Placemark>
<Placemark><name>0313 L4-16</name><styleUrl>#CG6-0313</styleUrl><description><![CDATA[Date 2026-01-17, line 4, station 16<br/>H = 249.9 m<br/>FA = 24.65 mGal<br/>CB(2.67) = 7.38 mGal (rel. base 100)]]></description><Point><coordinates>34.8579811,24.7623400,0</coordinates></Point></Placemark>
<Placemark><name>0313 L4-17</name><styleUrl>#CG6-0313</styleUrl><description><![CDATA[Date 2026-01-17, line 4, station 17<br/>H = 252.6 m<br/>FA = 25.23 mGal<br/>CB(2.67) = 7.76 mGal (rel. base 100)]]></description><Point><coordinates>34.8571430,24.7639821,0</coordinates></Point></Placemark>
<Placemark><name>0313 L4-18</name><styleUrl>#CG6-0313</styleUrl><description><![CDATA[Date 2026-01-17, line 4, station 18<br/>H = 255.9 m<br/>FA = 25.83 mGal<br/>CB(2.67) = 7.81 mGal (rel. base 100)]]></description><Point><coordinates>34.8555455,24.7652221,0</coordinates></Point></Placemark>
<Placemark><name>0313 L4-19</name><styleUrl>#CG6-0313</styleUrl><description><![CDATA[Date 2026-01-17, line 4, station 19<br/>H = 258.6 m<br/>FA = 26.09 mGal<br/>CB(2.67) = 7.72 mGal (rel. base 100)]]></description><Point><coordinates>34.8537854,24.7653132,0</coordinates></Point></Placemark>
<Placemark><name>0313 L4-20</name><styleUrl>#CG6-0313</styleUrl><description><![CDATA[Date 2026-01-17, line 4, station 20<br/>H = 261.2 m<br/>FA = 25.89 mGal<br/>CB(2.67) = 7.27 mGal (rel. base 100)]]></description><Point><coordinates>34.8522321,24.7644039,0</coordinates></Point></Placemark>
<Placemark><name>0313 L4-21</name><styleUrl>#CG6-0313</styleUrl><description><![CDATA[Date 2026-01-17, line 4, station 21<br/>H = 264.2 m<br/>FA = 25.80 mGal<br/>CB(2.67) = 6.87 mGal (rel. base 100)]]></description><Point><coordinates>34.8517319,24.7626849,0</coordinates></Point></Placemark>
<Placemark><name>0313 L4-22</name><styleUrl>#CG6-0313</styleUrl><description><![CDATA[Date 2026-01-17, line 4, station 22<br/>H = 266.4 m<br/>FA = 25.73 mGal<br/>CB(2.67) = 6.72 mGal (rel. base 100)]]></description><Point><coordinates>34.8518377,24.7609044,0</coordinates></Point></Placemark>
<Placemark><name>0313 L4-23</name><styleUrl>#CG6-0313</styleUrl><description><![CDATA[Date 2026-01-17, line 4, station 23<br/>H = 269.6 m<br/>FA = 25.78 mGal<br/>CB(2.67) = 6.55 mGal (rel. base 100)]]></description><Point><coordinates>34.8510285,24.7599826,0</coordinates></Point></Placemark>
<Placemark><name>0313 L4-24</name><styleUrl>#CG6-0313</styleUrl><description><![CDATA[Date 2026-01-17, line 4, station 24<br/>H = 272.3 m<br/>FA = 26.11 mGal<br/>CB(2.67) = 6.47 mGal (rel. base 100)]]></description><Point><coordinates>34.8492206,24.7605680,0</coordinates></Point></Placemark>
<Placemark><name>0313 L4-25</name><styleUrl>#CG6-0313</styleUrl><description><![CDATA[Date 2026-01-17, line 4, station 25<br/>H = 275.5 m<br/>FA = 26.45 mGal<br/>CB(2.67) = 6.42 mGal (rel. base 100)]]></description><Point><coordinates>34.8475168,24.7609098,0</coordinates></Point></Placemark>
<Placemark><name>0313 L4-26</name><styleUrl>#CG6-0313</styleUrl><description><![CDATA[Date 2026-01-17, line 4, station 26<br/>H = 278.9 m<br/>FA = 26.50 mGal<br/>CB(2.67) = 6.06 mGal (rel. base 100)]]></description><Point><coordinates>34.8468285,24.7594935,0</coordinates></Point></Placemark>
<Placemark><name>0313 L4-27</name><styleUrl>#CG6-0313</styleUrl><description><![CDATA[Date 2026-01-17, line 4, station 27<br/>H = 282.3 m<br/>FA = 26.73 mGal<br/>CB(2.67) = 5.87 mGal (rel. base 100)]]></description><Point><coordinates>34.8449143,24.7593656,0</coordinates></Point></Placemark>
<Placemark><name>0313 L4-28</name><styleUrl>#CG6-0313</styleUrl><description><![CDATA[Date 2026-01-17, line 4, station 28<br/>H = 284.4 m<br/>FA = 26.67 mGal<br/>CB(2.67) = 5.72 mGal (rel. base 100)]]></description><Point><coordinates>34.8430289,24.7598988,0</coordinates></Point></Placemark>
<Placemark><name>0313 L4-29</name><styleUrl>#CG6-0313</styleUrl><description><![CDATA[Date 2026-01-17, line 4, station 29<br/>H = 287.0 m<br/>FA = 26.74 mGal<br/>CB(2.67) = 5.61 mGal (rel. base 100)]]></description><Point><coordinates>34.8411850,24.7605532,0</coordinates></Point></Placemark>
<Placemark><name>0313 L4-30</name><styleUrl>#CG6-0313</styleUrl><description><![CDATA[Date 2026-01-17, line 4, station 30<br/>H = 290.2 m<br/>FA = 27.05 mGal<br/>CB(2.67) = 5.56 mGal (rel. base 100)]]></description><Point><coordinates>34.8391746,24.7607395,0</coordinates></Point></Placemark>
<Placemark><name>0313 L4-31</name><styleUrl>#CG6-0313</styleUrl><description><![CDATA[Date 2026-01-18, line 4, station 31<br/>H = 293.3 m<br/>FA = 27.16 mGal<br/>CB(2.67) = 5.21 mGal (rel. base 100)]]></description><Point><coordinates>34.8371438,24.7605780,0</coordinates></Point></Placemark>
<Placemark><name>0313 L4-32</name><styleUrl>#CG6-0313</styleUrl><description><![CDATA[Date 2026-01-18, line 4, station 32<br/>H = 296.9 m<br/>FA = 27.60 mGal<br/>CB(2.67) = 5.13 mGal (rel. base 100)]]></description><Point><coordinates>34.8351637,24.7611533,0</coordinates></Point></Placemark>
<Placemark><name>0313 L4-33</name><styleUrl>#CG6-0313</styleUrl><description><![CDATA[Date 2026-01-18, line 4, station 33<br/>H = 299.7 m<br/>FA = 28.12 mGal<br/>CB(2.67) = 5.24 mGal (rel. base 100)]]></description><Point><coordinates>34.8346568,24.7602083,0</coordinates></Point></Placemark>
<Placemark><name>0313 L4-34</name><styleUrl>#CG6-0313</styleUrl><description><![CDATA[Date 2026-01-18, line 4, station 34<br/>H = 303.7 m<br/>FA = 28.40 mGal<br/>CB(2.67) = 5.08 mGal (rel. base 100)]]></description><Point><coordinates>34.8336216,24.7597448,0</coordinates></Point></Placemark>
<Placemark><name>0313 L4-35</name><styleUrl>#CG6-0313</styleUrl><description><![CDATA[Date 2026-01-18, line 4, station 35<br/>H = 307.5 m<br/>FA = 28.69 mGal<br/>CB(2.67) = 5.02 mGal (rel. base 100)]]></description><Point><coordinates>34.8319425,24.7606558,0</coordinates></Point></Placemark>
<Placemark><name>0313 L4-36</name><styleUrl>#CG6-0313</styleUrl><description><![CDATA[Date 2026-01-18, line 4, station 36<br/>H = 311.0 m<br/>FA = 29.29 mGal<br/>CB(2.67) = 5.26 mGal (rel. base 100)]]></description><Point><coordinates>34.8304565,24.7597169,0</coordinates></Point></Placemark>
<Placemark><name>0313 L4-37</name><styleUrl>#CG6-0313</styleUrl><description><![CDATA[Date 2026-01-18, line 4, station 37<br/>H = 314.4 m<br/>FA = 29.59 mGal<br/>CB(2.67) = 5.26 mGal (rel. base 100)]]></description><Point><coordinates>34.8292174,24.7584045,0</coordinates></Point></Placemark>
<Placemark><name>0313 L4-38</name><styleUrl>#CG6-0313</styleUrl><description><![CDATA[Date 2026-01-18, line 4, station 38<br/>H = 317.2 m<br/>FA = 29.88 mGal<br/>CB(2.67) = 5.30 mGal (rel. base 100)]]></description><Point><coordinates>34.8277425,24.7590663,0</coordinates></Point></Placemark>
<Placemark><name>0313 L4-39</name><styleUrl>#CG6-0313</styleUrl><description><![CDATA[Date 2026-01-18, line 4, station 39<br/>H = 320.5 m<br/>FA = 30.36 mGal<br/>CB(2.67) = 5.38 mGal (rel. base 100)]]></description><Point><coordinates>34.8269301,24.7605697,0</coordinates></Point></Placemark>
<Placemark><name>0313 L4-40</name><styleUrl>#CG6-0313</styleUrl><description><![CDATA[Date 2026-01-18, line 4, station 40<br/>H = 324.3 m<br/>FA = 30.74 mGal<br/>CB(2.67) = 5.33 mGal (rel. base 100)]]></description><Point><coordinates>34.8259965,24.7600500,0</coordinates></Point></Placemark>
<Placemark><name>0313 L4-41</name><styleUrl>#CG6-0313</styleUrl><description><![CDATA[Date 2026-01-18, line 4, station 41<br/>H = 327.2 m<br/>FA = 30.89 mGal<br/>CB(2.67) = 5.31 mGal (rel. base 100)]]></description><Point><coordinates>34.8255419,24.7582645,0</coordinates></Point></Placemark>
<Placemark><name>0313 L4-42</name><styleUrl>#CG6-0313</styleUrl><description><![CDATA[Date 2026-01-18, line 4, station 42<br/>H = 330.8 m<br/>FA = 30.94 mGal<br/>CB(2.67) = 5.15 mGal (rel. base 100)]]></description><Point><coordinates>34.8247547,24.7565939,0</coordinates></Point></Placemark>
<Placemark><name>0313 L4-43</name><styleUrl>#CG6-0313</styleUrl><description><![CDATA[Date 2026-01-18, line 4, station 43<br/>H = 333.4 m<br/>FA = 31.09 mGal<br/>CB(2.67) = 5.17 mGal (rel. base 100)]]></description><Point><coordinates>34.8243942,24.7549382,0</coordinates></Point></Placemark>
<Placemark><name>0313 L4-44</name><styleUrl>#CG6-0313</styleUrl><description><![CDATA[Date 2026-01-18, line 4, station 44<br/>H = 335.9 m<br/>FA = 31.14 mGal<br/>CB(2.67) = 5.06 mGal (rel. base 100)]]></description><Point><coordinates>34.8240416,24.7533481,0</coordinates></Point></Placemark>
<Placemark><name>0313 L4-45</name><styleUrl>#CG6-0313</styleUrl><description><![CDATA[Date 2026-01-18, line 4, station 45<br/>H = 339.1 m<br/>FA = 31.40 mGal<br/>CB(2.67) = 4.88 mGal (rel. base 100)]]></description><Point><coordinates>34.8237471,24.7514616,0</coordinates></Point></Placemark>
<Placemark><name>0313 L4-46</name><styleUrl>#CG6-0313</styleUrl><description><![CDATA[Date 2026-01-18, line 4, station 46<br/>H = 342.2 m<br/>FA = 31.66 mGal<br/>CB(2.67) = 4.88 mGal (rel. base 100)]]></description><Point><coordinates>34.8236413,24.7496857,0</coordinates></Point></Placemark>
<Placemark><name>0313 L4-47</name><styleUrl>#CG6-0313</styleUrl><description><![CDATA[Date 2026-01-18, line 4, station 47<br/>H = 344.9 m<br/>FA = 32.10 mGal<br/>CB(2.67) = 4.80 mGal (rel. base 100)]]></description><Point><coordinates>34.8233704,24.7479866,0</coordinates></Point></Placemark>
<Placemark><name>0313 L4-48</name><styleUrl>#CG6-0313</styleUrl><description><![CDATA[Date 2026-01-18, line 4, station 48<br/>H = 347.7 m<br/>FA = 32.67 mGal<br/>CB(2.67) = 4.73 mGal (rel. base 100)]]></description><Point><coordinates>34.8233714,24.7463416,0</coordinates></Point></Placemark>
<Placemark><name>0313 L4-49</name><styleUrl>#CG6-0313</styleUrl><description><![CDATA[Date 2026-01-18, line 4, station 49<br/>H = 352.1 m<br/>FA = 33.04 mGal<br/>CB(2.67) = 4.46 mGal (rel. base 100)]]></description><Point><coordinates>34.8229749,24.7446266,0</coordinates></Point></Placemark>
<Placemark><name>0313 L4-50</name><styleUrl>#CG6-0313</styleUrl><description><![CDATA[Date 2026-01-18, line 4, station 50<br/>H = 356.7 m<br/>FA = 33.48 mGal<br/>CB(2.67) = 4.38 mGal (rel. base 100)]]></description><Point><coordinates>34.8222570,24.7433142,0</coordinates></Point></Placemark>
<Placemark><name>0313 L5-1</name><styleUrl>#CG6-0313</styleUrl><description><![CDATA[Date 2026-01-18, line 5, station 1<br/>H = 253.4 m<br/>FA = 23.33 mGal<br/>CB(2.67) = 5.73 mGal (rel. base 100)]]></description><Point><coordinates>34.8221335,24.7927887,0</coordinates></Point></Placemark>
<Placemark><name>0313 L5-2</name><styleUrl>#CG6-0313</styleUrl><description><![CDATA[Date 2026-01-18, line 5, station 2<br/>H = 255.3 m<br/>FA = 23.35 mGal<br/>CB(2.67) = 5.67 mGal (rel. base 100)]]></description><Point><coordinates>34.8202468,24.7917782,0</coordinates></Point></Placemark>
<Placemark><name>0313 L5-3</name><styleUrl>#CG6-0313</styleUrl><description><![CDATA[Date 2026-01-18, line 5, station 3<br/>H = 257.6 m<br/>FA = 23.42 mGal<br/>CB(2.67) = 5.76 mGal (rel. base 100)]]></description><Point><coordinates>34.8187009,24.7907528,0</coordinates></Point></Placemark>
<Placemark><name>0313 L5-4</name><styleUrl>#CG6-0313</styleUrl><description><![CDATA[Date 2026-01-18, line 5, station 4<br/>H = 260.4 m<br/>FA = 23.41 mGal<br/>CB(2.67) = 5.24 mGal (rel. base 100)]]></description><Point><coordinates>34.8177866,24.7891835,0</coordinates></Point></Placemark>
<Placemark><name>0313 L5-5</name><styleUrl>#CG6-0313</styleUrl><description><![CDATA[Date 2026-01-18, line 5, station 5<br/>H = 262.6 m<br/>FA = 23.50 mGal<br/>CB(2.67) = 5.13 mGal (rel. base 100)]]></description><Point><coordinates>34.8170980,24.7875887,0</coordinates></Point></Placemark>
<Placemark><name>0313 L5-6</name><styleUrl>#CG6-0313</styleUrl><description><![CDATA[Date 2026-01-18, line 5, station 6<br/>H = 266.0 m<br/>FA = 24.02 mGal<br/>CB(2.67) = 5.26 mGal (rel. base 100)]]></description><Point><coordinates>34.8158244,24.7862919,0</coordinates></Point></Placemark>
<Placemark><name>0313 L5-7</name><styleUrl>#CG6-0313</styleUrl><description><![CDATA[Date 2026-01-18, line 5, station 7<br/>H = 268.5 m<br/>FA = 24.24 mGal<br/>CB(2.67) = 5.34 mGal (rel. base 100)]]></description><Point><coordinates>34.8138992,24.7868341,0</coordinates></Point></Placemark>
<Placemark><name>0313 L5-8</name><styleUrl>#CG6-0313</styleUrl><description><![CDATA[Date 2026-01-18, line 5, station 8<br/>H = 271.4 m<br/>FA = 24.37 mGal<br/>CB(2.67) = 5.16 mGal (rel. base 100)]]></description><Point><coordinates>34.8119104,24.7875329,0</coordinates></Point></Placemark>
<Placemark><name>0313 L5-9</name><styleUrl>#CG6-0313</styleUrl><description><![CDATA[Date 2026-01-18, line 5, station 9<br/>H = 274.2 m<br/>FA = 24.30 mGal<br/>CB(2.67) = 4.86 mGal (rel. base 100)]]></description><Point><coordinates>34.8101071,24.7877966,0</coordinates></Point></Placemark>
<Placemark><name>0313 L5-10</name><styleUrl>#CG6-0313</styleUrl><description><![CDATA[Date 2026-01-18, line 5, station 10<br/>H = 276.4 m<br/>FA = 24.69 mGal<br/>CB(2.67) = 4.68 mGal (rel. base 100)]]></description><Point><coordinates>34.8092328,24.7861855,0</coordinates></Point></Placemark>
<Placemark><name>0313 L5-11</name><styleUrl>#CG6-0313</styleUrl><description><![CDATA[Date 2026-01-18, line 5, station 11<br/>H = 279.3 m<br/>FA = 24.86 mGal<br/>CB(2.67) = 4.48 mGal (rel. base 100)]]></description><Point><coordinates>34.8095277,24.7844987,0</coordinates></Point></Placemark>
<Placemark><name>0313 L5-12</name><styleUrl>#CG6-0313</styleUrl><description><![CDATA[Date 2026-01-18, line 5, station 12<br/>H = 281.2 m<br/>FA = 25.17 mGal<br/>CB(2.67) = 4.68 mGal (rel. base 100)]]></description><Point><coordinates>34.8102412,24.7828559,0</coordinates></Point></Placemark>
<Placemark><name>0313 L5-13</name><styleUrl>#CG6-0313</styleUrl><description><![CDATA[Date 2026-01-18, line 5, station 13<br/>H = 284.2 m<br/>FA = 25.16 mGal<br/>CB(2.67) = 4.29 mGal (rel. base 100)]]></description><Point><coordinates>34.8102737,24.7810149,0</coordinates></Point></Placemark>
<Placemark><name>0313 L5-14</name><styleUrl>#CG6-0313</styleUrl><description><![CDATA[Date 2026-01-18, line 5, station 14<br/>H = 286.7 m<br/>FA = 25.72 mGal<br/>CB(2.67) = 4.59 mGal (rel. base 100)]]></description><Point><coordinates>34.8093229,24.7791601,0</coordinates></Point></Placemark>
<Placemark><name>0313 L5-15</name><styleUrl>#CG6-0313</styleUrl><description><![CDATA[Date 2026-01-18, line 5, station 15<br/>H = 289.2 m<br/>FA = 25.87 mGal<br/>CB(2.67) = 4.52 mGal (rel. base 100)]]></description><Point><coordinates>34.8083722,24.7778676,0</coordinates></Point></Placemark>
<Placemark><name>0313 L5-16</name><styleUrl>#CG6-0313</styleUrl><description><![CDATA[Date 2026-01-18, line 5, station 16<br/>H = 291.3 m<br/>FA = 25.77 mGal<br/>CB(2.67) = 4.14 mGal (rel. base 100)]]></description><Point><coordinates>34.8069010,24.7767723,0</coordinates></Point></Placemark>
<Placemark><name>0313 L5-17</name><styleUrl>#CG6-0313</styleUrl><description><![CDATA[Date 2026-01-18, line 5, station 17<br/>H = 293.5 m<br/>FA = 25.69 mGal<br/>CB(2.67) = 3.79 mGal (rel. base 100)]]></description><Point><coordinates>34.8054225,24.7754289,0</coordinates></Point></Placemark>
<Placemark><name>0313 L5-18</name><styleUrl>#CG6-0313</styleUrl><description><![CDATA[Date 2026-01-18, line 5, station 18<br/>H = 295.4 m<br/>FA = 25.71 mGal<br/>CB(2.67) = 3.60 mGal (rel. base 100)]]></description><Point><coordinates>34.8045451,24.7739530,0</coordinates></Point></Placemark>
<Placemark><name>0313 L5-20</name><styleUrl>#CG6-0313</styleUrl><description><![CDATA[Date 2026-01-18, line 5, station 20<br/>H = 300.9 m<br/>FA = 25.57 mGal<br/>CB(2.67) = 2.72 mGal (rel. base 100)]]></description><Point><coordinates>34.8022515,24.7713065,0</coordinates></Point></Placemark>
<Placemark><name>0313 L5-21</name><styleUrl>#CG6-0313</styleUrl><description><![CDATA[Date 2026-01-18, line 5, station 21<br/>H = 303.7 m<br/>FA = 25.69 mGal<br/>CB(2.67) = 2.51 mGal (rel. base 100)]]></description><Point><coordinates>34.8018997,24.7694361,0</coordinates></Point></Placemark>
<Placemark><name>0313 L5-22</name><styleUrl>#CG6-0313</styleUrl><description><![CDATA[Date 2026-01-18, line 5, station 22<br/>H = 306.3 m<br/>FA = 25.98 mGal<br/>CB(2.67) = 2.51 mGal (rel. base 100)]]></description><Point><coordinates>34.8016851,24.7676178,0</coordinates></Point></Placemark>
<Placemark><name>0313 L6-1</name><styleUrl>#CG6-0313</styleUrl><description><![CDATA[Date 2026-01-19, line 6, station 1<br/>H = 235.9 m<br/>FA = 21.72 mGal<br/>CB(2.67) = 6.29 mGal (rel. base 100)]]></description><Point><coordinates>34.8361497,24.7981681,0</coordinates></Point></Placemark>
<Placemark><name>0313 L6-2</name><styleUrl>#CG6-0313</styleUrl><description><![CDATA[Date 2026-01-19, line 6, station 2<br/>H = 239.9 m<br/>FA = 22.02 mGal<br/>CB(2.67) = 6.41 mGal (rel. base 100)]]></description><Point><coordinates>34.8343531,24.7988639,0</coordinates></Point></Placemark>
<Placemark><name>0313 L7-1</name><styleUrl>#CG6-0313</styleUrl><description><![CDATA[Date 2026-01-19, line 7, station 1<br/>H = 211.8 m<br/>FA = 17.98 mGal<br/>CB(2.67) = 5.47 mGal (rel. base 100)]]></description><Point><coordinates>34.8468650,24.8128657,0</coordinates></Point></Placemark>
<Placemark><name>0313 L7-2</name><styleUrl>#CG6-0313</styleUrl><description><![CDATA[Date 2026-01-19, line 7, station 2<br/>H = 216.7 m<br/>FA = 18.30 mGal<br/>CB(2.67) = 5.41 mGal (rel. base 100)]]></description><Point><coordinates>34.8459526,24.8138427,0</coordinates></Point></Placemark>
<Placemark><name>0313 L7-3</name><styleUrl>#CG6-0313</styleUrl><description><![CDATA[Date 2026-01-19, line 7, station 3<br/>H = 220.8 m<br/>FA = 18.58 mGal<br/>CB(2.67) = 5.73 mGal (rel. base 100)]]></description><Point><coordinates>34.8440549,24.8141631,0</coordinates></Point></Placemark>
<Placemark><name>0313 L7-4</name><styleUrl>#CG6-0313</styleUrl><description><![CDATA[Date 2026-01-19, line 7, station 4<br/>H = 226.3 m<br/>FA = 19.85 mGal<br/>CB(2.67) = 5.77 mGal (rel. base 100)]]></description><Point><coordinates>34.8441197,24.8154554,0</coordinates></Point></Placemark>
<Placemark><name>0313 L7-5</name><styleUrl>#CG6-0313</styleUrl><description><![CDATA[Date 2026-01-19, line 7, station 5<br/>H = 232.0 m<br/>FA = 20.72 mGal<br/>CB(2.67) = 5.94 mGal (rel. base 100)]]></description><Point><coordinates>34.8426093,24.8167896,0</coordinates></Point></Placemark>
<Placemark><name>0313 L7-6</name><styleUrl>#CG6-0313</styleUrl><description><![CDATA[Date 2026-01-19, line 7, station 6<br/>H = 235.7 m<br/>FA = 20.76 mGal<br/>CB(2.67) = 6.13 mGal (rel. base 100)]]></description><Point><coordinates>34.8404736,24.8168475,0</coordinates></Point></Placemark>
<Placemark><name>0313 L7-7</name><styleUrl>#CG6-0313</styleUrl><description><![CDATA[Date 2026-01-19, line 7, station 7<br/>H = 240.2 m<br/>FA = 22.26 mGal<br/>CB(2.67) = 6.34 mGal (rel. base 100)]]></description><Point><coordinates>34.8403457,24.8183521,0</coordinates></Point></Placemark>
<Placemark><name>0313 L7-8</name><styleUrl>#CG6-0313</styleUrl><description><![CDATA[Date 2026-01-19, line 7, station 8<br/>H = 244.6 m<br/>FA = 22.96 mGal<br/>CB(2.67) = 6.46 mGal (rel. base 100)]]></description><Point><coordinates>34.8396557,24.8192546,0</coordinates></Point></Placemark>
<Placemark><name>0313 L7-9</name><styleUrl>#CG6-0313</styleUrl><description><![CDATA[Date 2026-01-19, line 7, station 9<br/>H = 249.5 m<br/>FA = 23.54 mGal<br/>CB(2.67) = 6.61 mGal (rel. base 100)]]></description><Point><coordinates>34.8383477,24.8206534,0</coordinates></Point></Placemark>
<Placemark><name>0313 L7-10</name><styleUrl>#CG6-0313</styleUrl><description><![CDATA[Date 2026-01-19, line 7, station 10<br/>H = 253.4 m<br/>FA = 24.07 mGal<br/>CB(2.67) = 6.69 mGal (rel. base 100)]]></description><Point><coordinates>34.8367195,24.8217544,0</coordinates></Point></Placemark>
<Placemark><name>0313 L7-11</name><styleUrl>#CG6-0313</styleUrl><description><![CDATA[Date 2026-01-19, line 7, station 11<br/>H = 257.6 m<br/>FA = 24.62 mGal<br/>CB(2.67) = 6.71 mGal (rel. base 100)]]></description><Point><coordinates>34.8349637,24.8228238,0</coordinates></Point></Placemark>
<Placemark><name>0313 L7-12</name><styleUrl>#CG6-0313</styleUrl><description><![CDATA[Date 2026-01-19, line 7, station 12<br/>H = 262.4 m<br/>FA = 25.23 mGal<br/>CB(2.67) = 6.77 mGal (rel. base 100)]]></description><Point><coordinates>34.8333528,24.8240317,0</coordinates></Point></Placemark>
<Placemark><name>0313 L7-13</name><styleUrl>#CG6-0313</styleUrl><description><![CDATA[Date 2026-01-19, line 7, station 13<br/>H = 267.3 m<br/>FA = 25.93 mGal<br/>CB(2.67) = 6.84 mGal (rel. base 100)]]></description><Point><coordinates>34.8314160,24.8239963,0</coordinates></Point></Placemark>
<Placemark><name>0313 L7-14</name><styleUrl>#CG6-0313</styleUrl><description><![CDATA[Date 2026-01-19, line 7, station 14<br/>H = 271.0 m<br/>FA = 26.32 mGal<br/>CB(2.67) = 7.00 mGal (rel. base 100)]]></description><Point><coordinates>34.8306871,24.8255154,0</coordinates></Point></Placemark>
<Placemark><name>0313 L7-15</name><styleUrl>#CG6-0313</styleUrl><description><![CDATA[Date 2026-01-19, line 7, station 15<br/>H = 276.3 m<br/>FA = 27.35 mGal<br/>CB(2.67) = 7.42 mGal (rel. base 100)]]></description><Point><coordinates>34.8289535,24.8263904,0</coordinates></Point></Placemark>
<Placemark><name>0313 L7-16</name><styleUrl>#CG6-0313</styleUrl><description><![CDATA[Date 2026-01-19, line 7, station 16<br/>H = 280.4 m<br/>FA = 27.74 mGal<br/>CB(2.67) = 7.36 mGal (rel. base 100)]]></description><Point><coordinates>34.8274714,24.8267905,0</coordinates></Point></Placemark>
<Placemark><name>0313 L8-1</name><styleUrl>#CG6-0313</styleUrl><description><![CDATA[Date 2026-01-19, line 8, station 1<br/>H = 274.0 m<br/>FA = 26.55 mGal<br/>CB(2.67) = 6.96 mGal (rel. base 100)]]></description><Point><coordinates>34.8292885,24.8215610,0</coordinates></Point></Placemark>
<Placemark><name>0313 L8-2</name><styleUrl>#CG6-0313</styleUrl><description><![CDATA[Date 2026-01-19, line 8, station 2<br/>H = 271.2 m<br/>FA = 26.14 mGal<br/>CB(2.67) = 6.77 mGal (rel. base 100)]]></description><Point><coordinates>34.8297048,24.8226344,0</coordinates></Point></Placemark>
<Placemark><name>0313 L8-3</name><styleUrl>#CG6-0313</styleUrl><description><![CDATA[Date 2026-01-19, line 8, station 3<br/>H = 265.3 m<br/>FA = 25.44 mGal<br/>CB(2.67) = 6.67 mGal (rel. base 100)]]></description><Point><coordinates>34.8318389,24.8226928,0</coordinates></Point></Placemark>
<Placemark><name>0313 L8-4</name><styleUrl>#CG6-0313</styleUrl><description><![CDATA[Date 2026-01-19, line 8, station 4<br/>H = 261.0 m<br/>FA = 25.07 mGal<br/>CB(2.67) = 6.71 mGal (rel. base 100)]]></description><Point><coordinates>34.8336273,24.8231680,0</coordinates></Point></Placemark>
<Placemark><name>0313 L9-1</name><styleUrl>#CG6-0313</styleUrl><description><![CDATA[Date 2026-01-20, line 9, station 1<br/>H = 216.5 m<br/>FA = 18.85 mGal<br/>CB(2.67) = 5.74 mGal (rel. base 100)]]></description><Point><coordinates>34.8452228,24.8094104,0</coordinates></Point></Placemark>
<Placemark><name>0313 L9-2</name><styleUrl>#CG6-0313</styleUrl><description><![CDATA[Date 2026-01-20, line 9, station 2<br/>H = 222.6 m<br/>FA = 19.75 mGal<br/>CB(2.67) = 5.85 mGal (rel. base 100)]]></description><Point><coordinates>34.8435976,24.8094771,0</coordinates></Point></Placemark>
<Placemark><name>0313 L9-3</name><styleUrl>#CG6-0313</styleUrl><description><![CDATA[Date 2026-01-20, line 9, station 3<br/>H = 227.7 m<br/>FA = 20.48 mGal<br/>CB(2.67) = 5.98 mGal (rel. base 100)]]></description><Point><coordinates>34.8431412,24.8077608,0</coordinates></Point></Placemark>
<Placemark><name>0313 L9-4</name><styleUrl>#CG6-0313</styleUrl><description><![CDATA[Date 2026-01-20, line 9, station 4<br/>H = 232.5 m<br/>FA = 21.09 mGal<br/>CB(2.67) = 6.04 mGal (rel. base 100)]]></description><Point><coordinates>34.8413834,24.8083138,0</coordinates></Point></Placemark>
<Placemark><name>0313 L9-5</name><styleUrl>#CG6-0313</styleUrl><description><![CDATA[Date 2026-01-20, line 9, station 5<br/>H = 237.7 m<br/>FA = 21.78 mGal<br/>CB(2.67) = 6.18 mGal (rel. base 100)]]></description><Point><coordinates>34.8396772,24.8087985,0</coordinates></Point></Placemark>
<Placemark><name>0313 L9-6</name><styleUrl>#CG6-0313</styleUrl><description><![CDATA[Date 2026-01-20, line 9, station 6<br/>H = 242.8 m<br/>FA = 22.50 mGal<br/>CB(2.67) = 6.30 mGal (rel. base 100)]]></description><Point><coordinates>34.8382901,24.8092371,0</coordinates></Point></Placemark>
<Placemark><name>0313 L9-7</name><styleUrl>#CG6-0313</styleUrl><description><![CDATA[Date 2026-01-20, line 9, station 7<br/>H = 246.6 m<br/>FA = 22.96 mGal<br/>CB(2.67) = 6.31 mGal (rel. base 100)]]></description><Point><coordinates>34.8374424,24.8100292,0</coordinates></Point></Placemark>
<Placemark><name>0313 L9-8</name><styleUrl>#CG6-0313</styleUrl><description><![CDATA[Date 2026-01-20, line 9, station 8<br/>H = 249.2 m<br/>FA = 23.19 mGal<br/>CB(2.67) = 6.27 mGal (rel. base 100)]]></description><Point><coordinates>34.8365106,24.8106116,0</coordinates></Point></Placemark>
<Placemark><name>0313 L9-9</name><styleUrl>#CG6-0313</styleUrl><description><![CDATA[Date 2026-01-20, line 9, station 9<br/>H = 253.1 m<br/>FA = 23.55 mGal<br/>CB(2.67) = 6.21 mGal (rel. base 100)]]></description><Point><coordinates>34.8354179,24.8113251,0</coordinates></Point></Placemark>
<Placemark><name>0313 L9-10</name><styleUrl>#CG6-0313</styleUrl><description><![CDATA[Date 2026-01-20, line 9, station 10<br/>H = 258.8 m<br/>FA = 24.32 mGal<br/>CB(2.67) = 6.26 mGal (rel. base 100)]]></description><Point><coordinates>34.8346673,24.8118394,0</coordinates></Point></Placemark>
<Placemark><name>0313 L9-11</name><styleUrl>#CG6-0313</styleUrl><description><![CDATA[Date 2026-01-20, line 9, station 11<br/>H = 270.9 m<br/>FA = 25.78 mGal<br/>CB(2.67) = 6.23 mGal (rel. base 100)]]></description><Point><coordinates>34.8340555,24.8126424,0</coordinates></Point></Placemark>
<Placemark><name>0313 L9-12</name><styleUrl>#CG6-0313</styleUrl><description><![CDATA[Date 2026-01-20, line 9, station 12<br/>H = 275.7 m<br/>FA = 26.35 mGal<br/>CB(2.67) = 6.38 mGal (rel. base 100)]]></description><Point><coordinates>34.8333097,24.8132861,0</coordinates></Point></Placemark>
<Placemark><name>0313 L9-13</name><styleUrl>#CG6-0313</styleUrl><description><![CDATA[Date 2026-01-20, line 9, station 13<br/>H = 267.7 m<br/>FA = 25.21 mGal<br/>CB(2.67) = 6.51 mGal (rel. base 100)]]></description><Point><coordinates>34.8321006,24.8133074,0</coordinates></Point></Placemark>
<Placemark><name>0313 L9-14</name><styleUrl>#CG6-0313</styleUrl><description><![CDATA[Date 2026-01-20, line 9, station 14<br/>H = 270.6 m<br/>FA = 25.23 mGal<br/>CB(2.67) = 6.47 mGal (rel. base 100)]]></description><Point><coordinates>34.8313519,24.8139185,0</coordinates></Point></Placemark>
<Placemark><name>0313 L9-15</name><styleUrl>#CG6-0313</styleUrl><description><![CDATA[Date 2026-01-20, line 9, station 15<br/>H = 278.6 m<br/>FA = 26.33 mGal<br/>CB(2.67) = 6.60 mGal (rel. base 100)]]></description><Point><coordinates>34.8302883,24.8149071,0</coordinates></Point></Placemark>
<Placemark><name>0313 L9-16</name><styleUrl>#CG6-0313</styleUrl><description><![CDATA[Date 2026-01-20, line 9, station 16<br/>H = 290.1 m<br/>FA = 28.08 mGal<br/>CB(2.67) = 6.67 mGal (rel. base 100)]]></description><Point><coordinates>34.8298751,24.8154904,0</coordinates></Point></Placemark>
<Placemark><name>0313 L9-17</name><styleUrl>#CG6-0313</styleUrl><description><![CDATA[Date 2026-01-20, line 9, station 17<br/>H = 311.6 m<br/>FA = 30.97 mGal<br/>CB(2.67) = 6.80 mGal (rel. base 100)]]></description><Point><coordinates>34.8293144,24.8161335,0</coordinates></Point></Placemark>
<Placemark><name>0313 L9-18</name><styleUrl>#CG6-0313</styleUrl><description><![CDATA[Date 2026-01-20, line 9, station 18<br/>H = 295.1 m<br/>FA = 28.89 mGal<br/>CB(2.67) = 6.71 mGal (rel. base 100)]]></description><Point><coordinates>34.8289576,24.8169125,0</coordinates></Point></Placemark>
<Placemark><name>0313 L9-19</name><styleUrl>#CG6-0313</styleUrl><description><![CDATA[Date 2026-01-20, line 9, station 19<br/>H = 298.9 m<br/>FA = 29.43 mGal<br/>CB(2.67) = 6.80 mGal (rel. base 100)]]></description><Point><coordinates>34.8280877,24.8175961,0</coordinates></Point></Placemark>
<Placemark><name>0313 L9-20</name><styleUrl>#CG6-0313</styleUrl><description><![CDATA[Date 2026-01-20, line 9, station 20<br/>H = 308.5 m<br/>FA = 30.71 mGal<br/>CB(2.67) = 6.86 mGal (rel. base 100)]]></description><Point><coordinates>34.8274144,24.8182331,0</coordinates></Point></Placemark>
<Placemark><name>0313 L9-21</name><styleUrl>#CG6-0313</styleUrl><description><![CDATA[Date 2026-01-20, line 9, station 21<br/>H = 295.8 m<br/>FA = 28.97 mGal<br/>CB(2.67) = 6.73 mGal (rel. base 100)]]></description><Point><coordinates>34.8270719,24.8188779,0</coordinates></Point></Placemark>
<Placemark><name>0313 L9-22</name><styleUrl>#CG6-0313</styleUrl><description><![CDATA[Date 2026-01-20, line 9, station 22<br/>H = 303.7 m<br/>FA = 30.01 mGal<br/>CB(2.67) = 6.75 mGal (rel. base 100)]]></description><Point><coordinates>34.8265750,24.8189670,0</coordinates></Point></Placemark>
<Placemark><name>0313 L9-23</name><styleUrl>#CG6-0313</styleUrl><description><![CDATA[Date 2026-01-20, line 9, station 23<br/>H = 299.4 m<br/>FA = 29.37 mGal<br/>CB(2.67) = 6.75 mGal (rel. base 100)]]></description><Point><coordinates>34.8259248,24.8193885,0</coordinates></Point></Placemark>
<Placemark><name>0313 L9-24</name><styleUrl>#CG6-0313</styleUrl><description><![CDATA[Date 2026-01-20, line 9, station 24<br/>H = 318.0 m<br/>FA = 31.67 mGal<br/>CB(2.67) = 6.79 mGal (rel. base 100)]]></description><Point><coordinates>34.8248937,24.8198094,0</coordinates></Point></Placemark>
<Placemark><name>0313 L9-25</name><styleUrl>#CG6-0313</styleUrl><description><![CDATA[Date 2026-01-20, line 9, station 25<br/>H = 309.5 m<br/>FA = 30.53 mGal<br/>CB(2.67) = 6.63 mGal (rel. base 100)]]></description><Point><coordinates>34.8239142,24.8203710,0</coordinates></Point></Placemark>
<Placemark><name>0313 L6-3</name><styleUrl>#CG6-0313</styleUrl><description><![CDATA[Date 2026-01-20, line 6, station 3<br/>H = 244.2 m<br/>FA = 22.80 mGal<br/>CB(2.67) = 6.39 mGal (rel. base 100)]]></description><Point><coordinates>34.8325438,24.7982077,0</coordinates></Point></Placemark>
<Placemark><name>0313 L6-4</name><styleUrl>#CG6-0313</styleUrl><description><![CDATA[Date 2026-01-20, line 6, station 4<br/>H = 247.2 m<br/>FA = 23.35 mGal<br/>CB(2.67) = 6.52 mGal (rel. base 100)]]></description><Point><coordinates>34.8307332,24.7982031,0</coordinates></Point></Placemark>
<Placemark><name>0313 L6-5</name><styleUrl>#CG6-0313</styleUrl><description><![CDATA[Date 2026-01-20, line 6, station 5<br/>H = 249.7 m<br/>FA = 23.67 mGal<br/>CB(2.67) = 6.48 mGal (rel. base 100)]]></description><Point><coordinates>34.8299919,24.7985073,0</coordinates></Point></Placemark>
<Placemark><name>0313 L6-6</name><styleUrl>#CG6-0313</styleUrl><description><![CDATA[Date 2026-01-20, line 6, station 6<br/>H = 251.1 m<br/>FA = 23.81 mGal<br/>CB(2.67) = 6.50 mGal (rel. base 100)]]></description><Point><coordinates>34.8299014,24.7991114,0</coordinates></Point></Placemark>
<Placemark><name>0313 L6-7</name><styleUrl>#CG6-0313</styleUrl><description><![CDATA[Date 2026-01-20, line 6, station 7<br/>H = 252.0 m<br/>FA = 23.97 mGal<br/>CB(2.67) = 6.63 mGal (rel. base 100)]]></description><Point><coordinates>34.8300874,24.7998788,0</coordinates></Point></Placemark>
<Placemark><name>0313 L6-8</name><styleUrl>#CG6-0313</styleUrl><description><![CDATA[Date 2026-01-20, line 6, station 8<br/>H = 254.8 m<br/>FA = 24.23 mGal<br/>CB(2.67) = 6.62 mGal (rel. base 100)]]></description><Point><coordinates>34.8299808,24.8007997,0</coordinates></Point></Placemark>
<Placemark><name>0313 L6-9</name><styleUrl>#CG6-0313</styleUrl><description><![CDATA[Date 2026-01-20, line 6, station 9<br/>H = 256.5 m<br/>FA = 24.44 mGal<br/>CB(2.67) = 6.63 mGal (rel. base 100)]]></description><Point><coordinates>34.8292797,24.8012145,0</coordinates></Point></Placemark>
<Placemark><name>0313 L6-10</name><styleUrl>#CG6-0313</styleUrl><description><![CDATA[Date 2026-01-20, line 6, station 10<br/>H = 257.5 m<br/>FA = 24.48 mGal<br/>CB(2.67) = 6.62 mGal (rel. base 100)]]></description><Point><coordinates>34.8286007,24.8016222,0</coordinates></Point></Placemark>
<Placemark><name>0313 L6-11</name><styleUrl>#CG6-0313</styleUrl><description><![CDATA[Date 2026-01-20, line 6, station 11<br/>H = 260.0 m<br/>FA = 24.77 mGal<br/>CB(2.67) = 6.54 mGal (rel. base 100)]]></description><Point><coordinates>34.8280129,24.8022654,0</coordinates></Point></Placemark>
<Placemark><name>0313 L6-12</name><styleUrl>#CG6-0313</styleUrl><description><![CDATA[Date 2026-01-20, line 6, station 12<br/>H = 261.4 m<br/>FA = 24.83 mGal<br/>CB(2.67) = 6.55 mGal (rel. base 100)]]></description><Point><coordinates>34.8276749,24.8030566,0</coordinates></Point></Placemark>
<Placemark><name>0313 L6-13</name><styleUrl>#CG6-0313</styleUrl><description><![CDATA[Date 2026-01-20, line 6, station 13<br/>H = 263.7 m<br/>FA = 25.08 mGal<br/>CB(2.67) = 6.60 mGal (rel. base 100)]]></description><Point><coordinates>34.8270313,24.8037464,0</coordinates></Point></Placemark>
<Placemark><name>0313 L6-14</name><styleUrl>#CG6-0313</styleUrl><description><![CDATA[Date 2026-01-20, line 6, station 14<br/>H = 265.3 m<br/>FA = 25.16 mGal<br/>CB(2.67) = 6.66 mGal (rel. base 100)]]></description><Point><coordinates>34.8266776,24.8043816,0</coordinates></Point></Placemark>
<Placemark><name>0313 L6-15</name><styleUrl>#CG6-0313</styleUrl><description><![CDATA[Date 2026-01-20, line 6, station 15<br/>H = 266.5 m<br/>FA = 25.19 mGal<br/>CB(2.67) = 6.64 mGal (rel. base 100)]]></description><Point><coordinates>34.8261985,24.8048506,0</coordinates></Point></Placemark>
<Placemark><name>0313 L6-16</name><styleUrl>#CG6-0313</styleUrl><description><![CDATA[Date 2026-01-21, line 6, station 16<br/>H = 267.8 m<br/>FA = 25.59 mGal<br/>CB(2.67) = 6.68 mGal (rel. base 100)]]></description><Point><coordinates>34.8253622,24.8051355,0</coordinates></Point></Placemark>
<Placemark><name>0313 L6-17</name><styleUrl>#CG6-0313</styleUrl><description><![CDATA[Date 2026-01-21, line 6, station 17<br/>H = 270.1 m<br/>FA = 26.04 mGal<br/>CB(2.67) = 6.73 mGal (rel. base 100)]]></description><Point><coordinates>34.8245348,24.8054934,0</coordinates></Point></Placemark>
<Placemark><name>0313 L6-18</name><styleUrl>#CG6-0313</styleUrl><description><![CDATA[Date 2026-01-21, line 6, station 18<br/>H = 272.0 m<br/>FA = 26.36 mGal<br/>CB(2.67) = 6.79 mGal (rel. base 100)]]></description><Point><coordinates>34.8236675,24.8056759,0</coordinates></Point></Placemark>
<Placemark><name>0313 L6-19</name><styleUrl>#CG6-0313</styleUrl><description><![CDATA[Date 2026-01-21, line 6, station 19<br/>H = 273.4 m<br/>FA = 26.54 mGal<br/>CB(2.67) = 6.82 mGal (rel. base 100)]]></description><Point><coordinates>34.8228260,24.8059430,0</coordinates></Point></Placemark>
<Placemark><name>0313 L6-20</name><styleUrl>#CG6-0313</styleUrl><description><![CDATA[Date 2026-01-21, line 6, station 20<br/>H = 275.7 m<br/>FA = 26.87 mGal<br/>CB(2.67) = 6.87 mGal (rel. base 100)]]></description><Point><coordinates>34.8222383,24.8065498,0</coordinates></Point></Placemark>
<Placemark><name>0313 L6-21</name><styleUrl>#CG6-0313</styleUrl><description><![CDATA[Date 2026-01-21, line 6, station 21<br/>H = 277.3 m<br/>FA = 26.98 mGal<br/>CB(2.67) = 6.79 mGal (rel. base 100)]]></description><Point><coordinates>34.8218453,24.8073327,0</coordinates></Point></Placemark>
<Placemark><name>0313 L6-22</name><styleUrl>#CG6-0313</styleUrl><description><![CDATA[Date 2026-01-21, line 6, station 22<br/>H = 279.4 m<br/>FA = 27.10 mGal<br/>CB(2.67) = 6.70 mGal (rel. base 100)]]></description><Point><coordinates>34.8215192,24.8080428,0</coordinates></Point></Placemark>
<Placemark><name>0313 L6-23</name><styleUrl>#CG6-0313</styleUrl><description><![CDATA[Date 2026-01-21, line 6, station 23<br/>H = 281.4 m<br/>FA = 27.36 mGal<br/>CB(2.67) = 6.70 mGal (rel. base 100)]]></description><Point><coordinates>34.8208458,24.8087122,0</coordinates></Point></Placemark>
<Placemark><name>0313 L6-24</name><styleUrl>#CG6-0313</styleUrl><description><![CDATA[Date 2026-01-21, line 6, station 24<br/>H = 283.8 m<br/>FA = 27.78 mGal<br/>CB(2.67) = 6.88 mGal (rel. base 100)]]></description><Point><coordinates>34.8208361,24.8097058,0</coordinates></Point></Placemark>
<Placemark><name>0313 L6-25</name><styleUrl>#CG6-0313</styleUrl><description><![CDATA[Date 2026-01-21, line 6, station 25<br/>H = 286.4 m<br/>FA = 28.10 mGal<br/>CB(2.67) = 6.94 mGal (rel. base 100)]]></description><Point><coordinates>34.8207289,24.8104600,0</coordinates></Point></Placemark>
<Placemark><name>0313 L6-26</name><styleUrl>#CG6-0313</styleUrl><description><![CDATA[Date 2026-01-21, line 6, station 26<br/>H = 288.1 m<br/>FA = 28.36 mGal<br/>CB(2.67) = 7.05 mGal (rel. base 100)]]></description><Point><coordinates>34.8206451,24.8110686,0</coordinates></Point></Placemark>
<Placemark><name>0313 L6-27</name><styleUrl>#CG6-0313</styleUrl><description><![CDATA[Date 2026-01-21, line 6, station 27<br/>H = 290.3 m<br/>FA = 28.56 mGal<br/>CB(2.67) = 7.07 mGal (rel. base 100)]]></description><Point><coordinates>34.8205952,24.8117416,0</coordinates></Point></Placemark>
<Placemark><name>0313 L6-28</name><styleUrl>#CG6-0313</styleUrl><description><![CDATA[Date 2026-01-21, line 6, station 28<br/>H = 292.9 m<br/>FA = 28.91 mGal<br/>CB(2.67) = 7.14 mGal (rel. base 100)]]></description><Point><coordinates>34.8206619,24.8124431,0</coordinates></Point></Placemark>
<Placemark><name>0313 L6-29</name><styleUrl>#CG6-0313</styleUrl><description><![CDATA[Date 2026-01-21, line 6, station 29<br/>H = 295.4 m<br/>FA = 29.01 mGal<br/>CB(2.67) = 7.00 mGal (rel. base 100)]]></description><Point><coordinates>34.8205355,24.8131670,0</coordinates></Point></Placemark>
<Placemark><name>0313 L6-30</name><styleUrl>#CG6-0313</styleUrl><description><![CDATA[Date 2026-01-21, line 6, station 30<br/>H = 298.3 m<br/>FA = 29.33 mGal<br/>CB(2.67) = 6.94 mGal (rel. base 100)]]></description><Point><coordinates>34.8198101,24.8136417,0</coordinates></Point></Placemark>
<Placemark><name>0313 L6-31</name><styleUrl>#CG6-0313</styleUrl><description><![CDATA[Date 2026-01-21, line 6, station 31<br/>H = 300.1 m<br/>FA = 29.48 mGal<br/>CB(2.67) = 6.89 mGal (rel. base 100)]]></description><Point><coordinates>34.8191436,24.8139681,0</coordinates></Point></Placemark>
<Placemark><name>0313 L6-32</name><styleUrl>#CG6-0313</styleUrl><description><![CDATA[Date 2026-01-21, line 6, station 32<br/>H = 302.5 m<br/>FA = 29.77 mGal<br/>CB(2.67) = 6.88 mGal (rel. base 100)]]></description><Point><coordinates>34.8189608,24.8147095,0</coordinates></Point></Placemark>
<Placemark><name>0313 L6-33</name><styleUrl>#CG6-0313</styleUrl><description><![CDATA[Date 2026-01-21, line 6, station 33<br/>H = 281.6 m<br/>FA = 27.51 mGal<br/>CB(2.67) = 6.84 mGal (rel. base 100)]]></description><Point><coordinates>34.8204446,24.8089147,0</coordinates></Point></Placemark>
<Placemark><name>0313 L6-34</name><styleUrl>#CG6-0313</styleUrl><description><![CDATA[Date 2026-01-21, line 6, station 34<br/>H = 284.0 m<br/>FA = 27.73 mGal<br/>CB(2.67) = 6.77 mGal (rel. base 100)]]></description><Point><coordinates>34.8197488,24.8092904,0</coordinates></Point></Placemark>
<Placemark><name>0313 L6-35</name><styleUrl>#CG6-0313</styleUrl><description><![CDATA[Date 2026-01-21, line 6, station 35<br/>H = 300.7 m<br/>FA = 32.37 mGal<br/>CB(2.67) = 9.42 mGal (rel. base 100)]]></description><Point><coordinates>34.8190822,24.8096201,0</coordinates></Point></Placemark>
<Placemark><name>0313 L6-36</name><styleUrl>#CG6-0313</styleUrl><description><![CDATA[Date 2026-01-21, line 6, station 36<br/>H = 287.9 m<br/>FA = 27.94 mGal<br/>CB(2.67) = 6.64 mGal (rel. base 100)]]></description><Point><coordinates>34.8181701,24.8101947,0</coordinates></Point></Placemark>
<Placemark><name>0313 L6-37</name><styleUrl>#CG6-0313</styleUrl><description><![CDATA[Date 2026-01-21, line 6, station 37<br/>H = 290.1 m<br/>FA = 27.99 mGal<br/>CB(2.67) = 6.42 mGal (rel. base 100)]]></description><Point><coordinates>34.8177251,24.8109266,0</coordinates></Point></Placemark>
<Placemark><name>0313 L6-38</name><styleUrl>#CG6-0313</styleUrl><description><![CDATA[Date 2026-01-21, line 6, station 38<br/>H = 291.8 m<br/>FA = 28.23 mGal<br/>CB(2.67) = 6.47 mGal (rel. base 100)]]></description><Point><coordinates>34.8173352,24.8116852,0</coordinates></Point></Placemark>
<Placemark><name>0313 L6-39</name><styleUrl>#CG6-0313</styleUrl><description><![CDATA[Date 2026-01-21, line 6, station 39<br/>H = 294.4 m<br/>FA = 28.69 mGal<br/>CB(2.67) = 6.69 mGal (rel. base 100)]]></description><Point><coordinates>34.8172523,24.8124713,0</coordinates></Point></Placemark>
<Placemark><name>0313 L6-40</name><styleUrl>#CG6-0313</styleUrl><description><![CDATA[Date 2026-01-21, line 6, station 40<br/>H = 296.5 m<br/>FA = 29.07 mGal<br/>CB(2.67) = 6.82 mGal (rel. base 100)]]></description><Point><coordinates>34.8176500,24.8131292,0</coordinates></Point></Placemark>
<Placemark><name>0313 L6-41</name><styleUrl>#CG6-0313</styleUrl><description><![CDATA[Date 2026-01-21, line 6, station 41<br/>H = 298.5 m<br/>FA = 29.11 mGal<br/>CB(2.67) = 6.70 mGal (rel. base 100)]]></description><Point><coordinates>34.8172912,24.8138871,0</coordinates></Point></Placemark>
<Placemark><name>0313 L6-42</name><styleUrl>#CG6-0313</styleUrl><description><![CDATA[Date 2026-01-21, line 6, station 42<br/>H = 300.6 m<br/>FA = 29.01 mGal<br/>CB(2.67) = 6.42 mGal (rel. base 100)]]></description><Point><coordinates>34.8167454,24.8146172,0</coordinates></Point></Placemark>
<Placemark><name>0313 L6-43</name><styleUrl>#CG6-0313</styleUrl><description><![CDATA[Date 2026-01-21, line 6, station 43<br/>H = 301.9 m<br/>FA = 29.29 mGal<br/>CB(2.67) = 6.52 mGal (rel. base 100)]]></description><Point><coordinates>34.8166973,24.8152576,0</coordinates></Point></Placemark>
<Placemark><name>0313 L6-44</name><styleUrl>#CG6-0313</styleUrl><description><![CDATA[Date 2026-01-21, line 6, station 44<br/>H = 304.2 m<br/>FA = 29.58 mGal<br/>CB(2.67) = 6.50 mGal (rel. base 100)]]></description><Point><coordinates>34.8165657,24.8160667,0</coordinates></Point></Placemark>
<Placemark><name>0313 L6-45</name><styleUrl>#CG6-0313</styleUrl><description><![CDATA[Date 2026-01-21, line 6, station 45<br/>H = 306.4 m<br/>FA = 29.81 mGal<br/>CB(2.67) = 6.44 mGal (rel. base 100)]]></description><Point><coordinates>34.8166314,24.8169360,0</coordinates></Point></Placemark>
<Placemark><name>0313 L6-46</name><styleUrl>#CG6-0313</styleUrl><description><![CDATA[Date 2026-01-21, line 6, station 46<br/>H = 308.1 m<br/>FA = 29.86 mGal<br/>CB(2.67) = 6.27 mGal (rel. base 100)]]></description><Point><coordinates>34.8163986,24.8175192,0</coordinates></Point></Placemark>
<Placemark><name>0313 L10-1</name><styleUrl>#CG6-0313</styleUrl><description><![CDATA[Date 2026-01-21, line 10, station 1<br/>H = 53.7 m<br/>FA = -6.09 mGal<br/>CB(2.67) = -1.20 mGal (rel. base 100)]]></description><Point><coordinates>34.9595160,24.8006621,0</coordinates></Point></Placemark>
<Placemark><name>0313 L10-2</name><styleUrl>#CG6-0313</styleUrl><description><![CDATA[Date 2026-01-21, line 10, station 2<br/>H = 57.9 m<br/>FA = -5.72 mGal<br/>CB(2.67) = -1.24 mGal (rel. base 100)]]></description><Point><coordinates>34.9605368,24.7990216,0</coordinates></Point></Placemark>
<Placemark><name>0313 L10-3</name><styleUrl>#CG6-0313</styleUrl><description><![CDATA[Date 2026-01-21, line 10, station 3<br/>H = 62.0 m<br/>FA = -5.33 mGal<br/>CB(2.67) = -1.04 mGal (rel. base 100)]]></description><Point><coordinates>34.9611586,24.7972893,0</coordinates></Point></Placemark>
<Placemark><name>0313 L10-4</name><styleUrl>#CG6-0313</styleUrl><description><![CDATA[Date 2026-01-21, line 10, station 4<br/>H = 66.8 m<br/>FA = -4.75 mGal<br/>CB(2.67) = -1.09 mGal (rel. base 100)]]></description><Point><coordinates>34.9617182,24.7956199,0</coordinates></Point></Placemark>
<Placemark><name>0313 L10-5</name><styleUrl>#CG6-0313</styleUrl><description><![CDATA[Date 2026-01-21, line 10, station 5<br/>H = 71.0 m<br/>FA = -3.99 mGal<br/>CB(2.67) = -0.79 mGal (rel. base 100)]]></description><Point><coordinates>34.9621348,24.7938484,0</coordinates></Point></Placemark>
<Placemark><name>0313 L10-6</name><styleUrl>#CG6-0313</styleUrl><description><![CDATA[Date 2026-01-21, line 10, station 6<br/>H = 75.3 m<br/>FA = -3.29 mGal<br/>CB(2.67) = -0.46 mGal (rel. base 100)]]></description><Point><coordinates>34.9630010,24.7923278,0</coordinates></Point></Placemark>
<Placemark><name>0313 L10-7</name><styleUrl>#CG6-0313</styleUrl><description><![CDATA[Date 2026-01-21, line 10, station 7<br/>H = 80.3 m<br/>FA = -2.61 mGal<br/>CB(2.67) = -0.27 mGal (rel. base 100)]]></description><Point><coordinates>34.9639356,24.7907262,0</coordinates></Point></Placemark>
<Placemark><name>0313 L10-8</name><styleUrl>#CG6-0313</styleUrl><description><![CDATA[Date 2026-01-21, line 10, station 8<br/>H = 84.6 m<br/>FA = -2.12 mGal<br/>CB(2.67) = -0.14 mGal (rel. base 100)]]></description><Point><coordinates>34.9650394,24.7891838,0</coordinates></Point></Placemark>
<Placemark><name>0313 L10-9</name><styleUrl>#CG6-0313</styleUrl><description><![CDATA[Date 2026-01-21, line 10, station 9<br/>H = 89.7 m<br/>FA = -1.44 mGal<br/>CB(2.67) = -0.25 mGal (rel. base 100)]]></description><Point><coordinates>34.9659417,24.7876035,0</coordinates></Point></Placemark>
<Placemark><name>0313 L10-10</name><styleUrl>#CG6-0313</styleUrl><description><![CDATA[Date 2026-01-21, line 10, station 10<br/>H = 94.0 m<br/>FA = -0.94 mGal<br/>CB(2.67) = -0.43 mGal (rel. base 100)]]></description><Point><coordinates>34.9667904,24.7859974,0</coordinates></Point></Placemark>
<Placemark><name>0313 L10-11</name><styleUrl>#CG6-0313</styleUrl><description><![CDATA[Date 2026-01-21, line 10, station 11<br/>H = 98.0 m<br/>FA = -0.37 mGal<br/>CB(2.67) = -0.36 mGal (rel. base 100)]]></description><Point><coordinates>34.9677316,24.7844634,0</coordinates></Point></Placemark>
<Placemark><name>0313 L10-13</name><styleUrl>#CG6-0313</styleUrl><description><![CDATA[Date 2026-01-22, line 10, station 13<br/>H = 106.7 m<br/>FA = 0.46 mGal<br/>CB(2.67) = -0.44 mGal (rel. base 100)]]></description><Point><coordinates>34.9693911,24.7810089,0</coordinates></Point></Placemark>
<Placemark><name>0313 L10-14</name><styleUrl>#CG6-0313</styleUrl><description><![CDATA[Date 2026-01-22, line 10, station 14<br/>H = 110.4 m<br/>FA = 1.27 mGal<br/>CB(2.67) = -0.24 mGal (rel. base 100)]]></description><Point><coordinates>34.9702707,24.7795365,0</coordinates></Point></Placemark>
<Placemark><name>0313 L10-15</name><styleUrl>#CG6-0313</styleUrl><description><![CDATA[Date 2026-01-22, line 10, station 15<br/>H = 114.1 m<br/>FA = 1.92 mGal<br/>CB(2.67) = -0.07 mGal (rel. base 100)]]></description><Point><coordinates>34.9710193,24.7777964,0</coordinates></Point></Placemark>
<Placemark><name>0313 L10-16</name><styleUrl>#CG6-0313</styleUrl><description><![CDATA[Date 2026-01-22, line 10, station 16<br/>H = 118.2 m<br/>FA = 2.66 mGal<br/>CB(2.67) = 0.23 mGal (rel. base 100)]]></description><Point><coordinates>34.9718262,24.7762082,0</coordinates></Point></Placemark>
<Placemark><name>0313 L10-17</name><styleUrl>#CG6-0313</styleUrl><description><![CDATA[Date 2026-01-22, line 10, station 17<br/>H = 123.5 m<br/>FA = 3.21 mGal<br/>CB(2.67) = 0.10 mGal (rel. base 100)]]></description><Point><coordinates>34.9718947,24.7742367,0</coordinates></Point></Placemark>
<Placemark><name>0313 L10-18</name><styleUrl>#CG6-0313</styleUrl><description><![CDATA[Date 2026-01-22, line 10, station 18<br/>H = 126.4 m<br/>FA = 3.78 mGal<br/>CB(2.67) = 0.32 mGal (rel. base 100)]]></description><Point><coordinates>34.9721237,24.7726081,0</coordinates></Point></Placemark>
<Placemark><name>0313 L10-19</name><styleUrl>#CG6-0313</styleUrl><description><![CDATA[Date 2026-01-22, line 10, station 19<br/>H = 130.1 m<br/>FA = 4.32 mGal<br/>CB(2.67) = 0.52 mGal (rel. base 100)]]></description><Point><coordinates>34.9722762,24.7708595,0</coordinates></Point></Placemark>
<Placemark><name>0313 L10-20</name><styleUrl>#CG6-0313</styleUrl><description><![CDATA[Date 2026-01-22, line 10, station 20<br/>H = 133.6 m<br/>FA = 4.63 mGal<br/>CB(2.67) = 0.40 mGal (rel. base 100)]]></description><Point><coordinates>34.9729318,24.7691974,0</coordinates></Point></Placemark>
<Placemark><name>0313 L10-21</name><styleUrl>#CG6-0313</styleUrl><description><![CDATA[Date 2026-01-22, line 10, station 21<br/>H = 138.0 m<br/>FA = 5.31 mGal<br/>CB(2.67) = 0.44 mGal (rel. base 100)]]></description><Point><coordinates>34.9740962,24.7672573,0</coordinates></Point></Placemark>
<Placemark><name>0313 L10-22</name><styleUrl>#CG6-0313</styleUrl><description><![CDATA[Date 2026-01-22, line 10, station 22<br/>H = 140.8 m<br/>FA = 5.73 mGal<br/>CB(2.67) = 0.44 mGal (rel. base 100)]]></description><Point><coordinates>34.9746936,24.7660773,0</coordinates></Point></Placemark>
<Placemark><name>0313 L10-23</name><styleUrl>#CG6-0313</styleUrl><description><![CDATA[Date 2026-01-22, line 10, station 23<br/>H = 145.5 m<br/>FA = 6.23 mGal<br/>CB(2.67) = 0.30 mGal (rel. base 100)]]></description><Point><coordinates>34.9753761,24.7644319,0</coordinates></Point></Placemark>
<Placemark><name>0313 L10-24</name><styleUrl>#CG6-0313</styleUrl><description><![CDATA[Date 2026-01-22, line 10, station 24<br/>H = 150.2 m<br/>FA = 7.18 mGal<br/>CB(2.67) = 0.69 mGal (rel. base 100)]]></description><Point><coordinates>34.9768975,24.7632533,0</coordinates></Point></Placemark>
<Placemark><name>0313 L10-25</name><styleUrl>#CG6-0313</styleUrl><description><![CDATA[Date 2026-01-22, line 10, station 25<br/>H = 155.0 m<br/>FA = 7.65 mGal<br/>CB(2.67) = 0.65 mGal (rel. base 100)]]></description><Point><coordinates>34.9780511,24.7617741,0</coordinates></Point></Placemark>
<Placemark><name>0313 L10-26</name><styleUrl>#CG6-0313</styleUrl><description><![CDATA[Date 2026-01-22, line 10, station 26<br/>H = 55.2 m<br/>FA = -6.12 mGal<br/>CB(2.67) = -1.48 mGal (rel. base 100)]]></description><Point><coordinates>34.9576565,24.8028977,0</coordinates></Point></Placemark>
<Placemark><name>0313 L10-27</name><styleUrl>#CG6-0313</styleUrl><description><![CDATA[Date 2026-01-22, line 10, station 27<br/>H = 60.3 m<br/>FA = -5.90 mGal<br/>CB(2.67) = -1.74 mGal (rel. base 100)]]></description><Point><coordinates>34.9571459,24.8047592,0</coordinates></Point></Placemark>
<Placemark><name>0313 L10-28</name><styleUrl>#CG6-0313</styleUrl><description><![CDATA[Date 2026-01-22, line 10, station 28<br/>H = 65.3 m<br/>FA = -5.34 mGal<br/>CB(2.67) = -1.70 mGal (rel. base 100)]]></description><Point><coordinates>34.9565337,24.8064580,0</coordinates></Point></Placemark>
<Placemark><name>0313 L10-29</name><styleUrl>#CG6-0313</styleUrl><description><![CDATA[Date 2026-01-22, line 10, station 29<br/>H = 70.7 m<br/>FA = -4.95 mGal<br/>CB(2.67) = -2.04 mGal (rel. base 100)]]></description><Point><coordinates>34.9555381,24.8080674,0</coordinates></Point></Placemark>
<Placemark><name>0313 L10-30</name><styleUrl>#CG6-0313</styleUrl><description><![CDATA[Date 2026-01-22, line 10, station 30<br/>H = 76.3 m<br/>FA = -4.41 mGal<br/>CB(2.67) = -2.22 mGal (rel. base 100)]]></description><Point><coordinates>34.9539735,24.8090954,0</coordinates></Point></Placemark>
<Placemark><name>0313 L10-31</name><styleUrl>#CG6-0313</styleUrl><description><![CDATA[Date 2026-01-22, line 10, station 31<br/>H = 81.8 m<br/>FA = -4.15 mGal<br/>CB(2.67) = -2.52 mGal (rel. base 100)]]></description><Point><coordinates>34.9523690,24.8100504,0</coordinates></Point></Placemark>
<Placemark><name>0313 L10-32</name><styleUrl>#CG6-0313</styleUrl><description><![CDATA[Date 2026-01-22, line 10, station 32<br/>H = 86.8 m<br/>FA = -3.69 mGal<br/>CB(2.67) = -2.47 mGal (rel. base 100)]]></description><Point><coordinates>34.9510959,24.8113691,0</coordinates></Point></Placemark>
<Placemark><name>0313 L10-33</name><styleUrl>#CG6-0313</styleUrl><description><![CDATA[Date 2026-01-22, line 10, station 33<br/>H = 91.9 m<br/>FA = -3.15 mGal<br/>CB(2.67) = -2.53 mGal (rel. base 100)]]></description><Point><coordinates>34.9501688,24.8129076,0</coordinates></Point></Placemark>
<Placemark><name>0313 L10-34</name><styleUrl>#CG6-0313</styleUrl><description><![CDATA[Date 2026-01-22, line 10, station 34<br/>H = 98.6 m<br/>FA = -1.84 mGal<br/>CB(2.67) = -2.20 mGal (rel. base 100)]]></description><Point><coordinates>34.9495282,24.8145566,0</coordinates></Point></Placemark>
<Placemark><name>0313 L10-35</name><styleUrl>#CG6-0313</styleUrl><description><![CDATA[Date 2026-01-22, line 10, station 35<br/>H = 104.8 m<br/>FA = -1.01 mGal<br/>CB(2.67) = -2.19 mGal (rel. base 100)]]></description><Point><coordinates>34.9492753,24.8163479,0</coordinates></Point></Placemark>
<Placemark><name>0313 L10-36</name><styleUrl>#CG6-0313</styleUrl><description><![CDATA[Date 2026-01-22, line 10, station 36<br/>H = 111.1 m<br/>FA = -0.36 mGal<br/>CB(2.67) = -2.20 mGal (rel. base 100)]]></description><Point><coordinates>34.9493513,24.8181827,0</coordinates></Point></Placemark>
<Placemark><name>0313 L10-37</name><styleUrl>#CG6-0313</styleUrl><description><![CDATA[Date 2026-01-22, line 10, station 37<br/>H = 116.2 m<br/>FA = -0.05 mGal<br/>CB(2.67) = -2.40 mGal (rel. base 100)]]></description><Point><coordinates>34.9494974,24.8198389,0</coordinates></Point></Placemark>
<Placemark><name>0313 L10-38</name><styleUrl>#CG6-0313</styleUrl><description><![CDATA[Date 2026-01-22, line 10, station 38<br/>H = 122.2 m<br/>FA = 0.45 mGal<br/>CB(2.67) = -2.72 mGal (rel. base 100)]]></description><Point><coordinates>34.9492435,24.8215706,0</coordinates></Point></Placemark>
<Placemark><name>0313 L10-39</name><styleUrl>#CG6-0313</styleUrl><description><![CDATA[Date 2026-01-22, line 10, station 39<br/>H = 126.7 m<br/>FA = 0.78 mGal<br/>CB(2.67) = -2.90 mGal (rel. base 100)]]></description><Point><coordinates>34.9490616,24.8233265,0</coordinates></Point></Placemark>
<Placemark><name>0313 L10-40</name><styleUrl>#CG6-0313</styleUrl><description><![CDATA[Date 2026-01-22, line 10, station 40<br/>H = 132.2 m<br/>FA = 1.16 mGal<br/>CB(2.67) = -3.25 mGal (rel. base 100)]]></description><Point><coordinates>34.9485775,24.8248964,0</coordinates></Point></Placemark>
<Placemark><name>0313 L10-41</name><styleUrl>#CG6-0313</styleUrl><description><![CDATA[Date 2026-01-22, line 10, station 41<br/>H = 136.4 m<br/>FA = 1.35 mGal<br/>CB(2.67) = -3.55 mGal (rel. base 100)]]></description><Point><coordinates>34.9475164,24.8265080,0</coordinates></Point></Placemark>
<Placemark><name>0313 L10-42</name><styleUrl>#CG6-0313</styleUrl><description><![CDATA[Date 2026-01-22, line 10, station 42<br/>H = 141.6 m<br/>FA = 1.78 mGal<br/>CB(2.67) = -3.76 mGal (rel. base 100)]]></description><Point><coordinates>34.9470040,24.8285689,0</coordinates></Point></Placemark>
<Placemark><name>0313 L10-43</name><styleUrl>#CG6-0313</styleUrl><description><![CDATA[Date 2026-01-22, line 10, station 43<br/>H = 145.7 m<br/>FA = 1.89 mGal<br/>CB(2.67) = -4.10 mGal (rel. base 100)]]></description><Point><coordinates>34.9460413,24.8298245,0</coordinates></Point></Placemark>
<Placemark><name>0313 L10-44</name><styleUrl>#CG6-0313</styleUrl><description><![CDATA[Date 2026-01-22, line 10, station 44<br/>H = 150.3 m<br/>FA = 1.91 mGal<br/>CB(2.67) = -4.60 mGal (rel. base 100)]]></description><Point><coordinates>34.9448954,24.8315236,0</coordinates></Point></Placemark>
<Placemark><name>0313 L10-45</name><styleUrl>#CG6-0313</styleUrl><description><![CDATA[Date 2026-01-22, line 10, station 45<br/>H = 155.6 m<br/>FA = 2.18 mGal<br/>CB(2.67) = -4.91 mGal (rel. base 100)]]></description><Point><coordinates>34.9432010,24.8321560,0</coordinates></Point></Placemark>
<Placemark><name>0313 L10-46</name><styleUrl>#CG6-0313</styleUrl><description><![CDATA[Date 2026-01-22, line 10, station 46<br/>H = 160.0 m<br/>FA = 2.68 mGal<br/>CB(2.67) = -4.90 mGal (rel. base 100)]]></description><Point><coordinates>34.9418820,24.8334982,0</coordinates></Point></Placemark>
<Placemark><name>0313 L10-47</name><styleUrl>#CG6-0313</styleUrl><description><![CDATA[Date 2026-01-22, line 10, station 47<br/>H = 164.8 m<br/>FA = 3.12 mGal<br/>CB(2.67) = -4.94 mGal (rel. base 100)]]></description><Point><coordinates>34.9402243,24.8342625,0</coordinates></Point></Placemark>
<Placemark><name>0313 L10-48</name><styleUrl>#CG6-0313</styleUrl><description><![CDATA[Date 2026-01-22, line 10, station 48<br/>H = 172.0 m<br/>FA = 3.85 mGal<br/>CB(2.67) = -5.04 mGal (rel. base 100)]]></description><Point><coordinates>34.9379112,24.8342262,0</coordinates></Point></Placemark>
<Placemark><name>0313 L10-49</name><styleUrl>#CG6-0313</styleUrl><description><![CDATA[Date 2026-01-22, line 10, station 49<br/>H = 178.7 m<br/>FA = 4.14 mGal<br/>CB(2.67) = -5.49 mGal (rel. base 100)]]></description><Point><coordinates>34.9356028,24.8335455,0</coordinates></Point></Placemark>
<Placemark><name>0313 L10-50</name><styleUrl>#CG6-0313</styleUrl><description><![CDATA[Date 2026-01-22, line 10, station 50<br/>H = 185.5 m<br/>FA = 4.71 mGal<br/>CB(2.67) = -5.66 mGal (rel. base 100)]]></description><Point><coordinates>34.9331212,24.8334567,0</coordinates></Point></Placemark>
<Placemark><name>0313 L11-2</name><styleUrl>#CG6-0313</styleUrl><description><![CDATA[Date 2026-01-22, line 11, station 2<br/>H = 184.7 m<br/>FA = 16.36 mGal<br/>CB(2.67) = 7.22 mGal (rel. base 100)]]></description><Point><coordinates>34.8945719,24.7690651,0</coordinates></Point></Placemark>
<Placemark><name>0313 L11-3</name><styleUrl>#CG6-0313</styleUrl><description><![CDATA[Date 2026-01-22, line 11, station 3<br/>H = 186.7 m<br/>FA = 16.92 mGal<br/>CB(2.67) = 7.56 mGal (rel. base 100)]]></description><Point><coordinates>34.8952265,24.7675257,0</coordinates></Point></Placemark>
<Placemark><name>0313 L11-4</name><styleUrl>#CG6-0313</styleUrl><description><![CDATA[Date 2026-01-22, line 11, station 4<br/>H = 189.9 m<br/>FA = 17.72 mGal<br/>CB(2.67) = 7.71 mGal (rel. base 100)]]></description><Point><coordinates>34.8935945,24.7673165,0</coordinates></Point></Placemark>
<Placemark><name>0313 L11-5</name><styleUrl>#CG6-0313</styleUrl><description><![CDATA[Date 2026-01-22, line 11, station 5<br/>H = 192.4 m<br/>FA = 17.74 mGal<br/>CB(2.67) = 7.73 mGal (rel. base 100)]]></description><Point><coordinates>34.8920418,24.7668596,0</coordinates></Point></Placemark>
<Placemark><name>0313 L11-6</name><styleUrl>#CG6-0313</styleUrl><description><![CDATA[Date 2026-01-22, line 11, station 6<br/>H = 195.3 m<br/>FA = 18.77 mGal<br/>CB(2.67) = 8.03 mGal (rel. base 100)]]></description><Point><coordinates>34.8921845,24.7655516,0</coordinates></Point></Placemark>
<Placemark><name>0313 L11-7</name><styleUrl>#CG6-0313</styleUrl><description><![CDATA[Date 2026-01-22, line 11, station 7<br/>H = 197.8 m<br/>FA = 18.84 mGal<br/>CB(2.67) = 8.18 mGal (rel. base 100)]]></description><Point><coordinates>34.8941212,24.7651443,0</coordinates></Point></Placemark>
<Placemark><name>0313 L11-8</name><styleUrl>#CG6-0313</styleUrl><description><![CDATA[Date 2026-01-22, line 11, station 8<br/>H = 200.2 m<br/>FA = 18.44 mGal<br/>CB(2.67) = 7.85 mGal (rel. base 100)]]></description><Point><coordinates>34.8949590,24.7638912,0</coordinates></Point></Placemark>
<Placemark><name>0313 L11-9</name><styleUrl>#CG6-0313</styleUrl><description><![CDATA[Date 2026-01-22, line 11, station 9<br/>H = 202.9 m<br/>FA = 19.60 mGal<br/>CB(2.67) = 7.93 mGal (rel. base 100)]]></description><Point><coordinates>34.8931514,24.7630682,0</coordinates></Point></Placemark>
<Placemark><name>0313 L11-10</name><styleUrl>#CG6-0313</styleUrl><description><![CDATA[Date 2026-01-22, line 11, station 10<br/>H = 204.5 m<br/>FA = 19.52 mGal<br/>CB(2.67) = 7.73 mGal (rel. base 100)]]></description><Point><coordinates>34.8916079,24.7624167,0</coordinates></Point></Placemark>
<Placemark><name>0313 L11-11</name><styleUrl>#CG6-0313</styleUrl><description><![CDATA[Date 2026-01-22, line 11, station 11<br/>H = 207.0 m<br/>FA = 19.60 mGal<br/>CB(2.67) = 7.40 mGal (rel. base 100)]]></description><Point><coordinates>34.8904286,24.7609573,0</coordinates></Point></Placemark>
<Placemark><name>0313 L11-12</name><styleUrl>#CG6-0313</styleUrl><description><![CDATA[Date 2026-01-22, line 11, station 12<br/>H = 210.1 m<br/>FA = 19.98 mGal<br/>CB(2.67) = 7.27 mGal (rel. base 100)]]></description><Point><coordinates>34.8888044,24.7602582,0</coordinates></Point></Placemark>
<Placemark><name>0313 L11-13</name><styleUrl>#CG6-0313</styleUrl><description><![CDATA[Date 2026-01-22, line 11, station 13<br/>H = 212.5 m<br/>FA = 20.55 mGal<br/>CB(2.67) = 7.47 mGal (rel. base 100)]]></description><Point><coordinates>34.8867916,24.7603906,0</coordinates></Point></Placemark>
<Placemark><name>0313 L11-14</name><styleUrl>#CG6-0313</styleUrl><description><![CDATA[Date 2026-01-22, line 11, station 14<br/>H = 214.9 m<br/>FA = 21.00 mGal<br/>CB(2.67) = 7.62 mGal (rel. base 100)]]></description><Point><coordinates>34.8856198,24.7594222,0</coordinates></Point></Placemark>
<Placemark><name>0313 L11-15</name><styleUrl>#CG6-0313</styleUrl><description><![CDATA[Date 2026-01-22, line 11, station 15<br/>H = 217.2 m<br/>FA = 21.47 mGal<br/>CB(2.67) = 7.81 mGal (rel. base 100)]]></description><Point><coordinates>34.8843578,24.7582412,0</coordinates></Point></Placemark>
<Placemark><name>0313 L11-16</name><styleUrl>#CG6-0313</styleUrl><description><![CDATA[Date 2026-01-22, line 11, station 16<br/>H = 219.0 m<br/>FA = 21.57 mGal<br/>CB(2.67) = 7.76 mGal (rel. base 100)]]></description><Point><coordinates>34.8844181,24.7570025,0</coordinates></Point></Placemark>
<Placemark><name>0313 L11-17</name><styleUrl>#CG6-0313</styleUrl><description><![CDATA[Date 2026-01-22, line 11, station 17<br/>H = 221.4 m<br/>FA = 21.81 mGal<br/>CB(2.67) = 7.63 mGal (rel. base 100)]]></description><Point><coordinates>34.8853372,24.7560492,0</coordinates></Point></Placemark>
<Placemark><name>0313 L11-18</name><styleUrl>#CG6-0313</styleUrl><description><![CDATA[Date 2026-01-22, line 11, station 18<br/>H = 224.0 m<br/>FA = 22.19 mGal<br/>CB(2.67) = 7.76 mGal (rel. base 100)]]></description><Point><coordinates>34.8836895,24.7550034,0</coordinates></Point></Placemark>
<Placemark><name>0313 L11-19</name><styleUrl>#CG6-0313</styleUrl><description><![CDATA[Date 2026-01-22, line 11, station 19<br/>H = 227.2 m<br/>FA = 22.53 mGal<br/>CB(2.67) = 7.72 mGal (rel. base 100)]]></description><Point><coordinates>34.8829398,24.7530660,0</coordinates></Point></Placemark>
<Placemark><name>0313 L11-20</name><styleUrl>#CG6-0313</styleUrl><description><![CDATA[Date 2026-01-22, line 11, station 20<br/>H = 228.9 m<br/>FA = 22.69 mGal<br/>CB(2.67) = 7.74 mGal (rel. base 100)]]></description><Point><coordinates>34.8824444,24.7516599,0</coordinates></Point></Placemark>
<Placemark><name>0313 L11-21</name><styleUrl>#CG6-0313</styleUrl><description><![CDATA[Date 2026-01-22, line 11, station 21<br/>H = 231.2 m<br/>FA = 22.84 mGal<br/>CB(2.67) = 7.84 mGal (rel. base 100)]]></description><Point><coordinates>34.8819774,24.7497049,0</coordinates></Point></Placemark>
<Placemark><name>0313 L11-22</name><styleUrl>#CG6-0313</styleUrl><description><![CDATA[Date 2026-01-22, line 11, station 22<br/>H = 233.9 m<br/>FA = 23.37 mGal<br/>CB(2.67) = 7.88 mGal (rel. base 100)]]></description><Point><coordinates>34.8834535,24.7488205,0</coordinates></Point></Placemark>
<Placemark><name>0313 L11-23</name><styleUrl>#CG6-0313</styleUrl><description><![CDATA[Date 2026-01-22, line 11, station 23<br/>H = 237.2 m<br/>FA = 23.63 mGal<br/>CB(2.67) = 7.87 mGal (rel. base 100)]]></description><Point><coordinates>34.8845047,24.7479463,0</coordinates></Point></Placemark>
<Placemark><name>0313 L11-24</name><styleUrl>#CG6-0313</styleUrl><description><![CDATA[Date 2026-01-22, line 11, station 24<br/>H = 239.2 m<br/>FA = 24.05 mGal<br/>CB(2.67) = 7.87 mGal (rel. base 100)]]></description><Point><coordinates>34.8827644,24.7475664,0</coordinates></Point></Placemark>
<Placemark><name>0313 L11-25</name><styleUrl>#CG6-0313</styleUrl><description><![CDATA[Date 2026-01-22, line 11, station 25<br/>H = 240.4 m<br/>FA = 23.64 mGal<br/>CB(2.67) = 7.34 mGal (rel. base 100)]]></description><Point><coordinates>34.8823431,24.7457796,0</coordinates></Point></Placemark>
<Placemark><name>0313 L11-26</name><styleUrl>#CG6-0313</styleUrl><description><![CDATA[Date 2026-01-22, line 11, station 26<br/>H = 244.9 m<br/>FA = 24.19 mGal<br/>CB(2.67) = 7.58 mGal (rel. base 100)]]></description><Point><coordinates>34.8841839,24.7441543,0</coordinates></Point></Placemark>
<Placemark><name>0313 L11-27</name><styleUrl>#CG6-0313</styleUrl><description><![CDATA[Date 2026-01-22, line 11, station 27<br/>H = 245.8 m<br/>FA = 24.12 mGal<br/>CB(2.67) = 7.39 mGal (rel. base 100)]]></description><Point><coordinates>34.8849251,24.7433631,0</coordinates></Point></Placemark>
<Placemark><name>0313 L11-28</name><styleUrl>#CG6-0313</styleUrl><description><![CDATA[Date 2026-01-22, line 11, station 28<br/>H = 247.7 m<br/>FA = 24.34 mGal<br/>CB(2.67) = 7.21 mGal (rel. base 100)]]></description><Point><coordinates>34.8841733,24.7421947,0</coordinates></Point></Placemark>
<Placemark><name>0313 L11-29</name><styleUrl>#CG6-0313</styleUrl><description><![CDATA[Date 2026-01-22, line 11, station 29<br/>H = 249.2 m<br/>FA = 24.29 mGal<br/>CB(2.67) = 6.94 mGal (rel. base 100)]]></description><Point><coordinates>34.8823105,24.7417292,0</coordinates></Point></Placemark>
<Placemark><name>0313 L11-30</name><styleUrl>#CG6-0313</styleUrl><description><![CDATA[Date 2026-01-22, line 11, station 30<br/>H = 251.5 m<br/>FA = 24.27 mGal<br/>CB(2.67) = 6.62 mGal (rel. base 100)]]></description><Point><coordinates>34.8807637,24.7405336,0</coordinates></Point></Placemark>
<Placemark><name>0313 L11-31</name><styleUrl>#CG6-0313</styleUrl><description><![CDATA[Date 2026-01-22, line 11, station 31<br/>H = 253.4 m<br/>FA = 24.17 mGal<br/>CB(2.67) = 6.30 mGal (rel. base 100)]]></description><Point><coordinates>34.8800850,24.7388979,0</coordinates></Point></Placemark>
<Placemark><name>0313 L11-32</name><styleUrl>#CG6-0313</styleUrl><description><![CDATA[Date 2026-01-22, line 11, station 32<br/>H = 255.0 m<br/>FA = 23.85 mGal<br/>CB(2.67) = 5.82 mGal (rel. base 100)]]></description><Point><coordinates>34.8803765,24.7372570,0</coordinates></Point></Placemark>
<Placemark><name>0313 L11-33</name><styleUrl>#CG6-0313</styleUrl><description><![CDATA[Date 2026-01-22, line 11, station 33<br/>H = 257.0 m<br/>FA = 23.48 mGal<br/>CB(2.67) = 5.25 mGal (rel. base 100)]]></description><Point><coordinates>34.8804430,24.7348087,0</coordinates></Point></Placemark>
<Placemark><name>0313 L11-34</name><styleUrl>#CG6-0313</styleUrl><description><![CDATA[Date 2026-01-23, line 11, station 34<br/>H = 261.1 m<br/>FA = 23.95 mGal<br/>CB(2.67) = 5.20 mGal (rel. base 100)]]></description><Point><coordinates>34.8799681,24.7328810,0</coordinates></Point></Placemark>
<Placemark><name>0313 L11-35</name><styleUrl>#CG6-0313</styleUrl><description><![CDATA[Date 2026-01-23, line 11, station 35<br/>H = 262.7 m<br/>FA = 23.68 mGal<br/>CB(2.67) = 4.77 mGal (rel. base 100)]]></description><Point><coordinates>34.8802808,24.7311118,0</coordinates></Point></Placemark>
<Placemark><name>0313 L11-36</name><styleUrl>#CG6-0313</styleUrl><description><![CDATA[Date 2026-01-23, line 11, station 36<br/>H = 264.7 m<br/>FA = 23.60 mGal<br/>CB(2.67) = 4.45 mGal (rel. base 100)]]></description><Point><coordinates>34.8802354,24.7292712,0</coordinates></Point></Placemark>
<Placemark><name>0313 L11-37</name><styleUrl>#CG6-0313</styleUrl><description><![CDATA[Date 2026-01-23, line 11, station 37<br/>H = 266.7 m<br/>FA = 23.46 mGal<br/>CB(2.67) = 4.09 mGal (rel. base 100)]]></description><Point><coordinates>34.8797518,24.7277346,0</coordinates></Point></Placemark>
<Placemark><name>0313 L11-38</name><styleUrl>#CG6-0313</styleUrl><description><![CDATA[Date 2026-01-23, line 11, station 38<br/>H = 268.3 m<br/>FA = 23.42 mGal<br/>CB(2.67) = 3.86 mGal (rel. base 100)]]></description><Point><coordinates>34.8783411,24.7277458,0</coordinates></Point></Placemark>
<Placemark><name>0313 L11-39</name><styleUrl>#CG6-0313</styleUrl><description><![CDATA[Date 2026-01-23, line 11, station 39<br/>H = 270.4 m<br/>FA = 24.00 mGal<br/>CB(2.67) = 4.20 mGal (rel. base 100)]]></description><Point><coordinates>34.8776347,24.7293209,0</coordinates></Point></Placemark>
<Placemark><name>0313 L11-40</name><styleUrl>#CG6-0313</styleUrl><description><![CDATA[Date 2026-01-23, line 11, station 40<br/>H = 272.6 m<br/>FA = 23.79 mGal<br/>CB(2.67) = 3.87 mGal (rel. base 100)]]></description><Point><coordinates>34.8757579,24.7284325,0</coordinates></Point></Placemark>
<Placemark><name>0313 L11-41</name><styleUrl>#CG6-0313</styleUrl><description><![CDATA[Date 2026-01-23, line 11, station 41<br/>H = 274.5 m<br/>FA = 23.61 mGal<br/>CB(2.67) = 3.41 mGal (rel. base 100)]]></description><Point><coordinates>34.8743052,24.7273287,0</coordinates></Point></Placemark>
<Placemark><name>0313 L11-42</name><styleUrl>#CG6-0313</styleUrl><description><![CDATA[Date 2026-01-23, line 11, station 42<br/>H = 276.6 m<br/>FA = 23.51 mGal<br/>CB(2.67) = 3.08 mGal (rel. base 100)]]></description><Point><coordinates>34.8724887,24.7267021,0</coordinates></Point></Placemark>
<Placemark><name>0313 L11-43</name><styleUrl>#CG6-0313</styleUrl><description><![CDATA[Date 2026-01-23, line 11, station 43<br/>H = 278.7 m<br/>FA = 23.26 mGal<br/>CB(2.67) = 2.64 mGal (rel. base 100)]]></description><Point><coordinates>34.8705486,24.7255550,0</coordinates></Point></Placemark>
<Placemark><name>0313 L11-44</name><styleUrl>#CG6-0313</styleUrl><description><![CDATA[Date 2026-01-23, line 11, station 44<br/>H = 280.3 m<br/>FA = 22.62 mGal<br/>CB(2.67) = 1.96 mGal (rel. base 100)]]></description><Point><coordinates>34.8693396,24.7243349,0</coordinates></Point></Placemark>
<Placemark><name>0313 L11-45</name><styleUrl>#CG6-0313</styleUrl><description><![CDATA[Date 2026-01-23, line 11, station 45<br/>H = 282.1 m<br/>FA = 22.63 mGal<br/>CB(2.67) = 1.64 mGal (rel. base 100)]]></description><Point><coordinates>34.8676285,24.7238602,0</coordinates></Point></Placemark>
<Placemark><name>0313 L11-46</name><styleUrl>#CG6-0313</styleUrl><description><![CDATA[Date 2026-01-23, line 11, station 46<br/>H = 284.9 m<br/>FA = 22.73 mGal<br/>CB(2.67) = 1.30 mGal (rel. base 100)]]></description><Point><coordinates>34.8655624,24.7235506,0</coordinates></Point></Placemark>
<Placemark><name>0313 L11-47</name><styleUrl>#CG6-0313</styleUrl><description><![CDATA[Date 2026-01-23, line 11, station 47<br/>H = 287.2 m<br/>FA = 23.04 mGal<br/>CB(2.67) = 1.36 mGal (rel. base 100)]]></description><Point><coordinates>34.8635823,24.7233277,0</coordinates></Point></Placemark>
<Placemark><name>0313 L11-48</name><styleUrl>#CG6-0313</styleUrl><description><![CDATA[Date 2026-01-23, line 11, station 48<br/>H = 289.1 m<br/>FA = 23.44 mGal<br/>CB(2.67) = 1.57 mGal (rel. base 100)]]></description><Point><coordinates>34.8619177,24.7225077,0</coordinates></Point></Placemark>
<Placemark><name>0313 L11-49</name><styleUrl>#CG6-0313</styleUrl><description><![CDATA[Date 2026-01-23, line 11, station 49<br/>H = 290.9 m<br/>FA = 23.65 mGal<br/>CB(2.67) = 1.57 mGal (rel. base 100)]]></description><Point><coordinates>34.8601940,24.7220163,0</coordinates></Point></Placemark>
<Placemark><name>0313 L11-50</name><styleUrl>#CG6-0313</styleUrl><description><![CDATA[Date 2026-01-23, line 11, station 50<br/>H = 292.8 m<br/>FA = 24.11 mGal<br/>CB(2.67) = 1.86 mGal (rel. base 100)]]></description><Point><coordinates>34.8581854,24.7222555,0</coordinates></Point></Placemark>
<Placemark><name>0313 L11-51</name><styleUrl>#CG6-0313</styleUrl><description><![CDATA[Date 2026-01-23, line 11, station 51<br/>H = 295.0 m<br/>FA = 24.62 mGal<br/>CB(2.67) = 2.12 mGal (rel. base 100)]]></description><Point><coordinates>34.8562814,24.7227031,0</coordinates></Point></Placemark>
<Placemark><name>0313 L11-52</name><styleUrl>#CG6-0313</styleUrl><description><![CDATA[Date 2026-01-23, line 11, station 52<br/>H = 297.4 m<br/>FA = 25.06 mGal<br/>CB(2.67) = 2.29 mGal (rel. base 100)]]></description><Point><coordinates>34.8546680,24.7220816,0</coordinates></Point></Placemark>
<Placemark><name>0313 L11-53</name><styleUrl>#CG6-0313</styleUrl><description><![CDATA[Date 2026-01-23, line 11, station 53<br/>H = 300.0 m<br/>FA = 25.44 mGal<br/>CB(2.67) = 2.38 mGal (rel. base 100)]]></description><Point><coordinates>34.8529742,24.7229423,0</coordinates></Point></Placemark>
<Placemark><name>0313 L11-54</name><styleUrl>#CG6-0313</styleUrl><description><![CDATA[Date 2026-01-23, line 11, station 54<br/>H = 302.6 m<br/>FA = 25.83 mGal<br/>CB(2.67) = 2.46 mGal (rel. base 100)]]></description><Point><coordinates>34.8512297,24.7225017,0</coordinates></Point></Placemark>
<Placemark><name>0313 L11-55</name><styleUrl>#CG6-0313</styleUrl><description><![CDATA[Date 2026-01-23, line 11, station 55<br/>H = 304.8 m<br/>FA = 25.96 mGal<br/>CB(2.67) = 2.34 mGal (rel. base 100)]]></description><Point><coordinates>34.8500569,24.7207541,0</coordinates></Point></Placemark>
<Placemark><name>0313 L11-56</name><styleUrl>#CG6-0313</styleUrl><description><![CDATA[Date 2026-01-23, line 11, station 56<br/>H = 306.9 m<br/>FA = 26.20 mGal<br/>CB(2.67) = 2.36 mGal (rel. base 100)]]></description><Point><coordinates>34.8487031,24.7200183,0</coordinates></Point></Placemark>
<Placemark><name>0313 L11-57</name><styleUrl>#CG6-0313</styleUrl><description><![CDATA[Date 2026-01-23, line 11, station 57<br/>H = 309.3 m<br/>FA = 26.41 mGal<br/>CB(2.67) = 2.39 mGal (rel. base 100)]]></description><Point><coordinates>34.8471779,24.7209715,0</coordinates></Point></Placemark>
<Placemark><name>0313 L11-58</name><styleUrl>#CG6-0313</styleUrl><description><![CDATA[Date 2026-01-23, line 11, station 58<br/>H = 312.8 m<br/>FA = 26.97 mGal<br/>CB(2.67) = 2.50 mGal (rel. base 100)]]></description><Point><coordinates>34.8459585,24.7208893,0</coordinates></Point></Placemark>
<Placemark><name>0313 L11-59</name><styleUrl>#CG6-0313</styleUrl><description><![CDATA[Date 2026-01-23, line 11, station 59<br/>H = 315.5 m<br/>FA = 27.30 mGal<br/>CB(2.67) = 2.55 mGal (rel. base 100)]]></description><Point><coordinates>34.8442160,24.7215968,0</coordinates></Point></Placemark>
<Placemark><name>0313 L11-60</name><styleUrl>#CG6-0313</styleUrl><description><![CDATA[Date 2026-01-23, line 11, station 60<br/>H = 318.7 m<br/>FA = 27.51 mGal<br/>CB(2.67) = 2.37 mGal (rel. base 100)]]></description><Point><coordinates>34.8425643,24.7222932,0</coordinates></Point></Placemark>
<Placemark><name>0313 L11-61</name><styleUrl>#CG6-0313</styleUrl><description><![CDATA[Date 2026-01-23, line 11, station 61<br/>H = 321.4 m<br/>FA = 27.82 mGal<br/>CB(2.67) = 2.42 mGal (rel. base 100)]]></description><Point><coordinates>34.8408430,24.7230955,0</coordinates></Point></Placemark>
<Placemark><name>0313 L11-62</name><styleUrl>#CG6-0313</styleUrl><description><![CDATA[Date 2026-01-23, line 11, station 62<br/>H = 324.6 m<br/>FA = 28.25 mGal<br/>CB(2.67) = 2.49 mGal (rel. base 100)]]></description><Point><coordinates>34.8392095,24.7241578,0</coordinates></Point></Placemark>
<Placemark><name>0313 L11-63</name><styleUrl>#CG6-0313</styleUrl><description><![CDATA[Date 2026-01-23, line 11, station 63<br/>H = 327.6 m<br/>FA = 28.77 mGal<br/>CB(2.67) = 2.64 mGal (rel. base 100)]]></description><Point><coordinates>34.8375855,24.7244346,0</coordinates></Point></Placemark>
<Placemark><name>0313 L11-64</name><styleUrl>#CG6-0313</styleUrl><description><![CDATA[Date 2026-01-23, line 11, station 64<br/>H = 331.0 m<br/>FA = 29.05 mGal<br/>CB(2.67) = 2.57 mGal (rel. base 100)]]></description><Point><coordinates>34.8357438,24.7239842,0</coordinates></Point></Placemark>
<Placemark><name>0313 L11-65</name><styleUrl>#CG6-0313</styleUrl><description><![CDATA[Date 2026-01-23, line 11, station 65<br/>H = 334.0 m<br/>FA = 29.24 mGal<br/>CB(2.67) = 2.45 mGal (rel. base 100)]]></description><Point><coordinates>34.8340480,24.7231110,0</coordinates></Point></Placemark>
<Placemark><name>0313 L12-1</name><styleUrl>#CG6-0313</styleUrl><description><![CDATA[Date 2026-01-23, line 12, station 1<br/>H = 328.1 m<br/>FA = 28.94 mGal<br/>CB(2.67) = 2.76 mGal (rel. base 100)]]></description><Point><coordinates>34.8369372,24.7255437,0</coordinates></Point></Placemark>
<Placemark><name>0313 L12-2</name><styleUrl>#CG6-0313</styleUrl><description><![CDATA[Date 2026-01-23, line 12, station 2<br/>H = 325.6 m<br/>FA = 28.63 mGal<br/>CB(2.67) = 2.75 mGal (rel. base 100)]]></description><Point><coordinates>34.8380523,24.7268758,0</coordinates></Point></Placemark>
<Placemark><name>0313 L12-3</name><styleUrl>#CG6-0313</styleUrl><description><![CDATA[Date 2026-01-23, line 12, station 3<br/>H = 322.4 m<br/>FA = 28.25 mGal<br/>CB(2.67) = 2.75 mGal (rel. base 100)]]></description><Point><coordinates>34.8405161,24.7266058,0</coordinates></Point></Placemark>
<Placemark><name>0313 L12-4</name><styleUrl>#CG6-0313</styleUrl><description><![CDATA[Date 2026-01-23, line 12, station 4<br/>H = 320.2 m<br/>FA = 27.97 mGal<br/>CB(2.67) = 2.67 mGal (rel. base 100)]]></description><Point><coordinates>34.8416278,24.7278247,0</coordinates></Point></Placemark>
<Placemark><name>0313 L12-5</name><styleUrl>#CG6-0313</styleUrl><description><![CDATA[Date 2026-01-23, line 12, station 5<br/>H = 317.3 m<br/>FA = 27.26 mGal<br/>CB(2.67) = 2.31 mGal (rel. base 100)]]></description><Point><coordinates>34.8431607,24.7290298,0</coordinates></Point></Placemark>
<Placemark><name>0313 L12-6</name><styleUrl>#CG6-0313</styleUrl><description><![CDATA[Date 2026-01-23, line 12, station 6<br/>H = 314.8 m<br/>FA = 27.11 mGal<br/>CB(2.67) = 2.45 mGal (rel. base 100)]]></description><Point><coordinates>34.8447899,24.7287039,0</coordinates></Point></Placemark>
<Placemark><name>0313 L12-7</name><styleUrl>#CG6-0313</styleUrl><description><![CDATA[Date 2026-01-23, line 12, station 7<br/>H = 312.5 m<br/>FA = 26.73 mGal<br/>CB(2.67) = 2.30 mGal (rel. base 100)]]></description><Point><coordinates>34.8460042,24.7274825,0</coordinates></Point></Placemark>
<Placemark><name>0313 L12-8</name><styleUrl>#CG6-0313</styleUrl><description><![CDATA[Date 2026-01-23, line 12, station 8<br/>H = 309.7 m<br/>FA = 26.72 mGal<br/>CB(2.67) = 2.57 mGal (rel. base 100)]]></description><Point><coordinates>34.8475862,24.7282731,0</coordinates></Point></Placemark>
<Placemark><name>0313 L12-9</name><styleUrl>#CG6-0313</styleUrl><description><![CDATA[Date 2026-01-23, line 12, station 9<br/>H = 307.4 m<br/>FA = 26.61 mGal<br/>CB(2.67) = 2.73 mGal (rel. base 100)]]></description><Point><coordinates>34.8489417,24.7295681,0</coordinates></Point></Placemark>
<Placemark><name>0313 L12-10</name><styleUrl>#CG6-0313</styleUrl><description><![CDATA[Date 2026-01-23, line 12, station 10<br/>H = 304.9 m<br/>FA = 26.50 mGal<br/>CB(2.67) = 2.89 mGal (rel. base 100)]]></description><Point><coordinates>34.8495634,24.7313366,0</coordinates></Point></Placemark>
<Placemark><name>0313 L12-11</name><styleUrl>#CG6-0313</styleUrl><description><![CDATA[Date 2026-01-23, line 12, station 11<br/>H = 302.4 m<br/>FA = 26.36 mGal<br/>CB(2.67) = 3.03 mGal (rel. base 100)]]></description><Point><coordinates>34.8505959,24.7328353,0</coordinates></Point></Placemark>
<Placemark><name>0313 L12-12</name><styleUrl>#CG6-0313</styleUrl><description><![CDATA[Date 2026-01-23, line 12, station 12<br/>H = 300.4 m<br/>FA = 26.25 mGal<br/>CB(2.67) = 3.16 mGal (rel. base 100)]]></description><Point><coordinates>34.8519371,24.7339272,0</coordinates></Point></Placemark>
<Placemark><name>0313 L12-13</name><styleUrl>#CG6-0313</styleUrl><description><![CDATA[Date 2026-01-23, line 12, station 13<br/>H = 298.0 m<br/>FA = 25.88 mGal<br/>CB(2.67) = 3.12 mGal (rel. base 100)]]></description><Point><coordinates>34.8534743,24.7347711,0</coordinates></Point></Placemark>
<Placemark><name>0313 L12-14</name><styleUrl>#CG6-0313</styleUrl><description><![CDATA[Date 2026-01-23, line 12, station 14<br/>H = 295.5 m<br/>FA = 25.45 mGal<br/>CB(2.67) = 2.91 mGal (rel. base 100)]]></description><Point><coordinates>34.8554173,24.7336956,0</coordinates></Point></Placemark>
<Placemark><name>0313 L12-15</name><styleUrl>#CG6-0313</styleUrl><description><![CDATA[Date 2026-01-23, line 12, station 15<br/>H = 292.8 m<br/>FA = 25.26 mGal<br/>CB(2.67) = 3.00 mGal (rel. base 100)]]></description><Point><coordinates>34.8572017,24.7335519,0</coordinates></Point></Placemark>
<Placemark><name>0313 L12-16</name><styleUrl>#CG6-0313</styleUrl><description><![CDATA[Date 2026-01-23, line 12, station 16<br/>H = 290.2 m<br/>FA = 25.26 mGal<br/>CB(2.67) = 3.45 mGal (rel. base 100)]]></description><Point><coordinates>34.8584643,24.7350575,0</coordinates></Point></Placemark>
<Placemark><name>0313 L12-17</name><styleUrl>#CG6-0313</styleUrl><description><![CDATA[Date 2026-01-23, line 12, station 17<br/>H = 288.2 m<br/>FA = 25.07 mGal<br/>CB(2.67) = 3.53 mGal (rel. base 100)]]></description><Point><coordinates>34.8598287,24.7354360,0</coordinates></Point></Placemark>
<Placemark><name>0313 L12-18</name><styleUrl>#CG6-0313</styleUrl><description><![CDATA[Date 2026-01-23, line 12, station 18<br/>H = 285.7 m<br/>FA = 24.72 mGal<br/>CB(2.67) = 3.47 mGal (rel. base 100)]]></description><Point><coordinates>34.8617635,24.7346691,0</coordinates></Point></Placemark>
<Placemark><name>0313 L12-19</name><styleUrl>#CG6-0313</styleUrl><description><![CDATA[Date 2026-01-23, line 12, station 19<br/>H = 283.4 m<br/>FA = 24.63 mGal<br/>CB(2.67) = 3.65 mGal (rel. base 100)]]></description><Point><coordinates>34.8620464,24.7361335,0</coordinates></Point></Placemark>
<Placemark><name>0313 L12-20</name><styleUrl>#CG6-0313</styleUrl><description><![CDATA[Date 2026-01-23, line 12, station 20<br/>H = 281.4 m<br/>FA = 24.63 mGal<br/>CB(2.67) = 3.81 mGal (rel. base 100)]]></description><Point><coordinates>34.8618748,24.7376475,0</coordinates></Point></Placemark>
<Placemark><name>0313 L12-21</name><styleUrl>#CG6-0313</styleUrl><description><![CDATA[Date 2026-01-23, line 12, station 21<br/>H = 278.6 m<br/>FA = 24.67 mGal<br/>CB(2.67) = 4.16 mGal (rel. base 100)]]></description><Point><coordinates>34.8632906,24.7386003,0</coordinates></Point></Placemark>
<Placemark><name>0313 L12-22</name><styleUrl>#CG6-0313</styleUrl><description><![CDATA[Date 2026-01-23, line 12, station 22<br/>H = 275.2 m<br/>FA = 24.42 mGal<br/>CB(2.67) = 4.30 mGal (rel. base 100)]]></description><Point><coordinates>34.8651238,24.7383355,0</coordinates></Point></Placemark>
<Placemark><name>0313 L12-23</name><styleUrl>#CG6-0313</styleUrl><description><![CDATA[Date 2026-01-23, line 12, station 23<br/>H = 272.7 m<br/>FA = 24.42 mGal<br/>CB(2.67) = 4.55 mGal (rel. base 100)]]></description><Point><coordinates>34.8668713,24.7384936,0</coordinates></Point></Placemark>
<Placemark><name>0313 L12-24</name><styleUrl>#CG6-0313</styleUrl><description><![CDATA[Date 2026-01-23, line 12, station 24<br/>H = 270.0 m<br/>FA = 24.42 mGal<br/>CB(2.67) = 4.73 mGal (rel. base 100)]]></description><Point><coordinates>34.8688549,24.7392508,0</coordinates></Point></Placemark>
<Placemark><name>0313 L12-25</name><styleUrl>#CG6-0313</styleUrl><description><![CDATA[Date 2026-01-23, line 12, station 25<br/>H = 268.1 m<br/>FA = 24.48 mGal<br/>CB(2.67) = 4.98 mGal (rel. base 100)]]></description><Point><coordinates>34.8704499,24.7394059,0</coordinates></Point></Placemark>
<Placemark><name>0313 L12-26</name><styleUrl>#CG6-0313</styleUrl><description><![CDATA[Date 2026-01-23, line 12, station 26<br/>H = 265.2 m<br/>FA = 24.63 mGal<br/>CB(2.67) = 5.45 mGal (rel. base 100)]]></description><Point><coordinates>34.8727360,24.7390306,0</coordinates></Point></Placemark>
<Placemark><name>0313 L12-27</name><styleUrl>#CG6-0313</styleUrl><description><![CDATA[Date 2026-01-23, line 12, station 27<br/>H = 262.4 m<br/>FA = 24.82 mGal<br/>CB(2.67) = 5.94 mGal (rel. base 100)]]></description><Point><coordinates>34.8738612,24.7404554,0</coordinates></Point></Placemark>
<Placemark><name>0313 L12-28</name><styleUrl>#CG6-0313</styleUrl><description><![CDATA[Date 2026-01-23, line 12, station 28<br/>H = 260.1 m<br/>FA = 24.76 mGal<br/>CB(2.67) = 6.10 mGal (rel. base 100)]]></description><Point><coordinates>34.8739941,24.7422222,0</coordinates></Point></Placemark>
<Placemark><name>0313 L12-29</name><styleUrl>#CG6-0313</styleUrl><description><![CDATA[Date 2026-01-23, line 12, station 29<br/>H = 257.7 m<br/>FA = 24.71 mGal<br/>CB(2.67) = 6.33 mGal (rel. base 100)]]></description><Point><coordinates>34.8734202,24.7440012,0</coordinates></Point></Placemark>
<Placemark><name>0313 L12-30</name><styleUrl>#CG6-0313</styleUrl><description><![CDATA[Date 2026-01-23, line 12, station 30<br/>H = 254.3 m<br/>FA = 24.70 mGal<br/>CB(2.67) = 6.69 mGal (rel. base 100)]]></description><Point><coordinates>34.8748090,24.7448842,0</coordinates></Point></Placemark>
<Placemark><name>0313 L12-31</name><styleUrl>#CG6-0313</styleUrl><description><![CDATA[Date 2026-01-23, line 12, station 31<br/>H = 251.4 m<br/>FA = 24.45 mGal<br/>CB(2.67) = 6.84 mGal (rel. base 100)]]></description><Point><coordinates>34.8766202,24.7443965,0</coordinates></Point></Placemark>
<Placemark><name>0313 L12-32</name><styleUrl>#CG6-0313</styleUrl><description><![CDATA[Date 2026-01-23, line 12, station 32<br/>H = 248.9 m<br/>FA = 24.19 mGal<br/>CB(2.67) = 6.90 mGal (rel. base 100)]]></description><Point><coordinates>34.8782640,24.7432834,0</coordinates></Point></Placemark>
<Placemark><name>0313 L12-33</name><styleUrl>#CG6-0313</styleUrl><description><![CDATA[Date 2026-01-23, line 12, station 33<br/>H = 246.3 m<br/>FA = 24.19 mGal<br/>CB(2.67) = 7.20 mGal (rel. base 100)]]></description><Point><coordinates>34.8800749,24.7432696,0</coordinates></Point></Placemark>
<Placemark><name>0313 L12-34</name><styleUrl>#CG6-0313</styleUrl><description><![CDATA[Date 2026-01-23, line 12, station 34<br/>H = 243.9 m<br/>FA = 24.13 mGal<br/>CB(2.67) = 7.37 mGal (rel. base 100)]]></description><Point><coordinates>34.8815827,24.7443697,0</coordinates></Point></Placemark>
<Placemark><name>0313 L13-1</name><styleUrl>#CG6-0313</styleUrl><description><![CDATA[Date 2026-01-23, line 13, station 1<br/>H = 59.5 m<br/>FA = -5.84 mGal<br/>CB(2.67) = -1.59 mGal (rel. base 100)]]></description><Point><coordinates>34.9530622,24.8020051,0</coordinates></Point></Placemark>
<Placemark><name>0313 L13-2</name><styleUrl>#CG6-0313</styleUrl><description><![CDATA[Date 2026-01-23, line 13, station 2<br/>H = 65.1 m<br/>FA = -5.32 mGal<br/>CB(2.67) = -1.83 mGal (rel. base 100)]]></description><Point><coordinates>34.9517214,24.8032506,0</coordinates></Point></Placemark>
<Placemark><name>0313 L13-3</name><styleUrl>#CG6-0313</styleUrl><description><![CDATA[Date 2026-01-23, line 13, station 3<br/>H = 70.6 m<br/>FA = -4.94 mGal<br/>CB(2.67) = -2.07 mGal (rel. base 100)]]></description><Point><coordinates>34.9504744,24.8046500,0</coordinates></Point></Placemark>
<Placemark><name>0313 L13-4</name><styleUrl>#CG6-0313</styleUrl><description><![CDATA[Date 2026-01-23, line 13, station 4<br/>H = 75.5 m<br/>FA = -4.49 mGal<br/>CB(2.67) = -2.01 mGal (rel. base 100)]]></description><Point><coordinates>34.9493088,24.8060458,0</coordinates></Point></Placemark>
<Placemark><name>0313 L13-5</name><styleUrl>#CG6-0313</styleUrl><description><![CDATA[Date 2026-01-23, line 13, station 5<br/>H = 80.7 m<br/>FA = -4.09 mGal<br/>CB(2.67) = -2.23 mGal (rel. base 100)]]></description><Point><coordinates>34.9485199,24.8075502,0</coordinates></Point></Placemark>
<Placemark><name>0313 L13-6</name><styleUrl>#CG6-0313</styleUrl><description><![CDATA[Date 2026-01-23, line 13, station 6<br/>H = 86.9 m<br/>FA = -3.76 mGal<br/>CB(2.67) = -2.49 mGal (rel. base 100)]]></description><Point><coordinates>34.9468095,24.8084577,0</coordinates></Point></Placemark>
<Placemark><name>0313 L13-7</name><styleUrl>#CG6-0313</styleUrl><description><![CDATA[Date 2026-01-23, line 13, station 7<br/>H = 92.8 m<br/>FA = -3.21 mGal<br/>CB(2.67) = -2.58 mGal (rel. base 100)]]></description><Point><coordinates>34.9452043,24.8092912,0</coordinates></Point></Placemark>
<Placemark><name>0313 L13-8</name><styleUrl>#CG6-0313</styleUrl><description><![CDATA[Date 2026-01-23, line 13, station 8<br/>H = 99.0 m<br/>FA = -2.66 mGal<br/>CB(2.67) = -2.82 mGal (rel. base 100)]]></description><Point><coordinates>34.9444580,24.8110837,0</coordinates></Point></Placemark>
<Placemark><name>0313 L13-9</name><styleUrl>#CG6-0313</styleUrl><description><![CDATA[Date 2026-01-23, line 13, station 9<br/>H = 104.6 m<br/>FA = -2.39 mGal<br/>CB(2.67) = -3.23 mGal (rel. base 100)]]></description><Point><coordinates>34.9431318,24.8123455,0</coordinates></Point></Placemark>
<Placemark><name>0313 L13-10</name><styleUrl>#CG6-0313</styleUrl><description><![CDATA[Date 2026-01-23, line 13, station 10<br/>H = 110.3 m<br/>FA = -2.02 mGal<br/>CB(2.67) = -3.60 mGal (rel. base 100)]]></description><Point><coordinates>34.9417244,24.8137030,0</coordinates></Point></Placemark>
<Placemark><name>0313 L13-11</name><styleUrl>#CG6-0313</styleUrl><description><![CDATA[Date 2026-01-23, line 13, station 11<br/>H = 115.6 m<br/>FA = -1.75 mGal<br/>CB(2.67) = -3.91 mGal (rel. base 100)]]></description><Point><coordinates>34.9404661,24.8150249,0</coordinates></Point></Placemark>
<Placemark><name>0313 L13-12</name><styleUrl>#CG6-0313</styleUrl><description><![CDATA[Date 2026-01-23, line 13, station 12<br/>H = 120.6 m<br/>FA = -1.60 mGal<br/>CB(2.67) = -4.16 mGal (rel. base 100)]]></description><Point><coordinates>34.9389444,24.8161371,0</coordinates></Point></Placemark>
<Placemark><name>0313 L13-13</name><styleUrl>#CG6-0313</styleUrl><description><![CDATA[Date 2026-01-23, line 13, station 13<br/>H = 126.9 m<br/>FA = -0.85 mGal<br/>CB(2.67) = -4.28 mGal (rel. base 100)]]></description><Point><coordinates>34.9372898,24.8172978,0</coordinates></Point></Placemark>
<Placemark><name>0313 L13-14</name><styleUrl>#CG6-0313</styleUrl><description><![CDATA[Date 2026-01-23, line 13, station 14<br/>H = 132.5 m<br/>FA = -0.44 mGal<br/>CB(2.67) = -4.43 mGal (rel. base 100)]]></description><Point><coordinates>34.9358179,24.8185099,0</coordinates></Point></Placemark>
<Placemark><name>0313 L13-15</name><styleUrl>#CG6-0313</styleUrl><description><![CDATA[Date 2026-01-23, line 13, station 15<br/>H = 136.0 m<br/>FA = 0.06 mGal<br/>CB(2.67) = -4.45 mGal (rel. base 100)]]></description><Point><coordinates>34.9348881,24.8188970,0</coordinates></Point></Placemark>
<Placemark><name>0313 L14-2</name><styleUrl>#CG6-0313</styleUrl><description><![CDATA[Date 2026-01-23, line 14, station 2<br/>H = 43.3 m<br/>FA = -7.71 mGal<br/>CB(2.67) = -0.79 mGal (rel. base 100)]]></description><Point><coordinates>34.9730791,24.8058834,0</coordinates></Point></Placemark>
<Placemark><name>0313 L14-3</name><styleUrl>#CG6-0313</styleUrl><description><![CDATA[Date 2026-01-23, line 14, station 3<br/>H = 49.6 m<br/>FA = -7.03 mGal<br/>CB(2.67) = -0.70 mGal (rel. base 100)]]></description><Point><coordinates>34.9738502,24.8043958,0</coordinates></Point></Placemark>
<Placemark><name>0313 L14-4</name><styleUrl>#CG6-0313</styleUrl><description><![CDATA[Date 2026-01-23, line 14, station 4<br/>H = 56.7 m<br/>FA = -6.09 mGal<br/>CB(2.67) = -0.78 mGal (rel. base 100)]]></description><Point><coordinates>34.9749584,24.8028739,0</coordinates></Point></Placemark>
<Placemark><name>0313 L14-5</name><styleUrl>#CG6-0313</styleUrl><description><![CDATA[Date 2026-01-23, line 14, station 5<br/>H = 62.4 m<br/>FA = -5.43 mGal<br/>CB(2.67) = -0.80 mGal (rel. base 100)]]></description><Point><coordinates>34.9759544,24.8015391,0</coordinates></Point></Placemark>
<Placemark><name>0313 L14-6</name><styleUrl>#CG6-0313</styleUrl><description><![CDATA[Date 2026-01-23, line 14, station 6<br/>H = 68.8 m<br/>FA = -4.49 mGal<br/>CB(2.67) = -0.74 mGal (rel. base 100)]]></description><Point><coordinates>34.9769155,24.7997520,0</coordinates></Point></Placemark>
<Placemark><name>0313 L14-7</name><styleUrl>#CG6-0313</styleUrl><description><![CDATA[Date 2026-01-23, line 14, station 7<br/>H = 74.7 m<br/>FA = -3.80 mGal<br/>CB(2.67) = -0.63 mGal (rel. base 100)]]></description><Point><coordinates>34.9777067,24.7982463,0</coordinates></Point></Placemark>
<Placemark><name>0313 L14-8</name><styleUrl>#CG6-0313</styleUrl><description><![CDATA[Date 2026-01-23, line 14, station 8<br/>H = 80.9 m<br/>FA = -2.50 mGal<br/>CB(2.67) = -0.38 mGal (rel. base 100)]]></description><Point><coordinates>34.9787312,24.7968512,0</coordinates></Point></Placemark>
<Placemark><name>0313 L15-1</name><styleUrl>#CG6-0313</styleUrl><description><![CDATA[Date 2026-01-24, line 15, station 1<br/>H = 230.2 m<br/>FA = 14.46 mGal<br/>CB(2.67) = -0.76 mGal (rel. base 100)]]></description><Point><coordinates>34.8926804,24.6893326,0</coordinates></Point></Placemark>
<Placemark><name>0313 L15-2</name><styleUrl>#CG6-0313</styleUrl><description><![CDATA[Date 2026-01-24, line 15, station 2<br/>H = 232.4 m<br/>FA = 14.41 mGal<br/>CB(2.67) = -1.17 mGal (rel. base 100)]]></description><Point><coordinates>34.8908608,24.6885428,0</coordinates></Point></Placemark>
<Placemark><name>0313 L15-3</name><styleUrl>#CG6-0313</styleUrl><description><![CDATA[Date 2026-01-24, line 15, station 3<br/>H = 235.2 m<br/>FA = 14.63 mGal<br/>CB(2.67) = -1.22 mGal (rel. base 100)]]></description><Point><coordinates>34.8889342,24.6879697,0</coordinates></Point></Placemark>
<Placemark><name>0313 L15-4</name><styleUrl>#CG6-0313</styleUrl><description><![CDATA[Date 2026-01-24, line 15, station 4<br/>H = 237.1 m<br/>FA = 14.55 mGal<br/>CB(2.67) = -1.31 mGal (rel. base 100)]]></description><Point><coordinates>34.8868892,24.6879170,0</coordinates></Point></Placemark>
<Placemark><name>0313 L15-5</name><styleUrl>#CG6-0313</styleUrl><description><![CDATA[Date 2026-01-24, line 15, station 5<br/>H = 239.1 m<br/>FA = 14.69 mGal<br/>CB(2.67) = -1.37 mGal (rel. base 100)]]></description><Point><coordinates>34.8850600,24.6878826,0</coordinates></Point></Placemark>
<Placemark><name>0313 L15-6</name><styleUrl>#CG6-0313</styleUrl><description><![CDATA[Date 2026-01-24, line 15, station 6<br/>H = 241.2 m<br/>FA = 14.48 mGal<br/>CB(2.67) = -1.57 mGal (rel. base 100)]]></description><Point><coordinates>34.8829823,24.6877909,0</coordinates></Point></Placemark>
<Placemark><name>0313 L15-7</name><styleUrl>#CG6-0313</styleUrl><description><![CDATA[Date 2026-01-24, line 15, station 7<br/>H = 243.3 m<br/>FA = 14.48 mGal<br/>CB(2.67) = -1.75 mGal (rel. base 100)]]></description><Point><coordinates>34.8816107,24.6866650,0</coordinates></Point></Placemark>
<Placemark><name>0313 L15-8</name><styleUrl>#CG6-0313</styleUrl><description><![CDATA[Date 2026-01-24, line 15, station 8<br/>H = 246.2 m<br/>FA = 14.65 mGal<br/>CB(2.67) = -1.78 mGal (rel. base 100)]]></description><Point><coordinates>34.8801582,24.6859508,0</coordinates></Point></Placemark>
<Placemark><name>0313 L15-9</name><styleUrl>#CG6-0313</styleUrl><description><![CDATA[Date 2026-01-24, line 15, station 9<br/>H = 248.1 m<br/>FA = 15.13 mGal<br/>CB(2.67) = -1.70 mGal (rel. base 100)]]></description><Point><coordinates>34.8785350,24.6869528,0</coordinates></Point></Placemark>
<Placemark><name>0313 L15-10</name><styleUrl>#CG6-0313</styleUrl><description><![CDATA[Date 2026-01-24, line 15, station 10<br/>H = 250.9 m<br/>FA = 15.66 mGal<br/>CB(2.67) = -1.62 mGal (rel. base 100)]]></description><Point><coordinates>34.8769760,24.6873500,0</coordinates></Point></Placemark>
<Placemark><name>0313 L15-11</name><styleUrl>#CG6-0313</styleUrl><description><![CDATA[Date 2026-01-24, line 15, station 11<br/>H = 253.0 m<br/>FA = 15.80 mGal<br/>CB(2.67) = -1.69 mGal (rel. base 100)]]></description><Point><coordinates>34.8753044,24.6862011,0</coordinates></Point></Placemark>
<Placemark><name>0313 L15-12</name><styleUrl>#CG6-0313</styleUrl><description><![CDATA[Date 2026-01-24, line 15, station 12<br/>H = 255.1 m<br/>FA = 16.20 mGal<br/>CB(2.67) = -1.58 mGal (rel. base 100)]]></description><Point><coordinates>34.8737232,24.6859390,0</coordinates></Point></Placemark>
<Placemark><name>0313 L15-13</name><styleUrl>#CG6-0313</styleUrl><description><![CDATA[Date 2026-01-24, line 15, station 13<br/>H = 258.0 m<br/>FA = 16.93 mGal<br/>CB(2.67) = -1.15 mGal (rel. base 100)]]></description><Point><coordinates>34.8720750,24.6870889,0</coordinates></Point></Placemark>
<Placemark><name>0313 L15-14</name><styleUrl>#CG6-0313</styleUrl><description><![CDATA[Date 2026-01-24, line 15, station 14<br/>H = 260.7 m<br/>FA = 17.49 mGal<br/>CB(2.67) = -0.95 mGal (rel. base 100)]]></description><Point><coordinates>34.8705913,24.6879271,0</coordinates></Point></Placemark>
<Placemark><name>0313 L15-15</name><styleUrl>#CG6-0313</styleUrl><description><![CDATA[Date 2026-01-24, line 15, station 15<br/>H = 263.6 m<br/>FA = 18.17 mGal<br/>CB(2.67) = -0.66 mGal (rel. base 100)]]></description><Point><coordinates>34.8693141,24.6865989,0</coordinates></Point></Placemark>
<Placemark><name>0313 L15-16</name><styleUrl>#CG6-0313</styleUrl><description><![CDATA[Date 2026-01-24, line 15, station 16<br/>H = 266.2 m<br/>FA = 18.45 mGal<br/>CB(2.67) = -0.71 mGal (rel. base 100)]]></description><Point><coordinates>34.8690381,24.6851350,0</coordinates></Point></Placemark>
<Placemark><name>0313 L15-19</name><styleUrl>#CG6-0313</styleUrl><description><![CDATA[Date 2026-01-24, line 15, station 19<br/>H = 273.7 m<br/>FA = 19.25 mGal<br/>CB(2.67) = -0.66 mGal (rel. base 100)]]></description><Point><coordinates>34.8639980,24.6851689,0</coordinates></Point></Placemark>
<Placemark><name>0313 L15-20</name><styleUrl>#CG6-0313</styleUrl><description><![CDATA[Date 2026-01-24, line 15, station 20<br/>H = 276.4 m<br/>FA = 19.61 mGal<br/>CB(2.67) = -0.68 mGal (rel. base 100)]]></description><Point><coordinates>34.8621936,24.6848419,0</coordinates></Point></Placemark>
<Placemark><name>0313 L15-21</name><styleUrl>#CG6-0313</styleUrl><description><![CDATA[Date 2026-01-24, line 15, station 21<br/>H = 278.9 m<br/>FA = 20.32 mGal<br/>CB(2.67) = -0.30 mGal (rel. base 100)]]></description><Point><coordinates>34.8616458,24.6866414,0</coordinates></Point></Placemark>
<Placemark><name>0313 L15-22</name><styleUrl>#CG6-0313</styleUrl><description><![CDATA[Date 2026-01-24, line 15, station 22<br/>H = 281.6 m<br/>FA = 20.93 mGal<br/>CB(2.67) = -0.02 mGal (rel. base 100)]]></description><Point><coordinates>34.8625818,24.6878430,0</coordinates></Point></Placemark>
<Placemark><name>0313 L15-23</name><styleUrl>#CG6-0313</styleUrl><description><![CDATA[Date 2026-01-24, line 15, station 23<br/>H = 284.2 m<br/>FA = 21.55 mGal<br/>CB(2.67) = 0.31 mGal (rel. base 100)]]></description><Point><coordinates>34.8625528,24.6894799,0</coordinates></Point></Placemark>
<Placemark><name>0313 L15-24</name><styleUrl>#CG6-0313</styleUrl><description><![CDATA[Date 2026-01-24, line 15, station 24<br/>H = 285.2 m<br/>FA = 21.68 mGal<br/>CB(2.67) = 0.36 mGal (rel. base 100)]]></description><Point><coordinates>34.8607557,24.6903155,0</coordinates></Point></Placemark>
<Placemark><name>0313 L15-25</name><styleUrl>#CG6-0313</styleUrl><description><![CDATA[Date 2026-01-24, line 15, station 25<br/>H = 289.7 m<br/>FA = 22.57 mGal<br/>CB(2.67) = 0.72 mGal (rel. base 100)]]></description><Point><coordinates>34.8602172,24.6920381,0</coordinates></Point></Placemark>
<Placemark><name>0313 L15-26</name><styleUrl>#CG6-0313</styleUrl><description><![CDATA[Date 2026-01-24, line 15, station 26<br/>H = 291.9 m<br/>FA = 22.99 mGal<br/>CB(2.67) = 0.91 mGal (rel. base 100)]]></description><Point><coordinates>34.8591377,24.6935212,0</coordinates></Point></Placemark>
<Placemark><name>0313 L15-27</name><styleUrl>#CG6-0313</styleUrl><description><![CDATA[Date 2026-01-24, line 15, station 27<br/>H = 294.6 m<br/>FA = 23.32 mGal<br/>CB(2.67) = 0.94 mGal (rel. base 100)]]></description><Point><coordinates>34.8576653,24.6947520,0</coordinates></Point></Placemark>
<Placemark><name>0313 L15-28</name><styleUrl>#CG6-0313</styleUrl><description><![CDATA[Date 2026-01-24, line 15, station 28<br/>H = 296.5 m<br/>FA = 23.38 mGal<br/>CB(2.67) = 0.84 mGal (rel. base 100)]]></description><Point><coordinates>34.8558129,24.6955126,0</coordinates></Point></Placemark>
<Placemark><name>0313 L15-29</name><styleUrl>#CG6-0313</styleUrl><description><![CDATA[Date 2026-01-24, line 15, station 29<br/>H = 299.2 m<br/>FA = 23.45 mGal<br/>CB(2.67) = 0.63 mGal (rel. base 100)]]></description><Point><coordinates>34.8537526,24.6959885,0</coordinates></Point></Placemark>
<Placemark><name>0313 L15-30</name><styleUrl>#CG6-0313</styleUrl><description><![CDATA[Date 2026-01-24, line 15, station 30<br/>H = 301.4 m<br/>FA = 23.57 mGal<br/>CB(2.67) = 0.53 mGal (rel. base 100)]]></description><Point><coordinates>34.8520504,24.6966665,0</coordinates></Point></Placemark>
<Placemark><name>0313 L15-34</name><styleUrl>#CG6-0313</styleUrl><description><![CDATA[Date 2026-01-24, line 15, station 34<br/>H = 310.5 m<br/>FA = 24.44 mGal<br/>CB(2.67) = 0.35 mGal (rel. base 100)]]></description><Point><coordinates>34.8471751,24.7021256,0</coordinates></Point></Placemark>
<Placemark><name>0313 L15-35</name><styleUrl>#CG6-0313</styleUrl><description><![CDATA[Date 2026-01-24, line 15, station 35<br/>H = 312.4 m<br/>FA = 24.65 mGal<br/>CB(2.67) = 0.37 mGal (rel. base 100)]]></description><Point><coordinates>34.8463687,24.7034040,0</coordinates></Point></Placemark>
<Placemark><name>0313 L15-36</name><styleUrl>#CG6-0313</styleUrl><description><![CDATA[Date 2026-01-24, line 15, station 36<br/>H = 315.0 m<br/>FA = 24.93 mGal<br/>CB(2.67) = 0.42 mGal (rel. base 100)]]></description><Point><coordinates>34.8445661,24.7043874,0</coordinates></Point></Placemark>
<Placemark><name>0313 L15-37</name><styleUrl>#CG6-0313</styleUrl><description><![CDATA[Date 2026-01-24, line 15, station 37<br/>H = 316.2 m<br/>FA = 25.00 mGal<br/>CB(2.67) = 0.42 mGal (rel. base 100)]]></description><Point><coordinates>34.8430654,24.7056875,0</coordinates></Point></Placemark>
<Placemark><name>0313 L15-38</name><styleUrl>#CG6-0313</styleUrl><description><![CDATA[Date 2026-01-24, line 15, station 38<br/>H = 317.7 m<br/>FA = 25.11 mGal<br/>CB(2.67) = 0.33 mGal (rel. base 100)]]></description><Point><coordinates>34.8415035,24.7065649,0</coordinates></Point></Placemark>
<Placemark><name>0313 L15-39</name><styleUrl>#CG6-0313</styleUrl><description><![CDATA[Date 2026-01-24, line 15, station 39<br/>H = 321.8 m<br/>FA = 25.83 mGal<br/>CB(2.67) = 0.64 mGal (rel. base 100)]]></description><Point><coordinates>34.8397799,24.7079625,0</coordinates></Point></Placemark>
<Placemark><name>0313 L15-40</name><styleUrl>#CG6-0313</styleUrl><description><![CDATA[Date 2026-01-24, line 15, station 40<br/>H = 323.9 m<br/>FA = 26.10 mGal<br/>CB(2.67) = 0.67 mGal (rel. base 100)]]></description><Point><coordinates>34.8384213,24.7085209,0</coordinates></Point></Placemark>
<Placemark><name>0313 L15-41</name><styleUrl>#CG6-0313</styleUrl><description><![CDATA[Date 2026-01-24, line 15, station 41<br/>H = 327.7 m<br/>FA = 26.70 mGal<br/>CB(2.67) = 0.82 mGal (rel. base 100)]]></description><Point><coordinates>34.8361697,24.7094049,0</coordinates></Point></Placemark>
<Placemark><name>0313 L15-42</name><styleUrl>#CG6-0313</styleUrl><description><![CDATA[Date 2026-01-24, line 15, station 42<br/>H = 329.6 m<br/>FA = 26.54 mGal<br/>CB(2.67) = 0.43 mGal (rel. base 100)]]></description><Point><coordinates>34.8341662,24.7095201,0</coordinates></Point></Placemark>
<Placemark><name>0313 L15-43</name><styleUrl>#CG6-0313</styleUrl><description><![CDATA[Date 2026-01-24, line 15, station 43<br/>H = 332.6 m<br/>FA = 26.51 mGal<br/>CB(2.67) = 0.06 mGal (rel. base 100)]]></description><Point><coordinates>34.8322217,24.7095960,0</coordinates></Point></Placemark>
<Placemark><name>0313 L15-44</name><styleUrl>#CG6-0313</styleUrl><description><![CDATA[Date 2026-01-24, line 15, station 44<br/>H = 333.3 m<br/>FA = 26.45 mGal<br/>CB(2.67) = -0.12 mGal (rel. base 100)]]></description><Point><coordinates>34.8307675,24.7106509,0</coordinates></Point></Placemark>
<Placemark><name>0313 L15-45</name><styleUrl>#CG6-0313</styleUrl><description><![CDATA[Date 2026-01-24, line 15, station 45<br/>H = 336.7 m<br/>FA = 26.96 mGal<br/>CB(2.67) = 0.01 mGal (rel. base 100)]]></description><Point><coordinates>34.8290078,24.7114421,0</coordinates></Point></Placemark>
<Placemark><name>0313 L15-46</name><styleUrl>#CG6-0313</styleUrl><description><![CDATA[Date 2026-01-24, line 15, station 46<br/>H = 340.1 m<br/>FA = 27.22 mGal<br/>CB(2.67) = -0.08 mGal (rel. base 100)]]></description><Point><coordinates>34.8270025,24.7115561,0</coordinates></Point></Placemark>
<Placemark><name>0313 L15-47</name><styleUrl>#CG6-0313</styleUrl><description><![CDATA[Date 2026-01-24, line 15, station 47<br/>H = 344.1 m<br/>FA = 27.76 mGal<br/>CB(2.67) = 0.06 mGal (rel. base 100)]]></description><Point><coordinates>34.8258168,24.7127653,0</coordinates></Point></Placemark>
<Placemark><name>0313 L15-48</name><styleUrl>#CG6-0313</styleUrl><description><![CDATA[Date 2026-01-24, line 15, station 48<br/>H = 347.2 m<br/>FA = 27.88 mGal<br/>CB(2.67) = -0.08 mGal (rel. base 100)]]></description><Point><coordinates>34.8238317,24.7131674,0</coordinates></Point></Placemark>
<Placemark><name>0313 L15-49</name><styleUrl>#CG6-0313</styleUrl><description><![CDATA[Date 2026-01-24, line 15, station 49<br/>H = 350.5 m<br/>FA = 27.93 mGal<br/>CB(2.67) = -0.43 mGal (rel. base 100)]]></description><Point><coordinates>34.8220304,24.7133096,0</coordinates></Point></Placemark>
<Placemark><name>0313 L15-50</name><styleUrl>#CG6-0313</styleUrl><description><![CDATA[Date 2026-01-24, line 15, station 50<br/>H = 353.1 m<br/>FA = 28.00 mGal<br/>CB(2.67) = -0.62 mGal (rel. base 100)]]></description><Point><coordinates>34.8204847,24.7140908,0</coordinates></Point></Placemark>
<Placemark><name>0313 L15-51</name><styleUrl>#CG6-0313</styleUrl><description><![CDATA[Date 2026-01-24, line 15, station 51<br/>H = 357.0 m<br/>FA = 28.07 mGal<br/>CB(2.67) = -0.86 mGal (rel. base 100)]]></description><Point><coordinates>34.8185573,24.7146352,0</coordinates></Point></Placemark>
<Placemark><name>0313 L15-52</name><styleUrl>#CG6-0313</styleUrl><description><![CDATA[Date 2026-01-24, line 15, station 52<br/>H = 360.5 m<br/>FA = 27.98 mGal<br/>CB(2.67) = -1.16 mGal (rel. base 100)]]></description><Point><coordinates>34.8166230,24.7148440,0</coordinates></Point></Placemark>
<Placemark><name>0313 L15-53</name><styleUrl>#CG6-0313</styleUrl><description><![CDATA[Date 2026-01-24, line 15, station 53<br/>H = 364.4 m<br/>FA = 27.67 mGal<br/>CB(2.67) = -1.68 mGal (rel. base 100)]]></description><Point><coordinates>34.8147685,24.7144057,0</coordinates></Point></Placemark>
<Placemark><name>0313 L15-54</name><styleUrl>#CG6-0313</styleUrl><description><![CDATA[Date 2026-01-24, line 15, station 54<br/>H = 368.9 m<br/>FA = 27.50 mGal<br/>CB(2.67) = -2.27 mGal (rel. base 100)]]></description><Point><coordinates>34.8130222,24.7135699,0</coordinates></Point></Placemark>
<Placemark><name>0313 L15-55</name><styleUrl>#CG6-0313</styleUrl><description><![CDATA[Date 2026-01-24, line 15, station 55<br/>H = 377.8 m<br/>FA = 29.54 mGal<br/>CB(2.67) = -1.31 mGal (rel. base 100)]]></description><Point><coordinates>34.8112961,24.7144070,0</coordinates></Point></Placemark>
<Placemark><name>0313 L15-56</name><styleUrl>#CG6-0313</styleUrl><description><![CDATA[Date 2026-01-24, line 15, station 56<br/>H = 377.0 m<br/>FA = 28.62 mGal<br/>CB(2.67) = -1.97 mGal (rel. base 100)]]></description><Point><coordinates>34.8093669,24.7149422,0</coordinates></Point></Placemark>
<Placemark><name>0313 L15-57</name><styleUrl>#CG6-0313</styleUrl><description><![CDATA[Date 2026-01-24, line 15, station 57<br/>H = 381.4 m<br/>FA = 29.66 mGal<br/>CB(2.67) = -1.58 mGal (rel. base 100)]]></description><Point><coordinates>34.8080607,24.7161486,0</coordinates></Point></Placemark>
<Placemark><name>0313 L15-58</name><styleUrl>#CG6-0313</styleUrl><description><![CDATA[Date 2026-01-24, line 15, station 58<br/>H = 386.7 m<br/>FA = 30.82 mGal<br/>CB(2.67) = -1.08 mGal (rel. base 100)]]></description><Point><coordinates>34.8068973,24.7176419,0</coordinates></Point></Placemark>
<Placemark><name>0313 L15-59</name><styleUrl>#CG6-0313</styleUrl><description><![CDATA[Date 2026-01-24, line 15, station 59<br/>H = 390.5 m<br/>FA = 31.23 mGal<br/>CB(2.67) = -1.24 mGal (rel. base 100)]]></description><Point><coordinates>34.8051606,24.7182992,0</coordinates></Point></Placemark>
<Placemark><name>0313 L15-60</name><styleUrl>#CG6-0313</styleUrl><description><![CDATA[Date 2026-01-24, line 15, station 60<br/>H = 395.3 m<br/>FA = 31.54 mGal<br/>CB(2.67) = -1.50 mGal (rel. base 100)]]></description><Point><coordinates>34.8029971,24.7187571,0</coordinates></Point></Placemark>
</Folder>
<Folder><name>CG6-0640</name>
<Placemark><name>0640 L1-1</name><styleUrl>#CG6-0640</styleUrl><description><![CDATA[Date 2026-01-16, line 1, station 1<br/>H = 2.2 m<br/>FA = -14.81 mGal<br/>CB(2.67) = -4.79 mGal (rel. base 100)]]></description><Point><coordinates>34.9962114,24.8244632,0</coordinates></Point></Placemark>
<Placemark><name>0640 L1-2</name><styleUrl>#CG6-0640</styleUrl><description><![CDATA[Date 2026-01-16, line 1, station 2<br/>H = 3.8 m<br/>FA = -13.95 mGal<br/>CB(2.67) = -4.09 mGal (rel. base 100)]]></description><Point><coordinates>34.9949648,24.8229007,0</coordinates></Point></Placemark>
<Placemark><name>0640 L1-3</name><styleUrl>#CG6-0640</styleUrl><description><![CDATA[Date 2026-01-16, line 1, station 3<br/>H = 6.4 m<br/>FA = -13.05 mGal<br/>CB(2.67) = -3.46 mGal (rel. base 100)]]></description><Point><coordinates>34.9928614,24.8222252,0</coordinates></Point></Placemark>
<Placemark><name>0640 L1-4</name><styleUrl>#CG6-0640</styleUrl><description><![CDATA[Date 2026-01-16, line 1, station 4<br/>H = 8.7 m<br/>FA = -12.41 mGal<br/>CB(2.67) = -3.06 mGal (rel. base 100)]]></description><Point><coordinates>34.9910702,24.8216828,0</coordinates></Point></Placemark>
<Placemark><name>0640 L1-5</name><styleUrl>#CG6-0640</styleUrl><description><![CDATA[Date 2026-01-16, line 1, station 5<br/>H = 10.4 m<br/>FA = -11.76 mGal<br/>CB(2.67) = -2.56 mGal (rel. base 100)]]></description><Point><coordinates>34.9893342,24.8207550,0</coordinates></Point></Placemark>
<Placemark><name>0640 L1-6</name><styleUrl>#CG6-0640</styleUrl><description><![CDATA[Date 2026-01-16, line 1, station 6<br/>H = 12.7 m<br/>FA = -11.01 mGal<br/>CB(2.67) = -2.03 mGal (rel. base 100)]]></description><Point><coordinates>34.9878084,24.8196225,0</coordinates></Point></Placemark>
<Placemark><name>0640 L1-7</name><styleUrl>#CG6-0640</styleUrl><description><![CDATA[Date 2026-01-16, line 1, station 7<br/>H = 14.1 m<br/>FA = -10.44 mGal<br/>CB(2.67) = -1.52 mGal (rel. base 100)]]></description><Point><coordinates>34.9861262,24.8187470,0</coordinates></Point></Placemark>
<Placemark><name>0640 L1-8</name><styleUrl>#CG6-0640</styleUrl><description><![CDATA[Date 2026-01-16, line 1, station 8<br/>H = 18.4 m<br/>FA = -9.06 mGal<br/>CB(2.67) = -0.37 mGal (rel. base 100)]]></description><Point><coordinates>34.9825714,24.8166890,0</coordinates></Point></Placemark>
<Placemark><name>0640 L1-9</name><styleUrl>#CG6-0640</styleUrl><description><![CDATA[Date 2026-01-16, line 1, station 9<br/>H = 20.4 m<br/>FA = -9.43 mGal<br/>CB(2.67) = -0.65 mGal (rel. base 100)]]></description><Point><coordinates>34.9810404,24.8153275,0</coordinates></Point></Placemark>
<Placemark><name>0640 L1-10</name><styleUrl>#CG6-0640</styleUrl><description><![CDATA[Date 2026-01-16, line 1, station 10<br/>H = 22.8 m<br/>FA = -9.35 mGal<br/>CB(2.67) = -0.65 mGal (rel. base 100)]]></description><Point><coordinates>34.9792677,24.8143456,0</coordinates></Point></Placemark>
<Placemark><name>0640 L1-11</name><styleUrl>#CG6-0640</styleUrl><description><![CDATA[Date 2026-01-16, line 1, station 11<br/>H = 25.2 m<br/>FA = -9.36 mGal<br/>CB(2.67) = -0.66 mGal (rel. base 100)]]></description><Point><coordinates>34.9775196,24.8133418,0</coordinates></Point></Placemark>
<Placemark><name>0640 L1-12</name><styleUrl>#CG6-0640</styleUrl><description><![CDATA[Date 2026-01-16, line 1, station 12<br/>H = 27.3 m<br/>FA = -9.28 mGal<br/>CB(2.67) = -0.84 mGal (rel. base 100)]]></description><Point><coordinates>34.9755732,24.8126065,0</coordinates></Point></Placemark>
<Placemark><name>0640 L1-13</name><styleUrl>#CG6-0640</styleUrl><description><![CDATA[Date 2026-01-16, line 1, station 13<br/>H = 29.7 m<br/>FA = -8.73 mGal<br/>CB(2.67) = -0.68 mGal (rel. base 100)]]></description><Point><coordinates>34.9739800,24.8115199,0</coordinates></Point></Placemark>
<Placemark><name>0640 L1-14</name><styleUrl>#CG6-0640</styleUrl><description><![CDATA[Date 2026-01-16, line 1, station 14<br/>H = 32.0 m<br/>FA = -8.57 mGal<br/>CB(2.67) = -0.74 mGal (rel. base 100)]]></description><Point><coordinates>34.9730956,24.8099818,0</coordinates></Point></Placemark>
<Placemark><name>0640 L1-15</name><styleUrl>#CG6-0640</styleUrl><description><![CDATA[Date 2026-01-16, line 1, station 15<br/>H = 34.4 m<br/>FA = -8.33 mGal<br/>CB(2.67) = -0.79 mGal (rel. base 100)]]></description><Point><coordinates>34.9719341,24.8084596,0</coordinates></Point></Placemark>
<Placemark><name>0640 L1-16</name><styleUrl>#CG6-0640</styleUrl><description><![CDATA[Date 2026-01-16, line 1, station 16<br/>H = 36.2 m<br/>FA = -8.49 mGal<br/>CB(2.67) = -0.88 mGal (rel. base 100)]]></description><Point><coordinates>34.9701759,24.8073928,0</coordinates></Point></Placemark>
<Placemark><name>0640 L1-17</name><styleUrl>#CG6-0640</styleUrl><description><![CDATA[Date 2026-01-16, line 1, station 17<br/>H = 38.6 m<br/>FA = -7.80 mGal<br/>CB(2.67) = -0.56 mGal (rel. base 100)]]></description><Point><coordinates>34.9688682,24.8060071,0</coordinates></Point></Placemark>
<Placemark><name>0640 L1-18</name><styleUrl>#CG6-0640</styleUrl><description><![CDATA[Date 2026-01-16, line 1, station 18<br/>H = 40.3 m<br/>FA = -7.85 mGal<br/>CB(2.67) = -0.53 mGal (rel. base 100)]]></description><Point><coordinates>34.9686138,24.8041904,0</coordinates></Point></Placemark>
<Placemark><name>0640 L1-19</name><styleUrl>#CG6-0640</styleUrl><description><![CDATA[Date 2026-01-16, line 1, station 19<br/>H = 42.2 m<br/>FA = -7.65 mGal<br/>CB(2.67) = -0.42 mGal (rel. base 100)]]></description><Point><coordinates>34.9677999,24.8023936,0</coordinates></Point></Placemark>
<Placemark><name>0640 L1-20</name><styleUrl>#CG6-0640</styleUrl><description><![CDATA[Date 2026-01-16, line 1, station 20<br/>H = 45.1 m<br/>FA = -7.02 mGal<br/>CB(2.67) = -0.47 mGal (rel. base 100)]]></description><Point><coordinates>34.9662749,24.8016086,0</coordinates></Point></Placemark>
<Placemark><name>0640 L1-21</name><styleUrl>#CG6-0640</styleUrl><description><![CDATA[Date 2026-01-16, line 1, station 21<br/>H = 46.8 m<br/>FA = -6.97 mGal<br/>CB(2.67) = -0.56 mGal (rel. base 100)]]></description><Point><coordinates>34.9643753,24.8022700,0</coordinates></Point></Placemark>
<Placemark><name>0640 L1-22</name><styleUrl>#CG6-0640</styleUrl><description><![CDATA[Date 2026-01-16, line 1, station 22<br/>H = 48.6 m<br/>FA = -7.01 mGal<br/>CB(2.67) = -0.54 mGal (rel. base 100)]]></description><Point><coordinates>34.9625697,24.8029619,0</coordinates></Point></Placemark>
<Placemark><name>0640 L1-23</name><styleUrl>#CG6-0640</styleUrl><description><![CDATA[Date 2026-01-16, line 1, station 23<br/>H = 51.0 m<br/>FA = -6.11 mGal<br/>CB(2.67) = -0.68 mGal (rel. base 100)]]></description><Point><coordinates>34.9607460,24.8021938,0</coordinates></Point></Placemark>
<Placemark><name>0640 L1-24</name><styleUrl>#CG6-0640</styleUrl><description><![CDATA[Date 2026-01-16, line 1, station 24<br/>H = 53.7 m<br/>FA = -5.93 mGal<br/>CB(2.67) = -1.10 mGal (rel. base 100)]]></description><Point><coordinates>34.9588780,24.8018721,0</coordinates></Point></Placemark>
<Placemark><name>0640 L1-25</name><styleUrl>#CG6-0640</styleUrl><description><![CDATA[Date 2026-01-16, line 1, station 25<br/>H = 56.1 m<br/>FA = -6.00 mGal<br/>CB(2.67) = -1.52 mGal (rel. base 100)]]></description><Point><coordinates>34.9568219,24.8018719,0</coordinates></Point></Placemark>
<Placemark><name>0640 L1-26</name><styleUrl>#CG6-0640</styleUrl><description><![CDATA[Date 2026-01-16, line 1, station 26<br/>H = 58.2 m<br/>FA = -5.55 mGal<br/>CB(2.67) = -1.28 mGal (rel. base 100)]]></description><Point><coordinates>34.9547952,24.8018191,0</coordinates></Point></Placemark>
<Placemark><name>0640 L1-27</name><styleUrl>#CG6-0640</styleUrl><description><![CDATA[Date 2026-01-16, line 1, station 27<br/>H = 60.4 m<br/>FA = -5.63 mGal<br/>CB(2.67) = -1.56 mGal (rel. base 100)]]></description><Point><coordinates>34.9529658,24.8014983,0</coordinates></Point></Placemark>
<Placemark><name>0640 L1-28</name><styleUrl>#CG6-0640</styleUrl><description><![CDATA[Date 2026-01-16, line 1, station 28<br/>H = 62.4 m<br/>FA = -5.37 mGal<br/>CB(2.67) = -1.33 mGal (rel. base 100)]]></description><Point><coordinates>34.9515860,24.8002217,0</coordinates></Point></Placemark>
<Placemark><name>0640 L1-29</name><styleUrl>#CG6-0640</styleUrl><description><![CDATA[Date 2026-01-16, line 1, station 29<br/>H = 64.6 m<br/>FA = -5.30 mGal<br/>CB(2.67) = -1.09 mGal (rel. base 100)]]></description><Point><coordinates>34.9511050,24.7983934,0</coordinates></Point></Placemark>
<Placemark><name>0640 L1-30</name><styleUrl>#CG6-0640</styleUrl><description><![CDATA[Date 2026-01-16, line 1, station 30<br/>H = 66.7 m<br/>FA = -4.81 mGal<br/>CB(2.67) = -0.87 mGal (rel. base 100)]]></description><Point><coordinates>34.9514192,24.7966195,0</coordinates></Point></Placemark>
<Placemark><name>0640 L1-31</name><styleUrl>#CG6-0640</styleUrl><description><![CDATA[Date 2026-01-16, line 1, station 31<br/>H = 70.6 m<br/>FA = -3.88 mGal<br/>CB(2.67) = -0.69 mGal (rel. base 100)]]></description><Point><coordinates>34.9512051,24.7947746,0</coordinates></Point></Placemark>
<Placemark><name>0640 L1-32</name><styleUrl>#CG6-0640</styleUrl><description><![CDATA[Date 2026-01-16, line 1, station 32<br/>H = 74.2 m<br/>FA = -3.19 mGal<br/>CB(2.67) = -0.53 mGal (rel. base 100)]]></description><Point><coordinates>34.9508455,24.7930244,0</coordinates></Point></Placemark>
<Placemark><name>0640 L1-33</name><styleUrl>#CG6-0640</styleUrl><description><![CDATA[Date 2026-01-16, line 1, station 33<br/>H = 77.4 m<br/>FA = -2.93 mGal<br/>CB(2.67) = -0.56 mGal (rel. base 100)]]></description><Point><coordinates>34.9490754,24.7926186,0</coordinates></Point></Placemark>
<Placemark><name>0640 L1-34</name><styleUrl>#CG6-0640</styleUrl><description><![CDATA[Date 2026-01-16, line 1, station 34<br/>H = 79.6 m<br/>FA = -2.56 mGal<br/>CB(2.67) = -0.37 mGal (rel. base 100)]]></description><Point><coordinates>34.9471375,24.7927589,0</coordinates></Point></Placemark>
<Placemark><name>0640 L1-35</name><styleUrl>#CG6-0640</styleUrl><description><![CDATA[Date 2026-01-16, line 1, station 35<br/>H = 82.2 m<br/>FA = -2.41 mGal<br/>CB(2.67) = -0.39 mGal (rel. base 100)]]></description><Point><coordinates>34.9457367,24.7916131,0</coordinates></Point></Placemark>
<Placemark><name>0640 L1-36</name><styleUrl>#CG6-0640</styleUrl><description><![CDATA[Date 2026-01-16, line 1, station 36<br/>H = 84.2 m<br/>FA = -2.54 mGal<br/>CB(2.67) = -0.30 mGal (rel. base 100)]]></description><Point><coordinates>34.9445360,24.7900861,0</coordinates></Point></Placemark>
<Placemark><name>0640 L1-37</name><styleUrl>#CG6-0640</styleUrl><description><![CDATA[Date 2026-01-16, line 1, station 37<br/>H = 86.2 m<br/>FA = -2.55 mGal<br/>CB(2.67) = -0.35 mGal (rel. base 100)]]></description><Point><coordinates>34.9435281,24.7886673,0</coordinates></Point></Placemark>
<Placemark><name>0640 L1-38</name><styleUrl>#CG6-0640</styleUrl><description><![CDATA[Date 2026-01-16, line 1, station 38<br/>H = 89.0 m<br/>FA = -1.81 mGal<br/>CB(2.67) = -0.37 mGal (rel. base 100)]]></description><Point><coordinates>34.9415154,24.7883425,0</coordinates></Point></Placemark>
<Placemark><name>0640 L1-39</name><styleUrl>#CG6-0640</styleUrl><description><![CDATA[Date 2026-01-16, line 1, station 39<br/>H = 91.8 m<br/>FA = -1.72 mGal<br/>CB(2.67) = -0.48 mGal (rel. base 100)]]></description><Point><coordinates>34.9393825,24.7892797,0</coordinates></Point></Placemark>
<Placemark><name>0640 L1-40</name><styleUrl>#CG6-0640</styleUrl><description><![CDATA[Date 2026-01-16, line 1, station 40<br/>H = 93.3 m<br/>FA = -1.19 mGal<br/>CB(2.67) = -0.37 mGal (rel. base 100)]]></description><Point><coordinates>34.9378008,24.7894535,0</coordinates></Point></Placemark>
<Placemark><name>0640 L1-41</name><styleUrl>#CG6-0640</styleUrl><description><![CDATA[Date 2026-01-16, line 1, station 41<br/>H = 96.1 m<br/>FA = -0.80 mGal<br/>CB(2.67) = -0.32 mGal (rel. base 100)]]></description><Point><coordinates>34.9359631,24.7891501,0</coordinates></Point></Placemark>
<Placemark><name>0640 L1-42</name><styleUrl>#CG6-0640</styleUrl><description><![CDATA[Date 2026-01-16, line 1, station 42<br/>H = 97.9 m<br/>FA = -0.76 mGal<br/>CB(2.67) = -0.24 mGal (rel. base 100)]]></description><Point><coordinates>34.9345823,24.7879117,0</coordinates></Point></Placemark>
<Placemark><name>0640 L1-43</name><styleUrl>#CG6-0640</styleUrl><description><![CDATA[Date 2026-01-16, line 1, station 43<br/>H = 100.3 m<br/>FA = 0.13 mGal<br/>CB(2.67) = -0.05 mGal (rel. base 100)]]></description><Point><coordinates>34.9332013,24.7870247,0</coordinates></Point></Placemark>
<Placemark><name>0640 L1-44</name><styleUrl>#CG6-0640</styleUrl><description><![CDATA[Date 2026-01-16, line 1, station 44<br/>H = 101.7 m<br/>FA = -0.15 mGal<br/>CB(2.67) = -0.12 mGal (rel. base 100)]]></description><Point><coordinates>34.9311350,24.7870912,0</coordinates></Point></Placemark>
<Placemark><name>0640 L1-45</name><styleUrl>#CG6-0640</styleUrl><description><![CDATA[Date 2026-01-16, line 1, station 45<br/>H = 103.8 m<br/>FA = 0.46 mGal<br/>CB(2.67) = 0.03 mGal (rel. base 100)]]></description><Point><coordinates>34.9293309,24.7879552,0</coordinates></Point></Placemark>
<Placemark><name>0640 L1-46</name><styleUrl>#CG6-0640</styleUrl><description><![CDATA[Date 2026-01-16, line 1, station 46<br/>H = 105.1 m<br/>FA = -0.03 mGal<br/>CB(2.67) = 0.05 mGal (rel. base 100)]]></description><Point><coordinates>34.9278697,24.7890258,0</coordinates></Point></Placemark>
<Placemark><name>0640 L1-47</name><styleUrl>#CG6-0640</styleUrl><description><![CDATA[Date 2026-01-16, line 1, station 47<br/>H = 107.8 m<br/>FA = 0.97 mGal<br/>CB(2.67) = 0.31 mGal (rel. base 100)]]></description><Point><coordinates>34.9257843,24.7895548,0</coordinates></Point></Placemark>
<Placemark><name>0640 L1-48</name><styleUrl>#CG6-0640</styleUrl><description><![CDATA[Date 2026-01-16, line 1, station 48<br/>H = 109.4 m<br/>FA = 1.27 mGal<br/>CB(2.67) = 0.28 mGal (rel. base 100)]]></description><Point><coordinates>34.9239838,24.7894065,0</coordinates></Point></Placemark>
<Placemark><name>0640 L1-49</name><styleUrl>#CG6-0640</styleUrl><description><![CDATA[Date 2026-01-16, line 1, station 49<br/>H = 110.9 m<br/>FA = 1.53 mGal<br/>CB(2.67) = 0.41 mGal (rel. base 100)]]></description><Point><coordinates>34.9219572,24.7895650,0</coordinates></Point></Placemark>
<Placemark><name>0640 L1-50</name><styleUrl>#CG6-0640</styleUrl><description><![CDATA[Date 2026-01-16, line 1, station 50<br/>H = 113.6 m<br/>FA = 2.04 mGal<br/>CB(2.67) = 0.39 mGal (rel. base 100)]]></description><Point><coordinates>34.9201927,24.7907351,0</coordinates></Point></Placemark>
<Placemark><name>0640 L1-51</name><styleUrl>#CG6-0640</styleUrl><description><![CDATA[Date 2026-01-16, line 1, station 51<br/>H = 115.9 m<br/>FA = 2.16 mGal<br/>CB(2.67) = 0.44 mGal (rel. base 100)]]></description><Point><coordinates>34.9186977,24.7917574,0</coordinates></Point></Placemark>
<Placemark><name>0640 L1-52</name><styleUrl>#CG6-0640</styleUrl><description><![CDATA[Date 2026-01-16, line 1, station 52<br/>H = 117.5 m<br/>FA = 2.05 mGal<br/>CB(2.67) = 0.75 mGal (rel. base 100)]]></description><Point><coordinates>34.9169845,24.7928090,0</coordinates></Point></Placemark>
<Placemark><name>0640 L1-53</name><styleUrl>#CG6-0640</styleUrl><description><![CDATA[Date 2026-01-16, line 1, station 53<br/>H = 119.8 m<br/>FA = 2.50 mGal<br/>CB(2.67) = 0.89 mGal (rel. base 100)]]></description><Point><coordinates>34.9149604,24.7931887,0</coordinates></Point></Placemark>
<Placemark><name>0640 L1-54</name><styleUrl>#CG6-0640</styleUrl><description><![CDATA[Date 2026-01-16, line 1, station 54<br/>H = 121.4 m<br/>FA = 2.64 mGal<br/>CB(2.67) = 0.86 mGal (rel. base 100)]]></description><Point><coordinates>34.9131634,24.7930825,0</coordinates></Point></Placemark>
<Placemark><name>0640 L1-55</name><styleUrl>#CG6-0640</styleUrl><description><![CDATA[Date 2026-01-16, line 1, station 55<br/>H = 123.3 m<br/>FA = 2.96 mGal<br/>CB(2.67) = 1.00 mGal (rel. base 100)]]></description><Point><coordinates>34.9111901,24.7931141,0</coordinates></Point></Placemark>
<Placemark><name>0640 L1-56</name><styleUrl>#CG6-0640</styleUrl><description><![CDATA[Date 2026-01-16, line 1, station 56<br/>H = 125.7 m<br/>FA = 3.16 mGal<br/>CB(2.67) = 0.96 mGal (rel. base 100)]]></description><Point><coordinates>34.9095340,24.7939099,0</coordinates></Point></Placemark>
<Placemark><name>0640 L1-57</name><styleUrl>#CG6-0640</styleUrl><description><![CDATA[Date 2026-01-16, line 1, station 57<br/>H = 127.4 m<br/>FA = 3.40 mGal<br/>CB(2.67) = 0.77 mGal (rel. base 100)]]></description><Point><coordinates>34.9090621,24.7956625,0</coordinates></Point></Placemark>
<Placemark><name>0640 L1-58</name><styleUrl>#CG6-0640</styleUrl><description><![CDATA[Date 2026-01-16, line 1, station 58<br/>H = 129.5 m<br/>FA = 3.69 mGal<br/>CB(2.67) = 0.70 mGal (rel. base 100)]]></description><Point><coordinates>34.9091371,24.7975063,0</coordinates></Point></Placemark>
<Placemark><name>0640 L1-59</name><styleUrl>#CG6-0640</styleUrl><description><![CDATA[Date 2026-01-16, line 1, station 59<br/>H = 131.8 m<br/>FA = 4.00 mGal<br/>CB(2.67) = 0.48 mGal (rel. base 100)]]></description><Point><coordinates>34.9083800,24.7990982,0</coordinates></Point></Placemark>
<Placemark><name>0640 L1-60</name><styleUrl>#CG6-0640</styleUrl><description><![CDATA[Date 2026-01-16, line 1, station 60<br/>H = 133.8 m<br/>FA = 4.22 mGal<br/>CB(2.67) = 0.41 mGal (rel. base 100)]]></description><Point><coordinates>34.9075415,24.8008600,0</coordinates></Point></Placemark>
<Placemark><name>0640 L1-61</name><styleUrl>#CG6-0640</styleUrl><description><![CDATA[Date 2026-01-17, line 1, station 61<br/>H = 136.0 m<br/>FA = 4.22 mGal<br/>CB(2.67) = 0.22 mGal (rel. base 100)]]></description><Point><coordinates>34.9060675,24.8022424,0</coordinates></Point></Placemark>
<Placemark><name>0640 L1-62</name><styleUrl>#CG6-0640</styleUrl><description><![CDATA[Date 2026-01-17, line 1, station 62<br/>H = 138.2 m<br/>FA = 4.28 mGal<br/>CB(2.67) = 0.03 mGal (rel. base 100)]]></description><Point><coordinates>34.9044913,24.8036609,0</coordinates></Point></Placemark>
<Placemark><name>0640 L1-63</name><styleUrl>#CG6-0640</styleUrl><description><![CDATA[Date 2026-01-17, line 1, station 63<br/>H = 139.7 m<br/>FA = 4.86 mGal<br/>CB(2.67) = 0.31 mGal (rel. base 100)]]></description><Point><coordinates>34.9028179,24.8043352,0</coordinates></Point></Placemark>
<Placemark><name>0640 L1-64</name><styleUrl>#CG6-0640</styleUrl><description><![CDATA[Date 2026-01-17, line 1, station 64<br/>H = 142.0 m<br/>FA = 5.15 mGal<br/>CB(2.67) = 0.29 mGal (rel. base 100)]]></description><Point><coordinates>34.9010049,24.8047220,0</coordinates></Point></Placemark>
<Placemark><name>0640 L1-65</name><styleUrl>#CG6-0640</styleUrl><description><![CDATA[Date 2026-01-17, line 1, station 65<br/>H = 144.2 m<br/>FA = 5.06 mGal<br/>CB(2.67) = 0.13 mGal (rel. base 100)]]></description><Point><coordinates>34.8986453,24.8050352,0</coordinates></Point></Placemark>
<Placemark><name>0640 L1-66</name><styleUrl>#CG6-0640</styleUrl><description><![CDATA[Date 2026-01-17, line 1, station 66<br/>H = 146.2 m<br/>FA = 5.51 mGal<br/>CB(2.67) = 0.29 mGal (rel. base 100)]]></description><Point><coordinates>34.8971234,24.8055725,0</coordinates></Point></Placemark>
<Placemark><name>0640 L1-67</name><styleUrl>#CG6-0640</styleUrl><description><![CDATA[Date 2026-01-17, line 1, station 67<br/>H = 148.9 m<br/>FA = 5.92 mGal<br/>CB(2.67) = 0.44 mGal (rel. base 100)]]></description><Point><coordinates>34.8947481,24.8067115,0</coordinates></Point></Placemark>
<Placemark><name>0640 L1-68</name><styleUrl>#CG6-0640</styleUrl><description><![CDATA[Date 2026-01-17, line 1, station 68<br/>H = 150.7 m<br/>FA = 6.34 mGal<br/>CB(2.67) = 0.38 mGal (rel. base 100)]]></description><Point><coordinates>34.8935375,24.8074475,0</coordinates></Point></Placemark>
<Placemark><name>0640 L1-69</name><styleUrl>#CG6-0640</styleUrl><description><![CDATA[Date 2026-01-17, line 1, station 69<br/>H = 152.6 m<br/>FA = 6.73 mGal<br/>CB(2.67) = 0.40 mGal (rel. base 100)]]></description><Point><coordinates>34.8920387,24.8086419,0</coordinates></Point></Placemark>
<Placemark><name>0640 L1-70</name><styleUrl>#CG6-0640</styleUrl><description><![CDATA[Date 2026-01-17, line 1, station 70<br/>H = 154.9 m<br/>FA = 6.73 mGal<br/>CB(2.67) = 0.14 mGal (rel. base 100)]]></description><Point><coordinates>34.8906040,24.8096720,0</coordinates></Point></Placemark>
<Placemark><name>0640 L1-71</name><styleUrl>#CG6-0640</styleUrl><description><![CDATA[Date 2026-01-17, line 1, station 71<br/>H = 156.7 m<br/>FA = 6.53 mGal<br/>CB(2.67) = -0.32 mGal (rel. base 100)]]></description><Point><coordinates>34.8890084,24.8106636,0</coordinates></Point></Placemark>
<Placemark><name>0640 L1-72</name><styleUrl>#CG6-0640</styleUrl><description><![CDATA[Date 2026-01-17, line 1, station 72<br/>H = 159.2 m<br/>FA = 6.79 mGal<br/>CB(2.67) = -0.34 mGal (rel. base 100)]]></description><Point><coordinates>34.8871454,24.8108478,0</coordinates></Point></Placemark>
<Placemark><name>0640 L1-73</name><styleUrl>#CG6-0640</styleUrl><description><![CDATA[Date 2026-01-17, line 1, station 73<br/>H = 161.0 m<br/>FA = 6.62 mGal<br/>CB(2.67) = -0.68 mGal (rel. base 100)]]></description><Point><coordinates>34.8850770,24.8109159,0</coordinates></Point></Placemark>
<Placemark><name>0640 L1-74</name><styleUrl>#CG6-0640</styleUrl><description><![CDATA[Date 2026-01-17, line 1, station 74<br/>H = 163.6 m<br/>FA = 7.04 mGal<br/>CB(2.67) = -0.53 mGal (rel. base 100)]]></description><Point><coordinates>34.8828643,24.8104928,0</coordinates></Point></Placemark>
<Placemark><name>0640 L1-75</name><styleUrl>#CG6-0640</styleUrl><description><![CDATA[Date 2026-01-17, line 1, station 75<br/>H = 165.6 m<br/>FA = 7.72 mGal<br/>CB(2.67) = 0.06 mGal (rel. base 100)]]></description><Point><coordinates>34.8813744,24.8094503,0</coordinates></Point></Placemark>
<Placemark><name>0640 L1-76</name><styleUrl>#CG6-0640</styleUrl><description><![CDATA[Date 2026-01-17, line 1, station 76<br/>H = 167.4 m<br/>FA = 7.93 mGal<br/>CB(2.67) = 0.55 mGal (rel. base 100)]]></description><Point><coordinates>34.8799938,24.8082658,0</coordinates></Point></Placemark>
<Placemark><name>0640 L1-77</name><styleUrl>#CG6-0640</styleUrl><description><![CDATA[Date 2026-01-17, line 1, station 77<br/>H = 169.2 m<br/>FA = 8.46 mGal<br/>CB(2.67) = 1.22 mGal (rel. base 100)]]></description><Point><coordinates>34.8785660,24.8072219,0</coordinates></Point></Placemark>
<Placemark><name>0640 L1-78</name><styleUrl>#CG6-0640</styleUrl><description><![CDATA[Date 2026-01-17, line 1, station 78<br/>H = 172.1 m<br/>FA = 9.73 mGal<br/>CB(2.67) = 1.74 mGal (rel. base 100)]]></description><Point><coordinates>34.8768441,24.8068008,0</coordinates></Point></Placemark>
<Placemark><name>0640 L1-79</name><styleUrl>#CG6-0640</styleUrl><description><![CDATA[Date 2026-01-17, line 1, station 79<br/>H = 174.4 m<br/>FA = 10.27 mGal<br/>CB(2.67) = 1.98 mGal (rel. base 100)]]></description><Point><coordinates>34.8752857,24.8080065,0</coordinates></Point></Placemark>
<Placemark><name>0640 L1-80</name><styleUrl>#CG6-0640</styleUrl><description><![CDATA[Date 2026-01-17, line 1, station 80<br/>H = 176.7 m<br/>FA = 10.56 mGal<br/>CB(2.67) = 2.06 mGal (rel. base 100)]]></description><Point><coordinates>34.8735810,24.8092032,0</coordinates></Point></Placemark>
<Placemark><name>0640 L1-81</name><styleUrl>#CG6-0640</styleUrl><description><![CDATA[Date 2026-01-17, line 1, station 81<br/>H = 178.8 m<br/>FA = 11.15 mGal<br/>CB(2.67) = 2.33 mGal (rel. base 100)]]></description><Point><coordinates>34.8719397,24.8098399,0</coordinates></Point></Placemark>
<Placemark><name>0640 L1-82</name><styleUrl>#CG6-0640</styleUrl><description><![CDATA[Date 2026-01-17, line 1, station 82<br/>H = 181.1 m<br/>FA = 11.68 mGal<br/>CB(2.67) = 2.67 mGal (rel. base 100)]]></description><Point><coordinates>34.8699622,24.8102840,0</coordinates></Point></Placemark>
<Placemark><name>0640 L1-83</name><styleUrl>#CG6-0640</styleUrl><description><![CDATA[Date 2026-01-17, line 1, station 83<br/>H = 183.4 m<br/>FA = 12.18 mGal<br/>CB(2.67) = 2.77 mGal (rel. base 100)]]></description><Point><coordinates>34.8688620,24.8115644,0</coordinates></Point></Placemark>
<Placemark><name>0640 L1-84</name><styleUrl>#CG6-0640</styleUrl><description><![CDATA[Date 2026-01-17, line 1, station 84<br/>H = 186.1 m<br/>FA = 12.68 mGal<br/>CB(2.67) = 2.88 mGal (rel. base 100)]]></description><Point><coordinates>34.8671136,24.8120795,0</coordinates></Point></Placemark>
<Placemark><name>0640 L1-85</name><styleUrl>#CG6-0640</styleUrl><description><![CDATA[Date 2026-01-17, line 1, station 85<br/>H = 188.3 m<br/>FA = 13.14 mGal<br/>CB(2.67) = 3.12 mGal (rel. base 100)]]></description><Point><coordinates>34.8652048,24.8113553,0</coordinates></Point></Placemark>
<Placemark><name>0640 L1-86</name><styleUrl>#CG6-0640</styleUrl><description><![CDATA[Date 2026-01-17, line 1, station 86<br/>H = 191.7 m<br/>FA = 13.67 mGal<br/>CB(2.67) = 3.19 mGal (rel. base 100)]]></description><Point><coordinates>34.8630043,24.8110072,0</coordinates></Point></Placemark>
<Placemark><name>0640 L1-87</name><styleUrl>#CG6-0640</styleUrl><description><![CDATA[Date 2026-01-17, line 1, station 87<br/>H = 193.1 m<br/>FA = 13.77 mGal<br/>CB(2.67) = 3.22 mGal (rel. base 100)]]></description><Point><coordinates>34.8614058,24.8106637,0</coordinates></Point></Placemark>
<Placemark><name>0640 L1-88</name><styleUrl>#CG6-0640</styleUrl><description><![CDATA[Date 2026-01-17, line 1, station 88<br/>H = 195.1 m<br/>FA = 14.11 mGal<br/>CB(2.67) = 3.38 mGal (rel. base 100)]]></description><Point><coordinates>34.8593290,24.8106995,0</coordinates></Point></Placemark>
<Placemark><name>0640 L1-89</name><styleUrl>#CG6-0640</styleUrl><description><![CDATA[Date 2026-01-17, line 1, station 89<br/>H = 197.5 m<br/>FA = 14.75 mGal<br/>CB(2.67) = 3.69 mGal (rel. base 100)]]></description><Point><coordinates>34.8574174,24.8105747,0</coordinates></Point></Placemark>
<Placemark><name>0640 L1-90</name><styleUrl>#CG6-0640</styleUrl><description><![CDATA[Date 2026-01-17, line 1, station 90<br/>H = 199.9 m<br/>FA = 15.40 mGal<br/>CB(2.67) = 4.10 mGal (rel. base 100)]]></description><Point><coordinates>34.8551934,24.8110642,0</coordinates></Point></Placemark>
<Placemark><name>0640 L1-91</name><styleUrl>#CG6-0640</styleUrl><description><![CDATA[Date 2026-01-17, line 1, station 91<br/>H = 203.4 m<br/>FA = 16.04 mGal<br/>CB(2.67) = 4.39 mGal (rel. base 100)]]></description><Point><coordinates>34.8528237,24.8120835,0</coordinates></Point></Placemark>
<Placemark><name>0640 L1-92</name><styleUrl>#CG6-0640</styleUrl><description><![CDATA[Date 2026-01-17, line 1, station 92<br/>H = 205.0 m<br/>FA = 16.25 mGal<br/>CB(2.67) = 4.49 mGal (rel. base 100)]]></description><Point><coordinates>34.8519860,24.8130544,0</coordinates></Point></Placemark>
<Placemark><name>0640 L1-93</name><styleUrl>#CG6-0640</styleUrl><description><![CDATA[Date 2026-01-17, line 1, station 93<br/>H = 208.0 m<br/>FA = 17.40 mGal<br/>CB(2.67) = 5.13 mGal (rel. base 100)]]></description><Point><coordinates>34.8500410,24.8137596,0</coordinates></Point></Placemark>
<Placemark><name>0640 L1-94</name><styleUrl>#CG6-0640</styleUrl><description><![CDATA[Date 2026-01-17, line 1, station 94<br/>H = 210.4 m<br/>FA = 17.86 mGal<br/>CB(2.67) = 5.47 mGal (rel. base 100)]]></description><Point><coordinates>34.8476529,24.8122967,0</coordinates></Point></Placemark>
<Placemark><name>0640 L1-95</name><styleUrl>#CG6-0640</styleUrl><description><![CDATA[Date 2026-01-17, line 1, station 95<br/>H = 212.8 m<br/>FA = 18.35 mGal<br/>CB(2.67) = 5.80 mGal (rel. base 100)]]></description><Point><coordinates>34.8465581,24.8115862,0</coordinates></Point></Placemark>
<Placemark><name>0640 L1-96</name><styleUrl>#CG6-0640</styleUrl><description><![CDATA[Date 2026-01-17, line 1, station 96<br/>H = 214.6 m<br/>FA = 18.39 mGal<br/>CB(2.67) = 5.81 mGal (rel. base 100)]]></description><Point><coordinates>34.8455729,24.8100028,0</coordinates></Point></Placemark>
<Placemark><name>0640 L1-97</name><styleUrl>#CG6-0640</styleUrl><description><![CDATA[Date 2026-01-17, line 1, station 97<br/>H = 217.3 m<br/>FA = 19.11 mGal<br/>CB(2.67) = 5.74 mGal (rel. base 100)]]></description><Point><coordinates>34.8457146,24.8079774,0</coordinates></Point></Placemark>
<Placemark><name>0640 L1-98</name><styleUrl>#CG6-0640</styleUrl><description><![CDATA[Date 2026-01-17, line 1, station 98<br/>H = 220.1 m<br/>FA = 19.47 mGal<br/>CB(2.67) = 5.80 mGal (rel. base 100)]]></description><Point><coordinates>34.8454388,24.8063487,0</coordinates></Point></Placemark>
<Placemark><name>0640 L1-99</name><styleUrl>#CG6-0640</styleUrl><description><![CDATA[Date 2026-01-17, line 1, station 99<br/>H = 221.9 m<br/>FA = 19.82 mGal<br/>CB(2.67) = 5.82 mGal (rel. base 100)]]></description><Point><coordinates>34.8447117,24.8047721,0</coordinates></Point></Placemark>
<Placemark><name>0640 L1-100</name><styleUrl>#CG6-0640</styleUrl><description><![CDATA[Date 2026-01-17, line 1, station 100<br/>H = 224.9 m<br/>FA = 20.32 mGal<br/>CB(2.67) = 5.94 mGal (rel. base 100)]]></description><Point><coordinates>34.8432326,24.8036101,0</coordinates></Point></Placemark>
<Placemark><name>0640 L1-101</name><styleUrl>#CG6-0640</styleUrl><description><![CDATA[Date 2026-01-17, line 1, station 101<br/>H = 226.8 m<br/>FA = 20.60 mGal<br/>CB(2.67) = 6.03 mGal (rel. base 100)]]></description><Point><coordinates>34.8421561,24.8021393,0</coordinates></Point></Placemark>
<Placemark><name>0640 L1-102</name><styleUrl>#CG6-0640</styleUrl><description><![CDATA[Date 2026-01-17, line 1, station 102<br/>H = 229.1 m<br/>FA = 21.00 mGal<br/>CB(2.67) = 6.26 mGal (rel. base 100)]]></description><Point><coordinates>34.8405247,24.8007530,0</coordinates></Point></Placemark>
<Placemark><name>0640 L1-103</name><styleUrl>#CG6-0640</styleUrl><description><![CDATA[Date 2026-01-17, line 1, station 103<br/>H = 231.7 m<br/>FA = 21.32 mGal<br/>CB(2.67) = 6.25 mGal (rel. base 100)]]></description><Point><coordinates>34.8388888,24.7995543,0</coordinates></Point></Placemark>
<Placemark><name>0640 L1-104</name><styleUrl>#CG6-0640</styleUrl><description><![CDATA[Date 2026-01-17, line 1, station 104<br/>H = 234.0 m<br/>FA = 21.58 mGal<br/>CB(2.67) = 6.18 mGal (rel. base 100)]]></description><Point><coordinates>34.8373285,24.7979752,0</coordinates></Point></Placemark>
<Placemark><name>0640 L1-105</name><styleUrl>#CG6-0640</styleUrl><description><![CDATA[Date 2026-01-17, line 1, station 105<br/>H = 236.0 m<br/>FA = 21.90 mGal<br/>CB(2.67) = 6.35 mGal (rel. base 100)]]></description><Point><coordinates>34.8361976,24.7968884,0</coordinates></Point></Placemark>
<Placemark><name>0640 L1-107</name><styleUrl>#CG6-0640</styleUrl><description><![CDATA[Date 2026-01-17, line 1, station 107<br/>H = 240.6 m<br/>FA = 22.40 mGal<br/>CB(2.67) = 6.29 mGal (rel. base 100)]]></description><Point><coordinates>34.8327789,24.7950190,0</coordinates></Point></Placemark>
<Placemark><name>0640 L1-108</name><styleUrl>#CG6-0640</styleUrl><description><![CDATA[Date 2026-01-17, line 1, station 108<br/>H = 242.7 m<br/>FA = 22.39 mGal<br/>CB(2.67) = 6.01 mGal (rel. base 100)]]></description><Point><coordinates>34.8308527,24.7947943,0</coordinates></Point></Placemark>
<Placemark><name>0640 L1-109</name><styleUrl>#CG6-0640</styleUrl><description><![CDATA[Date 2026-01-17, line 1, station 109<br/>H = 245.4 m<br/>FA = 22.64 mGal<br/>CB(2.67) = 5.94 mGal (rel. base 100)]]></description><Point><coordinates>34.8286669,24.7947413,0</coordinates></Point></Placemark>
<Placemark><name>0640 L1-110</name><styleUrl>#CG6-0640</styleUrl><description><![CDATA[Date 2026-01-17, line 1, station 110<br/>H = 247.7 m<br/>FA = 22.73 mGal<br/>CB(2.67) = 5.73 mGal (rel. base 100)]]></description><Point><coordinates>34.8267482,24.7949244,0</coordinates></Point></Placemark>
<Placemark><name>0640 L1-111</name><styleUrl>#CG6-0640</styleUrl><description><![CDATA[Date 2026-01-18, line 1, station 111<br/>H = 250.3 m<br/>FA = 22.98 mGal<br/>CB(2.67) = 5.72 mGal (rel. base 100)]]></description><Point><coordinates>34.8245060,24.7943018,0</coordinates></Point></Placemark>
<Placemark><name>0640 L1-112</name><styleUrl>#CG6-0640</styleUrl><description><![CDATA[Date 2026-01-18, line 1, station 112<br/>H = 252.0 m<br/>FA = 23.10 mGal<br/>CB(2.67) = 5.65 mGal (rel. base 100)]]></description><Point><coordinates>34.8231494,24.7936768,0</coordinates></Point></Placemark>
<Placemark><name>0640 L1-113</name><styleUrl>#CG6-0640</styleUrl><description><![CDATA[Date 2026-01-18, line 1, station 113<br/>H = 254.5 m<br/>FA = 23.41 mGal<br/>CB(2.67) = 5.70 mGal (rel. base 100)]]></description><Point><coordinates>34.8205437,24.7936114,0</coordinates></Point></Placemark>
<Placemark><name>0640 L1-114</name><styleUrl>#CG6-0640</styleUrl><description><![CDATA[Date 2026-01-18, line 1, station 114<br/>H = 256.4 m<br/>FA = 23.43 mGal<br/>CB(2.67) = 5.60 mGal (rel. base 100)]]></description><Point><coordinates>34.8186673,24.7935389,0</coordinates></Point></Placemark>
<Placemark><name>0640 L1-115</name><styleUrl>#CG6-0640</styleUrl><description><![CDATA[Date 2026-01-18, line 1, station 115<br/>H = 258.7 m<br/>FA = 23.51 mGal<br/>CB(2.67) = 5.68 mGal (rel. base 100)]]></description><Point><coordinates>34.8165951,24.7936486,0</coordinates></Point></Placemark>
<Placemark><name>0640 L1-116</name><styleUrl>#CG6-0640</styleUrl><description><![CDATA[Date 2026-01-18, line 1, station 116<br/>H = 260.7 m<br/>FA = 23.16 mGal<br/>CB(2.67) = 5.48 mGal (rel. base 100)]]></description><Point><coordinates>34.8145413,24.7938298,0</coordinates></Point></Placemark>
<Placemark><name>0640 L1-117</name><styleUrl>#CG6-0640</styleUrl><description><![CDATA[Date 2026-01-18, line 1, station 117<br/>H = 262.9 m<br/>FA = 23.25 mGal<br/>CB(2.67) = 5.34 mGal (rel. base 100)]]></description><Point><coordinates>34.8124453,24.7945219,0</coordinates></Point></Placemark>
<Placemark><name>0640 L1-118</name><styleUrl>#CG6-0640</styleUrl><description><![CDATA[Date 2026-01-18, line 1, station 118<br/>H = 264.9 m<br/>FA = 23.39 mGal<br/>CB(2.67) = 5.07 mGal (rel. base 100)]]></description><Point><coordinates>34.8108113,24.7948393,0</coordinates></Point></Placemark>
<Placemark><name>0640 L1-119</name><styleUrl>#CG6-0640</styleUrl><description><![CDATA[Date 2026-01-18, line 1, station 119<br/>H = 267.0 m<br/>FA = 23.57 mGal<br/>CB(2.67) = 4.75 mGal (rel. base 100)]]></description><Point><coordinates>34.8089838,24.7954534,0</coordinates></Point></Placemark>
<Placemark><name>0640 L1-120</name><styleUrl>#CG6-0640</styleUrl><description><![CDATA[Date 2026-01-18, line 1, station 120<br/>H = 271.4 m<br/>FA = 23.72 mGal<br/>CB(2.67) = 4.35 mGal (rel. base 100)]]></description><Point><coordinates>34.8051554,24.7959508,0</coordinates></Point></Placemark>
<Placemark><name>0640 L1-121</name><styleUrl>#CG6-0640</styleUrl><description><![CDATA[Date 2026-01-18, line 1, station 121<br/>H = 273.4 m<br/>FA = 23.76 mGal<br/>CB(2.67) = 4.21 mGal (rel. base 100)]]></description><Point><coordinates>34.8031184,24.7964911,0</coordinates></Point></Placemark>
<Placemark><name>0640 L1-122</name><styleUrl>#CG6-0640</styleUrl><description><![CDATA[Date 2026-01-18, line 1, station 122<br/>H = 275.6 m<br/>FA = 23.75 mGal<br/>CB(2.67) = 4.05 mGal (rel. base 100)]]></description><Point><coordinates>34.8012334,24.7970961,0</coordinates></Point></Placemark>
<Placemark><name>0640 L1-123</name><styleUrl>#CG6-0640</styleUrl><description><![CDATA[Date 2026-01-18, line 1, station 123<br/>H = 277.9 m<br/>FA = 24.36 mGal<br/>CB(2.67) = 4.21 mGal (rel. base 100)]]></description><Point><coordinates>34.7992602,24.7968703,0</coordinates></Point></Placemark>
<Placemark><name>0640 L1-124</name><styleUrl>#CG6-0640</styleUrl><description><![CDATA[Date 2026-01-18, line 1, station 124<br/>H = 279.7 m<br/>FA = 24.45 mGal<br/>CB(2.67) = 4.05 mGal (rel. base 100)]]></description><Point><coordinates>34.7972964,24.7972890,0</coordinates></Point></Placemark>
<Placemark><name>0640 L1-125</name><styleUrl>#CG6-0640</styleUrl><description><![CDATA[Date 2026-01-18, line 1, station 125<br/>H = 283.2 m<br/>FA = 24.67 mGal<br/>CB(2.67) = 3.80 mGal (rel. base 100)]]></description><Point><coordinates>34.7952346,24.7980035,0</coordinates></Point></Placemark>
<Placemark><name>0640 L1-126</name><styleUrl>#CG6-0640</styleUrl><description><![CDATA[Date 2026-01-18, line 1, station 126<br/>H = 285.0 m<br/>FA = 24.82 mGal<br/>CB(2.67) = 3.73 mGal (rel. base 100)]]></description><Point><coordinates>34.7939528,24.7989757,0</coordinates></Point></Placemark>
<Placemark><name>0640 L1-127</name><styleUrl>#CG6-0640</styleUrl><description><![CDATA[Date 2026-01-18, line 1, station 127<br/>H = 287.3 m<br/>FA = 25.03 mGal<br/>CB(2.67) = 3.67 mGal (rel. base 100)]]></description><Point><coordinates>34.7922645,24.8000351,0</coordinates></Point></Placemark>
<Placemark><name>0640 L1-128</name><styleUrl>#CG6-0640</styleUrl><description><![CDATA[Date 2026-01-18, line 1, station 128<br/>H = 289.4 m<br/>FA = 24.94 mGal<br/>CB(2.67) = 3.35 mGal (rel. base 100)]]></description><Point><coordinates>34.7913229,24.8016337,0</coordinates></Point></Placemark>
<Placemark><name>0640 L1-129</name><styleUrl>#CG6-0640</styleUrl><description><![CDATA[Date 2026-01-18, line 1, station 129<br/>H = 292.1 m<br/>FA = 25.06 mGal<br/>CB(2.67) = 3.22 mGal (rel. base 100)]]></description><Point><coordinates>34.7910341,24.8036063,0</coordinates></Point></Placemark>
<Placemark><name>0640 L1-130</name><styleUrl>#CG6-0640</styleUrl><description><![CDATA[Date 2026-01-18, line 1, station 130<br/>H = 293.9 m<br/>FA = 25.35 mGal<br/>CB(2.67) = 3.34 mGal (rel. base 100)]]></description><Point><coordinates>34.7908239,24.8051089,0</coordinates></Point></Placemark>
<Placemark><name>0640 L1-131</name><styleUrl>#CG6-0640</styleUrl><description><![CDATA[Date 2026-01-18, line 1, station 131<br/>H = 296.1 m<br/>FA = 25.40 mGal<br/>CB(2.67) = 3.12 mGal (rel. base 100)]]></description><Point><coordinates>34.7893737,24.8064945,0</coordinates></Point></Placemark>
<Placemark><name>0640 L1-132</name><styleUrl>#CG6-0640</styleUrl><description><![CDATA[Date 2026-01-18, line 1, station 132<br/>H = 298.5 m<br/>FA = 25.61 mGal<br/>CB(2.67) = 3.15 mGal (rel. base 100)]]></description><Point><coordinates>34.7888676,24.8082915,0</coordinates></Point></Placemark>
<Placemark><name>0640 L1-133</name><styleUrl>#CG6-0640</styleUrl><description><![CDATA[Date 2026-01-18, line 1, station 133<br/>H = 300.5 m<br/>FA = 25.90 mGal<br/>CB(2.67) = 3.25 mGal (rel. base 100)]]></description><Point><coordinates>34.7877056,24.8097352,0</coordinates></Point></Placemark>
<Placemark><name>0640 L1-134</name><styleUrl>#CG6-0640</styleUrl><description><![CDATA[Date 2026-01-18, line 1, station 134<br/>H = 304.0 m<br/>FA = 26.24 mGal<br/>CB(2.67) = 3.27 mGal (rel. base 100)]]></description><Point><coordinates>34.7862774,24.8111481,0</coordinates></Point></Placemark>
<Placemark><name>0640 L1-135</name><styleUrl>#CG6-0640</styleUrl><description><![CDATA[Date 2026-01-18, line 1, station 135<br/>H = 306.2 m<br/>FA = 26.24 mGal<br/>CB(2.67) = 2.99 mGal (rel. base 100)]]></description><Point><coordinates>34.7844555,24.8117911,0</coordinates></Point></Placemark>
<Placemark><name>0640 L1-136</name><styleUrl>#CG6-0640</styleUrl><description><![CDATA[Date 2026-01-18, line 1, station 136<br/>H = 309.8 m<br/>FA = 26.55 mGal<br/>CB(2.67) = 2.77 mGal (rel. base 100)]]></description><Point><coordinates>34.7825478,24.8127497,0</coordinates></Point></Placemark>
<Placemark><name>0640 L1-137</name><styleUrl>#CG6-0640</styleUrl><description><![CDATA[Date 2026-01-18, line 1, station 137<br/>H = 311.1 m<br/>FA = 26.62 mGal<br/>CB(2.67) = 2.67 mGal (rel. base 100)]]></description><Point><coordinates>34.7811703,24.8137018,0</coordinates></Point></Placemark>
<Placemark><name>0640 L1-138</name><styleUrl>#CG6-0640</styleUrl><description><![CDATA[Date 2026-01-18, line 1, station 138<br/>H = 313.2 m<br/>FA = 26.68 mGal<br/>CB(2.67) = 2.45 mGal (rel. base 100)]]></description><Point><coordinates>34.7795841,24.8147436,0</coordinates></Point></Placemark>
<Placemark><name>0640 L1-139</name><styleUrl>#CG6-0640</styleUrl><description><![CDATA[Date 2026-01-18, line 1, station 139<br/>H = 315.5 m<br/>FA = 26.92 mGal<br/>CB(2.67) = 2.41 mGal (rel. base 100)]]></description><Point><coordinates>34.7782331,24.8158257,0</coordinates></Point></Placemark>
<Placemark><name>0640 L1-140</name><styleUrl>#CG6-0640</styleUrl><description><![CDATA[Date 2026-01-18, line 1, station 140<br/>H = 318.2 m<br/>FA = 27.20 mGal<br/>CB(2.67) = 2.38 mGal (rel. base 100)]]></description><Point><coordinates>34.7769608,24.8176261,0</coordinates></Point></Placemark>
<Placemark><name>0640 L1-141</name><styleUrl>#CG6-0640</styleUrl><description><![CDATA[Date 2026-01-18, line 1, station 141<br/>H = 319.8 m<br/>FA = 27.44 mGal<br/>CB(2.67) = 2.45 mGal (rel. base 100)]]></description><Point><coordinates>34.7755361,24.8189012,0</coordinates></Point></Placemark>
<Placemark><name>0640 L1-142</name><styleUrl>#CG6-0640</styleUrl><description><![CDATA[Date 2026-01-18, line 1, station 142<br/>H = 323.2 m<br/>FA = 27.61 mGal<br/>CB(2.67) = 2.23 mGal (rel. base 100)]]></description><Point><coordinates>34.7733430,24.8208044,0</coordinates></Point></Placemark>
<Placemark><name>0640 L1-143</name><styleUrl>#CG6-0640</styleUrl><description><![CDATA[Date 2026-01-18, line 1, station 143<br/>H = 325.3 m<br/>FA = 27.75 mGal<br/>CB(2.67) = 2.12 mGal (rel. base 100)]]></description><Point><coordinates>34.7723706,24.8222066,0</coordinates></Point></Placemark>
<Placemark><name>0640 L1-144</name><styleUrl>#CG6-0640</styleUrl><description><![CDATA[Date 2026-01-18, line 1, station 144<br/>H = 327.8 m<br/>FA = 27.94 mGal<br/>CB(2.67) = 2.01 mGal (rel. base 100)]]></description><Point><coordinates>34.7703890,24.8231575,0</coordinates></Point></Placemark>
<Placemark><name>0640 L1-145</name><styleUrl>#CG6-0640</styleUrl><description><![CDATA[Date 2026-01-18, line 1, station 145<br/>H = 329.9 m<br/>FA = 28.14 mGal<br/>CB(2.67) = 1.98 mGal (rel. base 100)]]></description><Point><coordinates>34.7686199,24.8243378,0</coordinates></Point></Placemark>
<Placemark><name>0640 L1-146</name><styleUrl>#CG6-0640</styleUrl><description><![CDATA[Date 2026-01-18, line 1, station 146<br/>H = 331.5 m<br/>FA = 28.44 mGal<br/>CB(2.67) = 2.11 mGal (rel. base 100)]]></description><Point><coordinates>34.7676432,24.8257058,0</coordinates></Point></Placemark>
<Placemark><name>0640 L1-147</name><styleUrl>#CG6-0640</styleUrl><description><![CDATA[Date 2026-01-18, line 1, station 147<br/>H = 334.5 m<br/>FA = 28.90 mGal<br/>CB(2.67) = 2.23 mGal (rel. base 100)]]></description><Point><coordinates>34.7653511,24.8267854,0</coordinates></Point></Placemark>
<Placemark><name>0640 L1-148</name><styleUrl>#CG6-0640</styleUrl><description><![CDATA[Date 2026-01-18, line 1, station 148<br/>H = 338.7 m<br/>FA = 29.68 mGal<br/>CB(2.67) = 2.53 mGal (rel. base 100)]]></description><Point><coordinates>34.7620802,24.8276515,0</coordinates></Point></Placemark>
<Placemark><name>0640 L1-149</name><styleUrl>#CG6-0640</styleUrl><description><![CDATA[Date 2026-01-18, line 1, station 149<br/>H = 252.1 m<br/>FA = 23.09 mGal<br/>CB(2.67) = 5.63 mGal (rel. base 100)]]></description><Point><coordinates>34.8229998,24.7934586,0</coordinates></Point></Placemark>
<Placemark><name>0640 L1-150</name><styleUrl>#CG6-0640</styleUrl><description><![CDATA[Date 2026-01-18, line 1, station 150<br/>H = 255.0 m<br/>FA = 23.29 mGal<br/>CB(2.67) = 5.58 mGal (rel. base 100)]]></description><Point><coordinates>34.8207872,24.7919146,0</coordinates></Point></Placemark>
<Placemark><name>0640 L1-151</name><styleUrl>#CG6-0640</styleUrl><description><![CDATA[Date 2026-01-18, line 1, station 151<br/>H = 257.7 m<br/>FA = 23.51 mGal<br/>CB(2.67) = 5.70 mGal (rel. base 100)]]></description><Point><coordinates>34.8190648,24.7908553,0</coordinates></Point></Placemark>
<Placemark><name>0640 L1-152</name><styleUrl>#CG6-0640</styleUrl><description><![CDATA[Date 2026-01-18, line 1, station 152<br/>H = 260.7 m<br/>FA = 23.39 mGal<br/>CB(2.67) = 5.18 mGal (rel. base 100)]]></description><Point><coordinates>34.8177632,24.7889498,0</coordinates></Point></Placemark>
<Placemark><name>0640 L1-153</name><styleUrl>#CG6-0640</styleUrl><description><![CDATA[Date 2026-01-18, line 1, station 153<br/>H = 262.6 m<br/>FA = 23.49 mGal<br/>CB(2.67) = 5.12 mGal (rel. base 100)]]></description><Point><coordinates>34.8171017,24.7875897,0</coordinates></Point></Placemark>
<Placemark><name>0640 L1-154</name><styleUrl>#CG6-0640</styleUrl><description><![CDATA[Date 2026-01-18, line 1, station 154<br/>H = 265.8 m<br/>FA = 23.95 mGal<br/>CB(2.67) = 5.21 mGal (rel. base 100)]]></description><Point><coordinates>34.8158088,24.7862925,0</coordinates></Point></Placemark>
<Placemark><name>0640 L1-155</name><styleUrl>#CG6-0640</styleUrl><description><![CDATA[Date 2026-01-18, line 1, station 155<br/>H = 268.2 m<br/>FA = 24.12 mGal<br/>CB(2.67) = 5.25 mGal (rel. base 100)]]></description><Point><coordinates>34.8139581,24.7867930,0</coordinates></Point></Placemark>
<Placemark><name>0640 L1-156</name><styleUrl>#CG6-0640</styleUrl><description><![CDATA[Date 2026-01-18, line 1, station 156<br/>H = 270.6 m<br/>FA = 24.24 mGal<br/>CB(2.67) = 5.12 mGal (rel. base 100)]]></description><Point><coordinates>34.8122227,24.7875738,0</coordinates></Point></Placemark>
<Placemark><name>0640 L1-157</name><styleUrl>#CG6-0640</styleUrl><description><![CDATA[Date 2026-01-18, line 1, station 157<br/>H = 274.0 m<br/>FA = 24.24 mGal<br/>CB(2.67) = 4.85 mGal (rel. base 100)]]></description><Point><coordinates>34.8100331,24.7878396,0</coordinates></Point></Placemark>
<Placemark><name>0640 L1-158</name><styleUrl>#CG6-0640</styleUrl><description><![CDATA[Date 2026-01-18, line 1, station 158<br/>H = 276.4 m<br/>FA = 24.72 mGal<br/>CB(2.67) = 4.72 mGal (rel. base 100)]]></description><Point><coordinates>34.8092328,24.7861855,0</coordinates></Point></Placemark>
<Placemark><name>0640 L1-159</name><styleUrl>#CG6-0640</styleUrl><description><![CDATA[Date 2026-01-18, line 1, station 159<br/>H = 279.6 m<br/>FA = 25.11 mGal<br/>CB(2.67) = 4.72 mGal (rel. base 100)]]></description><Point><coordinates>34.8096568,24.7842913,0</coordinates></Point></Placemark>
<Placemark><name>0640 L1-160</name><styleUrl>#CG6-0640</styleUrl><description><![CDATA[Date 2026-01-18, line 1, station 160<br/>H = 281.7 m<br/>FA = 25.36 mGal<br/>CB(2.67) = 4.76 mGal (rel. base 100)]]></description><Point><coordinates>34.8101554,24.7826715,0</coordinates></Point></Placemark>
<Placemark><name>0640 L1-161</name><styleUrl>#CG6-0640</styleUrl><description><![CDATA[Date 2026-01-18, line 1, station 161<br/>H = 284.9 m<br/>FA = 25.43 mGal<br/>CB(2.67) = 4.47 mGal (rel. base 100)]]></description><Point><coordinates>34.8101369,24.7807657,0</coordinates></Point></Placemark>
<Placemark><name>0640 L1-162</name><styleUrl>#CG6-0640</styleUrl><description><![CDATA[Date 2026-01-18, line 1, station 162<br/>H = 287.2 m<br/>FA = 26.00 mGal<br/>CB(2.67) = 4.83 mGal (rel. base 100)]]></description><Point><coordinates>34.8092998,24.7789790,0</coordinates></Point></Placemark>
<Placemark><name>0640 L1-163</name><styleUrl>#CG6-0640</styleUrl><description><![CDATA[Date 2026-01-18, line 1, station 163<br/>H = 289.7 m<br/>FA = 26.07 mGal<br/>CB(2.67) = 4.66 mGal (rel. base 100)]]></description><Point><coordinates>34.8080055,24.7775539,0</coordinates></Point></Placemark>
<Placemark><name>0640 L1-164</name><styleUrl>#CG6-0640</styleUrl><description><![CDATA[Date 2026-01-18, line 1, station 164<br/>H = 292.0 m<br/>FA = 26.02 mGal<br/>CB(2.67) = 4.29 mGal (rel. base 100)]]></description><Point><coordinates>34.8065878,24.7765715,0</coordinates></Point></Placemark>
<Placemark><name>0640 L1-165</name><styleUrl>#CG6-0640</styleUrl><description><![CDATA[Date 2026-01-18, line 1, station 165<br/>H = 294.2 m<br/>FA = 25.86 mGal<br/>CB(2.67) = 3.89 mGal (rel. base 100)]]></description><Point><coordinates>34.8051067,24.7749950,0</coordinates></Point></Placemark>
<Placemark><name>0640 L1-166</name><styleUrl>#CG6-0640</styleUrl><description><![CDATA[Date 2026-01-18, line 1, station 166<br/>H = 296.4 m<br/>FA = 25.84 mGal<br/>CB(2.67) = 3.60 mGal (rel. base 100)]]></description><Point><coordinates>34.8041381,24.7736583,0</coordinates></Point></Placemark>
<Placemark><name>0640 L1-167</name><styleUrl>#CG6-0640</styleUrl><description><![CDATA[Date 2026-01-18, line 1, station 167<br/>H = 298.9 m<br/>FA = 25.96 mGal<br/>CB(2.67) = 3.37 mGal (rel. base 100)]]></description><Point><coordinates>34.8030735,24.7723205,0</coordinates></Point></Placemark>
<Placemark><name>0640 L1-168</name><styleUrl>#CG6-0640</styleUrl><description><![CDATA[Date 2026-01-18, line 1, station 168<br/>H = 301.6 m<br/>FA = 25.77 mGal<br/>CB(2.67) = 2.83 mGal (rel. base 100)]]></description><Point><coordinates>34.8018543,24.7708306,0</coordinates></Point></Placemark>
<Placemark><name>0640 L1-169</name><styleUrl>#CG6-0640</styleUrl><description><![CDATA[Date 2026-01-18, line 1, station 169<br/>H = 304.5 m<br/>FA = 25.78 mGal<br/>CB(2.67) = 2.50 mGal (rel. base 100)]]></description><Point><coordinates>34.8016027,24.7687154,0</coordinates></Point></Placemark>
<Placemark><name>0640 L1-170</name><styleUrl>#CG6-0640</styleUrl><description><![CDATA[Date 2026-01-18, line 1, station 170<br/>H = 306.9 m<br/>FA = 26.05 mGal<br/>CB(2.67) = 2.49 mGal (rel. base 100)]]></description><Point><coordinates>34.8014417,24.7672228,0</coordinates></Point></Placemark>
<Placemark><name>0640 L1-171</name><styleUrl>#CG6-0640</styleUrl><description><![CDATA[Date 2026-01-18, line 1, station 171<br/>H = 309.5 m<br/>FA = 26.18 mGal<br/>CB(2.67) = 2.32 mGal (rel. base 100)]]></description><Point><coordinates>34.8008347,24.7652737,0</coordinates></Point></Placemark>
<Placemark><name>0640 L1-172</name><styleUrl>#CG6-0640</styleUrl><description><![CDATA[Date 2026-01-18, line 1, station 172<br/>H = 311.8 m<br/>FA = 26.19 mGal<br/>CB(2.67) = 2.07 mGal (rel. base 100)]]></description><Point><coordinates>34.7999180,24.7641418,0</coordinates></Point></Placemark>
<Placemark><name>0640 L1-173</name><styleUrl>#CG6-0640</styleUrl><description><![CDATA[Date 2026-01-18, line 1, station 173<br/>H = 314.5 m<br/>FA = 26.16 mGal<br/>CB(2.67) = 1.75 mGal (rel. base 100)]]></description><Point><coordinates>34.7985984,24.7624448,0</coordinates></Point></Placemark>
<Placemark><name>0640 L1-174</name><styleUrl>#CG6-0640</styleUrl><description><![CDATA[Date 2026-01-18, line 1, station 174<br/>H = 316.3 m<br/>FA = 26.39 mGal<br/>CB(2.67) = 1.78 mGal (rel. base 100)]]></description><Point><coordinates>34.7974156,24.7611856,0</coordinates></Point></Placemark>
<Placemark><name>0640 L1-175</name><styleUrl>#CG6-0640</styleUrl><description><![CDATA[Date 2026-01-18, line 1, station 175<br/>H = 319.2 m<br/>FA = 26.62 mGal<br/>CB(2.67) = 1.71 mGal (rel. base 100)]]></description><Point><coordinates>34.7963258,24.7597372,0</coordinates></Point></Placemark>
<Placemark><name>0640 L1-176</name><styleUrl>#CG6-0640</styleUrl><description><![CDATA[Date 2026-01-18, line 1, station 176<br/>H = 321.3 m<br/>FA = 26.66 mGal<br/>CB(2.67) = 1.54 mGal (rel. base 100)]]></description><Point><coordinates>34.7944969,24.7589664,0</coordinates></Point></Placemark>
<Placemark><name>0640 L1-177</name><styleUrl>#CG6-0640</styleUrl><description><![CDATA[Date 2026-01-18, line 1, station 177<br/>H = 323.6 m<br/>FA = 26.64 mGal<br/>CB(2.67) = 1.35 mGal (rel. base 100)]]></description><Point><coordinates>34.7931750,24.7576837,0</coordinates></Point></Placemark>
<Placemark><name>0640 L1-178</name><styleUrl>#CG6-0640</styleUrl><description><![CDATA[Date 2026-01-18, line 1, station 178<br/>H = 327.0 m<br/>FA = 27.26 mGal<br/>CB(2.67) = 1.75 mGal (rel. base 100)]]></description><Point><coordinates>34.7921549,24.7560422,0</coordinates></Point></Placemark>
<Placemark><name>0640 L1-179</name><styleUrl>#CG6-0640</styleUrl><description><![CDATA[Date 2026-01-18, line 1, station 179<br/>H = 328.3 m<br/>FA = 28.00 mGal<br/>CB(2.67) = 2.23 mGal (rel. base 100)]]></description><Point><coordinates>34.7925928,24.7546129,0</coordinates></Point></Placemark>
<Placemark><name>0640 L1-180</name><styleUrl>#CG6-0640</styleUrl><description><![CDATA[Date 2026-01-18, line 1, station 180<br/>H = 332.5 m<br/>FA = 28.80 mGal<br/>CB(2.67) = 2.52 mGal (rel. base 100)]]></description><Point><coordinates>34.7935175,24.7529521,0</coordinates></Point></Placemark>
<Placemark><name>0640 L1-181</name><styleUrl>#CG6-0640</styleUrl><description><![CDATA[Date 2026-01-18, line 1, station 181<br/>H = 334.2 m<br/>FA = 28.53 mGal<br/>CB(2.67) = 2.00 mGal (rel. base 100)]]></description><Point><coordinates>34.7919323,24.7531113,0</coordinates></Point></Placemark>
<Placemark><name>0640 L1-182</name><styleUrl>#CG6-0640</styleUrl><description><![CDATA[Date 2026-01-18, line 1, station 182<br/>H = 336.8 m<br/>FA = 28.31 mGal<br/>CB(2.67) = 1.52 mGal (rel. base 100)]]></description><Point><coordinates>34.7904340,24.7543263,0</coordinates></Point></Placemark>
<Placemark><name>0640 L1-183</name><styleUrl>#CG6-0640</styleUrl><description><![CDATA[Date 2026-01-18, line 1, station 183<br/>H = 339.3 m<br/>FA = 27.90 mGal<br/>CB(2.67) = 1.02 mGal (rel. base 100)]]></description><Point><coordinates>34.7887025,24.7551089,0</coordinates></Point></Placemark>
<Placemark><name>0640 L1-184</name><styleUrl>#CG6-0640</styleUrl><description><![CDATA[Date 2026-01-18, line 1, station 184<br/>H = 342.2 m<br/>FA = 27.57 mGal<br/>CB(2.67) = 0.19 mGal (rel. base 100)]]></description><Point><coordinates>34.7866681,24.7550298,0</coordinates></Point></Placemark>
<Placemark><name>0640 L1-185</name><styleUrl>#CG6-0640</styleUrl><description><![CDATA[Date 2026-01-18, line 1, station 185<br/>H = 344.9 m<br/>FA = 27.27 mGal<br/>CB(2.67) = -0.44 mGal (rel. base 100)]]></description><Point><coordinates>34.7845512,24.7552573,0</coordinates></Point></Placemark>
<Placemark><name>0640 L1-186</name><styleUrl>#CG6-0640</styleUrl><description><![CDATA[Date 2026-01-19, line 1, station 186<br/>H = 332.3 m<br/>FA = 28.73 mGal<br/>CB(2.67) = 2.48 mGal (rel. base 100)]]></description><Point><coordinates>34.7935421,24.7529187,0</coordinates></Point></Placemark>
<Placemark><name>0640 L1-187</name><styleUrl>#CG6-0640</styleUrl><description><![CDATA[Date 2026-01-19, line 1, station 187<br/>H = 334.2 m<br/>FA = 29.08 mGal<br/>CB(2.67) = 2.74 mGal (rel. base 100)]]></description><Point><coordinates>34.7945421,24.7516019,0</coordinates></Point></Placemark>
<Placemark><name>0640 L1-188</name><styleUrl>#CG6-0640</styleUrl><description><![CDATA[Date 2026-01-19, line 1, station 188<br/>H = 337.9 m<br/>FA = 29.24 mGal<br/>CB(2.67) = 2.45 mGal (rel. base 100)]]></description><Point><coordinates>34.7946864,24.7494010,0</coordinates></Point></Placemark>
<Placemark><name>0640 L1-189</name><styleUrl>#CG6-0640</styleUrl><description><![CDATA[Date 2026-01-19, line 1, station 189<br/>H = 342.5 m<br/>FA = 29.47 mGal<br/>CB(2.67) = 2.03 mGal (rel. base 100)]]></description><Point><coordinates>34.7925518,24.7474244,0</coordinates></Point></Placemark>
<Placemark><name>0640 L1-190</name><styleUrl>#CG6-0640</styleUrl><description><![CDATA[Date 2026-01-19, line 1, station 190<br/>H = 346.4 m<br/>FA = 29.54 mGal<br/>CB(2.67) = 1.72 mGal (rel. base 100)]]></description><Point><coordinates>34.7906243,24.7456527,0</coordinates></Point></Placemark>
<Placemark><name>0640 L1-191</name><styleUrl>#CG6-0640</styleUrl><description><![CDATA[Date 2026-01-19, line 1, station 191<br/>H = 349.1 m<br/>FA = 29.85 mGal<br/>CB(2.67) = 1.81 mGal (rel. base 100)]]></description><Point><coordinates>34.7893599,24.7442163,0</coordinates></Point></Placemark>
<Placemark><name>0640 L1-192</name><styleUrl>#CG6-0640</styleUrl><description><![CDATA[Date 2026-01-19, line 1, station 192<br/>H = 351.8 m<br/>FA = 29.67 mGal<br/>CB(2.67) = 1.51 mGal (rel. base 100)]]></description><Point><coordinates>34.7879670,24.7429705,0</coordinates></Point></Placemark>
<Placemark><name>0640 L1-193</name><styleUrl>#CG6-0640</styleUrl><description><![CDATA[Date 2026-01-19, line 1, station 193<br/>H = 355.7 m<br/>FA = 29.78 mGal<br/>CB(2.67) = 1.21 mGal (rel. base 100)]]></description><Point><coordinates>34.7870687,24.7406943,0</coordinates></Point></Placemark>
<Placemark><name>0640 L1-194</name><styleUrl>#CG6-0640</styleUrl><description><![CDATA[Date 2026-01-19, line 1, station 194<br/>H = 361.0 m<br/>FA = 30.26 mGal<br/>CB(2.67) = 0.87 mGal (rel. base 100)]]></description><Point><coordinates>34.7894438,24.7383302,0</coordinates></Point></Placemark>
<Placemark><name>0640 L1-195</name><styleUrl>#CG6-0640</styleUrl><description><![CDATA[Date 2026-01-19, line 1, station 195<br/>H = 364.4 m<br/>FA = 30.55 mGal<br/>CB(2.67) = 0.70 mGal (rel. base 100)]]></description><Point><coordinates>34.7899140,24.7360271,0</coordinates></Point></Placemark>
<Placemark><name>0640 L1-197</name><styleUrl>#CG6-0640</styleUrl><description><![CDATA[Date 2026-01-19, line 1, station 197<br/>H = 369.7 m<br/>FA = 30.22 mGal<br/>CB(2.67) = -0.22 mGal (rel. base 100)]]></description><Point><coordinates>34.7898594,24.7324691,0</coordinates></Point></Placemark>
<Placemark><name>0640 L1-198</name><styleUrl>#CG6-0640</styleUrl><description><![CDATA[Date 2026-01-19, line 1, station 198<br/>H = 372.7 m<br/>FA = 30.50 mGal<br/>CB(2.67) = -0.31 mGal (rel. base 100)]]></description><Point><coordinates>34.7894257,24.7306880,0</coordinates></Point></Placemark>
<Placemark><name>0640 L1-199</name><styleUrl>#CG6-0640</styleUrl><description><![CDATA[Date 2026-01-19, line 1, station 199<br/>H = 378.5 m<br/>FA = 30.84 mGal<br/>CB(2.67) = -0.56 mGal (rel. base 100)]]></description><Point><coordinates>34.7892354,24.7273297,0</coordinates></Point></Placemark>
<Placemark><name>0640 L1-200</name><styleUrl>#CG6-0640</styleUrl><description><![CDATA[Date 2026-01-19, line 1, station 200<br/>H = 381.8 m<br/>FA = 30.91 mGal<br/>CB(2.67) = -0.79 mGal (rel. base 100)]]></description><Point><coordinates>34.7899517,24.7255891,0</coordinates></Point></Placemark>
<Placemark><name>0640 L1-201</name><styleUrl>#CG6-0640</styleUrl><description><![CDATA[Date 2026-01-19, line 1, station 201<br/>H = 384.8 m<br/>FA = 31.02 mGal<br/>CB(2.67) = -0.99 mGal (rel. base 100)]]></description><Point><coordinates>34.7890947,24.7236234,0</coordinates></Point></Placemark>
<Placemark><name>0640 L1-202</name><styleUrl>#CG6-0640</styleUrl><description><![CDATA[Date 2026-01-19, line 1, station 202<br/>H = 390.7 m<br/>FA = 31.21 mGal<br/>CB(2.67) = -1.26 mGal (rel. base 100)]]></description><Point><coordinates>34.7853975,24.7231953,0</coordinates></Point></Placemark>
<Placemark><name>0640 L1-203</name><styleUrl>#CG6-0640</styleUrl><description><![CDATA[Date 2026-01-19, line 1, station 203<br/>H = 394.7 m<br/>FA = 31.54 mGal<br/>CB(2.67) = -1.62 mGal (rel. base 100)]]></description><Point><coordinates>34.7835301,24.7222114,0</coordinates></Point></Placemark>
<Placemark><name>0640 L1-204</name><styleUrl>#CG6-0640</styleUrl><description><![CDATA[Date 2026-01-19, line 1, station 204<br/>H = 400.8 m<br/>FA = 31.75 mGal<br/>CB(2.67) = -2.07 mGal (rel. base 100)]]></description><Point><coordinates>34.7831573,24.7198313,0</coordinates></Point></Placemark>
<Placemark><name>0640 L1-205</name><styleUrl>#CG6-0640</styleUrl><description><![CDATA[Date 2026-01-19, line 1, station 205<br/>H = 404.6 m<br/>FA = 31.99 mGal<br/>CB(2.67) = -2.25 mGal (rel. base 100)]]></description><Point><coordinates>34.7844693,24.7181260,0</coordinates></Point></Placemark>
<Placemark><name>0640 L1-206</name><styleUrl>#CG6-0640</styleUrl><description><![CDATA[Date 2026-01-19, line 1, station 206<br/>H = 407.8 m<br/>FA = 31.63 mGal<br/>CB(2.67) = -2.93 mGal (rel. base 100)]]></description><Point><coordinates>34.7843267,24.7162231,0</coordinates></Point></Placemark>
<Placemark><name>0640 L1-207</name><styleUrl>#CG6-0640</styleUrl><description><![CDATA[Date 2026-01-19, line 1, station 207<br/>H = 412.2 m<br/>FA = 31.62 mGal<br/>CB(2.67) = -3.32 mGal (rel. base 100)]]></description><Point><coordinates>34.7846529,24.7142879,0</coordinates></Point></Placemark>
<Placemark><name>0640 L1-208</name><styleUrl>#CG6-0640</styleUrl><description><![CDATA[Date 2026-01-19, line 1, station 208<br/>H = 415.7 m<br/>FA = 31.71 mGal<br/>CB(2.67) = -3.62 mGal (rel. base 100)]]></description><Point><coordinates>34.7859193,24.7127238,0</coordinates></Point></Placemark>
<Placemark><name>0640 L1-209</name><styleUrl>#CG6-0640</styleUrl><description><![CDATA[Date 2026-01-19, line 1, station 209<br/>H = 418.9 m<br/>FA = 31.71 mGal<br/>CB(2.67) = -3.89 mGal (rel. base 100)]]></description><Point><coordinates>34.7869452,24.7110858,0</coordinates></Point></Placemark>
<Placemark><name>0640 L1-210</name><styleUrl>#CG6-0640</styleUrl><description><![CDATA[Date 2026-01-19, line 1, station 210<br/>H = 424.0 m<br/>FA = 31.73 mGal<br/>CB(2.67) = -4.45 mGal (rel. base 100)]]></description><Point><coordinates>34.7852132,24.7090912,0</coordinates></Point></Placemark>
<Placemark><name>0640 L1-211</name><styleUrl>#CG6-0640</styleUrl><description><![CDATA[Date 2026-01-19, line 1, station 211<br/>H = 429.1 m<br/>FA = 31.78 mGal<br/>CB(2.67) = -5.03 mGal (rel. base 100)]]></description><Point><coordinates>34.7836489,24.7075047,0</coordinates></Point></Placemark>
<Placemark><name>0640 L1-212</name><styleUrl>#CG6-0640</styleUrl><description><![CDATA[Date 2026-01-19, line 1, station 212<br/>H = 432.5 m<br/>FA = 31.75 mGal<br/>CB(2.67) = -5.20 mGal (rel. base 100)]]></description><Point><coordinates>34.7815509,24.7070375,0</coordinates></Point></Placemark>
<Placemark><name>0640 L1-213</name><styleUrl>#CG6-0640</styleUrl><description><![CDATA[Date 2026-01-19, line 1, station 213<br/>H = 437.9 m<br/>FA = 32.06 mGal<br/>CB(2.67) = -5.42 mGal (rel. base 100)]]></description><Point><coordinates>34.7796834,24.7061927,0</coordinates></Point></Placemark>
<Placemark><name>0640 L1-214</name><styleUrl>#CG6-0640</styleUrl><description><![CDATA[Date 2026-01-19, line 1, station 214<br/>H = 443.0 m<br/>FA = 32.29 mGal<br/>CB(2.67) = -5.93 mGal (rel. base 100)]]></description><Point><coordinates>34.7778430,24.7069209,0</coordinates></Point></Placemark>
<Placemark><name>0640 L1-215</name><styleUrl>#CG6-0640</styleUrl><description><![CDATA[Date 2026-01-19, line 1, station 215<br/>H = 447.0 m<br/>FA = 32.17 mGal<br/>CB(2.67) = -6.36 mGal (rel. base 100)]]></description><Point><coordinates>34.7758727,24.7067947,0</coordinates></Point></Placemark>
<Placemark><name>0640 L1-216</name><styleUrl>#CG6-0640</styleUrl><description><![CDATA[Date 2026-01-19, line 1, station 216<br/>H = 450.0 m<br/>FA = 31.99 mGal<br/>CB(2.67) = -6.60 mGal (rel. base 100)]]></description><Point><coordinates>34.7740376,24.7072418,0</coordinates></Point></Placemark>
<Placemark><name>0640 L1-217</name><styleUrl>#CG6-0640</styleUrl><description><![CDATA[Date 2026-01-19, line 1, station 217<br/>H = 454.2 m<br/>FA = 32.00 mGal<br/>CB(2.67) = -7.32 mGal (rel. base 100)]]></description><Point><coordinates>34.7721379,24.7063820,0</coordinates></Point></Placemark>
<Placemark><name>0640 L1-218</name><styleUrl>#CG6-0640</styleUrl><description><![CDATA[Date 2026-01-19, line 1, station 218<br/>H = 458.4 m<br/>FA = 31.50 mGal<br/>CB(2.67) = -8.43 mGal (rel. base 100)]]></description><Point><coordinates>34.7708176,24.7049677,0</coordinates></Point></Placemark>
<Placemark><name>0640 L1-219</name><styleUrl>#CG6-0640</styleUrl><description><![CDATA[Date 2026-01-19, line 1, station 219<br/>H = 463.5 m<br/>FA = 31.30 mGal<br/>CB(2.67) = -9.10 mGal (rel. base 100)]]></description><Point><coordinates>34.7685680,24.7050010,0</coordinates></Point></Placemark>
<Placemark><name>0640 L1-220</name><styleUrl>#CG6-0640</styleUrl><description><![CDATA[Date 2026-01-19, line 1, station 220<br/>H = 469.0 m<br/>FA = 31.35 mGal<br/>CB(2.67) = -9.51 mGal (rel. base 100)]]></description><Point><coordinates>34.7662621,24.7054894,0</coordinates></Point></Placemark>
<Placemark><name>0640 L1-221</name><styleUrl>#CG6-0640</styleUrl><description><![CDATA[Date 2026-01-19, line 1, station 221<br/>H = 474.0 m<br/>FA = 31.56 mGal<br/>CB(2.67) = -9.86 mGal (rel. base 100)]]></description><Point><coordinates>34.7641378,24.7061701,0</coordinates></Point></Placemark>
<Placemark><name>0640 L1-222</name><styleUrl>#CG6-0640</styleUrl><description><![CDATA[Date 2026-01-19, line 1, station 222<br/>H = 479.4 m<br/>FA = 31.52 mGal<br/>CB(2.67) = -10.13 mGal (rel. base 100)]]></description><Point><coordinates>34.7618722,24.7067219,0</coordinates></Point></Placemark>
<Placemark><name>0640 L1-223</name><styleUrl>#CG6-0640</styleUrl><description><![CDATA[Date 2026-01-19, line 1, station 223<br/>H = 485.7 m<br/>FA = 32.10 mGal<br/>CB(2.67) = -10.10 mGal (rel. base 100)]]></description><Point><coordinates>34.7600033,24.7072459,0</coordinates></Point></Placemark>
<Placemark><name>0640 L1-224</name><styleUrl>#CG6-0640</styleUrl><description><![CDATA[Date 2026-01-19, line 1, station 224<br/>H = 489.5 m<br/>FA = 32.16 mGal<br/>CB(2.67) = -10.13 mGal (rel. base 100)]]></description><Point><coordinates>34.7584414,24.7076000,0</coordinates></Point></Placemark>
<Placemark><name>0640 L1-225</name><styleUrl>#CG6-0640</styleUrl><description><![CDATA[Date 2026-01-19, line 1, station 225<br/>H = 488.9 m<br/>FA = 31.13 mGal<br/>CB(2.67) = -10.77 mGal (rel. base 100)]]></description><Point><coordinates>34.7578029,24.7074723,0</coordinates></Point></Placemark>
<Placemark><name>0640 L1-226</name><styleUrl>#CG6-0640</styleUrl><description><![CDATA[Date 2026-01-19, line 1, station 226<br/>H = 334.3 m<br/>FA = 28.35 mGal<br/>CB(2.67) = 1.82 mGal (rel. base 100)]]></description><Point><coordinates>34.7915410,24.7533843,0</coordinates></Point></Placemark>
<Placemark><name>0640 L1-227</name><styleUrl>#CG6-0640</styleUrl><description><![CDATA[Date 2026-01-19, line 1, station 227<br/>H = 338.0 m<br/>FA = 28.21 mGal<br/>CB(2.67) = 1.38 mGal (rel. base 100)]]></description><Point><coordinates>34.7897643,24.7547525,0</coordinates></Point></Placemark>
<Placemark><name>0640 L1-228</name><styleUrl>#CG6-0640</styleUrl><description><![CDATA[Date 2026-01-19, line 1, station 228<br/>H = 339.9 m<br/>FA = 27.72 mGal<br/>CB(2.67) = 0.65 mGal (rel. base 100)]]></description><Point><coordinates>34.7876263,24.7549314,0</coordinates></Point></Placemark>
<Placemark><name>0640 L1-229</name><styleUrl>#CG6-0640</styleUrl><description><![CDATA[Date 2026-01-19, line 1, station 229<br/>H = 343.3 m<br/>FA = 27.43 mGal<br/>CB(2.67) = -0.10 mGal (rel. base 100)]]></description><Point><coordinates>34.7856807,24.7551837,0</coordinates></Point></Placemark>
<Placemark><name>0640 L1-230</name><styleUrl>#CG6-0640</styleUrl><description><![CDATA[Date 2026-01-19, line 1, station 230<br/>H = 345.5 m<br/>FA = 27.03 mGal<br/>CB(2.67) = -0.70 mGal (rel. base 100)]]></description><Point><coordinates>34.7836079,24.7552006,0</coordinates></Point></Placemark>
<Placemark><name>0640 L1-231</name><styleUrl>#CG6-0640</styleUrl><description><![CDATA[Date 2026-01-19, line 1, station 231<br/>H = 348.8 m<br/>FA = 26.58 mGal<br/>CB(2.67) = -1.52 mGal (rel. base 100)]]></description><Point><coordinates>34.7814328,24.7554355,0</coordinates></Point></Placemark>
<Placemark><name>0640 L1-232</name><styleUrl>#CG6-0640</styleUrl><description><![CDATA[Date 2026-01-19, line 1, station 232<br/>H = 351.7 m<br/>FA = 26.52 mGal<br/>CB(2.67) = -1.88 mGal (rel. base 100)]]></description><Point><coordinates>34.7790540,24.7554157,0</coordinates></Point></Placemark>
<Placemark><name>0640 L1-233</name><styleUrl>#CG6-0640</styleUrl><description><![CDATA[Date 2026-01-19, line 1, station 233<br/>H = 354.0 m<br/>FA = 26.51 mGal<br/>CB(2.67) = -2.09 mGal (rel. base 100)]]></description><Point><coordinates>34.7771603,24.7550137,0</coordinates></Point></Placemark>
<Placemark><name>0640 L1-234</name><styleUrl>#CG6-0640</styleUrl><description><![CDATA[Date 2026-01-19, line 1, station 234<br/>H = 356.4 m<br/>FA = 26.25 mGal<br/>CB(2.67) = -2.54 mGal (rel. base 100)]]></description><Point><coordinates>34.7753087,24.7542646,0</coordinates></Point></Placemark>
<Placemark><name>0640 L1-235</name><styleUrl>#CG6-0640</styleUrl><description><![CDATA[Date 2026-01-19, line 1, station 235<br/>H = 360.3 m<br/>FA = 26.49 mGal<br/>CB(2.67) = -2.58 mGal (rel. base 100)]]></description><Point><coordinates>34.7740804,24.7523501,0</coordinates></Point></Placemark>
<Placemark><name>0640 L1-236</name><styleUrl>#CG6-0640</styleUrl><description><![CDATA[Date 2026-01-19, line 1, station 236<br/>H = 362.8 m<br/>FA = 26.45 mGal<br/>CB(2.67) = -2.75 mGal (rel. base 100)]]></description><Point><coordinates>34.7723408,24.7512096,0</coordinates></Point></Placemark>
<Placemark><name>0640 L1-237</name><styleUrl>#CG6-0640</styleUrl><description><![CDATA[Date 2026-01-19, line 1, station 237<br/>H = 365.0 m<br/>FA = 26.21 mGal<br/>CB(2.67) = -2.93 mGal (rel. base 100)]]></description><Point><coordinates>34.7709195,24.7496988,0</coordinates></Point></Placemark>
<Placemark><name>0640 L1-238</name><styleUrl>#CG6-0640</styleUrl><description><![CDATA[Date 2026-01-19, line 1, station 238<br/>H = 367.6 m<br/>FA = 25.95 mGal<br/>CB(2.67) = -3.45 mGal (rel. base 100)]]></description><Point><coordinates>34.7698218,24.7482469,0</coordinates></Point></Placemark>
<Placemark><name>0640 L1-239</name><styleUrl>#CG6-0640</styleUrl><description><![CDATA[Date 2026-01-20, line 1, station 239<br/>H = 371.3 m<br/>FA = 26.13 mGal<br/>CB(2.67) = -4.12 mGal (rel. base 100)]]></description><Point><coordinates>34.7671242,24.7479261,0</coordinates></Point></Placemark>
<Placemark><name>0640 L1-240</name><styleUrl>#CG6-0640</styleUrl><description><![CDATA[Date 2026-01-20, line 1, station 240<br/>H = 376.0 m<br/>FA = 26.36 mGal<br/>CB(2.67) = -4.65 mGal (rel. base 100)]]></description><Point><coordinates>34.7646087,24.7478598,0</coordinates></Point></Placemark>
<Placemark><name>0640 L1-241</name><styleUrl>#CG6-0640</styleUrl><description><![CDATA[Date 2026-01-20, line 1, station 241<br/>H = 380.7 m<br/>FA = 26.46 mGal<br/>CB(2.67) = -5.13 mGal (rel. base 100)]]></description><Point><coordinates>34.7625139,24.7491605,0</coordinates></Point></Placemark>
<Placemark><name>0640 L1-242</name><styleUrl>#CG6-0640</styleUrl><description><![CDATA[Date 2026-01-20, line 1, station 242<br/>H = 386.2 m<br/>FA = 26.40 mGal<br/>CB(2.67) = -5.80 mGal (rel. base 100)]]></description><Point><coordinates>34.7601318,24.7503750,0</coordinates></Point></Placemark>
<Placemark><name>0640 L1-243</name><styleUrl>#CG6-0640</styleUrl><description><![CDATA[Date 2026-01-20, line 1, station 243<br/>H = 391.0 m<br/>FA = 26.43 mGal<br/>CB(2.67) = -6.27 mGal (rel. base 100)]]></description><Point><coordinates>34.7581058,24.7517782,0</coordinates></Point></Placemark>
<Placemark><name>0640 L1-244</name><styleUrl>#CG6-0640</styleUrl><description><![CDATA[Date 2026-01-20, line 1, station 244<br/>H = 399.0 m<br/>FA = 26.39 mGal<br/>CB(2.67) = -7.22 mGal (rel. base 100)]]></description><Point><coordinates>34.7548641,24.7523768,0</coordinates></Point></Placemark>
<Placemark><name>0640 L1-245</name><styleUrl>#CG6-0640</styleUrl><description><![CDATA[Date 2026-01-20, line 1, station 245<br/>H = 403.1 m<br/>FA = 26.67 mGal<br/>CB(2.67) = -7.32 mGal (rel. base 100)]]></description><Point><coordinates>34.7538719,24.7536549,0</coordinates></Point></Placemark>
<Placemark><name>0640 L1-246</name><styleUrl>#CG6-0640</styleUrl><description><![CDATA[Date 2026-01-20, line 1, station 246<br/>H = 371.9 m<br/>FA = 26.19 mGal<br/>CB(2.67) = -4.22 mGal (rel. base 100)]]></description><Point><coordinates>34.7668076,24.7469897,0</coordinates></Point></Placemark>
<Placemark><name>0640 L1-247</name><styleUrl>#CG6-0640</styleUrl><description><![CDATA[Date 2026-01-20, line 1, station 247<br/>H = 374.8 m<br/>FA = 26.24 mGal<br/>CB(2.67) = -4.59 mGal (rel. base 100)]]></description><Point><coordinates>34.7648916,24.7458319,0</coordinates></Point></Placemark>
<Placemark><name>0640 L1-248</name><styleUrl>#CG6-0640</styleUrl><description><![CDATA[Date 2026-01-20, line 1, station 248<br/>H = 376.8 m<br/>FA = 26.32 mGal<br/>CB(2.67) = -4.77 mGal (rel. base 100)]]></description><Point><coordinates>34.7631518,24.7449106,0</coordinates></Point></Placemark>
<Placemark><name>0640 L1-249</name><styleUrl>#CG6-0640</styleUrl><description><![CDATA[Date 2026-01-20, line 1, station 249<br/>H = 380.0 m<br/>FA = 26.22 mGal<br/>CB(2.67) = -5.26 mGal (rel. base 100)]]></description><Point><coordinates>34.7612655,24.7440301,0</coordinates></Point></Placemark>
<Placemark><name>0640 L1-250</name><styleUrl>#CG6-0640</styleUrl><description><![CDATA[Date 2026-01-20, line 1, station 250<br/>H = 382.2 m<br/>FA = 26.21 mGal<br/>CB(2.67) = -5.54 mGal (rel. base 100)]]></description><Point><coordinates>34.7595309,24.7436190,0</coordinates></Point></Placemark>
<Placemark><name>0640 L1-251</name><styleUrl>#CG6-0640</styleUrl><description><![CDATA[Date 2026-01-20, line 1, station 251<br/>H = 385.2 m<br/>FA = 26.01 mGal<br/>CB(2.67) = -6.08 mGal (rel. base 100)]]></description><Point><coordinates>34.7575098,24.7435354,0</coordinates></Point></Placemark>
<Placemark><name>0640 L1-252</name><styleUrl>#CG6-0640</styleUrl><description><![CDATA[Date 2026-01-20, line 1, station 252<br/>H = 388.0 m<br/>FA = 25.77 mGal<br/>CB(2.67) = -6.63 mGal (rel. base 100)]]></description><Point><coordinates>34.7554183,24.7443211,0</coordinates></Point></Placemark>
<Placemark><name>0640 L1-253</name><styleUrl>#CG6-0640</styleUrl><description><![CDATA[Date 2026-01-20, line 1, station 253<br/>H = 391.0 m<br/>FA = 25.60 mGal<br/>CB(2.67) = -7.10 mGal (rel. base 100)]]></description><Point><coordinates>34.7532508,24.7443761,0</coordinates></Point></Placemark>
<Placemark><name>0640 L1-254</name><styleUrl>#CG6-0640</styleUrl><description><![CDATA[Date 2026-01-20, line 1, station 254<br/>H = 393.8 m<br/>FA = 25.40 mGal<br/>CB(2.67) = -7.58 mGal (rel. base 100)]]></description><Point><coordinates>34.7512209,24.7448278,0</coordinates></Point></Placemark>
<Placemark><name>0640 L1-255</name><styleUrl>#CG6-0640</styleUrl><description><![CDATA[Date 2026-01-20, line 1, station 255<br/>H = 395.3 m<br/>FA = 25.15 mGal<br/>CB(2.67) = -7.96 mGal (rel. base 100)]]></description><Point><coordinates>34.7499390,24.7448746,0</coordinates></Point></Placemark>
<Placemark><name>0640 L1-256</name><styleUrl>#CG6-0640</styleUrl><description><![CDATA[Date 2026-01-20, line 1, station 256<br/>H = 395.1 m<br/>FA = 24.34 mGal<br/>CB(2.67) = -8.73 mGal (rel. base 100)]]></description><Point><coordinates>34.7495155,24.7467673,0</coordinates></Point></Placemark>
<Placemark><name>0640 L1-257</name><styleUrl>#CG6-0640</styleUrl><description><![CDATA[Date 2026-01-20, line 1, station 257<br/>H = 396.9 m<br/>FA = 24.35 mGal<br/>CB(2.67) = -8.88 mGal (rel. base 100)]]></description><Point><coordinates>34.7481202,24.7476455,0</coordinates></Point></Placemark>
<Placemark><name>0640 L1-258</name><styleUrl>#CG6-0640</styleUrl><description><![CDATA[Date 2026-01-20, line 1, station 258<br/>H = 398.3 m<br/>FA = 24.06 mGal<br/>CB(2.67) = -9.24 mGal (rel. base 100)]]></description><Point><coordinates>34.7469345,24.7464550,0</coordinates></Point></Placemark>
<Placemark><name>0640 L1-259</name><styleUrl>#CG6-0640</styleUrl><description><![CDATA[Date 2026-01-20, line 1, station 259<br/>H = 397.5 m<br/>FA = 24.46 mGal<br/>CB(2.67) = -8.81 mGal (rel. base 100)]]></description><Point><coordinates>34.7478083,24.7458213,0</coordinates></Point></Placemark>
<Placemark><name>0640 L1-260</name><styleUrl>#CG6-0640</styleUrl><description><![CDATA[Date 2026-01-20, line 1, station 260<br/>H = 397.9 m<br/>FA = 24.63 mGal<br/>CB(2.67) = -8.73 mGal (rel. base 100)]]></description><Point><coordinates>34.7481950,24.7445700,0</coordinates></Point></Placemark>
<Placemark><name>0640 L1-261</name><styleUrl>#CG6-0640</styleUrl><description><![CDATA[Date 2026-01-20, line 1, station 261<br/>H = 401.4 m<br/>FA = 24.56 mGal<br/>CB(2.67) = -9.16 mGal (rel. base 100)]]></description><Point><coordinates>34.7465272,24.7428931,0</coordinates></Point></Placemark>
<Placemark><name>0640 L1-262</name><styleUrl>#CG6-0640</styleUrl><description><![CDATA[Date 2026-01-20, line 1, station 262<br/>H = 402.1 m<br/>FA = 25.21 mGal<br/>CB(2.67) = -8.62 mGal (rel. base 100)]]></description><Point><coordinates>34.7473122,24.7422716,0</coordinates></Point></Placemark>
<Placemark><name>0640 L1-263</name><styleUrl>#CG6-0640</styleUrl><description><![CDATA[Date 2026-01-20, line 1, station 263<br/>H = 403.9 m<br/>FA = 24.43 mGal<br/>CB(2.67) = -9.54 mGal (rel. base 100)]]></description><Point><coordinates>34.7450971,24.7419518,0</coordinates></Point></Placemark>
<Placemark><name>0640 L1-264</name><styleUrl>#CG6-0640</styleUrl><description><![CDATA[Date 2026-01-20, line 1, station 264<br/>H = 404.9 m<br/>FA = 24.86 mGal<br/>CB(2.67) = -9.25 mGal (rel. base 100)]]></description><Point><coordinates>34.7458277,24.7411091,0</coordinates></Point></Placemark>
<Placemark><name>0640 L1-265</name><styleUrl>#CG6-0640</styleUrl><description><![CDATA[Date 2026-01-20, line 1, station 265<br/>H = 408.6 m<br/>FA = 24.28 mGal<br/>CB(2.67) = -10.13 mGal (rel. base 100)]]></description><Point><coordinates>34.7429074,24.7400399,0</coordinates></Point></Placemark>
<Placemark><name>0640 L1-266</name><styleUrl>#CG6-0640</styleUrl><description><![CDATA[Date 2026-01-20, line 1, station 266<br/>H = 408.3 m<br/>FA = 24.53 mGal<br/>CB(2.67) = -9.89 mGal (rel. base 100)]]></description><Point><coordinates>34.7436989,24.7395434,0</coordinates></Point></Placemark>
<Placemark><name>0640 L1-267</name><styleUrl>#CG6-0640</styleUrl><description><![CDATA[Date 2026-01-20, line 1, station 267<br/>H = 412.5 m<br/>FA = 25.14 mGal<br/>CB(2.67) = -9.73 mGal (rel. base 100)]]></description><Point><coordinates>34.7430706,24.7374903,0</coordinates></Point></Placemark>
<Placemark><name>0640 L1-268</name><styleUrl>#CG6-0640</styleUrl><description><![CDATA[Date 2026-01-20, line 1, station 268<br/>H = 412.7 m<br/>FA = 24.53 mGal<br/>CB(2.67) = -10.28 mGal (rel. base 100)]]></description><Point><coordinates>34.7414247,24.7384676,0</coordinates></Point></Placemark>
<Placemark><name>0640 L1-269</name><styleUrl>#CG6-0640</styleUrl><description><![CDATA[Date 2026-01-20, line 1, station 269<br/>H = 415.8 m<br/>FA = 24.63 mGal<br/>CB(2.67) = -10.42 mGal (rel. base 100)]]></description><Point><coordinates>34.7398529,24.7391849,0</coordinates></Point></Placemark>
<Placemark><name>0640 L1-270</name><styleUrl>#CG6-0640</styleUrl><description><![CDATA[Date 2026-01-20, line 1, station 270<br/>H = 420.7 m<br/>FA = 24.76 mGal<br/>CB(2.67) = -10.80 mGal (rel. base 100)]]></description><Point><coordinates>34.7391759,24.7409032,0</coordinates></Point></Placemark>
<Placemark><name>0640 L1-271</name><styleUrl>#CG6-0640</styleUrl><description><![CDATA[Date 2026-01-20, line 1, station 271<br/>H = 425.2 m<br/>FA = 25.26 mGal<br/>CB(2.67) = -10.69 mGal (rel. base 100)]]></description><Point><coordinates>34.7379768,24.7416641,0</coordinates></Point></Placemark>
<Placemark><name>0640 L1-272</name><styleUrl>#CG6-0640</styleUrl><description><![CDATA[Date 2026-01-20, line 1, station 272<br/>H = 428.8 m<br/>FA = 25.48 mGal<br/>CB(2.67) = -10.76 mGal (rel. base 100)]]></description><Point><coordinates>34.7369370,24.7414879,0</coordinates></Point></Placemark>
<Placemark><name>0640 L1-273</name><styleUrl>#CG6-0640</styleUrl><description><![CDATA[Date 2026-01-20, line 1, station 273<br/>H = 427.3 m<br/>FA = 25.31 mGal<br/>CB(2.67) = -10.72 mGal (rel. base 100)]]></description><Point><coordinates>34.7367179,24.7401667,0</coordinates></Point></Placemark>
<Placemark><name>0640 L1-274</name><styleUrl>#CG6-0640</styleUrl><description><![CDATA[Date 2026-01-20, line 1, station 274<br/>H = 424.2 m<br/>FA = 24.83 mGal<br/>CB(2.67) = -10.72 mGal (rel. base 100)]]></description><Point><coordinates>34.7363416,24.7392690,0</coordinates></Point></Placemark>
<Placemark><name>0640 L1-275</name><styleUrl>#CG6-0640</styleUrl><description><![CDATA[Date 2026-01-20, line 1, station 275<br/>H = 426.0 m<br/>FA = 24.48 mGal<br/>CB(2.67) = -11.26 mGal (rel. base 100)]]></description><Point><coordinates>34.7353678,24.7380164,0</coordinates></Point></Placemark>
<Placemark><name>0640 L1-276</name><styleUrl>#CG6-0640</styleUrl><description><![CDATA[Date 2026-01-20, line 1, station 276<br/>H = 427.5 m<br/>FA = 24.36 mGal<br/>CB(2.67) = -11.62 mGal (rel. base 100)]]></description><Point><coordinates>34.7351205,24.7371848,0</coordinates></Point></Placemark>
<Placemark><name>0640 L1-277</name><styleUrl>#CG6-0640</styleUrl><description><![CDATA[Date 2026-01-20, line 1, station 277<br/>H = 427.4 m<br/>FA = 23.87 mGal<br/>CB(2.67) = -12.13 mGal (rel. base 100)]]></description><Point><coordinates>34.7348050,24.7356383,0</coordinates></Point></Placemark>
<Placemark><name>0640 L1-278</name><styleUrl>#CG6-0640</styleUrl><description><![CDATA[Date 2026-01-20, line 1, station 278<br/>H = 431.0 m<br/>FA = 23.97 mGal<br/>CB(2.67) = -12.50 mGal (rel. base 100)]]></description><Point><coordinates>34.7347757,24.7343667,0</coordinates></Point></Placemark>
<Placemark><name>0640 L1-279</name><styleUrl>#CG6-0640</styleUrl><description><![CDATA[Date 2026-01-20, line 1, station 279<br/>H = 431.1 m<br/>FA = 23.77 mGal<br/>CB(2.67) = -12.73 mGal (rel. base 100)]]></description><Point><coordinates>34.7348105,24.7336136,0</coordinates></Point></Placemark>
<Placemark><name>0640 L1-280</name><styleUrl>#CG6-0640</styleUrl><description><![CDATA[Date 2026-01-20, line 1, station 280<br/>H = 432.7 m<br/>FA = 24.40 mGal<br/>CB(2.67) = -12.35 mGal (rel. base 100)]]></description><Point><coordinates>34.7358711,24.7324552,0</coordinates></Point></Placemark>
<Placemark><name>0640 L1-281</name><styleUrl>#CG6-0640</styleUrl><description><![CDATA[Date 2026-01-20, line 1, station 281<br/>H = 430.0 m<br/>FA = 23.93 mGal<br/>CB(2.67) = -12.47 mGal (rel. base 100)]]></description><Point><coordinates>34.7365391,24.7311742,0</coordinates></Point></Placemark>
<Placemark><name>0640 L1-282</name><styleUrl>#CG6-0640</styleUrl><description><![CDATA[Date 2026-01-20, line 1, station 282<br/>H = 426.1 m<br/>FA = 24.86 mGal<br/>CB(2.67) = -11.21 mGal (rel. base 100)]]></description><Point><coordinates>34.7381617,24.7314047,0</coordinates></Point></Placemark>
<Placemark><name>0640 L1-283</name><styleUrl>#CG6-0640</styleUrl><description><![CDATA[Date 2026-01-20, line 1, station 283<br/>H = 422.2 m<br/>FA = 25.17 mGal<br/>CB(2.67) = -10.61 mGal (rel. base 100)]]></description><Point><coordinates>34.7397415,24.7324515,0</coordinates></Point></Placemark>
<Placemark><name>0640 L1-284</name><styleUrl>#CG6-0640</styleUrl><description><![CDATA[Date 2026-01-20, line 1, station 284<br/>H = 422.8 m<br/>FA = 25.60 mGal<br/>CB(2.67) = -10.31 mGal (rel. base 100)]]></description><Point><coordinates>34.7408493,24.7322813,0</coordinates></Point></Placemark>
<Placemark><name>0640 L1-286</name><styleUrl>#CG6-0640</styleUrl><description><![CDATA[Date 2026-01-20, line 1, station 286<br/>H = 427.9 m<br/>FA = 26.35 mGal<br/>CB(2.67) = -10.05 mGal (rel. base 100)]]></description><Point><coordinates>34.7412365,24.7298162,0</coordinates></Point></Placemark>
<Placemark><name>0640 L1-287</name><styleUrl>#CG6-0640</styleUrl><description><![CDATA[Date 2026-01-20, line 1, station 287<br/>H = 428.4 m<br/>FA = 26.37 mGal<br/>CB(2.67) = -10.13 mGal (rel. base 100)]]></description><Point><coordinates>34.7421993,24.7290723,0</coordinates></Point></Placemark>
<Placemark><name>0640 L1-288</name><styleUrl>#CG6-0640</styleUrl><description><![CDATA[Date 2026-01-20, line 1, station 288<br/>H = 427.0 m<br/>FA = 26.22 mGal<br/>CB(2.67) = -10.08 mGal (rel. base 100)]]></description><Point><coordinates>34.7431280,24.7296705,0</coordinates></Point></Placemark>
<Placemark><name>0640 L1-289</name><styleUrl>#CG6-0640</styleUrl><description><![CDATA[Date 2026-01-20, line 1, station 289<br/>H = 424.4 m<br/>FA = 25.89 mGal<br/>CB(2.67) = -10.13 mGal (rel. base 100)]]></description><Point><coordinates>34.7434378,24.7311205,0</coordinates></Point></Placemark>
<Placemark><name>0640 L1-290</name><styleUrl>#CG6-0640</styleUrl><description><![CDATA[Date 2026-01-20, line 1, station 290<br/>H = 421.1 m<br/>FA = 26.28 mGal<br/>CB(2.67) = -9.40 mGal (rel. base 100)]]></description><Point><coordinates>34.7440423,24.7327449,0</coordinates></Point></Placemark>
<Placemark><name>0640 L1-291</name><styleUrl>#CG6-0640</styleUrl><description><![CDATA[Date 2026-01-20, line 1, station 291<br/>H = 418.1 m<br/>FA = 26.82 mGal<br/>CB(2.67) = -8.63 mGal (rel. base 100)]]></description><Point><coordinates>34.7446005,24.7344599,0</coordinates></Point></Placemark>
<Placemark><name>0640 L1-292</name><styleUrl>#CG6-0640</styleUrl><description><![CDATA[Date 2026-01-20, line 1, station 292<br/>H = 420.7 m<br/>FA = 26.55 mGal<br/>CB(2.67) = -8.95 mGal (rel. base 100)]]></description><Point><coordinates>34.7445082,24.7326673,0</coordinates></Point></Placemark>
<Placemark><name>0640 L1-293</name><styleUrl>#CG6-0640</styleUrl><description><![CDATA[Date 2026-01-20, line 1, station 293<br/>H = 433.4 m<br/>FA = 26.73 mGal<br/>CB(2.67) = -10.32 mGal (rel. base 100)]]></description><Point><coordinates>34.7426883,24.7268270,0</coordinates></Point></Placemark>
<Placemark><name>0640 L1-294</name><styleUrl>#CG6-0640</styleUrl><description><![CDATA[Date 2026-01-20, line 1, station 294<br/>H = 437.9 m<br/>FA = 27.05 mGal<br/>CB(2.67) = -10.51 mGal (rel. base 100)]]></description><Point><coordinates>34.7416142,24.7241626,0</coordinates></Point></Placemark>
<Placemark><name>0640 L1-295</name><styleUrl>#CG6-0640</styleUrl><description><![CDATA[Date 2026-01-20, line 1, station 295<br/>H = 441.8 m<br/>FA = 25.39 mGal<br/>CB(2.67) = -12.67 mGal (rel. base 100)]]></description><Point><coordinates>34.7399573,24.7226040,0</coordinates></Point></Placemark>
<Placemark><name>0640 L1-296</name><styleUrl>#CG6-0640</styleUrl><description><![CDATA[Date 2026-01-20, line 1, station 296<br/>H = 446.3 m<br/>FA = 24.66 mGal<br/>CB(2.67) = -13.85 mGal (rel. base 100)]]></description><Point><coordinates>34.7374200,24.7213676,0</coordinates></Point></Placemark>
<Placemark><name>0640 L1-297</name><styleUrl>#CG6-0640</styleUrl><description><![CDATA[Date 2026-01-20, line 1, station 297<br/>H = 450.5 m<br/>FA = 24.93 mGal<br/>CB(2.67) = -13.95 mGal (rel. base 100)]]></description><Point><coordinates>34.7365075,24.7191373,0</coordinates></Point></Placemark>
<Placemark><name>0640 L1-298</name><styleUrl>#CG6-0640</styleUrl><description><![CDATA[Date 2026-01-20, line 1, station 298<br/>H = 454.5 m<br/>FA = 25.23 mGal<br/>CB(2.67) = -13.87 mGal (rel. base 100)]]></description><Point><coordinates>34.7357490,24.7169585,0</coordinates></Point></Placemark>
<Placemark><name>0640 L1-299</name><styleUrl>#CG6-0640</styleUrl><description><![CDATA[Date 2026-01-20, line 1, station 299<br/>H = 459.7 m<br/>FA = 26.31 mGal<br/>CB(2.67) = -12.97 mGal (rel. base 100)]]></description><Point><coordinates>34.7361093,24.7138323,0</coordinates></Point></Placemark>
<Placemark><name>0640 L1-300</name><styleUrl>#CG6-0640</styleUrl><description><![CDATA[Date 2026-01-20, line 1, station 300<br/>H = 460.6 m<br/>FA = 25.81 mGal<br/>CB(2.67) = -13.10 mGal (rel. base 100)]]></description><Point><coordinates>34.7357684,24.7130304,0</coordinates></Point></Placemark>
<Placemark><name>0640 L1-301</name><styleUrl>#CG6-0640</styleUrl><description><![CDATA[Date 2026-01-20, line 1, station 301<br/>H = 384.3 m<br/>FA = 26.24 mGal<br/>CB(2.67) = -5.75 mGal (rel. base 100)]]></description><Point><coordinates>34.7585186,24.7438200,0</coordinates></Point></Placemark>
<Placemark><name>0640 L1-302</name><styleUrl>#CG6-0640</styleUrl><description><![CDATA[Date 2026-01-20, line 1, station 302<br/>H = 386.7 m<br/>FA = 27.00 mGal<br/>CB(2.67) = -5.18 mGal (rel. base 100)]]></description><Point><coordinates>34.7592930,24.7412198,0</coordinates></Point></Placemark>
<Placemark><name>0640 L1-303</name><styleUrl>#CG6-0640</styleUrl><description><![CDATA[Date 2026-01-20, line 1, station 303<br/>H = 391.4 m<br/>FA = 28.54 mGal<br/>CB(2.67) = -3.93 mGal (rel. base 100)]]></description><Point><coordinates>34.7595472,24.7389494,0</coordinates></Point></Placemark>
<Placemark><name>0640 L1-304</name><styleUrl>#CG6-0640</styleUrl><description><![CDATA[Date 2026-01-20, line 1, station 304<br/>H = 395.4 m<br/>FA = 29.09 mGal<br/>CB(2.67) = -3.63 mGal (rel. base 100)]]></description><Point><coordinates>34.7594034,24.7365693,0</coordinates></Point></Placemark>
<Placemark><name>0640 L1-305</name><styleUrl>#CG6-0640</styleUrl><description><![CDATA[Date 2026-01-20, line 1, station 305<br/>H = 400.3 m<br/>FA = 30.15 mGal<br/>CB(2.67) = -3.17 mGal (rel. base 100)]]></description><Point><coordinates>34.7612241,24.7345554,0</coordinates></Point></Placemark>
<Placemark><name>0640 L1-306</name><styleUrl>#CG6-0640</styleUrl><description><![CDATA[Date 2026-01-20, line 1, station 306<br/>H = 404.0 m<br/>FA = 30.79 mGal<br/>CB(2.67) = -3.18 mGal (rel. base 100)]]></description><Point><coordinates>34.7619433,24.7322337,0</coordinates></Point></Placemark>
<Placemark><name>0640 L1-307</name><styleUrl>#CG6-0640</styleUrl><description><![CDATA[Date 2026-01-20, line 1, station 307<br/>H = 408.8 m<br/>FA = 31.34 mGal<br/>CB(2.67) = -3.28 mGal (rel. base 100)]]></description><Point><coordinates>34.7624742,24.7300388,0</coordinates></Point></Placemark>
<Placemark><name>0640 L1-308</name><styleUrl>#CG6-0640</styleUrl><description><![CDATA[Date 2026-01-20, line 1, station 308<br/>H = 413.2 m<br/>FA = 31.68 mGal<br/>CB(2.67) = -3.45 mGal (rel. base 100)]]></description><Point><coordinates>34.7631395,24.7278399,0</coordinates></Point></Placemark>
<Placemark><name>0640 L1-309</name><styleUrl>#CG6-0640</styleUrl><description><![CDATA[Date 2026-01-20, line 1, station 309<br/>H = 417.7 m<br/>FA = 32.08 mGal<br/>CB(2.67) = -3.55 mGal (rel. base 100)]]></description><Point><coordinates>34.7645253,24.7257801,0</coordinates></Point></Placemark>
<Placemark><name>0640 L1-310</name><styleUrl>#CG6-0640</styleUrl><description><![CDATA[Date 2026-01-20, line 1, station 310<br/>H = 421.7 m<br/>FA = 32.20 mGal<br/>CB(2.67) = -3.81 mGal (rel. base 100)]]></description><Point><coordinates>34.7657544,24.7240045,0</coordinates></Point></Placemark>
<Placemark><name>0640 L1-311</name><styleUrl>#CG6-0640</styleUrl><description><![CDATA[Date 2026-01-20, line 1, station 311<br/>H = 427.5 m<br/>FA = 32.50 mGal<br/>CB(2.67) = -4.22 mGal (rel. base 100)]]></description><Point><coordinates>34.7656794,24.7212908,0</coordinates></Point></Placemark>
<Placemark><name>0640 L1-312</name><styleUrl>#CG6-0640</styleUrl><description><![CDATA[Date 2026-01-20, line 1, station 312<br/>H = 432.2 m<br/>FA = 32.68 mGal<br/>CB(2.67) = -4.49 mGal (rel. base 100)]]></description><Point><coordinates>34.7666255,24.7190189,0</coordinates></Point></Placemark>
<Placemark><name>0640 L1-313</name><styleUrl>#CG6-0640</styleUrl><description><![CDATA[Date 2026-01-20, line 1, station 313<br/>H = 437.6 m<br/>FA = 33.26 mGal<br/>CB(2.67) = -4.40 mGal (rel. base 100)]]></description><Point><coordinates>34.7682859,24.7172525,0</coordinates></Point></Placemark>
<Placemark><name>0640 L1-314</name><styleUrl>#CG6-0640</styleUrl><description><![CDATA[Date 2026-01-20, line 1, station 314<br/>H = 442.8 m<br/>FA = 33.83 mGal<br/>CB(2.67) = -4.38 mGal (rel. base 100)]]></description><Point><coordinates>34.7706860,24.7163276,0</coordinates></Point></Placemark>
<Placemark><name>0640 L1-315</name><styleUrl>#CG6-0640</styleUrl><description><![CDATA[Date 2026-01-20, line 1, station 315<br/>H = 448.8 m<br/>FA = 34.48 mGal<br/>CB(2.67) = -4.43 mGal (rel. base 100)]]></description><Point><coordinates>34.7725659,24.7149162,0</coordinates></Point></Placemark>
<Placemark><name>0640 L1-316</name><styleUrl>#CG6-0640</styleUrl><description><![CDATA[Date 2026-01-20, line 1, station 316<br/>H = 462.1 m<br/>FA = 36.12 mGal<br/>CB(2.67) = -4.36 mGal (rel. base 100)]]></description><Point><coordinates>34.7748279,24.7135335,0</coordinates></Point></Placemark>
<Placemark><name>0640 L1-317</name><styleUrl>#CG6-0640</styleUrl><description><![CDATA[Date 2026-01-20, line 1, station 317<br/>H = 453.1 m<br/>FA = 35.21 mGal<br/>CB(2.67) = -4.20 mGal (rel. base 100)]]></description><Point><coordinates>34.7766696,24.7131603,0</coordinates></Point></Placemark>
<Placemark><name>0640 L1-318</name><styleUrl>#CG6-0640</styleUrl><description><![CDATA[Date 2026-01-20, line 1, station 318<br/>H = 446.4 m<br/>FA = 33.83 mGal<br/>CB(2.67) = -4.52 mGal (rel. base 100)]]></description><Point><coordinates>34.7782931,24.7113128,0</coordinates></Point></Placemark>
<Placemark><name>0640 L1-319</name><styleUrl>#CG6-0640</styleUrl><description><![CDATA[Date 2026-01-20, line 1, station 319<br/>H = 439.9 m<br/>FA = 33.07 mGal<br/>CB(2.67) = -4.68 mGal (rel. base 100)]]></description><Point><coordinates>34.7798364,24.7100049,0</coordinates></Point></Placemark>
<Placemark><name>0640 L1-320</name><styleUrl>#CG6-0640</styleUrl><description><![CDATA[Date 2026-01-20, line 1, station 320<br/>H = 433.1 m<br/>FA = 32.07 mGal<br/>CB(2.67) = -4.95 mGal (rel. base 100)]]></description><Point><coordinates>34.7814355,24.7086914,0</coordinates></Point></Placemark>
<Placemark><name>0640 L1-321</name><styleUrl>#CG6-0640</styleUrl><description><![CDATA[Date 2026-01-20, line 1, station 321<br/>H = 427.0 m<br/>FA = 31.72 mGal<br/>CB(2.67) = -4.81 mGal (rel. base 100)]]></description><Point><coordinates>34.7839309,24.7082929,0</coordinates></Point></Placemark>
<Placemark><name>0640 L1-335</name><styleUrl>#CG6-0640</styleUrl><description><![CDATA[Date 2026-01-21, line 1, station 335<br/>H = 427.1 m<br/>FA = 31.58 mGal<br/>CB(2.67) = -4.97 mGal (rel. base 100)]]></description><Point><coordinates>34.7841919,24.7078439,0</coordinates></Point></Placemark>
<Placemark><name>0640 L1-337</name><styleUrl>#CG6-0640</styleUrl><description><![CDATA[Date 2026-01-21, line 1, station 337<br/>H = 457.1 m<br/>FA = 32.21 mGal<br/>CB(2.67) = -7.26 mGal (rel. base 100)]]></description><Point><coordinates>34.7714639,24.7070664,0</coordinates></Point></Placemark>
<Placemark><name>0640 L1-338</name><styleUrl>#CG6-0640</styleUrl><description><![CDATA[Date 2026-01-21, line 1, station 338<br/>H = 463.2 m<br/>FA = 32.86 mGal<br/>CB(2.67) = -6.85 mGal (rel. base 100)]]></description><Point><coordinates>34.7708025,24.7083188,0</coordinates></Point></Placemark>
<Placemark><name>0640 L1-339</name><styleUrl>#CG6-0640</styleUrl><description><![CDATA[Date 2026-01-21, line 1, station 339<br/>H = 469.1 m<br/>FA = 34.00 mGal<br/>CB(2.67) = -6.39 mGal (rel. base 100)]]></description><Point><coordinates>34.7706556,24.7094932,0</coordinates></Point></Placemark>
<Placemark><name>0640 L1-340</name><styleUrl>#CG6-0640</styleUrl><description><![CDATA[Date 2026-01-21, line 1, station 340<br/>H = 477.7 m<br/>FA = 35.35 mGal<br/>CB(2.67) = -6.06 mGal (rel. base 100)]]></description><Point><coordinates>34.7704094,24.7105310,0</coordinates></Point></Placemark>
<Placemark><name>0640 L1-341</name><styleUrl>#CG6-0640</styleUrl><description><![CDATA[Date 2026-01-21, line 1, station 341<br/>H = 473.7 m<br/>FA = 32.65 mGal<br/>CB(2.67) = -8.67 mGal (rel. base 100)]]></description><Point><coordinates>34.7663392,24.7073609,0</coordinates></Point></Placemark>
<Placemark><name>0640 L1-342</name><styleUrl>#CG6-0640</styleUrl><description><![CDATA[Date 2026-01-21, line 1, station 342<br/>H = 483.5 m<br/>FA = 34.35 mGal<br/>CB(2.67) = -7.72 mGal (rel. base 100)]]></description><Point><coordinates>34.7654556,24.7092395,0</coordinates></Point></Placemark>
<Placemark><name>0640 L1-343</name><styleUrl>#CG6-0640</styleUrl><description><![CDATA[Date 2026-01-21, line 1, station 343<br/>H = 489.1 m<br/>FA = 34.59 mGal<br/>CB(2.67) = -7.41 mGal (rel. base 100)]]></description><Point><coordinates>34.7649658,24.7101871,0</coordinates></Point></Placemark>
<Placemark><name>0640 L1-344</name><styleUrl>#CG6-0640</styleUrl><description><![CDATA[Date 2026-01-21, line 1, station 344<br/>H = 476.3 m<br/>FA = 31.99 mGal<br/>CB(2.67) = -9.62 mGal (rel. base 100)]]></description><Point><coordinates>34.7635459,24.7067761,0</coordinates></Point></Placemark>
<Placemark><name>0640 L1-345</name><styleUrl>#CG6-0640</styleUrl><description><![CDATA[Date 2026-01-21, line 1, station 345<br/>H = 479.0 m<br/>FA = 32.36 mGal<br/>CB(2.67) = -9.40 mGal (rel. base 100)]]></description><Point><coordinates>34.7632751,24.7074342,0</coordinates></Point></Placemark>
<Placemark><name>0640 L1-346</name><styleUrl>#CG6-0640</styleUrl><description><![CDATA[Date 2026-01-21, line 1, station 346<br/>H = 483.0 m<br/>FA = 32.96 mGal<br/>CB(2.67) = -9.00 mGal (rel. base 100)]]></description><Point><coordinates>34.7633947,24.7080881,0</coordinates></Point></Placemark>
<Placemark><name>0640 L1-347</name><styleUrl>#CG6-0640</styleUrl><description><![CDATA[Date 2026-01-21, line 1, station 347<br/>H = 432.6 m<br/>FA = 32.27 mGal<br/>CB(2.67) = -4.96 mGal (rel. base 100)]]></description><Point><coordinates>34.7827728,24.7080629,0</coordinates></Point></Placemark>
<Placemark><name>0640 L1-348</name><styleUrl>#CG6-0640</styleUrl><description><![CDATA[Date 2026-01-21, line 1, station 348<br/>H = 414.1 m<br/>FA = 31.60 mGal<br/>CB(2.67) = -3.53 mGal (rel. base 100)]]></description><Point><coordinates>34.7851318,24.7132677,0</coordinates></Point></Placemark>
<Placemark><name>0640 L1-349</name><styleUrl>#CG6-0640</styleUrl><description><![CDATA[Date 2026-01-21, line 1, station 349<br/>H = 416.5 m<br/>FA = 31.38 mGal<br/>CB(2.67) = -3.97 mGal (rel. base 100)]]></description><Point><coordinates>34.7852549,24.7125097,0</coordinates></Point></Placemark>
<Placemark><name>0640 L1-350</name><styleUrl>#CG6-0640</styleUrl><description><![CDATA[Date 2026-01-21, line 1, station 350<br/>H = 421.7 m<br/>FA = 31.98 mGal<br/>CB(2.67) = -3.85 mGal (rel. base 100)]]></description><Point><coordinates>34.7845284,24.7122108,0</coordinates></Point></Placemark>
<Placemark><name>0640 L1-353</name><styleUrl>#CG6-0640</styleUrl><description><![CDATA[Date 2026-01-21, line 1, station 353<br/>H = 408.5 m<br/>FA = 31.26 mGal<br/>CB(2.67) = -3.11 mGal (rel. base 100)]]></description><Point><coordinates>34.7815449,24.7166721,0</coordinates></Point></Placemark>
<Placemark><name>0640 L1-354</name><styleUrl>#CG6-0640</styleUrl><description><![CDATA[Date 2026-01-21, line 1, station 354<br/>H = 410.9 m<br/>FA = 31.31 mGal<br/>CB(2.67) = -3.20 mGal (rel. base 100)]]></description><Point><coordinates>34.7805241,24.7168501,0</coordinates></Point></Placemark>
<Placemark><name>0640 L1-355</name><styleUrl>#CG6-0640</styleUrl><description><![CDATA[Date 2026-01-21, line 1, station 355<br/>H = 413.6 m<br/>FA = 31.23 mGal<br/>CB(2.67) = -3.37 mGal (rel. base 100)]]></description><Point><coordinates>34.7794161,24.7170461,0</coordinates></Point></Placemark>
<Placemark><name>0640 L1-356</name><styleUrl>#CG6-0640</styleUrl><description><![CDATA[Date 2026-01-21, line 1, station 356<br/>H = 417.2 m<br/>FA = 31.43 mGal<br/>CB(2.67) = -3.40 mGal (rel. base 100)]]></description><Point><coordinates>34.7781716,24.7172977,0</coordinates></Point></Placemark>
<Placemark><name>0640 L1-357</name><styleUrl>#CG6-0640</styleUrl><description><![CDATA[Date 2026-01-21, line 1, station 357<br/>H = 420.8 m<br/>FA = 32.19 mGal<br/>CB(2.67) = -3.20 mGal (rel. base 100)]]></description><Point><coordinates>34.7774579,24.7176434,0</coordinates></Point></Placemark>
<Placemark><name>0640 L1-358</name><styleUrl>#CG6-0640</styleUrl><description><![CDATA[Date 2026-01-22, line 1, station 358<br/>H = 335.5 m<br/>FA = 28.92 mGal<br/>CB(2.67) = 2.13 mGal (rel. base 100)]]></description><Point><coordinates>34.7629612,24.8264241,0</coordinates></Point></Placemark>
<Placemark><name>0640 L1-359</name><styleUrl>#CG6-0640</styleUrl><description><![CDATA[Date 2026-01-22, line 1, station 359<br/>H = 337.3 m<br/>FA = 29.32 mGal<br/>CB(2.67) = 2.35 mGal (rel. base 100)]]></description><Point><coordinates>34.7620262,24.8244951,0</coordinates></Point></Placemark>
<Placemark><name>0640 L1-360</name><styleUrl>#CG6-0640</styleUrl><description><![CDATA[Date 2026-01-22, line 1, station 360<br/>H = 339.7 m<br/>FA = 29.64 mGal<br/>CB(2.67) = 2.42 mGal (rel. base 100)]]></description><Point><coordinates>34.7605087,24.8249042,0</coordinates></Point></Placemark>
<Placemark><name>0640 L1-361</name><styleUrl>#CG6-0640</styleUrl><description><![CDATA[Date 2026-01-22, line 1, station 361<br/>H = 340.1 m<br/>FA = 29.46 mGal<br/>CB(2.67) = 2.26 mGal (rel. base 100)]]></description><Point><coordinates>34.7582862,24.8247704,0</coordinates></Point></Placemark>
<Placemark><name>0640 L1-362</name><styleUrl>#CG6-0640</styleUrl><description><![CDATA[Date 2026-01-22, line 1, station 362<br/>H = 343.7 m<br/>FA = 29.29 mGal<br/>CB(2.67) = 1.65 mGal (rel. base 100)]]></description><Point><coordinates>34.7561293,24.8238138,0</coordinates></Point></Placemark>
<Placemark><name>0640 L1-363</name><styleUrl>#CG6-0640</styleUrl><description><![CDATA[Date 2026-01-22, line 1, station 363<br/>H = 345.5 m<br/>FA = 29.18 mGal<br/>CB(2.67) = 1.42 mGal (rel. base 100)]]></description><Point><coordinates>34.7551124,24.8224882,0</coordinates></Point></Placemark>
<Placemark><name>0640 L1-364</name><styleUrl>#CG6-0640</styleUrl><description><![CDATA[Date 2026-01-22, line 1, station 364<br/>H = 348.9 m<br/>FA = 29.42 mGal<br/>CB(2.67) = 1.36 mGal (rel. base 100)]]></description><Point><coordinates>34.7549250,24.8207309,0</coordinates></Point></Placemark>
<Placemark><name>0640 L1-365</name><styleUrl>#CG6-0640</styleUrl><description><![CDATA[Date 2026-01-22, line 1, station 365<br/>H = 351.1 m<br/>FA = 29.64 mGal<br/>CB(2.67) = 1.24 mGal (rel. base 100)]]></description><Point><coordinates>34.7530052,24.8202072,0</coordinates></Point></Placemark>
<Placemark><name>0640 L1-366</name><styleUrl>#CG6-0640</styleUrl><description><![CDATA[Date 2026-01-22, line 1, station 366<br/>H = 353.9 m<br/>FA = 30.17 mGal<br/>CB(2.67) = 1.40 mGal (rel. base 100)]]></description><Point><coordinates>34.7513277,24.8199204,0</coordinates></Point></Placemark>
<Placemark><name>0640 L1-367</name><styleUrl>#CG6-0640</styleUrl><description><![CDATA[Date 2026-01-22, line 1, station 367<br/>H = 355.4 m<br/>FA = 30.19 mGal<br/>CB(2.67) = 1.32 mGal (rel. base 100)]]></description><Point><coordinates>34.7496287,24.8190402,0</coordinates></Point></Placemark>
<Placemark><name>0640 L1-368</name><styleUrl>#CG6-0640</styleUrl><description><![CDATA[Date 2026-01-22, line 1, station 368<br/>H = 358.2 m<br/>FA = 30.43 mGal<br/>CB(2.67) = 1.28 mGal (rel. base 100)]]></description><Point><coordinates>34.7485932,24.8175576,0</coordinates></Point></Placemark>
<Placemark><name>0640 L1-370</name><styleUrl>#CG6-0640</styleUrl><description><![CDATA[Date 2026-01-22, line 1, station 370<br/>H = 363.1 m<br/>FA = 30.90 mGal<br/>CB(2.67) = 1.31 mGal (rel. base 100)]]></description><Point><coordinates>34.7473881,24.8141592,0</coordinates></Point></Placemark>
<Placemark><name>0640 L1-371</name><styleUrl>#CG6-0640</styleUrl><description><![CDATA[Date 2026-01-22, line 1, station 371<br/>H = 366.7 m<br/>FA = 30.73 mGal<br/>CB(2.67) = 0.62 mGal (rel. base 100)]]></description><Point><coordinates>34.7452841,24.8135391,0</coordinates></Point></Placemark>
<Placemark><name>0640 L1-372</name><styleUrl>#CG6-0640</styleUrl><description><![CDATA[Date 2026-01-22, line 1, station 372<br/>H = 369.3 m<br/>FA = 30.84 mGal<br/>CB(2.67) = 0.39 mGal (rel. base 100)]]></description><Point><coordinates>34.7434421,24.8140875,0</coordinates></Point></Placemark>
<Placemark><name>0640 L1-373</name><styleUrl>#CG6-0640</styleUrl><description><![CDATA[Date 2026-01-22, line 1, station 373<br/>H = 371.2 m<br/>FA = 30.23 mGal<br/>CB(2.67) = -0.40 mGal (rel. base 100)]]></description><Point><coordinates>34.7418120,24.8149706,0</coordinates></Point></Placemark>
<Placemark><name>0640 L1-374</name><styleUrl>#CG6-0640</styleUrl><description><![CDATA[Date 2026-01-22, line 1, station 374<br/>H = 373.3 m<br/>FA = 30.09 mGal<br/>CB(2.67) = -0.76 mGal (rel. base 100)]]></description><Point><coordinates>34.7407691,24.8147902,0</coordinates></Point></Placemark>
<Placemark><name>0640 L1-375</name><styleUrl>#CG6-0640</styleUrl><description><![CDATA[Date 2026-01-22, line 1, station 375<br/>H = 373.9 m<br/>FA = 29.40 mGal<br/>CB(2.67) = -1.53 mGal (rel. base 100)]]></description><Point><coordinates>34.7402148,24.8133595,0</coordinates></Point></Placemark>
<Placemark><name>0640 L1-376</name><styleUrl>#CG6-0640</styleUrl><description><![CDATA[Date 2026-01-22, line 1, station 376<br/>H = 376.6 m<br/>FA = 29.70 mGal<br/>CB(2.67) = -1.54 mGal (rel. base 100)]]></description><Point><coordinates>34.7397414,24.8114286,0</coordinates></Point></Placemark>
<Placemark><name>0640 L1-377</name><styleUrl>#CG6-0640</styleUrl><description><![CDATA[Date 2026-01-22, line 1, station 377<br/>H = 378.6 m<br/>FA = 29.43 mGal<br/>CB(2.67) = -2.01 mGal (rel. base 100)]]></description><Point><coordinates>34.7396907,24.8096185,0</coordinates></Point></Placemark>
<Placemark><name>0640 L1-378</name><styleUrl>#CG6-0640</styleUrl><description><![CDATA[Date 2026-01-22, line 1, station 378<br/>H = 381.3 m<br/>FA = 29.20 mGal<br/>CB(2.67) = -2.46 mGal (rel. base 100)]]></description><Point><coordinates>34.7399777,24.8078014,0</coordinates></Point></Placemark>
<Placemark><name>0640 L1-379</name><styleUrl>#CG6-0640</styleUrl><description><![CDATA[Date 2026-01-22, line 1, station 379<br/>H = 384.1 m<br/>FA = 29.32 mGal<br/>CB(2.67) = -2.65 mGal (rel. base 100)]]></description><Point><coordinates>34.7402060,24.8059209,0</coordinates></Point></Placemark>
<Placemark><name>0640 L1-380</name><styleUrl>#CG6-0640</styleUrl><description><![CDATA[Date 2026-01-22, line 1, station 380<br/>H = 386.7 m<br/>FA = 29.53 mGal<br/>CB(2.67) = -2.67 mGal (rel. base 100)]]></description><Point><coordinates>34.7407497,24.8042607,0</coordinates></Point></Placemark>
<Placemark><name>0640 L1-381</name><styleUrl>#CG6-0640</styleUrl><description><![CDATA[Date 2026-01-22, line 1, station 381<br/>H = 390.4 m<br/>FA = 29.88 mGal<br/>CB(2.67) = -2.72 mGal (rel. base 100)]]></description><Point><coordinates>34.7411579,24.8024575,0</coordinates></Point></Placemark>
<Placemark><name>0640 L1-383</name><styleUrl>#CG6-0640</styleUrl><description><![CDATA[Date 2026-01-22, line 1, station 383<br/>H = 396.7 m<br/>FA = 30.25 mGal<br/>CB(2.67) = -3.10 mGal (rel. base 100)]]></description><Point><coordinates>34.7425877,24.7989116,0</coordinates></Point></Placemark>
<Placemark><name>0640 L1-385</name><styleUrl>#CG6-0640</styleUrl><description><![CDATA[Date 2026-01-22, line 1, station 385<br/>H = 398.4 m<br/>FA = 29.75 mGal<br/>CB(2.67) = -3.86 mGal (rel. base 100)]]></description><Point><coordinates>34.7412183,24.7973279,0</coordinates></Point></Placemark>
<Placemark><name>0640 L1-386</name><styleUrl>#CG6-0640</styleUrl><description><![CDATA[Date 2026-01-22, line 1, station 386<br/>H = 402.4 m<br/>FA = 29.72 mGal<br/>CB(2.67) = -4.33 mGal (rel. base 100)]]></description><Point><coordinates>34.7391793,24.7967543,0</coordinates></Point></Placemark>
<Placemark><name>0640 L1-387</name><styleUrl>#CG6-0640</styleUrl><description><![CDATA[Date 2026-01-22, line 1, station 387<br/>H = 405.3 m<br/>FA = 29.68 mGal<br/>CB(2.67) = -4.67 mGal (rel. base 100)]]></description><Point><coordinates>34.7380779,24.7954408,0</coordinates></Point></Placemark>
<Placemark><name>0640 L1-388</name><styleUrl>#CG6-0640</styleUrl><description><![CDATA[Date 2026-01-22, line 1, station 388<br/>H = 408.0 m<br/>FA = 29.72 mGal<br/>CB(2.67) = -4.87 mGal (rel. base 100)]]></description><Point><coordinates>34.7372389,24.7938799,0</coordinates></Point></Placemark>
<Placemark><name>0640 L1-389</name><styleUrl>#CG6-0640</styleUrl><description><![CDATA[Date 2026-01-22, line 1, station 389<br/>H = 411.2 m<br/>FA = 29.34 mGal<br/>CB(2.67) = -5.48 mGal (rel. base 100)]]></description><Point><coordinates>34.7371237,24.7922233,0</coordinates></Point></Placemark>
<Placemark><name>0640 L1-390</name><styleUrl>#CG6-0640</styleUrl><description><![CDATA[Date 2026-01-22, line 1, station 390<br/>H = 413.5 m<br/>FA = 29.22 mGal<br/>CB(2.67) = -5.65 mGal (rel. base 100)]]></description><Point><coordinates>34.7380110,24.7904358,0</coordinates></Point></Placemark>
<Placemark><name>0640 L1-391</name><styleUrl>#CG6-0640</styleUrl><description><![CDATA[Date 2026-01-22, line 1, station 391<br/>H = 416.4 m<br/>FA = 29.70 mGal<br/>CB(2.67) = -5.70 mGal (rel. base 100)]]></description><Point><coordinates>34.7390114,24.7888150,0</coordinates></Point></Placemark>
<Placemark><name>0640 L1-392</name><styleUrl>#CG6-0640</styleUrl><description><![CDATA[Date 2026-01-22, line 1, station 392<br/>H = 419.4 m<br/>FA = 29.90 mGal<br/>CB(2.67) = -5.92 mGal (rel. base 100)]]></description><Point><coordinates>34.7399944,24.7867024,0</coordinates></Point></Placemark>
<Placemark><name>0640 L1-393</name><styleUrl>#CG6-0640</styleUrl><description><![CDATA[Date 2026-01-22, line 1, station 393<br/>H = 421.6 m<br/>FA = 29.83 mGal<br/>CB(2.67) = -6.23 mGal (rel. base 100)]]></description><Point><coordinates>34.7403119,24.7851872,0</coordinates></Point></Placemark>
<Placemark><name>0640 L1-394</name><styleUrl>#CG6-0640</styleUrl><description><![CDATA[Date 2026-01-22, line 1, station 394<br/>H = 423.6 m<br/>FA = 29.87 mGal<br/>CB(2.67) = -6.38 mGal (rel. base 100)]]></description><Point><coordinates>34.7407989,24.7836306,0</coordinates></Point></Placemark>
<Placemark><name>0640 L1-395</name><styleUrl>#CG6-0640</styleUrl><description><![CDATA[Date 2026-01-22, line 1, station 395<br/>H = 426.3 m<br/>FA = 29.91 mGal<br/>CB(2.67) = -6.55 mGal (rel. base 100)]]></description><Point><coordinates>34.7416081,24.7818202,0</coordinates></Point></Placemark>
<Placemark><name>0640 L1-396</name><styleUrl>#CG6-0640</styleUrl><description><![CDATA[Date 2026-01-22, line 1, station 396<br/>H = 429.7 m<br/>FA = 30.19 mGal<br/>CB(2.67) = -6.75 mGal (rel. base 100)]]></description><Point><coordinates>34.7423143,24.7802992,0</coordinates></Point></Placemark>
<Placemark><name>0640 L1-397</name><styleUrl>#CG6-0640</styleUrl><description><![CDATA[Date 2026-01-22, line 1, station 397<br/>H = 434.9 m<br/>FA = 31.16 mGal<br/>CB(2.67) = -6.42 mGal (rel. base 100)]]></description><Point><coordinates>34.7435112,24.7787417,0</coordinates></Point></Placemark>
<Placemark><name>0640 L1-398</name><styleUrl>#CG6-0640</styleUrl><description><![CDATA[Date 2026-01-22, line 1, station 398<br/>H = 438.9 m<br/>FA = 31.71 mGal<br/>CB(2.67) = -6.28 mGal (rel. base 100)]]></description><Point><coordinates>34.7444926,24.7773503,0</coordinates></Point></Placemark>
<Placemark><name>0640 L1-399</name><styleUrl>#CG6-0640</styleUrl><description><![CDATA[Date 2026-01-22, line 1, station 399<br/>H = 443.1 m<br/>FA = 32.38 mGal<br/>CB(2.67) = -6.03 mGal (rel. base 100)]]></description><Point><coordinates>34.7457190,24.7759425,0</coordinates></Point></Placemark>
<Placemark><name>0640 L1-400</name><styleUrl>#CG6-0640</styleUrl><description><![CDATA[Date 2026-01-22, line 1, station 400<br/>H = 447.7 m<br/>FA = 32.97 mGal<br/>CB(2.67) = -5.87 mGal (rel. base 100)]]></description><Point><coordinates>34.7470317,24.7743238,0</coordinates></Point></Placemark>
<Placemark><name>0640 L1-401</name><styleUrl>#CG6-0640</styleUrl><description><![CDATA[Date 2026-01-22, line 1, station 401<br/>H = 453.8 m<br/>FA = 33.61 mGal<br/>CB(2.67) = -5.78 mGal (rel. base 100)]]></description><Point><coordinates>34.7479982,24.7730836,0</coordinates></Point></Placemark>
<Placemark><name>0640 L1-402</name><styleUrl>#CG6-0640</styleUrl><description><![CDATA[Date 2026-01-22, line 1, station 402<br/>H = 463.1 m<br/>FA = 34.41 mGal<br/>CB(2.67) = -5.70 mGal (rel. base 100)]]></description><Point><coordinates>34.7492807,24.7713687,0</coordinates></Point></Placemark>
<Placemark><name>0640 L1-403</name><styleUrl>#CG6-0640</styleUrl><description><![CDATA[Date 2026-01-22, line 1, station 403<br/>H = 478.3 m<br/>FA = 35.98 mGal<br/>CB(2.67) = -5.57 mGal (rel. base 100)]]></description><Point><coordinates>34.7502901,24.7697537,0</coordinates></Point></Placemark>
<Placemark><name>0640 L1-404</name><styleUrl>#CG6-0640</styleUrl><description><![CDATA[Date 2026-01-22, line 1, station 404<br/>H = 453.3 m<br/>FA = 32.62 mGal<br/>CB(2.67) = -5.76 mGal (rel. base 100)]]></description><Point><coordinates>34.7504556,24.7680145,0</coordinates></Point></Placemark>
<Placemark><name>0640 L1-405</name><styleUrl>#CG6-0640</styleUrl><description><![CDATA[Date 2026-01-22, line 1, station 405<br/>H = 446.1 m<br/>FA = 32.11 mGal<br/>CB(2.67) = -5.81 mGal (rel. base 100)]]></description><Point><coordinates>34.7509297,24.7663327,0</coordinates></Point></Placemark>
<Placemark><name>0640 L1-406</name><styleUrl>#CG6-0640</styleUrl><description><![CDATA[Date 2026-01-22, line 1, station 406<br/>H = 438.8 m<br/>FA = 31.60 mGal<br/>CB(2.67) = -5.73 mGal (rel. base 100)]]></description><Point><coordinates>34.7519077,24.7645747,0</coordinates></Point></Placemark>
<Placemark><name>0640 L1-407</name><styleUrl>#CG6-0640</styleUrl><description><![CDATA[Date 2026-01-22, line 1, station 407<br/>H = 433.3 m<br/>FA = 31.34 mGal<br/>CB(2.67) = -5.52 mGal (rel. base 100)]]></description><Point><coordinates>34.7526720,24.7629580,0</coordinates></Point></Placemark>
<Placemark><name>0640 L1-408</name><styleUrl>#CG6-0640</styleUrl><description><![CDATA[Date 2026-01-22, line 1, station 408<br/>H = 428.8 m<br/>FA = 31.19 mGal<br/>CB(2.67) = -5.30 mGal (rel. base 100)]]></description><Point><coordinates>34.7537765,24.7614691,0</coordinates></Point></Placemark>
<Placemark><name>0640 L1-409</name><styleUrl>#CG6-0640</styleUrl><description><![CDATA[Date 2026-01-22, line 1, station 409<br/>H = 423.7 m<br/>FA = 29.95 mGal<br/>CB(2.67) = -5.97 mGal (rel. base 100)]]></description><Point><coordinates>34.7525772,24.7603266,0</coordinates></Point></Placemark>
<Placemark><name>0640 L1-410</name><styleUrl>#CG6-0640</styleUrl><description><![CDATA[Date 2026-01-22, line 1, station 410<br/>H = 415.5 m<br/>FA = 28.88 mGal<br/>CB(2.67) = -6.33 mGal (rel. base 100)]]></description><Point><coordinates>34.7528735,24.7580353,0</coordinates></Point></Placemark>
<Placemark><name>0640 L1-411</name><styleUrl>#CG6-0640</styleUrl><description><![CDATA[Date 2026-01-22, line 1, station 411<br/>H = 410.9 m<br/>FA = 28.18 mGal<br/>CB(2.67) = -6.55 mGal (rel. base 100)]]></description><Point><coordinates>34.7534374,24.7566500,0</coordinates></Point></Placemark>
<Placemark><name>0640 L1-413</name><styleUrl>#CG6-0640</styleUrl><description><![CDATA[Date 2026-01-22, line 1, station 413<br/>H = 398.1 m<br/>FA = 26.16 mGal<br/>CB(2.67) = -7.34 mGal (rel. base 100)]]></description><Point><coordinates>34.7548931,24.7523121,0</coordinates></Point></Placemark>
<Placemark><name>0640 L1-414</name><styleUrl>#CG6-0640</styleUrl><description><![CDATA[Date 2026-01-22, line 1, station 414<br/>H = 392.5 m<br/>FA = 26.26 mGal<br/>CB(2.67) = -6.62 mGal (rel. base 100)]]></description><Point><coordinates>34.7572665,24.7519582,0</coordinates></Point></Placemark>
<Placemark><name>0640 L1-415</name><styleUrl>#CG6-0640</styleUrl><description><![CDATA[Date 2026-01-22, line 1, station 415<br/>H = 388.1 m<br/>FA = 26.27 mGal<br/>CB(2.67) = -6.10 mGal (rel. base 100)]]></description><Point><coordinates>34.7592707,24.7513410,0</coordinates></Point></Placemark>
<Placemark><name>0640 L1-416</name><styleUrl>#CG6-0640</styleUrl><description><![CDATA[Date 2026-01-22, line 1, station 416<br/>H = 383.6 m<br/>FA = 26.02 mGal<br/>CB(2.67) = -5.88 mGal (rel. base 100)]]></description><Point><coordinates>34.7606861,24.7498607,0</coordinates></Point></Placemark>
<Placemark><name>0640 L1-417</name><styleUrl>#CG6-0640</styleUrl><description><![CDATA[Date 2026-01-22, line 1, station 417<br/>H = 378.8 m<br/>FA = 25.90 mGal<br/>CB(2.67) = -5.45 mGal (rel. base 100)]]></description><Point><coordinates>34.7625819,24.7491015,0</coordinates></Point></Placemark>
<Placemark><name>0640 L1-418</name><styleUrl>#CG6-0640</styleUrl><description><![CDATA[Date 2026-01-22, line 1, station 418<br/>H = 376.0 m<br/>FA = 25.80 mGal<br/>CB(2.67) = -5.20 mGal (rel. base 100)]]></description><Point><coordinates>34.7639114,24.7483633,0</coordinates></Point></Placemark>
<Placemark><name>0640 L1-419</name><styleUrl>#CG6-0640</styleUrl><description><![CDATA[Date 2026-01-22, line 1, station 419<br/>H = 268.6 m<br/>FA = 23.65 mGal<br/>CB(2.67) = 4.72 mGal (rel. base 100)]]></description><Point><coordinates>34.8090776,24.7959785,0</coordinates></Point></Placemark>
<Placemark><name>0640 L1-420</name><styleUrl>#CG6-0640</styleUrl><description><![CDATA[Date 2026-01-22, line 1, station 420<br/>H = 274.2 m<br/>FA = 24.24 mGal<br/>CB(2.67) = 4.98 mGal (rel. base 100)]]></description><Point><coordinates>34.8087542,24.7980447,0</coordinates></Point></Placemark>
<Placemark><name>0640 L1-421</name><styleUrl>#CG6-0640</styleUrl><description><![CDATA[Date 2026-01-22, line 1, station 421<br/>H = 279.7 m<br/>FA = 24.69 mGal<br/>CB(2.67) = 4.98 mGal (rel. base 100)]]></description><Point><coordinates>34.8075546,24.7995070,0</coordinates></Point></Placemark>
<Placemark><name>0640 L1-422</name><styleUrl>#CG6-0640</styleUrl><description><![CDATA[Date 2026-01-22, line 1, station 422<br/>H = 284.5 m<br/>FA = 25.13 mGal<br/>CB(2.67) = 4.84 mGal (rel. base 100)]]></description><Point><coordinates>34.8059528,24.8004024,0</coordinates></Point></Placemark>
<Placemark><name>0640 L1-423</name><styleUrl>#CG6-0640</styleUrl><description><![CDATA[Date 2026-01-22, line 1, station 423<br/>H = 289.2 m<br/>FA = 25.67 mGal<br/>CB(2.67) = 4.66 mGal (rel. base 100)]]></description><Point><coordinates>34.8044600,24.8012063,0</coordinates></Point></Placemark>
<Placemark><name>0640 L1-424</name><styleUrl>#CG6-0640</styleUrl><description><![CDATA[Date 2026-01-22, line 1, station 424<br/>H = 294.2 m<br/>FA = 26.17 mGal<br/>CB(2.67) = 4.44 mGal (rel. base 100)]]></description><Point><coordinates>34.8029886,24.8022807,0</coordinates></Point></Placemark>
<Placemark><name>0640 L1-425</name><styleUrl>#CG6-0640</styleUrl><description><![CDATA[Date 2026-01-22, line 1, station 425<br/>H = 300.7 m<br/>FA = 26.81 mGal<br/>CB(2.67) = 4.42 mGal (rel. base 100)]]></description><Point><coordinates>34.8024446,24.8041108,0</coordinates></Point></Placemark>
<Placemark><name>0640 L1-426</name><styleUrl>#CG6-0640</styleUrl><description><![CDATA[Date 2026-01-22, line 1, station 426<br/>H = 305.4 m<br/>FA = 27.35 mGal<br/>CB(2.67) = 4.61 mGal (rel. base 100)]]></description><Point><coordinates>34.8019220,24.8056731,0</coordinates></Point></Placemark>
<Placemark><name>0640 L1-427</name><styleUrl>#CG6-0640</styleUrl><description><![CDATA[Date 2026-01-22, line 1, station 427<br/>H = 311.1 m<br/>FA = 27.97 mGal<br/>CB(2.67) = 4.53 mGal (rel. base 100)]]></description><Point><coordinates>34.8028592,24.8065358,0</coordinates></Point></Placemark>
<Placemark><name>0640 L1-428</name><styleUrl>#CG6-0640</styleUrl><description><![CDATA[Date 2026-01-22, line 1, station 428<br/>H = 315.9 m<br/>FA = 28.54 mGal<br/>CB(2.67) = 4.66 mGal (rel. base 100)]]></description><Point><coordinates>34.8031858,24.8080727,0</coordinates></Point></Placemark>
<Placemark><name>0640 L1-430</name><styleUrl>#CG6-0640</styleUrl><description><![CDATA[Date 2026-01-22, line 1, station 430<br/>H = 326.6 m<br/>FA = 29.76 mGal<br/>CB(2.67) = 4.63 mGal (rel. base 100)]]></description><Point><coordinates>34.8045220,24.8103322,0</coordinates></Point></Placemark>
<Placemark><name>0640 L1-431</name><styleUrl>#CG6-0640</styleUrl><description><![CDATA[Date 2026-01-22, line 1, station 431<br/>H = 322.3 m<br/>FA = 29.20 mGal<br/>CB(2.67) = 4.50 mGal (rel. base 100)]]></description><Point><coordinates>34.8038548,24.8102173,0</coordinates></Point></Placemark>
<Placemark><name>0640 L1-432</name><styleUrl>#CG6-0640</styleUrl><description><![CDATA[Date 2026-01-22, line 1, station 432<br/>H = 325.9 m<br/>FA = 29.22 mGal<br/>CB(2.67) = 4.11 mGal (rel. base 100)]]></description><Point><coordinates>34.8033470,24.8107220,0</coordinates></Point></Placemark>
<Placemark><name>0640 L1-433</name><styleUrl>#CG6-0640</styleUrl><description><![CDATA[Date 2026-01-23, line 1, station 433<br/>H = 230.6 m<br/>FA = 14.34 mGal<br/>CB(2.67) = -0.89 mGal (rel. base 100)]]></description><Point><coordinates>34.8923887,24.6897247,0</coordinates></Point></Placemark>
<Placemark><name>0640 L1-434</name><styleUrl>#CG6-0640</styleUrl><description><![CDATA[Date 2026-01-23, line 1, station 434<br/>H = 233.6 m<br/>FA = 14.52 mGal<br/>CB(2.67) = -1.16 mGal (rel. base 100)]]></description><Point><coordinates>34.8901806,24.6913320,0</coordinates></Point></Placemark>
<Placemark><name>0640 L1-435</name><styleUrl>#CG6-0640</styleUrl><description><![CDATA[Date 2026-01-23, line 1, station 435<br/>H = 236.5 m<br/>FA = 14.74 mGal<br/>CB(2.67) = -1.23 mGal (rel. base 100)]]></description><Point><coordinates>34.8882424,24.6929450,0</coordinates></Point></Placemark>
<Placemark><name>0640 L1-436</name><styleUrl>#CG6-0640</styleUrl><description><![CDATA[Date 2026-01-23, line 1, station 436<br/>H = 238.3 m<br/>FA = 14.91 mGal<br/>CB(2.67) = -1.26 mGal (rel. base 100)]]></description><Point><coordinates>34.8860423,24.6940802,0</coordinates></Point></Placemark>
<Placemark><name>0640 L1-437</name><styleUrl>#CG6-0640</styleUrl><description><![CDATA[Date 2026-01-23, line 1, station 437<br/>H = 241.5 m<br/>FA = 15.37 mGal<br/>CB(2.67) = -1.13 mGal (rel. base 100)]]></description><Point><coordinates>34.8850021,24.6960407,0</coordinates></Point></Placemark>
<Placemark><name>0640 L1-438</name><styleUrl>#CG6-0640</styleUrl><description><![CDATA[Date 2026-01-23, line 1, station 438<br/>H = 243.8 m<br/>FA = 15.76 mGal<br/>CB(2.67) = -0.91 mGal (rel. base 100)]]></description><Point><coordinates>34.8843260,24.6980262,0</coordinates></Point></Placemark>
<Placemark><name>0640 L1-439</name><styleUrl>#CG6-0640</styleUrl><description><![CDATA[Date 2026-01-23, line 1, station 439<br/>H = 246.7 m<br/>FA = 16.37 mGal<br/>CB(2.67) = -0.71 mGal (rel. base 100)]]></description><Point><coordinates>34.8829649,24.6994327,0</coordinates></Point></Placemark>
<Placemark><name>0640 L1-440</name><styleUrl>#CG6-0640</styleUrl><description><![CDATA[Date 2026-01-23, line 1, station 440<br/>H = 248.9 m<br/>FA = 16.65 mGal<br/>CB(2.67) = -0.61 mGal (rel. base 100)]]></description><Point><coordinates>34.8817222,24.7014212,0</coordinates></Point></Placemark>
<Placemark><name>0640 L1-441</name><styleUrl>#CG6-0640</styleUrl><description><![CDATA[Date 2026-01-23, line 1, station 441<br/>H = 250.7 m<br/>FA = 16.56 mGal<br/>CB(2.67) = -0.79 mGal (rel. base 100)]]></description><Point><coordinates>34.8805576,24.7029033,0</coordinates></Point></Placemark>
<Placemark><name>0640 L1-442</name><styleUrl>#CG6-0640</styleUrl><description><![CDATA[Date 2026-01-23, line 1, station 442<br/>H = 253.2 m<br/>FA = 17.06 mGal<br/>CB(2.67) = -0.59 mGal (rel. base 100)]]></description><Point><coordinates>34.8790324,24.7040779,0</coordinates></Point></Placemark>
<Placemark><name>0640 L1-443</name><styleUrl>#CG6-0640</styleUrl><description><![CDATA[Date 2026-01-23, line 1, station 443<br/>H = 255.9 m<br/>FA = 17.39 mGal<br/>CB(2.67) = -0.59 mGal (rel. base 100)]]></description><Point><coordinates>34.8778102,24.7055160,0</coordinates></Point></Placemark>
<Placemark><name>0640 L1-444</name><styleUrl>#CG6-0640</styleUrl><description><![CDATA[Date 2026-01-23, line 1, station 444<br/>H = 258.3 m<br/>FA = 17.72 mGal<br/>CB(2.67) = -0.59 mGal (rel. base 100)]]></description><Point><coordinates>34.8774038,24.7073165,0</coordinates></Point></Placemark>
<Placemark><name>0640 L1-445</name><styleUrl>#CG6-0640</styleUrl><description><![CDATA[Date 2026-01-23, line 1, station 445<br/>H = 261.6 m<br/>FA = 18.40 mGal<br/>CB(2.67) = -0.32 mGal (rel. base 100)]]></description><Point><coordinates>34.8773011,24.7096747,0</coordinates></Point></Placemark>
<Placemark><name>0640 L1-446</name><styleUrl>#CG6-0640</styleUrl><description><![CDATA[Date 2026-01-23, line 1, station 446<br/>H = 263.7 m<br/>FA = 18.73 mGal<br/>CB(2.67) = -0.05 mGal (rel. base 100)]]></description><Point><coordinates>34.8763981,24.7112878,0</coordinates></Point></Placemark>
<Placemark><name>0640 L1-447</name><styleUrl>#CG6-0640</styleUrl><description><![CDATA[Date 2026-01-23, line 1, station 447<br/>H = 267.0 m<br/>FA = 19.35 mGal<br/>CB(2.67) = 0.06 mGal (rel. base 100)]]></description><Point><coordinates>34.8749942,24.7134214,0</coordinates></Point></Placemark>
<Placemark><name>0640 L1-448</name><styleUrl>#CG6-0640</styleUrl><description><![CDATA[Date 2026-01-23, line 1, station 448<br/>H = 270.8 m<br/>FA = 19.79 mGal<br/>CB(2.67) = 0.10 mGal (rel. base 100)]]></description><Point><coordinates>34.8725372,24.7151988,0</coordinates></Point></Placemark>
<Placemark><name>0640 L1-449</name><styleUrl>#CG6-0640</styleUrl><description><![CDATA[Date 2026-01-23, line 1, station 449<br/>H = 274.7 m<br/>FA = 20.30 mGal<br/>CB(2.67) = 0.19 mGal (rel. base 100)]]></description><Point><coordinates>34.8713309,24.7171044,0</coordinates></Point></Placemark>
<Placemark><name>0640 L1-450</name><styleUrl>#CG6-0640</styleUrl><description><![CDATA[Date 2026-01-23, line 1, station 450<br/>H = 279.2 m<br/>FA = 21.08 mGal<br/>CB(2.67) = 0.48 mGal (rel. base 100)]]></description><Point><coordinates>34.8696900,24.7187227,0</coordinates></Point></Placemark>
<Placemark><name>0640 L1-451</name><styleUrl>#CG6-0640</styleUrl><description><![CDATA[Date 2026-01-23, line 1, station 451<br/>H = 283.9 m<br/>FA = 21.95 mGal<br/>CB(2.67) = 0.75 mGal (rel. base 100)]]></description><Point><coordinates>34.8687507,24.7206833,0</coordinates></Point></Placemark>
<Placemark><name>0640 L1-452</name><styleUrl>#CG6-0640</styleUrl><description><![CDATA[Date 2026-01-23, line 1, station 452<br/>H = 284.7 m<br/>FA = 22.26 mGal<br/>CB(2.67) = 0.94 mGal (rel. base 100)]]></description><Point><coordinates>34.8675612,24.7222438,0</coordinates></Point></Placemark>
<Placemark><name>0640 L1-453</name><styleUrl>#CG6-0640</styleUrl><description><![CDATA[Date 2026-01-23, line 1, station 453<br/>H = 283.9 m<br/>FA = 22.47 mGal<br/>CB(2.67) = 1.18 mGal (rel. base 100)]]></description><Point><coordinates>34.8658685,24.7241356,0</coordinates></Point></Placemark>
<Placemark><name>0640 L1-454</name><styleUrl>#CG6-0640</styleUrl><description><![CDATA[Date 2026-01-23, line 1, station 454<br/>H = 286.5 m<br/>FA = 23.09 mGal<br/>CB(2.67) = 1.52 mGal (rel. base 100)]]></description><Point><coordinates>34.8645706,24.7258551,0</coordinates></Point></Placemark>
<Placemark><name>0640 L1-455</name><styleUrl>#CG6-0640</styleUrl><description><![CDATA[Date 2026-01-23, line 1, station 455<br/>H = 289.2 m<br/>FA = 23.60 mGal<br/>CB(2.67) = 1.73 mGal (rel. base 100)]]></description><Point><coordinates>34.8636385,24.7274818,0</coordinates></Point></Placemark>
<Placemark><name>0640 L1-456</name><styleUrl>#CG6-0640</styleUrl><description><![CDATA[Date 2026-01-23, line 1, station 456<br/>H = 292.1 m<br/>FA = 24.22 mGal<br/>CB(2.67) = 2.06 mGal (rel. base 100)]]></description><Point><coordinates>34.8624913,24.7287768,0</coordinates></Point></Placemark>
<Placemark><name>0640 L1-457</name><styleUrl>#CG6-0640</styleUrl><description><![CDATA[Date 2026-01-23, line 1, station 457<br/>H = 296.8 m<br/>FA = 24.93 mGal<br/>CB(2.67) = 2.27 mGal (rel. base 100)]]></description><Point><coordinates>34.8613741,24.7303449,0</coordinates></Point></Placemark>
<Placemark><name>0640 L1-458</name><styleUrl>#CG6-0640</styleUrl><description><![CDATA[Date 2026-01-23, line 1, station 458<br/>H = 297.3 m<br/>FA = 25.44 mGal<br/>CB(2.67) = 2.69 mGal (rel. base 100)]]></description><Point><coordinates>34.8601121,24.7317518,0</coordinates></Point></Placemark>
<Placemark><name>0640 L1-459</name><styleUrl>#CG6-0640</styleUrl><description><![CDATA[Date 2026-01-23, line 1, station 459<br/>H = 293.3 m<br/>FA = 25.13 mGal<br/>CB(2.67) = 2.83 mGal (rel. base 100)]]></description><Point><coordinates>34.8586827,24.7330174,0</coordinates></Point></Placemark>
<Placemark><name>0640 L1-460</name><styleUrl>#CG6-0640</styleUrl><description><![CDATA[Date 2026-01-23, line 1, station 460<br/>H = 292.7 m<br/>FA = 25.13 mGal<br/>CB(2.67) = 2.88 mGal (rel. base 100)]]></description><Point><coordinates>34.8571659,24.7340759,0</coordinates></Point></Placemark>
<Placemark><name>0640 L1-461</name><styleUrl>#CG6-0640</styleUrl><description><![CDATA[Date 2026-01-23, line 1, station 461<br/>H = 295.8 m<br/>FA = 25.48 mGal<br/>CB(2.67) = 2.90 mGal (rel. base 100)]]></description><Point><coordinates>34.8551819,24.7338615,0</coordinates></Point></Placemark>
<Placemark><name>0640 L1-462</name><styleUrl>#CG6-0640</styleUrl><description><![CDATA[Date 2026-01-23, line 1, station 462<br/>H = 298.0 m<br/>FA = 25.81 mGal<br/>CB(2.67) = 3.07 mGal (rel. base 100)]]></description><Point><coordinates>34.8534496,24.7348484,0</coordinates></Point></Placemark>
<Placemark><name>0640 L1-463</name><styleUrl>#CG6-0640</styleUrl><description><![CDATA[Date 2026-01-23, line 1, station 463<br/>H = 301.3 m<br/>FA = 26.30 mGal<br/>CB(2.67) = 3.10 mGal (rel. base 100)]]></description><Point><coordinates>34.8510417,24.7334003,0</coordinates></Point></Placemark>
<Placemark><name>0640 L1-464</name><styleUrl>#CG6-0640</styleUrl><description><![CDATA[Date 2026-01-23, line 1, station 464<br/>H = 306.9 m<br/>FA = 27.34 mGal<br/>CB(2.67) = 3.49 mGal (rel. base 100)]]></description><Point><coordinates>34.8497599,24.7317937,0</coordinates></Point></Placemark>
<Placemark><name>0640 L1-465</name><styleUrl>#CG6-0640</styleUrl><description><![CDATA[Date 2026-01-23, line 1, station 465<br/>H = 296.8 m<br/>FA = 25.52 mGal<br/>CB(2.67) = 2.88 mGal (rel. base 100)]]></description><Point><coordinates>34.8556590,24.7353854,0</coordinates></Point></Placemark>
<Placemark><name>0640 L1-466</name><styleUrl>#CG6-0640</styleUrl><description><![CDATA[Date 2026-01-23, line 1, station 466<br/>H = 301.7 m<br/>FA = 26.20 mGal<br/>CB(2.67) = 3.06 mGal (rel. base 100)]]></description><Point><coordinates>34.8536990,24.7368237,0</coordinates></Point></Placemark>
<Placemark><name>0640 L1-467</name><styleUrl>#CG6-0640</styleUrl><description><![CDATA[Date 2026-01-23, line 1, station 467<br/>H = 309.3 m<br/>FA = 26.92 mGal<br/>CB(2.67) = 2.99 mGal (rel. base 100)]]></description><Point><coordinates>34.8515685,24.7385727,0</coordinates></Point></Placemark>
<Placemark><name>0640 L1-468</name><styleUrl>#CG6-0640</styleUrl><description><![CDATA[Date 2026-01-23, line 1, station 468<br/>H = 319.6 m<br/>FA = 28.52 mGal<br/>CB(2.67) = 3.28 mGal (rel. base 100)]]></description><Point><coordinates>34.8502976,24.7398954,0</coordinates></Point></Placemark>
<Placemark><name>0640 L1-469</name><styleUrl>#CG6-0640</styleUrl><description><![CDATA[Date 2026-01-23, line 1, station 469<br/>H = 307.0 m<br/>FA = 26.90 mGal<br/>CB(2.67) = 3.09 mGal (rel. base 100)]]></description><Point><coordinates>34.8488604,24.7412409,0</coordinates></Point></Placemark>
<Placemark><name>0640 L1-470</name><styleUrl>#CG6-0640</styleUrl><description><![CDATA[Date 2026-01-23, line 1, station 470<br/>H = 309.2 m<br/>FA = 27.50 mGal<br/>CB(2.67) = 3.43 mGal (rel. base 100)]]></description><Point><coordinates>34.8474936,24.7406362,0</coordinates></Point></Placemark>
<Placemark><name>0640 L1-471</name><styleUrl>#CG6-0640</styleUrl><description><![CDATA[Date 2026-01-23, line 1, station 471<br/>H = 313.4 m<br/>FA = 27.91 mGal<br/>CB(2.67) = 3.37 mGal (rel. base 100)]]></description><Point><coordinates>34.8467342,24.7385255,0</coordinates></Point></Placemark>
<Placemark><name>0640 L1-472</name><styleUrl>#CG6-0640</styleUrl><description><![CDATA[Date 2026-01-23, line 1, station 472<br/>H = 316.9 m<br/>FA = 28.05 mGal<br/>CB(2.67) = 3.16 mGal (rel. base 100)]]></description><Point><coordinates>34.8453753,24.7365380,0</coordinates></Point></Placemark>
<Placemark><name>0640 L1-473</name><styleUrl>#CG6-0640</styleUrl><description><![CDATA[Date 2026-01-23, line 1, station 473<br/>H = 321.7 m<br/>FA = 28.36 mGal<br/>CB(2.67) = 2.89 mGal (rel. base 100)]]></description><Point><coordinates>34.8434597,24.7361764,0</coordinates></Point></Placemark>
<Placemark><name>0640 L1-474</name><styleUrl>#CG6-0640</styleUrl><description><![CDATA[Date 2026-01-23, line 1, station 474<br/>H = 325.2 m<br/>FA = 29.03 mGal<br/>CB(2.67) = 3.23 mGal (rel. base 100)]]></description><Point><coordinates>34.8413792,24.7356178,0</coordinates></Point></Placemark>
<Placemark><name>0640 L1-475</name><styleUrl>#CG6-0640</styleUrl><description><![CDATA[Date 2026-01-23, line 1, station 475<br/>H = 329.5 m<br/>FA = 29.50 mGal<br/>CB(2.67) = 3.30 mGal (rel. base 100)]]></description><Point><coordinates>34.8388299,24.7350185,0</coordinates></Point></Placemark>
<Placemark><name>0640 L1-476</name><styleUrl>#CG6-0640</styleUrl><description><![CDATA[Date 2026-01-23, line 1, station 476<br/>H = 334.3 m<br/>FA = 30.64 mGal<br/>CB(2.67) = 3.89 mGal (rel. base 100)]]></description><Point><coordinates>34.8364018,24.7353242,0</coordinates></Point></Placemark>
<Placemark><name>0640 L1-477</name><styleUrl>#CG6-0640</styleUrl><description><![CDATA[Date 2026-01-23, line 1, station 477<br/>H = 339.1 m<br/>FA = 31.61 mGal<br/>CB(2.67) = 4.47 mGal (rel. base 100)]]></description><Point><coordinates>34.8347224,24.7372095,0</coordinates></Point></Placemark>
<Placemark><name>0640 L1-478</name><styleUrl>#CG6-0640</styleUrl><description><![CDATA[Date 2026-01-23, line 1, station 478<br/>H = 344.0 m<br/>FA = 32.35 mGal<br/>CB(2.67) = 4.65 mGal (rel. base 100)]]></description><Point><coordinates>34.8325435,24.7382321,0</coordinates></Point></Placemark>
<Placemark><name>0640 L1-479</name><styleUrl>#CG6-0640</styleUrl><description><![CDATA[Date 2026-01-23, line 1, station 479<br/>H = 349.1 m<br/>FA = 32.68 mGal<br/>CB(2.67) = 4.48 mGal (rel. base 100)]]></description><Point><coordinates>34.8300418,24.7380466,0</coordinates></Point></Placemark>
<Placemark><name>0640 L1-480</name><styleUrl>#CG6-0640</styleUrl><description><![CDATA[Date 2026-01-23, line 1, station 480<br/>H = 356.1 m<br/>FA = 32.96 mGal<br/>CB(2.67) = 4.05 mGal (rel. base 100)]]></description><Point><coordinates>34.8274414,24.7372878,0</coordinates></Point></Placemark>
<Placemark><name>0640 L1-481</name><styleUrl>#CG6-0640</styleUrl><description><![CDATA[Date 2026-01-23, line 1, station 481<br/>H = 362.2 m<br/>FA = 33.39 mGal<br/>CB(2.67) = 3.78 mGal (rel. base 100)]]></description><Point><coordinates>34.8254966,24.7357345,0</coordinates></Point></Placemark>
<Placemark><name>0640 L1-482</name><styleUrl>#CG6-0640</styleUrl><description><![CDATA[Date 2026-01-23, line 1, station 482<br/>H = 369.4 m<br/>FA = 34.08 mGal<br/>CB(2.67) = 3.70 mGal (rel. base 100)]]></description><Point><coordinates>34.8227156,24.7350940,0</coordinates></Point></Placemark>
<Placemark><name>0640 L1-483</name><styleUrl>#CG6-0640</styleUrl><description><![CDATA[Date 2026-01-23, line 1, station 483<br/>H = 377.2 m<br/>FA = 34.69 mGal<br/>CB(2.67) = 3.44 mGal (rel. base 100)]]></description><Point><coordinates>34.8210983,24.7333787,0</coordinates></Point></Placemark>
<Placemark><name>0640 L1-484</name><styleUrl>#CG6-0640</styleUrl><description><![CDATA[Date 2026-01-23, line 1, station 484<br/>H = 392.5 m<br/>FA = 36.82 mGal<br/>CB(2.67) = 3.73 mGal (rel. base 100)]]></description><Point><coordinates>34.8182940,24.7344827,0</coordinates></Point></Placemark>
<Placemark><name>0640 L1-485</name><styleUrl>#CG6-0640</styleUrl><description><![CDATA[Date 2026-01-23, line 1, station 485<br/>H = 378.5 m<br/>FA = 35.11 mGal<br/>CB(2.67) = 3.69 mGal (rel. base 100)]]></description><Point><coordinates>34.8175954,24.7366701,0</coordinates></Point></Placemark>
<Placemark><name>0640 L1-486</name><styleUrl>#CG6-0640</styleUrl><description><![CDATA[Date 2026-01-23, line 1, station 486<br/>H = 371.1 m<br/>FA = 34.41 mGal<br/>CB(2.67) = 3.81 mGal (rel. base 100)]]></description><Point><coordinates>34.8196076,24.7387034,0</coordinates></Point></Placemark>
<Placemark><name>0640 L1-487</name><styleUrl>#CG6-0640</styleUrl><description><![CDATA[Date 2026-01-23, line 1, station 487<br/>H = 365.6 m<br/>FA = 34.03 mGal<br/>CB(2.67) = 4.00 mGal (rel. base 100)]]></description><Point><coordinates>34.8215876,24.7396627,0</coordinates></Point></Placemark>
<Placemark><name>0640 L1-488</name><styleUrl>#CG6-0640</styleUrl><description><![CDATA[Date 2026-01-23, line 1, station 488<br/>H = 361.5 m<br/>FA = 33.69 mGal<br/>CB(2.67) = 4.10 mGal (rel. base 100)]]></description><Point><coordinates>34.8219267,24.7416747,0</coordinates></Point></Placemark>
<Placemark><name>0640 L1-489</name><styleUrl>#CG6-0640</styleUrl><description><![CDATA[Date 2026-01-23, line 1, station 489<br/>H = 350.7 m<br/>FA = 31.85 mGal<br/>CB(2.67) = 3.59 mGal (rel. base 100)]]></description><Point><coordinates>34.8219976,24.7437313,0</coordinates></Point></Placemark>
<Placemark><name>0640 L1-490</name><styleUrl>#CG6-0640</styleUrl><description><![CDATA[Date 2026-01-23, line 1, station 490<br/>H = 347.8 m<br/>FA = 32.70 mGal<br/>CB(2.67) = 4.70 mGal (rel. base 100)]]></description><Point><coordinates>34.8232483,24.7460430,0</coordinates></Point></Placemark>
<Placemark><name>0640 L1-491</name><styleUrl>#CG6-0640</styleUrl><description><![CDATA[Date 2026-01-23, line 1, station 491<br/>H = 343.4 m<br/>FA = 31.82 mGal<br/>CB(2.67) = 4.80 mGal (rel. base 100)]]></description><Point><coordinates>34.8235043,24.7486583,0</coordinates></Point></Placemark>
<Placemark><name>0640 L1-492</name><styleUrl>#CG6-0640</styleUrl><description><![CDATA[Date 2026-01-23, line 1, station 492<br/>H = 339.4 m<br/>FA = 31.43 mGal<br/>CB(2.67) = 4.89 mGal (rel. base 100)]]></description><Point><coordinates>34.8237774,24.7512500,0</coordinates></Point></Placemark>
<Placemark><name>0640 L1-493</name><styleUrl>#CG6-0640</styleUrl><description><![CDATA[Date 2026-01-23, line 1, station 493<br/>H = 333.1 m<br/>FA = 30.28 mGal<br/>CB(2.67) = 4.66 mGal (rel. base 100)]]></description><Point><coordinates>34.8240812,24.7534042,0</coordinates></Point></Placemark>
<Placemark><name>0640 L1-494</name><styleUrl>#CG6-0640</styleUrl><description><![CDATA[Date 2026-01-23, line 1, station 494<br/>H = 327.9 m<br/>FA = 29.86 mGal<br/>CB(2.67) = 4.64 mGal (rel. base 100)]]></description><Point><coordinates>34.8245911,24.7560345,0</coordinates></Point></Placemark>
<Placemark><name>0640 L1-495</name><styleUrl>#CG6-0640</styleUrl><description><![CDATA[Date 2026-01-23, line 1, station 495<br/>H = 322.6 m<br/>FA = 29.56 mGal<br/>CB(2.67) = 4.58 mGal (rel. base 100)]]></description><Point><coordinates>34.8257014,24.7585831,0</coordinates></Point></Placemark>
<Placemark><name>0640 L1-496</name><styleUrl>#CG6-0640</styleUrl><description><![CDATA[Date 2026-01-23, line 1, station 496<br/>H = 322.3 m<br/>FA = 30.58 mGal<br/>CB(2.67) = 5.39 mGal (rel. base 100)]]></description><Point><coordinates>34.8266318,24.7610198,0</coordinates></Point></Placemark>
<Placemark><name>0640 L1-497</name><styleUrl>#CG6-0640</styleUrl><description><![CDATA[Date 2026-01-23, line 1, station 497<br/>H = 316.1 m<br/>FA = 29.70 mGal<br/>CB(2.67) = 5.19 mGal (rel. base 100)]]></description><Point><coordinates>34.8281086,24.7586490,0</coordinates></Point></Placemark>
<Placemark><name>0640 L1-498</name><styleUrl>#CG6-0640</styleUrl><description><![CDATA[Date 2026-01-23, line 1, station 498<br/>H = 311.0 m<br/>FA = 29.25 mGal<br/>CB(2.67) = 5.22 mGal (rel. base 100)]]></description><Point><coordinates>34.8304730,24.7596828,0</coordinates></Point></Placemark>
<Placemark><name>0640 L1-499</name><styleUrl>#CG6-0640</styleUrl><description><![CDATA[Date 2026-01-23, line 1, station 499<br/>H = 306.1 m<br/>FA = 28.63 mGal<br/>CB(2.67) = 5.09 mGal (rel. base 100)]]></description><Point><coordinates>34.8326519,24.7605435,0</coordinates></Point></Placemark>
<Placemark><name>0640 L1-500</name><styleUrl>#CG6-0640</styleUrl><description><![CDATA[Date 2026-01-23, line 1, station 500<br/>H = 300.9 m<br/>FA = 28.18 mGal<br/>CB(2.67) = 5.16 mGal (rel. base 100)]]></description><Point><coordinates>34.8348255,24.7598827,0</coordinates></Point></Placemark>
<Placemark><name>0640 L1-501</name><styleUrl>#CG6-0640</styleUrl><description><![CDATA[Date 2026-01-23, line 1, station 501<br/>H = 297.8 m<br/>FA = 27.56 mGal<br/>CB(2.67) = 5.12 mGal (rel. base 100)]]></description><Point><coordinates>34.8345319,24.7620407,0</coordinates></Point></Placemark>
<Placemark><name>0640 L1-502</name><styleUrl>#CG6-0640</styleUrl><description><![CDATA[Date 2026-01-23, line 1, station 502<br/>H = 42.1 m<br/>FA = -7.82 mGal<br/>CB(2.67) = -0.73 mGal (rel. base 100)]]></description><Point><coordinates>34.9732121,24.8062377,0</coordinates></Point></Placemark>
<Placemark><name>0640 L1-503</name><styleUrl>#CG6-0640</styleUrl><description><![CDATA[Date 2026-01-23, line 1, station 503<br/>H = 49.9 m<br/>FA = -6.95 mGal<br/>CB(2.67) = -0.53 mGal (rel. base 100)]]></description><Point><coordinates>34.9740731,24.8044422,0</coordinates></Point></Placemark>
<Placemark><name>0640 L1-504</name><styleUrl>#CG6-0640</styleUrl><description><![CDATA[Date 2026-01-23, line 1, station 504<br/>H = 57.0 m<br/>FA = -6.11 mGal<br/>CB(2.67) = -0.81 mGal (rel. base 100)]]></description><Point><coordinates>34.9751217,24.8027846,0</coordinates></Point></Placemark>
<Placemark><name>0640 L1-505</name><styleUrl>#CG6-0640</styleUrl><description><![CDATA[Date 2026-01-23, line 1, station 505<br/>H = 65.1 m<br/>FA = -4.97 mGal<br/>CB(2.67) = -0.72 mGal (rel. base 100)]]></description><Point><coordinates>34.9763119,24.8007915,0</coordinates></Point></Placemark>
<Placemark><name>0640 L1-506</name><styleUrl>#CG6-0640</styleUrl><description><![CDATA[Date 2026-01-23, line 1, station 506<br/>H = 72.8 m<br/>FA = -4.05 mGal<br/>CB(2.67) = -0.67 mGal (rel. base 100)]]></description><Point><coordinates>34.9774915,24.7987000,0</coordinates></Point></Placemark>
<Placemark><name>0640 L1-507</name><styleUrl>#CG6-0640</styleUrl><description><![CDATA[Date 2026-01-23, line 1, station 507<br/>H = 80.7 m<br/>FA = -2.60 mGal<br/>CB(2.67) = -0.44 mGal (rel. base 100)]]></description><Point><coordinates>34.9786547,24.7968843,0</coordinates></Point></Placemark>
<Placemark><name>0640 L1-508</name><styleUrl>#CG6-0640</styleUrl><description><![CDATA[Date 2026-01-23, line 1, station 508<br/>H = 86.8 m<br/>FA = -1.49 mGal<br/>CB(2.67) = -0.29 mGal (rel. base 100)]]></description><Point><coordinates>34.9801063,24.7962936,0</coordinates></Point></Placemark>
<Placemark><name>0640 L1-509</name><styleUrl>#CG6-0640</styleUrl><description><![CDATA[Date 2026-01-23, line 1, station 509<br/>H = 93.1 m<br/>FA = -0.38 mGal<br/>CB(2.67) = 0.12 mGal (rel. base 100)]]></description><Point><coordinates>34.9808444,24.7946175,0</coordinates></Point></Placemark>
<Placemark><name>0640 L1-510</name><styleUrl>#CG6-0640</styleUrl><description><![CDATA[Date 2026-01-23, line 1, station 510<br/>H = 98.8 m<br/>FA = 0.48 mGal<br/>CB(2.67) = 0.56 mGal (rel. base 100)]]></description><Point><coordinates>34.9807835,24.7928447,0</coordinates></Point></Placemark>
<Placemark><name>0640 L1-511</name><styleUrl>#CG6-0640</styleUrl><description><![CDATA[Date 2026-01-23, line 1, station 511<br/>H = 104.9 m<br/>FA = 1.45 mGal<br/>CB(2.67) = 0.75 mGal (rel. base 100)]]></description><Point><coordinates>34.9797495,24.7913205,0</coordinates></Point></Placemark>
<Placemark><name>0640 L1-512</name><styleUrl>#CG6-0640</styleUrl><description><![CDATA[Date 2026-01-23, line 1, station 512<br/>H = 111.4 m<br/>FA = 2.05 mGal<br/>CB(2.67) = 0.55 mGal (rel. base 100)]]></description><Point><coordinates>34.9787901,24.7897267,0</coordinates></Point></Placemark>
<Placemark><name>0640 L1-513</name><styleUrl>#CG6-0640</styleUrl><description><![CDATA[Date 2026-01-23, line 1, station 513<br/>H = 118.2 m<br/>FA = 2.97 mGal<br/>CB(2.67) = 0.45 mGal (rel. base 100)]]></description><Point><coordinates>34.9789356,24.7878843,0</coordinates></Point></Placemark>
<Placemark><name>0640 L1-514</name><styleUrl>#CG6-0640</styleUrl><description><![CDATA[Date 2026-01-23, line 1, station 514<br/>H = 127.8 m<br/>FA = 4.23 mGal<br/>CB(2.67) = 0.77 mGal (rel. base 100)]]></description><Point><coordinates>34.9789075,24.7852887,0</coordinates></Point></Placemark>
<Placemark><name>0640 L1-515</name><styleUrl>#CG6-0640</styleUrl><description><![CDATA[Date 2026-01-23, line 1, station 515<br/>H = 136.6 m<br/>FA = 5.45 mGal<br/>CB(2.67) = 0.90 mGal (rel. base 100)]]></description><Point><coordinates>34.9791129,24.7833491,0</coordinates></Point></Placemark>
<Placemark><name>0640 L1-516</name><styleUrl>#CG6-0640</styleUrl><description><![CDATA[Date 2026-01-23, line 1, station 516<br/>H = 144.1 m<br/>FA = 6.35 mGal<br/>CB(2.67) = 0.94 mGal (rel. base 100)]]></description><Point><coordinates>34.9791228,24.7815180,0</coordinates></Point></Placemark>
<Placemark><name>0640 L1-517</name><styleUrl>#CG6-0640</styleUrl><description><![CDATA[Date 2026-01-23, line 1, station 517<br/>H = 146.9 m<br/>FA = 6.44 mGal<br/>CB(2.67) = 0.86 mGal (rel. base 100)]]></description><Point><coordinates>34.9792586,24.7806874,0</coordinates></Point></Placemark>
<Placemark><name>0640 L1-518</name><styleUrl>#CG6-0640</styleUrl><description><![CDATA[Date 2026-01-24, line 1, station 518<br/>H = 301.3 m<br/>FA = 27.35 mGal<br/>CB(2.67) = 4.66 mGal (rel. base 100)]]></description><Point><coordinates>34.8095045,24.7760471,0</coordinates></Point></Placemark>
<Placemark><name>0640 L1-519</name><styleUrl>#CG6-0640</styleUrl><description><![CDATA[Date 2026-01-24, line 1, station 519<br/>H = 307.2 m<br/>FA = 28.04 mGal<br/>CB(2.67) = 4.56 mGal (rel. base 100)]]></description><Point><coordinates>34.8115112,24.7752371,0</coordinates></Point></Placemark>
<Placemark><name>0640 L1-520</name><styleUrl>#CG6-0640</styleUrl><description><![CDATA[Date 2026-01-24, line 1, station 520<br/>H = 314.7 m<br/>FA = 28.86 mGal<br/>CB(2.67) = 4.48 mGal (rel. base 100)]]></description><Point><coordinates>34.8136227,24.7743262,0</coordinates></Point></Placemark>
<Placemark><name>0640 L1-521</name><styleUrl>#CG6-0640</styleUrl><description><![CDATA[Date 2026-01-24, line 1, station 521<br/>H = 323.7 m<br/>FA = 30.12 mGal<br/>CB(2.67) = 4.84 mGal (rel. base 100)]]></description><Point><coordinates>34.8159513,24.7727286,0</coordinates></Point></Placemark>
<Placemark><name>0640 L1-522</name><styleUrl>#CG6-0640</styleUrl><description><![CDATA[Date 2026-01-24, line 1, station 522<br/>H = 329.5 m<br/>FA = 31.21 mGal<br/>CB(2.67) = 5.18 mGal (rel. base 100)]]></description><Point><coordinates>34.8176387,24.7716863,0</coordinates></Point></Placemark>
<Placemark><name>0640 L1-523</name><styleUrl>#CG6-0640</styleUrl><description><![CDATA[Date 2026-01-24, line 1, station 523<br/>H = 333.7 m<br/>FA = 32.10 mGal<br/>CB(2.67) = 5.52 mGal (rel. base 100)]]></description><Point><coordinates>34.8195766,24.7704311,0</coordinates></Point></Placemark>
<Placemark><name>0640 L1-524</name><styleUrl>#CG6-0640</styleUrl><description><![CDATA[Date 2026-01-24, line 1, station 524<br/>H = 327.9 m<br/>FA = 31.77 mGal<br/>CB(2.67) = 5.85 mGal (rel. base 100)]]></description><Point><coordinates>34.8213308,24.7689502,0</coordinates></Point></Placemark>
<Placemark><name>0640 L1-525</name><styleUrl>#CG6-0640</styleUrl><description><![CDATA[Date 2026-01-24, line 1, station 525<br/>H = 321.7 m<br/>FA = 31.16 mGal<br/>CB(2.67) = 5.95 mGal (rel. base 100)]]></description><Point><coordinates>34.8234569,24.7672532,0</coordinates></Point></Placemark>
<Placemark><name>0640 L1-526</name><styleUrl>#CG6-0640</styleUrl><description><![CDATA[Date 2026-01-24, line 1, station 526<br/>H = 316.4 m<br/>FA = 30.02 mGal<br/>CB(2.67) = 5.36 mGal (rel. base 100)]]></description><Point><coordinates>34.8259113,24.7661702,0</coordinates></Point></Placemark>
<Placemark><name>0640 L1-527</name><styleUrl>#CG6-0640</styleUrl><description><![CDATA[Date 2026-01-24, line 1, station 527<br/>H = 311.7 m<br/>FA = 29.23 mGal<br/>CB(2.67) = 5.15 mGal (rel. base 100)]]></description><Point><coordinates>34.8276782,24.7644988,0</coordinates></Point></Placemark>
<Placemark><name>0640 L1-528</name><styleUrl>#CG6-0640</styleUrl><description><![CDATA[Date 2026-01-24, line 1, station 528<br/>H = 306.8 m<br/>FA = 28.68 mGal<br/>CB(2.67) = 5.10 mGal (rel. base 100)]]></description><Point><coordinates>34.8300808,24.7635595,0</coordinates></Point></Placemark>
<Placemark><name>0640 L1-529</name><styleUrl>#CG6-0640</styleUrl><description><![CDATA[Date 2026-01-24, line 1, station 529<br/>H = 302.0 m<br/>FA = 28.19 mGal<br/>CB(2.67) = 5.19 mGal (rel. base 100)]]></description><Point><coordinates>34.8327597,24.7631948,0</coordinates></Point></Placemark>
<Placemark><name>0640 L1-530</name><styleUrl>#CG6-0640</styleUrl><description><![CDATA[Date 2026-01-24, line 1, station 530<br/>H = 295.8 m<br/>FA = 27.43 mGal<br/>CB(2.67) = 5.07 mGal (rel. base 100)]]></description><Point><coordinates>34.8362830,24.7599370,0</coordinates></Point></Placemark>
<Placemark><name>0640 L1-531</name><styleUrl>#CG6-0640</styleUrl><description><![CDATA[Date 2026-01-24, line 1, station 531<br/>H = 299.0 m<br/>FA = 27.97 mGal<br/>CB(2.67) = 5.26 mGal (rel. base 100)]]></description><Point><coordinates>34.8373294,24.7580359,0</coordinates></Point></Placemark>
<Placemark><name>0640 L1-532</name><styleUrl>#CG6-0640</styleUrl><description><![CDATA[Date 2026-01-24, line 1, station 532<br/>H = 303.6 m<br/>FA = 28.47 mGal<br/>CB(2.67) = 5.18 mGal (rel. base 100)]]></description><Point><coordinates>34.8389107,24.7564939,0</coordinates></Point></Placemark>
<Placemark><name>0640 L1-533</name><styleUrl>#CG6-0640</styleUrl><description><![CDATA[Date 2026-01-24, line 1, station 533<br/>H = 309.8 m<br/>FA = 29.09 mGal<br/>CB(2.67) = 5.05 mGal (rel. base 100)]]></description><Point><coordinates>34.8402288,24.7546049,0</coordinates></Point></Placemark>
<Placemark><name>0640 L1-534</name><styleUrl>#CG6-0640</styleUrl><description><![CDATA[Date 2026-01-24, line 1, station 534<br/>H = 310.7 m<br/>FA = 29.17 mGal<br/>CB(2.67) = 4.96 mGal (rel. base 100)]]></description><Point><coordinates>34.8416937,24.7521347,0</coordinates></Point></Placemark>
<Placemark><name>0640 L1-535</name><styleUrl>#CG6-0640</styleUrl><description><![CDATA[Date 2026-01-24, line 1, station 535<br/>H = 322.8 m<br/>FA = 30.57 mGal<br/>CB(2.67) = 4.97 mGal (rel. base 100)]]></description><Point><coordinates>34.8420981,24.7504430,0</coordinates></Point></Placemark>
<Placemark><name>0640 L1-536</name><styleUrl>#CG6-0640</styleUrl><description><![CDATA[Date 2026-01-24, line 1, station 536<br/>H = 313.1 m<br/>FA = 29.19 mGal<br/>CB(2.67) = 4.71 mGal (rel. base 100)]]></description><Point><coordinates>34.8431041,24.7475465,0</coordinates></Point></Placemark>
<Placemark><name>0640 L1-538</name><styleUrl>#CG6-0640</styleUrl><description><![CDATA[Date 2026-01-24, line 1, station 538<br/>H = 308.2 m<br/>FA = 27.59 mGal<br/>CB(2.67) = 3.74 mGal (rel. base 100)]]></description><Point><coordinates>34.8467099,24.7431910,0</coordinates></Point></Placemark>
<Placemark><name>0640 L1-539</name><styleUrl>#CG6-0640</styleUrl><description><![CDATA[Date 2026-01-24, line 1, station 539<br/>H = 307.4 m<br/>FA = 27.20 mGal<br/>CB(2.67) = 3.36 mGal (rel. base 100)]]></description><Point><coordinates>34.8479251,24.7419675,0</coordinates></Point></Placemark>
<Placemark><name>0640 L1-540</name><styleUrl>#CG6-0640</styleUrl><description><![CDATA[Date 2026-01-24, line 1, station 540<br/>H = 301.5 m<br/>FA = 27.21 mGal<br/>CB(2.67) = 4.08 mGal (rel. base 100)]]></description><Point><coordinates>34.8498893,24.7444145,0</coordinates></Point></Placemark>
<Placemark><name>0640 L1-541</name><styleUrl>#CG6-0640</styleUrl><description><![CDATA[Date 2026-01-24, line 1, station 541<br/>H = 247.9 m<br/>FA = 24.11 mGal<br/>CB(2.67) = 7.12 mGal (rel. base 100)]]></description><Point><coordinates>34.8587403,24.7609022,0</coordinates></Point></Placemark>
<Placemark><name>0640 L1-542</name><styleUrl>#CG6-0640</styleUrl><description><![CDATA[Date 2026-01-24, line 1, station 542<br/>H = 254.1 m<br/>FA = 24.66 mGal<br/>CB(2.67) = 7.08 mGal (rel. base 100)]]></description><Point><coordinates>34.8598582,24.7585365,0</coordinates></Point></Placemark>
<Placemark><name>0640 L1-543</name><styleUrl>#CG6-0640</styleUrl><description><![CDATA[Date 2026-01-24, line 1, station 543<br/>H = 255.5 m<br/>FA = 24.47 mGal<br/>CB(2.67) = 6.57 mGal (rel. base 100)]]></description><Point><coordinates>34.8615825,24.7564622,0</coordinates></Point></Placemark>
<Placemark><name>0640 L1-544</name><styleUrl>#CG6-0640</styleUrl><description><![CDATA[Date 2026-01-24, line 1, station 544<br/>H = 258.2 m<br/>FA = 24.76 mGal<br/>CB(2.67) = 6.38 mGal (rel. base 100)]]></description><Point><coordinates>34.8634457,24.7557022,0</coordinates></Point></Placemark>
<Placemark><name>0640 L1-545</name><styleUrl>#CG6-0640</styleUrl><description><![CDATA[Date 2026-01-24, line 1, station 545<br/>H = 265.4 m<br/>FA = 25.74 mGal<br/>CB(2.67) = 6.45 mGal (rel. base 100)]]></description><Point><coordinates>34.8647202,24.7554483,0</coordinates></Point></Placemark>
<Placemark><name>0640 L1-546</name><styleUrl>#CG6-0640</styleUrl><description><![CDATA[Date 2026-01-24, line 1, station 546<br/>H = 258.1 m<br/>FA = 24.39 mGal<br/>CB(2.67) = 6.05 mGal (rel. base 100)]]></description><Point><coordinates>34.8629847,24.7552038,0</coordinates></Point></Placemark>
<Placemark><name>0640 L1-547</name><styleUrl>#CG6-0640</styleUrl><description><![CDATA[Date 2026-01-24, line 1, station 547<br/>H = 258.3 m<br/>FA = 23.92 mGal<br/>CB(2.67) = 5.76 mGal (rel. base 100)]]></description><Point><coordinates>34.8610219,24.7542180,0</coordinates></Point></Placemark>
<Placemark><name>0640 L1-548</name><styleUrl>#CG6-0640</styleUrl><description><![CDATA[Date 2026-01-24, line 1, station 548<br/>H = 264.6 m<br/>FA = 24.85 mGal<br/>CB(2.67) = 5.98 mGal (rel. base 100)]]></description><Point><coordinates>34.8606390,24.7526253,0</coordinates></Point></Placemark>
<Placemark><name>0640 L1-549</name><styleUrl>#CG6-0640</styleUrl><description><![CDATA[Date 2026-01-24, line 1, station 549<br/>H = 272.8 m<br/>FA = 26.92 mGal<br/>CB(2.67) = 6.99 mGal (rel. base 100)]]></description><Point><coordinates>34.8588645,24.7530730,0</coordinates></Point></Placemark>
<Placemark><name>0640 L1-551</name><styleUrl>#CG6-0640</styleUrl><description><![CDATA[Date 2026-01-24, line 1, station 551<br/>H = 278.0 m<br/>FA = 26.17 mGal<br/>CB(2.67) = 5.66 mGal (rel. base 100)]]></description><Point><coordinates>34.8577400,24.7506424,0</coordinates></Point></Placemark>
<Placemark><name>0640 L1-552</name><styleUrl>#CG6-0640</styleUrl><description><![CDATA[Date 2026-01-24, line 1, station 552<br/>H = 281.0 m<br/>FA = 26.06 mGal<br/>CB(2.67) = 5.38 mGal (rel. base 100)]]></description><Point><coordinates>34.8556811,24.7501920,0</coordinates></Point></Placemark>
<Placemark><name>0640 L1-553</name><styleUrl>#CG6-0640</styleUrl><description><![CDATA[Date 2026-01-24, line 1, station 553<br/>H = 284.9 m<br/>FA = 26.12 mGal<br/>CB(2.67) = 4.96 mGal (rel. base 100)]]></description><Point><coordinates>34.8547965,24.7484224,0</coordinates></Point></Placemark>
<Placemark><name>0640 L1-554</name><styleUrl>#CG6-0640</styleUrl><description><![CDATA[Date 2026-01-24, line 1, station 554<br/>H = 289.8 m<br/>FA = 26.53 mGal<br/>CB(2.67) = 4.78 mGal (rel. base 100)]]></description><Point><coordinates>34.8537574,24.7466356,0</coordinates></Point></Placemark>
<Placemark><name>0640 L1-555</name><styleUrl>#CG6-0640</styleUrl><description><![CDATA[Date 2026-01-24, line 1, station 555<br/>H = 293.0 m<br/>FA = 26.48 mGal<br/>CB(2.67) = 4.35 mGal (rel. base 100)]]></description><Point><coordinates>34.8539837,24.7447183,0</coordinates></Point></Placemark>
<Placemark><name>0640 L1-556</name><styleUrl>#CG6-0640</styleUrl><description><![CDATA[Date 2026-01-24, line 1, station 556<br/>H = 297.8 m<br/>FA = 26.85 mGal<br/>CB(2.67) = 4.14 mGal (rel. base 100)]]></description><Point><coordinates>34.8517597,24.7442346,0</coordinates></Point></Placemark>
<Placemark><name>0640 L1-557</name><styleUrl>#CG6-0640</styleUrl><description><![CDATA[Date 2026-01-24, line 1, station 557<br/>H = 302.9 m<br/>FA = 27.21 mGal<br/>CB(2.67) = 3.90 mGal (rel. base 100)]]></description><Point><coordinates>34.8492406,24.7439442,0</coordinates></Point></Placemark>
</Folder>
</Document></kml>