{"type": "FeatureCollection", "name": "wadi_ghadir_gravity_stations", "crs": {"type": "name", "properties": {"name": "urn:ogc:def:crs:OGC:1.3:CRS84"}}, "features": [{"type": "Feature", "geometry": {"type": "Point", "coordinates": [34.9342823, 24.7847784]}, "properties": {"Station_UID": "CG6-0313|2026-01-16|L2|S1", "Instrument": "CG6-0313", "Date": "2026-01-16", "Line": "2", "Station": "1", "H_ortho_m": 103.2658, "dg_rel_base100_mGal": -0.6677, "FA_rel_mGal": 0.51, "SB_rel_2.67_mGal": 0.1319, "CB_rel_2.67_mGal": 0.2651, "TC_2.67_mGal": 1.2566, "sigma_FA_mGal": 0.0744}}, {"type": "Feature", "geometry": {"type": "Point", "coordinates": [34.9340268, 24.7827531]}, "properties": {"Station_UID": "CG6-0313|2026-01-16|L2|S2", "Instrument": "CG6-0313", "Date": "2026-01-16", "Line": "2", "Station": "2", "H_ortho_m": 107.4106, "dg_rel_base100_mGal": -0.9572, "FA_rel_mGal": 1.639, "SB_rel_2.67_mGal": 0.797, "CB_rel_2.67_mGal": 0.4856, "TC_2.67_mGal": 0.8121, "sigma_FA_mGal": 0.0714}}, {"type": "Feature", "geometry": {"type": "Point", "coordinates": [34.9324156, 24.7832209]}, "properties": {"Station_UID": "CG6-0313|2026-01-16|L2|S3", "Instrument": "CG6-0313", "Date": "2026-01-16", "Line": "2", "Station": "3", "H_ortho_m": 109.7789, "dg_rel_base100_mGal": -1.5229, "FA_rel_mGal": 1.7722, "SB_rel_2.67_mGal": 0.665, "CB_rel_2.67_mGal": 0.3895, "TC_2.67_mGal": 0.8479, "sigma_FA_mGal": 0.0706}}, {"type": "Feature", "geometry": {"type": "Point", "coordinates": [34.9305159, 24.7835372]}, "properties": {"Station_UID": "CG6-0313|2026-01-16|L2|S4", "Instrument": "CG6-0313", "Date": "2026-01-16", "Line": "2", "Station": "4", "H_ortho_m": 114.4057, "dg_rel_base100_mGal": -2.2474, "FA_rel_mGal": 2.4542, "SB_rel_2.67_mGal": 0.829, "CB_rel_2.67_mGal": 0.398, "TC_2.67_mGal": 0.6924, "sigma_FA_mGal": 0.0716}}, {"type": "Feature", "geometry": {"type": "Point", "coordinates": [34.9288853, 24.7824445]}, "properties": {"Station_UID": "CG6-0313|2026-01-16|L2|S5", "Instrument": "CG6-0313", "Date": "2026-01-16", "Line": "2", "Station": "5", "H_ortho_m": 117.6765, "dg_rel_base100_mGal": -2.7633, "FA_rel_mGal": 3.023, "SB_rel_2.67_mGal": 1.0317, "CB_rel_2.67_mGal": 0.5704, "TC_2.67_mGal": 0.6621, "sigma_FA_mGal": 0.0708}}, {"type": "Feature", "geometry": {"type": "Point", "coordinates": [34.9269433, 24.7823892]}, "properties": {"Station_UID": "CG6-0313|2026-01-16|L2|S6", "Instrument": "CG6-0313", "Date": "2026-01-16", "Line": "2", "Station": "6", "H_ortho_m": 120.1857, "dg_rel_base100_mGal": -3.0989, "FA_rel_mGal": 3.4657, "SB_rel_2.67_mGal": 1.1934, "CB_rel_2.67_mGal": 0.7274, "TC_2.67_mGal": 0.6574, "sigma_FA_mGal": 0.0708}}, {"type": "Feature", "geometry": {"type": "Point", "coordinates": [34.9249905, 24.782756]}, "properties": {"Station_UID": "CG6-0313|2026-01-16|L2|S7", "Instrument": "CG6-0313", "Date": "2026-01-16", "Line": "2", "Station": "7", "H_ortho_m": 123.3592, "dg_rel_base100_mGal": -3.6627, "FA_rel_mGal": 3.8563, "SB_rel_2.67_mGal": 1.2288, "CB_rel_2.67_mGal": 0.8421, "TC_2.67_mGal": 0.7368, "sigma_FA_mGal": 0.0706}}, {"type": "Feature", "geometry": {"type": "Point", "coordinates": [34.9233701, 24.7822987]}, "properties": {"Station_UID": "CG6-0313|2026-01-16|L2|S8", "Instrument": "CG6-0313", "Date": "2026-01-16", "Line": "2", "Station": "8", "H_ortho_m": 125.6676, "dg_rel_base100_mGal": -3.9828, "FA_rel_mGal": 4.2802, "SB_rel_2.67_mGal": 1.3942, "CB_rel_2.67_mGal": 0.9985, "TC_2.67_mGal": 0.7277, "sigma_FA_mGal": 0.071}}, {"type": "Feature", "geometry": {"type": "Point", "coordinates": [34.9219607, 24.7809816]}, "properties": {"Station_UID": "CG6-0313|2026-01-16|L2|S9", "Instrument": "CG6-0313", "Date": "2026-01-16", "Line": "2", "Station": "9", "H_ortho_m": 128.6914, "dg_rel_base100_mGal": -5.1314, "FA_rel_mGal": 4.1555, "SB_rel_2.67_mGal": 0.9309, "CB_rel_2.67_mGal": 0.6141, "TC_2.67_mGal": 0.8066, "sigma_FA_mGal": 0.0709}}, {"type": "Feature", "geometry": {"type": "Point", "coordinates": [34.9199267, 24.7812]}, "properties": {"Station_UID": "CG6-0313|2026-01-16|L2|S10", "Instrument": "CG6-0313", "Date": "2026-01-16", "Line": "2", "Station": "10", "H_ortho_m": 131.3844, "dg_rel_base100_mGal": -5.8167, "FA_rel_mGal": 4.2863, "SB_rel_2.67_mGal": 0.7603, "CB_rel_2.67_mGal": 0.8324, "TC_2.67_mGal": 1.1954, "sigma_FA_mGal": 0.0706}}, {"type": "Feature", "geometry": {"type": "Point", "coordinates": [34.9182004, 24.780725]}, "properties": {"Station_UID": "CG6-0313|2026-01-16|L2|S11", "Instrument": "CG6-0313", "Date": "2026-01-16", "Line": "2", "Station": "11", "H_ortho_m": 134.1114, "dg_rel_base100_mGal": -6.1652, "FA_rel_mGal": 4.8122, "SB_rel_2.67_mGal": 0.9809, "CB_rel_2.67_mGal": 0.9905, "TC_2.67_mGal": 1.133, "sigma_FA_mGal": 0.0708}}, {"type": "Feature", "geometry": {"type": "Point", "coordinates": [34.916368, 24.7812819]}, "properties": {"Station_UID": "CG6-0313|2026-01-16|L2|S12", "Instrument": "CG6-0313", "Date": "2026-01-16", "Line": "2", "Station": "12", "H_ortho_m": 137.7667, "dg_rel_base100_mGal": -6.4289, "FA_rel_mGal": 5.6386, "SB_rel_2.67_mGal": 1.398, "CB_rel_2.67_mGal": 1.491, "TC_2.67_mGal": 1.2164, "sigma_FA_mGal": 0.0711}}, {"type": "Feature", "geometry": {"type": "Point", "coordinates": [34.9147882, 24.7801311]}, "properties": {"Station_UID": "CG6-0313|2026-01-16|L2|S13", "Instrument": "CG6-0313", "Date": "2026-01-16", "Line": "2", "Station": "13", "H_ortho_m": 141.3724, "dg_rel_base100_mGal": -6.8567, "FA_rel_mGal": 6.4028, "SB_rel_2.67_mGal": 1.7586, "CB_rel_2.67_mGal": 1.9623, "TC_2.67_mGal": 1.3271, "sigma_FA_mGal": 0.0708}}, {"type": "Feature", "geometry": {"type": "Point", "coordinates": [34.9134403, 24.7789328]}, "properties": {"Station_UID": "CG6-0313|2026-01-16|L2|S14", "Instrument": "CG6-0313", "Date": "2026-01-16", "Line": "2", "Station": "14", "H_ortho_m": 144.2402, "dg_rel_base100_mGal": -7.163, "FA_rel_mGal": 7.064, "SB_rel_2.67_mGal": 2.0987, "CB_rel_2.67_mGal": 2.115, "TC_2.67_mGal": 1.1397, "sigma_FA_mGal": 0.0707}}, {"type": "Feature", "geometry": {"type": "Point", "coordinates": [34.9116135, 24.7784182]}, "properties": {"Station_UID": "CG6-0313|2026-01-16|L2|S15", "Instrument": "CG6-0313", "Date": "2026-01-16", "Line": "2", "Station": "15", "H_ortho_m": 147.2083, "dg_rel_base100_mGal": -7.2806, "FA_rel_mGal": 7.8979, "SB_rel_2.67_mGal": 2.6004, "CB_rel_2.67_mGal": 2.4447, "TC_2.67_mGal": 0.9677, "sigma_FA_mGal": 0.0833}}, {"type": "Feature", "geometry": {"type": "Point", "coordinates": [34.9101011, 24.7773317]}, "properties": {"Station_UID": "CG6-0313|2026-01-16|L2|S16", "Instrument": "CG6-0313", "Date": "2026-01-16", "Line": "2", "Station": "16", "H_ortho_m": 149.6104, "dg_rel_base100_mGal": -8.0852, "FA_rel_mGal": 7.9094, "SB_rel_2.67_mGal": 2.3429, "CB_rel_2.67_mGal": 2.4942, "TC_2.67_mGal": 1.2747, "sigma_FA_mGal": 0.0707}}, {"type": "Feature", "geometry": {"type": "Point", "coordinates": [34.9091993, 24.7757814]}, "properties": {"Station_UID": "CG6-0313|2026-01-16|L2|S17", "Instrument": "CG6-0313", "Date": "2026-01-16", "Line": "2", "Station": "17", "H_ortho_m": 152.236, "dg_rel_base100_mGal": -8.4535, "FA_rel_mGal": 8.458, "SB_rel_2.67_mGal": 2.5976, "CB_rel_2.67_mGal": 2.5144, "TC_2.67_mGal": 1.0402, "sigma_FA_mGal": 0.0707}}, {"type": "Feature", "geometry": {"type": "Point", "coordinates": [34.9079209, 24.7746735]}, "properties": {"Station_UID": "CG6-0313|2026-01-16|L2|S18", "Instrument": "CG6-0313", "Date": "2026-01-16", "Line": "2", "Station": "18", "H_ortho_m": 154.8893, "dg_rel_base100_mGal": -8.8048, "FA_rel_mGal": 9.0018, "SB_rel_2.67_mGal": 2.8444, "CB_rel_2.67_mGal": 2.8824, "TC_2.67_mGal": 1.1615, "sigma_FA_mGal": 0.0707}}, {"type": "Feature", "geometry": {"type": "Point", "coordinates": [34.9040516, 24.7709377]}, "properties": {"Station_UID": "CG6-0313|2026-01-16|L2|S20", "Instrument": "CG6-0313", "Date": "2026-01-16", "Line": "2", "Station": "20", "H_ortho_m": 163.8917, "dg_rel_base100_mGal": -9.7101, "FA_rel_mGal": 11.1318, "SB_rel_2.67_mGal": 3.9665, "CB_rel_2.67_mGal": 4.1126, "TC_2.67_mGal": 1.2695, "sigma_FA_mGal": 0.0708}}, {"type": "Feature", "geometry": {"type": "Point", "coordinates": [34.9033955, 24.7693952]}, "properties": {"Station_UID": "CG6-0313|2026-01-16|L2|S21", "Instrument": "CG6-0313", "Date": "2026-01-16", "Line": "2", "Station": "21", "H_ortho_m": 166.4985, "dg_rel_base100_mGal": -10.4282, "FA_rel_mGal": 11.3243, "SB_rel_2.67_mGal": 3.8672, "CB_rel_2.67_mGal": 3.8949, "TC_2.67_mGal": 1.1511, "sigma_FA_mGal": 0.071}}, {"type": "Feature", "geometry": {"type": "Point", "coordinates": [34.9012755, 24.7702404]}, "properties": {"Station_UID": "CG6-0313|2026-01-16|L2|S22", "Instrument": "CG6-0313", "Date": "2026-01-16", "Line": "2", "Station": "22", "H_ortho_m": 170.2064, "dg_rel_base100_mGal": -10.966, "FA_rel_mGal": 11.873, "SB_rel_2.67_mGal": 4.0007, "CB_rel_2.67_mGal": 4.2577, "TC_2.67_mGal": 1.3803, "sigma_FA_mGal": 0.0708}}, {"type": "Feature", "geometry": {"type": "Point", "coordinates": [34.8995138, 24.7711359]}, "properties": {"Station_UID": "CG6-0313|2026-01-16|L2|S23", "Instrument": "CG6-0313", "Date": "2026-01-16", "Line": "2", "Station": "23", "H_ortho_m": 172.9249, "dg_rel_base100_mGal": -10.8703, "FA_rel_mGal": 12.7463, "SB_rel_2.67_mGal": 4.5697, "CB_rel_2.67_mGal": 4.5815, "TC_2.67_mGal": 1.1353, "sigma_FA_mGal": 0.072}}, {"type": "Feature", "geometry": {"type": "Point", "coordinates": [34.8977154, 24.7714298]}, "properties": {"Station_UID": "CG6-0313|2026-01-16|L2|S24", "Instrument": "CG6-0313", "Date": "2026-01-16", "Line": "2", "Station": "24", "H_ortho_m": 175.0728, "dg_rel_base100_mGal": -10.5237, "FA_rel_mGal": 13.7357, "SB_rel_2.67_mGal": 5.3187, "CB_rel_2.67_mGal": 5.4646, "TC_2.67_mGal": 1.2694, "sigma_FA_mGal": 0.0771}}, {"type": "Feature", "geometry": {"type": "Point", "coordinates": [34.8956864, 24.7718964]}, "properties": {"Station_UID": "CG6-0313|2026-01-16|L2|S25", "Instrument": "CG6-0313", "Date": "2026-01-16", "Line": "2", "Station": "25", "H_ortho_m": 177.4488, "dg_rel_base100_mGal": -10.7549, "FA_rel_mGal": 14.2059, "SB_rel_2.67_mGal": 5.5228, "CB_rel_2.67_mGal": 5.9924, "TC_2.67_mGal": 1.593, "sigma_FA_mGal": 0.071}}, {"type": "Feature", "geometry": {"type": "Point", "coordinates": [34.8930516, 24.7712837]}, "properties": {"Station_UID": "CG6-0313|2026-01-16|L2|S26", "Instrument": "CG6-0313", "Date": "2026-01-16", "Line": "2", "Station": "26", "H_ortho_m": 180.6342, "dg_rel_base100_mGal": -10.1733, "FA_rel_mGal": 15.8127, "SB_rel_2.67_mGal": 6.773, "CB_rel_2.67_mGal": 7.0677, "TC_2.67_mGal": 1.4181, "sigma_FA_mGal": 0.0709}}, {"type": "Feature", "geometry": {"type": "Point", "coordinates": [34.8910233, 24.7715924]}, "properties": {"Station_UID": "CG6-0313|2026-01-16|L3|S1", "Instrument": "CG6-0313", "Date": "2026-01-16", "Line": "3", "Station": "1", "H_ortho_m": 184.1211, "dg_rel_base100_mGal": -10.4805, "FA_rel_mGal": 16.5606, "SB_rel_2.67_mGal": 7.1306, "CB_rel_2.67_mGal": 7.5191, "TC_2.67_mGal": 1.5119, "sigma_FA_mGal": 0.0713}}, {"type": "Feature", "geometry": {"type": "Point", "coordinates": [34.8891449, 24.7715311]}, "properties": {"Station_UID": "CG6-0313|2026-01-16|L3|S2", "Instrument": "CG6-0313", "Date": "2026-01-16", "Line": "3", "Station": "2", "H_ortho_m": 186.4944, "dg_rel_base100_mGal": -10.64, "FA_rel_mGal": 17.1379, "SB_rel_2.67_mGal": 7.4421, "CB_rel_2.67_mGal": 7.7849, "TC_2.67_mGal": 1.4662, "sigma_FA_mGal": 0.0709}}, {"type": "Feature", "geometry": {"type": "Point", "coordinates": [34.8871198, 24.7716752]}, "properties": {"Station_UID": "CG6-0313|2026-01-16|L3|S3", "Instrument": "CG6-0313", "Date": "2026-01-16", "Line": "3", "Station": "3", "H_ortho_m": 189.2751, "dg_rel_base100_mGal": -11.3122, "FA_rel_mGal": 17.3141, "SB_rel_2.67_mGal": 7.3071, "CB_rel_2.67_mGal": 7.707, "TC_2.67_mGal": 1.5234, "sigma_FA_mGal": 0.0707}}, {"type": "Feature", "geometry": {"type": "Point", "coordinates": [34.8852674, 24.772063]}, "properties": {"Station_UID": "CG6-0313|2026-01-16|L3|S4", "Instrument": "CG6-0313", "Date": "2026-01-16", "Line": "3", "Station": "4", "H_ortho_m": 192.1508, "dg_rel_base100_mGal": -11.6433, "FA_rel_mGal": 17.844, "SB_rel_2.67_mGal": 7.515, "CB_rel_2.67_mGal": 7.6562, "TC_2.67_mGal": 1.2647, "sigma_FA_mGal": 0.0734}}, {"type": "Feature", "geometry": {"type": "Point", "coordinates": [34.8835181, 24.7726528]}, "properties": {"Station_UID": "CG6-0313|2026-01-16|L3|S5", "Instrument": "CG6-0313", "Date": "2026-01-16", "Line": "3", "Station": "5", "H_ortho_m": 194.5021, "dg_rel_base100_mGal": -12.2988, "FA_rel_mGal": 17.8738, "SB_rel_2.67_mGal": 7.2815, "CB_rel_2.67_mGal": 7.5581, "TC_2.67_mGal": 1.4, "sigma_FA_mGal": 0.0707}}, {"type": "Feature", "geometry": {"type": "Point", "coordinates": [34.8816926, 24.7732135]}, "properties": {"Station_UID": "CG6-0313|2026-01-16|L3|S6", "Instrument": "CG6-0313", "Date": "2026-01-16", "Line": "3", "Station": "6", "H_ortho_m": 196.8509, "dg_rel_base100_mGal": -12.7907, "FA_rel_mGal": 18.0683, "SB_rel_2.67_mGal": 7.2131, "CB_rel_2.67_mGal": 7.5692, "TC_2.67_mGal": 1.4795, "sigma_FA_mGal": 0.071}}, {"type": "Feature", "geometry": {"type": "Point", "coordinates": [34.8798125, 24.7736676]}, "properties": {"Station_UID": "CG6-0313|2026-01-16|L3|S7", "Instrument": "CG6-0313", "Date": "2026-01-16", "Line": "3", "Station": "7", "H_ortho_m": 199.3445, "dg_rel_base100_mGal": -13.1603, "FA_rel_mGal": 18.4372, "SB_rel_2.67_mGal": 7.3028, "CB_rel_2.67_mGal": 7.3351, "TC_2.67_mGal": 1.1557, "sigma_FA_mGal": 0.0726}}, {"type": "Feature", "geometry": {"type": "Point", "coordinates": [34.878013, 24.7742446]}, "properties": {"Station_UID": "CG6-0313|2026-01-16|L3|S8", "Instrument": "CG6-0313", "Date": "2026-01-16", "Line": "3", "Station": "8", "H_ortho_m": 201.8815, "dg_rel_base100_mGal": -13.6234, "FA_rel_mGal": 18.7176, "SB_rel_2.67_mGal": 7.2992, "CB_rel_2.67_mGal": 7.2732, "TC_2.67_mGal": 1.0974, "sigma_FA_mGal": 0.0719}}, {"type": "Feature", "geometry": {"type": "Point", "coordinates": [34.8760238, 24.7748043]}, "properties": {"Station_UID": "CG6-0313|2026-01-16|L3|S9", "Instrument": "CG6-0313", "Date": "2026-01-16", "Line": "3", "Station": "9", "H_ortho_m": 204.8376, "dg_rel_base100_mGal": -14.0068, "FA_rel_mGal": 19.2082, "SB_rel_2.67_mGal": 7.4589, "CB_rel_2.67_mGal": 7.2368, "TC_2.67_mGal": 0.9014, "sigma_FA_mGal": 0.0713}}, {"type": "Feature", "geometry": {"type": "Point", "coordinates": [34.8740039, 24.7754884]}, "properties": {"Station_UID": "CG6-0313|2026-01-16|L3|S3", "Instrument": "CG6-0313", "Date": "2026-01-16", "Line": "3", "Station": "3", "H_ortho_m": 208.8311, "dg_rel_base100_mGal": -14.8127, "FA_rel_mGal": 19.5879, "SB_rel_2.67_mGal": 7.3915, "CB_rel_2.67_mGal": 7.1845, "TC_2.67_mGal": 0.9164, "sigma_FA_mGal": 0.0707}}, {"type": "Feature", "geometry": {"type": "Point", "coordinates": [34.8740039, 24.7754884]}, "properties": {"Station_UID": "CG6-0313|2026-01-16|L3|S10", "Instrument": "CG6-0313", "Date": "2026-01-16", "Line": "3", "Station": "10", "H_ortho_m": 208.8311, "dg_rel_base100_mGal": -14.8299, "FA_rel_mGal": 19.5708, "SB_rel_2.67_mGal": 7.3744, "CB_rel_2.67_mGal": 7.1673, "TC_2.67_mGal": 0.9164, "sigma_FA_mGal": 0.0707}}, {"type": "Feature", "geometry": {"type": "Point", "coordinates": [34.8722502, 24.7759712]}, "properties": {"Station_UID": "CG6-0313|2026-01-16|L3|S11", "Instrument": "CG6-0313", "Date": "2026-01-16", "Line": "3", "Station": "11", "H_ortho_m": 211.8841, "dg_rel_base100_mGal": -15.6805, "FA_rel_mGal": 19.6293, "SB_rel_2.67_mGal": 7.0911, "CB_rel_2.67_mGal": 7.1762, "TC_2.67_mGal": 1.2085, "sigma_FA_mGal": 0.071}}, {"type": "Feature", "geometry": {"type": "Point", "coordinates": [34.8705959, 24.7764244]}, "properties": {"Station_UID": "CG6-0313|2026-01-16|L3|S12", "Instrument": "CG6-0313", "Date": "2026-01-16", "Line": "3", "Station": "12", "H_ortho_m": 215.0806, "dg_rel_base100_mGal": -16.1084, "FA_rel_mGal": 20.1569, "SB_rel_2.67_mGal": 7.2608, "CB_rel_2.67_mGal": 7.1492, "TC_2.67_mGal": 1.0118, "sigma_FA_mGal": 0.0708}}, {"type": "Feature", "geometry": {"type": "Point", "coordinates": [34.8686386, 24.7765371]}, "properties": {"Station_UID": "CG6-0313|2026-01-16|L3|S13", "Instrument": "CG6-0313", "Date": "2026-01-16", "Line": "3", "Station": "13", "H_ortho_m": 218.9676, "dg_rel_base100_mGal": -16.8118, "FA_rel_mGal": 20.6456, "SB_rel_2.67_mGal": 7.3144, "CB_rel_2.67_mGal": 6.9695, "TC_2.67_mGal": 0.7786, "sigma_FA_mGal": 0.0707}}, {"type": "Feature", "geometry": {"type": "Point", "coordinates": [34.8669004, 24.7770237]}, "properties": {"Station_UID": "CG6-0313|2026-01-16|L3|S14", "Instrument": "CG6-0313", "Date": "2026-01-16", "Line": "3", "Station": "14", "H_ortho_m": 222.2467, "dg_rel_base100_mGal": -17.4715, "FA_rel_mGal": 20.9645, "SB_rel_2.67_mGal": 7.2662, "CB_rel_2.67_mGal": 7.0206, "TC_2.67_mGal": 0.8778, "sigma_FA_mGal": 0.0707}}, {"type": "Feature", "geometry": {"type": "Point", "coordinates": [34.8649201, 24.7775943]}, "properties": {"Station_UID": "CG6-0313|2026-01-16|L3|S15", "Instrument": "CG6-0313", "Date": "2026-01-16", "Line": "3", "Station": "15", "H_ortho_m": 225.8668, "dg_rel_base100_mGal": -17.9445, "FA_rel_mGal": 21.5697, "SB_rel_2.67_mGal": 7.4661, "CB_rel_2.67_mGal": 7.1639, "TC_2.67_mGal": 0.8213, "sigma_FA_mGal": 0.0733}}, {"type": "Feature", "geometry": {"type": "Point", "coordinates": [34.8630464, 24.7778482]}, "properties": {"Station_UID": "CG6-0313|2026-01-16|L3|S16", "Instrument": "CG6-0313", "Date": "2026-01-16", "Line": "3", "Station": "16", "H_ortho_m": 228.9632, "dg_rel_base100_mGal": -18.3586, "FA_rel_mGal": 22.0939, "SB_rel_2.67_mGal": 7.6436, "CB_rel_2.67_mGal": 7.4404, "TC_2.67_mGal": 0.9202, "sigma_FA_mGal": 0.0708}}, {"type": "Feature", "geometry": {"type": "Point", "coordinates": [34.8613911, 24.778603]}, "properties": {"Station_UID": "CG6-0313|2026-01-16|L3|S17", "Instrument": "CG6-0313", "Date": "2026-01-16", "Line": "3", "Station": "17", "H_ortho_m": 232.3567, "dg_rel_base100_mGal": -18.9153, "FA_rel_mGal": 22.5329, "SB_rel_2.67_mGal": 7.7027, "CB_rel_2.67_mGal": 7.3931, "TC_2.67_mGal": 0.8138, "sigma_FA_mGal": 0.0707}}, {"type": "Feature", "geometry": {"type": "Point", "coordinates": [34.8593936, 24.7787427]}, "properties": {"Station_UID": "CG6-0313|2026-01-16|L3|S18", "Instrument": "CG6-0313", "Date": "2026-01-16", "Line": "3", "Station": "18", "H_ortho_m": 235.8315, "dg_rel_base100_mGal": -19.2554, "FA_rel_mGal": 23.2557, "SB_rel_2.67_mGal": 8.0365, "CB_rel_2.67_mGal": 7.6712, "TC_2.67_mGal": 0.7582, "sigma_FA_mGal": 0.0708}}, {"type": "Feature", "geometry": {"type": "Point", "coordinates": [34.8585072, 24.7800109]}, "properties": {"Station_UID": "CG6-0313|2026-01-16|L3|S19", "Instrument": "CG6-0313", "Date": "2026-01-16", "Line": "3", "Station": "19", "H_ortho_m": 239.3454, "dg_rel_base100_mGal": -19.8945, "FA_rel_mGal": 23.614, "SB_rel_2.67_mGal": 8.0014, "CB_rel_2.67_mGal": 7.4733, "TC_2.67_mGal": 0.5953, "sigma_FA_mGal": 0.0737}}, {"type": "Feature", "geometry": {"type": "Point", "coordinates": [34.8570849, 24.7813576]}, "properties": {"Station_UID": "CG6-0313|2026-01-16|L3|S20", "Instrument": "CG6-0313", "Date": "2026-01-16", "Line": "3", "Station": "20", "H_ortho_m": 243.289, "dg_rel_base100_mGal": -20.725, "FA_rel_mGal": 23.9082, "SB_rel_2.67_mGal": 7.8541, "CB_rel_2.67_mGal": 7.3425, "TC_2.67_mGal": 0.6118, "sigma_FA_mGal": 0.0757}}, {"type": "Feature", "geometry": {"type": "Point", "coordinates": [34.8554852, 24.7810123]}, "properties": {"Station_UID": "CG6-0313|2026-01-16|L3|S21", "Instrument": "CG6-0313", "Date": "2026-01-16", "Line": "3", "Station": "21", "H_ortho_m": 246.5523, "dg_rel_base100_mGal": -21.4034, "FA_rel_mGal": 24.2607, "SB_rel_2.67_mGal": 7.8413, "CB_rel_2.67_mGal": 7.3213, "TC_2.67_mGal": 0.6034, "sigma_FA_mGal": 0.0709}}, {"type": "Feature", "geometry": {"type": "Point", "coordinates": [34.8534304, 24.7807916]}, "properties": {"Station_UID": "CG6-0313|2026-01-16|L3|S22", "Instrument": "CG6-0313", "Date": "2026-01-16", "Line": "3", "Station": "22", "H_ortho_m": 250.3957, "dg_rel_base100_mGal": -22.2689, "FA_rel_mGal": 24.5968, "SB_rel_2.67_mGal": 7.7471, "CB_rel_2.67_mGal": 7.2911, "TC_2.67_mGal": 0.6674, "sigma_FA_mGal": 0.0708}}, {"type": "Feature", "geometry": {"type": "Point", "coordinates": [34.8520057, 24.7818073]}, "properties": {"Station_UID": "CG6-0313|2026-01-16|L3|S23", "Instrument": "CG6-0313", "Date": "2026-01-16", "Line": "3", "Station": "23", "H_ortho_m": 253.3401, "dg_rel_base100_mGal": -22.709, "FA_rel_mGal": 24.9957, "SB_rel_2.67_mGal": 7.8163, "CB_rel_2.67_mGal": 7.3906, "TC_2.67_mGal": 0.6977, "sigma_FA_mGal": 0.0709}}, {"type": "Feature", "geometry": {"type": "Point", "coordinates": [34.8501226, 24.78222]}, "properties": {"Station_UID": "CG6-0313|2026-01-16|L3|S24", "Instrument": "CG6-0313", "Date": "2026-01-16", "Line": "3", "Station": "24", "H_ortho_m": 257.6015, "dg_rel_base100_mGal": -23.3272, "FA_rel_mGal": 25.6644, "SB_rel_2.67_mGal": 8.008, "CB_rel_2.67_mGal": 7.4923, "TC_2.67_mGal": 0.6077, "sigma_FA_mGal": 0.0721}}, {"type": "Feature", "geometry": {"type": "Point", "coordinates": [34.8482741, 24.7821056]}, "properties": {"Station_UID": "CG6-0313|2026-01-16|L3|S25", "Instrument": "CG6-0313", "Date": "2026-01-16", "Line": "3", "Station": "25", "H_ortho_m": 261.5848, "dg_rel_base100_mGal": -24.1393, "FA_rel_mGal": 26.0897, "SB_rel_2.67_mGal": 7.9873, "CB_rel_2.67_mGal": 7.4224, "TC_2.67_mGal": 0.5585, "sigma_FA_mGal": 0.0708}}, {"type": "Feature", "geometry": {"type": "Point", "coordinates": [34.8462982, 24.7815058]}, "properties": {"Station_UID": "CG6-0313|2026-01-16|L3|S26", "Instrument": "CG6-0313", "Date": "2026-01-16", "Line": "3", "Station": "26", "H_ortho_m": 265.9934, "dg_rel_base100_mGal": -25.13, "FA_rel_mGal": 26.5009, "SB_rel_2.67_mGal": 7.9049, "CB_rel_2.67_mGal": 7.3256, "TC_2.67_mGal": 0.5441, "sigma_FA_mGal": 0.0714}}, {"type": "Feature", "geometry": {"type": "Point", "coordinates": [34.8446979, 24.7819909]}, "properties": {"Station_UID": "CG6-0313|2026-01-16|L3|S27", "Instrument": "CG6-0313", "Date": "2026-01-16", "Line": "3", "Station": "27", "H_ortho_m": 269.7829, "dg_rel_base100_mGal": -25.9785, "FA_rel_mGal": 26.7887, "SB_rel_2.67_mGal": 7.7686, "CB_rel_2.67_mGal": 7.1949, "TC_2.67_mGal": 0.5498, "sigma_FA_mGal": 0.0723}}, {"type": "Feature", "geometry": {"type": "Point", "coordinates": [34.8426632, 24.7824534]}, "properties": {"Station_UID": "CG6-0313|2026-01-16|L3|S28", "Instrument": "CG6-0313", "Date": "2026-01-16", "Line": "3", "Station": "28", "H_ortho_m": 274.7306, "dg_rel_base100_mGal": -27.0402, "FA_rel_mGal": 27.2223, "SB_rel_2.67_mGal": 7.6483, "CB_rel_2.67_mGal": 7.101, "TC_2.67_mGal": 0.5762, "sigma_FA_mGal": 0.0733}}, {"type": "Feature", "geometry": {"type": "Point", "coordinates": [34.8410908, 24.78335]}, "properties": {"Station_UID": "CG6-0313|2026-01-16|L3|S29", "Instrument": "CG6-0313", "Date": "2026-01-16", "Line": "3", "Station": "29", "H_ortho_m": 278.9773, "dg_rel_base100_mGal": -27.8061, "FA_rel_mGal": 27.7056, "SB_rel_2.67_mGal": 7.6561, "CB_rel_2.67_mGal": 7.1137, "TC_2.67_mGal": 0.581, "sigma_FA_mGal": 0.0799}}, {"type": "Feature", "geometry": {"type": "Point", "coordinates": [34.8392764, 24.7839519]}, "properties": {"Station_UID": "CG6-0313|2026-01-16|L3|S30", "Instrument": "CG6-0313", "Date": "2026-01-16", "Line": "3", "Station": "30", "H_ortho_m": 283.197, "dg_rel_base100_mGal": -28.8731, "FA_rel_mGal": 27.8996, "SB_rel_2.67_mGal": 7.3777, "CB_rel_2.67_mGal": 6.8787, "TC_2.67_mGal": 0.6244, "sigma_FA_mGal": 0.0709}}, {"type": "Feature", "geometry": {"type": "Point", "coordinates": [34.8373474, 24.7851297]}, "properties": {"Station_UID": "CG6-0313|2026-01-16|L3|S31", "Instrument": "CG6-0313", "Date": "2026-01-16", "Line": "3", "Station": "31", "H_ortho_m": 292.4862, "dg_rel_base100_mGal": -30.7588, "FA_rel_mGal": 28.8002, "SB_rel_2.67_mGal": 7.2383, "CB_rel_2.67_mGal": 6.6364, "TC_2.67_mGal": 0.5215, "sigma_FA_mGal": 0.0712}}, {"type": "Feature", "geometry": {"type": "Point", "coordinates": [34.8354075, 24.7860336]}, "properties": {"Station_UID": "CG6-0313|2026-01-17|L3|S32", "Instrument": "CG6-0313", "Date": "2026-01-17", "Line": "3", "Station": "32", "H_ortho_m": 283.3173, "dg_rel_base100_mGal": -29.1844, "FA_rel_mGal": 27.4825, "SB_rel_2.67_mGal": 6.9471, "CB_rel_2.67_mGal": 6.499, "TC_2.67_mGal": 0.6753, "sigma_FA_mGal": 0.0709}}, {"type": "Feature", "geometry": {"type": "Point", "coordinates": [34.8345671, 24.7874884]}, "properties": {"Station_UID": "CG6-0313|2026-01-17|L3|S33", "Instrument": "CG6-0313", "Date": "2026-01-17", "Line": "3", "Station": "33", "H_ortho_m": 277.8771, "dg_rel_base100_mGal": -27.9775, "FA_rel_mGal": 26.9103, "SB_rel_2.67_mGal": 6.984, "CB_rel_2.67_mGal": 6.496, "TC_2.67_mGal": 0.6354, "sigma_FA_mGal": 0.0708}}, {"type": "Feature", "geometry": {"type": "Point", "coordinates": [34.8335806, 24.78907]}, "properties": {"Station_UID": "CG6-0313|2026-01-17|L3|S34", "Instrument": "CG6-0313", "Date": "2026-01-17", "Line": "3", "Station": "34", "H_ortho_m": 273.1963, "dg_rel_base100_mGal": -26.9604, "FA_rel_mGal": 26.3741, "SB_rel_2.67_mGal": 6.9718, "CB_rel_2.67_mGal": 6.3858, "TC_2.67_mGal": 0.5374, "sigma_FA_mGal": 0.0708}}, {"type": "Feature", "geometry": {"type": "Point", "coordinates": [34.8334469, 24.7907709]}, "properties": {"Station_UID": "CG6-0313|2026-01-17|L3|S35", "Instrument": "CG6-0313", "Date": "2026-01-17", "Line": "3", "Station": "35", "H_ortho_m": 268.2451, "dg_rel_base100_mGal": -25.8895, "FA_rel_mGal": 25.7999, "SB_rel_2.67_mGal": 6.9519, "CB_rel_2.67_mGal": 6.3815, "TC_2.67_mGal": 0.553, "sigma_FA_mGal": 0.0708}}, {"type": "Feature", "geometry": {"type": "Point", "coordinates": [34.8351237, 24.7912987]}, "properties": {"Station_UID": "CG6-0313|2026-01-17|L3|S36", "Instrument": "CG6-0313", "Date": "2026-01-17", "Line": "3", "Station": "36", "H_ortho_m": 262.4853, "dg_rel_base100_mGal": -24.755, "FA_rel_mGal": 25.1203, "SB_rel_2.67_mGal": 6.9171, "CB_rel_2.67_mGal": 6.4858, "TC_2.67_mGal": 0.6921, "sigma_FA_mGal": 0.0708}}, {"type": "Feature", "geometry": {"type": "Point", "coordinates": [34.8360128, 24.7918531]}, "properties": {"Station_UID": "CG6-0313|2026-01-17|L3|S37", "Instrument": "CG6-0313", "Date": "2026-01-17", "Line": "3", "Station": "37", "H_ortho_m": 260.5962, "dg_rel_base100_mGal": -24.2292, "FA_rel_mGal": 25.0249, "SB_rel_2.67_mGal": 7.0332, "CB_rel_2.67_mGal": 6.6373, "TC_2.67_mGal": 0.7275, "sigma_FA_mGal": 0.0708}}, {"type": "Feature", "geometry": {"type": "Point", "coordinates": [34.8372831, 24.7917382]}, "properties": {"Station_UID": "CG6-0313|2026-01-17|L3|S38", "Instrument": "CG6-0313", "Date": "2026-01-17", "Line": "3", "Station": "38", "H_ortho_m": 253.3605, "dg_rel_base100_mGal": -22.6422, "FA_rel_mGal": 24.3865, "SB_rel_2.67_mGal": 7.2049, "CB_rel_2.67_mGal": 6.8696, "TC_2.67_mGal": 0.7882, "sigma_FA_mGal": 0.0708}}, {"type": "Feature", "geometry": {"type": "Point", "coordinates": [34.8381653, 24.7930483]}, "properties": {"Station_UID": "CG6-0313|2026-01-17|L3|S39", "Instrument": "CG6-0313", "Date": "2026-01-17", "Line": "3", "Station": "39", "H_ortho_m": 248.8988, "dg_rel_base100_mGal": -21.7284, "FA_rel_mGal": 23.8331, "SB_rel_2.67_mGal": 7.151, "CB_rel_2.67_mGal": 6.8497, "TC_2.67_mGal": 0.8222, "sigma_FA_mGal": 0.0708}}, {"type": "Feature", "geometry": {"type": "Point", "coordinates": [34.8382866, 24.7941347]}, "properties": {"Station_UID": "CG6-0313|2026-01-17|L3|S40", "Instrument": "CG6-0313", "Date": "2026-01-17", "Line": "3", "Station": "40", "H_ortho_m": 245.8087, "dg_rel_base100_mGal": -21.0665, "FA_rel_mGal": 23.4666, "SB_rel_2.67_mGal": 7.1304, "CB_rel_2.67_mGal": 6.7713, "TC_2.67_mGal": 0.7643, "sigma_FA_mGal": 0.0708}}, {"type": "Feature", "geometry": {"type": "Point", "coordinates": [34.8383947, 24.7954229]}, "properties": {"Station_UID": "CG6-0313|2026-01-17|L3|S41", "Instrument": "CG6-0313", "Date": "2026-01-17", "Line": "3", "Station": "41", "H_ortho_m": 240.3107, "dg_rel_base100_mGal": -20.2579, "FA_rel_mGal": 22.4897, "SB_rel_2.67_mGal": 6.769, "CB_rel_2.67_mGal": 6.7031, "TC_2.67_mGal": 1.0575, "sigma_FA_mGal": 0.0708}}, {"type": "Feature", "geometry": {"type": "Point", "coordinates": [34.837218, 24.7969889]}, "properties": {"Station_UID": "CG6-0313|2026-01-17|L3|S42", "Instrument": "CG6-0313", "Date": "2026-01-17", "Line": "3", "Station": "42", "H_ortho_m": 235.2934, "dg_rel_base100_mGal": -19.0753, "FA_rel_mGal": 22.016, "SB_rel_2.67_mGal": 6.8571, "CB_rel_2.67_mGal": 6.5056, "TC_2.67_mGal": 0.7719, "sigma_FA_mGal": 0.0709}}, {"type": "Feature", "geometry": {"type": "Point", "coordinates": [34.8764181, 24.7744978]}, "properties": {"Station_UID": "CG6-0313|2026-01-17|L4|S1", "Instrument": "CG6-0313", "Date": "2026-01-17", "Line": "4", "Station": "1", "H_ortho_m": 203.9612, "dg_rel_base100_mGal": -13.8091, "FA_rel_mGal": 19.1564, "SB_rel_2.67_mGal": 7.5052, "CB_rel_2.67_mGal": 7.2415, "TC_2.67_mGal": 0.8598, "sigma_FA_mGal": 0.0708}}, {"type": "Feature", "geometry": {"type": "Point", "coordinates": [34.8743001, 24.7735105]}, "properties": {"Station_UID": "CG6-0313|2026-01-17|L4|S2", "Instrument": "CG6-0313", "Date": "2026-01-17", "Line": "4", "Station": "2", "H_ortho_m": 206.9253, "dg_rel_base100_mGal": -14.1841, "FA_rel_mGal": 19.7641, "SB_rel_2.67_mGal": 7.781, "CB_rel_2.67_mGal": 7.4091, "TC_2.67_mGal": 0.7515, "sigma_FA_mGal": 0.0708}}, {"type": "Feature", "geometry": {"type": "Point", "coordinates": [34.8725917, 24.7739351]}, "properties": {"Station_UID": "CG6-0313|2026-01-17|L4|S3", "Instrument": "CG6-0313", "Date": "2026-01-17", "Line": "4", "Station": "3", "H_ortho_m": 209.8835, "dg_rel_base100_mGal": -14.8493, "FA_rel_mGal": 19.9828, "SB_rel_2.67_mGal": 7.6686, "CB_rel_2.67_mGal": 7.3654, "TC_2.67_mGal": 0.8202, "sigma_FA_mGal": 0.0709}}, {"type": "Feature", "geometry": {"type": "Point", "coordinates": [34.8708592, 24.7741786]}, "properties": {"Station_UID": "CG6-0313|2026-01-17|L4|S4", "Instrument": "CG6-0313", "Date": "2026-01-17", "Line": "4", "Station": "4", "H_ortho_m": 212.7136, "dg_rel_base100_mGal": -15.3804, "FA_rel_mGal": 20.3086, "SB_rel_2.67_mGal": 7.6775, "CB_rel_2.67_mGal": 7.2089, "TC_2.67_mGal": 0.6548, "sigma_FA_mGal": 0.0708}}, {"type": "Feature", "geometry": {"type": "Point", "coordinates": [34.8675961, 24.7722866]}, "properties": {"Station_UID": "CG6-0313|2026-01-17|L4|S5", "Instrument": "CG6-0313", "Date": "2026-01-17", "Line": "4", "Station": "5", "H_ortho_m": 217.5054, "dg_rel_base100_mGal": -16.0592, "FA_rel_mGal": 21.2387, "SB_rel_2.67_mGal": 8.0712, "CB_rel_2.67_mGal": 7.7064, "TC_2.67_mGal": 0.7586, "sigma_FA_mGal": 0.0708}}, {"type": "Feature", "geometry": {"type": "Point", "coordinates": [34.8656687, 24.7721665]}, "properties": {"Station_UID": "CG6-0313|2026-01-17|L4|S6", "Instrument": "CG6-0313", "Date": "2026-01-17", "Line": "4", "Station": "6", "H_ortho_m": 221.1195, "dg_rel_base100_mGal": -16.3269, "FA_rel_mGal": 22.0948, "SB_rel_2.67_mGal": 8.5227, "CB_rel_2.67_mGal": 8.0741, "TC_2.67_mGal": 0.6749, "sigma_FA_mGal": 0.0708}}, {"type": "Feature", "geometry": {"type": "Point", "coordinates": [34.8646346, 24.7709404]}, "properties": {"Station_UID": "CG6-0313|2026-01-17|L4|S7", "Instrument": "CG6-0313", "Date": "2026-01-17", "Line": "4", "Station": "7", "H_ortho_m": 223.8577, "dg_rel_base100_mGal": -16.6239, "FA_rel_mGal": 22.7272, "SB_rel_2.67_mGal": 8.8485, "CB_rel_2.67_mGal": 8.4239, "TC_2.67_mGal": 0.6988, "sigma_FA_mGal": 0.0708}}, {"type": "Feature", "geometry": {"type": "Point", "coordinates": [34.8638835, 24.769272]}, "properties": {"Station_UID": "CG6-0313|2026-01-17|L4|S8", "Instrument": "CG6-0313", "Date": "2026-01-17", "Line": "4", "Station": "8", "H_ortho_m": 226.549, "dg_rel_base100_mGal": -17.2798, "FA_rel_mGal": 23.0165, "SB_rel_2.67_mGal": 8.8366, "CB_rel_2.67_mGal": 8.5867, "TC_2.67_mGal": 0.8736, "sigma_FA_mGal": 0.0707}}, {"type": "Feature", "geometry": {"type": "Point", "coordinates": [34.8632683, 24.7675609]}, "properties": {"Station_UID": "CG6-0313|2026-01-17|L4|S9", "Instrument": "CG6-0313", "Date": "2026-01-17", "Line": "4", "Station": "9", "H_ortho_m": 228.9228, "dg_rel_base100_mGal": -18.0662, "FA_rel_mGal": 23.0804, "SB_rel_2.67_mGal": 8.6347, "CB_rel_2.67_mGal": 8.5628, "TC_2.67_mGal": 1.0516, "sigma_FA_mGal": 0.0707}}, {"type": "Feature", "geometry": {"type": "Point", "coordinates": [34.8624892, 24.7662635]}, "properties": {"Station_UID": "CG6-0313|2026-01-17|L4|S10", "Instrument": "CG6-0313", "Date": "2026-01-17", "Line": "4", "Station": "10", "H_ortho_m": 232.3581, "dg_rel_base100_mGal": -18.9256, "FA_rel_mGal": 23.3703, "SB_rel_2.67_mGal": 8.54, "CB_rel_2.67_mGal": 8.4516, "TC_2.67_mGal": 1.035, "sigma_FA_mGal": 0.0707}}, {"type": "Feature", "geometry": {"type": "Point", "coordinates": [34.8633578, 24.7646287]}, "properties": {"Station_UID": "CG6-0313|2026-01-17|L4|S11", "Instrument": "CG6-0313", "Date": "2026-01-17", "Line": "4", "Station": "11", "H_ortho_m": 234.5499, "dg_rel_base100_mGal": -19.8453, "FA_rel_mGal": 23.2394, "SB_rel_2.67_mGal": 8.1637, "CB_rel_2.67_mGal": 8.3234, "TC_2.67_mGal": 1.2831, "sigma_FA_mGal": 0.0709}}, {"type": "Feature", "geometry": {"type": "Point", "coordinates": [34.8630993, 24.7631957]}, "properties": {"Station_UID": "CG6-0313|2026-01-17|L4|S12", "Instrument": "CG6-0313", "Date": "2026-01-17", "Line": "4", "Station": "12", "H_ortho_m": 237.3172, "dg_rel_base100_mGal": -20.4394, "FA_rel_mGal": 23.5979, "SB_rel_2.67_mGal": 8.2124, "CB_rel_2.67_mGal": 8.2019, "TC_2.67_mGal": 1.1129, "sigma_FA_mGal": 0.0707}}, {"type": "Feature", "geometry": {"type": "Point", "coordinates": [34.8616393, 24.7641204]}, "properties": {"Station_UID": "CG6-0313|2026-01-17|L4|S13", "Instrument": "CG6-0313", "Date": "2026-01-17", "Line": "4", "Station": "13", "H_ortho_m": 241.2838, "dg_rel_base100_mGal": -20.7046, "FA_rel_mGal": 24.4935, "SB_rel_2.67_mGal": 8.6639, "CB_rel_2.67_mGal": 8.2468, "TC_2.67_mGal": 0.7063, "sigma_FA_mGal": 0.0707}}, {"type": "Feature", "geometry": {"type": "Point", "coordinates": [34.8605332, 24.7625505]}, "properties": {"Station_UID": "CG6-0313|2026-01-17|L4|S14", "Instrument": "CG6-0313", "Date": "2026-01-17", "Line": "4", "Station": "14", "H_ortho_m": 243.8137, "dg_rel_base100_mGal": -21.8587, "FA_rel_mGal": 24.2281, "SB_rel_2.67_mGal": 8.1153, "CB_rel_2.67_mGal": 7.7184, "TC_2.67_mGal": 0.7266, "sigma_FA_mGal": 0.0707}}, {"type": "Feature", "geometry": {"type": "Point", "coordinates": [34.8592231, 24.7612862]}, "properties": {"Station_UID": "CG6-0313|2026-01-17|L4|S15", "Instrument": "CG6-0313", "Date": "2026-01-17", "Line": "4", "Station": "15", "H_ortho_m": 246.6709, "dg_rel_base100_mGal": -22.8787, "FA_rel_mGal": 24.1767, "SB_rel_2.67_mGal": 7.744, "CB_rel_2.67_mGal": 7.3285, "TC_2.67_mGal": 0.7079, "sigma_FA_mGal": 0.0707}}, {"type": "Feature", "geometry": {"type": "Point", "coordinates": [34.8579811, 24.76234]}, "properties": {"Station_UID": "CG6-0313|2026-01-17|L4|S16", "Instrument": "CG6-0313", "Date": "2026-01-17", "Line": "4", "Station": "16", "H_ortho_m": 249.8674, "dg_rel_base100_mGal": -23.3192, "FA_rel_mGal": 24.6505, "SB_rel_2.67_mGal": 7.86, "CB_rel_2.67_mGal": 7.3824, "TC_2.67_mGal": 0.6458, "sigma_FA_mGal": 0.0707}}, {"type": "Feature", "geometry": {"type": "Point", "coordinates": [34.857143, 24.7639821]}, "properties": {"Station_UID": "CG6-0313|2026-01-17|L4|S17", "Instrument": "CG6-0313", "Date": "2026-01-17", "Line": "4", "Station": "17", "H_ortho_m": 252.6057, "dg_rel_base100_mGal": -23.4717, "FA_rel_mGal": 25.2304, "SB_rel_2.67_mGal": 8.1333, "CB_rel_2.67_mGal": 7.7569, "TC_2.67_mGal": 0.7471, "sigma_FA_mGal": 0.0707}}, {"type": "Feature", "geometry": {"type": "Point", "coordinates": [34.8555455, 24.7652221]}, "properties": {"Station_UID": "CG6-0313|2026-01-17|L4|S18", "Instrument": "CG6-0313", "Date": "2026-01-17", "Line": "4", "Station": "18", "H_ortho_m": 255.9437, "dg_rel_base100_mGal": -23.8172, "FA_rel_mGal": 25.8301, "SB_rel_2.67_mGal": 8.3593, "CB_rel_2.67_mGal": 7.8115, "TC_2.67_mGal": 0.5756, "sigma_FA_mGal": 0.0707}}, {"type": "Feature", "geometry": {"type": "Point", "coordinates": [34.8537854, 24.7653132]}, "properties": {"Station_UID": "CG6-0313|2026-01-17|L4|S19", "Instrument": "CG6-0313", "Date": "2026-01-17", "Line": "4", "Station": "19", "H_ortho_m": 258.6356, "dg_rel_base100_mGal": -24.3786, "FA_rel_mGal": 26.0934, "SB_rel_2.67_mGal": 8.3212, "CB_rel_2.67_mGal": 7.7178, "TC_2.67_mGal": 0.5201, "sigma_FA_mGal": 0.0707}}, {"type": "Feature", "geometry": {"type": "Point", "coordinates": [34.8522321, 24.7644039]}, "properties": {"Station_UID": "CG6-0313|2026-01-17|L4|S20", "Instrument": "CG6-0313", "Date": "2026-01-17", "Line": "4", "Station": "20", "H_ortho_m": 261.2191, "dg_rel_base100_mGal": -25.4437, "FA_rel_mGal": 25.8881, "SB_rel_2.67_mGal": 7.8267, "CB_rel_2.67_mGal": 7.2725, "TC_2.67_mGal": 0.5693, "sigma_FA_mGal": 0.0707}}, {"type": "Feature", "geometry": {"type": "Point", "coordinates": [34.8517319, 24.7626849]}, "properties": {"Station_UID": "CG6-0313|2026-01-17|L4|S21", "Instrument": "CG6-0313", "Date": "2026-01-17", "Line": "4", "Station": "21", "H_ortho_m": 264.2395, "dg_rel_base100_mGal": -26.584, "FA_rel_mGal": 25.7981, "SB_rel_2.67_mGal": 7.3985, "CB_rel_2.67_mGal": 6.8664, "TC_2.67_mGal": 0.5913, "sigma_FA_mGal": 0.0706}}, {"type": "Feature", "geometry": {"type": "Point", "coordinates": [34.8518377, 24.7609044]}, "properties": {"Station_UID": "CG6-0313|2026-01-17|L4|S22", "Instrument": "CG6-0313", "Date": "2026-01-17", "Line": "4", "Station": "22", "H_ortho_m": 266.4463, "dg_rel_base100_mGal": -27.4515, "FA_rel_mGal": 25.734, "SB_rel_2.67_mGal": 7.0874, "CB_rel_2.67_mGal": 6.7208, "TC_2.67_mGal": 0.7569, "sigma_FA_mGal": 0.0707}}, {"type": "Feature", "geometry": {"type": "Point", "coordinates": [34.8510285, 24.7599826]}, "properties": {"Station_UID": "CG6-0313|2026-01-17|L4|S23", "Instrument": "CG6-0313", "Date": "2026-01-17", "Line": "4", "Station": "23", "H_ortho_m": 269.5928, "dg_rel_base100_mGal": -28.4388, "FA_rel_mGal": 25.7811, "SB_rel_2.67_mGal": 6.7822, "CB_rel_2.67_mGal": 6.5486, "TC_2.67_mGal": 0.8897, "sigma_FA_mGal": 0.0706}}, {"type": "Feature", "geometry": {"type": "Point", "coordinates": [34.8492206, 24.760568]}, "properties": {"Station_UID": "CG6-0313|2026-01-17|L4|S24", "Instrument": "CG6-0313", "Date": "2026-01-17", "Line": "4", "Station": "24", "H_ortho_m": 272.2567, "dg_rel_base100_mGal": -28.8879, "FA_rel_mGal": 26.1141, "SB_rel_2.67_mGal": 6.8169, "CB_rel_2.67_mGal": 6.4723, "TC_2.67_mGal": 0.7787, "sigma_FA_mGal": 0.0706}}, {"type": "Feature", "geometry": {"type": "Point", "coordinates": [34.8475168, 24.7609098]}, "properties": {"Station_UID": "CG6-0313|2026-01-17|L4|S25", "Instrument": "CG6-0313", "Date": "2026-01-17", "Line": "4", "Station": "25", "H_ortho_m": 275.5211, "dg_rel_base100_mGal": -29.5399, "FA_rel_mGal": 26.4461, "SB_rel_2.67_mGal": 6.7835, "CB_rel_2.67_mGal": 6.4186, "TC_2.67_mGal": 0.7585, "sigma_FA_mGal": 0.0707}}, {"type": "Feature", "geometry": {"type": "Point", "coordinates": [34.8468285, 24.7594935]}, "properties": {"Station_UID": "CG6-0313|2026-01-17|L4|S26", "Instrument": "CG6-0313", "Date": "2026-01-17", "Line": "4", "Station": "26", "H_ortho_m": 278.9479, "dg_rel_base100_mGal": -30.6388, "FA_rel_mGal": 26.5021, "SB_rel_2.67_mGal": 6.4559, "CB_rel_2.67_mGal": 6.0618, "TC_2.67_mGal": 0.7293, "sigma_FA_mGal": 0.0706}}, {"type": "Feature", "geometry": {"type": "Point", "coordinates": [34.8449143, 24.7593656]}, "properties": {"Station_UID": "CG6-0313|2026-01-17|L4|S27", "Instrument": "CG6-0313", "Date": "2026-01-17", "Line": "4", "Station": "27", "H_ortho_m": 282.3212, "dg_rel_base100_mGal": -31.4626, "FA_rel_mGal": 26.7283, "SB_rel_2.67_mGal": 6.3044, "CB_rel_2.67_mGal": 5.8727, "TC_2.67_mGal": 0.6916, "sigma_FA_mGal": 0.0707}}, {"type": "Feature", "geometry": {"type": "Point", "coordinates": [34.8430289, 24.7598988]}, "properties": {"Station_UID": "CG6-0313|2026-01-17|L4|S28", "Instrument": "CG6-0313", "Date": "2026-01-17", "Line": "4", "Station": "28", "H_ortho_m": 284.4409, "dg_rel_base100_mGal": -32.134, "FA_rel_mGal": 26.6746, "SB_rel_2.67_mGal": 6.0134, "CB_rel_2.67_mGal": 5.7153, "TC_2.67_mGal": 0.8253, "sigma_FA_mGal": 0.0706}}, {"type": "Feature", "geometry": {"type": "Point", "coordinates": [34.841185, 24.7605532]}, "properties": {"Station_UID": "CG6-0313|2026-01-17|L4|S29", "Instrument": "CG6-0313", "Date": "2026-01-17", "Line": "4", "Station": "29", "H_ortho_m": 286.9737, "dg_rel_base100_mGal": -32.8073, "FA_rel_mGal": 26.7381, "SB_rel_2.67_mGal": 5.7933, "CB_rel_2.67_mGal": 5.613, "TC_2.67_mGal": 0.9431, "sigma_FA_mGal": 0.0706}}, {"type": "Feature", "geometry": {"type": "Point", "coordinates": [34.8391746, 24.7607395]}, "properties": {"Station_UID": "CG6-0313|2026-01-17|L4|S30", "Instrument": "CG6-0313", "Date": "2026-01-17", "Line": "4", "Station": "30", "H_ortho_m": 290.2287, "dg_rel_base100_mGal": -33.4868, "FA_rel_mGal": 27.0504, "SB_rel_2.67_mGal": 5.7413, "CB_rel_2.67_mGal": 5.5617, "TC_2.67_mGal": 0.9438, "sigma_FA_mGal": 0.0706}}, {"type": "Feature", "geometry": {"type": "Point", "coordinates": [34.8371438, 24.760578]}, "properties": {"Station_UID": "CG6-0313|2026-01-18|L4|S31", "Instrument": "CG6-0313", "Date": "2026-01-18", "Line": "4", "Station": "31", "H_ortho_m": 293.2736, "dg_rel_base100_mGal": -34.3259, "FA_rel_mGal": 27.1623, "SB_rel_2.67_mGal": 5.5123, "CB_rel_2.67_mGal": 5.2133, "TC_2.67_mGal": 0.8245, "sigma_FA_mGal": 0.0706}}, {"type": "Feature", "geometry": {"type": "Point", "coordinates": [34.8351637, 24.7611533]}, "properties": {"Station_UID": "CG6-0313|2026-01-18|L4|S32", "Instrument": "CG6-0313", "Date": "2026-01-18", "Line": "4", "Station": "32", "H_ortho_m": 296.8708, "dg_rel_base100_mGal": -34.9592, "FA_rel_mGal": 27.5997, "SB_rel_2.67_mGal": 5.5469, "CB_rel_2.67_mGal": 5.1336, "TC_2.67_mGal": 0.71, "sigma_FA_mGal": 0.0706}}, {"type": "Feature", "geometry": {"type": "Point", "coordinates": [34.8346568, 24.7602083]}, "properties": {"Station_UID": "CG6-0313|2026-01-18|L4|S33", "Instrument": "CG6-0313", "Date": "2026-01-18", "Line": "4", "Station": "33", "H_ortho_m": 299.7436, "dg_rel_base100_mGal": -35.3908, "FA_rel_mGal": 28.1197, "SB_rel_2.67_mGal": 5.7453, "CB_rel_2.67_mGal": 5.2377, "TC_2.67_mGal": 0.6158, "sigma_FA_mGal": 0.0706}}, {"type": "Feature", "geometry": {"type": "Point", "coordinates": [34.8336216, 24.7597448]}, "properties": {"Station_UID": "CG6-0313|2026-01-18|L4|S34", "Instrument": "CG6-0313", "Date": "2026-01-18", "Line": "4", "Station": "34", "H_ortho_m": 303.6783, "dg_rel_base100_mGal": -36.3562, "FA_rel_mGal": 28.4006, "SB_rel_2.67_mGal": 5.5857, "CB_rel_2.67_mGal": 5.084, "TC_2.67_mGal": 0.6217, "sigma_FA_mGal": 0.0705}}, {"type": "Feature", "geometry": {"type": "Point", "coordinates": [34.8319425, 24.7606558]}, "properties": {"Station_UID": "CG6-0313|2026-01-18|L4|S35", "Instrument": "CG6-0313", "Date": "2026-01-18", "Line": "4", "Station": "35", "H_ortho_m": 307.4556, "dg_rel_base100_mGal": -37.1696, "FA_rel_mGal": 28.6904, "SB_rel_2.67_mGal": 5.4527, "CB_rel_2.67_mGal": 5.0195, "TC_2.67_mGal": 0.6902, "sigma_FA_mGal": 0.0706}}, {"type": "Feature", "geometry": {"type": "Point", "coordinates": [34.8304565, 24.7597169]}, "properties": {"Station_UID": "CG6-0313|2026-01-18|L4|S36", "Instrument": "CG6-0313", "Date": "2026-01-18", "Line": "4", "Station": "36", "H_ortho_m": 310.9714, "dg_rel_base100_mGal": -37.7207, "FA_rel_mGal": 29.2889, "SB_rel_2.67_mGal": 5.6576, "CB_rel_2.67_mGal": 5.2638, "TC_2.67_mGal": 0.7297, "sigma_FA_mGal": 0.0706}}, {"type": "Feature", "geometry": {"type": "Point", "coordinates": [34.8292174, 24.7584045]}, "properties": {"Station_UID": "CG6-0313|2026-01-18|L4|S37", "Instrument": "CG6-0313", "Date": "2026-01-18", "Line": "4", "Station": "37", "H_ortho_m": 314.4239, "dg_rel_base100_mGal": -38.5759, "FA_rel_mGal": 29.5895, "SB_rel_2.67_mGal": 5.5716, "CB_rel_2.67_mGal": 5.2571, "TC_2.67_mGal": 0.8089, "sigma_FA_mGal": 0.0706}}, {"type": "Feature", "geometry": {"type": "Point", "coordinates": [34.8277425, 24.7590663]}, "properties": {"Station_UID": "CG6-0313|2026-01-18|L4|S38", "Instrument": "CG6-0313", "Date": "2026-01-18", "Line": "4", "Station": "38", "H_ortho_m": 317.186, "dg_rel_base100_mGal": -39.0889, "FA_rel_mGal": 29.8835, "SB_rel_2.67_mGal": 5.5565, "CB_rel_2.67_mGal": 5.3044, "TC_2.67_mGal": 0.8714, "sigma_FA_mGal": 0.0706}}, {"type": "Feature", "geometry": {"type": "Point", "coordinates": [34.8269301, 24.7605697]}, "properties": {"Station_UID": "CG6-0313|2026-01-18|L4|S39", "Instrument": "CG6-0313", "Date": "2026-01-18", "Line": "4", "Station": "39", "H_ortho_m": 320.4965, "dg_rel_base100_mGal": -39.535, "FA_rel_mGal": 30.356, "SB_rel_2.67_mGal": 5.6583, "CB_rel_2.67_mGal": 5.3779, "TC_2.67_mGal": 0.8431, "sigma_FA_mGal": 0.0706}}, {"type": "Feature", "geometry": {"type": "Point", "coordinates": [34.8259965, 24.76005]}, "properties": {"Station_UID": "CG6-0313|2026-01-18|L4|S40", "Instrument": "CG6-0313", "Date": "2026-01-18", "Line": "4", "Station": "40", "H_ortho_m": 324.3482, "dg_rel_base100_mGal": -40.372, "FA_rel_mGal": 30.7435, "SB_rel_2.67_mGal": 5.6146, "CB_rel_2.67_mGal": 5.3349, "TC_2.67_mGal": 0.8437, "sigma_FA_mGal": 0.0706}}, {"type": "Feature", "geometry": {"type": "Point", "coordinates": [34.8255419, 24.7582645]}, "properties": {"Station_UID": "CG6-0313|2026-01-18|L4|S41", "Instrument": "CG6-0313", "Date": "2026-01-18", "Line": "4", "Station": "41", "H_ortho_m": 327.2194, "dg_rel_base100_mGal": -41.2383, "FA_rel_mGal": 30.886, "SB_rel_2.67_mGal": 5.4356, "CB_rel_2.67_mGal": 5.3137, "TC_2.67_mGal": 1.0015, "sigma_FA_mGal": 0.0706}}, {"type": "Feature", "geometry": {"type": "Point", "coordinates": [34.8247547, 24.7565939]}, "properties": {"Station_UID": "CG6-0313|2026-01-18|L4|S42", "Instrument": "CG6-0313", "Date": "2026-01-18", "Line": "4", "Station": "42", "H_ortho_m": 330.8135, "dg_rel_base100_mGal": -42.4097, "FA_rel_mGal": 30.9385, "SB_rel_2.67_mGal": 5.0858, "CB_rel_2.67_mGal": 5.1524, "TC_2.67_mGal": 1.1901, "sigma_FA_mGal": 0.0706}}, {"type": "Feature", "geometry": {"type": "Point", "coordinates": [34.8243942, 24.7549382]}, "properties": {"Station_UID": "CG6-0313|2026-01-18|L4|S43", "Instrument": "CG6-0313", "Date": "2026-01-18", "Line": "4", "Station": "43", "H_ortho_m": 333.3901, "dg_rel_base100_mGal": -43.1714, "FA_rel_mGal": 31.0858, "SB_rel_2.67_mGal": 4.9446, "CB_rel_2.67_mGal": 5.1736, "TC_2.67_mGal": 1.3524, "sigma_FA_mGal": 0.0706}}, {"type": "Feature", "geometry": {"type": "Point", "coordinates": [34.8240416, 24.7533481]}, "properties": {"Station_UID": "CG6-0313|2026-01-18|L4|S44", "Instrument": "CG6-0313", "Date": "2026-01-18", "Line": "4", "Station": "44", "H_ortho_m": 335.9237, "dg_rel_base100_mGal": -44.0078, "FA_rel_mGal": 31.1404, "SB_rel_2.67_mGal": 4.7156, "CB_rel_2.67_mGal": 5.0635, "TC_2.67_mGal": 1.4713, "sigma_FA_mGal": 0.0706}}, {"type": "Feature", "geometry": {"type": "Point", "coordinates": [34.8237471, 24.7514616]}, "properties": {"Station_UID": "CG6-0313|2026-01-18|L4|S45", "Instrument": "CG6-0313", "Date": "2026-01-18", "Line": "4", "Station": "45", "H_ortho_m": 339.0624, "dg_rel_base100_mGal": -44.8453, "FA_rel_mGal": 31.4011, "SB_rel_2.67_mGal": 4.6249, "CB_rel_2.67_mGal": 4.8784, "TC_2.67_mGal": 1.3769, "sigma_FA_mGal": 0.0705}}, {"type": "Feature", "geometry": {"type": "Point", "coordinates": [34.8236413, 24.7496857]}, "properties": {"Station_UID": "CG6-0313|2026-01-18|L4|S46", "Instrument": "CG6-0313", "Date": "2026-01-18", "Line": "4", "Station": "46", "H_ortho_m": 342.246, "dg_rel_base100_mGal": -45.6948, "FA_rel_mGal": 31.6561, "SB_rel_2.67_mGal": 4.5235, "CB_rel_2.67_mGal": 4.8841, "TC_2.67_mGal": 1.484, "sigma_FA_mGal": 0.0709}}, {"type": "Feature", "geometry": {"type": "Point", "coordinates": [34.8233704, 24.7479866]}, "properties": {"Station_UID": "CG6-0313|2026-01-18|L4|S47", "Instrument": "CG6-0313", "Date": "2026-01-18", "Line": "4", "Station": "47", "H_ortho_m": 344.9496, "dg_rel_base100_mGal": -46.1995, "FA_rel_mGal": 32.1025, "SB_rel_2.67_mGal": 4.6672, "CB_rel_2.67_mGal": 4.803, "TC_2.67_mGal": 1.2592, "sigma_FA_mGal": 0.0706}}, {"type": "Feature", "geometry": {"type": "Point", "coordinates": [34.8233714, 24.7463416]}, "properties": {"Station_UID": "CG6-0313|2026-01-18|L4|S48", "Instrument": "CG6-0313", "Date": "2026-01-18", "Line": "4", "Station": "48", "H_ortho_m": 347.6812, "dg_rel_base100_mGal": -46.5898, "FA_rel_mGal": 32.6682, "SB_rel_2.67_mGal": 4.9271, "CB_rel_2.67_mGal": 4.7276, "TC_2.67_mGal": 0.9239, "sigma_FA_mGal": 0.0706}}, {"type": "Feature", "geometry": {"type": "Point", "coordinates": [34.8229749, 24.7446266]}, "properties": {"Station_UID": "CG6-0313|2026-01-18|L4|S49", "Instrument": "CG6-0313", "Date": "2026-01-18", "Line": "4", "Station": "49", "H_ortho_m": 352.0925, "dg_rel_base100_mGal": -47.693, "FA_rel_mGal": 33.0441, "SB_rel_2.67_mGal": 4.8092, "CB_rel_2.67_mGal": 4.4647, "TC_2.67_mGal": 0.779, "sigma_FA_mGal": 0.0706}}, {"type": "Feature", "geometry": {"type": "Point", "coordinates": [34.822257, 24.7433142]}, "properties": {"Station_UID": "CG6-0313|2026-01-18|L4|S50", "Instrument": "CG6-0313", "Date": "2026-01-18", "Line": "4", "Station": "50", "H_ortho_m": 356.7405, "dg_rel_base100_mGal": -48.7832, "FA_rel_mGal": 33.4786, "SB_rel_2.67_mGal": 4.7233, "CB_rel_2.67_mGal": 4.3775, "TC_2.67_mGal": 0.7776, "sigma_FA_mGal": 0.0707}}, {"type": "Feature", "geometry": {"type": "Point", "coordinates": [34.8221335, 24.7927887]}, "properties": {"Station_UID": "CG6-0313|2026-01-18|L5|S1", "Instrument": "CG6-0313", "Date": "2026-01-18", "Line": "5", "Station": "1", "H_ortho_m": 253.4212, "dg_rel_base100_mGal": -23.6417, "FA_rel_mGal": 23.3336, "SB_rel_2.67_mGal": 6.1451, "CB_rel_2.67_mGal": 5.7331, "TC_2.67_mGal": 0.7114, "sigma_FA_mGal": 0.0515}}, {"type": "Feature", "geometry": {"type": "Point", "coordinates": [34.8202468, 24.7917782]}, "properties": {"Station_UID": "CG6-0313|2026-01-18|L5|S2", "Instrument": "CG6-0313", "Date": "2026-01-18", "Line": "5", "Station": "2", "H_ortho_m": 255.319, "dg_rel_base100_mGal": -24.2805, "FA_rel_mGal": 23.3499, "SB_rel_2.67_mGal": 5.949, "CB_rel_2.67_mGal": 5.6664, "TC_2.67_mGal": 0.8408, "sigma_FA_mGal": 0.0514}}, {"type": "Feature", "geometry": {"type": "Point", "coordinates": [34.8187009, 24.7907528]}, "properties": {"Station_UID": "CG6-0313|2026-01-18|L5|S3", "Instrument": "CG6-0313", "Date": "2026-01-18", "Line": "5", "Station": "3", "H_ortho_m": 257.6312, "dg_rel_base100_mGal": -24.994, "FA_rel_mGal": 23.4206, "SB_rel_2.67_mGal": 5.7609, "CB_rel_2.67_mGal": 5.7582, "TC_2.67_mGal": 1.1208, "sigma_FA_mGal": 0.0515}}, {"type": "Feature", "geometry": {"type": "Point", "coordinates": [34.8177866, 24.7891835]}, "properties": {"Station_UID": "CG6-0313|2026-01-18|L5|S4", "Instrument": "CG6-0313", "Date": "2026-01-18", "Line": "5", "Station": "4", "H_ortho_m": 260.4358, "dg_rel_base100_mGal": -25.9817, "FA_rel_mGal": 23.4063, "SB_rel_2.67_mGal": 5.4326, "CB_rel_2.67_mGal": 5.24, "TC_2.67_mGal": 0.9309, "sigma_FA_mGal": 0.0515}}, {"type": "Feature", "geometry": {"type": "Point", "coordinates": [34.817098, 24.7875887]}, "properties": {"Station_UID": "CG6-0313|2026-01-18|L5|S5", "Instrument": "CG6-0313", "Date": "2026-01-18", "Line": "5", "Station": "5", "H_ortho_m": 262.6131, "dg_rel_base100_mGal": -26.6712, "FA_rel_mGal": 23.4984, "SB_rel_2.67_mGal": 5.2809, "CB_rel_2.67_mGal": 5.125, "TC_2.67_mGal": 0.9675, "sigma_FA_mGal": 0.0514}}, {"type": "Feature", "geometry": {"type": "Point", "coordinates": [34.8158244, 24.7862919]}, "properties": {"Station_UID": "CG6-0313|2026-01-18|L5|S6", "Instrument": "CG6-0313", "Date": "2026-01-18", "Line": "5", "Station": "6", "H_ortho_m": 265.9674, "dg_rel_base100_mGal": -27.2753, "FA_rel_mGal": 24.0187, "SB_rel_2.67_mGal": 5.4257, "CB_rel_2.67_mGal": 5.2551, "TC_2.67_mGal": 0.9528, "sigma_FA_mGal": 0.0514}}, {"type": "Feature", "geometry": {"type": "Point", "coordinates": [34.8138992, 24.7868341]}, "properties": {"Station_UID": "CG6-0313|2026-01-18|L5|S7", "Instrument": "CG6-0313", "Date": "2026-01-18", "Line": "5", "Station": "7", "H_ortho_m": 268.5335, "dg_rel_base100_mGal": -27.8098, "FA_rel_mGal": 24.239, "SB_rel_2.67_mGal": 5.3587, "CB_rel_2.67_mGal": 5.3403, "TC_2.67_mGal": 1.105, "sigma_FA_mGal": 0.0515}}, {"type": "Feature", "geometry": {"type": "Point", "coordinates": [34.8119104, 24.7875329]}, "properties": {"Station_UID": "CG6-0313|2026-01-18|L5|S8", "Instrument": "CG6-0313", "Date": "2026-01-18", "Line": "5", "Station": "8", "H_ortho_m": 271.4323, "dg_rel_base100_mGal": -28.5208, "FA_rel_mGal": 24.3748, "SB_rel_2.67_mGal": 5.1699, "CB_rel_2.67_mGal": 5.1649, "TC_2.67_mGal": 1.1184, "sigma_FA_mGal": 0.0516}}, {"type": "Feature", "geometry": {"type": "Point", "coordinates": [34.8101071, 24.7877966]}, "properties": {"Station_UID": "CG6-0313|2026-01-18|L5|S9", "Instrument": "CG6-0313", "Date": "2026-01-18", "Line": "5", "Station": "9", "H_ortho_m": 274.2128, "dg_rel_base100_mGal": -29.4311, "FA_rel_mGal": 24.3045, "SB_rel_2.67_mGal": 4.7884, "CB_rel_2.67_mGal": 4.8634, "TC_2.67_mGal": 1.1984, "sigma_FA_mGal": 0.0514}}, {"type": "Feature", "geometry": {"type": "Point", "coordinates": [34.8092328, 24.7861855]}, "properties": {"Station_UID": "CG6-0313|2026-01-18|L5|S10", "Instrument": "CG6-0313", "Date": "2026-01-18", "Line": "5", "Station": "10", "H_ortho_m": 276.4216, "dg_rel_base100_mGal": -29.8398, "FA_rel_mGal": 24.6883, "SB_rel_2.67_mGal": 4.9249, "CB_rel_2.67_mGal": 4.6844, "TC_2.67_mGal": 0.8829, "sigma_FA_mGal": 0.0514}}, {"type": "Feature", "geometry": {"type": "Point", "coordinates": [34.8095277, 24.7844987]}, "properties": {"Station_UID": "CG6-0313|2026-01-18|L5|S11", "Instrument": "CG6-0313", "Date": "2026-01-18", "Line": "5", "Station": "11", "H_ortho_m": 279.3106, "dg_rel_base100_mGal": -30.6796, "FA_rel_mGal": 24.8561, "SB_rel_2.67_mGal": 4.7693, "CB_rel_2.67_mGal": 4.4777, "TC_2.67_mGal": 0.8318, "sigma_FA_mGal": 0.0514}}, {"type": "Feature", "geometry": {"type": "Point", "coordinates": [34.8102412, 24.7828559]}, "properties": {"Station_UID": "CG6-0313|2026-01-18|L5|S12", "Instrument": "CG6-0313", "Date": "2026-01-18", "Line": "5", "Station": "12", "H_ortho_m": 281.2222, "dg_rel_base100_mGal": -31.0712, "FA_rel_mGal": 25.1673, "SB_rel_2.67_mGal": 4.8665, "CB_rel_2.67_mGal": 4.6775, "TC_2.67_mGal": 0.9343, "sigma_FA_mGal": 0.0514}}, {"type": "Feature", "geometry": {"type": "Point", "coordinates": [34.8102737, 24.7810149]}, "properties": {"Station_UID": "CG6-0313|2026-01-18|L5|S13", "Instrument": "CG6-0313", "Date": "2026-01-18", "Line": "5", "Station": "13", "H_ortho_m": 284.2402, "dg_rel_base100_mGal": -32.1374, "FA_rel_mGal": 25.1591, "SB_rel_2.67_mGal": 4.5204, "CB_rel_2.67_mGal": 4.2944, "TC_2.67_mGal": 0.8975, "sigma_FA_mGal": 0.0514}}, {"type": "Feature", "geometry": {"type": "Point", "coordinates": [34.8093229, 24.7791601]}, "properties": {"Station_UID": "CG6-0313|2026-01-18|L5|S14", "Instrument": "CG6-0313", "Date": "2026-01-18", "Line": "5", "Station": "14", "H_ortho_m": 286.7388, "dg_rel_base100_mGal": -32.4727, "FA_rel_mGal": 25.7225, "SB_rel_2.67_mGal": 4.804, "CB_rel_2.67_mGal": 4.5924, "TC_2.67_mGal": 0.9117, "sigma_FA_mGal": 0.0514}}, {"type": "Feature", "geometry": {"type": "Point", "coordinates": [34.8083722, 24.7778676]}, "properties": {"Station_UID": "CG6-0313|2026-01-18|L5|S15", "Instrument": "CG6-0313", "Date": "2026-01-18", "Line": "5", "Station": "15", "H_ortho_m": 289.1914, "dg_rel_base100_mGal": -33.1689, "FA_rel_mGal": 25.872, "SB_rel_2.67_mGal": 4.679, "CB_rel_2.67_mGal": 4.5178, "TC_2.67_mGal": 0.9623, "sigma_FA_mGal": 0.0514}}, {"type": "Feature", "geometry": {"type": "Point", "coordinates": [34.806901, 24.7767723]}, "properties": {"Station_UID": "CG6-0313|2026-01-18|L5|S16", "Instrument": "CG6-0313", "Date": "2026-01-18", "Line": "5", "Station": "16", "H_ortho_m": 291.2702, "dg_rel_base100_mGal": -33.9829, "FA_rel_mGal": 25.7749, "SB_rel_2.67_mGal": 4.3492, "CB_rel_2.67_mGal": 4.1375, "TC_2.67_mGal": 0.9118, "sigma_FA_mGal": 0.0515}}, {"type": "Feature", "geometry": {"type": "Point", "coordinates": [34.8054225, 24.7754289]}, "properties": {"Station_UID": "CG6-0313|2026-01-18|L5|S17", "Instrument": "CG6-0313", "Date": "2026-01-18", "Line": "5", "Station": "17", "H_ortho_m": 293.5059, "dg_rel_base100_mGal": -34.8544, "FA_rel_mGal": 25.6857, "SB_rel_2.67_mGal": 4.0097, "CB_rel_2.67_mGal": 3.7896, "TC_2.67_mGal": 0.9033, "sigma_FA_mGal": 0.0514}}, {"type": "Feature", "geometry": {"type": "Point", "coordinates": [34.8045451, 24.773953]}, "properties": {"Station_UID": "CG6-0313|2026-01-18|L5|S18", "Instrument": "CG6-0313", "Date": "2026-01-18", "Line": "5", "Station": "18", "H_ortho_m": 295.3949, "dg_rel_base100_mGal": -35.5185, "FA_rel_mGal": 25.706, "SB_rel_2.67_mGal": 3.8185, "CB_rel_2.67_mGal": 3.5977, "TC_2.67_mGal": 0.9026, "sigma_FA_mGal": 0.0519}}, {"type": "Feature", "geometry": {"type": "Point", "coordinates": [34.8022515, 24.7713065]}, "properties": {"Station_UID": "CG6-0313|2026-01-18|L5|S20", "Instrument": "CG6-0313", "Date": "2026-01-18", "Line": "5", "Station": "20", "H_ortho_m": 300.8919, "dg_rel_base100_mGal": -37.5305, "FA_rel_mGal": 25.5724, "SB_rel_2.67_mGal": 3.0695, "CB_rel_2.67_mGal": 2.7231, "TC_2.67_mGal": 0.7771, "sigma_FA_mGal": 0.0514}}, {"type": "Feature", "geometry": {"type": "Point", "coordinates": [34.8018997, 24.7694361]}, "properties": {"Station_UID": "CG6-0313|2026-01-18|L5|S21", "Instrument": "CG6-0313", "Date": "2026-01-18", "Line": "5", "Station": "21", "H_ortho_m": 303.6627, "dg_rel_base100_mGal": -38.3976, "FA_rel_mGal": 25.6889, "SB_rel_2.67_mGal": 2.8758, "CB_rel_2.67_mGal": 2.5069, "TC_2.67_mGal": 0.7545, "sigma_FA_mGal": 0.0515}}, {"type": "Feature", "geometry": {"type": "Point", "coordinates": [34.8016851, 24.7676178]}, "properties": {"Station_UID": "CG6-0313|2026-01-18|L5|S22", "Instrument": "CG6-0313", "Date": "2026-01-18", "Line": "5", "Station": "22", "H_ortho_m": 306.2571, "dg_rel_base100_mGal": -39.0363, "FA_rel_mGal": 25.9758, "SB_rel_2.67_mGal": 2.8723, "CB_rel_2.67_mGal": 2.511, "TC_2.67_mGal": 0.7622, "sigma_FA_mGal": 0.0515}}, {"type": "Feature", "geometry": {"type": "Point", "coordinates": [34.8361497, 24.7981681]}, "properties": {"Station_UID": "CG6-0313|2026-01-19|L6|S1", "Instrument": "CG6-0313", "Date": "2026-01-19", "Line": "6", "Station": "1", "H_ortho_m": 235.8823, "dg_rel_base100_mGal": -19.4761, "FA_rel_mGal": 21.716, "SB_rel_2.67_mGal": 6.4911, "CB_rel_2.67_mGal": 6.2938, "TC_2.67_mGal": 0.9261, "sigma_FA_mGal": 0.071}}, {"type": "Feature", "geometry": {"type": "Point", "coordinates": [34.8343531, 24.7988639]}, "properties": {"Station_UID": "CG6-0313|2026-01-19|L6|S2", "Instrument": "CG6-0313", "Date": "2026-01-19", "Line": "6", "Station": "2", "H_ortho_m": 239.9098, "dg_rel_base100_mGal": -20.3659, "FA_rel_mGal": 22.0214, "SB_rel_2.67_mGal": 6.3456, "CB_rel_2.67_mGal": 6.4148, "TC_2.67_mGal": 1.1926, "sigma_FA_mGal": 0.071}}, {"type": "Feature", "geometry": {"type": "Point", "coordinates": [34.846865, 24.8128657]}, "properties": {"Station_UID": "CG6-0313|2026-01-19|L7|S1", "Instrument": "CG6-0313", "Date": "2026-01-19", "Line": "7", "Station": "1", "H_ortho_m": 211.8404, "dg_rel_base100_mGal": -14.781, "FA_rel_mGal": 17.98, "SB_rel_2.67_mGal": 5.4466, "CB_rel_2.67_mGal": 5.4723, "TC_2.67_mGal": 1.1491, "sigma_FA_mGal": 0.0708}}, {"type": "Feature", "geometry": {"type": "Point", "coordinates": [34.8459526, 24.8138427]}, "properties": {"Station_UID": "CG6-0313|2026-01-19|L7|S2", "Instrument": "CG6-0313", "Date": "2026-01-19", "Line": "7", "Station": "2", "H_ortho_m": 216.7318, "dg_rel_base100_mGal": -15.9064, "FA_rel_mGal": 18.2971, "SB_rel_2.67_mGal": 5.2162, "CB_rel_2.67_mGal": 5.4145, "TC_2.67_mGal": 1.3217, "sigma_FA_mGal": 0.0708}}, {"type": "Feature", "geometry": {"type": "Point", "coordinates": [34.8440549, 24.8141631]}, "properties": {"Station_UID": "CG6-0313|2026-01-19|L7|S3", "Instrument": "CG6-0313", "Date": "2026-01-19", "Line": "7", "Station": "3", "H_ortho_m": 220.7901, "dg_rel_base100_mGal": -16.8535, "FA_rel_mGal": 18.5807, "SB_rel_2.67_mGal": 5.0454, "CB_rel_2.67_mGal": 5.7299, "TC_2.67_mGal": 1.8079, "sigma_FA_mGal": 0.0708}}, {"type": "Feature", "geometry": {"type": "Point", "coordinates": [34.8441197, 24.8154554]}, "properties": {"Station_UID": "CG6-0313|2026-01-19|L7|S4", "Instrument": "CG6-0313", "Date": "2026-01-19", "Line": "7", "Station": "4", "H_ortho_m": 226.3075, "dg_rel_base100_mGal": -17.1957, "FA_rel_mGal": 19.8525, "SB_rel_2.67_mGal": 5.6996, "CB_rel_2.67_mGal": 5.7697, "TC_2.67_mGal": 1.1936, "sigma_FA_mGal": 0.0708}}, {"type": "Feature", "geometry": {"type": "Point", "coordinates": [34.8426093, 24.8167896]}, "properties": {"Station_UID": "CG6-0313|2026-01-19|L7|S5", "Instrument": "CG6-0313", "Date": "2026-01-19", "Line": "7", "Station": "5", "H_ortho_m": 232.0114, "dg_rel_base100_mGal": -17.9933, "FA_rel_mGal": 20.7238, "SB_rel_2.67_mGal": 5.9323, "CB_rel_2.67_mGal": 5.9432, "TC_2.67_mGal": 1.1343, "sigma_FA_mGal": 0.071}}, {"type": "Feature", "geometry": {"type": "Point", "coordinates": [34.8404736, 24.8168475]}, "properties": {"Station_UID": "CG6-0313|2026-01-19|L7|S6", "Instrument": "CG6-0313", "Date": "2026-01-19", "Line": "7", "Station": "6", "H_ortho_m": 235.6779, "dg_rel_base100_mGal": -19.0829, "FA_rel_mGal": 20.7619, "SB_rel_2.67_mGal": 5.5599, "CB_rel_2.67_mGal": 6.135, "TC_2.67_mGal": 1.6985, "sigma_FA_mGal": 0.0708}}, {"type": "Feature", "geometry": {"type": "Point", "coordinates": [34.8403457, 24.8183521]}, "properties": {"Station_UID": "CG6-0313|2026-01-19|L7|S7", "Instrument": "CG6-0313", "Date": "2026-01-19", "Line": "7", "Station": "7", "H_ortho_m": 240.1981, "dg_rel_base100_mGal": -18.8812, "FA_rel_mGal": 22.2553, "SB_rel_2.67_mGal": 6.5472, "CB_rel_2.67_mGal": 6.3358, "TC_2.67_mGal": 0.912, "sigma_FA_mGal": 0.0708}}, {"type": "Feature", "geometry": {"type": "Point", "coordinates": [34.8396557, 24.8192546]}, "properties": {"Station_UID": "CG6-0313|2026-01-19|L7|S8", "Instrument": "CG6-0313", "Date": "2026-01-19", "Line": "7", "Station": "8", "H_ortho_m": 244.6103, "dg_rel_base100_mGal": -19.4773, "FA_rel_mGal": 22.9589, "SB_rel_2.67_mGal": 6.7569, "CB_rel_2.67_mGal": 6.4646, "TC_2.67_mGal": 0.831, "sigma_FA_mGal": 0.0708}}, {"type": "Feature", "geometry": {"type": "Point", "coordinates": [34.8383477, 24.8206534]}, "properties": {"Station_UID": "CG6-0313|2026-01-19|L7|S9", "Instrument": "CG6-0313", "Date": "2026-01-19", "Line": "7", "Station": "9", "H_ortho_m": 249.504, "dg_rel_base100_mGal": -20.3065, "FA_rel_mGal": 23.544, "SB_rel_2.67_mGal": 6.7942, "CB_rel_2.67_mGal": 6.6149, "TC_2.67_mGal": 0.9442, "sigma_FA_mGal": 0.0708}}, {"type": "Feature", "geometry": {"type": "Point", "coordinates": [34.8367195, 24.8217544]}, "properties": {"Station_UID": "CG6-0313|2026-01-19|L7|S10", "Instrument": "CG6-0313", "Date": "2026-01-19", "Line": "7", "Station": "10", "H_ortho_m": 253.4414, "dg_rel_base100_mGal": -20.9167, "FA_rel_mGal": 24.0734, "SB_rel_2.67_mGal": 6.8828, "CB_rel_2.67_mGal": 6.6868, "TC_2.67_mGal": 0.9275, "sigma_FA_mGal": 0.0708}}, {"type": "Feature", "geometry": {"type": "Point", "coordinates": [34.8349637, 24.8228238]}, "properties": {"Station_UID": "CG6-0313|2026-01-19|L7|S11", "Instrument": "CG6-0313", "Date": "2026-01-19", "Line": "7", "Station": "11", "H_ortho_m": 257.5556, "dg_rel_base100_mGal": -21.5636, "FA_rel_mGal": 24.6229, "SB_rel_2.67_mGal": 6.9716, "CB_rel_2.67_mGal": 6.7072, "TC_2.67_mGal": 0.8591, "sigma_FA_mGal": 0.0709}}, {"type": "Feature", "geometry": {"type": "Point", "coordinates": [34.8333528, 24.8240317]}, "properties": {"Station_UID": "CG6-0313|2026-01-19|L7|S12", "Instrument": "CG6-0313", "Date": "2026-01-19", "Line": "7", "Station": "12", "H_ortho_m": 262.3981, "dg_rel_base100_mGal": -22.3662, "FA_rel_mGal": 25.2318, "SB_rel_2.67_mGal": 7.0384, "CB_rel_2.67_mGal": 6.7724, "TC_2.67_mGal": 0.8574, "sigma_FA_mGal": 0.0707}}, {"type": "Feature", "geometry": {"type": "Point", "coordinates": [34.831416, 24.8239963]}, "properties": {"Station_UID": "CG6-0313|2026-01-19|L7|S13", "Instrument": "CG6-0313", "Date": "2026-01-19", "Line": "7", "Station": "13", "H_ortho_m": 267.3441, "dg_rel_base100_mGal": -23.1984, "FA_rel_mGal": 25.9287, "SB_rel_2.67_mGal": 7.1816, "CB_rel_2.67_mGal": 6.8446, "TC_2.67_mGal": 0.7864, "sigma_FA_mGal": 0.0708}}, {"type": "Feature", "geometry": {"type": "Point", "coordinates": [34.8306871, 24.8255154]}, "properties": {"Station_UID": "CG6-0313|2026-01-19|L7|S14", "Instrument": "CG6-0313", "Date": "2026-01-19", "Line": "7", "Station": "14", "H_ortho_m": 271.0258, "dg_rel_base100_mGal": -23.8414, "FA_rel_mGal": 26.3175, "SB_rel_2.67_mGal": 7.1582, "CB_rel_2.67_mGal": 6.9967, "TC_2.67_mGal": 0.962, "sigma_FA_mGal": 0.0707}}, {"type": "Feature", "geometry": {"type": "Point", "coordinates": [34.8289535, 24.8263904]}, "properties": {"Station_UID": "CG6-0313|2026-01-19|L7|S15", "Instrument": "CG6-0313", "Date": "2026-01-19", "Line": "7", "Station": "15", "H_ortho_m": 276.3162, "dg_rel_base100_mGal": -24.3769, "FA_rel_mGal": 27.3547, "SB_rel_2.67_mGal": 7.6032, "CB_rel_2.67_mGal": 7.4153, "TC_2.67_mGal": 0.9356, "sigma_FA_mGal": 0.0707}}, {"type": "Feature", "geometry": {"type": "Point", "coordinates": [34.8274714, 24.8267905]}, "properties": {"Station_UID": "CG6-0313|2026-01-19|L7|S16", "Instrument": "CG6-0313", "Date": "2026-01-19", "Line": "7", "Station": "16", "H_ortho_m": 280.3515, "dg_rel_base100_mGal": -25.21, "FA_rel_mGal": 27.7396, "SB_rel_2.67_mGal": 7.5363, "CB_rel_2.67_mGal": 7.3634, "TC_2.67_mGal": 0.9506, "sigma_FA_mGal": 0.0707}}, {"type": "Feature", "geometry": {"type": "Point", "coordinates": [34.8292885, 24.821561]}, "properties": {"Station_UID": "CG6-0313|2026-01-19|L8|S1", "Instrument": "CG6-0313", "Date": "2026-01-19", "Line": "8", "Station": "1", "H_ortho_m": 274.05, "dg_rel_base100_mGal": -24.8141, "FA_rel_mGal": 26.5502, "SB_rel_2.67_mGal": 7.0524, "CB_rel_2.67_mGal": 6.9566, "TC_2.67_mGal": 1.0277, "sigma_FA_mGal": 0.0707}}, {"type": "Feature", "geometry": {"type": "Point", "coordinates": [34.8297048, 24.8226344]}, "properties": {"Station_UID": "CG6-0313|2026-01-19|L8|S2", "Instrument": "CG6-0313", "Date": "2026-01-19", "Line": "8", "Station": "2", "H_ortho_m": 271.2119, "dg_rel_base100_mGal": -24.2763, "FA_rel_mGal": 26.1383, "SB_rel_2.67_mGal": 6.9581, "CB_rel_2.67_mGal": 6.7671, "TC_2.67_mGal": 0.9324, "sigma_FA_mGal": 0.0706}}, {"type": "Feature", "geometry": {"type": "Point", "coordinates": [34.8318389, 24.8226928]}, "properties": {"Station_UID": "CG6-0313|2026-01-19|L8|S3", "Instrument": "CG6-0313", "Date": "2026-01-19", "Line": "8", "Station": "3", "H_ortho_m": 265.3443, "dg_rel_base100_mGal": -23.1564, "FA_rel_mGal": 25.4431, "SB_rel_2.67_mGal": 6.9198, "CB_rel_2.67_mGal": 6.673, "TC_2.67_mGal": 0.8766, "sigma_FA_mGal": 0.0707}}, {"type": "Feature", "geometry": {"type": "Point", "coordinates": [34.8336273, 24.823168]}, "properties": {"Station_UID": "CG6-0313|2026-01-19|L8|S4", "Instrument": "CG6-0313", "Date": "2026-01-19", "Line": "8", "Station": "4", "H_ortho_m": 260.9577, "dg_rel_base100_mGal": -22.1414, "FA_rel_mGal": 25.0715, "SB_rel_2.67_mGal": 7.0393, "CB_rel_2.67_mGal": 6.7137, "TC_2.67_mGal": 0.7977, "sigma_FA_mGal": 0.0707}}, {"type": "Feature", "geometry": {"type": "Point", "coordinates": [34.8452228, 24.8094104]}, "properties": {"Station_UID": "CG6-0313|2026-01-20|L9|S1", "Instrument": "CG6-0313", "Date": "2026-01-20", "Line": "9", "Station": "1", "H_ortho_m": 216.4605, "dg_rel_base100_mGal": -15.5759, "FA_rel_mGal": 18.8486, "SB_rel_2.67_mGal": 5.7981, "CB_rel_2.67_mGal": 5.7365, "TC_2.67_mGal": 1.0618, "sigma_FA_mGal": 0.0895}}, {"type": "Feature", "geometry": {"type": "Point", "coordinates": [34.8435976, 24.8094771]}, "properties": {"Station_UID": "CG6-0313|2026-01-20|L9|S2", "Instrument": "CG6-0313", "Date": "2026-01-20", "Line": "9", "Station": "2", "H_ortho_m": 222.5824, "dg_rel_base100_mGal": -16.5573, "FA_rel_mGal": 19.7522, "SB_rel_2.67_mGal": 6.0163, "CB_rel_2.67_mGal": 5.8536, "TC_2.67_mGal": 0.9607, "sigma_FA_mGal": 0.0875}}, {"type": "Feature", "geometry": {"type": "Point", "coordinates": [34.8431412, 24.8077608]}, "properties": {"Station_UID": "CG6-0313|2026-01-20|L9|S3", "Instrument": "CG6-0313", "Date": "2026-01-20", "Line": "9", "Station": "3", "H_ortho_m": 227.7076, "dg_rel_base100_mGal": -17.5337, "FA_rel_mGal": 20.4758, "SB_rel_2.67_mGal": 6.1661, "CB_rel_2.67_mGal": 5.9756, "TC_2.67_mGal": 0.9329, "sigma_FA_mGal": 0.087}}, {"type": "Feature", "geometry": {"type": "Point", "coordinates": [34.8413834, 24.8083138]}, "properties": {"Station_UID": "CG6-0313|2026-01-20|L9|S4", "Instrument": "CG6-0313", "Date": "2026-01-20", "Line": "9", "Station": "4", "H_ortho_m": 232.5081, "dg_rel_base100_mGal": -18.3659, "FA_rel_mGal": 21.0872, "SB_rel_2.67_mGal": 6.2401, "CB_rel_2.67_mGal": 6.0385, "TC_2.67_mGal": 0.9218, "sigma_FA_mGal": 0.0866}}, {"type": "Feature", "geometry": {"type": "Point", "coordinates": [34.8396772, 24.8087985]}, "properties": {"Station_UID": "CG6-0313|2026-01-20|L9|S5", "Instrument": "CG6-0313", "Date": "2026-01-20", "Line": "9", "Station": "5", "H_ortho_m": 237.6819, "dg_rel_base100_mGal": -19.2415, "FA_rel_mGal": 21.7753, "SB_rel_2.67_mGal": 6.3489, "CB_rel_2.67_mGal": 6.1761, "TC_2.67_mGal": 0.9506, "sigma_FA_mGal": 0.0862}}, {"type": "Feature", "geometry": {"type": "Point", "coordinates": [34.8382901, 24.8092371]}, "properties": {"Station_UID": "CG6-0313|2026-01-20|L9|S6", "Instrument": "CG6-0313", "Date": "2026-01-20", "Line": "9", "Station": "6", "H_ortho_m": 242.773, "dg_rel_base100_mGal": -20.0548, "FA_rel_mGal": 22.5032, "SB_rel_2.67_mGal": 6.5069, "CB_rel_2.67_mGal": 6.3018, "TC_2.67_mGal": 0.9183, "sigma_FA_mGal": 0.0857}}, {"type": "Feature", "geometry": {"type": "Point", "coordinates": [34.8374424, 24.8100292]}, "properties": {"Station_UID": "CG6-0313|2026-01-20|L9|S7", "Instrument": "CG6-0313", "Date": "2026-01-20", "Line": "9", "Station": "7", "H_ortho_m": 246.6216, "dg_rel_base100_mGal": -20.7311, "FA_rel_mGal": 22.9603, "SB_rel_2.67_mGal": 6.5331, "CB_rel_2.67_mGal": 6.3098, "TC_2.67_mGal": 0.9001, "sigma_FA_mGal": 0.0844}}, {"type": "Feature", "geometry": {"type": "Point", "coordinates": [34.8365106, 24.8106116]}, "properties": {"Station_UID": "CG6-0313|2026-01-20|L9|S8", "Instrument": "CG6-0313", "Date": "2026-01-20", "Line": "9", "Station": "8", "H_ortho_m": 249.1737, "dg_rel_base100_mGal": -21.2502, "FA_rel_mGal": 23.1889, "SB_rel_2.67_mGal": 6.476, "CB_rel_2.67_mGal": 6.2715, "TC_2.67_mGal": 0.9189, "sigma_FA_mGal": 0.0837}}, {"type": "Feature", "geometry": {"type": "Point", "coordinates": [34.8354179, 24.8113251]}, "properties": {"Station_UID": "CG6-0313|2026-01-20|L9|S9", "Instrument": "CG6-0313", "Date": "2026-01-20", "Line": "9", "Station": "9", "H_ortho_m": 253.0512, "dg_rel_base100_mGal": -22.0374, "FA_rel_mGal": 23.5495, "SB_rel_2.67_mGal": 6.4025, "CB_rel_2.67_mGal": 6.2125, "TC_2.67_mGal": 0.9334, "sigma_FA_mGal": 0.0828}}, {"type": "Feature", "geometry": {"type": "Point", "coordinates": [34.8346673, 24.8118394]}, "properties": {"Station_UID": "CG6-0313|2026-01-20|L9|S10", "Instrument": "CG6-0313", "Date": "2026-01-20", "Line": "9", "Station": "10", "H_ortho_m": 258.8311, "dg_rel_base100_mGal": -23.0118, "FA_rel_mGal": 24.3237, "SB_rel_2.67_mGal": 6.5297, "CB_rel_2.67_mGal": 6.2616, "TC_2.67_mGal": 0.8553, "sigma_FA_mGal": 0.0822}}, {"type": "Feature", "geometry": {"type": "Point", "coordinates": [34.8340555, 24.8126424]}, "properties": {"Station_UID": "CG6-0313|2026-01-20|L9|S11", "Instrument": "CG6-0313", "Date": "2026-01-20", "Line": "9", "Station": "11", "H_ortho_m": 270.9237, "dg_rel_base100_mGal": -25.2303, "FA_rel_mGal": 25.7824, "SB_rel_2.67_mGal": 6.6346, "CB_rel_2.67_mGal": 6.2322, "TC_2.67_mGal": 0.7211, "sigma_FA_mGal": 0.0817}}, {"type": "Feature", "geometry": {"type": "Point", "coordinates": [34.8333097, 24.8132861]}, "properties": {"Station_UID": "CG6-0313|2026-01-20|L9|S12", "Instrument": "CG6-0313", "Date": "2026-01-20", "Line": "9", "Station": "12", "H_ortho_m": 275.7136, "dg_rel_base100_mGal": -26.0922, "FA_rel_mGal": 26.3547, "SB_rel_2.67_mGal": 6.6705, "CB_rel_2.67_mGal": 6.3789, "TC_2.67_mGal": 0.8317, "sigma_FA_mGal": 0.081}}, {"type": "Feature", "geometry": {"type": "Point", "coordinates": [34.8321006, 24.8133074]}, "properties": {"Station_UID": "CG6-0313|2026-01-20|L9|S13", "Instrument": "CG6-0313", "Date": "2026-01-20", "Line": "9", "Station": "13", "H_ortho_m": 267.742, "dg_rel_base100_mGal": -24.7765, "FA_rel_mGal": 25.2084, "SB_rel_2.67_mGal": 6.4168, "CB_rel_2.67_mGal": 6.5129, "TC_2.67_mGal": 1.2195, "sigma_FA_mGal": 0.0804}}, {"type": "Feature", "geometry": {"type": "Point", "coordinates": [34.8313519, 24.8139185]}, "properties": {"Station_UID": "CG6-0313|2026-01-20|L9|S14", "Instrument": "CG6-0313", "Date": "2026-01-20", "Line": "9", "Station": "14", "H_ortho_m": 270.5944, "dg_rel_base100_mGal": -25.5983, "FA_rel_mGal": 25.225, "SB_rel_2.67_mGal": 6.114, "CB_rel_2.67_mGal": 6.4657, "TC_2.67_mGal": 1.4751, "sigma_FA_mGal": 0.0798}}, {"type": "Feature", "geometry": {"type": "Point", "coordinates": [34.8302883, 24.8149071]}, "properties": {"Station_UID": "CG6-0313|2026-01-20|L9|S15", "Instrument": "CG6-0313", "Date": "2026-01-20", "Line": "9", "Station": "15", "H_ortho_m": 278.6056, "dg_rel_base100_mGal": -26.8984, "FA_rel_mGal": 26.3297, "SB_rel_2.67_mGal": 6.3218, "CB_rel_2.67_mGal": 6.5978, "TC_2.67_mGal": 1.3995, "sigma_FA_mGal": 0.0789}}, {"type": "Feature", "geometry": {"type": "Point", "coordinates": [34.8298751, 24.8154904]}, "properties": {"Station_UID": "CG6-0313|2026-01-20|L9|S16", "Instrument": "CG6-0313", "Date": "2026-01-20", "Line": "9", "Station": "16", "H_ortho_m": 290.1192, "dg_rel_base100_mGal": -28.6572, "FA_rel_mGal": 28.0844, "SB_rel_2.67_mGal": 6.7875, "CB_rel_2.67_mGal": 6.6713, "TC_2.67_mGal": 1.0072, "sigma_FA_mGal": 0.0784}}, {"type": "Feature", "geometry": {"type": "Point", "coordinates": [34.8293144, 24.8161335]}, "properties": {"Station_UID": "CG6-0313|2026-01-20|L9|S17", "Instrument": "CG6-0313", "Date": "2026-01-20", "Line": "9", "Station": "17", "H_ortho_m": 311.6213, "dg_rel_base100_mGal": -32.3655, "FA_rel_mGal": 30.9685, "SB_rel_2.67_mGal": 7.2644, "CB_rel_2.67_mGal": 6.8049, "TC_2.67_mGal": 0.6639, "sigma_FA_mGal": 0.0779}}, {"type": "Feature", "geometry": {"type": "Point", "coordinates": [34.8289576, 24.8169125]}, "properties": {"Station_UID": "CG6-0313|2026-01-20|L9|S18", "Instrument": "CG6-0313", "Date": "2026-01-20", "Line": "9", "Station": "18", "H_ortho_m": 295.1401, "dg_rel_base100_mGal": -29.3038, "FA_rel_mGal": 28.8898, "SB_rel_2.67_mGal": 7.0308, "CB_rel_2.67_mGal": 6.7104, "TC_2.67_mGal": 0.803, "sigma_FA_mGal": 0.0765}}, {"type": "Feature", "geometry": {"type": "Point", "coordinates": [34.8280877, 24.8175961]}, "properties": {"Station_UID": "CG6-0313|2026-01-20|L9|S19", "Instrument": "CG6-0313", "Date": "2026-01-20", "Line": "9", "Station": "19", "H_ortho_m": 298.867, "dg_rel_base100_mGal": -29.8628, "FA_rel_mGal": 29.434, "SB_rel_2.67_mGal": 7.1578, "CB_rel_2.67_mGal": 6.8039, "TC_2.67_mGal": 0.7695, "sigma_FA_mGal": 0.0761}}, {"type": "Feature", "geometry": {"type": "Point", "coordinates": [34.8274144, 24.8182331]}, "properties": {"Station_UID": "CG6-0313|2026-01-20|L9|S20", "Instrument": "CG6-0313", "Date": "2026-01-20", "Line": "9", "Station": "20", "H_ortho_m": 308.4696, "dg_rel_base100_mGal": -31.5094, "FA_rel_mGal": 30.7075, "SB_rel_2.67_mGal": 7.3562, "CB_rel_2.67_mGal": 6.855, "TC_2.67_mGal": 0.6222, "sigma_FA_mGal": 0.0756}}, {"type": "Feature", "geometry": {"type": "Point", "coordinates": [34.8270719, 24.8188779]}, "properties": {"Station_UID": "CG6-0313|2026-01-20|L9|S21", "Instrument": "CG6-0313", "Date": "2026-01-20", "Line": "9", "Station": "21", "H_ortho_m": 295.8175, "dg_rel_base100_mGal": -29.2943, "FA_rel_mGal": 28.9732, "SB_rel_2.67_mGal": 7.0384, "CB_rel_2.67_mGal": 6.7296, "TC_2.67_mGal": 0.8146, "sigma_FA_mGal": 0.0752}}, {"type": "Feature", "geometry": {"type": "Point", "coordinates": [34.826575, 24.818967]}, "properties": {"Station_UID": "CG6-0313|2026-01-20|L9|S22", "Instrument": "CG6-0313", "Date": "2026-01-20", "Line": "9", "Station": "22", "H_ortho_m": 303.6966, "dg_rel_base100_mGal": -30.6799, "FA_rel_mGal": 30.0133, "SB_rel_2.67_mGal": 7.1964, "CB_rel_2.67_mGal": 6.7543, "TC_2.67_mGal": 0.6813, "sigma_FA_mGal": 0.0745}}, {"type": "Feature", "geometry": {"type": "Point", "coordinates": [34.8259248, 24.8193885]}, "properties": {"Station_UID": "CG6-0313|2026-01-20|L9|S23", "Instrument": "CG6-0313", "Date": "2026-01-20", "Line": "9", "Station": "23", "H_ortho_m": 299.3512, "dg_rel_base100_mGal": -29.9506, "FA_rel_mGal": 29.3724, "SB_rel_2.67_mGal": 7.042, "CB_rel_2.67_mGal": 6.7544, "TC_2.67_mGal": 0.8359, "sigma_FA_mGal": 0.0739}}, {"type": "Feature", "geometry": {"type": "Point", "coordinates": [34.8248937, 24.8198094]}, "properties": {"Station_UID": "CG6-0313|2026-01-20|L9|S24", "Instrument": "CG6-0313", "Date": "2026-01-20", "Line": "9", "Station": "24", "H_ortho_m": 317.9883, "dg_rel_base100_mGal": -33.3737, "FA_rel_mGal": 31.6726, "SB_rel_2.67_mGal": 7.2557, "CB_rel_2.67_mGal": 6.7899, "TC_2.67_mGal": 0.6576, "sigma_FA_mGal": 0.0737}}, {"type": "Feature", "geometry": {"type": "Point", "coordinates": [34.8239142, 24.820371]}, "properties": {"Station_UID": "CG6-0313|2026-01-20|L9|S25", "Instrument": "CG6-0313", "Date": "2026-01-20", "Line": "9", "Station": "25", "H_ortho_m": 309.5326, "dg_rel_base100_mGal": -31.8633, "FA_rel_mGal": 30.5346, "SB_rel_2.67_mGal": 7.0643, "CB_rel_2.67_mGal": 6.6276, "TC_2.67_mGal": 0.6867, "sigma_FA_mGal": 0.0733}}, {"type": "Feature", "geometry": {"type": "Point", "coordinates": [34.8325438, 24.7982077]}, "properties": {"Station_UID": "CG6-0313|2026-01-20|L6|S3", "Instrument": "CG6-0313", "Date": "2026-01-20", "Line": "6", "Station": "3", "H_ortho_m": 244.2173, "dg_rel_base100_mGal": -20.9653, "FA_rel_mGal": 22.7967, "SB_rel_2.67_mGal": 6.6387, "CB_rel_2.67_mGal": 6.3914, "TC_2.67_mGal": 0.8761, "sigma_FA_mGal": 0.071}}, {"type": "Feature", "geometry": {"type": "Point", "coordinates": [34.8307332, 24.7982031]}, "properties": {"Station_UID": "CG6-0313|2026-01-20|L6|S4", "Instrument": "CG6-0313", "Date": "2026-01-20", "Line": "6", "Station": "4", "H_ortho_m": 247.2006, "dg_rel_base100_mGal": -21.3373, "FA_rel_mGal": 23.3458, "SB_rel_2.67_mGal": 6.8538, "CB_rel_2.67_mGal": 6.517, "TC_2.67_mGal": 0.7866, "sigma_FA_mGal": 0.071}}, {"type": "Feature", "geometry": {"type": "Point", "coordinates": [34.8299919, 24.7985073]}, "properties": {"Station_UID": "CG6-0313|2026-01-20|L6|S5", "Instrument": "CG6-0313", "Date": "2026-01-20", "Line": "6", "Station": "5", "H_ortho_m": 249.6959, "dg_rel_base100_mGal": -21.7581, "FA_rel_mGal": 23.6743, "SB_rel_2.67_mGal": 6.9029, "CB_rel_2.67_mGal": 6.4782, "TC_2.67_mGal": 0.6987, "sigma_FA_mGal": 0.071}}, {"type": "Feature", "geometry": {"type": "Point", "coordinates": [34.8299014, 24.7991114]}, "properties": {"Station_UID": "CG6-0313|2026-01-20|L6|S6", "Instrument": "CG6-0313", "Date": "2026-01-20", "Line": "6", "Station": "6", "H_ortho_m": 251.0518, "dg_rel_base100_mGal": -21.9967, "FA_rel_mGal": 23.8127, "SB_rel_2.67_mGal": 6.8895, "CB_rel_2.67_mGal": 6.4953, "TC_2.67_mGal": 0.7292, "sigma_FA_mGal": 0.071}}, {"type": "Feature", "geometry": {"type": "Point", "coordinates": [34.8300874, 24.7998788]}, "properties": {"Station_UID": "CG6-0313|2026-01-20|L6|S7", "Instrument": "CG6-0313", "Date": "2026-01-20", "Line": "6", "Station": "7", "H_ortho_m": 252.0128, "dg_rel_base100_mGal": -22.0833, "FA_rel_mGal": 23.9699, "SB_rel_2.67_mGal": 6.9392, "CB_rel_2.67_mGal": 6.6325, "TC_2.67_mGal": 0.8168, "sigma_FA_mGal": 0.0711}}, {"type": "Feature", "geometry": {"type": "Point", "coordinates": [34.8299808, 24.8007997]}, "properties": {"Station_UID": "CG6-0313|2026-01-20|L6|S8", "Instrument": "CG6-0313", "Date": "2026-01-20", "Line": "6", "Station": "8", "H_ortho_m": 254.8337, "dg_rel_base100_mGal": -22.6349, "FA_rel_mGal": 24.2257, "SB_rel_2.67_mGal": 6.8792, "CB_rel_2.67_mGal": 6.6158, "TC_2.67_mGal": 0.86, "sigma_FA_mGal": 0.071}}, {"type": "Feature", "geometry": {"type": "Point", "coordinates": [34.8292797, 24.8012145]}, "properties": {"Station_UID": "CG6-0313|2026-01-20|L6|S9", "Instrument": "CG6-0313", "Date": "2026-01-20", "Line": "6", "Station": "9", "H_ortho_m": 256.5292, "dg_rel_base100_mGal": -22.9182, "FA_rel_mGal": 24.4373, "SB_rel_2.67_mGal": 6.9009, "CB_rel_2.67_mGal": 6.6331, "TC_2.67_mGal": 0.8556, "sigma_FA_mGal": 0.0711}}, {"type": "Feature", "geometry": {"type": "Point", "coordinates": [34.8286007, 24.8016222]}, "properties": {"Station_UID": "CG6-0313|2026-01-20|L6|S10", "Instrument": "CG6-0313", "Date": "2026-01-20", "Line": "6", "Station": "10", "H_ortho_m": 257.4838, "dg_rel_base100_mGal": -23.1436, "FA_rel_mGal": 24.4784, "SB_rel_2.67_mGal": 6.8352, "CB_rel_2.67_mGal": 6.6203, "TC_2.67_mGal": 0.9085, "sigma_FA_mGal": 0.0711}}, {"type": "Feature", "geometry": {"type": "Point", "coordinates": [34.8280129, 24.8022654]}, "properties": {"Station_UID": "CG6-0313|2026-01-20|L6|S11", "Instrument": "CG6-0313", "Date": "2026-01-20", "Line": "6", "Station": "11", "H_ortho_m": 260.0488, "dg_rel_base100_mGal": -23.5979, "FA_rel_mGal": 24.7717, "SB_rel_2.67_mGal": 6.8413, "CB_rel_2.67_mGal": 6.5396, "TC_2.67_mGal": 0.8218, "sigma_FA_mGal": 0.0711}}, {"type": "Feature", "geometry": {"type": "Point", "coordinates": [34.8276749, 24.8030566]}, "properties": {"Station_UID": "CG6-0313|2026-01-20|L6|S12", "Instrument": "CG6-0313", "Date": "2026-01-20", "Line": "6", "Station": "12", "H_ortho_m": 261.4268, "dg_rel_base100_mGal": -23.9144, "FA_rel_mGal": 24.8261, "SB_rel_2.67_mGal": 6.7414, "CB_rel_2.67_mGal": 6.5453, "TC_2.67_mGal": 0.9273, "sigma_FA_mGal": 0.0712}}, {"type": "Feature", "geometry": {"type": "Point", "coordinates": [34.8270313, 24.8037464]}, "properties": {"Station_UID": "CG6-0313|2026-01-20|L6|S13", "Instrument": "CG6-0313", "Date": "2026-01-20", "Line": "6", "Station": "13", "H_ortho_m": 263.7146, "dg_rel_base100_mGal": -24.3228, "FA_rel_mGal": 25.0765, "SB_rel_2.67_mGal": 6.7357, "CB_rel_2.67_mGal": 6.598, "TC_2.67_mGal": 0.9858, "sigma_FA_mGal": 0.0712}}, {"type": "Feature", "geometry": {"type": "Point", "coordinates": [34.8266776, 24.8043816]}, "properties": {"Station_UID": "CG6-0313|2026-01-20|L6|S14", "Instrument": "CG6-0313", "Date": "2026-01-20", "Line": "6", "Station": "14", "H_ortho_m": 265.2604, "dg_rel_base100_mGal": -24.6723, "FA_rel_mGal": 25.1604, "SB_rel_2.67_mGal": 6.6465, "CB_rel_2.67_mGal": 6.6643, "TC_2.67_mGal": 1.1412, "sigma_FA_mGal": 0.0713}}, {"type": "Feature", "geometry": {"type": "Point", "coordinates": [34.8261985, 24.8048506]}, "properties": {"Station_UID": "CG6-0313|2026-01-20|L6|S15", "Instrument": "CG6-0313", "Date": "2026-01-20", "Line": "6", "Station": "15", "H_ortho_m": 266.5028, "dg_rel_base100_mGal": -24.9943, "FA_rel_mGal": 25.1896, "SB_rel_2.67_mGal": 6.5366, "CB_rel_2.67_mGal": 6.6357, "TC_2.67_mGal": 1.2225, "sigma_FA_mGal": 0.0712}}, {"type": "Feature", "geometry": {"type": "Point", "coordinates": [34.8253622, 24.8051355]}, "properties": {"Station_UID": "CG6-0313|2026-01-21|L6|S16", "Instrument": "CG6-0313", "Date": "2026-01-21", "Line": "6", "Station": "16", "H_ortho_m": 267.7537, "dg_rel_base100_mGal": -24.963, "FA_rel_mGal": 25.5874, "SB_rel_2.67_mGal": 6.7945, "CB_rel_2.67_mGal": 6.6755, "TC_2.67_mGal": 1.0044, "sigma_FA_mGal": 0.071}}, {"type": "Feature", "geometry": {"type": "Point", "coordinates": [34.8245348, 24.8054934]}, "properties": {"Station_UID": "CG6-0313|2026-01-21|L6|S17", "Instrument": "CG6-0313", "Date": "2026-01-21", "Line": "6", "Station": "17", "H_ortho_m": 270.0627, "dg_rel_base100_mGal": -25.1946, "FA_rel_mGal": 26.0439, "SB_rel_2.67_mGal": 6.9924, "CB_rel_2.67_mGal": 6.7293, "TC_2.67_mGal": 0.8603, "sigma_FA_mGal": 0.0709}}, {"type": "Feature", "geometry": {"type": "Point", "coordinates": [34.8236675, 24.8056759]}, "properties": {"Station_UID": "CG6-0313|2026-01-21|L6|S18", "Instrument": "CG6-0313", "Date": "2026-01-21", "Line": "6", "Station": "18", "H_ortho_m": 271.9655, "dg_rel_base100_mGal": -25.4484, "FA_rel_mGal": 26.3648, "SB_rel_2.67_mGal": 7.1003, "CB_rel_2.67_mGal": 6.7891, "TC_2.67_mGal": 0.8122, "sigma_FA_mGal": 0.0709}}, {"type": "Feature", "geometry": {"type": "Point", "coordinates": [34.822826, 24.805943]}, "properties": {"Station_UID": "CG6-0313|2026-01-21|L6|S19", "Instrument": "CG6-0313", "Date": "2026-01-21", "Line": "6", "Station": "19", "H_ortho_m": 273.3964, "dg_rel_base100_mGal": -25.6918, "FA_rel_mGal": 26.5447, "SB_rel_2.67_mGal": 7.12, "CB_rel_2.67_mGal": 6.8235, "TC_2.67_mGal": 0.8269, "sigma_FA_mGal": 0.0711}}, {"type": "Feature", "geometry": {"type": "Point", "coordinates": [34.8222383, 24.8065498]}, "properties": {"Station_UID": "CG6-0313|2026-01-21|L6|S20", "Instrument": "CG6-0313", "Date": "2026-01-21", "Line": "6", "Station": "20", "H_ortho_m": 275.6993, "dg_rel_base100_mGal": -26.0311, "FA_rel_mGal": 26.8745, "SB_rel_2.67_mGal": 7.192, "CB_rel_2.67_mGal": 6.8689, "TC_2.67_mGal": 0.8004, "sigma_FA_mGal": 0.071}}, {"type": "Feature", "geometry": {"type": "Point", "coordinates": [34.8218453, 24.8073327]}, "properties": {"Station_UID": "CG6-0313|2026-01-21|L6|S21", "Instrument": "CG6-0313", "Date": "2026-01-21", "Line": "6", "Station": "21", "H_ortho_m": 277.3491, "dg_rel_base100_mGal": -26.3797, "FA_rel_mGal": 26.9813, "SB_rel_2.67_mGal": 7.1141, "CB_rel_2.67_mGal": 6.7936, "TC_2.67_mGal": 0.8029, "sigma_FA_mGal": 0.0709}}, {"type": "Feature", "geometry": {"type": "Point", "coordinates": [34.8215192, 24.8080428]}, "properties": {"Station_UID": "CG6-0313|2026-01-21|L6|S22", "Instrument": "CG6-0313", "Date": "2026-01-21", "Line": "6", "Station": "22", "H_ortho_m": 279.369, "dg_rel_base100_mGal": -26.8315, "FA_rel_mGal": 27.1041, "SB_rel_2.67_mGal": 7.0108, "CB_rel_2.67_mGal": 6.6956, "TC_2.67_mGal": 0.8082, "sigma_FA_mGal": 0.0709}}, {"type": "Feature", "geometry": {"type": "Point", "coordinates": [34.8208458, 24.8087122]}, "properties": {"Station_UID": "CG6-0313|2026-01-21|L6|S23", "Instrument": "CG6-0313", "Date": "2026-01-21", "Line": "6", "Station": "23", "H_ortho_m": 281.3746, "dg_rel_base100_mGal": -27.1493, "FA_rel_mGal": 27.3593, "SB_rel_2.67_mGal": 7.0415, "CB_rel_2.67_mGal": 6.6976, "TC_2.67_mGal": 0.7796, "sigma_FA_mGal": 0.0709}}, {"type": "Feature", "geometry": {"type": "Point", "coordinates": [34.8208361, 24.8097058]}, "properties": {"Station_UID": "CG6-0313|2026-01-21|L6|S24", "Instrument": "CG6-0313", "Date": "2026-01-21", "Line": "6", "Station": "24", "H_ortho_m": 283.8479, "dg_rel_base100_mGal": -27.4211, "FA_rel_mGal": 27.7826, "SB_rel_2.67_mGal": 7.1879, "CB_rel_2.67_mGal": 6.8842, "TC_2.67_mGal": 0.8198, "sigma_FA_mGal": 0.0709}}, {"type": "Feature", "geometry": {"type": "Point", "coordinates": [34.8207289, 24.81046]}, "properties": {"Station_UID": "CG6-0313|2026-01-21|L6|S25", "Instrument": "CG6-0313", "Date": "2026-01-21", "Line": "6", "Station": "25", "H_ortho_m": 286.3666, "dg_rel_base100_mGal": -27.8246, "FA_rel_mGal": 28.1047, "SB_rel_2.67_mGal": 7.2279, "CB_rel_2.67_mGal": 6.9359, "TC_2.67_mGal": 0.8314, "sigma_FA_mGal": 0.0708}}, {"type": "Feature", "geometry": {"type": "Point", "coordinates": [34.8206451, 24.8110686]}, "properties": {"Station_UID": "CG6-0313|2026-01-21|L6|S26", "Instrument": "CG6-0313", "Date": "2026-01-21", "Line": "6", "Station": "26", "H_ortho_m": 288.1255, "dg_rel_base100_mGal": -28.0747, "FA_rel_mGal": 28.3556, "SB_rel_2.67_mGal": 7.2819, "CB_rel_2.67_mGal": 7.0546, "TC_2.67_mGal": 0.8961, "sigma_FA_mGal": 0.0709}}, {"type": "Feature", "geometry": {"type": "Point", "coordinates": [34.8205952, 24.8117416]}, "properties": {"Station_UID": "CG6-0313|2026-01-21|L6|S27", "Instrument": "CG6-0313", "Date": "2026-01-21", "Line": "6", "Station": "27", "H_ortho_m": 290.3315, "dg_rel_base100_mGal": -28.5067, "FA_rel_mGal": 28.5582, "SB_rel_2.67_mGal": 7.2376, "CB_rel_2.67_mGal": 7.069, "TC_2.67_mGal": 0.9548, "sigma_FA_mGal": 0.0709}}, {"type": "Feature", "geometry": {"type": "Point", "coordinates": [34.8206619, 24.8124431]}, "properties": {"Station_UID": "CG6-0313|2026-01-21|L6|S28", "Instrument": "CG6-0313", "Date": "2026-01-21", "Line": "6", "Station": "28", "H_ortho_m": 292.9209, "dg_rel_base100_mGal": -28.9046, "FA_rel_mGal": 28.9113, "SB_rel_2.67_mGal": 7.3008, "CB_rel_2.67_mGal": 7.1365, "TC_2.67_mGal": 0.9592, "sigma_FA_mGal": 0.0708}}, {"type": "Feature", "geometry": {"type": "Point", "coordinates": [34.8205355, 24.813167]}, "properties": {"Station_UID": "CG6-0313|2026-01-21|L6|S29", "Instrument": "CG6-0313", "Date": "2026-01-21", "Line": "6", "Station": "29", "H_ortho_m": 295.3586, "dg_rel_base100_mGal": -29.5129, "FA_rel_mGal": 29.0056, "SB_rel_2.67_mGal": 7.1221, "CB_rel_2.67_mGal": 7.0002, "TC_2.67_mGal": 1.0015, "sigma_FA_mGal": 0.0708}}, {"type": "Feature", "geometry": {"type": "Point", "coordinates": [34.8198101, 24.8136417]}, "properties": {"Station_UID": "CG6-0313|2026-01-21|L6|S30", "Instrument": "CG6-0313", "Date": "2026-01-21", "Line": "6", "Station": "30", "H_ortho_m": 298.2639, "dg_rel_base100_mGal": -30.0479, "FA_rel_mGal": 29.3347, "SB_rel_2.67_mGal": 7.126, "CB_rel_2.67_mGal": 6.9372, "TC_2.67_mGal": 0.9347, "sigma_FA_mGal": 0.0708}}, {"type": "Feature", "geometry": {"type": "Point", "coordinates": [34.8191436, 24.8139681]}, "properties": {"Station_UID": "CG6-0313|2026-01-21|L6|S31", "Instrument": "CG6-0313", "Date": "2026-01-21", "Line": "6", "Station": "31", "H_ortho_m": 300.1045, "dg_rel_base100_mGal": -30.4433, "FA_rel_mGal": 29.4849, "SB_rel_2.67_mGal": 7.0702, "CB_rel_2.67_mGal": 6.8877, "TC_2.67_mGal": 0.9409, "sigma_FA_mGal": 0.0709}}, {"type": "Feature", "geometry": {"type": "Point", "coordinates": [34.8189608, 24.8147095]}, "properties": {"Station_UID": "CG6-0313|2026-01-21|L6|S32", "Instrument": "CG6-0313", "Date": "2026-01-21", "Line": "6", "Station": "32", "H_ortho_m": 302.4769, "dg_rel_base100_mGal": -30.8417, "FA_rel_mGal": 29.7678, "SB_rel_2.67_mGal": 7.0875, "CB_rel_2.67_mGal": 6.8756, "TC_2.67_mGal": 0.9115, "sigma_FA_mGal": 0.0709}}, {"type": "Feature", "geometry": {"type": "Point", "coordinates": [34.8204446, 24.8089147]}, "properties": {"Station_UID": "CG6-0313|2026-01-21|L6|S33", "Instrument": "CG6-0313", "Date": "2026-01-21", "Line": "6", "Station": "33", "H_ortho_m": 281.5552, "dg_rel_base100_mGal": -27.0407, "FA_rel_mGal": 27.5097, "SB_rel_2.67_mGal": 7.1716, "CB_rel_2.67_mGal": 6.8354, "TC_2.67_mGal": 0.7872, "sigma_FA_mGal": 0.0708}}, {"type": "Feature", "geometry": {"type": "Point", "coordinates": [34.8197488, 24.8092904]}, "properties": {"Station_UID": "CG6-0313|2026-01-21|L6|S34", "Instrument": "CG6-0313", "Date": "2026-01-21", "Line": "6", "Station": "34", "H_ortho_m": 284.0166, "dg_rel_base100_mGal": -27.5564, "FA_rel_mGal": 27.728, "SB_rel_2.67_mGal": 7.1143, "CB_rel_2.67_mGal": 6.7693, "TC_2.67_mGal": 0.7784, "sigma_FA_mGal": 0.0708}}, {"type": "Feature", "geometry": {"type": "Point", "coordinates": [34.8190822, 24.8096201]}, "properties": {"Station_UID": "CG6-0313|2026-01-21|L6|S35", "Instrument": "CG6-0313", "Date": "2026-01-21", "Line": "6", "Station": "35", "H_ortho_m": 300.7332, "dg_rel_base100_mGal": -28.048, "FA_rel_mGal": 32.3732, "SB_rel_2.67_mGal": 9.8881, "CB_rel_2.67_mGal": 9.4176, "TC_2.67_mGal": 0.6529, "sigma_FA_mGal": 0.0708}}, {"type": "Feature", "geometry": {"type": "Point", "coordinates": [34.8181701, 24.8101947]}, "properties": {"Station_UID": "CG6-0313|2026-01-21|L6|S36", "Instrument": "CG6-0313", "Date": "2026-01-21", "Line": "6", "Station": "36", "H_ortho_m": 287.8918, "dg_rel_base100_mGal": -28.4819, "FA_rel_mGal": 27.9364, "SB_rel_2.67_mGal": 6.8889, "CB_rel_2.67_mGal": 6.6406, "TC_2.67_mGal": 0.8752, "sigma_FA_mGal": 0.0708}}, {"type": "Feature", "geometry": {"type": "Point", "coordinates": [34.8177251, 24.8109266]}, "properties": {"Station_UID": "CG6-0313|2026-01-21|L6|S37", "Instrument": "CG6-0313", "Date": "2026-01-21", "Line": "6", "Station": "37", "H_ortho_m": 290.0643, "dg_rel_base100_mGal": -29.0438, "FA_rel_mGal": 27.9947, "SB_rel_2.67_mGal": 6.704, "CB_rel_2.67_mGal": 6.4197, "TC_2.67_mGal": 0.8391, "sigma_FA_mGal": 0.0708}}, {"type": "Feature", "geometry": {"type": "Point", "coordinates": [34.8173352, 24.8116852]}, "properties": {"Station_UID": "CG6-0313|2026-01-21|L6|S38", "Instrument": "CG6-0313", "Date": "2026-01-21", "Line": "6", "Station": "38", "H_ortho_m": 291.776, "dg_rel_base100_mGal": -29.2878, "FA_rel_mGal": 28.2268, "SB_rel_2.67_mGal": 6.7445, "CB_rel_2.67_mGal": 6.4732, "TC_2.67_mGal": 0.8521, "sigma_FA_mGal": 0.0708}}, {"type": "Feature", "geometry": {"type": "Point", "coordinates": [34.8172523, 24.8124713]}, "properties": {"Station_UID": "CG6-0313|2026-01-21|L6|S39", "Instrument": "CG6-0313", "Date": "2026-01-21", "Line": "6", "Station": "39", "H_ortho_m": 294.3508, "dg_rel_base100_mGal": -29.5696, "FA_rel_mGal": 28.6857, "SB_rel_2.67_mGal": 6.9151, "CB_rel_2.67_mGal": 6.6889, "TC_2.67_mGal": 0.8972, "sigma_FA_mGal": 0.0708}}, {"type": "Feature", "geometry": {"type": "Point", "coordinates": [34.81765, 24.8131292]}, "properties": {"Station_UID": "CG6-0313|2026-01-21|L6|S40", "Instrument": "CG6-0313", "Date": "2026-01-21", "Line": "6", "Station": "40", "H_ortho_m": 296.4645, "dg_rel_base100_mGal": -29.794, "FA_rel_mGal": 29.0685, "SB_rel_2.67_mGal": 7.0612, "CB_rel_2.67_mGal": 6.8205, "TC_2.67_mGal": 0.8827, "sigma_FA_mGal": 0.0708}}, {"type": "Feature", "geometry": {"type": "Point", "coordinates": [34.8172912, 24.8138871]}, "properties": {"Station_UID": "CG6-0313|2026-01-21|L6|S41", "Instrument": "CG6-0313", "Date": "2026-01-21", "Line": "6", "Station": "41", "H_ortho_m": 298.5473, "dg_rel_base100_mGal": -30.3445, "FA_rel_mGal": 29.1087, "SB_rel_2.67_mGal": 6.8683, "CB_rel_2.67_mGal": 6.6958, "TC_2.67_mGal": 0.951, "sigma_FA_mGal": 0.0708}}, {"type": "Feature", "geometry": {"type": "Point", "coordinates": [34.8167454, 24.8146172]}, "properties": {"Station_UID": "CG6-0313|2026-01-21|L6|S42", "Instrument": "CG6-0313", "Date": "2026-01-21", "Line": "6", "Station": "42", "H_ortho_m": 300.5914, "dg_rel_base100_mGal": -31.0263, "FA_rel_mGal": 29.0076, "SB_rel_2.67_mGal": 6.5383, "CB_rel_2.67_mGal": 6.4237, "TC_2.67_mGal": 1.0088, "sigma_FA_mGal": 0.0708}}, {"type": "Feature", "geometry": {"type": "Point", "coordinates": [34.8166973, 24.8152576]}, "properties": {"Station_UID": "CG6-0313|2026-01-21|L6|S43", "Instrument": "CG6-0313", "Date": "2026-01-21", "Line": "6", "Station": "43", "H_ortho_m": 301.9444, "dg_rel_base100_mGal": -31.1185, "FA_rel_mGal": 29.289, "SB_rel_2.67_mGal": 6.6682, "CB_rel_2.67_mGal": 6.5165, "TC_2.67_mGal": 0.9717, "sigma_FA_mGal": 0.0708}}, {"type": "Feature", "geometry": {"type": "Point", "coordinates": [34.8165657, 24.8160667]}, "properties": {"Station_UID": "CG6-0313|2026-01-21|L6|S44", "Instrument": "CG6-0313", "Date": "2026-01-21", "Line": "6", "Station": "44", "H_ortho_m": 304.159, "dg_rel_base100_mGal": -31.4603, "FA_rel_mGal": 29.5751, "SB_rel_2.67_mGal": 6.7064, "CB_rel_2.67_mGal": 6.4971, "TC_2.67_mGal": 0.9141, "sigma_FA_mGal": 0.0708}}, {"type": "Feature", "geometry": {"type": "Point", "coordinates": [34.8166314, 24.816936]}, "properties": {"Station_UID": "CG6-0313|2026-01-21|L6|S45", "Instrument": "CG6-0313", "Date": "2026-01-21", "Line": "6", "Station": "45", "H_ortho_m": 306.4195, "dg_rel_base100_mGal": -31.8668, "FA_rel_mGal": 29.8065, "SB_rel_2.67_mGal": 6.6847, "CB_rel_2.67_mGal": 6.4442, "TC_2.67_mGal": 0.8829, "sigma_FA_mGal": 0.0708}}, {"type": "Feature", "geometry": {"type": "Point", "coordinates": [34.8163986, 24.8175192]}, "properties": {"Station_UID": "CG6-0313|2026-01-21|L6|S46", "Instrument": "CG6-0313", "Date": "2026-01-21", "Line": "6", "Station": "46", "H_ortho_m": 308.0567, "dg_rel_base100_mGal": -32.283, "FA_rel_mGal": 29.8555, "SB_rel_2.67_mGal": 6.5505, "CB_rel_2.67_mGal": 6.271, "TC_2.67_mGal": 0.8439, "sigma_FA_mGal": 0.0708}}, {"type": "Feature", "geometry": {"type": "Point", "coordinates": [34.959516, 24.8006621]}, "properties": {"Station_UID": "CG6-0313|2026-01-21|L10|S1", "Instrument": "CG6-0313", "Date": "2026-01-21", "Line": "10", "Station": "1", "H_ortho_m": 53.6866, "dg_rel_base100_mGal": 9.1287, "FA_rel_mGal": -6.0892, "SB_rel_2.67_mGal": -0.9167, "CB_rel_2.67_mGal": -1.2033, "TC_2.67_mGal": 0.8368, "sigma_FA_mGal": 0.0709}}, {"type": "Feature", "geometry": {"type": "Point", "coordinates": [34.9605368, 24.7990216]}, "properties": {"Station_UID": "CG6-0313|2026-01-21|L10|S2", "Instrument": "CG6-0313", "Date": "2026-01-21", "Line": "10", "Station": "2", "H_ortho_m": 57.8994, "dg_rel_base100_mGal": 8.0851, "FA_rel_mGal": -5.7196, "SB_rel_2.67_mGal": -1.0187, "CB_rel_2.67_mGal": -1.2442, "TC_2.67_mGal": 0.8979, "sigma_FA_mGal": 0.0709}}, {"type": "Feature", "geometry": {"type": "Point", "coordinates": [34.9611586, 24.7972893]}, "properties": {"Station_UID": "CG6-0313|2026-01-21|L10|S3", "Instrument": "CG6-0313", "Date": "2026-01-21", "Line": "10", "Station": "3", "H_ortho_m": 61.992, "dg_rel_base100_mGal": 7.0946, "FA_rel_mGal": -5.3277, "SB_rel_2.67_mGal": -1.085, "CB_rel_2.67_mGal": -1.04, "TC_2.67_mGal": 1.1684, "sigma_FA_mGal": 0.0713}}, {"type": "Feature", "geometry": {"type": "Point", "coordinates": [34.9617182, 24.7956199]}, "properties": {"Station_UID": "CG6-0313|2026-01-21|L10|S4", "Instrument": "CG6-0313", "Date": "2026-01-21", "Line": "10", "Station": "4", "H_ortho_m": 66.8494, "dg_rel_base100_mGal": 6.059, "FA_rel_mGal": -4.7492, "SB_rel_2.67_mGal": -1.0503, "CB_rel_2.67_mGal": -1.0854, "TC_2.67_mGal": 1.0884, "sigma_FA_mGal": 0.071}}, {"type": "Feature", "geometry": {"type": "Point", "coordinates": [34.9621348, 24.7938484]}, "properties": {"Station_UID": "CG6-0313|2026-01-21|L10|S5", "Instrument": "CG6-0313", "Date": "2026-01-21", "Line": "10", "Station": "5", "H_ortho_m": 71.0459, "dg_rel_base100_mGal": 5.4052, "FA_rel_mGal": -3.9859, "SB_rel_2.67_mGal": -0.7568, "CB_rel_2.67_mGal": -0.79, "TC_2.67_mGal": 1.0903, "sigma_FA_mGal": 0.0711}}, {"type": "Feature", "geometry": {"type": "Point", "coordinates": [34.963001, 24.7923278]}, "properties": {"Station_UID": "CG6-0313|2026-01-21|L10|S6", "Instrument": "CG6-0313", "Date": "2026-01-21", "Line": "10", "Station": "6", "H_ortho_m": 75.294, "dg_rel_base100_mGal": 4.6861, "FA_rel_mGal": -3.2891, "SB_rel_2.67_mGal": -0.5356, "CB_rel_2.67_mGal": -0.4569, "TC_2.67_mGal": 1.2021, "sigma_FA_mGal": 0.071}}, {"type": "Feature", "geometry": {"type": "Point", "coordinates": [34.9639356, 24.7907262]}, "properties": {"Station_UID": "CG6-0313|2026-01-21|L10|S7", "Instrument": "CG6-0313", "Date": "2026-01-21", "Line": "10", "Station": "7", "H_ortho_m": 80.2618, "dg_rel_base100_mGal": 3.7256, "FA_rel_mGal": -2.6062, "SB_rel_2.67_mGal": -0.4089, "CB_rel_2.67_mGal": -0.2694, "TC_2.67_mGal": 1.2629, "sigma_FA_mGal": 0.0711}}, {"type": "Feature", "geometry": {"type": "Point", "coordinates": [34.9650394, 24.7891838]}, "properties": {"Station_UID": "CG6-0313|2026-01-21|L10|S8", "Instrument": "CG6-0313", "Date": "2026-01-21", "Line": "10", "Station": "8", "H_ortho_m": 84.5648, "dg_rel_base100_mGal": 2.7821, "FA_rel_mGal": -2.1155, "SB_rel_2.67_mGal": -0.3999, "CB_rel_2.67_mGal": -0.1355, "TC_2.67_mGal": 1.3878, "sigma_FA_mGal": 0.0711}}, {"type": "Feature", "geometry": {"type": "Point", "coordinates": [34.9659417, 24.7876035]}, "properties": {"Station_UID": "CG6-0313|2026-01-21|L10|S9", "Instrument": "CG6-0313", "Date": "2026-01-21", "Line": "10", "Station": "9", "H_ortho_m": 89.6526, "dg_rel_base100_mGal": 1.778, "FA_rel_mGal": -1.4404, "SB_rel_2.67_mGal": -0.2945, "CB_rel_2.67_mGal": -0.2528, "TC_2.67_mGal": 1.1651, "sigma_FA_mGal": 0.0712}}, {"type": "Feature", "geometry": {"type": "Point", "coordinates": [34.9667904, 24.7859974]}, "properties": {"Station_UID": "CG6-0313|2026-01-21|L10|S10", "Instrument": "CG6-0313", "Date": "2026-01-21", "Line": "10", "Station": "10", "H_ortho_m": 93.9801, "dg_rel_base100_mGal": 0.8351, "FA_rel_mGal": -0.9372, "SB_rel_2.67_mGal": -0.2757, "CB_rel_2.67_mGal": -0.4315, "TC_2.67_mGal": 0.9677, "sigma_FA_mGal": 0.0713}}, {"type": "Feature", "geometry": {"type": "Point", "coordinates": [34.9677316, 24.7844634]}, "properties": {"Station_UID": "CG6-0313|2026-01-21|L10|S11", "Instrument": "CG6-0313", "Date": "2026-01-21", "Line": "10", "Station": "11", "H_ortho_m": 98.0322, "dg_rel_base100_mGal": 0.0472, "FA_rel_mGal": -0.369, "SB_rel_2.67_mGal": -0.1611, "CB_rel_2.67_mGal": -0.3552, "TC_2.67_mGal": 0.9293, "sigma_FA_mGal": 0.0713}}, {"type": "Feature", "geometry": {"type": "Point", "coordinates": [34.9693911, 24.7810089]}, "properties": {"Station_UID": "CG6-0313|2026-01-22|L10|S13", "Instrument": "CG6-0313", "Date": "2026-01-22", "Line": "10", "Station": "13", "H_ortho_m": 106.6987, "dg_rel_base100_mGal": -2.0313, "FA_rel_mGal": 0.465, "SB_rel_2.67_mGal": -0.2974, "CB_rel_2.67_mGal": -0.4407, "TC_2.67_mGal": 0.9801, "sigma_FA_mGal": 0.1222}}, {"type": "Feature", "geometry": {"type": "Point", "coordinates": [34.9702707, 24.7795365]}, "properties": {"Station_UID": "CG6-0313|2026-01-22|L10|S14", "Instrument": "CG6-0313", "Date": "2026-01-22", "Line": "10", "Station": "14", "H_ortho_m": 110.4164, "dg_rel_base100_mGal": -2.4769, "FA_rel_mGal": 1.2682, "SB_rel_2.67_mGal": 0.0896, "CB_rel_2.67_mGal": -0.237, "TC_2.67_mGal": 0.7968, "sigma_FA_mGal": 0.1221}}, {"type": "Feature", "geometry": {"type": "Point", "coordinates": [34.9710193, 24.7777964]}, "properties": {"Station_UID": "CG6-0313|2026-01-22|L10|S15", "Instrument": "CG6-0313", "Date": "2026-01-22", "Line": "10", "Station": "15", "H_ortho_m": 114.1322, "dg_rel_base100_mGal": -3.0943, "FA_rel_mGal": 1.9173, "SB_rel_2.67_mGal": 0.3227, "CB_rel_2.67_mGal": -0.0696, "TC_2.67_mGal": 0.7311, "sigma_FA_mGal": 0.1221}}, {"type": "Feature", "geometry": {"type": "Point", "coordinates": [34.9718262, 24.7762082]}, "properties": {"Station_UID": "CG6-0313|2026-01-22|L10|S16", "Instrument": "CG6-0313", "Date": "2026-01-22", "Line": "10", "Station": "16", "H_ortho_m": 118.2384, "dg_rel_base100_mGal": -3.7311, "FA_rel_mGal": 2.657, "SB_rel_2.67_mGal": 0.6027, "CB_rel_2.67_mGal": 0.2335, "TC_2.67_mGal": 0.7542, "sigma_FA_mGal": 0.1221}}, {"type": "Feature", "geometry": {"type": "Point", "coordinates": [34.9718947, 24.7742367]}, "properties": {"Station_UID": "CG6-0313|2026-01-22|L10|S17", "Instrument": "CG6-0313", "Date": "2026-01-22", "Line": "10", "Station": "17", "H_ortho_m": 123.4523, "dg_rel_base100_mGal": -4.9258, "FA_rel_mGal": 3.2071, "SB_rel_2.67_mGal": 0.5691, "CB_rel_2.67_mGal": 0.1011, "TC_2.67_mGal": 0.6554, "sigma_FA_mGal": 0.1222}}, {"type": "Feature", "geometry": {"type": "Point", "coordinates": [34.9721237, 24.7726081]}, "properties": {"Station_UID": "CG6-0313|2026-01-22|L10|S18", "Instrument": "CG6-0313", "Date": "2026-01-22", "Line": "10", "Station": "18", "H_ortho_m": 126.3595, "dg_rel_base100_mGal": -5.3635, "FA_rel_mGal": 3.7786, "SB_rel_2.67_mGal": 0.8151, "CB_rel_2.67_mGal": 0.3166, "TC_2.67_mGal": 0.6249, "sigma_FA_mGal": 0.1221}}, {"type": "Feature", "geometry": {"type": "Point", "coordinates": [34.9722762, 24.7708595]}, "properties": {"Station_UID": "CG6-0313|2026-01-22|L10|S19", "Instrument": "CG6-0313", "Date": "2026-01-22", "Line": "10", "Station": "19", "H_ortho_m": 130.0662, "dg_rel_base100_mGal": -6.0888, "FA_rel_mGal": 4.3176, "SB_rel_2.67_mGal": 0.9391, "CB_rel_2.67_mGal": 0.5182, "TC_2.67_mGal": 0.7025, "sigma_FA_mGal": 0.1222}}, {"type": "Feature", "geometry": {"type": "Point", "coordinates": [34.9729318, 24.7691974]}, "properties": {"Station_UID": "CG6-0313|2026-01-22|L10|S20", "Instrument": "CG6-0313", "Date": "2026-01-22", "Line": "10", "Station": "20", "H_ortho_m": 133.5805, "dg_rel_base100_mGal": -6.9725, "FA_rel_mGal": 4.6328, "SB_rel_2.67_mGal": 0.8609, "CB_rel_2.67_mGal": 0.3966, "TC_2.67_mGal": 0.6591, "sigma_FA_mGal": 0.1222}}, {"type": "Feature", "geometry": {"type": "Point", "coordinates": [34.9740962, 24.7672573]}, "properties": {"Station_UID": "CG6-0313|2026-01-22|L10|S21", "Instrument": "CG6-0313", "Date": "2026-01-22", "Line": "10", "Station": "21", "H_ortho_m": 138.006, "dg_rel_base100_mGal": -7.7914, "FA_rel_mGal": 5.3132, "SB_rel_2.67_mGal": 1.0458, "CB_rel_2.67_mGal": 0.44, "TC_2.67_mGal": 0.5176, "sigma_FA_mGal": 0.1221}}, {"type": "Feature", "geometry": {"type": "Point", "coordinates": [34.9746936, 24.7660773]}, "properties": {"Station_UID": "CG6-0313|2026-01-22|L10|S22", "Instrument": "CG6-0313", "Date": "2026-01-22", "Line": "10", "Station": "22", "H_ortho_m": 140.8276, "dg_rel_base100_mGal": -8.3218, "FA_rel_mGal": 5.7347, "SB_rel_2.67_mGal": 1.1515, "CB_rel_2.67_mGal": 0.4437, "TC_2.67_mGal": 0.4156, "sigma_FA_mGal": 0.1221}}, {"type": "Feature", "geometry": {"type": "Point", "coordinates": [34.9753761, 24.7644319]}, "properties": {"Station_UID": "CG6-0313|2026-01-22|L10|S23", "Instrument": "CG6-0313", "Date": "2026-01-22", "Line": "10", "Station": "23", "H_ortho_m": 145.491, "dg_rel_base100_mGal": -9.3811, "FA_rel_mGal": 6.2278, "SB_rel_2.67_mGal": 1.1226, "CB_rel_2.67_mGal": 0.3014, "TC_2.67_mGal": 0.3023, "sigma_FA_mGal": 0.1222}}, {"type": "Feature", "geometry": {"type": "Point", "coordinates": [34.9768975, 24.7632533]}, "properties": {"Station_UID": "CG6-0313|2026-01-22|L10|S24", "Instrument": "CG6-0313", "Date": "2026-01-22", "Line": "10", "Station": "24", "H_ortho_m": 150.1992, "dg_rel_base100_mGal": -9.9583, "FA_rel_mGal": 7.1848, "SB_rel_2.67_mGal": 1.5524, "CB_rel_2.67_mGal": 0.6944, "TC_2.67_mGal": 0.2654, "sigma_FA_mGal": 0.1221}}, {"type": "Feature", "geometry": {"type": "Point", "coordinates": [34.9780511, 24.7617741]}, "properties": {"Station_UID": "CG6-0313|2026-01-22|L10|S25", "Instrument": "CG6-0313", "Date": "2026-01-22", "Line": "10", "Station": "25", "H_ortho_m": 154.9671, "dg_rel_base100_mGal": -11.0649, "FA_rel_mGal": 7.6515, "SB_rel_2.67_mGal": 1.4854, "CB_rel_2.67_mGal": 0.6478, "TC_2.67_mGal": 0.2858, "sigma_FA_mGal": 0.1221}}, {"type": "Feature", "geometry": {"type": "Point", "coordinates": [34.9576565, 24.8028977]}, "properties": {"Station_UID": "CG6-0313|2026-01-22|L10|S26", "Instrument": "CG6-0313", "Date": "2026-01-22", "Line": "10", "Station": "26", "H_ortho_m": 55.2152, "dg_rel_base100_mGal": 8.7765, "FA_rel_mGal": -6.1232, "SB_rel_2.67_mGal": -1.1218, "CB_rel_2.67_mGal": -1.477, "TC_2.67_mGal": 0.7682, "sigma_FA_mGal": 0.1222}}, {"type": "Feature", "geometry": {"type": "Point", "coordinates": [34.9571459, 24.8047592]}, "properties": {"Station_UID": "CG6-0313|2026-01-22|L10|S27", "Instrument": "CG6-0313", "Date": "2026-01-22", "Line": "10", "Station": "27", "H_ortho_m": 60.3074, "dg_rel_base100_mGal": 7.5549, "FA_rel_mGal": -5.9009, "SB_rel_2.67_mGal": -1.4696, "CB_rel_2.67_mGal": -1.7382, "TC_2.67_mGal": 0.8549, "sigma_FA_mGal": 0.1221}}, {"type": "Feature", "geometry": {"type": "Point", "coordinates": [34.9565337, 24.806458]}, "properties": {"Station_UID": "CG6-0313|2026-01-22|L10|S28", "Instrument": "CG6-0313", "Date": "2026-01-22", "Line": "10", "Station": "28", "H_ortho_m": 65.2818, "dg_rel_base100_mGal": 6.6923, "FA_rel_mGal": -5.3447, "SB_rel_2.67_mGal": -1.4703, "CB_rel_2.67_mGal": -1.7016, "TC_2.67_mGal": 0.8921, "sigma_FA_mGal": 0.1222}}, {"type": "Feature", "geometry": {"type": "Point", "coordinates": [34.9555381, 24.8080674]}, "properties": {"Station_UID": "CG6-0313|2026-01-22|L10|S29", "Instrument": "CG6-0313", "Date": "2026-01-22", "Line": "10", "Station": "29", "H_ortho_m": 70.691, "dg_rel_base100_mGal": 5.5278, "FA_rel_mGal": -4.9502, "SB_rel_2.67_mGal": -1.6814, "CB_rel_2.67_mGal": -2.0357, "TC_2.67_mGal": 0.7691, "sigma_FA_mGal": 0.1221}}, {"type": "Feature", "geometry": {"type": "Point", "coordinates": [34.9539735, 24.8090954]}, "properties": {"Station_UID": "CG6-0313|2026-01-22|L10|S30", "Instrument": "CG6-0313", "Date": "2026-01-22", "Line": "10", "Station": "30", "H_ortho_m": 76.3383, "dg_rel_base100_mGal": 4.3975, "FA_rel_mGal": -4.4079, "SB_rel_2.67_mGal": -1.7713, "CB_rel_2.67_mGal": -2.2187, "TC_2.67_mGal": 0.6761, "sigma_FA_mGal": 0.1222}}, {"type": "Feature", "geometry": {"type": "Point", "coordinates": [34.952369, 24.8100504]}, "properties": {"Station_UID": "CG6-0313|2026-01-22|L10|S31", "Instrument": "CG6-0313", "Date": "2026-01-22", "Line": "10", "Station": "31", "H_ortho_m": 81.7743, "dg_rel_base100_mGal": 3.0472, "FA_rel_mGal": -4.1459, "SB_rel_2.67_mGal": -2.1179, "CB_rel_2.67_mGal": -2.5242, "TC_2.67_mGal": 0.7172, "sigma_FA_mGal": 0.1221}}, {"type": "Feature", "geometry": {"type": "Point", "coordinates": [34.9510959, 24.8113691]}, "properties": {"Station_UID": "CG6-0313|2026-01-22|L10|S32", "Instrument": "CG6-0313", "Date": "2026-01-22", "Line": "10", "Station": "32", "H_ortho_m": 86.7966, "dg_rel_base100_mGal": 2.039, "FA_rel_mGal": -3.6945, "SB_rel_2.67_mGal": -2.2287, "CB_rel_2.67_mGal": -2.4658, "TC_2.67_mGal": 0.8863, "sigma_FA_mGal": 0.1221}}, {"type": "Feature", "geometry": {"type": "Point", "coordinates": [34.9501688, 24.8129076]}, "properties": {"Station_UID": "CG6-0313|2026-01-22|L10|S33", "Instrument": "CG6-0313", "Date": "2026-01-22", "Line": "10", "Station": "33", "H_ortho_m": 91.9469, "dg_rel_base100_mGal": 1.1036, "FA_rel_mGal": -3.1458, "SB_rel_2.67_mGal": -2.2567, "CB_rel_2.67_mGal": -2.526, "TC_2.67_mGal": 0.8541, "sigma_FA_mGal": 0.1221}}, {"type": "Feature", "geometry": {"type": "Point", "coordinates": [34.9495282, 24.8145566]}, "properties": {"Station_UID": "CG6-0313|2026-01-22|L10|S34", "Instrument": "CG6-0313", "Date": "2026-01-22", "Line": "10", "Station": "34", "H_ortho_m": 98.571, "dg_rel_base100_mGal": 0.4776, "FA_rel_mGal": -1.8406, "SB_rel_2.67_mGal": -1.693, "CB_rel_2.67_mGal": -2.2028, "TC_2.67_mGal": 0.6136, "sigma_FA_mGal": 0.1221}}, {"type": "Feature", "geometry": {"type": "Point", "coordinates": [34.9492753, 24.8163479]}, "properties": {"Station_UID": "CG6-0313|2026-01-22|L10|S35", "Instrument": "CG6-0313", "Date": "2026-01-22", "Line": "10", "Station": "35", "H_ortho_m": 104.8142, "dg_rel_base100_mGal": -0.5002, "FA_rel_mGal": -1.0144, "SB_rel_2.67_mGal": -1.5658, "CB_rel_2.67_mGal": -2.1936, "TC_2.67_mGal": 0.4957, "sigma_FA_mGal": 0.1221}}, {"type": "Feature", "geometry": {"type": "Point", "coordinates": [34.9493513, 24.8181827]}, "properties": {"Station_UID": "CG6-0313|2026-01-22|L10|S36", "Instrument": "CG6-0313", "Date": "2026-01-22", "Line": "10", "Station": "36", "H_ortho_m": 111.1253, "dg_rel_base100_mGal": -1.6721, "FA_rel_mGal": -0.3644, "SB_rel_2.67_mGal": -1.6223, "CB_rel_2.67_mGal": -2.2007, "TC_2.67_mGal": 0.545, "sigma_FA_mGal": 0.1221}}, {"type": "Feature", "geometry": {"type": "Point", "coordinates": [34.9494974, 24.8198389]}, "properties": {"Station_UID": "CG6-0313|2026-01-22|L10|S37", "Instrument": "CG6-0313", "Date": "2026-01-22", "Line": "10", "Station": "37", "H_ortho_m": 116.2324, "dg_rel_base100_mGal": -2.8214, "FA_rel_mGal": -0.0511, "SB_rel_2.67_mGal": -1.8808, "CB_rel_2.67_mGal": -2.4016, "TC_2.67_mGal": 0.6026, "sigma_FA_mGal": 0.1222}}, {"type": "Feature", "geometry": {"type": "Point", "coordinates": [34.9492435, 24.8215706]}, "properties": {"Station_UID": "CG6-0313|2026-01-22|L10|S38", "Instrument": "CG6-0313", "Date": "2026-01-22", "Line": "10", "Station": "38", "H_ortho_m": 122.1736, "dg_rel_base100_mGal": -4.0318, "FA_rel_mGal": 0.4533, "SB_rel_2.67_mGal": -2.0415, "CB_rel_2.67_mGal": -2.7245, "TC_2.67_mGal": 0.4405, "sigma_FA_mGal": 0.1221}}, {"type": "Feature", "geometry": {"type": "Point", "coordinates": [34.9490616, 24.8233265]}, "properties": {"Station_UID": "CG6-0313|2026-01-22|L10|S39", "Instrument": "CG6-0313", "Date": "2026-01-22", "Line": "10", "Station": "39", "H_ortho_m": 126.6871, "dg_rel_base100_mGal": -4.9729, "FA_rel_mGal": 0.7847, "SB_rel_2.67_mGal": -2.2155, "CB_rel_2.67_mGal": -2.8961, "TC_2.67_mGal": 0.4428, "sigma_FA_mGal": 0.1221}}, {"type": "Feature", "geometry": {"type": "Point", "coordinates": [34.9485775, 24.8248964]}, "properties": {"Station_UID": "CG6-0313|2026-01-22|L10|S40", "Instrument": "CG6-0313", "Date": "2026-01-22", "Line": "10", "Station": "40", "H_ortho_m": 132.1598, "dg_rel_base100_mGal": -6.182, "FA_rel_mGal": 1.1568, "SB_rel_2.67_mGal": -2.4561, "CB_rel_2.67_mGal": -3.2497, "TC_2.67_mGal": 0.3298, "sigma_FA_mGal": 0.1222}}, {"type": "Feature", "geometry": {"type": "Point", "coordinates": [34.9475164, 24.826508]}, "properties": {"Station_UID": "CG6-0313|2026-01-22|L10|S41", "Instrument": "CG6-0313", "Date": "2026-01-22", "Line": "10", "Station": "41", "H_ortho_m": 136.3784, "dg_rel_base100_mGal": -7.1776, "FA_rel_mGal": 1.3526, "SB_rel_2.67_mGal": -2.7326, "CB_rel_2.67_mGal": -3.5516, "TC_2.67_mGal": 0.3044, "sigma_FA_mGal": 0.1221}}, {"type": "Feature", "geometry": {"type": "Point", "coordinates": [34.947004, 24.8285689]}, "properties": {"Station_UID": "CG6-0313|2026-01-22|L10|S42", "Instrument": "CG6-0313", "Date": "2026-01-22", "Line": "10", "Station": "42", "H_ortho_m": 141.5766, "dg_rel_base100_mGal": -8.2171, "FA_rel_mGal": 1.7758, "SB_rel_2.67_mGal": -2.8912, "CB_rel_2.67_mGal": -3.7564, "TC_2.67_mGal": 0.2582, "sigma_FA_mGal": 0.1221}}, {"type": "Feature", "geometry": {"type": "Point", "coordinates": [34.9460413, 24.8298245]}, "properties": {"Station_UID": "CG6-0313|2026-01-22|L10|S43", "Instrument": "CG6-0313", "Date": "2026-01-22", "Line": "10", "Station": "43", "H_ortho_m": 145.6882, "dg_rel_base100_mGal": -9.2829, "FA_rel_mGal": 1.8927, "SB_rel_2.67_mGal": -3.2347, "CB_rel_2.67_mGal": -4.102, "TC_2.67_mGal": 0.256, "sigma_FA_mGal": 0.1221}}, {"type": "Feature", "geometry": {"type": "Point", "coordinates": [34.9448954, 24.8315236]}, "properties": {"Station_UID": "CG6-0313|2026-01-22|L10|S44", "Instrument": "CG6-0313", "Date": "2026-01-22", "Line": "10", "Station": "44", "H_ortho_m": 150.3304, "dg_rel_base100_mGal": -10.58, "FA_rel_mGal": 1.9117, "SB_rel_2.67_mGal": -3.7354, "CB_rel_2.67_mGal": -4.6011, "TC_2.67_mGal": 0.2578, "sigma_FA_mGal": 0.1221}}, {"type": "Feature", "geometry": {"type": "Point", "coordinates": [34.943201, 24.832156]}, "properties": {"Station_UID": "CG6-0313|2026-01-22|L10|S45", "Instrument": "CG6-0313", "Date": "2026-01-22", "Line": "10", "Station": "45", "H_ortho_m": 155.5971, "dg_rel_base100_mGal": -11.8888, "FA_rel_mGal": 2.185, "SB_rel_2.67_mGal": -4.0517, "CB_rel_2.67_mGal": -4.909, "TC_2.67_mGal": 0.2661, "sigma_FA_mGal": 0.1222}}, {"type": "Feature", "geometry": {"type": "Point", "coordinates": [34.941882, 24.8334982]}, "properties": {"Station_UID": "CG6-0313|2026-01-22|L10|S46", "Instrument": "CG6-0313", "Date": "2026-01-22", "Line": "10", "Station": "46", "H_ortho_m": 160.0068, "dg_rel_base100_mGal": -12.6661, "FA_rel_mGal": 2.6765, "SB_rel_2.67_mGal": -4.0539, "CB_rel_2.67_mGal": -4.8992, "TC_2.67_mGal": 0.2781, "sigma_FA_mGal": 0.1221}}, {"type": "Feature", "geometry": {"type": "Point", "coordinates": [34.9402243, 24.8342625]}, "properties": {"Station_UID": "CG6-0313|2026-01-22|L10|S47", "Instrument": "CG6-0313", "Date": "2026-01-22", "Line": "10", "Station": "47", "H_ortho_m": 164.764, "dg_rel_base100_mGal": -13.6351, "FA_rel_mGal": 3.1233, "SB_rel_2.67_mGal": -4.1397, "CB_rel_2.67_mGal": -4.9414, "TC_2.67_mGal": 0.3217, "sigma_FA_mGal": 0.1222}}, {"type": "Feature", "geometry": {"type": "Point", "coordinates": [34.9379112, 24.8342262]}, "properties": {"Station_UID": "CG6-0313|2026-01-22|L10|S48", "Instrument": "CG6-0313", "Date": "2026-01-22", "Line": "10", "Station": "48", "H_ortho_m": 171.9944, "dg_rel_base100_mGal": -15.1414, "FA_rel_mGal": 3.8513, "SB_rel_2.67_mGal": -4.2211, "CB_rel_2.67_mGal": -5.0424, "TC_2.67_mGal": 0.3021, "sigma_FA_mGal": 0.1222}}, {"type": "Feature", "geometry": {"type": "Point", "coordinates": [34.9356028, 24.8335455]}, "properties": {"Station_UID": "CG6-0313|2026-01-22|L10|S49", "Instrument": "CG6-0313", "Date": "2026-01-22", "Line": "10", "Station": "49", "H_ortho_m": 178.6878, "dg_rel_base100_mGal": -16.9668, "FA_rel_mGal": 4.1388, "SB_rel_2.67_mGal": -4.683, "CB_rel_2.67_mGal": -5.4917, "TC_2.67_mGal": 0.3147, "sigma_FA_mGal": 0.1221}}, {"type": "Feature", "geometry": {"type": "Point", "coordinates": [34.9331212, 24.8334567]}, "properties": {"Station_UID": "CG6-0313|2026-01-22|L10|S50", "Instrument": "CG6-0313", "Date": "2026-01-22", "Line": "10", "Station": "50", "H_ortho_m": 185.5442, "dg_rel_base100_mGal": -18.5184, "FA_rel_mGal": 4.7096, "SB_rel_2.67_mGal": -4.8797, "CB_rel_2.67_mGal": -5.6616, "TC_2.67_mGal": 0.3416, "sigma_FA_mGal": 0.1222}}, {"type": "Feature", "geometry": {"type": "Point", "coordinates": [34.8945719, 24.7690651]}, "properties": {"Station_UID": "CG6-0313|2026-01-22|L11|S2", "Instrument": "CG6-0313", "Date": "2026-01-22", "Line": "11", "Station": "2", "H_ortho_m": 184.6968, "dg_rel_base100_mGal": -11.031, "FA_rel_mGal": 16.3614, "SB_rel_2.67_mGal": 6.8669, "CB_rel_2.67_mGal": 7.2247, "TC_2.67_mGal": 1.4812, "sigma_FA_mGal": 0.1222}}, {"type": "Feature", "geometry": {"type": "Point", "coordinates": [34.8952265, 24.7675257]}, "properties": {"Station_UID": "CG6-0313|2026-01-22|L11|S3", "Instrument": "CG6-0313", "Date": "2026-01-22", "Line": "11", "Station": "3", "H_ortho_m": 186.7328, "dg_rel_base100_mGal": -11.2073, "FA_rel_mGal": 16.9192, "SB_rel_2.67_mGal": 7.1967, "CB_rel_2.67_mGal": 7.5635, "TC_2.67_mGal": 1.4901, "sigma_FA_mGal": 0.1222}}, {"type": "Feature", "geometry": {"type": "Point", "coordinates": [34.8935945, 24.7673165]}, "properties": {"Station_UID": "CG6-0313|2026-01-22|L11|S4", "Instrument": "CG6-0313", "Date": "2026-01-22", "Line": "11", "Station": "4", "H_ortho_m": 189.9412, "dg_rel_base100_mGal": -11.4114, "FA_rel_mGal": 17.7198, "SB_rel_2.67_mGal": 7.6382, "CB_rel_2.67_mGal": 7.7116, "TC_2.67_mGal": 1.1968, "sigma_FA_mGal": 0.1221}}, {"type": "Feature", "geometry": {"type": "Point", "coordinates": [34.8920418, 24.7668596]}, "properties": {"Station_UID": "CG6-0313|2026-01-22|L11|S5", "Instrument": "CG6-0313", "Date": "2026-01-22", "Line": "11", "Station": "5", "H_ortho_m": 192.4118, "dg_rel_base100_mGal": -12.1881, "FA_rel_mGal": 17.737, "SB_rel_2.67_mGal": 7.3788, "CB_rel_2.67_mGal": 7.7255, "TC_2.67_mGal": 1.4701, "sigma_FA_mGal": 0.1222}}, {"type": "Feature", "geometry": {"type": "Point", "coordinates": [34.8921845, 24.7655516]}, "properties": {"Station_UID": "CG6-0313|2026-01-22|L11|S6", "Instrument": "CG6-0313", "Date": "2026-01-22", "Line": "11", "Station": "6", "H_ortho_m": 195.2856, "dg_rel_base100_mGal": -12.1348, "FA_rel_mGal": 18.7673, "SB_rel_2.67_mGal": 8.0873, "CB_rel_2.67_mGal": 8.0286, "TC_2.67_mGal": 1.0647, "sigma_FA_mGal": 0.1222}}, {"type": "Feature", "geometry": {"type": "Point", "coordinates": [34.8941212, 24.7651443]}, "properties": {"Station_UID": "CG6-0313|2026-01-22|L11|S7", "Instrument": "CG6-0313", "Date": "2026-01-22", "Line": "11", "Station": "7", "H_ortho_m": 197.7842, "dg_rel_base100_mGal": -12.8576, "FA_rel_mGal": 18.8436, "SB_rel_2.67_mGal": 7.884, "CB_rel_2.67_mGal": 8.1768, "TC_2.67_mGal": 1.4163, "sigma_FA_mGal": 0.1222}}, {"type": "Feature", "geometry": {"type": "Point", "coordinates": [34.894959, 24.7638912]}, "properties": {"Station_UID": "CG6-0313|2026-01-22|L11|S8", "Instrument": "CG6-0313", "Date": "2026-01-22", "Line": "11", "Station": "8", "H_ortho_m": 200.2092, "dg_rel_base100_mGal": -14.0943, "FA_rel_mGal": 18.4415, "SB_rel_2.67_mGal": 7.2103, "CB_rel_2.67_mGal": 7.8459, "TC_2.67_mGal": 1.7589, "sigma_FA_mGal": 0.1221}}, {"type": "Feature", "geometry": {"type": "Point", "coordinates": [34.8931514, 24.7630682]}, "properties": {"Station_UID": "CG6-0313|2026-01-22|L11|S9", "Instrument": "CG6-0313", "Date": "2026-01-22", "Line": "11", "Station": "9", "H_ortho_m": 202.8674, "dg_rel_base100_mGal": -13.8097, "FA_rel_mGal": 19.603, "SB_rel_2.67_mGal": 8.0743, "CB_rel_2.67_mGal": 7.9314, "TC_2.67_mGal": 0.9805, "sigma_FA_mGal": 0.1221}}, {"type": "Feature", "geometry": {"type": "Point", "coordinates": [34.8916079, 24.7624167]}, "properties": {"Station_UID": "CG6-0313|2026-01-22|L11|S10", "Instrument": "CG6-0313", "Date": "2026-01-22", "Line": "11", "Station": "10", "H_ortho_m": 204.469, "dg_rel_base100_mGal": -14.4289, "FA_rel_mGal": 19.5229, "SB_rel_2.67_mGal": 7.8148, "CB_rel_2.67_mGal": 7.7283, "TC_2.67_mGal": 1.0369, "sigma_FA_mGal": 0.1222}}, {"type": "Feature", "geometry": {"type": "Point", "coordinates": [34.8904286, 24.7609573]}, "properties": {"Station_UID": "CG6-0313|2026-01-22|L11|S11", "Instrument": "CG6-0313", "Date": "2026-01-22", "Line": "11", "Station": "11", "H_ortho_m": 207.0347, "dg_rel_base100_mGal": -15.246, "FA_rel_mGal": 19.598, "SB_rel_2.67_mGal": 7.6027, "CB_rel_2.67_mGal": 7.4026, "TC_2.67_mGal": 0.9233, "sigma_FA_mGal": 0.1222}}, {"type": "Feature", "geometry": {"type": "Point", "coordinates": [34.8888044, 24.7602582]}, "properties": {"Station_UID": "CG6-0313|2026-01-22|L11|S12", "Instrument": "CG6-0313", "Date": "2026-01-22", "Line": "11", "Station": "12", "H_ortho_m": 210.0939, "dg_rel_base100_mGal": -15.8524, "FA_rel_mGal": 19.9839, "SB_rel_2.67_mGal": 7.6461, "CB_rel_2.67_mGal": 7.2698, "TC_2.67_mGal": 0.7471, "sigma_FA_mGal": 0.1222}}, {"type": "Feature", "geometry": {"type": "Point", "coordinates": [34.8867916, 24.7603906]}, "properties": {"Station_UID": "CG6-0313|2026-01-22|L11|S13", "Instrument": "CG6-0313", "Date": "2026-01-22", "Line": "11", "Station": "13", "H_ortho_m": 212.5119, "dg_rel_base100_mGal": -16.0221, "FA_rel_mGal": 20.5513, "SB_rel_2.67_mGal": 7.9428, "CB_rel_2.67_mGal": 7.4725, "TC_2.67_mGal": 0.6531, "sigma_FA_mGal": 0.1222}}, {"type": "Feature", "geometry": {"type": "Point", "coordinates": [34.8856198, 24.7594222]}, "properties": {"Station_UID": "CG6-0313|2026-01-22|L11|S14", "Instrument": "CG6-0313", "Date": "2026-01-22", "Line": "11", "Station": "14", "H_ortho_m": 214.89, "dg_rel_base100_mGal": -16.3766, "FA_rel_mGal": 20.9974, "SB_rel_2.67_mGal": 8.1226, "CB_rel_2.67_mGal": 7.6216, "TC_2.67_mGal": 0.6223, "sigma_FA_mGal": 0.1222}}, {"type": "Feature", "geometry": {"type": "Point", "coordinates": [34.8843578, 24.7582412]}, "properties": {"Station_UID": "CG6-0313|2026-01-22|L11|S15", "Instrument": "CG6-0313", "Date": "2026-01-22", "Line": "11", "Station": "15", "H_ortho_m": 217.1596, "dg_rel_base100_mGal": -16.6866, "FA_rel_mGal": 21.469, "SB_rel_2.67_mGal": 8.3402, "CB_rel_2.67_mGal": 7.8093, "TC_2.67_mGal": 0.5926, "sigma_FA_mGal": 0.1222}}, {"type": "Feature", "geometry": {"type": "Point", "coordinates": [34.8844181, 24.7570025]}, "properties": {"Station_UID": "CG6-0313|2026-01-22|L11|S16", "Instrument": "CG6-0313", "Date": "2026-01-22", "Line": "11", "Station": "16", "H_ortho_m": 219.0332, "dg_rel_base100_mGal": -17.2465, "FA_rel_mGal": 21.5724, "SB_rel_2.67_mGal": 8.2339, "CB_rel_2.67_mGal": 7.7635, "TC_2.67_mGal": 0.653, "sigma_FA_mGal": 0.1222}}, {"type": "Feature", "geometry": {"type": "Point", "coordinates": [34.8853372, 24.7560492]}, "properties": {"Station_UID": "CG6-0313|2026-01-22|L11|S17", "Instrument": "CG6-0313", "Date": "2026-01-22", "Line": "11", "Station": "17", "H_ortho_m": 221.3708, "dg_rel_base100_mGal": -17.7941, "FA_rel_mGal": 21.8118, "SB_rel_2.67_mGal": 8.2115, "CB_rel_2.67_mGal": 7.6277, "TC_2.67_mGal": 0.5397, "sigma_FA_mGal": 0.1222}}, {"type": "Feature", "geometry": {"type": "Point", "coordinates": [34.8836895, 24.7550034]}, "properties": {"Station_UID": "CG6-0313|2026-01-22|L11|S18", "Instrument": "CG6-0313", "Date": "2026-01-22", "Line": "11", "Station": "18", "H_ortho_m": 224.0418, "dg_rel_base100_mGal": -18.3112, "FA_rel_mGal": 22.1908, "SB_rel_2.67_mGal": 8.2916, "CB_rel_2.67_mGal": 7.7633, "TC_2.67_mGal": 0.5951, "sigma_FA_mGal": 0.1222}}, {"type": "Feature", "geometry": {"type": "Point", "coordinates": [34.8829398, 24.753066]}, "properties": {"Station_UID": "CG6-0313|2026-01-22|L11|S19", "Instrument": "CG6-0313", "Date": "2026-01-22", "Line": "11", "Station": "19", "H_ortho_m": 227.1833, "dg_rel_base100_mGal": -19.0773, "FA_rel_mGal": 22.5275, "SB_rel_2.67_mGal": 8.2765, "CB_rel_2.67_mGal": 7.7213, "TC_2.67_mGal": 0.5683, "sigma_FA_mGal": 0.1222}}, {"type": "Feature", "geometry": {"type": "Point", "coordinates": [34.8824444, 24.7516599]}, "properties": {"Station_UID": "CG6-0313|2026-01-22|L11|S20", "Instrument": "CG6-0313", "Date": "2026-01-22", "Line": "11", "Station": "20", "H_ortho_m": 228.9333, "dg_rel_base100_mGal": -19.547, "FA_rel_mGal": 22.6944, "SB_rel_2.67_mGal": 8.2475, "CB_rel_2.67_mGal": 7.7377, "TC_2.67_mGal": 0.6137, "sigma_FA_mGal": 0.1222}}, {"type": "Feature", "geometry": {"type": "Point", "coordinates": [34.8819774, 24.7497049]}, "properties": {"Station_UID": "CG6-0313|2026-01-22|L11|S21", "Instrument": "CG6-0313", "Date": "2026-01-22", "Line": "11", "Station": "21", "H_ortho_m": 231.1733, "dg_rel_base100_mGal": -20.2221, "FA_rel_mGal": 22.8448, "SB_rel_2.67_mGal": 8.1471, "CB_rel_2.67_mGal": 7.8373, "TC_2.67_mGal": 0.8136, "sigma_FA_mGal": 0.1222}}, {"type": "Feature", "geometry": {"type": "Point", "coordinates": [34.8834535, 24.7488205]}, "properties": {"Station_UID": "CG6-0313|2026-01-22|L11|S22", "Instrument": "CG6-0313", "Date": "2026-01-22", "Line": "11", "Station": "22", "H_ortho_m": 233.9088, "dg_rel_base100_mGal": -20.6005, "FA_rel_mGal": 23.3715, "SB_rel_2.67_mGal": 8.3676, "CB_rel_2.67_mGal": 7.8766, "TC_2.67_mGal": 0.6324, "sigma_FA_mGal": 0.1222}}, {"type": "Feature", "geometry": {"type": "Point", "coordinates": [34.8845047, 24.7479463]}, "properties": {"Station_UID": "CG6-0313|2026-01-22|L11|S23", "Instrument": "CG6-0313", "Date": "2026-01-22", "Line": "11", "Station": "23", "H_ortho_m": 237.1815, "dg_rel_base100_mGal": -21.4136, "FA_rel_mGal": 23.6285, "SB_rel_2.67_mGal": 8.2582, "CB_rel_2.67_mGal": 7.8695, "TC_2.67_mGal": 0.7347, "sigma_FA_mGal": 0.1222}}, {"type": "Feature", "geometry": {"type": "Point", "coordinates": [34.8827644, 24.7475664]}, "properties": {"Station_UID": "CG6-0313|2026-01-22|L11|S24", "Instrument": "CG6-0313", "Date": "2026-01-22", "Line": "11", "Station": "24", "H_ortho_m": 239.2447, "dg_rel_base100_mGal": -21.654, "FA_rel_mGal": 24.0511, "SB_rel_2.67_mGal": 8.4498, "CB_rel_2.67_mGal": 7.867, "TC_2.67_mGal": 0.5407, "sigma_FA_mGal": 0.1222}}, {"type": "Feature", "geometry": {"type": "Point", "coordinates": [34.8823431, 24.7457796]}, "properties": {"Station_UID": "CG6-0313|2026-01-22|L11|S25", "Instrument": "CG6-0313", "Date": "2026-01-22", "Line": "11", "Station": "25", "H_ortho_m": 240.4108, "dg_rel_base100_mGal": -22.5473, "FA_rel_mGal": 23.6403, "SB_rel_2.67_mGal": 7.9084, "CB_rel_2.67_mGal": 7.3353, "TC_2.67_mGal": 0.5503, "sigma_FA_mGal": 0.1222}}, {"type": "Feature", "geometry": {"type": "Point", "coordinates": [34.8841839, 24.7441543]}, "properties": {"Station_UID": "CG6-0313|2026-01-22|L11|S26", "Instrument": "CG6-0313", "Date": "2026-01-22", "Line": "11", "Station": "26", "H_ortho_m": 244.9019, "dg_rel_base100_mGal": -23.4958, "FA_rel_mGal": 24.1896, "SB_rel_2.67_mGal": 7.9549, "CB_rel_2.67_mGal": 7.5806, "TC_2.67_mGal": 0.7491, "sigma_FA_mGal": 0.1222}}, {"type": "Feature", "geometry": {"type": "Point", "coordinates": [34.8849251, 24.7433631]}, "properties": {"Station_UID": "CG6-0313|2026-01-22|L11|S27", "Instrument": "CG6-0313", "Date": "2026-01-22", "Line": "11", "Station": "27", "H_ortho_m": 245.8442, "dg_rel_base100_mGal": -23.9103, "FA_rel_mGal": 24.1201, "SB_rel_2.67_mGal": 7.78, "CB_rel_2.67_mGal": 7.3942, "TC_2.67_mGal": 0.7376, "sigma_FA_mGal": 0.1222}}, {"type": "Feature", "geometry": {"type": "Point", "coordinates": [34.8841733, 24.7421947]}, "properties": {"Station_UID": "CG6-0313|2026-01-22|L11|S28", "Instrument": "CG6-0313", "Date": "2026-01-22", "Line": "11", "Station": "28", "H_ortho_m": 247.7278, "dg_rel_base100_mGal": -24.352, "FA_rel_mGal": 24.34, "SB_rel_2.67_mGal": 7.789, "CB_rel_2.67_mGal": 7.2114, "TC_2.67_mGal": 0.5458, "sigma_FA_mGal": 0.1222}}, {"type": "Feature", "geometry": {"type": "Point", "coordinates": [34.8823105, 24.7417292]}, "properties": {"Station_UID": "CG6-0313|2026-01-22|L11|S29", "Instrument": "CG6-0313", "Date": "2026-01-22", "Line": "11", "Station": "29", "H_ortho_m": 249.2366, "dg_rel_base100_mGal": -24.9001, "FA_rel_mGal": 24.2895, "SB_rel_2.67_mGal": 7.5696, "CB_rel_2.67_mGal": 6.9442, "TC_2.67_mGal": 0.498, "sigma_FA_mGal": 0.1222}}, {"type": "Feature", "geometry": {"type": "Point", "coordinates": [34.8807637, 24.7405336]}, "properties": {"Station_UID": "CG6-0313|2026-01-22|L11|S30", "Instrument": "CG6-0313", "Date": "2026-01-22", "Line": "11", "Station": "30", "H_ortho_m": 251.4968, "dg_rel_base100_mGal": -25.6976, "FA_rel_mGal": 24.2717, "SB_rel_2.67_mGal": 7.2987, "CB_rel_2.67_mGal": 6.6204, "TC_2.67_mGal": 0.4451, "sigma_FA_mGal": 0.1222}}, {"type": "Feature", "geometry": {"type": "Point", "coordinates": [34.880085, 24.7388979]}, "properties": {"Station_UID": "CG6-0313|2026-01-22|L11|S31", "Instrument": "CG6-0313", "Date": "2026-01-22", "Line": "11", "Station": "31", "H_ortho_m": 253.3938, "dg_rel_base100_mGal": -26.501, "FA_rel_mGal": 24.166, "SB_rel_2.67_mGal": 6.9807, "CB_rel_2.67_mGal": 6.3033, "TC_2.67_mGal": 0.4461, "sigma_FA_mGal": 0.1222}}, {"type": "Feature", "geometry": {"type": "Point", "coordinates": [34.8803765, 24.737257]}, "properties": {"Station_UID": "CG6-0313|2026-01-22|L11|S32", "Instrument": "CG6-0313", "Date": "2026-01-22", "Line": "11", "Station": "32", "H_ortho_m": 255.017, "dg_rel_base100_mGal": -27.4342, "FA_rel_mGal": 23.8465, "SB_rel_2.67_mGal": 6.4794, "CB_rel_2.67_mGal": 5.8189, "TC_2.67_mGal": 0.4629, "sigma_FA_mGal": 0.1222}}, {"type": "Feature", "geometry": {"type": "Point", "coordinates": [34.880443, 24.7348087]}, "properties": {"Station_UID": "CG6-0313|2026-01-22|L11|S33", "Instrument": "CG6-0313", "Date": "2026-01-22", "Line": "11", "Station": "33", "H_ortho_m": 256.9773, "dg_rel_base100_mGal": -28.5689, "FA_rel_mGal": 23.4848, "SB_rel_2.67_mGal": 5.8982, "CB_rel_2.67_mGal": 5.2539, "TC_2.67_mGal": 0.4791, "sigma_FA_mGal": 0.1222}}, {"type": "Feature", "geometry": {"type": "Point", "coordinates": [34.8799681, 24.732881]}, "properties": {"Station_UID": "CG6-0313|2026-01-23|L11|S34", "Instrument": "CG6-0313", "Date": "2026-01-23", "Line": "11", "Station": "34", "H_ortho_m": 261.1442, "dg_rel_base100_mGal": -29.527, "FA_rel_mGal": 23.945, "SB_rel_2.67_mGal": 5.892, "CB_rel_2.67_mGal": 5.1966, "TC_2.67_mGal": 0.4281, "sigma_FA_mGal": 0.0712}}, {"type": "Feature", "geometry": {"type": "Point", "coordinates": [34.8802808, 24.7311118]}, "properties": {"Station_UID": "CG6-0313|2026-01-23|L11|S35", "Instrument": "CG6-0313", "Date": "2026-01-23", "Line": "11", "Station": "35", "H_ortho_m": 262.6815, "dg_rel_base100_mGal": -30.3848, "FA_rel_mGal": 23.6831, "SB_rel_2.67_mGal": 5.4579, "CB_rel_2.67_mGal": 4.7678, "TC_2.67_mGal": 0.4333, "sigma_FA_mGal": 0.0711}}, {"type": "Feature", "geometry": {"type": "Point", "coordinates": [34.8802354, 24.7292712]}, "properties": {"Station_UID": "CG6-0313|2026-01-23|L11|S36", "Instrument": "CG6-0313", "Date": "2026-01-23", "Line": "11", "Station": "36", "H_ortho_m": 264.7423, "dg_rel_base100_mGal": -31.2336, "FA_rel_mGal": 23.5966, "SB_rel_2.67_mGal": 5.1408, "CB_rel_2.67_mGal": 4.4544, "TC_2.67_mGal": 0.4371, "sigma_FA_mGal": 0.0711}}, {"type": "Feature", "geometry": {"type": "Point", "coordinates": [34.8797518, 24.7277346]}, "properties": {"Station_UID": "CG6-0313|2026-01-23|L11|S37", "Instrument": "CG6-0313", "Date": "2026-01-23", "Line": "11", "Station": "37", "H_ortho_m": 266.6792, "dg_rel_base100_mGal": -32.0716, "FA_rel_mGal": 23.4618, "SB_rel_2.67_mGal": 4.7891, "CB_rel_2.67_mGal": 4.0916, "TC_2.67_mGal": 0.4259, "sigma_FA_mGal": 0.0711}}, {"type": "Feature", "geometry": {"type": "Point", "coordinates": [34.8783411, 24.7277458]}, "properties": {"Station_UID": "CG6-0313|2026-01-23|L11|S38", "Instrument": "CG6-0313", "Date": "2026-01-23", "Line": "11", "Station": "38", "H_ortho_m": 268.3151, "dg_rel_base100_mGal": -32.6141, "FA_rel_mGal": 23.4235, "SB_rel_2.67_mGal": 4.5677, "CB_rel_2.67_mGal": 3.8637, "TC_2.67_mGal": 0.4194, "sigma_FA_mGal": 0.0711}}, {"type": "Feature", "geometry": {"type": "Point", "coordinates": [34.8776347, 24.7293209]}, "properties": {"Station_UID": "CG6-0313|2026-01-23|L11|S39", "Instrument": "CG6-0313", "Date": "2026-01-23", "Line": "11", "Station": "39", "H_ortho_m": 270.3821, "dg_rel_base100_mGal": -32.5668, "FA_rel_mGal": 24.0007, "SB_rel_2.67_mGal": 4.9135, "CB_rel_2.67_mGal": 4.2013, "TC_2.67_mGal": 0.4112, "sigma_FA_mGal": 0.0712}}, {"type": "Feature", "geometry": {"type": "Point", "coordinates": [34.8757579, 24.7284325]}, "properties": {"Station_UID": "CG6-0313|2026-01-23|L11|S40", "Instrument": "CG6-0313", "Date": "2026-01-23", "Line": "11", "Station": "40", "H_ortho_m": 272.609, "dg_rel_base100_mGal": -33.5259, "FA_rel_mGal": 23.7898, "SB_rel_2.67_mGal": 4.4533, "CB_rel_2.67_mGal": 3.8678, "TC_2.67_mGal": 0.5379, "sigma_FA_mGal": 0.0711}}, {"type": "Feature", "geometry": {"type": "Point", "coordinates": [34.8743052, 24.7273287]}, "properties": {"Station_UID": "CG6-0313|2026-01-23|L11|S41", "Instrument": "CG6-0313", "Date": "2026-01-23", "Line": "11", "Station": "41", "H_ortho_m": 274.5171, "dg_rel_base100_mGal": -34.3714, "FA_rel_mGal": 23.609, "SB_rel_2.67_mGal": 4.0589, "CB_rel_2.67_mGal": 3.4128, "TC_2.67_mGal": 0.4774, "sigma_FA_mGal": 0.0711}}, {"type": "Feature", "geometry": {"type": "Point", "coordinates": [34.8724887, 24.7267021]}, "properties": {"Station_UID": "CG6-0313|2026-01-23|L11|S42", "Instrument": "CG6-0313", "Date": "2026-01-23", "Line": "11", "Station": "42", "H_ortho_m": 276.6343, "dg_rel_base100_mGal": -35.1643, "FA_rel_mGal": 23.5126, "SB_rel_2.67_mGal": 3.7254, "CB_rel_2.67_mGal": 3.079, "TC_2.67_mGal": 0.477, "sigma_FA_mGal": 0.0711}}, {"type": "Feature", "geometry": {"type": "Point", "coordinates": [34.8705486, 24.725555]}, "properties": {"Station_UID": "CG6-0313|2026-01-23|L11|S43", "Instrument": "CG6-0313", "Date": "2026-01-23", "Line": "11", "Station": "43", "H_ortho_m": 278.723, "dg_rel_base100_mGal": -36.1356, "FA_rel_mGal": 23.2646, "SB_rel_2.67_mGal": 3.2436, "CB_rel_2.67_mGal": 2.6414, "TC_2.67_mGal": 0.5213, "sigma_FA_mGal": 0.071}}, {"type": "Feature", "geometry": {"type": "Point", "coordinates": [34.8693396, 24.7243349]}, "properties": {"Station_UID": "CG6-0313|2026-01-23|L11|S44", "Instrument": "CG6-0313", "Date": "2026-01-23", "Line": "11", "Station": "44", "H_ortho_m": 280.2925, "dg_rel_base100_mGal": -37.3469, "FA_rel_mGal": 22.6214, "SB_rel_2.67_mGal": 2.4247, "CB_rel_2.67_mGal": 1.9571, "TC_2.67_mGal": 0.6559, "sigma_FA_mGal": 0.0711}}, {"type": "Feature", "geometry": {"type": "Point", "coordinates": [34.8676285, 24.7238602]}, "properties": {"Station_UID": "CG6-0313|2026-01-23|L11|S45", "Instrument": "CG6-0313", "Date": "2026-01-23", "Line": "11", "Station": "45", "H_ortho_m": 282.1061, "dg_rel_base100_mGal": -37.9261, "FA_rel_mGal": 22.6345, "SB_rel_2.67_mGal": 2.2347, "CB_rel_2.67_mGal": 1.6386, "TC_2.67_mGal": 0.5272, "sigma_FA_mGal": 0.0711}}, {"type": "Feature", "geometry": {"type": "Point", "coordinates": [34.8655624, 24.7235506]}, "properties": {"Station_UID": "CG6-0313|2026-01-23|L11|S46", "Instrument": "CG6-0313", "Date": "2026-01-23", "Line": "11", "Station": "46", "H_ortho_m": 284.8793, "dg_rel_base100_mGal": -38.7089, "FA_rel_mGal": 22.729, "SB_rel_2.67_mGal": 2.0187, "CB_rel_2.67_mGal": 1.3034, "TC_2.67_mGal": 0.4081, "sigma_FA_mGal": 0.071}}, {"type": "Feature", "geometry": {"type": "Point", "coordinates": [34.8635823, 24.7233277]}, "properties": {"Station_UID": "CG6-0313|2026-01-23|L11|S47", "Instrument": "CG6-0313", "Date": "2026-01-23", "Line": "11", "Station": "47", "H_ortho_m": 287.2179, "dg_rel_base100_mGal": -39.138, "FA_rel_mGal": 23.0369, "SB_rel_2.67_mGal": 2.0649, "CB_rel_2.67_mGal": 1.3637, "TC_2.67_mGal": 0.4223, "sigma_FA_mGal": 0.071}}, {"type": "Feature", "geometry": {"type": "Point", "coordinates": [34.8619177, 24.7225077]}, "properties": {"Station_UID": "CG6-0313|2026-01-23|L11|S48", "Instrument": "CG6-0313", "Date": "2026-01-23", "Line": "11", "Station": "48", "H_ortho_m": 289.1027, "dg_rel_base100_mGal": -39.373, "FA_rel_mGal": 23.4399, "SB_rel_2.67_mGal": 2.2568, "CB_rel_2.67_mGal": 1.5749, "TC_2.67_mGal": 0.4415, "sigma_FA_mGal": 0.0711}}, {"type": "Feature", "geometry": {"type": "Point", "coordinates": [34.860194, 24.7220163]}, "properties": {"Station_UID": "CG6-0313|2026-01-23|L11|S49", "Instrument": "CG6-0313", "Date": "2026-01-23", "Line": "11", "Station": "49", "H_ortho_m": 290.8643, "dg_rel_base100_mGal": -39.7415, "FA_rel_mGal": 23.6488, "SB_rel_2.67_mGal": 2.2686, "CB_rel_2.67_mGal": 1.5713, "TC_2.67_mGal": 0.4262, "sigma_FA_mGal": 0.0716}}, {"type": "Feature", "geometry": {"type": "Point", "coordinates": [34.8581854, 24.7222555]}, "properties": {"Station_UID": "CG6-0313|2026-01-23|L11|S50", "Instrument": "CG6-0313", "Date": "2026-01-23", "Line": "11", "Station": "50", "H_ortho_m": 292.7677, "dg_rel_base100_mGal": -39.8525, "FA_rel_mGal": 24.1089, "SB_rel_2.67_mGal": 2.5155, "CB_rel_2.67_mGal": 1.8606, "TC_2.67_mGal": 0.4686, "sigma_FA_mGal": 0.071}}, {"type": "Feature", "geometry": {"type": "Point", "coordinates": [34.8562814, 24.7227031]}, "properties": {"Station_UID": "CG6-0313|2026-01-23|L11|S51", "Instrument": "CG6-0313", "Date": "2026-01-23", "Line": "11", "Station": "51", "H_ortho_m": 294.9685, "dg_rel_base100_mGal": -39.9924, "FA_rel_mGal": 24.6176, "SB_rel_2.67_mGal": 2.7778, "CB_rel_2.67_mGal": 2.1182, "TC_2.67_mGal": 0.4638, "sigma_FA_mGal": 0.071}}, {"type": "Feature", "geometry": {"type": "Point", "coordinates": [34.854668, 24.7220816]}, "properties": {"Station_UID": "CG6-0313|2026-01-23|L11|S52", "Instrument": "CG6-0313", "Date": "2026-01-23", "Line": "11", "Station": "52", "H_ortho_m": 297.3645, "dg_rel_base100_mGal": -40.3313, "FA_rel_mGal": 25.0609, "SB_rel_2.67_mGal": 2.9529, "CB_rel_2.67_mGal": 2.2876, "TC_2.67_mGal": 0.4582, "sigma_FA_mGal": 0.071}}, {"type": "Feature", "geometry": {"type": "Point", "coordinates": [34.8529742, 24.7229423]}, "properties": {"Station_UID": "CG6-0313|2026-01-23|L11|S53", "Instrument": "CG6-0313", "Date": "2026-01-23", "Line": "11", "Station": "53", "H_ortho_m": 300.027, "dg_rel_base100_mGal": -40.7102, "FA_rel_mGal": 25.4447, "SB_rel_2.67_mGal": 3.0386, "CB_rel_2.67_mGal": 2.3845, "TC_2.67_mGal": 0.4693, "sigma_FA_mGal": 0.071}}, {"type": "Feature", "geometry": {"type": "Point", "coordinates": [34.8512297, 24.7225017]}, "properties": {"Station_UID": "CG6-0313|2026-01-23|L11|S54", "Instrument": "CG6-0313", "Date": "2026-01-23", "Line": "11", "Station": "54", "H_ortho_m": 302.5775, "dg_rel_base100_mGal": -41.146, "FA_rel_mGal": 25.8263, "SB_rel_2.67_mGal": 3.1347, "CB_rel_2.67_mGal": 2.4604, "TC_2.67_mGal": 0.4491, "sigma_FA_mGal": 0.071}}, {"type": "Feature", "geometry": {"type": "Point", "coordinates": [34.8500569, 24.7207541]}, "properties": {"Station_UID": "CG6-0313|2026-01-23|L11|S55", "Instrument": "CG6-0313", "Date": "2026-01-23", "Line": "11", "Station": "55", "H_ortho_m": 304.8014, "dg_rel_base100_mGal": -41.8235, "FA_rel_mGal": 25.955, "SB_rel_2.67_mGal": 3.0144, "CB_rel_2.67_mGal": 2.3435, "TC_2.67_mGal": 0.4524, "sigma_FA_mGal": 0.0709}}, {"type": "Feature", "geometry": {"type": "Point", "coordinates": [34.8487031, 24.7200183]}, "properties": {"Station_UID": "CG6-0313|2026-01-23|L11|S56", "Instrument": "CG6-0313", "Date": "2026-01-23", "Line": "11", "Station": "56", "H_ortho_m": 306.9325, "dg_rel_base100_mGal": -42.2818, "FA_rel_mGal": 26.2049, "SB_rel_2.67_mGal": 3.0258, "CB_rel_2.67_mGal": 2.3635, "TC_2.67_mGal": 0.4611, "sigma_FA_mGal": 0.071}}, {"type": "Feature", "geometry": {"type": "Point", "coordinates": [34.8471779, 24.7209715]}, "properties": {"Station_UID": "CG6-0313|2026-01-23|L11|S57", "Instrument": "CG6-0313", "Date": "2026-01-23", "Line": "11", "Station": "57", "H_ortho_m": 309.2576, "dg_rel_base100_mGal": -42.725, "FA_rel_mGal": 26.414, "SB_rel_2.67_mGal": 2.9746, "CB_rel_2.67_mGal": 2.3928, "TC_2.67_mGal": 0.5417, "sigma_FA_mGal": 0.071}}, {"type": "Feature", "geometry": {"type": "Point", "coordinates": [34.8459585, 24.7208893]}, "properties": {"Station_UID": "CG6-0313|2026-01-23|L11|S58", "Instrument": "CG6-0313", "Date": "2026-01-23", "Line": "11", "Station": "58", "H_ortho_m": 312.765, "dg_rel_base100_mGal": -43.2564, "FA_rel_mGal": 26.9708, "SB_rel_2.67_mGal": 3.1387, "CB_rel_2.67_mGal": 2.4956, "TC_2.67_mGal": 0.4803, "sigma_FA_mGal": 0.0709}}, {"type": "Feature", "geometry": {"type": "Point", "coordinates": [34.844216, 24.7215968]}, "properties": {"Station_UID": "CG6-0313|2026-01-23|L11|S59", "Instrument": "CG6-0313", "Date": "2026-01-23", "Line": "11", "Station": "59", "H_ortho_m": 315.5293, "dg_rel_base100_mGal": -43.7322, "FA_rel_mGal": 27.2997, "SB_rel_2.67_mGal": 3.1581, "CB_rel_2.67_mGal": 2.555, "TC_2.67_mGal": 0.5203, "sigma_FA_mGal": 0.0709}}, {"type": "Feature", "geometry": {"type": "Point", "coordinates": [34.8425643, 24.7222932]}, "properties": {"Station_UID": "CG6-0313|2026-01-23|L11|S60", "Instrument": "CG6-0313", "Date": "2026-01-23", "Line": "11", "Station": "60", "H_ortho_m": 318.675, "dg_rel_base100_mGal": -44.445, "FA_rel_mGal": 27.5101, "SB_rel_2.67_mGal": 3.0163, "CB_rel_2.67_mGal": 2.3673, "TC_2.67_mGal": 0.4744, "sigma_FA_mGal": 0.0709}}, {"type": "Feature", "geometry": {"type": "Point", "coordinates": [34.840843, 24.7230955]}, "properties": {"Station_UID": "CG6-0313|2026-01-23|L11|S61", "Instrument": "CG6-0313", "Date": "2026-01-23", "Line": "11", "Station": "61", "H_ortho_m": 321.3594, "dg_rel_base100_mGal": -44.9074, "FA_rel_mGal": 27.8211, "SB_rel_2.67_mGal": 3.0268, "CB_rel_2.67_mGal": 2.4188, "TC_2.67_mGal": 0.5154, "sigma_FA_mGal": 0.071}}, {"type": "Feature", "geometry": {"type": "Point", "coordinates": [34.8392095, 24.7241578]}, "properties": {"Station_UID": "CG6-0313|2026-01-23|L11|S62", "Instrument": "CG6-0313", "Date": "2026-01-23", "Line": "11", "Station": "62", "H_ortho_m": 324.61, "dg_rel_base100_mGal": -45.4126, "FA_rel_mGal": 28.2464, "SB_rel_2.67_mGal": 3.0882, "CB_rel_2.67_mGal": 2.4895, "TC_2.67_mGal": 0.5248, "sigma_FA_mGal": 0.0709}}, {"type": "Feature", "geometry": {"type": "Point", "coordinates": [34.8375855, 24.7244346]}, "properties": {"Station_UID": "CG6-0313|2026-01-23|L11|S63", "Instrument": "CG6-0313", "Date": "2026-01-23", "Line": "11", "Station": "63", "H_ortho_m": 327.6378, "dg_rel_base100_mGal": -45.8049, "FA_rel_mGal": 28.7696, "SB_rel_2.67_mGal": 3.2724, "CB_rel_2.67_mGal": 2.6388, "TC_2.67_mGal": 0.4897, "sigma_FA_mGal": 0.0709}}, {"type": "Feature", "geometry": {"type": "Point", "coordinates": [34.8357438, 24.7239842]}, "properties": {"Station_UID": "CG6-0313|2026-01-23|L11|S64", "Instrument": "CG6-0313", "Date": "2026-01-23", "Line": "11", "Station": "64", "H_ortho_m": 330.988, "dg_rel_base100_mGal": -46.5895, "FA_rel_mGal": 29.0499, "SB_rel_2.67_mGal": 3.1777, "CB_rel_2.67_mGal": 2.5663, "TC_2.67_mGal": 0.512, "sigma_FA_mGal": 0.0709}}, {"type": "Feature", "geometry": {"type": "Point", "coordinates": [34.834048, 24.723111]}, "properties": {"Station_UID": "CG6-0313|2026-01-23|L11|S65", "Instrument": "CG6-0313", "Date": "2026-01-23", "Line": "11", "Station": "65", "H_ortho_m": 334.0288, "dg_rel_base100_mGal": -47.4021, "FA_rel_mGal": 29.2358, "SB_rel_2.67_mGal": 3.0231, "CB_rel_2.67_mGal": 2.4468, "TC_2.67_mGal": 0.5471, "sigma_FA_mGal": 0.0709}}, {"type": "Feature", "geometry": {"type": "Point", "coordinates": [34.8369372, 24.7255437]}, "properties": {"Station_UID": "CG6-0313|2026-01-23|L12|S1", "Instrument": "CG6-0313", "Date": "2026-01-23", "Line": "12", "Station": "1", "H_ortho_m": 328.1351, "dg_rel_base100_mGal": -45.7135, "FA_rel_mGal": 28.9385, "SB_rel_2.67_mGal": 3.3856, "CB_rel_2.67_mGal": 2.7641, "TC_2.67_mGal": 0.5019, "sigma_FA_mGal": 0.0709}}, {"type": "Feature", "geometry": {"type": "Point", "coordinates": [34.8380523, 24.7268758]}, "properties": {"Station_UID": "CG6-0313|2026-01-23|L12|S2", "Instrument": "CG6-0313", "Date": "2026-01-23", "Line": "12", "Station": "2", "H_ortho_m": 325.636, "dg_rel_base100_mGal": -45.1618, "FA_rel_mGal": 28.6275, "SB_rel_2.67_mGal": 3.3544, "CB_rel_2.67_mGal": 2.7523, "TC_2.67_mGal": 0.5214, "sigma_FA_mGal": 0.0709}}, {"type": "Feature", "geometry": {"type": "Point", "coordinates": [34.8405161, 24.7266058]}, "properties": {"Station_UID": "CG6-0313|2026-01-23|L12|S3", "Instrument": "CG6-0313", "Date": "2026-01-23", "Line": "12", "Station": "3", "H_ortho_m": 322.4024, "dg_rel_base100_mGal": -44.5645, "FA_rel_mGal": 28.2452, "SB_rel_2.67_mGal": 3.3342, "CB_rel_2.67_mGal": 2.7485, "TC_2.67_mGal": 0.5378, "sigma_FA_mGal": 0.0709}}, {"type": "Feature", "geometry": {"type": "Point", "coordinates": [34.8416278, 24.7278247]}, "properties": {"Station_UID": "CG6-0313|2026-01-23|L12|S4", "Instrument": "CG6-0313", "Date": "2026-01-23", "Line": "12", "Station": "4", "H_ortho_m": 320.2223, "dg_rel_base100_mGal": -44.0878, "FA_rel_mGal": 27.9655, "SB_rel_2.67_mGal": 3.2985, "CB_rel_2.67_mGal": 2.6662, "TC_2.67_mGal": 0.4912, "sigma_FA_mGal": 0.0709}}, {"type": "Feature", "geometry": {"type": "Point", "coordinates": [34.8431607, 24.7290298]}, "properties": {"Station_UID": "CG6-0313|2026-01-23|L12|S5", "Instrument": "CG6-0313", "Date": "2026-01-23", "Line": "12", "Station": "5", "H_ortho_m": 317.2869, "dg_rel_base100_mGal": -43.8059, "FA_rel_mGal": 27.2587, "SB_rel_2.67_mGal": 2.9203, "CB_rel_2.67_mGal": 2.3078, "TC_2.67_mGal": 0.5108, "sigma_FA_mGal": 0.071}}, {"type": "Feature", "geometry": {"type": "Point", "coordinates": [34.8447899, 24.7287039]}, "properties": {"Station_UID": "CG6-0313|2026-01-23|L12|S6", "Instrument": "CG6-0313", "Date": "2026-01-23", "Line": "12", "Station": "6", "H_ortho_m": 314.7811, "dg_rel_base100_mGal": -43.1994, "FA_rel_mGal": 27.1141, "SB_rel_2.67_mGal": 3.0563, "CB_rel_2.67_mGal": 2.4505, "TC_2.67_mGal": 0.5176, "sigma_FA_mGal": 0.0709}}, {"type": "Feature", "geometry": {"type": "Point", "coordinates": [34.8460042, 24.7274825]}, "properties": {"Station_UID": "CG6-0313|2026-01-23|L12|S7", "Instrument": "CG6-0313", "Date": "2026-01-23", "Line": "12", "Station": "7", "H_ortho_m": 312.47, "dg_rel_base100_mGal": -42.9562, "FA_rel_mGal": 26.7278, "SB_rel_2.67_mGal": 2.9287, "CB_rel_2.67_mGal": 2.2962, "TC_2.67_mGal": 0.4909, "sigma_FA_mGal": 0.0709}}, {"type": "Feature", "geometry": {"type": "Point", "coordinates": [34.8475862, 24.7282731]}, "properties": {"Station_UID": "CG6-0313|2026-01-23|L12|S8", "Instrument": "CG6-0313", "Date": "2026-01-23", "Line": "12", "Station": "8", "H_ortho_m": 309.7238, "dg_rel_base100_mGal": -42.0626, "FA_rel_mGal": 26.7195, "SB_rel_2.67_mGal": 3.2279, "CB_rel_2.67_mGal": 2.5735, "TC_2.67_mGal": 0.469, "sigma_FA_mGal": 0.0708}}, {"type": "Feature", "geometry": {"type": "Point", "coordinates": [34.8489417, 24.7295681]}, "properties": {"Station_UID": "CG6-0313|2026-01-23|L12|S9", "Instrument": "CG6-0313", "Date": "2026-01-23", "Line": "12", "Station": "9", "H_ortho_m": 307.3967, "dg_rel_base100_mGal": -41.369, "FA_rel_mGal": 26.6062, "SB_rel_2.67_mGal": 3.375, "CB_rel_2.67_mGal": 2.7284, "TC_2.67_mGal": 0.4768, "sigma_FA_mGal": 0.0709}}, {"type": "Feature", "geometry": {"type": "Point", "coordinates": [34.8495634, 24.7313366]}, "properties": {"Station_UID": "CG6-0313|2026-01-23|L12|S10", "Instrument": "CG6-0313", "Date": "2026-01-23", "Line": "12", "Station": "10", "H_ortho_m": 304.8828, "dg_rel_base100_mGal": -40.5796, "FA_rel_mGal": 26.4983, "SB_rel_2.67_mGal": 3.5487, "CB_rel_2.67_mGal": 2.8903, "TC_2.67_mGal": 0.4651, "sigma_FA_mGal": 0.071}}, {"type": "Feature", "geometry": {"type": "Point", "coordinates": [34.8505959, 24.7328353]}, "properties": {"Station_UID": "CG6-0313|2026-01-23|L12|S11", "Instrument": "CG6-0313", "Date": "2026-01-23", "Line": "12", "Station": "11", "H_ortho_m": 302.3715, "dg_rel_base100_mGal": -39.8352, "FA_rel_mGal": 26.3648, "SB_rel_2.67_mGal": 3.6963, "CB_rel_2.67_mGal": 3.0309, "TC_2.67_mGal": 0.4581, "sigma_FA_mGal": 0.0709}}, {"type": "Feature", "geometry": {"type": "Point", "coordinates": [34.8519371, 24.7339272]}, "properties": {"Station_UID": "CG6-0313|2026-01-23|L12|S12", "Instrument": "CG6-0313", "Date": "2026-01-23", "Line": "12", "Station": "12", "H_ortho_m": 300.4414, "dg_rel_base100_mGal": -39.2824, "FA_rel_mGal": 26.247, "SB_rel_2.67_mGal": 3.7945, "CB_rel_2.67_mGal": 3.1551, "TC_2.67_mGal": 0.484, "sigma_FA_mGal": 0.0709}}, {"type": "Feature", "geometry": {"type": "Point", "coordinates": [34.8534743, 24.7347711]}, "properties": {"Station_UID": "CG6-0313|2026-01-23|L12|S13", "Instrument": "CG6-0313", "Date": "2026-01-23", "Line": "12", "Station": "13", "H_ortho_m": 297.9592, "dg_rel_base100_mGal": -38.83, "FA_rel_mGal": 25.8753, "SB_rel_2.67_mGal": 3.7008, "CB_rel_2.67_mGal": 3.1231, "TC_2.67_mGal": 0.5458, "sigma_FA_mGal": 0.0709}}, {"type": "Feature", "geometry": {"type": "Point", "coordinates": [34.8554173, 24.7336956]}, "properties": {"Station_UID": "CG6-0313|2026-01-23|L12|S14", "Instrument": "CG6-0313", "Date": "2026-01-23", "Line": "12", "Station": "14", "H_ortho_m": 295.4508, "dg_rel_base100_mGal": -38.5587, "FA_rel_mGal": 25.4462, "SB_rel_2.67_mGal": 3.5524, "CB_rel_2.67_mGal": 2.913, "TC_2.67_mGal": 0.484, "sigma_FA_mGal": 0.0709}}, {"type": "Feature", "geometry": {"type": "Point", "coordinates": [34.8572017, 24.7335519]}, "properties": {"Station_UID": "CG6-0313|2026-01-23|L12|S15", "Instrument": "CG6-0313", "Date": "2026-01-23", "Line": "12", "Station": "15", "H_ortho_m": 292.8096, "dg_rel_base100_mGal": -37.9377, "FA_rel_mGal": 25.2619, "SB_rel_2.67_mGal": 3.6639, "CB_rel_2.67_mGal": 3.0009, "TC_2.67_mGal": 0.4605, "sigma_FA_mGal": 0.0708}}, {"type": "Feature", "geometry": {"type": "Point", "coordinates": [34.8584643, 24.7350575]}, "properties": {"Station_UID": "CG6-0313|2026-01-23|L12|S16", "Instrument": "CG6-0313", "Date": "2026-01-23", "Line": "12", "Station": "16", "H_ortho_m": 290.1723, "dg_rel_base100_mGal": -37.0256, "FA_rel_mGal": 25.2567, "SB_rel_2.67_mGal": 3.9538, "CB_rel_2.67_mGal": 3.4463, "TC_2.67_mGal": 0.6159, "sigma_FA_mGal": 0.0708}}, {"type": "Feature", "geometry": {"type": "Point", "coordinates": [34.8598287, 24.735436]}, "properties": {"Station_UID": "CG6-0313|2026-01-23|L12|S17", "Instrument": "CG6-0313", "Date": "2026-01-23", "Line": "12", "Station": "17", "H_ortho_m": 288.2224, "dg_rel_base100_mGal": -36.5859, "FA_rel_mGal": 25.0686, "SB_rel_2.67_mGal": 3.984, "CB_rel_2.67_mGal": 3.5341, "TC_2.67_mGal": 0.6735, "sigma_FA_mGal": 0.0709}}, {"type": "Feature", "geometry": {"type": "Point", "coordinates": [34.8617635, 24.7346691]}, "properties": {"Station_UID": "CG6-0313|2026-01-23|L12|S18", "Instrument": "CG6-0313", "Date": "2026-01-23", "Line": "12", "Station": "18", "H_ortho_m": 285.7259, "dg_rel_base100_mGal": -36.2135, "FA_rel_mGal": 24.7231, "SB_rel_2.67_mGal": 3.9181, "CB_rel_2.67_mGal": 3.4717, "TC_2.67_mGal": 0.6771, "sigma_FA_mGal": 0.0709}}, {"type": "Feature", "geometry": {"type": "Point", "coordinates": [34.8620464, 24.7361335]}, "properties": {"Station_UID": "CG6-0313|2026-01-23|L12|S19", "Instrument": "CG6-0313", "Date": "2026-01-23", "Line": "12", "Station": "19", "H_ortho_m": 283.3769, "dg_rel_base100_mGal": -35.4778, "FA_rel_mGal": 24.6332, "SB_rel_2.67_mGal": 4.0912, "CB_rel_2.67_mGal": 3.6541, "TC_2.67_mGal": 0.6863, "sigma_FA_mGal": 0.0709}}, {"type": "Feature", "geometry": {"type": "Point", "coordinates": [34.8618748, 24.7376475]}, "properties": {"Station_UID": "CG6-0313|2026-01-23|L12|S20", "Instrument": "CG6-0313", "Date": "2026-01-23", "Line": "12", "Station": "20", "H_ortho_m": 281.4381, "dg_rel_base100_mGal": -34.7746, "FA_rel_mGal": 24.6342, "SB_rel_2.67_mGal": 4.3092, "CB_rel_2.67_mGal": 3.8103, "TC_2.67_mGal": 0.6245, "sigma_FA_mGal": 0.0709}}, {"type": "Feature", "geometry": {"type": "Point", "coordinates": [34.8632906, 24.7386003]}, "properties": {"Station_UID": "CG6-0313|2026-01-23|L12|S21", "Instrument": "CG6-0313", "Date": "2026-01-23", "Line": "12", "Station": "21", "H_ortho_m": 278.6104, "dg_rel_base100_mGal": -33.7993, "FA_rel_mGal": 24.6714, "SB_rel_2.67_mGal": 4.6629, "CB_rel_2.67_mGal": 4.1586, "TC_2.67_mGal": 0.6191, "sigma_FA_mGal": 0.0709}}, {"type": "Feature", "geometry": {"type": "Point", "coordinates": [34.8651238, 24.7383355]}, "properties": {"Station_UID": "CG6-0313|2026-01-23|L12|S22", "Instrument": "CG6-0313", "Date": "2026-01-23", "Line": "12", "Station": "22", "H_ortho_m": 275.2295, "dg_rel_base100_mGal": -33.0229, "FA_rel_mGal": 24.4224, "SB_rel_2.67_mGal": 4.7925, "CB_rel_2.67_mGal": 4.3033, "TC_2.67_mGal": 0.6342, "sigma_FA_mGal": 0.0709}}, {"type": "Feature", "geometry": {"type": "Point", "coordinates": [34.8668713, 24.7384936]}, "properties": {"Station_UID": "CG6-0313|2026-01-23|L12|S23", "Instrument": "CG6-0313", "Date": "2026-01-23", "Line": "12", "Station": "23", "H_ortho_m": 272.6642, "dg_rel_base100_mGal": -32.2199, "FA_rel_mGal": 24.4228, "SB_rel_2.67_mGal": 5.08, "CB_rel_2.67_mGal": 4.547, "TC_2.67_mGal": 0.5904, "sigma_FA_mGal": 0.0709}}, {"type": "Feature", "geometry": {"type": "Point", "coordinates": [34.8688549, 24.7392508]}, "properties": {"Station_UID": "CG6-0313|2026-01-23|L12|S24", "Instrument": "CG6-0313", "Date": "2026-01-23", "Line": "12", "Station": "24", "H_ortho_m": 269.9728, "dg_rel_base100_mGal": -31.3354, "FA_rel_mGal": 24.4246, "SB_rel_2.67_mGal": 5.3832, "CB_rel_2.67_mGal": 4.7322, "TC_2.67_mGal": 0.4725, "sigma_FA_mGal": 0.0709}}, {"type": "Feature", "geometry": {"type": "Point", "coordinates": [34.8704499, 24.7394059]}, "properties": {"Station_UID": "CG6-0313|2026-01-23|L12|S25", "Instrument": "CG6-0313", "Date": "2026-01-23", "Line": "12", "Station": "25", "H_ortho_m": 268.0799, "dg_rel_base100_mGal": -30.6817, "FA_rel_mGal": 24.4835, "SB_rel_2.67_mGal": 5.654, "CB_rel_2.67_mGal": 4.9806, "TC_2.67_mGal": 0.4501, "sigma_FA_mGal": 0.0709}}, {"type": "Feature", "geometry": {"type": "Point", "coordinates": [34.872736, 24.7390306]}, "properties": {"Station_UID": "CG6-0313|2026-01-23|L12|S26", "Instrument": "CG6-0313", "Date": "2026-01-23", "Line": "12", "Station": "26", "H_ortho_m": 265.1888, "dg_rel_base100_mGal": -29.6691, "FA_rel_mGal": 24.6294, "SB_rel_2.67_mGal": 6.1236, "CB_rel_2.67_mGal": 5.4522, "TC_2.67_mGal": 0.452, "sigma_FA_mGal": 0.0709}}, {"type": "Feature", "geometry": {"type": "Point", "coordinates": [34.8738612, 24.7404554]}, "properties": {"Station_UID": "CG6-0313|2026-01-23|L12|S27", "Instrument": "CG6-0313", "Date": "2026-01-23", "Line": "12", "Station": "27", "H_ortho_m": 262.35, "dg_rel_base100_mGal": -28.4999, "FA_rel_mGal": 24.8247, "SB_rel_2.67_mGal": 6.6366, "CB_rel_2.67_mGal": 5.9359, "TC_2.67_mGal": 0.4226, "sigma_FA_mGal": 0.0709}}, {"type": "Feature", "geometry": {"type": "Point", "coordinates": [34.8739941, 24.7422222]}, "properties": {"Station_UID": "CG6-0313|2026-01-23|L12|S28", "Instrument": "CG6-0313", "Date": "2026-01-23", "Line": "12", "Station": "28", "H_ortho_m": 260.1465, "dg_rel_base100_mGal": -27.7658, "FA_rel_mGal": 24.7574, "SB_rel_2.67_mGal": 6.8161, "CB_rel_2.67_mGal": 6.102, "TC_2.67_mGal": 0.4093, "sigma_FA_mGal": 0.0709}}, {"type": "Feature", "geometry": {"type": "Point", "coordinates": [34.8734202, 24.7440012]}, "properties": {"Station_UID": "CG6-0313|2026-01-23|L12|S29", "Instrument": "CG6-0313", "Date": "2026-01-23", "Line": "12", "Station": "29", "H_ortho_m": 257.7282, "dg_rel_base100_mGal": -26.9433, "FA_rel_mGal": 24.7114, "SB_rel_2.67_mGal": 7.0408, "CB_rel_2.67_mGal": 6.3349, "TC_2.67_mGal": 0.4175, "sigma_FA_mGal": 0.0711}}, {"type": "Feature", "geometry": {"type": "Point", "coordinates": [34.874809, 24.7448842]}, "properties": {"Station_UID": "CG6-0313|2026-01-23|L12|S30", "Instrument": "CG6-0313", "Date": "2026-01-23", "Line": "12", "Station": "30", "H_ortho_m": 254.2906, "dg_rel_base100_mGal": -25.8358, "FA_rel_mGal": 24.6973, "SB_rel_2.67_mGal": 7.4115, "CB_rel_2.67_mGal": 6.6917, "TC_2.67_mGal": 0.4036, "sigma_FA_mGal": 0.0709}}, {"type": "Feature", "geometry": {"type": "Point", "coordinates": [34.8766202, 24.7443965]}, "properties": {"Station_UID": "CG6-0313|2026-01-23|L12|S31", "Instrument": "CG6-0313", "Date": "2026-01-23", "Line": "12", "Station": "31", "H_ortho_m": 251.3505, "dg_rel_base100_mGal": -25.2065, "FA_rel_mGal": 24.4526, "SB_rel_2.67_mGal": 7.496, "CB_rel_2.67_mGal": 6.8385, "TC_2.67_mGal": 0.4659, "sigma_FA_mGal": 0.0709}}, {"type": "Feature", "geometry": {"type": "Point", "coordinates": [34.878264, 24.7432834]}, "properties": {"Station_UID": "CG6-0313|2026-01-23|L12|S32", "Instrument": "CG6-0313", "Date": "2026-01-23", "Line": "12", "Station": "32", "H_ortho_m": 248.8838, "dg_rel_base100_mGal": -24.7826, "FA_rel_mGal": 24.1915, "SB_rel_2.67_mGal": 7.511, "CB_rel_2.67_mGal": 6.905, "TC_2.67_mGal": 0.5174, "sigma_FA_mGal": 0.0709}}, {"type": "Feature", "geometry": {"type": "Point", "coordinates": [34.8800749, 24.7432696]}, "properties": {"Station_UID": "CG6-0313|2026-01-23|L12|S33", "Instrument": "CG6-0313", "Date": "2026-01-23", "Line": "12", "Station": "33", "H_ortho_m": 246.3098, "dg_rel_base100_mGal": -23.9865, "FA_rel_mGal": 24.1941, "SB_rel_2.67_mGal": 7.8018, "CB_rel_2.67_mGal": 7.1956, "TC_2.67_mGal": 0.5172, "sigma_FA_mGal": 0.0709}}, {"type": "Feature", "geometry": {"type": "Point", "coordinates": [34.8815827, 24.7443697]}, "properties": {"Station_UID": "CG6-0313|2026-01-23|L12|S34", "Instrument": "CG6-0313", "Date": "2026-01-23", "Line": "12", "Station": "34", "H_ortho_m": 243.9414, "dg_rel_base100_mGal": -23.2434, "FA_rel_mGal": 24.1307, "SB_rel_2.67_mGal": 8.0036, "CB_rel_2.67_mGal": 7.3653, "TC_2.67_mGal": 0.4851, "sigma_FA_mGal": 0.071}}, {"type": "Feature", "geometry": {"type": "Point", "coordinates": [34.9530622, 24.8020051]}, "properties": {"Station_UID": "CG6-0313|2026-01-23|L13|S1", "Instrument": "CG6-0313", "Date": "2026-01-23", "Line": "13", "Station": "1", "H_ortho_m": 59.5341, "dg_rel_base100_mGal": 7.6684, "FA_rel_mGal": -5.8367, "SB_rel_2.67_mGal": -1.3189, "CB_rel_2.67_mGal": -1.593, "TC_2.67_mGal": 0.8493, "sigma_FA_mGal": 0.0708}}, {"type": "Feature", "geometry": {"type": "Point", "coordinates": [34.9517214, 24.8032506]}, "properties": {"Station_UID": "CG6-0313|2026-01-23|L13|S2", "Instrument": "CG6-0313", "Date": "2026-01-23", "Line": "13", "Station": "2", "H_ortho_m": 65.093, "dg_rel_base100_mGal": 6.558, "FA_rel_mGal": -5.3168, "SB_rel_2.67_mGal": -1.4213, "CB_rel_2.67_mGal": -1.8276, "TC_2.67_mGal": 0.7171, "sigma_FA_mGal": 0.0708}}, {"type": "Feature", "geometry": {"type": "Point", "coordinates": [34.9504744, 24.80465]}, "properties": {"Station_UID": "CG6-0313|2026-01-23|L13|S3", "Instrument": "CG6-0313", "Date": "2026-01-23", "Line": "13", "Station": "3", "H_ortho_m": 70.6235, "dg_rel_base100_mGal": 5.321, "FA_rel_mGal": -4.9429, "SB_rel_2.67_mGal": -1.6665, "CB_rel_2.67_mGal": -2.0691, "TC_2.67_mGal": 0.7208, "sigma_FA_mGal": 0.0709}}, {"type": "Feature", "geometry": {"type": "Point", "coordinates": [34.9493088, 24.8060458]}, "properties": {"Station_UID": "CG6-0313|2026-01-23|L13|S4", "Instrument": "CG6-0313", "Date": "2026-01-23", "Line": "13", "Station": "4", "H_ortho_m": 75.4665, "dg_rel_base100_mGal": 4.3746, "FA_rel_mGal": -4.4902, "SB_rel_2.67_mGal": -1.7561, "CB_rel_2.67_mGal": -2.0148, "TC_2.67_mGal": 0.8647, "sigma_FA_mGal": 0.0708}}, {"type": "Feature", "geometry": {"type": "Point", "coordinates": [34.9485199, 24.8075502]}, "properties": {"Station_UID": "CG6-0313|2026-01-23|L13|S5", "Instrument": "CG6-0313", "Date": "2026-01-23", "Line": "13", "Station": "5", "H_ortho_m": 80.7166, "dg_rel_base100_mGal": 3.2621, "FA_rel_mGal": -4.0856, "SB_rel_2.67_mGal": -1.9392, "CB_rel_2.67_mGal": -2.23, "TC_2.67_mGal": 0.8327, "sigma_FA_mGal": 0.0708}}, {"type": "Feature", "geometry": {"type": "Point", "coordinates": [34.9468095, 24.8084577]}, "properties": {"Station_UID": "CG6-0313|2026-01-23|L13|S6", "Instrument": "CG6-0313", "Date": "2026-01-23", "Line": "13", "Station": "6", "H_ortho_m": 86.9499, "dg_rel_base100_mGal": 1.7273, "FA_rel_mGal": -3.7587, "SB_rel_2.67_mGal": -2.3101, "CB_rel_2.67_mGal": -2.4921, "TC_2.67_mGal": 0.9414, "sigma_FA_mGal": 0.0708}}, {"type": "Feature", "geometry": {"type": "Point", "coordinates": [34.9452043, 24.8092912]}, "properties": {"Station_UID": "CG6-0313|2026-01-23|L13|S7", "Instrument": "CG6-0313", "Date": "2026-01-23", "Line": "13", "Station": "7", "H_ortho_m": 92.7627, "dg_rel_base100_mGal": 0.5341, "FA_rel_mGal": -3.2149, "SB_rel_2.67_mGal": -2.417, "CB_rel_2.67_mGal": -2.5799, "TC_2.67_mGal": 0.9606, "sigma_FA_mGal": 0.0708}}, {"type": "Feature", "geometry": {"type": "Point", "coordinates": [34.944458, 24.8110837]}, "properties": {"Station_UID": "CG6-0313|2026-01-23|L13|S8", "Instrument": "CG6-0313", "Date": "2026-01-23", "Line": "13", "Station": "8", "H_ortho_m": 98.9913, "dg_rel_base100_mGal": -0.7143, "FA_rel_mGal": -2.6639, "SB_rel_2.67_mGal": -2.5634, "CB_rel_2.67_mGal": -2.8188, "TC_2.67_mGal": 0.8681, "sigma_FA_mGal": 0.0707}}, {"type": "Feature", "geometry": {"type": "Point", "coordinates": [34.9431318, 24.8123455]}, "properties": {"Station_UID": "CG6-0313|2026-01-23|L13|S9", "Instrument": "CG6-0313", "Date": "2026-01-23", "Line": "13", "Station": "9", "H_ortho_m": 104.5531, "dg_rel_base100_mGal": -2.0717, "FA_rel_mGal": -2.3912, "SB_rel_2.67_mGal": -2.9134, "CB_rel_2.67_mGal": -3.2329, "TC_2.67_mGal": 0.8039, "sigma_FA_mGal": 0.0708}}, {"type": "Feature", "geometry": {"type": "Point", "coordinates": [34.9417244, 24.813703]}, "properties": {"Station_UID": "CG6-0313|2026-01-23|L13|S10", "Instrument": "CG6-0313", "Date": "2026-01-23", "Line": "13", "Station": "10", "H_ortho_m": 110.3366, "dg_rel_base100_mGal": -3.3903, "FA_rel_mGal": -2.018, "SB_rel_2.67_mGal": -3.1877, "CB_rel_2.67_mGal": -3.596, "TC_2.67_mGal": 0.715, "sigma_FA_mGal": 0.0707}}, {"type": "Feature", "geometry": {"type": "Point", "coordinates": [34.9404661, 24.8150249]}, "properties": {"Station_UID": "CG6-0313|2026-01-23|L13|S11", "Instrument": "CG6-0313", "Date": "2026-01-23", "Line": "13", "Station": "11", "H_ortho_m": 115.6208, "dg_rel_base100_mGal": -4.6671, "FA_rel_mGal": -1.7546, "SB_rel_2.67_mGal": -3.5158, "CB_rel_2.67_mGal": -3.9102, "TC_2.67_mGal": 0.729, "sigma_FA_mGal": 0.0707}}, {"type": "Feature", "geometry": {"type": "Point", "coordinates": [34.9389444, 24.8161371]}, "properties": {"Station_UID": "CG6-0313|2026-01-23|L13|S12", "Instrument": "CG6-0313", "Date": "2026-01-23", "Line": "13", "Station": "12", "H_ortho_m": 120.6152, "dg_rel_base100_mGal": -5.9744, "FA_rel_mGal": -1.5967, "SB_rel_2.67_mGal": -3.9171, "CB_rel_2.67_mGal": -4.1628, "TC_2.67_mGal": 0.8777, "sigma_FA_mGal": 0.0707}}, {"type": "Feature", "geometry": {"type": "Point", "coordinates": [34.9372898, 24.8172978]}, "properties": {"Station_UID": "CG6-0313|2026-01-23|L13|S13", "Instrument": "CG6-0313", "Date": "2026-01-23", "Line": "13", "Station": "13", "H_ortho_m": 126.866, "dg_rel_base100_mGal": -7.0823, "FA_rel_mGal": -0.8549, "SB_rel_2.67_mGal": -3.8751, "CB_rel_2.67_mGal": -4.2813, "TC_2.67_mGal": 0.7172, "sigma_FA_mGal": 0.0707}}, {"type": "Feature", "geometry": {"type": "Point", "coordinates": [34.9358179, 24.8185099]}, "properties": {"Station_UID": "CG6-0313|2026-01-23|L13|S14", "Instrument": "CG6-0313", "Date": "2026-01-23", "Line": "13", "Station": "14", "H_ortho_m": 132.4689, "dg_rel_base100_mGal": -8.309, "FA_rel_mGal": -0.4356, "SB_rel_2.67_mGal": -4.083, "CB_rel_2.67_mGal": -4.4303, "TC_2.67_mGal": 0.7761, "sigma_FA_mGal": 0.0707}}, {"type": "Feature", "geometry": {"type": "Point", "coordinates": [34.9348881, 24.818897]}, "properties": {"Station_UID": "CG6-0313|2026-01-23|L13|S15", "Instrument": "CG6-0313", "Date": "2026-01-23", "Line": "13", "Station": "15", "H_ortho_m": 135.9604, "dg_rel_base100_mGal": -8.8665, "FA_rel_mGal": 0.058, "SB_rel_2.67_mGal": -3.9803, "CB_rel_2.67_mGal": -4.4521, "TC_2.67_mGal": 0.6516, "sigma_FA_mGal": 0.0707}}, {"type": "Feature", "geometry": {"type": "Point", "coordinates": [34.9730791, 24.8058834]}, "properties": {"Station_UID": "CG6-0313|2026-01-23|L14|S2", "Instrument": "CG6-0313", "Date": "2026-01-23", "Line": "14", "Station": "2", "H_ortho_m": 43.3355, "dg_rel_base100_mGal": 11.0647, "FA_rel_mGal": -7.7073, "SB_rel_2.67_mGal": -1.3759, "CB_rel_2.67_mGal": -0.7909, "TC_2.67_mGal": 1.7085, "sigma_FA_mGal": 0.0707}}, {"type": "Feature", "geometry": {"type": "Point", "coordinates": [34.9738502, 24.8043958]}, "properties": {"Station_UID": "CG6-0313|2026-01-23|L14|S3", "Instrument": "CG6-0313", "Date": "2026-01-23", "Line": "14", "Station": "3", "H_ortho_m": 49.6142, "dg_rel_base100_mGal": 9.6981, "FA_rel_mGal": -7.0335, "SB_rel_2.67_mGal": -1.4051, "CB_rel_2.67_mGal": -0.7036, "TC_2.67_mGal": 1.8249, "sigma_FA_mGal": 0.0706}}, {"type": "Feature", "geometry": {"type": "Point", "coordinates": [34.9749584, 24.8028739]}, "properties": {"Station_UID": "CG6-0313|2026-01-23|L14|S4", "Instrument": "CG6-0313", "Date": "2026-01-23", "Line": "14", "Station": "4", "H_ortho_m": 56.7426, "dg_rel_base100_mGal": 8.3318, "FA_rel_mGal": -6.0948, "SB_rel_2.67_mGal": -1.2644, "CB_rel_2.67_mGal": -0.7846, "TC_2.67_mGal": 1.6032, "sigma_FA_mGal": 0.0706}}, {"type": "Feature", "geometry": {"type": "Point", "coordinates": [34.9759544, 24.8015391]}, "properties": {"Station_UID": "CG6-0313|2026-01-23|L14|S5", "Instrument": "CG6-0313", "Date": "2026-01-23", "Line": "14", "Station": "5", "H_ortho_m": 62.4457, "dg_rel_base100_mGal": 7.1416, "FA_rel_mGal": -5.4328, "SB_rel_2.67_mGal": -1.2409, "CB_rel_2.67_mGal": -0.7958, "TC_2.67_mGal": 1.5685, "sigma_FA_mGal": 0.0706}}, {"type": "Feature", "geometry": {"type": "Point", "coordinates": [34.9769155, 24.799752]}, "properties": {"Station_UID": "CG6-0313|2026-01-23|L14|S6", "Instrument": "CG6-0313", "Date": "2026-01-23", "Line": "14", "Station": "6", "H_ortho_m": 68.8258, "dg_rel_base100_mGal": 5.9892, "FA_rel_mGal": -4.4929, "SB_rel_2.67_mGal": -1.0153, "CB_rel_2.67_mGal": -0.7407, "TC_2.67_mGal": 1.3981, "sigma_FA_mGal": 0.0706}}, {"type": "Feature", "geometry": {"type": "Point", "coordinates": [34.9777067, 24.7982463]}, "properties": {"Station_UID": "CG6-0313|2026-01-23|L14|S7", "Instrument": "CG6-0313", "Date": "2026-01-23", "Line": "14", "Station": "7", "H_ortho_m": 74.6715, "dg_rel_base100_mGal": 4.7785, "FA_rel_mGal": -3.7956, "SB_rel_2.67_mGal": -0.9725, "CB_rel_2.67_mGal": -0.6263, "TC_2.67_mGal": 1.4696, "sigma_FA_mGal": 0.0706}}, {"type": "Feature", "geometry": {"type": "Point", "coordinates": [34.9787312, 24.7968512]}, "properties": {"Station_UID": "CG6-0313|2026-01-23|L14|S8", "Instrument": "CG6-0313", "Date": "2026-01-23", "Line": "14", "Station": "8", "H_ortho_m": 80.8806, "dg_rel_base100_mGal": 4.0643, "FA_rel_mGal": -2.4973, "SB_rel_2.67_mGal": -0.3693, "CB_rel_2.67_mGal": -0.3833, "TC_2.67_mGal": 1.1095, "sigma_FA_mGal": 0.0707}}, {"type": "Feature", "geometry": {"type": "Point", "coordinates": [34.8926804, 24.6893326]}, "properties": {"Station_UID": "CG6-0313|2026-01-24|L15|S1", "Instrument": "CG6-0313", "Date": "2026-01-24", "Line": "15", "Station": "1", "H_ortho_m": 230.1511, "dg_rel_base100_mGal": -32.4307, "FA_rel_mGal": 14.4603, "SB_rel_2.67_mGal": -0.123, "CB_rel_2.67_mGal": -0.7591, "TC_2.67_mGal": 0.4873, "sigma_FA_mGal": 0.0707}}, {"type": "Feature", "geometry": {"type": "Point", "coordinates": [34.8908608, 24.6885428]}, "properties": {"Station_UID": "CG6-0313|2026-01-24|L15|S2", "Instrument": "CG6-0313", "Date": "2026-01-24", "Line": "15", "Station": "2", "H_ortho_m": 232.4031, "dg_rel_base100_mGal": -33.235, "FA_rel_mGal": 14.4052, "SB_rel_2.67_mGal": -0.4301, "CB_rel_2.67_mGal": -1.165, "TC_2.67_mGal": 0.3885, "sigma_FA_mGal": 0.0707}}, {"type": "Feature", "geometry": {"type": "Point", "coordinates": [34.8889342, 24.6879697]}, "properties": {"Station_UID": "CG6-0313|2026-01-24|L15|S3", "Instrument": "CG6-0313", "Date": "2026-01-24", "Line": "15", "Station": "3", "H_ortho_m": 235.2167, "dg_rel_base100_mGal": -33.9184, "FA_rel_mGal": 14.6295, "SB_rel_2.67_mGal": -0.5208, "CB_rel_2.67_mGal": -1.2212, "TC_2.67_mGal": 0.423, "sigma_FA_mGal": 0.0707}}, {"type": "Feature", "geometry": {"type": "Point", "coordinates": [34.8868892, 24.687917]}, "properties": {"Station_UID": "CG6-0313|2026-01-24|L15|S4", "Instrument": "CG6-0313", "Date": "2026-01-24", "Line": "15", "Station": "4", "H_ortho_m": 237.1126, "dg_rel_base100_mGal": -34.585, "FA_rel_mGal": 14.5516, "SB_rel_2.67_mGal": -0.811, "CB_rel_2.67_mGal": -1.3115, "TC_2.67_mGal": 0.6229, "sigma_FA_mGal": 0.0708}}, {"type": "Feature", "geometry": {"type": "Point", "coordinates": [34.88506, 24.6878826]}, "properties": {"Station_UID": "CG6-0313|2026-01-24|L15|S5", "Instrument": "CG6-0313", "Date": "2026-01-24", "Line": "15", "Station": "5", "H_ortho_m": 239.0602, "dg_rel_base100_mGal": -35.0547, "FA_rel_mGal": 14.6855, "SB_rel_2.67_mGal": -0.8951, "CB_rel_2.67_mGal": -1.366, "TC_2.67_mGal": 0.6525, "sigma_FA_mGal": 0.0708}}, {"type": "Feature", "geometry": {"type": "Point", "coordinates": [34.8829823, 24.6877909]}, "properties": {"Station_UID": "CG6-0313|2026-01-24|L15|S6", "Instrument": "CG6-0313", "Date": "2026-01-24", "Line": "15", "Station": "6", "H_ortho_m": 241.218, "dg_rel_base100_mGal": -35.9284, "FA_rel_mGal": 14.4841, "SB_rel_2.67_mGal": -1.3381, "CB_rel_2.67_mGal": -1.5659, "TC_2.67_mGal": 0.8957, "sigma_FA_mGal": 0.0708}}, {"type": "Feature", "geometry": {"type": "Point", "coordinates": [34.8816107, 24.686665]}, "properties": {"Station_UID": "CG6-0313|2026-01-24|L15|S7", "Instrument": "CG6-0313", "Date": "2026-01-24", "Line": "15", "Station": "7", "H_ortho_m": 243.2801, "dg_rel_base100_mGal": -36.6485, "FA_rel_mGal": 14.4776, "SB_rel_2.67_mGal": -1.5755, "CB_rel_2.67_mGal": -1.7476, "TC_2.67_mGal": 0.9513, "sigma_FA_mGal": 0.0707}}, {"type": "Feature", "geometry": {"type": "Point", "coordinates": [34.8801582, 24.6859508]}, "properties": {"Station_UID": "CG6-0313|2026-01-24|L15|S8", "Instrument": "CG6-0313", "Date": "2026-01-24", "Line": "15", "Station": "8", "H_ortho_m": 246.1728, "dg_rel_base100_mGal": -37.4186, "FA_rel_mGal": 14.6492, "SB_rel_2.67_mGal": -1.7277, "CB_rel_2.67_mGal": -1.7768, "TC_2.67_mGal": 1.0743, "sigma_FA_mGal": 0.0709}}, {"type": "Feature", "geometry": {"type": "Point", "coordinates": [34.878535, 24.6869528]}, "properties": {"Station_UID": "CG6-0313|2026-01-24|L15|S9", "Instrument": "CG6-0313", "Date": "2026-01-24", "Line": "15", "Station": "9", "H_ortho_m": 248.1487, "dg_rel_base100_mGal": -37.4743, "FA_rel_mGal": 15.1348, "SB_rel_2.67_mGal": -1.4634, "CB_rel_2.67_mGal": -1.7032, "TC_2.67_mGal": 0.8836, "sigma_FA_mGal": 0.0708}}, {"type": "Feature", "geometry": {"type": "Point", "coordinates": [34.876976, 24.68735]}, "properties": {"Station_UID": "CG6-0313|2026-01-24|L15|S10", "Instrument": "CG6-0313", "Date": "2026-01-24", "Line": "15", "Station": "10", "H_ortho_m": 250.8762, "dg_rel_base100_mGal": -37.7663, "FA_rel_mGal": 15.6575, "SB_rel_2.67_mGal": -1.246, "CB_rel_2.67_mGal": -1.6183, "TC_2.67_mGal": 0.7511, "sigma_FA_mGal": 0.0707}}, {"type": "Feature", "geometry": {"type": "Point", "coordinates": [34.8753044, 24.6862011]}, "properties": {"Station_UID": "CG6-0313|2026-01-24|L15|S11", "Instrument": "CG6-0313", "Date": "2026-01-24", "Line": "15", "Station": "11", "H_ortho_m": 253.0062, "dg_rel_base100_mGal": -38.3552, "FA_rel_mGal": 15.8047, "SB_rel_2.67_mGal": -1.3373, "CB_rel_2.67_mGal": -1.6939, "TC_2.67_mGal": 0.7668, "sigma_FA_mGal": 0.0708}}, {"type": "Feature", "geometry": {"type": "Point", "coordinates": [34.8737232, 24.685939]}, "properties": {"Station_UID": "CG6-0313|2026-01-24|L15|S12", "Instrument": "CG6-0313", "Date": "2026-01-24", "Line": "15", "Station": "12", "H_ortho_m": 255.1447, "dg_rel_base100_mGal": -38.6355, "FA_rel_mGal": 16.2025, "SB_rel_2.67_mGal": -1.1789, "CB_rel_2.67_mGal": -1.5823, "TC_2.67_mGal": 0.7201, "sigma_FA_mGal": 0.0708}}, {"type": "Feature", "geometry": {"type": "Point", "coordinates": [34.872075, 24.6870889]}, "properties": {"Station_UID": "CG6-0313|2026-01-24|L15|S13", "Instrument": "CG6-0313", "Date": "2026-01-24", "Line": "15", "Station": "13", "H_ortho_m": 258.0231, "dg_rel_base100_mGal": -38.7204, "FA_rel_mGal": 16.9272, "SB_rel_2.67_mGal": -0.7764, "CB_rel_2.67_mGal": -1.1533, "TC_2.67_mGal": 0.7466, "sigma_FA_mGal": 0.0707}}, {"type": "Feature", "geometry": {"type": "Point", "coordinates": [34.8705913, 24.6879271]}, "properties": {"Station_UID": "CG6-0313|2026-01-24|L15|S14", "Instrument": "CG6-0313", "Date": "2026-01-24", "Line": "15", "Station": "14", "H_ortho_m": 260.7333, "dg_rel_base100_mGal": -38.9392, "FA_rel_mGal": 17.4875, "SB_rel_2.67_mGal": -0.5196, "CB_rel_2.67_mGal": -0.9485, "TC_2.67_mGal": 0.6944, "sigma_FA_mGal": 0.0708}}, {"type": "Feature", "geometry": {"type": "Point", "coordinates": [34.8693141, 24.6865989]}, "properties": {"Station_UID": "CG6-0313|2026-01-24|L15|S15", "Instrument": "CG6-0313", "Date": "2026-01-24", "Line": "15", "Station": "15", "H_ortho_m": 263.5578, "dg_rel_base100_mGal": -39.2172, "FA_rel_mGal": 18.1723, "SB_rel_2.67_mGal": -0.151, "CB_rel_2.67_mGal": -0.657, "TC_2.67_mGal": 0.6174, "sigma_FA_mGal": 0.0708}}, {"type": "Feature", "geometry": {"type": "Point", "coordinates": [34.8690381, 24.685135]}, "properties": {"Station_UID": "CG6-0313|2026-01-24|L15|S16", "Instrument": "CG6-0313", "Date": "2026-01-24", "Line": "15", "Station": "16", "H_ortho_m": 266.2469, "dg_rel_base100_mGal": -39.869, "FA_rel_mGal": 18.4508, "SB_rel_2.67_mGal": -0.1735, "CB_rel_2.67_mGal": -0.7105, "TC_2.67_mGal": 0.5865, "sigma_FA_mGal": 0.0709}}, {"type": "Feature", "geometry": {"type": "Point", "coordinates": [34.863998, 24.6851689]}, "properties": {"Station_UID": "CG6-0313|2026-01-24|L15|S19", "Instrument": "CG6-0313", "Date": "2026-01-24", "Line": "15", "Station": "19", "H_ortho_m": 273.7332, "dg_rel_base100_mGal": -41.3751, "FA_rel_mGal": 19.253, "SB_rel_2.67_mGal": -0.2094, "CB_rel_2.67_mGal": -0.6629, "TC_2.67_mGal": 0.6699, "sigma_FA_mGal": 0.0708}}, {"type": "Feature", "geometry": {"type": "Point", "coordinates": [34.8621936, 24.6848419]}, "properties": {"Station_UID": "CG6-0313|2026-01-24|L15|S20", "Instrument": "CG6-0313", "Date": "2026-01-24", "Line": "15", "Station": "20", "H_ortho_m": 276.3762, "dg_rel_base100_mGal": -41.8557, "FA_rel_mGal": 19.6106, "SB_rel_2.67_mGal": -0.1477, "CB_rel_2.67_mGal": -0.6841, "TC_2.67_mGal": 0.587, "sigma_FA_mGal": 0.0708}}, {"type": "Feature", "geometry": {"type": "Point", "coordinates": [34.8616458, 24.6866414]}, "properties": {"Station_UID": "CG6-0313|2026-01-24|L15|S21", "Instrument": "CG6-0313", "Date": "2026-01-24", "Line": "15", "Station": "21", "H_ortho_m": 278.9389, "dg_rel_base100_mGal": -41.8148, "FA_rel_mGal": 20.3192, "SB_rel_2.67_mGal": 0.274, "CB_rel_2.67_mGal": -0.3034, "TC_2.67_mGal": 0.5461, "sigma_FA_mGal": 0.0709}}, {"type": "Feature", "geometry": {"type": "Point", "coordinates": [34.8625818, 24.687843]}, "properties": {"Station_UID": "CG6-0313|2026-01-24|L15|S22", "Instrument": "CG6-0313", "Date": "2026-01-24", "Line": "15", "Station": "22", "H_ortho_m": 281.6082, "dg_rel_base100_mGal": -41.9429, "FA_rel_mGal": 20.9327, "SB_rel_2.67_mGal": 0.5887, "CB_rel_2.67_mGal": -0.0228, "TC_2.67_mGal": 0.512, "sigma_FA_mGal": 0.0708}}, {"type": "Feature", "geometry": {"type": "Point", "coordinates": [34.8625528, 24.6894799]}, "properties": {"Station_UID": "CG6-0313|2026-01-24|L15|S23", "Instrument": "CG6-0313", "Date": "2026-01-24", "Line": "15", "Station": "23", "H_ortho_m": 284.2039, "dg_rel_base100_mGal": -42.0189, "FA_rel_mGal": 21.5456, "SB_rel_2.67_mGal": 0.911, "CB_rel_2.67_mGal": 0.3135, "TC_2.67_mGal": 0.5259, "sigma_FA_mGal": 0.0711}}, {"type": "Feature", "geometry": {"type": "Point", "coordinates": [34.8607557, 24.6903155]}, "properties": {"Station_UID": "CG6-0313|2026-01-24|L15|S24", "Instrument": "CG6-0313", "Date": "2026-01-24", "Line": "15", "Station": "24", "H_ortho_m": 285.2069, "dg_rel_base100_mGal": -42.14, "FA_rel_mGal": 21.6769, "SB_rel_2.67_mGal": 0.93, "CB_rel_2.67_mGal": 0.3574, "TC_2.67_mGal": 0.5508, "sigma_FA_mGal": 0.0708}}, {"type": "Feature", "geometry": {"type": "Point", "coordinates": [34.8602172, 24.6920381]}, "properties": {"Station_UID": "CG6-0313|2026-01-24|L15|S25", "Instrument": "CG6-0313", "Date": "2026-01-24", "Line": "15", "Station": "25", "H_ortho_m": 289.6906, "dg_rel_base100_mGal": -42.509, "FA_rel_mGal": 22.5738, "SB_rel_2.67_mGal": 1.3249, "CB_rel_2.67_mGal": 0.725, "TC_2.67_mGal": 0.5235, "sigma_FA_mGal": 0.0709}}, {"type": "Feature", "geometry": {"type": "Point", "coordinates": [34.8591377, 24.6935212]}, "properties": {"Station_UID": "CG6-0313|2026-01-24|L15|S26", "Instrument": "CG6-0313", "Date": "2026-01-24", "Line": "15", "Station": "26", "H_ortho_m": 291.8996, "dg_rel_base100_mGal": -42.6773, "FA_rel_mGal": 22.9857, "SB_rel_2.67_mGal": 1.4895, "CB_rel_2.67_mGal": 0.9056, "TC_2.67_mGal": 0.5395, "sigma_FA_mGal": 0.0708}}, {"type": "Feature", "geometry": {"type": "Point", "coordinates": [34.8576653, 24.694752]}, "properties": {"Station_UID": "CG6-0313|2026-01-24|L15|S27", "Instrument": "CG6-0313", "Date": "2026-01-24", "Line": "15", "Station": "27", "H_ortho_m": 294.6028, "dg_rel_base100_mGal": -43.0904, "FA_rel_mGal": 23.3226, "SB_rel_2.67_mGal": 1.5238, "CB_rel_2.67_mGal": 0.9431, "TC_2.67_mGal": 0.5428, "sigma_FA_mGal": 0.0708}}, {"type": "Feature", "geometry": {"type": "Point", "coordinates": [34.8558129, 24.6955126]}, "properties": {"Station_UID": "CG6-0313|2026-01-24|L15|S28", "Instrument": "CG6-0313", "Date": "2026-01-24", "Line": "15", "Station": "28", "H_ortho_m": 296.4555, "dg_rel_base100_mGal": -43.5561, "FA_rel_mGal": 23.3766, "SB_rel_2.67_mGal": 1.3704, "CB_rel_2.67_mGal": 0.8405, "TC_2.67_mGal": 0.5935, "sigma_FA_mGal": 0.0708}}, {"type": "Feature", "geometry": {"type": "Point", "coordinates": [34.8537526, 24.6959885]}, "properties": {"Station_UID": "CG6-0313|2026-01-24|L15|S29", "Instrument": "CG6-0313", "Date": "2026-01-24", "Line": "15", "Station": "29", "H_ortho_m": 299.1923, "dg_rel_base100_mGal": -44.2916, "FA_rel_mGal": 23.4533, "SB_rel_2.67_mGal": 1.1407, "CB_rel_2.67_mGal": 0.6289, "TC_2.67_mGal": 0.6116, "sigma_FA_mGal": 0.0709}}, {"type": "Feature", "geometry": {"type": "Point", "coordinates": [34.8520504, 24.6966665]}, "properties": {"Station_UID": "CG6-0313|2026-01-24|L15|S30", "Instrument": "CG6-0313", "Date": "2026-01-24", "Line": "15", "Station": "30", "H_ortho_m": 301.3737, "dg_rel_base100_mGal": -44.802, "FA_rel_mGal": 23.5697, "SB_rel_2.67_mGal": 1.0129, "CB_rel_2.67_mGal": 0.5263, "TC_2.67_mGal": 0.6369, "sigma_FA_mGal": 0.0709}}, {"type": "Feature", "geometry": {"type": "Point", "coordinates": [34.8471751, 24.7021256]}, "properties": {"Station_UID": "CG6-0313|2026-01-24|L15|S34", "Instrument": "CG6-0313", "Date": "2026-01-24", "Line": "15", "Station": "34", "H_ortho_m": 310.5429, "dg_rel_base100_mGal": -46.3913, "FA_rel_mGal": 24.4364, "SB_rel_2.67_mGal": 0.853, "CB_rel_2.67_mGal": 0.3489, "TC_2.67_mGal": 0.6193, "sigma_FA_mGal": 0.0709}}, {"type": "Feature", "geometry": {"type": "Point", "coordinates": [34.8463687, 24.703404]}, "properties": {"Station_UID": "CG6-0313|2026-01-24|L15|S35", "Instrument": "CG6-0313", "Date": "2026-01-24", "Line": "15", "Station": "35", "H_ortho_m": 312.4038, "dg_rel_base100_mGal": -46.6648, "FA_rel_mGal": 24.6496, "SB_rel_2.67_mGal": 0.8579, "CB_rel_2.67_mGal": 0.373, "TC_2.67_mGal": 0.6385, "sigma_FA_mGal": 0.0709}}, {"type": "Feature", "geometry": {"type": "Point", "coordinates": [34.8445661, 24.7043874]}, "properties": {"Station_UID": "CG6-0313|2026-01-24|L15|S36", "Instrument": "CG6-0313", "Date": "2026-01-24", "Line": "15", "Station": "36", "H_ortho_m": 314.9616, "dg_rel_base100_mGal": -47.1098, "FA_rel_mGal": 24.9266, "SB_rel_2.67_mGal": 0.8485, "CB_rel_2.67_mGal": 0.4184, "TC_2.67_mGal": 0.6933, "sigma_FA_mGal": 0.0709}}, {"type": "Feature", "geometry": {"type": "Point", "coordinates": [34.8430654, 24.7056875]}, "properties": {"Station_UID": "CG6-0313|2026-01-24|L15|S37", "Instrument": "CG6-0313", "Date": "2026-01-24", "Line": "15", "Station": "37", "H_ortho_m": 316.2225, "dg_rel_base100_mGal": -47.3332, "FA_rel_mGal": 25.0033, "SB_rel_2.67_mGal": 0.7841, "CB_rel_2.67_mGal": 0.4181, "TC_2.67_mGal": 0.7575, "sigma_FA_mGal": 0.0708}}, {"type": "Feature", "geometry": {"type": "Point", "coordinates": [34.8415035, 24.7065649]}, "properties": {"Station_UID": "CG6-0313|2026-01-24|L15|S38", "Instrument": "CG6-0313", "Date": "2026-01-24", "Line": "15", "Station": "38", "H_ortho_m": 317.652, "dg_rel_base100_mGal": -47.6029, "FA_rel_mGal": 25.1147, "SB_rel_2.67_mGal": 0.7354, "CB_rel_2.67_mGal": 0.3306, "TC_2.67_mGal": 0.7186, "sigma_FA_mGal": 0.0709}}, {"type": "Feature", "geometry": {"type": "Point", "coordinates": [34.8397799, 24.7079625]}, "properties": {"Station_UID": "CG6-0313|2026-01-24|L15|S39", "Instrument": "CG6-0313", "Date": "2026-01-24", "Line": "15", "Station": "39", "H_ortho_m": 321.7884, "dg_rel_base100_mGal": -48.0635, "FA_rel_mGal": 25.835, "SB_rel_2.67_mGal": 0.9927, "CB_rel_2.67_mGal": 0.6403, "TC_2.67_mGal": 0.7711, "sigma_FA_mGal": 0.0709}}, {"type": "Feature", "geometry": {"type": "Point", "coordinates": [34.8384213, 24.7085209]}, "properties": {"Station_UID": "CG6-0313|2026-01-24|L15|S40", "Instrument": "CG6-0313", "Date": "2026-01-24", "Line": "15", "Station": "40", "H_ortho_m": 323.9341, "dg_rel_base100_mGal": -48.4199, "FA_rel_mGal": 26.1026, "SB_rel_2.67_mGal": 1.02, "CB_rel_2.67_mGal": 0.6655, "TC_2.67_mGal": 0.7689, "sigma_FA_mGal": 0.0709}}, {"type": "Feature", "geometry": {"type": "Point", "coordinates": [34.8361697, 24.7094049]}, "properties": {"Station_UID": "CG6-0313|2026-01-24|L15|S41", "Instrument": "CG6-0313", "Date": "2026-01-24", "Line": "15", "Station": "41", "H_ortho_m": 327.7311, "dg_rel_base100_mGal": -48.9309, "FA_rel_mGal": 26.7029, "SB_rel_2.67_mGal": 1.1953, "CB_rel_2.67_mGal": 0.8235, "TC_2.67_mGal": 0.7517, "sigma_FA_mGal": 0.071}}, {"type": "Feature", "geometry": {"type": "Point", "coordinates": [34.8341662, 24.7095201]}, "properties": {"Station_UID": "CG6-0313|2026-01-24|L15|S42", "Instrument": "CG6-0313", "Date": "2026-01-24", "Line": "15", "Station": "42", "H_ortho_m": 329.5945, "dg_rel_base100_mGal": -49.6606, "FA_rel_mGal": 26.5404, "SB_rel_2.67_mGal": 0.8242, "CB_rel_2.67_mGal": 0.4313, "TC_2.67_mGal": 0.7305, "sigma_FA_mGal": 0.071}}, {"type": "Feature", "geometry": {"type": "Point", "coordinates": [34.8322217, 24.709596]}, "properties": {"Station_UID": "CG6-0313|2026-01-24|L15|S43", "Instrument": "CG6-0313", "Date": "2026-01-24", "Line": "15", "Station": "43", "H_ortho_m": 332.5631, "dg_rel_base100_mGal": -50.5982, "FA_rel_mGal": 26.5139, "SB_rel_2.67_mGal": 0.4653, "CB_rel_2.67_mGal": 0.0636, "TC_2.67_mGal": 0.7217, "sigma_FA_mGal": 0.0708}}, {"type": "Feature", "geometry": {"type": "Point", "coordinates": [34.8307675, 24.7106509]}, "properties": {"Station_UID": "CG6-0313|2026-01-24|L15|S44", "Instrument": "CG6-0313", "Date": "2026-01-24", "Line": "15", "Station": "44", "H_ortho_m": 333.3258, "dg_rel_base100_mGal": -50.8232, "FA_rel_mGal": 26.4519, "SB_rel_2.67_mGal": 0.318, "CB_rel_2.67_mGal": -0.1213, "TC_2.67_mGal": 0.6842, "sigma_FA_mGal": 0.0711}}, {"type": "Feature", "geometry": {"type": "Point", "coordinates": [34.8290078, 24.7114421]}, "properties": {"Station_UID": "CG6-0313|2026-01-24|L15|S45", "Instrument": "CG6-0313", "Date": "2026-01-24", "Line": "15", "Station": "45", "H_ortho_m": 336.6669, "dg_rel_base100_mGal": -51.2877, "FA_rel_mGal": 26.9645, "SB_rel_2.67_mGal": 0.4564, "CB_rel_2.67_mGal": 0.0059, "TC_2.67_mGal": 0.6729, "sigma_FA_mGal": 0.0708}}, {"type": "Feature", "geometry": {"type": "Point", "coordinates": [34.8270025, 24.7115561]}, "properties": {"Station_UID": "CG6-0313|2026-01-24|L15|S46", "Instrument": "CG6-0313", "Date": "2026-01-24", "Line": "15", "Station": "46", "H_ortho_m": 340.0973, "dg_rel_base100_mGal": -52.0814, "FA_rel_mGal": 27.2216, "SB_rel_2.67_mGal": 0.3296, "CB_rel_2.67_mGal": -0.0815, "TC_2.67_mGal": 0.7123, "sigma_FA_mGal": 0.0708}}, {"type": "Feature", "geometry": {"type": "Point", "coordinates": [34.8258168, 24.7127653]}, "properties": {"Station_UID": "CG6-0313|2026-01-24|L15|S47", "Instrument": "CG6-0313", "Date": "2026-01-24", "Line": "15", "Station": "47", "H_ortho_m": 344.1368, "dg_rel_base100_mGal": -52.7064, "FA_rel_mGal": 27.7605, "SB_rel_2.67_mGal": 0.4162, "CB_rel_2.67_mGal": 0.0631, "TC_2.67_mGal": 0.7703, "sigma_FA_mGal": 0.0708}}, {"type": "Feature", "geometry": {"type": "Point", "coordinates": [34.8238317, 24.7131674]}, "properties": {"Station_UID": "CG6-0313|2026-01-24|L15|S48", "Instrument": "CG6-0313", "Date": "2026-01-24", "Line": "15", "Station": "48", "H_ortho_m": 347.2094, "dg_rel_base100_mGal": -53.507, "FA_rel_mGal": 27.8807, "SB_rel_2.67_mGal": 0.1924, "CB_rel_2.67_mGal": -0.0757, "TC_2.67_mGal": 0.8553, "sigma_FA_mGal": 0.0709}}, {"type": "Feature", "geometry": {"type": "Point", "coordinates": [34.8220304, 24.7133096]}, "properties": {"Station_UID": "CG6-0313|2026-01-24|L15|S49", "Instrument": "CG6-0313", "Date": "2026-01-24", "Line": "15", "Station": "49", "H_ortho_m": 350.4774, "dg_rel_base100_mGal": -54.4604, "FA_rel_mGal": 27.9262, "SB_rel_2.67_mGal": -0.128, "CB_rel_2.67_mGal": -0.4341, "TC_2.67_mGal": 0.8173, "sigma_FA_mGal": 0.0712}}, {"type": "Feature", "geometry": {"type": "Point", "coordinates": [34.8204847, 24.7140908]}, "properties": {"Station_UID": "CG6-0313|2026-01-24|L15|S50", "Instrument": "CG6-0313", "Date": "2026-01-24", "Line": "15", "Station": "50", "H_ortho_m": 353.0958, "dg_rel_base100_mGal": -55.1363, "FA_rel_mGal": 28.005, "SB_rel_2.67_mGal": -0.3423, "CB_rel_2.67_mGal": -0.6234, "TC_2.67_mGal": 0.8424, "sigma_FA_mGal": 0.071}}, {"type": "Feature", "geometry": {"type": "Point", "coordinates": [34.8185573, 24.7146352]}, "properties": {"Station_UID": "CG6-0313|2026-01-24|L15|S51", "Instrument": "CG6-0313", "Date": "2026-01-24", "Line": "15", "Station": "51", "H_ortho_m": 357.0309, "dg_rel_base100_mGal": -56.2482, "FA_rel_mGal": 28.0702, "SB_rel_2.67_mGal": -0.7176, "CB_rel_2.67_mGal": -0.8613, "TC_2.67_mGal": 0.9797, "sigma_FA_mGal": 0.0711}}, {"type": "Feature", "geometry": {"type": "Point", "coordinates": [34.816623, 24.714844]}, "properties": {"Station_UID": "CG6-0313|2026-01-24|L15|S52", "Instrument": "CG6-0313", "Date": "2026-01-24", "Line": "15", "Station": "52", "H_ortho_m": 360.4885, "dg_rel_base100_mGal": -57.388, "FA_rel_mGal": 27.9832, "SB_rel_2.67_mGal": -1.1917, "CB_rel_2.67_mGal": -1.158, "TC_2.67_mGal": 1.1571, "sigma_FA_mGal": 0.071}}, {"type": "Feature", "geometry": {"type": "Point", "coordinates": [34.8147685, 24.7144057]}, "properties": {"Station_UID": "CG6-0313|2026-01-24|L15|S53", "Instrument": "CG6-0313", "Date": "2026-01-24", "Line": "15", "Station": "53", "H_ortho_m": 364.4078, "dg_rel_base100_mGal": -58.9381, "FA_rel_mGal": 27.6729, "SB_rel_2.67_mGal": -1.9408, "CB_rel_2.67_mGal": -1.6808, "TC_2.67_mGal": 1.3834, "sigma_FA_mGal": 0.071}}, {"type": "Feature", "geometry": {"type": "Point", "coordinates": [34.8130222, 24.7135699]}, "properties": {"Station_UID": "CG6-0313|2026-01-24|L15|S54", "Instrument": "CG6-0313", "Date": "2026-01-24", "Line": "15", "Station": "54", "H_ortho_m": 368.8518, "dg_rel_base100_mGal": -60.5356, "FA_rel_mGal": 27.5043, "SB_rel_2.67_mGal": -2.6069, "CB_rel_2.67_mGal": -2.2686, "TC_2.67_mGal": 1.4617, "sigma_FA_mGal": 0.0709}}, {"type": "Feature", "geometry": {"type": "Point", "coordinates": [34.8112961, 24.714407]}, "properties": {"Station_UID": "CG6-0313|2026-01-24|L15|S55", "Instrument": "CG6-0313", "Date": "2026-01-24", "Line": "15", "Station": "55", "H_ortho_m": 377.8188, "dg_rel_base100_mGal": -61.2068, "FA_rel_mGal": 29.5433, "SB_rel_2.67_mGal": -1.5718, "CB_rel_2.67_mGal": -1.3088, "TC_2.67_mGal": 1.3865, "sigma_FA_mGal": 0.0709}}, {"type": "Feature", "geometry": {"type": "Point", "coordinates": [34.8093669, 24.7149422]}, "properties": {"Station_UID": "CG6-0313|2026-01-24|L15|S56", "Instrument": "CG6-0313", "Date": "2026-01-24", "Line": "15", "Station": "56", "H_ortho_m": 377.0165, "dg_rel_base100_mGal": -61.8502, "FA_rel_mGal": 28.6155, "SB_rel_2.67_mGal": -2.4098, "CB_rel_2.67_mGal": -1.966, "TC_2.67_mGal": 1.5672, "sigma_FA_mGal": 0.0709}}, {"type": "Feature", "geometry": {"type": "Point", "coordinates": [34.8080607, 24.7161486]}, "properties": {"Station_UID": "CG6-0313|2026-01-24|L15|S57", "Instrument": "CG6-0313", "Date": "2026-01-24", "Line": "15", "Station": "57", "H_ortho_m": 381.4409, "dg_rel_base100_mGal": -62.0868, "FA_rel_mGal": 29.6617, "SB_rel_2.67_mGal": -1.8589, "CB_rel_2.67_mGal": -1.5815, "TC_2.67_mGal": 1.4008, "sigma_FA_mGal": 0.071}}, {"type": "Feature", "geometry": {"type": "Point", "coordinates": [34.8068973, 24.7176419]}, "properties": {"Station_UID": "CG6-0313|2026-01-24|L15|S58", "Instrument": "CG6-0313", "Date": "2026-01-24", "Line": "15", "Station": "58", "H_ortho_m": 386.6687, "dg_rel_base100_mGal": -62.4396, "FA_rel_mGal": 30.8201, "SB_rel_2.67_mGal": -1.2858, "CB_rel_2.67_mGal": -1.0774, "TC_2.67_mGal": 1.3319, "sigma_FA_mGal": 0.071}}, {"type": "Feature", "geometry": {"type": "Point", "coordinates": [34.8051606, 24.7182992]}, "properties": {"Station_UID": "CG6-0313|2026-01-24|L15|S59", "Instrument": "CG6-0313", "Date": "2026-01-24", "Line": "15", "Station": "59", "H_ortho_m": 390.473, "dg_rel_base100_mGal": -63.1559, "FA_rel_mGal": 31.2329, "SB_rel_2.67_mGal": -1.2989, "CB_rel_2.67_mGal": -1.2412, "TC_2.67_mGal": 1.1811, "sigma_FA_mGal": 0.0709}}, {"type": "Feature", "geometry": {"type": "Point", "coordinates": [34.8029971, 24.7187571]}, "properties": {"Station_UID": "CG6-0313|2026-01-24|L15|S60", "Instrument": "CG6-0313", "Date": "2026-01-24", "Line": "15", "Station": "60", "H_ortho_m": 395.2911, "dg_rel_base100_mGal": -64.2997, "FA_rel_mGal": 31.5446, "SB_rel_2.67_mGal": -1.5265, "CB_rel_2.67_mGal": -1.5034, "TC_2.67_mGal": 1.1466, "sigma_FA_mGal": 0.0709}}, {"type": "Feature", "geometry": {"type": "Point", "coordinates": [34.9962114, 24.8244632]}, "properties": {"Station_UID": "CG6-0640|2026-01-16|L1|S1", "Instrument": "CG6-0640", "Date": "2026-01-16", "Line": "1", "Station": "1", "H_ortho_m": 2.2318, "dg_rel_base100_mGal": 17.9282, "FA_rel_mGal": -14.8096, "SB_rel_2.67_mGal": -3.8766, "CB_rel_2.67_mGal": -4.7904, "TC_2.67_mGal": 0.2096, "sigma_FA_mGal": 0.047}}, {"type": "Feature", "geometry": {"type": "Point", "coordinates": [34.9949648, 24.8229007]}, "properties": {"Station_UID": "CG6-0640|2026-01-16|L1|S2", "Instrument": "CG6-0640", "Date": "2026-01-16", "Line": "1", "Station": "2", "H_ortho_m": 3.8243, "dg_rel_base100_mGal": 18.1869, "FA_rel_mGal": -13.9519, "SB_rel_2.67_mGal": -3.1972, "CB_rel_2.67_mGal": -4.0933, "TC_2.67_mGal": 0.2272, "sigma_FA_mGal": 0.047}}, {"type": "Feature", "geometry": {"type": "Point", "coordinates": [34.9928614, 24.8222252]}, "properties": {"Station_UID": "CG6-0640|2026-01-16|L1|S3", "Instrument": "CG6-0640", "Date": "2026-01-16", "Line": "1", "Station": "3", "H_ortho_m": 6.3908, "dg_rel_base100_mGal": 18.2458, "FA_rel_mGal": -13.0542, "SB_rel_2.67_mGal": -2.5868, "CB_rel_2.67_mGal": -3.4621, "TC_2.67_mGal": 0.2482, "sigma_FA_mGal": 0.047}}, {"type": "Feature", "geometry": {"type": "Point", "coordinates": [34.9910702, 24.8216828]}, "properties": {"Station_UID": "CG6-0640|2026-01-16|L1|S4", "Instrument": "CG6-0640", "Date": "2026-01-16", "Line": "1", "Station": "4", "H_ortho_m": 8.6991, "dg_rel_base100_mGal": 18.136, "FA_rel_mGal": -12.4142, "SB_rel_2.67_mGal": -2.2052, "CB_rel_2.67_mGal": -3.0597, "TC_2.67_mGal": 0.2689, "sigma_FA_mGal": 0.047}}, {"type": "Feature", "geometry": {"type": "Point", "coordinates": [34.9893342, 24.820755]}, "properties": {"Station_UID": "CG6-0640|2026-01-16|L1|S5", "Instrument": "CG6-0640", "Date": "2026-01-16", "Line": "1", "Station": "5", "H_ortho_m": 10.4492, "dg_rel_base100_mGal": 18.1908, "FA_rel_mGal": -11.7553, "SB_rel_2.67_mGal": -1.7423, "CB_rel_2.67_mGal": -2.5618, "TC_2.67_mGal": 0.3039, "sigma_FA_mGal": 0.047}}, {"type": "Feature", "geometry": {"type": "Point", "coordinates": [34.9878084, 24.8196225]}, "properties": {"Station_UID": "CG6-0640|2026-01-16|L1|S6", "Instrument": "CG6-0640", "Date": "2026-01-16", "Line": "1", "Station": "6", "H_ortho_m": 12.712, "dg_rel_base100_mGal": 18.1566, "FA_rel_mGal": -11.0131, "SB_rel_2.67_mGal": -1.2534, "CB_rel_2.67_mGal": -2.0253, "TC_2.67_mGal": 0.3515, "sigma_FA_mGal": 0.047}}, {"type": "Feature", "geometry": {"type": "Point", "coordinates": [34.9861262, 24.818747]}, "properties": {"Station_UID": "CG6-0640|2026-01-16|L1|S7", "Instrument": "CG6-0640", "Date": "2026-01-16", "Line": "1", "Station": "7", "H_ortho_m": 14.0775, "dg_rel_base100_mGal": 18.2516, "FA_rel_mGal": -10.4364, "SB_rel_2.67_mGal": -0.8296, "CB_rel_2.67_mGal": -1.5239, "TC_2.67_mGal": 0.4291, "sigma_FA_mGal": 0.047}}, {"type": "Feature", "geometry": {"type": "Point", "coordinates": [34.9825714, 24.816689]}, "properties": {"Station_UID": "CG6-0640|2026-01-16|L1|S8", "Instrument": "CG6-0640", "Date": "2026-01-16", "Line": "1", "Station": "8", "H_ortho_m": 18.3929, "dg_rel_base100_mGal": 18.1568, "FA_rel_mGal": -9.0575, "SB_rel_2.67_mGal": 0.0662, "CB_rel_2.67_mGal": -0.3732, "TC_2.67_mGal": 0.684, "sigma_FA_mGal": 0.047}}, {"type": "Feature", "geometry": {"type": "Point", "coordinates": [34.9810404, 24.8153275]}, "properties": {"Station_UID": "CG6-0640|2026-01-16|L1|S9", "Instrument": "CG6-0640", "Date": "2026-01-16", "Line": "1", "Station": "9", "H_ortho_m": 20.4404, "dg_rel_base100_mGal": 17.0611, "FA_rel_mGal": -9.4277, "SB_rel_2.67_mGal": -0.5332, "CB_rel_2.67_mGal": -0.6459, "TC_2.67_mGal": 1.0106, "sigma_FA_mGal": 0.047}}, {"type": "Feature", "geometry": {"type": "Point", "coordinates": [34.9792677, 24.8143456]}, "properties": {"Station_UID": "CG6-0640|2026-01-16|L1|S10", "Instrument": "CG6-0640", "Date": "2026-01-16", "Line": "1", "Station": "10", "H_ortho_m": 22.8343, "dg_rel_base100_mGal": 16.335, "FA_rel_mGal": -9.3473, "SB_rel_2.67_mGal": -0.7208, "CB_rel_2.67_mGal": -0.6543, "TC_2.67_mGal": 1.1898, "sigma_FA_mGal": 0.047}}, {"type": "Feature", "geometry": {"type": "Point", "coordinates": [34.9775196, 24.8133418]}, "properties": {"Station_UID": "CG6-0640|2026-01-16|L1|S11", "Instrument": "CG6-0640", "Date": "2026-01-16", "Line": "1", "Station": "11", "H_ortho_m": 25.2033, "dg_rel_base100_mGal": 15.5181, "FA_rel_mGal": -9.3638, "SB_rel_2.67_mGal": -1.0025, "CB_rel_2.67_mGal": -0.6601, "TC_2.67_mGal": 1.4659, "sigma_FA_mGal": 0.047}}, {"type": "Feature", "geometry": {"type": "Point", "coordinates": [34.9755732, 24.8126065]}, "properties": {"Station_UID": "CG6-0640|2026-01-16|L1|S12", "Instrument": "CG6-0640", "Date": "2026-01-16", "Line": "1", "Station": "12", "H_ortho_m": 27.3417, "dg_rel_base100_mGal": 14.8939, "FA_rel_mGal": -9.2774, "SB_rel_2.67_mGal": -1.1555, "CB_rel_2.67_mGal": -0.8433, "TC_2.67_mGal": 1.4356, "sigma_FA_mGal": 0.047}}, {"type": "Feature", "geometry": {"type": "Point", "coordinates": [34.97398, 24.8115199]}, "properties": {"Station_UID": "CG6-0640|2026-01-16|L1|S13", "Instrument": "CG6-0640", "Date": "2026-01-16", "Line": "1", "Station": "13", "H_ortho_m": 29.6884, "dg_rel_base100_mGal": 14.6408, "FA_rel_mGal": -8.7314, "SB_rel_2.67_mGal": -0.8722, "CB_rel_2.67_mGal": -0.6779, "TC_2.67_mGal": 1.3178, "sigma_FA_mGal": 0.047}}, {"type": "Feature", "geometry": {"type": "Point", "coordinates": [34.9730956, 24.8099818]}, "properties": {"Station_UID": "CG6-0640|2026-01-16|L1|S14", "Instrument": "CG6-0640", "Date": "2026-01-16", "Line": "1", "Station": "14", "H_ortho_m": 31.9752, "dg_rel_base100_mGal": 13.9904, "FA_rel_mGal": -8.5701, "SB_rel_2.67_mGal": -0.9669, "CB_rel_2.67_mGal": -0.736, "TC_2.67_mGal": 1.3543, "sigma_FA_mGal": 0.0471}}, {"type": "Feature", "geometry": {"type": "Point", "coordinates": [34.9719341, 24.8084596]}, "properties": {"Station_UID": "CG6-0640|2026-01-16|L1|S15", "Instrument": "CG6-0640", "Date": "2026-01-16", "Line": "1", "Station": "15", "H_ortho_m": 34.4475, "dg_rel_base100_mGal": 13.3648, "FA_rel_mGal": -8.3279, "SB_rel_2.67_mGal": -1.0016, "CB_rel_2.67_mGal": -0.7856, "TC_2.67_mGal": 1.3394, "sigma_FA_mGal": 0.047}}, {"type": "Feature", "geometry": {"type": "Point", "coordinates": [34.9701759, 24.8073928]}, "properties": {"Station_UID": "CG6-0640|2026-01-16|L1|S16", "Instrument": "CG6-0640", "Date": "2026-01-16", "Line": "1", "Station": "16", "H_ortho_m": 36.1795, "dg_rel_base100_mGal": 12.5933, "FA_rel_mGal": -8.4914, "SB_rel_2.67_mGal": -1.359, "CB_rel_2.67_mGal": -0.8823, "TC_2.67_mGal": 1.6001, "sigma_FA_mGal": 0.047}}, {"type": "Feature", "geometry": {"type": "Point", "coordinates": [34.9688682, 24.8060071]}, "properties": {"Station_UID": "CG6-0640|2026-01-16|L1|S17", "Instrument": "CG6-0640", "Date": "2026-01-16", "Line": "1", "Station": "17", "H_ortho_m": 38.6223, "dg_rel_base100_mGal": 12.4308, "FA_rel_mGal": -7.8045, "SB_rel_2.67_mGal": -0.9456, "CB_rel_2.67_mGal": -0.5562, "TC_2.67_mGal": 1.5128, "sigma_FA_mGal": 0.047}}, {"type": "Feature", "geometry": {"type": "Point", "coordinates": [34.9686138, 24.8041904]}, "properties": {"Station_UID": "CG6-0640|2026-01-16|L1|S18", "Instrument": "CG6-0640", "Date": "2026-01-16", "Line": "1", "Station": "18", "H_ortho_m": 40.3361, "dg_rel_base100_mGal": 11.7283, "FA_rel_mGal": -7.8531, "SB_rel_2.67_mGal": -1.186, "CB_rel_2.67_mGal": -0.5269, "TC_2.67_mGal": 1.7826, "sigma_FA_mGal": 0.047}}, {"type": "Feature", "geometry": {"type": "Point", "coordinates": [34.9677999, 24.8023936]}, "properties": {"Station_UID": "CG6-0640|2026-01-16|L1|S19", "Instrument": "CG6-0640", "Date": "2026-01-16", "Line": "1", "Station": "19", "H_ortho_m": 42.236, "dg_rel_base100_mGal": 11.2223, "FA_rel_mGal": -7.6493, "SB_rel_2.67_mGal": -1.1948, "CB_rel_2.67_mGal": -0.4179, "TC_2.67_mGal": 1.9004, "sigma_FA_mGal": 0.047}}, {"type": "Feature", "geometry": {"type": "Point", "coordinates": [34.9662749, 24.8016086]}, "properties": {"Station_UID": "CG6-0640|2026-01-16|L1|S20", "Instrument": "CG6-0640", "Date": "2026-01-16", "Line": "1", "Station": "20", "H_ortho_m": 45.0967, "dg_rel_base100_mGal": 10.9152, "FA_rel_mGal": -7.0193, "SB_rel_2.67_mGal": -0.8852, "CB_rel_2.67_mGal": -0.4682, "TC_2.67_mGal": 1.5404, "sigma_FA_mGal": 0.047}}, {"type": "Feature", "geometry": {"type": "Point", "coordinates": [34.9643753, 24.80227]}, "properties": {"Station_UID": "CG6-0640|2026-01-16|L1|S21", "Instrument": "CG6-0640", "Date": "2026-01-16", "Line": "1", "Station": "21", "H_ortho_m": 46.7937, "dg_rel_base100_mGal": 10.4877, "FA_rel_mGal": -6.9684, "SB_rel_2.67_mGal": -1.0242, "CB_rel_2.67_mGal": -0.5607, "TC_2.67_mGal": 1.5869, "sigma_FA_mGal": 0.047}}, {"type": "Feature", "geometry": {"type": "Point", "coordinates": [34.9625697, 24.8029619]}, "properties": {"Station_UID": "CG6-0640|2026-01-16|L1|S22", "Instrument": "CG6-0640", "Date": "2026-01-16", "Line": "1", "Station": "22", "H_ortho_m": 48.6042, "dg_rel_base100_mGal": 9.9312, "FA_rel_mGal": -7.0136, "SB_rel_2.67_mGal": -1.2721, "CB_rel_2.67_mGal": -0.5359, "TC_2.67_mGal": 1.8596, "sigma_FA_mGal": 0.047}}, {"type": "Feature", "geometry": {"type": "Point", "coordinates": [34.960746, 24.8021938]}, "properties": {"Station_UID": "CG6-0640|2026-01-16|L1|S23", "Instrument": "CG6-0640", "Date": "2026-01-16", "Line": "1", "Station": "23", "H_ortho_m": 51.0154, "dg_rel_base100_mGal": 10.0356, "FA_rel_mGal": -6.1121, "SB_rel_2.67_mGal": -0.6405, "CB_rel_2.67_mGal": -0.6823, "TC_2.67_mGal": 1.0817, "sigma_FA_mGal": 0.047}}, {"type": "Feature", "geometry": {"type": "Point", "coordinates": [34.958878, 24.8018721]}, "properties": {"Station_UID": "CG6-0640|2026-01-16|L1|S24", "Instrument": "CG6-0640", "Date": "2026-01-16", "Line": "1", "Station": "24", "H_ortho_m": 53.735, "dg_rel_base100_mGal": 9.3555, "FA_rel_mGal": -5.9306, "SB_rel_2.67_mGal": -0.7635, "CB_rel_2.67_mGal": -1.0965, "TC_2.67_mGal": 0.7904, "sigma_FA_mGal": 0.047}}, {"type": "Feature", "geometry": {"type": "Point", "coordinates": [34.9568219, 24.8018719]}, "properties": {"Station_UID": "CG6-0640|2026-01-16|L1|S25", "Instrument": "CG6-0640", "Date": "2026-01-16", "Line": "1", "Station": "25", "H_ortho_m": 56.0513, "dg_rel_base100_mGal": 8.5681, "FA_rel_mGal": -6.0029, "SB_rel_2.67_mGal": -1.0952, "CB_rel_2.67_mGal": -1.5175, "TC_2.67_mGal": 0.7011, "sigma_FA_mGal": 0.047}}, {"type": "Feature", "geometry": {"type": "Point", "coordinates": [34.9547952, 24.8018191]}, "properties": {"Station_UID": "CG6-0640|2026-01-16|L1|S26", "Instrument": "CG6-0640", "Date": "2026-01-16", "Line": "1", "Station": "26", "H_ortho_m": 58.1748, "dg_rel_base100_mGal": 8.3607, "FA_rel_mGal": -5.5513, "SB_rel_2.67_mGal": -0.8813, "CB_rel_2.67_mGal": -1.2766, "TC_2.67_mGal": 0.7281, "sigma_FA_mGal": 0.047}}, {"type": "Feature", "geometry": {"type": "Point", "coordinates": [34.9529658, 24.8014983]}, "properties": {"Station_UID": "CG6-0640|2026-01-16|L1|S27", "Instrument": "CG6-0640", "Date": "2026-01-16", "Line": "1", "Station": "27", "H_ortho_m": 60.3978, "dg_rel_base100_mGal": 7.5773, "FA_rel_mGal": -5.6264, "SB_rel_2.67_mGal": -1.2053, "CB_rel_2.67_mGal": -1.5554, "TC_2.67_mGal": 0.7733, "sigma_FA_mGal": 0.047}}, {"type": "Feature", "geometry": {"type": "Point", "coordinates": [34.951586, 24.8002217]}, "properties": {"Station_UID": "CG6-0640|2026-01-16|L1|S28", "Instrument": "CG6-0640", "Date": "2026-01-16", "Line": "1", "Station": "28", "H_ortho_m": 62.3928, "dg_rel_base100_mGal": 7.13, "FA_rel_mGal": -5.3702, "SB_rel_2.67_mGal": -1.1724, "CB_rel_2.67_mGal": -1.3307, "TC_2.67_mGal": 0.9651, "sigma_FA_mGal": 0.047}}, {"type": "Feature", "geometry": {"type": "Point", "coordinates": [34.951105, 24.7983934]}, "properties": {"Station_UID": "CG6-0640|2026-01-16|L1|S29", "Instrument": "CG6-0640", "Date": "2026-01-16", "Line": "1", "Station": "29", "H_ortho_m": 64.5557, "dg_rel_base100_mGal": 6.4093, "FA_rel_mGal": -5.2976, "SB_rel_2.67_mGal": -1.3419, "CB_rel_2.67_mGal": -1.0921, "TC_2.67_mGal": 1.3732, "sigma_FA_mGal": 0.047}}, {"type": "Feature", "geometry": {"type": "Point", "coordinates": [34.9514192, 24.7966195]}, "properties": {"Station_UID": "CG6-0640|2026-01-16|L1|S30", "Instrument": "CG6-0640", "Date": "2026-01-16", "Line": "1", "Station": "30", "H_ortho_m": 66.6947, "dg_rel_base100_mGal": 6.1137, "FA_rel_mGal": -4.8109, "SB_rel_2.67_mGal": -1.0947, "CB_rel_2.67_mGal": -0.8707, "TC_2.67_mGal": 1.3474, "sigma_FA_mGal": 0.047}}, {"type": "Feature", "geometry": {"type": "Point", "coordinates": [34.9512051, 24.7947746]}, "properties": {"Station_UID": "CG6-0640|2026-01-16|L1|S31", "Instrument": "CG6-0640", "Date": "2026-01-16", "Line": "1", "Station": "31", "H_ortho_m": 70.6389, "dg_rel_base100_mGal": 5.7048, "FA_rel_mGal": -3.8756, "SB_rel_2.67_mGal": -0.6009, "CB_rel_2.67_mGal": -0.6921, "TC_2.67_mGal": 1.0322, "sigma_FA_mGal": 0.047}}, {"type": "Feature", "geometry": {"type": "Point", "coordinates": [34.9508455, 24.7930244]}, "properties": {"Station_UID": "CG6-0640|2026-01-16|L1|S32", "Instrument": "CG6-0640", "Date": "2026-01-16", "Line": "1", "Station": "32", "H_ortho_m": 74.2375, "dg_rel_base100_mGal": 5.1634, "FA_rel_mGal": -3.1859, "SB_rel_2.67_mGal": -0.3141, "CB_rel_2.67_mGal": -0.5344, "TC_2.67_mGal": 0.9031, "sigma_FA_mGal": 0.047}}, {"type": "Feature", "geometry": {"type": "Point", "coordinates": [34.9490754, 24.7926186]}, "properties": {"Station_UID": "CG6-0640|2026-01-16|L1|S33", "Instrument": "CG6-0640", "Date": "2026-01-16", "Line": "1", "Station": "33", "H_ortho_m": 77.3889, "dg_rel_base100_mGal": 4.4175, "FA_rel_mGal": -2.9311, "SB_rel_2.67_mGal": -0.4121, "CB_rel_2.67_mGal": -0.5598, "TC_2.67_mGal": 0.9758, "sigma_FA_mGal": 0.047}}, {"type": "Feature", "geometry": {"type": "Point", "coordinates": [34.9471375, 24.7927589]}, "properties": {"Station_UID": "CG6-0640|2026-01-16|L1|S34", "Instrument": "CG6-0640", "Date": "2026-01-16", "Line": "1", "Station": "34", "H_ortho_m": 79.5522, "dg_rel_base100_mGal": 4.1311, "FA_rel_mGal": -2.5594, "SB_rel_2.67_mGal": -0.2827, "CB_rel_2.67_mGal": -0.3715, "TC_2.67_mGal": 1.0346, "sigma_FA_mGal": 0.047}}, {"type": "Feature", "geometry": {"type": "Point", "coordinates": [34.9457367, 24.7916131]}, "properties": {"Station_UID": "CG6-0640|2026-01-16|L1|S35", "Instrument": "CG6-0640", "Date": "2026-01-16", "Line": "1", "Station": "35", "H_ortho_m": 82.1735, "dg_rel_base100_mGal": 3.3926, "FA_rel_mGal": -2.41, "SB_rel_2.67_mGal": -0.4267, "CB_rel_2.67_mGal": -0.3881, "TC_2.67_mGal": 1.162, "sigma_FA_mGal": 0.047}}, {"type": "Feature", "geometry": {"type": "Point", "coordinates": [34.944536, 24.7900861]}, "properties": {"Station_UID": "CG6-0640|2026-01-16|L1|S36", "Instrument": "CG6-0640", "Date": "2026-01-16", "Line": "1", "Station": "36", "H_ortho_m": 84.1608, "dg_rel_base100_mGal": 2.5442, "FA_rel_mGal": -2.54, "SB_rel_2.67_mGal": -0.7792, "CB_rel_2.67_mGal": -0.3, "TC_2.67_mGal": 1.6026, "sigma_FA_mGal": 0.047}}, {"type": "Feature", "geometry": {"type": "Point", "coordinates": [34.9435281, 24.7886673]}, "properties": {"Station_UID": "CG6-0640|2026-01-16|L1|S37", "Instrument": "CG6-0640", "Date": "2026-01-16", "Line": "1", "Station": "37", "H_ortho_m": 86.1993, "dg_rel_base100_mGal": 1.804, "FA_rel_mGal": -2.5535, "SB_rel_2.67_mGal": -1.0209, "CB_rel_2.67_mGal": -0.3489, "TC_2.67_mGal": 1.7954, "sigma_FA_mGal": 0.047}}, {"type": "Feature", "geometry": {"type": "Point", "coordinates": [34.9415154, 24.7883425]}, "properties": {"Station_UID": "CG6-0640|2026-01-16|L1|S38", "Instrument": "CG6-0640", "Date": "2026-01-16", "Line": "1", "Station": "38", "H_ortho_m": 89.0458, "dg_rel_base100_mGal": 1.6425, "FA_rel_mGal": -1.8141, "SB_rel_2.67_mGal": -0.6002, "CB_rel_2.67_mGal": -0.368, "TC_2.67_mGal": 1.3555, "sigma_FA_mGal": 0.047}}, {"type": "Feature", "geometry": {"type": "Point", "coordinates": [34.9393825, 24.7892797]}, "properties": {"Station_UID": "CG6-0640|2026-01-16|L1|S39", "Instrument": "CG6-0640", "Date": "2026-01-16", "Line": "1", "Station": "39", "H_ortho_m": 91.7629, "dg_rel_base100_mGal": 0.9579, "FA_rel_mGal": -1.7244, "SB_rel_2.67_mGal": -0.8146, "CB_rel_2.67_mGal": -0.4776, "TC_2.67_mGal": 1.4604, "sigma_FA_mGal": 0.047}}, {"type": "Feature", "geometry": {"type": "Point", "coordinates": [34.9378008, 24.7894535]}, "properties": {"Station_UID": "CG6-0640|2026-01-16|L1|S40", "Instrument": "CG6-0640", "Date": "2026-01-16", "Line": "1", "Station": "40", "H_ortho_m": 93.346, "dg_rel_base100_mGal": 1.0203, "FA_rel_mGal": -1.1852, "SB_rel_2.67_mGal": -0.4527, "CB_rel_2.67_mGal": -0.3663, "TC_2.67_mGal": 1.2098, "sigma_FA_mGal": 0.047}}, {"type": "Feature", "geometry": {"type": "Point", "coordinates": [34.9359631, 24.7891501]}, "properties": {"Station_UID": "CG6-0640|2026-01-16|L1|S41", "Instrument": "CG6-0640", "Date": "2026-01-16", "Line": "1", "Station": "41", "H_ortho_m": 96.0524, "dg_rel_base100_mGal": 0.5467, "FA_rel_mGal": -0.8026, "SB_rel_2.67_mGal": -0.373, "CB_rel_2.67_mGal": -0.3248, "TC_2.67_mGal": 1.1716, "sigma_FA_mGal": 0.047}}, {"type": "Feature", "geometry": {"type": "Point", "coordinates": [34.9345823, 24.7879117]}, "properties": {"Station_UID": "CG6-0640|2026-01-16|L1|S42", "Instrument": "CG6-0640", "Date": "2026-01-16", "Line": "1", "Station": "42", "H_ortho_m": 97.9442, "dg_rel_base100_mGal": -0.0792, "FA_rel_mGal": -0.7594, "SB_rel_2.67_mGal": -0.5417, "CB_rel_2.67_mGal": -0.2395, "TC_2.67_mGal": 1.4256, "sigma_FA_mGal": 0.0472}}, {"type": "Feature", "geometry": {"type": "Point", "coordinates": [34.9332013, 24.7870247]}, "properties": {"Station_UID": "CG6-0640|2026-01-16|L1|S43", "Instrument": "CG6-0640", "Date": "2026-01-16", "Line": "1", "Station": "43", "H_ortho_m": 100.3274, "dg_rel_base100_mGal": 0.0135, "FA_rel_mGal": 0.1299, "SB_rel_2.67_mGal": 0.0808, "CB_rel_2.67_mGal": -0.0527, "TC_2.67_mGal": 0.9899, "sigma_FA_mGal": 0.047}}, {"type": "Feature", "geometry": {"type": "Point", "coordinates": [34.931135, 24.7870912]}, "properties": {"Station_UID": "CG6-0640|2026-01-16|L1|S44", "Instrument": "CG6-0640", "Date": "2026-01-16", "Line": "1", "Station": "44", "H_ortho_m": 101.656, "dg_rel_base100_mGal": -0.6716, "FA_rel_mGal": -0.1496, "SB_rel_2.67_mGal": -0.3475, "CB_rel_2.67_mGal": -0.1183, "TC_2.67_mGal": 1.3526, "sigma_FA_mGal": 0.047}}, {"type": "Feature", "geometry": {"type": "Point", "coordinates": [34.9293309, 24.7879552]}, "properties": {"Station_UID": "CG6-0640|2026-01-16|L1|S45", "Instrument": "CG6-0640", "Date": "2026-01-16", "Line": "1", "Station": "45", "H_ortho_m": 103.7807, "dg_rel_base100_mGal": -0.6598, "FA_rel_mGal": 0.4586, "SB_rel_2.67_mGal": 0.0229, "CB_rel_2.67_mGal": 0.0325, "TC_2.67_mGal": 1.133, "sigma_FA_mGal": 0.047}}, {"type": "Feature", "geometry": {"type": "Point", "coordinates": [34.9278697, 24.7890258]}, "properties": {"Station_UID": "CG6-0640|2026-01-16|L1|S46", "Instrument": "CG6-0640", "Date": "2026-01-16", "Line": "1", "Station": "46", "H_ortho_m": 105.1002, "dg_rel_base100_mGal": -1.4772, "FA_rel_mGal": -0.0251, "SB_rel_2.67_mGal": -0.6085, "CB_rel_2.67_mGal": 0.0521, "TC_2.67_mGal": 1.784, "sigma_FA_mGal": 0.047}}, {"type": "Feature", "geometry": {"type": "Point", "coordinates": [34.9257843, 24.7895548]}, "properties": {"Station_UID": "CG6-0640|2026-01-16|L1|S47", "Instrument": "CG6-0640", "Date": "2026-01-16", "Line": "1", "Station": "47", "H_ortho_m": 107.8121, "dg_rel_base100_mGal": -1.2827, "FA_rel_mGal": 0.9703, "SB_rel_2.67_mGal": 0.0832, "CB_rel_2.67_mGal": 0.3098, "TC_2.67_mGal": 1.35, "sigma_FA_mGal": 0.047}}, {"type": "Feature", "geometry": {"type": "Point", "coordinates": [34.9239838, 24.7894065]}, "properties": {"Station_UID": "CG6-0640|2026-01-16|L1|S48", "Instrument": "CG6-0640", "Date": "2026-01-16", "Line": "1", "Station": "48", "H_ortho_m": 109.3529, "dg_rel_base100_mGal": -1.4718, "FA_rel_mGal": 1.2669, "SB_rel_2.67_mGal": 0.2074, "CB_rel_2.67_mGal": 0.2837, "TC_2.67_mGal": 1.1997, "sigma_FA_mGal": 0.047}}, {"type": "Feature", "geometry": {"type": "Point", "coordinates": [34.9219572, 24.789565]}, "properties": {"Station_UID": "CG6-0640|2026-01-16|L1|S49", "Instrument": "CG6-0640", "Date": "2026-01-16", "Line": "1", "Station": "49", "H_ortho_m": 110.9307, "dg_rel_base100_mGal": -1.6859, "FA_rel_mGal": 1.5289, "SB_rel_2.67_mGal": 0.2928, "CB_rel_2.67_mGal": 0.4112, "TC_2.67_mGal": 1.2418, "sigma_FA_mGal": 0.047}}, {"type": "Feature", "geometry": {"type": "Point", "coordinates": [34.9201927, 24.7907351]}, "properties": {"Station_UID": "CG6-0640|2026-01-16|L1|S50", "Instrument": "CG6-0640", "Date": "2026-01-16", "Line": "1", "Station": "50", "H_ortho_m": 113.6337, "dg_rel_base100_mGal": -1.9306, "FA_rel_mGal": 2.0382, "SB_rel_2.67_mGal": 0.4994, "CB_rel_2.67_mGal": 0.3921, "TC_2.67_mGal": 1.0161, "sigma_FA_mGal": 0.047}}, {"type": "Feature", "geometry": {"type": "Point", "coordinates": [34.9186977, 24.7917574]}, "properties": {"Station_UID": "CG6-0640|2026-01-16|L1|S51", "Instrument": "CG6-0640", "Date": "2026-01-16", "Line": "1", "Station": "51", "H_ortho_m": 115.863, "dg_rel_base100_mGal": -2.4254, "FA_rel_mGal": 2.1612, "SB_rel_2.67_mGal": 0.3729, "CB_rel_2.67_mGal": 0.4388, "TC_2.67_mGal": 1.1894, "sigma_FA_mGal": 0.047}}, {"type": "Feature", "geometry": {"type": "Point", "coordinates": [34.9169845, 24.792809]}, "properties": {"Station_UID": "CG6-0640|2026-01-16|L1|S52", "Instrument": "CG6-0640", "Date": "2026-01-16", "Line": "1", "Station": "52", "H_ortho_m": 117.4515, "dg_rel_base100_mGal": -2.9511, "FA_rel_mGal": 2.0537, "SB_rel_2.67_mGal": 0.0875, "CB_rel_2.67_mGal": 0.7471, "TC_2.67_mGal": 1.783, "sigma_FA_mGal": 0.047}}, {"type": "Feature", "geometry": {"type": "Point", "coordinates": [34.9149604, 24.7931887]}, "properties": {"Station_UID": "CG6-0640|2026-01-16|L1|S53", "Instrument": "CG6-0640", "Date": "2026-01-16", "Line": "1", "Station": "53", "H_ortho_m": 119.8062, "dg_rel_base100_mGal": -3.2038, "FA_rel_mGal": 2.5016, "SB_rel_2.67_mGal": 0.2718, "CB_rel_2.67_mGal": 0.8852, "TC_2.67_mGal": 1.7367, "sigma_FA_mGal": 0.047}}, {"type": "Feature", "geometry": {"type": "Point", "coordinates": [34.9131634, 24.7930825]}, "properties": {"Station_UID": "CG6-0640|2026-01-16|L1|S54", "Instrument": "CG6-0640", "Date": "2026-01-16", "Line": "1", "Station": "54", "H_ortho_m": 121.4055, "dg_rel_base100_mGal": -3.5623, "FA_rel_mGal": 2.6441, "SB_rel_2.67_mGal": 0.2353, "CB_rel_2.67_mGal": 0.8616, "TC_2.67_mGal": 1.7497, "sigma_FA_mGal": 0.047}}, {"type": "Feature", "geometry": {"type": "Point", "coordinates": [34.9111901, 24.7931141]}, "properties": {"Station_UID": "CG6-0640|2026-01-16|L1|S55", "Instrument": "CG6-0640", "Date": "2026-01-16", "Line": "1", "Station": "55", "H_ortho_m": 123.2732, "dg_rel_base100_mGal": -3.817, "FA_rel_mGal": 2.9637, "SB_rel_2.67_mGal": 0.3458, "CB_rel_2.67_mGal": 0.9989, "TC_2.67_mGal": 1.7766, "sigma_FA_mGal": 0.047}}, {"type": "Feature", "geometry": {"type": "Point", "coordinates": [34.909534, 24.7939099]}, "properties": {"Station_UID": "CG6-0640|2026-01-16|L1|S56", "Instrument": "CG6-0640", "Date": "2026-01-16", "Line": "1", "Station": "56", "H_ortho_m": 125.6861, "dg_rel_base100_mGal": -4.3143, "FA_rel_mGal": 3.1566, "SB_rel_2.67_mGal": 0.2686, "CB_rel_2.67_mGal": 0.9649, "TC_2.67_mGal": 1.8197, "sigma_FA_mGal": 0.047}}, {"type": "Feature", "geometry": {"type": "Point", "coordinates": [34.9090621, 24.7956625]}, "properties": {"Station_UID": "CG6-0640|2026-01-16|L1|S57", "Instrument": "CG6-0640", "Date": "2026-01-16", "Line": "1", "Station": "57", "H_ortho_m": 127.4358, "dg_rel_base100_mGal": -4.4887, "FA_rel_mGal": 3.4018, "SB_rel_2.67_mGal": 0.3179, "CB_rel_2.67_mGal": 0.7708, "TC_2.67_mGal": 1.5763, "sigma_FA_mGal": 0.047}}, {"type": "Feature", "geometry": {"type": "Point", "coordinates": [34.9091371, 24.7975063]}, "properties": {"Station_UID": "CG6-0640|2026-01-16|L1|S58", "Instrument": "CG6-0640", "Date": "2026-01-16", "Line": "1", "Station": "58", "H_ortho_m": 129.4552, "dg_rel_base100_mGal": -4.6922, "FA_rel_mGal": 3.695, "SB_rel_2.67_mGal": 0.385, "CB_rel_2.67_mGal": 0.6986, "TC_2.67_mGal": 1.437, "sigma_FA_mGal": 0.047}}, {"type": "Feature", "geometry": {"type": "Point", "coordinates": [34.90838, 24.7990982]}, "properties": {"Station_UID": "CG6-0640|2026-01-16|L1|S59", "Instrument": "CG6-0640", "Date": "2026-01-16", "Line": "1", "Station": "59", "H_ortho_m": 131.8463, "dg_rel_base100_mGal": -5.0132, "FA_rel_mGal": 4.0026, "SB_rel_2.67_mGal": 0.4249, "CB_rel_2.67_mGal": 0.4766, "TC_2.67_mGal": 1.1751, "sigma_FA_mGal": 0.047}}, {"type": "Feature", "geometry": {"type": "Point", "coordinates": [34.9075415, 24.80086]}, "properties": {"Station_UID": "CG6-0640|2026-01-16|L1|S60", "Instrument": "CG6-0640", "Date": "2026-01-16", "Line": "1", "Station": "60", "H_ortho_m": 133.7612, "dg_rel_base100_mGal": -5.2612, "FA_rel_mGal": 4.2246, "SB_rel_2.67_mGal": 0.4325, "CB_rel_2.67_mGal": 0.4083, "TC_2.67_mGal": 1.0992, "sigma_FA_mGal": 0.0471}}, {"type": "Feature", "geometry": {"type": "Point", "coordinates": [34.9060675, 24.8022424]}, "properties": {"Station_UID": "CG6-0640|2026-01-17|L1|S61", "Instrument": "CG6-0640", "Date": "2026-01-17", "Line": "1", "Station": "61", "H_ortho_m": 135.9905, "dg_rel_base100_mGal": -5.863, "FA_rel_mGal": 4.2159, "SB_rel_2.67_mGal": 0.1742, "CB_rel_2.67_mGal": 0.2206, "TC_2.67_mGal": 1.1698, "sigma_FA_mGal": 0.047}}, {"type": "Feature", "geometry": {"type": "Point", "coordinates": [34.9044913, 24.8036609]}, "properties": {"Station_UID": "CG6-0640|2026-01-17|L1|S62", "Instrument": "CG6-0640", "Date": "2026-01-17", "Line": "1", "Station": "62", "H_ortho_m": 138.2314, "dg_rel_base100_mGal": -6.3925, "FA_rel_mGal": 4.2806, "SB_rel_2.67_mGal": -0.012, "CB_rel_2.67_mGal": 0.0326, "TC_2.67_mGal": 1.168, "sigma_FA_mGal": 0.0471}}, {"type": "Feature", "geometry": {"type": "Point", "coordinates": [34.9028179, 24.8043352]}, "properties": {"Station_UID": "CG6-0640|2026-01-17|L1|S63", "Instrument": "CG6-0640", "Date": "2026-01-17", "Line": "1", "Station": "63", "H_ortho_m": 139.7439, "dg_rel_base100_mGal": -6.2294, "FA_rel_mGal": 4.8642, "SB_rel_2.67_mGal": 0.4023, "CB_rel_2.67_mGal": 0.3071, "TC_2.67_mGal": 1.0282, "sigma_FA_mGal": 0.047}}, {"type": "Feature", "geometry": {"type": "Point", "coordinates": [34.9010049, 24.804722]}, "properties": {"Station_UID": "CG6-0640|2026-01-17|L1|S64", "Instrument": "CG6-0640", "Date": "2026-01-17", "Line": "1", "Station": "64", "H_ortho_m": 142.0435, "dg_rel_base100_mGal": -6.6305, "FA_rel_mGal": 5.1463, "SB_rel_2.67_mGal": 0.427, "CB_rel_2.67_mGal": 0.2866, "TC_2.67_mGal": 0.983, "sigma_FA_mGal": 0.047}}, {"type": "Feature", "geometry": {"type": "Point", "coordinates": [34.8986453, 24.8050352]}, "properties": {"Station_UID": "CG6-0640|2026-01-17|L1|S65", "Instrument": "CG6-0640", "Date": "2026-01-17", "Line": "1", "Station": "65", "H_ortho_m": 144.2012, "dg_rel_base100_mGal": -7.3621, "FA_rel_mGal": 5.0593, "SB_rel_2.67_mGal": 0.0984, "CB_rel_2.67_mGal": 0.1267, "TC_2.67_mGal": 1.1517, "sigma_FA_mGal": 0.047}}, {"type": "Feature", "geometry": {"type": "Point", "coordinates": [34.8971234, 24.8055725]}, "properties": {"Station_UID": "CG6-0640|2026-01-17|L1|S66", "Instrument": "CG6-0640", "Date": "2026-01-17", "Line": "1", "Station": "66", "H_ortho_m": 146.1873, "dg_rel_base100_mGal": -7.4881, "FA_rel_mGal": 5.5093, "SB_rel_2.67_mGal": 0.3261, "CB_rel_2.67_mGal": 0.2925, "TC_2.67_mGal": 1.0899, "sigma_FA_mGal": 0.047}}, {"type": "Feature", "geometry": {"type": "Point", "coordinates": [34.8947481, 24.8067115]}, "properties": {"Station_UID": "CG6-0640|2026-01-17|L1|S67", "Instrument": "CG6-0640", "Date": "2026-01-17", "Line": "1", "Station": "67", "H_ortho_m": 148.9128, "dg_rel_base100_mGal": -7.8453, "FA_rel_mGal": 5.9152, "SB_rel_2.67_mGal": 0.4268, "CB_rel_2.67_mGal": 0.4383, "TC_2.67_mGal": 1.1349, "sigma_FA_mGal": 0.047}}, {"type": "Feature", "geometry": {"type": "Point", "coordinates": [34.8935375, 24.8074475]}, "properties": {"Station_UID": "CG6-0640|2026-01-17|L1|S68", "Instrument": "CG6-0640", "Date": "2026-01-17", "Line": "1", "Station": "68", "H_ortho_m": 150.6826, "dg_rel_base100_mGal": -7.9162, "FA_rel_mGal": 6.3399, "SB_rel_2.67_mGal": 0.6534, "CB_rel_2.67_mGal": 0.3819, "TC_2.67_mGal": 0.8519, "sigma_FA_mGal": 0.0471}}, {"type": "Feature", "geometry": {"type": "Point", "coordinates": [34.8920387, 24.8086419]}, "properties": {"Station_UID": "CG6-0640|2026-01-17|L1|S69", "Instrument": "CG6-0640", "Date": "2026-01-17", "Line": "1", "Station": "69", "H_ortho_m": 152.5963, "dg_rel_base100_mGal": -8.0372, "FA_rel_mGal": 6.7276, "SB_rel_2.67_mGal": 0.8268, "CB_rel_2.67_mGal": 0.3976, "TC_2.67_mGal": 0.6942, "sigma_FA_mGal": 0.0474}}, {"type": "Feature", "geometry": {"type": "Point", "coordinates": [34.890604, 24.809672]}, "properties": {"Station_UID": "CG6-0640|2026-01-17|L1|S70", "Instrument": "CG6-0640", "Date": "2026-01-17", "Line": "1", "Station": "70", "H_ortho_m": 154.9012, "dg_rel_base100_mGal": -8.6801, "FA_rel_mGal": 6.7252, "SB_rel_2.67_mGal": 0.5664, "CB_rel_2.67_mGal": 0.1392, "TC_2.67_mGal": 0.6962, "sigma_FA_mGal": 0.0471}}, {"type": "Feature", "geometry": {"type": "Point", "coordinates": [34.8890084, 24.8106636]}, "properties": {"Station_UID": "CG6-0640|2026-01-17|L1|S71", "Instrument": "CG6-0640", "Date": "2026-01-17", "Line": "1", "Station": "71", "H_ortho_m": 156.7293, "dg_rel_base100_mGal": -9.3736, "FA_rel_mGal": 6.5279, "SB_rel_2.67_mGal": 0.1644, "CB_rel_2.67_mGal": -0.317, "TC_2.67_mGal": 0.642, "sigma_FA_mGal": 0.0471}}, {"type": "Feature", "geometry": {"type": "Point", "coordinates": [34.8871454, 24.8108478]}, "properties": {"Station_UID": "CG6-0640|2026-01-17|L1|S72", "Instrument": "CG6-0640", "Date": "2026-01-17", "Line": "1", "Station": "72", "H_ortho_m": 159.1712, "dg_rel_base100_mGal": -9.8561, "FA_rel_mGal": 6.7864, "SB_rel_2.67_mGal": 0.1496, "CB_rel_2.67_mGal": -0.3438, "TC_2.67_mGal": 0.63, "sigma_FA_mGal": 0.047}}, {"type": "Feature", "geometry": {"type": "Point", "coordinates": [34.885077, 24.8109159]}, "properties": {"Station_UID": "CG6-0640|2026-01-17|L1|S73", "Instrument": "CG6-0640", "Date": "2026-01-17", "Line": "1", "Station": "73", "H_ortho_m": 161.0021, "dg_rel_base100_mGal": -10.5792, "FA_rel_mGal": 6.6237, "SB_rel_2.67_mGal": -0.2181, "CB_rel_2.67_mGal": -0.6763, "TC_2.67_mGal": 0.6652, "sigma_FA_mGal": 0.0472}}, {"type": "Feature", "geometry": {"type": "Point", "coordinates": [34.8828643, 24.8104928]}, "properties": {"Station_UID": "CG6-0640|2026-01-17|L1|S74", "Instrument": "CG6-0640", "Date": "2026-01-17", "Line": "1", "Station": "74", "H_ortho_m": 163.6438, "dg_rel_base100_mGal": -11.0071, "FA_rel_mGal": 7.0403, "SB_rel_2.67_mGal": -0.0972, "CB_rel_2.67_mGal": -0.5301, "TC_2.67_mGal": 0.6905, "sigma_FA_mGal": 0.0471}}, {"type": "Feature", "geometry": {"type": "Point", "coordinates": [34.8813744, 24.8094503]}, "properties": {"Station_UID": "CG6-0640|2026-01-17|L1|S75", "Instrument": "CG6-0640", "Date": "2026-01-17", "Line": "1", "Station": "75", "H_ortho_m": 165.6295, "dg_rel_base100_mGal": -11.0165, "FA_rel_mGal": 7.7156, "SB_rel_2.67_mGal": 0.3557, "CB_rel_2.67_mGal": 0.0632, "TC_2.67_mGal": 0.8309, "sigma_FA_mGal": 0.047}}, {"type": "Feature", "geometry": {"type": "Point", "coordinates": [34.8799938, 24.8082658]}, "properties": {"Station_UID": "CG6-0640|2026-01-17|L1|S76", "Instrument": "CG6-0640", "Date": "2026-01-17", "Line": "1", "Station": "76", "H_ortho_m": 167.4228, "dg_rel_base100_mGal": -11.4417, "FA_rel_mGal": 7.9253, "SB_rel_2.67_mGal": 0.3647, "CB_rel_2.67_mGal": 0.545, "TC_2.67_mGal": 1.3037, "sigma_FA_mGal": 0.047}}, {"type": "Feature", "geometry": {"type": "Point", "coordinates": [34.878566, 24.8072219]}, "properties": {"Station_UID": "CG6-0640|2026-01-17|L1|S77", "Instrument": "CG6-0640", "Date": "2026-01-17", "Line": "1", "Station": "77", "H_ortho_m": 169.1529, "dg_rel_base100_mGal": -11.5108, "FA_rel_mGal": 8.4621, "SB_rel_2.67_mGal": 0.7078, "CB_rel_2.67_mGal": 1.2203, "TC_2.67_mGal": 1.636, "sigma_FA_mGal": 0.047}}, {"type": "Feature", "geometry": {"type": "Point", "coordinates": [34.8768441, 24.8068008]}, "properties": {"Station_UID": "CG6-0640|2026-01-17|L1|S78", "Instrument": "CG6-0640", "Date": "2026-01-17", "Line": "1", "Station": "78", "H_ortho_m": 172.0851, "dg_rel_base100_mGal": -11.1801, "FA_rel_mGal": 9.7268, "SB_rel_2.67_mGal": 1.6442, "CB_rel_2.67_mGal": 1.7427, "TC_2.67_mGal": 1.222, "sigma_FA_mGal": 0.047}}, {"type": "Feature", "geometry": {"type": "Point", "coordinates": [34.8752857, 24.8080065]}, "properties": {"Station_UID": "CG6-0640|2026-01-17|L1|S79", "Instrument": "CG6-0640", "Date": "2026-01-17", "Line": "1", "Station": "79", "H_ortho_m": 174.4134, "dg_rel_base100_mGal": -11.2677, "FA_rel_mGal": 10.275, "SB_rel_2.67_mGal": 1.9317, "CB_rel_2.67_mGal": 1.9808, "TC_2.67_mGal": 1.1725, "sigma_FA_mGal": 0.047}}, {"type": "Feature", "geometry": {"type": "Point", "coordinates": [34.873581, 24.8092032]}, "properties": {"Station_UID": "CG6-0640|2026-01-17|L1|S80", "Instrument": "CG6-0640", "Date": "2026-01-17", "Line": "1", "Station": "80", "H_ortho_m": 176.6527, "dg_rel_base100_mGal": -11.5914, "FA_rel_mGal": 10.5602, "SB_rel_2.67_mGal": 1.9663, "CB_rel_2.67_mGal": 2.0618, "TC_2.67_mGal": 1.2189, "sigma_FA_mGal": 0.047}}, {"type": "Feature", "geometry": {"type": "Point", "coordinates": [34.8719397, 24.8098399]}, "properties": {"Station_UID": "CG6-0640|2026-01-17|L1|S81", "Instrument": "CG6-0640", "Date": "2026-01-17", "Line": "1", "Station": "81", "H_ortho_m": 178.785, "dg_rel_base100_mGal": -11.6152, "FA_rel_mGal": 11.1507, "SB_rel_2.67_mGal": 2.3181, "CB_rel_2.67_mGal": 2.3265, "TC_2.67_mGal": 1.1318, "sigma_FA_mGal": 0.0473}}, {"type": "Feature", "geometry": {"type": "Point", "coordinates": [34.8699622, 24.810284]}, "properties": {"Station_UID": "CG6-0640|2026-01-17|L1|S82", "Instrument": "CG6-0640", "Date": "2026-01-17", "Line": "1", "Station": "82", "H_ortho_m": 181.0786, "dg_rel_base100_mGal": -11.7653, "FA_rel_mGal": 11.6781, "SB_rel_2.67_mGal": 2.5887, "CB_rel_2.67_mGal": 2.668, "TC_2.67_mGal": 1.2028, "sigma_FA_mGal": 0.047}}, {"type": "Feature", "geometry": {"type": "Point", "coordinates": [34.868862, 24.8115644]}, "properties": {"Station_UID": "CG6-0640|2026-01-17|L1|S83", "Instrument": "CG6-0640", "Date": "2026-01-17", "Line": "1", "Station": "83", "H_ortho_m": 183.4087, "dg_rel_base100_mGal": -11.8905, "FA_rel_mGal": 12.1841, "SB_rel_2.67_mGal": 2.8338, "CB_rel_2.67_mGal": 2.7743, "TC_2.67_mGal": 1.064, "sigma_FA_mGal": 0.0471}}, {"type": "Feature", "geometry": {"type": "Point", "coordinates": [34.8671136, 24.8120795]}, "properties": {"Station_UID": "CG6-0640|2026-01-17|L1|S84", "Instrument": "CG6-0640", "Date": "2026-01-17", "Line": "1", "Station": "84", "H_ortho_m": 186.0664, "dg_rel_base100_mGal": -12.183, "FA_rel_mGal": 12.6765, "SB_rel_2.67_mGal": 3.0286, "CB_rel_2.67_mGal": 2.8772, "TC_2.67_mGal": 0.972, "sigma_FA_mGal": 0.047}}, {"type": "Feature", "geometry": {"type": "Point", "coordinates": [34.8652048, 24.8113553]}, "properties": {"Station_UID": "CG6-0640|2026-01-17|L1|S85", "Instrument": "CG6-0640", "Date": "2026-01-17", "Line": "1", "Station": "85", "H_ortho_m": 188.3064, "dg_rel_base100_mGal": -12.4616, "FA_rel_mGal": 13.1391, "SB_rel_2.67_mGal": 3.2405, "CB_rel_2.67_mGal": 3.1171, "TC_2.67_mGal": 1.0, "sigma_FA_mGal": 0.047}}, {"type": "Feature", "geometry": {"type": "Point", "coordinates": [34.8630043, 24.8110072]}, "properties": {"Station_UID": "CG6-0640|2026-01-17|L1|S86", "Instrument": "CG6-0640", "Date": "2026-01-17", "Line": "1", "Station": "86", "H_ortho_m": 191.7155, "dg_rel_base100_mGal": -13.0081, "FA_rel_mGal": 13.6688, "SB_rel_2.67_mGal": 3.3885, "CB_rel_2.67_mGal": 3.1919, "TC_2.67_mGal": 0.9268, "sigma_FA_mGal": 0.047}}, {"type": "Feature", "geometry": {"type": "Point", "coordinates": [34.8614058, 24.8106637]}, "properties": {"Station_UID": "CG6-0640|2026-01-17|L1|S87", "Instrument": "CG6-0640", "Date": "2026-01-17", "Line": "1", "Station": "87", "H_ortho_m": 193.0873, "dg_rel_base100_mGal": -13.3495, "FA_rel_mGal": 13.7744, "SB_rel_2.67_mGal": 3.3406, "CB_rel_2.67_mGal": 3.2236, "TC_2.67_mGal": 1.0064, "sigma_FA_mGal": 0.047}}, {"type": "Feature", "geometry": {"type": "Point", "coordinates": [34.859329, 24.8106995]}, "properties": {"Station_UID": "CG6-0640|2026-01-17|L1|S88", "Instrument": "CG6-0640", "Date": "2026-01-17", "Line": "1", "Station": "88", "H_ortho_m": 195.1152, "dg_rel_base100_mGal": -13.6398, "FA_rel_mGal": 14.1076, "SB_rel_2.67_mGal": 3.4468, "CB_rel_2.67_mGal": 3.376, "TC_2.67_mGal": 1.0527, "sigma_FA_mGal": 0.0471}}, {"type": "Feature", "geometry": {"type": "Point", "coordinates": [34.8574174, 24.8105747]}, "properties": {"Station_UID": "CG6-0640|2026-01-17|L1|S89", "Instrument": "CG6-0640", "Date": "2026-01-17", "Line": "1", "Station": "89", "H_ortho_m": 197.5167, "dg_rel_base100_mGal": -13.7457, "FA_rel_mGal": 14.7516, "SB_rel_2.67_mGal": 3.8218, "CB_rel_2.67_mGal": 3.6933, "TC_2.67_mGal": 0.9948, "sigma_FA_mGal": 0.047}}, {"type": "Feature", "geometry": {"type": "Point", "coordinates": [34.8551934, 24.8110642]}, "properties": {"Station_UID": "CG6-0640|2026-01-17|L1|S90", "Instrument": "CG6-0640", "Date": "2026-01-17", "Line": "1", "Station": "90", "H_ortho_m": 199.9242, "dg_rel_base100_mGal": -13.8063, "FA_rel_mGal": 15.4004, "SB_rel_2.67_mGal": 4.2011, "CB_rel_2.67_mGal": 4.1005, "TC_2.67_mGal": 1.0228, "sigma_FA_mGal": 0.047}}, {"type": "Feature", "geometry": {"type": "Point", "coordinates": [34.8528237, 24.8120835]}, "properties": {"Station_UID": "CG6-0640|2026-01-17|L1|S91", "Instrument": "CG6-0640", "Date": "2026-01-17", "Line": "1", "Station": "91", "H_ortho_m": 203.3913, "dg_rel_base100_mGal": -14.162, "FA_rel_mGal": 16.0448, "SB_rel_2.67_mGal": 4.4574, "CB_rel_2.67_mGal": 4.3881, "TC_2.67_mGal": 1.0541, "sigma_FA_mGal": 0.047}}, {"type": "Feature", "geometry": {"type": "Point", "coordinates": [34.851986, 24.8130544]}, "properties": {"Station_UID": "CG6-0640|2026-01-17|L1|S92", "Instrument": "CG6-0640", "Date": "2026-01-17", "Line": "1", "Station": "92", "H_ortho_m": 205.0331, "dg_rel_base100_mGal": -14.3975, "FA_rel_mGal": 16.2493, "SB_rel_2.67_mGal": 4.4781, "CB_rel_2.67_mGal": 4.4944, "TC_2.67_mGal": 1.1398, "sigma_FA_mGal": 0.047}}, {"type": "Feature", "geometry": {"type": "Point", "coordinates": [34.850041, 24.8137596]}, "properties": {"Station_UID": "CG6-0640|2026-01-17|L1|S93", "Instrument": "CG6-0640", "Date": "2026-01-17", "Line": "1", "Station": "93", "H_ortho_m": 208.0259, "dg_rel_base100_mGal": -14.1263, "FA_rel_mGal": 17.3958, "SB_rel_2.67_mGal": 5.2895, "CB_rel_2.67_mGal": 5.1336, "TC_2.67_mGal": 0.9675, "sigma_FA_mGal": 0.0471}}, {"type": "Feature", "geometry": {"type": "Point", "coordinates": [34.8476529, 24.8122967]}, "properties": {"Station_UID": "CG6-0640|2026-01-17|L1|S94", "Instrument": "CG6-0640", "Date": "2026-01-17", "Line": "1", "Station": "94", "H_ortho_m": 210.3856, "dg_rel_base100_mGal": -14.489, "FA_rel_mGal": 17.862, "SB_rel_2.67_mGal": 5.4916, "CB_rel_2.67_mGal": 5.4733, "TC_2.67_mGal": 1.1051, "sigma_FA_mGal": 0.047}}, {"type": "Feature", "geometry": {"type": "Point", "coordinates": [34.8465581, 24.8115862]}, "properties": {"Station_UID": "CG6-0640|2026-01-17|L1|S95", "Instrument": "CG6-0640", "Date": "2026-01-17", "Line": "1", "Station": "95", "H_ortho_m": 212.8214, "dg_rel_base100_mGal": -14.8063, "FA_rel_mGal": 18.3454, "SB_rel_2.67_mGal": 5.7023, "CB_rel_2.67_mGal": 5.8029, "TC_2.67_mGal": 1.224, "sigma_FA_mGal": 0.047}}, {"type": "Feature", "geometry": {"type": "Point", "coordinates": [34.8455729, 24.8100028]}, "properties": {"Station_UID": "CG6-0640|2026-01-17|L1|S96", "Instrument": "CG6-0640", "Date": "2026-01-17", "Line": "1", "Station": "96", "H_ortho_m": 214.5953, "dg_rel_base100_mGal": -15.4135, "FA_rel_mGal": 18.3946, "SB_rel_2.67_mGal": 5.5528, "CB_rel_2.67_mGal": 5.8092, "TC_2.67_mGal": 1.3798, "sigma_FA_mGal": 0.047}}, {"type": "Feature", "geometry": {"type": "Point", "coordinates": [34.8457146, 24.8079774]}, "properties": {"Station_UID": "CG6-0640|2026-01-17|L1|S97", "Instrument": "CG6-0640", "Date": "2026-01-17", "Line": "1", "Station": "97", "H_ortho_m": 217.3389, "dg_rel_base100_mGal": -15.6821, "FA_rel_mGal": 19.1121, "SB_rel_2.67_mGal": 5.9632, "CB_rel_2.67_mGal": 5.7379, "TC_2.67_mGal": 0.8981, "sigma_FA_mGal": 0.047}}, {"type": "Feature", "geometry": {"type": "Point", "coordinates": [34.8454388, 24.8063487]}, "properties": {"Station_UID": "CG6-0640|2026-01-17|L1|S98", "Instrument": "CG6-0640", "Date": "2026-01-17", "Line": "1", "Station": "98", "H_ortho_m": 220.1309, "dg_rel_base100_mGal": -16.3024, "FA_rel_mGal": 19.4656, "SB_rel_2.67_mGal": 6.0041, "CB_rel_2.67_mGal": 5.8002, "TC_2.67_mGal": 0.9195, "sigma_FA_mGal": 0.047}}, {"type": "Feature", "geometry": {"type": "Point", "coordinates": [34.8447117, 24.8047721]}, "properties": {"Station_UID": "CG6-0640|2026-01-17|L1|S99", "Instrument": "CG6-0640", "Date": "2026-01-17", "Line": "1", "Station": "99", "H_ortho_m": 221.888, "dg_rel_base100_mGal": -16.6009, "FA_rel_mGal": 19.8177, "SB_rel_2.67_mGal": 6.1596, "CB_rel_2.67_mGal": 5.815, "TC_2.67_mGal": 0.7789, "sigma_FA_mGal": 0.047}}, {"type": "Feature", "geometry": {"type": "Point", "coordinates": [34.8432326, 24.8036101]}, "properties": {"Station_UID": "CG6-0640|2026-01-17|L1|S100", "Instrument": "CG6-0640", "Date": "2026-01-17", "Line": "1", "Station": "100", "H_ortho_m": 224.8701, "dg_rel_base100_mGal": -17.0947, "FA_rel_mGal": 20.3242, "SB_rel_2.67_mGal": 6.3322, "CB_rel_2.67_mGal": 5.9364, "TC_2.67_mGal": 0.7276, "sigma_FA_mGal": 0.047}}, {"type": "Feature", "geometry": {"type": "Point", "coordinates": [34.8421561, 24.8021393]}, "properties": {"Station_UID": "CG6-0640|2026-01-17|L1|S101", "Instrument": "CG6-0640", "Date": "2026-01-17", "Line": "1", "Station": "101", "H_ortho_m": 226.7627, "dg_rel_base100_mGal": -17.5076, "FA_rel_mGal": 20.5967, "SB_rel_2.67_mGal": 6.3928, "CB_rel_2.67_mGal": 6.0332, "TC_2.67_mGal": 0.7638, "sigma_FA_mGal": 0.0471}}, {"type": "Feature", "geometry": {"type": "Point", "coordinates": [34.8405247, 24.800753]}, "properties": {"Station_UID": "CG6-0640|2026-01-17|L1|S102", "Instrument": "CG6-0640", "Date": "2026-01-17", "Line": "1", "Station": "102", "H_ortho_m": 229.1431, "dg_rel_base100_mGal": -17.9325, "FA_rel_mGal": 21.0018, "SB_rel_2.67_mGal": 6.5314, "CB_rel_2.67_mGal": 6.2566, "TC_2.67_mGal": 0.8486, "sigma_FA_mGal": 0.047}}, {"type": "Feature", "geometry": {"type": "Point", "coordinates": [34.8388888, 24.7995543]}, "properties": {"Station_UID": "CG6-0640|2026-01-17|L1|S103", "Instrument": "CG6-0640", "Date": "2026-01-17", "Line": "1", "Station": "103", "H_ortho_m": 231.7206, "dg_rel_base100_mGal": -18.4942, "FA_rel_mGal": 21.318, "SB_rel_2.67_mGal": 6.5591, "CB_rel_2.67_mGal": 6.2472, "TC_2.67_mGal": 0.8115, "sigma_FA_mGal": 0.047}}, {"type": "Feature", "geometry": {"type": "Point", "coordinates": [34.8373285, 24.7979752]}, "properties": {"Station_UID": "CG6-0640|2026-01-17|L1|S104", "Instrument": "CG6-0640", "Date": "2026-01-17", "Line": "1", "Station": "104", "H_ortho_m": 234.0062, "dg_rel_base100_mGal": -19.0466, "FA_rel_mGal": 21.5796, "SB_rel_2.67_mGal": 6.5647, "CB_rel_2.67_mGal": 6.1811, "TC_2.67_mGal": 0.7397, "sigma_FA_mGal": 0.047}}, {"type": "Feature", "geometry": {"type": "Point", "coordinates": [34.8361976, 24.7968884]}, "properties": {"Station_UID": "CG6-0640|2026-01-17|L1|S105", "Instrument": "CG6-0640", "Date": "2026-01-17", "Line": "1", "Station": "105", "H_ortho_m": 236.03, "dg_rel_base100_mGal": -19.4282, "FA_rel_mGal": 21.8974, "SB_rel_2.67_mGal": 6.6559, "CB_rel_2.67_mGal": 6.3472, "TC_2.67_mGal": 0.8147, "sigma_FA_mGal": 0.047}}, {"type": "Feature", "geometry": {"type": "Point", "coordinates": [34.8327789, 24.795019]}, "properties": {"Station_UID": "CG6-0640|2026-01-17|L1|S107", "Instrument": "CG6-0640", "Date": "2026-01-17", "Line": "1", "Station": "107", "H_ortho_m": 240.557, "dg_rel_base100_mGal": -20.4535, "FA_rel_mGal": 22.3978, "SB_rel_2.67_mGal": 6.6496, "CB_rel_2.67_mGal": 6.2868, "TC_2.67_mGal": 0.7606, "sigma_FA_mGal": 0.047}}, {"type": "Feature", "geometry": {"type": "Point", "coordinates": [34.8308527, 24.7947943]}, "properties": {"Station_UID": "CG6-0640|2026-01-17|L1|S108", "Instrument": "CG6-0640", "Date": "2026-01-17", "Line": "1", "Station": "108", "H_ortho_m": 242.6809, "dg_rel_base100_mGal": -21.1323, "FA_rel_mGal": 22.39, "SB_rel_2.67_mGal": 6.404, "CB_rel_2.67_mGal": 6.0081, "TC_2.67_mGal": 0.7276, "sigma_FA_mGal": 0.047}}, {"type": "Feature", "geometry": {"type": "Point", "coordinates": [34.8286669, 24.7947413]}, "properties": {"Station_UID": "CG6-0640|2026-01-17|L1|S109", "Instrument": "CG6-0640", "Date": "2026-01-17", "Line": "1", "Station": "109", "H_ortho_m": 245.4428, "dg_rel_base100_mGal": -21.7362, "FA_rel_mGal": 22.6423, "SB_rel_2.67_mGal": 6.347, "CB_rel_2.67_mGal": 5.9403, "TC_2.67_mGal": 0.7167, "sigma_FA_mGal": 0.047}}, {"type": "Feature", "geometry": {"type": "Point", "coordinates": [34.8267482, 24.7949244]}, "properties": {"Station_UID": "CG6-0640|2026-01-17|L1|S110", "Instrument": "CG6-0640", "Date": "2026-01-17", "Line": "1", "Station": "110", "H_ortho_m": 247.7118, "dg_rel_base100_mGal": -22.3376, "FA_rel_mGal": 22.7286, "SB_rel_2.67_mGal": 6.1794, "CB_rel_2.67_mGal": 5.7339, "TC_2.67_mGal": 0.6779, "sigma_FA_mGal": 0.047}}, {"type": "Feature", "geometry": {"type": "Point", "coordinates": [34.824506, 24.7943018]}, "properties": {"Station_UID": "CG6-0640|2026-01-18|L1|S111", "Instrument": "CG6-0640", "Date": "2026-01-18", "Line": "1", "Station": "111", "H_ortho_m": 250.2863, "dg_rel_base100_mGal": -22.9188, "FA_rel_mGal": 22.9849, "SB_rel_2.67_mGal": 6.1474, "CB_rel_2.67_mGal": 5.7224, "TC_2.67_mGal": 0.6984, "sigma_FA_mGal": 0.0471}}, {"type": "Feature", "geometry": {"type": "Point", "coordinates": [34.8231494, 24.7936768]}, "properties": {"Station_UID": "CG6-0640|2026-01-18|L1|S112", "Instrument": "CG6-0640", "Date": "2026-01-18", "Line": "1", "Station": "112", "H_ortho_m": 251.9632, "dg_rel_base100_mGal": -23.3597, "FA_rel_mGal": 23.1044, "SB_rel_2.67_mGal": 6.0793, "CB_rel_2.67_mGal": 5.6522, "TC_2.67_mGal": 0.6964, "sigma_FA_mGal": 0.0471}}, {"type": "Feature", "geometry": {"type": "Point", "coordinates": [34.8205437, 24.7936114]}, "properties": {"Station_UID": "CG6-0640|2026-01-18|L1|S113", "Instrument": "CG6-0640", "Date": "2026-01-18", "Line": "1", "Station": "113", "H_ortho_m": 254.4966, "dg_rel_base100_mGal": -23.8423, "FA_rel_mGal": 23.4083, "SB_rel_2.67_mGal": 6.0995, "CB_rel_2.67_mGal": 5.6956, "TC_2.67_mGal": 0.7195, "sigma_FA_mGal": 0.047}}, {"type": "Feature", "geometry": {"type": "Point", "coordinates": [34.8186673, 24.7935389]}, "properties": {"Station_UID": "CG6-0640|2026-01-18|L1|S114", "Instrument": "CG6-0640", "Date": "2026-01-18", "Line": "1", "Station": "114", "H_ortho_m": 256.3667, "dg_rel_base100_mGal": -24.4021, "FA_rel_mGal": 23.4307, "SB_rel_2.67_mGal": 5.9125, "CB_rel_2.67_mGal": 5.6026, "TC_2.67_mGal": 0.8135, "sigma_FA_mGal": 0.047}}, {"type": "Feature", "geometry": {"type": "Point", "coordinates": [34.8165951, 24.7936486]}, "properties": {"Station_UID": "CG6-0640|2026-01-18|L1|S115", "Instrument": "CG6-0640", "Date": "2026-01-18", "Line": "1", "Station": "115", "H_ortho_m": 258.6911, "dg_rel_base100_mGal": -25.0345, "FA_rel_mGal": 23.5082, "SB_rel_2.67_mGal": 5.7298, "CB_rel_2.67_mGal": 5.6774, "TC_2.67_mGal": 1.0709, "sigma_FA_mGal": 0.0471}}, {"type": "Feature", "geometry": {"type": "Point", "coordinates": [34.8145413, 24.7938298]}, "properties": {"Station_UID": "CG6-0640|2026-01-18|L1|S116", "Instrument": "CG6-0640", "Date": "2026-01-18", "Line": "1", "Station": "116", "H_ortho_m": 260.7076, "dg_rel_base100_mGal": -25.9974, "FA_rel_mGal": 23.1553, "SB_rel_2.67_mGal": 5.1512, "CB_rel_2.67_mGal": 5.4798, "TC_2.67_mGal": 1.4521, "sigma_FA_mGal": 0.047}}, {"type": "Feature", "geometry": {"type": "Point", "coordinates": [34.8124453, 24.7945219]}, "properties": {"Station_UID": "CG6-0640|2026-01-18|L1|S117", "Instrument": "CG6-0640", "Date": "2026-01-18", "Line": "1", "Station": "117", "H_ortho_m": 262.938, "dg_rel_base100_mGal": -26.5439, "FA_rel_mGal": 23.2496, "SB_rel_2.67_mGal": 4.9958, "CB_rel_2.67_mGal": 5.3412, "TC_2.67_mGal": 1.4688, "sigma_FA_mGal": 0.047}}, {"type": "Feature", "geometry": {"type": "Point", "coordinates": [34.8108113, 24.7948393]}, "properties": {"Station_UID": "CG6-0640|2026-01-18|L1|S118", "Instrument": "CG6-0640", "Date": "2026-01-18", "Line": "1", "Station": "118", "H_ortho_m": 264.914, "dg_rel_base100_mGal": -26.9952, "FA_rel_mGal": 23.3865, "SB_rel_2.67_mGal": 4.9114, "CB_rel_2.67_mGal": 5.0739, "TC_2.67_mGal": 1.2859, "sigma_FA_mGal": 0.047}}, {"type": "Feature", "geometry": {"type": "Point", "coordinates": [34.8089838, 24.7954534]}, "properties": {"Station_UID": "CG6-0640|2026-01-18|L1|S119", "Instrument": "CG6-0640", "Date": "2026-01-18", "Line": "1", "Station": "119", "H_ortho_m": 267.0224, "dg_rel_base100_mGal": -27.4231, "FA_rel_mGal": 23.5671, "SB_rel_2.67_mGal": 4.856, "CB_rel_2.67_mGal": 4.7532, "TC_2.67_mGal": 1.0206, "sigma_FA_mGal": 0.047}}, {"type": "Feature", "geometry": {"type": "Point", "coordinates": [34.8051554, 24.7959508]}, "properties": {"Station_UID": "CG6-0640|2026-01-18|L1|S120", "Instrument": "CG6-0640", "Date": "2026-01-18", "Line": "1", "Station": "120", "H_ortho_m": 271.4004, "dg_rel_base100_mGal": -28.5834, "FA_rel_mGal": 23.7239, "SB_rel_2.67_mGal": 4.5226, "CB_rel_2.67_mGal": 4.3475, "TC_2.67_mGal": 0.9483, "sigma_FA_mGal": 0.047}}, {"type": "Feature", "geometry": {"type": "Point", "coordinates": [34.8031184, 24.7964911]}, "properties": {"Station_UID": "CG6-0640|2026-01-18|L1|S121", "Instrument": "CG6-0640", "Date": "2026-01-18", "Line": "1", "Station": "121", "H_ortho_m": 273.4349, "dg_rel_base100_mGal": -29.141, "FA_rel_mGal": 23.7571, "SB_rel_2.67_mGal": 4.3281, "CB_rel_2.67_mGal": 4.2125, "TC_2.67_mGal": 1.0078, "sigma_FA_mGal": 0.047}}, {"type": "Feature", "geometry": {"type": "Point", "coordinates": [34.8012334, 24.7970961]}, "properties": {"Station_UID": "CG6-0640|2026-01-18|L1|S122", "Instrument": "CG6-0640", "Date": "2026-01-18", "Line": "1", "Station": "122", "H_ortho_m": 275.6, "dg_rel_base100_mGal": -29.7711, "FA_rel_mGal": 23.7537, "SB_rel_2.67_mGal": 4.0823, "CB_rel_2.67_mGal": 4.0463, "TC_2.67_mGal": 1.0875, "sigma_FA_mGal": 0.047}}, {"type": "Feature", "geometry": {"type": "Point", "coordinates": [34.7992602, 24.7968703]}, "properties": {"Station_UID": "CG6-0640|2026-01-18|L1|S123", "Instrument": "CG6-0640", "Date": "2026-01-18", "Line": "1", "Station": "123", "H_ortho_m": 277.8987, "dg_rel_base100_mGal": -29.8905, "FA_rel_mGal": 24.3593, "SB_rel_2.67_mGal": 4.4306, "CB_rel_2.67_mGal": 4.2123, "TC_2.67_mGal": 0.9052, "sigma_FA_mGal": 0.0473}}, {"type": "Feature", "geometry": {"type": "Point", "coordinates": [34.7972964, 24.797289]}, "properties": {"Station_UID": "CG6-0640|2026-01-18|L1|S124", "Instrument": "CG6-0640", "Date": "2026-01-18", "Line": "1", "Station": "124", "H_ortho_m": 279.7474, "dg_rel_base100_mGal": -30.3386, "FA_rel_mGal": 24.453, "SB_rel_2.67_mGal": 4.3173, "CB_rel_2.67_mGal": 4.0547, "TC_2.67_mGal": 0.8608, "sigma_FA_mGal": 0.047}}, {"type": "Feature", "geometry": {"type": "Point", "coordinates": [34.7952346, 24.7980035]}, "properties": {"Station_UID": "CG6-0640|2026-01-18|L1|S125", "Instrument": "CG6-0640", "Date": "2026-01-18", "Line": "1", "Station": "125", "H_ortho_m": 283.1598, "dg_rel_base100_mGal": -31.1282, "FA_rel_mGal": 24.6676, "SB_rel_2.67_mGal": 4.1499, "CB_rel_2.67_mGal": 3.8007, "TC_2.67_mGal": 0.7743, "sigma_FA_mGal": 0.047}}, {"type": "Feature", "geometry": {"type": "Point", "coordinates": [34.7939528, 24.7989757]}, "properties": {"Station_UID": "CG6-0640|2026-01-18|L1|S126", "Instrument": "CG6-0640", "Date": "2026-01-18", "Line": "1", "Station": "126", "H_ortho_m": 285.0421, "dg_rel_base100_mGal": -31.4856, "FA_rel_mGal": 24.8243, "SB_rel_2.67_mGal": 4.0959, "CB_rel_2.67_mGal": 3.734, "TC_2.67_mGal": 0.7616, "sigma_FA_mGal": 0.047}}, {"type": "Feature", "geometry": {"type": "Point", "coordinates": [34.7922645, 24.8000351]}, "properties": {"Station_UID": "CG6-0640|2026-01-18|L1|S127", "Instrument": "CG6-0640", "Date": "2026-01-18", "Line": "1", "Station": "127", "H_ortho_m": 287.2718, "dg_rel_base100_mGal": -31.8929, "FA_rel_mGal": 25.0324, "SB_rel_2.67_mGal": 4.0543, "CB_rel_2.67_mGal": 3.6719, "TC_2.67_mGal": 0.741, "sigma_FA_mGal": 0.047}}, {"type": "Feature", "geometry": {"type": "Point", "coordinates": [34.7913229, 24.8016337]}, "properties": {"Station_UID": "CG6-0640|2026-01-18|L1|S128", "Instrument": "CG6-0640", "Date": "2026-01-18", "Line": "1", "Station": "128", "H_ortho_m": 289.3795, "dg_rel_base100_mGal": -32.5305, "FA_rel_mGal": 24.9354, "SB_rel_2.67_mGal": 3.7214, "CB_rel_2.67_mGal": 3.353, "TC_2.67_mGal": 0.755, "sigma_FA_mGal": 0.047}}, {"type": "Feature", "geometry": {"type": "Point", "coordinates": [34.7910341, 24.8036063]}, "properties": {"Station_UID": "CG6-0640|2026-01-18|L1|S129", "Instrument": "CG6-0640", "Date": "2026-01-18", "Line": "1", "Station": "129", "H_ortho_m": 292.0636, "dg_rel_base100_mGal": -33.0996, "FA_rel_mGal": 25.0592, "SB_rel_2.67_mGal": 3.5447, "CB_rel_2.67_mGal": 3.221, "TC_2.67_mGal": 0.7998, "sigma_FA_mGal": 0.047}}, {"type": "Feature", "geometry": {"type": "Point", "coordinates": [34.7908239, 24.8051089]}, "properties": {"Station_UID": "CG6-0640|2026-01-18|L1|S130", "Instrument": "CG6-0640", "Date": "2026-01-18", "Line": "1", "Station": "130", "H_ortho_m": 293.9049, "dg_rel_base100_mGal": -33.2783, "FA_rel_mGal": 25.3456, "SB_rel_2.67_mGal": 3.6249, "CB_rel_2.67_mGal": 3.336, "TC_2.67_mGal": 0.8345, "sigma_FA_mGal": 0.047}}, {"type": "Feature", "geometry": {"type": "Point", "coordinates": [34.7893737, 24.8064945]}, "properties": {"Station_UID": "CG6-0640|2026-01-18|L1|S131", "Instrument": "CG6-0640", "Date": "2026-01-18", "Line": "1", "Station": "131", "H_ortho_m": 296.138, "dg_rel_base100_mGal": -33.8184, "FA_rel_mGal": 25.3995, "SB_rel_2.67_mGal": 3.4288, "CB_rel_2.67_mGal": 3.1174, "TC_2.67_mGal": 0.812, "sigma_FA_mGal": 0.047}}, {"type": "Feature", "geometry": {"type": "Point", "coordinates": [34.7888676, 24.8082915]}, "properties": {"Station_UID": "CG6-0640|2026-01-18|L1|S132", "Instrument": "CG6-0640", "Date": "2026-01-18", "Line": "1", "Station": "132", "H_ortho_m": 298.5453, "dg_rel_base100_mGal": -34.2234, "FA_rel_mGal": 25.6139, "SB_rel_2.67_mGal": 3.3737, "CB_rel_2.67_mGal": 3.1517, "TC_2.67_mGal": 0.9014, "sigma_FA_mGal": 0.047}}, {"type": "Feature", "geometry": {"type": "Point", "coordinates": [34.7877056, 24.8097352]}, "properties": {"Station_UID": "CG6-0640|2026-01-18|L1|S133", "Instrument": "CG6-0640", "Date": "2026-01-18", "Line": "1", "Station": "133", "H_ortho_m": 300.4623, "dg_rel_base100_mGal": -34.4317, "FA_rel_mGal": 25.8981, "SB_rel_2.67_mGal": 3.4433, "CB_rel_2.67_mGal": 3.25, "TC_2.67_mGal": 0.9302, "sigma_FA_mGal": 0.047}}, {"type": "Feature", "geometry": {"type": "Point", "coordinates": [34.7862774, 24.8111481]}, "properties": {"Station_UID": "CG6-0640|2026-01-18|L1|S134", "Instrument": "CG6-0640", "Date": "2026-01-18", "Line": "1", "Station": "134", "H_ortho_m": 303.9704, "dg_rel_base100_mGal": -35.0802, "FA_rel_mGal": 26.2351, "SB_rel_2.67_mGal": 3.3876, "CB_rel_2.67_mGal": 3.2749, "TC_2.67_mGal": 1.0107, "sigma_FA_mGal": 0.047}}, {"type": "Feature", "geometry": {"type": "Point", "coordinates": [34.7844555, 24.8117911]}, "properties": {"Station_UID": "CG6-0640|2026-01-18|L1|S135", "Instrument": "CG6-0640", "Date": "2026-01-18", "Line": "1", "Station": "135", "H_ortho_m": 306.2322, "dg_rel_base100_mGal": -35.7331, "FA_rel_mGal": 26.2361, "SB_rel_2.67_mGal": 3.1354, "CB_rel_2.67_mGal": 2.9857, "TC_2.67_mGal": 0.9737, "sigma_FA_mGal": 0.047}}, {"type": "Feature", "geometry": {"type": "Point", "coordinates": [34.7825478, 24.8127497]}, "properties": {"Station_UID": "CG6-0640|2026-01-18|L1|S136", "Instrument": "CG6-0640", "Date": "2026-01-18", "Line": "1", "Station": "136", "H_ortho_m": 309.8496, "dg_rel_base100_mGal": -36.4654, "FA_rel_mGal": 26.5545, "SB_rel_2.67_mGal": 3.0487, "CB_rel_2.67_mGal": 2.7723, "TC_2.67_mGal": 0.8471, "sigma_FA_mGal": 0.047}}, {"type": "Feature", "geometry": {"type": "Point", "coordinates": [34.7811703, 24.8137018]}, "properties": {"Station_UID": "CG6-0640|2026-01-18|L1|S137", "Instrument": "CG6-0640", "Date": "2026-01-18", "Line": "1", "Station": "137", "H_ortho_m": 311.0858, "dg_rel_base100_mGal": -36.7139, "FA_rel_mGal": 26.622, "SB_rel_2.67_mGal": 2.9778, "CB_rel_2.67_mGal": 2.6717, "TC_2.67_mGal": 0.8173, "sigma_FA_mGal": 0.047}}, {"type": "Feature", "geometry": {"type": "Point", "coordinates": [34.7795841, 24.8147436]}, "properties": {"Station_UID": "CG6-0640|2026-01-18|L1|S138", "Instrument": "CG6-0640", "Date": "2026-01-18", "Line": "1", "Station": "138", "H_ortho_m": 313.2433, "dg_rel_base100_mGal": -37.2495, "FA_rel_mGal": 26.6807, "SB_rel_2.67_mGal": 2.795, "CB_rel_2.67_mGal": 2.4539, "TC_2.67_mGal": 0.7823, "sigma_FA_mGal": 0.047}}, {"type": "Feature", "geometry": {"type": "Point", "coordinates": [34.7782331, 24.8158257]}, "properties": {"Station_UID": "CG6-0640|2026-01-18|L1|S139", "Instrument": "CG6-0640", "Date": "2026-01-18", "Line": "1", "Station": "139", "H_ortho_m": 315.4836, "dg_rel_base100_mGal": -37.6302, "FA_rel_mGal": 26.9171, "SB_rel_2.67_mGal": 2.7806, "CB_rel_2.67_mGal": 2.412, "TC_2.67_mGal": 0.7548, "sigma_FA_mGal": 0.047}}, {"type": "Feature", "geometry": {"type": "Point", "coordinates": [34.7769608, 24.8176261]}, "properties": {"Station_UID": "CG6-0640|2026-01-18|L1|S140", "Instrument": "CG6-0640", "Date": "2026-01-18", "Line": "1", "Station": "140", "H_ortho_m": 318.2151, "dg_rel_base100_mGal": -38.0694, "FA_rel_mGal": 27.1971, "SB_rel_2.67_mGal": 2.7548, "CB_rel_2.67_mGal": 2.3784, "TC_2.67_mGal": 0.747, "sigma_FA_mGal": 0.047}}, {"type": "Feature", "geometry": {"type": "Point", "coordinates": [34.7755361, 24.8189012]}, "properties": {"Station_UID": "CG6-0640|2026-01-18|L1|S141", "Instrument": "CG6-0640", "Date": "2026-01-18", "Line": "1", "Station": "141", "H_ortho_m": 319.783, "dg_rel_base100_mGal": -38.2189, "FA_rel_mGal": 27.4439, "SB_rel_2.67_mGal": 2.826, "CB_rel_2.67_mGal": 2.446, "TC_2.67_mGal": 0.7434, "sigma_FA_mGal": 0.047}}, {"type": "Feature", "geometry": {"type": "Point", "coordinates": [34.773343, 24.8208044]}, "properties": {"Station_UID": "CG6-0640|2026-01-18|L1|S142", "Instrument": "CG6-0640", "Date": "2026-01-18", "Line": "1", "Station": "142", "H_ortho_m": 323.2092, "dg_rel_base100_mGal": -38.9793, "FA_rel_mGal": 27.6101, "SB_rel_2.67_mGal": 2.6087, "CB_rel_2.67_mGal": 2.2256, "TC_2.67_mGal": 0.7403, "sigma_FA_mGal": 0.047}}, {"type": "Feature", "geometry": {"type": "Point", "coordinates": [34.7723706, 24.8222066]}, "properties": {"Station_UID": "CG6-0640|2026-01-18|L1|S143", "Instrument": "CG6-0640", "Date": "2026-01-18", "Line": "1", "Station": "143", "H_ortho_m": 325.3337, "dg_rel_base100_mGal": -39.3981, "FA_rel_mGal": 27.7505, "SB_rel_2.67_mGal": 2.5112, "CB_rel_2.67_mGal": 2.1219, "TC_2.67_mGal": 0.7341, "sigma_FA_mGal": 0.047}}, {"type": "Feature", "geometry": {"type": "Point", "coordinates": [34.770389, 24.8231575]}, "properties": {"Station_UID": "CG6-0640|2026-01-18|L1|S144", "Instrument": "CG6-0640", "Date": "2026-01-18", "Line": "1", "Station": "144", "H_ortho_m": 327.8306, "dg_rel_base100_mGal": -39.9175, "FA_rel_mGal": 27.9363, "SB_rel_2.67_mGal": 2.4175, "CB_rel_2.67_mGal": 2.0114, "TC_2.67_mGal": 0.7173, "sigma_FA_mGal": 0.0474}}, {"type": "Feature", "geometry": {"type": "Point", "coordinates": [34.7686199, 24.8243378]}, "properties": {"Station_UID": "CG6-0640|2026-01-18|L1|S145", "Instrument": "CG6-0640", "Date": "2026-01-18", "Line": "1", "Station": "145", "H_ortho_m": 329.8793, "dg_rel_base100_mGal": -40.2649, "FA_rel_mGal": 28.14, "SB_rel_2.67_mGal": 2.3919, "CB_rel_2.67_mGal": 1.9796, "TC_2.67_mGal": 0.7111, "sigma_FA_mGal": 0.047}}, {"type": "Feature", "geometry": {"type": "Point", "coordinates": [34.7676432, 24.8257058]}, "properties": {"Station_UID": "CG6-0640|2026-01-18|L1|S146", "Instrument": "CG6-0640", "Date": "2026-01-18", "Line": "1", "Station": "146", "H_ortho_m": 331.5197, "dg_rel_base100_mGal": -40.3785, "FA_rel_mGal": 28.4386, "SB_rel_2.67_mGal": 2.5069, "CB_rel_2.67_mGal": 2.1062, "TC_2.67_mGal": 0.7227, "sigma_FA_mGal": 0.047}}, {"type": "Feature", "geometry": {"type": "Point", "coordinates": [34.7653511, 24.8267854]}, "properties": {"Station_UID": "CG6-0640|2026-01-18|L1|S147", "Instrument": "CG6-0640", "Date": "2026-01-18", "Line": "1", "Station": "147", "H_ortho_m": 334.4545, "dg_rel_base100_mGal": -40.7535, "FA_rel_mGal": 28.8952, "SB_rel_2.67_mGal": 2.6349, "CB_rel_2.67_mGal": 2.2326, "TC_2.67_mGal": 0.7212, "sigma_FA_mGal": 0.047}}, {"type": "Feature", "geometry": {"type": "Point", "coordinates": [34.7620802, 24.8276515]}, "properties": {"Station_UID": "CG6-0640|2026-01-18|L1|S148", "Instrument": "CG6-0640", "Date": "2026-01-18", "Line": "1", "Station": "148", "H_ortho_m": 338.6698, "dg_rel_base100_mGal": -41.2145, "FA_rel_mGal": 29.6757, "SB_rel_2.67_mGal": 2.9434, "CB_rel_2.67_mGal": 2.5256, "TC_2.67_mGal": 0.7056, "sigma_FA_mGal": 0.047}}, {"type": "Feature", "geometry": {"type": "Point", "coordinates": [34.8229998, 24.7934586]}, "properties": {"Station_UID": "CG6-0640|2026-01-18|L1|S149", "Instrument": "CG6-0640", "Date": "2026-01-18", "Line": "1", "Station": "149", "H_ortho_m": 252.1206, "dg_rel_base100_mGal": -23.4328, "FA_rel_mGal": 23.095, "SB_rel_2.67_mGal": 6.0522, "CB_rel_2.67_mGal": 5.6326, "TC_2.67_mGal": 0.7038, "sigma_FA_mGal": 0.047}}, {"type": "Feature", "geometry": {"type": "Point", "coordinates": [34.8207872, 24.7919146]}, "properties": {"Station_UID": "CG6-0640|2026-01-18|L1|S150", "Instrument": "CG6-0640", "Date": "2026-01-18", "Line": "1", "Station": "150", "H_ortho_m": 255.026, "dg_rel_base100_mGal": -24.2438, "FA_rel_mGal": 23.2868, "SB_rel_2.67_mGal": 5.9187, "CB_rel_2.67_mGal": 5.5799, "TC_2.67_mGal": 0.7846, "sigma_FA_mGal": 0.047}}, {"type": "Feature", "geometry": {"type": "Point", "coordinates": [34.8190648, 24.7908553]}, "properties": {"Station_UID": "CG6-0640|2026-01-18|L1|S151", "Instrument": "CG6-0640", "Date": "2026-01-18", "Line": "1", "Station": "151", "H_ortho_m": 257.6946, "dg_rel_base100_mGal": -24.9203, "FA_rel_mGal": 23.5067, "SB_rel_2.67_mGal": 5.8399, "CB_rel_2.67_mGal": 5.7049, "TC_2.67_mGal": 0.9884, "sigma_FA_mGal": 0.047}}, {"type": "Feature", "geometry": {"type": "Point", "coordinates": [34.8177632, 24.7889498]}, "properties": {"Station_UID": "CG6-0640|2026-01-18|L1|S152", "Instrument": "CG6-0640", "Date": "2026-01-18", "Line": "1", "Station": "152", "H_ortho_m": 260.7037, "dg_rel_base100_mGal": -26.1011, "FA_rel_mGal": 23.3856, "SB_rel_2.67_mGal": 5.3819, "CB_rel_2.67_mGal": 5.1812, "TC_2.67_mGal": 0.9227, "sigma_FA_mGal": 0.047}}, {"type": "Feature", "geometry": {"type": "Point", "coordinates": [34.8171017, 24.7875897]}, "properties": {"Station_UID": "CG6-0640|2026-01-18|L1|S153", "Instrument": "CG6-0640", "Date": "2026-01-18", "Line": "1", "Station": "153", "H_ortho_m": 262.6112, "dg_rel_base100_mGal": -26.6764, "FA_rel_mGal": 23.4926, "SB_rel_2.67_mGal": 5.2753, "CB_rel_2.67_mGal": 5.1197, "TC_2.67_mGal": 0.9678, "sigma_FA_mGal": 0.047}}, {"type": "Feature", "geometry": {"type": "Point", "coordinates": [34.8158088, 24.7862925]}, "properties": {"Station_UID": "CG6-0640|2026-01-18|L1|S154", "Instrument": "CG6-0640", "Date": "2026-01-18", "Line": "1", "Station": "154", "H_ortho_m": 265.7704, "dg_rel_base100_mGal": -27.2816, "FA_rel_mGal": 23.9516, "SB_rel_2.67_mGal": 5.3807, "CB_rel_2.67_mGal": 5.2145, "TC_2.67_mGal": 0.9572, "sigma_FA_mGal": 0.047}}, {"type": "Feature", "geometry": {"type": "Point", "coordinates": [34.8139581, 24.786793]}, "properties": {"Station_UID": "CG6-0640|2026-01-18|L1|S155", "Instrument": "CG6-0640", "Date": "2026-01-18", "Line": "1", "Station": "155", "H_ortho_m": 268.2097, "dg_rel_base100_mGal": -27.8344, "FA_rel_mGal": 24.1174, "SB_rel_2.67_mGal": 5.2733, "CB_rel_2.67_mGal": 5.2514, "TC_2.67_mGal": 1.1015, "sigma_FA_mGal": 0.0471}}, {"type": "Feature", "geometry": {"type": "Point", "coordinates": [34.8122227, 24.7875738]}, "properties": {"Station_UID": "CG6-0640|2026-01-18|L1|S156", "Instrument": "CG6-0640", "Date": "2026-01-18", "Line": "1", "Station": "156", "H_ortho_m": 270.6455, "dg_rel_base100_mGal": -28.4139, "FA_rel_mGal": 24.236, "SB_rel_2.67_mGal": 5.1193, "CB_rel_2.67_mGal": 5.1166, "TC_2.67_mGal": 1.1208, "sigma_FA_mGal": 0.047}}, {"type": "Feature", "geometry": {"type": "Point", "coordinates": [34.8100331, 24.7878396]}, "properties": {"Station_UID": "CG6-0640|2026-01-18|L1|S157", "Instrument": "CG6-0640", "Date": "2026-01-18", "Line": "1", "Station": "157", "H_ortho_m": 274.0065, "dg_rel_base100_mGal": -29.4315, "FA_rel_mGal": 24.2375, "SB_rel_2.67_mGal": 4.7445, "CB_rel_2.67_mGal": 4.8467, "TC_2.67_mGal": 1.2256, "sigma_FA_mGal": 0.047}}, {"type": "Feature", "geometry": {"type": "Point", "coordinates": [34.8092328, 24.7861855]}, "properties": {"Station_UID": "CG6-0640|2026-01-18|L1|S158", "Instrument": "CG6-0640", "Date": "2026-01-18", "Line": "1", "Station": "158", "H_ortho_m": 276.4216, "dg_rel_base100_mGal": -29.8034, "FA_rel_mGal": 24.7246, "SB_rel_2.67_mGal": 4.9613, "CB_rel_2.67_mGal": 4.7207, "TC_2.67_mGal": 0.8829, "sigma_FA_mGal": 0.047}}, {"type": "Feature", "geometry": {"type": "Point", "coordinates": [34.8096568, 24.7842913]}, "properties": {"Station_UID": "CG6-0640|2026-01-18|L1|S159", "Instrument": "CG6-0640", "Date": "2026-01-18", "Line": "1", "Station": "159", "H_ortho_m": 279.5891, "dg_rel_base100_mGal": -30.5215, "FA_rel_mGal": 25.1144, "SB_rel_2.67_mGal": 4.9964, "CB_rel_2.67_mGal": 4.7247, "TC_2.67_mGal": 0.8517, "sigma_FA_mGal": 0.047}}, {"type": "Feature", "geometry": {"type": "Point", "coordinates": [34.8101554, 24.7826715]}, "properties": {"Station_UID": "CG6-0640|2026-01-18|L1|S160", "Instrument": "CG6-0640", "Date": "2026-01-18", "Line": "1", "Station": "160", "H_ortho_m": 281.6568, "dg_rel_base100_mGal": -31.0293, "FA_rel_mGal": 25.3561, "SB_rel_2.67_mGal": 5.0066, "CB_rel_2.67_mGal": 4.7644, "TC_2.67_mGal": 0.8812, "sigma_FA_mGal": 0.047}}, {"type": "Feature", "geometry": {"type": "Point", "coordinates": [34.8101369, 24.7807657]}, "properties": {"Station_UID": "CG6-0640|2026-01-18|L1|S161", "Instrument": "CG6-0640", "Date": "2026-01-18", "Line": "1", "Station": "161", "H_ortho_m": 284.8827, "dg_rel_base100_mGal": -32.0809, "FA_rel_mGal": 25.431, "SB_rel_2.67_mGal": 4.7204, "CB_rel_2.67_mGal": 4.4671, "TC_2.67_mGal": 0.8701, "sigma_FA_mGal": 0.047}}, {"type": "Feature", "geometry": {"type": "Point", "coordinates": [34.8092998, 24.778979]}, "properties": {"Station_UID": "CG6-0640|2026-01-18|L1|S162", "Instrument": "CG6-0640", "Date": "2026-01-18", "Line": "1", "Station": "162", "H_ortho_m": 287.1757, "dg_rel_base100_mGal": -32.3405, "FA_rel_mGal": 26.002, "SB_rel_2.67_mGal": 5.0346, "CB_rel_2.67_mGal": 4.831, "TC_2.67_mGal": 0.9198, "sigma_FA_mGal": 0.0471}}, {"type": "Feature", "geometry": {"type": "Point", "coordinates": [34.8080055, 24.7775539]}, "properties": {"Station_UID": "CG6-0640|2026-01-18|L1|S163", "Instrument": "CG6-0640", "Date": "2026-01-18", "Line": "1", "Station": "163", "H_ortho_m": 289.6541, "dg_rel_base100_mGal": -33.1314, "FA_rel_mGal": 26.0739, "SB_rel_2.67_mGal": 4.8291, "CB_rel_2.67_mGal": 4.6574, "TC_2.67_mGal": 0.9517, "sigma_FA_mGal": 0.047}}, {"type": "Feature", "geometry": {"type": "Point", "coordinates": [34.8065878, 24.7765715]}, "properties": {"Station_UID": "CG6-0640|2026-01-18|L1|S164", "Instrument": "CG6-0640", "Date": "2026-01-18", "Line": "1", "Station": "164", "H_ortho_m": 291.9851, "dg_rel_base100_mGal": -33.9707, "FA_rel_mGal": 26.0215, "SB_rel_2.67_mGal": 4.5157, "CB_rel_2.67_mGal": 4.2868, "TC_2.67_mGal": 0.8944, "sigma_FA_mGal": 0.047}}, {"type": "Feature", "geometry": {"type": "Point", "coordinates": [34.8051067, 24.774995]}, "properties": {"Station_UID": "CG6-0640|2026-01-18|L1|S165", "Instrument": "CG6-0640", "Date": "2026-01-18", "Line": "1", "Station": "165", "H_ortho_m": 294.1648, "dg_rel_base100_mGal": -34.9106, "FA_rel_mGal": 25.8627, "SB_rel_2.67_mGal": 4.1129, "CB_rel_2.67_mGal": 3.8914, "TC_2.67_mGal": 0.9019, "sigma_FA_mGal": 0.047}}, {"type": "Feature", "geometry": {"type": "Point", "coordinates": [34.8041381, 24.7736583]}, "properties": {"Station_UID": "CG6-0640|2026-01-18|L1|S166", "Instrument": "CG6-0640", "Date": "2026-01-18", "Line": "1", "Station": "166", "H_ortho_m": 296.3874, "dg_rel_base100_mGal": -35.7154, "FA_rel_mGal": 25.8357, "SB_rel_2.67_mGal": 3.8371, "CB_rel_2.67_mGal": 3.5982, "TC_2.67_mGal": 0.8845, "sigma_FA_mGal": 0.0471}}, {"type": "Feature", "geometry": {"type": "Point", "coordinates": [34.8030735, 24.7723205]}, "properties": {"Station_UID": "CG6-0640|2026-01-18|L1|S167", "Instrument": "CG6-0640", "Date": "2026-01-18", "Line": "1", "Station": "167", "H_ortho_m": 298.9407, "dg_rel_base100_mGal": -36.4693, "FA_rel_mGal": 25.9617, "SB_rel_2.67_mGal": 3.6772, "CB_rel_2.67_mGal": 3.3693, "TC_2.67_mGal": 0.8155, "sigma_FA_mGal": 0.047}}, {"type": "Feature", "geometry": {"type": "Point", "coordinates": [34.8018543, 24.7708306]}, "properties": {"Station_UID": "CG6-0640|2026-01-18|L1|S168", "Instrument": "CG6-0640", "Date": "2026-01-18", "Line": "1", "Station": "168", "H_ortho_m": 301.6335, "dg_rel_base100_mGal": -37.5987, "FA_rel_mGal": 25.7658, "SB_rel_2.67_mGal": 3.1798, "CB_rel_2.67_mGal": 2.8306, "TC_2.67_mGal": 0.7742, "sigma_FA_mGal": 0.047}}, {"type": "Feature", "geometry": {"type": "Point", "coordinates": [34.8016027, 24.7687154]}, "properties": {"Station_UID": "CG6-0640|2026-01-18|L1|S169", "Instrument": "CG6-0640", "Date": "2026-01-18", "Line": "1", "Station": "169", "H_ortho_m": 304.5057, "dg_rel_base100_mGal": -38.6177, "FA_rel_mGal": 25.7785, "SB_rel_2.67_mGal": 2.871, "CB_rel_2.67_mGal": 2.5036, "TC_2.67_mGal": 0.756, "sigma_FA_mGal": 0.047}}, {"type": "Feature", "geometry": {"type": "Point", "coordinates": [34.8014417, 24.7672228]}, "properties": {"Station_UID": "CG6-0640|2026-01-18|L1|S170", "Instrument": "CG6-0640", "Date": "2026-01-18", "Line": "1", "Station": "170", "H_ortho_m": 306.8912, "dg_rel_base100_mGal": -39.1882, "FA_rel_mGal": 26.0468, "SB_rel_2.67_mGal": 2.8722, "CB_rel_2.67_mGal": 2.4911, "TC_2.67_mGal": 0.7423, "sigma_FA_mGal": 0.047}}, {"type": "Feature", "geometry": {"type": "Point", "coordinates": [34.8008347, 24.7652737]}, "properties": {"Station_UID": "CG6-0640|2026-01-18|L1|S171", "Instrument": "CG6-0640", "Date": "2026-01-18", "Line": "1", "Station": "171", "H_ortho_m": 309.5282, "dg_rel_base100_mGal": -39.999, "FA_rel_mGal": 26.1838, "SB_rel_2.67_mGal": 2.714, "CB_rel_2.67_mGal": 2.318, "TC_2.67_mGal": 0.7274, "sigma_FA_mGal": 0.047}}, {"type": "Feature", "geometry": {"type": "Point", "coordinates": [34.799918, 24.7641418]}, "properties": {"Station_UID": "CG6-0640|2026-01-18|L1|S172", "Instrument": "CG6-0640", "Date": "2026-01-18", "Line": "1", "Station": "172", "H_ortho_m": 311.7743, "dg_rel_base100_mGal": -40.7616, "FA_rel_mGal": 26.1921, "SB_rel_2.67_mGal": 2.4708, "CB_rel_2.67_mGal": 2.069, "TC_2.67_mGal": 0.7216, "sigma_FA_mGal": 0.047}}, {"type": "Feature", "geometry": {"type": "Point", "coordinates": [34.7985984, 24.7624448]}, "properties": {"Station_UID": "CG6-0640|2026-01-18|L1|S173", "Instrument": "CG6-0640", "Date": "2026-01-18", "Line": "1", "Station": "173", "H_ortho_m": 314.4867, "dg_rel_base100_mGal": -41.7464, "FA_rel_mGal": 26.161, "SB_rel_2.67_mGal": 2.1361, "CB_rel_2.67_mGal": 1.7514, "TC_2.67_mGal": 0.7387, "sigma_FA_mGal": 0.047}}, {"type": "Feature", "geometry": {"type": "Point", "coordinates": [34.7974156, 24.7611856]}, "properties": {"Station_UID": "CG6-0640|2026-01-18|L1|S174", "Instrument": "CG6-0640", "Date": "2026-01-18", "Line": "1", "Station": "174", "H_ortho_m": 316.3387, "dg_rel_base100_mGal": -42.1748, "FA_rel_mGal": 26.3906, "SB_rel_2.67_mGal": 2.1584, "CB_rel_2.67_mGal": 1.7823, "TC_2.67_mGal": 0.7473, "sigma_FA_mGal": 0.047}}, {"type": "Feature", "geometry": {"type": "Point", "coordinates": [34.7963258, 24.7597372]}, "properties": {"Station_UID": "CG6-0640|2026-01-18|L1|S175", "Instrument": "CG6-0640", "Date": "2026-01-18", "Line": "1", "Station": "175", "H_ortho_m": 319.2071, "dg_rel_base100_mGal": -42.9264, "FA_rel_mGal": 26.6238, "SB_rel_2.67_mGal": 2.0705, "CB_rel_2.67_mGal": 1.7054, "TC_2.67_mGal": 0.7583, "sigma_FA_mGal": 0.047}}, {"type": "Feature", "geometry": {"type": "Point", "coordinates": [34.7944969, 24.7589664]}, "properties": {"Station_UID": "CG6-0640|2026-01-18|L1|S176", "Instrument": "CG6-0640", "Date": "2026-01-18", "Line": "1", "Station": "176", "H_ortho_m": 321.309, "dg_rel_base100_mGal": -43.5964, "FA_rel_mGal": 26.6554, "SB_rel_2.67_mGal": 1.8667, "CB_rel_2.67_mGal": 1.5448, "TC_2.67_mGal": 0.8015, "sigma_FA_mGal": 0.047}}, {"type": "Feature", "geometry": {"type": "Point", "coordinates": [34.793175, 24.7576837]}, "properties": {"Station_UID": "CG6-0640|2026-01-18|L1|S177", "Instrument": "CG6-0640", "Date": "2026-01-18", "Line": "1", "Station": "177", "H_ortho_m": 323.6456, "dg_rel_base100_mGal": -44.4162, "FA_rel_mGal": 26.6449, "SB_rel_2.67_mGal": 1.5947, "CB_rel_2.67_mGal": 1.3542, "TC_2.67_mGal": 0.883, "sigma_FA_mGal": 0.047}}, {"type": "Feature", "geometry": {"type": "Point", "coordinates": [34.7921549, 24.7560422]}, "properties": {"Station_UID": "CG6-0640|2026-01-18|L1|S178", "Instrument": "CG6-0640", "Date": "2026-01-18", "Line": "1", "Station": "178", "H_ortho_m": 326.9553, "dg_rel_base100_mGal": -44.9393, "FA_rel_mGal": 27.256, "SB_rel_2.67_mGal": 1.8352, "CB_rel_2.67_mGal": 1.7507, "TC_2.67_mGal": 1.039, "sigma_FA_mGal": 0.047}}, {"type": "Feature", "geometry": {"type": "Point", "coordinates": [34.7925928, 24.7546129]}, "properties": {"Station_UID": "CG6-0640|2026-01-18|L1|S179", "Instrument": "CG6-0640", "Date": "2026-01-18", "Line": "1", "Station": "179", "H_ortho_m": 328.283, "dg_rel_base100_mGal": -44.7035, "FA_rel_mGal": 27.9996, "SB_rel_2.67_mGal": 2.4302, "CB_rel_2.67_mGal": 2.2258, "TC_2.67_mGal": 0.919, "sigma_FA_mGal": 0.047}}, {"type": "Feature", "geometry": {"type": "Point", "coordinates": [34.7935175, 24.7529521]}, "properties": {"Station_UID": "CG6-0640|2026-01-18|L1|S180", "Instrument": "CG6-0640", "Date": "2026-01-18", "Line": "1", "Station": "180", "H_ortho_m": 332.4981, "dg_rel_base100_mGal": -45.3155, "FA_rel_mGal": 28.8026, "SB_rel_2.67_mGal": 2.7613, "CB_rel_2.67_mGal": 2.5239, "TC_2.67_mGal": 0.886, "sigma_FA_mGal": 0.047}}, {"type": "Feature", "geometry": {"type": "Point", "coordinates": [34.7919323, 24.7531113]}, "properties": {"Station_UID": "CG6-0640|2026-01-18|L1|S181", "Instrument": "CG6-0640", "Date": "2026-01-18", "Line": "1", "Station": "181", "H_ortho_m": 334.1879, "dg_rel_base100_mGal": -46.0989, "FA_rel_mGal": 28.5298, "SB_rel_2.67_mGal": 2.2993, "CB_rel_2.67_mGal": 2.0035, "TC_2.67_mGal": 0.8276, "sigma_FA_mGal": 0.0471}}, {"type": "Feature", "geometry": {"type": "Point", "coordinates": [34.790434, 24.7543263]}, "properties": {"Station_UID": "CG6-0640|2026-01-18|L1|S182", "Instrument": "CG6-0640", "Date": "2026-01-18", "Line": "1", "Station": "182", "H_ortho_m": 336.7783, "dg_rel_base100_mGal": -47.0374, "FA_rel_mGal": 28.3074, "SB_rel_2.67_mGal": 1.7869, "CB_rel_2.67_mGal": 1.5238, "TC_2.67_mGal": 0.8603, "sigma_FA_mGal": 0.0474}}, {"type": "Feature", "geometry": {"type": "Point", "coordinates": [34.7887025, 24.7551089]}, "properties": {"Station_UID": "CG6-0640|2026-01-18|L1|S183", "Instrument": "CG6-0640", "Date": "2026-01-18", "Line": "1", "Station": "183", "H_ortho_m": 339.2631, "dg_rel_base100_mGal": -48.1608, "FA_rel_mGal": 27.8973, "SB_rel_2.67_mGal": 1.0986, "CB_rel_2.67_mGal": 1.0191, "TC_2.67_mGal": 1.0439, "sigma_FA_mGal": 0.0475}}, {"type": "Feature", "geometry": {"type": "Point", "coordinates": [34.7866681, 24.7550298]}, "properties": {"Station_UID": "CG6-0640|2026-01-18|L1|S184", "Instrument": "CG6-0640", "Date": "2026-01-18", "Line": "1", "Station": "184", "H_ortho_m": 342.2122, "dg_rel_base100_mGal": -49.4004, "FA_rel_mGal": 27.5733, "SB_rel_2.67_mGal": 0.4445, "CB_rel_2.67_mGal": 0.1896, "TC_2.67_mGal": 0.8685, "sigma_FA_mGal": 0.047}}, {"type": "Feature", "geometry": {"type": "Point", "coordinates": [34.7845512, 24.7552573]}, "properties": {"Station_UID": "CG6-0640|2026-01-18|L1|S185", "Instrument": "CG6-0640", "Date": "2026-01-18", "Line": "1", "Station": "185", "H_ortho_m": 344.912, "dg_rel_base100_mGal": -50.5239, "FA_rel_mGal": 27.2675, "SB_rel_2.67_mGal": -0.1636, "CB_rel_2.67_mGal": -0.4417, "TC_2.67_mGal": 0.8453, "sigma_FA_mGal": 0.047}}, {"type": "Feature", "geometry": {"type": "Point", "coordinates": [34.7935421, 24.7529187]}, "properties": {"Station_UID": "CG6-0640|2026-01-19|L1|S186", "Instrument": "CG6-0640", "Date": "2026-01-19", "Line": "1", "Station": "186", "H_ortho_m": 332.2653, "dg_rel_base100_mGal": -45.3233, "FA_rel_mGal": 28.7253, "SB_rel_2.67_mGal": 2.71, "CB_rel_2.67_mGal": 2.4783, "TC_2.67_mGal": 0.8917, "sigma_FA_mGal": 0.047}}, {"type": "Feature", "geometry": {"type": "Point", "coordinates": [34.7945421, 24.7516019]}, "properties": {"Station_UID": "CG6-0640|2026-01-19|L1|S187", "Instrument": "CG6-0640", "Date": "2026-01-19", "Line": "1", "Station": "187", "H_ortho_m": 334.2158, "dg_rel_base100_mGal": -45.656, "FA_rel_mGal": 29.0849, "SB_rel_2.67_mGal": 2.8513, "CB_rel_2.67_mGal": 2.7384, "TC_2.67_mGal": 1.0106, "sigma_FA_mGal": 0.047}}, {"type": "Feature", "geometry": {"type": "Point", "coordinates": [34.7946864, 24.749401]}, "properties": {"Station_UID": "CG6-0640|2026-01-19|L1|S188", "Instrument": "CG6-0640", "Date": "2026-01-19", "Line": "1", "Station": "188", "H_ortho_m": 337.9118, "dg_rel_base100_mGal": -46.7888, "FA_rel_mGal": 29.2439, "SB_rel_2.67_mGal": 2.5965, "CB_rel_2.67_mGal": 2.4541, "TC_2.67_mGal": 0.981, "sigma_FA_mGal": 0.047}}, {"type": "Feature", "geometry": {"type": "Point", "coordinates": [34.7925518, 24.7474244]}, "properties": {"Station_UID": "CG6-0640|2026-01-19|L1|S189", "Instrument": "CG6-0640", "Date": "2026-01-19", "Line": "1", "Station": "189", "H_ortho_m": 342.5239, "dg_rel_base100_mGal": -48.1246, "FA_rel_mGal": 29.4674, "SB_rel_2.67_mGal": 2.3036, "CB_rel_2.67_mGal": 2.0339, "TC_2.67_mGal": 0.8537, "sigma_FA_mGal": 0.047}}, {"type": "Feature", "geometry": {"type": "Point", "coordinates": [34.7906243, 24.7456527]}, "properties": {"Station_UID": "CG6-0640|2026-01-19|L1|S190", "Instrument": "CG6-0640", "Date": "2026-01-19", "Line": "1", "Station": "190", "H_ortho_m": 346.3679, "dg_rel_base100_mGal": -49.3584, "FA_rel_mGal": 29.5415, "SB_rel_2.67_mGal": 1.9474, "CB_rel_2.67_mGal": 1.7174, "TC_2.67_mGal": 0.8934, "sigma_FA_mGal": 0.047}}, {"type": "Feature", "geometry": {"type": "Point", "coordinates": [34.7893599, 24.7442163]}, "properties": {"Station_UID": "CG6-0640|2026-01-19|L1|S191", "Instrument": "CG6-0640", "Date": "2026-01-19", "Line": "1", "Station": "191", "H_ortho_m": 349.0922, "dg_rel_base100_mGal": -49.9917, "FA_rel_mGal": 29.8476, "SB_rel_2.67_mGal": 1.9486, "CB_rel_2.67_mGal": 1.8052, "TC_2.67_mGal": 0.9801, "sigma_FA_mGal": 0.047}}, {"type": "Feature", "geometry": {"type": "Point", "coordinates": [34.787967, 24.7429705]}, "properties": {"Station_UID": "CG6-0640|2026-01-19|L1|S192", "Instrument": "CG6-0640", "Date": "2026-01-19", "Line": "1", "Station": "192", "H_ortho_m": 351.769, "dg_rel_base100_mGal": -51.0793, "FA_rel_mGal": 29.6717, "SB_rel_2.67_mGal": 1.4729, "CB_rel_2.67_mGal": 1.5144, "TC_2.67_mGal": 1.1649, "sigma_FA_mGal": 0.047}}, {"type": "Feature", "geometry": {"type": "Point", "coordinates": [34.7870687, 24.7406943]}, "properties": {"Station_UID": "CG6-0640|2026-01-19|L1|S193", "Instrument": "CG6-0640", "Date": "2026-01-19", "Line": "1", "Station": "193", "H_ortho_m": 355.7089, "dg_rel_base100_mGal": -52.3435, "FA_rel_mGal": 29.7796, "SB_rel_2.67_mGal": 1.1398, "CB_rel_2.67_mGal": 1.2135, "TC_2.67_mGal": 1.1972, "sigma_FA_mGal": 0.047}}, {"type": "Feature", "geometry": {"type": "Point", "coordinates": [34.7894438, 24.7383302]}, "properties": {"Station_UID": "CG6-0640|2026-01-19|L1|S194", "Instrument": "CG6-0640", "Date": "2026-01-19", "Line": "1", "Station": "194", "H_ortho_m": 361.0244, "dg_rel_base100_mGal": -53.6654, "FA_rel_mGal": 30.2605, "SB_rel_2.67_mGal": 1.0255, "CB_rel_2.67_mGal": 0.8702, "TC_2.67_mGal": 0.9681, "sigma_FA_mGal": 0.047}}, {"type": "Feature", "geometry": {"type": "Point", "coordinates": [34.789914, 24.7360271]}, "properties": {"Station_UID": "CG6-0640|2026-01-19|L1|S195", "Instrument": "CG6-0640", "Date": "2026-01-19", "Line": "1", "Station": "195", "H_ortho_m": 364.3665, "dg_rel_base100_mGal": -54.5621, "FA_rel_mGal": 30.5533, "SB_rel_2.67_mGal": 0.9442, "CB_rel_2.67_mGal": 0.7049, "TC_2.67_mGal": 0.8841, "sigma_FA_mGal": 0.047}}, {"type": "Feature", "geometry": {"type": "Point", "coordinates": [34.7898594, 24.7324691]}, "properties": {"Station_UID": "CG6-0640|2026-01-19|L1|S197", "Instrument": "CG6-0640", "Date": "2026-01-19", "Line": "1", "Station": "197", "H_ortho_m": 369.7204, "dg_rel_base100_mGal": -56.787, "FA_rel_mGal": 30.2249, "SB_rel_2.67_mGal": 0.0164, "CB_rel_2.67_mGal": -0.2198, "TC_2.67_mGal": 0.8872, "sigma_FA_mGal": 0.047}}, {"type": "Feature", "geometry": {"type": "Point", "coordinates": [34.7894257, 24.730688]}, "properties": {"Station_UID": "CG6-0640|2026-01-19|L1|S198", "Instrument": "CG6-0640", "Date": "2026-01-19", "Line": "1", "Station": "198", "H_ortho_m": 372.6953, "dg_rel_base100_mGal": -57.5563, "FA_rel_mGal": 30.4959, "SB_rel_2.67_mGal": -0.0456, "CB_rel_2.67_mGal": -0.3148, "TC_2.67_mGal": 0.8542, "sigma_FA_mGal": 0.047}}, {"type": "Feature", "geometry": {"type": "Point", "coordinates": [34.7892354, 24.7273297]}, "properties": {"Station_UID": "CG6-0640|2026-01-19|L1|S199", "Instrument": "CG6-0640", "Date": "2026-01-19", "Line": "1", "Station": "199", "H_ortho_m": 378.4848, "dg_rel_base100_mGal": -59.2256, "FA_rel_mGal": 30.8439, "SB_rel_2.67_mGal": -0.3458, "CB_rel_2.67_mGal": -0.5583, "TC_2.67_mGal": 0.911, "sigma_FA_mGal": 0.047}}, {"type": "Feature", "geometry": {"type": "Point", "coordinates": [34.7899517, 24.7255891]}, "properties": {"Station_UID": "CG6-0640|2026-01-19|L1|S200", "Instrument": "CG6-0640", "Date": "2026-01-19", "Line": "1", "Station": "200", "H_ortho_m": 381.8176, "dg_rel_base100_mGal": -60.3074, "FA_rel_mGal": 30.9101, "SB_rel_2.67_mGal": -0.6527, "CB_rel_2.67_mGal": -0.7867, "TC_2.67_mGal": 0.9895, "sigma_FA_mGal": 0.047}}, {"type": "Feature", "geometry": {"type": "Point", "coordinates": [34.7890947, 24.7236234]}, "properties": {"Station_UID": "CG6-0640|2026-01-19|L1|S201", "Instrument": "CG6-0640", "Date": "2026-01-19", "Line": "1", "Station": "201", "H_ortho_m": 384.8266, "dg_rel_base100_mGal": -61.2621, "FA_rel_mGal": 31.0189, "SB_rel_2.67_mGal": -0.8808, "CB_rel_2.67_mGal": -0.993, "TC_2.67_mGal": 1.0112, "sigma_FA_mGal": 0.047}}, {"type": "Feature", "geometry": {"type": "Point", "coordinates": [34.7853975, 24.7231953]}, "properties": {"Station_UID": "CG6-0640|2026-01-19|L1|S202", "Instrument": "CG6-0640", "Date": "2026-01-19", "Line": "1", "Station": "202", "H_ortho_m": 390.6711, "dg_rel_base100_mGal": -62.9006, "FA_rel_mGal": 31.2136, "SB_rel_2.67_mGal": -1.3404, "CB_rel_2.67_mGal": -1.2558, "TC_2.67_mGal": 1.208, "sigma_FA_mGal": 0.047}}, {"type": "Feature", "geometry": {"type": "Point", "coordinates": [34.7835301, 24.7222114]}, "properties": {"Station_UID": "CG6-0640|2026-01-19|L1|S203", "Instrument": "CG6-0640", "Date": "2026-01-19", "Line": "1", "Station": "203", "H_ortho_m": 394.7412, "dg_rel_base100_mGal": -63.8938, "FA_rel_mGal": 31.544, "SB_rel_2.67_mGal": -1.4656, "CB_rel_2.67_mGal": -1.6203, "TC_2.67_mGal": 0.9688, "sigma_FA_mGal": 0.047}}, {"type": "Feature", "geometry": {"type": "Point", "coordinates": [34.7831573, 24.7198313]}, "properties": {"Station_UID": "CG6-0640|2026-01-19|L1|S204", "Instrument": "CG6-0640", "Date": "2026-01-19", "Line": "1", "Station": "204", "H_ortho_m": 400.7818, "dg_rel_base100_mGal": -65.7122, "FA_rel_mGal": 31.7531, "SB_rel_2.67_mGal": -1.9328, "CB_rel_2.67_mGal": -2.0695, "TC_2.67_mGal": 0.9867, "sigma_FA_mGal": 0.047}}, {"type": "Feature", "geometry": {"type": "Point", "coordinates": [34.7844693, 24.718126]}, "properties": {"Station_UID": "CG6-0640|2026-01-19|L1|S205", "Instrument": "CG6-0640", "Date": "2026-01-19", "Line": "1", "Station": "205", "H_ortho_m": 404.5992, "dg_rel_base100_mGal": -66.7708, "FA_rel_mGal": 31.9896, "SB_rel_2.67_mGal": -2.1237, "CB_rel_2.67_mGal": -2.253, "TC_2.67_mGal": 0.9941, "sigma_FA_mGal": 0.047}}, {"type": "Feature", "geometry": {"type": "Point", "coordinates": [34.7843267, 24.7162231]}, "properties": {"Station_UID": "CG6-0640|2026-01-19|L1|S206", "Instrument": "CG6-0640", "Date": "2026-01-19", "Line": "1", "Station": "206", "H_ortho_m": 407.7721, "dg_rel_base100_mGal": -68.2409, "FA_rel_mGal": 31.6293, "SB_rel_2.67_mGal": -2.8392, "CB_rel_2.67_mGal": -2.9299, "TC_2.67_mGal": 1.0327, "sigma_FA_mGal": 0.047}}, {"type": "Feature", "geometry": {"type": "Point", "coordinates": [34.7846529, 24.7142879]}, "properties": {"Station_UID": "CG6-0640|2026-01-19|L1|S207", "Instrument": "CG6-0640", "Date": "2026-01-19", "Line": "1", "Station": "207", "H_ortho_m": 412.1631, "dg_rel_base100_mGal": -69.7401, "FA_rel_mGal": 31.618, "SB_rel_2.67_mGal": -3.3421, "CB_rel_2.67_mGal": -3.3188, "TC_2.67_mGal": 1.1467, "sigma_FA_mGal": 0.047}}, {"type": "Feature", "geometry": {"type": "Point", "coordinates": [34.7859193, 24.7127238]}, "properties": {"Station_UID": "CG6-0640|2026-01-19|L1|S208", "Instrument": "CG6-0640", "Date": "2026-01-19", "Line": "1", "Station": "208", "H_ortho_m": 415.7212, "dg_rel_base100_mGal": -70.8556, "FA_rel_mGal": 31.7079, "SB_rel_2.67_mGal": -3.6505, "CB_rel_2.67_mGal": -3.616, "TC_2.67_mGal": 1.158, "sigma_FA_mGal": 0.047}}, {"type": "Feature", "geometry": {"type": "Point", "coordinates": [34.7869452, 24.7110858]}, "properties": {"Station_UID": "CG6-0640|2026-01-19|L1|S209", "Instrument": "CG6-0640", "Date": "2026-01-19", "Line": "1", "Station": "209", "H_ortho_m": 418.8708, "dg_rel_base100_mGal": -71.9355, "FA_rel_mGal": 31.7122, "SB_rel_2.67_mGal": -3.9988, "CB_rel_2.67_mGal": -3.8873, "TC_2.67_mGal": 1.2349, "sigma_FA_mGal": 0.047}}, {"type": "Feature", "geometry": {"type": "Point", "coordinates": [34.7852132, 24.7090912]}, "properties": {"Station_UID": "CG6-0640|2026-01-19|L1|S210", "Instrument": "CG6-0640", "Date": "2026-01-19", "Line": "1", "Station": "210", "H_ortho_m": 424.0483, "dg_rel_base100_mGal": -73.6535, "FA_rel_mGal": 31.729, "SB_rel_2.67_mGal": -4.5617, "CB_rel_2.67_mGal": -4.4538, "TC_2.67_mGal": 1.2313, "sigma_FA_mGal": 0.047}}, {"type": "Feature", "geometry": {"type": "Point", "coordinates": [34.7836489, 24.7075047]}, "properties": {"Station_UID": "CG6-0640|2026-01-19|L1|S211", "Instrument": "CG6-0640", "Date": "2026-01-19", "Line": "1", "Station": "211", "H_ortho_m": 429.0782, "dg_rel_base100_mGal": -75.2633, "FA_rel_mGal": 31.7803, "SB_rel_2.67_mGal": -5.0735, "CB_rel_2.67_mGal": -5.0287, "TC_2.67_mGal": 1.1681, "sigma_FA_mGal": 0.047}}, {"type": "Feature", "geometry": {"type": "Point", "coordinates": [34.7815509, 24.7070375]}, "properties": {"Station_UID": "CG6-0640|2026-01-19|L1|S212", "Instrument": "CG6-0640", "Date": "2026-01-19", "Line": "1", "Station": "212", "H_ortho_m": 432.4584, "dg_rel_base100_mGal": -76.3688, "FA_rel_mGal": 31.75, "SB_rel_2.67_mGal": -5.4822, "CB_rel_2.67_mGal": -5.2028, "TC_2.67_mGal": 1.4028, "sigma_FA_mGal": 0.0471}}, {"type": "Feature", "geometry": {"type": "Point", "coordinates": [34.7796834, 24.7061927]}, "properties": {"Station_UID": "CG6-0640|2026-01-19|L1|S213", "Instrument": "CG6-0640", "Date": "2026-01-19", "Line": "1", "Station": "213", "H_ortho_m": 437.9251, "dg_rel_base100_mGal": -77.8002, "FA_rel_mGal": 32.0637, "SB_rel_2.67_mGal": -5.7805, "CB_rel_2.67_mGal": -5.4161, "TC_2.67_mGal": 1.4878, "sigma_FA_mGal": 0.047}}, {"type": "Feature", "geometry": {"type": "Point", "coordinates": [34.777843, 24.7069209]}, "properties": {"Station_UID": "CG6-0640|2026-01-19|L1|S214", "Instrument": "CG6-0640", "Date": "2026-01-19", "Line": "1", "Station": "214", "H_ortho_m": 442.9887, "dg_rel_base100_mGal": -79.0861, "FA_rel_mGal": 32.2906, "SB_rel_2.67_mGal": -6.1204, "CB_rel_2.67_mGal": -5.9258, "TC_2.67_mGal": 1.3181, "sigma_FA_mGal": 0.047}}, {"type": "Feature", "geometry": {"type": "Point", "coordinates": [34.7758727, 24.7067947]}, "properties": {"Station_UID": "CG6-0640|2026-01-19|L1|S215", "Instrument": "CG6-0640", "Date": "2026-01-19", "Line": "1", "Station": "215", "H_ortho_m": 446.9952, "dg_rel_base100_mGal": -80.4502, "FA_rel_mGal": 32.1717, "SB_rel_2.67_mGal": -6.6879, "CB_rel_2.67_mGal": -6.3597, "TC_2.67_mGal": 1.4516, "sigma_FA_mGal": 0.047}}, {"type": "Feature", "geometry": {"type": "Point", "coordinates": [34.7740376, 24.7072418]}, "properties": {"Station_UID": "CG6-0640|2026-01-19|L1|S216", "Instrument": "CG6-0640", "Date": "2026-01-19", "Line": "1", "Station": "216", "H_ortho_m": 450.0471, "dg_rel_base100_mGal": -81.5398, "FA_rel_mGal": 31.9934, "SB_rel_2.67_mGal": -7.2079, "CB_rel_2.67_mGal": -6.5981, "TC_2.67_mGal": 1.7333, "sigma_FA_mGal": 0.047}}, {"type": "Feature", "geometry": {"type": "Point", "coordinates": [34.7721379, 24.706382]}, "properties": {"Station_UID": "CG6-0640|2026-01-19|L1|S217", "Instrument": "CG6-0640", "Date": "2026-01-19", "Line": "1", "Station": "217", "H_ortho_m": 454.228, "dg_rel_base100_mGal": -82.8784, "FA_rel_mGal": 32.0041, "SB_rel_2.67_mGal": -7.6653, "CB_rel_2.67_mGal": -7.3213, "TC_2.67_mGal": 1.4674, "sigma_FA_mGal": 0.0477}}, {"type": "Feature", "geometry": {"type": "Point", "coordinates": [34.7708176, 24.7049677]}, "properties": {"Station_UID": "CG6-0640|2026-01-19|L1|S218", "Instrument": "CG6-0640", "Date": "2026-01-19", "Line": "1", "Station": "218", "H_ortho_m": 458.351, "dg_rel_base100_mGal": -84.7499, "FA_rel_mGal": 31.502, "SB_rel_2.67_mGal": -8.6289, "CB_rel_2.67_mGal": -8.4327, "TC_2.67_mGal": 1.3196, "sigma_FA_mGal": 0.047}}, {"type": "Feature", "geometry": {"type": "Point", "coordinates": [34.768568, 24.705001]}, "properties": {"Station_UID": "CG6-0640|2026-01-19|L1|S219", "Instrument": "CG6-0640", "Date": "2026-01-19", "Line": "1", "Station": "219", "H_ortho_m": 463.5326, "dg_rel_base100_mGal": -86.5481, "FA_rel_mGal": 31.3007, "SB_rel_2.67_mGal": -9.4103, "CB_rel_2.67_mGal": -9.1048, "TC_2.67_mGal": 1.4289, "sigma_FA_mGal": 0.047}}, {"type": "Feature", "geometry": {"type": "Point", "coordinates": [34.7662621, 24.7054894]}, "properties": {"Station_UID": "CG6-0640|2026-01-19|L1|S220", "Instrument": "CG6-0640", "Date": "2026-01-19", "Line": "1", "Station": "220", "H_ortho_m": 469.0194, "dg_rel_base100_mGal": -88.1547, "FA_rel_mGal": 31.354, "SB_rel_2.67_mGal": -9.9713, "CB_rel_2.67_mGal": -9.5108, "TC_2.67_mGal": 1.584, "sigma_FA_mGal": 0.047}}, {"type": "Feature", "geometry": {"type": "Point", "coordinates": [34.7641378, 24.7061701]}, "properties": {"Station_UID": "CG6-0640|2026-01-19|L1|S221", "Instrument": "CG6-0640", "Date": "2026-01-19", "Line": "1", "Station": "221", "H_ortho_m": 473.9874, "dg_rel_base100_mGal": -89.4382, "FA_rel_mGal": 31.557, "SB_rel_2.67_mGal": -10.3244, "CB_rel_2.67_mGal": -9.8555, "TC_2.67_mGal": 1.5924, "sigma_FA_mGal": 0.047}}, {"type": "Feature", "geometry": {"type": "Point", "coordinates": [34.7618722, 24.7067219]}, "properties": {"Station_UID": "CG6-0640|2026-01-19|L1|S222", "Instrument": "CG6-0640", "Date": "2026-01-19", "Line": "1", "Station": "222", "H_ortho_m": 479.417, "dg_rel_base100_mGal": -91.1125, "FA_rel_mGal": 31.5206, "SB_rel_2.67_mGal": -10.9687, "CB_rel_2.67_mGal": -10.133, "TC_2.67_mGal": 1.9591, "sigma_FA_mGal": 0.047}}, {"type": "Feature", "geometry": {"type": "Point", "coordinates": [34.7600033, 24.7072459]}, "properties": {"Station_UID": "CG6-0640|2026-01-19|L1|S223", "Instrument": "CG6-0640", "Date": "2026-01-19", "Line": "1", "Station": "223", "H_ortho_m": 485.7414, "dg_rel_base100_mGal": -92.4504, "FA_rel_mGal": 32.0986, "SB_rel_2.67_mGal": -11.0987, "CB_rel_2.67_mGal": -10.1043, "TC_2.67_mGal": 2.1178, "sigma_FA_mGal": 0.0471}}, {"type": "Feature", "geometry": {"type": "Point", "coordinates": [34.7584414, 24.7076]}, "properties": {"Station_UID": "CG6-0640|2026-01-19|L1|S224", "Instrument": "CG6-0640", "Date": "2026-01-19", "Line": "1", "Station": "224", "H_ortho_m": 489.5301, "dg_rel_base100_mGal": -93.5338, "FA_rel_mGal": 32.1603, "SB_rel_2.67_mGal": -11.4613, "CB_rel_2.67_mGal": -10.1265, "TC_2.67_mGal": 2.4581, "sigma_FA_mGal": 0.047}}, {"type": "Feature", "geometry": {"type": "Point", "coordinates": [34.7578029, 24.7074723]}, "properties": {"Station_UID": "CG6-0640|2026-01-19|L1|S225", "Instrument": "CG6-0640", "Date": "2026-01-19", "Line": "1", "Station": "225", "H_ortho_m": 488.8726, "dg_rel_base100_mGal": -94.3728, "FA_rel_mGal": 31.1271, "SB_rel_2.67_mGal": -12.4208, "CB_rel_2.67_mGal": -10.7653, "TC_2.67_mGal": 2.7789, "sigma_FA_mGal": 0.047}}, {"type": "Feature", "geometry": {"type": "Point", "coordinates": [34.791541, 24.7533843]}, "properties": {"Station_UID": "CG6-0640|2026-01-19|L1|S226", "Instrument": "CG6-0640", "Date": "2026-01-19", "Line": "1", "Station": "226", "H_ortho_m": 334.2766, "dg_rel_base100_mGal": -46.2841, "FA_rel_mGal": 28.3533, "SB_rel_2.67_mGal": 2.1129, "CB_rel_2.67_mGal": 1.8187, "TC_2.67_mGal": 0.8293, "sigma_FA_mGal": 0.0471}}, {"type": "Feature", "geometry": {"type": "Point", "coordinates": [34.7897643, 24.7547525]}, "properties": {"Station_UID": "CG6-0640|2026-01-19|L1|S227", "Instrument": "CG6-0640", "Date": "2026-01-19", "Line": "1", "Station": "227", "H_ortho_m": 337.9633, "dg_rel_base100_mGal": -47.4673, "FA_rel_mGal": 28.2141, "SB_rel_2.67_mGal": 1.5609, "CB_rel_2.67_mGal": 1.3795, "TC_2.67_mGal": 0.942, "sigma_FA_mGal": 0.0471}}, {"type": "Feature", "geometry": {"type": "Point", "coordinates": [34.7876263, 24.7549314]}, "properties": {"Station_UID": "CG6-0640|2026-01-19|L1|S228", "Instrument": "CG6-0640", "Date": "2026-01-19", "Line": "1", "Station": "228", "H_ortho_m": 339.8833, "dg_rel_base100_mGal": -48.5399, "FA_rel_mGal": 27.7218, "SB_rel_2.67_mGal": 0.8537, "CB_rel_2.67_mGal": 0.65, "TC_2.67_mGal": 0.9197, "sigma_FA_mGal": 0.047}}, {"type": "Feature", "geometry": {"type": "Point", "coordinates": [34.7856807, 24.7551837]}, "properties": {"Station_UID": "CG6-0640|2026-01-19|L1|S229", "Instrument": "CG6-0640", "Date": "2026-01-19", "Line": "1", "Station": "229", "H_ortho_m": 343.3343, "dg_rel_base100_mGal": -49.8818, "FA_rel_mGal": 27.4277, "SB_rel_2.67_mGal": 0.1733, "CB_rel_2.67_mGal": -0.1014, "TC_2.67_mGal": 0.8488, "sigma_FA_mGal": 0.047}}, {"type": "Feature", "geometry": {"type": "Point", "coordinates": [34.7836079, 24.7552006]}, "properties": {"Station_UID": "CG6-0640|2026-01-19|L1|S230", "Instrument": "CG6-0640", "Date": "2026-01-19", "Line": "1", "Station": "230", "H_ortho_m": 345.4703, "dg_rel_base100_mGal": -50.9328, "FA_rel_mGal": 27.0347, "SB_rel_2.67_mGal": -0.4589, "CB_rel_2.67_mGal": -0.6986, "TC_2.67_mGal": 0.8837, "sigma_FA_mGal": 0.047}}, {"type": "Feature", "geometry": {"type": "Point", "coordinates": [34.7814328, 24.7554355]}, "properties": {"Station_UID": "CG6-0640|2026-01-19|L1|S231", "Instrument": "CG6-0640", "Date": "2026-01-19", "Line": "1", "Station": "231", "H_ortho_m": 348.7699, "dg_rel_base100_mGal": -52.3916, "FA_rel_mGal": 26.5782, "SB_rel_2.67_mGal": -1.2848, "CB_rel_2.67_mGal": -1.5181, "TC_2.67_mGal": 0.8901, "sigma_FA_mGal": 0.047}}, {"type": "Feature", "geometry": {"type": "Point", "coordinates": [34.779054, 24.7554157]}, "properties": {"Station_UID": "CG6-0640|2026-01-19|L1|S232", "Instrument": "CG6-0640", "Date": "2026-01-19", "Line": "1", "Station": "232", "H_ortho_m": 351.6639, "dg_rel_base100_mGal": -53.3431, "FA_rel_mGal": 26.5214, "SB_rel_2.67_mGal": -1.6656, "CB_rel_2.67_mGal": -1.8767, "TC_2.67_mGal": 0.9123, "sigma_FA_mGal": 0.047}}, {"type": "Feature", "geometry": {"type": "Point", "coordinates": [34.7771603, 24.7550137]}, "properties": {"Station_UID": "CG6-0640|2026-01-19|L1|S233", "Instrument": "CG6-0640", "Date": "2026-01-19", "Line": "1", "Station": "233", "H_ortho_m": 353.9605, "dg_rel_base100_mGal": -54.0901, "FA_rel_mGal": 26.5107, "SB_rel_2.67_mGal": -1.9334, "CB_rel_2.67_mGal": -2.0878, "TC_2.67_mGal": 0.969, "sigma_FA_mGal": 0.047}}, {"type": "Feature", "geometry": {"type": "Point", "coordinates": [34.7753087, 24.7542646]}, "properties": {"Station_UID": "CG6-0640|2026-01-19|L1|S234", "Instrument": "CG6-0640", "Date": "2026-01-19", "Line": "1", "Station": "234", "H_ortho_m": 356.3893, "dg_rel_base100_mGal": -55.1558, "FA_rel_mGal": 26.2461, "SB_rel_2.67_mGal": -2.4699, "CB_rel_2.67_mGal": -2.5355, "TC_2.67_mGal": 1.0578, "sigma_FA_mGal": 0.047}}, {"type": "Feature", "geometry": {"type": "Point", "coordinates": [34.7740804, 24.7523501]}, "properties": {"Station_UID": "CG6-0640|2026-01-19|L1|S235", "Instrument": "CG6-0640", "Date": "2026-01-19", "Line": "1", "Station": "235", "H_ortho_m": 360.3056, "dg_rel_base100_mGal": -56.2496, "FA_rel_mGal": 26.4925, "SB_rel_2.67_mGal": -2.662, "CB_rel_2.67_mGal": -2.5812, "TC_2.67_mGal": 1.2042, "sigma_FA_mGal": 0.047}}, {"type": "Feature", "geometry": {"type": "Point", "coordinates": [34.7723408, 24.7512096]}, "properties": {"Station_UID": "CG6-0640|2026-01-19|L1|S236", "Instrument": "CG6-0640", "Date": "2026-01-19", "Line": "1", "Station": "236", "H_ortho_m": 362.8457, "dg_rel_base100_mGal": -57.1526, "FA_rel_mGal": 26.4517, "SB_rel_2.67_mGal": -2.9871, "CB_rel_2.67_mGal": -2.7538, "TC_2.67_mGal": 1.3568, "sigma_FA_mGal": 0.047}}, {"type": "Feature", "geometry": {"type": "Point", "coordinates": [34.7709195, 24.7496988]}, "properties": {"Station_UID": "CG6-0640|2026-01-19|L1|S237", "Instrument": "CG6-0640", "Date": "2026-01-19", "Line": "1", "Station": "237", "H_ortho_m": 364.9684, "dg_rel_base100_mGal": -58.1504, "FA_rel_mGal": 26.2127, "SB_rel_2.67_mGal": -3.4637, "CB_rel_2.67_mGal": -2.9329, "TC_2.67_mGal": 1.6543, "sigma_FA_mGal": 0.047}}, {"type": "Feature", "geometry": {"type": "Point", "coordinates": [34.7698218, 24.7482469]}, "properties": {"Station_UID": "CG6-0640|2026-01-19|L1|S238", "Instrument": "CG6-0640", "Date": "2026-01-19", "Line": "1", "Station": "238", "H_ortho_m": 367.6323, "dg_rel_base100_mGal": -59.3317, "FA_rel_mGal": 25.9532, "SB_rel_2.67_mGal": -4.0215, "CB_rel_2.67_mGal": -3.4473, "TC_2.67_mGal": 1.6976, "sigma_FA_mGal": 0.047}}, {"type": "Feature", "geometry": {"type": "Point", "coordinates": [34.7671242, 24.7479261]}, "properties": {"Station_UID": "CG6-0640|2026-01-20|L1|S239", "Instrument": "CG6-0640", "Date": "2026-01-20", "Line": "1", "Station": "239", "H_ortho_m": 371.3079, "dg_rel_base100_mGal": -60.3152, "FA_rel_mGal": 26.1262, "SB_rel_2.67_mGal": -4.26, "CB_rel_2.67_mGal": -4.1246, "TC_2.67_mGal": 1.2588, "sigma_FA_mGal": 0.0471}}, {"type": "Feature", "geometry": {"type": "Point", "coordinates": [34.7646087, 24.7478598]}, "properties": {"Station_UID": "CG6-0640|2026-01-20|L1|S240", "Instrument": "CG6-0640", "Date": "2026-01-20", "Line": "1", "Station": "240", "H_ortho_m": 375.9918, "dg_rel_base100_mGal": -61.5305, "FA_rel_mGal": 26.3611, "SB_rel_2.67_mGal": -4.5495, "CB_rel_2.67_mGal": -4.653, "TC_2.67_mGal": 1.0199, "sigma_FA_mGal": 0.047}}, {"type": "Feature", "geometry": {"type": "Point", "coordinates": [34.7625139, 24.7491605]}, "properties": {"Station_UID": "CG6-0640|2026-01-20|L1|S241", "Instrument": "CG6-0640", "Date": "2026-01-20", "Line": "1", "Station": "241", "H_ortho_m": 380.7037, "dg_rel_base100_mGal": -62.7996, "FA_rel_mGal": 26.457, "SB_rel_2.67_mGal": -4.9811, "CB_rel_2.67_mGal": -5.1332, "TC_2.67_mGal": 0.9713, "sigma_FA_mGal": 0.047}}, {"type": "Feature", "geometry": {"type": "Point", "coordinates": [34.7601318, 24.750375]}, "properties": {"Station_UID": "CG6-0640|2026-01-20|L1|S242", "Instrument": "CG6-0640", "Date": "2026-01-20", "Line": "1", "Station": "242", "H_ortho_m": 386.1579, "dg_rel_base100_mGal": -64.4586, "FA_rel_mGal": 26.398, "SB_rel_2.67_mGal": -5.6507, "CB_rel_2.67_mGal": -5.7963, "TC_2.67_mGal": 0.9778, "sigma_FA_mGal": 0.047}}, {"type": "Feature", "geometry": {"type": "Point", "coordinates": [34.7581058, 24.7517782]}, "properties": {"Station_UID": "CG6-0640|2026-01-20|L1|S243", "Instrument": "CG6-0640", "Date": "2026-01-20", "Line": "1", "Station": "243", "H_ortho_m": 390.9585, "dg_rel_base100_mGal": -65.81, "FA_rel_mGal": 26.4319, "SB_rel_2.67_mGal": -6.1543, "CB_rel_2.67_mGal": -6.2709, "TC_2.67_mGal": 1.0067, "sigma_FA_mGal": 0.047}}, {"type": "Feature", "geometry": {"type": "Point", "coordinates": [34.7548641, 24.7523768]}, "properties": {"Station_UID": "CG6-0640|2026-01-20|L1|S244", "Instrument": "CG6-0640", "Date": "2026-01-20", "Line": "1", "Station": "244", "H_ortho_m": 399.0458, "dg_rel_base100_mGal": -68.3105, "FA_rel_mGal": 26.3864, "SB_rel_2.67_mGal": -7.1052, "CB_rel_2.67_mGal": -7.2178, "TC_2.67_mGal": 1.0108, "sigma_FA_mGal": 0.0471}}, {"type": "Feature", "geometry": {"type": "Point", "coordinates": [34.7538719, 24.7536549]}, "properties": {"Station_UID": "CG6-0640|2026-01-20|L1|S245", "Instrument": "CG6-0640", "Date": "2026-01-20", "Line": "1", "Station": "245", "H_ortho_m": 403.0813, "dg_rel_base100_mGal": -69.1884, "FA_rel_mGal": 26.6663, "SB_rel_2.67_mGal": -7.277, "CB_rel_2.67_mGal": -7.3209, "TC_2.67_mGal": 1.0795, "sigma_FA_mGal": 0.047}}, {"type": "Feature", "geometry": {"type": "Point", "coordinates": [34.7668076, 24.7469897]}, "properties": {"Station_UID": "CG6-0640|2026-01-20|L1|S246", "Instrument": "CG6-0640", "Date": "2026-01-20", "Line": "1", "Station": "246", "H_ortho_m": 371.8737, "dg_rel_base100_mGal": -60.4931, "FA_rel_mGal": 26.1872, "SB_rel_2.67_mGal": -4.2623, "CB_rel_2.67_mGal": -4.2232, "TC_2.67_mGal": 1.1625, "sigma_FA_mGal": 0.0473}}, {"type": "Feature", "geometry": {"type": "Point", "coordinates": [34.7648916, 24.7458319]}, "properties": {"Station_UID": "CG6-0640|2026-01-20|L1|S247", "Instrument": "CG6-0640", "Date": "2026-01-20", "Line": "1", "Station": "247", "H_ortho_m": 374.8173, "dg_rel_base100_mGal": -61.4258, "FA_rel_mGal": 26.2425, "SB_rel_2.67_mGal": -4.5366, "CB_rel_2.67_mGal": -4.5943, "TC_2.67_mGal": 1.0657, "sigma_FA_mGal": 0.047}}, {"type": "Feature", "geometry": {"type": "Point", "coordinates": [34.7631518, 24.7449106]}, "properties": {"Station_UID": "CG6-0640|2026-01-20|L1|S248", "Instrument": "CG6-0640", "Date": "2026-01-20", "Line": "1", "Station": "248", "H_ortho_m": 376.7812, "dg_rel_base100_mGal": -62.0163, "FA_rel_mGal": 26.3213, "SB_rel_2.67_mGal": -4.6777, "CB_rel_2.67_mGal": -4.7671, "TC_2.67_mGal": 1.034, "sigma_FA_mGal": 0.047}}, {"type": "Feature", "geometry": {"type": "Point", "coordinates": [34.7612655, 24.7440301]}, "properties": {"Station_UID": "CG6-0640|2026-01-20|L1|S249", "Instrument": "CG6-0640", "Date": "2026-01-20", "Line": "1", "Station": "249", "H_ortho_m": 380.0197, "dg_rel_base100_mGal": -63.1797, "FA_rel_mGal": 26.2179, "SB_rel_2.67_mGal": -5.1436, "CB_rel_2.67_mGal": -5.2646, "TC_2.67_mGal": 1.0025, "sigma_FA_mGal": 0.047}}, {"type": "Feature", "geometry": {"type": "Point", "coordinates": [34.7595309, 24.743619]}, "properties": {"Station_UID": "CG6-0640|2026-01-20|L1|S250", "Instrument": "CG6-0640", "Date": "2026-01-20", "Line": "1", "Station": "250", "H_ortho_m": 382.2193, "dg_rel_base100_mGal": -63.8983, "FA_rel_mGal": 26.2063, "SB_rel_2.67_mGal": -5.4015, "CB_rel_2.67_mGal": -5.5372, "TC_2.67_mGal": 0.9877, "sigma_FA_mGal": 0.047}}, {"type": "Feature", "geometry": {"type": "Point", "coordinates": [34.7575098, 24.7435354]}, "properties": {"Station_UID": "CG6-0640|2026-01-20|L1|S251", "Instrument": "CG6-0640", "Date": "2026-01-20", "Line": "1", "Station": "251", "H_ortho_m": 385.2107, "dg_rel_base100_mGal": -65.027, "FA_rel_mGal": 26.0066, "SB_rel_2.67_mGal": -5.936, "CB_rel_2.67_mGal": -6.0792, "TC_2.67_mGal": 0.9802, "sigma_FA_mGal": 0.047}}, {"type": "Feature", "geometry": {"type": "Point", "coordinates": [34.7554183, 24.7443211]}, "properties": {"Station_UID": "CG6-0640|2026-01-20|L1|S252", "Instrument": "CG6-0640", "Date": "2026-01-20", "Line": "1", "Station": "252", "H_ortho_m": 387.9801, "dg_rel_base100_mGal": -66.0687, "FA_rel_mGal": 25.7657, "SB_rel_2.67_mGal": -6.487, "CB_rel_2.67_mGal": -6.629, "TC_2.67_mGal": 0.9815, "sigma_FA_mGal": 0.047}}, {"type": "Feature", "geometry": {"type": "Point", "coordinates": [34.7532508, 24.7443761]}, "properties": {"Station_UID": "CG6-0640|2026-01-20|L1|S253", "Instrument": "CG6-0640", "Date": "2026-01-20", "Line": "1", "Station": "253", "H_ortho_m": 390.978, "dg_rel_base100_mGal": -67.1545, "FA_rel_mGal": 25.6014, "SB_rel_2.67_mGal": -6.9869, "CB_rel_2.67_mGal": -7.1004, "TC_2.67_mGal": 1.0099, "sigma_FA_mGal": 0.047}}, {"type": "Feature", "geometry": {"type": "Point", "coordinates": [34.7512209, 24.7448278]}, "properties": {"Station_UID": "CG6-0640|2026-01-20|L1|S254", "Instrument": "CG6-0640", "Date": "2026-01-20", "Line": "1", "Station": "254", "H_ortho_m": 393.7738, "dg_rel_base100_mGal": -68.1892, "FA_rel_mGal": 25.3986, "SB_rel_2.67_mGal": -7.5028, "CB_rel_2.67_mGal": -7.5788, "TC_2.67_mGal": 1.0474, "sigma_FA_mGal": 0.047}}, {"type": "Feature", "geometry": {"type": "Point", "coordinates": [34.749939, 24.7448746]}, "properties": {"Station_UID": "CG6-0640|2026-01-20|L1|S255", "Instrument": "CG6-0640", "Date": "2026-01-20", "Line": "1", "Station": "255", "H_ortho_m": 395.2522, "dg_rel_base100_mGal": -68.8863, "FA_rel_mGal": 25.1546, "SB_rel_2.67_mGal": -7.9123, "CB_rel_2.67_mGal": -7.9632, "TC_2.67_mGal": 1.0725, "sigma_FA_mGal": 0.047}}, {"type": "Feature", "geometry": {"type": "Point", "coordinates": [34.7495155, 24.7467673]}, "properties": {"Station_UID": "CG6-0640|2026-01-20|L1|S256", "Instrument": "CG6-0640", "Date": "2026-01-20", "Line": "1", "Station": "256", "H_ortho_m": 395.0973, "dg_rel_base100_mGal": -69.5248, "FA_rel_mGal": 24.3383, "SB_rel_2.67_mGal": -8.7112, "CB_rel_2.67_mGal": -8.7274, "TC_2.67_mGal": 1.1071, "sigma_FA_mGal": 0.047}}, {"type": "Feature", "geometry": {"type": "Point", "coordinates": [34.7481202, 24.7476455]}, "properties": {"Station_UID": "CG6-0640|2026-01-20|L1|S257", "Instrument": "CG6-0640", "Date": "2026-01-20", "Line": "1", "Station": "257", "H_ortho_m": 396.9231, "dg_rel_base100_mGal": -70.0202, "FA_rel_mGal": 24.3462, "SB_rel_2.67_mGal": -8.9077, "CB_rel_2.67_mGal": -8.8772, "TC_2.67_mGal": 1.1539, "sigma_FA_mGal": 0.047}}, {"type": "Feature", "geometry": {"type": "Point", "coordinates": [34.7469345, 24.746455]}, "properties": {"Station_UID": "CG6-0640|2026-01-20|L1|S258", "Instrument": "CG6-0640", "Date": "2026-01-20", "Line": "1", "Station": "258", "H_ortho_m": 398.3236, "dg_rel_base100_mGal": -70.8244, "FA_rel_mGal": 24.0559, "SB_rel_2.67_mGal": -9.3548, "CB_rel_2.67_mGal": -9.239, "TC_2.67_mGal": 1.2392, "sigma_FA_mGal": 0.047}}, {"type": "Feature", "geometry": {"type": "Point", "coordinates": [34.7478083, 24.7458213]}, "properties": {"Station_UID": "CG6-0640|2026-01-20|L1|S259", "Instrument": "CG6-0640", "Date": "2026-01-20", "Line": "1", "Station": "259", "H_ortho_m": 397.5023, "dg_rel_base100_mGal": -70.2101, "FA_rel_mGal": 24.4603, "SB_rel_2.67_mGal": -8.8584, "CB_rel_2.67_mGal": -8.8072, "TC_2.67_mGal": 1.1746, "sigma_FA_mGal": 0.0471}}, {"type": "Feature", "geometry": {"type": "Point", "coordinates": [34.748195, 24.74457]}, "properties": {"Station_UID": "CG6-0640|2026-01-20|L1|S260", "Instrument": "CG6-0640", "Date": "2026-01-20", "Line": "1", "Station": "260", "H_ortho_m": 397.8885, "dg_rel_base100_mGal": -70.246, "FA_rel_mGal": 24.6294, "SB_rel_2.67_mGal": -8.7326, "CB_rel_2.67_mGal": -8.7335, "TC_2.67_mGal": 1.1225, "sigma_FA_mGal": 0.047}}, {"type": "Feature", "geometry": {"type": "Point", "coordinates": [34.7465272, 24.7428931]}, "properties": {"Station_UID": "CG6-0640|2026-01-20|L1|S261", "Instrument": "CG6-0640", "Date": "2026-01-20", "Line": "1", "Station": "261", "H_ortho_m": 401.3975, "dg_rel_base100_mGal": -71.5124, "FA_rel_mGal": 24.5611, "SB_rel_2.67_mGal": -9.1937, "CB_rel_2.67_mGal": -9.1614, "TC_2.67_mGal": 1.1558, "sigma_FA_mGal": 0.0472}}, {"type": "Feature", "geometry": {"type": "Point", "coordinates": [34.7473122, 24.7422716]}, "properties": {"Station_UID": "CG6-0640|2026-01-20|L1|S262", "Instrument": "CG6-0640", "Date": "2026-01-20", "Line": "1", "Station": "262", "H_ortho_m": 402.0559, "dg_rel_base100_mGal": -71.1066, "FA_rel_mGal": 25.2127, "SB_rel_2.67_mGal": -8.6158, "CB_rel_2.67_mGal": -8.6164, "TC_2.67_mGal": 1.1228, "sigma_FA_mGal": 0.047}}, {"type": "Feature", "geometry": {"type": "Point", "coordinates": [34.7450971, 24.7419518]}, "properties": {"Station_UID": "CG6-0640|2026-01-20|L1|S263", "Instrument": "CG6-0640", "Date": "2026-01-20", "Line": "1", "Station": "263", "H_ortho_m": 403.9123, "dg_rel_base100_mGal": -72.4892, "FA_rel_mGal": 24.425, "SB_rel_2.67_mGal": -9.6113, "CB_rel_2.67_mGal": -9.5357, "TC_2.67_mGal": 1.199, "sigma_FA_mGal": 0.047}}, {"type": "Feature", "geometry": {"type": "Point", "coordinates": [34.7458277, 24.7411091]}, "properties": {"Station_UID": "CG6-0640|2026-01-20|L1|S264", "Instrument": "CG6-0640", "Date": "2026-01-20", "Line": "1", "Station": "264", "H_ortho_m": 404.9418, "dg_rel_base100_mGal": -72.4273, "FA_rel_mGal": 24.8625, "SB_rel_2.67_mGal": -9.2892, "CB_rel_2.67_mGal": -9.2477, "TC_2.67_mGal": 1.1648, "sigma_FA_mGal": 0.047}}, {"type": "Feature", "geometry": {"type": "Point", "coordinates": [34.7429074, 24.7400399]}, "properties": {"Station_UID": "CG6-0640|2026-01-20|L1|S265", "Instrument": "CG6-0640", "Date": "2026-01-20", "Line": "1", "Station": "265", "H_ortho_m": 408.6025, "dg_rel_base100_mGal": -74.2143, "FA_rel_mGal": 24.2786, "SB_rel_2.67_mGal": -10.2828, "CB_rel_2.67_mGal": -10.1314, "TC_2.67_mGal": 1.2748, "sigma_FA_mGal": 0.047}}, {"type": "Feature", "geometry": {"type": "Point", "coordinates": [34.7436989, 24.7395434]}, "properties": {"Station_UID": "CG6-0640|2026-01-20|L1|S266", "Instrument": "CG6-0640", "Date": "2026-01-20", "Line": "1", "Station": "266", "H_ortho_m": 408.3428, "dg_rel_base100_mGal": -73.9147, "FA_rel_mGal": 24.5322, "SB_rel_2.67_mGal": -10.0002, "CB_rel_2.67_mGal": -9.8853, "TC_2.67_mGal": 1.2383, "sigma_FA_mGal": 0.047}}, {"type": "Feature", "geometry": {"type": "Point", "coordinates": [34.7430706, 24.7374903]}, "properties": {"Station_UID": "CG6-0640|2026-01-20|L1|S267", "Instrument": "CG6-0640", "Date": "2026-01-20", "Line": "1", "Station": "267", "H_ortho_m": 412.5357, "dg_rel_base100_mGal": -74.744, "FA_rel_mGal": 25.1378, "SB_rel_2.67_mGal": -9.8639, "CB_rel_2.67_mGal": -9.7345, "TC_2.67_mGal": 1.2529, "sigma_FA_mGal": 0.0471}}, {"type": "Feature", "geometry": {"type": "Point", "coordinates": [34.7414247, 24.7384676]}, "properties": {"Station_UID": "CG6-0640|2026-01-20|L1|S268", "Instrument": "CG6-0640", "Date": "2026-01-20", "Line": "1", "Station": "268", "H_ortho_m": 412.682, "dg_rel_base100_mGal": -75.3261, "FA_rel_mGal": 24.5338, "SB_rel_2.67_mGal": -10.4844, "CB_rel_2.67_mGal": -10.279, "TC_2.67_mGal": 1.3288, "sigma_FA_mGal": 0.047}}, {"type": "Feature", "geometry": {"type": "Point", "coordinates": [34.7398529, 24.7391849]}, "properties": {"Station_UID": "CG6-0640|2026-01-20|L1|S269", "Instrument": "CG6-0640", "Date": "2026-01-20", "Line": "1", "Station": "269", "H_ortho_m": 415.7686, "dg_rel_base100_mGal": -76.1303, "FA_rel_mGal": 24.633, "SB_rel_2.67_mGal": -10.7307, "CB_rel_2.67_mGal": -10.4197, "TC_2.67_mGal": 1.4344, "sigma_FA_mGal": 0.047}}, {"type": "Feature", "geometry": {"type": "Point", "coordinates": [34.7391759, 24.7409032]}, "properties": {"Station_UID": "CG6-0640|2026-01-20|L1|S270", "Instrument": "CG6-0640", "Date": "2026-01-20", "Line": "1", "Station": "270", "H_ortho_m": 420.6611, "dg_rel_base100_mGal": -77.392, "FA_rel_mGal": 24.7634, "SB_rel_2.67_mGal": -11.148, "CB_rel_2.67_mGal": -10.8009, "TC_2.67_mGal": 1.4706, "sigma_FA_mGal": 0.0471}}, {"type": "Feature", "geometry": {"type": "Point", "coordinates": [34.7379768, 24.7416641]}, "properties": {"Station_UID": "CG6-0640|2026-01-20|L1|S271", "Instrument": "CG6-0640", "Date": "2026-01-20", "Line": "1", "Station": "271", "H_ortho_m": 425.1954, "dg_rel_base100_mGal": -78.2432, "FA_rel_mGal": 25.2594, "SB_rel_2.67_mGal": -11.1596, "CB_rel_2.67_mGal": -10.6895, "TC_2.67_mGal": 1.5936, "sigma_FA_mGal": 0.047}}, {"type": "Feature", "geometry": {"type": "Point", "coordinates": [34.736937, 24.7414879]}, "properties": {"Station_UID": "CG6-0640|2026-01-20|L1|S272", "Instrument": "CG6-0640", "Date": "2026-01-20", "Line": "1", "Station": "272", "H_ortho_m": 428.7683, "dg_rel_base100_mGal": -79.1404, "FA_rel_mGal": 25.4771, "SB_rel_2.67_mGal": -11.342, "CB_rel_2.67_mGal": -10.7553, "TC_2.67_mGal": 1.7101, "sigma_FA_mGal": 0.047}}, {"type": "Feature", "geometry": {"type": "Point", "coordinates": [34.7367179, 24.7401667]}, "properties": {"Station_UID": "CG6-0640|2026-01-20|L1|S273", "Instrument": "CG6-0640", "Date": "2026-01-20", "Line": "1", "Station": "273", "H_ortho_m": 427.3234, "dg_rel_base100_mGal": -78.9487, "FA_rel_mGal": 25.3135, "SB_rel_2.67_mGal": -11.3438, "CB_rel_2.67_mGal": -10.7204, "TC_2.67_mGal": 1.7468, "sigma_FA_mGal": 0.0472}}, {"type": "Feature", "geometry": {"type": "Point", "coordinates": [34.7363416, 24.739269]}, "properties": {"Station_UID": "CG6-0640|2026-01-20|L1|S274", "Instrument": "CG6-0640", "Date": "2026-01-20", "Line": "1", "Station": "274", "H_ortho_m": 424.1907, "dg_rel_base100_mGal": -78.5273, "FA_rel_mGal": 24.8296, "SB_rel_2.67_mGal": -11.477, "CB_rel_2.67_mGal": -10.7215, "TC_2.67_mGal": 1.8789, "sigma_FA_mGal": 0.0471}}, {"type": "Feature", "geometry": {"type": "Point", "coordinates": [34.7353678, 24.7380164]}, "properties": {"Station_UID": "CG6-0640|2026-01-20|L1|S275", "Instrument": "CG6-0640", "Date": "2026-01-20", "Line": "1", "Station": "275", "H_ortho_m": 425.9861, "dg_rel_base100_mGal": -79.5191, "FA_rel_mGal": 24.4778, "SB_rel_2.67_mGal": -12.0298, "CB_rel_2.67_mGal": -11.2624, "TC_2.67_mGal": 1.8908, "sigma_FA_mGal": 0.047}}, {"type": "Feature", "geometry": {"type": "Point", "coordinates": [34.7351205, 24.7371848]}, "properties": {"Station_UID": "CG6-0640|2026-01-20|L1|S276", "Instrument": "CG6-0640", "Date": "2026-01-20", "Line": "1", "Station": "276", "H_ortho_m": 427.5076, "dg_rel_base100_mGal": -80.1606, "FA_rel_mGal": 24.363, "SB_rel_2.67_mGal": -12.3149, "CB_rel_2.67_mGal": -11.618, "TC_2.67_mGal": 1.8204, "sigma_FA_mGal": 0.047}}, {"type": "Feature", "geometry": {"type": "Point", "coordinates": [34.734805, 24.7356383]}, "properties": {"Station_UID": "CG6-0640|2026-01-20|L1|S277", "Instrument": "CG6-0640", "Date": "2026-01-20", "Line": "1", "Station": "277", "H_ortho_m": 427.3979, "dg_rel_base100_mGal": -80.7299, "FA_rel_mGal": 23.8658, "SB_rel_2.67_mGal": -12.7998, "CB_rel_2.67_mGal": -12.1337, "TC_2.67_mGal": 1.7895, "sigma_FA_mGal": 0.047}}, {"type": "Feature", "geometry": {"type": "Point", "coordinates": [34.7347757, 24.7343667]}, "properties": {"Station_UID": "CG6-0640|2026-01-20|L1|S278", "Instrument": "CG6-0640", "Date": "2026-01-20", "Line": "1", "Station": "278", "H_ortho_m": 430.9514, "dg_rel_base100_mGal": -81.8085, "FA_rel_mGal": 23.9712, "SB_rel_2.67_mGal": -13.0922, "CB_rel_2.67_mGal": -12.4995, "TC_2.67_mGal": 1.7162, "sigma_FA_mGal": 0.047}}, {"type": "Feature", "geometry": {"type": "Point", "coordinates": [34.7348105, 24.7336136]}, "properties": {"Station_UID": "CG6-0640|2026-01-20|L1|S279", "Instrument": "CG6-0640", "Date": "2026-01-20", "Line": "1", "Station": "279", "H_ortho_m": 431.0544, "dg_rel_base100_mGal": -82.0951, "FA_rel_mGal": 23.7681, "SB_rel_2.67_mGal": -13.3069, "CB_rel_2.67_mGal": -12.7266, "TC_2.67_mGal": 1.7037, "sigma_FA_mGal": 0.047}}, {"type": "Feature", "geometry": {"type": "Point", "coordinates": [34.7358711, 24.7324552]}, "properties": {"Station_UID": "CG6-0640|2026-01-20|L1|S280", "Instrument": "CG6-0640", "Date": "2026-01-20", "Line": "1", "Station": "280", "H_ortho_m": 432.6742, "dg_rel_base100_mGal": -82.0475, "FA_rel_mGal": 24.395, "SB_rel_2.67_mGal": -12.8613, "CB_rel_2.67_mGal": -12.3473, "TC_2.67_mGal": 1.6374, "sigma_FA_mGal": 0.0475}}, {"type": "Feature", "geometry": {"type": "Point", "coordinates": [34.7365391, 24.7311742]}, "properties": {"Station_UID": "CG6-0640|2026-01-20|L1|S281", "Instrument": "CG6-0640", "Date": "2026-01-20", "Line": "1", "Station": "281", "H_ortho_m": 430.0422, "dg_rel_base100_mGal": -81.7852, "FA_rel_mGal": 23.933, "SB_rel_2.67_mGal": -13.0287, "CB_rel_2.67_mGal": -12.4685, "TC_2.67_mGal": 1.6836, "sigma_FA_mGal": 0.047}}, {"type": "Feature", "geometry": {"type": "Point", "coordinates": [34.7381617, 24.7314047]}, "properties": {"Station_UID": "CG6-0640|2026-01-20|L1|S282", "Instrument": "CG6-0640", "Date": "2026-01-20", "Line": "1", "Station": "282", "H_ortho_m": 426.1243, "dg_rel_base100_mGal": -79.6357, "FA_rel_mGal": 24.8574, "SB_rel_2.67_mGal": -11.6656, "CB_rel_2.67_mGal": -11.2145, "TC_2.67_mGal": 1.5746, "sigma_FA_mGal": 0.047}}, {"type": "Feature", "geometry": {"type": "Point", "coordinates": [34.7397415, 24.7324515]}, "properties": {"Station_UID": "CG6-0640|2026-01-20|L1|S283", "Instrument": "CG6-0640", "Date": "2026-01-20", "Line": "1", "Station": "283", "H_ortho_m": 422.2064, "dg_rel_base100_mGal": -78.0439, "FA_rel_mGal": 25.1683, "SB_rel_2.67_mGal": -10.9161, "CB_rel_2.67_mGal": -10.6137, "TC_2.67_mGal": 1.4259, "sigma_FA_mGal": 0.0475}}, {"type": "Feature", "geometry": {"type": "Point", "coordinates": [34.7408493, 24.7322813]}, "properties": {"Station_UID": "CG6-0640|2026-01-20|L1|S284", "Instrument": "CG6-0640", "Date": "2026-01-20", "Line": "1", "Station": "284", "H_ortho_m": 422.8229, "dg_rel_base100_mGal": -77.8109, "FA_rel_mGal": 25.6032, "SB_rel_2.67_mGal": -10.5503, "CB_rel_2.67_mGal": -10.3113, "TC_2.67_mGal": 1.3624, "sigma_FA_mGal": 0.047}}, {"type": "Feature", "geometry": {"type": "Point", "coordinates": [34.7412365, 24.7298162]}, "properties": {"Station_UID": "CG6-0640|2026-01-20|L1|S286", "Instrument": "CG6-0640", "Date": "2026-01-20", "Line": "1", "Station": "286", "H_ortho_m": 427.9436, "dg_rel_base100_mGal": -78.8139, "FA_rel_mGal": 26.3497, "SB_rel_2.67_mGal": -10.3771, "CB_rel_2.67_mGal": -10.0485, "TC_2.67_mGal": 1.452, "sigma_FA_mGal": 0.047}}, {"type": "Feature", "geometry": {"type": "Point", "coordinates": [34.7421993, 24.7290723]}, "properties": {"Station_UID": "CG6-0640|2026-01-20|L1|S287", "Instrument": "CG6-0640", "Date": "2026-01-20", "Line": "1", "Station": "287", "H_ortho_m": 428.4045, "dg_rel_base100_mGal": -78.9897, "FA_rel_mGal": 26.3672, "SB_rel_2.67_mGal": -10.4112, "CB_rel_2.67_mGal": -10.1313, "TC_2.67_mGal": 1.4033, "sigma_FA_mGal": 0.047}}, {"type": "Feature", "geometry": {"type": "Point", "coordinates": [34.743128, 24.7296705]}, "properties": {"Station_UID": "CG6-0640|2026-01-20|L1|S288", "Instrument": "CG6-0640", "Date": "2026-01-20", "Line": "1", "Station": "288", "H_ortho_m": 427.0297, "dg_rel_base100_mGal": -78.6694, "FA_rel_mGal": 26.2221, "SB_rel_2.67_mGal": -10.4023, "CB_rel_2.67_mGal": -10.0823, "TC_2.67_mGal": 1.4434, "sigma_FA_mGal": 0.047}}, {"type": "Feature", "geometry": {"type": "Point", "coordinates": [34.7434378, 24.7311205]}, "properties": {"Station_UID": "CG6-0640|2026-01-20|L1|S289", "Instrument": "CG6-0640", "Date": "2026-01-20", "Line": "1", "Station": "289", "H_ortho_m": 424.3927, "dg_rel_base100_mGal": -78.0845, "FA_rel_mGal": 25.8938, "SB_rel_2.67_mGal": -10.4354, "CB_rel_2.67_mGal": -10.1315, "TC_2.67_mGal": 1.4274, "sigma_FA_mGal": 0.047}}, {"type": "Feature", "geometry": {"type": "Point", "coordinates": [34.7440423, 24.7327449]}, "properties": {"Station_UID": "CG6-0640|2026-01-20|L1|S290", "Instrument": "CG6-0640", "Date": "2026-01-20", "Line": "1", "Station": "290", "H_ortho_m": 421.1242, "dg_rel_base100_mGal": -76.5759, "FA_rel_mGal": 26.2822, "SB_rel_2.67_mGal": -9.6811, "CB_rel_2.67_mGal": -9.3982, "TC_2.67_mGal": 1.4063, "sigma_FA_mGal": 0.047}}, {"type": "Feature", "geometry": {"type": "Point", "coordinates": [34.7446005, 24.7344599]}, "properties": {"Station_UID": "CG6-0640|2026-01-20|L1|S291", "Instrument": "CG6-0640", "Date": "2026-01-20", "Line": "1", "Station": "291", "H_ortho_m": 418.1056, "dg_rel_base100_mGal": -74.9891, "FA_rel_mGal": 26.8197, "SB_rel_2.67_mGal": -8.8057, "CB_rel_2.67_mGal": -8.6285, "TC_2.67_mGal": 1.3006, "sigma_FA_mGal": 0.047}}, {"type": "Feature", "geometry": {"type": "Point", "coordinates": [34.7445082, 24.7326673]}, "properties": {"Station_UID": "CG6-0640|2026-01-20|L1|S292", "Instrument": "CG6-0640", "Date": "2026-01-20", "Line": "1", "Station": "292", "H_ortho_m": 420.6873, "dg_rel_base100_mGal": -76.1791, "FA_rel_mGal": 26.5494, "SB_rel_2.67_mGal": -9.365, "CB_rel_2.67_mGal": -8.9517, "TC_2.67_mGal": 1.5367, "sigma_FA_mGal": 0.047}}, {"type": "Feature", "geometry": {"type": "Point", "coordinates": [34.7426883, 24.726827]}, "properties": {"Station_UID": "CG6-0640|2026-01-20|L1|S293", "Instrument": "CG6-0640", "Date": "2026-01-20", "Line": "1", "Station": "293", "H_ortho_m": 433.4111, "dg_rel_base100_mGal": -80.3296, "FA_rel_mGal": 26.7264, "SB_rel_2.67_mGal": -10.6124, "CB_rel_2.67_mGal": -10.3222, "TC_2.67_mGal": 1.4137, "sigma_FA_mGal": 0.047}}, {"type": "Feature", "geometry": {"type": "Point", "coordinates": [34.7416142, 24.7241626]}, "properties": {"Station_UID": "CG6-0640|2026-01-20|L1|S294", "Instrument": "CG6-0640", "Date": "2026-01-20", "Line": "1", "Station": "294", "H_ortho_m": 437.896, "dg_rel_base100_mGal": -81.5712, "FA_rel_mGal": 27.0518, "SB_rel_2.67_mGal": -10.7892, "CB_rel_2.67_mGal": -10.514, "TC_2.67_mGal": 1.3986, "sigma_FA_mGal": 0.047}}, {"type": "Feature", "geometry": {"type": "Point", "coordinates": [34.7399573, 24.722604]}, "properties": {"Station_UID": "CG6-0640|2026-01-20|L1|S295", "Instrument": "CG6-0640", "Date": "2026-01-20", "Line": "1", "Station": "295", "H_ortho_m": 441.8195, "dg_rel_base100_mGal": -84.5546, "FA_rel_mGal": 25.3862, "SB_rel_2.67_mGal": -12.894, "CB_rel_2.67_mGal": -12.6745, "TC_2.67_mGal": 1.3429, "sigma_FA_mGal": 0.0471}}, {"type": "Feature", "geometry": {"type": "Point", "coordinates": [34.73742, 24.7213676]}, "properties": {"Station_UID": "CG6-0640|2026-01-20|L1|S296", "Instrument": "CG6-0640", "Date": "2026-01-20", "Line": "1", "Station": "296", "H_ortho_m": 446.295, "dg_rel_base100_mGal": -86.7467, "FA_rel_mGal": 24.6601, "SB_rel_2.67_mGal": -14.1211, "CB_rel_2.67_mGal": -13.8549, "TC_2.67_mGal": 1.3896, "sigma_FA_mGal": 0.0471}}, {"type": "Feature", "geometry": {"type": "Point", "coordinates": [34.7365075, 24.7191373]}, "properties": {"Station_UID": "CG6-0640|2026-01-20|L1|S297", "Instrument": "CG6-0640", "Date": "2026-01-20", "Line": "1", "Station": "297", "H_ortho_m": 450.531, "dg_rel_base100_mGal": -87.9399, "FA_rel_mGal": 24.9271, "SB_rel_2.67_mGal": -14.3284, "CB_rel_2.67_mGal": -13.9529, "TC_2.67_mGal": 1.4989, "sigma_FA_mGal": 0.047}}, {"type": "Feature", "geometry": {"type": "Point", "coordinates": [34.735749, 24.7169585]}, "properties": {"Station_UID": "CG6-0640|2026-01-20|L1|S298", "Instrument": "CG6-0640", "Date": "2026-01-20", "Line": "1", "Station": "298", "H_ortho_m": 454.4513, "dg_rel_base100_mGal": -88.9975, "FA_rel_mGal": 25.2289, "SB_rel_2.67_mGal": -14.4655, "CB_rel_2.67_mGal": -13.8672, "TC_2.67_mGal": 1.7217, "sigma_FA_mGal": 0.047}}, {"type": "Feature", "geometry": {"type": "Point", "coordinates": [34.7361093, 24.7138323]}, "properties": {"Station_UID": "CG6-0640|2026-01-20|L1|S299", "Instrument": "CG6-0640", "Date": "2026-01-20", "Line": "1", "Station": "299", "H_ortho_m": 459.6918, "dg_rel_base100_mGal": -89.7472, "FA_rel_mGal": 26.3109, "SB_rel_2.67_mGal": -13.9702, "CB_rel_2.67_mGal": -12.9686, "TC_2.67_mGal": 2.125, "sigma_FA_mGal": 0.0471}}, {"type": "Feature", "geometry": {"type": "Point", "coordinates": [34.7357684, 24.7130304]}, "properties": {"Station_UID": "CG6-0640|2026-01-20|L1|S300", "Instrument": "CG6-0640", "Date": "2026-01-20", "Line": "1", "Station": "300", "H_ortho_m": 460.5552, "dg_rel_base100_mGal": -90.5737, "FA_rel_mGal": 25.8058, "SB_rel_2.67_mGal": -14.5719, "CB_rel_2.67_mGal": -13.0975, "TC_2.67_mGal": 2.5978, "sigma_FA_mGal": 0.047}}, {"type": "Feature", "geometry": {"type": "Point", "coordinates": [34.7585186, 24.74382]}, "properties": {"Station_UID": "CG6-0640|2026-01-20|L1|S301", "Instrument": "CG6-0640", "Date": "2026-01-20", "Line": "1", "Station": "301", "H_ortho_m": 384.2783, "dg_rel_base100_mGal": -64.483, "FA_rel_mGal": 26.2433, "SB_rel_2.67_mGal": -5.595, "CB_rel_2.67_mGal": -5.7458, "TC_2.67_mGal": 0.9726, "sigma_FA_mGal": 0.047}}, {"type": "Feature", "geometry": {"type": "Point", "coordinates": [34.759293, 24.7412198]}, "properties": {"Station_UID": "CG6-0640|2026-01-20|L1|S302", "Instrument": "CG6-0640", "Date": "2026-01-20", "Line": "1", "Station": "302", "H_ortho_m": 386.7198, "dg_rel_base100_mGal": -64.6544, "FA_rel_mGal": 27.0039, "SB_rel_2.67_mGal": -5.1077, "CB_rel_2.67_mGal": -5.1826, "TC_2.67_mGal": 1.0486, "sigma_FA_mGal": 0.0475}}, {"type": "Feature", "geometry": {"type": "Point", "coordinates": [34.7595472, 24.7389494]}, "properties": {"Station_UID": "CG6-0640|2026-01-20|L1|S303", "Instrument": "CG6-0640", "Date": "2026-01-20", "Line": "1", "Station": "303", "H_ortho_m": 391.4166, "dg_rel_base100_mGal": -64.7251, "FA_rel_mGal": 28.5385, "SB_rel_2.67_mGal": -4.0989, "CB_rel_2.67_mGal": -3.928, "TC_2.67_mGal": 1.2944, "sigma_FA_mGal": 0.0479}}, {"type": "Feature", "geometry": {"type": "Point", "coordinates": [34.7594034, 24.7365693]}, "properties": {"Station_UID": "CG6-0640|2026-01-20|L1|S304", "Instrument": "CG6-0640", "Date": "2026-01-20", "Line": "1", "Station": "304", "H_ortho_m": 395.4294, "dg_rel_base100_mGal": -65.571, "FA_rel_mGal": 29.0944, "SB_rel_2.67_mGal": -3.9922, "CB_rel_2.67_mGal": -3.6302, "TC_2.67_mGal": 1.4855, "sigma_FA_mGal": 0.047}}, {"type": "Feature", "geometry": {"type": "Point", "coordinates": [34.7612241, 24.7345554]}, "properties": {"Station_UID": "CG6-0640|2026-01-20|L1|S305", "Instrument": "CG6-0640", "Date": "2026-01-20", "Line": "1", "Station": "305", "H_ortho_m": 400.2502, "dg_rel_base100_mGal": -66.1365, "FA_rel_mGal": 30.1549, "SB_rel_2.67_mGal": -3.4714, "CB_rel_2.67_mGal": -3.1707, "TC_2.67_mGal": 1.4242, "sigma_FA_mGal": 0.047}}, {"type": "Feature", "geometry": {"type": "Point", "coordinates": [34.7619433, 24.7322337]}, "properties": {"Station_UID": "CG6-0640|2026-01-20|L1|S306", "Instrument": "CG6-0640", "Date": "2026-01-20", "Line": "1", "Station": "306", "H_ortho_m": 404.0462, "dg_rel_base100_mGal": -66.831, "FA_rel_mGal": 30.7912, "SB_rel_2.67_mGal": -3.2601, "CB_rel_2.67_mGal": -3.1774, "TC_2.67_mGal": 1.2062, "sigma_FA_mGal": 0.047}}, {"type": "Feature", "geometry": {"type": "Point", "coordinates": [34.7624742, 24.7300388]}, "properties": {"Station_UID": "CG6-0640|2026-01-20|L1|S307", "Instrument": "CG6-0640", "Date": "2026-01-20", "Line": "1", "Station": "307", "H_ortho_m": 408.8146, "dg_rel_base100_mGal": -67.9046, "FA_rel_mGal": 31.3399, "SB_rel_2.67_mGal": -3.2453, "CB_rel_2.67_mGal": -3.2758, "TC_2.67_mGal": 1.0929, "sigma_FA_mGal": 0.047}}, {"type": "Feature", "geometry": {"type": "Point", "coordinates": [34.7631395, 24.7278399]}, "properties": {"Station_UID": "CG6-0640|2026-01-20|L1|S308", "Instrument": "CG6-0640", "Date": "2026-01-20", "Line": "1", "Station": "308", "H_ortho_m": 413.2203, "dg_rel_base100_mGal": -69.0727, "FA_rel_mGal": 31.6823, "SB_rel_2.67_mGal": -3.3961, "CB_rel_2.67_mGal": -3.4546, "TC_2.67_mGal": 1.0649, "sigma_FA_mGal": 0.047}}, {"type": "Feature", "geometry": {"type": "Point", "coordinates": [34.7645253, 24.7257801]}, "properties": {"Station_UID": "CG6-0640|2026-01-20|L1|S309", "Instrument": "CG6-0640", "Date": "2026-01-20", "Line": "1", "Station": "309", "H_ortho_m": 417.7297, "dg_rel_base100_mGal": -70.2086, "FA_rel_mGal": 32.0795, "SB_rel_2.67_mGal": -3.5038, "CB_rel_2.67_mGal": -3.547, "TC_2.67_mGal": 1.0802, "sigma_FA_mGal": 0.047}}, {"type": "Feature", "geometry": {"type": "Point", "coordinates": [34.7657544, 24.7240045]}, "properties": {"Station_UID": "CG6-0640|2026-01-20|L1|S310", "Instrument": "CG6-0640", "Date": "2026-01-20", "Line": "1", "Station": "310", "H_ortho_m": 421.7364, "dg_rel_base100_mGal": -71.4462, "FA_rel_mGal": 32.2002, "SB_rel_2.67_mGal": -3.8316, "CB_rel_2.67_mGal": -3.8096, "TC_2.67_mGal": 1.1454, "sigma_FA_mGal": 0.0471}}, {"type": "Feature", "geometry": {"type": "Point", "coordinates": [34.7656794, 24.7212908]}, "properties": {"Station_UID": "CG6-0640|2026-01-20|L1|S311", "Instrument": "CG6-0640", "Date": "2026-01-20", "Line": "1", "Station": "311", "H_ortho_m": 427.4965, "dg_rel_base100_mGal": -73.1144, "FA_rel_mGal": 32.4959, "SB_rel_2.67_mGal": -4.1808, "CB_rel_2.67_mGal": -4.2155, "TC_2.67_mGal": 1.0887, "sigma_FA_mGal": 0.047}}, {"type": "Feature", "geometry": {"type": "Point", "coordinates": [34.7666255, 24.7190189]}, "properties": {"Station_UID": "CG6-0640|2026-01-20|L1|S312", "Instrument": "CG6-0640", "Date": "2026-01-20", "Line": "1", "Station": "312", "H_ortho_m": 432.2488, "dg_rel_base100_mGal": -74.5571, "FA_rel_mGal": 32.6757, "SB_rel_2.67_mGal": -4.5331, "CB_rel_2.67_mGal": -4.4855, "TC_2.67_mGal": 1.171, "sigma_FA_mGal": 0.0471}}, {"type": "Feature", "geometry": {"type": "Point", "coordinates": [34.7682859, 24.7172525]}, "properties": {"Station_UID": "CG6-0640|2026-01-20|L1|S313", "Instrument": "CG6-0640", "Date": "2026-01-20", "Line": "1", "Station": "313", "H_ortho_m": 437.6224, "dg_rel_base100_mGal": -75.7476, "FA_rel_mGal": 33.2647, "SB_rel_2.67_mGal": -4.5456, "CB_rel_2.67_mGal": -4.398, "TC_2.67_mGal": 1.271, "sigma_FA_mGal": 0.0471}}, {"type": "Feature", "geometry": {"type": "Point", "coordinates": [34.770686, 24.7163276]}, "properties": {"Station_UID": "CG6-0640|2026-01-20|L1|S314", "Instrument": "CG6-0640", "Date": "2026-01-20", "Line": "1", "Station": "314", "H_ortho_m": 442.8202, "dg_rel_base100_mGal": -76.8491, "FA_rel_mGal": 33.8308, "SB_rel_2.67_mGal": -4.5614, "CB_rel_2.67_mGal": -4.3758, "TC_2.67_mGal": 1.309, "sigma_FA_mGal": 0.0473}}, {"type": "Feature", "geometry": {"type": "Point", "coordinates": [34.7725659, 24.7149162]}, "properties": {"Station_UID": "CG6-0640|2026-01-20|L1|S315", "Instrument": "CG6-0640", "Date": "2026-01-20", "Line": "1", "Station": "315", "H_ortho_m": 448.7989, "dg_rel_base100_mGal": -78.1395, "FA_rel_mGal": 34.4824, "SB_rel_2.67_mGal": -4.5791, "CB_rel_2.67_mGal": -4.4305, "TC_2.67_mGal": 1.272, "sigma_FA_mGal": 0.0471}}, {"type": "Feature", "geometry": {"type": "Point", "coordinates": [34.7748279, 24.7135335]}, "properties": {"Station_UID": "CG6-0640|2026-01-20|L1|S316", "Instrument": "CG6-0640", "Date": "2026-01-20", "Line": "1", "Station": "316", "H_ortho_m": 462.0755, "dg_rel_base100_mGal": -80.6906, "FA_rel_mGal": 36.1236, "SB_rel_2.67_mGal": -4.4243, "CB_rel_2.67_mGal": -4.3639, "TC_2.67_mGal": 1.1838, "sigma_FA_mGal": 0.047}}, {"type": "Feature", "geometry": {"type": "Point", "coordinates": [34.7766696, 24.7131603]}, "properties": {"Station_UID": "CG6-0640|2026-01-20|L1|S317", "Instrument": "CG6-0640", "Date": "2026-01-20", "Line": "1", "Station": "317", "H_ortho_m": 453.0543, "dg_rel_base100_mGal": -78.8444, "FA_rel_mGal": 35.2112, "SB_rel_2.67_mGal": -4.3267, "CB_rel_2.67_mGal": -4.2039, "TC_2.67_mGal": 1.2462, "sigma_FA_mGal": 0.047}}, {"type": "Feature", "geometry": {"type": "Point", "coordinates": [34.7782931, 24.7113128]}, "properties": {"Station_UID": "CG6-0640|2026-01-20|L1|S318", "Instrument": "CG6-0640", "Date": "2026-01-20", "Line": "1", "Station": "318", "H_ortho_m": 446.3696, "dg_rel_base100_mGal": -78.291, "FA_rel_mGal": 33.8282, "SB_rel_2.67_mGal": -4.9614, "CB_rel_2.67_mGal": -4.5243, "TC_2.67_mGal": 1.5605, "sigma_FA_mGal": 0.047}}, {"type": "Feature", "geometry": {"type": "Point", "coordinates": [34.7798364, 24.7100049]}, "properties": {"Station_UID": "CG6-0640|2026-01-20|L1|S319", "Instrument": "CG6-0640", "Date": "2026-01-20", "Line": "1", "Station": "319", "H_ortho_m": 439.8803, "dg_rel_base100_mGal": -77.14, "FA_rel_mGal": 33.066, "SB_rel_2.67_mGal": -4.9971, "CB_rel_2.67_mGal": -4.6795, "TC_2.67_mGal": 1.441, "sigma_FA_mGal": 0.0478}}, {"type": "Feature", "geometry": {"type": "Point", "coordinates": [34.7814355, 24.7086914]}, "properties": {"Station_UID": "CG6-0640|2026-01-20|L1|S320", "Instrument": "CG6-0640", "Date": "2026-01-20", "Line": "1", "Station": "320", "H_ortho_m": 433.106, "dg_rel_base100_mGal": -76.1399, "FA_rel_mGal": 32.0655, "SB_rel_2.67_mGal": -5.2392, "CB_rel_2.67_mGal": -4.9504, "TC_2.67_mGal": 1.4122, "sigma_FA_mGal": 0.047}}, {"type": "Feature", "geometry": {"type": "Point", "coordinates": [34.7839309, 24.7082929]}, "properties": {"Station_UID": "CG6-0640|2026-01-20|L1|S321", "Instrument": "CG6-0640", "Date": "2026-01-20", "Line": "1", "Station": "321", "H_ortho_m": 426.9813, "dg_rel_base100_mGal": -74.6216, "FA_rel_mGal": 31.7208, "SB_rel_2.67_mGal": -4.8982, "CB_rel_2.67_mGal": -4.809, "TC_2.67_mGal": 1.2126, "sigma_FA_mGal": 0.047}}, {"type": "Feature", "geometry": {"type": "Point", "coordinates": [34.7841919, 24.7078439]}, "properties": {"Station_UID": "CG6-0640|2026-01-21|L1|S335", "Instrument": "CG6-0640", "Date": "2026-01-21", "Line": "1", "Station": "335", "H_ortho_m": 427.1215, "dg_rel_base100_mGal": -74.8411, "FA_rel_mGal": 31.5753, "SB_rel_2.67_mGal": -5.0594, "CB_rel_2.67_mGal": -4.9662, "TC_2.67_mGal": 1.2166, "sigma_FA_mGal": 0.0471}}, {"type": "Feature", "geometry": {"type": "Point", "coordinates": [34.7714639, 24.7070664]}, "properties": {"Station_UID": "CG6-0640|2026-01-21|L1|S337", "Instrument": "CG6-0640", "Date": "2026-01-21", "Line": "1", "Station": "337", "H_ortho_m": 457.0683, "dg_rel_base100_mGal": -83.5029, "FA_rel_mGal": 32.2093, "SB_rel_2.67_mGal": -7.778, "CB_rel_2.67_mGal": -7.2597, "TC_2.67_mGal": 1.6418, "sigma_FA_mGal": 0.047}}, {"type": "Feature", "geometry": {"type": "Point", "coordinates": [34.7708025, 24.7083188]}, "properties": {"Station_UID": "CG6-0640|2026-01-21|L1|S338", "Instrument": "CG6-0640", "Date": "2026-01-21", "Line": "1", "Station": "338", "H_ortho_m": 463.2268, "dg_rel_base100_mGal": -84.6707, "FA_rel_mGal": 32.8563, "SB_rel_2.67_mGal": -7.8205, "CB_rel_2.67_mGal": -6.8452, "TC_2.67_mGal": 2.0987, "sigma_FA_mGal": 0.047}}, {"type": "Feature", "geometry": {"type": "Point", "coordinates": [34.7706556, 24.7094932]}, "properties": {"Station_UID": "CG6-0640|2026-01-21|L1|S339", "Instrument": "CG6-0640", "Date": "2026-01-21", "Line": "1", "Station": "339", "H_ortho_m": 469.1385, "dg_rel_base100_mGal": -85.2749, "FA_rel_mGal": 33.9961, "SB_rel_2.67_mGal": -7.3426, "CB_rel_2.67_mGal": -6.3896, "TC_2.67_mGal": 2.0764, "sigma_FA_mGal": 0.047}}, {"type": "Feature", "geometry": {"type": "Point", "coordinates": [34.7704094, 24.710531]}, "properties": {"Station_UID": "CG6-0640|2026-01-21|L1|S340", "Instrument": "CG6-0640", "Date": "2026-01-21", "Line": "1", "Station": "340", "H_ortho_m": 477.7441, "dg_rel_base100_mGal": -86.5023, "FA_rel_mGal": 35.3534, "SB_rel_2.67_mGal": -6.9486, "CB_rel_2.67_mGal": -6.0584, "TC_2.67_mGal": 2.0137, "sigma_FA_mGal": 0.047}}, {"type": "Feature", "geometry": {"type": "Point", "coordinates": [34.7663392, 24.7073609]}, "properties": {"Station_UID": "CG6-0640|2026-01-21|L1|S341", "Instrument": "CG6-0640", "Date": "2026-01-21", "Line": "1", "Station": "341", "H_ortho_m": 473.6893, "dg_rel_base100_mGal": -88.1757, "FA_rel_mGal": 32.6459, "SB_rel_2.67_mGal": -9.2022, "CB_rel_2.67_mGal": -8.6697, "TC_2.67_mGal": 1.6559, "sigma_FA_mGal": 0.047}}, {"type": "Feature", "geometry": {"type": "Point", "coordinates": [34.7654556, 24.7092395]}, "properties": {"Station_UID": "CG6-0640|2026-01-21|L1|S342", "Instrument": "CG6-0640", "Date": "2026-01-21", "Line": "1", "Station": "342", "H_ortho_m": 483.5412, "dg_rel_base100_mGal": -89.3808, "FA_rel_mGal": 34.3526, "SB_rel_2.67_mGal": -8.5985, "CB_rel_2.67_mGal": -7.7168, "TC_2.67_mGal": 2.0051, "sigma_FA_mGal": 0.047}}, {"type": "Feature", "geometry": {"type": "Point", "coordinates": [34.7649658, 24.7101871]}, "properties": {"Station_UID": "CG6-0640|2026-01-21|L1|S343", "Instrument": "CG6-0640", "Date": "2026-01-21", "Line": "1", "Station": "343", "H_ortho_m": 489.0553, "dg_rel_base100_mGal": -90.7757, "FA_rel_mGal": 34.5945, "SB_rel_2.67_mGal": -8.9739, "CB_rel_2.67_mGal": -7.4102, "TC_2.67_mGal": 2.6871, "sigma_FA_mGal": 0.047}}, {"type": "Feature", "geometry": {"type": "Point", "coordinates": [34.7635459, 24.7067761]}, "properties": {"Station_UID": "CG6-0640|2026-01-21|L1|S344", "Instrument": "CG6-0640", "Date": "2026-01-21", "Line": "1", "Station": "344", "H_ortho_m": 476.2659, "dg_rel_base100_mGal": -89.6718, "FA_rel_mGal": 31.9851, "SB_rel_2.67_mGal": -10.1514, "CB_rel_2.67_mGal": -9.6239, "TC_2.67_mGal": 1.651, "sigma_FA_mGal": 0.047}}, {"type": "Feature", "geometry": {"type": "Point", "coordinates": [34.7632751, 24.7074342]}, "properties": {"Station_UID": "CG6-0640|2026-01-21|L1|S345", "Instrument": "CG6-0640", "Date": "2026-01-21", "Line": "1", "Station": "345", "H_ortho_m": 479.0342, "dg_rel_base100_mGal": -90.1051, "FA_rel_mGal": 32.3611, "SB_rel_2.67_mGal": -10.0854, "CB_rel_2.67_mGal": -9.4, "TC_2.67_mGal": 1.8088, "sigma_FA_mGal": 0.047}}, {"type": "Feature", "geometry": {"type": "Point", "coordinates": [34.7633947, 24.7080881]}, "properties": {"Station_UID": "CG6-0640|2026-01-21|L1|S346", "Instrument": "CG6-0640", "Date": "2026-01-21", "Line": "1", "Station": "346", "H_ortho_m": 482.9715, "dg_rel_base100_mGal": -90.6799, "FA_rel_mGal": 32.9566, "SB_rel_2.67_mGal": -9.9307, "CB_rel_2.67_mGal": -8.9986, "TC_2.67_mGal": 2.0555, "sigma_FA_mGal": 0.047}}, {"type": "Feature", "geometry": {"type": "Point", "coordinates": [34.7827728, 24.7080629]}, "properties": {"Station_UID": "CG6-0640|2026-01-21|L1|S347", "Instrument": "CG6-0640", "Date": "2026-01-21", "Line": "1", "Station": "347", "H_ortho_m": 432.5738, "dg_rel_base100_mGal": -75.8166, "FA_rel_mGal": 32.2676, "SB_rel_2.67_mGal": -4.9775, "CB_rel_2.67_mGal": -4.9642, "TC_2.67_mGal": 1.1367, "sigma_FA_mGal": 0.0473}}, {"type": "Feature", "geometry": {"type": "Point", "coordinates": [34.7851318, 24.7132677]}, "properties": {"Station_UID": "CG6-0640|2026-01-21|L1|S348", "Instrument": "CG6-0640", "Date": "2026-01-21", "Line": "1", "Station": "348", "H_ortho_m": 414.079, "dg_rel_base100_mGal": -70.4146, "FA_rel_mGal": 31.6047, "SB_rel_2.67_mGal": -3.5699, "CB_rel_2.67_mGal": -3.5284, "TC_2.67_mGal": 1.1649, "sigma_FA_mGal": 0.047}}, {"type": "Feature", "geometry": {"type": "Point", "coordinates": [34.7852549, 24.7125097]}, "properties": {"Station_UID": "CG6-0640|2026-01-21|L1|S349", "Instrument": "CG6-0640", "Date": "2026-01-21", "Line": "1", "Station": "349", "H_ortho_m": 416.524, "dg_rel_base100_mGal": -71.4476, "FA_rel_mGal": 31.3783, "SB_rel_2.67_mGal": -4.07, "CB_rel_2.67_mGal": -3.9745, "TC_2.67_mGal": 1.219, "sigma_FA_mGal": 0.047}}, {"type": "Feature", "geometry": {"type": "Point", "coordinates": [34.7845284, 24.7122108]}, "properties": {"Station_UID": "CG6-0640|2026-01-21|L1|S350", "Instrument": "CG6-0640", "Date": "2026-01-21", "Line": "1", "Station": "350", "H_ortho_m": 421.7389, "dg_rel_base100_mGal": -72.4733, "FA_rel_mGal": 31.9826, "SB_rel_2.67_mGal": -4.0495, "CB_rel_2.67_mGal": -3.8545, "TC_2.67_mGal": 1.3184, "sigma_FA_mGal": 0.047}}, {"type": "Feature", "geometry": {"type": "Point", "coordinates": [34.7815449, 24.7166721]}, "properties": {"Station_UID": "CG6-0640|2026-01-21|L1|S353", "Instrument": "CG6-0640", "Date": "2026-01-21", "Line": "1", "Station": "353", "H_ortho_m": 408.5089, "dg_rel_base100_mGal": -68.8036, "FA_rel_mGal": 31.2632, "SB_rel_2.67_mGal": -3.2878, "CB_rel_2.67_mGal": -3.1144, "TC_2.67_mGal": 1.2968, "sigma_FA_mGal": 0.047}}, {"type": "Feature", "geometry": {"type": "Point", "coordinates": [34.7805241, 24.7168501]}, "properties": {"Station_UID": "CG6-0640|2026-01-21|L1|S354", "Instrument": "CG6-0640", "Date": "2026-01-21", "Line": "1", "Station": "354", "H_ortho_m": 410.8642, "dg_rel_base100_mGal": -69.4701, "FA_rel_mGal": 31.3114, "SB_rel_2.67_mGal": -3.5033, "CB_rel_2.67_mGal": -3.204, "TC_2.67_mGal": 1.4227, "sigma_FA_mGal": 0.047}}, {"type": "Feature", "geometry": {"type": "Point", "coordinates": [34.7794161, 24.7170461]}, "properties": {"Station_UID": "CG6-0640|2026-01-21|L1|S355", "Instrument": "CG6-0640", "Date": "2026-01-21", "Line": "1", "Station": "355", "H_ortho_m": 413.5513, "dg_rel_base100_mGal": -70.367, "FA_rel_mGal": 31.2304, "SB_rel_2.67_mGal": -3.8851, "CB_rel_2.67_mGal": -3.3717, "TC_2.67_mGal": 1.6368, "sigma_FA_mGal": 0.047}}, {"type": "Feature", "geometry": {"type": "Point", "coordinates": [34.7781716, 24.7172977]}, "properties": {"Station_UID": "CG6-0640|2026-01-21|L1|S356", "Instrument": "CG6-0640", "Date": "2026-01-21", "Line": "1", "Station": "356", "H_ortho_m": 417.1841, "dg_rel_base100_mGal": -71.2757, "FA_rel_mGal": 31.4257, "SB_rel_2.67_mGal": -4.0965, "CB_rel_2.67_mGal": -3.3986, "TC_2.67_mGal": 1.8214, "sigma_FA_mGal": 0.047}}, {"type": "Feature", "geometry": {"type": "Point", "coordinates": [34.7774579, 24.7176434]}, "properties": {"Station_UID": "CG6-0640|2026-01-21|L1|S357", "Instrument": "CG6-0640", "Date": "2026-01-21", "Line": "1", "Station": "357", "H_ortho_m": 420.78, "dg_rel_base100_mGal": -71.5954, "FA_rel_mGal": 32.192, "SB_rel_2.67_mGal": -3.7327, "CB_rel_2.67_mGal": -3.2037, "TC_2.67_mGal": 1.6524, "sigma_FA_mGal": 0.047}}, {"type": "Feature", "geometry": {"type": "Point", "coordinates": [34.7629612, 24.8264241]}, "properties": {"Station_UID": "CG6-0640|2026-01-22|L1|S358", "Instrument": "CG6-0640", "Date": "2026-01-22", "Line": "1", "Station": "358", "H_ortho_m": 335.4971, "dg_rel_base100_mGal": -41.0779, "FA_rel_mGal": 28.9175, "SB_rel_2.67_mGal": 2.5405, "CB_rel_2.67_mGal": 2.1272, "TC_2.67_mGal": 0.7102, "sigma_FA_mGal": 0.1102}}, {"type": "Feature", "geometry": {"type": "Point", "coordinates": [34.7620262, 24.8244951]}, "properties": {"Station_UID": "CG6-0640|2026-01-22|L1|S359", "Instrument": "CG6-0640", "Date": "2026-01-22", "Line": "1", "Station": "359", "H_ortho_m": 337.3292, "dg_rel_base100_mGal": -41.3711, "FA_rel_mGal": 29.3224, "SB_rel_2.67_mGal": 2.7402, "CB_rel_2.67_mGal": 2.3494, "TC_2.67_mGal": 0.7326, "sigma_FA_mGal": 0.1102}}, {"type": "Feature", "geometry": {"type": "Point", "coordinates": [34.7605087, 24.8249042]}, "properties": {"Station_UID": "CG6-0640|2026-01-22|L1|S360", "Instrument": "CG6-0640", "Date": "2026-01-22", "Line": "1", "Station": "360", "H_ortho_m": 339.7438, "dg_rel_base100_mGal": -41.7741, "FA_rel_mGal": 29.6365, "SB_rel_2.67_mGal": 2.784, "CB_rel_2.67_mGal": 2.4241, "TC_2.67_mGal": 0.7635, "sigma_FA_mGal": 0.1102}}, {"type": "Feature", "geometry": {"type": "Point", "coordinates": [34.7582862, 24.8247704]}, "properties": {"Station_UID": "CG6-0640|2026-01-22|L1|S361", "Instrument": "CG6-0640", "Date": "2026-01-22", "Line": "1", "Station": "361", "H_ortho_m": 340.055, "dg_rel_base100_mGal": -42.0593, "FA_rel_mGal": 29.4565, "SB_rel_2.67_mGal": 2.5692, "CB_rel_2.67_mGal": 2.2585, "TC_2.67_mGal": 0.8127, "sigma_FA_mGal": 0.1105}}, {"type": "Feature", "geometry": {"type": "Point", "coordinates": [34.7561293, 24.8238138]}, "properties": {"Station_UID": "CG6-0640|2026-01-22|L1|S362", "Instrument": "CG6-0640", "Date": "2026-01-22", "Line": "1", "Station": "362", "H_ortho_m": 343.6576, "dg_rel_base100_mGal": -43.4003, "FA_rel_mGal": 29.2933, "SB_rel_2.67_mGal": 2.0026, "CB_rel_2.67_mGal": 1.6494, "TC_2.67_mGal": 0.7702, "sigma_FA_mGal": 0.1102}}, {"type": "Feature", "geometry": {"type": "Point", "coordinates": [34.7551124, 24.8224882]}, "properties": {"Station_UID": "CG6-0640|2026-01-22|L1|S363", "Instrument": "CG6-0640", "Date": "2026-01-22", "Line": "1", "Station": "363", "H_ortho_m": 345.4934, "dg_rel_base100_mGal": -44.1738, "FA_rel_mGal": 29.1776, "SB_rel_2.67_mGal": 1.6814, "CB_rel_2.67_mGal": 1.4182, "TC_2.67_mGal": 0.8602, "sigma_FA_mGal": 0.1103}}, {"type": "Feature", "geometry": {"type": "Point", "coordinates": [34.754925, 24.8207309]}, "properties": {"Station_UID": "CG6-0640|2026-01-22|L1|S364", "Instrument": "CG6-0640", "Date": "2026-01-22", "Line": "1", "Station": "364", "H_ortho_m": 348.9311, "dg_rel_base100_mGal": -45.1141, "FA_rel_mGal": 29.4192, "SB_rel_2.67_mGal": 1.5381, "CB_rel_2.67_mGal": 1.3638, "TC_2.67_mGal": 0.9491, "sigma_FA_mGal": 0.1102}}, {"type": "Feature", "geometry": {"type": "Point", "coordinates": [34.7530052, 24.8202072]}, "properties": {"Station_UID": "CG6-0640|2026-01-22|L1|S365", "Instrument": "CG6-0640", "Date": "2026-01-22", "Line": "1", "Station": "365", "H_ortho_m": 351.1245, "dg_rel_base100_mGal": -45.6062, "FA_rel_mGal": 29.6401, "SB_rel_2.67_mGal": 1.5135, "CB_rel_2.67_mGal": 1.2429, "TC_2.67_mGal": 0.8528, "sigma_FA_mGal": 0.1103}}, {"type": "Feature", "geometry": {"type": "Point", "coordinates": [34.7513277, 24.8199204]}, "properties": {"Station_UID": "CG6-0640|2026-01-22|L1|S366", "Instrument": "CG6-0640", "Date": "2026-01-22", "Line": "1", "Station": "366", "H_ortho_m": 353.8648, "dg_rel_base100_mGal": -45.9432, "FA_rel_mGal": 30.1685, "SB_rel_2.67_mGal": 1.7351, "CB_rel_2.67_mGal": 1.4031, "TC_2.67_mGal": 0.7914, "sigma_FA_mGal": 0.1102}}, {"type": "Feature", "geometry": {"type": "Point", "coordinates": [34.7496287, 24.8190402]}, "properties": {"Station_UID": "CG6-0640|2026-01-22|L1|S367", "Instrument": "CG6-0640", "Date": "2026-01-22", "Line": "1", "Station": "367", "H_ortho_m": 355.3632, "dg_rel_base100_mGal": -46.4463, "FA_rel_mGal": 30.1884, "SB_rel_2.67_mGal": 1.5873, "CB_rel_2.67_mGal": 1.3196, "TC_2.67_mGal": 0.8557, "sigma_FA_mGal": 0.1103}}, {"type": "Feature", "geometry": {"type": "Point", "coordinates": [34.7485932, 24.8175576]}, "properties": {"Station_UID": "CG6-0640|2026-01-22|L1|S368", "Instrument": "CG6-0640", "Date": "2026-01-22", "Line": "1", "Station": "368", "H_ortho_m": 358.2483, "dg_rel_base100_mGal": -47.1956, "FA_rel_mGal": 30.4316, "SB_rel_2.67_mGal": 1.5075, "CB_rel_2.67_mGal": 1.2834, "TC_2.67_mGal": 0.8993, "sigma_FA_mGal": 0.1103}}, {"type": "Feature", "geometry": {"type": "Point", "coordinates": [34.7473881, 24.8141592]}, "properties": {"Station_UID": "CG6-0640|2026-01-22|L1|S370", "Instrument": "CG6-0640", "Date": "2026-01-22", "Line": "1", "Station": "370", "H_ortho_m": 363.0685, "dg_rel_base100_mGal": -48.4496, "FA_rel_mGal": 30.899, "SB_rel_2.67_mGal": 1.4352, "CB_rel_2.67_mGal": 1.3082, "TC_2.67_mGal": 0.9964, "sigma_FA_mGal": 0.1102}}, {"type": "Feature", "geometry": {"type": "Point", "coordinates": [34.7452841, 24.8135391]}, "properties": {"Station_UID": "CG6-0640|2026-01-22|L1|S371", "Instrument": "CG6-0640", "Date": "2026-01-22", "Line": "1", "Station": "371", "H_ortho_m": 366.6901, "dg_rel_base100_mGal": -49.7769, "FA_rel_mGal": 30.7321, "SB_rel_2.67_mGal": 0.8629, "CB_rel_2.67_mGal": 0.6217, "TC_2.67_mGal": 0.8823, "sigma_FA_mGal": 0.1103}}, {"type": "Feature", "geometry": {"type": "Point", "coordinates": [34.7434421, 24.8140875]}, "properties": {"Station_UID": "CG6-0640|2026-01-22|L1|S372", "Instrument": "CG6-0640", "Date": "2026-01-22", "Line": "1", "Station": "372", "H_ortho_m": 369.3202, "dg_rel_base100_mGal": -50.4451, "FA_rel_mGal": 30.838, "SB_rel_2.67_mGal": 0.6743, "CB_rel_2.67_mGal": 0.3943, "TC_2.67_mGal": 0.8434, "sigma_FA_mGal": 0.1102}}, {"type": "Feature", "geometry": {"type": "Point", "coordinates": [34.741812, 24.8149706]}, "properties": {"Station_UID": "CG6-0640|2026-01-22|L1|S373", "Instrument": "CG6-0640", "Date": "2026-01-22", "Line": "1", "Station": "373", "H_ortho_m": 371.2419, "dg_rel_base100_mGal": -51.5869, "FA_rel_mGal": 30.2284, "SB_rel_2.67_mGal": -0.1504, "CB_rel_2.67_mGal": -0.401, "TC_2.67_mGal": 0.8728, "sigma_FA_mGal": 0.1102}}, {"type": "Feature", "geometry": {"type": "Point", "coordinates": [34.7407691, 24.8147902]}, "properties": {"Station_UID": "CG6-0640|2026-01-22|L1|S374", "Instrument": "CG6-0640", "Date": "2026-01-22", "Line": "1", "Station": "374", "H_ortho_m": 373.2727, "dg_rel_base100_mGal": -52.3693, "FA_rel_mGal": 30.0852, "SB_rel_2.67_mGal": -0.5209, "CB_rel_2.67_mGal": -0.7633, "TC_2.67_mGal": 0.881, "sigma_FA_mGal": 0.1102}}, {"type": "Feature", "geometry": {"type": "Point", "coordinates": [34.7402148, 24.8133595]}, "properties": {"Station_UID": "CG6-0640|2026-01-22|L1|S375", "Instrument": "CG6-0640", "Date": "2026-01-22", "Line": "1", "Station": "375", "H_ortho_m": 373.8794, "dg_rel_base100_mGal": -53.3439, "FA_rel_mGal": 29.3963, "SB_rel_2.67_mGal": -1.2778, "CB_rel_2.67_mGal": -1.5276, "TC_2.67_mGal": 0.8736, "sigma_FA_mGal": 0.1102}}, {"type": "Feature", "geometry": {"type": "Point", "coordinates": [34.7397414, 24.8114286]}, "properties": {"Station_UID": "CG6-0640|2026-01-22|L1|S376", "Instrument": "CG6-0640", "Date": "2026-01-22", "Line": "1", "Station": "376", "H_ortho_m": 376.6426, "dg_rel_base100_mGal": -54.0221, "FA_rel_mGal": 29.7037, "SB_rel_2.67_mGal": -1.2798, "CB_rel_2.67_mGal": -1.5424, "TC_2.67_mGal": 0.8608, "sigma_FA_mGal": 0.1102}}, {"type": "Feature", "geometry": {"type": "Point", "coordinates": [34.7396907, 24.8096185]}, "properties": {"Station_UID": "CG6-0640|2026-01-22|L1|S377", "Instrument": "CG6-0640", "Date": "2026-01-22", "Line": "1", "Station": "377", "H_ortho_m": 378.632, "dg_rel_base100_mGal": -55.0362, "FA_rel_mGal": 29.4281, "SB_rel_2.67_mGal": -1.7781, "CB_rel_2.67_mGal": -2.0135, "TC_2.67_mGal": 0.8881, "sigma_FA_mGal": 0.1102}}, {"type": "Feature", "geometry": {"type": "Point", "coordinates": [34.7399777, 24.8078014]}, "properties": {"Station_UID": "CG6-0640|2026-01-22|L1|S378", "Instrument": "CG6-0640", "Date": "2026-01-22", "Line": "1", "Station": "378", "H_ortho_m": 381.3035, "dg_rel_base100_mGal": -56.2146, "FA_rel_mGal": 29.1991, "SB_rel_2.67_mGal": -2.3062, "CB_rel_2.67_mGal": -2.4588, "TC_2.67_mGal": 0.9708, "sigma_FA_mGal": 0.1102}}, {"type": "Feature", "geometry": {"type": "Point", "coordinates": [34.740206, 24.8059209]}, "properties": {"Station_UID": "CG6-0640|2026-01-22|L1|S379", "Instrument": "CG6-0640", "Date": "2026-01-22", "Line": "1", "Station": "379", "H_ortho_m": 384.0567, "dg_rel_base100_mGal": -57.0721, "FA_rel_mGal": 29.3206, "SB_rel_2.67_mGal": -2.4929, "CB_rel_2.67_mGal": -2.6457, "TC_2.67_mGal": 0.9705, "sigma_FA_mGal": 0.1102}}, {"type": "Feature", "geometry": {"type": "Point", "coordinates": [34.7407497, 24.8042607]}, "properties": {"Station_UID": "CG6-0640|2026-01-22|L1|S380", "Instrument": "CG6-0640", "Date": "2026-01-22", "Line": "1", "Station": "380", "H_ortho_m": 386.7059, "dg_rel_base100_mGal": -57.7921, "FA_rel_mGal": 29.5324, "SB_rel_2.67_mGal": -2.5776, "CB_rel_2.67_mGal": -2.6748, "TC_2.67_mGal": 1.0262, "sigma_FA_mGal": 0.1102}}, {"type": "Feature", "geometry": {"type": "Point", "coordinates": [34.7411579, 24.8024575]}, "properties": {"Station_UID": "CG6-0640|2026-01-22|L1|S381", "Instrument": "CG6-0640", "Date": "2026-01-22", "Line": "1", "Station": "381", "H_ortho_m": 390.3747, "dg_rel_base100_mGal": -58.7048, "FA_rel_mGal": 29.876, "SB_rel_2.67_mGal": -2.6448, "CB_rel_2.67_mGal": -2.7246, "TC_2.67_mGal": 1.0437, "sigma_FA_mGal": 0.1103}}, {"type": "Feature", "geometry": {"type": "Point", "coordinates": [34.7425877, 24.7989116]}, "properties": {"Station_UID": "CG6-0640|2026-01-22|L1|S383", "Instrument": "CG6-0640", "Date": "2026-01-22", "Line": "1", "Station": "383", "H_ortho_m": 396.6511, "dg_rel_base100_mGal": -60.5097, "FA_rel_mGal": 30.252, "SB_rel_2.67_mGal": -2.9715, "CB_rel_2.67_mGal": -3.0968, "TC_2.67_mGal": 0.9981, "sigma_FA_mGal": 0.1103}}, {"type": "Feature", "geometry": {"type": "Point", "coordinates": [34.7412183, 24.7973279]}, "properties": {"Station_UID": "CG6-0640|2026-01-22|L1|S385", "Instrument": "CG6-0640", "Date": "2026-01-22", "Line": "1", "Station": "385", "H_ortho_m": 398.3865, "dg_rel_base100_mGal": -61.6568, "FA_rel_mGal": 29.7492, "SB_rel_2.67_mGal": -3.6685, "CB_rel_2.67_mGal": -3.8566, "TC_2.67_mGal": 0.9353, "sigma_FA_mGal": 0.1102}}, {"type": "Feature", "geometry": {"type": "Point", "coordinates": [34.7391793, 24.7967543]}, "properties": {"Station_UID": "CG6-0640|2026-01-22|L1|S386", "Instrument": "CG6-0640", "Date": "2026-01-22", "Line": "1", "Station": "386", "H_ortho_m": 402.4166, "dg_rel_base100_mGal": -62.9654, "FA_rel_mGal": 29.7239, "SB_rel_2.67_mGal": -4.145, "CB_rel_2.67_mGal": -4.3286, "TC_2.67_mGal": 0.9398, "sigma_FA_mGal": 0.1104}}, {"type": "Feature", "geometry": {"type": "Point", "coordinates": [34.7380779, 24.7954408]}, "properties": {"Station_UID": "CG6-0640|2026-01-22|L1|S387", "Instrument": "CG6-0640", "Date": "2026-01-22", "Line": "1", "Station": "387", "H_ortho_m": 405.2847, "dg_rel_base100_mGal": -63.9806, "FA_rel_mGal": 29.6842, "SB_rel_2.67_mGal": -4.5058, "CB_rel_2.67_mGal": -4.6674, "TC_2.67_mGal": 0.9619, "sigma_FA_mGal": 0.1102}}, {"type": "Feature", "geometry": {"type": "Point", "coordinates": [34.7372389, 24.7938799]}, "properties": {"Station_UID": "CG6-0640|2026-01-22|L1|S388", "Instrument": "CG6-0640", "Date": "2026-01-22", "Line": "1", "Station": "388", "H_ortho_m": 408.0007, "dg_rel_base100_mGal": -64.8932, "FA_rel_mGal": 29.7171, "SB_rel_2.67_mGal": -4.777, "CB_rel_2.67_mGal": -4.8666, "TC_2.67_mGal": 1.0338, "sigma_FA_mGal": 0.1103}}, {"type": "Feature", "geometry": {"type": "Point", "coordinates": [34.7371237, 24.7922233]}, "properties": {"Station_UID": "CG6-0640|2026-01-22|L1|S389", "Instrument": "CG6-0640", "Date": "2026-01-22", "Line": "1", "Station": "389", "H_ortho_m": 411.2349, "dg_rel_base100_mGal": -66.3849, "FA_rel_mGal": 29.3374, "SB_rel_2.67_mGal": -5.5188, "CB_rel_2.67_mGal": -5.4756, "TC_2.67_mGal": 1.1666, "sigma_FA_mGal": 0.1102}}, {"type": "Feature", "geometry": {"type": "Point", "coordinates": [34.738011, 24.7904358]}, "properties": {"Station_UID": "CG6-0640|2026-01-22|L1|S390", "Instrument": "CG6-0640", "Date": "2026-01-22", "Line": "1", "Station": "390", "H_ortho_m": 413.4586, "dg_rel_base100_mGal": -67.3093, "FA_rel_mGal": 29.2221, "SB_rel_2.67_mGal": -5.883, "CB_rel_2.67_mGal": -5.6541, "TC_2.67_mGal": 1.3524, "sigma_FA_mGal": 0.1102}}, {"type": "Feature", "geometry": {"type": "Point", "coordinates": [34.7390114, 24.788815]}, "properties": {"Station_UID": "CG6-0640|2026-01-22|L1|S391", "Instrument": "CG6-0640", "Date": "2026-01-22", "Line": "1", "Station": "391", "H_ortho_m": 416.3617, "dg_rel_base100_mGal": -67.8359, "FA_rel_mGal": 29.7029, "SB_rel_2.67_mGal": -5.7272, "CB_rel_2.67_mGal": -5.6974, "TC_2.67_mGal": 1.1533, "sigma_FA_mGal": 0.1102}}, {"type": "Feature", "geometry": {"type": "Point", "coordinates": [34.7399944, 24.7867024]}, "properties": {"Station_UID": "CG6-0640|2026-01-22|L1|S392", "Instrument": "CG6-0640", "Date": "2026-01-22", "Line": "1", "Station": "392", "H_ortho_m": 419.445, "dg_rel_base100_mGal": -68.7369, "FA_rel_mGal": 29.8986, "SB_rel_2.67_mGal": -5.8766, "CB_rel_2.67_mGal": -5.9204, "TC_2.67_mGal": 1.0797, "sigma_FA_mGal": 0.1102}}, {"type": "Feature", "geometry": {"type": "Point", "coordinates": [34.7403119, 24.7851872]}, "properties": {"Station_UID": "CG6-0640|2026-01-22|L1|S393", "Instrument": "CG6-0640", "Date": "2026-01-22", "Line": "1", "Station": "393", "H_ortho_m": 421.631, "dg_rel_base100_mGal": -69.5824, "FA_rel_mGal": 29.8319, "SB_rel_2.67_mGal": -6.1881, "CB_rel_2.67_mGal": -6.2316, "TC_2.67_mGal": 1.0799, "sigma_FA_mGal": 0.1104}}, {"type": "Feature", "geometry": {"type": "Point", "coordinates": [34.7407989, 24.7836306]}, "properties": {"Station_UID": "CG6-0640|2026-01-22|L1|S394", "Instrument": "CG6-0640", "Date": "2026-01-22", "Line": "1", "Station": "394", "H_ortho_m": 423.6194, "dg_rel_base100_mGal": -70.2676, "FA_rel_mGal": 29.8674, "SB_rel_2.67_mGal": -6.3753, "CB_rel_2.67_mGal": -6.3841, "TC_2.67_mGal": 1.1146, "sigma_FA_mGal": 0.1102}}, {"type": "Feature", "geometry": {"type": "Point", "coordinates": [34.7416081, 24.7818202]}, "properties": {"Station_UID": "CG6-0640|2026-01-22|L1|S395", "Instrument": "CG6-0640", "Date": "2026-01-22", "Line": "1", "Station": "395", "H_ortho_m": 426.2919, "dg_rel_base100_mGal": -71.1727, "FA_rel_mGal": 29.9114, "SB_rel_2.67_mGal": -6.6304, "CB_rel_2.67_mGal": -6.555, "TC_2.67_mGal": 1.1988, "sigma_FA_mGal": 0.1103}}, {"type": "Feature", "geometry": {"type": "Point", "coordinates": [34.7423143, 24.7802992]}, "properties": {"Station_UID": "CG6-0640|2026-01-22|L1|S396", "Instrument": "CG6-0640", "Date": "2026-01-22", "Line": "1", "Station": "396", "H_ortho_m": 429.6539, "dg_rel_base100_mGal": -72.0374, "FA_rel_mGal": 30.1888, "SB_rel_2.67_mGal": -6.7294, "CB_rel_2.67_mGal": -6.7457, "TC_2.67_mGal": 1.1071, "sigma_FA_mGal": 0.1103}}, {"type": "Feature", "geometry": {"type": "Point", "coordinates": [34.7435112, 24.7787417]}, "properties": {"Station_UID": "CG6-0640|2026-01-22|L1|S397", "Instrument": "CG6-0640", "Date": "2026-01-22", "Line": "1", "Station": "397", "H_ortho_m": 434.9473, "dg_rel_base100_mGal": -72.8095, "FA_rel_mGal": 31.1574, "SB_rel_2.67_mGal": -6.3534, "CB_rel_2.67_mGal": -6.4173, "TC_2.67_mGal": 1.0595, "sigma_FA_mGal": 0.1102}}, {"type": "Feature", "geometry": {"type": "Point", "coordinates": [34.7444926, 24.7773503]}, "properties": {"Station_UID": "CG6-0640|2026-01-22|L1|S398", "Instrument": "CG6-0640", "Date": "2026-01-22", "Line": "1", "Station": "398", "H_ortho_m": 438.8649, "dg_rel_base100_mGal": -73.5576, "FA_rel_mGal": 31.7139, "SB_rel_2.67_mGal": -6.2355, "CB_rel_2.67_mGal": -6.2819, "TC_2.67_mGal": 1.077, "sigma_FA_mGal": 0.1104}}, {"type": "Feature", "geometry": {"type": "Point", "coordinates": [34.745719, 24.7759425]}, "properties": {"Station_UID": "CG6-0640|2026-01-22|L1|S399", "Instrument": "CG6-0640", "Date": "2026-01-22", "Line": "1", "Station": "399", "H_ortho_m": 443.0541, "dg_rel_base100_mGal": -74.2774, "FA_rel_mGal": 32.3838, "SB_rel_2.67_mGal": -6.0346, "CB_rel_2.67_mGal": -6.0308, "TC_2.67_mGal": 1.1273, "sigma_FA_mGal": 0.1102}}, {"type": "Feature", "geometry": {"type": "Point", "coordinates": [34.7470317, 24.7743238]}, "properties": {"Station_UID": "CG6-0640|2026-01-22|L1|S400", "Instrument": "CG6-0640", "Date": "2026-01-22", "Line": "1", "Station": "400", "H_ortho_m": 447.6687, "dg_rel_base100_mGal": -75.2264, "FA_rel_mGal": 32.9702, "SB_rel_2.67_mGal": -5.9648, "CB_rel_2.67_mGal": -5.8653, "TC_2.67_mGal": 1.2229, "sigma_FA_mGal": 0.1103}}, {"type": "Feature", "geometry": {"type": "Point", "coordinates": [34.7479982, 24.7730836]}, "properties": {"Station_UID": "CG6-0640|2026-01-22|L1|S401", "Instrument": "CG6-0640", "Date": "2026-01-22", "Line": "1", "Station": "401", "H_ortho_m": 453.787, "dg_rel_base100_mGal": -76.5569, "FA_rel_mGal": 33.6131, "SB_rel_2.67_mGal": -6.0069, "CB_rel_2.67_mGal": -5.7832, "TC_2.67_mGal": 1.3471, "sigma_FA_mGal": 0.1104}}, {"type": "Feature", "geometry": {"type": "Point", "coordinates": [34.7492807, 24.7713687]}, "properties": {"Station_UID": "CG6-0640|2026-01-22|L1|S402", "Instrument": "CG6-0640", "Date": "2026-01-22", "Line": "1", "Station": "402", "H_ortho_m": 463.1435, "dg_rel_base100_mGal": -78.766, "FA_rel_mGal": 34.4095, "SB_rel_2.67_mGal": -6.258, "CB_rel_2.67_mGal": -5.7028, "TC_2.67_mGal": 1.6786, "sigma_FA_mGal": 0.1103}}, {"type": "Feature", "geometry": {"type": "Point", "coordinates": [34.7502901, 24.7697537]}, "properties": {"Station_UID": "CG6-0640|2026-01-22|L1|S403", "Instrument": "CG6-0640", "Date": "2026-01-22", "Line": "1", "Station": "403", "H_ortho_m": 478.3252, "dg_rel_base100_mGal": -81.9875, "FA_rel_mGal": 35.9843, "SB_rel_2.67_mGal": -6.3828, "CB_rel_2.67_mGal": -5.5747, "TC_2.67_mGal": 1.9316, "sigma_FA_mGal": 0.1103}}, {"type": "Feature", "geometry": {"type": "Point", "coordinates": [34.7504556, 24.7680145]}, "properties": {"Station_UID": "CG6-0640|2026-01-22|L1|S404", "Instrument": "CG6-0640", "Date": "2026-01-22", "Line": "1", "Station": "404", "H_ortho_m": 453.3156, "dg_rel_base100_mGal": -77.7555, "FA_rel_mGal": 32.6172, "SB_rel_2.67_mGal": -6.95, "CB_rel_2.67_mGal": -5.7619, "TC_2.67_mGal": 2.3115, "sigma_FA_mGal": 0.1106}}, {"type": "Feature", "geometry": {"type": "Point", "coordinates": [34.7509297, 24.7663327]}, "properties": {"Station_UID": "CG6-0640|2026-01-22|L1|S405", "Instrument": "CG6-0640", "Date": "2026-01-22", "Line": "1", "Station": "405", "H_ortho_m": 446.11, "dg_rel_base100_mGal": -76.1519, "FA_rel_mGal": 32.1124, "SB_rel_2.67_mGal": -6.6481, "CB_rel_2.67_mGal": -5.8121, "TC_2.67_mGal": 1.9595, "sigma_FA_mGal": 0.1106}}, {"type": "Feature", "geometry": {"type": "Point", "coordinates": [34.7519077, 24.7645747]}, "properties": {"Station_UID": "CG6-0640|2026-01-22|L1|S406", "Instrument": "CG6-0640", "Date": "2026-01-22", "Line": "1", "Station": "406", "H_ortho_m": 438.7849, "dg_rel_base100_mGal": -74.522, "FA_rel_mGal": 31.6022, "SB_rel_2.67_mGal": -6.3382, "CB_rel_2.67_mGal": -5.7276, "TC_2.67_mGal": 1.734, "sigma_FA_mGal": 0.1105}}, {"type": "Feature", "geometry": {"type": "Point", "coordinates": [34.752672, 24.762958]}, "properties": {"Station_UID": "CG6-0640|2026-01-22|L1|S407", "Instrument": "CG6-0640", "Date": "2026-01-22", "Line": "1", "Station": "407", "H_ortho_m": 433.302, "dg_rel_base100_mGal": -73.204, "FA_rel_mGal": 31.3391, "SB_rel_2.67_mGal": -5.9876, "CB_rel_2.67_mGal": -5.5156, "TC_2.67_mGal": 1.5954, "sigma_FA_mGal": 0.1103}}, {"type": "Feature", "geometry": {"type": "Point", "coordinates": [34.7537765, 24.7614691]}, "properties": {"Station_UID": "CG6-0640|2026-01-22|L1|S408", "Instrument": "CG6-0640", "Date": "2026-01-22", "Line": "1", "Station": "408", "H_ortho_m": 428.8191, "dg_rel_base100_mGal": -72.0696, "FA_rel_mGal": 31.1921, "SB_rel_2.67_mGal": -5.6326, "CB_rel_2.67_mGal": -5.3025, "TC_2.67_mGal": 1.4535, "sigma_FA_mGal": 0.1103}}, {"type": "Feature", "geometry": {"type": "Point", "coordinates": [34.7525772, 24.7603266]}, "properties": {"Station_UID": "CG6-0640|2026-01-22|L1|S409", "Instrument": "CG6-0640", "Date": "2026-01-22", "Line": "1", "Station": "409", "H_ortho_m": 423.6831, "dg_rel_base100_mGal": -71.8066, "FA_rel_mGal": 29.9484, "SB_rel_2.67_mGal": -6.3013, "CB_rel_2.67_mGal": -5.9749, "TC_2.67_mGal": 1.4499, "sigma_FA_mGal": 0.1103}}, {"type": "Feature", "geometry": {"type": "Point", "coordinates": [34.7528735, 24.7580353]}, "properties": {"Station_UID": "CG6-0640|2026-01-22|L1|S410", "Instrument": "CG6-0640", "Date": "2026-01-22", "Line": "1", "Station": "410", "H_ortho_m": 415.5482, "dg_rel_base100_mGal": -70.5169, "FA_rel_mGal": 28.8848, "SB_rel_2.67_mGal": -6.4543, "CB_rel_2.67_mGal": -6.3257, "TC_2.67_mGal": 1.252, "sigma_FA_mGal": 0.1106}}, {"type": "Feature", "geometry": {"type": "Point", "coordinates": [34.7534374, 24.75665]}, "properties": {"Station_UID": "CG6-0640|2026-01-22|L1|S411", "Instrument": "CG6-0640", "Date": "2026-01-22", "Line": "1", "Station": "411", "H_ortho_m": 410.8745, "dg_rel_base100_mGal": -69.8779, "FA_rel_mGal": 28.1764, "SB_rel_2.67_mGal": -6.6394, "CB_rel_2.67_mGal": -6.5525, "TC_2.67_mGal": 1.2104, "sigma_FA_mGal": 0.1102}}, {"type": "Feature", "geometry": {"type": "Point", "coordinates": [34.7548931, 24.7523121]}, "properties": {"Station_UID": "CG6-0640|2026-01-22|L1|S413", "Instrument": "CG6-0640", "Date": "2026-01-22", "Line": "1", "Station": "413", "H_ortho_m": 398.149, "dg_rel_base100_mGal": -68.266, "FA_rel_mGal": 26.1585, "SB_rel_2.67_mGal": -7.2326, "CB_rel_2.67_mGal": -7.3419, "TC_2.67_mGal": 1.0141, "sigma_FA_mGal": 0.1105}}, {"type": "Feature", "geometry": {"type": "Point", "coordinates": [34.7572665, 24.7519582]}, "properties": {"Station_UID": "CG6-0640|2026-01-22|L1|S414", "Instrument": "CG6-0640", "Date": "2026-01-22", "Line": "1", "Station": "414", "H_ortho_m": 392.501, "dg_rel_base100_mGal": -66.441, "FA_rel_mGal": 26.2646, "SB_rel_2.67_mGal": -6.4942, "CB_rel_2.67_mGal": -6.6178, "TC_2.67_mGal": 0.9999, "sigma_FA_mGal": 0.1103}}, {"type": "Feature", "geometry": {"type": "Point", "coordinates": [34.7592707, 24.751341]}, "properties": {"Station_UID": "CG6-0640|2026-01-22|L1|S415", "Instrument": "CG6-0640", "Date": "2026-01-22", "Line": "1", "Station": "415", "H_ortho_m": 388.148, "dg_rel_base100_mGal": -65.1341, "FA_rel_mGal": 26.2704, "SB_rel_2.67_mGal": -6.0011, "CB_rel_2.67_mGal": -6.1003, "TC_2.67_mGal": 1.0243, "sigma_FA_mGal": 0.1103}}, {"type": "Feature", "geometry": {"type": "Point", "coordinates": [34.7606861, 24.7498607]}, "properties": {"Station_UID": "CG6-0640|2026-01-22|L1|S416", "Instrument": "CG6-0640", "Date": "2026-01-22", "Line": "1", "Station": "416", "H_ortho_m": 383.5848, "dg_rel_base100_mGal": -64.0792, "FA_rel_mGal": 26.0185, "SB_rel_2.67_mGal": -5.7421, "CB_rel_2.67_mGal": -5.8784, "TC_2.67_mGal": 0.9872, "sigma_FA_mGal": 0.1103}}, {"type": "Feature", "geometry": {"type": "Point", "coordinates": [34.7625819, 24.7491015]}, "properties": {"Station_UID": "CG6-0640|2026-01-22|L1|S417", "Instrument": "CG6-0640", "Date": "2026-01-22", "Line": "1", "Station": "417", "H_ortho_m": 378.7999, "dg_rel_base100_mGal": -62.7691, "FA_rel_mGal": 25.9039, "SB_rel_2.67_mGal": -5.321, "CB_rel_2.67_mGal": -5.4488, "TC_2.67_mGal": 0.9957, "sigma_FA_mGal": 0.1102}}, {"type": "Feature", "geometry": {"type": "Point", "coordinates": [34.7639114, 24.7483633]}, "properties": {"Station_UID": "CG6-0640|2026-01-22|L1|S418", "Instrument": "CG6-0640", "Date": "2026-01-22", "Line": "1", "Station": "418", "H_ortho_m": 375.9564, "dg_rel_base100_mGal": -62.0463, "FA_rel_mGal": 25.7998, "SB_rel_2.67_mGal": -5.1068, "CB_rel_2.67_mGal": -5.2008, "TC_2.67_mGal": 1.0295, "sigma_FA_mGal": 0.1103}}, {"type": "Feature", "geometry": {"type": "Point", "coordinates": [34.8090776, 24.7959785]}, "properties": {"Station_UID": "CG6-0640|2026-01-22|L1|S419", "Instrument": "CG6-0640", "Date": "2026-01-22", "Line": "1", "Station": "419", "H_ortho_m": 268.6192, "dg_rel_base100_mGal": -27.7979, "FA_rel_mGal": 23.649, "SB_rel_2.67_mGal": 4.7592, "CB_rel_2.67_mGal": 4.7225, "TC_2.67_mGal": 1.0868, "sigma_FA_mGal": 0.1102}}, {"type": "Feature", "geometry": {"type": "Point", "coordinates": [34.8087542, 24.7980447]}, "properties": {"Station_UID": "CG6-0640|2026-01-22|L1|S420", "Instrument": "CG6-0640", "Date": "2026-01-22", "Line": "1", "Station": "420", "H_ortho_m": 274.2415, "dg_rel_base100_mGal": -28.7958, "FA_rel_mGal": 24.2445, "SB_rel_2.67_mGal": 4.7252, "CB_rel_2.67_mGal": 4.9818, "TC_2.67_mGal": 1.3801, "sigma_FA_mGal": 0.1102}}, {"type": "Feature", "geometry": {"type": "Point", "coordinates": [34.8075546, 24.799507]}, "properties": {"Station_UID": "CG6-0640|2026-01-22|L1|S421", "Instrument": "CG6-0640", "Date": "2026-01-22", "Line": "1", "Station": "421", "H_ortho_m": 279.7303, "dg_rel_base100_mGal": -29.9453, "FA_rel_mGal": 24.6886, "SB_rel_2.67_mGal": 4.5548, "CB_rel_2.67_mGal": 4.9751, "TC_2.67_mGal": 1.5437, "sigma_FA_mGal": 0.1103}}, {"type": "Feature", "geometry": {"type": "Point", "coordinates": [34.8059528, 24.8004024]}, "properties": {"Station_UID": "CG6-0640|2026-01-22|L1|S422", "Instrument": "CG6-0640", "Date": "2026-01-22", "Line": "1", "Station": "422", "H_ortho_m": 284.5479, "dg_rel_base100_mGal": -30.931, "FA_rel_mGal": 25.1284, "SB_rel_2.67_mGal": 4.4552, "CB_rel_2.67_mGal": 4.8372, "TC_2.67_mGal": 1.5054, "sigma_FA_mGal": 0.1102}}, {"type": "Feature", "geometry": {"type": "Point", "coordinates": [34.80446, 24.8012063]}, "properties": {"Station_UID": "CG6-0640|2026-01-22|L1|S423", "Instrument": "CG6-0640", "Date": "2026-01-22", "Line": "1", "Station": "423", "H_ortho_m": 289.1814, "dg_rel_base100_mGal": -31.7681, "FA_rel_mGal": 25.6661, "SB_rel_2.67_mGal": 4.4742, "CB_rel_2.67_mGal": 4.6595, "TC_2.67_mGal": 1.3087, "sigma_FA_mGal": 0.1102}}, {"type": "Feature", "geometry": {"type": "Point", "coordinates": [34.8029886, 24.8022807]}, "properties": {"Station_UID": "CG6-0640|2026-01-22|L1|S424", "Instrument": "CG6-0640", "Date": "2026-01-22", "Line": "1", "Station": "424", "H_ortho_m": 294.1961, "dg_rel_base100_mGal": -32.741, "FA_rel_mGal": 26.1671, "SB_rel_2.67_mGal": 4.4138, "CB_rel_2.67_mGal": 4.4411, "TC_2.67_mGal": 1.1507, "sigma_FA_mGal": 0.1102}}, {"type": "Feature", "geometry": {"type": "Point", "coordinates": [34.8024446, 24.8041108]}, "properties": {"Station_UID": "CG6-0640|2026-01-22|L1|S425", "Instrument": "CG6-0640", "Date": "2026-01-22", "Line": "1", "Station": "425", "H_ortho_m": 300.6892, "dg_rel_base100_mGal": -33.9793, "FA_rel_mGal": 26.8071, "SB_rel_2.67_mGal": 4.3269, "CB_rel_2.67_mGal": 4.4167, "TC_2.67_mGal": 1.2132, "sigma_FA_mGal": 0.1102}}, {"type": "Feature", "geometry": {"type": "Point", "coordinates": [34.801922, 24.8056731]}, "properties": {"Station_UID": "CG6-0640|2026-01-22|L1|S426", "Instrument": "CG6-0640", "Date": "2026-01-22", "Line": "1", "Station": "426", "H_ortho_m": 305.3664, "dg_rel_base100_mGal": -34.7734, "FA_rel_mGal": 27.3492, "SB_rel_2.67_mGal": 4.3454, "CB_rel_2.67_mGal": 4.6068, "TC_2.67_mGal": 1.3849, "sigma_FA_mGal": 0.1102}}, {"type": "Feature", "geometry": {"type": "Point", "coordinates": [34.8028592, 24.8065358]}, "properties": {"Station_UID": "CG6-0640|2026-01-22|L1|S427", "Instrument": "CG6-0640", "Date": "2026-01-22", "Line": "1", "Station": "427", "H_ortho_m": 311.1441, "dg_rel_base100_mGal": -35.8778, "FA_rel_mGal": 27.9688, "SB_rel_2.67_mGal": 4.3182, "CB_rel_2.67_mGal": 4.5309, "TC_2.67_mGal": 1.3362, "sigma_FA_mGal": 0.1102}}, {"type": "Feature", "geometry": {"type": "Point", "coordinates": [34.8031858, 24.8080727]}, "properties": {"Station_UID": "CG6-0640|2026-01-22|L1|S428", "Instrument": "CG6-0640", "Date": "2026-01-22", "Line": "1", "Station": "428", "H_ortho_m": 315.9406, "dg_rel_base100_mGal": -36.6862, "FA_rel_mGal": 28.5352, "SB_rel_2.67_mGal": 4.3475, "CB_rel_2.67_mGal": 4.6581, "TC_2.67_mGal": 1.434, "sigma_FA_mGal": 0.1102}}, {"type": "Feature", "geometry": {"type": "Point", "coordinates": [34.804522, 24.8103322]}, "properties": {"Station_UID": "CG6-0640|2026-01-22|L1|S430", "Instrument": "CG6-0640", "Date": "2026-01-22", "Line": "1", "Station": "430", "H_ortho_m": 326.6298, "dg_rel_base100_mGal": -38.6062, "FA_rel_mGal": 29.759, "SB_rel_2.67_mGal": 4.3747, "CB_rel_2.67_mGal": 4.6318, "TC_2.67_mGal": 1.3806, "sigma_FA_mGal": 0.1102}}, {"type": "Feature", "geometry": {"type": "Point", "coordinates": [34.8038548, 24.8102173]}, "properties": {"Station_UID": "CG6-0640|2026-01-22|L1|S431", "Instrument": "CG6-0640", "Date": "2026-01-22", "Line": "1", "Station": "431", "H_ortho_m": 322.3393, "dg_rel_base100_mGal": -37.8441, "FA_rel_mGal": 29.2048, "SB_rel_2.67_mGal": 4.3008, "CB_rel_2.67_mGal": 4.498, "TC_2.67_mGal": 1.3206, "sigma_FA_mGal": 0.1102}}, {"type": "Feature", "geometry": {"type": "Point", "coordinates": [34.803347, 24.810722]}, "properties": {"Station_UID": "CG6-0640|2026-01-22|L1|S432", "Instrument": "CG6-0640", "Date": "2026-01-22", "Line": "1", "Station": "432", "H_ortho_m": 325.9334, "dg_rel_base100_mGal": -38.9017, "FA_rel_mGal": 29.2217, "SB_rel_2.67_mGal": 3.9153, "CB_rel_2.67_mGal": 4.1106, "TC_2.67_mGal": 1.3187, "sigma_FA_mGal": 0.1102}}, {"type": "Feature", "geometry": {"type": "Point", "coordinates": [34.8923887, 24.6897247]}, "properties": {"Station_UID": "CG6-0640|2026-01-23|L1|S433", "Instrument": "CG6-0640", "Date": "2026-01-23", "Line": "1", "Station": "433", "H_ortho_m": 230.5537, "dg_rel_base100_mGal": -32.6489, "FA_rel_mGal": 14.3395, "SB_rel_2.67_mGal": -0.2888, "CB_rel_2.67_mGal": -0.8943, "TC_2.67_mGal": 0.518, "sigma_FA_mGal": 0.0474}}, {"type": "Feature", "geometry": {"type": "Point", "coordinates": [34.8901806, 24.691332]}, "properties": {"Station_UID": "CG6-0640|2026-01-23|L1|S434", "Instrument": "CG6-0640", "Date": "2026-01-23", "Line": "1", "Station": "434", "H_ortho_m": 233.6439, "dg_rel_base100_mGal": -33.3165, "FA_rel_mGal": 14.5156, "SB_rel_2.67_mGal": -0.4587, "CB_rel_2.67_mGal": -1.1562, "TC_2.67_mGal": 0.4259, "sigma_FA_mGal": 0.047}}, {"type": "Feature", "geometry": {"type": "Point", "coordinates": [34.8882424, 24.692945]}, "properties": {"Station_UID": "CG6-0640|2026-01-23|L1|S435", "Instrument": "CG6-0640", "Date": "2026-01-23", "Line": "1", "Station": "435", "H_ortho_m": 236.4682, "dg_rel_base100_mGal": -33.8544, "FA_rel_mGal": 14.739, "SB_rel_2.67_mGal": -0.5515, "CB_rel_2.67_mGal": -1.2344, "TC_2.67_mGal": 0.4405, "sigma_FA_mGal": 0.0471}}, {"type": "Feature", "geometry": {"type": "Point", "coordinates": [34.8860423, 24.6940802]}, "properties": {"Station_UID": "CG6-0640|2026-01-23|L1|S436", "Instrument": "CG6-0640", "Date": "2026-01-23", "Line": "1", "Station": "436", "H_ortho_m": 238.2986, "dg_rel_base100_mGal": -34.1712, "FA_rel_mGal": 14.9094, "SB_rel_2.67_mGal": -0.586, "CB_rel_2.67_mGal": -1.2632, "TC_2.67_mGal": 0.4463, "sigma_FA_mGal": 0.047}}, {"type": "Feature", "geometry": {"type": "Point", "coordinates": [34.8850021, 24.6960407]}, "properties": {"Station_UID": "CG6-0640|2026-01-23|L1|S437", "Instrument": "CG6-0640", "Date": "2026-01-23", "Line": "1", "Station": "437", "H_ortho_m": 241.5113, "dg_rel_base100_mGal": -34.5708, "FA_rel_mGal": 15.3671, "SB_rel_2.67_mGal": -0.488, "CB_rel_2.67_mGal": -1.1312, "TC_2.67_mGal": 0.4802, "sigma_FA_mGal": 0.0474}}, {"type": "Feature", "geometry": {"type": "Point", "coordinates": [34.884326, 24.6980262]}, "properties": {"Station_UID": "CG6-0640|2026-01-23|L1|S438", "Instrument": "CG6-0640", "Date": "2026-01-23", "Line": "1", "Station": "438", "H_ortho_m": 243.8293, "dg_rel_base100_mGal": -34.7531, "FA_rel_mGal": 15.7642, "SB_rel_2.67_mGal": -0.3504, "CB_rel_2.67_mGal": -0.9052, "TC_2.67_mGal": 0.5685, "sigma_FA_mGal": 0.047}}, {"type": "Feature", "geometry": {"type": "Point", "coordinates": [34.8829649, 24.6994327]}, "properties": {"Station_UID": "CG6-0640|2026-01-23|L1|S439", "Instrument": "CG6-0640", "Date": "2026-01-23", "Line": "1", "Station": "439", "H_ortho_m": 246.7059, "dg_rel_base100_mGal": -34.9378, "FA_rel_mGal": 16.3709, "SB_rel_2.67_mGal": -0.0657, "CB_rel_2.67_mGal": -0.7128, "TC_2.67_mGal": 0.4763, "sigma_FA_mGal": 0.0471}}, {"type": "Feature", "geometry": {"type": "Point", "coordinates": [34.8817222, 24.7014212]}, "properties": {"Station_UID": "CG6-0640|2026-01-23|L1|S440", "Instrument": "CG6-0640", "Date": "2026-01-23", "Line": "1", "Station": "440", "H_ortho_m": 248.9466, "dg_rel_base100_mGal": -35.2112, "FA_rel_mGal": 16.6528, "SB_rel_2.67_mGal": -0.0346, "CB_rel_2.67_mGal": -0.6109, "TC_2.67_mGal": 0.5472, "sigma_FA_mGal": 0.047}}, {"type": "Feature", "geometry": {"type": "Point", "coordinates": [34.8805576, 24.7029033]}, "properties": {"Station_UID": "CG6-0640|2026-01-23|L1|S441", "Instrument": "CG6-0640", "Date": "2026-01-23", "Line": "1", "Station": "441", "H_ortho_m": 250.7498, "dg_rel_base100_mGal": -35.7634, "FA_rel_mGal": 16.5557, "SB_rel_2.67_mGal": -0.3336, "CB_rel_2.67_mGal": -0.7942, "TC_2.67_mGal": 0.6628, "sigma_FA_mGal": 0.0472}}, {"type": "Feature", "geometry": {"type": "Point", "coordinates": [34.8790324, 24.7040779]}, "properties": {"Station_UID": "CG6-0640|2026-01-23|L1|S442", "Instrument": "CG6-0640", "Date": "2026-01-23", "Line": "1", "Station": "442", "H_ortho_m": 253.1708, "dg_rel_base100_mGal": -35.9282, "FA_rel_mGal": 17.0577, "SB_rel_2.67_mGal": -0.1027, "CB_rel_2.67_mGal": -0.587, "TC_2.67_mGal": 0.6391, "sigma_FA_mGal": 0.047}}, {"type": "Feature", "geometry": {"type": "Point", "coordinates": [34.8778102, 24.705516]}, "properties": {"Station_UID": "CG6-0640|2026-01-23|L1|S443", "Instrument": "CG6-0640", "Date": "2026-01-23", "Line": "1", "Station": "443", "H_ortho_m": 255.8558, "dg_rel_base100_mGal": -36.3306, "FA_rel_mGal": 17.3854, "SB_rel_2.67_mGal": -0.0756, "CB_rel_2.67_mGal": -0.5948, "TC_2.67_mGal": 0.6042, "sigma_FA_mGal": 0.047}}, {"type": "Feature", "geometry": {"type": "Point", "coordinates": [34.8774038, 24.7073165]}, "properties": {"Station_UID": "CG6-0640|2026-01-23|L1|S444", "Instrument": "CG6-0640", "Date": "2026-01-23", "Line": "1", "Station": "444", "H_ortho_m": 258.2589, "dg_rel_base100_mGal": -36.6144, "FA_rel_mGal": 17.7199, "SB_rel_2.67_mGal": -0.0101, "CB_rel_2.67_mGal": -0.589, "TC_2.67_mGal": 0.5445, "sigma_FA_mGal": 0.0472}}, {"type": "Feature", "geometry": {"type": "Point", "coordinates": [34.8773011, 24.7096747]}, "properties": {"Station_UID": "CG6-0640|2026-01-23|L1|S445", "Instrument": "CG6-0640", "Date": "2026-01-23", "Line": "1", "Station": "445", "H_ortho_m": 261.5978, "dg_rel_base100_mGal": -36.8059, "FA_rel_mGal": 18.3973, "SB_rel_2.67_mGal": 0.2935, "CB_rel_2.67_mGal": -0.3188, "TC_2.67_mGal": 0.5111, "sigma_FA_mGal": 0.0472}}, {"type": "Feature", "geometry": {"type": "Point", "coordinates": [34.8763981, 24.7112878]}, "properties": {"Station_UID": "CG6-0640|2026-01-23|L1|S446", "Instrument": "CG6-0640", "Date": "2026-01-23", "Line": "1", "Station": "446", "H_ortho_m": 263.665, "dg_rel_base100_mGal": -36.9974, "FA_rel_mGal": 18.7334, "SB_rel_2.67_mGal": 0.3981, "CB_rel_2.67_mGal": -0.0477, "TC_2.67_mGal": 0.6776, "sigma_FA_mGal": 0.047}}, {"type": "Feature", "geometry": {"type": "Point", "coordinates": [34.8749942, 24.7134214]}, "properties": {"Station_UID": "CG6-0640|2026-01-23|L1|S447", "Instrument": "CG6-0640", "Date": "2026-01-23", "Line": "1", "Station": "447", "H_ortho_m": 267.003, "dg_rel_base100_mGal": -37.2685, "FA_rel_mGal": 19.3462, "SB_rel_2.67_mGal": 0.6373, "CB_rel_2.67_mGal": 0.0643, "TC_2.67_mGal": 0.5505, "sigma_FA_mGal": 0.0471}}, {"type": "Feature", "geometry": {"type": "Point", "coordinates": [34.8725372, 24.7151988]}, "properties": {"Station_UID": "CG6-0640|2026-01-23|L1|S448", "Instrument": "CG6-0640", "Date": "2026-01-23", "Line": "1", "Station": "448", "H_ortho_m": 270.7758, "dg_rel_base100_mGal": -37.8676, "FA_rel_mGal": 19.7898, "SB_rel_2.67_mGal": 0.6585, "CB_rel_2.67_mGal": 0.0992, "TC_2.67_mGal": 0.5641, "sigma_FA_mGal": 0.0474}}, {"type": "Feature", "geometry": {"type": "Point", "coordinates": [34.8713309, 24.7171044]}, "properties": {"Station_UID": "CG6-0640|2026-01-23|L1|S449", "Instrument": "CG6-0640", "Date": "2026-01-23", "Line": "1", "Station": "449", "H_ortho_m": 274.7103, "dg_rel_base100_mGal": -38.4455, "FA_rel_mGal": 20.2957, "SB_rel_2.67_mGal": 0.7239, "CB_rel_2.67_mGal": 0.1874, "TC_2.67_mGal": 0.587, "sigma_FA_mGal": 0.0471}}, {"type": "Feature", "geometry": {"type": "Point", "coordinates": [34.86969, 24.7187227]}, "properties": {"Station_UID": "CG6-0640|2026-01-23|L1|S450", "Instrument": "CG6-0640", "Date": "2026-01-23", "Line": "1", "Station": "450", "H_ortho_m": 279.2051, "dg_rel_base100_mGal": -38.9391, "FA_rel_mGal": 21.0784, "SB_rel_2.67_mGal": 1.0034, "CB_rel_2.67_mGal": 0.4809, "TC_2.67_mGal": 0.601, "sigma_FA_mGal": 0.047}}, {"type": "Feature", "geometry": {"type": "Point", "coordinates": [34.8687507, 24.7206833]}, "properties": {"Station_UID": "CG6-0640|2026-01-23|L1|S451", "Instrument": "CG6-0640", "Date": "2026-01-23", "Line": "1", "Station": "451", "H_ortho_m": 283.8675, "dg_rel_base100_mGal": -39.368, "FA_rel_mGal": 21.9541, "SB_rel_2.67_mGal": 1.3571, "CB_rel_2.67_mGal": 0.75, "TC_2.67_mGal": 0.5163, "sigma_FA_mGal": 0.047}}, {"type": "Feature", "geometry": {"type": "Point", "coordinates": [34.8675612, 24.7222438]}, "properties": {"Station_UID": "CG6-0640|2026-01-23|L1|S452", "Instrument": "CG6-0640", "Date": "2026-01-23", "Line": "1", "Station": "452", "H_ortho_m": 284.6979, "dg_rel_base100_mGal": -39.2132, "FA_rel_mGal": 22.2582, "SB_rel_2.67_mGal": 1.5683, "CB_rel_2.67_mGal": 0.9365, "TC_2.67_mGal": 0.4916, "sigma_FA_mGal": 0.0471}}, {"type": "Feature", "geometry": {"type": "Point", "coordinates": [34.8658685, 24.7241356]}, "properties": {"Station_UID": "CG6-0640|2026-01-23|L1|S453", "Instrument": "CG6-0640", "Date": "2026-01-23", "Line": "1", "Station": "453", "H_ortho_m": 283.9024, "dg_rel_base100_mGal": -38.6272, "FA_rel_mGal": 22.4689, "SB_rel_2.67_mGal": 1.8681, "CB_rel_2.67_mGal": 1.1779, "TC_2.67_mGal": 0.4332, "sigma_FA_mGal": 0.047}}, {"type": "Feature", "geometry": {"type": "Point", "coordinates": [34.8645706, 24.7258551]}, "properties": {"Station_UID": "CG6-0640|2026-01-23|L1|S454", "Instrument": "CG6-0640", "Date": "2026-01-23", "Line": "1", "Station": "454", "H_ortho_m": 286.5084, "dg_rel_base100_mGal": -38.6967, "FA_rel_mGal": 23.0859, "SB_rel_2.67_mGal": 2.1933, "CB_rel_2.67_mGal": 1.5174, "TC_2.67_mGal": 0.4476, "sigma_FA_mGal": 0.047}}, {"type": "Feature", "geometry": {"type": "Point", "coordinates": [34.8636385, 24.7274818]}, "properties": {"Station_UID": "CG6-0640|2026-01-23|L1|S455", "Instrument": "CG6-0640", "Date": "2026-01-23", "Line": "1", "Station": "455", "H_ortho_m": 289.1837, "dg_rel_base100_mGal": -38.8945, "FA_rel_mGal": 23.6023, "SB_rel_2.67_mGal": 2.4101, "CB_rel_2.67_mGal": 1.734, "TC_2.67_mGal": 0.4473, "sigma_FA_mGal": 0.047}}, {"type": "Feature", "geometry": {"type": "Point", "coordinates": [34.8624913, 24.7287768]}, "properties": {"Station_UID": "CG6-0640|2026-01-23|L1|S456", "Instrument": "CG6-0640", "Date": "2026-01-23", "Line": "1", "Station": "456", "H_ortho_m": 292.0563, "dg_rel_base100_mGal": -39.0782, "FA_rel_mGal": 24.2164, "SB_rel_2.67_mGal": 2.7027, "CB_rel_2.67_mGal": 2.0578, "TC_2.67_mGal": 0.4786, "sigma_FA_mGal": 0.0474}}, {"type": "Feature", "geometry": {"type": "Point", "coordinates": [34.8613741, 24.7303449]}, "properties": {"Station_UID": "CG6-0640|2026-01-23|L1|S457", "Instrument": "CG6-0640", "Date": "2026-01-23", "Line": "1", "Station": "457", "H_ortho_m": 296.8029, "dg_rel_base100_mGal": -39.7259, "FA_rel_mGal": 24.9262, "SB_rel_2.67_mGal": 2.881, "CB_rel_2.67_mGal": 2.2714, "TC_2.67_mGal": 0.5138, "sigma_FA_mGal": 0.047}}, {"type": "Feature", "geometry": {"type": "Point", "coordinates": [34.8601121, 24.7317518]}, "properties": {"Station_UID": "CG6-0640|2026-01-23|L1|S458", "Instrument": "CG6-0640", "Date": "2026-01-23", "Line": "1", "Station": "458", "H_ortho_m": 297.2749, "dg_rel_base100_mGal": -39.2651, "FA_rel_mGal": 25.4361, "SB_rel_2.67_mGal": 3.3381, "CB_rel_2.67_mGal": 2.6927, "TC_2.67_mGal": 0.4779, "sigma_FA_mGal": 0.0471}}, {"type": "Feature", "geometry": {"type": "Point", "coordinates": [34.8586827, 24.7330174]}, "properties": {"Station_UID": "CG6-0640|2026-01-23|L1|S459", "Instrument": "CG6-0640", "Date": "2026-01-23", "Line": "1", "Station": "459", "H_ortho_m": 293.2583, "dg_rel_base100_mGal": -38.2476, "FA_rel_mGal": 25.1272, "SB_rel_2.67_mGal": 3.4789, "CB_rel_2.67_mGal": 2.827, "TC_2.67_mGal": 0.4716, "sigma_FA_mGal": 0.047}}, {"type": "Feature", "geometry": {"type": "Point", "coordinates": [34.8571659, 24.7340759]}, "properties": {"Station_UID": "CG6-0640|2026-01-23|L1|S460", "Instrument": "CG6-0640", "Date": "2026-01-23", "Line": "1", "Station": "460", "H_ortho_m": 292.6934, "dg_rel_base100_mGal": -38.0003, "FA_rel_mGal": 25.1275, "SB_rel_2.67_mGal": 3.5424, "CB_rel_2.67_mGal": 2.8765, "TC_2.67_mGal": 0.4575, "sigma_FA_mGal": 0.0473}}, {"type": "Feature", "geometry": {"type": "Point", "coordinates": [34.8551819, 24.7338615]}, "properties": {"Station_UID": "CG6-0640|2026-01-23|L1|S461", "Instrument": "CG6-0640", "Date": "2026-01-23", "Line": "1", "Station": "461", "H_ortho_m": 295.8138, "dg_rel_base100_mGal": -38.6294, "FA_rel_mGal": 25.4762, "SB_rel_2.67_mGal": 3.5418, "CB_rel_2.67_mGal": 2.8993, "TC_2.67_mGal": 0.4809, "sigma_FA_mGal": 0.0474}}, {"type": "Feature", "geometry": {"type": "Point", "coordinates": [34.8534496, 24.7348484]}, "properties": {"Station_UID": "CG6-0640|2026-01-23|L1|S462", "Instrument": "CG6-0640", "Date": "2026-01-23", "Line": "1", "Station": "462", "H_ortho_m": 298.0321, "dg_rel_base100_mGal": -38.9131, "FA_rel_mGal": 25.8094, "SB_rel_2.67_mGal": 3.6267, "CB_rel_2.67_mGal": 3.0669, "TC_2.67_mGal": 0.5636, "sigma_FA_mGal": 0.0471}}, {"type": "Feature", "geometry": {"type": "Point", "coordinates": [34.8510417, 24.7334003]}, "properties": {"Station_UID": "CG6-0640|2026-01-23|L1|S463", "Instrument": "CG6-0640", "Date": "2026-01-23", "Line": "1", "Station": "463", "H_ortho_m": 301.2941, "dg_rel_base100_mGal": -39.5258, "FA_rel_mGal": 26.3029, "SB_rel_2.67_mGal": 3.755, "CB_rel_2.67_mGal": 3.104, "TC_2.67_mGal": 0.4725, "sigma_FA_mGal": 0.047}}, {"type": "Feature", "geometry": {"type": "Point", "coordinates": [34.8497599, 24.7317937]}, "properties": {"Station_UID": "CG6-0640|2026-01-23|L1|S464", "Instrument": "CG6-0640", "Date": "2026-01-23", "Line": "1", "Station": "464", "H_ortho_m": 306.8604, "dg_rel_base100_mGal": -40.3178, "FA_rel_mGal": 27.3391, "SB_rel_2.67_mGal": 4.168, "CB_rel_2.67_mGal": 3.4888, "TC_2.67_mGal": 0.4442, "sigma_FA_mGal": 0.0471}}, {"type": "Feature", "geometry": {"type": "Point", "coordinates": [34.855659, 24.7353854]}, "properties": {"Station_UID": "CG6-0640|2026-01-23|L1|S465", "Instrument": "CG6-0640", "Date": "2026-01-23", "Line": "1", "Station": "465", "H_ortho_m": 296.8405, "dg_rel_base100_mGal": -38.7979, "FA_rel_mGal": 25.52, "SB_rel_2.67_mGal": 3.4707, "CB_rel_2.67_mGal": 2.8821, "TC_2.67_mGal": 0.5348, "sigma_FA_mGal": 0.047}}, {"type": "Feature", "geometry": {"type": "Point", "coordinates": [34.853699, 24.7368237]}, "properties": {"Station_UID": "CG6-0640|2026-01-23|L1|S466", "Instrument": "CG6-0640", "Date": "2026-01-23", "Line": "1", "Station": "466", "H_ortho_m": 301.6518, "dg_rel_base100_mGal": -39.5037, "FA_rel_mGal": 26.2006, "SB_rel_2.67_mGal": 3.6126, "CB_rel_2.67_mGal": 3.0611, "TC_2.67_mGal": 0.5719, "sigma_FA_mGal": 0.047}}, {"type": "Feature", "geometry": {"type": "Point", "coordinates": [34.8515685, 24.7385727]}, "properties": {"Station_UID": "CG6-0640|2026-01-23|L1|S467", "Instrument": "CG6-0640", "Date": "2026-01-23", "Line": "1", "Station": "467", "H_ortho_m": 309.3053, "dg_rel_base100_mGal": -41.0229, "FA_rel_mGal": 26.9236, "SB_rel_2.67_mGal": 3.4788, "CB_rel_2.67_mGal": 2.9891, "TC_2.67_mGal": 0.6337, "sigma_FA_mGal": 0.047}}, {"type": "Feature", "geometry": {"type": "Point", "coordinates": [34.8502976, 24.7398954]}, "properties": {"Station_UID": "CG6-0640|2026-01-23|L1|S468", "Instrument": "CG6-0640", "Date": "2026-01-23", "Line": "1", "Station": "468", "H_ortho_m": 319.5712, "dg_rel_base100_mGal": -42.5043, "FA_rel_mGal": 28.52, "SB_rel_2.67_mGal": 3.9259, "CB_rel_2.67_mGal": 3.2811, "TC_2.67_mGal": 0.4786, "sigma_FA_mGal": 0.047}}, {"type": "Feature", "geometry": {"type": "Point", "coordinates": [34.8488604, 24.7412409]}, "properties": {"Station_UID": "CG6-0640|2026-01-23|L1|S469", "Instrument": "CG6-0640", "Date": "2026-01-23", "Line": "1", "Station": "469", "H_ortho_m": 307.0374, "dg_rel_base100_mGal": -40.1672, "FA_rel_mGal": 26.8963, "SB_rel_2.67_mGal": 3.7054, "CB_rel_2.67_mGal": 3.0894, "TC_2.67_mGal": 0.5075, "sigma_FA_mGal": 0.0471}}, {"type": "Feature", "geometry": {"type": "Point", "coordinates": [34.8474936, 24.7406362]}, "properties": {"Station_UID": "CG6-0640|2026-01-23|L1|S470", "Instrument": "CG6-0640", "Date": "2026-01-23", "Line": "1", "Station": "470", "H_ortho_m": 309.1993, "dg_rel_base100_mGal": -40.2727, "FA_rel_mGal": 27.4995, "SB_rel_2.67_mGal": 4.0666, "CB_rel_2.67_mGal": 3.4322, "TC_2.67_mGal": 0.489, "sigma_FA_mGal": 0.047}}, {"type": "Feature", "geometry": {"type": "Point", "coordinates": [34.8467342, 24.7385255]}, "properties": {"Station_UID": "CG6-0640|2026-01-23|L1|S471", "Instrument": "CG6-0640", "Date": "2026-01-23", "Line": "1", "Station": "471", "H_ortho_m": 313.4407, "dg_rel_base100_mGal": -41.3141, "FA_rel_mGal": 27.912, "SB_rel_2.67_mGal": 4.0042, "CB_rel_2.67_mGal": 3.3705, "TC_2.67_mGal": 0.4897, "sigma_FA_mGal": 0.047}}, {"type": "Feature", "geometry": {"type": "Point", "coordinates": [34.8453753, 24.736538]}, "properties": {"Station_UID": "CG6-0640|2026-01-23|L1|S472", "Instrument": "CG6-0640", "Date": "2026-01-23", "Line": "1", "Station": "472", "H_ortho_m": 316.8859, "dg_rel_base100_mGal": -42.3708, "FA_rel_mGal": 28.055, "SB_rel_2.67_mGal": 3.7615, "CB_rel_2.67_mGal": 3.1644, "TC_2.67_mGal": 0.5263, "sigma_FA_mGal": 0.047}}, {"type": "Feature", "geometry": {"type": "Point", "coordinates": [34.8434597, 24.7361764]}, "properties": {"Station_UID": "CG6-0640|2026-01-23|L1|S473", "Instrument": "CG6-0640", "Date": "2026-01-23", "Line": "1", "Station": "473", "H_ortho_m": 321.7416, "dg_rel_base100_mGal": -43.5942, "FA_rel_mGal": 28.3551, "SB_rel_2.67_mGal": 3.5181, "CB_rel_2.67_mGal": 2.8866, "TC_2.67_mGal": 0.492, "sigma_FA_mGal": 0.047}}, {"type": "Feature", "geometry": {"type": "Point", "coordinates": [34.8413792, 24.7356178]}, "properties": {"Station_UID": "CG6-0640|2026-01-23|L1|S474", "Instrument": "CG6-0640", "Date": "2026-01-23", "Line": "1", "Station": "474", "H_ortho_m": 325.1797, "dg_rel_base100_mGal": -44.0149, "FA_rel_mGal": 29.0339, "SB_rel_2.67_mGal": 3.8119, "CB_rel_2.67_mGal": 3.2288, "TC_2.67_mGal": 0.5403, "sigma_FA_mGal": 0.0471}}, {"type": "Feature", "geometry": {"type": "Point", "coordinates": [34.8388299, 24.7350185]}, "properties": {"Station_UID": "CG6-0640|2026-01-23|L1|S475", "Instrument": "CG6-0640", "Date": "2026-01-23", "Line": "1", "Station": "475", "H_ortho_m": 329.4951, "dg_rel_base100_mGal": -44.9195, "FA_rel_mGal": 29.5023, "SB_rel_2.67_mGal": 3.7972, "CB_rel_2.67_mGal": 3.3015, "TC_2.67_mGal": 0.6277, "sigma_FA_mGal": 0.0471}}, {"type": "Feature", "geometry": {"type": "Point", "coordinates": [34.8364018, 24.7353242]}, "properties": {"Station_UID": "CG6-0640|2026-01-23|L1|S476", "Instrument": "CG6-0640", "Date": "2026-01-23", "Line": "1", "Station": "476", "H_ortho_m": 334.3277, "dg_rel_base100_mGal": -45.2562, "FA_rel_mGal": 30.6362, "SB_rel_2.67_mGal": 4.3901, "CB_rel_2.67_mGal": 3.8864, "TC_2.67_mGal": 0.6197, "sigma_FA_mGal": 0.047}}, {"type": "Feature", "geometry": {"type": "Point", "coordinates": [34.8347224, 24.7372095]}, "properties": {"Station_UID": "CG6-0640|2026-01-23|L1|S477", "Instrument": "CG6-0640", "Date": "2026-01-23", "Line": "1", "Station": "477", "H_ortho_m": 339.0548, "dg_rel_base100_mGal": -45.6123, "FA_rel_mGal": 31.6098, "SB_rel_2.67_mGal": 4.8345, "CB_rel_2.67_mGal": 4.4711, "TC_2.67_mGal": 0.7601, "sigma_FA_mGal": 0.047}}, {"type": "Feature", "geometry": {"type": "Point", "coordinates": [34.8325435, 24.7382321]}, "properties": {"Station_UID": "CG6-0640|2026-01-23|L1|S478", "Instrument": "CG6-0640", "Date": "2026-01-23", "Line": "1", "Station": "478", "H_ortho_m": 344.0336, "dg_rel_base100_mGal": -46.3431, "FA_rel_mGal": 32.3455, "SB_rel_2.67_mGal": 5.0127, "CB_rel_2.67_mGal": 4.6465, "TC_2.67_mGal": 0.7572, "sigma_FA_mGal": 0.0471}}, {"type": "Feature", "geometry": {"type": "Point", "coordinates": [34.8300418, 24.7380466]}, "properties": {"Station_UID": "CG6-0640|2026-01-23|L1|S479", "Instrument": "CG6-0640", "Date": "2026-01-23", "Line": "1", "Station": "479", "H_ortho_m": 349.1066, "dg_rel_base100_mGal": -47.5829, "FA_rel_mGal": 32.6841, "SB_rel_2.67_mGal": 4.7834, "CB_rel_2.67_mGal": 4.4806, "TC_2.67_mGal": 0.8206, "sigma_FA_mGal": 0.047}}, {"type": "Feature", "geometry": {"type": "Point", "coordinates": [34.8274414, 24.7372878]}, "properties": {"Station_UID": "CG6-0640|2026-01-23|L1|S480", "Instrument": "CG6-0640", "Date": "2026-01-23", "Line": "1", "Station": "480", "H_ortho_m": 356.1444, "dg_rel_base100_mGal": -49.5321, "FA_rel_mGal": 32.9592, "SB_rel_2.67_mGal": 4.2706, "CB_rel_2.67_mGal": 4.0503, "TC_2.67_mGal": 0.9031, "sigma_FA_mGal": 0.0477}}, {"type": "Feature", "geometry": {"type": "Point", "coordinates": [34.8254966, 24.7357345]}, "properties": {"Station_UID": "CG6-0640|2026-01-23|L1|S481", "Instrument": "CG6-0640", "Date": "2026-01-23", "Line": "1", "Station": "481", "H_ortho_m": 362.1676, "dg_rel_base100_mGal": -51.0705, "FA_rel_mGal": 33.3863, "SB_rel_2.67_mGal": 4.0234, "CB_rel_2.67_mGal": 3.7793, "TC_2.67_mGal": 0.8793, "sigma_FA_mGal": 0.047}}, {"type": "Feature", "geometry": {"type": "Point", "coordinates": [34.8227156, 24.735094]}, "properties": {"Station_UID": "CG6-0640|2026-01-23|L1|S482", "Instrument": "CG6-0640", "Date": "2026-01-23", "Line": "1", "Station": "482", "H_ortho_m": 369.4498, "dg_rel_base100_mGal": -52.6672, "FA_rel_mGal": 34.0812, "SB_rel_2.67_mGal": 3.903, "CB_rel_2.67_mGal": 3.6994, "TC_2.67_mGal": 0.9198, "sigma_FA_mGal": 0.0471}}, {"type": "Feature", "geometry": {"type": "Point", "coordinates": [34.8210983, 24.7333787]}, "properties": {"Station_UID": "CG6-0640|2026-01-23|L1|S483", "Instrument": "CG6-0640", "Date": "2026-01-23", "Line": "1", "Station": "483", "H_ortho_m": 377.2462, "dg_rel_base100_mGal": -54.5805, "FA_rel_mGal": 34.6917, "SB_rel_2.67_mGal": 3.6407, "CB_rel_2.67_mGal": 3.4414, "TC_2.67_mGal": 0.9241, "sigma_FA_mGal": 0.047}}, {"type": "Feature", "geometry": {"type": "Point", "coordinates": [34.818294, 24.7344827]}, "properties": {"Station_UID": "CG6-0640|2026-01-23|L1|S484", "Instrument": "CG6-0640", "Date": "2026-01-23", "Line": "1", "Station": "484", "H_ortho_m": 392.4798, "dg_rel_base100_mGal": -57.0764, "FA_rel_mGal": 36.8218, "SB_rel_2.67_mGal": 4.0654, "CB_rel_2.67_mGal": 3.7324, "TC_2.67_mGal": 0.7904, "sigma_FA_mGal": 0.047}}, {"type": "Feature", "geometry": {"type": "Point", "coordinates": [34.8175954, 24.7366701]}, "properties": {"Station_UID": "CG6-0640|2026-01-23|L1|S485", "Instrument": "CG6-0640", "Date": "2026-01-23", "Line": "1", "Station": "485", "H_ortho_m": 378.5007, "dg_rel_base100_mGal": -54.3286, "FA_rel_mGal": 35.1051, "SB_rel_2.67_mGal": 3.9137, "CB_rel_2.67_mGal": 3.6867, "TC_2.67_mGal": 0.8965, "sigma_FA_mGal": 0.0471}}, {"type": "Feature", "geometry": {"type": "Point", "coordinates": [34.8196076, 24.7387034]}, "properties": {"Station_UID": "CG6-0640|2026-01-23|L1|S486", "Instrument": "CG6-0640", "Date": "2026-01-23", "Line": "1", "Station": "486", "H_ortho_m": 371.0625, "dg_rel_base100_mGal": -52.5836, "FA_rel_mGal": 34.4149, "SB_rel_2.67_mGal": 4.0562, "CB_rel_2.67_mGal": 3.8128, "TC_2.67_mGal": 0.88, "sigma_FA_mGal": 0.0471}}, {"type": "Feature", "geometry": {"type": "Point", "coordinates": [34.8215876, 24.7396627]}, "properties": {"Station_UID": "CG6-0640|2026-01-23|L1|S487", "Instrument": "CG6-0640", "Date": "2026-01-23", "Line": "1", "Station": "487", "H_ortho_m": 365.5966, "dg_rel_base100_mGal": -51.2145, "FA_rel_mGal": 34.0312, "SB_rel_2.67_mGal": 4.2844, "CB_rel_2.67_mGal": 4.0015, "TC_2.67_mGal": 0.8405, "sigma_FA_mGal": 0.0471}}, {"type": "Feature", "geometry": {"type": "Point", "coordinates": [34.8219267, 24.7416747]}, "properties": {"Station_UID": "CG6-0640|2026-01-23|L1|S488", "Instrument": "CG6-0640", "Date": "2026-01-23", "Line": "1", "Station": "488", "H_ortho_m": 361.497, "dg_rel_base100_mGal": -50.1504, "FA_rel_mGal": 33.6919, "SB_rel_2.67_mGal": 4.4041, "CB_rel_2.67_mGal": 4.0983, "TC_2.67_mGal": 0.8176, "sigma_FA_mGal": 0.0472}}, {"type": "Feature", "geometry": {"type": "Point", "coordinates": [34.8219976, 24.7437313]}, "properties": {"Station_UID": "CG6-0640|2026-01-23|L1|S489", "Instrument": "CG6-0640", "Date": "2026-01-23", "Line": "1", "Station": "489", "H_ortho_m": 350.6809, "dg_rel_base100_mGal": -48.511, "FA_rel_mGal": 31.8519, "SB_rel_2.67_mGal": 3.7749, "CB_rel_2.67_mGal": 3.5888, "TC_2.67_mGal": 0.9373, "sigma_FA_mGal": 0.0472}}, {"type": "Feature", "geometry": {"type": "Point", "coordinates": [34.8232483, 24.746043]}, "properties": {"Station_UID": "CG6-0640|2026-01-23|L1|S490", "Instrument": "CG6-0640", "Date": "2026-01-23", "Line": "1", "Station": "490", "H_ortho_m": 347.8409, "dg_rel_base100_mGal": -46.6314, "FA_rel_mGal": 32.6963, "SB_rel_2.67_mGal": 4.9373, "CB_rel_2.67_mGal": 4.6958, "TC_2.67_mGal": 0.8819, "sigma_FA_mGal": 0.047}}, {"type": "Feature", "geometry": {"type": "Point", "coordinates": [34.8235043, 24.7486583]}, "properties": {"Station_UID": "CG6-0640|2026-01-23|L1|S491", "Instrument": "CG6-0640", "Date": "2026-01-23", "Line": "1", "Station": "491", "H_ortho_m": 343.4489, "dg_rel_base100_mGal": -45.9688, "FA_rel_mGal": 31.8239, "SB_rel_2.67_mGal": 4.5566, "CB_rel_2.67_mGal": 4.801, "TC_2.67_mGal": 1.3678, "sigma_FA_mGal": 0.047}}, {"type": "Feature", "geometry": {"type": "Point", "coordinates": [34.8237774, 24.75125]}, "properties": {"Station_UID": "CG6-0640|2026-01-23|L1|S492", "Instrument": "CG6-0640", "Date": "2026-01-23", "Line": "1", "Station": "492", "H_ortho_m": 339.4365, "dg_rel_base100_mGal": -44.9455, "FA_rel_mGal": 31.4309, "SB_rel_2.67_mGal": 4.6128, "CB_rel_2.67_mGal": 4.8929, "TC_2.67_mGal": 1.4035, "sigma_FA_mGal": 0.047}}, {"type": "Feature", "geometry": {"type": "Point", "coordinates": [34.8240812, 24.7534042]}, "properties": {"Station_UID": "CG6-0640|2026-01-23|L1|S493", "Instrument": "CG6-0640", "Date": "2026-01-23", "Line": "1", "Station": "493", "H_ortho_m": 333.1055, "dg_rel_base100_mGal": -43.9967, "FA_rel_mGal": 30.2779, "SB_rel_2.67_mGal": 4.1686, "CB_rel_2.67_mGal": 4.6585, "TC_2.67_mGal": 1.6133, "sigma_FA_mGal": 0.047}}, {"type": "Feature", "geometry": {"type": "Point", "coordinates": [34.8245911, 24.7560345]}, "properties": {"Station_UID": "CG6-0640|2026-01-23|L1|S494", "Instrument": "CG6-0640", "Date": "2026-01-23", "Line": "1", "Station": "494", "H_ortho_m": 327.8781, "dg_rel_base100_mGal": -42.6254, "FA_rel_mGal": 29.8553, "SB_rel_2.67_mGal": 4.3312, "CB_rel_2.67_mGal": 4.6387, "TC_2.67_mGal": 1.4309, "sigma_FA_mGal": 0.047}}, {"type": "Feature", "geometry": {"type": "Point", "coordinates": [34.8257014, 24.7585831]}, "properties": {"Station_UID": "CG6-0640|2026-01-23|L1|S495", "Instrument": "CG6-0640", "Date": "2026-01-23", "Line": "1", "Station": "495", "H_ortho_m": 322.6262, "dg_rel_base100_mGal": -41.1202, "FA_rel_mGal": 29.5645, "SB_rel_2.67_mGal": 4.6283, "CB_rel_2.67_mGal": 4.5829, "TC_2.67_mGal": 1.078, "sigma_FA_mGal": 0.047}}, {"type": "Feature", "geometry": {"type": "Point", "coordinates": [34.8266318, 24.7610198]}, "properties": {"Station_UID": "CG6-0640|2026-01-23|L1|S496", "Instrument": "CG6-0640", "Date": "2026-01-23", "Line": "1", "Station": "496", "H_ortho_m": 322.3086, "dg_rel_base100_mGal": -39.841, "FA_rel_mGal": 30.5783, "SB_rel_2.67_mGal": 5.6778, "CB_rel_2.67_mGal": 5.3911, "TC_2.67_mGal": 0.8367, "sigma_FA_mGal": 0.047}}, {"type": "Feature", "geometry": {"type": "Point", "coordinates": [34.8281086, 24.758649]}, "properties": {"Station_UID": "CG6-0640|2026-01-23|L1|S497", "Instrument": "CG6-0640", "Date": "2026-01-23", "Line": "1", "Station": "497", "H_ortho_m": 316.1062, "dg_rel_base100_mGal": -38.9689, "FA_rel_mGal": 29.6989, "SB_rel_2.67_mGal": 5.4927, "CB_rel_2.67_mGal": 5.1933, "TC_2.67_mGal": 0.824, "sigma_FA_mGal": 0.0474}}, {"type": "Feature", "geometry": {"type": "Point", "coordinates": [34.830473, 24.7596828]}, "properties": {"Station_UID": "CG6-0640|2026-01-23|L1|S498", "Instrument": "CG6-0640", "Date": "2026-01-23", "Line": "1", "Station": "498", "H_ortho_m": 310.9794, "dg_rel_base100_mGal": -37.7671, "FA_rel_mGal": 29.2474, "SB_rel_2.67_mGal": 5.6152, "CB_rel_2.67_mGal": 5.2173, "TC_2.67_mGal": 0.7256, "sigma_FA_mGal": 0.047}}, {"type": "Feature", "geometry": {"type": "Point", "coordinates": [34.8326519, 24.7605435]}, "properties": {"Station_UID": "CG6-0640|2026-01-23|L1|S499", "Instrument": "CG6-0640", "Date": "2026-01-23", "Line": "1", "Station": "499", "H_ortho_m": 306.063, "dg_rel_base100_mGal": -36.8091, "FA_rel_mGal": 28.6289, "SB_rel_2.67_mGal": 5.547, "CB_rel_2.67_mGal": 5.0918, "TC_2.67_mGal": 0.6682, "sigma_FA_mGal": 0.0471}}, {"type": "Feature", "geometry": {"type": "Point", "coordinates": [34.8348255, 24.7598827]}, "properties": {"Station_UID": "CG6-0640|2026-01-23|L1|S500", "Instrument": "CG6-0640", "Date": "2026-01-23", "Line": "1", "Station": "500", "H_ortho_m": 300.8692, "dg_rel_base100_mGal": -35.6969, "FA_rel_mGal": 28.1833, "SB_rel_2.67_mGal": 5.683, "CB_rel_2.67_mGal": 5.1575, "TC_2.67_mGal": 0.598, "sigma_FA_mGal": 0.0471}}, {"type": "Feature", "geometry": {"type": "Point", "coordinates": [34.8345319, 24.7620407]}, "properties": {"Station_UID": "CG6-0640|2026-01-23|L1|S501", "Instrument": "CG6-0640", "Date": "2026-01-23", "Line": "1", "Station": "501", "H_ortho_m": 297.8325, "dg_rel_base100_mGal": -35.2305, "FA_rel_mGal": 27.5643, "SB_rel_2.67_mGal": 5.4039, "CB_rel_2.67_mGal": 5.1187, "TC_2.67_mGal": 0.8382, "sigma_FA_mGal": 0.0472}}, {"type": "Feature", "geometry": {"type": "Point", "coordinates": [34.9732121, 24.8062377]}, "properties": {"Station_UID": "CG6-0640|2026-01-23|L1|S502", "Instrument": "CG6-0640", "Date": "2026-01-23", "Line": "1", "Station": "502", "H_ortho_m": 42.0848, "dg_rel_base100_mGal": 11.3667, "FA_rel_mGal": -7.8158, "SB_rel_2.67_mGal": -1.3444, "CB_rel_2.67_mGal": -0.7259, "TC_2.67_mGal": 1.7419, "sigma_FA_mGal": 0.0471}}, {"type": "Feature", "geometry": {"type": "Point", "coordinates": [34.9740731, 24.8044422]}, "properties": {"Station_UID": "CG6-0640|2026-01-23|L1|S503", "Instrument": "CG6-0640", "Date": "2026-01-23", "Line": "1", "Station": "503", "H_ortho_m": 49.9294, "dg_rel_base100_mGal": 9.6853, "FA_rel_mGal": -6.9522, "SB_rel_2.67_mGal": -1.3591, "CB_rel_2.67_mGal": -0.5342, "TC_2.67_mGal": 1.9483, "sigma_FA_mGal": 0.047}}, {"type": "Feature", "geometry": {"type": "Point", "coordinates": [34.9751217, 24.8027846]}, "properties": {"Station_UID": "CG6-0640|2026-01-23|L1|S504", "Instrument": "CG6-0640", "Date": "2026-01-23", "Line": "1", "Station": "504", "H_ortho_m": 56.9563, "dg_rel_base100_mGal": 8.2435, "FA_rel_mGal": -6.111, "SB_rel_2.67_mGal": -1.3046, "CB_rel_2.67_mGal": -0.8083, "TC_2.67_mGal": 1.6197, "sigma_FA_mGal": 0.0473}}, {"type": "Feature", "geometry": {"type": "Point", "coordinates": [34.9763119, 24.8007915]}, "properties": {"Station_UID": "CG6-0640|2026-01-23|L1|S505", "Instrument": "CG6-0640", "Date": "2026-01-23", "Line": "1", "Station": "505", "H_ortho_m": 65.1323, "dg_rel_base100_mGal": 6.7224, "FA_rel_mGal": -4.9713, "SB_rel_2.67_mGal": -1.0802, "CB_rel_2.67_mGal": -0.7234, "TC_2.67_mGal": 1.4802, "sigma_FA_mGal": 0.0472}}, {"type": "Feature", "geometry": {"type": "Point", "coordinates": [34.9774915, 24.7987]}, "properties": {"Station_UID": "CG6-0640|2026-01-23|L1|S506", "Instrument": "CG6-0640", "Date": "2026-01-23", "Line": "1", "Station": "506", "H_ortho_m": 72.7831, "dg_rel_base100_mGal": 5.1385, "FA_rel_mGal": -4.0498, "SB_rel_2.67_mGal": -1.0152, "CB_rel_2.67_mGal": -0.6676, "TC_2.67_mGal": 1.471, "sigma_FA_mGal": 0.0474}}, {"type": "Feature", "geometry": {"type": "Point", "coordinates": [34.9786547, 24.7968843]}, "properties": {"Station_UID": "CG6-0640|2026-01-23|L1|S507", "Instrument": "CG6-0640", "Date": "2026-01-23", "Line": "1", "Station": "507", "H_ortho_m": 80.6583, "dg_rel_base100_mGal": 4.0327, "FA_rel_mGal": -2.5999, "SB_rel_2.67_mGal": -0.4469, "CB_rel_2.67_mGal": -0.4443, "TC_2.67_mGal": 1.1261, "sigma_FA_mGal": 0.047}}, {"type": "Feature", "geometry": {"type": "Point", "coordinates": [34.9801063, 24.7962936]}, "properties": {"Station_UID": "CG6-0640|2026-01-23|L1|S508", "Instrument": "CG6-0640", "Date": "2026-01-23", "Line": "1", "Station": "508", "H_ortho_m": 86.7649, "dg_rel_base100_mGal": 3.2129, "FA_rel_mGal": -1.4941, "SB_rel_2.67_mGal": -0.0248, "CB_rel_2.67_mGal": -0.2936, "TC_2.67_mGal": 0.8546, "sigma_FA_mGal": 0.047}}, {"type": "Feature", "geometry": {"type": "Point", "coordinates": [34.9808444, 24.7946175]}, "properties": {"Station_UID": "CG6-0640|2026-01-23|L1|S509", "Instrument": "CG6-0640", "Date": "2026-01-23", "Line": "1", "Station": "509", "H_ortho_m": 93.148, "dg_rel_base100_mGal": 2.2455, "FA_rel_mGal": -0.376, "SB_rel_2.67_mGal": 0.3787, "CB_rel_2.67_mGal": 0.1163, "TC_2.67_mGal": 0.861, "sigma_FA_mGal": 0.047}}, {"type": "Feature", "geometry": {"type": "Point", "coordinates": [34.9807835, 24.7928447]}, "properties": {"Station_UID": "CG6-0640|2026-01-23|L1|S510", "Instrument": "CG6-0640", "Date": "2026-01-23", "Line": "1", "Station": "510", "H_ortho_m": 98.7957, "dg_rel_base100_mGal": 1.2402, "FA_rel_mGal": 0.4839, "SB_rel_2.67_mGal": 0.6063, "CB_rel_2.67_mGal": 0.5605, "TC_2.67_mGal": 1.0776, "sigma_FA_mGal": 0.0471}}, {"type": "Feature", "geometry": {"type": "Point", "coordinates": [34.9797495, 24.7913205]}, "properties": {"Station_UID": "CG6-0640|2026-01-23|L1|S511", "Instrument": "CG6-0640", "Date": "2026-01-23", "Line": "1", "Station": "511", "H_ortho_m": 104.879, "dg_rel_base100_mGal": 0.2246, "FA_rel_mGal": 1.4508, "SB_rel_2.67_mGal": 0.8921, "CB_rel_2.67_mGal": 0.746, "TC_2.67_mGal": 0.9773, "sigma_FA_mGal": 0.047}}, {"type": "Feature", "geometry": {"type": "Point", "coordinates": [34.9787901, 24.7897267]}, "properties": {"Station_UID": "CG6-0640|2026-01-23|L1|S512", "Instrument": "CG6-0640", "Date": "2026-01-23", "Line": "1", "Station": "512", "H_ortho_m": 111.382, "dg_rel_base100_mGal": -1.2897, "FA_rel_mGal": 2.0533, "SB_rel_2.67_mGal": 0.7666, "CB_rel_2.67_mGal": 0.5522, "TC_2.67_mGal": 0.909, "sigma_FA_mGal": 0.047}}, {"type": "Feature", "geometry": {"type": "Point", "coordinates": [34.9789356, 24.7878843]}, "properties": {"Station_UID": "CG6-0640|2026-01-23|L1|S513", "Instrument": "CG6-0640", "Date": "2026-01-23", "Line": "1", "Station": "513", "H_ortho_m": 118.2074, "dg_rel_base100_mGal": -2.6058, "FA_rel_mGal": 2.9707, "SB_rel_2.67_mGal": 0.9199, "CB_rel_2.67_mGal": 0.452, "TC_2.67_mGal": 0.6555, "sigma_FA_mGal": 0.047}}, {"type": "Feature", "geometry": {"type": "Point", "coordinates": [34.9789075, 24.7852887]}, "properties": {"Station_UID": "CG6-0640|2026-01-23|L1|S514", "Instrument": "CG6-0640", "Date": "2026-01-23", "Line": "1", "Station": "514", "H_ortho_m": 127.759, "dg_rel_base100_mGal": -4.4717, "FA_rel_mGal": 4.2314, "SB_rel_2.67_mGal": 1.1113, "CB_rel_2.67_mGal": 0.7747, "TC_2.67_mGal": 0.7869, "sigma_FA_mGal": 0.047}}, {"type": "Feature", "geometry": {"type": "Point", "coordinates": [34.9791129, 24.7833491]}, "properties": {"Station_UID": "CG6-0640|2026-01-23|L1|S515", "Instrument": "CG6-0640", "Date": "2026-01-23", "Line": "1", "Station": "515", "H_ortho_m": 136.5656, "dg_rel_base100_mGal": -6.1005, "FA_rel_mGal": 5.4542, "SB_rel_2.67_mGal": 1.3482, "CB_rel_2.67_mGal": 0.9049, "TC_2.67_mGal": 0.6801, "sigma_FA_mGal": 0.047}}, {"type": "Feature", "geometry": {"type": "Point", "coordinates": [34.9791228, 24.781518]}, "properties": {"Station_UID": "CG6-0640|2026-01-23|L1|S516", "Instrument": "CG6-0640", "Date": "2026-01-23", "Line": "1", "Station": "516", "H_ortho_m": 144.0684, "dg_rel_base100_mGal": -7.6509, "FA_rel_mGal": 6.3455, "SB_rel_2.67_mGal": 1.3995, "CB_rel_2.67_mGal": 0.9447, "TC_2.67_mGal": 0.6687, "sigma_FA_mGal": 0.0471}}, {"type": "Feature", "geometry": {"type": "Point", "coordinates": [34.9792586, 24.7806874]}, "properties": {"Station_UID": "CG6-0640|2026-01-23|L1|S517", "Instrument": "CG6-0640", "Date": "2026-01-23", "Line": "1", "Station": "517", "H_ortho_m": 146.851, "dg_rel_base100_mGal": -8.4704, "FA_rel_mGal": 6.442, "SB_rel_2.67_mGal": 1.1844, "CB_rel_2.67_mGal": 0.8571, "TC_2.67_mGal": 0.7961, "sigma_FA_mGal": 0.047}}, {"type": "Feature", "geometry": {"type": "Point", "coordinates": [34.8095045, 24.7760471]}, "properties": {"Station_UID": "CG6-0640|2026-01-24|L1|S518", "Instrument": "CG6-0640", "Date": "2026-01-24", "Line": "1", "Station": "518", "H_ortho_m": 301.2792, "dg_rel_base100_mGal": -35.544, "FA_rel_mGal": 27.3528, "SB_rel_2.67_mGal": 4.8065, "CB_rel_2.67_mGal": 4.6602, "TC_2.67_mGal": 0.9771, "sigma_FA_mGal": 0.047}}, {"type": "Feature", "geometry": {"type": "Point", "coordinates": [34.8115112, 24.7752371]}, "properties": {"Station_UID": "CG6-0640|2026-01-24|L1|S519", "Instrument": "CG6-0640", "Date": "2026-01-24", "Line": "1", "Station": "519", "H_ortho_m": 307.1782, "dg_rel_base100_mGal": -36.7343, "FA_rel_mGal": 28.0389, "SB_rel_2.67_mGal": 4.8322, "CB_rel_2.67_mGal": 4.5558, "TC_2.67_mGal": 0.847, "sigma_FA_mGal": 0.0471}}, {"type": "Feature", "geometry": {"type": "Point", "coordinates": [34.8136227, 24.7743262]}, "properties": {"Station_UID": "CG6-0640|2026-01-24|L1|S520", "Instrument": "CG6-0640", "Date": "2026-01-24", "Line": "1", "Station": "520", "H_ortho_m": 314.7388, "dg_rel_base100_mGal": -38.305, "FA_rel_mGal": 28.8643, "SB_rel_2.67_mGal": 4.8112, "CB_rel_2.67_mGal": 4.4772, "TC_2.67_mGal": 0.7894, "sigma_FA_mGal": 0.0471}}, {"type": "Feature", "geometry": {"type": "Point", "coordinates": [34.8159513, 24.7727286]}, "properties": {"Station_UID": "CG6-0640|2026-01-24|L1|S521", "Instrument": "CG6-0640", "Date": "2026-01-24", "Line": "1", "Station": "521", "H_ortho_m": 323.7319, "dg_rel_base100_mGal": -39.9385, "FA_rel_mGal": 30.1162, "SB_rel_2.67_mGal": 5.0563, "CB_rel_2.67_mGal": 4.8355, "TC_2.67_mGal": 0.9026, "sigma_FA_mGal": 0.047}}, {"type": "Feature", "geometry": {"type": "Point", "coordinates": [34.8176387, 24.7716863]}, "properties": {"Station_UID": "CG6-0640|2026-01-24|L1|S522", "Instrument": "CG6-0640", "Date": "2026-01-24", "Line": "1", "Station": "522", "H_ortho_m": 329.4917, "dg_rel_base100_mGal": -40.6955, "FA_rel_mGal": 31.2086, "SB_rel_2.67_mGal": 5.5038, "CB_rel_2.67_mGal": 5.182, "TC_2.67_mGal": 0.8016, "sigma_FA_mGal": 0.0473}}, {"type": "Feature", "geometry": {"type": "Point", "coordinates": [34.8195766, 24.7704311]}, "properties": {"Station_UID": "CG6-0640|2026-01-24|L1|S523", "Instrument": "CG6-0640", "Date": "2026-01-24", "Line": "1", "Station": "523", "H_ortho_m": 333.7384, "dg_rel_base100_mGal": -41.2004, "FA_rel_mGal": 32.1005, "SB_rel_2.67_mGal": 5.9203, "CB_rel_2.67_mGal": 5.5244, "TC_2.67_mGal": 0.7275, "sigma_FA_mGal": 0.0474}}, {"type": "Feature", "geometry": {"type": "Point", "coordinates": [34.8213308, 24.7689502]}, "properties": {"Station_UID": "CG6-0640|2026-01-24|L1|S524", "Instrument": "CG6-0640", "Date": "2026-01-24", "Line": "1", "Station": "524", "H_ortho_m": 327.8754, "dg_rel_base100_mGal": -39.8246, "FA_rel_mGal": 31.7684, "SB_rel_2.67_mGal": 6.2446, "CB_rel_2.67_mGal": 5.8481, "TC_2.67_mGal": 0.7269, "sigma_FA_mGal": 0.0472}}, {"type": "Feature", "geometry": {"type": "Point", "coordinates": [34.8234569, 24.7672532]}, "properties": {"Station_UID": "CG6-0640|2026-01-24|L1|S525", "Instrument": "CG6-0640", "Date": "2026-01-24", "Line": "1", "Station": "525", "H_ortho_m": 321.7015, "dg_rel_base100_mGal": -38.6472, "FA_rel_mGal": 31.1568, "SB_rel_2.67_mGal": 6.3242, "CB_rel_2.67_mGal": 5.954, "TC_2.67_mGal": 0.7532, "sigma_FA_mGal": 0.0471}}, {"type": "Feature", "geometry": {"type": "Point", "coordinates": [34.8259113, 24.7661702]}, "properties": {"Station_UID": "CG6-0640|2026-01-24|L1|S526", "Instrument": "CG6-0640", "Date": "2026-01-24", "Line": "1", "Station": "526", "H_ortho_m": 316.4249, "dg_rel_base100_mGal": -38.2265, "FA_rel_mGal": 30.0233, "SB_rel_2.67_mGal": 5.7814, "CB_rel_2.67_mGal": 5.3639, "TC_2.67_mGal": 0.7059, "sigma_FA_mGal": 0.0476}}, {"type": "Feature", "geometry": {"type": "Point", "coordinates": [34.8276782, 24.7644988]}, "properties": {"Station_UID": "CG6-0640|2026-01-24|L1|S527", "Instrument": "CG6-0640", "Date": "2026-01-24", "Line": "1", "Station": "527", "H_ortho_m": 311.6947, "dg_rel_base100_mGal": -37.674, "FA_rel_mGal": 29.2306, "SB_rel_2.67_mGal": 5.5183, "CB_rel_2.67_mGal": 5.1529, "TC_2.67_mGal": 0.758, "sigma_FA_mGal": 0.0472}}, {"type": "Feature", "geometry": {"type": "Point", "coordinates": [34.8300808, 24.7635595]}, "properties": {"Station_UID": "CG6-0640|2026-01-24|L1|S528", "Instrument": "CG6-0640", "Date": "2026-01-24", "Line": "1", "Station": "528", "H_ortho_m": 306.8338, "dg_rel_base100_mGal": -36.7906, "FA_rel_mGal": 28.6782, "SB_rel_2.67_mGal": 5.5101, "CB_rel_2.67_mGal": 5.1025, "TC_2.67_mGal": 0.7158, "sigma_FA_mGal": 0.0472}}, {"type": "Feature", "geometry": {"type": "Point", "coordinates": [34.8327597, 24.7631948]}, "properties": {"Station_UID": "CG6-0640|2026-01-24|L1|S529", "Instrument": "CG6-0640", "Date": "2026-01-24", "Line": "1", "Station": "529", "H_ortho_m": 302.0319, "dg_rel_base100_mGal": -35.8181, "FA_rel_mGal": 28.1936, "SB_rel_2.67_mGal": 5.5631, "CB_rel_2.67_mGal": 5.1885, "TC_2.67_mGal": 0.7488, "sigma_FA_mGal": 0.0471}}, {"type": "Feature", "geometry": {"type": "Point", "coordinates": [34.836283, 24.759937]}, "properties": {"Station_UID": "CG6-0640|2026-01-24|L1|S530", "Instrument": "CG6-0640", "Date": "2026-01-24", "Line": "1", "Station": "530", "H_ortho_m": 295.756, "dg_rel_base100_mGal": -34.8674, "FA_rel_mGal": 27.4309, "SB_rel_2.67_mGal": 5.503, "CB_rel_2.67_mGal": 5.0729, "TC_2.67_mGal": 0.6933, "sigma_FA_mGal": 0.0471}}, {"type": "Feature", "geometry": {"type": "Point", "coordinates": [34.8373294, 24.7580359]}, "properties": {"Station_UID": "CG6-0640|2026-01-24|L1|S531", "Instrument": "CG6-0640", "Date": "2026-01-24", "Line": "1", "Station": "531", "H_ortho_m": 299.0297, "dg_rel_base100_mGal": -35.4679, "FA_rel_mGal": 27.9714, "SB_rel_2.67_mGal": 5.677, "CB_rel_2.67_mGal": 5.2579, "TC_2.67_mGal": 0.7044, "sigma_FA_mGal": 0.0471}}, {"type": "Feature", "geometry": {"type": "Point", "coordinates": [34.8389107, 24.7564939]}, "properties": {"Station_UID": "CG6-0640|2026-01-24|L1|S532", "Instrument": "CG6-0640", "Date": "2026-01-24", "Line": "1", "Station": "532", "H_ortho_m": 303.5596, "dg_rel_base100_mGal": -36.4775, "FA_rel_mGal": 28.4658, "SB_rel_2.67_mGal": 5.6643, "CB_rel_2.67_mGal": 5.1812, "TC_2.67_mGal": 0.6404, "sigma_FA_mGal": 0.0473}}, {"type": "Feature", "geometry": {"type": "Point", "coordinates": [34.8402288, 24.7546049]}, "properties": {"Station_UID": "CG6-0640|2026-01-24|L1|S533", "Instrument": "CG6-0640", "Date": "2026-01-24", "Line": "1", "Station": "533", "H_ortho_m": 309.8493, "dg_rel_base100_mGal": -37.9228, "FA_rel_mGal": 29.0914, "SB_rel_2.67_mGal": 5.5857, "CB_rel_2.67_mGal": 5.0549, "TC_2.67_mGal": 0.5926, "sigma_FA_mGal": 0.0471}}, {"type": "Feature", "geometry": {"type": "Point", "coordinates": [34.8416937, 24.7521347]}, "properties": {"Station_UID": "CG6-0640|2026-01-24|L1|S534", "Instrument": "CG6-0640", "Date": "2026-01-24", "Line": "1", "Station": "534", "H_ortho_m": 310.7005, "dg_rel_base100_mGal": -38.2745, "FA_rel_mGal": 29.172, "SB_rel_2.67_mGal": 5.571, "CB_rel_2.67_mGal": 4.964, "TC_2.67_mGal": 0.5165, "sigma_FA_mGal": 0.0472}}, {"type": "Feature", "geometry": {"type": "Point", "coordinates": [34.8420981, 24.750443]}, "properties": {"Station_UID": "CG6-0640|2026-01-24|L1|S535", "Instrument": "CG6-0640", "Date": "2026-01-24", "Line": "1", "Station": "535", "H_ortho_m": 322.8136, "dg_rel_base100_mGal": -40.7313, "FA_rel_mGal": 30.5699, "SB_rel_2.67_mGal": 5.6128, "CB_rel_2.67_mGal": 4.9659, "TC_2.67_mGal": 0.4765, "sigma_FA_mGal": 0.0472}}, {"type": "Feature", "geometry": {"type": "Point", "coordinates": [34.8431041, 24.7475465]}, "properties": {"Station_UID": "CG6-0640|2026-01-24|L1|S536", "Instrument": "CG6-0640", "Date": "2026-01-24", "Line": "1", "Station": "536", "H_ortho_m": 313.0759, "dg_rel_base100_mGal": -39.3036, "FA_rel_mGal": 29.1909, "SB_rel_2.67_mGal": 5.324, "CB_rel_2.67_mGal": 4.707, "TC_2.67_mGal": 0.5065, "sigma_FA_mGal": 0.0472}}, {"type": "Feature", "geometry": {"type": "Point", "coordinates": [34.8467099, 24.743191]}, "properties": {"Station_UID": "CG6-0640|2026-01-24|L1|S538", "Instrument": "CG6-0640", "Date": "2026-01-24", "Line": "1", "Station": "538", "H_ortho_m": 308.2208, "dg_rel_base100_mGal": -39.7042, "FA_rel_mGal": 27.5907, "SB_rel_2.67_mGal": 4.2673, "CB_rel_2.67_mGal": 3.741, "TC_2.67_mGal": 0.5971, "sigma_FA_mGal": 0.0475}}, {"type": "Feature", "geometry": {"type": "Point", "coordinates": [34.8479251, 24.7419675]}, "properties": {"Station_UID": "CG6-0640|2026-01-24|L1|S539", "Instrument": "CG6-0640", "Date": "2026-01-24", "Line": "1", "Station": "539", "H_ortho_m": 307.3707, "dg_rel_base100_mGal": -39.9158, "FA_rel_mGal": 27.2007, "SB_rel_2.67_mGal": 3.9725, "CB_rel_2.67_mGal": 3.3636, "TC_2.67_mGal": 0.5146, "sigma_FA_mGal": 0.0472}}, {"type": "Feature", "geometry": {"type": "Point", "coordinates": [34.8498893, 24.7444145]}, "properties": {"Station_UID": "CG6-0640|2026-01-24|L1|S540", "Instrument": "CG6-0640", "Date": "2026-01-24", "Line": "1", "Station": "540", "H_ortho_m": 301.5239, "dg_rel_base100_mGal": -37.9344, "FA_rel_mGal": 27.2096, "SB_rel_2.67_mGal": 4.636, "CB_rel_2.67_mGal": 4.0815, "TC_2.67_mGal": 0.569, "sigma_FA_mGal": 0.0476}}, {"type": "Feature", "geometry": {"type": "Point", "coordinates": [34.8587403, 24.7609022]}, "properties": {"Station_UID": "CG6-0640|2026-01-24|L1|S541", "Instrument": "CG6-0640", "Date": "2026-01-24", "Line": "1", "Station": "541", "H_ortho_m": 247.8654, "dg_rel_base100_mGal": -23.3381, "FA_rel_mGal": 24.1124, "SB_rel_2.67_mGal": 7.546, "CB_rel_2.67_mGal": 7.1174, "TC_2.67_mGal": 0.6949, "sigma_FA_mGal": 0.0473}}, {"type": "Feature", "geometry": {"type": "Point", "coordinates": [34.8598582, 24.7585365]}, "properties": {"Station_UID": "CG6-0640|2026-01-24|L1|S542", "Instrument": "CG6-0640", "Date": "2026-01-24", "Line": "1", "Station": "542", "H_ortho_m": 254.1198, "dg_rel_base100_mGal": -24.888, "FA_rel_mGal": 24.6554, "SB_rel_2.67_mGal": 7.3888, "CB_rel_2.67_mGal": 7.0835, "TC_2.67_mGal": 0.8181, "sigma_FA_mGal": 0.0472}}, {"type": "Feature", "geometry": {"type": "Point", "coordinates": [34.8615825, 24.7564622]}, "properties": {"Station_UID": "CG6-0640|2026-01-24|L1|S543", "Instrument": "CG6-0640", "Date": "2026-01-24", "Line": "1", "Station": "543", "H_ortho_m": 255.5327, "dg_rel_base100_mGal": -25.651, "FA_rel_mGal": 24.4708, "SB_rel_2.67_mGal": 7.046, "CB_rel_2.67_mGal": 6.5666, "TC_2.67_mGal": 0.644, "sigma_FA_mGal": 0.0473}}, {"type": "Feature", "geometry": {"type": "Point", "coordinates": [34.8634457, 24.7557022]}, "properties": {"Station_UID": "CG6-0640|2026-01-24|L1|S544", "Instrument": "CG6-0640", "Date": "2026-01-24", "Line": "1", "Station": "544", "H_ortho_m": 258.2103, "dg_rel_base100_mGal": -26.2428, "FA_rel_mGal": 24.7577, "SB_rel_2.67_mGal": 7.0331, "CB_rel_2.67_mGal": 6.3781, "TC_2.67_mGal": 0.4684, "sigma_FA_mGal": 0.0474}}, {"type": "Feature", "geometry": {"type": "Point", "coordinates": [34.8647202, 24.7554483]}, "properties": {"Station_UID": "CG6-0640|2026-01-24|L1|S545", "Instrument": "CG6-0640", "Date": "2026-01-24", "Line": "1", "Station": "545", "H_ortho_m": 265.4476, "dg_rel_base100_mGal": -27.5146, "FA_rel_mGal": 25.7372, "SB_rel_2.67_mGal": 7.2024, "CB_rel_2.67_mGal": 6.4502, "TC_2.67_mGal": 0.3713, "sigma_FA_mGal": 0.0473}}, {"type": "Feature", "geometry": {"type": "Point", "coordinates": [34.8629847, 24.7552038]}, "properties": {"Station_UID": "CG6-0640|2026-01-24|L1|S546", "Instrument": "CG6-0640", "Date": "2026-01-24", "Line": "1", "Station": "546", "H_ortho_m": 258.0808, "dg_rel_base100_mGal": -26.6042, "FA_rel_mGal": 24.3905, "SB_rel_2.67_mGal": 6.6804, "CB_rel_2.67_mGal": 6.0464, "TC_2.67_mGal": 0.4894, "sigma_FA_mGal": 0.0476}}, {"type": "Feature", "geometry": {"type": "Point", "coordinates": [34.8610219, 24.754218]}, "properties": {"Station_UID": "CG6-0640|2026-01-24|L1|S547", "Instrument": "CG6-0640", "Date": "2026-01-24", "Line": "1", "Station": "547", "H_ortho_m": 258.3292, "dg_rel_base100_mGal": -27.2193, "FA_rel_mGal": 23.9198, "SB_rel_2.67_mGal": 6.1819, "CB_rel_2.67_mGal": 5.7612, "TC_2.67_mGal": 0.7027, "sigma_FA_mGal": 0.0474}}, {"type": "Feature", "geometry": {"type": "Point", "coordinates": [34.860639, 24.7526253]}, "properties": {"Station_UID": "CG6-0640|2026-01-24|L1|S548", "Instrument": "CG6-0640", "Date": "2026-01-24", "Line": "1", "Station": "548", "H_ortho_m": 264.5721, "dg_rel_base100_mGal": -28.3216, "FA_rel_mGal": 24.8536, "SB_rel_2.67_mGal": 6.4168, "CB_rel_2.67_mGal": 5.9842, "TC_2.67_mGal": 0.6907, "sigma_FA_mGal": 0.0473}}, {"type": "Feature", "geometry": {"type": "Point", "coordinates": [34.8588645, 24.753073]}, "properties": {"Station_UID": "CG6-0640|2026-01-24|L1|S549", "Instrument": "CG6-0640", "Date": "2026-01-24", "Line": "1", "Station": "549", "H_ortho_m": 272.7524, "dg_rel_base100_mGal": -28.7516, "FA_rel_mGal": 26.9179, "SB_rel_2.67_mGal": 7.5653, "CB_rel_2.67_mGal": 6.9879, "TC_2.67_mGal": 0.546, "sigma_FA_mGal": 0.0476}}, {"type": "Feature", "geometry": {"type": "Point", "coordinates": [34.85774, 24.7506424]}, "properties": {"Station_UID": "CG6-0640|2026-01-24|L1|S551", "Instrument": "CG6-0640", "Date": "2026-01-24", "Line": "1", "Station": "551", "H_ortho_m": 278.042, "dg_rel_base100_mGal": -31.2989, "FA_rel_mGal": 26.17, "SB_rel_2.67_mGal": 6.2252, "CB_rel_2.67_mGal": 5.6558, "TC_2.67_mGal": 0.554, "sigma_FA_mGal": 0.0473}}, {"type": "Feature", "geometry": {"type": "Point", "coordinates": [34.8556811, 24.750192]}, "properties": {"Station_UID": "CG6-0640|2026-01-24|L1|S552", "Instrument": "CG6-0640", "Date": "2026-01-24", "Line": "1", "Station": "552", "H_ortho_m": 280.9977, "dg_rel_base100_mGal": -32.3483, "FA_rel_mGal": 26.0638, "SB_rel_2.67_mGal": 5.7881, "CB_rel_2.67_mGal": 5.381, "TC_2.67_mGal": 0.7162, "sigma_FA_mGal": 0.0472}}, {"type": "Feature", "geometry": {"type": "Point", "coordinates": [34.8547965, 24.7484224]}, "properties": {"Station_UID": "CG6-0640|2026-01-24|L1|S553", "Instrument": "CG6-0640", "Date": "2026-01-24", "Line": "1", "Station": "553", "H_ortho_m": 284.8745, "dg_rel_base100_mGal": -33.6099, "FA_rel_mGal": 26.1202, "SB_rel_2.67_mGal": 5.4105, "CB_rel_2.67_mGal": 4.9614, "TC_2.67_mGal": 0.6743, "sigma_FA_mGal": 0.0477}}, {"type": "Feature", "geometry": {"type": "Point", "coordinates": [34.8537574, 24.7466356]}, "properties": {"Station_UID": "CG6-0640|2026-01-24|L1|S554", "Instrument": "CG6-0640", "Date": "2026-01-24", "Line": "1", "Station": "554", "H_ortho_m": 289.8209, "dg_rel_base100_mGal": -34.8509, "FA_rel_mGal": 26.5285, "SB_rel_2.67_mGal": 5.265, "CB_rel_2.67_mGal": 4.7765, "TC_2.67_mGal": 0.6349, "sigma_FA_mGal": 0.0473}}, {"type": "Feature", "geometry": {"type": "Point", "coordinates": [34.8539837, 24.7447183]}, "properties": {"Station_UID": "CG6-0640|2026-01-24|L1|S555", "Instrument": "CG6-0640", "Date": "2026-01-24", "Line": "1", "Station": "555", "H_ortho_m": 292.9697, "dg_rel_base100_mGal": -36.0063, "FA_rel_mGal": 26.4766, "SB_rel_2.67_mGal": 4.8606, "CB_rel_2.67_mGal": 4.35, "TC_2.67_mGal": 0.6128, "sigma_FA_mGal": 0.0473}}, {"type": "Feature", "geometry": {"type": "Point", "coordinates": [34.8517597, 24.7442346]}, "properties": {"Station_UID": "CG6-0640|2026-01-24|L1|S556", "Instrument": "CG6-0640", "Date": "2026-01-24", "Line": "1", "Station": "556", "H_ortho_m": 297.8332, "dg_rel_base100_mGal": -37.1639, "FA_rel_mGal": 26.8532, "SB_rel_2.67_mGal": 4.6928, "CB_rel_2.67_mGal": 4.1402, "TC_2.67_mGal": 0.5708, "sigma_FA_mGal": 0.0472}}, {"type": "Feature", "geometry": {"type": "Point", "coordinates": [34.8492406, 24.7439442]}, "properties": {"Station_UID": "CG6-0640|2026-01-24|L1|S557", "Instrument": "CG6-0640", "Date": "2026-01-24", "Line": "1", "Station": "557", "H_ortho_m": 302.8586, "dg_rel_base100_mGal": -38.3776, "FA_rel_mGal": 27.2106, "SB_rel_2.67_mGal": 4.4875, "CB_rel_2.67_mGal": 3.8964, "TC_2.67_mGal": 0.5323, "sigma_FA_mGal": 0.0473}}]}