Station_UID,Instrument,Date,Line,Station,GNSS_Point,GNSS_Source,Match_Dist_m,Lat_deg,Lon_deg,UTM36N_E_m,UTM36N_N_m,Time_UTC,N_Readings,h_ellip_m,N_EGM2008_m,H_ortho_m,H_DEM_m,H_minus_DEM_m,dH_rel_base100_m,dg_rel_base100_mGal,sigma_dg_mGal,dNormalGravity_mGal,dFreeAirTerm_mGal,FA_rel_mGal,sigma_FA_mGal,g1_topo_mGal_per_gcc,u_topo_rel_base100,TC_2.67_mGal,SB_rel_2.00_mGal,SB_rel_2.20_mGal,SB_rel_2.30_mGal,SB_rel_2.40_mGal,SB_rel_2.50_mGal,SB_rel_2.60_mGal,SB_rel_2.67_mGal,SB_rel_2.70_mGal,SB_rel_2.80_mGal,SB_rel_2.90_mGal,SB_rel_3.00_mGal,CB_rel_2.00_mGal,CB_rel_2.20_mGal,CB_rel_2.30_mGal,CB_rel_2.40_mGal,CB_rel_2.50_mGal,CB_rel_2.60_mGal,CB_rel_2.67_mGal,CB_rel_2.70_mGal,CB_rel_2.80_mGal,CB_rel_2.90_mGal,CB_rel_3.00_mGal,Dist_to_Sea_km,Drift_Mode,Scale_k_applied,Day_Height_Shift_m,Match_Status,QC_Warnings
CG6-0313|2026-01-16|L2|S1,CG6-0313,2026-01-16,2,1,2-1,results.zip/day1.xlsx,4.920152,24.784778,34.934282,695550.757540,2742501.014594,2026-01-16 07:14:27,2,115.146000,11.880233,103.265767,108.369388,-5.103622,3.376812,-0.667734,0.058250,-0.135372,1.042346,0.509984,0.074403,3.859300,0.091713,1.256593,0.226805,0.198487,0.184328,0.170169,0.156010,0.141851,0.131940,0.127692,0.113533,0.099374,0.085215,0.326559,0.308216,0.299045,0.289874,0.280703,0.271531,0.265111,0.262360,0.253189,0.244018,0.234846,7.797418,INTERPOLATED,1.011893,0.000000,MATCHED,
CG6-0313|2026-01-16|L2|S2,CG6-0313,2026-01-16,2,2,2-2,results.zip/day1.xlsx,4.280312,24.782753,34.934027,695528.101933,2742276.314593,2026-01-16 07:21:03,2,119.294000,11.883421,107.410579,107.911650,-0.501071,7.521624,-0.957216,0.054300,-0.274505,2.321754,1.639043,0.071353,4.199574,0.431987,0.812085,1.008280,0.945203,0.913665,0.882127,0.850589,0.819051,0.796974,0.787512,0.755974,0.724436,0.692898,0.775069,0.688671,0.645473,0.602274,0.559075,0.515877,0.485637,0.472678,0.429479,0.386280,0.343082,7.935325,INTERPOLATED,1.011893,0.000000,MATCHED,
CG6-0313|2026-01-16|L2|S3,CG6-0313,2026-01-16,2,3,2-3,results.zip/day1.xlsx,2.076470,24.783221,34.932416,695364.429888,2742325.828813,2026-01-16 07:26:30,2,121.670000,11.891085,109.778915,109.916335,-0.137419,9.889960,-1.522939,0.053269,-0.242367,3.052802,1.772230,0.070572,4.285460,0.517873,0.847911,0.942858,0.859921,0.818452,0.776984,0.735515,0.694047,0.665019,0.652578,0.611109,0.569641,0.528172,0.736483,0.632909,0.581121,0.529334,0.477547,0.425759,0.389508,0.373972,0.322185,0.270397,0.218610,8.047691,INTERPOLATED,1.011893,0.000000,MATCHED,
CG6-0313|2026-01-16|L2|S4,CG6-0313,2026-01-16,2,4,2-4,results.zip/day1.xlsx,1.936928,24.783537,34.930516,695171.838862,2742358.148074,2026-01-16 07:32:39,2,126.306000,11.900349,114.405651,113.996840,0.408811,14.516696,-2.247419,0.054571,-0.220639,4.480963,2.454182,0.071560,4.537711,0.770124,0.692380,1.236812,1.115075,1.054206,0.993338,0.932469,0.871601,0.828993,0.810732,0.749864,0.688995,0.628127,0.913935,0.759910,0.682898,0.605886,0.528873,0.451861,0.397952,0.374848,0.297836,0.220824,0.143811,8.189540,INTERPOLATED,1.011893,0.000000,MATCHED,
CG6-0313|2026-01-16|L2|S5,CG6-0313,2026-01-16,2,5,2-5,results.zip/day1.xlsx,0.960256,24.782445,34.928885,695008.646993,2742234.785927,2026-01-16 07:37:49,2,129.586000,11.909537,117.676463,117.225742,0.450721,17.787508,-2.763258,0.053602,-0.295702,5.490582,3.023026,0.070823,4.686178,0.918591,0.662149,1.531365,1.382199,1.307616,1.233033,1.158450,1.083867,1.031659,1.009284,0.934701,0.860118,0.785535,1.185843,1.002125,0.910266,0.818407,0.726547,0.634688,0.570387,0.542829,0.450970,0.359111,0.267252,8.394074,INTERPOLATED,1.011893,0.000000,MATCHED,
CG6-0313|2026-01-16|L2|S6,CG6-0313,2026-01-16,2,6,2-6,results.zip/day1.xlsx,2.101566,24.782389,34.926943,694812.350826,2742225.884065,2026-01-16 07:42:16,2,132.105000,11.919341,120.185659,119.875673,0.309986,20.296704,-3.098917,0.053620,-0.299504,6.265107,3.465694,0.070837,4.793156,1.025569,0.657431,1.763612,1.593404,1.508300,1.423196,1.338092,1.252988,1.193415,1.167884,1.082780,0.997675,0.912571,1.414556,1.209442,1.106885,1.004328,0.901772,0.799215,0.727425,0.696658,0.594101,0.491544,0.388987,8.552954,INTERPOLATED,1.011893,0.000000,MATCHED,
CG6-0313|2026-01-16|L2|S7,CG6-0313,2026-01-16,2,7,2-7,results.zip/day1.xlsx,2.437842,24.782756,34.924990,694614.305606,2742263.734512,2026-01-16 07:52:41,2,135.288000,11.928829,123.359171,123.196265,0.162906,23.470216,-3.662651,0.053287,-0.274304,7.244688,3.856341,0.070585,4.896503,1.128916,0.736779,1.888128,1.691307,1.592896,1.494486,1.396075,1.297665,1.228777,1.199254,1.100843,1.002433,0.904022,1.598509,1.372726,1.259834,1.146943,1.034051,0.921160,0.842136,0.808268,0.695376,0.582485,0.469593,8.686338,INTERPOLATED,1.011893,0.000000,MATCHED,
CG6-0313|2026-01-16|L2|S8,CG6-0313,2026-01-16,2,8,2-8,results.zip/day1.xlsx,3.678906,24.782299,34.923370,694451.159565,2742210.772660,2026-01-16 07:58:02,2,137.605000,11.937365,125.667635,125.583926,0.083708,25.778680,-3.982755,0.053794,-0.305719,7.957251,4.280215,0.070969,4.996708,1.229121,0.727671,2.118415,1.902235,1.794145,1.686055,1.577965,1.469875,1.394212,1.361785,1.253695,1.145605,1.037515,1.821973,1.576148,1.453236,1.330324,1.207412,1.084500,0.998462,0.961588,0.838676,0.715764,0.592852,8.848451,INTERPOLATED,1.011893,0.000000,MATCHED,
CG6-0313|2026-01-16|L2|S9,CG6-0313,2026-01-16,2,9,2-9,results.zip/day1.xlsx,0.985496,24.780982,34.921961,694310.685826,2742062.877791,2026-01-16 08:03:32,2,140.637000,11.945563,128.691437,128.576941,0.114496,28.802482,-5.131361,0.053649,-0.396194,8.890619,4.155452,0.070859,5.093937,1.326350,0.806595,1.740076,1.498538,1.377769,1.257001,1.136232,1.015463,0.930925,0.894694,0.773925,0.653157,0.532388,1.502753,1.237483,1.104848,0.972213,0.839578,0.706943,0.614099,0.574308,0.441673,0.309038,0.176403,9.049705,INTERPOLATED,1.011893,0.000000,MATCHED,
CG6-0313|2026-01-16|L2|S10,CG6-0313,2026-01-16,2,10,2-10,results.zip/day1.xlsx,1.477672,24.781200,34.919927,694104.663936,2742084.175724,2026-01-16 08:07:53,2,143.340000,11.955576,131.384424,132.471974,-1.087550,31.495469,-5.816723,0.053315,-0.381193,9.721872,4.286342,0.070606,5.061216,1.293629,1.195447,1.645131,1.381010,1.248950,1.116889,0.984829,0.852768,0.760326,0.720708,0.588647,0.456587,0.324526,1.699083,1.440357,1.310994,1.181632,1.052269,0.922906,0.832352,0.793543,0.664180,0.534817,0.405454,9.202204,INTERPOLATED,1.011893,0.000000,MATCHED,
CG6-0313|2026-01-16|L2|S11,CG6-0313,2026-01-16,2,11,2-11,results.zip/day1.xlsx,4.858615,24.780725,34.918200,693930.827271,2742029.110121,2026-01-16 08:12:03,2,146.076000,11.964622,134.111378,134.377968,-0.266591,34.222423,-6.165203,0.053621,-0.413821,10.563608,4.812227,0.070837,5.198929,1.431342,1.133045,1.942335,1.655345,1.511851,1.368356,1.224862,1.081367,0.980921,0.937872,0.794378,0.650883,0.507388,1.949544,1.663275,1.520141,1.377007,1.233873,1.090739,0.990545,0.947604,0.804470,0.661336,0.518202,9.375152,INTERPOLATED,1.011893,0.000000,MATCHED,
CG6-0313|2026-01-16|L2|S12,CG6-0313,2026-01-16,2,12,2-12,results.zip/day1.xlsx,0.682707,24.781282,34.916368,693744.660299,2742088.199585,2026-01-16 08:16:56,2,149.740000,11.973253,137.766747,137.935924,-0.169177,37.877792,-6.428915,0.053957,-0.375564,11.691919,5.638569,0.071093,5.320965,1.553378,1.216438,2.462137,2.144494,1.985672,1.826851,1.668029,1.509207,1.398032,1.350386,1.191564,1.032743,0.873921,2.531812,2.221137,2.065799,1.910461,1.755123,1.599785,1.491049,1.444448,1.289110,1.133772,0.978434,9.492608,INTERPOLATED,1.011893,0.000000,MATCHED,
CG6-0313|2026-01-16|L2|S13,CG6-0313,2026-01-16,2,13,2-13,results.zip/day1.xlsx,4.614274,24.780131,34.914788,693586.688378,2741958.485827,2026-01-16 08:23:19,4,153.354000,11.981566,141.372434,141.603709,-0.231276,41.483479,-6.856703,0.053629,-0.454617,12.804893,6.402807,0.070844,5.430696,1.663109,1.327125,2.924003,2.576122,2.402182,2.228242,2.054302,1.880361,1.758603,1.706421,1.532481,1.358541,1.184600,3.076590,2.743968,2.577657,2.411346,2.245036,2.078725,1.962307,1.912414,1.746103,1.579792,1.413481,9.696423,INTERPOLATED,1.011893,0.000000,MATCHED,STDDEV_GT_0.050
CG6-0313|2026-01-16|L2|S14,CG6-0313,2026-01-16,2,14,2-14,results.zip/day1.xlsx,1.536572,24.778933,34.913440,693452.238564,2741823.848148,2026-01-16 08:30:06,2,156.229000,11.988809,144.240191,144.405785,-0.165593,44.351236,-7.163032,0.053468,-0.536926,13.690089,7.063983,0.070722,5.621138,1.853551,1.139699,3.344688,2.972759,2.786794,2.600829,2.414865,2.228900,2.098725,2.042935,1.856970,1.671006,1.485041,3.356882,2.986171,2.800816,2.615461,2.430106,2.244751,2.115003,2.059396,1.874041,1.688686,1.503331,9.883881,INTERPOLATED,1.011893,0.000000,MATCHED,
CG6-0313|2026-01-16|L2|S15,CG6-0313,2026-01-16,2,15,2-15,results.zip/day1.xlsx,1.256886,24.778418,34.911613,693268.296649,2741764.265156,2026-01-16 08:34:26,2,159.206000,11.997727,147.208273,146.947729,0.260544,47.319318,-7.280597,0.069236,-0.572271,14.606249,7.897923,0.083285,5.809996,2.042409,0.967733,3.929725,3.532905,3.334495,3.136085,2.937676,2.739266,2.600379,2.540856,2.342446,2.144036,1.945626,3.813105,3.404623,3.200382,2.996141,2.791900,2.587659,2.444691,2.383418,2.179178,1.974937,1.770696,10.068653,INTERPOLATED,1.011893,0.000000,MATCHED,TWO_READINGS_DIFFER
CG6-0313|2026-01-16|L2|S16,CG6-0313,2026-01-16,2,16,2-16,results.zip/day1.xlsx,6.490040,24.777332,34.910101,693117.038766,2741641.775915,2026-01-16 08:40:38,2,161.616000,12.005604,149.610396,151.912463,-2.302067,49.721441,-8.085210,0.053401,-0.646900,15.347715,7.909405,0.070672,5.795748,2.028161,1.274699,3.739765,3.322801,3.114319,2.905837,2.697355,2.488873,2.342935,2.280391,2.071909,1.863427,1.654945,3.853082,3.447449,3.244633,3.041817,2.839001,2.636185,2.494214,2.433369,2.230553,2.027736,1.824920,10.262812,INTERPOLATED,1.011893,0.000000,MATCHED,
CG6-0313|2026-01-16|L2|S17,CG6-0313,2026-01-16,2,17,2-17,results.zip/day1.xlsx,4.642770,24.775781,34.909199,693028.240254,2741468.785928,2026-01-16 08:46:37,2,164.247000,12.010973,152.236027,152.330782,-0.094756,52.347072,-8.453545,0.053402,-0.753376,16.158170,8.458001,0.070672,5.993661,2.226074,1.040219,4.068175,3.629193,3.409701,3.190210,2.970719,2.751227,2.597584,2.531736,2.312245,2.092754,1.873262,4.005852,3.560637,3.338030,3.115422,2.892815,2.670207,2.514382,2.447600,2.224992,2.002385,1.779777,10.435199,INTERPOLATED,1.011893,0.000000,MATCHED,
CG6-0313|2026-01-16|L2|S18,CG6-0313,2026-01-16,2,18,2-18,results.zip/day1.xlsx,8.050634,24.774673,34.907921,692900.671580,2741344.259303,2026-01-16 08:52:06,2,166.907000,12.017734,154.889266,155.970686,-1.081420,55.000311,-8.804782,0.053493,-0.829470,16.977145,9.001832,0.070741,6.059497,2.291910,1.161476,4.389506,3.928274,3.697657,3.467041,3.236425,3.005808,2.844377,2.775192,2.544576,2.313960,2.083343,4.418012,3.959630,3.730439,3.501248,3.272057,3.042866,2.882432,2.813675,2.584484,2.355293,2.126102,10.611424,INTERPOLATED,1.011893,0.000000,MATCHED,
CG6-0313|2026-01-16|L2|S20,CG6-0313,2026-01-16,2,20,2-20,results.zip/day1.xlsx,4.315580,24.770938,34.904052,692515.131974,2740925.007828,2026-01-16 09:09:21,2,175.930000,12.038348,163.891652,163.629899,0.261754,64.002697,-9.710117,0.053607,-1.086025,19.755905,11.131813,0.070827,6.396505,2.628918,1.269510,5.764547,5.227820,4.959457,4.691093,4.422730,4.154367,3.966513,3.886004,3.617640,3.349277,3.080914,5.873977,5.348193,5.085301,4.822409,4.559518,4.296626,4.112602,4.033734,3.770842,3.507950,3.245059,11.169769,INTERPOLATED,1.011893,0.000000,MATCHED,STDDEV_GT_0.050
CG6-0313|2026-01-16|L2|S21,CG6-0313,2026-01-16,2,21,2-21,results.zip/day1.xlsx,3.358091,24.769395,34.903396,692451.163769,2740753.233587,2026-01-16 09:15:26,2,178.541000,12.042472,166.498528,167.161355,-0.662827,66.609573,-10.428181,0.053864,-1.191945,20.560566,11.324330,0.071021,6.550154,2.782567,1.151115,5.738451,5.179863,4.900569,4.621275,4.341982,4.062688,3.867182,3.783394,3.504100,3.224806,2.945512,5.759196,5.202682,4.924426,4.646169,4.367912,4.089656,3.894876,3.811399,3.533142,3.254886,2.976629,11.323449,INTERPOLATED,1.011893,0.000000,MATCHED,
CG6-0313|2026-01-16|L2|S22,CG6-0313,2026-01-16,2,22,2-22,results.zip/day1.xlsx,4.304098,24.770240,34.901276,692235.457260,2740843.865805,2026-01-16 09:22:14,2,182.258000,12.051620,170.206380,171.078713,-0.872333,70.317425,-10.965972,0.053626,-1.133908,21.705059,11.872994,0.070841,6.619770,2.852183,1.380345,5.976175,5.386493,5.091652,4.796811,4.501970,4.207129,4.000740,3.912288,3.617447,3.322606,3.027765,6.168627,5.598190,5.312972,5.027754,4.742535,4.457317,4.257664,4.172099,3.886880,3.601662,3.316444,11.443702,INTERPOLATED,1.011893,0.000000,MATCHED,
CG6-0313|2026-01-16|L2|S23,CG6-0313,2026-01-16,2,23,2-23,results.zip/day1.xlsx,1.925900,24.771136,34.899514,692055.907459,2740940.581338,2026-01-16 09:27:37,2,184.984000,12.059110,172.924890,172.996433,-0.071542,73.035936,-10.870316,0.055103,-1.072411,22.544173,12.746268,0.071966,6.825541,3.057954,1.135283,6.621474,6.008995,5.702755,5.396516,5.090276,4.784036,4.569669,4.477797,4.171557,3.865317,3.559078,6.630360,6.018769,5.712973,5.407178,5.101382,4.795587,4.581530,4.489792,4.183996,3.878201,3.572405,11.534282,INTERPOLATED,1.011893,0.000000,MATCHED,
CG6-0313|2026-01-16|L2|S24,CG6-0313,2026-01-16,2,24,2-24,results.zip/day1.xlsx,2.826309,24.771430,34.897715,691873.582976,2740970.604416,2026-01-16 09:36:20,2,187.140000,12.067196,175.072804,174.759135,0.313669,75.183849,-10.523664,0.061694,-1.052232,23.207162,13.735730,0.077130,6.865372,3.097785,1.269399,7.430813,6.800321,6.485075,6.169829,5.854583,5.539337,5.318665,5.224091,4.908846,4.593600,4.278354,7.540160,6.920603,6.610824,6.301045,5.991267,5.681488,5.464643,5.371710,5.061931,4.752153,4.442374,11.667419,INTERPOLATED,1.011893,0.000000,MATCHED,TWO_READINGS_DIFFER
CG6-0313|2026-01-16|L2|S25,CG6-0313,2026-01-16,2,25,2-25,results.zip/day1.xlsx,2.040027,24.771896,34.895686,691667.666753,2741019.438167,2026-01-16 09:41:44,2,189.525000,12.076240,177.448760,180.298152,-2.849393,77.559805,-10.754866,0.053778,-1.020190,23.940540,14.205864,0.070957,6.843783,3.076196,1.593037,7.701699,7.051282,6.726074,6.400866,6.075657,5.750449,5.522803,5.425241,5.100033,4.774824,4.449616,8.053471,7.438232,7.130612,6.822993,6.515373,6.207753,5.992420,5.900134,5.592514,5.284894,4.977275,11.811207,INTERPOLATED,1.011893,0.000000,MATCHED,
CG6-0313|2026-01-16|L2|S26,CG6-0313,2026-01-16,2,26,2-26,results.zip/day1.xlsx,3.882179,24.771284,34.893052,691402.155005,2740947.884887,2026-01-16 09:48:47,2,192.723000,12.088784,180.634216,181.129343,-0.495127,80.745261,-10.173337,0.053708,-1.062263,24.923782,15.812708,0.070904,7.042872,3.275285,1.418093,9.041411,8.364281,8.025716,7.687151,7.348586,7.010021,6.773026,6.671456,6.332891,5.994327,5.655762,9.262139,8.607082,8.279553,7.952025,7.624496,7.296968,7.067698,6.969439,6.641911,6.314383,5.986854,12.072416,INTERPOLATED,1.011893,0.000000,MATCHED,
CG6-0313|2026-01-16|L3|S1,CG6-0313,2026-01-16,3,1,3-1,results.zip/day1.xlsx,7.116689,24.771592,34.891023,691196.549741,2740979.238613,2026-01-16 11:25:56,2,196.219000,12.097938,184.121062,183.901464,0.219598,84.232107,-10.480506,0.054202,-1.041063,26.000052,16.560610,0.071279,7.153936,3.386349,1.511915,9.496905,8.790535,8.437349,8.084164,7.730979,7.377794,7.130564,7.024608,6.671423,6.318238,5.965053,9.787912,9.110642,8.772007,8.433372,8.094738,7.756103,7.519058,7.417468,7.078833,6.740198,6.401563,12.228367,INTERPOLATED,1.011893,0.000000,MATCHED,
CG6-0313|2026-01-16|L3|S2,CG6-0313,2026-01-16,3,2,3-2,results.zip/day1.xlsx,10.004454,24.771531,34.889145,691006.678380,2740969.819291,2026-01-16 11:31:24,2,198.601000,12.106635,186.494365,187.241419,-0.747054,86.605411,-10.639989,0.053758,-1.045275,26.732608,17.137893,0.070941,7.270578,3.502991,1.466180,9.875163,9.148891,8.785754,8.422618,8.059481,7.696345,7.442149,7.333208,6.970072,6.606935,6.243799,10.131912,9.431314,9.081015,8.730716,8.380417,8.030118,7.784908,7.679819,7.329520,6.979221,6.628922,12.394014,INTERPOLATED,1.011893,0.000000,MATCHED,
CG6-0313|2026-01-16|L3|S3,CG6-0313,2026-01-16,3,3,3-3,results.zip/day1.xlsx,12.813353,24.771675,34.887120,690801.660765,2740982.953761,2026-01-16 11:36:09,2,201.391000,12.115883,189.275117,189.264492,0.010624,89.386162,-11.312173,0.053471,-1.035378,27.590928,17.314132,0.070724,7.365759,3.598172,1.523359,9.818209,9.068616,8.693820,8.319024,7.944228,7.569432,7.307074,7.194636,6.819839,6.445043,6.070247,10.117787,9.398153,9.038336,8.678519,8.318701,7.958884,7.707012,7.599067,7.239250,6.879432,6.519615,12.561475,INTERPOLATED,1.011893,0.000000,MATCHED,
CG6-0313|2026-01-16|L3|S4,CG6-0313,2026-01-16,3,4,3-4,results.zip/day1.xlsx,20.904205,24.772063,34.885267,690613.730072,2741023.325300,2026-01-16 11:41:03,2,204.275000,12.124198,192.150802,191.464631,0.686171,92.261847,-11.643324,0.056963,-1.008745,28.478549,17.843970,0.073400,7.583229,3.815642,1.264657,10.106891,9.333183,8.946329,8.559475,8.172621,7.785768,7.514970,7.398914,7.012060,6.625206,6.238352,10.212686,9.449558,9.067993,8.686429,8.304865,7.923301,7.656206,7.541737,7.160172,6.778608,6.397044,12.701406,INTERPOLATED,1.011893,0.000000,MATCHED,
CG6-0313|2026-01-16|L3|S5,CG6-0313,2026-01-16,3,5,3-5,results.zip/day1.xlsx,11.980729,24.772653,34.883518,690435.924052,2741086.210990,2026-01-16 11:46:20,2,206.634000,12.131932,194.502068,195.285539,-0.783471,94.613113,-12.298770,0.053413,-0.968244,29.204299,17.873773,0.070681,7.631142,3.863555,1.399961,9.939517,9.146092,8.749379,8.352666,7.955953,7.559240,7.281542,7.162528,6.765815,6.369102,5.972389,10.146663,9.373952,8.987597,8.601241,8.214886,7.828530,7.558081,7.442175,7.055819,6.669464,6.283108,12.822610,INTERPOLATED,1.011893,0.000000,MATCHED,
CG6-0313|2026-01-16|L3|S6,CG6-0313,2026-01-16,3,6,3-6,results.zip/day1.xlsx,4.793464,24.773214,34.881693,690250.451845,2741145.774069,2026-01-16 11:51:10,2,208.991000,12.140050,196.850950,198.126977,-1.276028,96.961995,-12.790737,0.053870,-0.929737,29.929313,18.068314,0.071026,7.699832,3.932245,1.479523,9.937081,9.123957,8.717396,8.310834,7.904272,7.497711,7.213118,7.091149,6.684588,6.278026,5.871464,10.203824,9.417375,9.024150,8.630926,8.237701,7.844477,7.569219,7.451252,7.058028,6.664803,6.271579,12.953727,INTERPOLATED,1.011893,0.000000,MATCHED,
CG6-0313|2026-01-16|L3|S7,CG6-0313,2026-01-16,3,7,3-7,results.zip/day1.xlsx,5.152775,24.773668,34.879812,690059.623296,2741193.453689,2026-01-16 11:55:51,2,211.493000,12.148494,199.344506,199.277621,0.066886,99.455552,-13.160341,0.055953,-0.898553,30.698982,18.437194,0.072619,7.925679,4.158092,1.155673,10.096851,9.262817,8.845800,8.428782,8.011765,7.594748,7.302836,7.177731,6.760714,6.343697,5.926680,10.121010,9.289392,8.873583,8.457773,8.041964,7.626155,7.335089,7.210346,6.794537,6.378728,5.962918,13.096860,INTERPOLATED,1.011893,0.000000,MATCHED,
CG6-0313|2026-01-16|L3|S8,CG6-0313,2026-01-16,3,8,3-8,results.zip/day1.xlsx,5.822125,24.774245,34.878013,689876.767105,2741254.869472,2026-01-16 12:01:09,2,214.038000,12.156511,201.881489,202.502005,-0.620516,101.992534,-13.623417,0.055065,-0.858922,31.482054,18.717559,0.071937,8.053863,4.286276,1.097443,10.164465,9.309156,8.881501,8.453846,8.026192,7.598537,7.299179,7.170882,6.743227,6.315573,5.887918,10.145006,9.287751,8.859123,8.430496,8.001868,7.573240,7.273201,7.144613,6.715985,6.287357,5.858730,13.227829,INTERPOLATED,1.011893,0.000000,MATCHED,
CG6-0313|2026-01-16|L3|S9,CG6-0313,2026-01-16,3,9,3-9,results.zip/day1.xlsx,3.637532,24.774804,34.876024,689674.750904,2741314.097504,2026-01-16 12:08:44,2,217.003000,12.165431,204.837569,205.407357,-0.569788,104.948614,-14.006758,0.054254,-0.820485,32.394484,19.208211,0.071318,8.251243,4.483656,0.901381,10.407220,9.527121,9.087071,8.647022,8.206972,7.766923,7.458888,7.326873,6.886824,6.446774,6.006724,10.240898,9.344167,8.895801,8.447435,7.999070,7.550704,7.236848,7.102338,6.653973,6.205607,5.757241,13.378265,INTERPOLATED,1.011893,0.000000,MATCHED,
CG6-0313|2026-01-16|L3|S3,CG6-0313,2026-01-16,3,3,3-10,results.zip/day1.xlsx,1.540604,24.775488,34.874004,689469.439415,2741387.066334,2026-01-16 12:14:59,1,221.005000,12.173908,208.831092,208.627605,0.203487,108.942137,-14.812691,0.053454,-0.773502,33.627132,19.587943,0.070711,8.413075,4.645488,0.916379,10.452056,9.538467,9.081673,8.624878,8.168084,7.711289,7.391533,7.254495,6.797701,6.340906,5.884112,10.296968,9.367870,8.903322,8.438773,7.974224,7.509675,7.184491,7.045126,6.580578,6.116029,5.651480,13.526987,INTERPOLATED,1.011893,0.000000,MATCHED,
CG6-0313|2026-01-16|L3|S10,CG6-0313,2026-01-16,3,10,3-10,results.zip/day1.xlsx,1.540604,24.775488,34.874004,689469.439415,2741387.066334,2026-01-16 12:18:51,2,221.005000,12.173908,208.831092,208.627605,0.203487,108.942137,-14.829850,0.053445,-0.773502,33.627132,19.570784,0.070705,8.413075,4.645488,0.916379,10.434897,9.521308,9.064514,8.607719,8.150925,7.694130,7.374374,7.237336,6.780542,6.323747,5.866953,10.279809,9.350711,8.886163,8.421614,7.957065,7.492516,7.167332,7.027967,6.563419,6.098870,5.634321,13.526987,INTERPOLATED,1.011893,0.000000,MATCHED,
CG6-0313|2026-01-16|L3|S11,CG6-0313,2026-01-16,3,11,3-11,results.zip/day1.xlsx,1.902135,24.775971,34.872250,689291.361892,2741438.112915,2026-01-16 12:23:54,2,224.065000,12.180857,211.884143,213.300971,-1.416828,111.995188,-15.680508,0.053803,-0.740343,34.569491,19.629326,0.070975,8.431685,4.664098,1.208488,10.237410,9.298218,8.828623,8.359027,7.889431,7.419835,7.091118,6.950239,6.480643,6.011048,5.541452,10.301131,9.368311,8.901902,8.435492,7.969082,7.502672,7.176185,7.036262,6.569853,6.103443,5.637033,13.662935,INTERPOLATED,1.011893,0.000000,MATCHED,
CG6-0313|2026-01-16|L3|S12,CG6-0313,2026-01-16,3,12,3-12,results.zip/day1.xlsx,2.133904,24.776424,34.870596,689123.378988,2741486.026166,2026-01-16 12:28:48,2,227.268000,12.187424,215.080576,215.870739,-0.790162,115.191621,-16.108447,0.053558,-0.709213,35.556105,20.156870,0.070790,8.639383,4.871796,1.011784,10.496901,9.530904,9.047906,8.564907,8.081909,7.598910,7.260811,7.115912,6.632913,6.149915,5.666916,10.413278,9.438918,8.951739,8.464559,7.977380,7.490200,7.149174,7.003020,6.515841,6.028661,5.541481,13.792331,INTERPOLATED,1.011893,0.000000,MATCHED,
CG6-0313|2026-01-16|L3|S13,CG6-0313,2026-01-16,3,13,3-13,results.zip/day1.xlsx,2.913558,24.776537,34.868639,688925.275591,2741495.796622,2026-01-16 12:33:48,2,231.163000,12.195403,218.967597,218.769622,0.197975,119.078642,-16.811769,0.053476,-0.701475,36.755875,20.645581,0.070728,8.889710,5.122123,0.778574,10.659646,9.661053,9.161756,8.662459,8.163163,7.663866,7.314358,7.164569,6.665272,6.165976,5.666679,10.401334,9.376910,8.864697,8.352485,7.840273,7.328060,6.969512,6.815848,6.303636,5.791423,5.279211,13.966311,INTERPOLATED,1.011893,0.000000,MATCHED,
CG6-0313|2026-01-16|L3|S14,CG6-0313,2026-01-16,3,14,3-14,results.zip/day1.xlsx,5.682120,24.777024,34.866900,688748.764879,2741547.287713,2026-01-16 12:38:38,2,234.449000,12.202318,222.246682,222.059871,0.186811,122.357727,-17.471523,0.053459,-0.668057,37.767997,20.964530,0.070715,8.990049,5.222462,0.877774,10.703611,9.677519,9.164473,8.651427,8.138381,7.625335,7.266203,7.112289,6.599243,6.086197,5.573151,10.519606,9.475113,8.952867,8.430621,7.908375,7.386128,7.020556,6.863882,6.341636,5.819390,5.297144,14.103670,INTERPOLATED,1.011893,0.000000,MATCHED,
CG6-0313|2026-01-16|L3|S15,CG6-0313,2026-01-16,3,15,3-15,results.zip/day1.xlsx,3.514862,24.777594,34.864920,688547.638946,2741607.764450,2026-01-16 12:43:46,2,238.077000,12.210204,225.866796,225.862705,0.004091,125.977841,-17.944547,0.056818,-0.628860,38.885379,21.569691,0.073288,9.163003,5.395416,0.821269,11.005189,9.948739,9.420514,8.892289,8.364064,7.835839,7.466081,7.307613,6.779388,6.251163,5.722938,10.778858,9.699775,9.160233,8.620692,8.081150,7.541608,7.163929,7.002067,6.462525,5.922983,5.383442,14.260707,INTERPOLATED,1.011893,0.000000,MATCHED,
CG6-0313|2026-01-16|L3|S16,CG6-0313,2026-01-16,3,16,3-16,results.zip/day1.xlsx,2.610502,24.777848,34.863046,688357.771964,2741633.293977,2026-01-16 12:48:29,2,241.181000,12.217801,228.963199,228.990508,-0.027310,129.074244,-18.358635,0.053510,-0.611426,39.841111,22.093902,0.070754,9.255796,5.488209,0.920166,11.269736,10.187320,9.646111,9.104903,8.563695,8.022486,7.643641,7.481278,6.940070,6.398862,5.857653,11.117485,10.019843,9.471023,8.922202,8.373381,7.824560,7.440385,7.275739,6.726918,6.178097,5.629277,14.423053,INTERPOLATED,1.011893,0.000000,MATCHED,
CG6-0313|2026-01-16|L3|S17,CG6-0313,2026-01-16,3,17,3-17,results.zip/day1.xlsx,5.493710,24.778603,34.861391,688189.248429,2741714.616459,2026-01-16 12:53:45,2,244.581000,12.224301,232.356699,232.417766,-0.061067,132.467744,-18.915273,0.053499,-0.559582,40.888543,22.532852,0.070746,9.437904,5.670317,0.813848,11.424107,10.313232,9.757795,9.202358,8.646920,8.091483,7.702677,7.536046,6.980609,6.425171,5.869734,11.192217,10.058154,9.491122,8.924090,8.357058,7.790027,7.393105,7.222995,6.655963,6.088932,5.521900,14.544204,INTERPOLATED,1.011893,0.000000,MATCHED,
CG6-0313|2026-01-16|L3|S18,CG6-0313,2026-01-16,3,18,3-18,results.zip/day1.xlsx,1.136964,24.778743,34.859394,687987.043184,2741727.340877,2026-01-16 12:58:43,2,248.064000,12.232473,235.831527,236.323547,-0.492020,135.942572,-19.255385,0.053527,-0.549986,41.961076,23.255678,0.070767,9.604459,5.836872,0.758166,11.855534,10.715520,10.145512,9.575505,9.005498,8.435491,8.036486,7.865484,7.295476,6.725469,6.155462,11.581934,10.414560,9.830873,9.247186,8.663498,8.079811,7.671230,7.496124,6.912437,6.328750,5.745063,14.724593,INTERPOLATED,1.011893,0.000000,MATCHED,
CG6-0313|2026-01-16|L3|S19,CG6-0313,2026-01-16,3,19,3-19,results.zip/day1.xlsx,4.601633,24.780011,34.858507,687895.492921,2741866.597451,2026-01-16 13:05:54,2,251.581000,12.235631,239.345369,239.532868,-0.187500,139.456414,-19.894493,0.057382,-0.462872,43.045649,23.614027,0.073725,9.812785,6.045199,0.595319,11.919212,10.749731,10.164990,9.580249,8.995509,8.410768,8.001449,7.826027,7.241286,6.656546,6.071805,11.523630,10.314590,9.710071,9.105551,8.501031,7.896511,7.473347,7.291991,6.687471,6.082952,5.478432,14.754754,INTERPOLATED,1.011893,0.000000,MATCHED,
CG6-0313|2026-01-16|L3|S20,CG6-0313,2026-01-16,3,20,3-20,results.zip/day1.xlsx,5.027198,24.781358,34.857085,687749.636535,2742013.809495,2026-01-16 13:10:56,2,255.530000,12.240994,243.289006,243.707437,-0.418430,143.400051,-20.725022,0.059915,-0.370364,44.262878,23.908220,0.075714,9.971987,6.204400,0.611754,11.882691,10.680138,10.078862,9.477586,8.876309,8.275033,7.854139,7.673756,7.072480,6.471203,5.869927,11.499420,10.258540,9.638100,9.017660,8.397220,7.776780,7.342472,7.156340,6.535900,5.915460,5.295020,14.834131,INTERPOLATED,1.011893,0.000000,MATCHED,STDDEV_GT_0.050;TWO_READINGS_DIFFER
CG6-0313|2026-01-16|L3|S21,CG6-0313,2026-01-16,3,21,3-21,results.zip/day1.xlsx,5.277851,24.781012,34.855485,687588.393032,2741973.357736,2026-01-16 13:15:42,2,258.800000,12.247741,246.552259,247.110022,-0.557763,146.663304,-21.403449,0.053744,-0.394088,45.270103,24.260741,0.070931,10.111955,6.344368,0.603370,11.961557,10.731638,10.116679,9.501720,8.886761,8.271801,7.841330,7.656842,7.041883,6.426924,5.811965,11.572005,10.303132,9.668695,9.034258,8.399821,7.765384,7.321279,7.130948,6.496511,5.862074,5.227637,14.998721,INTERPOLATED,1.011893,0.000000,MATCHED,
CG6-0313|2026-01-16|L3|S22,CG6-0313,2026-01-16,3,22,3-22,results.zip/day1.xlsx,5.928889,24.780792,34.853430,687380.937391,2741946.093609,2026-01-16 13:20:37,2,262.652000,12.256319,250.395681,250.429164,-0.033483,150.506727,-22.268870,0.053527,-0.409247,46.456398,24.596776,0.070767,10.249124,6.481537,0.667411,11.975282,10.713133,10.082058,9.450983,8.819909,8.188834,7.747082,7.557759,6.926685,6.295610,5.664535,11.633702,10.337395,9.689241,9.041087,8.392933,7.744780,7.291072,7.096626,6.448472,5.800319,5.152165,15.201420,INTERPOLATED,1.011893,0.000000,MATCHED,
CG6-0313|2026-01-16|L3|S23,CG6-0313,2026-01-16,3,23,3-23,results.zip/day1.xlsx,6.146583,24.781807,34.852006,687235.344179,2742056.641762,2026-01-16 13:25:45,2,265.602000,12.261861,253.340139,254.994208,-1.654069,153.451184,-22.709023,0.053667,-0.339477,47.365220,24.995674,0.070872,10.361231,6.593644,0.697728,12.127257,10.840416,10.196995,9.553574,8.910153,8.266732,7.816338,7.623312,6.979891,6.336470,5.693049,11.808386,10.489657,9.830293,9.170928,8.511564,7.852199,7.390644,7.192835,6.533471,5.874106,5.214742,15.296965,INTERPOLATED,1.011893,0.000000,MATCHED,
CG6-0313|2026-01-16|L3|S24,CG6-0313,2026-01-16,3,24,3-24,results.zip/day1.xlsx,13.116726,24.782220,34.850123,687044.297750,2742099.772150,2026-01-16 13:32:11,2,269.871000,12.269525,257.601475,257.488237,0.113237,157.712520,-23.327211,0.055238,-0.311128,48.680502,25.664418,0.072069,10.573642,6.806055,0.607659,12.438646,11.116069,10.454781,9.793492,9.132204,8.470915,8.008013,7.809626,7.148338,6.487049,5.825761,12.052308,10.691097,10.010492,9.329886,8.649281,7.968675,7.492251,7.288070,6.607464,5.926859,5.246253,15.460178,INTERPOLATED,1.011893,0.000000,MATCHED,
CG6-0313|2026-01-16|L3|S25,CG6-0313,2026-01-16,3,25,3-25,results.zip/day1.xlsx,8.380600,24.782106,34.848274,686857.548125,2742084.577665,2026-01-16 13:36:35,2,273.862000,12.277223,261.584777,262.323779,-0.739003,161.695822,-24.139265,0.053587,-0.318983,49.909966,26.089683,0.070812,10.759074,6.991487,0.558500,12.529872,11.173891,10.495900,9.817909,9.139919,8.461928,7.987335,7.783938,7.105947,6.427956,5.749966,12.106710,10.708413,10.009264,9.310115,8.610967,7.911818,7.422414,7.212669,6.513521,5.814372,5.115223,15.640283,INTERPOLATED,1.011893,0.000000,MATCHED,
CG6-0313|2026-01-16|L3|S26,CG6-0313,2026-01-16,3,26,3-26,results.zip/day1.xlsx,14.953799,24.781506,34.846298,686658.638552,2742015.444221,2026-01-16 13:44:39,2,278.279000,12.285593,265.993407,268.280161,-2.286754,166.104452,-25.130034,0.054356,-0.360183,51.270707,26.500856,0.071395,10.949324,7.181737,0.544092,12.571337,11.178385,10.481909,9.785433,9.088957,8.392481,7.904948,7.696005,6.999529,6.303053,5.606577,12.137383,10.701035,9.982862,9.264688,8.546514,7.828341,7.325619,7.110167,6.391993,5.673819,4.955646,15.850605,INTERPOLATED,1.011893,0.000000,MATCHED,
CG6-0313|2026-01-16|L3|S27,CG6-0313,2026-01-16,3,27,3-27,results.zip/day1.xlsx,5.095162,24.781991,34.844698,686496.090409,2742066.988175,2026-01-16 13:48:59,2,282.075000,12.292077,269.782923,270.061243,-0.278320,169.893968,-25.978498,0.055503,-0.326861,52.440352,26.788715,0.072273,11.106095,7.338508,0.549760,12.541407,11.116676,10.404311,9.691945,8.979580,8.267215,7.768559,7.554849,6.842484,6.130118,5.417753,12.111698,10.643997,9.910146,9.176295,8.442444,7.708593,7.194898,6.974743,6.240892,5.507041,4.773190,15.985298,INTERPOLATED,1.011893,0.000000,MATCHED,
CG6-0313|2026-01-16|L3|S28,CG6-0313,2026-01-16,3,28,3-28,results.zip/day1.xlsx,3.229334,24.782453,34.842663,686289.649985,2742115.433965,2026-01-16 13:52:57,2,287.031000,12.300380,274.730620,275.269358,-0.538738,174.841665,-27.040234,0.056896,-0.295093,53.967471,27.222330,0.073348,11.303654,7.536067,0.576188,12.560108,11.093885,10.360774,9.627663,8.894552,8.161441,7.648263,7.428330,6.695219,5.962108,5.228997,12.150195,10.642981,9.889375,9.135768,8.382161,7.628554,7.101030,6.874948,6.121341,5.367734,4.614128,16.163016,INTERPOLATED,1.011893,0.000000,MATCHED,
CG6-0313|2026-01-16|L3|S29,CG6-0313,2026-01-16,3,29,3-29,results.zip/day1.xlsx,2.356478,24.783350,34.841091,686129.304500,2742212.598869,2026-01-16 13:57:43,2,291.284000,12.306663,278.977337,279.745921,-0.768584,179.088382,-27.806105,0.065117,-0.233501,55.278227,27.705623,0.079894,11.479928,7.712341,0.580970,12.687272,11.185436,10.434519,9.683601,8.932684,8.181766,7.656124,7.430848,6.679931,5.929013,5.178096,12.280941,10.738473,9.967239,9.196005,8.424771,7.653536,7.113673,6.882302,6.111068,5.339834,4.568600,16.282116,INTERPOLATED,1.011893,0.000000,MATCHED,TWO_READINGS_DIFFER
CG6-0313|2026-01-16|L3|S30,CG6-0313,2026-01-16,3,30,3-30,results.zip/day1.xlsx,3.410723,24.783952,34.839276,685944.935965,2742276.803318,2026-01-16 14:02:21,2,295.511000,12.314047,283.196953,286.082418,-2.885465,183.307998,-28.873123,0.053695,-0.192148,56.580615,27.899640,0.070894,11.640589,7.873002,0.624403,12.527431,10.990210,10.221600,9.452990,8.684379,7.915769,7.377741,7.147158,6.378548,5.609937,4.841327,12.153635,10.579035,9.791735,9.004434,8.217134,7.429834,6.878724,6.642534,5.855234,5.067933,4.280633,16.435731,INTERPOLATED,1.011893,0.000000,MATCHED,
CG6-0313|2026-01-16|L3|S31,CG6-0313,2026-01-16,3,31,3-31,results.zip/day1.xlsx,5.490256,24.785130,34.837347,685748.127401,2742404.627117,2026-01-16 14:10:22,2,304.808000,12.321787,292.486213,294.331313,-1.845101,192.597258,-30.758831,0.054108,-0.111239,59.447746,28.800155,0.071207,12.068621,8.301034,0.521520,12.648949,11.033828,10.226268,9.418708,8.611147,7.803587,7.238295,6.996027,6.188466,5.380906,4.573346,12.198086,10.537880,9.707776,8.877673,8.047569,7.217466,6.636393,6.387362,5.557259,4.727156,3.897052,16.582300,INTERPOLATED,1.011893,0.000000,MATCHED,
CG6-0313|2026-01-17|L3|S32,CG6-0313,2026-01-17,3,32,32,results.zip/day2.xlsx,6.252451,24.786034,34.835407,685550.619032,2742502.118270,2026-01-17 09:53:47,1,295.647000,12.329667,283.317333,286.472345,-3.155011,183.428378,-29.184382,0.053752,-0.049134,56.617768,27.482520,0.070937,11.626567,7.858980,0.675319,12.100216,10.561985,9.792870,9.023755,8.254640,7.485525,6.947144,6.716409,5.947294,5.178179,4.409064,11.764559,10.192763,9.406865,8.620967,7.835069,7.049171,6.499042,6.263273,5.477375,4.691477,3.905579,16.740607,INTERPOLATED,1.011893,0.000000,MATCHED,
CG6-0313|2026-01-17|L3|S33,CG6-0313,2026-01-17,3,33,33,results.zip/day2.xlsx,4.308671,24.787488,34.834567,685463.477107,2742662.112021,2026-01-17 10:08:31,1,290.210000,12.332857,277.877143,279.159879,-1.282735,177.988188,-27.977520,0.053636,0.050815,54.938643,26.910308,0.070849,11.413408,7.645821,0.635408,11.984219,10.491610,9.745305,8.999001,8.252696,7.506392,6.983979,6.760087,6.013783,5.267479,4.521174,11.618666,10.089502,9.324919,8.560337,7.795755,7.031173,6.495966,6.266591,5.502009,4.737427,3.972845,16.776687,INTERPOLATED,1.011893,0.000000,MATCHED,
CG6-0313|2026-01-17|L3|S34,CG6-0313,2026-01-17,3,34,34,results.zip/day2.xlsx,10.841402,24.789070,34.833581,685361.374237,2742835.951670,2026-01-17 10:14:48,1,285.533000,12.336650,273.196350,274.022675,-0.826325,173.307395,-26.960353,0.053578,0.159480,53.493904,26.374072,0.070805,11.253847,7.486260,0.537406,11.840513,10.387158,9.660480,8.933802,8.207124,7.480446,6.971771,6.753768,6.027090,5.300412,4.573734,11.401551,9.904299,9.155673,8.407047,7.658421,6.909795,6.385757,6.161169,5.412543,4.663917,3.915291,16.825170,INTERPOLATED,1.011893,0.000000,MATCHED,
CG6-0313|2026-01-17|L3|S35,CG6-0313,2026-01-17,3,35,35,results.zip/day2.xlsx,7.611450,24.790771,34.833447,685345.328435,2743024.170147,2026-01-17 10:18:12,1,280.582000,12.336855,268.245145,269.226383,-0.981238,168.356190,-25.889492,0.053610,0.276351,51.965699,25.799856,0.070830,11.040395,7.272808,0.553021,11.681506,10.269671,9.563753,8.857836,8.151918,7.446001,6.951858,6.740083,6.034166,5.328248,4.622331,11.254240,9.799678,9.072397,8.345117,7.617836,6.890555,6.381459,6.163274,5.435993,4.708713,3.981432,16.789272,INTERPOLATED,1.011893,0.000000,MATCHED,
CG6-0313|2026-01-17|L3|S36,CG6-0313,2026-01-17,3,36,36,results.zip/day2.xlsx,5.827263,24.791299,34.835124,685514.092277,2743084.905872,2026-01-17 10:21:24,1,274.815000,12.329685,262.485315,265.658827,-3.173512,162.596360,-24.755008,0.053559,0.312617,50.187906,25.120282,0.070791,10.746798,6.979211,0.692093,11.484951,10.121418,9.439651,8.757885,8.076118,7.394351,6.917115,6.712585,6.030818,5.349052,4.667285,11.161859,9.766016,9.068095,8.370174,7.672253,6.974332,6.485787,6.276411,5.578490,4.880568,4.182647,16.610630,INTERPOLATED,1.011893,0.000000,MATCHED,
CG6-0313|2026-01-17|L3|S37,CG6-0313,2026-01-17,3,37,37,results.zip/day2.xlsx,8.674017,24.791853,34.836013,685603.168439,2743147.522307,2026-01-17 10:24:48,1,272.922000,12.325785,260.596215,264.709909,-4.113694,160.707260,-24.229235,0.053572,0.350712,49.604827,25.024880,0.070801,10.654318,6.886732,0.727524,11.547969,10.200278,9.526432,8.852587,8.178741,7.504895,7.033204,6.831050,6.157204,5.483359,4.809513,11.251417,9.874070,9.185397,8.496724,7.808051,7.119378,6.637306,6.430704,5.742031,5.053358,4.364685,16.508240,INTERPOLATED,1.011893,0.000000,MATCHED,
CG6-0313|2026-01-17|L3|S38,CG6-0313,2026-01-17,3,38,38,results.zip/day2.xlsx,6.189393,24.791738,34.837283,685731.777785,2743136.523618,2026-01-17 10:27:59,1,265.681000,12.320477,253.360523,256.211269,-2.850746,153.471568,-22.642206,0.053538,0.342818,47.371497,24.386473,0.070775,10.328210,6.560623,0.788175,11.516347,10.229335,9.585828,8.942322,8.298816,7.655310,7.204855,7.011803,6.368297,5.724791,5.081284,11.265227,9.953102,9.297040,8.640978,7.984915,7.328853,6.869609,6.672791,6.016728,5.360666,4.704604,16.387332,INTERPOLATED,1.011893,0.000000,MATCHED,
CG6-0313|2026-01-17|L3|S39,CG6-0313,2026-01-17,3,39,39,results.zip/day2.xlsx,8.729348,24.793048,34.838165,685819.031995,2743282.831578,2026-01-17 10:31:05,1,261.215000,12.316221,248.898779,252.397529,-3.498750,149.009825,-21.728421,0.053541,0.432840,45.994353,23.833092,0.070777,10.128395,6.360809,0.822174,11.337128,10.087532,9.462734,8.837935,8.213137,7.588339,7.150980,6.963541,6.338743,5.713944,5.089146,11.111475,9.839313,9.203232,8.567152,7.931071,7.294990,6.849733,6.658909,6.022828,5.386747,4.750667,16.264724,INTERPOLATED,1.011893,0.000000,MATCHED,
CG6-0313|2026-01-17|L3|S40,CG6-0313,2026-01-17,3,40,40,results.zip/day2.xlsx,9.125450,24.794135,34.838287,685829.673672,2743403.327990,2026-01-17 10:35:20,1,258.124000,12.315259,245.808741,246.683942,-0.875201,145.919786,-21.066476,0.053564,0.507494,45.040592,23.466622,0.070795,10.020504,6.252917,0.764305,11.229789,10.006105,9.394264,8.782422,8.170580,7.558739,7.130450,6.946897,6.335055,5.723214,5.111372,10.960788,9.710205,9.084913,8.459621,7.834330,7.209038,6.771334,6.583746,5.958455,5.333163,4.707871,16.223544,INTERPOLATED,1.011893,0.000000,MATCHED,
CG6-0313|2026-01-17|L3|S41,CG6-0313,2026-01-17,3,41,41,results.zip/day2.xlsx,7.681713,24.795423,34.838395,685838.679504,2743546.160858,2026-01-17 10:38:23,1,252.625000,12.314268,240.310732,243.630458,-3.319726,140.421777,-20.257896,0.053539,0.596020,43.343593,22.489677,0.070775,9.680151,5.912564,1.057529,10.713907,9.536330,8.947542,8.358753,7.769965,7.181176,6.769024,6.592388,6.003599,5.414811,4.826022,10.664550,9.482037,8.890781,8.299524,7.708268,7.117012,6.703132,6.525755,5.934499,5.343243,4.751986,16.179268,INTERPOLATED,1.011893,0.000000,MATCHED,
CG6-0313|2026-01-17|L3|S42,CG6-0313,2026-01-17,3,42,42,results.zip/day2.xlsx,4.462863,24.796989,34.837218,685717.372412,2743718.009367,2026-01-17 10:41:40,1,247.612000,12.318638,235.293362,235.884497,-0.591135,135.404407,-19.075283,0.053765,0.703638,41.794943,22.016022,0.070947,9.576736,5.809149,0.771936,10.661008,9.525507,8.957756,8.390005,7.822255,7.254504,6.857079,6.686753,6.119003,5.551252,4.983501,10.397723,9.235894,8.654979,8.074064,7.493149,6.912234,6.505594,6.331319,5.750404,5.169489,4.588574,16.255838,INTERPOLATED,1.011893,0.000000,MATCHED,
CG6-0313|2026-01-17|L4|S1,CG6-0313,2026-01-17,4,1,1,results.zip/day2.xlsx,5.360687,24.774498,34.876418,689715.092446,2741280.694174,2026-01-17 11:50:09,1,216.125000,12.163763,203.961237,204.110475,-0.149237,104.072282,-13.809142,0.053559,-0.841536,32.123994,19.156388,0.070790,8.230075,4.462488,0.859793,10.428886,9.556136,9.119761,8.683386,8.247011,7.810635,7.505173,7.374260,6.937885,6.501510,6.065135,10.231412,9.338914,8.892665,8.446417,8.000168,7.553919,7.241545,7.107670,6.661421,6.215173,5.768924,13.358174,INTERPOLATED,1.011893,0.000000,MATCHED,
CG6-0313|2026-01-17|L4|S2,CG6-0313,2026-01-17,4,2,2,results.zip/day2.xlsx,3.914562,24.773510,34.874300,689502.404992,2741168.398096,2026-01-17 11:54:49,1,219.099000,12.173689,206.925311,208.040287,-1.114976,107.036356,-14.184132,0.053528,-0.909341,33.038893,19.764101,0.070768,8.394928,4.627341,0.751473,10.788033,9.890426,9.441622,8.992819,8.544015,8.095212,7.781049,7.646408,7.197605,6.748802,6.299998,10.509420,9.583951,9.121217,8.658483,8.195749,7.733015,7.409101,7.270281,6.807547,6.344813,5.882079,13.598552,INTERPOLATED,1.011893,0.000000,MATCHED,
CG6-0313|2026-01-17|L4|S3,CG6-0313,2026-01-17,4,3,3,results.zip/day2.xlsx,13.925751,24.773935,34.872592,689328.987804,2741213.063726,2026-01-17 11:58:53,1,222.064000,12.180455,209.883545,211.672663,-1.789119,109.994590,-14.849320,0.053712,-0.880179,33.951986,19.982845,0.070906,8.493212,4.725625,0.820238,10.758698,9.836284,9.375076,8.913869,8.452662,7.991455,7.668609,7.530247,7.069040,6.607833,6.146625,10.531595,9.586470,9.113908,8.641346,8.168783,7.696221,7.365427,7.223658,6.751096,6.278533,5.805971,13.731342,INTERPOLATED,1.011893,0.000000,MATCHED,
CG6-0313|2026-01-17|L4|S4,CG6-0313,2026-01-17,4,4,4,results.zip/day2.xlsx,2.606388,24.774179,34.870859,689153.416026,2741237.637639,2026-01-17 12:02:31,1,224.901000,12.187417,212.713583,212.689980,0.023603,112.824628,-15.380381,0.053591,-0.863454,34.825509,20.308583,0.070815,8.673832,4.906245,0.654813,10.847110,9.900963,9.427889,8.954815,8.481742,8.008668,7.677516,7.535594,7.062521,6.589447,6.116373,10.496092,9.514843,9.024219,8.533594,8.042970,7.552345,7.208908,7.061720,6.571096,6.080471,5.589847,13.876187,INTERPOLATED,1.011893,0.000000,MATCHED,
CG6-0313|2026-01-17|L4|S5,CG6-0313,2026-01-17,4,5,5,results.zip/day2.xlsx,6.603758,24.772287,34.867596,688826.283324,2741023.555831,2026-01-17 12:06:47,1,229.707000,12.201614,217.505386,218.255748,-0.750363,117.616431,-16.059209,0.053531,-0.993392,36.304554,21.238736,0.070770,8.835892,5.068305,0.758572,11.375422,10.389091,9.895925,9.402759,8.909594,8.416428,8.071212,7.923262,7.430096,6.936931,6.443765,11.102127,10.088466,9.581635,9.074805,8.567975,8.061144,7.706363,7.554314,7.047483,6.540653,6.033822,14.264664,INTERPOLATED,1.011893,0.000000,MATCHED,
CG6-0313|2026-01-17|L4|S6,CG6-0313,2026-01-17,4,6,6,results.zip/day2.xlsx,7.752728,24.772167,34.865669,688631.545867,2741007.592570,2026-01-17 12:09:59,1,233.329000,12.209519,221.119481,221.575766,-0.456285,121.230527,-16.326914,0.053543,-1.001639,37.420081,22.094806,0.070779,9.018769,5.251182,0.674899,11.928414,10.911775,10.403455,9.895135,9.386816,8.878496,8.522672,8.370177,7.861857,7.353537,6.845218,11.592442,10.542205,10.017087,9.491969,8.966851,8.441733,8.074150,7.916615,7.391496,6.866378,6.341260,14.445295,INTERPOLATED,1.011893,0.000000,MATCHED,
CG6-0313|2026-01-17|L4|S7,CG6-0313,2026-01-17,4,7,7,results.zip/day2.xlsx,3.690712,24.770940,34.864635,688528.825013,2740870.351454,2026-01-17 12:13:22,1,236.072000,12.214261,223.857739,224.531946,-0.674208,123.968784,-16.623940,0.053507,-1.085843,38.265273,22.727175,0.070752,9.124633,5.357046,0.698797,12.331153,11.291551,10.771750,10.251949,9.732148,9.212347,8.848486,8.692545,8.172744,7.652943,7.133142,12.013082,10.941673,10.405969,9.870264,9.334559,8.798855,8.423861,8.263150,7.727445,7.191741,6.656036,14.599047,INTERPOLATED,1.011893,0.000000,MATCHED,
CG6-0313|2026-01-17|L4|S8,CG6-0313,2026-01-17,4,8,8,results.zip/day2.xlsx,9.148631,24.769272,34.863883,688455.377581,2740684.519830,2026-01-17 12:16:54,1,238.767000,12.218028,226.548972,226.258073,0.290899,126.660017,-17.279823,0.053493,-1.200409,39.095950,23.016536,0.070741,9.172019,5.404432,0.873570,12.394827,11.332656,10.801571,10.270486,9.739400,9.208315,8.836555,8.677229,8.146144,7.615058,7.083973,12.207673,11.126787,10.586344,10.045900,9.505457,8.965014,8.586704,8.424571,7.884128,7.343685,6.803241,14.749740,INTERPOLATED,1.011893,0.000000,MATCHED,
CG6-0313|2026-01-17|L4|S9,CG6-0313,2026-01-17,4,9,9,results.zip/day2.xlsx,4.695346,24.767561,34.863268,688395.753641,2740494.146094,2026-01-17 12:20:34,1,241.144000,12.221245,228.922755,229.194084,-0.271329,129.033800,-18.066157,0.053470,-1.317903,39.828641,23.080387,0.070723,9.204879,5.437292,1.051585,12.259613,11.177535,10.636497,10.095458,9.554419,9.013381,8.634653,8.472342,7.931303,7.390264,6.849226,12.205803,11.118344,10.574615,10.030886,9.487157,8.943428,8.562817,8.399698,7.855969,7.312240,6.768511,14.891574,INTERPOLATED,1.011893,0.000000,MATCHED,
CG6-0313|2026-01-17|L4|S10,CG6-0313,2026-01-17,4,10,10,results.zip/day2.xlsx,9.543899,24.766263,34.862489,688318.916941,2740349.368064,2026-01-17 12:24:02,1,244.583000,12.224935,232.358065,232.797858,-0.439793,132.469110,-18.925633,0.053465,-1.406986,40.888981,23.370335,0.070720,9.355129,5.587542,1.035011,12.261475,11.150589,10.595146,10.039703,9.484260,8.928817,8.540007,8.373374,7.817931,7.262488,6.707045,12.195250,11.077742,10.518988,9.960233,9.401479,8.842725,8.451597,8.283971,7.725217,7.166462,6.607708,15.027959,INTERPOLATED,1.011893,0.000000,MATCHED,
CG6-0313|2026-01-17|L4|S11,CG6-0313,2026-01-17,4,11,11,results.zip/day2.xlsx,14.499983,24.764629,34.863358,688409.227772,2740169.490246,2026-01-17 12:27:36,1,246.772000,12.222128,234.549872,236.274081,-1.724209,134.660918,-19.845299,0.053650,-1.519231,41.565503,23.239435,0.070859,9.354114,5.586527,1.283100,11.946770,10.817504,10.252870,9.688237,9.123604,8.558971,8.163728,7.994338,7.429704,6.865071,6.300438,12.066380,10.949074,10.390422,9.831769,9.273116,8.714463,8.323406,8.155811,7.597158,7.038505,6.479852,15.036065,INTERPOLATED,1.011893,0.000000,MATCHED,
CG6-0313|2026-01-17|L4|S12,CG6-0313,2026-01-17,4,12,12,results.zip/day2.xlsx,9.732242,24.763196,34.863099,688385.245963,2740010.411641,2026-01-17 12:31:22,1,249.541000,12.223772,237.317228,238.648763,-1.331534,137.428274,-20.439413,0.053432,-1.617615,42.419671,23.597874,0.070695,9.533884,5.766297,1.112928,12.073139,10.920665,10.344429,9.768192,9.191955,8.615718,8.212353,8.039482,7.463245,6.887008,6.310771,12.065279,10.912020,10.335390,9.758760,9.182130,8.605501,8.201860,8.028871,7.452241,6.875611,6.298982,15.135440,INTERPOLATED,1.011893,0.000000,MATCHED,
CG6-0313|2026-01-17|L4|S13,CG6-0313,2026-01-17,4,13,13,results.zip/day2.xlsx,14.182542,24.764120,34.861639,688236.195966,2740110.825228,2026-01-17 12:35:13,1,253.513000,12.229243,241.283757,241.688098,-0.404341,141.394802,-20.704617,0.053474,-1.554128,43.643968,24.493479,0.070726,9.852504,6.084917,0.706280,12.636111,11.450374,10.857506,10.264637,9.671769,9.078900,8.663892,8.486032,7.893164,7.300295,6.707427,12.323645,11.106662,10.498170,9.889679,9.281187,8.672695,8.246751,8.064204,7.455712,6.847220,6.238729,15.215584,INTERPOLATED,1.011893,0.000000,MATCHED,
CG6-0313|2026-01-17|L4|S14,CG6-0313,2026-01-17,4,14,14,results.zip/day2.xlsx,9.001805,24.762550,34.860533,688126.689190,2739935.411323,2026-01-17 12:38:35,1,256.048000,12.234318,243.813682,243.796364,0.017318,143.924727,-21.858662,0.053451,-1.661913,44.424850,24.228100,0.070709,9.950977,6.183390,0.726589,12.158572,10.951619,10.348143,9.744666,9.141190,8.537714,8.115280,7.934237,7.330761,6.727285,6.123808,11.861320,10.624642,10.006303,9.387964,8.769625,8.151286,7.718448,7.532947,6.914608,6.296269,5.677930,15.397040,INTERPOLATED,1.011893,0.000000,MATCHED,
CG6-0313|2026-01-17|L4|S15,CG6-0313,2026-01-17,4,15,15,results.zip/day2.xlsx,9.381704,24.761286,34.859223,687996.096446,2739793.572550,2026-01-17 12:42:05,1,258.911000,12.240062,246.670938,247.501837,-0.830899,146.781983,-22.878736,0.053444,-1.748709,45.306762,24.176735,0.070703,10.077796,6.310209,0.707861,11.867598,10.636684,10.021227,9.405771,8.790314,8.174857,7.744037,7.559400,6.943943,6.328486,5.713029,11.556317,10.294276,9.663255,9.032234,8.401213,7.770192,7.328477,7.139171,6.508150,5.877129,5.246108,15.580680,INTERPOLATED,1.011893,0.000000,MATCHED,
CG6-0313|2026-01-17|L4|S16,CG6-0313,2026-01-17,4,16,16,results.zip/day2.xlsx,11.963066,24.762340,34.857981,687868.897186,2739908.592063,2026-01-17 12:45:44,1,262.112000,12.244617,249.867383,250.291595,-0.424212,149.978428,-23.319216,0.053402,-1.676361,46.293363,24.650507,0.070672,10.235050,6.467463,0.645845,12.073316,10.815597,10.186738,9.557878,8.929019,8.300159,7.859957,7.671300,7.042440,6.413581,5.784721,11.715582,10.422089,9.775343,9.128597,8.481850,7.835104,7.382382,7.188358,6.541612,5.894865,5.248119,15.634651,INTERPOLATED,1.011893,0.000000,MATCHED,
CG6-0313|2026-01-17|L4|S17,CG6-0313,2026-01-17,4,17,17,results.zip/day2.xlsx,12.401382,24.763982,34.857143,687781.659841,2740089.317241,2026-01-17 12:50:50,1,264.853000,12.247348,252.605652,253.406392,-0.800740,152.716697,-23.471746,0.053428,-1.563626,47.138543,25.230423,0.070691,10.311961,6.544374,0.747051,12.423601,11.142919,10.502578,9.862237,9.221896,8.581555,8.133316,7.941213,7.300872,6.660531,6.020190,12.141676,10.832801,10.178364,9.523926,8.869489,8.215052,7.756946,7.560614,6.906177,6.251740,5.597302,15.623845,INTERPOLATED,1.011893,0.000000,MATCHED,
CG6-0313|2026-01-17|L4|S18,CG6-0313,2026-01-17,4,18,18,results.zip/day2.xlsx,11.810352,24.765222,34.855546,687618.235108,2740224.475866,2026-01-17 12:54:23,1,268.197000,12.253304,255.943696,255.625869,0.317827,156.054741,-23.817228,0.053496,-1.478486,48.168846,25.830105,0.070743,10.516125,6.748538,0.575636,12.743354,11.434679,10.780341,10.126004,9.471666,8.817329,8.359293,8.162991,7.508654,6.854316,6.199979,12.333028,10.983321,10.308467,9.633613,8.958759,8.283905,7.811508,7.609052,6.934198,6.259344,5.584490,15.704213,INTERPOLATED,1.011893,0.000000,MATCHED,
CG6-0313|2026-01-17|L4|S19,CG6-0313,2026-01-17,4,19,19,results.zip/day2.xlsx,11.551325,24.765313,34.853785,687440.089165,2740232.142205,2026-01-17 13:04:38,1,270.896000,12.260352,258.635648,258.657810,-0.022163,158.746693,-24.378595,0.053418,-1.472237,48.999730,26.093372,0.070684,10.649809,6.882222,0.520072,12.780874,11.449624,10.783999,10.118374,9.452750,8.787125,8.321187,8.121500,7.455875,6.790250,6.124625,12.328927,10.952483,10.264261,9.576038,8.887816,8.199594,7.717838,7.511372,6.823149,6.134927,5.446705,15.858435,INTERPOLATED,1.011893,0.000000,MATCHED,
CG6-0313|2026-01-17|L4|S20,CG6-0313,2026-01-17,4,20,20,results.zip/day2.xlsx,9.473426,24.764404,34.852232,687284.361748,2740129.298955,2026-01-17 13:09:41,1,273.486000,12.266915,261.219085,261.167679,0.051406,161.330130,-25.443697,0.053374,-1.534667,49.797120,25.888091,0.070651,10.739706,6.972119,0.569272,12.358946,11.006032,10.329575,9.653117,8.976660,8.300203,7.826683,7.623746,6.947288,6.270831,5.594374,11.943853,10.549429,9.852217,9.155006,8.457794,7.760582,7.272534,7.063370,6.366158,5.668946,4.971734,16.043928,INTERPOLATED,1.011893,0.000000,MATCHED,
CG6-0313|2026-01-17|L4|S21,CG6-0313,2026-01-17,4,21,21,results.zip/day2.xlsx,8.762882,24.762685,34.851732,687236.346994,2739938.215389,2026-01-17 13:13:29,1,276.509000,12.269510,264.239490,263.833536,0.405953,164.350535,-26.584011,0.053359,-1.652685,50.729383,25.798058,0.070640,10.858092,7.090505,0.591325,12.015622,10.637378,9.948256,9.259134,8.570013,7.880891,7.398506,7.191769,6.502647,5.813526,5.124404,11.617048,10.198947,9.489897,8.780846,8.071796,7.362745,6.866410,6.653695,5.944644,5.235594,4.526544,16.175376,INTERPOLATED,1.011893,0.000000,MATCHED,
CG6-0313|2026-01-17|L4|S22,CG6-0313,2026-01-17,4,22,22,results.zip/day2.xlsx,7.641592,24.760904,34.851838,687249.718833,2739741.148275,2026-01-17 13:16:43,1,278.716000,12.269695,266.446305,267.984766,-1.538460,166.557351,-27.451481,0.053416,-1.774920,51.410528,25.733966,0.070682,10.888624,7.121037,0.756865,11.766467,10.369717,9.671342,8.972967,8.274592,7.576217,7.087355,6.877842,6.179467,5.481092,4.782717,11.491893,10.067686,9.355582,8.643478,7.931375,7.219271,6.720798,6.507167,5.795064,5.082960,4.370856,16.257170,INTERPOLATED,1.011893,0.000000,MATCHED,
CG6-0313|2026-01-17|L4|S23,CG6-0313,2026-01-17,4,23,23,results.zip/day2.xlsx,3.441648,24.759983,34.851028,687169.258320,2739637.939999,2026-01-17 13:20:09,1,281.866000,12.273234,269.592766,270.531876,-0.939110,169.703811,-28.438787,0.053344,-1.838201,52.381694,25.781109,0.070628,10.970788,7.203201,0.889743,11.549747,10.126611,9.415043,8.703475,7.991907,7.280339,6.782241,6.568771,5.857203,5.145634,4.434066,11.374707,9.934067,9.213747,8.493427,7.773107,7.052787,6.548563,6.332467,5.612147,4.891827,4.171507,16.377305,INTERPOLATED,1.011893,0.000000,MATCHED,
CG6-0313|2026-01-17|L4|S24,CG6-0313,2026-01-17,4,24,24,results.zip/day2.xlsx,5.861920,24.760568,34.849221,686985.537417,2739700.303160,2026-01-17 13:23:34,1,284.537000,12.280250,272.256750,273.105712,-0.848962,172.367795,-28.887905,0.053358,-1.798016,53.203940,26.114051,0.070638,11.124061,7.356474,0.778746,11.659287,10.213811,9.491073,8.768335,8.045597,7.322858,6.816942,6.600120,5.877382,5.154644,4.431906,11.401104,9.929809,9.194161,8.458514,7.722867,6.987219,6.472266,6.251572,5.515925,4.780277,4.044630,16.508645,INTERPOLATED,1.011893,0.000000,MATCHED,
CG6-0313|2026-01-17|L4|S25,CG6-0313,2026-01-17,4,25,25,results.zip/day2.xlsx,11.012740,24.760910,34.847517,686812.705043,2739735.838875,2026-01-17 13:28:42,1,287.808000,12.286941,275.521059,276.185616,-0.664558,175.632104,-29.539943,0.053385,-1.774547,54.211476,26.446081,0.070659,11.268526,7.500939,0.758472,11.717572,10.244721,9.508296,8.771871,8.035445,7.299020,6.783522,6.562594,5.826169,5.089744,4.353318,11.444202,9.944014,9.193921,8.443827,7.693733,6.943639,6.418573,6.193545,5.443451,4.693357,3.943263,16.644148,INTERPOLATED,1.011893,0.000000,MATCHED,
CG6-0313|2026-01-17|L4|S26,CG6-0313,2026-01-17,4,26,26,results.zip/day2.xlsx,4.868461,24.759494,34.846828,686745.204624,2739578.025686,2026-01-17 13:33:19,1,291.238000,12.290122,278.947878,279.893351,-0.945473,179.058923,-30.638813,0.053352,-1.871775,55.269173,26.502135,0.070634,11.423154,7.655567,0.729258,11.486254,9.984666,9.233872,8.483078,7.732284,6.981490,6.455934,6.230696,5.479902,4.729108,3.978313,11.191001,9.659888,8.894331,8.128774,7.363218,6.597661,6.061771,5.832104,5.066548,4.300991,3.535434,16.778055,INTERPOLATED,1.011893,0.000000,MATCHED,
CG6-0313|2026-01-17|L4|S27,CG6-0313,2026-01-17,4,27,27,results.zip/day2.xlsx,4.028296,24.759366,34.844914,686551.794726,2739561.241749,2026-01-17 13:37:06,1,294.619000,12.297781,282.321219,282.518855,-0.197636,182.432264,-31.462617,0.053377,-1.880558,56.310360,26.728301,0.070653,11.578689,7.811102,0.691636,11.429531,9.899654,9.134716,8.369777,7.604839,6.839900,6.304443,6.074962,5.310023,4.545085,3.780146,11.106097,9.543876,8.762766,7.981656,7.200546,6.419435,5.872658,5.638325,4.857215,4.076105,3.294995,16.956308,INTERPOLATED,1.011893,0.000000,MATCHED,
CG6-0313|2026-01-17|L4|S28,CG6-0313,2026-01-17,4,28,28,results.zip/day2.xlsx,5.917308,24.759899,34.843029,686360.306648,2739617.723582,2026-01-17 13:40:22,1,296.746000,12.305138,284.440862,285.636249,-1.195387,184.551907,-32.133977,0.053334,-1.843958,56.964589,26.674570,0.070620,11.617510,7.849923,0.825284,11.198048,9.650395,8.876569,8.102743,7.328917,6.555091,6.013412,5.781265,5.007438,4.233612,3.459786,10.974724,9.404739,8.619747,7.834755,7.049762,6.264770,5.715275,5.479778,4.694785,3.909793,3.124801,17.099138,INTERPOLATED,1.011893,0.000000,MATCHED,
CG6-0313|2026-01-17|L4|S29,CG6-0313,2026-01-17,4,29,29,results.zip/day2.xlsx,3.478260,24.760553,34.841185,686172.841196,2739687.698481,2026-01-17 13:44:36,1,299.286000,12.312312,286.973688,288.748631,-1.774944,187.084733,-32.807314,0.053357,-1.799031,57.746347,26.738064,0.070638,11.679585,7.911998,0.943103,11.049138,9.480245,8.695799,7.911353,7.126907,6.342460,5.793348,5.558014,4.773568,3.989121,3.204675,10.914068,9.331669,8.540469,7.749269,6.958070,6.166870,5.613030,5.375670,4.584470,3.793271,3.002071,17.233367,INTERPOLATED,1.011893,0.000000,MATCHED,
CG6-0313|2026-01-17|L4|S30,CG6-0313,2026-01-17,4,30,30,results.zip/day2.xlsx,4.861181,24.760739,34.839175,685969.236537,2739705.597791,2026-01-17 13:48:31,1,302.549000,12.320286,290.228714,291.682441,-1.453726,190.339759,-33.486811,0.053346,-1.786242,58.751011,27.050442,0.070630,11.815805,8.048218,0.943805,11.088549,9.492360,8.694266,7.896171,7.098076,6.299982,5.741316,5.501887,4.703793,3.905698,3.107603,10.954006,9.344362,8.539541,7.734719,6.929897,6.125075,5.561700,5.320253,4.515432,3.710610,2.905788,17.406647,INTERPOLATED,1.011893,0.000000,MATCHED,
CG6-0313|2026-01-18|L4|S31,CG6-0313,2026-01-18,4,31,31,results.zip/day3.xlsx,4.531344,24.760578,34.837144,685764.090639,2739684.945903,2026-01-18 07:06:37,1,305.602000,12.328428,293.273572,293.604303,-0.330731,193.384617,-34.325852,0.053242,-1.797331,59.690806,27.162285,0.070551,11.988162,8.220575,0.824493,10.945051,9.323327,8.512466,7.701604,6.890742,6.079881,5.512277,5.269019,4.458157,3.647295,2.836434,10.721135,9.077020,8.254962,7.432904,6.610847,5.788789,5.213349,4.966732,4.144674,3.322617,2.500559,17.599135,INTERPOLATED,1.011893,0.000000,MATCHED,
CG6-0313|2026-01-18|L4|S32,CG6-0313,2026-01-18,4,32,32,results.zip/day3.xlsx,3.885182,24.761153,34.835164,685562.970882,2739745.984619,2026-01-18 07:20:55,1,309.207000,12.336200,296.870800,296.723896,0.146904,196.981845,-34.959244,0.053284,-1.757832,60.801088,27.599676,0.070583,12.181861,8.414274,0.710037,11.080778,9.428888,8.602943,7.776999,6.951054,6.125109,5.546947,5.299164,4.473219,3.647274,2.821329,10.771127,9.088272,8.246845,7.405417,6.563990,5.722563,5.133563,4.881135,4.039708,3.198280,2.356853,17.752313,INTERPOLATED,1.011893,0.000000,MATCHED,
CG6-0313|2026-01-18|L4|S33,CG6-0313,2026-01-18,4,33,33,results.zip/day3.xlsx,0.984179,24.760208,34.834657,685513.109573,2739640.620668,2026-01-18 07:24:31,1,312.082000,12.338431,299.743569,301.419210,-1.675641,199.854614,-35.390807,0.053269,-1.822710,61.687766,28.119670,0.070572,12.337614,8.570027,0.615793,11.359862,9.683881,8.845891,8.007900,7.169910,6.331920,5.745326,5.493929,4.655939,3.817948,2.979958,10.979616,9.265611,8.408608,7.551605,6.694603,5.837600,5.237698,4.980597,4.123595,3.266592,2.409589,17.843464,INTERPOLATED,1.011893,0.000000,MATCHED,
CG6-0313|2026-01-18|L4|S34,CG6-0313,2026-01-18,4,34,34,results.zip/day3.xlsx,2.376050,24.759745,34.833622,685409.100084,2739587.881939,2026-01-18 07:28:33,1,316.021000,12.342656,303.678344,304.392698,-0.714353,203.789390,-36.356186,0.053239,-1.854527,62.902229,28.400570,0.070549,12.500386,8.732799,0.621703,11.310792,9.601814,8.747325,7.892836,7.038347,6.183859,5.585716,5.329370,4.474881,3.620392,2.765903,10.934973,9.188413,8.315134,7.441854,6.568574,5.695294,5.083998,4.822014,3.948734,3.075454,2.202175,17.959986,INTERPOLATED,1.011893,0.000000,MATCHED,
CG6-0313|2026-01-18|L4|S35,CG6-0313,2026-01-18,4,35,35,results.zip/day3.xlsx,6.891283,24.760656,34.831943,685237.924980,2739686.510838,2026-01-18 07:33:34,1,319.804000,12.348363,307.455637,308.249109,-0.793472,207.566683,-37.169634,0.053278,-1.791987,64.068081,28.690434,0.070578,12.633094,8.865507,0.690250,11.283892,9.543238,8.672911,7.802584,6.932256,6.061929,5.452700,5.191602,4.321275,3.450948,2.580621,10.959419,9.186318,8.299767,7.413216,6.526666,5.640115,5.019529,4.753564,3.867013,2.980463,2.093912,18.070425,INTERPOLATED,1.011893,0.000000,MATCHED,
CG6-0313|2026-01-18|L4|S36,CG6-0313,2026-01-18,4,36,36,results.zip/day3.xlsx,2.369423,24.759717,34.830456,685089.019913,2739580.499556,2026-01-18 07:37:51,1,323.325000,12.353611,310.971389,310.712033,0.259356,211.082434,-37.720737,0.053241,-1.856444,65.153210,29.288918,0.070550,12.765742,8.998155,0.729681,11.587545,9.817408,8.932339,8.047270,7.162202,6.277133,5.657585,5.392064,4.506996,3.621927,2.736858,11.292608,9.492977,8.593162,7.693346,6.793531,5.893715,5.263845,4.993900,4.094084,3.194269,2.294453,18.250495,INTERPOLATED,1.011893,0.000000,MATCHED,
CG6-0313|2026-01-18|L4|S37,CG6-0313,2026-01-18,4,37,37,results.zip/day3.xlsx,2.939198,24.758405,34.829217,684965.641620,2739433.466191,2026-01-18 07:42:02,1,326.782000,12.358064,314.423936,314.924587,-0.500651,214.534981,-38.575857,0.053304,-1.946532,66.218831,29.589505,0.070598,12.880850,9.113263,0.808865,11.598602,9.799511,8.899966,8.000421,7.100876,6.201331,5.571649,5.301786,4.402240,3.502695,2.603150,11.362980,9.540327,8.629001,7.717674,6.806348,5.895022,5.257093,4.983695,4.072369,3.161043,2.249717,18.425696,INTERPOLATED,1.011893,0.000000,MATCHED,
CG6-0313|2026-01-18|L4|S38,CG6-0313,2026-01-18,4,38,38,results.zip/day3.xlsx,5.084666,24.759066,34.827742,684815.494010,2739504.772221,2026-01-18 07:46:24,1,329.549000,12.362964,317.186036,318.899743,-1.713707,217.297081,-39.088909,0.053259,-1.901103,67.071342,29.883535,0.070564,12.973238,9.205651,0.871414,11.661002,9.838749,8.927622,8.016495,7.105369,6.194242,5.556453,5.283115,4.371989,3.460862,2.549735,11.472232,9.631102,8.710537,7.789972,6.869407,5.948842,5.304446,5.028276,4.107711,3.187146,2.266581,18.529502,INTERPOLATED,1.011893,0.000000,MATCHED,
CG6-0313|2026-01-18|L4|S39,CG6-0313,2026-01-18,4,39,39,results.zip/day3.xlsx,5.318397,24.760570,34.826930,684731.101444,2739670.194881,2026-01-18 07:49:54,1,332.862000,12.365490,320.496510,320.538065,-0.041555,220.607555,-39.535041,0.053268,-1.797896,68.093103,30.355959,0.070571,13.122647,9.355060,0.843110,11.855809,10.005794,9.080787,8.155779,7.230772,6.305764,5.658259,5.380757,4.455749,3.530742,2.605734,11.645838,9.774826,8.839320,7.903814,6.968308,6.032802,5.377948,5.097296,4.161790,3.226284,2.290778,18.534700,INTERPOLATED,1.011893,0.000000,MATCHED,
CG6-0313|2026-01-18|L4|S40,CG6-0313,2026-01-18,4,40,40,results.zip/day3.xlsx,2.817699,24.760050,34.825996,684637.448868,2739611.362594,2026-01-18 07:53:37,1,336.717000,12.368755,324.348245,327.500861,-3.152616,224.459290,-40.371963,0.053241,-1.833578,69.281925,30.743540,0.070550,13.283922,9.516335,0.843721,11.920384,10.038068,9.096911,8.155753,7.214595,6.273437,5.614627,5.332279,4.391122,3.449964,2.508806,11.710871,9.807604,8.855971,7.904337,6.952704,6.001070,5.334927,5.049437,4.097803,3.146170,2.194536,18.644387,INTERPOLATED,1.011893,0.000000,MATCHED,
CG6-0313|2026-01-18|L4|S41,CG6-0313,2026-01-18,4,41,41,results.zip/day3.xlsx,2.664562,24.758264,34.825542,684594.108641,2739412.987317,2026-01-18 07:57:03,1,339.590000,12.370568,327.219432,329.053626,-1.834194,227.330477,-41.238258,0.053259,-1.956145,70.168105,30.885993,0.070564,13.345209,9.577622,1.001522,11.822059,9.915666,8.962469,8.009272,7.056076,6.102879,5.435641,5.149682,4.196486,3.243289,2.290092,11.730749,9.815225,8.857463,7.899701,6.941938,5.984176,5.313743,5.026414,4.068652,3.110890,2.153127,18.768599,INTERPOLATED,1.011893,0.000000,MATCHED,
CG6-0313|2026-01-18|L4|S42,CG6-0313,2026-01-18,4,42,42,results.zip/day3.xlsx,11.510218,24.756594,34.824755,684516.967124,2739226.889494,2026-01-18 08:00:31,1,343.187000,12.373477,330.813523,331.646315,-0.832792,230.924568,-42.409741,0.053264,-2.070819,71.277405,30.938483,0.070568,13.425280,9.657694,1.190101,11.573149,9.636615,8.668349,7.700082,6.731815,5.763549,5.085762,4.795282,3.827015,2.858748,1.890482,11.623096,9.691557,8.725788,7.760019,6.794249,5.828480,5.152441,4.862711,3.896941,2.931172,1.965402,18.919114,INTERPOLATED,1.011893,0.000000,MATCHED,
CG6-0313|2026-01-18|L4|S43,CG6-0313,2026-01-18,4,43,43,results.zip/day3.xlsx,2.233690,24.754938,34.824394,684482.954129,2739043.011659,2026-01-18 08:10:50,1,345.765000,12.374925,333.390075,334.628175,-1.238101,233.501120,-43.171363,0.053279,-2.184469,72.072646,31.085751,0.070579,13.472520,9.704933,1.352423,11.504347,9.546207,8.567137,7.588066,6.608996,5.629926,4.944577,4.650856,3.671786,2.692715,1.713645,11.675884,9.734897,8.764404,7.793911,6.823417,5.852924,5.173579,4.882431,3.911937,2.941444,1.970951,19.031026,INTERPOLATED,1.011893,0.000000,MATCHED,
CG6-0313|2026-01-18|L4|S44,CG6-0313,2026-01-18,4,44,44,results.zip/day3.xlsx,2.148043,24.753348,34.824042,684449.630043,2738866.413537,2026-01-18 08:14:26,1,348.300000,12.376329,335.923671,338.174166,-2.250495,236.034716,-44.007838,0.053358,-2.293608,72.854627,31.140398,0.070639,13.534215,9.766628,1.471341,11.346526,9.367139,8.377446,7.387752,6.398059,5.408365,4.715579,4.418671,3.428978,2.439284,1.449591,11.607141,9.653815,8.677152,7.700489,6.723827,5.747164,5.063500,4.770501,3.793838,2.817175,1.840512,19.140209,INTERPOLATED,1.011893,0.000000,MATCHED,
CG6-0313|2026-01-18|L4|S45,CG6-0313,2026-01-18,4,45,45,results.zip/day3.xlsx,4.385294,24.751462,34.823747,684422.634846,2738657.063789,2026-01-18 08:17:58,1,351.440000,12.377569,339.062431,342.805497,-3.743067,239.173476,-44.845335,0.053237,-2.423085,73.823388,31.401138,0.070548,13.701197,9.933610,1.376894,11.344051,9.338342,8.335487,7.332633,6.329779,5.326924,4.624926,4.324070,3.321216,2.318361,1.315507,11.533918,9.547196,8.553835,7.560474,6.567113,5.573752,4.878400,4.580391,3.587030,2.593669,1.600308,19.259937,INTERPOLATED,1.011893,0.000000,MATCHED,
CG6-0313|2026-01-18|L4|S46,CG6-0313,2026-01-18,4,46,46,results.zip/day3.xlsx,2.257918,24.749686,34.823641,684414.557617,2738460.226775,2026-01-18 08:21:32,1,354.624000,12.378013,342.245987,344.024724,-1.778737,242.357032,-45.694789,0.053675,-2.544960,74.805974,31.656145,0.070879,13.794582,10.026995,1.483966,11.332084,9.299678,8.283475,7.267272,6.251069,5.234866,4.523524,4.218663,3.202460,2.186257,1.170054,11.602155,9.596756,8.594057,7.591357,6.588658,5.585958,4.884069,4.583259,3.580559,2.577860,1.575160,19.358677,INTERPOLATED,1.011893,0.000000,MATCHED,STDDEV_GT_0.050
CG6-0313|2026-01-18|L4|S47,CG6-0313,2026-01-18,4,47,47,results.zip/day3.xlsx,7.367862,24.747987,34.823370,684389.661014,2738271.657974,2026-01-18 08:26:12,1,357.328000,12.378353,344.949647,346.525103,-1.575455,245.060692,-46.199512,0.053308,-2.661568,75.640442,32.102497,0.070601,13.992116,10.224529,1.259232,11.551707,9.496628,8.469089,7.441549,6.414010,5.386470,4.667193,4.358931,3.331391,2.303852,1.276312,11.653438,9.608533,8.586080,7.563627,6.541174,5.518721,4.803004,4.496268,3.473815,2.451362,1.428909,19.469757,INTERPOLATED,1.011893,0.000000,MATCHED,
CG6-0313|2026-01-18|L4|S48,CG6-0313,2026-01-18,4,48,48,results.zip/day3.xlsx,5.183430,24.746342,34.823371,684392.195028,2738089.459168,2026-01-18 08:29:15,1,360.059000,12.377805,347.681195,348.362167,-0.680972,247.792240,-46.589763,0.053277,-2.774450,76.483515,32.668202,0.070578,14.232227,10.464640,0.923940,11.888345,9.810359,8.771366,7.732373,6.693380,5.654387,4.927092,4.615395,3.576402,2.537409,1.498416,11.738921,9.645993,8.599529,7.553065,6.506601,5.460137,4.727612,4.413673,3.367208,2.320744,1.274280,19.554995,INTERPOLATED,1.011893,0.000000,MATCHED,
CG6-0313|2026-01-18|L4|S49,CG6-0313,2026-01-18,4,49,49,results.zip/day3.xlsx,1.081474,24.744627,34.822975,684354.620287,2737898.970706,2026-01-18 08:33:18,1,364.471000,12.378543,352.092457,352.538986,-0.446528,252.203502,-47.693027,0.053288,-2.892130,77.845018,33.044121,0.070586,14.471480,10.703893,0.778990,11.894335,9.779356,8.721867,7.664378,6.606889,5.549399,4.809157,4.491910,3.434421,2.376931,1.319442,11.636334,9.495555,8.425166,7.354777,6.284387,5.213998,4.464726,4.143609,3.073219,2.002830,0.932441,19.680557,INTERPOLATED,1.011893,0.000000,MATCHED,
CG6-0313|2026-01-18|L4|S50,CG6-0313,2026-01-18,4,50,50,results.zip/day3.xlsx,4.014706,24.743314,34.822257,684283.937158,2737752.636773,2026-01-18 08:38:04,1,369.121000,12.380461,356.740539,356.850649,-0.110110,256.851584,-48.783177,0.053494,-2.982184,79.279609,33.478616,0.070742,14.666878,10.899291,0.777646,11.939042,9.785085,8.708106,7.631128,6.554149,5.477170,4.723285,4.400191,3.323213,2.246234,1.169255,11.680035,9.500177,8.410248,7.320319,6.230390,5.140461,4.377510,4.050532,2.960602,1.870673,0.780744,19.814084,INTERPOLATED,1.011893,0.000000,MATCHED,
CG6-0313|2026-01-18|L5|S1,CG6-0313,2026-01-18,5,1,1,results.zip/day3.xlsx,5.285848,24.792789,34.822134,684198.411993,2743232.355592,2026-01-18 11:49:50,1,265.799000,12.377805,253.421195,253.431887,-0.010693,153.532240,-23.641666,0.022465,0.415000,47.390222,23.333555,0.051453,10.359515,6.591928,0.711384,10.458342,9.170820,8.527060,7.883299,7.239538,6.595778,6.145145,5.952017,5.308256,4.664496,4.020735,10.149700,8.831314,8.172121,7.512928,6.853736,6.194543,5.733108,5.535350,4.876157,4.216964,3.557772,17.844615,RETIED_COLOCATION(EXTRAPOLATED_1.5h),1.011893,0.000000,MATCHED,
CG6-0313|2026-01-18|L5|S2,CG6-0313,2026-01-18,5,2,2,results.zip/day3.xlsx,1.967331,24.791778,34.820247,684009.132064,2743117.883569,2026-01-18 11:58:02,1,267.704000,12.384983,255.319017,256.572308,-1.253290,155.430063,-24.280519,0.022453,0.345562,47.975996,23.349916,0.051448,10.390610,6.623024,0.840826,10.315551,9.012114,8.360396,7.708678,7.056959,6.405241,5.949038,5.753523,5.101805,4.450086,3.798368,10.103869,8.779264,8.116962,7.454659,6.792357,6.130054,5.666443,5.467752,4.805450,4.143147,3.480845,18.055689,RETIED_COLOCATION(EXTRAPOLATED_1.6h),1.011893,0.000000,MATCHED,
CG6-0313|2026-01-18|L5|S3,CG6-0313,2026-01-18,5,3,3,results.zip/day3.xlsx,3.486733,24.790753,34.818701,683854.332906,2743002.228636,2026-01-18 12:02:20,1,270.022000,12.390751,257.631249,259.595691,-1.964442,157.742294,-24.993960,0.022595,0.275105,48.689679,23.420615,0.051510,10.382711,6.615124,1.120779,10.192346,8.869519,8.208105,7.546692,6.885279,6.223865,5.760876,5.562452,4.901038,4.239625,3.578211,10.190366,8.867342,8.205829,7.544317,6.882804,6.221292,5.758233,5.559779,4.898267,4.236755,3.575242,18.233924,RETIED_COLOCATION(EXTRAPOLATED_1.7h),1.011893,0.000000,MATCHED,
CG6-0313|2026-01-18|L5|S4,CG6-0313,2026-01-18,5,4,4,results.zip/day3.xlsx,2.679002,24.789184,34.817787,683764.203446,2742827.183569,2026-01-18 12:05:26,1,272.830000,12.394224,260.435776,260.277288,0.158488,160.546821,-25.981749,0.022578,0.167280,49.555311,23.406282,0.051503,10.571433,6.803846,0.930867,9.942825,8.596480,7.923307,7.250134,6.576961,5.903788,5.432567,5.230616,4.557443,3.884270,3.211097,9.798590,8.437821,7.757437,7.077052,6.396668,5.716283,5.240014,5.035898,4.355514,3.675129,2.994745,18.365009,RETIED_COLOCATION(EXTRAPOLATED_1.8h),1.011893,0.000000,MATCHED,
CG6-0313|2026-01-18|L5|S5,CG6-0313,2026-01-18,5,5,5,results.zip/day3.xlsx,6.120470,24.787589,34.817098,683696.925972,2742649.610616,2026-01-18 12:09:07,1,275.010000,12.396859,262.613141,262.832174,-0.219033,162.724186,-26.671244,0.022418,0.057704,50.227366,23.498418,0.051433,10.649008,6.881421,0.967503,9.852368,8.487763,7.805461,7.123158,6.440856,5.758553,5.280941,5.076251,4.393948,3.711646,3.029343,9.735576,8.359291,7.671149,6.983007,6.294865,5.606723,5.125023,4.918581,4.230439,3.542296,2.854154,18.475916,RETIED_COLOCATION(EXTRAPOLATED_1.8h),1.011893,0.000000,MATCHED,
CG6-0313|2026-01-18|L5|S6,CG6-0313,2026-01-18,5,6,6,results.zip/day3.xlsx,2.088912,24.786292,34.815824,683570.046802,2742504.265475,2026-01-18 12:12:11,1,278.369000,12.401569,265.967431,266.011522,-0.044091,166.078476,-27.275344,0.022429,-0.031390,51.262682,24.018728,0.051438,10.795159,7.027572,0.952805,10.091387,8.698653,8.002286,7.305919,6.609552,5.913185,5.425728,5.216818,4.520450,3.824083,3.127716,9.963585,8.558070,7.855313,7.152556,6.449799,5.747042,5.255112,5.044284,4.341527,3.638770,2.936013,18.636723,RETIED_COLOCATION(EXTRAPOLATED_1.9h),1.011893,0.000000,MATCHED,
CG6-0313|2026-01-18|L5|S7,CG6-0313,2026-01-18,5,7,7,results.zip/day3.xlsx,8.252140,24.786834,34.813899,683374.584415,2742561.733916,2026-01-18 12:15:19,1,280.942000,12.408499,268.533501,268.539817,-0.006316,168.644546,-27.809837,0.022611,0.005861,52.054707,24.239009,0.051517,10.845760,7.078173,1.104978,10.096478,8.682224,7.975098,7.267971,6.560845,5.853718,5.358729,5.146591,4.439465,3.732338,3.025212,10.082663,8.667028,7.959211,7.251393,6.543576,5.835759,5.340287,5.127941,4.420124,3.712307,3.004489,18.809612,RETIED_COLOCATION(EXTRAPOLATED_1.9h),1.011893,0.000000,MATCHED_ID_TIEBREAK,
CG6-0313|2026-01-18|L5|S8,CG6-0313,2026-01-18,5,8,8,results.zip/day3.xlsx,3.203991,24.787533,34.811910,683172.461237,2742636.458510,2026-01-18 12:18:50,1,283.848000,12.415669,271.432331,270.830150,0.602181,171.543376,-28.520812,0.022780,0.053867,52.949438,24.374759,0.051591,10.962276,7.194689,1.118415,9.989131,8.550568,7.831287,7.112006,6.392724,5.673443,5.169946,4.954162,4.234880,3.515599,2.796317,9.985381,8.546444,7.826975,7.107506,6.388037,5.668568,5.164940,4.949099,4.229630,3.510162,2.790693,18.985099,RETIED_COLOCATION(EXTRAPOLATED_2.0h),1.011893,0.000000,MATCHED,
CG6-0313|2026-01-18|L5|S9,CG6-0313,2026-01-18,5,9,9,results.zip/day3.xlsx,2.673822,24.787797,34.810107,682989.728680,2742663.249094,2026-01-18 12:22:11,1,286.635000,12.422200,274.212800,274.415174,-0.202374,174.323845,-29.431132,0.022379,0.071985,53.807636,24.304519,0.051416,11.048921,7.281334,1.198354,9.685722,8.223842,7.492902,6.761962,6.031022,5.300083,4.788425,4.569143,3.838203,3.107263,2.376323,9.741851,8.285584,7.557451,6.829318,6.101184,5.373051,4.863357,4.644917,3.916784,3.188650,2.460517,19.154729,RETIED_COLOCATION(EXTRAPOLATED_2.1h),1.011893,0.000000,MATCHED_ID_TIEBREAK,
CG6-0313|2026-01-18|L5|S10,CG6-0313,2026-01-18,5,10,10,results.zip/day3.xlsx,2.773896,24.786186,34.809233,682903.690351,2742483.637345,2026-01-18 12:27:20,1,288.847000,12.425402,276.421598,276.662372,-0.240774,176.532643,-29.839769,0.022429,-0.038700,54.489389,24.688320,0.051438,11.259682,7.492095,0.882905,9.884292,8.403890,7.663688,6.923487,6.183286,5.443084,4.924943,4.702883,3.962681,3.222480,2.482279,9.704130,8.205711,7.456502,6.707292,5.958083,5.208873,4.684427,4.459664,3.710455,2.961245,2.212036,19.283918,RETIED_COLOCATION(EXTRAPOLATED_2.1h),1.011893,0.000000,MATCHED,
CG6-0313|2026-01-18|L5|S11,CG6-0313,2026-01-18,5,11,11,results.zip/day3.xlsx,11.259840,24.784499,34.809528,682935.978523,2742297.196680,2026-01-18 12:30:41,1,291.735000,12.424373,279.310627,278.876328,0.434298,179.421672,-30.679561,0.022398,-0.154586,55.381095,24.856121,0.051424,11.399970,7.632383,0.831771,9.809820,8.305189,7.552874,6.800559,6.048244,5.295929,4.769309,4.543614,3.791299,3.038984,2.286669,9.591355,8.064879,7.301640,6.538402,5.775164,5.011925,4.477659,4.248687,3.485449,2.722210,1.958972,19.302333,RETIED_COLOCATION(EXTRAPOLATED_2.2h),1.011893,0.000000,MATCHED,
CG6-0313|2026-01-18|L5|S12,CG6-0313,2026-01-18,5,12,12,results.zip/day3.xlsx,8.772909,24.782856,34.810241,683010.539919,2742116.199337,2026-01-18 12:35:09,1,293.644000,12.421848,281.222152,281.369270,-0.147119,181.333197,-31.071189,0.022388,-0.267439,55.971093,25.167342,0.051420,11.441702,7.674115,0.934348,9.960740,8.440080,7.679750,6.919420,6.159090,5.398760,4.866529,4.638430,3.878100,3.117769,2.357439,9.819113,8.284290,7.516878,6.749467,5.982055,5.214644,4.677456,4.447232,3.679821,2.912409,2.144998,19.280544,RETIED_COLOCATION(EXTRAPOLATED_2.3h),1.011893,0.000000,MATCHED,
CG6-0313|2026-01-18|L5|S13,CG6-0313,2026-01-18,5,13,13,results.zip/day3.xlsx,10.932389,24.781015,34.810274,683016.523559,2741912.328848,2026-01-18 12:39:10,2,296.662000,12.421783,284.240217,283.989883,0.250334,184.351262,-32.137433,0.022354,-0.393905,56.902625,25.159097,0.051405,11.582062,7.814475,0.897468,9.699401,8.153431,7.380446,6.607461,5.834476,5.061492,4.520402,4.288507,3.515522,2.742537,1.969552,9.530147,7.967252,7.185805,6.404357,5.622910,4.841462,4.294449,4.060015,3.278567,2.497120,1.715672,19.332913,RETIED_COLOCATION(EXTRAPOLATED_2.3h),1.011893,0.000000,MATCHED,
CG6-0313|2026-01-18|L5|S14,CG6-0313,2026-01-18,5,14,14,results.zip/day3.xlsx,8.118635,24.779160,34.809323,682923.105859,2741705.615987,2026-01-18 12:42:57,1,299.164000,12.425218,286.738782,287.101102,-0.362320,186.849827,-32.472671,0.022370,-0.521311,57.673812,25.722452,0.051412,11.681478,7.913891,0.911749,10.053225,8.486303,7.702841,6.919380,6.135919,5.352457,4.804034,4.568996,3.785535,3.002073,2.218612,9.894669,8.311891,7.520502,6.729113,5.937724,5.146334,4.592362,4.354945,3.563556,2.772167,1.980778,19.482883,RETIED_COLOCATION(EXTRAPOLATED_2.4h),1.011893,0.000000,MATCHED,
CG6-0313|2026-01-18|L5|S15,CG6-0313,2026-01-18,5,15,15,results.zip/day3.xlsx,8.402593,24.777868,34.808372,682828.862216,2741561.180775,2026-01-18 12:47:01,1,301.620000,12.428618,289.191382,288.902601,0.288780,189.302427,-33.168939,0.022429,-0.610091,58.430809,25.871962,0.051438,11.765388,7.997801,0.962286,9.997060,8.409570,7.615825,6.822080,6.028335,5.234590,4.678968,4.440844,3.647099,2.853354,2.059609,9.876360,8.276800,7.477020,6.677240,5.877459,5.077679,4.517833,4.277899,3.478119,2.678339,1.878559,19.616120,RETIED_COLOCATION(EXTRAPOLATED_2.5h),1.011893,0.000000,MATCHED,
CG6-0313|2026-01-18|L5|S16,CG6-0313,2026-01-18,5,16,16,results.zip/day3.xlsx,9.062410,24.776772,34.806901,682681.688506,2741437.901671,2026-01-18 12:50:45,1,303.704000,12.433841,291.270159,291.686616,-0.416457,191.381204,-33.982873,0.022628,-0.685318,59.072426,25.774870,0.051525,11.871473,8.103886,0.911763,9.725642,8.120720,7.318258,6.515797,5.713335,4.910874,4.349151,4.108413,3.305951,2.503490,1.701029,9.567097,7.946320,7.135931,6.325543,5.515154,4.704765,4.137493,3.894377,3.083988,2.273599,1.463211,19.793738,RETIED_COLOCATION(EXTRAPOLATED_2.5h),1.011893,0.000000,MATCHED,
CG6-0313|2026-01-18|L5|S17,CG6-0313,2026-01-18,5,17,17,results.zip/day3.xlsx,10.319500,24.775429,34.805422,682534.139610,2741287.126445,2026-01-18 12:53:54,1,305.945000,12.439062,293.505938,293.546172,-0.040234,193.616983,-34.854373,0.022418,-0.777587,59.762501,25.685714,0.051433,11.968371,8.200784,0.903348,9.448994,7.825322,7.013486,6.201650,5.389814,4.577978,4.009693,3.766142,2.954306,2.142470,1.330634,9.284145,7.643989,6.823910,6.003832,5.183753,4.363675,3.789620,3.543596,2.723518,1.903439,1.083361,19.980541,RETIED_COLOCATION(EXTRAPOLATED_2.6h),1.011893,0.000000,MATCHED,
CG6-0313|2026-01-18|L5|S18,CG6-0313,2026-01-18,5,18,18,results.zip/day3.xlsx,9.565671,24.773953,34.804545,682447.573826,2741122.477484,2026-01-18 12:57:09,1,307.837000,12.442134,295.394866,297.156059,-1.761193,195.505911,-35.518519,0.023393,-0.878953,60.345520,25.705953,0.051865,12.047847,8.280260,0.902620,9.310827,7.671315,6.851559,6.031802,5.212046,4.392290,3.818460,3.572533,2.752777,1.933021,1.113265,9.145433,7.489381,6.661355,5.833329,5.005303,4.177277,3.597659,3.349251,2.521225,1.693199,0.865173,20.114469,RETIED_COLOCATION(EXTRAPOLATED_2.6h),1.011893,0.000000,MATCHED,STDDEV_GT_0.050
CG6-0313|2026-01-18|L5|S20,CG6-0313,2026-01-18,5,20,20,results.zip/day3.xlsx,9.955576,24.771307,34.802252,682219.496470,2740826.295070,2026-01-18 13:06:54,1,313.342000,12.450111,300.891889,301.035039,-0.143149,201.002935,-37.530478,0.022398,-1.060696,62.042174,25.572393,0.051424,12.325357,8.557770,0.777076,8.716286,7.030676,6.187871,5.345065,4.502260,3.659455,3.069491,2.816649,1.973844,1.131039,0.288233,8.456852,6.745298,5.889521,5.033744,4.177967,3.322190,2.723146,2.466413,1.610636,0.754859,-0.100918,20.425723,RETIED_COLOCATION(EXTRAPOLATED_2.8h),1.011893,0.000000,MATCHED,
CG6-0313|2026-01-18|L5|S21,CG6-0313,2026-01-18,5,21,21,results.zip/day3.xlsx,10.147456,24.769436,34.801900,682186.653403,2740618.649276,2026-01-18 13:14:17,1,316.114000,12.451270,303.662730,303.610259,0.052471,203.773775,-38.397617,0.022465,-1.189143,62.897393,25.688918,0.051453,12.449989,8.682402,0.754515,8.600450,6.891603,6.037179,5.182756,4.328332,3.473909,2.875813,2.619486,1.765062,0.910639,0.056215,8.324115,6.587635,5.719395,4.851155,3.982915,3.114674,2.506906,2.246434,1.378194,0.509954,-0.358286,20.525642,RETIED_COLOCATION(EXTRAPOLATED_2.9h),1.011893,0.000000,MATCHED,
CG6-0313|2026-01-18|L5|S22,CG6-0313,2026-01-18,5,22,22,results.zip/day3.xlsx,13.020738,24.767618,34.801685,682167.606439,2740416.967288,2026-01-18 13:17:35,1,318.709000,12.451945,306.257055,306.170590,0.086465,206.368100,-39.036320,0.022547,-1.313998,63.698129,25.975808,0.051489,12.555905,8.788318,0.762161,8.669779,6.939176,6.073874,5.208573,4.343272,3.477970,2.872259,2.612669,1.747367,0.882066,0.016764,8.399172,6.641509,5.762677,4.883845,4.005013,3.126182,2.510999,2.247350,1.368518,0.489686,-0.389145,20.612244,RETIED_COLOCATION(EXTRAPOLATED_3.0h),1.011893,0.000000,MATCHED,
CG6-0313|2026-01-19|L6|S1,CG6-0313,2026-01-19,6,1,2026-01-04,results.zip/day4.xlsx,3.831223,24.798168,34.836150,685607.607102,2743847.166868,2026-01-19 10:00:15,1,248.205000,12.322732,235.882268,237.655550,-1.773282,135.993313,-19.476063,0.053891,0.784678,41.976711,21.715970,0.071042,9.543685,5.776098,0.926113,10.311571,9.171131,8.600911,8.030691,7.460471,6.890251,6.491097,6.320031,5.749811,5.179591,4.609371,10.163775,9.008556,8.430946,7.853336,7.275726,6.698116,6.293790,6.120507,5.542897,4.965287,4.387677,16.333041,INTERPOLATED,1.011893,0.000000,MATCHED,
CG6-0313|2026-01-19|L6|S2,CG6-0313,2026-01-19,6,2,2026-02-04,results.zip/day4.xlsx,6.897258,24.798864,34.834353,685424.914823,2743921.797861,2026-01-19 10:12:40,1,252.240000,12.330155,239.909845,241.447213,-1.537367,140.020890,-20.365946,0.053897,0.832501,43.219852,22.021405,0.071047,9.612772,5.845185,1.192551,10.279253,9.105038,8.517930,7.930823,7.343715,6.756607,6.345632,6.169500,5.582392,4.995285,4.408177,10.331035,9.161998,8.577480,7.992961,7.408443,6.823925,6.414762,6.239406,5.654888,5.070369,4.485851,16.494533,INTERPOLATED,1.011893,0.000000,MATCHED,
CG6-0313|2026-01-19|L7|S1,CG6-0313,2026-01-19,7,1,L7-1,results.zip/day4.xlsx,7.723902,24.812866,34.846865,686668.986277,2745489.732503,2026-01-19 10:44:37,1,224.110000,12.269602,211.840398,214.485021,-2.644623,111.951443,-14.780968,0.053625,1.795024,34.555943,17.979950,0.070841,8.452094,4.684507,1.149099,8.591702,7.652877,7.183465,6.714053,6.244640,5.775228,5.446639,5.305815,4.836403,4.366991,3.897578,8.610937,7.674036,7.205585,6.737134,6.268684,5.800233,5.472317,5.331782,4.863332,4.394881,3.926430,14.994707,INTERPOLATED,1.011893,0.000000,MATCHED,
CG6-0313|2026-01-19|L7|S2,CG6-0313,2026-01-19,7,2,L7-2,results.zip/day4.xlsx,4.732070,24.813843,34.845953,686575.279765,2745596.707720,2026-01-19 10:48:55,1,229.005000,12.273158,216.731842,219.922774,-3.190932,116.842887,-15.906430,0.053620,1.862206,36.065738,18.297102,0.070837,8.592541,4.824954,1.321717,8.498658,7.518813,7.028891,6.538969,6.049047,5.559124,5.216179,5.069202,4.579280,4.089358,3.599435,8.647194,7.682203,7.199708,6.717212,6.234717,5.752222,5.414475,5.269726,4.787231,4.304735,3.822240,15.073615,INTERPOLATED,1.011893,0.000000,MATCHED,
CG6-0313|2026-01-19|L7|S3,CG6-0313,2026-01-19,7,3,L7-3,results.zip/day4.kml,6.941141,24.814163,34.844055,686382.951408,2745629.593010,2026-01-19 10:52:41,1,233.071555,12.281415,220.790140,223.256468,-2.466328,120.901185,-16.853484,0.053590,1.884230,37.318373,18.580659,0.070814,8.580598,4.813011,1.807944,8.441885,7.428008,6.921069,6.414130,5.907192,5.400253,5.045396,4.893314,4.386376,3.879437,3.372498,8.954637,7.992034,7.510733,7.029432,6.548131,6.066830,5.729919,5.585529,5.104228,4.622927,4.141626,15.260131,INTERPOLATED,1.011893,0.000000,MATCHED,
CG6-0313|2026-01-19|L7|S4,CG6-0313,2026-01-19,7,4,L7-4,results.zip/day4.xlsx,8.445527,24.815455,34.844120,686387.569706,2745772.827197,2026-01-19 10:56:42,1,238.588000,12.280520,226.307480,227.546217,-1.238737,126.418525,-17.195722,0.053580,1.973094,39.021350,19.852534,0.070807,9.042040,5.274453,1.193578,9.251076,8.190930,7.660858,7.130785,6.600712,6.070639,5.699588,5.540566,5.010493,4.480420,3.950347,9.303628,8.248738,7.721292,7.193847,6.666402,6.138957,5.769745,5.611511,5.084066,4.556621,4.029176,15.238723,INTERPOLATED,1.011893,0.000000,MATCHED,
CG6-0313|2026-01-19|L7|S5,CG6-0313,2026-01-19,7,5,L7-5,results.zip/day4.xlsx,7.342260,24.816790,34.842609,686232.878025,2745918.540598,2026-01-19 11:00:14,1,244.298000,12.286628,232.011372,233.331707,-1.320335,132.122417,-17.993267,0.053855,2.064836,40.781903,20.723800,0.071015,9.303398,5.535811,1.134320,9.644014,8.536035,7.982046,7.428056,6.874067,6.320078,5.932285,5.766089,5.212099,4.658110,4.104121,9.652178,8.545016,7.991435,7.437854,6.884273,6.330692,5.943185,5.777110,5.223529,4.669948,4.116367,15.376646,INTERPOLATED,1.011893,0.000000,MATCHED,
CG6-0313|2026-01-19|L7|S6,CG6-0313,2026-01-19,7,6,L7-6,results.zip/day4.xlsx,2.611849,24.816847,34.840474,686016.889417,2745922.041138,2026-01-19 11:03:40,1,247.974000,12.296126,235.677874,238.827973,-3.150099,135.788919,-19.082897,0.053532,2.068819,41.913598,20.761883,0.070770,9.245833,5.478246,1.698496,9.374624,8.235898,7.666535,7.097172,6.527809,5.958446,5.559892,5.389083,4.819720,4.250357,3.680994,9.805391,8.709742,8.161918,7.614093,7.066269,6.518444,6.134967,5.970619,5.422795,4.874970,4.327146,15.590884,INTERPOLATED,1.011893,0.000000,MATCHED,
CG6-0313|2026-01-19|L7|S7,CG6-0313,2026-01-19,7,7,L7-7,results.zip/day4.kml,8.120457,24.818352,34.840346,686001.715830,2746088.521655,2026-01-19 11:07:17,1,252.494158,12.296044,240.198114,241.483471,-1.285358,140.309159,-18.881237,0.053592,2.172286,43.308801,22.255278,0.070816,9.729950,5.962363,0.911957,10.488951,9.312319,8.724003,8.135686,7.547370,6.959054,6.547232,6.370737,5.782421,5.194105,4.605788,10.330552,9.138079,8.541843,7.945606,7.349370,6.753134,6.335768,6.156898,5.560661,4.964425,4.368189,15.590115,INTERPOLATED,1.011893,0.000000,MATCHED,
CG6-0313|2026-01-19|L7|S8,CG6-0313,2026-01-19,7,8,L7-8,results.zip/day4.xlsx,9.533144,24.819255,34.839656,685930.611167,2746187.545019,2026-01-19 11:11:07,1,256.909000,12.298747,244.610253,245.460936,-0.850683,144.721298,-19.477341,0.053596,2.234350,44.670636,22.958944,0.070819,9.945255,6.177668,0.831046,10.822616,9.608983,9.002167,8.395350,7.788534,7.181718,6.756946,6.574901,5.968085,5.361268,4.754452,10.603609,9.368075,8.750308,8.132541,7.514775,6.897008,6.464571,6.279241,5.661474,5.043708,4.425941,15.652297,INTERPOLATED,1.011893,0.000000,MATCHED,
CG6-0313|2026-01-19|L7|S9,CG6-0313,2026-01-19,7,9,L7-9,results.zip/day4.xlsx,5.627312,24.820653,34.838348,685796.293580,2746340.699822,2026-01-19 11:14:39,1,261.808000,12.304032,249.503968,250.102127,-0.598159,149.615013,-20.306519,0.053557,2.330549,46.181108,23.544039,0.070790,10.108082,6.340495,0.944164,10.997324,9.742653,9.115317,8.487981,7.860646,7.233310,6.794175,6.605974,5.978638,5.351303,4.723967,10.863050,9.594951,8.960901,8.326852,7.692802,7.058753,6.614918,6.424703,5.790654,5.156604,4.522555,15.774103,INTERPOLATED,1.011893,0.000000,MATCHED,
CG6-0313|2026-01-19|L7|S10,CG6-0313,2026-01-19,7,10,L7-10,results.zip/day4.kml,4.835882,24.821754,34.836719,685630.057297,2746460.436215,2026-01-19 11:18:15,1,265.752297,12.310916,253.441381,254.201957,-0.760576,153.552426,-20.916693,0.053577,2.406271,47.396410,24.073445,0.070804,10.279424,6.511837,0.927487,11.196539,9.908848,9.265003,8.621158,7.977312,7.333467,6.882775,6.689622,6.045776,5.401931,4.758086,11.049772,9.747405,9.096221,8.445038,7.793854,7.142670,6.686842,6.491487,5.840303,5.189119,4.537936,15.931530,INTERPOLATED,1.011893,0.000000,MATCHED,
CG6-0313|2026-01-19|L7|S11,CG6-0313,2026-01-19,7,11,L7-11,results.zip/day4.xlsx,2.857789,24.822824,34.834964,685450.973694,2746576.489396,2026-01-19 11:21:59,1,269.874000,12.318424,257.555576,258.712487,-1.156910,157.666621,-21.563581,0.053642,2.479816,48.666274,24.622878,0.070854,10.477560,6.709973,0.859059,11.400955,10.078762,9.417666,8.756570,8.095474,7.434378,6.971610,6.773282,6.112185,5.451089,4.789993,11.202931,9.860936,9.189939,8.518941,7.847944,7.176947,6.707249,6.505949,5.834952,5.163955,4.492957,16.103049,INTERPOLATED,1.011893,0.000000,MATCHED,
CG6-0313|2026-01-19|L7|S12,CG6-0313,2026-01-19,7,12,L7-12,results.zip/day4.kml,22.839852,24.824032,34.833353,685286.334571,2746708.094164,2026-01-19 11:26:58,1,274.723364,12.325262,262.398103,265.255682,-2.857580,162.509148,-22.366196,0.053450,2.562896,50.160938,25.231846,0.070708,10.681247,6.913660,0.857352,11.603829,10.241027,9.559626,8.878226,8.196825,7.515424,7.038443,6.834023,6.152622,5.471221,4.789820,11.404527,10.021795,9.330429,8.639063,7.947697,7.256331,6.772374,6.564965,5.873599,5.182233,4.490867,16.260405,INTERPOLATED,1.011893,0.000000,MATCHED,
CG6-0313|2026-01-19|L7|S13,CG6-0313,2026-01-19,7,13,L7-13,results.zip/day4.xlsx,3.000432,24.823996,34.831416,685090.605238,2746701.541950,2026-01-19 11:30:59,1,279.677000,12.332889,267.344111,267.274357,0.069754,167.455156,-23.198362,0.053572,2.560460,51.687540,25.928717,0.070800,10.915191,7.147604,0.786441,11.885928,10.481649,9.779510,9.077370,8.375231,7.673091,7.181594,6.970952,6.268812,5.566673,4.864533,11.633509,10.203988,9.489228,8.774467,8.059707,7.344946,6.844614,6.630186,5.915425,5.200665,4.485904,16.455976,INTERPOLATED,1.011893,0.000000,MATCHED,
CG6-0313|2026-01-19|L7|S14,CG6-0313,2026-01-19,7,14,L7-14,results.zip/day4.xlsx,4.245353,24.825515,34.830687,685014.662936,2746868.818654,2026-01-19 11:34:50,1,283.361000,12.335230,271.025770,272.813359,-1.787589,171.136815,-23.841449,0.053445,2.664950,52.823892,26.317493,0.070705,11.003822,7.236235,0.961971,11.965960,10.530807,9.813230,9.095653,8.378077,7.660500,7.158196,6.942923,6.225347,5.507770,4.790193,11.845023,10.397776,9.674153,8.950529,8.226906,7.503282,6.996746,6.779659,6.056035,5.332412,4.608788,16.524676,INTERPOLATED,1.011893,0.000000,MATCHED,
CG6-0313|2026-01-19|L7|S15,CG6-0313,2026-01-19,7,15,L7-15,results.zip/day4.xlsx,4.641040,24.826390,34.828954,684838.124323,2746963.377853,2026-01-19 11:39:31,1,288.658000,12.341770,276.316230,276.098670,0.217561,176.427275,-24.376927,0.053473,2.725131,54.456802,27.354744,0.070725,11.235527,7.467940,0.935601,12.559553,11.080033,10.340274,9.600514,8.860755,8.120995,7.603163,7.381236,6.641476,5.901716,5.161957,12.418863,10.925275,10.178481,9.431687,8.684893,7.938099,7.415343,7.191305,6.444511,5.697717,4.950923,16.697669,INTERPOLATED,1.011893,0.000000,MATCHED,
CG6-0313|2026-01-19|L7|S16,CG6-0313,2026-01-19,7,16,L7-16,results.zip/day4.xlsx,8.006736,24.826790,34.827471,684687.708948,2747005.687038,2026-01-19 11:48:06,1,292.699000,12.347491,280.351509,283.731346,-3.379837,180.462554,-25.210031,0.053445,2.752653,55.702296,27.739613,0.070705,11.399120,7.631533,0.950569,12.606023,11.092664,10.335984,9.579305,8.822625,8.065946,7.536270,7.309266,6.552587,5.795907,5.039228,12.476546,10.950239,10.187086,9.423933,8.660779,7.897626,7.363419,7.134473,6.371319,5.608166,4.845013,16.846578,INTERPOLATED,1.011893,0.000000,MATCHED,
CG6-0313|2026-01-19|L8|S1,CG6-0313,2026-01-19,8,1,L8-1,results.zip/day4.xlsx,6.004746,24.821561,34.829289,684879.158446,2746428.918498,2026-01-19 12:08:04,1,286.392000,12.342047,274.049953,280.381580,-6.331626,174.160999,-24.814107,0.053377,2.392968,53.757319,26.550244,0.070653,11.106012,7.338426,1.027689,11.945103,10.484589,9.754332,9.024075,8.293818,7.563561,7.052381,6.833304,6.103047,5.372789,4.642532,11.873393,10.405708,9.671866,8.938023,8.204181,7.470338,6.956648,6.736496,6.002653,5.268810,4.534968,16.681946,INTERPOLATED,1.011893,0.000000,MATCHED,
CG6-0313|2026-01-19|L8|S2,CG6-0313,2026-01-19,8,2,L8-2,results.zip/day4.xlsx,4.911089,24.822634,34.829705,684919.649688,2746548.376490,2026-01-19 12:17:31,1,283.552000,12.340062,271.211938,273.425340,-2.213402,171.322983,-24.276306,0.053348,2.466793,52.881357,26.138259,0.070632,11.022699,7.255112,0.932410,11.771114,10.334399,9.616042,8.897685,8.179327,7.460970,6.958120,6.742613,6.024256,5.305898,4.587541,11.628034,10.177012,9.451501,8.725989,8.000478,7.274967,6.767109,6.549456,5.823944,5.098433,4.372922,16.634435,INTERPOLATED,1.011893,0.000000,MATCHED,
CG6-0313|2026-01-19|L8|S3,CG6-0313,2026-01-19,8,3,L8-3,results.zip/day4.xlsx,9.382380,24.822693,34.831839,685135.293825,2746557.744516,2026-01-19 12:24:29,1,277.676000,12.331688,265.344312,267.831400,-2.487088,165.455357,-23.156426,0.053400,2.470812,51.070298,25.443060,0.070671,10.797571,7.029984,0.876603,11.567974,10.180465,9.486711,8.792956,8.099202,7.405448,6.919820,6.711693,6.017939,5.324185,4.630431,11.383091,9.977094,9.274096,8.571097,7.868099,7.165100,6.673001,6.462102,5.759103,5.056105,4.353107,16.418881,INTERPOLATED,1.011893,0.000000,MATCHED,
CG6-0313|2026-01-19|L8|S4,CG6-0313,2026-01-19,8,4,L8-4,results.zip/day4.xlsx,14.084105,24.823168,34.833627,685315.368727,2746612.803860,2026-01-19 12:30:10,1,273.282000,12.324335,260.957665,261.379124,-0.421459,161.068710,-22.141374,0.053473,2.503493,49.716342,25.071476,0.070726,10.643175,6.875588,0.797743,11.564254,10.213532,9.538171,8.862809,8.187448,7.512087,7.039334,6.836726,6.161365,5.486004,4.810643,11.320300,9.945182,9.257624,8.570065,7.882506,7.194947,6.713656,6.507388,5.819830,5.132271,4.444712,16.236276,INTERPOLATED,1.011893,0.000000,MATCHED,
CG6-0313|2026-01-20|L9|S1,CG6-0313,2026-01-20,9,1,L9-1,results.zip/day5.xlsx,2.200482,24.809410,34.845223,686508.130755,2745104.766281,2026-01-20 06:59:59,1,228.739000,12.278524,216.460476,216.479542,-0.019065,116.571521,-15.575876,0.076545,1.557460,35.981984,18.848648,0.089453,8.678503,4.910916,1.061818,9.072961,8.095392,7.606608,7.117823,6.629039,6.140254,5.798105,5.651470,5.162686,4.673901,4.185117,9.026816,8.044633,7.553542,7.062450,6.571358,6.080267,5.736503,5.589175,5.098084,4.606992,4.115900,15.209676,INTERPOLATED_HOTEL_CONTROL,1.011893,0.000000,MATCHED,
CG6-0313|2026-01-20|L9|S2,CG6-0313,2026-01-20,9,2,L9-2,results.zip/day5.xlsx,1.621188,24.809477,34.843598,686343.728525,2745109.936262,2026-01-20 07:16:50,1,234.868000,12.285622,222.582378,223.051070,-0.468692,122.693423,-16.557287,0.074281,1.562047,37.871570,19.752237,0.087524,8.973056,5.205469,0.960727,9.463167,8.434259,7.919806,7.405352,6.890899,6.376445,6.016328,5.861992,5.347538,4.833085,4.318631,9.341298,8.300204,7.779657,7.259110,6.738563,6.218016,5.853633,5.697469,5.176922,4.656375,4.135829,15.371034,INTERPOLATED_HOTEL_CONTROL,1.011893,0.000000,MATCHED,
CG6-0313|2026-01-20|L9|S3,CG6-0313,2026-01-20,9,3,L9-3,results.zip/day5.xlsx,1.592358,24.807761,34.843141,686300.153289,2744919.209467,2026-01-20 07:20:53,1,239.996000,12.288415,227.707585,229.756047,-2.048461,127.818630,-17.533658,0.073679,1.444053,39.453515,20.475804,0.087013,9.198381,5.430794,0.932894,9.756933,8.685046,8.149103,7.613159,7.077216,6.541272,6.166112,6.005329,5.469385,4.933442,4.397498,9.614217,8.528058,7.984978,7.441899,6.898820,6.355740,5.975585,5.812661,5.269582,4.726502,4.183423,15.444721,INTERPOLATED_HOTEL_CONTROL,1.011893,0.000000,MATCHED,
CG6-0313|2026-01-20|L9|S4,CG6-0313,2026-01-20,9,4,L9-4,results.zip/day5.xlsx,2.078195,24.808314,34.841383,686121.617864,2744978.059147,2026-01-20 07:24:27,1,244.804000,12.295852,232.508148,234.334489,-1.826341,132.619193,-18.365945,0.073188,1.482068,40.935249,21.087236,0.086598,9.403827,5.636240,0.921789,9.965790,8.853645,8.297573,7.741501,7.185429,6.629356,6.240106,6.073284,5.517212,4.961140,4.405067,9.814755,8.687507,8.123883,7.560259,6.996635,6.433011,6.038474,5.869387,5.305763,4.742139,4.178515,15.610937,INTERPOLATED_HOTEL_CONTROL,1.011893,0.000000,MATCHED,
CG6-0313|2026-01-20|L9|S5,CG6-0313,2026-01-20,9,5,L9-5,results.zip/day5.xlsx,3.906313,24.808799,34.839677,685948.393673,2745029.425963,2026-01-20 07:28:30,1,249.985000,12.303111,237.681889,239.878043,-2.196155,137.792934,-19.241477,0.072747,1.515394,42.532163,21.775292,0.086226,9.609965,5.842378,0.950618,10.219976,9.064445,8.486679,7.908913,7.331148,6.753382,6.348946,6.175616,5.597850,5.020085,4.442319,10.090536,8.922061,8.337823,7.753585,7.169347,6.585110,6.176143,6.000872,5.416634,4.832396,4.248158,15.773569,INTERPOLATED_HOTEL_CONTROL,1.011893,0.000000,MATCHED,
CG6-0313|2026-01-20|L9|S6,CG6-0313,2026-01-20,9,6,L9-6,results.zip/day5.xlsx,3.113108,24.809237,34.838290,685807.505411,2745076.121347,2026-01-20 07:32:27,1,255.082000,12.309007,242.772993,246.168509,-3.395516,142.884039,-20.054842,0.072124,1.545550,44.103568,22.503176,0.085701,9.835533,6.067946,0.918317,10.520921,9.322695,8.723582,8.124470,7.525357,6.926244,6.506865,6.327131,5.728018,5.128906,4.529793,10.367285,9.153696,8.546901,7.940107,7.333312,6.726517,6.301761,6.119723,5.512928,4.906134,4.299339,15.905379,INTERPOLATED_HOTEL_CONTROL,1.011893,0.000000,MATCHED,
CG6-0313|2026-01-20|L9|S7,CG6-0313,2026-01-20,9,7,L9-7,results.zip/day5.xlsx,2.372282,24.810029,34.837442,685720.623258,2745162.694757,2026-01-20 07:44:59,1,258.934000,12.312403,246.621597,249.629297,-3.007700,146.732642,-20.731139,0.070537,1.600002,45.291463,22.960322,0.084370,10.003729,6.236142,0.900095,10.655322,9.424822,8.809572,8.194322,7.579072,6.963822,6.533147,6.348572,5.733322,5.118072,4.502822,10.488037,9.240808,8.617194,7.993580,7.369966,6.746351,6.309821,6.122737,5.499123,4.875509,4.251894,15.978267,INTERPOLATED_HOTEL_CONTROL,1.011893,0.000000,MATCHED,
CG6-0313|2026-01-20|L9|S8,CG6-0313,2026-01-20,9,8,L9-8,results.zip/day5.xlsx,5.088297,24.810612,34.836511,685625.551189,2745225.933723,2026-01-20 07:51:01,1,261.490000,12.316266,249.173734,252.179138,-3.005404,149.284779,-21.250233,0.069739,1.640042,46.079194,23.188919,0.083704,10.103700,6.336113,0.918892,10.669897,9.417995,8.792044,8.166093,7.540142,6.914191,6.476025,6.288240,5.662289,5.036338,4.410386,10.516692,9.249469,8.615858,7.982247,7.348635,6.715024,6.271496,6.081413,5.447801,4.814190,4.180579,16.063144,INTERPOLATED_HOTEL_CONTROL,1.011893,0.000000,MATCHED,
CG6-0313|2026-01-20|L9|S9,CG6-0313,2026-01-20,9,9,L9-9,results.zip/day5.xlsx,2.767482,24.811325,34.835418,685514.019744,2745303.486654,2026-01-20 08:00:35,1,265.372000,12.320797,253.051203,256.915197,-3.863995,153.162248,-22.037367,0.068617,1.689104,47.275995,23.549523,0.082771,10.260856,6.493269,0.933381,10.705337,9.420919,8.778709,8.136500,7.494291,6.852082,6.402535,6.209872,5.567663,4.925454,4.283244,10.562985,9.264332,8.615005,7.965678,7.316351,6.667024,6.212495,6.017697,5.368370,4.719043,4.069716,16.162720,INTERPOLATED_HOTEL_CONTROL,1.011893,0.000000,MATCHED,
CG6-0313|2026-01-20|L9|S10,CG6-0313,2026-01-20,9,10,L9-10,results.zip/day5.xlsx,4.328456,24.811839,34.834667,685437.367502,2745359.429259,2026-01-20 08:05:59,1,271.155000,12.323910,258.831090,263.330130,-4.499040,158.942135,-23.011791,0.067957,1.724463,49.059983,24.323730,0.082225,10.532433,6.764847,0.855345,10.994842,9.661954,8.995509,8.329065,7.662621,6.996176,6.529665,6.329732,5.663287,4.996843,4.330399,10.794037,9.441068,8.764583,8.088098,7.411614,6.735129,6.261590,6.058644,5.382160,4.705675,4.029190,16.231115,INTERPOLATED_HOTEL_CONTROL,1.011893,0.000000,MATCHED,
CG6-0313|2026-01-20|L9|S11,CG6-0313,2026-01-20,9,11,L9-11,results.zip/day5.xlsx,1.950469,24.812642,34.834056,685374.325897,2745447.540284,2026-01-20 08:11:14,1,283.250000,12.326310,270.923690,277.150619,-6.226929,171.034735,-25.230289,0.067289,1.779674,52.792405,25.782442,0.081674,11.089770,7.322183,0.721060,11.439469,10.005172,9.288024,8.570875,7.853726,7.136578,6.634574,6.419429,5.702280,4.985132,4.267983,11.138076,9.673639,8.941421,8.209202,7.476984,6.744766,6.232213,6.012547,5.280329,4.548111,3.815892,16.282221,INTERPOLATED_HOTEL_CONTROL,1.011893,0.000000,MATCHED,
CG6-0313|2026-01-20|L9|S12,CG6-0313,2026-01-20,9,12,L9-12,results.zip/day5.xlsx,3.059280,24.813286,34.833310,685297.971678,2745517.823787,2026-01-20 08:18:02,1,288.043000,12.329357,275.713643,278.581043,-2.867400,175.824688,-26.092236,0.066461,1.823932,54.270833,26.354665,0.080992,11.249166,7.481579,0.831725,11.610007,10.135541,9.398308,8.661075,7.923842,7.186609,6.670546,6.449377,5.712144,4.974911,4.237678,11.391508,9.895192,9.147034,8.398876,7.650719,6.902561,6.378850,6.154403,5.406245,4.658087,3.909929,16.349233,INTERPOLATED_HOTEL_CONTROL,1.011893,0.000000,MATCHED,
CG6-0313|2026-01-20|L9|S13,CG6-0313,2026-01-20,9,13,L9-13,results.zip/day5.xlsx,2.870689,24.813307,34.832101,685175.699696,2745518.538786,2026-01-20 08:24:37,1,280.076000,12.333988,267.742012,269.510306,-1.768294,167.853057,-24.776541,0.065699,1.825395,51.810370,25.208435,0.080369,10.769669,7.002082,1.219532,11.132277,9.724662,9.020854,8.317046,7.613238,6.909430,6.416765,6.205622,5.501814,4.798007,4.094199,11.204271,9.803854,9.103646,8.403438,7.703230,7.003021,6.512876,6.302813,5.602605,4.902397,4.202189,16.470370,INTERPOLATED_HOTEL_CONTROL,1.011893,0.000000,MATCHED,
CG6-0313|2026-01-20|L9|S14,CG6-0313,2026-01-20,9,14,L9-14,results.zip/day5.xlsx,2.882547,24.813919,34.831352,685099.106918,2745585.213494,2026-01-20 08:30:27,1,282.931000,12.336648,270.594352,275.131007,-4.536655,170.705397,-25.598309,0.065052,1.867415,52.690752,25.225027,0.079840,10.793567,7.025980,1.475052,10.909673,9.478137,8.762370,8.046602,7.330834,6.615066,6.114029,5.899299,5.183531,4.467763,3.751996,11.173067,9.767871,9.065273,8.362675,7.660077,6.957479,6.465660,6.254881,5.552283,4.849685,4.147087,16.538492,INTERPOLATED_HOTEL_CONTROL,1.011893,0.000000,MATCHED,
CG6-0313|2026-01-20|L9|S15,CG6-0313,2026-01-20,9,15,L9-15,results.zip/day5.xlsx,2.994988,24.814907,34.830288,684990.110365,2745693.266089,2026-01-20 08:40:32,1,290.946000,12.340399,278.605601,284.037472,-5.431871,178.716646,-26.898399,0.063944,1.935389,55.163438,26.329651,0.078940,11.157787,7.390200,1.399471,11.342473,9.843755,9.094396,8.345037,7.595678,6.846319,6.321768,6.096960,5.347601,4.598243,3.848884,11.549251,10.071211,9.332192,8.593172,7.854152,7.115132,6.597818,6.376112,5.637092,4.898072,4.159052,16.634597,INTERPOLATED_HOTEL_CONTROL,1.011893,0.000000,MATCHED,
CG6-0313|2026-01-20|L9|S16,CG6-0313,2026-01-20,9,16,L9-16,results.zip/day5.xlsx,1.848289,24.815490,34.829875,684947.472559,2745757.316576,2026-01-20 08:47:21,1,302.461000,12.341794,290.119206,294.152691,-4.033485,190.230251,-28.657226,0.063248,1.975499,58.717119,28.084394,0.078377,11.787463,8.019876,1.007219,12.131685,10.536414,9.738778,8.941143,8.143507,7.345872,6.787527,6.548237,5.750601,4.952966,4.155330,12.044642,10.440667,9.638679,8.836692,8.034704,7.232716,6.671325,6.430729,5.628741,4.826754,4.024766,16.670148,INTERPOLATED_HOTEL_CONTROL,1.011893,0.000000,MATCHED,
CG6-0313|2026-01-20|L9|S17,CG6-0313,2026-01-20,9,17,L9-17,results.zip/day5.xlsx,3.007303,24.816133,34.829314,684889.834025,2745827.789029,2026-01-20 08:53:29,1,323.965000,12.343743,311.621257,312.303759,-0.682501,211.732302,-32.365469,0.062608,2.019721,65.353688,30.968497,0.077862,12.817628,9.050041,0.663899,13.212627,11.437039,10.549246,9.661452,8.773659,7.885865,7.264410,6.998072,6.110278,5.222485,4.334691,12.868416,11.058407,10.153403,9.248399,8.343395,7.438391,6.804888,6.533387,5.628383,4.723379,3.818375,16.720246,INTERPOLATED_HOTEL_CONTROL,1.011893,0.000000,MATCHED,
CG6-0313|2026-01-20|L9|S18,CG6-0313,2026-01-20,9,18,L9-18,results.zip/day5.xlsx,1.738935,24.816912,34.828958,684852.608789,2745913.587839,2026-01-20 09:11:17,1,307.485000,12.344865,295.140135,299.558886,-4.418751,195.251181,-29.303760,0.060905,2.073288,60.266823,28.889776,0.076500,12.074465,8.306878,0.803031,12.516012,10.878635,10.059947,9.241259,8.422571,7.603882,7.030801,6.785194,5.966506,5.147818,4.329130,12.276019,10.614644,9.783956,8.953268,8.122580,7.291892,6.710411,6.461204,5.630517,4.799829,3.969141,16.748948,INTERPOLATED_HOTEL_CONTROL,1.011893,0.000000,MATCHED,
CG6-0313|2026-01-20|L9|S19,CG6-0313,2026-01-20,9,19,L9-19,results.zip/day5.xlsx,6.966750,24.817596,34.828088,684763.656434,2745988.131775,2026-01-20 09:17:24,1,311.215000,12.348009,298.866991,303.102921,-4.235930,198.978036,-29.862812,0.060403,2.120300,61.417111,29.434000,0.076101,12.243276,8.475689,0.769539,12.747702,11.079072,10.244757,9.410442,8.576127,7.741812,7.157792,6.907497,6.073182,5.238868,4.404553,12.482622,10.787484,9.939915,9.092346,8.244777,7.397208,6.803910,6.549639,5.702070,4.854501,4.006932,16.830582,INTERPOLATED_HOTEL_CONTROL,1.011893,0.000000,MATCHED,
CG6-0313|2026-01-20|L9|S20,CG6-0313,2026-01-20,9,20,L9-20,results.zip/day5.xlsx,8.761824,24.818233,34.827414,684694.641236,2746057.771198,2026-01-20 09:24:15,1,320.820000,12.350415,308.469585,308.456541,0.013043,208.580630,-31.509362,0.059779,2.164102,64.380930,30.707466,0.075606,12.701080,8.933493,0.622244,13.215894,11.466737,10.592158,9.717580,8.843001,7.968423,7.356218,7.093844,6.219265,5.344687,4.470108,12.840481,11.053782,10.160433,9.267084,8.373734,7.480385,6.855041,6.587036,5.693686,4.800337,3.906988,16.893195,INTERPOLATED_HOTEL_CONTROL,1.011893,0.000000,MATCHED,
CG6-0313|2026-01-20|L9|S21,CG6-0313,2026-01-20,9,21,L9-21,results.zip/day5.xlsx,4.217939,24.818878,34.827072,684659.060310,2746128.732507,2026-01-20 09:31:03,1,308.169000,12.351542,295.817458,299.886315,-4.068857,195.928503,-29.294269,0.059226,2.208447,60.475875,28.973159,0.075170,12.098522,8.330935,0.814629,12.542595,10.899538,10.078010,9.256482,8.434954,7.613426,7.038356,6.791897,5.970369,5.148841,4.327313,12.311290,10.645103,9.812010,8.978916,8.145823,7.312729,6.729564,6.479636,5.646542,4.813449,3.980355,16.922756,INTERPOLATED_HOTEL_CONTROL,1.011893,0.000000,MATCHED,
CG6-0313|2026-01-20|L9|S22,CG6-0313,2026-01-20,9,22,L9-22,results.zip/day5.xlsx,4.269606,24.818967,34.826575,684608.705818,2746137.928462,2026-01-20 09:40:46,1,316.050000,12.353444,303.696556,304.661743,-0.965187,203.807602,-30.679881,0.058395,2.214574,62.907745,30.013290,0.074516,12.478823,8.711236,0.681313,12.921985,11.212854,10.358289,9.503724,8.649158,7.794593,7.196397,6.940028,6.085462,5.230897,4.376332,12.590817,10.848570,9.977447,9.106323,8.235199,7.364076,6.754289,6.492952,5.621828,4.750705,3.879581,16.972150,INTERPOLATED_HOTEL_CONTROL,1.011893,0.000000,MATCHED,
CG6-0313|2026-01-20|L9|S23,CG6-0313,2026-01-20,9,23,L9-23,results.zip/day5.xlsx,2.913446,24.819389,34.825925,684542.350042,2746183.735152,2026-01-20 09:51:08,1,311.707000,12.355841,299.351159,302.414654,-3.063495,199.462204,-29.950620,0.057638,2.243561,61.566546,29.372365,0.073925,12.238732,8.471145,0.835876,12.645465,10.972775,10.136430,9.300084,8.463739,7.627394,7.041953,6.791049,5.954704,5.118359,4.282014,12.430075,10.735846,9.888732,9.041618,8.194503,7.347389,6.754408,6.500274,5.653160,4.806045,3.958931,17.034645,INTERPOLATED_HOTEL_CONTROL,1.011893,0.000000,MATCHED,
CG6-0313|2026-01-20|L9|S24,CG6-0313,2026-01-20,9,24,L9-24,results.zip/day5.xlsx,3.400122,24.819809,34.824894,684437.486354,2746228.955051,2026-01-20 09:56:28,1,330.348000,12.359726,317.988274,318.838929,-0.850655,218.099319,-33.373734,0.057319,2.272503,67.318836,31.672599,0.073677,13.086942,9.319355,0.657639,13.382790,11.553810,10.639319,9.724829,8.810338,7.895848,7.255704,6.981357,6.066867,5.152376,4.237886,13.033890,11.170019,10.238084,9.306148,8.374213,7.442277,6.789922,6.510342,5.578406,4.646471,3.714535,17.135690,INTERPOLATED_HOTEL_CONTROL,1.011893,0.000000,MATCHED,
CG6-0313|2026-01-20|L9|S25,CG6-0313,2026-01-20,9,25,L9-25,results.zip/day5.xlsx,2.259349,24.820371,34.823914,684337.638279,2746289.832578,2026-01-20 10:04:13,1,321.896000,12.363376,309.532624,313.022264,-3.489640,209.643669,-31.863329,0.056895,2.311124,64.709030,30.534578,0.073347,12.721522,8.953935,0.686673,12.953860,11.195788,10.316752,9.437716,8.558680,7.679644,7.064319,6.800608,5.921572,5.042537,4.163501,12.626708,10.835921,9.940527,9.045134,8.149740,7.254347,6.627572,6.358953,5.463560,4.568167,3.672773,17.230809,INTERPOLATED_HOTEL_CONTROL,1.011893,0.000000,MATCHED,
CG6-0313|2026-01-20|L6|S3,CG6-0313,2026-01-20,6,3,L6-3,results.zip/day5.xlsx,4.707236,24.798208,34.832544,685242.956206,2743846.658092,2026-01-20 13:07:56,1,256.555000,12.337692,244.217308,245.904243,-1.686935,144.328353,-20.965319,0.053866,0.787402,44.549380,22.796660,0.071024,9.911897,6.144310,0.876119,10.693284,9.482946,8.877778,8.272609,7.667440,7.062271,6.638653,6.457103,5.851934,5.246765,4.641596,10.508039,9.279177,8.664746,8.050315,7.435884,6.821453,6.391352,6.207022,5.592591,4.978160,4.363729,16.688270,INTERPOLATED,1.011893,0.000000,MATCHED,
CG6-0313|2026-01-20|L6|S4,CG6-0313,2026-01-20,6,4,L6-4,results.zip/day5.xlsx,14.926329,24.798203,34.830733,685059.900735,2743843.689202,2026-01-20 13:13:21,1,259.545000,12.344415,247.200585,248.410503,-1.209918,147.311631,-21.337322,0.053775,0.787083,45.470188,23.345783,0.070954,10.070504,6.302917,0.786625,10.992229,9.756874,9.139196,8.521519,7.903841,7.286163,6.853789,6.668486,6.050808,5.433130,4.815453,10.739948,9.479365,8.849073,8.218781,7.588490,6.958198,6.516994,6.327906,5.697614,5.067323,4.437031,16.867328,INTERPOLATED,1.011893,0.000000,MATCHED,
CG6-0313|2026-01-20|L6|S5,CG6-0313,2026-01-20,6,5,L6-5,results.zip/day5.xlsx,5.218843,24.798507,34.829992,684984.497505,2743876.385913,2026-01-20 13:26:09,1,262.043000,12.347064,249.695936,249.471168,0.224768,149.806981,-21.758122,0.053778,0.807994,46.240392,23.674275,0.070956,10.208050,6.440463,0.698740,11.111462,9.855181,9.227040,8.598899,7.970759,7.342618,6.902919,6.714477,6.086337,5.458196,4.830055,10.793349,9.505256,8.861210,8.217164,7.573117,6.929071,6.478239,6.285025,5.640978,4.996932,4.352886,16.933807,INTERPOLATED,1.011893,0.000000,MATCHED,
CG6-0313|2026-01-20|L6|S6,CG6-0313,2026-01-20,6,6,L6-6,results.zip/day5.xlsx,12.297425,24.799111,34.829901,684974.446439,2743943.174838,2026-01-20 13:34:08,1,263.399000,12.347197,251.051803,251.149894,-0.098091,151.162848,-21.996676,0.053825,0.849513,46.658887,23.812698,0.070992,10.253489,6.485902,0.729212,11.136182,9.868530,9.234704,8.600878,7.967053,7.333227,6.889549,6.699401,6.065575,5.431749,4.797923,10.840894,9.543713,8.895123,8.246533,7.597943,6.949352,6.495339,6.300762,5.652172,5.003582,4.354992,16.929436,INTERPOLATED,1.011893,0.000000,MATCHED,
CG6-0313|2026-01-20|L6|S7,CG6-0313,2026-01-20,6,7,L6-7,results.zip/day5.xlsx,8.133429,24.799879,34.830087,684992.118762,2744028.425749,2026-01-20 13:38:37,1,264.359000,12.346246,252.012754,253.406839,-1.394085,152.123799,-22.083321,0.053908,0.902256,46.955489,23.969912,0.071055,10.260994,6.493407,0.816754,11.212810,9.937100,9.299244,8.661389,8.023534,7.385679,6.939181,6.747824,6.109969,5.472114,4.834259,10.983097,9.684415,9.035075,8.385734,7.736393,7.087053,6.632514,6.437712,5.788371,5.139030,4.489690,16.894439,INTERPOLATED,1.011893,0.000000,MATCHED,
CG6-0313|2026-01-20|L6|S8,CG6-0313,2026-01-20,6,8,L6-8,results.zip/day5.xlsx,9.105745,24.800800,34.829981,684979.969081,2744130.281792,2026-01-20 13:43:31,1,267.180000,12.346333,254.833667,254.688129,0.145538,154.944712,-22.634880,0.053881,0.965551,47.826177,24.225746,0.071035,10.363079,6.595492,0.859997,11.232082,9.932716,9.283033,8.633350,7.983667,7.333983,6.879205,6.684300,6.034617,5.384934,4.735251,11.034761,9.715663,9.056114,8.396564,7.737015,7.077466,6.615781,6.417917,5.758367,5.098818,4.439269,16.885673,INTERPOLATED,1.011893,0.000000,MATCHED,
CG6-0313|2026-01-20|L6|S9,CG6-0313,2026-01-20,6,9,L6-9,results.zip/day5.xlsx,4.305187,24.801215,34.829280,684908.471901,2744175.277518,2026-01-20 13:47:33,1,268.878000,12.348813,256.529187,256.966805,-0.437619,156.640232,-22.918167,0.053985,0.994062,48.349507,24.437278,0.071114,10.435801,6.668214,0.855648,11.301428,9.987843,9.331051,8.674258,8.017466,7.360673,6.900918,6.703881,6.047088,5.390296,4.733503,11.100849,9.767206,9.100385,8.433563,7.766742,7.099920,6.633145,6.433099,5.766278,5.099456,4.432635,16.946751,INTERPOLATED,1.011893,0.000000,MATCHED,
CG6-0313|2026-01-20|L6|S10,CG6-0313,2026-01-20,6,10,L6-10,results.zip/day5.xlsx,12.541589,24.801622,34.828601,684839.222135,2744219.515586,2026-01-20 13:50:57,1,269.835000,12.351218,257.483782,258.899130,-1.415347,157.594828,-23.143634,0.054031,1.022084,48.644146,24.478428,0.071149,10.456034,6.688447,0.908498,11.262525,9.940935,9.280140,8.619345,7.958550,7.297755,6.835198,6.636960,5.976164,5.315369,4.654574,11.101534,9.763845,9.095000,8.426155,7.757311,7.088466,6.620275,6.419621,5.750777,5.081932,4.413087,17.005974,INTERPOLATED,1.011893,0.000000,MATCHED,
CG6-0313|2026-01-20|L6|S11,CG6-0313,2026-01-20,6,11,L6-11,results.zip/day5.xlsx,6.321676,24.802265,34.828013,684778.833387,2744289.960288,2026-01-20 13:55:01,1,272.402000,12.353210,260.048790,259.976609,0.072180,160.159835,-23.597902,0.053996,1.066294,49.435846,24.771651,0.071122,10.596063,6.828476,0.821779,11.340647,9.997547,9.325996,8.654446,7.982896,7.311346,6.841261,6.639796,5.968246,5.296695,4.625145,11.114698,9.749003,9.066155,8.383308,7.700460,7.017612,6.539619,6.334765,5.651917,4.969069,4.286222,17.051744,INTERPOLATED,1.011893,0.000000,MATCHED,
CG6-0313|2026-01-20|L6|S12,CG6-0313,2026-01-20,6,12,L6-12,results.zip/day5.xlsx,7.429053,24.803057,34.827675,684743.487967,2744377.135275,2026-01-20 13:59:58,1,273.781000,12.354225,261.426775,262.516403,-1.089628,161.537820,-23.914422,0.054100,1.120676,49.861166,24.826068,0.071201,10.614307,6.846720,0.927339,11.279506,9.924850,9.247522,8.570194,7.892866,7.215538,6.741408,6.538210,5.860881,5.183553,4.506225,11.132628,9.763284,9.078613,8.393941,7.709269,7.024597,6.545326,6.339925,5.655253,4.970581,4.285909,17.070244,INTERPOLATED,1.011893,0.000000,MATCHED,
CG6-0313|2026-01-20|L6|S13,CG6-0313,2026-01-20,6,13,L6-13,results.zip/day5.xlsx,3.593614,24.803746,34.827031,684677.396987,2744452.670465,2026-01-20 14:05:08,1,276.071000,12.356424,263.714576,263.746372,-0.031796,163.825621,-24.322755,0.054100,1.168093,50.567303,25.076455,0.071201,10.688344,6.920757,0.985786,11.338039,9.964197,9.277276,8.590355,7.903435,7.216514,6.735669,6.529593,5.842672,5.155751,4.468831,11.234941,9.850790,9.158714,8.466639,7.774563,7.082487,6.598034,6.390412,5.698336,5.006260,4.314184,17.121530,INTERPOLATED,1.011893,0.000000,MATCHED,
CG6-0313|2026-01-20|L6|S14,CG6-0313,2026-01-20,6,14,L6-14,results.zip/day5.xlsx,10.585615,24.804382,34.826678,684640.692478,2744522.546976,2026-01-20 14:09:10,1,277.618000,12.357557,265.260443,265.872431,-0.611988,165.371488,-24.672312,0.054279,1.211755,51.044440,25.160373,0.071337,10.694952,6.927365,1.141207,11.292320,9.905515,9.212112,8.518709,7.825307,7.131904,6.646522,6.438501,5.745099,5.051696,4.358293,11.305642,9.920169,9.227433,8.534696,7.841960,7.149223,6.664308,6.456487,5.763750,5.071014,4.378277,17.145330,INTERPOLATED,1.011893,0.000000,MATCHED,
CG6-0313|2026-01-20|L6|S15,CG6-0313,2026-01-20,6,15,L6-15,results.zip/day5.xlsx,7.687554,24.804851,34.826198,684591.559363,2744573.853306,2026-01-20 14:12:26,1,278.862000,12.359217,266.502783,268.882324,-2.379541,166.613829,-24.994325,0.054148,1.243999,51.427891,25.189568,0.071237,10.716602,6.949015,1.222486,11.217333,9.820109,9.121497,8.422885,7.724274,7.025662,6.536634,6.327050,5.628438,4.929826,4.231215,11.291539,9.901736,9.206834,8.511933,7.817031,7.122130,6.635699,6.427228,5.732327,5.037425,4.342524,17.184847,INTERPOLATED,1.011893,0.000000,MATCHED,
CG6-0313|2026-01-21|L6|S16,CG6-0313,2026-01-21,6,16,L6-16,results.zip/day6.xlsx,3.118117,24.805136,34.825362,684506.587315,2744604.273867,2026-01-21 09:08:22,1,280.116000,12.362282,267.753718,269.738066,-1.984348,167.864763,-24.962976,0.053772,1.263580,51.813996,25.587440,0.070952,10.850723,7.083136,1.004427,11.510301,10.102587,9.398730,8.694873,7.991017,7.287160,6.794460,6.583303,5.879446,5.175589,4.471732,11.421167,10.004540,9.296227,8.587913,7.879599,7.171286,6.675466,6.462972,5.754658,5.046345,4.338031,17.263347,INTERPOLATED,1.011893,0.000000,MATCHED,
CG6-0313|2026-01-21|L6|S17,CG6-0313,2026-01-21,6,17,L6-17,results.zip/day6.xlsx,4.627309,24.805493,34.824535,684422.402012,2744642.797764,2026-01-21 09:13:10,1,282.428000,12.365296,270.062704,270.114062,-0.051358,170.173749,-25.194559,0.053766,1.288183,52.526670,26.043929,0.070948,11.001530,7.233944,0.860271,11.773158,10.346081,9.632542,8.919004,8.205465,7.491927,6.992450,6.778388,6.064850,5.351311,4.637773,11.576042,10.129253,9.405859,8.682464,7.959070,7.235675,6.729299,6.512281,5.788887,5.065492,4.342098,17.339850,INTERPOLATED,1.011893,0.000000,MATCHED,
CG6-0313|2026-01-21|L6|S18,CG6-0313,2026-01-21,6,18,L6-18,results.zip/day6.xlsx,3.681298,24.805676,34.823667,684334.445671,2744661.835359,2026-01-21 09:17:41,1,284.334000,12.368516,271.965484,272.066677,-0.101193,172.076529,-25.448440,0.053743,1.300725,53.113968,26.364804,0.070930,11.099317,7.331730,0.812202,11.934466,10.491432,9.769915,9.048398,8.326881,7.605364,7.100303,6.883848,6.162331,5.440814,4.719297,11.701343,10.234997,9.501824,8.768651,8.035478,7.302305,6.789084,6.569132,5.835959,5.102786,4.369613,17.423386,INTERPOLATED,1.011893,0.000000,MATCHED,
CG6-0313|2026-01-21|L6|S19,CG6-0313,2026-01-21,6,19,L6-19,results.zip/day6.xlsx,7.407583,24.805943,34.822826,684248.976189,2744690.285321,2026-01-21 09:22:14,1,285.768000,12.371617,273.396383,274.335671,-0.939288,173.507428,-25.691818,0.053956,1.319087,53.555618,26.544713,0.071092,11.153819,7.386232,0.826876,11.994380,10.539347,9.811830,9.084314,8.356797,7.629280,7.120019,6.901764,6.174247,5.446731,4.719214,11.772249,10.295003,9.556379,8.817756,8.079133,7.340510,6.823473,6.601887,5.863263,5.124640,4.386017,17.503023,INTERPOLATED,1.011893,0.000000,MATCHED,
CG6-0313|2026-01-21|L6|S20,CG6-0313,2026-01-21,6,20,L6-20,results.zip/day6.xlsx,3.435770,24.806550,34.822238,684188.660221,2744756.710304,2026-01-21 09:25:56,1,288.073000,12.373671,275.699329,276.806041,-1.106712,175.810374,-26.031104,0.053778,1.360806,54.266426,26.874516,0.070957,11.260313,7.492726,0.800358,12.131058,10.656713,9.919540,9.182367,8.445194,7.708021,7.192000,6.970848,6.233675,5.496502,4.759329,11.889063,10.390518,9.641246,8.891973,8.142700,7.393428,6.868937,6.644155,5.894882,5.145610,4.396337,17.551987,INTERPOLATED,1.011893,0.000000,MATCHED,
CG6-0313|2026-01-21|L6|S21,CG6-0313,2026-01-21,6,21,L6-21,results.zip/day6.xlsx,2.961290,24.807333,34.821845,684147.770217,2744842.893607,2026-01-21 09:30:04,1,289.724000,12.374946,277.349054,278.177054,-0.828000,177.460099,-26.379728,0.053694,1.414625,54.775615,26.981263,0.070893,11.328518,7.560931,0.802944,12.099459,10.611279,9.867188,9.123098,8.379008,7.634918,7.114055,6.890828,6.146737,5.402647,4.658557,11.859401,10.347215,9.591122,8.835029,8.078936,7.322842,6.793577,6.566749,5.810656,5.054563,4.298470,17.579106,INTERPOLATED,1.011893,0.000000,MATCHED,
CG6-0313|2026-01-21|L6|S22,CG6-0313,2026-01-21,6,22,L6-22,results.zip/day6.xlsx,4.150579,24.808043,34.821519,684113.754063,2744921.103795,2026-01-21 09:33:29,1,291.745000,12.375992,279.369008,279.578433,-0.209425,179.480053,-26.831494,0.053757,1.463440,55.399076,27.104141,0.070941,11.411242,7.643655,0.808210,12.052944,10.547824,9.795265,9.042705,8.290145,7.537585,7.010793,6.785025,6.032465,5.279905,4.527345,11.816831,10.288100,9.523734,8.759369,7.995003,7.230638,6.695582,6.466272,5.701906,4.937541,4.173175,17.601077,INTERPOLATED,1.011893,0.000000,MATCHED,
CG6-0313|2026-01-21|L6|S23,CG6-0313,2026-01-21,6,23,L6-23,results.zip/day6.xlsx,9.080019,24.808712,34.820846,684044.692459,2744994.336780,2026-01-21 09:38:19,1,293.753000,12.378371,281.374629,282.235268,-0.860640,181.485674,-27.149309,0.053668,1.509458,56.018112,27.359345,0.070873,11.506058,7.738471,0.779586,12.139956,10.618017,9.857048,9.096078,8.335109,7.574139,7.041461,6.813170,6.052200,5.291231,4.530262,11.882402,10.334707,9.560860,8.787013,8.013166,7.239319,6.697626,6.465472,5.691624,4.917777,4.143930,17.658787,INTERPOLATED,1.011893,0.000000,MATCHED,
CG6-0313|2026-01-21|L6|S24,CG6-0313,2026-01-21,6,24,L6-24,results.zip/day6.xlsx,8.213054,24.809706,34.820836,684042.241424,2745104.385020,2026-01-21 09:42:23,1,296.226000,12.378149,283.847851,285.190367,-1.342516,183.958896,-27.421066,0.053647,1.577773,56.781473,27.782634,0.070857,11.594716,7.827129,0.819755,12.355841,10.813162,10.041822,9.270483,8.499143,7.727803,7.187866,6.956464,6.185124,5.413784,4.642445,12.128376,10.562950,9.780237,8.997524,8.214811,7.432098,6.884199,6.649385,5.866672,5.083959,4.301247,17.645967,INTERPOLATED,1.011893,0.000000,MATCHED,
CG6-0313|2026-01-21|L6|S25,CG6-0313,2026-01-21,6,25,L6-25,results.zip/day6.xlsx,7.603388,24.810460,34.820729,684030.281986,2745187.768003,2026-01-21 09:48:11,1,298.745000,12.378361,286.366639,289.317822,-2.951183,186.477684,-27.824584,0.053636,1.629620,57.558897,28.104693,0.070849,11.695976,7.928389,0.831378,12.466674,10.902873,10.120972,9.339071,8.557170,7.775269,7.227938,6.993368,6.211467,5.429566,4.647665,12.247916,10.662238,9.869399,9.076560,8.283721,7.490883,6.935895,6.698044,5.905205,5.112366,4.319527,17.646711,INTERPOLATED,1.011893,0.000000,MATCHED,
CG6-0313|2026-01-21|L6|S26,CG6-0313,2026-01-21,6,26,L6-26,results.zip/day6.xlsx,9.693084,24.811069,34.820645,684020.914509,2745255.066794,2026-01-21 09:51:58,1,300.504000,12.378523,288.125477,289.908652,-1.783175,188.236522,-28.074690,0.053687,1.671464,58.101762,28.355608,0.070888,11.745490,7.977903,0.896083,12.570093,10.991542,10.202266,9.412990,8.623715,7.834439,7.281946,7.045163,6.255887,5.466612,4.677336,12.399802,10.804222,10.006432,9.208641,8.410851,7.613061,7.054608,6.815270,6.017480,5.219690,4.421900,17.647324,INTERPOLATED,1.011893,0.000000,MATCHED,
CG6-0313|2026-01-21|L6|S27,CG6-0313,2026-01-21,6,27,L6-27,results.zip/day6.xlsx,11.514603,24.811742,34.820595,684014.877407,2745329.545909,2026-01-21 09:55:34,1,302.710000,12.378539,290.331461,291.919434,-1.587973,190.442506,-28.506650,0.053691,1.717738,58.782637,28.558249,0.070891,11.815988,8.048401,0.954819,12.587741,10.990690,10.192165,9.393639,8.595114,7.796588,7.237621,6.998063,6.199537,5.401012,4.602487,12.461447,10.851767,10.046927,9.242086,8.437246,7.632406,7.069018,6.827566,6.022726,5.217886,4.413046,17.644018,INTERPOLATED,1.011893,0.000000,MATCHED,
CG6-0313|2026-01-21|L6|S28,CG6-0313,2026-01-21,6,28,L6-28,results.zip/day6.xlsx,13.477015,24.812443,34.820662,684020.578512,2745407.330276,2026-01-21 09:59:23,1,305.299000,12.378102,292.920898,293.796216,-0.875318,193.031943,-28.904585,0.053622,1.765966,59.581865,28.911313,0.070839,11.922930,8.155343,0.959179,12.723655,11.104889,10.295506,9.486123,8.676740,7.867357,7.300789,7.057974,6.248591,5.439208,4.629825,12.600627,10.969558,10.154024,9.338490,8.522955,7.707421,7.136547,6.891887,6.076352,5.260818,4.445284,17.629000,INTERPOLATED,1.011893,0.000000,MATCHED,
CG6-0313|2026-01-21|L6|S29,CG6-0313,2026-01-21,6,29,L6-29,results.zip/day6.xlsx,6.160769,24.813167,34.820536,684006.739476,2745487.341977,2026-01-21 10:02:30,1,307.737000,12.378399,295.358601,295.964927,-0.606326,195.469646,-29.512936,0.053616,1.815741,60.334259,29.005582,0.070834,12.009306,8.241719,1.001464,12.613497,10.974289,10.154685,9.335081,8.515476,7.695872,7.122149,6.876268,6.056664,5.237059,4.417455,12.522144,10.873801,10.049629,9.225457,8.401285,7.577113,7.000193,6.752941,5.928769,5.104597,4.280425,17.633450,INTERPOLATED,1.011893,0.000000,MATCHED,
CG6-0313|2026-01-21|L6|S30,CG6-0313,2026-01-21,6,30,L6-30,results.zip/day6.xlsx,7.870058,24.813642,34.819810,683932.698430,2745538.943652,2026-01-21 10:06:32,1,310.645000,12.381062,298.263938,301.063188,-2.799249,198.374983,-30.047928,0.053597,1.848381,61.230987,29.334679,0.070819,12.156147,8.388560,0.934659,12.698952,11.035380,10.203594,9.371807,8.540021,7.708235,7.125984,6.876448,6.044662,5.212876,4.381089,12.557558,10.879846,10.040990,9.202134,8.363278,7.524422,6.937222,6.685565,5.846709,5.007853,4.168997,17.701152,INTERPOLATED,1.011893,0.000000,MATCHED,
CG6-0313|2026-01-21|L6|S31,CG6-0313,2026-01-21,6,31,L6-31,results.zip/day6.xlsx,13.031254,24.813968,34.819144,683864.838620,2745574.201272,2026-01-21 10:10:15,1,312.488000,12.383540,300.104460,303.311525,-3.207065,200.215505,-30.443305,0.053687,1.870826,61.799061,29.484930,0.070888,12.230974,8.463387,0.940924,12.694858,11.015851,10.176347,9.336843,8.497340,7.657836,7.070184,6.818333,5.978829,5.139325,4.299822,12.558156,10.865478,10.019140,9.172801,8.326462,7.480124,6.887686,6.633785,5.787446,4.941107,4.094769,17.764672,INTERPOLATED,1.011893,0.000000,MATCHED,
CG6-0313|2026-01-21|L6|S32,CG6-0313,2026-01-21,6,32,L6-32,results.zip/day6.xlsx,7.953060,24.814710,34.818961,683845.265755,2745656.075326,2026-01-21 10:16:20,1,314.861000,12.384061,302.476939,308.662734,-6.185794,202.587985,-30.841673,0.053663,1.921805,62.531321,29.767843,0.070870,12.341468,8.573881,0.911511,12.778815,11.079912,10.230460,9.381009,8.531557,7.682106,7.087490,6.832655,5.983203,5.133752,4.284300,12.620080,10.905304,10.047916,9.190528,8.333139,7.475751,6.875580,6.618363,5.760975,4.903587,4.046199,17.775472,INTERPOLATED,1.011893,0.000000,MATCHED,
CG6-0313|2026-01-21|L6|S33,CG6-0313,2026-01-21,6,33,L6-33,results.zip/day6.xlsx,3.591348,24.808915,34.820445,684003.832495,2745016.229145,2026-01-21 10:32:07,1,293.935000,12.379843,281.555157,283.313806,-1.758650,181.666202,-27.040729,0.053566,1.523383,56.073832,27.509721,0.070796,11.510792,7.743205,0.787158,12.275193,10.751740,9.990014,9.228287,8.466561,7.704835,7.171626,6.943108,6.181382,5.419655,4.657929,12.023310,10.474669,9.700349,8.926028,8.151708,7.377387,6.835363,6.603067,5.828746,5.054425,4.280105,17.696103,INTERPOLATED,1.011893,0.000000,MATCHED,
CG6-0313|2026-01-21|L6|S34,CG6-0313,2026-01-21,6,34,L6-34,results.zip/day6.xlsx,7.718503,24.809290,34.819749,683932.924196,2745056.900429,2026-01-21 10:38:02,1,296.399000,12.382393,284.016607,284.755158,-0.738551,184.127652,-27.556390,0.053559,1.549209,56.833560,27.727961,0.070791,11.617284,7.849697,0.778392,12.287016,10.742922,9.970874,9.198827,8.426780,7.654733,7.114300,6.882685,6.110638,5.338591,4.566544,12.028568,10.458629,9.673659,8.888689,8.103720,7.318750,6.769271,6.533780,5.748811,4.963841,4.178871,17.760593,INTERPOLATED,1.011893,0.000000,MATCHED,
CG6-0313|2026-01-21|L6|S35,CG6-0313,2026-01-21,6,35,L6-35,results.zip/day6.xlsx,19.317064,24.809620,34.819082,683865.049156,2745092.520199,2026-01-21 10:42:42,1,313.118000,12.384847,300.733153,286.829118,13.904035,200.844198,-28.048033,0.053614,1.571876,61.993113,32.373204,0.070832,12.365210,8.597623,0.652898,15.530410,13.846130,13.003991,12.161851,11.319711,10.477571,9.888074,9.635432,8.793292,7.951152,7.109013,15.177958,13.458433,12.598671,11.738909,10.879146,10.019384,9.417550,9.159622,8.299859,7.440097,6.580335,17.822904,INTERPOLATED,1.011893,0.000000,MATCHED,
CG6-0313|2026-01-21|L6|S36,CG6-0313,2026-01-21,6,36,L6-36,results.zip/day6.xlsx,11.423784,24.810195,34.818170,683771.995379,2745154.936563,2026-01-21 10:51:12,1,300.280000,12.388182,287.891818,290.048103,-2.156285,188.002863,-28.481909,0.053583,1.611381,58.029644,27.936354,0.070809,11.743513,7.975926,0.875201,12.170434,10.593842,9.805546,9.017250,8.228954,7.440658,6.888851,6.652362,5.864066,5.075770,4.287474,11.984502,10.389317,9.591724,8.794131,7.996539,7.198946,6.640631,6.401354,5.603761,4.806168,4.008576,17.906732,INTERPOLATED,1.011893,0.000000,MATCHED,
CG6-0313|2026-01-21|L6|S37,CG6-0313,2026-01-21,6,37,L6-37,results.zip/day6.xlsx,5.493925,24.810927,34.817725,683725.923254,2745235.404742,2026-01-21 10:54:44,1,302.454000,12.389706,290.064294,290.869785,-0.805491,190.175339,-29.043752,0.053636,1.661701,58.700178,27.994725,0.070849,11.848126,8.080539,0.839101,12.046621,10.451810,9.654405,8.857000,8.059595,7.262190,6.704006,6.464784,5.667379,4.869974,4.072569,11.833647,10.217539,9.409485,8.601432,7.793378,6.985324,6.419686,6.177270,5.369216,4.561162,3.753108,17.942047,INTERPOLATED,1.011893,0.000000,MATCHED,
CG6-0313|2026-01-21|L6|S38,CG6-0313,2026-01-21,6,38,L6-38,results.zip/day6.xlsx,5.387131,24.811685,34.817335,683685.391132,2745318.900985,2026-01-21 11:00:51,1,304.167000,12.391018,291.775982,292.704608,-0.928626,191.887027,-29.287801,0.053546,1.713856,59.228488,28.226832,0.070781,11.915018,8.147431,0.852127,12.135185,10.526021,9.721439,8.916856,8.112274,7.307692,6.744484,6.503109,5.698527,4.893945,4.089362,11.931969,10.302483,9.487740,8.672996,7.858253,7.043510,6.473190,6.228767,5.414024,4.599281,3.784538,17.971916,INTERPOLATED,1.011893,0.000000,MATCHED,
CG6-0313|2026-01-21|L6|S39,CG6-0313,2026-01-21,6,39,L6-39,results.zip/day6.xlsx,2.867190,24.812471,34.817252,683675.845858,2745405.864360,2026-01-21 11:04:58,1,306.742000,12.391153,294.350847,295.827579,-1.476732,194.461892,-29.569574,0.053622,1.767908,60.023217,28.685735,0.070838,12.006086,8.238499,0.897241,12.378161,10.747404,9.932025,9.116646,8.301267,7.485889,6.915124,6.670510,5.855131,5.039753,4.224374,12.208738,10.561038,9.737188,8.913338,8.089488,7.265638,6.688943,6.441788,5.617938,4.794089,3.970239,17.971077,INTERPOLATED,1.011893,0.000000,MATCHED,
CG6-0313|2026-01-21|L6|S40,CG6-0313,2026-01-21,6,40,L6-40,results.zip/day6.xlsx,1.404332,24.813129,34.817650,683715.086401,2745479.271152,2026-01-21 11:08:27,1,308.854000,12.389476,296.464524,297.323491,-0.858967,196.575569,-29.793967,0.053538,1.813144,60.675601,29.068490,0.070775,12.100174,8.332587,0.882657,12.583662,10.935180,10.110938,9.286697,8.462456,7.638214,7.061245,6.813973,5.989732,5.165490,4.341249,12.403315,10.736797,9.903539,9.070280,8.237021,7.403762,6.820481,6.570504,5.737245,4.903986,4.070728,17.923766,INTERPOLATED,1.011893,0.000000,MATCHED,
CG6-0313|2026-01-21|L6|S41,CG6-0313,2026-01-21,6,41,L6-41,results.zip/day6.xlsx,5.060441,24.813887,34.817291,683677.694121,2745562.730117,2026-01-21 11:16:00,1,310.938000,12.390677,298.547323,301.175199,-2.627876,198.658369,-30.344527,0.053585,1.865253,61.318453,29.108673,0.070811,12.161924,8.394338,0.950960,12.449182,10.783233,9.950258,9.117284,8.284309,7.451335,6.868252,6.618360,5.785386,4.952411,4.119436,12.319998,10.641130,9.801696,8.962263,8.122829,7.283395,6.695791,6.443961,5.604528,4.765094,3.925660,17.951719,INTERPOLATED,1.011893,0.000000,MATCHED,
CG6-0313|2026-01-21|L6|S42,CG6-0313,2026-01-21,6,42,L6-42,results.zip/day6.xlsx,6.457329,24.814617,34.816745,683621.434063,2745642.870553,2026-01-21 11:19:46,1,312.984000,12.392608,300.591392,306.389358,-5.797966,200.702437,-31.026321,0.053590,1.915460,61.949350,29.007569,0.070815,12.225971,8.458384,1.008795,12.176663,10.493572,9.652027,8.810482,7.968936,7.127391,6.538309,6.285846,5.444300,4.602755,3.761210,12.090801,10.399124,9.553285,8.707447,7.861608,7.015770,6.423683,6.169932,5.324093,4.478255,3.632416,17.999181,INTERPOLATED,1.011893,0.000000,MATCHED,
CG6-0313|2026-01-21|L6|S43,CG6-0313,2026-01-21,6,43,L6-43,results.zip/day6.xlsx,7.486563,24.815258,34.816697,683615.629041,2745713.728075,2026-01-21 11:23:28,1,314.337000,12.392648,301.944352,303.875403,-1.931051,202.055397,-31.118497,0.053542,1.959488,62.366938,29.288952,0.070778,12.296605,8.529018,0.971672,12.344587,10.650150,9.802932,8.955714,8.108495,7.261277,6.668224,6.414059,5.566840,4.719622,3.872404,12.230917,10.525113,9.672212,8.819310,7.966408,7.113506,6.516475,6.260604,5.407703,4.554801,3.701899,17.997820,INTERPOLATED,1.011893,0.000000,MATCHED,
CG6-0313|2026-01-21|L6|S44,CG6-0313,2026-01-21,6,44,L6-44,results.zip/day6.xlsx,6.650178,24.816067,34.816566,683601.131667,2745803.171087,2026-01-21 11:28:22,1,316.552000,12.392972,304.159028,305.255485,-1.096458,204.270073,-31.460280,0.053630,2.015126,63.050491,29.575085,0.070844,12.411031,8.643444,0.914093,12.444997,10.731988,9.875484,9.018979,8.162475,7.305970,6.706417,6.449466,5.592962,4.736457,3.879953,12.288197,10.559508,9.695164,8.830819,7.966475,7.102130,6.497089,6.237786,5.373442,4.509097,3.644753,18.003634,INTERPOLATED,1.011893,0.000000,MATCHED,
CG6-0313|2026-01-21|L6|S45,CG6-0313,2026-01-21,6,45,L6-45,results.zip/day6.xlsx,6.189787,24.816936,34.816631,683606.492447,2745899.551516,2026-01-21 11:31:35,1,318.812000,12.392522,306.419478,306.383013,0.036465,206.530523,-31.866801,0.053602,2.074907,63.748172,29.806464,0.070824,12.517513,8.749926,0.882851,12.486814,10.754849,9.888867,9.022884,8.156902,7.290919,6.684731,6.424937,5.558954,4.692972,3.826989,12.306612,10.556627,9.681634,8.806641,7.931649,7.056656,6.444161,6.181664,5.306671,4.431678,3.556686,17.989538,INTERPOLATED,1.011893,0.000000,MATCHED,
CG6-0313|2026-01-21|L6|S46,CG6-0313,2026-01-21,6,46,L6-46,results.zip/day6.xlsx,5.765995,24.817519,34.816399,683582.097657,2745963.830416,2026-01-21 11:35:58,1,320.450000,12.393292,308.056708,308.615002,-0.558294,208.167753,-32.282952,0.053557,2.115009,64.253498,29.855537,0.070789,12.600745,8.833158,0.843914,12.398589,10.652894,9.780047,8.907200,8.034352,7.161505,6.550512,6.288657,5.415810,4.542963,3.670115,12.189221,10.422589,9.539273,8.655957,7.772642,6.889326,6.271005,6.006010,5.122694,4.239378,3.356063,18.008254,INTERPOLATED,1.011893,0.000000,MATCHED,
CG6-0313|2026-01-21|L10|S1,CG6-0313,2026-01-21,10,1,L10-1,results.zip/day6.xlsx,8.997750,24.800662,34.959516,698077.225828,2744296.785857,2026-01-21 14:00:22,1,65.418000,11.731434,53.686566,54.348774,-0.662208,-46.202389,9.128696,0.053669,0.956095,-14.261791,-6.089190,0.070874,1.937672,-1.829915,0.836793,-2.214657,-1.827204,-1.633478,-1.439751,-1.246024,-1.052298,-0.916689,-0.858571,-0.664845,-0.471118,-0.277391,-2.429360,-2.063378,-1.880386,-1.697395,-1.514403,-1.331412,-1.203318,-1.148420,-0.965429,-0.782437,-0.599446,4.712798,INTERPOLATED,1.011893,0.000000,MATCHED,
CG6-0313|2026-01-21|L10|S2,CG6-0313,2026-01-21,10,2,L10-2,results.zip/day6.xlsx,7.324194,24.799022,34.960537,698183.044975,2744116.548049,2026-01-21 14:04:21,1,69.628000,11.728566,57.899434,58.246106,-0.346671,-41.989521,8.085122,0.053702,0.843339,-12.961347,-5.719565,0.070899,2.091419,-1.676168,0.897933,-2.198323,-1.846199,-1.670137,-1.494075,-1.318013,-1.141951,-1.018707,-0.965889,-0.789827,-0.613765,-0.437703,-2.367228,-2.031995,-1.864378,-1.696761,-1.529144,-1.361528,-1.244196,-1.193911,-1.026294,-0.858677,-0.691060,4.709748,INTERPOLATED,1.011893,0.000000,MATCHED,
CG6-0313|2026-01-21|L10|S3,CG6-0313,2026-01-21,10,3,L10-3,results.zip/day6.xlsx,8.212135,24.797289,34.961159,698248.670412,2743925.572205,2026-01-21 14:08:05,1,73.720000,11.727955,61.992045,62.338186,-0.346141,-37.896910,7.094593,0.054187,0.724286,-11.698027,-5.327720,0.071267,2.161709,-1.605878,1.168439,-2.149685,-1.831882,-1.672980,-1.514078,-1.355177,-1.196275,-1.085044,-1.037373,-0.878472,-0.719570,-0.560668,-2.115964,-1.794788,-1.634200,-1.473612,-1.313025,-1.152437,-1.040025,-0.991849,-0.831261,-0.670673,-0.510085,4.755496,INTERPOLATED,1.011893,0.000000,MATCHED,STDDEV_GT_0.050
CG6-0313|2026-01-21|L10|S4,CG6-0313,2026-01-21,10,4,L10-4,results.zip/day6.xlsx,7.049270,24.795620,34.961718,698307.911776,2743741.465911,2026-01-21 14:11:41,1,78.577000,11.727586,66.849414,66.850463,-0.001049,-33.039541,6.059005,0.053802,0.609557,-10.198641,-4.749193,0.070975,2.395365,-1.372222,1.088374,-1.978498,-1.701428,-1.562893,-1.424358,-1.285824,-1.147289,-1.050314,-1.008754,-0.870219,-0.731684,-0.593150,-2.004750,-1.730306,-1.593083,-1.455861,-1.318639,-1.181417,-1.085361,-1.044195,-0.906973,-0.769750,-0.632528,4.810553,INTERPOLATED,1.011893,0.000000,MATCHED,
CG6-0313|2026-01-21|L10|S5,CG6-0313,2026-01-21,10,5,L10-5,results.zip/day6.xlsx,9.121548,24.793848,34.962135,698352.856438,2743545.850026,2026-01-21 14:15:18,1,82.774000,11.728135,71.045865,70.777356,0.268510,-28.843089,5.405183,0.053904,0.487822,-8.903273,-3.985912,0.071052,2.570602,-1.196984,1.090296,-1.567130,-1.325252,-1.204313,-1.083374,-0.962435,-0.841496,-0.756839,-0.720557,-0.599618,-0.478679,-0.357740,-1.591943,-1.352546,-1.232848,-1.113149,-0.993451,-0.873752,-0.789963,-0.754054,-0.634355,-0.514657,-0.394958,4.891077,INTERPOLATED,1.011893,0.000000,MATCHED,
CG6-0313|2026-01-21|L10|S6,CG6-0313,2026-01-21,10,6,L10-6,results.zip/day6.xlsx,5.496624,24.792328,34.963001,698442.858278,2743378.669294,2026-01-21 14:18:48,1,87.020000,11.725958,75.294042,75.340107,-0.046065,-24.594912,4.686148,0.053894,0.383328,-7.591939,-3.289120,0.071045,2.706840,-1.060747,1.202140,-1.226591,-1.020338,-0.917211,-0.814085,-0.710958,-0.607832,-0.535643,-0.504705,-0.401579,-0.298453,-0.195326,-1.167625,-0.955476,-0.849401,-0.743327,-0.637252,-0.531177,-0.456925,-0.425102,-0.319028,-0.212953,-0.106878,4.925611,INTERPOLATED,1.011893,0.000000,MATCHED,
CG6-0313|2026-01-21|L10|S7,CG6-0313,2026-01-21,10,7,L10-7,results.zip/day6.xlsx,5.044358,24.790726,34.963936,698539.913744,2743202.623749,2026-01-21 14:21:55,1,91.985000,11.723190,80.261810,80.014894,0.246916,-19.627145,3.725580,0.053994,0.273278,-6.058486,-2.606184,0.071120,2.892399,-0.875188,1.262853,-0.960252,-0.795658,-0.713362,-0.631065,-0.548768,-0.466472,-0.408864,-0.384175,-0.301879,-0.219582,-0.137285,-0.855808,-0.680771,-0.593252,-0.505733,-0.418214,-0.330696,-0.269432,-0.243177,-0.155658,-0.068139,0.019380,4.967914,INTERPOLATED,1.011893,0.000000,MATCHED,
CG6-0313|2026-01-21|L10|S8,CG6-0313,2026-01-21,10,8,L10-8,results.zip/day6.xlsx,4.492238,24.789184,34.965039,698653.990174,2743033.375619,2026-01-21 14:25:00,1,96.284000,11.719230,84.564770,84.720513,-0.155744,-15.324185,2.782060,0.054014,0.167296,-4.730248,-2.115484,0.071135,3.026027,-0.741560,1.387795,-0.830397,-0.701889,-0.637634,-0.573380,-0.509126,-0.444872,-0.399894,-0.380617,-0.316363,-0.252109,-0.187854,-0.632364,-0.484052,-0.409896,-0.335740,-0.261584,-0.187428,-0.135519,-0.113273,-0.039117,0.035039,0.109195,5.001035,INTERPOLATED,1.011893,0.000000,MATCHED,
CG6-0313|2026-01-21|L10|S9,CG6-0313,2026-01-21,10,9,L10-9,results.zip/day6.xlsx,9.023058,24.787604,34.965942,698747.751024,2742859.650111,2026-01-21 14:28:20,1,101.369000,11.716384,89.652616,89.680002,-0.027386,-10.236339,1.778011,0.054080,0.058724,-3.159734,-1.440447,0.071185,3.322765,-0.444822,1.165107,-0.582028,-0.496186,-0.453265,-0.410344,-0.367423,-0.324502,-0.294457,-0.281581,-0.238660,-0.195739,-0.152818,-0.550802,-0.461838,-0.417356,-0.372874,-0.328391,-0.283909,-0.252772,-0.239427,-0.194945,-0.150462,-0.105980,5.050620,INTERPOLATED,1.011893,0.000000,MATCHED,
CG6-0313|2026-01-21|L10|S10,CG6-0313,2026-01-21,10,10,L10-10,results.zip/day6.xlsx,5.279949,24.785997,34.966790,698836.131555,2742682.977522,2026-01-21 14:32:50,1,105.694000,11.713865,93.980135,93.665416,0.314719,-5.908820,0.835075,0.054168,-0.051624,-1.823921,-0.937223,0.071252,3.578164,-0.189423,0.967669,-0.441709,-0.392158,-0.367382,-0.342607,-0.317831,-0.293055,-0.275712,-0.268279,-0.243504,-0.218728,-0.193952,-0.558378,-0.520493,-0.501551,-0.482609,-0.463666,-0.444724,-0.431465,-0.425782,-0.406840,-0.387897,-0.368955,5.109537,INTERPOLATED,1.011893,0.000000,MATCHED,
CG6-0313|2026-01-21|L10|S11,CG6-0313,2026-01-21,10,11,L10-11,results.zip/day6.xlsx,8.313592,24.784463,34.967732,698933.759881,2742514.425344,2026-01-21 14:36:35,1,109.743000,11.710802,98.032198,97.997085,0.035114,-1.856757,0.047154,0.054247,-0.157013,-0.573138,-0.368971,0.071312,3.762421,-0.005166,0.929344,-0.213263,-0.197693,-0.189907,-0.182122,-0.174336,-0.166551,-0.161101,-0.158766,-0.150980,-0.143195,-0.135409,-0.358640,-0.357607,-0.357090,-0.356573,-0.356057,-0.355540,-0.355179,-0.355024,-0.354507,-0.353991,-0.353474,5.151460,INTERPOLATED,1.011893,0.000000,MATCHED,
CG6-0313|2026-01-22|L10|S13,CG6-0313,2026-01-22,10,13,L10-13,results.zip/day7.xlsx,5.126409,24.781009,34.969391,699107.086367,2742134.198344,2026-01-22 08:11:21,1,118.405000,11.706343,106.698657,106.399197,0.299459,6.809702,-2.031333,0.053334,-0.394319,2.102001,0.464987,0.122160,4.106803,0.339216,0.980080,-0.106074,-0.163180,-0.191734,-0.220287,-0.248840,-0.277393,-0.297380,-0.305946,-0.334499,-0.363052,-0.391605,-0.213446,-0.281289,-0.315211,-0.349132,-0.383054,-0.416975,-0.440721,-0.450897,-0.484819,-0.518740,-0.552662,5.286172,INTERPOLATED,1.011893,2.832000,MATCHED,
CG6-0313|2026-01-22|L10|S14,CG6-0313,2026-01-22,10,14,L10-14,results.zip/day7.xlsx,7.052731,24.779537,34.970271,699198.389437,2741972.390369,2026-01-22 08:14:45,1,122.120000,11.703583,110.416417,110.329908,0.086510,10.527462,-2.476857,0.053303,-0.495456,3.249586,1.268186,0.122146,4.331321,0.563734,0.796832,0.385353,0.297069,0.252928,0.208786,0.164644,0.120503,0.089603,0.076361,0.032219,-0.011922,-0.056064,0.140717,0.027970,-0.028403,-0.084777,-0.141150,-0.197524,-0.236985,-0.253897,-0.310270,-0.366644,-0.423017,5.330476,INTERPOLATED,1.011893,2.832000,MATCHED,
CG6-0313|2026-01-22|L10|S15,CG6-0313,2026-01-22,10,15,L10-15,results.zip/day7.xlsx,5.972432,24.777796,34.971019,699276.870800,2741780.725589,2026-01-22 08:18:29,1,125.834000,11.701833,114.132167,114.471964,-0.339797,14.243212,-3.094270,0.053310,-0.614984,4.396549,1.917263,0.122149,4.511747,0.744160,0.731084,0.722827,0.603384,0.543662,0.483940,0.424218,0.364497,0.322691,0.304775,0.245053,0.185331,0.125609,0.428942,0.280110,0.205694,0.131278,0.056862,-0.017554,-0.069645,-0.091970,-0.166386,-0.240802,-0.315218,5.405330,INTERPOLATED,1.011893,2.832000,MATCHED,
CG6-0313|2026-01-22|L10|S16,CG6-0313,2026-01-22,10,16,L10-16,results.zip/day7.xlsx,5.435648,24.776208,34.971826,699361.020297,2741605.985621,2026-01-22 08:23:44,1,129.938000,11.699620,118.238380,118.450224,-0.211844,18.349425,-3.731096,0.053308,-0.724065,5.664036,2.657004,0.122148,4.675248,0.907661,0.754241,1.118221,0.964343,0.887404,0.810465,0.733526,0.656587,0.602729,0.579647,0.502708,0.425769,0.348830,0.841682,0.660150,0.569384,0.478618,0.387852,0.297086,0.233549,0.206320,0.115554,0.024787,-0.065979,5.462527,INTERPOLATED,1.011893,2.832000,MATCHED,
CG6-0313|2026-01-22|L10|S17,CG6-0313,2026-01-22,10,17,L10-17,results.zip/day7.xlsx,3.645235,24.774237,34.971895,699371.097703,2741387.707806,2026-01-22 08:27:07,1,135.154000,11.701653,123.452347,122.626795,0.825552,23.563392,-4.925838,0.053321,-0.859467,7.273455,3.207084,0.122154,4.930886,1.163299,0.655408,1.231058,1.033456,0.934654,0.835853,0.737052,0.638250,0.569090,0.539449,0.440648,0.341847,0.243045,0.880487,0.647827,0.531497,0.415167,0.298837,0.182508,0.101077,0.066178,-0.050152,-0.166482,-0.282812,5.606347,INTERPOLATED,1.011893,2.832000,MATCHED,
CG6-0313|2026-01-22|L10|S18,CG6-0313,2026-01-22,10,18,L10-18,results.zip/day7.xlsx,3.499841,24.772608,34.972124,699396.859061,2741207.648439,2026-01-22 08:30:50,1,138.062000,11.702458,126.359542,125.873235,0.486308,26.470587,-5.363550,0.053295,-0.971311,8.170832,3.778593,0.122143,5.064229,1.296642,0.624851,1.558769,1.336787,1.225796,1.114805,1.003814,0.892822,0.815129,0.781831,0.670840,0.559849,0.448858,1.185309,0.925980,0.796316,0.666652,0.536988,0.407323,0.316558,0.277659,0.147995,0.018331,-0.111333,5.709507,INTERPOLATED,1.011893,2.832000,MATCHED,
CG6-0313|2026-01-22|L10|S19,CG6-0313,2026-01-22,10,19,L10-19,results.zip/day7.xlsx,4.431683,24.770859,34.972276,699415.073417,2741014.176354,2026-01-22 08:34:27,1,141.770000,11.703801,130.066199,130.210836,-0.144637,30.177244,-6.088809,0.053346,-1.091396,9.314979,4.317566,0.122165,5.190583,1.422996,0.702457,1.786902,1.533836,1.407303,1.280770,1.154237,1.027703,0.939130,0.901170,0.774637,0.648104,0.521571,1.471574,1.186975,1.044675,0.902375,0.760076,0.617776,0.518166,0.475477,0.333177,0.190877,0.048578,5.829593,INTERPOLATED,1.011893,2.832000,MATCHED,
CG6-0313|2026-01-22|L10|S20,CG6-0313,2026-01-22,10,20,L10-20,results.zip/day7.xlsx,4.063889,24.769197,34.972932,699484.030946,2740831.024907,2026-01-22 08:38:43,1,145.283000,11.702497,133.580503,133.785327,-0.204823,33.691549,-6.972497,0.053364,-1.205531,10.399751,4.632786,0.122173,5.354174,1.586587,0.659108,1.807413,1.524875,1.383607,1.242338,1.101069,0.959801,0.860912,0.818532,0.677263,0.535995,0.394726,1.459613,1.142295,0.983637,0.824978,0.666319,0.507661,0.396600,0.349002,0.190343,0.031685,-0.126974,5.904039,INTERPOLATED,1.011893,2.832000,MATCHED,
CG6-0313|2026-01-22|L10|S21,CG6-0313,2026-01-22,10,21,L10-21,results.zip/day7.xlsx,3.889639,24.767257,34.974096,699604.897427,2740617.821068,2026-01-22 08:42:09,1,149.705000,11.698978,138.006022,138.892313,-0.886291,38.117068,-7.791381,0.053305,-1.338751,11.765788,5.313158,0.122147,5.592729,1.825142,0.517615,2.116660,1.797011,1.637186,1.477361,1.317536,1.157711,1.045834,0.997886,0.838062,0.678237,0.518412,1.662873,1.297845,1.115330,0.932816,0.750302,0.567788,0.440028,0.385274,0.202759,0.020245,-0.162269,5.964960,INTERPOLATED,1.011893,2.832000,MATCHED,
CG6-0313|2026-01-22|L10|S22,CG6-0313,2026-01-22,10,22,L10-22,results.zip/day7.xlsx,3.606001,24.766077,34.974694,699667.206925,2740487.992246,2026-01-22 08:45:21,1,152.525000,11.697411,140.827589,141.967399,-1.139810,40.938634,-8.321785,0.053294,-1.419770,12.636727,5.734711,0.122142,5.749245,1.981658,0.415601,2.301598,1.958286,1.786630,1.614975,1.443319,1.271663,1.151504,1.100008,0.928352,0.756696,0.585041,1.771395,1.375064,1.176898,0.978732,0.780566,0.582400,0.443684,0.384235,0.186069,-0.012097,-0.210263,6.014473,INTERPOLATED,1.011893,2.832000,MATCHED,
CG6-0313|2026-01-22|L10|S23,CG6-0313,2026-01-22,10,23,L10-23,results.zip/day7.xlsx,6.914743,24.764432,34.975376,699738.867424,2740306.732492,2026-01-22 08:48:46,1,157.187000,11.696000,145.491000,145.910425,-0.419424,45.602045,-9.381087,0.053329,-1.532742,14.076189,6.227844,0.122157,5.987230,2.219643,0.302264,2.403657,2.021238,1.830028,1.638819,1.447610,1.256400,1.122554,1.065191,0.873982,0.682772,0.491563,1.788557,1.344629,1.122664,0.900700,0.678736,0.456771,0.301396,0.234807,0.012843,-0.209122,-0.431086,6.098912,INTERPOLATED,1.011893,2.832000,MATCHED,
CG6-0313|2026-01-22|L10|S24,CG6-0313,2026-01-22,10,24,L10-24,results.zip/day7.xlsx,7.220835,24.763253,34.976897,699894.629742,2740178.402675,2026-01-22 08:52:24,1,161.889000,11.689814,150.199186,150.814683,-0.615498,50.310231,-9.958305,0.053311,-1.613662,15.529469,7.184826,0.122150,6.198449,2.430862,0.265406,2.965810,2.543909,2.332958,2.122007,1.911056,1.700106,1.552440,1.489155,1.278204,1.067253,0.856302,2.323102,1.836930,1.593844,1.350758,1.107671,0.864585,0.694425,0.621499,0.378413,0.135327,-0.107759,6.093542,INTERPOLATED,1.011893,2.832000,MATCHED,
CG6-0313|2026-01-22|L10|S25,CG6-0313,2026-01-22,10,25,L10-25,results.zip/day7.xlsx,7.532876,24.761774,34.978051,700013.679702,2740016.245222,2026-01-22 08:56:56,1,166.653000,11.685873,154.967127,157.836349,-2.869222,55.078172,-11.064875,0.053300,-1.715213,17.001190,7.651528,0.122145,6.390717,2.623130,0.285835,3.032673,2.570787,2.339844,2.108902,1.877959,1.647016,1.485356,1.416073,1.185131,0.954188,0.723245,2.405267,1.880641,1.618328,1.356015,1.093702,0.831389,0.647770,0.569076,0.306763,0.044450,-0.217863,6.144225,INTERPOLATED,1.011893,2.832000,MATCHED,
CG6-0313|2026-01-22|L10|S26,CG6-0313,2026-01-22,10,26,L10-26,results.zip/day7.xlsx,7.496791,24.802898,34.957657,697885.658111,2744541.718315,2026-01-22 09:16:01,1,66.953000,11.737783,55.215217,55.309450,-0.094233,-44.673738,8.776493,0.053334,1.109756,-13.789922,-6.123185,0.122160,2.027443,-1.740144,0.768242,-2.376845,-2.002211,-1.814894,-1.627577,-1.440260,-1.252943,-1.121822,-1.065626,-0.878310,-0.690993,-0.503676,-2.642897,-2.294868,-2.120854,-1.946839,-1.772825,-1.598811,-1.477001,-1.424796,-1.250782,-1.076767,-0.902753,4.704750,INTERPOLATED,1.011893,2.832000,MATCHED,
CG6-0313|2026-01-22|L10|S27,CG6-0313,2026-01-22,10,27,L10-27,results.zip/day7.xlsx,6.684252,24.804759,34.957146,697831.071871,2744747.176094,2026-01-22 09:19:37,1,72.045000,11.737621,60.307379,60.101716,0.205664,-39.581576,7.554856,0.053295,1.237715,-12.218057,-5.900916,0.122143,2.208510,-1.559077,0.854875,-2.581605,-2.249674,-2.083708,-1.917743,-1.751777,-1.585812,-1.469636,-1.419846,-1.253881,-1.087915,-0.921950,-2.782763,-2.470948,-2.315040,-2.159132,-2.003225,-1.847317,-1.738182,-1.691409,-1.535502,-1.379594,-1.223686,4.621568,INTERPOLATED,1.011893,2.832000,MATCHED,
CG6-0313|2026-01-22|L10|S28,CG6-0313,2026-01-22,10,28,L10-28,results.zip/day7.xlsx,7.535224,24.806458,34.956534,697766.478609,2744934.462489,2026-01-22 09:24:04,1,77.020000,11.738248,65.281752,65.529271,-0.247519,-34.607203,6.692334,0.053456,1.354495,-10.682555,-5.344716,0.122213,2.403129,-1.364458,0.892140,-2.442556,-2.152340,-2.007232,-1.862124,-1.717016,-1.571908,-1.470333,-1.426800,-1.281692,-1.136584,-0.991476,-2.615801,-2.342909,-2.206463,-2.070017,-1.933572,-1.797126,-1.701614,-1.660680,-1.524234,-1.387788,-1.251343,4.565380,INTERPOLATED,1.011893,2.832000,MATCHED,
CG6-0313|2026-01-22|L10|S29,CG6-0313,2026-01-22,10,29,L10-29,results.zip/day7.xlsx,7.082923,24.808067,34.955538,697663.260983,2745111.283940,2026-01-22 09:27:10,1,82.432000,11.741030,70.690970,70.832137,-0.141167,-29.197985,5.527768,0.053310,1.465131,-9.012828,-4.950191,0.122149,2.676031,-1.091556,0.769071,-2.501648,-2.256793,-2.134366,-2.011939,-1.889512,-1.767085,-1.681386,-1.644658,-1.522230,-1.399803,-1.277376,-2.767079,-2.548767,-2.439612,-2.330456,-2.221300,-2.112145,-2.035736,-2.002989,-1.893834,-1.784678,-1.675522,4.555587,INTERPOLATED,1.011893,2.832000,MATCHED,
CG6-0313|2026-01-22|L10|S30,CG6-0313,2026-01-22,10,30,L10-30,results.zip/day7.xlsx,8.418297,24.809095,34.953974,697503.448493,2745222.889799,2026-01-22 09:30:17,1,88.086000,11.747681,76.338319,76.404252,-0.065933,-23.550635,4.397510,0.053366,1.535806,-7.269599,-4.407894,0.122173,2.947653,-0.819934,0.676078,-2.432938,-2.235442,-2.136695,-2.037947,-1.939199,-1.840451,-1.771328,-1.741703,-1.642956,-1.544208,-1.445460,-2.768026,-2.604040,-2.522046,-2.440053,-2.358059,-2.276066,-2.218671,-2.194073,-2.112079,-2.030086,-1.948093,4.636291,INTERPOLATED,1.011893,2.832000,MATCHED,
CG6-0313|2026-01-22|L10|S31,CG6-0313,2026-01-22,10,31,L10-31,results.zip/day7.xlsx,6.849483,24.810050,34.952369,697339.714244,2745326.346438,2026-01-22 09:33:37,1,93.529000,11.754674,81.774326,82.013933,-0.239607,-18.114629,3.047154,0.053280,1.601459,-5.591611,-4.145916,0.122136,3.160202,-0.607385,0.717151,-2.626824,-2.474914,-2.398960,-2.323005,-2.247050,-2.171096,-2.117928,-2.095141,-2.019187,-1.943232,-1.867277,-2.931146,-2.809669,-2.748931,-2.688192,-2.627454,-2.566715,-2.524198,-2.505976,-2.445238,-2.384499,-2.323761,4.730901,INTERPOLATED,1.011893,2.832000,MATCHED,
CG6-0313|2026-01-22|L10|S32,CG6-0313,2026-01-22,10,32,L10-32,results.zip/day7.xlsx,8.737490,24.811369,34.951096,697208.910819,2745470.576129,2026-01-22 09:36:51,1,98.556000,11.759423,86.796577,87.795492,-0.998915,-13.092378,2.039009,0.053289,1.692124,-4.041346,-3.694461,0.122140,3.307416,-0.460171,0.886346,-2.596534,-2.486741,-2.431845,-2.376948,-2.322052,-2.267156,-2.228728,-2.212259,-2.157363,-2.102467,-2.047570,-2.774118,-2.682084,-2.636066,-2.590049,-2.544032,-2.498015,-2.465803,-2.451998,-2.405981,-2.359964,-2.313946,4.784261,INTERPOLATED,1.011893,2.832000,MATCHED,
CG6-0313|2026-01-22|L10|S33,CG6-0313,2026-01-22,10,33,L10-33,results.zip/day7.xlsx,13.964545,24.812908,34.950169,697112.742659,2745639.650969,2026-01-22 09:39:52,1,103.709000,11.762060,91.946940,93.648257,-1.701316,-7.942015,1.103601,0.053298,1.797904,-2.451539,-3.145841,0.122144,3.535440,-0.232147,0.854119,-2.479824,-2.413222,-2.379921,-2.346621,-2.313320,-2.280019,-2.256708,-2.246718,-2.213417,-2.180116,-2.146815,-2.681548,-2.635119,-2.611904,-2.588689,-2.565475,-2.542260,-2.526010,-2.519045,-2.495831,-2.472616,-2.449402,4.803347,INTERPOLATED,1.011893,2.832000,MATCHED,
CG6-0313|2026-01-22|L10|S34,CG6-0313,2026-01-22,10,34,L10-34,results.zip/day7.xlsx,10.345298,24.814557,34.949528,697045.369681,2745821.386739,2026-01-22 09:43:10,1,110.334000,11.763047,98.570953,99.083056,-0.512103,-1.318002,0.477573,0.053288,1.911290,-0.406854,-1.840572,0.122140,3.903253,0.135666,0.613640,-1.730044,-1.718991,-1.713465,-1.707938,-1.702412,-1.696886,-1.693017,-1.691359,-1.685833,-1.680306,-1.674780,-2.111903,-2.139036,-2.152602,-2.166169,-2.179736,-2.193302,-2.202799,-2.206869,-2.220435,-2.234002,-2.247568,4.798859,INTERPOLATED,1.011893,2.832000,MATCHED,
CG6-0313|2026-01-22|L10|S35,CG6-0313,2026-01-22,10,35,L10-35,results.zip/day7.xlsx,8.895702,24.816348,34.949275,697016.970317,2746019.442395,2026-01-22 09:46:54,1,116.576000,11.761795,104.814205,104.880577,-0.066372,4.925250,-0.500219,0.053275,2.034467,1.520293,-1.014392,0.122134,4.209222,0.441635,0.495653,-1.427423,-1.468726,-1.489378,-1.510029,-1.530681,-1.551333,-1.565789,-1.571984,-1.592636,-1.613287,-1.633939,-1.897661,-1.985988,-2.030152,-2.074315,-2.118479,-2.162642,-2.193557,-2.206806,-2.250969,-2.295133,-2.339296,4.760168,INTERPOLATED,1.011893,2.832000,MATCHED,
CG6-0313|2026-01-22|L10|S36,CG6-0313,2026-01-22,10,36,L10-36,results.zip/day7.xlsx,6.084232,24.818183,34.949351,697021.748422,2746222.784641,2026-01-22 09:50:26,1,122.884000,11.758742,111.125258,110.993107,0.132151,11.236303,-1.672101,0.053284,2.160636,3.468363,-0.364374,0.122138,4.455365,0.687778,0.544992,-1.306651,-1.400878,-1.447992,-1.495106,-1.542220,-1.589334,-1.622313,-1.636448,-1.683561,-1.730675,-1.777789,-1.739931,-1.877486,-1.946264,-2.015042,-2.083820,-2.152598,-2.200742,-2.221376,-2.290153,-2.358931,-2.427709,4.696363,INTERPOLATED,1.011893,2.832000,MATCHED,
CG6-0313|2026-01-22|L10|S37,CG6-0313,2026-01-22,10,37,L10-37,results.zip/day7.xlsx,7.924544,24.819839,34.949497,697033.902096,2746406.453802,2026-01-22 09:53:35,1,127.988000,11.755571,116.232429,116.808832,-0.576404,16.343474,-2.821390,0.053338,2.274536,5.044819,-0.051107,0.122161,4.647940,0.880353,0.602581,-1.421671,-1.558727,-1.627255,-1.695784,-1.764312,-1.832840,-1.880810,-1.901368,-1.969896,-2.038424,-2.106953,-1.811813,-1.987884,-2.075919,-2.163954,-2.251990,-2.340025,-2.401650,-2.428060,-2.516095,-2.604131,-2.692166,4.638084,INTERPOLATED,1.011893,2.832000,MATCHED,
CG6-0313|2026-01-22|L10|S38,CG6-0313,2026-01-22,10,38,L10-38,results.zip/day7.xlsx,7.615558,24.821571,34.949243,697005.488728,2746597.901600,2026-01-22 09:56:47,1,133.928000,11.754422,122.173578,122.003972,0.169605,22.284623,-4.031781,0.053271,2.393629,6.878699,0.453289,0.122132,4.957770,1.190183,0.440465,-1.415500,-1.602379,-1.695818,-1.789257,-1.882697,-1.976136,-2.041544,-2.069576,-2.163015,-2.256455,-2.349894,-1.927077,-2.165114,-2.284132,-2.403150,-2.522169,-2.641187,-2.724500,-2.760205,-2.879224,-2.998242,-3.117260,4.624724,INTERPOLATED,1.011893,2.832000,MATCHED,
CG6-0313|2026-01-22|L10|S39,CG6-0313,2026-01-22,10,39,L10-39,results.zip/day7.xlsx,11.034566,24.823327,34.949062,696984.324029,2746792.136586,2026-01-22 10:00:04,1,138.440000,11.752860,126.687140,127.255903,-0.568763,26.798185,-4.972861,0.053289,2.514395,8.271915,0.784659,0.122140,5.146151,1.378565,0.442794,-1.462637,-1.687366,-1.799731,-1.912096,-2.024460,-2.136825,-2.215481,-2.249190,-2.361555,-2.473920,-2.586284,-1.972470,-2.248183,-2.386039,-2.523896,-2.661752,-2.799608,-2.896108,-2.937465,-3.075321,-3.213178,-3.351034,4.611923,INTERPOLATED,1.011893,2.832000,MATCHED,
CG6-0313|2026-01-22|L10|S40,CG6-0313,2026-01-22,10,40,L10-40,results.zip/day7.xlsx,8.327487,24.824896,34.948577,696932.897205,2746965.331681,2026-01-22 10:03:34,1,143.913000,11.753192,132.159808,132.429258,-0.269450,32.270853,-6.182036,0.053321,2.622373,9.961178,1.156769,0.122154,5.417951,1.650364,0.329770,-1.549465,-1.820088,-1.955400,-2.090711,-2.226023,-2.361335,-2.456053,-2.496646,-2.631958,-2.767270,-2.902581,-2.143960,-2.474032,-2.639069,-2.804105,-2.969142,-3.134178,-3.249704,-3.299215,-3.464251,-3.629287,-3.794324,4.639824,INTERPOLATED,1.011893,2.832000,MATCHED,
CG6-0313|2026-01-22|L10|S41,CG6-0313,2026-01-22,10,41,L10-41,results.zip/day7.xlsx,11.357092,24.826508,34.947516,696823.084794,2747142.308531,2026-01-22 10:09:30,1,148.135000,11.756579,136.378421,137.221504,-0.843084,36.489466,-7.177573,0.053295,2.733222,11.263345,1.352550,0.122142,5.604332,1.836745,0.304421,-1.707456,-2.013457,-2.166457,-2.319458,-2.472458,-2.625458,-2.732559,-2.778459,-2.931459,-3.084459,-3.237460,-2.320939,-2.688288,-2.871963,-3.055637,-3.239312,-3.422986,-3.551558,-3.606661,-3.790335,-3.974010,-4.157684,4.732461,INTERPOLATED,1.011893,2.832000,MATCHED,
CG6-0313|2026-01-22|L10|S42,CG6-0313,2026-01-22,10,42,L10-42,results.zip/day7.xlsx,9.275764,24.828569,34.947004,696768.030533,2747369.850591,2026-01-22 10:14:48,1,153.333000,11.756397,141.576603,142.550729,-0.974126,41.687649,-8.217068,0.053306,2.874986,12.867875,1.775821,0.122147,5.839589,2.072002,0.258238,-1.720105,-2.069698,-2.244494,-2.419291,-2.594087,-2.768883,-2.891241,-2.943680,-3.118476,-3.293272,-3.468069,-2.368183,-2.782583,-2.989783,-3.196983,-3.404183,-3.611384,-3.756424,-3.818584,-4.025784,-4.232984,-4.440184,4.776165,INTERPOLATED,1.011893,2.832000,MATCHED,
CG6-0313|2026-01-22|L10|S43,CG6-0313,2026-01-22,10,43,L10-43,results.zip/day7.xlsx,9.262078,24.829824,34.946041,696668.731658,2747507.542017,2026-01-22 10:18:47,1,157.448000,11.759809,145.688191,146.526948,-0.838757,45.799236,-9.282938,0.053292,2.961359,14.137001,1.892704,0.122141,6.012810,2.245223,0.256041,-1.948020,-2.332093,-2.524129,-2.716165,-2.908201,-3.100238,-3.234663,-3.292274,-3.484310,-3.676346,-3.868382,-2.597743,-3.046788,-3.271310,-3.495833,-3.720355,-3.944877,-4.102043,-4.169400,-4.393922,-4.618444,-4.842967,4.873896,INTERPOLATED,1.011893,2.832000,MATCHED,
CG6-0313|2026-01-22|L10|S44,CG6-0313,2026-01-22,10,44,L10-44,results.zip/day7.xlsx,7.849041,24.831524,34.944895,696550.209985,2747694.095638,2026-01-22 10:22:15,1,162.094000,11.763609,150.330391,151.408852,-1.078461,50.441436,-10.579998,0.053264,3.078247,15.569908,1.911663,0.122129,6.206806,2.439219,0.257782,-2.318356,-2.741358,-2.952859,-3.164360,-3.375861,-3.587362,-3.735413,-3.798863,-4.010364,-4.221865,-4.433366,-2.966775,-3.454619,-3.698541,-3.942463,-4.186385,-4.430307,-4.601052,-4.674228,-4.918150,-5.162072,-5.405994,4.988885,INTERPOLATED,1.011893,2.832000,MATCHED,
CG6-0313|2026-01-22|L10|S45,CG6-0313,2026-01-22,10,45,L10-45,results.zip/day7.xlsx,9.148738,24.832156,34.943201,696377.931800,2747761.706628,2026-01-22 10:27:55,1,167.369000,11.771908,155.597092,156.029650,-0.432558,55.708137,-11.888823,0.053331,3.121756,17.195577,2.184998,0.122158,6.424532,2.656945,0.266076,-2.486686,-2.953855,-3.187439,-3.421023,-3.654607,-3.888191,-4.051700,-4.121776,-4.355360,-4.588944,-4.822528,-3.128892,-3.660281,-3.925976,-4.191670,-4.457365,-4.723059,-4.909045,-4.988754,-5.254448,-5.520143,-5.785837,5.160856,INTERPOLATED,1.011893,2.832000,MATCHED,
CG6-0313|2026-01-22|L10|S46,CG6-0313,2026-01-22,10,46,L10-46,results.zip/day7.xlsx,8.038913,24.833498,34.941882,696242.482534,2747908.475370,2026-01-22 10:31:28,1,171.784000,11.777175,160.006825,159.913124,0.093701,60.117870,-12.666138,0.053299,3.214094,18.556723,2.676491,0.122144,6.604939,2.837352,0.278073,-2.364993,-2.869142,-3.121216,-3.373290,-3.625364,-3.877439,-4.053890,-4.129513,-4.381587,-4.633661,-4.885735,-2.998213,-3.565683,-3.849418,-4.133153,-4.416889,-4.700624,-4.899239,-4.984359,-5.268094,-5.551829,-5.835565,5.293051,INTERPOLATED,1.011893,2.832000,MATCHED,
CG6-0313|2026-01-22|L10|S47,CG6-0313,2026-01-22,10,47,L10-47,results.zip/day7.xlsx,6.160963,24.834263,34.940224,696073.717331,2747990.753668,2026-01-22 10:34:47,1,176.549000,11.784997,164.764003,165.739664,-0.975661,64.875048,-13.635131,0.053352,3.266680,20.025111,3.123300,0.122167,6.788078,3.020491,0.321674,-2.317121,-2.861163,-3.133184,-3.405205,-3.677227,-3.949248,-4.139662,-4.221269,-4.493290,-4.765311,-5.037332,-2.917681,-3.521779,-3.823828,-4.125877,-4.427926,-4.729975,-4.941409,-5.032024,-5.334073,-5.636122,-5.938171,5.461126,INTERPOLATED,1.011893,2.832000,MATCHED,
CG6-0313|2026-01-22|L10|S48,CG6-0313,2026-01-22,10,48,L10-48,results.zip/day7.xlsx,6.449630,24.834226,34.937911,695839.961705,2747983.405970,2026-01-22 10:38:32,1,183.792000,11.797636,171.994364,171.644034,0.350329,72.105409,-15.141367,0.053340,3.264181,22.256887,3.851338,0.122162,7.098593,3.331006,0.302058,-2.195422,-2.800098,-3.102436,-3.404774,-3.707112,-4.009449,-4.221086,-4.311787,-4.614125,-4.916463,-5.218801,-2.810675,-3.476876,-3.809977,-4.143077,-4.476178,-4.809279,-5.042449,-5.142379,-5.475480,-5.808580,-6.141681,5.694582,INTERPOLATED,1.011893,2.832000,MATCHED,
CG6-0313|2026-01-22|L10|S49,CG6-0313,2026-01-22,10,49,L10-49,results.zip/day7.xlsx,6.958796,24.833546,34.935603,695607.690376,2747904.694801,2026-01-22 10:42:01,1,190.499000,11.811226,178.687774,178.981732,-0.293958,78.798819,-16.966807,0.053307,3.217350,24.322917,4.138760,0.122148,7.374509,3.606922,0.314711,-2.469309,-3.130116,-3.460519,-3.790923,-4.121326,-4.451730,-4.683012,-4.782133,-5.112537,-5.442940,-5.773344,-3.075084,-3.796469,-4.157161,-4.517853,-4.878545,-5.239237,-5.491722,-5.599930,-5.960622,-6.321314,-6.682006,5.927045,INTERPOLATED,1.011893,2.832000,MATCHED,
CG6-0313|2026-01-22|L10|S50,CG6-0313,2026-01-22,10,50,L10-50,results.zip/day7.xlsx,5.139903,24.833457,34.933121,695356.982587,2747891.295295,2026-01-22 10:45:49,1,197.369000,11.824846,185.544154,186.492300,-0.948146,85.655199,-18.518365,0.053319,3.211238,26.439243,4.709641,0.122153,7.651929,3.884342,0.341592,-2.473404,-3.191709,-3.550861,-3.910013,-4.269166,-4.628318,-4.879725,-4.987470,-5.346622,-5.705775,-6.064927,-3.059044,-3.835913,-4.224347,-4.612781,-5.001216,-5.389650,-5.661554,-5.778084,-6.166518,-6.554953,-6.943387,6.177600,INTERPOLATED,1.011893,2.832000,MATCHED,
CG6-0313|2026-01-22|L11|S2,CG6-0313,2026-01-22,11,2,L11-2,results.zip/day7.xlsx,15.200485,24.769065,34.894572,691559.311263,2740704.269595,2026-01-22 12:57:55,1,196.780000,12.083222,184.696778,185.547649,-0.850871,84.807823,-11.030981,0.053335,-1.214615,26.177758,16.361392,0.122160,7.189570,3.421983,1.481225,9.249408,8.538209,8.182610,7.827011,7.471412,7.115812,6.866893,6.760213,6.404614,6.049015,5.693416,9.517426,8.833029,8.490831,8.148633,7.806434,7.464236,7.224697,7.122038,6.779839,6.437641,6.095443,12.077133,INTERPOLATED,1.011893,2.832000,MATCHED,
CG6-0313|2026-01-22|L11|S3,CG6-0313,2026-01-22,11,3,L11-3,results.zip/day7.xlsx,23.399203,24.767526,34.895226,691627.871341,2740534.670381,2026-01-22 13:01:07,1,198.814000,12.081226,186.732774,187.560202,-0.827427,86.843819,-11.207349,0.053365,-1.320322,26.806201,16.919174,0.122173,7.271600,3.504013,1.490140,9.636451,8.908179,8.544043,8.179907,7.815771,7.451635,7.196739,7.087499,6.723362,6.359226,5.995090,9.911147,9.210345,8.859943,8.509542,8.159141,7.808739,7.563458,7.458338,7.107937,6.757535,6.407134,12.117861,INTERPOLATED,1.011893,2.832000,MATCHED,
CG6-0313|2026-01-22|L11|S4,CG6-0313,2026-01-22,11,4,L11-4,results.zip/day7.xlsx,19.490254,24.767317,34.893594,691463.139482,2740509.220861,2026-01-22 13:04:27,1,202.030000,12.088835,189.941165,192.796958,-2.855794,90.052210,-11.411416,0.053288,-1.334681,27.796518,17.719782,0.122139,7.515982,3.748395,1.196831,10.168004,9.412826,9.035237,8.657648,8.280060,7.902471,7.638158,7.524882,7.147293,6.769704,6.392115,10.222993,9.473314,9.098474,8.723635,8.348795,7.973956,7.711568,7.599117,7.224277,6.849438,6.474598,12.267236,INTERPOLATED,1.011893,2.832000,MATCHED,
CG6-0313|2026-01-22|L11|S5,CG6-0313,2026-01-22,11,5,L11-5,results.zip/day7.xlsx,17.087591,24.766860,34.892042,691306.812736,2740456.430791,2026-01-22 13:08:05,1,204.508000,12.096234,192.411766,193.900329,-1.488563,92.522811,-12.188119,0.053372,-1.366058,28.559105,17.737044,0.122176,7.517240,3.749653,1.470064,9.978081,9.202185,8.814236,8.426288,8.038340,7.650392,7.378828,7.262444,6.874496,6.486547,6.098599,10.237738,9.487808,9.112842,8.737877,8.362912,7.987947,7.725471,7.612981,7.238016,6.863051,6.488085,12.425688,INTERPOLATED,1.011893,2.832000,MATCHED,
CG6-0313|2026-01-22|L11|S6,CG6-0313,2026-01-22,11,6,L11-6,results.zip/day7.xlsx,11.133895,24.765552,34.892184,691323.245864,2740311.754401,2026-01-22 13:12:25,1,207.382000,12.096409,195.285591,194.687799,0.597792,95.396636,-12.134762,0.053432,-1.455865,29.446152,18.767255,0.122203,7.789543,4.021956,1.064749,10.767293,9.967297,9.567299,9.167301,8.767303,8.367305,8.087306,7.967307,7.567308,7.167310,6.767312,10.723344,9.918953,9.516757,9.114562,8.712366,8.310171,8.028634,7.907975,7.505779,7.103584,6.701388,12.495296,INTERPOLATED,1.011893,2.832000,MATCHED,
CG6-0313|2026-01-22|L11|S7,CG6-0313,2026-01-22,11,7,L11-7,results.zip/day7.xlsx,14.042145,24.765144,34.894121,691519.744890,2740269.350284,2026-01-22 13:16:31,1,209.872000,12.087830,197.784170,199.627288,-1.843117,97.895216,-12.857575,0.053320,-1.483831,30.217373,18.843629,0.122153,7.762643,3.995056,1.416295,10.634136,9.813187,9.402712,8.992238,8.581763,8.171288,7.883956,7.760814,7.350339,6.939865,6.529390,10.853518,10.054506,9.655001,9.255495,8.855990,8.456484,8.176830,8.056978,7.657473,7.257967,6.858462,12.360404,INTERPOLATED,1.011893,2.832000,MATCHED,
CG6-0313|2026-01-22|L11|S8,CG6-0313,2026-01-22,11,8,L11-8,results.zip/day7.xlsx,7.326032,24.763891,34.894959,691606.394253,2740131.721993,2026-01-22 13:20:28,1,212.294000,12.084826,200.209174,202.700872,-2.491698,100.320219,-14.094267,0.053298,-1.569868,30.965884,18.441486,0.122144,7.735989,3.968402,1.758948,10.028632,9.187347,8.766704,8.346061,7.925419,7.504776,7.210326,7.084133,6.663491,6.242848,5.822205,10.504682,9.711002,9.314162,8.917321,8.520481,8.123641,7.845853,7.726801,7.329961,6.933121,6.536280,12.372333,INTERPOLATED,1.011893,2.832000,MATCHED,
CG6-0313|2026-01-22|L11|S9,CG6-0313,2026-01-22,11,9,L11-9,results.zip/day7.xlsx,11.623058,24.763068,34.893151,691424.847737,2740038.037510,2026-01-22 13:24:15,1,214.961000,12.093584,202.867416,202.707172,0.160245,102.978461,-13.809707,0.053308,-1.626368,31.786386,19.603047,0.122148,8.139007,4.371420,0.980487,10.967273,10.103695,9.671907,9.240118,8.808329,8.376541,8.074289,7.944752,7.512963,7.081175,6.649386,10.860206,9.985922,9.548780,9.111638,8.674496,8.237354,7.931354,7.800212,7.363070,6.925928,6.488786,12.573903,INTERPOLATED,1.011893,2.832000,MATCHED,
CG6-0313|2026-01-22|L11|S10,CG6-0313,2026-01-22,11,10,L11-10,results.zip/day7.xlsx,6.485609,24.762417,34.891608,691269.734953,2739963.713619,2026-01-22 13:28:04,1,216.570000,12.101013,204.468987,205.590826,-1.121839,104.580032,-14.428941,0.053334,-1.671096,32.280731,19.522887,0.122160,8.185043,4.417456,1.036871,10.752805,9.875797,9.437293,8.998789,8.560285,8.121781,7.814828,7.683277,7.244773,6.806269,6.367765,10.687974,9.804483,9.362737,8.920992,8.479246,8.037501,7.728279,7.595755,7.154009,6.712264,6.270518,12.742787,INTERPOLATED,1.011893,2.832000,MATCHED,
CG6-0313|2026-01-22|L11|S11,CG6-0313,2026-01-22,11,11,L11-11,results.zip/day7.xlsx,10.640944,24.760957,34.890429,691152.696853,2739800.416073,2026-01-22 13:31:32,1,219.142000,12.107276,207.034724,208.079687,-1.044963,107.145769,-15.245963,0.053341,-1.771287,33.072679,19.598003,0.122163,8.335172,4.567585,0.923271,10.612759,9.714235,9.264972,8.815710,8.366448,7.917186,7.602702,7.467924,7.018661,6.569399,6.120137,10.462834,9.549317,9.092559,8.635800,8.179042,7.722283,7.402552,7.265525,6.808766,6.352008,5.895249,12.934154,INTERPOLATED,1.011893,2.832000,MATCHED,
CG6-0313|2026-01-22|L11|S12,CG6-0313,2026-01-22,11,12,L11-12,results.zip/day7.xlsx,5.643323,24.760258,34.888804,690989.494578,2739720.704915,2026-01-22 13:35:43,1,222.209000,12.115063,210.093937,209.854295,0.239642,110.204982,-15.852368,0.053338,-1.819283,34.016943,19.983859,0.122161,8.529410,4.761824,0.747141,10.742069,9.817890,9.355800,8.893711,8.431621,7.969532,7.646069,7.507442,7.045353,6.583263,6.121174,10.460211,9.507847,9.031664,8.555482,8.079300,7.603117,7.269790,7.126935,6.650753,6.174570,5.698388,13.112668,INTERPOLATED,1.011893,2.832000,MATCHED,
CG6-0313|2026-01-22|L11|S13,CG6-0313,2026-01-22,11,13,L11-13,results.zip/day7.xlsx,5.629418,24.760391,34.886792,690785.714546,2739732.566578,2026-01-22 13:39:38,1,224.636000,12.124098,212.511902,212.386618,0.125284,112.622948,-16.022129,0.053329,-1.810190,34.763275,20.551336,0.122157,8.666030,4.898443,0.653066,11.106776,10.162320,9.690092,9.217864,8.745636,8.273408,7.942848,7.801180,7.328952,6.856724,6.384496,10.754450,9.774761,9.284917,8.795073,8.305228,7.815384,7.472493,7.325540,6.835695,6.345851,5.856007,13.269814,INTERPOLATED,1.011893,2.832000,MATCHED,
CG6-0313|2026-01-22|L11|S14,CG6-0313,2026-01-22,11,14,L11-14,results.zip/day7.xlsx,3.843509,24.759422,34.885620,690668.679356,2739623.660458,2026-01-22 13:43:34,1,227.020000,12.129971,214.890029,214.799785,0.090244,115.001075,-16.376623,0.053453,-1.876674,35.497312,20.997363,0.122211,8.777249,5.009663,0.622349,11.353373,10.388974,9.906774,9.424575,8.942375,8.460176,8.122636,7.977976,7.495777,7.013577,6.531378,10.978038,9.976106,9.475139,8.974173,8.473207,7.972241,7.621564,7.471274,6.970308,6.469342,5.968376,13.428550,INTERPOLATED,1.011893,2.832000,MATCHED,
CG6-0313|2026-01-22|L11|S15,CG6-0313,2026-01-22,11,15,L11-15,results.zip/day7.xlsx,11.033774,24.758241,34.884358,690542.840007,2739491.090480,2026-01-22 13:47:36,1,229.296000,12.136357,217.159643,218.037467,-0.877824,117.270688,-16.686582,0.053350,-1.957744,36.197854,21.469017,0.122167,8.883574,5.115987,0.592554,11.634697,10.651265,10.159549,9.667833,9.176117,8.684401,8.340200,8.192685,7.700969,7.209253,6.717537,11.237044,10.213846,9.702248,9.190649,8.679050,8.167452,7.809333,7.655853,7.144254,6.632656,6.121057,13.608409,INTERPOLATED,1.011893,2.832000,MATCHED,
CG6-0313|2026-01-22|L11|S16,CG6-0313,2026-01-22,11,16,L11-16,results.zip/day7.xlsx,4.860053,24.757003,34.884418,690550.827325,2739353.973098,2026-01-22 13:51:31,1,231.170000,12.136799,219.033201,219.714998,-0.681797,119.144246,-17.246495,0.053342,-2.042772,36.776149,21.572426,0.122163,8.939483,5.171896,0.653027,11.580990,10.581846,10.082274,9.582702,9.083131,8.583559,8.233859,8.083987,7.584415,7.084843,6.585271,11.228634,10.194255,9.677066,9.159876,8.642686,8.125497,7.763464,7.608307,7.091118,6.573928,6.056738,13.683601,INTERPOLATED,1.011893,2.832000,MATCHED,
CG6-0313|2026-01-22|L11|S17,CG6-0313,2026-01-22,11,17,L11-17,results.zip/day7.xlsx,9.567978,24.756049,34.885337,690645.250556,2739249.655772,2026-01-22 13:56:15,1,233.504000,12.133215,221.370785,222.158511,-0.787726,121.481830,-17.794112,0.053336,-2.108213,37.497669,21.811770,0.122160,9.079956,5.312369,0.539662,11.624304,10.605557,10.096184,9.586811,9.077437,8.568064,8.211503,8.058691,7.549317,7.039944,6.530571,11.187031,10.124558,9.593321,9.062084,8.530847,7.999610,7.627744,7.468373,6.937136,6.405899,5.874662,13.671117,INTERPOLATED,1.011893,2.832000,MATCHED,
CG6-0313|2026-01-22|L11|S18,CG6-0313,2026-01-22,11,18,L11-18,results.zip/day7.xlsx,12.995209,24.755003,34.883690,690480.190297,2739131.528000,2026-01-22 13:59:41,1,236.183000,12.141222,224.041778,225.014354,-0.972576,124.152823,-18.311245,0.053344,-2.179992,38.322099,22.190847,0.122164,9.171176,5.403589,0.595133,11.779391,10.738245,10.217673,9.697100,9.176527,8.655954,8.291553,8.135381,7.614809,7.094236,6.573663,11.383670,10.302952,9.762593,9.222234,8.681875,8.141516,7.763265,7.601158,7.060799,6.520440,5.980081,13.874027,INTERPOLATED,1.011893,2.832000,MATCHED,
CG6-0313|2026-01-22|L11|S19,CG6-0313,2026-01-22,11,19,L11-19,results.zip/day7.xlsx,8.517319,24.753066,34.882940,690407.315383,2738915.890288,2026-01-22 14:03:57,1,239.329000,12.145683,227.183317,227.796838,-0.613521,127.294362,-19.077255,0.053329,-2.312968,39.291767,22.527481,0.122157,9.312968,5.545381,0.568252,11.852576,10.785085,10.251340,9.717595,9.183849,8.650104,8.276483,8.116359,7.582614,7.048868,6.515123,11.436719,10.327643,9.773105,9.218566,8.664028,8.109490,7.721314,7.554952,7.000414,6.445876,5.891338,14.058740,INTERPOLATED,1.011893,2.832000,MATCHED,
CG6-0313|2026-01-22|L11|S20,CG6-0313,2026-01-22,11,20,L11-20,results.zip/day7.xlsx,10.204171,24.751660,34.882444,690359.353138,2738759.450801,2026-01-22 14:07:39,1,241.082000,12.148690,228.933310,228.897846,0.035464,129.044355,-19.547010,0.053398,-2.409476,39.831921,22.694387,0.122187,9.369341,5.601754,0.613652,11.872727,10.790561,10.249478,9.708395,9.167312,8.626229,8.247471,8.085146,7.544063,7.002980,6.461897,11.490878,10.370527,9.810351,9.250176,8.690000,8.129825,7.737702,7.569650,7.009474,6.449299,5.889123,14.184481,INTERPOLATED,1.011893,2.832000,MATCHED,
CG6-0313|2026-01-22|L11|S21,CG6-0313,2026-01-22,11,21,L11-21,results.zip/day7.xlsx,9.429352,24.749705,34.881977,690315.093484,2738542.260701,2026-01-22 14:11:26,1,243.325000,12.151709,231.173291,231.840265,-0.666974,131.284336,-20.222145,0.053389,-2.543645,40.523313,22.844814,0.122183,9.388360,5.620773,0.813645,11.835309,10.734359,10.183883,9.633408,9.082933,8.532458,8.147125,7.981983,7.431507,6.881032,6.330557,11.603267,10.479112,9.917035,9.354958,8.792880,8.230803,7.837349,7.668726,7.106648,6.544571,5.982494,14.341833,INTERPOLATED,1.011893,2.832000,MATCHED,
CG6-0313|2026-01-22|L11|S22,CG6-0313,2026-01-22,11,22,L11-22,results.zip/day7.xlsx,9.239788,24.748820,34.883453,690465.743518,2738446.351998,2026-01-22 14:15:24,1,246.054000,12.145167,233.908833,235.070400,-1.161567,134.019879,-20.600508,0.053341,-2.604341,41.367663,23.371496,0.122162,9.570927,5.803340,0.632443,12.132589,11.008698,10.446753,9.884808,9.322862,8.760917,8.367555,8.198972,7.637026,7.075081,6.513136,11.764816,10.604147,10.023813,9.443479,8.863145,8.282811,7.876578,7.702477,7.122143,6.541809,5.961475,14.271628,INTERPOLATED,1.011893,2.832000,MATCHED,
CG6-0313|2026-01-22|L11|S23,CG6-0313,2026-01-22,11,23,L11-23,results.zip/day7.xlsx,9.293145,24.747946,34.884505,690573.413906,2738350.988565,2026-01-22 14:20:35,1,249.322000,12.140526,237.181474,237.581220,-0.399746,137.292519,-21.413623,0.053360,-2.664332,42.377791,23.628499,0.122171,9.669843,5.902256,0.734721,12.115149,10.963814,10.388146,9.812479,9.236811,8.661144,8.258176,8.085476,7.509809,6.934141,6.358473,11.823988,10.643537,10.053311,9.463086,8.872860,8.282634,7.869477,7.692409,7.102183,6.511958,5.921732,14.238079,INTERPOLATED,1.011893,2.832000,MATCHED,
CG6-0313|2026-01-22|L11|S24,CG6-0313,2026-01-22,11,24,L11-24,results.zip/day7.xlsx,6.878455,24.747566,34.882764,690397.959342,2738306.485465,2026-01-22 14:23:55,1,251.393000,12.148262,239.244738,239.975716,-0.730978,139.355783,-21.653956,0.053351,-2.690402,43.014633,24.051079,0.122167,9.829028,6.061441,0.540685,12.364703,11.196066,10.611747,10.027428,9.443109,8.858791,8.449767,8.274472,7.690153,7.105834,6.521515,11.928197,10.715909,10.109765,9.503621,8.897477,8.291332,7.867032,7.685188,7.079044,6.472900,5.866756,14.407163,INTERPOLATED,1.011893,2.832000,MATCHED,
CG6-0313|2026-01-22|L11|S25,CG6-0313,2026-01-22,11,25,L11-25,results.zip/day7.xlsx,6.476517,24.745780,34.882343,690358.067664,2738107.986459,2026-01-22 14:27:46,1,252.561000,12.150174,240.410826,242.744758,-2.333932,140.521871,-22.547305,0.053479,-2.813014,43.374558,23.640267,0.122223,9.874318,6.106731,0.550308,11.856103,10.677687,10.088478,9.499270,8.910062,8.320854,7.908408,7.731646,7.142437,6.553229,5.964021,11.426805,10.205459,9.594786,8.984113,8.373440,7.762766,7.335295,7.152093,6.541420,5.930747,5.320074,14.554368,INTERPOLATED,1.011893,2.832000,MATCHED,
CG6-0313|2026-01-22|L11|S26,CG6-0313,2026-01-22,11,26,L11-26,results.zip/day7.xlsx,7.564182,24.744154,34.884184,690546.739493,2737930.526357,2026-01-22 14:31:40,1,257.044000,12.142084,244.901916,244.556984,0.344932,145.012962,-23.495751,0.053426,-2.924538,44.760767,24.189554,0.122200,9.988186,6.220599,0.749072,12.028767,10.812688,10.204649,9.596609,8.988570,8.380531,7.954903,7.772491,7.164452,6.556413,5.948373,11.748355,10.504235,9.882175,9.260116,8.638056,8.015996,7.580554,7.393936,6.771876,6.149816,5.527756,14.506318,INTERPOLATED,1.011893,2.832000,MATCHED,TILT_GT_20
CG6-0313|2026-01-22|L11|S27,CG6-0313,2026-01-22,11,27,L11-27,results.zip/day7.xlsx,9.106779,24.743363,34.884925,690622.923830,2737843.924973,2026-01-22 14:35:28,1,257.983000,12.138842,245.844158,245.985602,-0.141444,145.955203,-23.910296,0.053395,-2.978825,45.051597,24.120126,0.122186,10.031988,6.264401,0.737608,11.880323,10.656342,10.044352,9.432362,8.820372,8.208382,7.779989,7.596392,6.984401,6.372411,5.760421,11.591324,10.338444,9.712004,9.085564,8.459124,7.832684,7.394176,7.206244,6.579803,5.953363,5.326923,14.497181,INTERPOLATED,1.011893,2.832000,MATCHED,
CG6-0313|2026-01-22|L11|S28,CG6-0313,2026-01-22,11,28,L11-28,results.zip/day7.xlsx,9.463357,24.742195,34.884173,690548.661577,2737713.454035,2026-01-22 14:39:27,1,259.870000,12.142199,247.727801,247.776837,-0.049036,147.838846,-24.351951,0.053364,-3.058997,45.632997,24.340044,0.122172,10.182817,6.415230,0.545774,11.942278,10.702502,10.082613,9.462725,8.842837,8.222948,7.789027,7.603060,6.983172,6.363284,5.743395,11.509584,10.226538,9.585015,8.943492,8.301969,7.660446,7.211380,7.018923,6.377400,5.735877,5.094354,14.635164,INTERPOLATED,1.011893,2.832000,MATCHED,
CG6-0313|2026-01-22|L11|S29,CG6-0313,2026-01-22,11,29,L11-29,results.zip/day7.xlsx,7.427985,24.741729,34.882311,690360.941678,2737659.308958,2026-01-22 14:42:51,1,261.387000,12.150413,249.236587,250.216106,-0.979519,149.347632,-24.900107,0.053382,-3.090931,46.098694,24.289518,0.122180,10.263965,6.496378,0.498021,11.765225,10.512796,9.886581,9.260367,8.634152,8.007937,7.569587,7.381723,6.755508,6.129294,5.503079,11.296761,9.997485,9.347848,8.698210,8.048572,7.398934,6.944188,6.749296,6.099658,5.450021,4.800383,14.817528,INTERPOLATED,1.011893,2.832000,MATCHED,
CG6-0313|2026-01-22|L11|S30,CG6-0313,2026-01-22,11,30,L11-30,results.zip/day7.xlsx,9.138031,24.740534,34.880764,690206.289151,2737524.719206,2026-01-22 14:46:18,1,263.654000,12.157237,251.496763,251.998389,-0.501626,151.607808,-25.697623,0.053435,-3.172967,46.796313,24.271656,0.122204,10.378558,6.610971,0.445093,11.557825,10.286442,9.650751,9.015059,8.379368,7.743676,7.298692,7.107985,6.472293,5.836602,5.200910,11.049715,9.727521,9.066424,8.405327,7.744229,7.083132,6.620364,6.422035,5.760938,5.099841,4.438744,15.022050,INTERPOLATED,1.011893,2.832000,MATCHED,
CG6-0313|2026-01-22|L11|S31,CG6-0313,2026-01-22,11,31,L11-31,results.zip/day7.xlsx,8.110402,24.738898,34.880085,690140.123477,2737342.607953,2026-01-22 14:49:43,1,265.554000,12.160235,253.393765,253.908064,-0.514299,153.504810,-26.500999,0.053447,-3.285182,47.381835,24.166019,0.122209,10.457737,6.690150,0.446059,11.293105,10.005814,9.362168,8.718523,8.074877,7.431231,6.980679,6.787586,6.143940,5.500294,4.856649,10.785718,9.447688,8.778673,8.109658,7.440643,6.771628,6.303318,6.102613,5.433598,4.764583,4.095568,15.184958,INTERPOLATED,1.011893,2.832000,MATCHED,
CG6-0313|2026-01-22|L11|S32,CG6-0313,2026-01-22,11,32,L11-32,results.zip/day7.xlsx,7.222197,24.737257,34.880377,690172.114143,2737161.259417,2026-01-22 14:53:28,1,267.176000,12.158975,255.017025,255.823890,-0.806866,155.128070,-27.434156,0.053418,-3.397755,47.882866,23.846465,0.122196,10.519495,6.751908,0.462895,10.837425,9.536521,8.886069,8.235617,7.585165,6.934713,6.479396,6.284261,5.633809,4.983357,4.332905,10.342649,8.992267,8.317076,7.641885,6.966694,6.291504,5.818870,5.616313,4.941122,4.265931,3.590740,15.270725,INTERPOLATED,1.011893,2.832000,MATCHED,
CG6-0313|2026-01-22|L11|S33,CG6-0313,2026-01-22,11,33,L11-33,results.zip/day7.xlsx,8.904903,24.734809,34.880443,690182.558339,2736890.167434,2026-01-22 14:57:23,1,269.136000,12.158714,256.977286,259.553003,-2.575717,157.088331,-28.568855,0.053517,-3.565708,48.487914,23.484767,0.122239,10.595614,6.828027,0.479116,10.311340,8.993997,8.335325,7.676654,7.017983,6.359311,5.898241,5.700640,5.041969,4.383297,3.724626,9.828714,8.463109,7.780306,7.097503,6.414701,5.731898,5.253936,5.049095,4.366293,3.683490,3.000687,15.431263,INTERPOLATED,1.011893,2.832000,MATCHED,
CG6-0313|2026-01-23|L11|S34,CG6-0313,2026-01-23,11,34,L11-34,results.zip/day8.xlsx,8.526251,24.732881,34.879968,690137.449616,2736675.994017,2026-01-23 07:19:14,1,273.305000,12.160800,261.144200,261.133867,0.010333,161.255245,-29.526990,0.054072,-3.697935,49.774055,23.945000,0.071180,10.789444,7.021857,0.428088,10.422136,9.069849,8.393706,7.717563,7.041419,6.365276,5.891976,5.689133,5.012990,4.336846,3.660703,9.901287,8.496916,7.794730,7.092544,6.390359,5.688173,5.196643,4.985987,4.283802,3.581616,2.879430,15.601496,INTERPOLATED,1.011893,0.000000,MATCHED,
CG6-0313|2026-01-23|L11|S35,CG6-0313,2026-01-23,11,35,L11-35,results.zip/day8.xlsx,5.829734,24.731112,34.880281,690171.775475,2736480.464854,2026-01-23 07:22:55,1,274.841000,12.159460,262.681540,262.688302,-0.006763,162.792585,-30.384783,0.053990,-3.819288,50.248564,23.683069,0.071117,10.851940,7.084353,0.433332,10.031283,8.666104,7.983515,7.300926,6.618336,5.935747,5.457935,5.253158,4.570568,3.887979,3.205390,9.514362,8.097492,7.389056,6.680621,5.972186,5.263750,4.767846,4.555315,3.846880,3.138444,2.430009,15.700078,INTERPOLATED,1.011893,0.000000,MATCHED,
CG6-0313|2026-01-23|L11|S36,CG6-0313,2026-01-23,11,36,L11-36,results.zip/day8.xlsx,4.844615,24.729271,34.880235,690169.984236,2736276.527842,2026-01-23 07:29:46,1,276.902000,12.159676,264.742324,264.760106,-0.017782,164.853369,-31.233556,0.053962,-3.945531,50.884636,23.596611,0.071096,10.936940,7.169353,0.437095,9.772008,8.389548,7.698317,7.007087,6.315857,5.624627,5.140766,4.933397,4.242167,3.550936,2.859706,9.257906,7.824036,7.107100,6.390165,5.673230,4.956295,4.454440,4.239359,3.522424,2.805489,2.088554,15.833452,INTERPOLATED,1.011893,0.000000,MATCHED,
CG6-0313|2026-01-23|L11|S37,CG6-0313,2026-01-23,11,37,L11-37,results.zip/day8.xlsx,8.274155,24.727735,34.879752,690123.400280,2736105.649419,2026-01-23 07:33:21,1,278.841000,12.161779,266.679221,266.543598,0.135624,166.790267,-32.071580,0.053989,-4.050922,51.482470,23.461811,0.071117,11.022354,7.254767,0.425880,9.474780,8.076076,7.376725,6.677373,5.978022,5.278670,4.789124,4.579318,3.879967,3.180615,2.481264,8.952277,7.501323,6.775847,6.050370,5.324893,4.599417,4.091583,3.873940,3.148463,2.422986,1.697510,15.980398,INTERPOLATED,1.011893,0.000000,MATCHED,
CG6-0313|2026-01-23|L11|S38,CG6-0313,2026-01-23,11,38,L11-38,results.zip/day8.xlsx,6.559462,24.727746,34.878341,689980.666632,2736104.941233,2026-01-23 07:36:57,1,280.483000,12.167864,268.315136,268.359424,-0.044288,168.426181,-32.614051,0.053943,-4.050148,51.987400,23.423497,0.071082,11.093357,7.325770,0.419448,9.299278,7.886856,7.180645,6.474434,5.768223,5.062012,4.567664,4.355801,3.649590,2.943379,2.237168,8.771957,7.306803,6.574226,5.841649,5.109072,4.376495,3.863691,3.643918,2.911341,2.178764,1.446187,16.088947,INTERPOLATED,1.011893,0.000000,MATCHED,
CG6-0313|2026-01-23|L11|S39,CG6-0313,2026-01-23,11,39,L11-39,results.zip/day8.xlsx,2.655238,24.729321,34.877635,689906.810724,2736278.418450,2026-01-23 07:40:36,1,282.553000,12.170920,270.382080,270.428560,-0.046480,170.493125,-32.566780,0.054063,-3.942125,52.625367,24.000711,0.071173,11.183108,7.415521,0.411215,9.703158,8.273403,7.558525,6.843647,6.128770,5.413892,4.913478,4.699014,3.984137,3.269259,2.554381,9.169670,7.686566,6.945014,6.203462,5.461910,4.720358,4.201271,3.978806,3.237254,2.495702,1.754150,16.033015,INTERPOLATED,1.011893,0.000000,MATCHED,
CG6-0313|2026-01-23|L11|S40,CG6-0313,2026-01-23,11,40,L11-40,results.zip/day8.xlsx,1.234089,24.728433,34.875758,689718.292563,2736177.417085,2026-01-23 07:44:18,1,284.788000,12.179019,272.608981,272.683679,-0.074698,172.720026,-33.525924,0.053920,-4.003054,53.312708,23.789837,0.071065,11.229021,7.461434,0.537934,9.305536,7.857106,7.132890,6.408675,5.684460,4.960245,4.453295,4.236030,3.511815,2.787600,2.063385,8.866968,7.374681,6.628538,5.882395,5.136251,4.390108,3.867807,3.643964,2.897821,2.151677,1.405534,16.242472,INTERPOLATED,1.011893,0.000000,MATCHED,
CG6-0313|2026-01-23|L11|S41,CG6-0313,2026-01-23,11,41,L11-41,results.zip/day8.xlsx,3.005416,24.727329,34.874305,689572.996927,2736053.146604,2026-01-23 07:47:59,1,286.702000,12.184897,274.517103,274.676713,-0.159610,174.628148,-34.371376,0.053918,-4.078754,53.901657,23.609034,0.071062,11.331706,7.564119,0.477385,8.964718,7.500286,6.768070,6.035855,5.303639,4.571423,4.058872,3.839207,3.106991,2.374775,1.642560,8.480795,6.967972,6.211560,5.455148,4.698736,3.942324,3.412835,3.185912,2.429500,1.673088,0.916676,16.433697,INTERPOLATED,1.011893,0.000000,MATCHED,
CG6-0313|2026-01-23|L11|S42,CG6-0313,2026-01-23,11,42,L11-42,results.zip/day8.xlsx,1.839005,24.726702,34.872489,689390.181024,2735981.227759,2026-01-23 07:51:39,1,288.826000,12.191750,276.634250,276.627348,0.006902,176.745296,-35.164257,0.053934,-4.121727,54.555120,23.512590,0.071075,11.420627,7.653040,0.476987,8.690729,7.208543,6.467450,5.726357,4.985264,4.244171,3.725406,3.503078,2.761985,2.020892,1.279799,8.206509,6.675901,5.910597,5.145293,4.379989,3.614685,3.078972,2.849381,2.084077,1.318773,0.553469,16.620292,INTERPOLATED,1.011893,0.000000,MATCHED,
CG6-0313|2026-01-23|L11|S43,CG6-0313,2026-01-23,11,43,L11-43,results.zip/day8.xlsx,2.208641,24.725555,34.870549,689195.638457,2735851.489532,2026-01-23 07:55:23,1,290.922000,12.199031,278.722969,278.870655,-0.147686,178.834014,-36.135609,0.053877,-4.200393,55.199810,23.264594,0.071031,11.491619,7.724032,0.521277,8.267573,6.767871,6.018020,5.268169,4.518318,3.768467,3.243571,3.018616,2.268765,1.518914,0.769063,7.816529,6.271723,5.499320,4.726916,3.954513,3.182110,2.641428,2.409707,1.637304,0.864900,0.092497,16.852940,INTERPOLATED,1.011893,0.000000,MATCHED,
CG6-0313|2026-01-23|L11|S44,CG6-0313,2026-01-23,11,44,L11-44,results.zip/day8.xlsx,1.335282,24.724335,34.869340,689075.173043,2735714.667998,2026-01-23 07:59:14,1,292.496000,12.203529,280.292471,281.445712,-1.153240,180.403516,-37.346905,0.053921,-4.284069,55.684241,22.621406,0.071065,11.507013,7.739426,0.655886,7.492767,5.979903,5.223472,4.467040,3.710608,2.954176,2.424673,2.197744,1.441312,0.684880,-0.071552,7.142554,5.594669,4.820726,4.046784,3.272841,2.498898,1.957139,1.724956,0.951013,0.177071,-0.596872,17.033018,INTERPOLATED,1.011893,0.000000,MATCHED,
CG6-0313|2026-01-23|L11|S45,CG6-0313,2026-01-23,11,45,L11-45,results.zip/day8.xlsx,2.300772,24.723860,34.867629,688902.783602,2735659.732056,2026-01-23 08:03:11,1,294.316000,12.209945,282.106055,282.429886,-0.323832,182.217100,-37.926109,0.054011,-4.316619,56.244008,22.634517,0.071133,11.631245,7.863658,0.527224,7.353791,5.825719,5.061682,4.297646,3.533610,2.769573,2.234748,2.005537,1.241501,0.477464,-0.286572,6.907202,5.334470,4.548104,3.761738,2.975373,2.189007,1.638551,1.402641,0.616275,-0.170090,-0.956456,17.200960,INTERPOLATED,1.011893,0.000000,MATCHED,
CG6-0313|2026-01-23|L11|S46,CG6-0313,2026-01-23,11,46,L11-46,results.zip/day8.xlsx,1.124241,24.723551,34.865562,688694.218902,2735622.587553,2026-01-23 08:06:47,1,297.097000,12.217701,284.879299,284.537876,0.341422,184.990344,-38.708874,0.053866,-4.337851,57.099973,22.728951,0.071023,11.792156,8.024569,0.408063,7.215661,5.664332,4.888667,4.113003,3.337338,2.561674,2.018708,1.786009,1.010345,0.234680,-0.540984,6.679812,5.074898,4.272441,3.469985,2.667528,1.865071,1.303351,1.062614,0.260157,-0.542300,-1.344757,17.385976,INTERPOLATED,1.011893,0.000000,MATCHED,
CG6-0313|2026-01-23|L11|S47,CG6-0313,2026-01-23,11,47,L11-47,results.zip/day8.xlsx,3.147049,24.723328,34.863582,688494.231304,2735595.173139,2026-01-23 08:10:06,1,299.443000,12.225134,287.217866,287.203206,0.014660,187.328911,-39.138002,0.053820,-4.353135,57.821775,23.036907,0.070989,11.884888,8.117301,0.422280,7.327505,5.756565,4.971095,4.185624,3.400154,2.614684,2.064855,1.829214,1.043744,0.258274,-0.527196,6.802305,5.178845,4.367115,3.555385,2.743655,1.931925,1.363714,1.120195,0.308465,-0.503266,-1.314996,17.558809,INTERPOLATED,1.011893,0.000000,MATCHED,
CG6-0313|2026-01-23|L11|S48,CG6-0313,2026-01-23,11,48,L11-48,results.zip/day8.xlsx,1.228043,24.722508,34.861918,688327.063840,2735502.061345,2026-01-23 08:13:38,1,301.334000,12.231317,289.102683,288.964092,0.138591,189.213728,-39.372985,0.053912,-4.409362,58.403526,23.439902,0.071058,11.956710,8.189123,0.441527,7.572439,5.985693,5.192320,4.398946,3.605573,2.812200,2.256839,2.018827,1.225454,0.432081,-0.361293,7.061657,5.423833,4.604920,3.786008,2.967096,2.148184,1.574945,1.329271,0.510359,-0.308553,-1.127465,17.747509,INTERPOLATED,1.011893,0.000000,MATCHED,
CG6-0313|2026-01-23|L11|S49,CG6-0313,2026-01-23,11,49,L11-49,results.zip/day8.xlsx,3.354802,24.722016,34.860194,688153.413455,2735445.260560,2026-01-23 08:17:00,1,303.102000,12.237742,290.864258,290.949068,-0.084809,190.975304,-39.741454,0.054597,-4.443059,58.947238,23.648843,0.071579,12.036312,8.268725,0.426201,7.633654,6.032135,5.231375,4.430616,3.629856,2.829097,2.268565,2.028338,1.227578,0.426819,-0.373941,7.111392,5.457647,4.630774,3.803902,2.977029,2.150157,1.571346,1.323284,0.496411,-0.330461,-1.157334,17.918727,INTERPOLATED,1.011893,0.000000,MATCHED,STDDEV_GT_0.050
CG6-0313|2026-01-23|L11|S50,CG6-0313,2026-01-23,11,50,L11-50,results.zip/day8.xlsx,1.390839,24.722256,34.858185,687949.841091,2735468.995021,2026-01-23 08:21:16,1,305.013000,12.245311,292.767689,292.713762,0.053927,192.878734,-39.852534,0.053802,-4.426658,59.534731,24.108854,0.070975,12.100248,8.332661,0.468588,7.934044,6.316563,5.507822,4.699082,3.890341,3.081601,2.515482,2.272860,1.464119,0.655379,-0.153362,7.443532,5.777000,4.943734,4.110467,3.277201,2.443935,1.860649,1.610669,0.777403,-0.055863,-0.889129,18.063984,INTERPOLATED,1.011893,0.000000,MATCHED,
CG6-0313|2026-01-23|L11|S51,CG6-0313,2026-01-23,11,51,L11-51,results.zip/day8.xlsx,7.078321,24.722703,34.856281,687756.541750,2735515.953574,2026-01-23 08:25:49,1,307.221000,12.252520,294.968480,294.773413,0.195067,195.079525,-39.992388,0.053800,-4.395969,60.214004,24.617585,0.070974,12.194332,8.426745,0.463770,8.258216,6.622279,5.804311,4.986342,4.168374,3.350405,2.777827,2.532437,1.714468,0.896500,0.078531,7.764095,6.078746,5.236071,4.393397,3.550722,2.708048,2.118176,1.865373,1.022699,0.180024,-0.662650,18.188091,INTERPOLATED,1.011893,0.000000,MATCHED,
CG6-0313|2026-01-23|L11|S52,CG6-0313,2026-01-23,11,52,L11-52,results.zip/day8.xlsx,1.527861,24.722082,34.854668,687594.248055,2735444.911209,2026-01-23 08:29:33,1,309.623000,12.258499,297.364501,297.704458,-0.339957,197.475546,-40.331265,0.053796,-4.438581,60.953536,25.060853,0.070970,12.296881,8.529294,0.458207,8.500553,6.844523,6.016508,5.188493,4.360478,3.532463,2.952853,2.704448,1.876433,1.048419,0.220404,8.002265,6.296407,5.443477,4.590548,3.737618,2.884689,2.287639,2.031760,1.178830,0.325901,-0.527028,18.360143,INTERPOLATED,1.011893,0.000000,MATCHED,
CG6-0313|2026-01-23|L11|S53,CG6-0313,2026-01-23,11,53,L11-53,results.zip/day8.xlsx,2.519581,24.722942,34.852974,687421.597217,2735537.926333,2026-01-23 08:32:48,1,312.292000,12.264986,300.027014,299.895495,0.131519,200.138059,-40.710180,0.053777,-4.379561,61.775317,25.444697,0.070956,12.404383,8.636796,0.469251,8.661119,6.982762,6.143583,5.304404,4.465225,3.626046,3.038621,2.786867,1.947688,1.108509,0.269331,8.171104,6.443745,5.580065,4.716385,3.852706,2.989026,2.384450,2.125347,1.261667,0.397987,-0.465692,18.441764,INTERPOLATED,1.011893,0.000000,MATCHED,
CG6-0313|2026-01-23|L11|S54,CG6-0313,2026-01-23,11,54,L11-54,results.zip/day8.xlsx,3.574334,24.722502,34.851230,687245.764702,2735486.730771,2026-01-23 08:36:15,1,314.849000,12.271476,302.577524,302.359186,0.218338,202.688569,-41.146011,0.053791,-4.409778,62.562529,25.826295,0.070967,12.518856,8.751269,0.449146,8.828832,7.129085,6.279212,5.429339,4.579466,3.729593,3.134681,2.879720,2.029846,1.179973,0.330100,8.323757,6.573503,5.698376,4.823249,3.948122,3.072995,2.460406,2.197868,1.322742,0.447615,-0.427512,18.613309,INTERPOLATED,1.011893,0.000000,MATCHED,
CG6-0313|2026-01-23|L11|S55,CG6-0313,2026-01-23,11,55,L11-55,results.zip/day8.xlsx,4.192752,24.720754,34.850057,687129.727335,2735291.564508,2026-01-23 08:40:06,1,317.077000,12.275596,304.801404,304.908797,-0.107394,204.912449,-41.823505,0.053760,-4.529607,63.248929,25.955031,0.070943,12.610868,8.843281,0.452444,8.771073,7.052677,6.193479,5.334281,4.475083,3.615885,3.014447,2.756687,1.897489,1.038292,0.179094,8.268468,6.499812,5.615483,4.731155,3.846827,2.962499,2.343469,2.078171,1.193843,0.309515,-0.574814,18.823046,INTERPOLATED,1.011893,0.000000,MATCHED,
CG6-0313|2026-01-23|L11|S56,CG6-0313,2026-01-23,11,56,L11-56,results.zip/day8.xlsx,3.417568,24.720018,34.848703,686993.865087,2735208.215961,2026-01-23 08:44:06,1,319.213000,12.280543,306.932457,306.924601,0.007855,207.043502,-42.281815,0.053773,-4.580059,63.906676,26.204920,0.070953,12.696969,8.929382,0.461134,8.842252,7.105985,6.237851,5.369718,4.501585,3.633451,3.025758,2.765318,1.897184,1.029051,0.160918,8.346156,6.560280,5.667342,4.774404,3.881465,2.988527,2.363470,2.095589,1.202651,0.309713,-0.583226,18.981735,INTERPOLATED,1.011893,0.000000,MATCHED,
CG6-0313|2026-01-23|L11|S57,CG6-0313,2026-01-23,11,57,L11-57,results.zip/day8.xlsx,3.285419,24.720971,34.847178,686838.136515,2735311.706333,2026-01-23 08:47:39,1,321.544000,12.286424,309.257576,310.031243,-0.773667,209.368621,-42.725004,0.053885,-4.514704,64.624317,26.414017,0.071037,12.764283,8.996696,0.541709,8.856364,7.100599,6.222716,5.344834,4.466951,3.589068,2.974550,2.711186,1.833303,0.955420,0.077538,8.420625,6.621286,5.721616,4.821946,3.922277,3.022607,2.392839,2.122938,1.223268,0.323599,-0.576071,19.045114,INTERPOLATED,1.011893,0.000000,MATCHED,
CG6-0313|2026-01-23|L11|S58,CG6-0313,2026-01-23,11,58,L11-58,results.zip/day8.xlsx,2.927141,24.720889,34.845959,686714.892395,2735300.938057,2026-01-23 08:52:16,1,325.056000,12.290980,312.765020,312.873489,-0.108469,212.876065,-43.256397,0.053734,-4.520341,65.706880,26.970824,0.070923,12.934333,9.166746,0.480343,9.119037,7.333859,6.441269,5.548680,4.656091,3.763501,3.138689,2.870912,1.978323,1.085733,0.193144,8.637331,6.803982,5.887307,4.970633,4.053958,3.137283,2.495611,2.220609,1.303934,0.387259,-0.529415,19.150896,INTERPOLATED,1.011893,0.000000,MATCHED,
CG6-0313|2026-01-23|L11|S59,CG6-0313,2026-01-23,11,59,L11-59,results.zip/day8.xlsx,2.828275,24.721597,34.844216,686537.537944,2735376.932939,2026-01-23 08:56:15,1,327.827000,12.297651,315.529349,315.871847,-0.342498,215.640394,-43.732203,0.053698,-4.471825,66.560080,27.299702,0.070896,13.035273,9.267686,0.520309,9.216098,7.407738,6.503558,5.599378,4.695197,3.791017,3.158091,2.886837,1.982657,1.078477,0.174297,8.764329,6.910791,5.984023,5.057254,4.130486,3.203717,2.554979,2.276948,1.350180,0.423411,-0.503358,19.250062,INTERPOLATED,1.011893,0.000000,MATCHED,
CG6-0313|2026-01-23|L11|S60,CG6-0313,2026-01-23,11,60,L11-60,results.zip/day8.xlsx,4.915834,24.722293,34.842564,686369.404444,2735451.816014,2026-01-23 09:00:09,1,330.979000,12.303992,318.675008,318.555806,0.119202,218.786053,-44.444952,0.053736,-4.424074,67.530975,27.510097,0.070925,13.184351,9.416764,0.474437,9.162699,7.327959,6.410589,5.493219,4.575849,3.658479,3.016320,2.741109,1.823739,0.906369,-0.011001,8.676568,6.793215,5.851539,4.909862,3.968186,3.026509,2.367336,2.084833,1.143157,0.201480,-0.740196,19.343744,INTERPOLATED,1.011893,0.000000,MATCHED,
CG6-0313|2026-01-23|L11|S61,CG6-0313,2026-01-23,11,61,L11-61,results.zip/day8.xlsx,4.592119,24.723095,34.840843,686194.067081,2735538.337808,2026-01-23 09:03:37,1,333.670000,12.310631,321.359369,321.039534,0.319835,221.470414,-44.907425,0.053789,-4.369059,68.359491,27.821125,0.070965,13.281560,9.513973,0.515413,9.248616,7.391365,6.462740,5.534114,4.605489,3.676863,3.026826,2.748238,1.819613,0.890987,-0.037638,8.793179,6.890385,5.938987,4.987590,4.036193,3.084795,2.418817,2.133398,1.182001,0.230604,-0.720794,19.438022,INTERPOLATED,1.011893,0.000000,MATCHED,
CG6-0313|2026-01-23|L11|S62,CG6-0313,2026-01-23,11,62,L11-62,results.zip/day8.xlsx,2.684129,24.724158,34.839210,686027.229489,2735653.780316,2026-01-23 09:07:13,1,336.927000,12.317014,324.609986,324.855026,-0.245040,224.721031,-45.412622,0.053748,-4.296212,69.362778,28.246368,0.070934,13.414357,9.646770,0.524762,9.401262,7.516751,6.574496,5.632241,4.689985,3.747730,3.088152,2.805475,1.863220,0.920964,-0.021291,8.952828,7.023474,6.058797,5.094120,4.129443,3.164766,2.489492,2.200089,1.235412,0.270735,-0.693942,19.510551,INTERPOLATED,1.011893,0.000000,MATCHED,
CG6-0313|2026-01-23|L11|S63,CG6-0313,2026-01-23,11,63,L11-63,results.zip/day8.xlsx,8.883337,24.724435,34.837585,685862.513479,2735682.235593,2026-01-23 09:11:03,1,339.961000,12.323197,327.637803,327.757923,-0.120120,227.748849,-45.804897,0.053742,-4.277229,70.297298,28.769631,0.070930,13.554432,9.786845,0.489734,9.670612,7.760710,6.805760,5.850809,4.895858,3.940907,3.272441,2.985956,2.031005,1.076054,0.121103,9.195940,7.238571,6.259887,5.281202,4.302518,3.323833,2.638754,2.345149,1.366464,0.387780,-0.590905,19.631322,INTERPOLATED,1.011893,0.000000,MATCHED,
CG6-0313|2026-01-23|L11|S64,CG6-0313,2026-01-23,11,64,L11-64,results.zip/day8.xlsx,3.217279,24.723984,34.835744,685676.861588,2735629.844329,2026-01-23 09:14:50,1,343.318000,12.330027,330.987973,330.708576,0.279398,231.099019,-46.589515,0.053743,-4.308119,71.331311,29.049914,0.070930,13.686558,9.918971,0.512020,9.669951,7.731954,6.762956,5.793958,4.824960,3.855962,3.177663,2.886963,1.917965,0.948967,-0.020031,9.211972,7.228178,6.236281,5.244384,4.252487,3.260590,2.566262,2.268693,1.276795,0.284898,-0.706999,19.814820,INTERPOLATED,1.011893,0.000000,MATCHED,
CG6-0313|2026-01-23|L11|S65,CG6-0313,2026-01-23,11,65,L11-65,results.zip/day8.xlsx,2.653126,24.723111,34.834048,685506.602989,2735530.832628,2026-01-23 09:18:15,1,346.365000,12.336190,334.028810,333.958658,0.070152,234.139855,-47.402070,0.053659,-4.367995,72.269849,29.235774,0.070866,13.800915,10.033328,0.547119,9.600806,7.637309,6.655560,5.673812,4.692063,3.710315,3.023091,2.728567,1.746818,0.765070,-0.216679,9.169119,7.162453,6.159120,5.155788,4.152455,3.149122,2.446789,2.145789,1.142457,0.139124,-0.864209,20.011361,INTERPOLATED,1.011893,0.000000,MATCHED,
CG6-0313|2026-01-23|L12|S1,CG6-0313,2026-01-23,12,1,L12-1,results.zip/day8.xlsx,6.873170,24.725544,34.836937,685795.276939,2735804.198106,2026-01-23 09:25:15,1,340.461000,12.325904,328.135096,328.793571,-0.658475,228.246141,-45.713488,0.053677,-4.201172,70.450783,28.938467,0.070880,13.570723,9.803136,0.501911,9.797746,7.883674,6.926638,5.969601,5.012565,4.055529,3.385604,3.098493,2.141457,1.184421,0.227385,9.332195,7.371568,6.391254,5.410941,4.430627,3.450313,2.764094,2.470000,1.489686,0.509373,-0.470941,19.618101,INTERPOLATED,1.011893,0.000000,MATCHED,
CG6-0313|2026-01-23|L12|S2,CG6-0313,2026-01-23,12,2,L12-2,results.zip/day8.xlsx,4.205894,24.726876,34.838052,685906.108881,2735953.256813,2026-01-23 09:29:30,1,337.958000,12.322004,325.635996,325.607565,0.028431,225.747041,-45.161782,0.053672,-4.109818,69.679446,28.627483,0.070877,13.458651,9.691064,0.521362,9.696336,7.803221,6.856664,5.910106,4.963549,4.016992,3.354402,3.070434,2.123877,1.177320,0.230762,9.245355,7.307142,6.338036,5.368930,4.399823,3.430717,2.752343,2.461611,1.492504,0.523398,-0.445709,19.440108,INTERPOLATED,1.011893,0.000000,MATCHED,
CG6-0313|2026-01-23|L12|S3,CG6-0313,2026-01-23,12,3,L12-3,results.zip/day8.xlsx,4.117273,24.726606,34.840516,686155.763307,2735926.700417,2026-01-23 09:33:16,1,334.715000,12.312626,322.402374,323.031986,-0.629613,222.513419,-44.564492,0.053721,-4.128334,68.681404,28.245246,0.070914,13.316925,9.549338,0.537755,9.585271,7.719273,6.786274,5.853276,4.920277,3.987278,3.334179,3.054279,2.121280,1.188282,0.255283,9.146570,7.236702,6.281768,5.326835,4.371901,3.416967,2.748513,2.462033,1.507099,0.552166,-0.402768,19.251850,INTERPOLATED,1.011893,0.000000,MATCHED,
CG6-0313|2026-01-23|L12|S4,CG6-0313,2026-01-23,12,4,L12-4,results.zip/day8.xlsx,3.823174,24.727825,34.841628,686266.415218,2736063.216377,2026-01-23 09:36:38,1,332.531000,12.308681,320.222319,320.109275,0.113044,220.333364,-44.087795,0.053666,-4.044743,68.008536,27.965485,0.070871,13.242956,9.475369,0.491188,9.488329,7.640613,6.716755,5.792898,4.869040,3.945182,3.298481,3.021324,2.097466,1.173609,0.249751,9.014746,7.119672,6.172135,5.224598,4.277061,3.329524,2.666248,2.381987,1.434450,0.486913,-0.460624,19.084249,INTERPOLATED,1.011893,0.000000,MATCHED,
CG6-0313|2026-01-23|L12|S5,CG6-0313,2026-01-23,12,5,L12-5,results.zip/day8.xlsx,7.948386,24.729030,34.843161,686419.694549,2736198.788249,2026-01-23 09:40:24,1,329.590000,12.303120,317.286880,317.179245,0.107635,217.397925,-43.805907,0.053800,-3.962089,67.102522,27.258705,0.070973,13.112512,9.344925,0.510844,9.027714,7.204615,6.293066,5.381516,4.469967,3.558417,2.920333,2.646868,1.735318,0.823769,-0.087781,8.568855,6.699870,5.765378,4.830886,3.896393,2.961901,2.307756,2.027408,1.092916,0.158423,-0.776069,18.881717,INTERPOLATED,1.011893,0.000000,MATCHED,
CG6-0313|2026-01-23|L12|S6,CG6-0313,2026-01-23,12,6,L12-6,results.zip/day8.xlsx,5.058423,24.728704,34.844790,686584.996820,2736164.906291,2026-01-23 09:43:38,1,327.078000,12.296875,314.781125,314.892309,-0.111183,214.892171,-43.199431,0.053665,-3.984443,66.329130,27.114142,0.070871,13.004897,9.237310,0.517647,9.093285,7.291199,6.390156,5.489113,4.588071,3.687028,3.056298,2.785985,1.884942,0.983899,0.082856,8.639522,6.792059,5.868328,4.944597,4.020866,3.097135,2.450524,2.173404,1.249673,0.325942,-0.597789,18.762727,INTERPOLATED,1.011893,0.000000,MATCHED,
CG6-0313|2026-01-23|L12|S7,CG6-0313,2026-01-23,12,7,L12-7,results.zip/day8.xlsx,5.204645,24.727482,34.846004,686709.667624,2736031.277740,2026-01-23 09:46:48,1,324.762000,12.292041,312.469959,312.569466,-0.099507,212.581004,-42.956204,0.053679,-4.068211,65.615798,26.727805,0.070882,12.918012,9.150425,0.490888,8.900762,7.118058,6.226706,5.335354,4.444002,3.552649,2.928703,2.661297,1.769945,0.878593,-0.012759,8.426955,6.596870,5.681828,4.766785,3.851743,2.936700,2.296170,2.021658,1.106615,0.191573,-0.723470,18.734145,INTERPOLATED,1.011893,0.000000,MATCHED,
CG6-0313|2026-01-23|L12|S8,CG6-0313,2026-01-23,12,8,L12-8,results.zip/day8.xlsx,9.952376,24.728273,34.847586,686868.525854,2736121.012015,2026-01-23 10:10:33,1,322.010000,12.286193,309.723807,309.915770,-0.191962,209.834853,-42.062643,0.053623,-4.013985,64.768205,26.719546,0.070839,12.811049,9.043462,0.469040,9.122795,7.363120,6.483283,5.603445,4.723608,3.843770,3.227884,2.963933,2.084095,1.204258,0.324420,8.632622,6.823930,5.919584,5.015237,4.110891,3.206545,2.573503,2.302199,1.397853,0.493506,-0.410840,18.552398,INTERPOLATED,1.011893,0.000000,MATCHED,
CG6-0313|2026-01-23|L12|S9,CG6-0313,2026-01-23,12,9,L12-9,results.zip/day8.xlsx,8.584515,24.729568,34.848942,687003.723953,2736266.292981,2026-01-23 10:15:33,1,319.678000,12.281275,307.396725,307.709233,-0.312508,207.507770,-41.368959,0.053696,-3.925172,64.049954,26.606167,0.070895,12.710580,8.942993,0.476768,9.204565,7.464405,6.594325,5.724245,4.854165,3.984084,3.375028,3.114004,2.243924,1.373844,0.503764,8.720181,6.931582,6.037283,5.142984,4.248684,3.354385,2.728376,2.460086,1.565787,0.671487,-0.222812,18.358920,INTERPOLATED,1.011893,0.000000,MATCHED,
CG6-0313|2026-01-23|L12|S10,CG6-0313,2026-01-23,12,10,L12-10,results.zip/day8.xlsx,7.855696,24.731337,34.849563,687063.969515,2736463.032428,2026-01-23 10:19:12,1,317.162000,12.279209,304.882791,304.838857,0.043934,204.993836,-40.579553,0.053844,-3.803870,63.274030,26.498347,0.071007,12.609537,8.841950,0.465110,9.307564,7.588485,6.728946,5.869407,5.009868,4.150329,3.548651,3.290790,2.431250,1.571711,0.712172,8.814447,7.046057,6.161862,5.277667,4.393472,3.509277,2.890340,2.625082,1.740887,0.856692,-0.027503,18.199024,INTERPOLATED,1.011893,0.000000,MATCHED,
CG6-0313|2026-01-23|L12|S11,CG6-0313,2026-01-23,12,11,L12-11,results.zip/day8.xlsx,8.196166,24.732835,34.850596,687166.171401,2736630.441967,2026-01-23 10:22:52,1,314.647000,12.275519,302.371481,303.189422,-0.817940,202.482527,-39.835179,0.053704,-3.701072,62.498916,26.364810,0.070901,12.506862,8.739275,0.458103,9.384625,7.686607,6.837597,5.988588,5.139579,4.290570,3.696263,3.441560,2.592551,1.743542,0.894533,8.886259,7.138404,6.264477,5.390549,4.516622,3.642694,3.030945,2.768766,1.894839,1.020911,0.146984,18.021233,INTERPOLATED,1.011893,0.000000,MATCHED,
CG6-0313|2026-01-23|L12|S12,CG6-0313,2026-01-23,12,12,L12-12,results.zip/day8.xlsx,8.650793,24.733927,34.851937,687300.219089,2736753.217474,2026-01-23 10:27:02,1,312.712000,12.270567,300.441433,300.969602,-0.528169,200.552478,-39.282410,0.053674,-3.626175,61.903207,26.246972,0.070878,12.416246,8.648660,0.483972,9.428641,7.746808,6.905892,6.064975,5.224059,4.383142,3.794500,3.542226,2.701309,1.860392,1.019476,8.949653,7.219921,6.355055,5.490189,4.625323,3.760457,3.155051,2.895591,2.030725,1.165859,0.300993,17.841759,INTERPOLATED,1.011893,0.000000,MATCHED,
CG6-0313|2026-01-23|L12|S13,CG6-0313,2026-01-23,12,13,L12-13,results.zip/day8.xlsx,12.380919,24.734771,34.853474,687454.455848,2736848.788142,2026-01-23 10:31:14,1,310.224000,12.264814,297.959186,298.326910,-0.367724,198.070231,-38.830020,0.053676,-3.568291,61.137063,25.875334,0.070879,12.289026,8.521440,0.545754,9.265164,7.604148,6.773639,5.943131,5.112622,4.282114,3.700758,3.451605,2.621097,1.790588,0.960080,8.832455,7.128167,6.276023,5.423879,4.571735,3.719591,3.123091,2.867447,2.015303,1.163159,0.311015,17.660446,INTERPOLATED,1.011893,0.000000,MATCHED_ID_TIEBREAK,
CG6-0313|2026-01-23|L12|S14,CG6-0313,2026-01-23,12,14,L12-14,results.zip/day8.xlsx,10.413723,24.733696,34.855417,687652.624488,2736732.327261,2026-01-23 10:33:54,1,307.708000,12.257234,295.450766,295.012510,0.438256,195.561811,-38.558714,0.053678,-3.642065,60.362843,25.446193,0.070881,12.206996,8.439409,0.483951,9.046380,7.406398,6.586408,5.766417,4.946426,4.126436,3.552442,3.306445,2.486454,1.666464,0.846473,8.567376,6.879494,6.035553,5.191613,4.347672,3.503731,2.912972,2.659790,1.815849,0.971908,0.127967,17.560505,INTERPOLATED,1.011893,0.000000,MATCHED,
CG6-0313|2026-01-23|L12|S15,CG6-0313,2026-01-23,12,15,L12-15,results.zip/day8.xlsx,8.371843,24.733552,34.857202,687833.355434,2736718.865300,2026-01-23 10:37:26,1,305.060000,12.250398,292.809602,292.978968,-0.169366,192.920647,-37.937651,0.053620,-3.651918,59.547648,25.261915,0.070837,12.105040,8.337453,0.460486,9.083590,7.465757,6.656841,5.847925,5.039009,4.230092,3.663851,3.421176,2.612260,1.803343,0.994427,8.587010,6.919519,6.085774,5.252028,4.418283,3.584538,3.000916,2.750793,1.917047,1.083302,0.249557,17.418826,INTERPOLATED,1.011893,0.000000,MATCHED,
CG6-0313|2026-01-23|L12|S16,CG6-0313,2026-01-23,12,16,L12-16,results.zip/day8.xlsx,7.624693,24.735057,34.858464,687958.808077,2736887.357488,2026-01-23 10:40:52,1,302.418000,12.245750,290.172250,292.496461,-2.324211,190.283295,-37.025617,0.053623,-3.548643,58.733627,25.256653,0.070839,11.936249,8.168662,0.615898,9.299495,7.703780,6.905922,6.108064,5.310206,4.512348,3.953848,3.714490,2.916633,2.118775,1.320917,8.919329,7.285596,6.468730,5.651864,4.834998,4.018131,3.446325,3.201265,2.384399,1.567533,0.750667,17.220202,INTERPOLATED,1.011893,0.000000,MATCHED,
CG6-0313|2026-01-23|L12|S17,CG6-0313,2026-01-23,12,17,L12-17,results.zip/day8.xlsx,5.692447,24.735436,34.859829,688096.270288,2736931.153494,2026-01-23 10:43:47,1,300.463000,12.240567,288.222433,290.132064,-1.909631,188.333479,-36.585932,0.053678,-3.522680,58.131815,25.068563,0.070881,11.832929,8.065343,0.673473,9.274918,7.695553,6.905871,6.116188,5.326506,4.536824,3.984046,3.747142,2.957459,2.167777,1.378095,8.937878,7.324810,6.518275,5.711741,4.905207,4.098673,3.534099,3.292138,2.485604,1.679070,0.872536,17.082014,INTERPOLATED,1.011893,0.000000,MATCHED,
CG6-0313|2026-01-23|L12|S18,CG6-0313,2026-01-23,12,18,L12-18,results.zip/day8.xlsx,6.817690,24.734669,34.861764,688293.147549,2736848.871328,2026-01-23 10:46:47,1,297.959000,12.233080,285.725920,287.593995,-1.868075,185.836965,-36.213465,0.053687,-3.575287,57.361265,24.723087,0.070887,11.726904,7.959317,0.677070,9.138799,7.580370,6.801156,6.021942,5.242727,4.463513,3.918063,3.684298,2.905084,2.125870,1.346655,8.804454,7.212590,6.416659,5.620727,4.824795,4.028864,3.471711,3.232932,2.437000,1.641069,0.845137,16.967003,INTERPOLATED,1.011893,0.000000,MATCHED,
CG6-0313|2026-01-23|L12|S19,CG6-0313,2026-01-23,12,19,L12-19,results.zip/day8.xlsx,4.675980,24.736133,34.862046,688319.551723,2737011.462636,2026-01-23 10:50:18,1,295.609000,12.232138,283.376862,285.333991,-1.957129,183.487907,-35.477811,0.053645,-3.474831,56.636224,24.633244,0.070856,11.624959,7.857372,0.686278,9.245948,7.707218,6.937853,6.168489,5.399124,4.629759,4.091204,3.860394,3.091030,2.321665,1.552300,8.918500,7.347026,6.561289,5.775551,4.989814,4.204077,3.654061,3.418340,2.632603,1.846866,1.061128,16.852557,INTERPOLATED,1.011893,0.000000,MATCHED,
CG6-0313|2026-01-23|L12|S20,CG6-0313,2026-01-23,12,20,L12-20,results.zip/day8.xlsx,5.471031,24.737647,34.861875,688299.919310,2737178.919845,2026-01-23 10:53:31,1,293.671000,12.232942,281.438058,282.671305,-1.233247,181.549103,-34.774599,0.053641,-3.370970,56.037807,24.634177,0.070853,11.566809,7.799222,0.624482,9.409470,7.886999,7.125764,6.364528,5.603293,4.842057,4.309193,4.080822,3.319587,2.558351,1.797116,9.035733,7.475888,6.695966,5.916044,5.136121,4.356199,3.810254,3.576277,2.796355,2.016432,1.236510,16.774328,INTERPOLATED,1.011893,0.000000,MATCHED,
CG6-0313|2026-01-23|L12|S21,CG6-0313,2026-01-23,12,21,L12-21,results.zip/day8.xlsx,3.754025,24.738600,34.863291,688441.700683,2737286.412732,2026-01-23 10:57:25,1,290.838000,12.227585,278.610415,280.533645,-1.923230,178.721460,-33.799296,0.053649,-3.305598,55.165048,24.671351,0.070859,11.450260,7.682673,0.619104,9.683769,8.185011,7.435632,6.686253,5.936874,5.187494,4.662929,4.438115,3.688736,2.939357,2.189978,9.306004,7.769469,7.001202,6.232934,5.464667,4.696400,4.158613,3.928132,3.159865,2.391598,1.623330,16.596710,INTERPOLATED,1.011893,0.000000,MATCHED,
CG6-0313|2026-01-23|L12|S22,CG6-0313,2026-01-23,12,22,L12-22,results.zip/day8.xlsx,5.620934,24.738335,34.865124,688627.544386,2737259.599010,2026-01-23 11:02:01,1,287.450000,12.220508,275.229492,275.984328,-0.754837,175.340537,-33.022851,0.053721,-3.323771,54.121520,24.422439,0.070913,11.302849,7.535262,0.634188,9.718382,8.247976,7.512773,6.777570,6.042367,5.307165,4.792522,4.571962,3.836759,3.101556,2.366353,9.351915,7.844863,7.091337,6.337810,5.584284,4.830758,4.303290,4.077232,3.323706,2.570180,1.816653,16.458246,INTERPOLATED,1.011893,0.000000,MATCHED,
CG6-0313|2026-01-23|L12|S23,CG6-0313,2026-01-23,12,23,L12-23,results.zip/day8.xlsx,5.516788,24.738494,34.866871,688804.068829,2737279.527680,2026-01-23 11:05:25,1,284.878000,12.213796,272.664204,274.392015,-1.727811,172.775249,-32.219902,0.053667,-3.312920,53.329737,24.422755,0.070872,11.211688,7.444101,0.590396,9.933823,8.484929,7.760483,7.036036,6.311590,5.587143,5.080030,4.862696,4.138250,3.413803,2.689356,9.534553,8.045733,7.301323,6.556913,5.812503,5.068093,4.547006,4.323683,3.579272,2.834862,2.090452,16.301701,INTERPOLATED,1.011893,0.000000,MATCHED,
CG6-0313|2026-01-23|L12|S24,CG6-0313,2026-01-23,12,24,L12-24,results.zip/day8.xlsx,9.673450,24.739251,34.868855,689003.584022,2737366.129339,2026-01-23 11:08:45,1,282.179000,12.206206,269.972794,270.351281,-0.378487,170.083839,-31.335407,0.053676,-3.260976,52.499024,24.424593,0.070879,11.143000,7.375413,0.472480,10.161362,8.735039,8.021878,7.308716,6.595555,5.882393,5.383180,5.169232,4.456070,3.742909,3.029747,9.673766,8.198683,7.461142,6.723601,5.986059,5.248518,4.732239,4.510977,3.773435,3.035894,2.298353,16.088519,INTERPOLATED,1.011893,0.000000,MATCHED,
CG6-0313|2026-01-23|L12|S25,CG6-0313,2026-01-23,12,25,L12-25,results.zip/day8.xlsx,7.504959,24.739406,34.870450,689164.695820,2737385.514099,2026-01-23 11:15:07,1,280.280000,12.200069,268.079931,268.495651,-0.415720,168.190977,-30.681653,0.053681,-3.250335,51.914786,24.483467,0.070883,11.072013,7.304426,0.450104,10.378972,8.968522,8.263298,7.558073,6.852848,6.147623,5.653966,5.442399,4.737174,4.031949,3.326724,9.874615,8.413730,7.683287,6.952844,6.222402,5.491959,4.980649,4.761516,4.031074,3.300631,2.570189,15.945530,INTERPOLATED,1.011893,0.000000,MATCHED,
CG6-0313|2026-01-23|L12|S26,CG6-0313,2026-01-23,12,26,L12-26,results.zip/day8.xlsx,4.824045,24.739031,34.872736,689396.516953,2737347.108233,2026-01-23 11:18:34,1,277.380000,12.191246,265.188754,265.701555,-0.512801,165.299799,-29.669065,0.053710,-3.276082,51.022414,24.629430,0.070905,10.950057,7.182471,0.452050,10.767389,9.381185,8.688083,7.994981,7.301879,6.608777,6.123605,5.915675,5.222572,4.529470,3.836368,10.264489,8.827995,8.109748,7.391501,6.673254,5.955007,5.452234,5.236760,4.518513,3.800266,3.082018,15.779117,INTERPOLATED,1.011893,0.000000,MATCHED,
CG6-0313|2026-01-23|L12|S27,CG6-0313,2026-01-23,12,27,L12-27,results.zip/day8.xlsx,2.414069,24.740455,34.873861,689508.174553,2737506.482212,2026-01-23 11:21:55,1,274.537000,12.186954,262.350046,262.697506,-0.347460,162.461092,-28.499892,0.053680,-3.178330,50.146233,24.824671,0.070882,10.842048,7.074461,0.422633,11.200684,9.838285,9.157086,8.475886,7.794687,7.113487,6.636648,6.432288,5.751089,5.069889,4.388690,10.675749,9.260857,8.553411,7.845965,7.138519,6.431073,5.935860,5.723627,5.016180,4.308734,3.601288,15.595480,INTERPOLATED,1.011893,0.000000,MATCHED,
CG6-0313|2026-01-23|L12|S28,CG6-0313,2026-01-23,12,28,L12-28,results.zip/day8.xlsx,3.104944,24.742222,34.873994,689518.941426,2737702.366048,2026-01-23 11:25:52,1,272.333000,12.186490,260.146510,260.139179,0.007331,160.257555,-27.765820,0.053723,-3.057107,49.466099,24.757387,0.070915,10.754635,6.987048,0.409332,11.318188,9.974268,9.302308,8.630348,7.958388,7.286428,6.816057,6.614469,5.942509,5.270549,4.598589,10.783290,9.385880,8.687176,7.988471,7.289766,6.591061,6.101968,5.892356,5.193651,4.494947,3.796242,15.473584,INTERPOLATED,1.011893,0.000000,MATCHED,
CG6-0313|2026-01-23|L12|S29,CG6-0313,2026-01-23,12,29,L12-29,results.zip/day8.xlsx,3.831184,24.744001,34.873420,689458.193421,2737898.615475,2026-01-23 11:33:23,1,269.917000,12.188766,257.728234,257.812961,-0.084726,157.839279,-26.943318,0.053926,-2.935045,48.719684,24.711412,0.071068,10.650173,6.882586,0.417513,11.475010,10.151370,9.489550,8.827730,8.165909,7.504089,7.040815,6.842269,6.180449,5.518629,4.856809,10.946240,9.569722,8.881464,8.193205,7.504946,6.816688,6.334907,6.128429,5.440171,4.751912,4.063653,15.412084,INTERPOLATED,1.011893,0.000000,MATCHED,
CG6-0313|2026-01-23|L12|S30,CG6-0313,2026-01-23,12,30,L12-30,results.zip/day8.xlsx,3.201139,24.744884,34.874809,689597.332114,2737998.343085,2026-01-23 11:36:41,1,266.474000,12.183398,254.290602,254.133679,0.156923,154.401647,-25.835838,0.053750,-2.874457,47.658640,24.697259,0.070935,10.511232,6.743645,0.403633,11.749137,10.454325,9.806919,9.159513,8.512107,7.864700,7.411516,7.217294,6.569888,5.922482,5.275076,11.209970,9.861241,9.186877,8.512512,7.838148,7.163783,6.691728,6.489419,5.815054,5.140690,4.466326,15.240980,INTERPOLATED,1.011893,0.000000,MATCHED,
CG6-0313|2026-01-23|L12|S31,CG6-0313,2026-01-23,12,31,L12-31,results.zip/day8.xlsx,8.224020,24.744396,34.876620,689781.279817,2737946.838465,2026-01-23 11:40:08,1,263.526000,12.175488,251.350512,251.240757,0.109755,151.461557,-25.206494,0.053762,-2.907920,46.751166,24.452592,0.070945,10.364635,6.597048,0.465895,11.751026,10.480869,9.845791,9.210712,8.575634,7.940556,7.496001,7.305477,6.670399,6.035321,5.400242,11.258496,9.939087,9.279382,8.619677,7.959973,7.300268,6.838475,6.640563,5.980858,5.321154,4.661449,15.118613,INTERPOLATED,1.011893,0.000000,MATCHED,
CG6-0313|2026-01-23|L12|S32,CG6-0313,2026-01-23,12,32,L12-32,results.zip/day8.xlsx,2.549703,24.743283,34.878264,689949.247751,2737825.825080,2026-01-23 11:43:48,1,261.052000,12.168225,248.883775,248.956780,-0.073004,148.994820,-24.782635,0.053755,-2.984298,45.989794,24.191457,0.070939,10.241916,6.474329,0.517395,11.696752,10.447281,9.822546,9.197810,8.573075,7.948340,7.511025,7.323605,6.698869,6.074134,5.449399,11.242799,9.947933,9.300501,8.653068,8.005635,7.358202,6.904999,6.710769,6.063336,5.415903,4.768470,15.051000,INTERPOLATED,1.011893,0.000000,MATCHED,
CG6-0313|2026-01-23|L12|S33,CG6-0313,2026-01-23,12,33,L12-33,results.zip/day8.xlsx,4.049437,24.743270,34.880075,690132.453467,2737826.814907,2026-01-23 11:47:20,1,258.470000,12.160237,246.309763,246.395834,-0.086072,146.420808,-23.986484,0.053749,-2.985243,45.195309,24.194068,0.070934,10.134062,6.366475,0.517197,11.915219,10.687334,10.073392,9.459450,8.845507,8.231565,7.801805,7.617622,7.003680,6.389737,5.775795,11.461119,10.187824,9.551176,8.914529,8.277881,7.641234,7.195580,7.004586,6.367939,5.731291,5.094644,14.901727,INTERPOLATED,1.011893,0.000000,MATCHED,
CG6-0313|2026-01-23|L12|S34,CG6-0313,2026-01-23,12,34,L12-34,results.zip/day8.xlsx,4.846125,24.744370,34.881583,690283.294056,2737950.762806,2026-01-23 11:51:12,1,256.095000,12.153567,243.941433,243.925244,0.016190,144.052479,-23.243351,0.053884,-2.909759,44.464307,24.130715,0.071037,10.046776,6.279189,0.485108,12.050474,10.842450,10.238438,9.634426,9.030414,8.426402,8.003593,7.822390,7.218378,6.614366,6.010354,11.572337,10.316499,9.688581,9.060662,8.432743,7.804824,7.365281,7.176905,6.548986,5.921067,5.293148,14.706866,INTERPOLATED,1.011893,0.000000,MATCHED,
CG6-0313|2026-01-23|L13|S1,CG6-0313,2026-01-23,13,1,L13-1,results.zip/day8.xlsx,5.776431,24.802005,34.953062,697422.546511,2744436.195706,2026-01-23 13:22:38,1,71.297000,11.762911,59.534089,61.744725,-2.210636,-40.354866,7.668440,0.053606,1.048403,-12.456757,-5.836720,0.070827,2.178175,-1.589412,0.849298,-2.452561,-2.114145,-1.944938,-1.775730,-1.606522,-1.437314,-1.318868,-1.268106,-1.098898,-0.929690,-0.760482,-2.657897,-2.340015,-2.181074,-2.022133,-1.863192,-1.704250,-1.592992,-1.545309,-1.386368,-1.227427,-1.068486,5.135120,INTERPOLATED,1.011893,0.000000,MATCHED,
CG6-0313|2026-01-23|L13|S2,CG6-0313,2026-01-23,13,2,L13-2,results.zip/day8.xlsx,3.897536,24.803251,34.951721,697285.012361,2744572.212060,2026-01-23 13:26:55,1,76.861000,11.768026,65.092974,64.612773,0.480201,-34.795981,6.558025,0.053616,1.134010,-10.740826,-5.316811,0.070834,2.460771,-1.306816,0.717101,-2.398820,-2.107021,-1.961121,-1.815222,-1.669322,-1.523423,-1.421293,-1.377523,-1.231624,-1.085724,-0.939825,-2.703179,-2.441816,-2.311135,-2.180453,-2.049771,-1.919090,-1.827613,-1.788408,-1.657727,-1.527045,-1.396364,5.167412,INTERPOLATED,1.011893,0.000000,MATCHED,
CG6-0313|2026-01-23|L13|S3,CG6-0313,2026-01-23,13,3,L13-3,results.zip/day8.xlsx,1.597554,24.804650,34.950474,697156.709031,2744725.417609,2026-01-23 13:30:26,1,82.396000,11.772458,70.623542,70.293927,0.329615,-29.265413,5.320983,0.053661,1.230203,-9.033640,-4.942860,0.070868,2.691284,-1.076303,0.720795,-2.488663,-2.243243,-2.120533,-1.997823,-1.875113,-1.752403,-1.666507,-1.629694,-1.506984,-1.384274,-1.261564,-2.790255,-2.574994,-2.467364,-2.359734,-2.252104,-2.144473,-2.069132,-2.036843,-1.929213,-1.821583,-1.713952,5.189695,INTERPOLATED,1.011893,0.000000,MATCHED,
CG6-0313|2026-01-23|L13|S4,CG6-0313,2026-01-23,13,4,L13-4,results.zip/day8.xlsx,2.650914,24.806046,34.949309,697036.653430,2744878.344305,2026-01-23 13:33:39,1,87.243000,11.776499,75.466501,75.640039,-0.173538,-24.422454,4.374638,0.053548,1.326153,-7.538711,-4.490226,0.070783,2.840462,-0.927125,0.864675,-2.442159,-2.237352,-2.134949,-2.032546,-1.930142,-1.827739,-1.756057,-1.725336,-1.622932,-1.520529,-1.418126,-2.635977,-2.450552,-2.357839,-2.265127,-2.172414,-2.079702,-2.014803,-1.986989,-1.894277,-1.801564,-1.708852,5.212587,INTERPOLATED,1.011893,0.000000,MATCHED,
CG6-0313|2026-01-23|L13|S5,CG6-0313,2026-01-23,13,5,L13-5,results.zip/day8.xlsx,4.198059,24.807550,34.948520,696954.514469,2745043.846996,2026-01-23 13:36:42,1,92.495000,11.778445,80.716555,80.426261,0.290295,-19.172400,3.262069,0.053518,1.429575,-5.918123,-4.085628,0.070760,3.072589,-0.694998,0.832656,-2.477831,-2.317051,-2.236661,-2.156272,-2.075882,-1.995492,-1.939219,-1.915102,-1.834712,-1.754322,-1.673932,-2.695632,-2.556633,-2.487133,-2.417633,-2.348133,-2.278634,-2.229984,-2.209134,-2.139634,-2.070134,-2.000634,5.203282,INTERPOLATED,1.011893,0.000000,MATCHED,
CG6-0313|2026-01-23|L13|S6,CG6-0313,2026-01-23,13,6,L13-6,results.zip/day8.xlsx,2.815715,24.808458,34.946810,696780.152629,2745141.902313,2026-01-23 13:40:18,1,98.736000,11.786082,86.949918,86.870700,0.079217,-12.939037,1.727312,0.053520,1.491964,-3.994011,-3.758663,0.070762,3.293229,-0.474358,0.941392,-2.673595,-2.565088,-2.510835,-2.456582,-2.402328,-2.348075,-2.310098,-2.293822,-2.239568,-2.185315,-2.131061,-2.809947,-2.715075,-2.667639,-2.620204,-2.572768,-2.525332,-2.492127,-2.477896,-2.430460,-2.383024,-2.335589,5.313080,INTERPOLATED,1.011893,0.000000,MATCHED,
CG6-0313|2026-01-23|L13|S7,CG6-0313,2026-01-23,13,7,L13-7,results.zip/day8.xlsx,2.879147,24.809291,34.945204,696616.539554,2745231.908520,2026-01-23 13:43:50,1,104.556000,11.793299,92.762701,92.638313,0.124388,-7.126254,0.534141,0.053509,1.549263,-2.199729,-3.214851,0.070753,3.529772,-0.237815,0.960581,-2.617243,-2.557483,-2.527602,-2.497722,-2.467841,-2.437961,-2.417045,-2.408081,-2.378200,-2.348320,-2.318439,-2.739221,-2.691658,-2.667877,-2.644095,-2.620314,-2.596532,-2.579885,-2.572751,-2.548969,-2.525188,-2.501406,5.421644,INTERPOLATED,1.011893,0.000000,MATCHED,
CG6-0313|2026-01-23|L13|S8,CG6-0313,2026-01-23,13,8,L13-8,results.zip/day8.xlsx,9.712492,24.811084,34.944458,696538.265923,2745429.392367,2026-01-23 13:47:31,1,110.786000,11.794688,98.991312,99.004040,-0.012729,-0.897643,-0.714326,0.053476,1.672506,-0.277096,-2.663928,0.070728,3.825582,0.057995,0.868081,-2.588651,-2.581124,-2.577360,-2.573596,-2.569832,-2.566069,-2.563434,-2.562305,-2.558541,-2.554777,-2.551013,-2.779917,-2.791516,-2.797316,-2.803115,-2.808915,-2.814714,-2.818774,-2.820514,-2.826313,-2.832113,-2.837912,5.414037,INTERPOLATED,1.011893,0.000000,MATCHED,
CG6-0313|2026-01-23|L13|S9,CG6-0313,2026-01-23,13,9,L13-9,results.zip/day8.xlsx,5.336977,24.812345,34.943132,696402.190100,2745567.244051,2026-01-23 13:51:25,1,116.353000,11.799893,104.553107,104.840576,-0.287469,4.664153,-2.071657,0.053565,1.759257,1.439701,-2.391213,0.070795,4.082819,0.315232,0.803917,-2.782349,-2.821463,-2.841019,-2.860576,-2.880133,-2.899690,-2.913380,-2.919247,-2.938803,-2.958360,-2.977917,-3.021678,-3.084724,-3.116247,-3.147771,-3.179294,-3.210817,-3.232883,-3.242340,-3.273864,-3.305387,-3.336910,5.489757,INTERPOLATED,1.011893,0.000000,MATCHED,
CG6-0313|2026-01-23|L13|S10,CG6-0313,2026-01-23,13,10,L13-10,results.zip/day8.xlsx,6.012845,24.813703,34.941724,696257.761044,2745715.584605,2026-01-23 13:54:52,1,122.142000,11.805420,110.336580,109.680047,0.656533,10.447625,-3.390342,0.053439,1.852595,3.224920,-2.018017,0.070700,4.358610,0.591023,0.715034,-2.894155,-2.981768,-3.025575,-3.069382,-3.113189,-3.156996,-3.187661,-3.200803,-3.244610,-3.288417,-3.332224,-3.200063,-3.318267,-3.377369,-3.436472,-3.495574,-3.554676,-3.596048,-3.613778,-3.672881,-3.731983,-3.791085,5.575737,INTERPOLATED,1.011893,0.000000,MATCHED,
CG6-0313|2026-01-23|L13|S11,CG6-0313,2026-01-23,13,11,L13-11,results.zip/day8.xlsx,6.872552,24.815025,34.940466,696128.468769,2745860.198484,2026-01-23 13:57:58,1,127.431000,11.810240,115.620760,115.507049,0.113712,15.731805,-4.667079,0.053470,1.943489,4.856016,-1.754552,0.070724,4.574960,0.807373,0.728960,-3.073822,-3.205749,-3.271712,-3.337675,-3.403639,-3.469602,-3.515777,-3.535566,-3.601529,-3.667493,-3.733456,-3.369298,-3.530773,-3.611510,-3.692247,-3.772985,-3.853722,-3.910238,-3.934459,-4.015197,-4.095934,-4.176671,5.654607,INTERPOLATED,1.011893,0.000000,MATCHED,
CG6-0313|2026-01-23|L13|S12,CG6-0313,2026-01-23,13,12,L13-12,results.zip/day8.xlsx,6.465836,24.816137,34.938944,695972.873567,2745981.203969,2026-01-23 14:00:56,1,132.432000,11.816766,120.615234,120.677189,-0.061955,20.726279,-5.974435,0.053435,2.019965,6.397682,-1.596719,0.070697,4.728654,0.961067,0.877742,-3.334825,-3.508635,-3.595540,-3.682446,-3.769351,-3.856256,-3.917090,-3.943162,-4.030067,-4.116972,-4.203877,-3.518853,-3.711067,-3.807174,-3.903280,-3.999387,-4.095494,-4.162768,-4.191600,-4.287707,-4.383814,-4.479921,5.770511,INTERPOLATED,1.011893,0.000000,MATCHED,
CG6-0313|2026-01-23|L13|S13,CG6-0313,2026-01-23,13,13,L13-13,results.zip/day8.xlsx,6.323198,24.817298,34.937290,695803.778952,2746107.396941,2026-01-23 14:04:20,1,138.690000,11.823960,126.866040,126.547214,0.318826,26.977085,-7.082255,0.053482,2.099782,8.327141,-0.854896,0.070733,5.050885,1.283299,0.717182,-3.117194,-3.343424,-3.456539,-3.569654,-3.682769,-3.795884,-3.875064,-3.908999,-4.022114,-4.135229,-4.248343,-3.421493,-3.678153,-3.806482,-3.934812,-4.063142,-4.191472,-4.281303,-4.319802,-4.448132,-4.576462,-4.704791,5.902619,INTERPOLATED,1.011893,0.000000,MATCHED,
CG6-0313|2026-01-23|L13|S14,CG6-0313,2026-01-23,13,14,L13-14,results.zip/day8.xlsx,6.754112,24.818510,34.935818,695653.064089,2746239.551381,2026-01-23 14:07:41,1,144.299000,11.830146,132.468854,132.338573,0.130281,32.579899,-8.308990,0.053465,2.183138,10.056577,-0.435551,0.070720,5.263744,1.496157,0.776102,-3.167702,-3.440917,-3.577524,-3.714132,-3.850739,-3.987347,-4.082972,-4.123954,-4.260562,-4.397169,-4.533777,-3.427866,-3.727097,-3.876713,-4.026328,-4.175944,-4.325560,-4.430291,-4.475175,-4.624791,-4.774407,-4.924023,6.020024,INTERPOLATED,1.011893,0.000000,MATCHED,
CG6-0313|2026-01-23|L13|S15,CG6-0313,2026-01-23,13,15,L13-15,results.zip/day8.xlsx,7.283772,24.818897,34.934888,695558.458450,2746281.096382,2026-01-23 14:11:23,1,147.795000,11.834571,135.960429,135.630212,0.330217,36.071474,-8.866533,0.053397,2.209759,11.134329,0.058037,0.070668,5.456786,1.689199,0.651573,-2.966917,-3.269413,-3.420660,-3.571908,-3.723156,-3.874403,-3.980277,-4.025651,-4.176899,-4.328146,-4.479394,-3.320361,-3.658201,-3.827121,-3.996041,-4.164960,-4.333880,-4.452124,-4.502800,-4.671720,-4.840640,-5.009560,6.104051,INTERPOLATED,1.011893,0.000000,MATCHED,
CG6-0313|2026-01-23|L14|S2,CG6-0313,2026-01-23,14,2,L14-2,results.zip/day8.xlsx,5.298048,24.805883,34.973079,699440.235510,2744894.882856,2026-01-23 14:37:47,1,54.987000,11.651509,43.335491,43.369013,-0.033523,-56.553464,11.064730,0.053398,1.314989,-17.457011,-7.707270,0.070669,1.177182,-2.590405,1.708467,-2.964697,-2.490439,-2.253311,-2.016182,-1.779053,-1.541925,-1.375935,-1.304796,-1.067667,-0.830539,-0.593410,-2.526460,-2.008379,-1.749339,-1.490299,-1.231258,-0.972218,-0.790889,-0.713177,-0.454137,-0.195096,0.063944,3.231742,INTERPOLATED,1.011893,0.000000,MATCHED,
CG6-0313|2026-01-23|L14|S3,CG6-0313,2026-01-23,14,3,L14-3,results.zip/day8.xlsx,3.163638,24.804396,34.973850,699520.585131,2744731.230351,2026-01-23 14:41:05,1,61.264000,11.649821,49.614179,49.467696,0.146483,-50.274776,9.698090,0.053343,1.212729,-15.518874,-7.033513,0.070627,1.396842,-2.370745,1.824893,-2.817471,-2.395866,-2.185064,-1.974262,-1.763460,-1.552658,-1.405096,-1.341856,-1.131053,-0.920251,-0.709449,-2.292023,-1.817874,-1.580800,-1.343725,-1.106651,-0.869576,-0.703624,-0.632502,-0.395427,-0.158353,0.078722,3.250145,INTERPOLATED,1.011893,0.000000,MATCHED,
CG6-0313|2026-01-23|L14|S4,CG6-0313,2026-01-23,14,4,L14-4,results.zip/day8.xlsx,7.075722,24.802874,34.974958,699635.070213,2744564.281017,2026-01-23 14:44:26,1,68.389000,11.646420,56.742580,56.907087,-0.164507,-43.146375,8.331784,0.053325,1.108122,-13.318450,-6.094788,0.070614,1.778763,-1.988824,1.603212,-2.476533,-2.114708,-1.933795,-1.752882,-1.571969,-1.391057,-1.264418,-1.210144,-1.029231,-0.848318,-0.667406,-2.117139,-1.719374,-1.520492,-1.321609,-1.122727,-0.923845,-0.784627,-0.724962,-0.526080,-0.327197,-0.128315,3.253344,INTERPOLATED,1.011893,0.000000,MATCHED,
CG6-0313|2026-01-23|L14|S5,CG6-0313,2026-01-23,14,5,L14-5,results.zip/day8.xlsx,4.534002,24.801539,34.975954,699737.913844,2744417.882026,2026-01-23 14:48:04,1,74.089000,11.643328,62.445672,63.266172,-0.820500,-37.443283,7.141598,0.053354,1.016373,-11.558001,-5.432776,0.070636,2.030890,-1.736697,1.568511,-2.292782,-1.978783,-1.821783,-1.664784,-1.507784,-1.350784,-1.240884,-1.193785,-1.036785,-0.879785,-0.722786,-1.959382,-1.612042,-1.438373,-1.264703,-1.091033,-0.917364,-0.795795,-0.743694,-0.570024,-0.396354,-0.222685,3.264662,INTERPOLATED,1.011893,0.000000,MATCHED,
CG6-0313|2026-01-23|L14|S6,CG6-0313,2026-01-23,14,6,L14-6,results.zip/day8.xlsx,8.207765,24.799752,34.976916,699837.962289,2744221.335099,2026-01-23 14:53:18,1,80.467000,11.641175,68.825825,68.886044,-0.060219,-31.063130,5.989166,0.053319,0.893542,-9.588561,-4.492937,0.070610,2.362245,-1.405342,1.398072,-1.887983,-1.627487,-1.497240,-1.366992,-1.236744,-1.106497,-1.015323,-0.976249,-0.846001,-0.715753,-0.585506,-1.682252,-1.401184,-1.260649,-1.120115,-0.979581,-0.839047,-0.740673,-0.698512,-0.557978,-0.417444,-0.276910,3.322443,INTERPOLATED,1.011893,0.000000,MATCHED,
CG6-0313|2026-01-23|L14|S7,CG6-0313,2026-01-23,14,7,L14-7,results.zip/day8.xlsx,2.524566,24.798246,34.977707,699920.379725,2744055.705875,2026-01-23 14:56:58,1,86.311000,11.639475,74.671525,75.137648,-0.466123,-25.217430,4.778536,0.053335,0.790055,-7.784101,-3.795620,0.070622,2.580563,-1.187024,1.469605,-1.680886,-1.469413,-1.363676,-1.257940,-1.152203,-1.046466,-0.972451,-0.940730,-0.834993,-0.729256,-0.623520,-1.421573,-1.184168,-1.065466,-0.946763,-0.828061,-0.709359,-0.626267,-0.590656,-0.471954,-0.353252,-0.234549,3.377354,INTERPOLATED,1.011893,0.000000,MATCHED,
CG6-0313|2026-01-23|L14|S8,CG6-0313,2026-01-23,14,8,L14-8,results.zip/day8.xlsx,8.702567,24.796851,34.978731,700026.203203,2743902.677736,2026-01-23 15:00:31,1,92.517000,11.636384,80.880616,81.066607,-0.185991,-19.008339,4.064305,0.053387,0.694179,-5.867475,-2.497349,0.070660,2.975792,-0.791795,1.109471,-0.903310,-0.743906,-0.664204,-0.584502,-0.504800,-0.425098,-0.369307,-0.345396,-0.265694,-0.185992,-0.106290,-0.913759,-0.755400,-0.676220,-0.597041,-0.517861,-0.438682,-0.383256,-0.359502,-0.280323,-0.201143,-0.121964,3.404044,INTERPOLATED,1.011893,0.000000,MATCHED_ID_TIEBREAK,
CG6-0313|2026-01-24|L15|S1,CG6-0313,2026-01-24,15,1,L15-1,results.zip/day9.xlsx,6.762590,24.689333,34.892680,691490.098412,2731870.120172,2026-01-24 09:08:09,1,242.249000,12.097949,230.151051,230.136193,0.014858,130.262096,-32.430727,0.053442,-6.683107,40.207871,14.460251,0.070702,9.467718,5.700131,0.487316,3.536471,2.444093,1.897904,1.351715,0.805526,0.259337,-0.122995,-0.286852,-0.833041,-1.379230,-1.925418,3.059988,1.919962,1.349949,0.779935,0.209922,-0.360091,-0.759100,-0.930104,-1.500117,-2.070130,-2.640143,17.905157,INTERPOLATED,1.011893,0.000000,MATCHED,
CG6-0313|2026-01-24|L15|S2,CG6-0313,2026-01-24,15,2,L15-2,results.zip/day9.xlsx,5.567554,24.688543,34.890861,691307.167498,2731780.095324,2026-01-24 09:32:18,1,244.508000,12.104851,232.403149,232.219074,0.184075,132.514194,-33.234979,0.053474,-6.737213,40.903002,14.405236,0.070726,9.599141,5.831554,0.388547,3.292596,2.181332,1.625700,1.070068,0.514436,-0.041197,-0.430139,-0.596829,-1.152461,-1.708093,-2.263725,2.742128,1.575817,0.992662,0.409506,-0.173649,-0.756804,-1.165013,-1.339960,-1.923115,-2.506271,-3.089426,18.096456,INTERPOLATED,1.011893,0.000000,MATCHED,
CG6-0313|2026-01-24|L15|S3,CG6-0313,2026-01-24,15,3,L15-3,results.zip/day9.xlsx,8.297584,24.687970,34.888934,691113.068334,2731713.928376,2026-01-24 09:36:22,1,247.329000,12.112275,235.216725,234.864476,0.352249,135.327770,-33.918387,0.053498,-6.776471,41.771438,14.629521,0.070745,9.704204,5.936617,0.423018,3.280935,2.146076,1.578647,1.011217,0.443788,-0.123641,-0.520842,-0.691071,-1.258500,-1.825929,-2.393359,2.756288,1.568965,0.975303,0.381641,-0.212020,-0.805682,-1.221245,-1.399344,-1.993006,-2.586667,-3.180329,18.278528,INTERPOLATED,1.011893,0.000000,MATCHED,
CG6-0313|2026-01-24|L15|S4,CG6-0313,2026-01-24,15,4,L15-4,results.zip/day9.xlsx,8.826595,24.687917,34.886889,690906.199026,2731705.245334,2026-01-24 09:39:54,1,249.233000,12.120448,237.112552,238.386860,-1.274308,137.223597,-34.585038,0.053524,-6.780079,42.356600,14.551641,0.070765,9.708830,5.941243,0.622910,3.044071,1.893313,1.317935,0.742556,0.167178,-0.408201,-0.810966,-0.983579,-1.558958,-2.134336,-2.709715,2.669156,1.480908,0.886783,0.292659,-0.301465,-0.895589,-1.311476,-1.489714,-2.083838,-2.677962,-3.272086,18.428756,INTERPOLATED,1.011893,0.000000,MATCHED,
CG6-0313|2026-01-24|L15|S5,CG6-0313,2026-01-24,15,5,L15-5,results.zip/day9.xlsx,8.256056,24.687883,34.885060,690721.134801,2731698.884473,2026-01-24 09:43:41,1,251.188000,12.127765,239.060235,239.106408,-0.046173,139.171281,-35.054677,0.053511,-6.782439,42.957769,14.685531,0.070754,9.779406,6.011819,0.652519,3.014627,1.847537,1.263991,0.680446,0.096901,-0.486644,-0.895126,-1.070189,-1.653734,-2.237280,-2.820825,2.661892,1.459528,0.858346,0.257164,-0.344018,-0.945200,-1.366027,-1.546382,-2.147564,-2.748746,-3.349928,18.563068,INTERPOLATED,1.011893,0.000000,MATCHED,
CG6-0313|2026-01-24|L15|S6,CG6-0313,2026-01-24,15,6,L15-6,results.zip/day9.xlsx,8.608069,24.687791,34.882982,690511.012268,2731685.838667,2026-01-24 09:46:35,1,253.354000,12.136042,241.217958,241.901358,-0.683400,141.329003,-35.928400,0.053554,-6.788720,43.623766,14.484086,0.070787,9.778807,6.011220,0.895685,2.632236,1.447051,0.854459,0.261866,-0.330726,-0.923319,-1.338134,-1.515911,-2.108504,-2.701096,-3.293689,2.461647,1.259403,0.658281,0.057159,-0.543963,-1.145085,-1.565870,-1.746207,-2.347328,-2.948450,-3.549572,18.720722,INTERPOLATED,1.011893,0.000000,MATCHED,
CG6-0313|2026-01-24|L15|S7,CG6-0313,2026-01-24,15,7,L15-7,results.zip/day9.xlsx,7.387745,24.686665,34.881611,690373.923818,2731559.232643,2026-01-24 09:49:34,1,255.421000,12.140851,243.280149,244.498124,-1.217976,143.391194,-36.648508,0.053492,-6.865839,44.260279,14.477609,0.070740,9.844438,6.076852,0.951316,2.452823,1.250345,0.649106,0.047866,-0.553373,-1.154612,-1.575480,-1.755851,-2.357091,-2.958330,-3.559569,2.323906,1.108536,0.500850,-0.106835,-0.714520,-1.322205,-1.747585,-1.929890,-2.537575,-3.145260,-3.752946,18.907308,INTERPOLATED,1.011893,0.000000,MATCHED,
CG6-0313|2026-01-24|L15|S8,CG6-0313,2026-01-24,15,8,L15-8,results.zip/day9.xlsx,8.390107,24.685951,34.880158,690228.009705,2731478.107663,2026-01-24 09:52:20,1,258.319000,12.146214,246.172786,246.548301,-0.375515,146.283831,-37.418629,0.053688,-6.914761,45.153113,14.649244,0.070889,9.919681,6.152094,1.074259,2.381882,1.155146,0.541778,-0.071590,-0.684958,-1.298326,-1.727684,-1.911694,-2.525062,-3.138431,-3.751799,2.345057,1.114638,0.499428,-0.115781,-0.730990,-1.346200,-1.776846,-1.961409,-2.576619,-3.191828,-3.807037,19.068099,INTERPOLATED,1.011893,0.000000,MATCHED,
CG6-0313|2026-01-24|L15|S9,CG6-0313,2026-01-24,15,9,L15-9,results.zip/day9.xlsx,9.104938,24.686953,34.878535,690062.226607,2731586.837392,2026-01-24 09:55:33,1,260.302000,12.153337,248.148663,248.208696,-0.060033,148.259708,-37.474348,0.053528,-6.846128,45.762979,15.134759,0.070767,10.073937,6.306350,0.883601,2.701700,1.458394,0.836741,0.215088,-0.406565,-1.028218,-1.463375,-1.649871,-2.271524,-2.893177,-3.514830,2.522060,1.260790,0.630155,-0.000480,-0.631115,-1.261750,-1.703195,-1.892385,-2.523020,-3.153655,-3.784290,19.110344,INTERPOLATED,1.011893,0.000000,MATCHED,
CG6-0313|2026-01-24|L15|S10,CG6-0313,2026-01-24,15,10,L15-10,results.zip/day9.xlsx,8.802376,24.687350,34.876976,689903.857415,2731628.677045,2026-01-24 09:58:37,1,263.036000,12.159836,250.876164,250.398657,0.477507,150.987209,-37.766295,0.053500,-6.818917,46.604839,15.657462,0.070746,10.237917,6.470330,0.751125,2.995674,1.729496,1.096406,0.463317,-0.169773,-0.802862,-1.246024,-1.435951,-2.069041,-2.702130,-3.335219,2.716801,1.422735,0.775702,0.128669,-0.518364,-1.165397,-1.618321,-1.812430,-2.459463,-3.106496,-3.753530,19.195380,INTERPOLATED,1.011893,0.000000,MATCHED,
CG6-0313|2026-01-24|L15|S11,CG6-0313,2026-01-24,15,11,L15-11,results.zip/day9.xlsx,10.209001,24.686201,34.875304,689736.430700,2731499.102270,2026-01-24 10:01:24,1,265.172000,12.165764,253.006236,253.298293,-0.292057,153.117282,-38.355232,0.053517,-6.897618,47.262300,15.804687,0.070759,10.321362,6.553775,0.766795,2.964272,1.680230,1.038209,0.396188,-0.245832,-0.887853,-1.337268,-1.529874,-2.171895,-2.813915,-3.455936,2.697136,1.386381,0.731004,0.075626,-0.579751,-1.235129,-1.693893,-1.890506,-2.545884,-3.201261,-3.856639,19.406042,INTERPOLATED,1.011893,0.000000,MATCHED,
CG6-0313|2026-01-24|L15|S12,CG6-0313,2026-01-24,15,12,L15-12,results.zip/day9.xlsx,11.127824,24.685939,34.873723,689576.804872,2731467.882788,2026-01-24 10:04:14,1,267.316000,12.171278,255.144722,255.982639,-0.837918,155.255767,-38.635478,0.053615,-6.915572,47.922356,16.202451,0.070833,10.428533,6.660946,0.720060,3.182702,1.880727,1.229740,0.578752,-0.072235,-0.723223,-1.178914,-1.374210,-2.025197,-2.676185,-3.327172,2.880559,1.548370,0.882275,0.216181,-0.449914,-1.116009,-1.582275,-1.782103,-2.448198,-3.114292,-3.780387,19.543313,INTERPOLATED,1.011893,0.000000,MATCHED,
CG6-0313|2026-01-24|L15|S13,CG6-0313,2026-01-24,15,13,L15-13,results.zip/day9.xlsx,8.639991,24.687089,34.872075,689408.273574,2731592.980156,2026-01-24 10:07:11,1,270.201000,12.177853,258.023147,258.301460,-0.278312,158.134192,-38.720392,0.053486,-6.836801,48.810796,16.927205,0.070736,10.539300,6.771713,0.746560,3.666071,2.339958,1.676901,1.013845,0.350788,-0.312269,-0.776408,-0.975325,-1.638382,-2.301439,-2.964495,3.383778,2.029436,1.352264,0.675093,-0.002078,-0.679249,-1.153269,-1.356421,-2.033592,-2.710763,-3.387935,19.580856,INTERPOLATED,1.011893,0.000000,MATCHED,
CG6-0313|2026-01-24|L15|S14,CG6-0313,2026-01-24,15,14,L15-14,results.zip/day9.xlsx,8.093787,24.687927,34.870591,689256.852991,2731683.764069,2026-01-24 10:09:59,1,272.917000,12.183657,260.733343,260.889302,-0.155959,160.844388,-38.939240,0.053549,-6.779389,49.647310,17.487460,0.070783,10.672457,6.904870,0.694445,3.999049,2.650208,1.975788,1.301367,0.626947,-0.047474,-0.519568,-0.721894,-1.396315,-2.070735,-2.745156,3.677719,2.296745,1.606258,0.915771,0.225284,-0.465203,-0.948544,-1.155690,-1.846177,-2.536664,-3.227151,19.628695,INTERPOLATED,1.011893,0.000000,MATCHED,
CG6-0313|2026-01-24|L15|S15,CG6-0313,2026-01-24,15,15,L15-15,results.zip/day9.xlsx,10.042526,24.686599,34.869314,689129.608305,2731534.887601,2026-01-24 10:12:41,1,275.745000,12.187202,263.557798,264.469466,-0.911669,163.668843,-39.217183,0.053520,-6.870369,50.519093,18.172280,0.070761,10.819752,7.052165,0.617375,4.447010,3.074483,2.388220,1.701957,1.015693,0.329430,-0.150955,-0.356834,-1.043097,-1.729361,-2.415624,4.067950,2.657517,1.952300,1.247084,0.541867,-0.163349,-0.657001,-0.868566,-1.573782,-2.278999,-2.984215,19.823496,INTERPOLATED,1.011893,0.000000,MATCHED,
CG6-0313|2026-01-24|L15|S16,CG6-0313,2026-01-24,15,16,L15-16,results.zip/day9.xlsx,7.219410,24.685135,34.869038,689103.891065,2731372.358871,2026-01-24 10:15:53,1,278.434000,12.187120,266.246880,266.715984,-0.469104,166.357925,-39.868951,0.053666,-6.970643,51.349092,18.450784,0.070872,10.944086,7.176499,0.586454,4.500009,3.104931,2.407392,1.709853,1.012315,0.314776,-0.173501,-0.382763,-1.080302,-1.777840,-2.475379,4.097786,2.662486,1.944836,1.227186,0.509537,-0.208113,-0.710468,-0.925763,-1.643413,-2.361063,-3.078713,19.954088,INTERPOLATED,1.011893,0.000000,MATCHED,
CG6-0313|2026-01-24|L15|S19,CG6-0313,2026-01-24,15,19,L15-19,results.zip/day9.xlsx,10.028783,24.685169,34.863998,688593.782426,2731369.175210,2026-01-24 10:25:31,1,285.938000,12.204777,273.733223,274.416311,-0.683088,173.844268,-41.375132,0.053573,-6.968319,53.659777,19.252964,0.070801,11.226724,7.459137,0.669929,4.674384,3.216526,2.487597,1.758668,1.029739,0.300810,-0.209440,-0.428119,-1.157048,-1.885977,-2.614906,4.334690,2.842862,2.096949,1.351035,0.605121,-0.140793,-0.662932,-0.886706,-1.632620,-2.378534,-3.124448,20.328201,INTERPOLATED,1.011893,0.000000,MATCHED,
CG6-0313|2026-01-24|L15|S20,CG6-0313,2026-01-24,15,20,L15-20,results.zip/day9.xlsx,7.512086,24.684842,34.862194,688411.659497,2731330.475733,2026-01-24 10:28:44,1,288.587000,12.210838,276.376162,276.577886,-0.201724,176.487207,-41.855662,0.053577,-6.990716,54.475528,19.610582,0.070804,11.368593,7.601006,0.587026,4.810365,3.330344,2.590333,1.850322,1.110311,0.370300,-0.147708,-0.369711,-1.109722,-1.849732,-2.589743,4.408571,2.888370,2.128269,1.368169,0.608068,-0.152032,-0.684103,-0.912133,-1.672233,-2.432334,-3.192435,20.487069,INTERPOLATED,1.011893,0.000000,MATCHED,
CG6-0313|2026-01-24|L15|S21,CG6-0313,2026-01-24,15,21,L15-21,results.zip/day9.xlsx,7.049968,24.686641,34.861646,688353.514919,2731529.045290,2026-01-24 10:32:23,1,291.153000,12.214148,278.938852,279.951581,-1.012729,179.049898,-41.814778,0.053695,-6.867454,55.266506,20.319182,0.070894,11.491390,7.723803,0.546058,5.304058,3.802545,3.051789,2.301033,1.550277,0.799520,0.273991,0.048764,-0.701992,-1.452748,-2.203505,4.871576,3.326815,2.554435,1.782055,1.009674,0.237294,-0.303372,-0.535086,-1.307466,-2.079847,-2.852227,20.393894,INTERPOLATED,1.011893,0.000000,MATCHED,
CG6-0313|2026-01-24|L15|S22,CG6-0313,2026-01-24,15,22,L15-22,results.zip/day9.xlsx,9.266334,24.687843,34.862582,688446.435250,2731663.424484,2026-01-24 10:35:36,1,293.820000,12.211784,281.608216,281.700624,-0.092409,181.719261,-41.942864,0.053602,-6.785145,56.090408,20.932689,0.070823,11.616070,7.848483,0.512006,5.693712,4.169814,3.407865,2.645916,1.883967,1.122018,0.588654,0.360069,-0.401879,-1.163828,-1.925777,5.235723,3.666026,2.881178,2.096329,1.311481,0.526633,-0.022761,-0.258216,-1.043064,-1.827912,-2.612760,20.234307,INTERPOLATED,1.011893,0.000000,MATCHED,
CG6-0313|2026-01-24|L15|S23,CG6-0313,2026-01-24,15,23,L15-23,results.zip/day9.xlsx,3.343009,24.689480,34.862553,688441.038404,2731844.690561,2026-01-24 10:38:33,1,296.417000,12.213143,284.203857,284.308855,-0.104998,184.314902,-42.018946,0.053923,-6.673014,56.891554,21.545622,0.071067,11.719701,7.952114,0.525901,6.088975,4.543310,3.770477,2.997645,2.224813,1.451980,0.910998,0.679148,-0.093685,-0.866517,-1.639349,5.641394,4.050971,3.255760,2.460548,1.665337,0.870126,0.313478,0.074914,-0.720297,-1.515509,-2.310720,20.113481,INTERPOLATED,1.011893,0.000000,MATCHED,STDDEV_GT_0.050
CG6-0313|2026-01-24|L15|S24,CG6-0313,2026-01-24,15,24,L15-24,results.zip/day9.xlsx,4.804333,24.690316,34.860756,688257.917630,2731934.772841,2026-01-24 10:42:18,1,297.427000,12.220143,285.206857,288.104281,-2.897424,185.317902,-42.139967,0.053554,-6.615773,57.201130,21.676936,0.070787,11.752437,7.984850,0.550786,6.136177,4.582101,3.805063,3.028025,2.250987,1.473949,0.930023,0.696911,-0.080127,-0.857165,-1.634203,5.707237,4.110267,3.311782,2.513297,1.714812,0.916327,0.357388,0.117842,-0.680643,-1.479128,-2.277613,20.186012,INTERPOLATED,1.011893,0.000000,MATCHED,
CG6-0313|2026-01-24|L15|S25,CG6-0313,2026-01-24,15,25,L15-25,results.zip/day9.xlsx,8.044948,24.692038,34.860217,688200.833541,2732124.829718,2026-01-24 10:45:47,1,301.914000,12.223401,289.690599,289.798951,-0.108352,189.801644,-42.509008,0.053642,-6.497764,58.585038,22.573794,0.070854,11.950667,8.183080,0.523479,6.657028,5.065352,4.269513,3.473675,2.677837,1.881998,1.324912,1.086160,0.290322,-0.505517,-1.301355,6.207633,4.571017,3.752709,2.934401,2.116093,1.297785,0.724970,0.479477,-0.338831,-1.157139,-1.975447,20.096834,INTERPOLATED,1.011893,0.000000,MATCHED,
CG6-0313|2026-01-24|L15|S26,CG6-0313,2026-01-24,15,26,L15-26,results.zip/day9.xlsx,11.660431,24.693521,34.859138,688089.369451,2732287.615859,2026-01-24 10:48:50,1,304.128000,12.228412,291.899588,291.967930,-0.068342,192.010633,-42.677284,0.053602,-6.396158,59.266841,22.985715,0.070823,12.037282,8.269695,0.539520,6.883703,5.273502,4.468402,3.663301,2.858200,2.053100,1.489529,1.247999,0.442899,-0.362202,-1.167302,6.446324,4.792385,3.965416,3.138446,2.311476,1.484507,0.905628,0.657537,-0.169432,-0.996402,-1.823371,20.067077,INTERPOLATED,1.011893,0.000000,MATCHED,
CG6-0313|2026-01-24|L15|S27,CG6-0313,2026-01-24,15,27,L15-27,results.zip/day9.kml,5.284349,24.694752,34.857665,687938.529872,2732421.925039,2026-01-24 10:52:17,1,306.837457,12.234649,294.602807,294.992410,-0.389602,194.713853,-43.090401,0.053590,-6.311830,60.101187,23.322617,0.070814,12.149411,8.381824,0.542770,6.993913,5.361043,4.544608,3.728172,2.911737,2.095302,1.523797,1.278867,0.462432,-0.354004,-1.170439,6.558968,4.882603,4.044421,3.206239,2.368056,1.529874,0.943146,0.691691,-0.146491,-0.984674,-1.822856,20.084847,INTERPOLATED,1.011893,0.000000,MATCHED,
CG6-0313|2026-01-24|L15|S28,CG6-0313,2026-01-24,15,28,L15-28,results.zip/day9.kml,6.623327,24.695513,34.855813,687749.933237,2732503.635008,2026-01-24 10:55:20,1,308.697409,12.241890,296.455519,296.824018,-0.368499,196.566564,-43.556093,0.053594,-6.259715,60.673025,23.376648,0.070818,12.208090,8.440503,0.593514,6.892576,5.244169,4.419965,3.595761,2.771558,1.947354,1.370412,1.123151,0.298947,-0.525257,-1.349460,6.495642,4.807541,3.963491,3.119440,2.275390,1.431340,0.840505,0.587290,-0.256761,-1.100811,-1.944861,20.166464,INTERPOLATED,1.011893,0.000000,MATCHED,
CG6-0313|2026-01-24|L15|S29,CG6-0313,2026-01-24,15,29,L15-29,results.zip/day9.xlsx,6.203965,24.695988,34.853753,687540.737620,2732553.519861,2026-01-24 10:58:34,1,311.442000,12.249660,299.192340,299.006384,0.185956,199.303385,-44.291563,0.053689,-6.227112,61.517742,23.453291,0.070889,12.316065,8.548478,0.611616,6.739709,5.068351,4.232672,3.396993,2.561314,1.725634,1.140659,0.889955,0.054276,-0.781403,-1.617082,6.356334,4.646639,3.791791,2.936943,2.082095,1.227247,0.628854,0.372399,-0.482448,-1.337296,-2.192144,20.285043,INTERPOLATED,1.011893,0.000000,MATCHED,
CG6-0313|2026-01-24|L15|S30,CG6-0313,2026-01-24,15,30,L15-30,results.zip/day9.xlsx,3.594927,24.696667,34.852050,687367.475454,2732626.296052,2026-01-24 11:01:28,1,313.630000,12.256332,301.373668,301.427233,-0.053566,201.484713,-44.801970,0.053664,-6.180652,62.191006,23.569688,0.070870,12.398052,8.630465,0.636917,6.673180,4.983529,4.138704,3.293879,2.449053,1.604228,1.012850,0.759402,-0.085423,-0.930248,-1.775074,6.308758,4.582665,3.719618,2.856572,1.993525,1.130479,0.526346,0.267432,-0.595614,-1.458661,-2.321707,20.361399,INTERPOLATED,1.011893,0.000000,MATCHED,
CG6-0313|2026-01-24|L15|S34,CG6-0313,2026-01-24,15,34,L15-34,results.zip/day9.kml,5.059417,24.702126,34.847175,686865.989219,2733224.291953,2026-01-24 11:15:08,1,322.821568,12.278658,310.542910,310.945704,-0.402794,210.653955,-46.391284,0.053685,-5.806576,65.021066,24.436359,0.070886,12.789125,9.021538,0.619278,6.770918,5.004374,4.121102,3.237830,2.354558,1.471286,0.852995,0.588014,-0.295258,-1.178530,-2.061802,6.393283,4.588975,3.686821,2.784668,1.882514,0.980360,0.348852,0.078206,-0.823948,-1.726101,-2.628255,20.330575,INTERPOLATED,1.011893,0.000000,MATCHED,
CG6-0313|2026-01-24|L15|S35,CG6-0313,2026-01-24,15,35,L15-35,results.zip/day9.kml,9.893248,24.703404,34.846369,686782.486380,2733364.799262,2026-01-24 11:18:18,1,324.686505,12.282725,312.403780,313.286025,-0.882245,212.514825,-46.664804,0.053749,-5.718961,65.595416,24.649573,0.070935,12.859943,9.092356,0.638523,6.828080,5.045931,4.154856,3.263781,2.372707,1.481632,0.857880,0.590557,-0.300517,-1.191592,-2.082667,6.464861,4.646390,3.737154,2.827918,1.918683,1.009447,0.372982,0.100211,-0.809024,-1.718260,-2.627495,20.301643,INTERPOLATED,1.011893,0.000000,MATCHED,
CG6-0313|2026-01-24|L15|S36,CG6-0313,2026-01-24,15,36,L15-36,results.zip/day9.kml,5.984768,24.704387,34.844566,686598.622462,2733471.264053,2026-01-24 11:21:35,1,327.251727,12.290176,314.961551,315.495974,-0.534423,215.072596,-47.109839,0.053696,-5.651566,66.384863,24.926590,0.070894,12.946686,9.179099,0.693272,6.890602,5.087003,4.185204,3.283405,2.381605,1.479806,0.848546,0.578007,-0.323793,-1.225592,-2.127392,6.568393,4.732573,3.814663,2.896753,1.978844,1.060934,0.418397,0.143024,-0.774886,-1.692796,-2.610706,20.372658,INTERPOLATED,1.011893,0.000000,MATCHED,
CG6-0313|2026-01-24|L15|S37,CG6-0313,2026-01-24,15,37,L15-37,results.zip/day9.kml,1.758571,24.705687,34.843065,686444.843203,2733613.219970,2026-01-24 11:25:12,1,328.519336,12.296841,316.222495,320.438632,-4.216136,216.333541,-47.333242,0.053603,-5.562465,66.774047,25.003269,0.070824,12.975508,9.207921,0.757483,6.861538,5.047365,4.140279,3.233192,2.326106,1.419019,0.784058,0.511932,-0.395154,-1.302241,-2.209327,6.587427,4.745843,3.825051,2.904259,1.983467,1.062675,0.418120,0.141883,-0.778909,-1.699701,-2.620493,20.399833,INTERPOLATED,1.011893,0.000000,MATCHED,
CG6-0313|2026-01-24|L15|S38,CG6-0313,2026-01-24,15,38,L15-38,results.zip/day9.kml,5.938208,24.706565,34.841504,686285.503492,2733708.281336,2026-01-24 11:28:33,1,329.955372,12.303368,317.652004,319.953078,-2.301075,217.763049,-47.602899,0.053756,-5.502327,67.215258,25.114686,0.070940,13.050015,9.282428,0.718586,6.853076,5.026915,4.113835,3.200754,2.287674,1.374594,0.735437,0.461513,-0.451567,-1.364648,-2.277728,6.549829,4.693343,3.765100,2.836857,1.908615,0.980372,0.330602,0.052129,-0.876114,-1.804357,-2.732600,20.462958,INTERPOLATED,1.011893,0.000000,MATCHED,
CG6-0313|2026-01-24|L15|S39,CG6-0313,2026-01-24,15,39,L15-39,results.zip/day9.kml,3.648781,24.707962,34.839780,686109.018656,2733860.732833,2026-01-24 11:32:02,1,334.099415,12.311000,321.788414,324.043928,-2.255514,221.899460,-48.063492,0.053733,-5.406539,68.491943,25.834989,0.070922,13.203801,9.436215,0.771061,7.226500,5.365651,4.435227,3.504803,2.574378,1.643954,0.992657,0.713529,-0.216895,-1.147320,-2.077744,6.962560,5.075317,4.131696,3.188074,2.244453,1.300831,0.640296,0.357210,-0.586412,-1.530033,-2.473655,20.505277,INTERPOLATED,1.011893,0.000000,MATCHED,
CG6-0313|2026-01-24|L15|S40,CG6-0313,2026-01-24,15,40,L15-40,results.zip/day9.kml,3.336324,24.708521,34.838421,685970.725970,2733920.742986,2026-01-24 11:35:06,1,336.250538,12.316388,323.934149,324.876429,-0.942280,224.045194,-48.419919,0.053701,-5.368261,69.154213,26.102555,0.070898,13.294566,9.526979,0.768941,7.314125,5.435282,4.495861,3.556439,2.617018,1.677596,1.020001,0.738175,-0.201247,-1.140668,-2.080090,7.048597,5.143201,4.190503,3.237805,2.285108,1.332410,0.665521,0.379712,-0.572986,-1.525684,-2.478382,20.576804,INTERPOLATED,1.011893,0.000000,MATCHED,
CG6-0313|2026-01-24|L15|S41,CG6-0313,2026-01-24,15,41,L15-41,results.zip/day9.xlsx,10.142114,24.709405,34.836170,685741.595141,2734015.595724,2026-01-24 14:04:34,1,340.056000,12.324884,327.731116,327.883538,-0.152422,227.842161,-48.930902,0.053825,-5.307672,70.326127,26.702897,0.070992,13.460235,9.692648,0.751686,7.596054,5.685369,4.730027,3.774685,2.819343,1.864001,1.195261,0.908658,-0.046684,-1.002026,-1.957368,7.317601,5.379071,4.409806,3.440541,2.471277,1.502012,0.823526,0.532747,-0.436518,-1.405783,-2.375048,20.699967,INTERPOLATED,1.011893,0.000000,MATCHED,
CG6-0313|2026-01-24|L15|S42,CG6-0313,2026-01-24,15,42,L15-42,results.zip/day9.kml,0.242921,24.709520,34.834166,685538.715072,2734025.639042,2026-01-24 14:15:50,1,341.926807,12.332293,329.594515,330.133318,-0.538804,229.705560,-49.660608,0.053829,-5.299776,70.901256,26.540424,0.070995,13.546295,9.778708,0.730520,7.277316,5.351005,4.387849,3.424694,2.461539,1.498383,0.824174,0.535228,-0.427928,-1.391083,-2.354238,6.983008,5.027267,4.049396,3.071525,2.093654,1.115783,0.431274,0.137913,-0.839958,-1.817829,-2.795700,20.855362,INTERPOLATED,1.011893,0.000000,MATCHED,STDDEV_GT_0.050
CG6-0313|2026-01-24|L15|S43,CG6-0313,2026-01-24,15,43,L15-43,results.zip/day9.kml,4.070338,24.709596,34.832222,685341.859689,2734031.422883,2026-01-24 14:18:34,1,344.901905,12.338758,332.563147,332.506301,0.056846,232.674192,-50.598198,0.053548,-5.294568,71.817508,26.513877,0.070783,13.674055,9.906468,0.721748,7.001819,5.050614,4.075011,3.099408,2.123805,1.148202,0.465280,0.172599,-0.803004,-1.778607,-2.754209,6.700941,4.719648,3.729001,2.738354,1.747707,0.757060,0.063608,-0.233587,-1.224233,-2.214880,-3.205527,21.009284,INTERPOLATED,1.011893,0.000000,MATCHED,
CG6-0313|2026-01-24|L15|S44,CG6-0313,2026-01-24,15,44,L15-44,results.zip/day9.kml,2.145272,24.710651,34.830767,685193.161579,2734146.293261,2026-01-24 14:21:31,1,345.669239,12.343468,333.325770,335.380921,-2.055151,233.436816,-50.823206,0.053968,-5.222262,72.052885,26.451940,0.071101,13.720104,9.952517,0.684175,6.875929,4.918327,3.939527,2.960726,1.981926,1.003125,0.317965,0.024325,-0.954476,-1.933277,-2.912077,6.546905,4.556402,3.561150,2.565898,1.570647,0.575395,-0.121281,-0.419857,-1.415109,-2.410360,-3.405612,21.060512,INTERPOLATED,1.011893,0.000000,MATCHED,STDDEV_GT_0.050
CG6-0313|2026-01-24|L15|S45,CG6-0313,2026-01-24,15,45,L15-45,results.zip/day9.kml,2.808226,24.711442,34.829008,685013.951125,2734231.544287,2026-01-24 14:24:30,1,349.015918,12.349058,336.666861,337.879016,-1.212156,236.777906,-51.287662,0.053631,-5.168030,73.084090,26.964458,0.070845,13.864434,10.096847,0.672860,7.108263,5.122644,4.129834,3.137024,2.144214,1.151404,0.456438,0.158595,-0.834215,-1.827025,-2.819835,6.770764,4.751395,3.741710,2.732026,1.722341,0.712656,0.005877,-0.297028,-1.306713,-2.316398,-3.326083,21.155352,INTERPOLATED,1.011893,0.000000,MATCHED,
CG6-0313|2026-01-24|L15|S46,CG6-0313,2026-01-24,15,46,L15-46,results.zip/day9.kml,11.463634,24.711556,34.827003,684810.890301,2734241.473113,2026-01-24 14:28:30,1,352.452507,12.355212,340.097295,340.223095,-0.125800,240.208340,-52.081445,0.053550,-5.160209,74.142871,27.221636,0.070784,13.993489,10.225902,0.712332,7.077764,5.063377,4.056184,3.048990,2.041796,1.034603,0.329567,0.027409,-0.979784,-1.986978,-2.994171,6.769832,4.724652,3.702062,2.679472,1.656882,0.634291,-0.081522,-0.388299,-1.410889,-2.433479,-3.456069,21.314649,INTERPOLATED,1.011893,0.000000,MATCHED,
CG6-0313|2026-01-24|L15|S47,CG6-0313,2026-01-24,15,47,L15-47,results.zip/day9.xlsx,15.105504,24.712765,34.825817,684689.136278,2734373.799892,2026-01-24 14:31:46,1,356.496000,12.359210,344.136790,343.976856,0.159935,244.247836,-52.706438,0.053579,-5.077322,75.389630,27.760514,0.070806,14.141152,10.373565,0.770305,7.277891,5.229629,4.205497,3.181366,2.157235,1.133104,0.416212,0.108973,-0.915158,-1.939290,-2.963421,7.013384,4.938671,3.901315,2.863958,1.826602,0.789245,0.063096,-0.248111,-1.285468,-2.322824,-3.360181,21.337896,INTERPOLATED,1.011893,0.000000,MATCHED,
CG6-0313|2026-01-24|L15|S48,CG6-0313,2026-01-24,15,48,L15-48,results.zip/day9.kml,11.756564,24.713167,34.823832,684487.701342,2734415.668709,2026-01-24 14:35:42,1,359.574781,12.365418,347.209363,347.925778,-0.716415,247.320408,-53.507042,0.053668,-5.049753,76.337955,27.880666,0.070873,14.238151,10.470564,0.855301,7.140377,5.066348,4.029333,2.992319,1.955305,0.918290,0.192380,-0.118724,-1.155739,-2.192753,-3.229768,6.939538,4.845425,3.798369,2.751312,1.704256,0.657199,-0.075740,-0.389857,-1.436913,-2.483970,-3.531026,21.479506,INTERPOLATED,1.011893,0.000000,MATCHED,
CG6-0313|2026-01-24|L15|S49,CG6-0313,2026-01-24,15,49,L15-49,results.zip/day9.kml,9.772500,24.713310,34.822030,684305.236820,2734428.987673,2026-01-24 14:38:44,1,362.848344,12.370986,350.477359,350.264924,0.212435,250.588404,-54.460426,0.054040,-5.040009,77.346596,27.926178,0.071155,14.389400,10.621813,0.817329,6.911834,4.810400,3.759683,2.708966,1.658249,0.607531,-0.127971,-0.443186,-1.493903,-2.544620,-3.595337,6.682552,4.558190,3.496008,2.433827,1.371646,0.309464,-0.434063,-0.752717,-1.814898,-2.877080,-3.939261,21.622497,INTERPOLATED,1.011893,0.000000,MATCHED,STDDEV_GT_0.050
CG6-0313|2026-01-24|L15|S50,CG6-0313,2026-01-24,15,50,L15-50,results.zip/day9.kml,17.186992,24.714091,34.820485,684147.706217,2734513.433820,2026-01-24 14:42:05,1,365.471789,12.375998,353.095791,353.464449,-0.368658,253.206836,-55.136252,0.053878,-4.986455,78.154751,28.004954,0.071032,14.489803,10.722216,0.842395,6.771029,4.647636,3.585940,2.524244,1.462547,0.400851,-0.342336,-0.660845,-1.722542,-2.784238,-3.845934,6.560522,4.416079,3.343858,2.271636,1.199415,0.127193,-0.623362,-0.945028,-2.017250,-3.089472,-4.161693,21.705751,INTERPOLATED,1.011893,0.000000,MATCHED,STDDEV_GT_0.050
CG6-0313|2026-01-24|L15|S51,CG6-0313,2026-01-24,15,51,L15-51,results.zip/day9.xlsx,8.768335,24.714635,34.818557,683951.894383,2734571.145616,2026-01-24 14:45:14,1,369.413000,12.382116,357.030884,357.713626,-0.682742,257.141929,-56.248171,0.053946,-4.949132,79.369281,28.070242,0.071084,14.603371,10.835784,0.979713,6.506320,4.349927,3.271731,2.193535,1.115339,0.037143,-0.717594,-1.041053,-2.119249,-3.197445,-4.275641,6.398673,4.231517,3.147938,2.064360,0.980781,-0.102797,-0.861302,-1.186375,-2.269954,-3.353532,-4.437111,21.832831,INTERPOLATED,1.011893,0.000000,MATCHED,STDDEV_GT_0.050
CG6-0313|2026-01-24|L15|S52,CG6-0313,2026-01-24,15,52,L15-52,results.zip/day9.kml,10.716690,24.714844,34.816623,683755.886085,2734591.677558,2026-01-24 14:49:40,1,372.876665,12.388142,360.488523,360.908404,-0.419881,260.599568,-57.388045,0.053809,-4.934816,80.436448,27.983219,0.070980,14.681920,10.914333,1.157082,6.129339,3.943951,2.851257,1.758563,0.665869,-0.426825,-1.191710,-1.519519,-2.612213,-3.704907,-4.797601,6.154554,3.971687,2.880254,1.788821,0.697387,-0.394046,-1.158049,-1.485479,-2.576912,-3.668346,-4.759779,21.978434,INTERPOLATED,1.011893,0.000000,MATCHED,STDDEV_GT_0.050
CG6-0313|2026-01-24|L15|S53,CG6-0313,2026-01-24,15,53,L15-53,results.zip/day9.kml,11.933983,24.714406,34.814769,683568.906044,2734540.645700,2026-01-24 14:53:11,1,376.801496,12.393675,364.407821,365.700739,-1.292917,264.518867,-58.938082,0.053771,-4.964863,81.646101,27.672882,0.070951,14.761494,10.993907,1.383397,5.490330,3.272075,2.162947,1.053820,-0.055308,-1.164436,-1.940825,-2.273563,-3.382691,-4.491818,-5.600946,5.685069,3.486287,2.386897,1.287506,0.188115,-0.911275,-1.680849,-2.010666,-3.110057,-4.209447,-5.308838,22.159528,INTERPOLATED,1.011893,0.000000,MATCHED,STDDEV_GT_0.050
CG6-0313|2026-01-24|L15|S54,CG6-0313,2026-01-24,15,54,L15-54,results.zip/day9.kml,11.212932,24.713570,34.813022,683393.446827,2734445.734393,2026-01-24 14:56:14,1,381.250531,12.398702,368.851829,369.948355,-1.096526,268.962874,-60.535552,0.053691,-5.022160,83.017698,27.504306,0.070891,14.918494,11.150907,1.461727,4.949079,2.693557,1.565795,0.438034,-0.689727,-1.817489,-2.606922,-2.945250,-4.073011,-5.200773,-6.328534,5.202492,2.972311,1.857220,0.742129,-0.372962,-1.488052,-2.268616,-2.603143,-3.718234,-4.833324,-5.948415,22.357233,INTERPOLATED,1.011893,0.000000,MATCHED,
CG6-0313|2026-01-24|L15|S55,CG6-0313,2026-01-24,15,55,L15-55,results.zip/day9.kml,3.485395,24.714407,34.811296,683217.582264,2734536.137683,2026-01-24 14:59:23,1,390.223194,12.404346,377.818848,373.674856,4.143992,277.929893,-61.206770,0.053713,-4.964776,85.785262,29.543268,0.070907,15.322658,11.555071,1.386494,6.236067,3.905347,2.739987,1.574627,0.409267,-0.756093,-1.571845,-1.921453,-3.086813,-4.252173,-5.417533,6.433125,4.122111,2.966604,1.811097,0.655590,-0.499917,-1.308772,-1.655424,-2.810932,-3.966439,-5.121946,22.447157,INTERPOLATED,1.011893,0.000000,MATCHED,
CG6-0313|2026-01-24|L15|S56,CG6-0313,2026-01-24,15,56,L15-56,results.zip/day9.xlsx,13.681446,24.714942,34.809367,683021.613734,2734592.840262,2026-01-24 15:02:13,1,389.427000,12.410506,377.016494,378.032183,-1.015689,277.127539,-61.850210,0.053702,-4.928083,85.537624,28.615497,0.070899,15.221347,11.453760,1.567170,5.375582,3.051590,1.889594,0.727599,-0.434397,-1.596393,-2.409790,-2.758389,-3.920385,-5.082380,-6.244376,5.707977,3.417226,2.271850,1.126474,-0.018902,-1.164278,-1.966042,-2.309654,-3.455030,-4.600406,-5.745782,22.574271,INTERPOLATED,1.011893,0.000000,MATCHED,
CG6-0313|2026-01-24|L15|S57,CG6-0313,2026-01-24,15,57,L15-57,results.zip/day9.xlsx,13.732775,24.716149,34.808061,682887.694286,2734724.716207,2026-01-24 15:05:02,1,393.856000,12.415058,381.440942,381.626859,-0.185916,281.551987,-62.086801,0.053797,-4.845376,86.903172,29.661747,0.070971,15.469177,11.701590,1.400793,6.050797,3.689703,2.509155,1.328608,0.148060,-1.032487,-1.858871,-2.213035,-3.393582,-4.574130,-5.754677,6.258567,3.918249,2.748090,1.577931,0.407772,-0.762387,-1.581498,-1.932546,-3.102705,-4.272864,-5.443023,22.608736,INTERPOLATED,1.011893,0.000000,MATCHED,STDDEV_GT_0.050
CG6-0313|2026-01-24|L15|S58,CG6-0313,2026-01-24,15,58,L15-58,results.zip/day9.xlsx,12.640494,24.717642,34.806897,682767.803373,2734888.558867,2026-01-24 15:07:58,1,399.088000,12.419320,386.668680,388.874892,-2.206212,286.779725,-62.439584,0.053823,-4.742997,88.516641,30.820053,0.070991,15.714193,11.946606,1.331861,6.770706,4.365771,3.163303,1.960836,0.758369,-0.444099,-1.285826,-1.646566,-2.849033,-4.051501,-5.253968,6.926841,4.537519,3.342859,2.148198,0.953537,-0.241123,-1.077386,-1.435784,-2.630445,-3.825105,-5.019766,22.615171,INTERPOLATED,1.011893,0.000000,MATCHED,STDDEV_GT_0.050
CG6-0313|2026-01-24|L15|S59,CG6-0313,2026-01-24,15,59,L15-59,results.zip/day9.xlsx,12.545030,24.718299,34.805161,682591.142188,2734959.042292,2026-01-24 15:11:14,1,402.898000,12.425001,390.472999,391.049726,-0.576727,290.584044,-63.155866,0.053751,-4.697932,89.690790,31.232857,0.070936,15.930155,12.162568,1.181148,6.864479,4.427641,3.209222,1.990803,0.772384,-0.446035,-1.298928,-1.664454,-2.882872,-4.101291,-5.319710,6.907720,4.475206,3.258949,2.042693,0.826436,-0.389821,-1.241201,-1.606078,-2.822335,-4.038592,-5.254848,22.722399,INTERPOLATED,1.011893,0.000000,MATCHED,
CG6-0313|2026-01-24|L15|S60,CG6-0313,2026-01-24,15,60,L15-60,results.zip/day9.xlsx,13.763556,24.718757,34.802997,682371.587457,2735006.875250,2026-01-24 15:15:23,1,407.723000,12.431930,395.291070,397.883975,-2.592905,295.402115,-64.299713,0.053743,-4.666538,91.177817,31.544641,0.070930,16.145125,12.377538,1.146576,6.772220,4.294978,3.056357,1.817736,0.579115,-0.659506,-1.526541,-1.898127,-3.136749,-4.375370,-5.613991,6.789565,4.314057,3.076303,1.838549,0.600795,-0.636959,-1.503386,-1.874712,-3.112466,-4.350220,-5.587974,22.878973,INTERPOLATED,1.011893,0.000000,MATCHED,
CG6-0640|2026-01-16|L1|S1,CG6-0640,2026-01-16,1,1,1,results.zip/day1.xlsx,3.980532,24.824463,34.996211,701748.977197,2746986.969492,2026-01-16 07:27:51,2,13.728000,11.496197,2.231803,2.087013,0.144790,-97.657152,17.928214,0.008370,2.592576,-30.145243,-14.809605,0.047041,0.015077,-3.752510,0.209601,-6.620076,-5.801123,-5.391647,-4.982170,-4.572694,-4.163218,-3.876584,-3.753741,-3.344265,-2.934788,-2.525312,-7.304586,-6.554084,-6.178833,-5.803582,-5.428331,-5.053080,-4.790404,-4.677829,-4.302578,-3.927327,-3.552076,0.256661,INTERPOLATED,1.000000,0.000000,MATCHED,
CG6-0640|2026-01-16|L1|S2,CG6-0640,2026-01-16,1,2,2,results.zip/day1.xlsx,4.268453,24.822901,34.994965,701625.483224,2746812.043879,2026-01-16 07:47:27,2,15.330000,11.505683,3.824317,3.358046,0.466271,-96.064638,18.186856,0.008244,2.485105,-29.653648,-13.951897,0.047018,0.075243,-3.692344,0.227246,-5.895917,-5.090319,-4.687520,-4.284721,-3.881922,-3.479123,-3.197163,-3.076324,-2.673525,-2.270726,-1.867927,-6.567209,-5.828740,-5.459505,-5.090271,-4.721036,-4.351802,-4.093338,-3.982568,-3.613333,-3.244099,-2.874864,0.425524,INTERPOLATED,1.000000,0.000000,MATCHED,TILT_GT_20
CG6-0640|2026-01-16|L1|S3,CG6-0640,2026-01-16,1,3,3,results.zip/day1.xlsx,1.990125,24.822225,34.992861,701413.932685,2746734.117837,2026-01-16 07:53:33,2,17.909000,11.518235,6.390765,6.094083,0.296682,-93.498190,18.245844,0.008171,2.438651,-28.861409,-13.054216,0.047006,0.175024,-3.592563,0.248152,-5.213458,-4.429382,-4.037344,-3.645306,-3.253268,-2.861230,-2.586804,-2.469192,-2.077154,-1.685116,-1.293079,-5.869090,-5.150578,-4.791321,-4.432065,-4.072809,-3.713553,-3.462073,-3.354296,-2.995040,-2.635784,-2.276527,0.629631,INTERPOLATED,1.000000,0.000000,MATCHED,
CG6-0640|2026-01-16|L1|S4,CG6-0640,2026-01-16,1,4,4,results.zip/day1.xlsx,2.619013,24.821683,34.991070,701233.737914,2746671.393839,2026-01-16 07:59:23,2,20.228000,11.528853,8.699147,8.569713,0.129434,-91.189808,18.135965,0.008198,2.401347,-28.148834,-12.414216,0.047010,0.264025,-3.503562,0.268949,-4.767039,-4.002321,-3.619962,-3.237603,-2.855244,-2.472885,-2.205234,-2.090527,-1.708168,-1.325809,-0.943450,-5.407093,-4.706381,-4.356024,-4.005668,-3.655312,-3.304956,-3.059707,-2.954600,-2.604244,-2.253887,-1.903531,0.792529,INTERPOLATED,1.000000,0.000000,MATCHED,
CG6-0640|2026-01-16|L1|S5,CG6-0640,2026-01-16,1,5,5,results.zip/day1.xlsx,1.222999,24.820755,34.989334,701059.732034,2746566.057411,2026-01-16 08:03:59,2,21.989000,11.539822,10.449178,11.184023,-0.734845,-89.439777,18.190813,0.008098,2.337536,-27.608616,-11.755338,0.046993,0.324304,-3.443282,0.303925,-4.254919,-3.504877,-3.129856,-2.754835,-2.379814,-2.004793,-1.742278,-1.629772,-1.254751,-0.879730,-0.504709,-4.868773,-4.180117,-3.835789,-3.491460,-3.147132,-2.802804,-2.561774,-2.458476,-2.114147,-1.769819,-1.425491,0.990041,INTERPOLATED,1.000000,0.000000,MATCHED,
CG6-0640|2026-01-16|L1|S6,CG6-0640,2026-01-16,1,6,6,results.zip/day1.xlsx,3.581061,24.819623,34.987808,700907.310394,2746438.366866,2026-01-16 08:08:13,2,24.262000,11.549985,12.712015,12.265335,0.446681,-87.176939,18.156607,0.008016,2.259654,-26.910101,-11.013147,0.046979,0.401363,-3.366224,0.351511,-3.702489,-2.971423,-2.605890,-2.240357,-1.874825,-1.509292,-1.253419,-1.143759,-0.778226,-0.412693,-0.047160,-4.280699,-3.607454,-3.270832,-2.934209,-2.597587,-2.260964,-2.025329,-1.924342,-1.587719,-1.251097,-0.914475,1.188694,INTERPOLATED,1.000000,0.000000,MATCHED,
CG6-0640|2026-01-16|L1|S7,CG6-0640,2026-01-16,1,7,7,results.zip/day1.xlsx,0.401452,24.818747,34.986126,700738.653038,2746338.911345,2026-01-16 08:13:45,2,25.638000,11.560534,14.077466,13.875060,0.202406,-85.811489,18.251631,0.008038,2.199445,-26.488600,-10.436414,0.046983,0.429567,-3.338020,0.429073,-3.240263,-2.520647,-2.160840,-1.801032,-1.441225,-1.081417,-0.829552,-0.721610,-0.361802,-0.001994,0.357813,-3.760373,-3.092769,-2.758967,-2.425165,-2.091363,-1.757561,-1.523900,-1.423759,-1.089957,-0.756155,-0.422353,1.380542,INTERPOLATED,1.000000,0.000000,MATCHED,
CG6-0640|2026-01-16|L1|S8,CG6-0640,2026-01-16,1,8,8,results.zip/day1.xlsx,1.202858,24.816689,34.982571,700382.591219,2746105.721436,2026-01-16 08:20:12,2,29.976000,11.583112,18.392888,18.142746,0.250142,-81.496067,18.156848,0.008007,2.057922,-25.156476,-9.057550,0.046977,0.515037,-3.252550,0.683992,-2.223289,-1.539863,-1.198150,-0.856437,-0.514724,-0.173011,0.066188,0.168702,0.510415,0.852128,1.193841,-2.552450,-1.901940,-1.576685,-1.251430,-0.926175,-0.600920,-0.373242,-0.275665,0.049590,0.374845,0.700100,1.803072,INTERPOLATED,1.000000,0.000000,MATCHED,
CG6-0640|2026-01-16|L1|S9,CG6-0640,2026-01-16,1,9,9,results.zip/day1.xlsx,3.763521,24.815327,34.981040,700229.993240,2745952.655825,2026-01-16 08:25:22,2,32.034000,11.593597,20.440403,20.981983,-0.541580,-79.448552,17.061058,0.007990,1.964297,-24.524430,-9.427670,0.046975,0.478546,-3.289041,1.010647,-2.765114,-2.098859,-1.765731,-1.432603,-1.099475,-0.766347,-0.533158,-0.433220,-0.100092,0.233036,0.566164,-2.849589,-2.191781,-1.862876,-1.533972,-1.205068,-0.876164,-0.645931,-0.547260,-0.218356,0.110548,0.439452,2.018457,INTERPOLATED,1.000000,0.000000,MATCHED,
CG6-0640|2026-01-16|L1|S10,CG6-0640,2026-01-16,1,10,10,results.zip/day1.xlsx,3.383240,24.814346,34.979268,700052.357473,2745841.290706,2026-01-16 08:30:03,2,34.439000,11.604725,22.834275,22.552102,0.282173,-77.054680,16.334970,0.008170,1.896780,-23.785469,-9.347279,0.047005,0.511808,-3.255779,1.189842,-2.885473,-2.239293,-1.916203,-1.593112,-1.270022,-0.946932,-0.720769,-0.623842,-0.300751,0.022339,0.345429,-2.835720,-2.184564,-1.858986,-1.533408,-1.207831,-0.882253,-0.654348,-0.556675,-0.231097,0.094481,0.420059,2.226336,INTERPOLATED,1.000000,0.000000,MATCHED,
CG6-0640|2026-01-16|L1|S11,CG6-0640,2026-01-16,1,11,11,results.zip/day1.xlsx,2.479920,24.813342,34.977520,699877.235723,2745727.546206,2026-01-16 08:34:35,2,36.819000,11.615735,25.203265,25.177579,0.025686,-74.685690,15.518149,0.008110,1.827764,-23.054190,-9.363805,0.046995,0.507754,-3.259833,1.465880,-3.100663,-2.474348,-2.161191,-1.848034,-1.534877,-1.221720,-1.002510,-0.908563,-0.595406,-0.282249,0.030908,-2.844139,-2.192172,-1.866189,-1.540206,-1.214222,-0.888239,-0.660051,-0.562256,-0.236273,0.089711,0.415694,2.432008,INTERPOLATED,1.000000,0.000000,MATCHED,
CG6-0640|2026-01-16|L1|S12,CG6-0640,2026-01-16,1,12,12,results.zip/day1.xlsx,4.950530,24.812607,34.975573,699681.627006,2745643.245706,2026-01-16 08:46:04,2,38.969000,11.627347,27.341653,27.224353,0.117300,-72.547302,14.893877,0.008332,1.777205,-22.394096,-9.277424,0.047034,0.608753,-3.158834,1.435612,-3.193608,-2.585226,-2.281035,-1.976844,-1.672653,-1.368463,-1.155529,-1.064272,-0.760081,-0.455890,-0.151699,-2.959757,-2.327990,-2.012107,-1.696223,-1.380340,-1.064457,-0.843338,-0.748573,-0.432690,-0.116807,0.199077,2.628946,INTERPOLATED,1.000000,0.000000,MATCHED,
CG6-0640|2026-01-16|L1|S13,CG6-0640,2026-01-16,1,13,13,results.zip/day1.xlsx,2.728528,24.811520,34.973980,699522.293454,2745520.550397,2026-01-16 08:51:16,2,41.326000,11.637622,29.688378,29.828010,-0.139632,-70.200577,14.640778,0.008381,1.702493,-21.669691,-8.731406,0.047043,0.751276,-3.016311,1.317798,-2.844386,-2.255684,-1.961333,-1.666982,-1.372631,-1.078280,-0.872234,-0.783929,-0.489578,-0.195227,0.099124,-2.698785,-2.095523,-1.793892,-1.492261,-1.190629,-0.888998,-0.677857,-0.587367,-0.285736,0.015895,0.317526,2.828705,INTERPOLATED,1.000000,0.000000,MATCHED,
CG6-0640|2026-01-16|L1|S14,CG6-0640,2026-01-16,1,14,14,results.zip/day1.xlsx,3.755184,24.809982,34.973096,699435.348553,2745348.890519,2026-01-16 08:55:55,2,43.620000,11.644821,31.975179,31.785369,0.189810,-67.913776,13.990445,0.008499,1.596748,-20.963784,-8.570088,0.047064,0.833485,-2.934102,1.354315,-2.874839,-2.305314,-2.020551,-1.735789,-1.451026,-1.166264,-0.966930,-0.881502,-0.596739,-0.311977,-0.027214,-2.701884,-2.115064,-1.821654,-1.528243,-1.234833,-0.941423,-0.736036,-0.648013,-0.354603,-0.061192,0.232218,3.011837,INTERPOLATED,1.000000,0.000000,MATCHED,TILT_GT_20
CG6-0640|2026-01-16|L1|S15,CG6-0640,2026-01-16,1,15,15,results.zip/day1.xlsx,2.779938,24.808460,34.971934,699320.349315,2745178.573517,2026-01-16 09:00:23,2,46.101000,11.653454,34.447546,34.183066,0.264480,-65.441409,13.364752,0.008406,1.492093,-20.200596,-8.327937,0.047047,0.942737,-2.824850,1.339401,-2.840021,-2.291229,-2.016833,-1.742438,-1.468042,-1.193646,-1.001569,-0.919250,-0.644854,-0.370458,-0.096063,-2.678238,-2.113268,-1.830783,-1.548298,-1.265813,-0.983328,-0.785588,-0.700843,-0.418358,-0.135873,0.146612,3.206643,INTERPOLATED,1.000000,0.000000,MATCHED,TILT_GT_20
CG6-0640|2026-01-16|L1|S16,CG6-0640,2026-01-16,1,16,16,results.zip/day1.xlsx,4.492964,24.807393,34.970176,699144.293793,2745057.844388,2026-01-16 09:05:02,2,47.844000,11.664508,36.179492,40.692083,-4.512591,-63.709463,12.593295,0.008059,1.418757,-19.665968,-8.491430,0.046986,0.917720,-2.849867,1.600094,-3.148754,-2.614487,-2.347353,-2.080219,-1.813085,-1.545952,-1.358958,-1.278818,-1.011684,-0.744550,-0.477416,-2.791696,-2.221722,-1.936735,-1.651749,-1.366762,-1.081775,-0.882285,-0.796789,-0.511802,-0.226815,0.058172,3.417187,INTERPOLATED,1.000000,0.000000,MATCHED,
CG6-0640|2026-01-16|L1|S17,CG6-0640,2026-01-16,1,17,17,results.zip/day1.xlsx,3.176012,24.806007,34.968868,699014.288722,2744902.443423,2026-01-16 09:09:11,2,50.296000,11.673654,38.622346,38.308768,0.313578,-61.266609,12.430848,0.008037,1.323496,-18.911892,-7.804541,0.046983,1.052854,-2.714733,1.512772,-2.666723,-2.152941,-1.896050,-1.639159,-1.382268,-1.125377,-0.945554,-0.868487,-0.611596,-0.354705,-0.097814,-2.375074,-1.832127,-1.560654,-1.289181,-1.017707,-0.746234,-0.556203,-0.474760,-0.203287,0.068186,0.339660,3.602254,INTERPOLATED,1.000000,0.000000,MATCHED,TILT_GT_20
CG6-0640|2026-01-16|L1|S18,CG6-0640,2026-01-16,1,18,18,results.zip/day1.xlsx,12.373042,24.804190,34.968614,698991.467432,2744700.837144,2026-01-16 09:13:46,2,52.014000,11.677879,40.336121,40.465043,-0.128922,-59.552834,11.728344,0.008140,1.198612,-18.382873,-7.853141,0.047000,1.023668,-2.743919,1.782561,-2.859041,-2.359631,-2.109926,-1.860221,-1.610516,-1.360811,-1.186017,-1.111106,-0.861401,-0.611695,-0.361990,-2.365303,-1.816519,-1.542127,-1.267735,-0.993343,-0.718951,-0.526877,-0.444559,-0.170168,0.104224,0.378616,3.717406,INTERPOLATED,1.000000,0.000000,MATCHED,
CG6-0640|2026-01-16|L1|S19,CG6-0640,2026-01-16,1,19,19,results.zip/day1.xlsx,4.613395,24.802394,34.967800,698912.047704,2744500.622968,2026-01-16 09:55:04,2,53.921000,11.685023,42.235977,42.375692,-0.139715,-57.652977,11.222263,0.008032,1.075105,-17.796414,-7.649256,0.046982,1.059212,-2.708375,1.900353,-2.814478,-2.331000,-2.089261,-1.847522,-1.605783,-1.364044,-1.194827,-1.122305,-0.880566,-0.638827,-0.397088,-2.232506,-1.690831,-1.419993,-1.149156,-0.878318,-0.607481,-0.417895,-0.336643,-0.065806,0.205032,0.475869,3.887332,INTERPOLATED,1.000000,0.000000,MATCHED,
CG6-0640|2026-01-16|L1|S20,CG6-0640,2026-01-16,1,20,20,results.zip/day1.xlsx,4.361712,24.801609,34.966275,698759.111786,2744411.450026,2026-01-16 09:59:42,2,56.791000,11.694311,45.096689,45.000028,0.096661,-54.792266,10.915157,0.008129,1.021149,-16.913354,-7.019346,0.046998,1.313958,-2.453629,1.540446,-2.424466,-1.964978,-1.735234,-1.505490,-1.275747,-1.046003,-0.885182,-0.816259,-0.586515,-0.356771,-0.127027,-2.112088,-1.621362,-1.375999,-1.130636,-0.885273,-0.639911,-0.468157,-0.394548,-0.149185,0.096178,0.341541,4.064300,INTERPOLATED,1.000000,0.000000,MATCHED,TILT_GT_20
CG6-0640|2026-01-16|L1|S21,CG6-0640,2026-01-16,1,21,21,results.zip/day1.xlsx,6.943283,24.802270,34.964375,698565.983634,2744481.947576,2026-01-16 10:04:22,2,58.497000,11.703310,46.793690,48.087653,-1.293962,-53.095264,10.487724,0.008024,1.066611,-16.389515,-6.968402,0.046980,1.367702,-2.399885,1.586935,-2.515833,-2.070576,-1.847948,-1.625319,-1.402691,-1.180062,-1.024222,-0.957434,-0.734806,-0.512177,-0.289549,-2.168631,-1.688654,-1.448666,-1.208677,-0.968689,-0.728700,-0.560708,-0.488712,-0.248723,-0.008734,0.231254,4.195418,INTERPOLATED,1.000000,0.000000,MATCHED,
CG6-0640|2026-01-16|L1|S22,CG6-0640,2026-01-16,1,22,22,results.zip/day1.xlsx,10.203780,24.802962,34.962570,698382.324609,2744555.957674,2026-01-16 10:08:35,2,60.316000,11.711779,48.604221,51.266434,-2.662214,-51.284734,9.931232,0.008186,1.114166,-15.830632,-7.013566,0.047008,1.341507,-2.426080,1.859570,-2.712829,-2.282755,-2.067718,-1.852681,-1.637644,-1.422607,-1.272082,-1.207570,-0.992534,-0.777497,-0.562460,-2.161406,-1.676190,-1.433582,-1.190974,-0.948366,-0.705758,-0.535933,-0.463150,-0.220542,0.022066,0.264674,4.320657,INTERPOLATED,1.000000,0.000000,MATCHED,
CG6-0640|2026-01-16|L1|S23,CG6-0640,2026-01-16,1,23,23,results.zip/day1.xlsx,4.619858,24.802194,34.960746,698199.151151,2744468.228286,2026-01-16 10:13:17,2,62.738000,11.722600,51.015400,50.922543,0.092857,-48.873555,10.035631,0.008094,1.061370,-15.086338,-6.112078,0.046992,1.733963,-2.033624,1.081650,-2.013541,-1.603688,-1.398761,-1.193834,-0.988907,-0.783981,-0.640532,-0.579054,-0.374127,-0.169200,0.035727,-2.044830,-1.638106,-1.434743,-1.231381,-1.028019,-0.824656,-0.682303,-0.621294,-0.417932,-0.214569,-0.011207,4.514911,INTERPOLATED,1.000000,0.000000,MATCHED,
CG6-0640|2026-01-16|L1|S24,CG6-0640,2026-01-16,1,24,24,results.zip/day1.xlsx,4.851797,24.801872,34.958878,698010.791598,2744429.891154,2026-01-16 10:17:51,2,65.468000,11.732957,53.735043,53.862767,-0.127724,-46.153912,9.355522,0.008049,1.039263,-14.246827,-5.930569,0.046985,1.957088,-1.810499,0.790380,-2.060102,-1.673055,-1.479532,-1.286009,-1.092485,-0.898962,-0.763496,-0.705439,-0.511915,-0.318392,-0.124869,-2.309571,-1.947471,-1.766421,-1.585371,-1.404321,-1.223271,-1.096536,-1.042221,-0.861171,-0.680121,-0.499072,4.681114,INTERPOLATED,1.000000,0.000000,MATCHED,
CG6-0640|2026-01-16|L1|S25,CG6-0640,2026-01-16,1,25,25,results.zip/day1.xlsx,3.602916,24.801872,34.956822,697802.899746,2744426.882341,2026-01-16 10:21:59,2,67.795000,11.743654,56.051346,55.763100,0.288246,-43.837609,8.568123,0.007996,1.039246,-13.531822,-6.002945,0.046976,2.087654,-1.679933,0.701086,-2.326723,-1.959101,-1.775290,-1.591479,-1.407668,-1.223857,-1.095189,-1.040046,-0.856235,-0.672424,-0.488613,-2.643079,-2.307092,-2.139099,-1.971106,-1.803112,-1.635119,-1.517524,-1.467126,-1.299132,-1.131139,-0.963146,4.841618,INTERPOLATED,1.000000,0.000000,MATCHED,
CG6-0640|2026-01-16|L1|S26,CG6-0640,2026-01-16,1,26,26,results.zip/day1.xlsx,6.473620,24.801819,34.954795,697598.063717,2744418.099300,2026-01-16 10:26:35,2,69.929000,11.754219,58.174781,57.847677,0.327104,-41.714174,8.360661,0.008008,1.035618,-12.876353,-5.551309,0.046978,2.166579,-1.601008,0.728080,-2.053158,-1.703343,-1.528436,-1.353528,-1.178621,-1.003713,-0.881278,-0.828806,-0.653898,-0.478991,-0.304083,-2.349294,-2.029092,-1.868991,-1.708891,-1.548790,-1.388689,-1.276619,-1.228588,-1.068488,-0.908387,-0.748286,5.006748,INTERPOLATED,1.000000,0.000000,MATCHED,
CG6-0640|2026-01-16|L1|S27,CG6-0640,2026-01-16,1,27,27,results.zip/day1.xlsx,9.718050,24.801498,34.952966,697413.606850,2744379.914390,2026-01-16 10:30:58,2,72.162000,11.764157,60.397843,60.076587,0.321256,-39.491112,7.577291,0.008235,1.013565,-12.190131,-5.626405,0.047017,2.242848,-1.524739,0.773321,-2.314680,-1.983508,-1.817921,-1.652335,-1.486749,-1.321163,-1.205252,-1.155577,-0.989990,-0.824404,-0.658818,-2.576927,-2.271979,-2.119505,-1.967031,-1.814558,-1.662084,-1.555352,-1.509610,-1.357136,-1.204662,-1.052188,5.176142,INTERPOLATED,1.000000,0.000000,MATCHED,
CG6-0640|2026-01-16|L1|S28,CG6-0640,2026-01-16,1,28,28,results.zip/day1.xlsx,8.095033,24.800222,34.951586,697276.116233,2744236.513703,2026-01-16 10:42:32,2,74.166000,11.773160,62.392840,62.752673,-0.359833,-37.496115,7.129968,0.007985,0.925821,-11.574309,-5.370162,0.046974,2.254672,-1.512915,0.965099,-2.225738,-1.911296,-1.754074,-1.596853,-1.439632,-1.282411,-1.172356,-1.125190,-0.967968,-0.810747,-0.653526,-2.344332,-2.041749,-1.890457,-1.739165,-1.587874,-1.436582,-1.330678,-1.285291,-1.133999,-0.982708,-0.831416,5.372528,INTERPOLATED,1.000000,0.000000,MATCHED,
CG6-0640|2026-01-16|L1|S29,CG6-0640,2026-01-16,1,29,29,results.zip/day1.xlsx,8.945525,24.798393,34.951105,697230.376043,2744033.305510,2026-01-16 10:47:17,2,76.334000,11.778310,64.555690,64.586986,-0.031296,-35.333265,6.409286,0.008012,0.800165,-10.906674,-5.297554,0.046978,2.192515,-1.575072,1.373194,-2.334506,-2.038202,-1.890049,-1.741897,-1.593745,-1.445592,-1.341886,-1.297440,-1.149287,-1.001135,-0.852983,-2.147410,-1.832396,-1.674889,-1.517381,-1.359874,-1.202367,-1.092112,-1.044860,-0.887353,-0.729845,-0.572338,5.534351,INTERPOLATED,1.000000,0.000000,MATCHED,
CG6-0640|2026-01-16|L1|S30,CG6-0640,2026-01-16,1,30,30,results.zip/day1.xlsx,13.481594,24.796620,34.951419,697264.955831,2743837.271206,2026-01-16 10:51:37,2,78.474000,11.779286,66.694714,66.065405,0.629309,-33.194241,6.113747,0.008061,0.678254,-10.246395,-4.810902,0.046987,2.291863,-1.475724,1.347407,-2.027233,-1.748866,-1.609683,-1.470499,-1.331316,-1.192132,-1.094704,-1.052949,-0.913765,-0.774582,-0.635399,-1.859453,-1.564308,-1.416736,-1.269164,-1.121591,-0.974019,-0.870718,-0.826446,-0.678874,-0.531301,-0.383729,5.633470,INTERPOLATED,1.000000,0.000000,MATCHED,
CG6-0640|2026-01-16|L1|S31,CG6-0640,2026-01-16,1,31,31,results.zip/day1.xlsx,10.112685,24.794775,34.951205,697246.225315,2743632.601410,2026-01-16 10:56:13,2,82.422000,11.783079,70.638921,70.853522,-0.214601,-29.250034,5.704777,0.008199,0.551465,-9.028889,-3.875577,0.047010,2.575290,-1.192297,1.032221,-1.422669,-1.177379,-1.054733,-0.932088,-0.809443,-0.686797,-0.600945,-0.564152,-0.441506,-0.318861,-0.196216,-1.490984,-1.252525,-1.133295,-1.014065,-0.894836,-0.775606,-0.692145,-0.656376,-0.537147,-0.417917,-0.298687,5.762250,INTERPOLATED,1.000000,0.000000,MATCHED,
CG6-0640|2026-01-16|L1|S32,CG6-0640,2026-01-16,1,32,32,results.zip/day1.xlsx,12.147973,24.793024,34.950846,697212.632604,2743438.225415,2026-01-16 11:00:43,2,86.025000,11.787469,74.237531,73.946497,0.291035,-25.651423,5.163381,0.008003,0.431200,-7.918065,-3.185884,0.046977,2.774533,-0.993054,0.903120,-1.034755,-0.819642,-0.712086,-0.604530,-0.496973,-0.389417,-0.314127,-0.281860,-0.174304,-0.066748,0.040809,-1.199775,-1.001164,-0.901858,-0.802553,-0.703248,-0.603942,-0.534428,-0.504637,-0.405331,-0.306026,-0.206720,5.891123,INTERPOLATED,1.000000,0.000000,MATCHED,
CG6-0640|2026-01-16|L1|S33,CG6-0640,2026-01-16,1,33,33,results.zip/day1.xlsx,7.391343,24.792619,34.949075,697034.288179,2743390.712008,2026-01-16 11:05:26,2,89.186000,11.797084,77.388916,78.264699,-0.875784,-22.500039,4.417527,0.008131,0.403309,-6.945292,-2.931075,0.046999,2.879465,-0.888122,0.975758,-1.044222,-0.855537,-0.761194,-0.666851,-0.572509,-0.478166,-0.412126,-0.383823,-0.289481,-0.195138,-0.100795,-1.154831,-0.977206,-0.888394,-0.799582,-0.710770,-0.621957,-0.559789,-0.533145,-0.444333,-0.355521,-0.266708,6.067992,INTERPOLATED,1.000000,0.000000,MATCHED,
CG6-0640|2026-01-16|L1|S34,CG6-0640,2026-01-16,1,34,34,results.zip/day1.xlsx,7.347450,24.792759,34.947137,696838.106025,2743403.460679,2026-01-16 11:10:16,2,91.359000,11.806764,79.552236,80.096356,-0.544120,-20.336719,4.131060,0.008209,0.412952,-6.277518,-2.559410,0.047012,2.948132,-0.819455,1.034608,-0.853973,-0.683429,-0.598157,-0.512885,-0.427613,-0.342341,-0.282651,-0.257070,-0.171798,-0.086526,-0.001254,-0.920499,-0.756608,-0.674662,-0.592717,-0.510771,-0.428826,-0.371464,-0.346880,-0.264935,-0.182989,-0.101044,6.230098,INTERPOLATED,1.000000,0.000000,MATCHED,
CG6-0640|2026-01-16|L1|S35,CG6-0640,2026-01-16,1,35,35,results.zip/day1.xlsx,6.720187,24.791613,34.945737,696698.274194,2743274.520796,2026-01-16 11:14:37,2,93.989000,11.815507,82.173493,83.803066,-1.629573,-17.715462,3.392647,0.008000,0.334216,-5.468388,-2.409956,0.046976,3.010339,-0.757248,1.161972,-0.924338,-0.775776,-0.701495,-0.627214,-0.552933,-0.478652,-0.426655,-0.404371,-0.330090,-0.255809,-0.181528,-0.895461,-0.744011,-0.668286,-0.592562,-0.516837,-0.441112,-0.388105,-0.365387,-0.289663,-0.213938,-0.138213,6.415893,INTERPOLATED,1.000000,0.000000,MATCHED,
CG6-0640|2026-01-16|L1|S36,CG6-0640,2026-01-16,1,36,36,results.zip/day1.xlsx,5.880704,24.790086,34.944536,696579.274759,2743103.655061,2026-01-16 11:19:54,2,95.984000,11.823168,84.160832,85.367985,-1.207153,-15.728123,2.544182,0.008035,0.229295,-4.854935,-2.540049,0.046982,2.928634,-0.838953,1.602612,-1.221089,-1.089193,-1.023245,-0.957297,-0.891349,-0.825401,-0.779237,-0.759453,-0.693505,-0.627557,-0.561609,-0.862144,-0.694353,-0.610458,-0.526563,-0.442668,-0.358772,-0.300046,-0.274877,-0.190982,-0.107087,-0.023191,6.605792,INTERPOLATED,1.000000,0.000000,MATCHED,
CG6-0640|2026-01-16|L1|S37,CG6-0640,2026-01-16,1,37,37,results.zip/day1.xlsx,4.209163,24.788667,34.943528,696479.592293,2742945.052251,2026-01-16 11:25:15,2,98.029000,11.829716,86.199284,85.847559,0.351725,-13.689671,1.804040,0.008031,0.131814,-4.225706,-2.553480,0.046982,2.941897,-0.825690,1.795412,-1.405464,-1.290663,-1.233262,-1.175861,-1.118460,-1.061059,-1.020879,-1.003659,-0.946258,-0.888857,-0.831456,-0.902100,-0.736962,-0.654393,-0.571824,-0.489255,-0.406686,-0.348888,-0.324117,-0.241549,-0.158980,-0.076411,6.773911,INTERPOLATED,1.000000,0.000000,MATCHED,
CG6-0640|2026-01-16|L1|S38,CG6-0640,2026-01-16,1,38,38,results.zip/day1.xlsx,3.848685,24.788342,34.941515,696276.582050,2742906.174545,2026-01-16 11:30:58,2,100.886000,11.840240,89.045760,88.890615,0.155146,-10.843194,1.642451,0.008009,0.109493,-3.347058,-1.814101,0.046978,3.225993,-0.541594,1.355548,-0.904790,-0.813859,-0.768394,-0.722928,-0.677463,-0.631997,-0.600171,-0.586532,-0.541066,-0.495601,-0.450135,-0.730913,-0.622594,-0.568434,-0.514275,-0.460115,-0.405956,-0.368044,-0.351797,-0.297637,-0.243478,-0.189318,6.966962,INTERPOLATED,1.000000,0.000000,MATCHED,
CG6-0640|2026-01-16|L1|S39,CG6-0640,2026-01-16,1,39,39,results.zip/day1.xlsx,4.443786,24.789280,34.939383,696059.428405,2743006.927386,2026-01-16 11:38:09,2,103.613000,11.850129,91.762871,91.205572,0.557299,-8.126084,0.957861,0.008199,0.173890,-2.508344,-1.724374,0.047011,3.300634,-0.466953,1.460446,-1.042920,-0.974775,-0.940702,-0.906630,-0.872557,-0.838484,-0.814633,-0.804412,-0.770339,-0.736266,-0.702194,-0.790467,-0.697077,-0.650381,-0.603686,-0.556991,-0.510295,-0.477609,-0.463600,-0.416905,-0.370209,-0.323514,7.091270,INTERPOLATED,1.000000,0.000000,MATCHED,
CG6-0640|2026-01-16|L1|S40,CG6-0640,2026-01-16,1,40,40,results.zip/day1.xlsx,4.077590,24.789453,34.937801,695899.210552,2743023.901979,2026-01-16 11:43:09,2,105.204000,11.857985,93.346015,93.863093,-0.517079,-6.542940,1.020273,0.008023,0.185827,-2.019662,-1.185217,0.046980,3.460886,-0.306701,1.209810,-0.636526,-0.581657,-0.554222,-0.526788,-0.499353,-0.471919,-0.452714,-0.444484,-0.417049,-0.389615,-0.362180,-0.571815,-0.510475,-0.479805,-0.449135,-0.418465,-0.387794,-0.366325,-0.357124,-0.326454,-0.295784,-0.265114,7.205031,INTERPOLATED,1.000000,0.000000,MATCHED,
CG6-0640|2026-01-16|L1|S41,CG6-0640,2026-01-16,1,41,41,results.zip/day1.xlsx,3.928643,24.789150,34.935963,695713.861465,2742987.666617,2026-01-16 11:47:37,2,107.920000,11.867599,96.052401,95.918852,0.133549,-3.836554,0.546682,0.008126,0.164985,-1.184260,-0.802562,0.046998,3.588659,-0.178928,1.171645,-0.480829,-0.448656,-0.432569,-0.416482,-0.400396,-0.384309,-0.373048,-0.368222,-0.352136,-0.336049,-0.319962,-0.444706,-0.408920,-0.391028,-0.373135,-0.355242,-0.337349,-0.324824,-0.319456,-0.301563,-0.283671,-0.265778,7.373061,INTERPOLATED,1.000000,0.000000,MATCHED,
CG6-0640|2026-01-16|L1|S42,CG6-0640,2026-01-16,1,42,42,results.zip/day1.xlsx,11.492580,24.787912,34.934582,695576.178397,2742848.508892,2026-01-16 11:52:55,2,109.820000,11.875769,97.944231,100.938586,-2.994355,-1.944724,-0.079217,0.009175,0.079894,-0.600293,-0.759404,0.047190,3.572854,-0.194733,1.425640,-0.596319,-0.580011,-0.571857,-0.563702,-0.555548,-0.547394,-0.541686,-0.539240,-0.531086,-0.522931,-0.514777,-0.369938,-0.330992,-0.311519,-0.292045,-0.272572,-0.253099,-0.239467,-0.233626,-0.214152,-0.194679,-0.175206,7.567311,INTERPOLATED,1.000000,0.000000,MATCHED,STDDEV_GT_0.050
CG6-0640|2026-01-16|L1|S43,CG6-0640,2026-01-16,1,43,43,results.zip/day1.xlsx,4.634217,24.787025,34.933201,695437.923556,2742748.289713,2026-01-16 11:59:28,2,112.211000,11.883588,100.327412,100.077906,0.249507,0.438458,0.013486,0.008121,0.018957,0.135342,0.129870,0.046997,3.835965,0.068378,0.989940,0.093101,0.089424,0.087586,0.085747,0.083909,0.082071,0.080784,0.080232,0.078394,0.076555,0.074717,-0.006885,-0.020560,-0.027398,-0.034236,-0.041074,-0.047911,-0.052698,-0.054749,-0.061587,-0.068425,-0.075262,7.738007,INTERPOLATED,1.000000,0.000000,MATCHED,
CG6-0640|2026-01-16|L1|S44,CG6-0640,2026-01-16,1,44,44,results.zip/day1.xlsx,4.078451,24.787091,34.931135,695228.876952,2742752.700495,2026-01-16 12:22:00,2,113.550000,11.893975,101.656025,103.357285,-1.701259,1.767071,-0.671554,0.008053,0.023526,0.545454,-0.149626,0.046985,3.755858,-0.011729,1.352567,-0.297812,-0.312631,-0.320040,-0.327450,-0.334859,-0.342268,-0.347455,-0.349678,-0.357087,-0.364496,-0.371906,-0.126167,-0.123821,-0.122648,-0.121475,-0.120302,-0.119129,-0.118308,-0.117957,-0.116784,-0.115611,-0.114438,7.900980,INTERPOLATED,1.000000,0.000000,MATCHED,
CG6-0640|2026-01-16|L1|S45,CG6-0640,2026-01-16,1,45,45,results.zip/day1.xlsx,1.104747,24.787955,34.929331,695045.093559,2742845.822568,2026-01-16 12:28:17,2,115.683000,11.902317,103.780683,103.225297,0.555387,3.891728,-0.659761,0.008014,0.082886,1.201287,0.458640,0.046979,3.927180,0.159593,1.133000,0.132280,0.099644,0.083326,0.067008,0.050690,0.034372,0.022949,0.018054,0.001736,-0.014582,-0.030900,0.139455,0.107536,0.091577,0.075618,0.059658,0.043699,0.032528,0.027740,0.011781,-0.004179,-0.020138,7.993469,INTERPOLATED,1.000000,0.000000,MATCHED,
CG6-0640|2026-01-16|L1|S46,CG6-0640,2026-01-16,1,46,46,results.zip/day1.xlsx,5.441497,24.789026,34.927870,694895.659755,2742962.325135,2026-01-16 12:32:29,2,117.009000,11.908759,105.100241,109.796850,-4.696609,5.211286,-1.477221,0.008252,0.156445,1.608603,-0.025063,0.047020,3.738702,-0.028885,1.783962,-0.462081,-0.505783,-0.527634,-0.549485,-0.571336,-0.593187,-0.608483,-0.615038,-0.636889,-0.658740,-0.680591,0.032706,0.038483,0.041371,0.044260,0.047148,0.050037,0.052059,0.052925,0.055814,0.058702,0.061591,8.048594,INTERPOLATED,1.000000,0.000000,MATCHED,
CG6-0640|2026-01-16|L1|S47,CG6-0640,2026-01-16,1,47,47,results.zip/day1.xlsx,5.825463,24.789555,34.925784,694683.967671,2743017.937519,2026-01-16 12:37:10,2,119.731000,11.918869,107.812131,108.039450,-0.227319,7.923176,-1.282653,0.008047,0.192787,2.445699,0.970259,0.046984,4.014936,0.247349,1.350024,0.305821,0.239378,0.206156,0.172934,0.139712,0.106490,0.083235,0.073268,0.040046,0.006824,-0.026397,0.475561,0.426091,0.401356,0.376622,0.351887,0.327152,0.309837,0.302417,0.277682,0.252947,0.228212,8.193235,INTERPOLATED,1.000000,0.000000,MATCHED,
CG6-0640|2026-01-16|L1|S48,CG6-0640,2026-01-16,1,48,48,results.zip/day1.xlsx,3.678570,24.789407,34.923984,694502.130351,2742998.952337,2026-01-16 12:41:30,2,121.281000,11.928135,109.352865,108.967221,0.385644,9.463910,-1.471775,0.008009,0.182602,2.921287,1.266910,0.046978,4.135824,0.368237,1.199743,0.473267,0.393902,0.354220,0.314538,0.274856,0.235174,0.207396,0.195491,0.155809,0.116127,0.076445,0.530437,0.456789,0.419966,0.383142,0.346318,0.309495,0.283718,0.272671,0.235847,0.199024,0.162200,8.355992,INTERPOLATED,1.000000,0.000000,MATCHED,
CG6-0640|2026-01-16|L1|S49,CG6-0640,2026-01-16,1,49,49,results.zip/day1.xlsx,1.540989,24.789565,34.921957,694296.958012,2743013.623945,2026-01-16 12:45:48,2,122.869000,11.938283,110.930717,112.782995,-1.852278,11.041763,-1.685925,0.008022,0.193492,3.408332,1.528915,0.046980,4.186222,0.418635,1.241826,0.602953,0.510357,0.464059,0.417760,0.371462,0.325164,0.292756,0.278866,0.232568,0.186270,0.139972,0.691646,0.607919,0.566055,0.524192,0.482328,0.440465,0.411161,0.398602,0.356738,0.314875,0.273011,8.521452,INTERPOLATED,1.000000,0.000000,MATCHED,
CG6-0640|2026-01-16|L1|S50,CG6-0640,2026-01-16,1,50,50,results.zip/day1.xlsx,3.108688,24.790735,34.920193,694116.712267,2743140.718034,2026-01-16 12:50:34,2,125.580000,11.946258,113.633742,113.768327,-0.134584,13.744788,-1.930611,0.008036,0.273888,4.242689,2.038189,0.046982,4.384118,0.616531,1.016055,0.885552,0.770288,0.712656,0.655024,0.597392,0.539760,0.499418,0.482128,0.424496,0.366864,0.309233,0.805127,0.681821,0.620168,0.558515,0.496862,0.435209,0.392051,0.373555,0.311902,0.250249,0.188596,8.609576,INTERPOLATED,1.000000,0.000000,MATCHED,
CG6-0640|2026-01-16|L1|S51,CG6-0640,2026-01-16,1,51,51,results.zip/day1.xlsx,1.484508,24.791757,34.918698,693963.951099,2743251.834149,2026-01-16 12:54:54,2,127.816000,11.952979,115.863021,115.385258,0.477763,15.974066,-2.425425,0.008037,0.344136,4.930811,2.161250,0.046983,4.412684,0.645097,1.189357,0.821665,0.687706,0.620727,0.553748,0.486768,0.419789,0.372904,0.352810,0.285831,0.218851,0.151872,0.871055,0.742036,0.677526,0.613016,0.548507,0.483997,0.438840,0.419487,0.354977,0.290468,0.225958,8.686280,INTERPOLATED,1.000000,0.000000,MATCHED,
CG6-0640|2026-01-16|L1|S52,CG6-0640,2026-01-16,1,52,52,results.zip/day1.xlsx,5.503818,24.792809,34.916984,693789.087053,2743365.877457,2026-01-16 12:59:35,2,129.412000,11.960462,117.451538,117.553431,-0.101893,17.562584,-2.951081,0.008072,0.416393,5.421146,2.053672,0.046988,4.256956,0.489369,1.782992,0.580874,0.433594,0.359954,0.286314,0.212675,0.139035,0.087487,0.065395,-0.008245,-0.081885,-0.155525,1.074934,0.977061,0.928124,0.879187,0.830250,0.781313,0.747057,0.732376,0.683439,0.634502,0.585566,8.784465,INTERPOLATED,1.000000,0.000000,MATCHED,
CG6-0640|2026-01-16|L1|S53,CG6-0640,2026-01-16,1,53,53,results.zip/day1.xlsx,4.140212,24.793189,34.914960,693583.830996,2743405.063901,2026-01-16 13:04:35,2,131.776000,11.969777,119.806223,119.774609,0.031615,19.917268,-3.203848,0.008116,0.442484,6.147977,2.501645,0.046996,4.373013,0.605426,1.736733,0.831383,0.664356,0.580843,0.497330,0.413817,0.330304,0.271845,0.246791,0.163278,0.079765,-0.003748,1.290792,1.169707,1.109164,1.048622,0.988079,0.927536,0.885157,0.866994,0.806451,0.745909,0.685366,8.947694,INTERPOLATED,1.000000,0.000000,MATCHED,
CG6-0640|2026-01-16|L1|S54,CG6-0640,2026-01-16,1,54,54,results.zip/day1.xlsx,4.091289,24.793083,34.913163,693402.289619,2743390.758416,2026-01-16 13:08:56,2,133.384000,11.978472,121.405528,120.924094,0.481434,21.516573,-3.562317,0.008053,0.435189,6.641642,2.644135,0.046985,4.435214,0.667627,1.749704,0.839755,0.659317,0.569098,0.478879,0.388660,0.298441,0.235288,0.208222,0.118003,0.027784,-0.062435,1.308881,1.175356,1.108593,1.041831,0.975068,0.908305,0.861571,0.841543,0.774780,0.708017,0.641255,9.115673,INTERPOLATED,1.000000,0.000000,MATCHED,
CG6-0640|2026-01-16|L1|S55,CG6-0640,2026-01-16,1,55,55,results.zip/day1.xlsx,1.502144,24.793114,34.911190,693202.714810,2743391.459034,2026-01-16 13:13:36,2,135.261000,11.987849,123.273151,122.856652,0.416498,23.384196,-3.817044,0.008148,0.437357,7.218128,2.963727,0.047002,4.503465,0.735878,1.776559,1.002729,0.806629,0.708579,0.610529,0.512479,0.414429,0.345794,0.316379,0.218329,0.120279,0.022229,1.491970,1.344795,1.271207,1.197619,1.124031,1.050443,0.998932,0.976856,0.903268,0.829680,0.756092,9.293637,INTERPOLATED,1.000000,0.000000,MATCHED,
CG6-0640|2026-01-16|L1|S56,CG6-0640,2026-01-16,1,56,56,results.zip/day1.xlsx,2.012920,24.793910,34.909534,693034.021765,2743477.269304,2026-01-16 13:18:45,2,137.681000,11.994869,125.686131,125.275567,0.410564,25.797176,-4.314274,0.007976,0.492046,7.962952,3.156632,0.046972,4.588469,0.820882,1.819740,0.993281,0.776946,0.668778,0.560611,0.452443,0.344275,0.268558,0.236108,0.127940,0.019773,-0.088395,1.514868,1.350691,1.268603,1.186515,1.104427,1.022338,0.964877,0.940250,0.858162,0.776074,0.693986,9.407827,INTERPOLATED,1.000000,0.000000,MATCHED,
CG6-0640|2026-01-16|L1|S57,CG6-0640,2026-01-16,1,57,57,results.zip/day1.xlsx,5.820130,24.795663,34.909062,692983.597733,2743670.734844,2026-01-16 13:23:40,2,139.431000,11.995192,127.435808,132.585845,-5.150037,27.546853,-4.488715,0.008167,0.612488,8.503029,3.401827,0.047005,4.753005,0.985418,1.576310,1.091748,0.860740,0.745236,0.629732,0.514228,0.398724,0.317871,0.283220,0.167716,0.052212,-0.063292,1.430991,1.233907,1.135365,1.036823,0.938282,0.839740,0.770760,0.741198,0.642656,0.544114,0.445572,9.372351,INTERPOLATED,1.000000,0.000000,MATCHED,
CG6-0640|2026-01-16|L1|S58,CG6-0640,2026-01-16,1,58,58,results.zip/day1.xlsx,11.648922,24.797506,34.909137,692988.323354,2743875.063822,2026-01-16 13:28:08,2,141.448000,11.992798,129.455202,129.566185,-0.110983,29.566247,-4.692167,0.008058,0.739196,9.126361,3.694998,0.046986,4.889843,1.122256,1.437030,1.215572,0.967630,0.843658,0.719687,0.595716,0.471745,0.384965,0.347773,0.223802,0.099831,-0.024140,1.450486,1.226034,1.113809,1.001583,0.889358,0.777132,0.698574,0.664906,0.552681,0.440455,0.328230,9.286093,INTERPOLATED,1.000000,0.000000,MATCHED,
CG6-0640|2026-01-16|L1|S59,CG6-0640,2026-01-16,1,59,59,results.zip/day1.xlsx,7.321391,24.799098,34.908380,692909.303710,2744050.321953,2026-01-16 13:35:26,2,143.841000,11.994698,131.846302,131.602402,0.243900,31.957347,-5.013201,0.008021,0.848604,9.864427,4.002623,0.046980,5.088206,1.320619,1.175093,1.322680,1.054686,0.920688,0.786691,0.652694,0.518697,0.424899,0.384700,0.250703,0.116705,-0.017292,1.361385,1.097261,0.965200,0.833138,0.701076,0.569014,0.476571,0.436952,0.304890,0.172828,0.040766,9.292071,INTERPOLATED,1.000000,0.000000,MATCHED,
CG6-0640|2026-01-16|L1|S60,CG6-0640,2026-01-16,1,60,60,results.zip/day1.xlsx,4.885087,24.800860,34.907541,692821.799145,2744244.289869,2026-01-16 13:42:33,2,145.758000,11.996830,133.761170,133.744972,0.016197,33.872215,-5.261172,0.008424,0.969697,10.455493,4.224624,0.047050,5.196904,1.429317,1.099245,1.384100,1.100048,0.958021,0.815995,0.673969,0.531943,0.432524,0.389917,0.247890,0.105864,-0.036162,1.365990,1.080127,0.937195,0.794264,0.651332,0.508400,0.408348,0.365469,0.222537,0.079605,-0.063326,9.303391,INTERPOLATED,1.000000,0.000000,MATCHED,
CG6-0640|2026-01-17|L1|S61,CG6-0640,2026-01-17,1,61,1-61,results.zip/day2.xlsx,4.093673,24.802242,34.906067,692670.627499,2744395.322692,2026-01-17 09:29:50,1,147.993000,12.002489,135.990511,136.190319,-0.199808,36.101556,-5.863038,0.008034,1.064710,11.143628,4.215880,0.046982,5.263944,1.496357,1.169829,1.188403,0.885656,0.734282,0.582908,0.431534,0.280160,0.174199,0.128786,-0.022587,-0.173961,-0.325335,1.223165,0.923894,0.774258,0.624623,0.474987,0.325351,0.220606,0.175716,0.026080,-0.123556,-0.273192,9.393803,INTERPOLATED,1.000000,0.000000,MATCHED,
CG6-0640|2026-01-17|L1|S62,CG6-0640,2026-01-17,1,62,1-62,results.zip/day2.xlsx,4.183708,24.803661,34.904491,692509.074318,2744550.227530,2026-01-17 09:33:01,1,150.240000,12.008646,138.231354,138.094200,0.137153,38.342399,-6.392534,0.008460,1.162218,11.835312,4.280560,0.047057,5.358576,1.590989,1.168031,1.065166,0.743627,0.582857,0.422088,0.261318,0.100548,-0.011991,-0.060222,-0.220991,-0.381761,-0.542531,1.098582,0.780384,0.621286,0.462187,0.303088,0.143989,0.032620,-0.015110,-0.174209,-0.333308,-0.492407,9.496827,INTERPOLATED,1.000000,0.000000,MATCHED,
CG6-0640|2026-01-17|L1|S63,CG6-0640,2026-01-17,1,63,1-63,results.zip/day2.xlsx,7.118722,24.804335,34.902818,692338.836935,2744622.551386,2026-01-17 09:36:03,1,151.760000,12.016098,139.743902,140.169869,-0.425967,39.854948,-6.229429,0.008032,1.208565,12.302192,4.864198,0.046982,5.474357,1.706770,1.028229,1.521963,1.187739,1.020627,0.853515,0.686404,0.519292,0.402314,0.352180,0.185068,0.017956,-0.149155,1.450658,1.109304,0.938627,0.767950,0.597273,0.426596,0.307122,0.255919,0.085242,-0.085436,-0.256113,9.636668,INTERPOLATED,1.000000,0.000000,MATCHED,
CG6-0640|2026-01-17|L1|S64,CG6-0640,2026-01-17,1,64,1-64,results.zip/day2.xlsx,5.870979,24.804722,34.901005,692154.941861,2744662.839774,2026-01-17 09:39:18,1,154.068000,12.024547,142.043453,142.137359,-0.093906,42.154498,-6.630534,0.008031,1.235152,13.011997,5.146311,0.046982,5.587702,1.820115,0.983040,1.611235,1.257727,1.080974,0.904220,0.727466,0.550712,0.426984,0.373958,0.197205,0.020451,-0.156303,1.506080,1.142057,0.960046,0.778034,0.596023,0.414011,0.286603,0.232000,0.049988,-0.132023,-0.314035,9.800320,INTERPOLATED,1.000000,0.000000,MATCHED,
CG6-0640|2026-01-17|L1|S65,CG6-0640,2026-01-17,1,65,1-65,results.zip/day2.xlsx,4.546002,24.805035,34.898645,691915.896412,2744694.220275,2026-01-17 09:42:46,1,156.237000,12.035754,144.201246,144.022320,0.178926,44.312291,-7.362059,0.008073,1.256687,13.678045,5.059299,0.046989,5.615008,1.847421,1.151706,1.343270,0.971668,0.785866,0.600065,0.414263,0.228462,0.098401,0.042660,-0.143141,-0.328943,-0.514744,1.364458,0.994973,0.810231,0.625489,0.440747,0.256005,0.126686,0.071263,-0.113479,-0.298221,-0.482963,10.020203,INTERPOLATED,1.000000,0.000000,MATCHED,
CG6-0640|2026-01-17|L1|S66,CG6-0640,2026-01-17,1,66,1-66,results.zip/day2.xlsx,3.692772,24.805573,34.897123,691761.190784,2744751.594964,2026-01-17 09:45:40,1,158.230000,12.042660,146.187340,145.899963,0.287377,46.298385,-7.488144,0.008030,1.293622,14.291094,5.509328,0.046981,5.721447,1.953860,1.089863,1.626746,1.238487,1.044358,0.850229,0.656100,0.461971,0.326081,0.267842,0.073713,-0.120416,-0.314546,1.601609,1.210837,1.015451,0.820065,0.624679,0.429293,0.292523,0.233907,0.038521,-0.156865,-0.352251,10.152896,INTERPOLATED,1.000000,0.000000,MATCHED,
CG6-0640|2026-01-17|L1|S67,CG6-0640,2026-01-17,1,67,1-67,results.zip/day2.xlsx,8.536471,24.806712,34.894748,691519.292672,2744874.419256,2026-01-17 09:48:50,1,160.966000,12.053180,148.912820,149.560920,-0.648100,49.023865,-7.845265,0.008386,1.371919,15.132368,5.915184,0.047044,5.818845,2.051258,1.134934,1.804043,1.392929,1.187371,0.981814,0.776257,0.570700,0.426810,0.365143,0.159586,-0.045971,-0.251528,1.812667,1.402415,1.197289,0.992164,0.787038,0.581912,0.438324,0.376786,0.171660,-0.033466,-0.238591,10.353771,INTERPOLATED,1.000000,0.000000,MATCHED,TILT_GT_20
CG6-0640|2026-01-17|L1|S68,CG6-0640,2026-01-17,1,68,1-68,results.zip/day2.xlsx,8.768943,24.807448,34.893537,691395.762555,2744954.245941,2026-01-17 09:52:57,1,162.741000,12.058414,150.682586,150.137797,0.544790,50.793631,-7.916187,0.008494,1.422517,15.678641,6.339937,0.047063,5.999045,2.231459,0.851931,2.080383,1.654428,1.441450,1.228472,1.015495,0.802517,0.653433,0.589539,0.376562,0.163584,-0.049394,1.877020,1.430728,1.207583,0.984437,0.761291,0.538145,0.381943,0.314999,0.091853,-0.131293,-0.354438,10.453394,INTERPOLATED,1.000000,0.000000,MATCHED,
CG6-0640|2026-01-17|L1|S69,CG6-0640,2026-01-17,1,69,1-69,results.zip/day2.xlsx,3.488083,24.808642,34.892039,691242.395775,2745084.438374,2026-01-17 09:56:00,1,164.661000,12.064652,152.596348,152.619430,-0.023082,52.707393,-8.037165,0.010079,1.504626,16.269361,6.727569,0.047375,6.138365,2.370778,0.694199,2.307527,1.865523,1.644521,1.423519,1.202517,0.981514,0.826813,0.760512,0.539510,0.318508,0.097506,1.986012,1.511856,1.274779,1.037701,0.800623,0.563545,0.397591,0.326467,0.089389,-0.147688,-0.384766,10.571469,INTERPOLATED,1.000000,0.000000,MATCHED,
CG6-0640|2026-01-17|L1|S70,CG6-0640,2026-01-17,1,70,1-70,results.zip/day2.xlsx,1.986618,24.809672,34.890604,691095.763348,2745196.526153,2026-01-17 09:59:55,1,166.972000,12.070760,154.901240,154.332972,0.568268,55.012285,-8.680136,0.008652,1.575444,16.980810,6.725229,0.047092,6.234259,2.466672,0.696202,2.111899,1.650566,1.419899,1.189233,0.958566,0.727900,0.566433,0.497233,0.266567,0.035900,-0.194766,1.791884,1.298550,1.051883,0.805215,0.558548,0.311881,0.139214,0.065214,-0.181454,-0.428121,-0.674788,10.689354,INTERPOLATED,1.000000,0.000000,MATCHED,
CG6-0640|2026-01-17|L1|S71,CG6-0640,2026-01-17,1,71,1-71,results.zip/day2.xlsx,3.815424,24.810664,34.889008,690932.934363,2745304.129880,2026-01-17 10:04:18,1,168.807000,12.077726,156.729274,156.305383,0.423891,56.840319,-9.373571,0.008611,1.643620,17.545066,6.527875,0.047084,6.331212,2.563625,0.641991,1.761246,1.284583,1.046251,0.807920,0.569588,0.331257,0.164425,0.092926,-0.145406,-0.383737,-0.622069,1.400624,0.887899,0.631536,0.375174,0.118811,-0.137551,-0.317005,-0.393914,-0.650276,-0.906639,-1.163002,10.825860,INTERPOLATED,1.000000,0.000000,MATCHED,
CG6-0640|2026-01-17|L1|S72,CG6-0640,2026-01-17,1,72,1-72,results.zip/day2.xlsx,2.054049,24.810848,34.887145,690744.299229,2745321.926390,2026-01-17 10:08:07,1,171.258000,12.086766,159.171234,158.698539,0.472694,59.282279,-9.856131,0.007931,1.656284,18.298823,6.786408,0.046964,6.438087,2.670500,0.630022,1.814996,1.317855,1.069285,0.820714,0.572143,0.323573,0.149573,0.075002,-0.173568,-0.422139,-0.670710,1.445409,0.911309,0.644259,0.377209,0.110159,-0.156891,-0.343826,-0.423941,-0.690991,-0.958041,-1.225091,11.006867,INTERPOLATED,1.000000,0.000000,MATCHED,
CG6-0640|2026-01-17|L1|S73,CG6-0640,2026-01-17,1,73,1-73,results.zip/day2.xlsx,2.206771,24.810916,34.885077,690535.078500,2745326.584704,2026-01-17 10:12:06,1,173.099000,12.096929,161.002071,160.764576,0.237494,61.113116,-10.579226,0.009268,1.660969,18.863945,6.623750,0.047209,6.501695,2.734108,0.665155,1.498804,0.986309,0.730062,0.473815,0.217567,-0.038680,-0.218053,-0.294927,-0.551174,-0.807422,-1.063669,1.155533,0.608712,0.335301,0.061890,-0.211521,-0.484931,-0.676319,-0.758342,-1.031753,-1.305164,-1.578575,11.210859,INTERPOLATED,1.000000,0.000000,MATCHED,
CG6-0640|2026-01-17|L1|S74,CG6-0640,2026-01-17,1,74,1-74,results.zip/day2.xlsx,2.973739,24.810493,34.882864,690312.025336,2745276.623797,2026-01-17 10:16:00,1,175.752000,12.108225,163.643775,163.579300,0.064475,63.754820,-11.007143,0.008493,1.631874,19.679355,7.040339,0.047063,6.602965,2.835378,0.690510,1.693859,1.159211,0.891887,0.624563,0.357240,0.089916,-0.097211,-0.177408,-0.444732,-0.712056,-0.979380,1.369582,0.802506,0.518968,0.235430,-0.048108,-0.331645,-0.530122,-0.615183,-0.898721,-1.182259,-1.465797,11.439087,INTERPOLATED,1.000000,0.000000,MATCHED,
CG6-0640|2026-01-17|L1|S75,CG6-0640,2026-01-17,1,75,1-75,results.zip/day2.xlsx,2.784461,24.809450,34.881374,690162.985607,2745159.079745,2026-01-17 10:19:05,1,177.746000,12.116453,165.629547,165.267786,0.361761,65.740592,-11.016518,0.008029,1.560204,20.292301,7.715578,0.046981,6.633647,2.866061,0.830902,2.202572,1.651272,1.375621,1.099971,0.824321,0.548670,0.355715,0.273020,-0.002630,-0.278281,-0.553931,1.983457,1.410245,1.123639,0.837033,0.550427,0.263821,0.063197,-0.022785,-0.309391,-0.595997,-0.882603,11.608269,INTERPOLATED,1.000000,0.000000,MATCHED,
CG6-0640|2026-01-17|L1|S76,CG6-0640,2026-01-17,1,76,1-76,results.zip/day2.xlsx,5.115942,24.808266,34.879994,690025.215492,2745025.954700,2026-01-17 10:23:19,1,179.547000,12.124230,167.422770,167.161739,0.261031,67.533815,-11.441704,0.008286,1.478770,20.845812,7.925337,0.047026,6.531751,2.764164,1.303724,2.261951,1.695613,1.412443,1.129274,0.846105,0.562936,0.364717,0.279766,-0.003403,-0.286572,-0.569742,2.397010,1.844177,1.567761,1.291344,1.014928,0.738511,0.545020,0.462095,0.185679,-0.090738,-0.367154,11.770341,INTERPOLATED,1.000000,0.000000,MATCHED,
CG6-0640|2026-01-17|L1|S77,CG6-0640,2026-01-17,1,77,1-77,results.zip/day2.xlsx,4.530843,24.807222,34.878566,689882.458866,2744908.341852,2026-01-17 10:26:47,1,181.285000,12.132093,169.152907,169.122492,0.030414,69.263952,-11.510761,0.008071,1.407006,21.379850,8.462082,0.046988,6.479860,2.712273,1.635967,2.653607,2.072759,1.782336,1.491912,1.201488,0.911064,0.707768,0.620641,0.330217,0.039793,-0.250631,3.037536,2.495082,2.223854,1.952627,1.681400,1.410172,1.220313,1.138945,0.867718,0.596491,0.325263,11.934771,INTERPOLATED,1.000000,0.000000,MATCHED,
CG6-0640|2026-01-17|L1|S78,CG6-0640,2026-01-17,1,78,1-78,results.zip/day2.xlsx,4.940823,24.806801,34.876844,689709.006363,2744859.308255,2026-01-17 10:30:17,1,184.226000,12.140876,172.085124,171.934170,0.150954,72.196169,-11.180081,0.008226,1.378060,22.284929,9.726788,0.047015,6.757865,2.990278,1.221963,3.672417,3.066980,2.764262,2.461543,2.158825,1.856106,1.644203,1.553387,1.250669,0.947950,0.645232,3.746232,3.148176,2.849148,2.550121,2.251093,1.952065,1.742746,1.653037,1.354009,1.054982,0.755954,12.114523,INTERPOLATED,1.000000,0.000000,MATCHED,
CG6-0640|2026-01-17|L1|S79,CG6-0640,2026-01-17,1,79,1-79,results.zip/day2.xlsx,5.167466,24.808007,34.875286,689549.614771,2744990.692561,2026-01-17 10:34:10,1,186.561000,12.147582,174.413418,174.479488,-0.066069,74.524464,-11.267656,0.008095,1.460948,23.003595,10.274991,0.046993,6.874029,3.106442,1.172466,4.025369,3.400407,3.087926,2.775445,2.462964,2.150483,1.931746,1.838002,1.525521,1.213040,0.900559,4.062107,3.440819,3.130175,2.819531,2.508886,2.198242,1.980791,1.887598,1.576954,1.266310,0.955665,12.242298,INTERPOLATED,1.000000,0.000000,MATCHED,
CG6-0640|2026-01-17|L1|S80,CG6-0640,2026-01-17,1,80,1-80,results.zip/day2.xlsx,6.959184,24.809203,34.873581,689375.451544,2745120.874352,2026-01-17 10:38:13,1,188.807000,12.154283,176.652717,176.606809,0.045908,76.763763,-11.591373,0.008051,1.543217,23.694790,10.560200,0.046985,6.950516,3.182929,1.218943,4.122791,3.479050,3.157179,2.835309,2.513438,2.191568,1.966259,1.869697,1.547827,1.225956,0.904086,4.194342,3.557757,3.239464,2.921171,2.602878,2.284585,2.061780,1.966292,1.648000,1.329707,1.011414,12.386919,INTERPOLATED,1.000000,0.000000,MATCHED,
CG6-0640|2026-01-17|L1|S81,CG6-0640,2026-01-17,1,81,1-81,results.zip/day2.xlsx,9.795689,24.809840,34.871940,689208.547197,2745189.121661,2026-01-17 10:41:43,1,190.946000,12.161006,178.784994,178.676378,0.108616,78.896039,-11.615229,0.009545,1.586991,24.352950,11.150731,0.047264,7.072546,3.304959,1.131835,4.534509,3.872887,3.542075,3.211264,2.880453,2.549642,2.318074,2.218831,1.888020,1.557209,1.226398,4.540812,3.879820,3.549324,3.218828,2.888332,2.557836,2.326489,2.227340,1.896844,1.566348,1.235852,12.537785,INTERPOLATED,1.000000,0.000000,MATCHED,
CG6-0640|2026-01-17|L1|S82,CG6-0640,2026-01-17,1,82,1-82,results.zip/day2.xlsx,6.073359,24.810284,34.869962,689007.947746,2745235.565847,2026-01-17 10:45:52,1,193.248000,12.169368,181.078632,180.849480,0.229152,81.189677,-11.765295,0.008147,1.617520,25.060917,11.678102,0.047001,7.142140,3.374553,1.202800,4.869536,4.188679,3.848251,3.507823,3.167395,2.826966,2.588666,2.486538,2.146110,1.805681,1.465253,4.928996,4.254086,3.916630,3.579175,3.241720,2.904264,2.668046,2.566809,2.229354,1.891898,1.554443,12.726402,INTERPOLATED,1.000000,0.000000,MATCHED,
CG6-0640|2026-01-17|L1|S83,CG6-0640,2026-01-17,1,83,1-83,results.zip/day2.xlsx,10.402604,24.811564,34.868862,688894.775869,2745375.872941,2026-01-17 10:49:39,1,195.582000,12.173291,183.408709,183.366508,0.042200,83.519754,-11.890501,0.008498,1.705556,25.780130,12.184072,0.047064,7.291829,3.524242,1.063990,5.180106,4.479709,4.129511,3.779313,3.429114,3.078916,2.833777,2.728718,2.378519,2.028321,1.678123,5.135588,4.430740,4.078316,3.725891,3.373467,3.021043,2.774346,2.668619,2.316195,1.963770,1.611346,12.813651,INTERPOLATED,1.000000,0.000000,MATCHED,
CG6-0640|2026-01-17|L1|S84,CG6-0640,2026-01-17,1,84,1-84,results.zip/day2.xlsx,4.796810,24.812079,34.867114,688717.243077,2745430.503887,2026-01-17 10:54:23,1,198.247000,12.180639,186.066361,186.150703,-0.084342,86.177406,-12.183011,0.008077,1.740969,26.600454,12.676473,0.046989,7.437725,3.670138,0.971981,5.449636,4.726952,4.365610,4.004268,3.642927,3.281585,3.028645,2.920243,2.558901,2.197559,1.836217,5.336198,4.602170,4.235156,3.868143,3.501129,3.134115,2.877205,2.767101,2.400087,2.033074,1.666060,12.979723,INTERPOLATED,1.000000,0.000000,MATCHED,
CG6-0640|2026-01-17|L1|S85,CG6-0640,2026-01-17,1,85,1-85,results.zip/day2.xlsx,3.374770,24.811355,34.865205,688525.356240,2745347.652059,2026-01-17 10:57:50,1,200.496000,12.189553,188.306447,188.271053,0.035394,88.417492,-12.461591,0.008056,1.691178,27.291890,13.139121,0.046986,7.521148,3.753561,1.000024,5.724430,4.982961,4.612226,4.241492,3.870757,3.500023,3.240508,3.129288,2.758553,2.387819,2.017084,5.631998,4.881286,4.505929,4.130573,3.755217,3.379861,3.117112,3.004505,2.629149,2.253793,1.878436,13.182208,INTERPOLATED,1.000000,0.000000,MATCHED,
CG6-0640|2026-01-17|L1|S86,CG6-0640,2026-01-17,1,86,1-86,results.zip/day2.xlsx,5.678319,24.811007,34.863004,688303.421997,2745306.054404,2026-01-17 11:01:46,1,203.915000,12.199475,191.715525,191.095183,0.620341,91.826570,-13.008099,0.008037,1.667243,28.344151,13.668808,0.046982,7.691510,3.923923,0.926814,5.968232,5.198174,4.813145,4.428116,4.043088,3.658059,3.388539,3.273030,2.888001,2.502972,2.117944,5.820961,5.036176,4.643784,4.251391,3.858999,3.466607,3.191932,3.074214,2.681822,2.289430,1.897037,13.407669,INTERPOLATED,1.000000,0.000000,MATCHED,
CG6-0640|2026-01-17|L1|S87,CG6-0640,2026-01-17,1,87,1-87,results.zip/day2.xlsx,4.373515,24.810664,34.861406,688142.334862,2745265.803072,2026-01-17 11:05:22,1,205.294000,12.206732,193.087268,192.828632,0.258635,93.198313,-13.349535,0.008178,1.643627,28.767558,13.774396,0.047007,7.719209,3.951622,1.006431,5.958786,5.177225,4.786444,4.395664,4.004883,3.614102,3.340556,3.223322,2.832541,2.441761,2.050980,5.871152,5.080828,4.685666,4.290504,3.895341,3.500179,3.223566,3.105017,2.709855,2.314693,1.919531,13.572967,INTERPOLATED,1.000000,0.000000,MATCHED,
CG6-0640|2026-01-17|L1|S88,CG6-0640,2026-01-17,1,88,1-88,results.zip/day2.xlsx,6.245397,24.810700,34.859329,687932.317324,2745266.911589,2026-01-17 11:08:56,1,207.331000,12.215846,195.115154,195.124638,-0.009484,95.226199,-13.639778,0.008662,1.646092,29.393493,14.107624,0.047093,7.786914,4.019327,1.052686,6.121955,5.323388,4.924104,4.524821,4.125537,3.726254,3.446756,3.326971,2.927687,2.528404,2.129120,6.068969,5.265104,4.863171,4.461238,4.059306,3.657373,3.376020,3.255440,2.853508,2.451575,2.049642,13.779717,INTERPOLATED,1.000000,0.000000,MATCHED,
CG6-0640|2026-01-17|L1|S89,CG6-0640,2026-01-17,1,89,1-89,results.zip/day2.xlsx,1.852467,24.810575,34.857417,687739.244911,2745250.447464,2026-01-17 11:12:33,1,209.741000,12.224331,197.516669,197.337213,0.179457,97.627714,-13.745677,0.008155,1.637506,30.134753,14.751570,0.047003,7.909274,4.141687,0.994842,6.564510,5.745804,5.336451,4.927098,4.517745,4.108392,3.821845,3.699039,3.289686,2.880333,2.470980,6.468196,5.639859,5.225690,4.811522,4.397353,3.983184,3.693266,3.569016,3.154847,2.740678,2.326509,13.972665,INTERPOLATED,1.000000,0.000000,MATCHED,
CG6-0640|2026-01-17|L1|S90,CG6-0640,2026-01-17,1,90,1-90,results.zip/day2.xlsx,5.701415,24.811064,34.855193,687513.662423,2745301.608690,2026-01-17 11:16:23,1,212.158000,12.233829,199.924171,200.266619,-0.342448,100.035216,-13.806342,0.008042,1.671160,30.877859,15.400357,0.046983,7.999737,4.232150,1.022832,7.011403,6.172508,5.753060,5.333613,4.914165,4.494717,4.201104,4.075270,3.655822,3.236374,2.816927,6.936056,6.089626,5.666411,5.243196,4.819981,4.396766,4.100515,3.973551,3.550336,3.127121,2.703906,14.187056,INTERPOLATED,1.000000,0.000000,MATCHED,
CG6-0640|2026-01-17|L1|S91,CG6-0640,2026-01-17,1,91,1-91,results.zip/day2.xlsx,6.691782,24.812083,34.852824,687272.565162,2745411.256816,2026-01-17 12:16:53,1,215.635000,12.243696,203.391304,203.173350,0.217954,103.502349,-14.161987,0.008044,1.741242,31.948032,16.044802,0.046984,8.133411,4.365824,1.054081,7.365095,6.497125,6.063139,5.629154,5.195169,4.761183,4.457394,4.327198,3.893213,3.459227,3.025242,7.313155,6.439990,6.003408,5.566826,5.130243,4.693661,4.388053,4.257079,3.820496,3.383914,2.947331,14.408708,INTERPOLATED,1.000000,0.000000,MATCHED,
CG6-0640|2026-01-17|L1|S92,CG6-0640,2026-01-17,1,92,1-92,results.zip/day2.xlsx,4.128100,24.813054,34.851986,687186.416191,2745517.656329,2026-01-17 12:21:27,1,217.280000,12.246861,205.033139,204.861217,0.171921,105.144184,-14.397498,0.007959,1.808004,32.454803,16.249302,0.046969,8.170157,4.402570,1.139775,7.431911,6.550172,6.109302,5.668433,5.227563,4.786693,4.478085,4.345824,3.904954,3.464085,3.023215,7.444161,6.563647,6.123390,5.683133,5.242876,4.802619,4.494439,4.362362,3.922105,3.481848,3.041591,14.478925,INTERPOLATED,1.000000,0.000000,MATCHED,
CG6-0640|2026-01-17|L1|S93,CG6-0640,2026-01-17,1,93,1-93,results.zip/day2.xlsx,5.093028,24.813760,34.850041,686988.718396,2745593.099213,2026-01-17 12:25:31,1,220.281000,12.255091,208.025909,207.626446,0.399463,108.136955,-14.126282,0.008507,1.856492,33.378557,17.395783,0.047065,8.360181,4.592594,0.967461,8.327418,7.420582,6.967164,6.513745,6.060327,5.606909,5.289516,5.153491,4.700072,4.246654,3.793236,8.210595,7.292076,6.832816,6.373557,5.914298,5.455038,5.133557,4.995779,4.536519,4.077260,3.618000,14.664565,INTERPOLATED,1.000000,0.000000,MATCHED,
CG6-0640|2026-01-17|L1|S94,CG6-0640,2026-01-17,1,94,1-94,results.zip/day2.xlsx,5.817062,24.812297,34.847653,686749.490344,2745427.792056,2026-01-17 12:30:16,1,222.652000,12.266406,210.385594,210.654786,-0.269192,110.496639,-14.488992,0.008184,1.755906,34.106902,17.862005,0.047008,8.407565,4.639978,1.105121,8.595756,7.669132,7.205819,6.742507,6.279194,5.815882,5.491563,5.352570,4.889257,4.425945,3.962632,8.582049,7.654053,7.190055,6.726058,6.262060,5.798062,5.473264,5.334064,4.870066,4.406069,3.942071,14.923489,INTERPOLATED,1.000000,0.000000,MATCHED,
CG6-0640|2026-01-17|L1|S95,CG6-0640,2026-01-17,1,95,1-95,results.zip/day2.xlsx,5.046347,24.811586,34.846558,686639.871040,2745347.591878,2026-01-17 12:34:34,1,225.093000,12.271591,212.821409,212.954033,-0.132624,112.932454,-14.806297,0.008132,1.707052,34.858744,18.345395,0.046999,8.465158,4.697571,1.224045,8.874880,7.927828,7.454302,6.980776,6.507251,6.033725,5.702257,5.560199,5.086673,4.613148,4.139622,8.950253,8.010739,7.540982,7.071225,6.601468,6.131711,5.802881,5.661954,5.192197,4.722440,4.252682,15.043157,INTERPOLATED,1.000000,0.000000,MATCHED,
CG6-0640|2026-01-17|L1|S96,CG6-0640,2026-01-17,1,96,1-96,results.zip/day2.xlsx,11.657083,24.810003,34.845573,686542.640343,2745170.858194,2026-01-17 12:38:46,1,226.872000,12.276701,214.595299,215.750287,-1.154988,114.706344,-15.413527,0.007974,1.598186,35.406277,18.394564,0.046972,8.481190,4.713603,1.379832,8.775290,7.813362,7.332399,6.851435,6.370471,5.889508,5.552833,5.408544,4.927580,4.446617,3.965653,8.967358,8.024637,7.553277,7.081916,6.610556,6.139196,5.809244,5.667835,5.196475,4.725115,4.253755,15.165363,INTERPOLATED,1.000000,0.000000,MATCHED,
CG6-0640|2026-01-17|L1|S97,CG6-0640,2026-01-17,1,97,1-97,results.zip/day2.xlsx,11.328094,24.807977,34.845715,686560.001312,2744946.717000,2026-01-17 12:42:18,1,229.616000,12.277062,217.338938,218.058539,-0.719601,117.449983,-15.682083,0.008109,1.458944,36.253132,19.112105,0.046995,8.776658,5.009071,0.898090,9.262749,8.277814,7.785346,7.292878,6.800410,6.307943,5.963215,5.815475,5.323007,4.830539,4.338071,9.093962,8.092148,7.591241,7.090334,6.589427,6.088520,5.737885,5.587612,5.086705,4.585798,4.084891,15.184276,INTERPOLATED,1.000000,0.000000,MATCHED,
CG6-0640|2026-01-17|L1|S98,CG6-0640,2026-01-17,1,98,1-98,results.zip/day2.xlsx,10.949133,24.806349,34.845439,686534.555451,2744765.943370,2026-01-17 12:46:00,1,232.410000,12.279055,220.130945,219.682829,0.448115,120.241990,-16.302366,0.008159,1.346980,37.114916,19.465569,0.047004,8.885720,5.118133,0.919470,9.382076,8.373726,7.869552,7.365377,6.861202,6.357028,6.004105,5.852853,5.348678,4.844504,4.340329,9.229303,8.205677,7.693864,7.182050,6.670237,6.158424,5.800155,5.646611,5.134797,4.622984,4.111171,15.240709,INTERPOLATED,1.000000,0.000000,MATCHED,
CG6-0640|2026-01-17|L1|S99,CG6-0640,2026-01-17,1,99,1-99,results.zip/day2.xlsx,8.940785,24.804772,34.844712,686463.401948,2744590.321557,2026-01-17 12:50:03,1,234.171000,12.282973,221.888027,222.178511,-0.290485,121.999072,-16.600929,0.008160,1.238602,37.657258,19.817727,0.047004,9.012039,5.244452,0.778908,9.586885,8.563801,8.052259,7.540717,7.029175,6.517633,6.159553,6.006090,5.494548,4.983006,4.471464,9.328823,8.279932,7.755487,7.231042,6.706597,6.182151,5.815040,5.657706,5.133261,4.608816,4.084370,15.342962,INTERPOLATED,1.000000,0.000000,MATCHED,
CG6-0640|2026-01-17|L1|S100,CG6-0640,2026-01-17,1,100,1-100,results.zip/day2.xlsx,10.346324,24.803610,34.843233,686315.606145,2744459.593347,2026-01-17 12:54:22,1,237.160000,12.289930,224.870070,224.662988,0.207082,124.981115,-17.094730,0.008304,1.158726,38.577696,20.324240,0.047029,9.156281,5.388694,0.727630,9.843323,8.795232,8.271186,7.747140,7.223094,6.699048,6.332216,6.175003,5.650957,5.126911,4.602865,9.546851,8.469112,7.930243,7.391373,6.852504,6.313634,5.936426,5.774765,5.235896,4.697026,4.158157,15.513011,INTERPOLATED,1.000000,0.000000,MATCHED,
CG6-0640|2026-01-17|L1|S101,CG6-0640,2026-01-17,1,101,1-101,results.zip/day2.xlsx,8.689314,24.802139,34.842156,686208.963300,2744295.214446,2026-01-17 12:58:19,1,239.058000,12.295255,226.762745,226.662645,0.100100,126.873790,-17.507564,0.008439,1.057628,39.161889,20.596698,0.047053,9.222098,5.454511,0.763791,9.957061,8.893098,8.361116,7.829134,7.297152,6.765171,6.392783,6.233189,5.701207,5.169225,4.637243,9.687676,8.596774,8.051323,7.505872,6.960421,6.414970,6.033154,5.869518,5.324067,4.778616,4.233165,15.650318,INTERPOLATED,1.000000,0.000000,MATCHED,
CG6-0640|2026-01-17|L1|S102,CG6-0640,2026-01-17,1,102,1-102,results.zip/day2.xlsx,11.558709,24.800753,34.840525,686046.093953,2744139.432068,2026-01-17 13:02:22,1,241.446000,12.302898,229.143102,229.010632,0.132470,129.254147,-17.932476,0.008031,0.962338,39.896609,21.001795,0.046982,9.290141,5.522554,0.848605,10.162542,9.078617,8.536654,7.994692,7.452729,6.910767,6.531393,6.368804,5.826841,5.284879,4.742916,9.956688,8.852177,8.299922,7.747666,7.195411,6.643156,6.256577,6.090900,5.538645,4.986390,4.434134,15.841902,INTERPOLATED,1.000000,0.000000,MATCHED,
CG6-0640|2026-01-17|L1|S103,CG6-0640,2026-01-17,1,103,1-103,results.zip/day2.xlsx,11.478244,24.799554,34.838889,685882.474655,2744004.441623,2026-01-17 13:06:10,1,244.031000,12.310438,231.720562,231.593167,0.127396,131.831607,-18.494164,0.008341,0.879955,40.692166,21.318046,0.047035,9.412102,5.644515,0.811522,10.262647,9.157107,8.604337,8.051567,7.498798,6.946028,6.559089,6.393258,5.840488,5.287718,4.734948,10.029015,8.900112,8.335661,7.771209,7.206758,6.642306,6.247190,6.077855,5.513403,4.948952,4.384500,16.030546,INTERPOLATED,1.000000,0.000000,MATCHED,
CG6-0640|2026-01-17|L1|S104,CG6-0640,2026-01-17,1,104,1-104,results.zip/day2.xlsx,8.034618,24.797975,34.837329,685727.080093,2743827.412110,2026-01-17 13:15:35,1,246.324000,12.317769,234.006231,233.938521,0.067710,134.117277,-19.046643,0.008038,0.771426,41.397658,21.579589,0.046983,9.534826,5.767239,0.739737,10.332515,9.207807,8.645453,8.083100,7.520746,6.958392,6.564745,6.396038,5.833685,5.271331,4.708977,10.045111,8.891663,8.314939,7.738215,7.161491,6.584767,6.181061,6.008043,5.431319,4.854596,4.277872,16.221248,INTERPOLATED,1.000000,0.000000,MATCHED,
CG6-0640|2026-01-17|L1|S105,CG6-0640,2026-01-17,1,105,1-105,results.zip/day2.xlsx,6.056455,24.796888,34.836198,685614.349290,2743705.488572,2026-01-17 13:19:16,1,248.353000,12.323030,236.029970,235.916560,0.113410,136.141016,-19.428219,0.008081,0.696730,42.022303,21.897354,0.046990,9.591619,5.824032,0.814665,10.480569,9.338890,8.768051,8.197212,7.626372,7.055533,6.655945,6.484694,5.913854,5.343015,4.772176,10.249291,9.084485,8.502081,7.919678,7.337275,6.754872,6.347190,6.172469,5.590066,5.007663,4.425259,16.358815,INTERPOLATED,1.000000,0.000000,MATCHED,
CG6-0640|2026-01-17|L1|S107,CG6-0640,2026-01-17,1,107,1-107,results.zip/day2.xlsx,9.376600,24.795019,34.832779,685271.471016,2743493.789561,2026-01-17 13:26:50,1,252.895000,12.337967,240.557033,240.820097,-0.263064,140.668078,-20.453543,0.008354,0.568262,43.419616,22.397811,0.047038,9.801669,6.034082,0.760650,10.601386,9.421744,8.831922,8.242101,7.652280,7.062459,6.649584,6.472637,5.882816,5.292995,4.703174,10.329647,9.122831,8.519423,7.916015,7.312607,6.709198,6.286813,6.105790,5.502382,4.898974,4.295566,16.741545,INTERPOLATED,1.000000,0.000000,MATCHED,
CG6-0640|2026-01-17|L1|S108,CG6-0640,2026-01-17,1,108,1-108,results.zip/day2.xlsx,6.270927,24.794794,34.830853,685077.042158,2743466.294835,2026-01-17 13:30:24,1,255.026000,12.345143,242.680857,242.767037,-0.086181,142.791902,-21.132324,0.008134,0.552824,44.075150,22.390001,0.046999,9.903118,6.135531,0.727550,10.415472,9.218019,8.619293,8.020566,7.421840,6.823114,6.404005,6.224387,5.625661,5.026934,4.428208,10.118940,8.891834,8.278281,7.664728,7.051175,6.437622,6.008135,5.824069,5.210516,4.596962,3.983409,16.936658,INTERPOLATED,1.000000,0.000000,MATCHED,
CG6-0640|2026-01-17|L1|S109,CG6-0640,2026-01-17,1,109,1-109,results.zip/day2.xlsx,4.047599,24.794741,34.828667,684856.118648,2743457.460208,2026-01-17 13:34:19,1,257.796000,12.353212,245.442788,245.274005,0.168783,145.553833,-21.736207,0.008018,0.549180,44.927638,22.642251,0.046979,10.022994,6.255407,0.716686,10.436107,9.215492,8.605185,7.994878,7.384571,6.774263,6.347048,6.163956,5.553649,4.943342,4.333034,10.131437,8.880355,8.254814,7.629274,7.003733,6.378192,5.940314,5.752651,5.127111,4.501570,3.876029,17.153082,INTERPOLATED,1.000000,0.000000,MATCHED,
CG6-0640|2026-01-17|L1|S110,CG6-0640,2026-01-17,1,110,1-110,results.zip/day2.xlsx,2.851640,24.794924,34.826748,684661.849145,2743475.137875,2026-01-17 13:38:10,1,260.072000,12.360222,247.711778,247.589266,0.122512,147.822823,-22.337609,0.008096,0.561759,45.627975,22.728607,0.046993,10.132653,6.365066,0.677919,10.332185,9.092543,8.472722,7.852901,7.233080,6.613259,6.179384,5.993438,5.373617,4.753796,4.133974,9.998476,8.725463,8.088956,7.452450,6.815943,6.179437,5.733882,5.542930,4.906424,4.269917,3.633410,17.337551,INTERPOLATED,1.000000,0.000000,MATCHED,
CG6-0640|2026-01-18|L1|S111,CG6-0640,2026-01-18,1,111,1-111,results.zip/day3.xlsx,1.505857,24.794302,34.824506,684436.057968,2743403.151158,2026-01-18 06:49:28,1,262.655000,12.368665,250.286335,250.002038,0.284297,150.397380,-22.918786,0.008912,0.518976,46.422628,22.984866,0.047140,10.232915,6.465328,0.698449,10.372542,9.111309,8.480693,7.850077,7.219461,6.588845,6.147413,5.958228,5.327612,4.696996,4.066380,10.054210,8.761145,8.114612,7.468079,6.821547,6.175014,5.722441,5.528481,4.881948,4.235415,3.588883,17.573611,INTERPOLATED,1.000000,0.000000,MATCHED,
CG6-0640|2026-01-18|L1|S112,CG6-0640,2026-01-18,1,112,1-112,results.zip/day3.xlsx,2.428924,24.793677,34.823149,684299.816049,2743332.096557,2026-01-18 06:59:54,1,264.337000,12.373832,251.963168,251.911215,0.051953,152.074214,-23.359719,0.008644,0.476029,46.940193,23.104445,0.047090,10.304003,6.536416,0.696370,10.351501,9.076207,8.438560,7.800913,7.163265,6.525618,6.079265,5.887971,5.250324,4.612677,3.975030,10.031613,8.724329,8.070688,7.417046,6.763405,6.109763,5.652214,5.456121,4.802480,4.148838,3.495197,17.722544,INTERPOLATED,1.000000,0.000000,MATCHED,
CG6-0640|2026-01-18|L1|S113,CG6-0640,2026-01-18,1,113,1-113,results.zip/day3.xlsx,2.197248,24.793611,34.820544,684036.445692,2743321.331316,2026-01-18 07:03:51,1,266.880000,12.383423,254.496577,254.387068,0.109510,154.607623,-23.842329,0.008085,0.471531,47.722143,23.408283,0.046991,10.401569,6.633982,0.719492,10.442888,9.146349,8.498079,7.849809,7.201539,6.553270,6.099481,5.905000,5.256730,4.608460,3.960191,10.140320,8.813523,8.150125,7.486727,6.823329,6.159931,5.695552,5.496532,4.833134,4.169736,3.506338,17.980771,INTERPOLATED,1.000000,0.000000,MATCHED,
CG6-0640|2026-01-18|L1|S114,CG6-0640,2026-01-18,1,114,1-114,results.zip/day3.xlsx,2.575590,24.793539,34.818667,683846.831099,2743310.781544,2026-01-18 07:07:31,1,268.757000,12.390333,256.366667,256.485267,-0.118600,156.477712,-24.402107,0.008000,0.466554,48.299355,23.430695,0.046976,10.444761,6.677174,0.813532,10.308474,8.996252,8.340141,7.684029,7.027918,6.371807,5.912530,5.715696,5.059585,4.403474,3.747363,10.076347,8.740912,8.073195,7.405478,6.737760,6.070043,5.602641,5.402326,4.734608,4.066891,3.399174,18.167417,INTERPOLATED,1.000000,0.000000,MATCHED,
CG6-0640|2026-01-18|L1|S115,CG6-0640,2026-01-18,1,115,1-115,results.zip/day3.xlsx,1.653958,24.793649,34.816595,683637.142478,2743320.141615,2026-01-18 07:11:13,1,271.089000,12.397920,258.691080,258.910829,-0.219749,158.802125,-25.034475,0.008447,0.474091,49.016796,23.508231,0.047054,10.445819,6.678232,1.070932,10.191084,8.859370,8.193513,7.527655,6.861798,6.195941,5.729840,5.530083,4.864226,4.198369,3.532511,10.151767,8.816120,8.148297,7.480474,6.812651,6.144828,5.677351,5.477004,4.809181,4.141358,3.473535,18.369091,INTERPOLATED,1.000000,0.000000,MATCHED,
CG6-0640|2026-01-18|L1|S116,CG6-0640,2026-01-18,1,116,1-116,results.zip/day3.xlsx,2.804602,24.793830,34.814541,683429.214028,2743337.454325,2026-01-18 07:15:37,1,273.113000,12.405428,260.707572,260.890731,-0.183159,160.818617,-25.997352,0.007934,0.486544,49.639195,23.155298,0.046965,10.387627,6.620040,1.452058,9.669049,8.320424,7.646112,6.971799,6.297487,5.623174,5.151156,4.948862,4.274550,3.600237,2.925925,9.915219,8.591211,7.929207,7.267203,6.605199,5.943195,5.479793,5.281192,4.619188,3.957184,3.295180,18.567441,INTERPOLATED,1.000000,0.000000,MATCHED,
CG6-0640|2026-01-18|L1|S117,CG6-0640,2026-01-18,1,117,1-117,results.zip/day3.xlsx,3.130628,24.794522,34.812445,683216.271141,2743411.296463,2026-01-18 07:19:48,1,275.351000,12.412999,262.938001,263.764033,-0.826032,163.049046,-26.543873,0.007934,0.534103,50.327624,23.249648,0.046965,10.474861,6.707274,1.468846,9.576355,8.209025,7.525361,6.841696,6.158031,5.474367,4.995802,4.790702,4.107038,3.423373,2.739708,9.835100,8.493646,7.822918,7.152191,6.481463,5.810736,5.341227,5.140009,4.469281,3.798554,3.127827,18.758472,INTERPOLATED,1.000000,0.000000,MATCHED,
CG6-0640|2026-01-18|L1|S118,CG6-0640,2026-01-18,1,118,1-118,results.zip/day3.xlsx,4.703246,24.794839,34.810811,683050.591183,2743444.263215,2026-01-18 07:23:54,1,277.333000,12.418958,264.914042,265.164036,-0.249995,165.025087,-26.995161,0.007934,0.555917,50.937536,23.386459,0.046965,10.626232,6.858645,1.285908,9.547455,8.163555,7.471605,6.779655,6.087705,5.395754,4.911389,4.703804,4.011854,3.319904,2.627954,9.669169,8.297440,7.611575,6.925711,6.239846,5.553982,5.073877,4.868117,4.182253,3.496388,2.810524,18.912868,INTERPOLATED,1.000000,0.000000,MATCHED,
CG6-0640|2026-01-18|L1|S119,CG6-0640,2026-01-18,1,119,1-119,results.zip/day3.xlsx,6.675586,24.795453,34.808984,682864.910428,2743509.823686,2026-01-18 07:26:53,1,279.448000,12.425591,267.022409,267.083429,-0.061020,167.133454,-27.423095,0.007999,0.598112,51.588290,23.567083,0.046976,10.813990,7.046403,1.020634,9.551271,8.149690,7.448900,6.748109,6.047318,5.346528,4.855975,4.645737,3.944947,3.244156,2.543366,9.474277,8.064997,7.360356,6.655716,5.951076,5.246435,4.753187,4.541795,3.837155,3.132515,2.427874,19.080181,INTERPOLATED,1.000000,0.000000,MATCHED,
CG6-0640|2026-01-18|L1|S120,CG6-0640,2026-01-18,1,120,1-120,results.zip/day3.xlsx,1.831609,24.795951,34.805155,682477.097269,2743559.796278,2026-01-18 07:31:47,1,283.840000,12.439648,271.400352,271.156267,0.244085,171.511397,-28.583390,0.007933,0.632295,52.939554,23.723868,0.046965,11.024661,7.257074,0.948266,9.340923,7.902628,7.183481,6.464333,5.745186,5.026039,4.522636,4.306892,3.587744,2.868597,2.149450,9.209720,7.758305,7.032598,6.306890,5.581183,4.855476,4.347480,4.129768,3.404061,2.678353,1.952646,19.448863,INTERPOLATED,1.000000,0.000000,MATCHED,
CG6-0640|2026-01-18|L1|S121,CG6-0640,2026-01-18,1,121,1-121,results.zip/day3.xlsx,5.165635,24.796491,34.803118,682270.350859,2743616.926381,2026-01-18 07:35:42,1,285.882000,12.447110,273.434890,273.262556,0.172335,173.545936,-29.140958,0.008132,0.669431,53.567519,23.757130,0.046999,11.087687,7.320100,1.007759,9.203568,7.748212,7.020534,6.292856,5.565178,4.837500,4.328125,4.109821,3.382143,2.654465,1.926787,9.116930,7.652910,6.920900,6.188890,5.456880,4.724870,4.212463,3.992860,3.260850,2.528840,1.796830,19.639701,INTERPOLATED,1.000000,0.000000,MATCHED,
CG6-0640|2026-01-18|L1|S122,CG6-0640,2026-01-18,1,122,1-122,results.zip/day3.xlsx,2.756315,24.797096,34.801233,682078.880607,2743681.417657,2026-01-18 07:39:12,1,288.054000,12.454020,275.599980,275.688168,-0.088188,175.711025,-29.771078,0.007998,0.711006,54.235777,23.753693,0.046976,11.148616,7.381029,1.087467,9.018566,7.545054,6.808297,6.071541,5.334785,4.598028,4.082299,3.861272,3.124516,2.387759,1.651003,8.991634,7.515428,6.777325,6.039222,5.301119,4.563017,4.046345,3.824914,3.086811,2.348708,1.610605,19.814631,INTERPOLATED,1.000000,0.000000,MATCHED,
CG6-0640|2026-01-18|L1|S123,CG6-0640,2026-01-18,1,123,1-123,results.zip/day3.xlsx,1.672587,24.796870,34.799260,681879.709012,2743653.775444,2026-01-18 07:43:35,1,290.360000,12.461344,277.898656,277.806342,0.092314,178.009701,-29.890458,0.009765,0.695486,54.945268,24.359324,0.047309,11.313273,7.545686,0.905177,9.431430,7.938641,7.192246,6.445851,5.699457,4.953062,4.430586,4.206667,3.460273,2.713878,1.967483,9.267951,7.758814,7.004246,6.249677,5.495108,4.740540,4.212342,3.985971,3.231402,2.476834,1.722265,20.015133,INTERPOLATED,1.000000,0.000000,MATCHED,
CG6-0640|2026-01-18|L1|S124,CG6-0640,2026-01-18,1,124,1-124,results.zip/day3.xlsx,2.857909,24.797289,34.797296,681680.540070,2743697.543032,2026-01-18 07:46:59,1,292.216000,12.468584,279.747416,279.694730,0.052686,179.858461,-30.338592,0.008038,0.724266,55.515890,24.453032,0.046983,11.407396,7.639809,0.860843,9.370102,7.861809,7.107662,6.353516,5.599369,4.845222,4.317320,4.091076,3.336929,2.582783,1.828636,9.173414,7.645452,6.881471,6.117490,5.353509,4.589528,4.054742,3.825547,3.061567,2.297586,1.533605,20.202070,INTERPOLATED,1.000000,0.000000,MATCHED,
CG6-0640|2026-01-18|L1|S125,CG6-0640,2026-01-18,1,125,1-125,results.zip/day3.xlsx,4.344285,24.798003,34.795235,681471.032731,2743773.935807,2026-01-18 07:50:22,1,295.636000,12.476187,283.159813,283.255733,-0.095920,183.270858,-31.128166,0.007932,0.773368,56.569129,24.667596,0.046965,11.582907,7.815320,0.774258,9.298501,7.761592,6.993137,6.224683,5.456228,4.687773,4.149855,3.919318,3.150864,2.382409,1.613954,9.036956,7.473892,6.692360,5.910828,5.129296,4.347764,3.800692,3.566232,2.784700,2.003168,1.221636,20.393491,INTERPOLATED,1.000000,0.000000,MATCHED,
CG6-0640|2026-01-18|L1|S126,CG6-0640,2026-01-18,1,126,1-126,results.zip/day3.xlsx,3.120497,24.798976,34.793953,681340.019353,2743879.914576,2026-01-18 07:53:57,1,297.523000,12.480905,285.042095,285.130776,-0.088681,185.153140,-31.485569,0.007919,0.840185,57.150095,24.824341,0.046962,11.666581,7.898994,0.761576,9.297399,7.744704,6.968357,6.192010,5.415663,4.639316,4.095873,3.862969,3.086622,2.310274,1.533927,9.026353,7.446555,6.656655,5.866756,5.076857,4.286957,3.734028,3.497058,2.707159,1.917259,1.127360,20.503161,INTERPOLATED,1.000000,0.000000,MATCHED,
CG6-0640|2026-01-18|L1|S127,CG6-0640,2026-01-18,1,127,1-127,results.zip/day3.xlsx,2.880006,24.800035,34.792264,681167.782685,2743995.015194,2026-01-18 07:58:12,1,299.759000,12.487157,287.271843,287.339936,-0.068093,187.382888,-31.892886,0.008037,0.912998,57.838306,25.032421,0.046983,11.767790,8.000203,0.740974,9.318492,7.747099,6.961403,6.175707,5.390010,4.604314,4.054326,3.818617,3.032921,2.247224,1.461528,9.032016,7.431975,6.631955,5.831934,5.031914,4.231894,3.671880,3.431874,2.631853,1.831833,1.031813,20.652647,INTERPOLATED,1.000000,0.000000,MATCHED,
CG6-0640|2026-01-18|L1|S128,CG6-0640,2026-01-18,1,128,1-128,results.zip/day3.xlsx,5.863687,24.801634,34.791323,681070.265067,2744170.825441,2026-01-18 08:01:40,1,301.870000,12.490508,289.379492,289.547480,-0.167989,189.490537,-32.530530,0.008214,1.022872,58.488829,24.935427,0.047013,11.850901,8.083314,0.755026,9.044751,7.455683,6.661149,5.866616,5.072082,4.277548,3.721374,3.483014,2.688480,1.893947,1.099413,8.768800,7.152137,6.343806,5.535474,4.727143,3.918811,3.352979,3.110480,2.302149,1.493817,0.685486,20.719675,INTERPOLATED,1.000000,0.000000,MATCHED,
CG6-0640|2026-01-18|L1|S129,CG6-0640,2026-01-18,1,129,1-129,results.zip/day3.xlsx,4.369112,24.803606,34.791034,681038.202330,2744388.933809,2026-01-18 08:05:51,1,304.555000,12.491448,292.063552,292.252486,-0.188934,192.174597,-33.099580,0.007919,1.158464,59.317261,25.059216,0.046962,11.946678,8.179091,0.799790,8.943455,7.331878,6.526090,5.720302,4.914514,4.108726,3.544674,3.302938,2.497150,1.691362,0.885574,8.701035,7.065216,6.247307,5.429398,4.611489,3.793580,3.221044,2.975671,2.157762,1.339853,0.521944,20.717449,INTERPOLATED,1.000000,0.000000,MATCHED,
CG6-0640|2026-01-18|L1|S130,CG6-0640,2026-01-18,1,130,1-130,results.zip/day3.xlsx,4.790684,24.805109,34.790824,681014.764662,2744555.082290,2026-01-18 08:09:40,1,306.397000,12.492136,293.904864,293.909646,-0.004782,194.015909,-33.278251,0.007932,1.261751,59.885578,25.345575,0.046965,12.010883,8.243296,0.834503,9.075401,7.448384,6.634875,5.821366,5.007858,4.194349,3.624893,3.380840,2.567332,1.753823,0.940314,8.858983,7.210324,6.385994,5.561665,4.737335,3.913006,3.335975,3.088676,2.264346,1.440017,0.615687,20.716365,INTERPOLATED,1.000000,0.000000,MATCHED,
CG6-0640|2026-01-18|L1|S131,CG6-0640,2026-01-18,1,131,1-131,results.zip/day3.xlsx,4.911988,24.806494,34.789374,680866.142579,2744706.627536,2026-01-18 08:13:04,1,308.635000,12.497031,296.137969,295.954988,0.182981,196.249014,-33.818357,0.008106,1.356999,60.574822,25.399465,0.046994,12.112936,8.345349,0.812026,8.942023,7.296279,6.473407,5.650535,4.827663,4.004790,3.428780,3.181918,2.359046,1.536174,0.713302,8.708768,7.039699,6.205164,5.370629,4.536094,3.701559,3.117385,2.867024,2.032489,1.197955,0.363420,20.842496,INTERPOLATED,1.000000,0.000000,MATCHED,
CG6-0640|2026-01-18|L1|S132,CG6-0640,2026-01-18,1,132,1-132,results.zip/day3.xlsx,4.171268,24.808291,34.788868,680812.359030,2744904.995189,2026-01-18 08:16:30,1,311.044000,12.498744,298.545256,298.598628,-0.053372,198.656301,-34.223390,0.007932,1.480537,61.317824,25.613898,0.046965,12.180400,8.412813,0.901399,8.954581,7.288649,6.455683,5.622717,4.789751,3.956785,3.373709,3.123819,2.290854,1.457888,0.624922,8.788272,7.105709,6.264428,5.423147,4.581866,3.740584,3.151687,2.899303,2.058022,1.216740,0.375459,20.870215,INTERPOLATED,1.000000,0.000000,MATCHED,
CG6-0640|2026-01-18|L1|S133,CG6-0640,2026-01-18,1,133,1-133,results.zip/day3.xlsx,3.036395,24.809735,34.787706,680692.796170,2745063.363707,2026-01-18 08:19:58,1,312.965000,12.502705,300.462295,300.941673,-0.479378,200.573340,-34.431653,0.008214,1.579791,61.909513,25.898069,0.047013,12.250009,8.482422,0.930162,9.077988,7.395980,6.554976,5.713972,4.872968,4.031964,3.443261,3.190960,2.349956,1.508952,0.667948,8.933225,7.236741,6.388499,5.540256,4.692014,3.843772,3.250003,2.995530,2.147288,1.299046,0.450803,20.969787,INTERPOLATED,1.000000,0.000000,MATCHED,
CG6-0640|2026-01-18|L1|S134,CG6-0640,2026-01-18,1,134,1-134,results.zip/day3.xlsx,1.938238,24.811148,34.786277,680546.363081,2745217.971857,2026-01-18 08:23:32,1,316.478000,12.507597,303.970403,303.846991,0.123412,204.081448,-35.080224,0.007947,1.676934,62.992281,26.235123,0.046967,12.366922,8.599335,1.010747,9.120853,7.409426,6.553712,5.697999,4.842285,3.986572,3.387572,3.130858,2.275145,1.419431,0.563718,9.036453,7.316586,6.456653,5.596719,4.736786,3.876852,3.274899,3.016919,2.156985,1.297052,0.437118,21.097851,INTERPOLATED,1.000000,0.000000,MATCHED,
CG6-0640|2026-01-18|L1|S135,CG6-0640,2026-01-18,1,135,1-135,results.zip/day3.xlsx,4.505402,24.811791,34.784455,680361.239584,2745286.775645,2026-01-18 08:26:56,1,318.746000,12.513844,306.232156,306.146772,0.085383,206.343201,-35.733107,0.008059,1.721139,63.690365,26.236119,0.046986,12.475616,8.708029,0.973745,8.932178,7.201784,6.336587,5.471390,4.606193,3.740996,3.135358,2.875799,2.010602,1.145404,0.280207,8.820061,7.078455,6.207652,5.336849,4.466046,3.595244,2.985681,2.724441,1.853638,0.982835,0.112032,21.274438,INTERPOLATED,1.000000,0.000000,MATCHED,
CG6-0640|2026-01-18|L1|S136,CG6-0640,2026-01-18,1,136,1-136,results.zip/day3.xlsx,2.625668,24.812750,34.782548,680167.000168,2745390.434936,2026-01-18 08:30:32,1,322.370000,12.520413,309.849587,309.667381,0.182206,209.960632,-36.465365,0.007896,1.787051,64.806873,26.554457,0.046959,12.674743,8.907156,0.847057,8.947158,7.186428,6.306063,5.425698,4.545334,3.664969,3.048713,2.784604,1.904239,1.023874,0.143509,8.740144,6.958713,6.067997,5.177281,4.286566,3.395850,2.772349,2.505135,1.614419,0.723703,-0.167012,21.457015,INTERPOLATED,1.000000,0.000000,MATCHED,
CG6-0640|2026-01-18|L1|S137,CG6-0640,2026-01-18,1,137,1-137,results.zip/day3.xlsx,1.744467,24.813702,34.781170,680026.368689,2745494.068817,2026-01-18 08:33:39,1,323.611000,12.525184,311.085816,311.308269,-0.222453,211.196861,-36.713948,0.007979,1.852513,65.188430,26.621968,0.046973,12.737737,8.970150,0.817264,8.910999,7.139903,6.254354,5.368806,4.483257,3.597709,2.977825,2.712160,1.826612,0.941064,0.055515,8.681668,6.887638,5.990623,5.093608,4.196593,3.299578,2.671668,2.402563,1.505548,0.608533,-0.288482,21.586988,INTERPOLATED,1.000000,0.000000,MATCHED,
CG6-0640|2026-01-18|L1|S138,CG6-0640,2026-01-18,1,138,1-138,results.zip/day3.xlsx,5.573943,24.814744,34.779584,679864.503567,2745607.373247,2026-01-18 08:36:57,1,325.774000,12.530695,313.243305,313.023851,0.219453,213.354350,-37.249511,0.007919,1.924151,65.854329,26.680667,0.046962,12.841282,9.073695,0.782337,8.788771,6.999581,6.104987,5.210392,4.315797,3.421202,2.794986,2.526607,1.632013,0.737418,-0.157177,8.533278,6.718539,5.811169,4.903800,3.996430,3.089061,2.453902,2.181691,1.274322,0.366952,-0.540417,21.737880,INTERPOLATED,1.000000,0.000000,MATCHED,
CG6-0640|2026-01-18|L1|S139,CG6-0640,2026-01-18,1,139,1-139,results.zip/day3.xlsx,6.098095,24.815826,34.778233,679726.371907,2745725.442571,2026-01-18 08:40:25,1,328.019000,12.535420,315.483580,315.191212,0.292368,215.594625,-37.630169,0.008017,1.998556,66.545780,26.917055,0.046979,12.945519,9.177932,0.754829,8.837290,7.029314,6.125325,5.221337,4.317349,3.413361,2.780569,2.509372,1.605384,0.701396,-0.202592,8.561191,6.725605,5.807812,4.890018,3.972225,3.054432,2.411977,2.136639,1.218845,0.301052,-0.616741,21.865511,INTERPOLATED,1.000000,0.000000,MATCHED,
CG6-0640|2026-01-18|L1|S140,CG6-0640,2026-01-18,1,140,1-140,results.zip/day3.xlsx,3.579145,24.817626,34.776961,679595.150940,2745923.176240,2026-01-18 08:43:54,1,330.755000,12.539947,318.215053,317.998049,0.217005,218.326098,-38.069378,0.007998,2.122358,67.388835,27.197099,0.046976,13.062986,9.295400,0.746988,8.888272,7.057389,6.141948,5.226507,4.311065,3.395624,2.754815,2.480183,1.564741,0.649300,-0.266141,8.606299,6.747220,5.817680,4.888140,3.958600,3.029060,2.378382,2.099520,1.169980,0.240440,-0.689100,21.981235,INTERPOLATED,1.000000,0.000000,MATCHED,
CG6-0640|2026-01-18|L1|S141,CG6-0640,2026-01-18,1,141,1-141,results.zip/day3.xlsx,5.390748,24.818901,34.775536,679449.293614,2746062.540092,2026-01-18 08:47:16,1,332.328000,12.544988,319.783012,319.758822,0.024190,219.894058,-38.218876,0.008017,2.210049,67.872776,27.443851,0.046979,13.130061,9.362474,0.743436,9.003535,7.159504,6.237488,5.315472,4.393456,3.471441,2.826030,2.549425,1.627409,0.705393,-0.216622,8.718902,6.846407,5.910160,4.973912,4.037665,3.101418,2.446044,2.165170,1.228923,0.292675,-0.643572,22.109507,INTERPOLATED,1.000000,0.000000,MATCHED,
CG6-0640|2026-01-18|L1|S142,CG6-0640,2026-01-18,1,142,1-142,results.zip/day3.xlsx,3.374052,24.820804,34.773343,679224.859760,2746270.451047,2026-01-18 08:51:38,1,335.762000,12.552787,323.209213,323.204380,0.004833,223.320258,-38.979257,0.007933,2.340932,68.930253,27.610065,0.046965,13.274884,9.507297,0.740333,8.882428,7.009664,6.073282,5.136900,4.200518,3.264137,2.608669,2.327755,1.391373,0.454991,-0.481391,8.595470,6.694011,5.743281,4.792551,3.841822,2.891092,2.225581,1.940362,0.989632,0.038903,-0.911827,22.145005,INTERPOLATED,1.000000,0.000000,MATCHED,
CG6-0640|2026-01-18|L1|S143,CG6-0640,2026-01-18,1,143,1-143,results.zip/day3.xlsx,3.781413,24.822207,34.772371,679124.542349,2746424.484931,2026-01-18 08:55:39,1,337.890000,12.556323,325.333677,325.310377,0.023301,225.444722,-39.398114,0.007947,2.437370,69.585955,27.750472,0.046967,13.366290,9.598703,0.734120,8.844678,6.954098,6.008808,5.063519,4.118229,3.172939,2.511236,2.227650,1.282360,0.337070,-0.608220,8.553066,6.633326,5.673455,4.713585,3.753715,2.793845,2.121935,1.833974,0.874104,-0.085766,-1.045637,22.123148,INTERPOLATED,1.000000,0.000000,MATCHED,
CG6-0640|2026-01-18|L1|S144,CG6-0640,2026-01-18,1,144,1-144,results.zip/day3.xlsx,3.038318,24.823157,34.770389,678922.859625,2746527.203841,2026-01-18 08:58:50,1,340.394000,12.563354,327.830646,327.619075,0.211571,227.941691,-39.917543,0.010197,2.502768,70.356629,27.936317,0.047400,13.477299,9.709712,0.717269,8.821127,6.909608,5.953848,4.998089,4.042329,3.086570,2.417538,2.130810,1.175051,0.219291,-0.736468,8.516893,6.574951,5.603980,4.633009,3.662037,2.691066,2.011386,1.720095,0.749124,-0.221847,-1.192819,22.213889,INTERPOLATED,1.000000,0.000000,MATCHED,
CG6-0640|2026-01-18|L1|S145,CG6-0640,2026-01-18,1,145,1-145,results.zip/day3.xlsx,1.605204,24.824338,34.768620,678742.332354,2746655.622271,2026-01-18 09:02:25,1,342.449000,12.569696,329.879304,329.884260,-0.004956,229.990349,-40.264937,0.007963,2.583954,70.988933,28.140043,0.046970,13.565502,9.797915,0.711121,8.853052,6.924353,5.960004,4.995654,4.031305,3.066955,2.391910,2.102606,1.138256,0.173907,-0.790443,8.544214,6.584631,5.604839,4.625048,3.645256,2.665465,1.979611,1.685673,0.705882,-0.273909,-1.253701,22.273975,INTERPOLATED,1.000000,0.000000,MATCHED,
CG6-0640|2026-01-18|L1|S146,CG6-0640,2026-01-18,1,146,1-146,results.zip/day3.xlsx,6.267836,24.825706,34.767643,678641.645464,2746805.853088,2026-01-18 09:05:44,1,344.093000,12.573307,331.519693,331.612593,-0.092900,231.630738,-40.378548,0.007999,2.678041,71.495226,28.438637,0.046976,13.629940,9.862353,0.722717,9.014083,7.071628,6.100400,5.129172,4.157945,3.186717,2.506858,2.215489,1.244262,0.273034,-0.698194,8.713930,6.741460,5.755224,4.768989,3.782754,2.796518,2.106154,1.810283,0.824048,-0.162188,-1.148423,22.259748,INTERPOLATED,1.000000,0.000000,MATCHED,
CG6-0640|2026-01-18|L1|S147,CG6-0640,2026-01-18,1,147,1-147,results.zip/day3.xlsx,2.898296,24.826785,34.765351,678408.402756,2746922.433670,2026-01-18 09:10:13,1,347.036000,12.581526,334.454474,334.451058,0.003416,234.565519,-40.753504,0.007908,2.752304,72.401026,28.895218,0.046961,13.753575,9.985988,0.721169,9.224554,7.257487,6.273954,5.290421,4.306888,3.323354,2.634881,2.339821,1.356288,0.372755,-0.610778,8.923242,6.926044,5.927445,4.928846,3.930248,2.931649,2.232629,1.933050,0.934451,-0.064148,-1.062747,22.372647,INTERPOLATED,1.000000,0.000000,MATCHED,
CG6-0640|2026-01-18|L1|S148,CG6-0640,2026-01-18,1,148,1-148,results.zip/day3.xlsx,2.044204,24.827651,34.762080,678076.538343,2747014.088677,2026-01-18 09:15:44,1,351.263000,12.593193,338.669807,338.868983,-0.199176,238.780852,-41.214505,0.008341,2.811880,73.702057,29.675672,0.047036,13.936141,10.168554,0.705638,9.651510,7.649094,6.647885,5.646677,4.645469,3.644261,2.943415,2.643053,1.641845,0.640637,-0.360571,9.338563,7.304853,6.287997,5.271142,4.254286,3.237431,2.525632,2.220575,1.203720,0.186865,-0.829991,22.581923,INTERPOLATED,1.000000,0.000000,MATCHED,
CG6-0640|2026-01-18|L1|S149,CG6-0640,2026-01-18,1,149,1-149,results.zip/day3.xlsx,9.284468,24.793459,34.823000,684285.013838,2743307.725767,2026-01-18 10:33:52,1,264.495000,12.374442,252.120558,252.315659,-0.195101,152.231603,-23.432758,0.008002,0.461035,46.988773,23.094979,0.046977,10.307807,6.540220,0.703833,10.328837,9.052223,8.413916,7.775609,7.137302,6.498995,6.052180,5.860687,5.222380,4.584073,3.945766,10.014539,8.706495,8.052473,7.398451,6.744429,6.090407,5.632592,5.436385,4.782363,4.128341,3.474319,17.742665,INTERPOLATED,1.000000,0.000000,MATCHED,
CG6-0640|2026-01-18|L1|S150,CG6-0640,2026-01-18,1,150,1-150,results.zip/day3.xlsx,9.416460,24.791915,34.820787,684063.575790,2743133.717666,2026-01-18 10:39:19,1,267.409000,12.382970,255.026030,255.325598,-0.299568,155.137075,-24.243828,0.008086,0.354933,47.885564,23.286803,0.046991,10.399399,6.631812,0.784558,10.277008,8.976029,8.325539,7.675049,7.024560,6.374070,5.918727,5.723580,5.073090,4.422601,3.772111,10.023178,8.696816,8.033635,7.370453,6.707272,6.044091,5.579864,5.380910,4.717729,4.054547,3.391366,17.999099,INTERPOLATED,1.000000,0.000000,MATCHED,
CG6-0640|2026-01-18|L1|S151,CG6-0640,2026-01-18,1,151,1-151,results.zip/day3.xlsx,10.347025,24.790855,34.819065,683890.975691,2743014.071358,2026-01-18 10:42:54,1,270.084000,12.389413,257.694587,257.875702,-0.181115,157.805632,-24.920334,0.007967,0.282148,48.709228,23.506747,0.046971,10.434930,6.667343,0.988444,10.273167,8.949809,8.288130,7.626451,6.964772,6.303093,5.839917,5.641414,4.979735,4.318056,3.656377,10.172061,8.838592,8.171858,7.505123,6.838389,6.171655,5.704941,5.504920,4.838186,4.171452,3.504717,18.195538,INTERPOLATED,1.000000,0.000000,MATCHED,
CG6-0640|2026-01-18|L1|S152,CG6-0640,2026-01-18,1,152,1-152,results.zip/day3.xlsx,7.703312,24.788950,34.817763,683762.181552,2742801.265193,2026-01-18 10:46:35,1,273.098000,12.394330,260.703670,260.611919,0.091752,160.814715,-26.101128,0.008042,0.151222,49.637998,23.385649,0.046983,10.585730,6.818143,0.922686,9.899727,8.551134,7.876838,7.202542,6.528246,5.853950,5.381943,5.179654,4.505358,3.831062,3.156765,9.749363,8.385734,7.703920,7.022106,6.340291,5.658477,5.181207,4.976663,4.294849,3.613034,2.931220,18.373588,INTERPOLATED,1.000000,0.000000,MATCHED,
CG6-0640|2026-01-18|L1|S153,CG6-0640,2026-01-18,1,153,1-153,results.zip/day3.xlsx,8.450245,24.787590,34.817102,683697.293034,2742649.724434,2026-01-18 10:50:33,1,275.008000,12.396846,262.611154,262.825655,-0.214500,162.722199,-26.676384,0.008002,0.057772,50.226753,23.492597,0.046977,10.648813,6.881226,0.967803,9.846713,8.482125,7.799831,7.117536,6.435242,5.752948,5.275342,5.070654,4.388360,3.706066,3.023771,9.730146,8.353901,7.665778,6.977655,6.289533,5.601410,5.119725,4.913288,4.225165,3.537043,2.848920,18.475533,INTERPOLATED,1.000000,0.000000,MATCHED,
CG6-0640|2026-01-18|L1|S154,CG6-0640,2026-01-18,1,154,1-154,results.zip/day3.xlsx,5.236339,24.786292,34.815809,683568.477250,2742504.307698,2026-01-18 10:54:16,1,278.172000,12.401625,265.770375,266.043223,-0.272848,165.881420,-27.281616,0.007967,-0.031350,51.201860,23.951595,0.046971,10.785244,7.017657,0.957216,10.040779,8.649697,7.954156,7.258616,6.563075,5.867534,5.380655,5.171993,4.476452,3.780912,3.085371,9.916281,8.512749,7.810984,7.109218,6.407452,5.705686,5.214450,5.003921,4.302155,3.600389,2.898624,18.638222,INTERPOLATED,1.000000,0.000000,MATCHED,
CG6-0640|2026-01-18|L1|S155,CG6-0640,2026-01-18,1,155,1-155,results.zip/day3.xlsx,6.426499,24.786793,34.813958,683380.597277,2742557.257259,2026-01-18 10:58:25,1,280.618000,12.408288,268.209712,268.563025,-0.353313,168.320757,-27.834378,0.008820,0.003035,51.954768,24.117355,0.047123,10.833489,7.065902,1.101494,10.001977,8.590439,7.884670,7.178901,6.473132,5.767363,5.273325,5.061594,4.355825,3.650056,2.944287,9.985552,8.572372,7.865781,7.159191,6.452601,5.746011,5.251398,5.039421,4.332831,3.626240,2.919650,18.804998,INTERPOLATED,1.000000,0.000000,MATCHED_ID_TIEBREAK,
CG6-0640|2026-01-18|L1|S156,CG6-0640,2026-01-18,1,156,1-156,results.zip/day3.xlsx,9.135624,24.787574,34.812223,683203.971328,2742641.412024,2026-01-18 11:02:49,1,283.060000,12.414536,270.645464,270.344611,0.300854,170.756509,-28.413911,0.008219,0.056680,52.706569,24.235978,0.047014,10.928402,7.160815,1.120764,9.916337,8.484373,7.768391,7.052409,6.336427,5.620445,5.119258,4.904463,4.188481,3.472499,2.756517,9.914347,8.482184,7.766103,7.050021,6.333940,5.617858,5.116601,4.901777,4.185695,3.469614,2.753532,18.953414,INTERPOLATED,1.000000,0.000000,MATCHED,
CG6-0640|2026-01-18|L1|S157,CG6-0640,2026-01-18,1,157,1-157,results.zip/day3.xlsx,7.744617,24.787840,34.810033,682982.179553,2742667.921884,2026-01-18 11:07:39,1,286.429000,12.422467,274.006533,274.026840,-0.020308,174.117578,-29.431498,0.008249,0.074945,53.743971,24.237529,0.047019,11.030075,7.262488,1.225580,9.636028,8.175878,7.445803,6.715728,5.985653,5.255578,4.744526,4.525503,3.795428,3.065353,2.335278,9.712552,8.260054,7.533805,6.807557,6.081308,5.355059,4.846685,4.628810,3.902561,3.176312,2.450064,19.160841,INTERPOLATED,1.000000,0.000000,MATCHED_ID_TIEBREAK,
CG6-0640|2026-01-18|L1|S158,CG6-0640,2026-01-18,1,158,10,results.zip/day3.xlsx,6.934927,24.786186,34.809233,682903.690351,2742483.637345,2026-01-18 11:11:18,1,288.847000,12.425402,276.421598,276.662372,-0.240774,176.532643,-29.803449,0.007968,-0.038700,54.489389,24.724640,0.046971,11.259682,7.492095,0.882905,9.920612,8.440210,7.700008,6.959807,6.219605,5.479404,4.961263,4.739203,3.999001,3.258800,2.518599,9.740450,8.242031,7.492822,6.743612,5.994403,5.245193,4.720747,4.495984,3.746774,2.997565,2.248356,19.283918,INTERPOLATED,1.000000,0.000000,MATCHED,
CG6-0640|2026-01-18|L1|S159,CG6-0640,2026-01-18,1,159,1-159,results.zip/day3.xlsx,6.729054,24.784291,34.809657,682949.338561,2742274.393978,2026-01-18 11:14:32,1,292.013000,12.423913,279.589087,279.195869,0.393218,179.700132,-30.521464,0.008191,-0.168837,55.467043,25.114416,0.047009,11.404191,7.636604,0.851675,10.044763,8.537797,7.784315,7.030832,6.277350,5.523867,4.996429,4.770384,4.016902,3.263419,2.509936,9.841208,8.313887,7.550226,6.786566,6.022906,5.259245,4.724683,4.495585,3.731924,2.968264,2.204603,19.295667,INTERPOLATED,1.000000,0.000000,MATCHED,
CG6-0640|2026-01-18|L1|S160,CG6-0640,2026-01-18,1,160,1-160,results.zip/day3.xlsx,9.025334,24.782672,34.810155,683002.130841,2742095.657476,2026-01-18 11:17:46,1,294.079000,12.422161,281.656839,281.578529,0.078310,181.767884,-31.029315,0.007969,-0.280108,56.105260,25.356052,0.046971,11.479833,7.712246,0.881201,10.112997,8.588692,7.826539,7.064386,6.302233,5.540081,5.006574,4.777928,4.015775,3.253623,2.491470,9.931559,8.389110,7.617885,6.846660,6.075436,5.304211,4.764354,4.532987,3.761762,2.990537,2.219313,19.294367,INTERPOLATED,1.000000,0.000000,MATCHED_ID_TIEBREAK,
CG6-0640|2026-01-18|L1|S161,CG6-0640,2026-01-18,1,161,1-161,results.zip/day3.xlsx,8.861010,24.780766,34.810137,683003.054244,2741884.538904,2026-01-18 11:22:07,1,297.305000,12.422278,284.882722,284.588324,0.294398,184.993767,-32.080923,0.008221,-0.411026,57.100935,25.431038,0.047014,11.619256,7.851669,0.870091,9.917461,8.366103,7.590424,6.814746,6.039067,5.263388,4.720413,4.487709,3.712030,2.936351,2.160672,9.727700,8.157367,7.372200,6.587033,5.801866,5.016699,4.467082,4.231532,3.446365,2.661198,1.876031,19.353857,INTERPOLATED,1.000000,0.000000,MATCHED,
CG6-0640|2026-01-18|L1|S162,CG6-0640,2026-01-18,1,162,1-162,results.zip/day3.xlsx,3.785142,24.778979,34.809300,682921.028015,2741685.519000,2026-01-18 11:25:46,1,299.601000,12.425304,287.175696,287.112104,0.063592,187.286741,-32.340450,0.008690,-0.533755,57.808666,26.001970,0.047099,11.696798,7.929211,0.919758,10.296104,8.725517,7.940224,7.154931,6.369638,5.584344,5.034639,4.799051,4.013758,3.228464,2.443171,10.143547,8.557705,7.764784,6.971863,6.178942,5.386021,4.830976,4.593099,3.800178,3.007257,2.214336,19.490868,INTERPOLATED,1.000000,0.000000,MATCHED,
CG6-0640|2026-01-18|L1|S163,CG6-0640,2026-01-18,1,163,1-163,results.zip/day3.xlsx,6.708062,24.777554,34.808005,682792.235782,2741525.943046,2026-01-18 11:29:10,1,302.084000,12.429923,289.654077,290.080045,-0.425968,189.765122,-33.131396,0.008045,-0.631638,58.573621,26.073864,0.046984,11.788749,8.021162,0.951712,10.160161,8.568790,7.773105,6.977420,6.181735,5.386050,4.829070,4.590365,3.794679,2.998994,2.203309,10.031540,8.427308,7.625191,6.823075,6.020959,5.218843,4.657361,4.416727,3.614610,2.812494,2.010378,19.661686,INTERPOLATED,1.000000,0.000000,MATCHED,
CG6-0640|2026-01-18|L1|S164,CG6-0640,2026-01-18,1,164,1-164,results.zip/day3.xlsx,4.346645,24.776572,34.806588,682650.316948,2741415.237592,2026-01-18 11:32:36,1,304.420000,12.434950,291.985050,291.846258,0.138792,192.096095,-33.970691,0.008382,-0.699112,59.293077,26.021498,0.047043,11.907941,8.140354,0.894428,9.912320,8.301402,7.495943,6.690484,5.885025,5.079566,4.515745,4.274107,3.468648,2.663189,1.857731,9.740790,8.112719,7.298684,6.484648,5.670613,4.856577,4.286752,4.042542,3.228506,2.414471,1.600436,19.830521,INTERPOLATED,1.000000,0.000000,MATCHED,
CG6-0640|2026-01-18|L1|S165,CG6-0640,2026-01-18,1,165,1-165,results.zip/day3.xlsx,7.708930,24.774995,34.805107,682502.845258,2741238.639918,2026-01-18 11:36:30,1,306.605000,12.440171,294.164829,294.321328,-0.156499,194.275874,-34.910554,0.008140,-0.807390,59.965868,25.862704,0.047000,11.996538,8.228951,0.901907,9.570729,7.941532,7.126933,6.312335,5.497736,4.683137,4.112918,3.868538,3.053940,2.239341,1.424742,9.404801,7.759011,6.936116,6.113221,5.290326,4.467430,3.891404,3.644535,2.821640,1.998745,1.175850,20.025395,INTERPOLATED,1.000000,0.000000,MATCHED,
CG6-0640|2026-01-18|L1|S166,CG6-0640,2026-01-18,1,166,1-166,results.zip/day3.xlsx,4.965485,24.773658,34.804138,682406.845316,2741089.300244,2026-01-18 11:39:51,1,308.831000,12.443560,296.387440,296.151113,0.236327,196.498485,-35.715370,0.008530,-0.899187,60.651877,25.835694,0.047069,12.096254,8.328667,0.884495,9.357332,7.709495,6.885577,6.061659,5.237741,4.413823,3.837080,3.589904,2.765986,1.942068,1.118150,9.178361,7.512627,6.679760,5.846894,5.014027,4.181160,3.598154,3.348294,2.515427,1.682560,0.849694,20.163596,INTERPOLATED,1.000000,0.000000,MATCHED,
CG6-0640|2026-01-18|L1|S167,CG6-0640,2026-01-18,1,167,1-167,results.zip/day3.xlsx,6.758785,24.772320,34.803073,682301.140434,2740939.695235,2026-01-18 11:44:13,1,311.388000,12.447265,298.940735,298.905158,0.035577,199.051780,-36.469349,0.008285,-0.991067,61.439952,25.961669,0.047026,12.229162,8.461575,0.815480,9.269187,7.599939,6.765315,5.930691,5.096066,4.261442,3.677205,3.426818,2.592194,1.757570,0.922946,9.038519,7.346204,6.500047,5.653889,4.807732,3.961574,3.369264,3.115417,2.269259,1.423102,0.576944,20.311668,INTERPOLATED,1.000000,0.000000,MATCHED,
CG6-0640|2026-01-18|L1|S168,CG6-0640,2026-01-18,1,168,1-168,results.zip/day3.xlsx,4.898899,24.770831,34.801854,682180.019177,2740773.051277,2026-01-18 11:47:31,1,314.085000,12.451482,301.633518,301.567567,0.065951,201.744563,-37.598695,0.008255,-1.093379,62.271078,25.765761,0.047020,12.357548,8.589961,0.774153,8.847462,7.155632,6.309717,5.463802,4.617887,3.771973,3.179832,2.926058,2.080143,1.234228,0.388313,8.585838,6.867846,6.008850,5.149854,4.290858,3.431862,2.830564,2.572865,1.713869,0.854873,-0.004123,20.480463,INTERPOLATED,1.000000,0.000000,MATCHED,
CG6-0640|2026-01-18|L1|S169,CG6-0640,2026-01-18,1,169,1-169,results.zip/day3.xlsx,7.605082,24.768715,34.801603,682157.665449,2740538.437197,2026-01-18 11:50:56,1,316.958000,12.452275,304.505725,304.258287,0.247438,204.616770,-38.617727,0.008226,-1.238626,63.157583,25.778482,0.047015,12.484770,8.717183,0.756023,8.619320,6.903403,6.045445,5.187487,4.329529,3.471571,2.871000,2.613613,1.755655,0.897697,0.039738,8.344115,6.600679,5.728960,4.857242,3.985524,3.113805,2.503602,2.242087,1.370369,0.498650,-0.373068,20.580002,INTERPOLATED,1.000000,0.000000,MATCHED,
CG6-0640|2026-01-18|L1|S170,CG6-0640,2026-01-18,1,170,1-170,results.zip/day3.xlsx,6.744780,24.767223,34.801442,682143.560802,2740372.891667,2026-01-18 11:54:35,1,319.344000,12.452773,306.891227,306.944770,-0.053543,207.002272,-39.188209,0.008287,-1.341121,63.893866,26.046778,0.047026,12.589939,8.822352,0.742287,8.687567,6.951646,6.083686,5.215725,4.347765,3.479804,2.872232,2.611844,1.743883,0.875923,0.007962,8.402074,6.637603,5.755368,4.873133,3.990897,3.108662,2.491098,2.226427,1.344192,0.461957,-0.420279,20.650016,INTERPOLATED,1.000000,0.000000,MATCHED,
CG6-0640|2026-01-18|L1|S171,CG6-0640,2026-01-18,1,171,1-171,results.zip/day3.xlsx,6.672069,24.765274,34.800835,682085.014743,2740156.203861,2026-01-18 11:59:02,1,321.983000,12.454786,309.528214,309.446147,0.082067,209.639259,-39.998953,0.008051,-1.474946,64.707768,26.183762,0.046985,12.706074,8.938487,0.727426,8.603413,6.845379,5.966361,5.087344,4.208326,3.329309,2.713997,2.450292,1.571274,0.692257,-0.186761,8.306788,6.519091,5.625242,4.731394,3.837545,2.943696,2.318002,2.049848,1.155999,0.262150,-0.631699,20.780753,INTERPOLATED,1.000000,0.000000,MATCHED,
CG6-0640|2026-01-18|L1|S172,CG6-0640,2026-01-18,1,172,1-172,results.zip/day3.kml,6.166024,24.764142,34.799918,681993.962994,2740029.608771,2026-01-18 12:02:45,1,324.232144,12.457888,311.774256,311.541049,0.233206,211.885301,-40.761616,0.008121,-1.552663,65.401005,26.192052,0.046997,12.802435,9.034848,0.721594,8.423350,6.646480,5.758045,4.869610,3.981175,3.092740,2.470836,2.204305,1.315870,0.427435,-0.461000,8.122357,6.315387,5.411902,4.508417,3.604933,2.701448,2.069009,1.797963,0.894478,-0.009006,-0.912491,20.910869,INTERPOLATED,1.000000,0.000000,MATCHED,
CG6-0640|2026-01-18|L1|S173,CG6-0640,2026-01-18,1,173,1-173,results.zip/day3.xlsx,6.803735,24.762445,34.798598,681862.980444,2739839.898799,2026-01-18 12:08:13,1,326.949000,12.462321,314.486679,314.334340,0.152340,214.597724,-41.746381,0.008098,-1.669168,66.238189,26.160975,0.046993,12.909766,9.142179,0.738684,8.164810,6.365194,5.465385,4.565577,3.665769,2.765961,2.136095,1.866152,0.966344,0.066536,-0.833272,7.876618,6.048182,5.133964,4.219746,3.305528,2.391311,1.751358,1.477093,0.562875,-0.351343,-1.265561,21.101434,INTERPOLATED,1.000000,0.000000,MATCHED,
CG6-0640|2026-01-18|L1|S174,CG6-0640,2026-01-18,1,174,1-174,results.zip/day3.xlsx,7.060256,24.761186,34.797416,681745.182874,2739698.850148,2026-01-18 12:12:02,1,328.805000,12.466284,316.338716,316.280357,0.058360,216.449762,-42.174836,0.008099,-1.755618,66.809816,26.390598,0.046993,12.984180,9.216593,0.747340,8.239121,6.423973,5.516399,4.608825,3.701252,2.793678,2.158376,1.886104,0.978530,0.070956,-0.836618,7.957412,6.114094,5.192435,4.270775,3.349116,2.427457,1.782295,1.505798,0.584138,-0.337521,-1.259180,21.262589,INTERPOLATED,1.000000,0.000000,MATCHED,
CG6-0640|2026-01-18|L1|S175,CG6-0640,2026-01-18,1,175,1-175,results.zip/day3.xlsx,3.579710,24.759737,34.796326,681637.073644,2739536.975976,2026-01-18 12:15:58,1,331.677000,12.469890,319.207110,318.966717,0.240392,219.318155,-42.926368,0.008077,-1.855051,67.695137,26.623820,0.046989,13.100330,9.332743,0.758345,8.231799,6.392597,5.472996,4.553395,3.633794,2.714193,2.070472,1.794592,0.874991,-0.044610,-0.964211,7.958334,6.091785,5.158511,4.225237,3.291962,2.358688,1.705396,1.425414,0.492140,-0.441135,-1.374409,21.422893,INTERPOLATED,1.000000,0.000000,MATCHED,
CG6-0640|2026-01-18|L1|S176,CG6-0640,2026-01-18,1,176,1-176,results.zip/day3.xlsx,6.849856,24.758966,34.794497,681453.223436,2739449.176202,2026-01-18 12:20:27,1,333.785000,12.476047,321.308953,321.267634,0.041319,221.419998,-43.596423,0.008036,-1.907963,68.343863,26.655403,0.046982,13.172301,9.404714,0.801489,8.087122,6.230294,5.301880,4.373466,3.445052,2.516638,1.866748,1.588224,0.659809,-0.268605,-1.197019,7.845974,5.965032,5.024560,4.084089,3.143617,2.203146,1.544816,1.262674,0.322203,-0.618268,-1.558740,21.626024,INTERPOLATED,1.000000,0.000000,MATCHED,
CG6-0640|2026-01-18|L1|S177,CG6-0640,2026-01-18,1,177,1-177,results.zip/day3.xlsx,5.043744,24.757684,34.793175,681321.397880,2739305.353656,2026-01-18 12:24:43,1,336.126000,12.480406,323.645594,323.584698,0.060896,223.756639,-44.416159,0.008234,-1.996012,69.065059,26.644913,0.047017,13.239751,9.472164,0.882993,7.880681,6.004258,5.066046,4.127834,3.189623,2.251411,1.594663,1.313200,0.374988,-0.563223,-1.501435,7.700585,5.806153,4.858936,3.911720,2.964504,2.017287,1.354236,1.070071,0.122854,-0.824362,-1.771578,21.802071,INTERPOLATED,1.000000,0.000000,MATCHED,
CG6-0640|2026-01-18|L1|S178,CG6-0640,2026-01-18,1,178,1-178,results.zip/day3.xlsx,11.100571,24.756042,34.792155,681220.605204,2739122.181069,2026-01-18 12:29:09,1,339.439000,12.483677,326.955323,326.256353,0.698970,227.066368,-44.939290,0.007955,-2.108693,70.086594,27.255996,0.046969,13.320115,9.552528,1.038956,8.214210,6.310032,5.357943,4.405853,3.453764,2.501675,1.835212,1.549586,0.597496,-0.354593,-1.306682,8.150941,6.240435,5.285182,4.329929,3.374677,2.419424,1.750747,1.464171,0.508918,-0.446335,-1.401587,21.964828,INTERPOLATED,1.000000,0.000000,MATCHED,
CG6-0640|2026-01-18|L1|S179,CG6-0640,2026-01-18,1,179,1-179,results.zip/day3.xlsx,7.361668,24.754613,34.792593,681266.965050,2738964.454645,2026-01-18 12:34:30,1,340.765000,12.482039,328.282961,328.384920,-0.101959,228.394006,-44.703545,0.008061,-2.206797,70.496365,27.999616,0.046987,13.420703,9.653116,0.919018,8.846495,6.931183,5.973527,5.015871,4.058215,3.100559,2.430199,2.142903,1.185247,0.227591,-0.730066,8.693384,6.762761,5.797449,4.832138,3.866826,2.901515,2.225796,1.936203,0.970891,0.005580,-0.959732,21.983080,INTERPOLATED,1.000000,0.000000,MATCHED,
CG6-0640|2026-01-18|L1|S180,CG6-0640,2026-01-18,1,180,1-180,results.zip/day3.kml,13.200616,24.752952,34.793517,681362.901085,2738781.727269,2026-01-18 12:39:22,1,344.976857,12.478753,332.498103,332.108447,0.389656,232.609149,-45.315513,0.007973,-2.320789,71.797348,28.802624,0.046972,13.609792,9.842206,0.886047,9.296021,7.345361,6.370030,5.394700,4.419370,3.444040,2.761309,2.468710,1.493380,0.518049,-0.457281,9.118213,7.149772,6.165551,5.181331,4.197110,3.212890,2.523935,2.228669,1.244449,0.260228,-0.723993,21.967065,INTERPOLATED,1.000000,0.000000,MATCHED,
CG6-0640|2026-01-18|L1|S181,CG6-0640,2026-01-18,1,181,1-181,results.zip/day3.xlsx,7.054734,24.753111,34.791932,681202.347646,2738797.262938,2026-01-18 12:43:51,1,346.672000,12.484088,334.187912,334.272189,-0.084277,234.298957,-46.098945,0.008626,-2.309860,72.318897,28.529812,0.047087,13.702525,9.934938,0.827632,8.881501,6.916670,5.934255,4.951839,3.969424,2.987008,2.299317,2.004593,1.022177,0.039761,-0.942654,8.659936,6.672949,5.679455,4.685961,3.692467,2.698974,2.003528,1.705480,0.711986,-0.281508,-1.275001,22.108085,INTERPOLATED,1.000000,0.000000,MATCHED,
CG6-0640|2026-01-18|L1|S182,CG6-0640,2026-01-18,1,182,1-182,results.zip/day3.xlsx,11.903455,24.754326,34.790434,681049.037034,2738929.853522,2026-01-18 12:47:12,1,349.267000,12.488707,336.778293,336.777169,0.001124,236.889338,-47.037427,0.010093,-2.226467,73.118399,28.307439,0.047377,13.798901,10.031314,0.860309,8.441899,6.455345,5.462068,4.468791,3.475514,2.482237,1.786943,1.488960,0.495683,-0.497594,-1.490871,8.244812,6.238549,5.235417,4.232286,3.229155,2.226023,1.523831,1.222892,0.219761,-0.783371,-1.786502,22.197073,INTERPOLATED,1.000000,0.000000,MATCHED,
CG6-0640|2026-01-18|L1|S183,CG6-0640,2026-01-18,1,183,1-183,results.zip/day3.xlsx,12.173547,24.755109,34.788702,680872.776988,2739014.242711,2026-01-18 12:50:53,1,351.757000,12.493858,339.263142,339.212950,0.050192,239.374187,-48.160778,0.010611,-2.172751,73.885329,27.897302,0.047491,13.834331,10.066744,1.043898,7.823383,5.815991,4.812295,3.808599,2.804903,1.801207,1.098620,0.797511,-0.206185,-1.209881,-2.213577,7.763815,5.750466,4.743792,3.737117,2.730443,1.723768,1.019096,0.717094,-0.289580,-1.296255,-2.302929,22.327109,INTERPOLATED,1.000000,0.000000,MATCHED,STDDEV_GT_0.050
CG6-0640|2026-01-18|L1|S184,CG6-0640,2026-01-18,1,184,1-184,results.zip/day3.xlsx,10.593956,24.755030,34.786668,680667.129611,2739002.794548,2026-01-18 13:03:12,1,354.712000,12.499777,342.212223,342.085717,0.126507,242.323269,-49.400390,0.008220,-2.178179,74.795542,27.573332,0.047014,14.023665,10.256078,0.868534,7.252102,5.219979,4.203918,3.187856,2.171795,1.155733,0.444490,0.139672,-0.876389,-1.892451,-2.908512,7.061175,5.009960,3.984352,2.958744,1.933136,0.907528,0.189603,-0.118079,-1.143687,-2.169295,-3.194903,22.521430,INTERPOLATED,1.000000,0.000000,MATCHED,
CG6-0640|2026-01-18|L1|S185,CG6-0640,2026-01-18,1,185,1-185,results.zip/day3.xlsx,16.416010,24.755257,34.784551,680452.701428,2739025.197874,2026-01-18 13:07:20,1,357.418000,12.505990,344.912010,344.916809,-0.004799,245.023055,-50.523875,0.008194,-2.162564,75.628810,27.267499,0.047010,14.145579,10.377992,0.845273,6.719865,4.665102,3.637720,2.610338,1.582957,0.555575,-0.163592,-0.471807,-1.499188,-2.526570,-3.553952,6.511515,4.435916,3.398117,2.360318,1.322519,0.284719,-0.441740,-0.753080,-1.790879,-2.828678,-3.866477,22.711371,INTERPOLATED,1.000000,0.000000,MATCHED,
CG6-0640|2026-01-19|L1|S186,CG6-0640,2026-01-19,1,186,1-186,results.zip/day4.xlsx,5.714976,24.752919,34.793542,681365.440858,2738778.061452,2026-01-19 10:01:59,1,344.744000,12.478667,332.265333,332.186842,0.078491,232.376378,-45.323293,0.008214,-2.323081,71.725505,28.725293,0.047013,13.597908,9.830321,0.891720,9.238210,7.289501,6.315147,5.340793,4.366439,3.392085,2.710037,2.417731,1.443376,0.469022,-0.505332,9.064651,7.098586,6.115554,5.132522,4.149490,3.166458,2.478335,2.183426,1.200394,0.217362,-0.765671,21.966200,INTERPOLATED,1.000000,0.000000,MATCHED,
CG6-0640|2026-01-19|L1|S187,CG6-0640,2026-01-19,1,187,1-187,results.zip/day4.xlsx,6.789590,24.751602,34.794542,681468.500800,2738633.537110,2026-01-19 10:09:52,1,346.691000,12.475187,334.215813,334.522717,-0.306904,234.326858,-45.656047,0.008383,-2.413458,72.327511,29.084921,0.047043,13.635179,9.867592,1.010567,9.434271,7.469206,6.486674,5.504141,4.521608,3.539076,2.851303,2.556543,1.574011,0.591478,-0.391054,9.349737,7.376218,6.389459,5.402700,4.415940,3.429181,2.738450,2.442422,1.455663,0.468903,-0.517856,21.930128,INTERPOLATED,1.000000,0.000000,MATCHED,
CG6-0640|2026-01-19|L1|S188,CG6-0640,2026-01-19,1,188,1-188,results.zip/day4.xlsx,4.177222,24.749401,34.794686,681486.286950,2738389.962984,2026-01-19 10:13:12,1,350.386000,12.474231,337.911769,338.102538,-0.190769,238.022814,-46.788845,0.008159,-2.564499,73.468249,29.243903,0.047004,13.801224,10.033637,0.981003,9.283310,7.287251,6.289221,5.291191,4.293162,3.295132,2.596511,2.297102,1.299073,0.301043,-0.696987,9.176630,7.169903,6.166539,5.163175,4.159812,3.156448,2.454093,2.153084,1.149721,0.146357,-0.857007,22.014017,INTERPOLATED,1.000000,0.000000,MATCHED,
CG6-0640|2026-01-19|L1|S189,CG6-0640,2026-01-19,1,189,1-189,results.zip/day4.kml,8.716752,24.747424,34.792552,681273.254039,2738168.197471,2026-01-19 10:18:00,1,355.004185,12.480236,342.523949,342.549842,-0.025894,242.634994,-48.124560,0.008073,-2.700147,74.891769,29.467356,0.046989,14.042274,10.274687,0.853746,9.119986,7.085249,6.067880,5.050512,4.033143,3.015775,2.303617,1.998406,0.981037,-0.036331,-1.053700,8.917982,6.863045,5.835576,4.808107,3.780638,2.753170,2.033942,1.725701,0.698232,-0.329236,-1.356705,22.300033,INTERPOLATED,1.000000,0.000000,MATCHED,
CG6-0640|2026-01-19|L1|S190,CG6-0640,2026-01-19,1,190,1-190,results.zip/day4.xlsx,9.088280,24.745653,34.790624,681080.856496,2737969.416052,2026-01-19 10:22:41,1,358.853000,12.485108,346.367892,346.652331,-0.284439,246.478937,-49.358403,0.008256,-2.821720,76.078176,29.541494,0.047021,14.188587,10.421000,0.893432,8.871770,6.804798,5.771311,4.737825,3.704339,2.670853,1.947413,1.637367,0.603881,-0.429606,-1.463092,8.699494,6.615294,5.573194,4.531094,3.488994,2.446894,1.717424,1.404794,0.362694,-0.679406,-1.721506,22.558195,INTERPOLATED,1.000000,0.000000,MATCHED,
CG6-0640|2026-01-19|L1|S191,CG6-0640,2026-01-19,1,191,1-191,results.zip/day4.xlsx,8.880114,24.744216,34.789360,680955.046981,2737808.648745,2026-01-19 10:26:03,1,361.580000,12.487824,349.092176,349.035948,0.056228,249.203221,-49.991655,0.008375,-2.920282,76.919008,29.847634,0.047041,14.270361,10.502774,0.980088,8.949452,6.859634,5.814725,4.769816,3.724907,2.679998,1.948561,1.635088,0.590179,-0.454730,-1.499639,8.842087,6.741532,5.691255,4.640977,3.590700,2.540423,1.805228,1.490145,0.439868,-0.610410,-1.660687,22.740407,INTERPOLATED,1.000000,0.000000,MATCHED,
CG6-0640|2026-01-19|L1|S192,CG6-0640,2026-01-19,1,192,1-192,results.zip/day4.xlsx,5.837995,24.742971,34.787967,680815.960172,2737668.824435,2026-01-19 10:29:23,1,364.260000,12.490971,351.769029,351.833050,-0.064021,251.880074,-51.079270,0.008067,-3.005761,77.745198,29.671689,0.046988,14.313383,10.545796,1.164900,8.549026,6.436760,5.380627,4.324494,3.268360,2.212227,1.472934,1.156094,0.099961,-0.956172,-2.012305,8.580097,6.470938,5.416358,4.361778,3.307199,2.252619,1.514413,1.198040,0.143460,-0.911120,-1.965699,22.925926,INTERPOLATED,1.000000,0.000000,MATCHED,
CG6-0640|2026-01-19|L1|S193,CG6-0640,2026-01-19,1,193,1-193,results.zip/day4.xlsx,9.437936,24.740694,34.787069,680728.383842,2737415.520681,2026-01-19 10:33:13,1,368.201000,12.492078,355.708922,355.827099,-0.118176,255.819967,-52.343508,0.008148,-3.161938,78.961215,29.779645,0.047002,14.466501,10.698914,1.197159,8.326583,6.181276,5.108623,4.035970,2.963317,1.890664,1.139807,0.818011,-0.254642,-1.327295,-2.399949,8.381817,6.242034,5.172143,4.102251,3.032360,1.962469,1.213545,0.892577,-0.177314,-1.247206,-2.317097,23.114794,INTERPOLATED,1.000000,0.000000,MATCHED,
CG6-0640|2026-01-19|L1|S194,CG6-0640,2026-01-19,1,194,1-194,results.zip/day4.kml,7.302401,24.738330,34.789444,680972.060427,2737156.815601,2026-01-19 10:37:49,1,373.508496,12.484143,361.024352,361.321349,-0.296997,261.135398,-53.665448,0.008044,-3.324129,80.601777,30.260457,0.046984,14.775185,11.007598,0.968051,8.361643,6.171761,5.076821,3.981880,2.886939,1.791999,1.025540,0.697058,-0.397883,-1.492824,-2.587764,8.245261,6.043741,4.942981,3.842222,2.741462,1.640702,0.870170,0.539942,-0.560818,-1.661577,-2.762337,23.011924,INTERPOLATED,1.000000,0.000000,MATCHED,
CG6-0640|2026-01-19|L1|S195,CG6-0640,2026-01-19,1,195,1-195,results.zip/day4.xlsx,10.716425,24.736027,34.789914,681022.953263,2736902.345264,2026-01-19 10:41:52,1,376.848000,12.481523,364.366477,364.753472,-0.386996,264.477522,-54.562110,0.008219,-3.482126,81.633294,30.553310,0.047014,14.946774,11.179187,0.884069,8.374225,6.156317,5.047363,3.938408,2.829454,1.720500,0.944232,0.611546,-0.497409,-1.606363,-2.715317,8.194936,5.959098,4.841179,3.723261,2.605342,1.487423,0.704880,0.369505,-0.748414,-1.866333,-2.984252,23.082856,INTERPOLATED,1.000000,0.000000,MATCHED,
CG6-0640|2026-01-19|L1|S197,CG6-0640,2026-01-19,1,197,1-197,results.zip/day4.xlsx,6.813193,24.732469,34.789859,681022.583648,2736508.185902,2026-01-19 10:49:03,1,382.200000,12.479605,369.720395,370.421908,-0.701513,269.831441,-56.787012,0.008057,-3.726192,83.285731,30.224911,0.046986,15.170090,11.402503,0.887204,7.596846,5.334040,4.202637,3.071233,1.939830,0.808427,0.016445,-0.322976,-1.454380,-2.585783,-3.717186,7.419905,5.139404,3.999154,2.858903,1.718653,0.578403,-0.219772,-0.561848,-1.702098,-2.842348,-3.982599,23.267681,INTERPOLATED,1.000000,0.000000,MATCHED,
CG6-0640|2026-01-19|L1|S198,CG6-0640,2026-01-19,1,198,1-198,results.zip/day4.xlsx,9.558910,24.730688,34.789426,680981.290769,2736310.332314,2026-01-19 10:52:45,1,385.175000,12.479717,372.695283,373.106933,-0.411650,272.806328,-57.556346,0.008188,-3.848362,84.203899,30.495915,0.047009,15.307178,11.539592,0.854226,7.618377,5.330623,4.186746,3.042869,1.898992,0.755115,-0.045599,-0.388762,-1.532639,-2.676516,-3.820393,7.416732,5.108814,3.954855,2.800896,1.646937,0.492978,-0.314794,-0.660982,-1.814941,-2.968900,-4.122859,23.398438,INTERPOLATED,1.000000,0.000000,MATCHED,
CG6-0640|2026-01-19|L1|S199,CG6-0640,2026-01-19,1,199,1-199,results.zip/day4.xlsx,6.433806,24.727330,34.789235,680966.901196,2735938.116353,2026-01-19 10:59:58,1,390.963000,12.478247,378.484753,378.833313,-0.348560,278.595798,-59.225587,0.008185,-4.078691,85.990757,30.843861,0.047008,15.528686,11.761099,0.910950,7.480817,5.144513,3.976361,2.808208,1.640056,0.471904,-0.345802,-0.696248,-1.864400,-3.032552,-4.200705,7.321663,4.969443,3.793333,2.617223,1.441114,0.265004,-0.558273,-0.911106,-2.087216,-3.263326,-4.439436,23.592125,INTERPOLATED,1.000000,0.000000,MATCHED,
CG6-0640|2026-01-19|L1|S200,CG6-0640,2026-01-19,1,200,1-200,results.zip/day4.xlsx,6.824524,24.725589,34.789952,681041.888687,2735746.275104,2026-01-19 11:05:54,1,394.293000,12.475370,381.817630,381.609347,0.208283,281.928675,-60.307414,0.008236,-4.198061,87.019411,30.910058,0.047017,15.639025,11.871439,0.989469,7.267519,4.903265,3.721138,2.539011,1.356884,0.174757,-0.652731,-1.007369,-2.189496,-3.371623,-4.553750,7.167181,4.792893,3.605749,2.418605,1.231461,0.044318,-0.786683,-1.142826,-2.329970,-3.517114,-4.704258,23.622305,INTERPOLATED,1.000000,0.000000,MATCHED,
CG6-0640|2026-01-19|L1|S201,CG6-0640,2026-01-19,1,201,1-201,results.zip/day4.xlsx,5.575537,24.723623,34.789095,680958.036659,2735527.425515,2026-01-19 11:10:27,1,397.303000,12.476429,384.826571,385.395514,-0.568943,284.937616,-61.262057,0.007997,-4.332858,87.948086,31.018887,0.046976,15.757065,11.989478,1.011163,7.124019,4.734532,3.539788,2.345045,1.150301,-0.044442,-0.880762,-1.239185,-2.433929,-3.628672,-4.823416,7.039930,4.642034,3.443087,2.244139,1.045191,-0.153757,-0.993021,-1.352705,-2.551653,-3.750601,-4.949548,23.804772,INTERPOLATED,1.000000,0.000000,MATCHED,
CG6-0640|2026-01-19|L1|S202,CG6-0640,2026-01-19,1,202,1-202,results.zip/day4.kml,6.563605,24.723195,34.785397,680584.616957,2735475.128496,2026-01-19 11:15:08,1,403.156788,12.485643,390.671145,391.141578,-0.470433,290.782190,-62.900554,0.008107,-4.362214,89.751934,31.213594,0.046994,15.928424,12.160837,1.207954,6.828600,4.390100,3.170851,1.951601,0.732351,-0.486899,-1.340373,-1.706148,-2.925398,-4.144648,-5.363897,6.891921,4.459753,3.243669,2.027586,0.811502,-0.404582,-1.255840,-1.620665,-2.836749,-4.052833,-5.268916,24.153547,INTERPOLATED,1.000000,0.000000,MATCHED,
CG6-0640|2026-01-19|L1|S203,CG6-0640,2026-01-19,1,203,1-203,results.zip/day4.xlsx,3.099182,24.722211,34.783530,680397.119761,2735363.688052,2026-01-19 11:18:21,1,407.231000,12.489783,394.741217,395.222236,-0.481019,294.852263,-63.893811,0.008289,-4.429684,91.008105,31.543978,0.047026,16.188662,12.421075,0.968776,6.817668,4.345037,3.108721,1.872406,0.636090,-0.600226,-1.465646,-1.836541,-3.072857,-4.309172,-5.545488,6.701829,4.217614,2.975507,1.733399,0.491292,-0.750816,-1.620291,-1.992923,-3.235031,-4.477138,-5.719246,24.371503,INTERPOLATED,1.000000,0.000000,MATCHED,
CG6-0640|2026-01-19|L1|S204,CG6-0640,2026-01-19,1,204,1-204,results.zip/day4.xlsx,9.157898,24.719831,34.783157,680362.836120,2735099.579653,2026-01-19 11:22:49,1,413.271000,12.489171,400.781829,400.736571,0.045258,300.892874,-65.712198,0.008042,-4.592883,92.872454,31.753139,0.046983,16.435248,12.667661,0.986657,6.520262,3.996975,2.735331,1.473687,0.212043,-1.049600,-1.932751,-2.311244,-3.572888,-4.834532,-6.096176,6.417818,3.884286,2.617520,1.350754,0.083987,-1.182779,-2.069515,-2.449545,-3.716311,-4.983077,-6.249843,24.534273,INTERPOLATED,1.000000,0.000000,MATCHED,
CG6-0640|2026-01-19|L1|S205,CG6-0640,2026-01-19,1,205,1-205,results.zip/day4.xlsx,8.221305,24.718126,34.784469,680498.032460,2734912.435891,2026-01-19 11:28:38,1,417.084000,12.484767,404.599233,404.441912,0.157321,304.710278,-66.770843,0.008124,-4.709803,94.050639,31.989598,0.046998,16.592531,12.824944,0.994080,6.436594,3.881294,2.603644,1.325993,0.048343,-1.229307,-2.123662,-2.506957,-3.784607,-5.062258,-6.339908,6.339710,3.774721,2.492226,1.209732,-0.072762,-1.355257,-2.253003,-2.637751,-3.920246,-5.202740,-6.485235,24.514087,INTERPOLATED,1.000000,0.000000,MATCHED,
CG6-0640|2026-01-19|L1|S206,CG6-0640,2026-01-19,1,206,1-206,results.zip/day4.xlsx,5.468226,24.716223,34.784327,680486.347128,2734701.474316,2026-01-19 11:33:13,1,420.256000,12.483900,407.772100,408.112147,-0.340047,307.883145,-68.240894,0.007973,-4.840273,95.029897,31.629276,0.046972,16.711101,12.943514,1.032710,5.810195,3.228287,1.937333,0.646379,-0.644575,-1.935529,-2.839197,-3.226483,-4.517437,-5.808391,-7.099345,5.742247,3.153544,1.859193,0.564841,-0.729510,-2.023862,-2.929908,-3.318213,-4.612565,-5.906916,-7.201267,24.633606,INTERPOLATED,1.000000,0.000000,MATCHED,
CG6-0640|2026-01-19|L1|S207,CG6-0640,2026-01-19,1,207,1-207,results.zip/day4.xlsx,10.475157,24.714288,34.784653,680522.141916,2734487.561756,2026-01-19 11:36:46,1,424.645000,12.481853,412.163147,412.944998,-0.781851,312.274192,-69.740065,0.008019,-4.972944,96.385124,31.618003,0.046979,16.852535,13.084949,1.146672,5.430689,2.811958,1.502592,0.193226,-1.116140,-2.425505,-3.342061,-3.734871,-5.044237,-6.353602,-7.662968,5.448106,2.831116,1.522621,0.214126,-1.094369,-2.402864,-3.318810,-3.711358,-5.019853,-6.328348,-7.636843,24.715657,INTERPOLATED,1.000000,0.000000,MATCHED,
CG6-0640|2026-01-19|L1|S208,CG6-0640,2026-01-19,1,208,1-208,results.zip/day4.xlsx,7.288507,24.712724,34.785919,680652.532852,2734315.994043,2026-01-19 11:40:16,1,428.199000,12.477760,415.721240,415.910021,-0.188781,315.832285,-70.855569,0.008120,-5.080168,97.483271,31.707869,0.046997,16.997485,13.229898,1.157998,5.222173,2.573604,1.249319,-0.074966,-1.399250,-2.723535,-3.650535,-4.047820,-5.372105,-6.696390,-8.020674,5.248074,2.602094,1.279104,-0.043886,-1.366875,-2.689865,-3.615958,-4.012855,-5.335845,-6.658834,-7.981824,24.696855,INTERPOLATED,1.000000,0.000000,MATCHED,
CG6-0640|2026-01-19|L1|S209,CG6-0640,2026-01-19,1,209,1-209,results.zip/day4.xlsx,10.446397,24.711086,34.786945,680758.693141,2734135.922936,2026-01-19 11:44:00,1,431.345000,12.474250,418.870750,418.994239,-0.123489,318.981795,-71.935535,0.008054,-5.192453,98.455314,31.712232,0.046985,17.100752,13.333165,1.234872,4.962419,2.287438,0.949947,-0.387544,-1.725034,-3.062525,-3.998768,-4.400016,-5.737506,-7.074997,-8.412488,5.045903,2.379270,1.045954,-0.287363,-1.620679,-2.953996,-3.887317,-4.287312,-5.620629,-6.953945,-8.287262,24.704875,INTERPOLATED,1.000000,0.000000,MATCHED,
CG6-0640|2026-01-19|L1|S210,CG6-0640,2026-01-19,1,210,1-210,results.zip/day4.kml,5.875989,24.709091,34.785213,680586.335633,2733912.726556,2026-01-19 11:48:37,1,436.525476,12.477184,424.048291,424.371516,-0.323225,324.159336,-73.653486,0.008094,-5.329169,100.053271,31.728955,0.046992,17.319188,13.551601,1.231289,4.544953,1.826553,0.467353,-0.891847,-2.251047,-3.610248,-4.561688,-4.969448,-6.328648,-7.687848,-9.047048,4.625753,1.915433,0.560272,-0.794888,-2.150048,-3.505208,-4.453820,-4.860368,-6.215528,-7.570688,-8.925848,24.970987,INTERPOLATED,1.000000,0.000000,MATCHED,
CG6-0640|2026-01-19|L1|S211,CG6-0640,2026-01-19,1,211,1-211,results.zip/day4.kml,7.767473,24.707505,34.783649,680430.347449,2733734.939336,2026-01-19 11:53:44,1,441.557492,12.479289,429.078203,429.077921,0.000282,329.189249,-75.263275,0.008031,-5.437916,101.605661,31.780301,0.046982,17.553743,13.786156,1.168140,4.174491,1.413910,0.033620,-1.346671,-2.726962,-4.107252,-5.073455,-5.487543,-6.867833,-8.248124,-9.628414,4.207989,1.450757,0.072142,-1.306474,-2.685089,-4.063705,-5.028736,-5.442321,-6.820936,-8.199552,-9.578168,25.198823,INTERPOLATED,1.000000,0.000000,MATCHED,
CG6-0640|2026-01-19|L1|S212,CG6-0640,2026-01-19,1,212,1-212,results.zip/day4.xlsx,8.606236,24.707037,34.781551,680218.749284,2733680.427328,2026-01-19 12:03:22,1,444.942000,12.483629,432.458371,434.732906,-2.274535,332.569416,-76.368802,0.008550,-5.469940,102.648883,31.750022,0.047073,17.607605,13.840018,1.402751,3.860751,1.071824,-0.322640,-1.717104,-3.111567,-4.506031,-5.482155,-5.900494,-7.294958,-8.689421,-10.083885,4.069987,1.301983,-0.082019,-1.466020,-2.850022,-4.234024,-5.202825,-5.618026,-7.002027,-8.386029,-9.770031,25.405573,INTERPOLATED,1.000000,0.000000,MATCHED,
CG6-0640|2026-01-19|L1|S213,CG6-0640,2026-01-19,1,213,1-213,results.zip/day4.kml,2.980614,24.706193,34.779683,680031.001781,2733584.406297,2026-01-19 12:07:23,1,450.411952,12.486862,437.925091,439.020424,-1.095333,338.036136,-77.800219,0.008161,-5.527840,104.336076,32.063698,0.047004,17.804975,14.037388,1.487787,3.715987,0.881216,-0.536169,-1.953555,-3.370940,-4.788326,-5.780496,-6.205711,-7.623097,-9.040483,-10.457868,3.988921,1.181443,-0.222296,-1.626035,-3.029774,-4.433512,-5.416130,-5.837251,-7.240990,-8.644729,-10.048468,25.615173,INTERPOLATED,1.000000,0.000000,MATCHED,
CG6-0640|2026-01-19|L1|S214,CG6-0640,2026-01-19,1,214,1-214,results.zip/day4.xlsx,7.078415,24.706921,34.777843,679843.745727,2733662.647424,2026-01-19 12:11:29,1,455.481000,12.492285,442.988715,442.896479,0.092236,343.099760,-79.086135,0.008008,-5.477928,105.898854,32.290647,0.046978,18.080854,14.313267,1.318080,3.518301,0.641067,-0.797551,-2.236168,-3.674785,-5.113403,-6.120435,-6.552020,-7.990637,-9.429254,-10.867872,3.664114,0.801460,-0.629866,-2.061193,-3.492520,-4.923846,-5.925775,-6.355173,-7.786500,-9.217827,-10.649153,25.729737,INTERPOLATED,1.000000,0.000000,MATCHED,
CG6-0640|2026-01-19|L1|S215,CG6-0640,2026-01-19,1,215,1-215,results.zip/day4.xlsx,14.399547,24.706795,34.775873,679644.571768,2733646.086840,2026-01-19 12:15:05,1,459.492000,12.496787,446.995213,448.292965,-1.297752,347.106258,-80.450201,0.008159,-5.486576,107.135373,32.171748,0.047003,18.198853,14.431266,1.451561,3.063417,0.152584,-1.302833,-2.758249,-4.213666,-5.669082,-6.687874,-7.124499,-8.579915,-10.035332,-11.490749,3.309215,0.422962,-1.020165,-2.463292,-3.906418,-5.349545,-6.359733,-6.792671,-8.235798,-9.678925,-11.122051,25.906290,INTERPOLATED,1.000000,0.000000,MATCHED,
CG6-0640|2026-01-19|L1|S216,CG6-0640,2026-01-19,1,216,1-216,results.zip/day4.kml,7.982051,24.707242,34.774038,679458.261509,2733693.200554,2026-01-19 12:19:24,1,462.548938,12.501816,450.047121,450.702121,-0.655000,350.158167,-81.539823,0.008043,-5.455933,108.077275,31.993385,0.046984,18.221315,14.453729,1.733258,2.629121,-0.307305,-1.775518,-3.243732,-4.711945,-6.180158,-7.207907,-7.648371,-9.116584,-10.584798,-12.053011,3.085928,0.195182,-1.250191,-2.695563,-4.140936,-5.586309,-6.598070,-7.031682,-8.477055,-9.922428,-11.367801,26.038313,INTERPOLATED,1.000000,0.000000,MATCHED,
CG6-0640|2026-01-19|L1|S217,CG6-0640,2026-01-19,1,217,1-217,results.zip/day4.xlsx,9.024463,24.706382,34.772138,679267.281238,2733595.476405,2026-01-19 12:28:11,1,466.733000,12.505045,454.227955,454.062347,0.165609,354.339000,-82.878373,0.011665,-5.514867,109.367595,32.004089,0.047737,18.496202,14.728615,1.467369,2.289221,-0.682266,-2.168010,-3.653753,-5.139497,-6.625240,-7.665260,-8.110983,-9.596727,-11.082470,-12.568214,2.546859,-0.398864,-1.871725,-3.344587,-4.817448,-6.290310,-7.321313,-7.763171,-9.236033,-10.708894,-12.181756,26.251872,INTERPOLATED,1.000000,0.000000,MATCHED,STDDEV_GT_0.050
CG6-0640|2026-01-19|L1|S218,CG6-0640,2026-01-19,1,218,1-218,results.zip/day4.xlsx,7.178985,24.704968,34.770818,679135.713328,2733437.107504,2026-01-19 12:31:56,1,470.857000,12.506029,458.350971,458.409870,-0.058898,358.462017,-84.749853,0.008021,-5.611797,110.640071,31.502014,0.046980,18.724413,14.956826,1.319629,1.441389,-1.564673,-3.067704,-4.570735,-6.073767,-7.576798,-8.628920,-9.079829,-10.582860,-12.085892,-13.588923,1.588361,-1.403004,-2.898686,-4.394369,-5.890052,-7.385734,-8.432712,-8.881417,-10.377100,-11.872782,-13.368465,26.447558,INTERPOLATED,1.000000,0.000000,MATCHED,
CG6-0640|2026-01-19|L1|S219,CG6-0640,2026-01-19,1,219,1-219,results.zip/day4.xlsx,12.379872,24.705001,34.768568,678908.053318,2733437.852557,2026-01-19 12:35:33,1,476.044000,12.511389,463.532611,463.523582,0.009029,363.643656,-86.548075,0.008040,-5.609517,112.239258,31.300700,0.046983,18.900741,15.133154,1.428934,0.805543,-2.243973,-3.768731,-5.293488,-6.818246,-8.343004,-9.410335,-9.867762,-11.392520,-12.917278,-14.442036,1.034392,-1.992239,-3.505555,-5.018870,-6.532185,-8.045501,-9.104822,-9.558816,-11.072132,-12.585447,-14.098762,26.639693,INTERPOLATED,1.000000,0.000000,MATCHED,
CG6-0640|2026-01-19|L1|S220,CG6-0640,2026-01-19,1,220,1-220,results.zip/day4.xlsx,13.192382,24.705489,34.766262,678674.042827,2733488.946144,2026-01-19 12:39:25,1,481.537000,12.517597,469.019403,469.462246,-0.442843,369.130448,-88.154671,0.008039,-5.576039,113.932618,31.353986,0.046983,19.072743,15.305156,1.583953,0.398706,-2.696822,-4.244586,-5.792350,-7.340113,-8.887877,-9.971312,-10.435641,-11.983405,-13.531169,-15.078933,0.743674,-2.317357,-3.847873,-5.378388,-6.908904,-8.439419,-9.510780,-9.969935,-11.500451,-13.030966,-14.561482,26.811288,INTERPOLATED,1.000000,0.000000,MATCHED,
CG6-0640|2026-01-19|L1|S221,CG6-0640,2026-01-19,1,221,1-221,results.zip/day4.kml,10.002135,24.706170,34.764138,678458.138740,2733561.567659,2026-01-19 12:43:10,1,486.511116,12.523700,473.987416,474.668927,-0.681511,374.098461,-89.438212,0.008152,-5.529388,115.465866,31.557041,0.047002,19.277904,15.510317,1.592358,0.185144,-2.952046,-4.520641,-6.089236,-7.657831,-9.226425,-10.324442,-10.795020,-12.363615,-13.932210,-15.500805,0.536407,-2.565656,-4.116688,-5.667720,-7.218751,-8.769783,-9.855505,-10.320815,-11.871846,-13.422878,-14.973910,26.957267,INTERPOLATED,1.000000,0.000000,MATCHED,
CG6-0640|2026-01-19|L1|S222,CG6-0640,2026-01-19,1,222,1-222,results.zip/day4.xlsx,9.083477,24.706722,34.761872,678228.110316,2733619.738080,2026-01-19 12:46:31,1,491.947000,12.529960,479.417040,480.226819,-0.809779,379.528085,-91.112514,0.008018,-5.491566,117.141574,31.520626,0.046979,19.368210,15.600623,1.959104,-0.306599,-3.489322,-5.080683,-6.672044,-8.263405,-9.854767,-10.968719,-11.446128,-13.037489,-14.628850,-16.220212,0.319381,-2.800744,-4.360806,-5.920868,-7.480931,-9.040993,-10.133036,-10.601055,-12.161117,-13.721180,-15.281242,27.123906,INTERPOLATED,1.000000,0.000000,MATCHED,
CG6-0640|2026-01-19|L1|S223,CG6-0640,2026-01-19,1,223,1-223,results.zip/day4.kml,3.772533,24.707246,34.760003,678038.278189,2733675.339830,2026-01-19 12:49:34,1,498.276661,12.535253,485.741407,486.640942,-0.899535,385.852453,-92.450434,0.008745,-5.455655,119.093415,32.098636,0.047109,19.573940,15.806353,2.117836,-0.258950,-3.494709,-5.112588,-6.730468,-8.348347,-9.966226,-11.098742,-11.584106,-13.201985,-14.819864,-16.437744,0.485930,-2.675341,-4.255976,-5.836612,-7.417247,-8.997882,-10.104327,-10.578518,-12.159153,-13.739788,-15.320424,27.258339,INTERPOLATED,1.000000,0.000000,MATCHED,
CG6-0640|2026-01-19|L1|S224,CG6-0640,2026-01-19,1,224,1-224,results.zip/day4.kml,3.231646,24.707600,34.758441,677879.742136,2733712.537948,2026-01-19 12:53:27,1,502.069629,12.539554,489.530075,491.248467,-1.718392,389.641120,-93.533788,0.008358,-5.431380,120.262680,32.160272,0.047039,19.605347,15.837760,2.458132,-0.515032,-3.782562,-5.416328,-7.050093,-8.683858,-10.317623,-11.461259,-11.951388,-13.585154,-15.218919,-16.852684,0.484752,-2.682800,-4.266576,-5.850352,-7.434128,-9.017904,-10.126547,-10.601680,-12.185456,-13.769232,-15.353008,27.375871,INTERPOLATED,1.000000,0.000000,MATCHED,
CG6-0640|2026-01-19|L1|S225,CG6-0640,2026-01-19,1,225,1-225,results.zip/day4.kml,19.157011,24.707472,34.757803,677815.315995,2733697.559804,2026-01-19 12:56:48,1,501.413482,12.540867,488.872614,494.342121,-5.469507,388.983659,-94.372810,0.007926,-5.440136,120.059774,31.127100,0.046964,19.457633,15.690046,2.778923,-1.493070,-4.755087,-6.386095,-8.017104,-9.648112,-11.279121,-12.420827,-12.910129,-14.541138,-16.172146,-17.803155,-0.252993,-3.391002,-4.960007,-6.529012,-8.098016,-9.667021,-10.765324,-11.236026,-12.805030,-14.374035,-15.943040,27.438969,INTERPOLATED,1.000000,0.000000,MATCHED,
CG6-0640|2026-01-19|L1|S226,CG6-0640,2026-01-19,1,226,1-226,results.zip/day4.xlsx,8.917179,24.753384,34.791541,681162.372748,2738826.985175,2026-01-19 13:27:34,1,346.762000,12.485376,334.276624,334.948579,-0.671955,234.387670,-46.284109,0.008423,-2.291121,72.346277,28.353288,0.047050,13.705618,9.938031,0.829303,8.697539,6.731964,5.749176,4.766389,3.783601,2.800814,2.112862,1.818026,0.835239,-0.147549,-1.130336,8.477226,6.489619,5.495816,4.502013,3.508210,2.514407,1.818745,1.520604,0.526801,-0.467002,-1.460806,22.133052,INTERPOLATED,1.000000,0.000000,MATCHED,
CG6-0640|2026-01-19|L1|S227,CG6-0640,2026-01-19,1,227,1-227,results.zip/day4.xlsx,8.592202,24.754752,34.789764,680980.690462,2738976.167660,2026-01-19 13:30:39,1,350.454000,12.490713,337.963287,338.044252,-0.080965,238.074332,-47.467283,0.008921,-2.197217,73.484139,28.214072,0.047142,13.817974,10.050387,0.942046,8.249159,6.252667,5.254422,4.256176,3.257930,2.259685,1.560913,1.261439,0.263193,-0.735052,-1.733298,8.113297,6.103220,5.098181,4.093142,3.088104,2.083065,1.379538,1.078026,0.072987,-0.932051,-1.937090,22.242148,INTERPOLATED,1.000000,0.000000,MATCHED,
CG6-0640|2026-01-19|L1|S228,CG6-0640,2026-01-19,1,228,1-228,results.zip/day4.kml,9.870415,24.754931,34.787626,680764.188886,2738993.157764,2026-01-19 13:33:59,1,352.380279,12.496968,339.883311,340.511911,-0.628600,239.994356,-48.539886,0.008096,-2.184936,74.076741,27.721790,0.046993,13.906838,10.139251,0.919734,7.595863,5.583270,4.576974,3.570678,2.564381,1.558085,0.853678,0.551789,-0.454508,-1.460804,-2.467100,7.443288,5.415438,4.401513,3.387588,2.373663,1.359738,0.649991,0.345813,-0.668112,-1.682037,-2.695962,22.435413,INTERPOLATED,1.000000,0.000000,MATCHED,
CG6-0640|2026-01-19|L1|S229,CG6-0640,2026-01-19,1,229,1-229,results.zip/day4.xlsx,6.294647,24.755184,34.785681,680567.045845,2739018.532815,2026-01-19 13:38:10,1,355.837000,12.502682,343.334318,343.462251,-0.127933,243.445363,-49.881771,0.008199,-2.167618,75.141868,27.427715,0.047011,14.078117,10.310530,0.848769,7.012387,4.970854,3.950087,2.929321,1.908555,0.887788,0.173252,-0.132978,-1.153745,-2.174511,-3.195278,6.806654,4.744548,3.713495,2.682442,1.651389,0.620336,-0.101401,-0.410717,-1.441770,-2.472823,-3.503876,22.608037,INTERPOLATED,1.000000,0.000000,MATCHED,
CG6-0640|2026-01-19|L1|S230,CG6-0640,2026-01-19,1,230,1-230,results.zip/day4.xlsx,5.744644,24.755201,34.783608,680357.373644,2739017.670571,2026-01-19 13:41:52,1,357.979000,12.508731,345.470269,346.390980,-0.920711,245.581314,-50.932835,0.008228,-2.166457,75.801113,27.034734,0.047016,14.154600,10.387013,0.883685,6.440285,4.380841,3.351118,2.321396,1.291673,0.261951,-0.458855,-0.767772,-1.797494,-2.827217,-3.856939,6.260708,4.183305,3.144604,2.105902,1.067201,0.028500,-0.698591,-1.010202,-2.048903,-3.087604,-4.126306,22.802483,INTERPOLATED,1.000000,0.000000,MATCHED,
CG6-0640|2026-01-19|L1|S231,CG6-0640,2026-01-19,1,231,1-231,results.zip/day4.xlsx,6.625505,24.755436,34.781433,680137.040772,2739040.822728,2026-01-19 13:46:23,1,361.285000,12.515128,348.769872,349.079577,-0.309705,248.880918,-52.391634,0.008031,-2.150333,76.819508,26.578207,0.046981,14.290552,10.522965,0.890094,5.707053,3.619938,2.576380,1.532823,0.489265,-0.554293,-1.284783,-1.597851,-2.641408,-3.684966,-4.728524,5.532277,3.427684,2.375387,1.323091,0.270794,-0.781503,-1.518110,-1.833799,-2.886096,-3.938392,-4.990689,22.998201,INTERPOLATED,1.000000,0.000000,MATCHED,
CG6-0640|2026-01-19|L1|S232,CG6-0640,2026-01-19,1,232,1-232,results.zip/day4.xlsx,2.747197,24.755416,34.779054,679896.482273,2739035.499023,2026-01-19 13:49:59,1,364.186000,12.522066,351.663934,352.001122,-0.337188,251.774979,-53.343065,0.008353,-2.151691,77.712736,26.521362,0.047038,14.403570,10.635983,0.912337,5.407513,3.296128,2.240435,1.184743,0.129050,-0.926642,-1.665627,-1.982335,-3.038027,-4.093720,-5.149412,5.249397,3.122200,2.058602,0.995004,-0.068595,-1.132193,-1.876712,-2.195791,-3.259389,-4.322988,-5.386586,23.223591,INTERPOLATED,1.000000,0.000000,MATCHED,
CG6-0640|2026-01-19|L1|S233,CG6-0640,2026-01-19,1,233,1-233,results.zip/day4.xlsx,3.271849,24.755014,34.777160,679705.524453,2738988.484329,2026-01-19 13:52:48,1,366.488000,12.527486,353.960514,354.322662,-0.362148,254.071559,-54.090128,0.008011,-2.179284,78.421555,26.510712,0.046978,14.478638,10.711051,0.969013,5.204271,3.073627,2.008305,0.942983,-0.122339,-1.187661,-1.933387,-2.252983,-3.318305,-4.383628,-5.448950,5.088609,2.946399,1.875294,0.804189,-0.266916,-1.338021,-2.087795,-2.409126,-3.480231,-4.551337,-5.622442,23.418297,INTERPOLATED,1.000000,0.000000,MATCHED,
CG6-0640|2026-01-19|L1|S234,CG6-0640,2026-01-19,1,234,1-234,results.zip/day4.xlsx,3.389201,24.754265,34.775309,679519.331040,2738903.075036,2026-01-19 13:56:05,1,368.922000,12.532668,356.389332,356.498625,-0.109293,256.500377,-55.155820,0.008011,-2.230705,79.171189,26.246075,0.046978,14.547219,10.779632,1.057815,4.735953,2.584941,1.509435,0.433929,-0.641577,-1.717083,-2.469938,-2.792589,-3.868095,-4.943602,-6.019108,4.686810,2.530883,1.452920,0.374957,-0.703006,-1.780970,-2.535544,-2.858933,-3.936896,-5.014859,-6.092823,23.622600,INTERPOLATED,1.000000,0.000000,MATCHED,
CG6-0640|2026-01-19|L1|S235,CG6-0640,2026-01-19,1,235,1-235,results.zip/day4.kml,5.416426,24.752350,34.774080,679397.849321,2738689.416248,2026-01-19 14:01:13,1,372.841290,12.535666,360.305624,360.423231,-0.117607,260.416669,-56.249555,0.007976,-2.362105,80.379919,26.492470,0.046972,14.656620,10.889033,1.204156,4.653928,2.470073,1.378146,0.286219,-0.805708,-1.897635,-2.661984,-2.989562,-4.081489,-5.173416,-6.265343,4.714403,2.536597,1.447693,0.358790,-0.730113,-1.819017,-2.581249,-2.907920,-3.996823,-5.085727,-6.174630,23.814110,INTERPOLATED,1.000000,0.000000,MATCHED,
CG6-0640|2026-01-19|L1|S236,CG6-0640,2026-01-19,1,236,1-236,results.zip/day4.xlsx,9.014183,24.751210,34.772341,679223.544480,2738560.816710,2026-01-19 14:05:19,1,375.386000,12.540326,362.845674,362.968789,-0.123116,262.956719,-57.152574,0.007993,-2.440379,81.163882,26.451686,0.046975,14.705965,10.938378,1.356771,4.400136,2.194981,1.092403,-0.010174,-1.112752,-2.215329,-2.987133,-3.317907,-4.420484,-5.523062,-6.625639,4.574930,2.387254,1.293416,0.199579,-0.894259,-1.988097,-2.753783,-3.081935,-4.175773,-5.269610,-6.363448,24.023571,INTERPOLATED,1.000000,0.000000,MATCHED,
CG6-0640|2026-01-19|L1|S237,CG6-0640,2026-01-19,1,237,1-237,results.zip/day4.kml,6.405268,24.749699,34.770919,679081.948386,2738391.619290,2026-01-19 14:08:04,1,377.512136,12.543773,364.968363,365.497020,-0.528657,265.079408,-58.150360,0.007960,-2.544064,81.819031,26.212735,0.046969,14.683548,10.915961,1.654267,3.983176,1.760220,0.648742,-0.462736,-1.574214,-2.685692,-3.463727,-3.797170,-4.908648,-6.020126,-7.131604,4.380813,2.197621,1.106025,0.014429,-1.077168,-2.168764,-2.932881,-3.260360,-4.351956,-5.443552,-6.535148,24.218187,INTERPOLATED,1.000000,0.000000,MATCHED,
CG6-0640|2026-01-19|L1|S238,CG6-0640,2026-01-19,1,238,1-238,results.zip/day4.xlsx,7.002451,24.748247,34.769822,678973.004390,2738229.365784,2026-01-19 14:12:56,1,380.178000,12.545740,367.632260,367.746886,-0.114626,267.743305,-59.331747,0.007933,-2.643705,82.641217,25.953176,0.046965,14.779015,11.011428,1.697602,3.500222,1.254927,0.132279,-0.990369,-2.113016,-3.235664,-4.021517,-4.358312,-5.480959,-6.603607,-7.726255,3.930320,1.728035,0.626892,-0.474251,-1.575394,-2.676536,-3.447336,-3.777679,-4.878822,-5.979965,-7.081107,24.380456,INTERPOLATED,1.000000,0.000000,MATCHED,
CG6-0640|2026-01-20|L1|S239,CG6-0640,2026-01-20,1,239,1-239,results.zip/day5.xlsx,2.352416,24.747926,34.767124,678700.609406,2738190.308041,2026-01-20 07:01:46,1,383.861000,12.553141,371.307859,371.231238,0.076621,271.418904,-60.315177,0.008467,-2.665720,83.775650,26.126192,0.047058,15.097463,11.329876,1.258840,3.365003,1.088884,-0.049176,-1.187235,-2.325295,-3.463354,-4.259996,-4.601414,-5.739473,-6.877533,-8.015592,3.466440,1.200465,0.067478,-1.065510,-2.198497,-3.331485,-4.124576,-4.464473,-5.597460,-6.730448,-7.863435,24.646901,INTERPOLATED,1.000000,0.000000,MATCHED,
CG6-0640|2026-01-20|L1|S240,CG6-0640,2026-01-20,1,240,1-240,results.zip/day5.xlsx,2.524493,24.747860,34.764609,678446.276330,2738179.681293,2026-01-20 07:06:14,1,388.552000,12.560227,375.991773,376.349468,-0.357695,276.102818,-61.530469,0.008081,-2.670269,85.221284,26.361084,0.046990,15.383338,11.615751,1.019932,3.207102,0.891704,-0.265995,-1.423695,-2.581394,-3.739093,-4.549482,-4.896792,-6.054491,-7.212190,-8.369889,3.129582,0.806432,-0.355143,-1.516718,-2.678294,-3.839869,-4.652971,-5.001444,-6.163019,-7.324594,-8.486169,24.886113,INTERPOLATED,1.000000,0.000000,MATCHED,
CG6-0640|2026-01-20|L1|S241,CG6-0640,2026-01-20,1,241,1-241,results.zip/day5.xlsx,2.866523,24.749161,34.762514,678232.536072,2738321.023535,2026-01-20 07:10:16,1,393.271000,12.567331,380.703669,380.893503,-0.189835,280.814714,-62.799566,0.008020,-2.581003,86.675549,26.456986,0.046980,15.599108,11.831521,0.971338,2.907864,0.552952,-0.624505,-1.801961,-2.979417,-4.156873,-4.981092,-5.334329,-6.511785,-7.689241,-8.866697,2.793944,0.427640,-0.755512,-1.938665,-3.121817,-4.304969,-5.133175,-5.488121,-6.671273,-7.854425,-9.037577,25.031659,INTERPOLATED,1.000000,0.000000,MATCHED,
CG6-0640|2026-01-20|L1|S242,CG6-0640,2026-01-20,1,242,1-242,results.zip/day5.xlsx,2.557454,24.750375,34.760132,677989.868409,2738452.429415,2026-01-20 07:15:10,1,398.733000,12.575064,386.157936,386.330693,-0.172758,286.268981,-64.458587,0.008153,-2.497660,88.358933,26.398007,0.047002,15.825396,12.057809,0.977770,2.391490,-0.009162,-1.209487,-2.409813,-3.610139,-4.810465,-5.650693,-6.010791,-7.211117,-8.411442,-9.611768,2.282388,-0.129174,-1.334955,-2.540736,-3.746517,-4.952298,-5.796345,-6.158079,-7.363860,-8.569641,-9.775422,25.209505,INTERPOLATED,1.000000,0.000000,MATCHED,
CG6-0640|2026-01-20|L1|S243,CG6-0640,2026-01-20,1,243,1-243,results.zip/day5.xlsx,3.680767,24.751778,34.758106,677782.956836,2738605.214675,2026-01-20 07:19:17,1,403.540000,12.581524,390.958476,392.430859,-1.472382,291.069522,-65.810039,0.008001,-2.401356,89.840550,26.431867,0.046976,16.015832,12.248245,1.006741,2.022777,-0.418132,-1.638587,-2.859041,-4.079496,-5.299950,-6.154268,-6.520405,-7.740859,-8.961314,-10.181768,1.935376,-0.514273,-1.739098,-2.963922,-4.188747,-5.413571,-6.270949,-6.638396,-7.863220,-9.088045,-10.312870,25.348157,INTERPOLATED,1.000000,0.000000,MATCHED,
CG6-0640|2026-01-20|L1|S244,CG6-0640,2026-01-20,1,244,1-244,results.zip/day5.xlsx,5.032449,24.752377,34.754864,677454.235468,2738667.311985,2026-01-20 07:24:08,1,411.637000,12.591162,399.045838,399.442623,-0.396784,299.156883,-68.310489,0.008661,-2.360268,92.336591,26.386371,0.047093,16.353408,12.585821,1.010818,1.299074,-1.209655,-2.464020,-3.718385,-4.972750,-6.227114,-7.105170,-7.481479,-8.735844,-9.990209,-11.244574,1.214728,-1.302436,-2.561018,-3.819601,-5.078183,-6.336765,-7.217772,-7.595347,-8.853929,-10.112511,-11.371093,25.634122,INTERPOLATED,1.000000,0.000000,MATCHED,
CG6-0640|2026-01-20|L1|S245,CG6-0640,2026-01-20,1,245,1-245,results.zip/day5.xlsx,2.623264,24.753655,34.753872,677352.065496,2738807.581255,2026-01-20 07:28:16,1,415.676000,12.594675,403.081325,404.193855,-1.112530,303.192370,-69.188351,0.008359,-2.272550,93.582077,26.666276,0.047039,16.496881,12.729295,1.079530,1.240564,-1.302007,-2.573293,-3.844579,-5.115864,-6.387150,-7.277050,-7.658435,-8.929721,-10.201007,-11.472292,1.207687,-1.338172,-2.611101,-3.884031,-5.156960,-6.429890,-7.320940,-7.702819,-8.975749,-10.248678,-11.521608,25.681897,INTERPOLATED,1.000000,0.000000,MATCHED,
CG6-0640|2026-01-20|L1|S246,CG6-0640,2026-01-20,1,246,1-246,results.zip/day5.xlsx,2.076439,24.746990,34.766808,678669.930884,2738086.179572,2026-01-20 07:37:33,1,384.427000,12.553253,371.873747,371.973983,-0.100236,271.984792,-60.493061,0.009549,-2.729978,83.950307,26.187224,0.047265,15.157256,11.389669,1.162546,3.378579,1.097715,-0.042718,-1.183150,-2.323582,-3.464014,-4.262317,-4.604447,-5.744879,-6.885311,-8.025743,3.407886,1.129952,-0.009015,-1.147981,-2.286948,-3.425915,-4.223192,-4.564882,-5.703849,-6.842816,-7.981783,24.714890,INTERPOLATED,1.000000,0.000000,MATCHED,TILT_GT_20
CG6-0640|2026-01-20|L1|S247,CG6-0640,2026-01-20,1,247,1-247,results.zip/day5.xlsx,3.125679,24.745832,34.764892,678477.786575,2737955.441176,2026-01-20 07:41:29,1,387.375000,12.557674,374.817326,374.531654,0.285671,274.928371,-61.425770,0.008359,-2.809428,84.858810,26.242467,0.047039,15.316956,11.549369,1.065689,3.186974,0.881425,-0.271350,-1.424124,-2.576899,-3.729674,-4.536616,-4.882448,-6.035223,-7.187998,-8.340772,3.143729,0.833855,-0.321082,-1.476019,-2.630955,-3.785892,-4.594348,-4.940829,-6.095766,-7.250703,-8.405640,24.942250,INTERPOLATED,1.000000,0.000000,MATCHED,
CG6-0640|2026-01-20|L1|S248,CG6-0640,2026-01-20,1,248,1-248,results.zip/day5.xlsx,5.463188,24.744911,34.763152,678303.120726,2737851.134113,2026-01-20 07:45:21,1,389.343000,12.561761,376.781239,377.327445,-0.546206,276.892284,-62.016309,0.008057,-2.872644,85.464950,26.321285,0.046986,15.411163,11.643576,1.034023,3.101098,0.779079,-0.381930,-1.542940,-2.703949,-3.864958,-4.677665,-5.025968,-6.186977,-7.347986,-8.508996,3.034133,0.705417,-0.458940,-1.623298,-2.787655,-3.952013,-4.767063,-5.116371,-6.280728,-7.445086,-8.609443,25.143399,INTERPOLATED,1.000000,0.000000,MATCHED,
CG6-0640|2026-01-20|L1|S249,CG6-0640,2026-01-20,1,249,1-249,results.zip/day5.xlsx,2.445485,24.744030,34.761266,678113.585120,2737751.157166,2026-01-20 07:49:47,1,392.586000,12.566257,380.019743,379.866216,0.153526,280.130788,-63.179659,0.008150,-2.933059,86.464475,26.217875,0.047002,15.558760,11.791173,1.002499,2.726107,0.376931,-0.797658,-1.972246,-3.146835,-4.321423,-5.143635,-5.496011,-6.670600,-7.845188,-9.019777,2.635529,0.277295,-0.901822,-2.080940,-3.260057,-4.439174,-5.264556,-5.618292,-6.797409,-7.976526,-9.155643,25.356608,INTERPOLATED,1.000000,0.000000,MATCHED,
CG6-0640|2026-01-20|L1|S250,CG6-0640,2026-01-20,1,250,1-250,results.zip/day5.xlsx,3.712088,24.743619,34.759531,677938.713847,2737703.370096,2026-01-20 07:54:02,1,394.790000,12.570727,382.219273,382.207276,0.011996,282.330318,-63.898323,0.008125,-2.961265,87.143333,26.206275,0.046998,15.656523,11.888936,0.987717,2.530054,0.162432,-1.021379,-2.205190,-3.389001,-4.572812,-5.401480,-5.756623,-6.940434,-8.124245,-9.308056,2.428404,0.050616,-1.138277,-2.327171,-3.516064,-4.704958,-5.537183,-5.893851,-7.082745,-8.271638,-9.460532,25.536175,INTERPOLATED,1.000000,0.000000,MATCHED,
CG6-0640|2026-01-20|L1|S251,CG6-0640,2026-01-20,1,251,1-251,results.zip/day5.xlsx,1.569718,24.743535,34.757510,677734.398092,2737691.478957,2026-01-20 07:59:49,1,397.787000,12.576289,385.210711,385.171531,0.039180,285.321756,-65.026958,0.008101,-2.967004,88.066601,26.006646,0.046993,15.784762,12.017176,0.980217,2.079564,-0.313144,-1.509498,-2.705852,-3.902207,-5.098561,-5.936009,-6.294915,-7.491269,-8.687623,-9.883977,1.972295,-0.431140,-1.632857,-2.834575,-4.036292,-5.238010,-6.079212,-6.439727,-7.641445,-8.843163,-10.044880,25.729151,INTERPOLATED,1.000000,0.000000,MATCHED,
CG6-0640|2026-01-20|L1|S252,CG6-0640,2026-01-20,1,252,1-252,results.zip/day5.xlsx,6.636324,24.744321,34.755418,677521.731470,2737775.786797,2026-01-20 08:04:02,1,400.563000,12.582887,387.980113,387.892383,0.087730,288.091159,-66.068746,0.008176,-2.913092,88.921337,25.765683,0.047007,15.900409,12.132822,0.981485,1.606359,-0.809574,-2.017540,-3.225506,-4.433472,-5.641439,-6.487015,-6.849405,-8.057371,-9.265337,-10.473304,1.500040,-0.926525,-2.139807,-3.353089,-4.566371,-5.779653,-6.628951,-6.992935,-8.206218,-9.419500,-10.632782,25.893587,INTERPOLATED,1.000000,0.000000,MATCHED,
CG6-0640|2026-01-20|L1|S253,CG6-0640,2026-01-20,1,253,1-253,results.zip/day5.xlsx,1.548772,24.744376,34.753251,677302.413683,2737779.067210,2026-01-20 08:07:44,1,403.567000,12.589008,390.977992,391.070083,-0.092091,291.089037,-67.154482,0.008124,-2.909319,89.846590,25.601426,0.046998,16.015480,12.247893,1.009866,1.190700,-1.250373,-2.470909,-3.691446,-4.911982,-6.132518,-6.986894,-7.353055,-8.573591,-9.794127,-11.014664,1.105640,-1.343939,-2.568728,-3.793518,-5.018307,-6.243096,-7.100449,-7.467886,-8.692675,-9.917464,-11.142254,26.095356,INTERPOLATED,1.000000,0.000000,MATCHED,
CG6-0640|2026-01-20|L1|S254,CG6-0640,2026-01-20,1,254,1-254,results.zip/day5.xlsx,3.242146,24.744828,34.751221,677096.455885,2737826.468428,2026-01-20 08:11:33,1,406.369000,12.595150,393.773850,393.705286,0.068564,293.884895,-68.189250,0.008016,-2.878324,90.709489,25.398564,0.046979,16.118655,12.351068,1.047394,0.753377,-1.711142,-2.943402,-4.175661,-5.407920,-6.640180,-7.502761,-7.872439,-9.104698,-10.336958,-11.569217,0.696427,-1.773787,-3.008893,-4.244000,-5.479107,-6.714214,-7.578789,-7.949321,-9.184428,-10.419534,-11.654641,26.268668,INTERPOLATED,1.000000,0.000000,MATCHED,
CG6-0640|2026-01-20|L1|S255,CG6-0640,2026-01-20,1,255,1-255,results.zip/day5.xlsx,6.940565,24.744875,34.749939,676966.720968,2737829.991848,2026-01-20 08:17:57,1,407.851000,12.598764,395.252236,395.713707,-0.461471,295.363281,-68.886322,0.008016,-2.875114,91.165771,25.154563,0.046979,16.171252,12.403665,1.072471,0.385398,-2.091519,-3.329977,-4.568435,-5.806893,-7.045352,-7.912272,-8.283810,-9.522268,-10.760726,-11.999185,0.347233,-2.133500,-3.373866,-4.614233,-5.854599,-7.094966,-7.963222,-8.335332,-9.575699,-10.816065,-12.056432,26.387799,INTERPOLATED,1.000000,0.000000,MATCHED,
CG6-0640|2026-01-20|L1|S256,CG6-0640,2026-01-20,1,256,1-256,results.zip/day5.xlsx,3.980746,24.746767,34.749515,676921.204728,2738039.082412,2026-01-20 08:23:26,1,407.699000,12.601710,395.097290,395.342271,-0.244981,295.208335,-69.524841,0.008077,-2.745234,91.117945,24.338338,0.046989,16.151769,12.384182,1.107144,-0.417833,-2.893450,-4.131259,-5.369067,-6.606876,-7.844684,-8.711150,-9.082493,-10.320301,-11.558110,-12.795918,-0.430025,-2.906862,-4.145280,-5.383698,-6.622116,-7.860535,-8.727427,-9.098953,-10.337371,-11.575789,-12.814207,26.353999,INTERPOLATED,1.000000,0.000000,MATCHED,
CG6-0640|2026-01-20|L1|S257,CG6-0640,2026-01-20,1,257,1-257,results.zip/day5.xlsx,4.455985,24.747645,34.748120,676778.839302,2738134.541635,2026-01-20 08:27:55,1,409.529000,12.605912,396.923088,396.971021,-0.047933,297.034133,-70.020245,0.008077,-2.684973,91.681448,24.346175,0.046989,16.210810,12.443223,1.153907,-0.563107,-3.054035,-4.299499,-5.544963,-6.790428,-8.035892,-8.907717,-9.281356,-10.526820,-11.772284,-13.017748,-0.540271,-3.028916,-4.273238,-5.517560,-6.761883,-8.006205,-8.877231,-9.250527,-10.494850,-11.739172,-12.983494,26.452596,INTERPOLATED,1.000000,0.000000,MATCHED,
CG6-0640|2026-01-20|L1|S258,CG6-0640,2026-01-20,1,258,1-258,results.zip/day5.xlsx,3.507693,24.746455,34.746935,676660.595526,2738001.155009,2026-01-20 08:33:05,1,410.931000,12.607425,398.323575,398.639629,-0.316054,298.434620,-70.824442,0.008261,-2.766665,92.113690,24.055913,0.047021,16.237577,12.469990,1.239227,-0.970814,-3.473487,-4.724823,-5.976159,-7.227496,-8.478832,-9.354768,-9.730169,-10.981505,-12.232841,-13.484178,-0.884068,-3.378066,-4.625065,-5.872064,-7.119063,-8.366062,-9.238961,-9.613061,-10.860060,-12.107059,-13.354058,26.610504,INTERPOLATED,1.000000,0.000000,MATCHED,
CG6-0640|2026-01-20|L1|S259,CG6-0640,2026-01-20,1,259,1-259,results.zip/day5.xlsx,3.871164,24.745821,34.747808,676749.872017,2737932.091670,2026-01-20 08:36:41,1,410.107000,12.604706,397.502294,397.747056,-0.244761,297.613340,-70.210067,0.008462,-2.810153,91.860216,24.460301,0.047057,16.227339,12.459752,1.174618,-0.497554,-2.993339,-4.241232,-5.489125,-6.737017,-7.984910,-8.858435,-9.232803,-10.480695,-11.728588,-12.976481,-0.459203,-2.951154,-4.197129,-5.443104,-6.689080,-7.935055,-8.807237,-9.181030,-10.427005,-11.672980,-12.918956,26.552189,INTERPOLATED,1.000000,0.000000,MATCHED,
CG6-0640|2026-01-20|L1|S260,CG6-0640,2026-01-20,1,260,1-260,results.zip/day5.xlsx,2.659697,24.744570,34.748195,676790.750904,2737793.997284,2026-01-20 08:41:15,1,410.491000,12.602480,397.888520,397.696532,0.191988,297.999565,-70.246023,0.008124,-2.896016,91.979421,24.629415,0.046997,16.263044,12.495457,1.122525,-0.360829,-2.859853,-4.109366,-5.358878,-6.608390,-7.857902,-8.732561,-9.107414,-10.356926,-11.606439,-12.855951,-0.361500,-2.860591,-4.110137,-5.359683,-6.609229,-7.858774,-8.733456,-9.108320,-10.357866,-11.607411,-12.856957,26.564471,INTERPOLATED,1.000000,0.000000,MATCHED,
CG6-0640|2026-01-20|L1|S261,CG6-0640,2026-01-20,1,261,1-261,results.zip/day5.xlsx,4.696679,24.742893,34.746527,676624.427072,2737606.116659,2026-01-20 08:47:31,1,414.002000,12.604516,401.397484,401.329186,0.068298,301.508529,-71.512407,0.009020,-3.011075,93.062412,24.561079,0.047161,16.397727,12.630140,1.155761,-0.723426,-3.251876,-4.516102,-5.780327,-7.044552,-8.308778,-9.193735,-9.573003,-10.837228,-12.101453,-13.365679,-0.699201,-3.225229,-4.488243,-5.751257,-7.014272,-8.277286,-9.161395,-9.540300,-10.803314,-12.066328,-13.329342,26.788154,INTERPOLATED,1.000000,0.000000,MATCHED,
CG6-0640|2026-01-20|L1|S262,CG6-0640,2026-01-20,1,262,1-262,results.zip/day5.xlsx,3.337052,24.742272,34.747312,676704.715028,2737538.293964,2026-01-20 08:51:11,1,414.658000,12.602056,402.055944,402.221192,-0.165247,302.166989,-71.106621,0.008149,-3.053718,93.265637,25.212734,0.047002,16.437692,12.670105,1.122773,-0.126990,-2.660962,-3.927949,-5.194935,-6.461921,-7.728907,-8.615798,-8.995893,-10.262880,-11.529866,-12.796852,-0.127476,-2.661496,-3.928507,-5.195517,-6.462528,-7.729538,-8.616446,-8.996549,-10.263559,-11.530570,-12.797580,26.738997,INTERPOLATED,1.000000,0.000000,MATCHED,
CG6-0640|2026-01-20|L1|S263,CG6-0640,2026-01-20,1,263,1-263,results.zip/day5.xlsx,4.035656,24.741952,34.745097,676481.107317,2737500.010802,2026-01-20 08:57:15,1,416.519000,12.606743,403.912257,403.906094,0.006164,304.023302,-72.489201,0.008149,-3.075662,93.838559,24.425020,0.047002,16.486961,12.719374,1.199043,-1.070375,-3.619914,-4.894684,-6.169453,-7.444223,-8.718993,-9.611332,-9.993762,-11.268532,-12.543302,-13.818072,-1.013729,-3.557604,-4.829541,-6.101478,-7.373416,-8.645353,-9.535709,-9.917291,-11.189228,-12.461165,-13.733103,26.960461,INTERPOLATED,1.000000,0.000000,MATCHED,
CG6-0640|2026-01-20|L1|S264,CG6-0640,2026-01-20,1,264,1-264,results.zip/day5.xlsx,0.904050,24.741109,34.745828,676556.198526,2737407.619413,2026-01-20 09:01:14,1,417.546000,12.604161,404.941839,404.978511,-0.036673,305.052884,-72.427346,0.008077,-3.133479,94.156324,24.862457,0.046989,16.542942,12.775355,1.164839,-0.719278,-3.277451,-4.556538,-5.835625,-7.114711,-8.393798,-9.289159,-9.672885,-10.951971,-12.231058,-13.510145,-0.688253,-3.243324,-4.520860,-5.798395,-7.075931,-8.353466,-9.247741,-9.631002,-10.908537,-12.186073,-13.463608,26.925509,INTERPOLATED,1.000000,0.000000,MATCHED,
CG6-0640|2026-01-20|L1|S265,CG6-0640,2026-01-20,1,265,1-265,results.zip/day5.xlsx,3.344585,24.740040,34.742907,676262.312845,2737285.433512,2026-01-20 09:07:54,1,421.212000,12.609536,408.602464,408.458648,0.143816,308.713509,-74.214305,0.008077,-3.206835,95.286118,24.278648,0.046989,16.655233,12.887647,1.274839,-1.610067,-4.198939,-5.493374,-6.787810,-8.082246,-9.376682,-10.282787,-10.671117,-11.965553,-13.259989,-14.554425,-1.496645,-4.074175,-5.362939,-6.651704,-7.940469,-9.229233,-10.131369,-10.517998,-11.806763,-13.095527,-14.384292,27.243410,INTERPOLATED,1.000000,0.000000,MATCHED,
CG6-0640|2026-01-20|L1|S266,CG6-0640,2026-01-20,1,266,1-266,results.zip/day5.xlsx,1.630900,24.739543,34.743699,676343.075490,2737231.464280,2026-01-20 09:11:07,1,420.950000,12.607202,408.342798,408.455992,-0.113194,308.453843,-73.914701,0.008176,-3.240896,95.205977,24.532173,0.047006,16.658037,12.890450,1.238283,-1.334766,-3.921460,-5.214807,-6.508154,-7.801501,-9.094848,-10.000191,-10.388195,-11.681542,-12.974889,-14.268236,-1.248727,-3.826817,-5.115862,-6.404907,-7.693952,-8.982997,-9.885329,-10.272042,-11.561087,-12.850132,-14.139177,27.189122,INTERPOLATED,1.000000,0.000000,MATCHED,
CG6-0640|2026-01-20|L1|S267,CG6-0640,2026-01-20,1,267,1-267,results.zip/day5.xlsx,4.987844,24.737490,34.743071,676282.419301,2737003.255193,2026-01-20 09:17:50,1,425.142000,12.606271,412.535729,412.264282,0.271448,312.646774,-74.743974,0.008577,-3.381750,96.500059,25.137834,0.047078,16.828383,13.060796,1.252872,-1.080724,-3.702580,-5.013508,-6.324436,-7.635364,-8.946292,-9.863941,-10.257220,-11.568148,-12.879076,-14.190004,-0.983757,-3.595916,-4.901996,-6.208076,-7.514155,-8.820235,-9.734491,-10.126314,-11.432394,-12.738474,-14.044553,27.332360,INTERPOLATED,1.000000,0.000000,MATCHED,
CG6-0640|2026-01-20|L1|S268,CG6-0640,2026-01-20,1,268,1-268,results.zip/day5.xlsx,2.081267,24.738468,34.741425,676114.553923,2737109.378761,2026-01-20 09:23:08,1,425.293000,12.611032,412.681968,412.556817,0.125151,312.793013,-75.326115,0.008293,-3.314704,96.545191,24.533780,0.047027,16.806081,13.038495,1.328788,-1.697042,-4.320124,-5.631665,-6.943206,-8.254747,-9.566288,-10.484367,-10.877829,-12.189371,-13.500912,-14.812453,-1.543209,-4.150908,-5.454757,-6.758606,-8.062456,-9.366305,-10.279000,-10.670155,-11.974004,-13.277854,-14.581703,27.446603,INTERPOLATED,1.000000,0.000000,MATCHED,
CG6-0640|2026-01-20|L1|S269,CG6-0640,2026-01-20,1,269,1-269,results.zip/day5.xlsx,5.023828,24.739185,34.739853,675954.549260,2737186.801733,2026-01-20 09:27:57,1,428.384000,12.615368,415.768632,416.225712,-0.457080,315.879677,-76.130294,0.008176,-3.265495,97.497833,24.633034,0.047007,16.895935,13.128348,1.434441,-1.856635,-4.505602,-5.830086,-7.154569,-8.479053,-9.803536,-10.730675,-11.128020,-12.452503,-13.776987,-15.101470,-1.623661,-4.249331,-5.562166,-6.875001,-8.187835,-9.500670,-10.419655,-10.813505,-12.126340,-13.439175,-14.752009,27.565294,INTERPOLATED,1.000000,0.000000,MATCHED,TILT_GT_20
CG6-0640|2026-01-20|L1|S270,CG6-0640,2026-01-20,1,270,1-270,results.zip/day5.xlsx,6.787999,24.740903,34.739176,675883.648601,2737376.245782,2026-01-20 09:34:22,1,433.280000,12.618933,420.661067,420.409592,0.251474,320.772112,-77.392000,0.008659,-3.147607,99.007790,24.763397,0.047093,17.087531,13.319944,1.470603,-2.136553,-4.826548,-6.171545,-7.516543,-8.861540,-10.206538,-11.148036,-11.551535,-12.896532,-14.241530,-15.586527,-1.876491,-4.540480,-5.872474,-7.204469,-8.536463,-9.868457,-10.800853,-11.200452,-12.532446,-13.864441,-15.196435,27.560505,INTERPOLATED,1.000000,0.000000,MATCHED,
CG6-0640|2026-01-20|L1|S271,CG6-0640,2026-01-20,1,271,1-271,results.zip/day5.xlsx,7.315735,24.741664,34.737977,675761.287675,2737458.979264,2026-01-20 09:40:01,1,437.818000,12.622562,425.195438,425.268381,-0.072943,325.306484,-78.243200,0.007999,-3.095402,100.407236,25.259438,0.046976,17.231593,13.464006,1.593593,-2.020764,-4.748784,-6.112794,-7.476804,-8.840814,-10.204824,-11.159631,-11.568834,-12.932845,-14.296855,-15.660865,-1.668575,-4.361376,-5.707777,-7.054178,-8.400578,-9.746979,-10.689459,-11.093379,-12.439780,-13.786181,-15.132581,27.643853,INTERPOLATED,1.000000,0.000000,MATCHED,
CG6-0640|2026-01-20|L1|S272,CG6-0640,2026-01-20,1,272,1-272,results.zip/day5.xlsx,5.303206,24.741488,34.736937,675656.359411,2737438.134281,2026-01-20 09:43:47,1,441.393000,12.624701,428.768299,428.803898,-0.035600,328.879344,-79.140352,0.008017,-3.107488,101.509930,25.477066,0.046979,17.337767,13.570180,1.710103,-2.102756,-4.860738,-6.239729,-7.618720,-8.997711,-10.376702,-11.341996,-11.755693,-13.134684,-14.513676,-15.892667,-1.663294,-4.377329,-5.734347,-7.091365,-8.448383,-9.805401,-10.755314,-11.162419,-12.519437,-13.876455,-15.233473,27.749031,INTERPOLATED,1.000000,0.000000,MATCHED,
CG6-0640|2026-01-20|L1|S273,CG6-0640,2026-01-20,1,273,1-273,results.zip/day5.xlsx,6.315060,24.740167,34.736718,675636.055810,2737291.513398,2026-01-20 09:48:09,1,439.947000,12.623566,427.323434,427.253935,0.069499,327.434479,-78.948656,0.009021,-3.198138,101.064004,25.313486,0.047161,17.263430,13.495843,1.746826,-2.145169,-4.891035,-6.263968,-7.636900,-9.009833,-10.382766,-11.343819,-11.755699,-13.128632,-14.501564,-15.874497,-1.678200,-4.377368,-5.726952,-7.076537,-8.426121,-9.775705,-10.720414,-11.125289,-12.474874,-13.824458,-15.174042,27.821586,INTERPOLATED,1.000000,0.000000,MATCHED,
CG6-0640|2026-01-20|L1|S274,CG6-0640,2026-01-20,1,274,1-274,results.zip/day5.xlsx,6.403712,24.739269,34.736342,675599.258438,2737191.604600,2026-01-20 09:51:56,1,436.814000,12.623296,424.190704,424.631145,-0.440442,324.301749,-78.527256,0.008619,-3.259726,100.097149,24.829620,0.047085,17.082603,13.315016,1.878915,-2.366325,-5.085919,-6.445717,-7.805514,-9.165311,-10.525108,-11.476966,-11.884905,-13.244703,-14.604500,-15.964297,-1.800412,-4.463415,-5.794916,-7.126418,-8.457920,-9.789421,-10.721472,-11.120923,-12.452424,-13.783926,-15.115427,27.892664,INTERPOLATED,1.000000,0.000000,MATCHED,
CG6-0640|2026-01-20|L1|S275,CG6-0640,2026-01-20,1,275,1-275,results.zip/day5.xlsx,5.524411,24.738016,34.735368,675502.510501,2737051.625725,2026-01-20 09:56:26,1,438.610000,12.623895,425.986105,426.043575,-0.057470,326.097150,-79.519108,0.008178,-3.345657,100.651269,24.477818,0.047007,17.153440,13.385853,1.890781,-2.868689,-5.603340,-6.970665,-8.337991,-9.705316,-11.072641,-12.029769,-12.439967,-13.807292,-15.174617,-16.541943,-2.293888,-4.971058,-6.309644,-7.648229,-8.986814,-10.325400,-11.262409,-11.663985,-13.002570,-14.341155,-15.679741,28.034477,INTERPOLATED,1.000000,0.000000,MATCHED,
CG6-0640|2026-01-20|L1|S276,CG6-0640,2026-01-20,1,276,1-276,results.zip/day5.xlsx,3.498599,24.737185,34.735121,675478.670922,2736959.194413,2026-01-20 09:59:51,1,440.131000,12.623394,427.507606,427.217675,0.289931,327.618651,-80.160582,0.008359,-3.402712,101.120852,24.362982,0.047039,17.243615,13.476028,1.820350,-3.111118,-5.858528,-7.232233,-8.605938,-9.979643,-11.353348,-12.314941,-12.727053,-14.100758,-15.474463,-16.848168,-2.589073,-5.284279,-6.631882,-7.979484,-9.327087,-10.674690,-11.618012,-12.022293,-13.369895,-14.717498,-16.065101,28.091245,INTERPOLATED,1.000000,0.000000,MATCHED,
CG6-0640|2026-01-20|L1|S277,CG6-0640,2026-01-20,1,277,1-277,results.zip/day5.xlsx,3.876481,24.735638,34.734805,675448.920182,2736787.503040,2026-01-20 10:04:17,1,440.020000,12.622133,427.397867,427.330690,0.067177,327.508912,-80.729945,0.008018,-3.508802,101.086987,23.865845,0.046979,17.250567,13.482981,1.789501,-3.599052,-6.345542,-7.718787,-9.092032,-10.465277,-11.838521,-12.799793,-13.211766,-14.585011,-15.958256,-17.331501,-3.100116,-5.796712,-7.145010,-8.493308,-9.841606,-11.189904,-12.133713,-12.538202,-13.886500,-15.234798,-16.583096,28.183836,INTERPOLATED,1.000000,0.000000,MATCHED,
CG6-0640|2026-01-20|L1|S278,CG6-0640,2026-01-20,1,278,1-278,results.zip/day5.xlsx,3.934817,24.734367,34.734776,675447.738516,2736646.635283,2026-01-20 10:08:17,1,443.572000,12.620589,430.951411,430.488256,0.463155,331.062456,-81.808523,0.008080,-3.596025,102.183722,23.971223,0.046990,17.427028,13.659441,1.716182,-3.791675,-6.567964,-7.956109,-9.344254,-10.732399,-12.120544,-13.092245,-13.508689,-14.896834,-16.284978,-17.673123,-3.347659,-6.079547,-7.445491,-8.811436,-10.177380,-11.543324,-12.499485,-12.909268,-14.275212,-15.641156,-17.007100,28.238983,INTERPOLATED,1.000000,0.000000,MATCHED,
CG6-0640|2026-01-20|L1|S279,CG6-0640,2026-01-20,1,279,1-279,results.zip/day5.xlsx,5.983298,24.733614,34.734810,675452.317486,2736563.266329,2026-01-20 10:11:47,1,443.674000,12.619562,431.054438,431.081839,-0.027402,331.165483,-82.095107,0.008103,-3.647685,102.215521,23.768099,0.046994,17.436006,13.668419,1.703744,-4.003438,-6.780592,-8.169169,-9.557746,-10.946322,-12.334899,-13.306903,-13.723476,-15.112053,-16.500630,-17.889207,-3.568739,-6.302423,-7.669265,-9.036107,-10.402949,-11.769791,-12.726580,-13.136633,-14.503475,-15.870317,-17.237159,28.267046,INTERPOLATED,1.000000,0.000000,MATCHED,
CG6-0640|2026-01-20|L1|S280,CG6-0640,2026-01-20,1,280,1-280,results.zip/day5.xlsx,5.266419,24.732455,34.735871,675561.236644,2736436.319534,2026-01-20 10:15:53,1,445.290000,12.615844,432.674156,432.966682,-0.292526,332.785201,-82.047537,0.010538,-3.727147,102.715417,24.395026,0.047474,17.528752,13.761165,1.637445,-3.512341,-6.303077,-7.698446,-9.093814,-10.489182,-11.884551,-12.861309,-13.279919,-14.675288,-16.070656,-17.466024,-3.127304,-5.879537,-7.255653,-8.631770,-10.007886,-11.384003,-12.347284,-12.760119,-14.136236,-15.512352,-16.888469,28.216584,INTERPOLATED,1.000000,0.000000,MATCHED,STDDEV_GT_0.050
CG6-0640|2026-01-20|L1|S281,CG6-0640,2026-01-20,1,281,1-281,results.zip/day5.xlsx,5.148494,24.731174,34.736539,675630.611196,2736295.294427,2026-01-20 10:20:39,1,442.655000,12.612840,430.042160,430.225501,-0.183341,330.153206,-81.785152,0.008328,-3.815012,101.903108,23.932968,0.047033,17.401096,13.633509,1.683627,-3.753679,-6.522344,-7.906677,-9.291009,-10.675341,-12.059674,-13.028706,-13.444006,-14.828339,-16.212671,-17.597003,-3.334049,-6.060751,-7.424102,-8.787453,-10.150804,-11.514154,-12.468500,-12.877505,-14.240856,-15.604207,-16.967558,28.208860,INTERPOLATED,1.000000,0.000000,MATCHED,
CG6-0640|2026-01-20|L1|S282,CG6-0640,2026-01-20,1,282,1-282,results.zip/day5.xlsx,4.930849,24.731405,34.738162,675794.421388,2736322.907563,2026-01-20 10:24:43,1,438.734000,12.609703,426.124297,426.359706,-0.235409,326.235342,-79.635708,0.008104,-3.799202,100.693935,24.857429,0.046994,17.277660,13.510073,1.574583,-2.500666,-5.236476,-6.604381,-7.972286,-9.340190,-10.708095,-11.665628,-12.076000,-13.443905,-14.811810,-16.179714,-2.162717,-4.864732,-6.215739,-7.566746,-8.917754,-10.268761,-11.214466,-11.619768,-12.970776,-14.321783,-15.672790,28.047856,INTERPOLATED,1.000000,0.000000,MATCHED,
CG6-0640|2026-01-20|L1|S283,CG6-0640,2026-01-20,1,283,1-283,results.zip/day5.xlsx,5.513098,24.732452,34.739741,675952.756159,2736440.884704,2026-01-20 10:28:53,1,434.814000,12.607615,422.206385,422.472150,-0.265765,322.317430,-78.043855,0.010741,-3.727397,99.484744,25.168286,0.047520,17.169066,13.401479,1.425907,-1.861254,-4.564208,-5.915685,-7.267162,-8.618639,-9.970116,-10.916150,-11.321593,-12.673070,-14.024547,-15.376024,-1.634672,-4.314968,-5.655116,-6.995264,-8.335412,-9.675560,-10.613663,-11.015708,-12.355855,-13.696003,-15.036151,27.855766,INTERPOLATED,1.000000,0.000000,MATCHED,STDDEV_GT_0.050
CG6-0640|2026-01-20|L1|S284,CG6-0640,2026-01-20,1,284,1-284,results.zip/day5.xlsx,5.342598,24.732281,34.740849,676065.057288,2736423.451419,2026-01-20 10:33:38,1,435.428000,12.605062,422.822938,423.084129,-0.261190,322.933983,-77.810947,0.008329,-3.739076,99.675032,25.603161,0.047033,17.218691,13.451104,1.362434,-1.478083,-4.186207,-5.540270,-6.894332,-8.248394,-9.602456,-10.550300,-10.956518,-12.310580,-13.664643,-15.018705,-1.299047,-3.989268,-5.334378,-6.679489,-8.024599,-9.369709,-10.311287,-10.714820,-12.059930,-13.405041,-14.750151,27.759927,INTERPOLATED,1.000000,0.000000,MATCHED,
CG6-0640|2026-01-20|L1|S286,CG6-0640,2026-01-20,1,286,1-286,results.zip/day5.xlsx,5.851830,24.729816,34.741237,676107.704964,2736150.924848,2026-01-20 10:40:38,1,440.545000,12.601367,427.943633,427.810624,0.133009,328.054678,-78.813937,0.008155,-3.908152,101.255442,26.349658,0.047003,17.399849,13.632262,1.452020,-1.161008,-3.912074,-5.287607,-6.663141,-8.038674,-9.414207,-10.377081,-10.789741,-12.165274,-13.540807,-14.916340,-0.914866,-3.641319,-5.004545,-6.367771,-7.730997,-9.094223,-10.048482,-10.457450,-11.820676,-13.183902,-14.547128,27.831391,INTERPOLATED,1.000000,0.000000,MATCHED,
CG6-0640|2026-01-20|L1|S287,CG6-0640,2026-01-20,1,287,1-287,results.zip/day5.xlsx,6.320040,24.729072,34.742199,676206.150621,2736069.770902,2026-01-20 10:44:02,1,441.003000,12.598504,428.404496,428.608156,-0.203661,328.515541,-78.989699,0.008106,-3.959173,101.397680,26.367155,0.046994,17.437424,13.669837,1.403290,-1.182158,-3.937090,-5.314555,-6.692021,-8.069487,-9.446952,-10.411178,-10.824418,-12.201884,-13.579349,-14.956815,-0.972519,-3.706486,-5.073470,-6.440454,-7.807437,-9.174421,-10.131310,-10.541405,-11.908388,-13.275372,-14.642356,27.775167,INTERPOLATED,1.000000,0.000000,MATCHED,
CG6-0640|2026-01-20|L1|S288,CG6-0640,2026-01-20,1,288,1-288,results.zip/day5.xlsx,4.602003,24.729671,34.743128,676299.251165,2736137.225463,2026-01-20 10:47:10,1,439.627000,12.597259,427.029741,426.991901,0.037840,327.140786,-78.669440,0.008062,-3.918143,100.973388,26.222091,0.046987,17.364752,13.597165,1.443417,-1.211936,-3.955338,-5.327040,-6.698741,-8.070442,-9.442144,-10.402334,-10.813845,-12.185546,-13.557247,-14.928949,-0.972238,-3.691671,-5.051388,-6.411104,-7.770821,-9.130537,-10.082339,-10.490254,-11.849970,-13.209687,-14.569403,27.662628,INTERPOLATED,1.000000,0.000000,MATCHED,
CG6-0640|2026-01-20|L1|S289,CG6-0640,2026-01-20,1,289,1-289,results.zip/day5.xlsx,2.818724,24.731121,34.743438,676328.546962,2736298.219187,2026-01-20 10:50:55,1,436.991000,12.598254,424.392746,424.436532,-0.043786,324.503791,-78.084452,0.008023,-3.818694,100.159526,25.893767,0.046980,17.260196,13.492609,1.427361,-1.319121,-4.040409,-5.401054,-6.761698,-8.122343,-9.482987,-10.435438,-10.843631,-12.204276,-13.564920,-14.925565,-1.091450,-3.789972,-5.139233,-6.488493,-7.837754,-9.187015,-10.131498,-10.536276,-11.885537,-13.234798,-14.584059,27.569890,INTERPOLATED,1.000000,0.000000,MATCHED,
CG6-0640|2026-01-20|L1|S290,CG6-0640,2026-01-20,1,290,1-290,results.zip/day5.xlsx,7.400642,24.732745,34.744042,676387.405001,2736478.912989,2026-01-20 10:54:58,1,433.723000,12.598805,421.124195,420.797876,0.326319,321.235240,-76.575862,0.008156,-3.707275,99.150746,26.282158,0.047003,17.131030,13.363443,1.406310,-0.656629,-3.350508,-4.697447,-6.044387,-7.391326,-8.738265,-9.681123,-10.085205,-11.432144,-12.779084,-14.126023,-0.444727,-3.117416,-4.453760,-5.790105,-7.126449,-8.462793,-9.398234,-9.799137,-11.135482,-12.471826,-13.808170,27.442858,INTERPOLATED,1.000000,0.000000,MATCHED,
CG6-0640|2026-01-20|L1|S291,CG6-0640,2026-01-20,1,291,1-291,results.zip/day5.kml,2.449386,24.734460,34.744600,676441.445460,2736669.582764,2026-01-20 10:59:12,1,430.705142,12.599527,418.105615,417.999029,0.106586,318.216660,-74.989084,0.008132,-3.589635,98.219112,26.819663,0.046999,17.044041,13.276454,1.300631,0.134014,-2.534551,-3.868833,-5.203116,-6.537398,-7.871681,-8.805679,-9.205963,-10.540246,-11.874528,-13.208811,0.266756,-2.388535,-3.716180,-5.043826,-6.371471,-7.699117,-8.628468,-9.026762,-10.354407,-11.682053,-13.009698,27.317003,INTERPOLATED,1.000000,0.000000,MATCHED,
CG6-0640|2026-01-20|L1|S292,CG6-0640,2026-01-20,1,292,1-292,results.zip/day5.xlsx,4.710281,24.732667,34.744508,676434.642471,2736470.915227,2026-01-20 11:12:55,1,433.285000,12.597726,420.687274,422.010878,-1.323605,320.798319,-76.179110,0.008087,-3.712599,99.015898,26.549387,0.046991,17.063867,13.296280,1.536721,-0.352760,-3.042975,-4.388082,-5.733189,-7.078297,-8.423404,-9.364979,-9.768511,-11.113619,-12.458726,-13.803833,-0.043172,-2.702428,-4.032056,-5.361684,-6.691312,-8.020940,-8.951680,-9.350568,-10.680196,-12.009824,-13.339452,27.402926,INTERPOLATED,1.000000,0.000000,MATCHED,
CG6-0640|2026-01-20|L1|S293,CG6-0640,2026-01-20,1,293,1-293,results.zip/day5.xlsx,5.359893,24.726827,34.742688,676258.779008,2735821.709417,2026-01-20 11:20:42,1,446.006000,12.594924,433.411076,433.187315,0.223761,333.522121,-80.329593,0.008401,-4.113166,102.942867,26.726440,0.047046,17.643466,13.875879,1.413661,-1.242725,-4.039642,-5.438100,-6.836558,-8.235017,-9.633475,-10.612396,-11.031933,-12.430391,-13.828850,-15.227308,-1.025317,-3.800493,-5.188081,-6.575669,-7.963257,-9.350845,-10.322156,-10.738432,-12.126020,-13.513608,-14.901196,27.830942,INTERPOLATED,1.000000,0.000000,MATCHED,
CG6-0640|2026-01-20|L1|S294,CG6-0640,2026-01-20,1,294,1-294,results.zip/day5.xlsx,2.151878,24.724163,34.741614,676153.870105,2735525.223634,2026-01-20 11:25:55,1,450.490000,12.594024,437.895976,437.752298,0.143678,338.007021,-81.571156,0.008160,-4.295885,104.327045,27.051774,0.047004,17.837156,14.069569,1.398606,-1.293495,-4.128022,-5.545286,-6.962549,-8.379812,-9.797076,-10.789160,-11.214339,-12.631603,-14.048866,-15.466130,-1.087364,-3.901278,-5.308235,-6.715192,-8.122149,-9.529106,-10.513976,-10.936063,-12.343020,-13.749977,-15.156933,28.051828,INTERPOLATED,1.000000,0.000000,MATCHED,
CG6-0640|2026-01-20|L1|S295,CG6-0640,2026-01-20,1,295,1-295,results.zip/day5.xlsx,0.991292,24.722604,34.739957,675988.444220,2735350.474296,2026-01-20 11:30:14,1,454.415000,12.595488,441.819512,441.280782,0.538731,341.930557,-84.554556,0.008843,-4.402759,105.537965,25.386168,0.047127,18.022530,14.254943,1.342908,-3.288129,-6.155558,-7.589273,-9.022988,-10.456703,-11.890418,-12.894018,-13.324133,-14.757847,-16.191562,-17.625277,-3.123719,-5.974708,-7.400202,-8.825696,-10.251191,-11.676685,-12.674531,-13.102179,-14.527674,-15.953168,-17.378662,28.276156,INTERPOLATED,1.000000,0.000000,MATCHED,
CG6-0640|2026-01-20|L1|S296,CG6-0640,2026-01-20,1,296,1-296,results.zip/day5.xlsx,2.643361,24.721368,34.737420,675733.496925,2735210.264814,2026-01-20 11:33:47,1,458.894000,12.598983,446.295017,446.337656,-0.042639,346.406062,-86.746655,0.008755,-4.487545,106.919235,24.660125,0.047111,18.192693,14.425106,1.389620,-4.389487,-7.294448,-8.746929,-10.199410,-11.651890,-13.104371,-14.121107,-14.556851,-16.009332,-17.461813,-18.914293,-4.190087,-7.075108,-8.517619,-9.960129,-11.402640,-12.845150,-13.854908,-14.287661,-15.730172,-17.172682,-18.615193,28.566370,INTERPOLATED,1.000000,0.000000,MATCHED,
CG6-0640|2026-01-20|L1|S297,CG6-0640,2026-01-20,1,297,1-297,results.zip/day5.xlsx,5.506570,24.719137,34.736507,675644.313914,2734962.079397,2026-01-20 11:37:26,1,463.129000,12.598006,450.530994,451.150285,-0.619291,350.642039,-87.939949,0.008113,-4.640465,108.226580,24.927096,0.046996,18.329397,14.561810,1.498852,-4.477746,-7.418230,-8.888472,-10.358714,-11.828956,-13.299198,-14.328367,-14.769440,-16.239682,-17.709924,-19.180166,-4.196524,-7.108886,-8.565067,-10.021248,-11.477429,-12.933610,-13.952936,-14.389791,-15.845972,-17.302153,-18.758334,28.754552,INTERPOLATED,1.000000,0.000000,MATCHED,TILT_GT_20
CG6-0640|2026-01-20|L1|S298,CG6-0640,2026-01-20,1,298,1-298,results.zip/day5.xlsx,5.322453,24.716959,34.735749,675570.641323,2734719.785862,2026-01-20 11:40:36,1,467.048000,12.596740,454.451260,455.456708,-1.005449,354.562305,-88.997470,0.008275,-4.789851,109.436485,25.228866,0.047024,18.410306,14.642719,1.721711,-4.504729,-7.478088,-8.964768,-10.451448,-11.938128,-13.424807,-14.465483,-14.911487,-16.398167,-17.884847,-19.371526,-4.056572,-6.985115,-8.449387,-9.913659,-11.377931,-12.842203,-13.867193,-14.306475,-15.770747,-17.235018,-18.699290,28.927429,INTERPOLATED,1.000000,0.000000,MATCHED,
CG6-0640|2026-01-20|L1|S299,CG6-0640,2026-01-20,1,299,1-299,results.zip/day5.xlsx,4.240653,24.713832,34.736109,675611.472837,2734373.993729,2026-01-20 11:44:51,1,472.284000,12.592171,459.691829,460.016314,-0.324485,359.802874,-89.747191,0.008590,-5.004176,111.053870,26.310856,0.047080,18.478988,14.711401,2.125027,-3.862213,-6.879520,-8.388174,-9.896827,-11.405481,-12.914134,-13.970191,-14.422788,-15.931441,-17.440094,-18.948748,-3.111947,-6.054227,-7.525367,-8.996507,-10.467647,-11.938787,-12.968585,-13.409928,-14.881068,-16.352208,-17.823348,29.046225,INTERPOLATED,1.000000,0.000000,MATCHED,
CG6-0640|2026-01-20|L1|S300,CG6-0640,2026-01-20,1,300,1-300,results.zip/day5.xlsx,1.273522,24.713030,34.735768,675578.109146,2734284.745726,2026-01-20 11:47:54,1,473.147000,12.591797,460.555203,466.780275,-6.225071,360.666248,-90.573704,0.008115,-5.059146,111.320332,25.805774,0.046996,18.338104,14.570517,2.597844,-4.439697,-7.464244,-8.976518,-10.488792,-12.001065,-13.513339,-14.571930,-15.025612,-16.537886,-18.050159,-19.562433,-3.335261,-6.249364,-7.706416,-9.163468,-10.620519,-12.077571,-13.097507,-13.534623,-14.991675,-16.448726,-17.905778,29.116508,INTERPOLATED,1.000000,0.000000,MATCHED,
CG6-0640|2026-01-20|L1|S301,CG6-0640,2026-01-20,1,301,1-301,results.zip/day5.xlsx,2.430065,24.743820,34.758519,677836.034638,2737724.315841,2026-01-20 12:04:25,1,396.852000,12.573741,384.278259,384.016735,0.261524,284.389304,-64.482992,0.008193,-2.947473,87.778811,26.243292,0.047009,15.748510,11.980923,0.972621,2.394405,0.009517,-1.182928,-2.375372,-3.567817,-4.760261,-5.594972,-5.952705,-7.145150,-8.337594,-9.530038,2.281446,-0.114738,-1.312831,-2.510923,-3.709015,-4.907108,-5.745772,-6.105200,-7.303292,-8.501385,-9.699477,25.622808,INTERPOLATED,1.000000,0.000000,MATCHED,
CG6-0640|2026-01-20|L1|S302,CG6-0640,2026-01-20,1,302,1-302,results.zip/day5.xlsx,7.007780,24.741220,34.759293,677918.063856,2737437.320515,2026-01-20 12:08:50,1,399.289000,12.569170,386.719830,386.741587,-0.021756,286.830875,-64.654391,0.010683,-3.125885,88.532375,27.003868,0.047507,15.822426,12.054839,1.048607,2.950231,0.544867,-0.657814,-1.860496,-3.063178,-4.265860,-5.107737,-5.468542,-6.671224,-7.873906,-9.076587,2.894191,0.483223,-0.722261,-1.927745,-3.133229,-4.338713,-5.182551,-5.544197,-6.749680,-7.955164,-9.160648,25.658805,INTERPOLATED,1.000000,0.000000,MATCHED,STDDEV_GT_0.050
CG6-0640|2026-01-20|L1|S303,CG6-0640,2026-01-20,1,303,1-303,results.zip/day5.xlsx,3.039371,24.738949,34.759547,677947.017483,2737186.191274,2026-01-20 12:12:32,1,403.983000,12.566371,391.416629,392.490770,-1.074141,291.527674,-64.725147,0.012122,-3.281648,89.981981,28.538481,0.047851,15.927315,12.159728,1.294374,4.090971,1.646219,0.423844,-0.798532,-2.020907,-3.243283,-4.098946,-4.465658,-5.688034,-6.910409,-8.132785,4.219025,1.787080,0.571107,-0.644866,-1.860839,-3.076812,-3.927993,-4.292784,-5.508757,-6.724730,-7.940703,25.732276,INTERPOLATED,1.000000,0.000000,MATCHED,STDDEV_GT_0.050
CG6-0640|2026-01-20|L1|S304,CG6-0640,2026-01-20,1,304,1-304,results.zip/day5.xlsx,3.976518,24.736569,34.759403,677935.860623,2736922.378221,2026-01-20 12:16:29,1,407.994000,12.564564,395.429436,395.573045,-0.143609,295.540481,-65.570980,0.008097,-3.444936,91.220480,29.094436,0.046993,16.023992,12.256405,1.485493,4.310411,1.832009,0.592808,-0.646394,-1.885595,-3.124796,-3.992237,-4.363997,-5.603199,-6.842400,-8.081601,4.581626,2.130345,0.904705,-0.320936,-1.546576,-2.772216,-3.630165,-3.997857,-5.223497,-6.449138,-7.674778,25.849767,INTERPOLATED,1.000000,0.000000,MATCHED,
CG6-0640|2026-01-20|L1|S305,CG6-0640,2026-01-20,1,305,1-305,results.zip/day5.xlsx,4.378010,24.734555,34.761224,678122.898366,2736701.697006,2026-01-20 12:20:03,1,412.808000,12.557807,400.250193,400.009588,0.240605,300.361238,-66.136495,0.008377,-3.583081,92.708338,30.154925,0.047042,16.249095,12.481509,1.424165,4.966632,2.447802,1.188388,-0.071027,-1.330442,-2.589856,-3.471447,-3.849271,-5.108686,-6.368100,-7.627515,5.191908,2.695606,1.447455,0.199305,-1.048846,-2.296997,-3.170703,-3.545148,-4.793299,-6.041450,-7.289600,25.771671,INTERPOLATED,1.000000,0.000000,MATCHED,
CG6-0640|2026-01-20|L1|S306,CG6-0640,2026-01-20,1,306,1-306,results.zip/day5.xlsx,4.573942,24.732234,34.761943,678198.965554,2736445.482824,2026-01-20 12:23:10,1,416.600000,12.553793,404.046207,404.014409,0.031798,304.157252,-66.831030,0.008121,-3.742337,93.879923,30.791230,0.046997,16.489904,12.722317,1.206182,5.284603,2.733940,1.458609,0.183277,-1.092054,-2.367385,-3.260117,-3.642717,-4.918048,-6.193379,-7.468711,5.346596,2.802133,1.529901,0.257670,-1.014562,-2.286794,-3.177356,-3.559025,-4.831257,-6.103489,-7.375720,25.811951,INTERPOLATED,1.000000,0.000000,MATCHED,
CG6-0640|2026-01-20|L1|S307,CG6-0640,2026-01-20,1,307,1-307,results.zip/day5.xlsx,4.865792,24.730039,34.762474,678255.792034,2736203.072410,2026-01-20 12:27:01,1,421.365000,12.550426,408.814574,408.756169,0.058405,308.925619,-67.904581,0.008146,-3.892883,95.351606,31.339907,0.047001,16.732272,12.964685,1.092894,5.433405,2.842755,1.547430,0.252105,-1.043221,-2.338546,-3.245273,-3.633871,-4.929196,-6.224521,-7.519846,5.410538,2.817601,1.521133,0.224665,-1.071804,-2.368272,-3.275800,-3.664741,-4.961209,-6.257678,-7.554146,25.866158,INTERPOLATED,1.000000,0.000000,MATCHED,
CG6-0640|2026-01-20|L1|S308,CG6-0640,2026-01-20,1,308,1-308,results.zip/day5.xlsx,7.434194,24.727840,34.763140,678326.234189,2735960.390364,2026-01-20 12:30:45,1,425.767000,12.546731,413.220269,413.241650,-0.021381,313.331315,-69.072725,0.008346,-4.043695,96.711354,31.682323,0.047036,16.927474,13.159887,1.064934,5.406359,2.778763,1.464965,0.151167,-1.162632,-2.476430,-3.396089,-3.790228,-5.104026,-6.417824,-7.731623,5.362549,2.730571,1.414583,0.098594,-1.217395,-2.533384,-3.454576,-3.849372,-5.165361,-6.481350,-7.797339,25.910619,INTERPOLATED,1.000000,0.000000,MATCHED,
CG6-0640|2026-01-20|L1|S309,CG6-0640,2026-01-20,1,309,1-309,results.zip/day5.xlsx,3.626481,24.725780,34.764525,678469.360170,2735734.055918,2026-01-20 12:33:55,1,430.271000,12.541324,417.729676,418.921485,-1.191809,317.840721,-70.208613,0.008172,-4.184956,98.103107,32.079450,0.047006,17.110828,13.343241,1.080221,5.425327,2.759915,1.427209,0.094503,-1.238203,-2.570909,-3.503804,-3.903616,-5.236322,-6.569028,-7.901734,5.392968,2.724320,1.389996,0.055672,-1.278652,-2.612977,-3.547003,-3.947301,-5.281625,-6.615949,-7.950273,25.885421,INTERPOLATED,1.000000,0.000000,MATCHED,
CG6-0640|2026-01-20|L1|S310,CG6-0640,2026-01-20,1,310,1-310,results.zip/day5.xlsx,6.055409,24.724005,34.765754,678596.237728,2735538.994845,2026-01-20 12:37:32,1,434.273000,12.536627,421.736373,421.650600,0.085773,321.847418,-71.446183,0.008449,-4.306721,99.339704,32.200242,0.047055,17.254429,13.486842,1.145368,5.210118,2.511106,1.161599,-0.187907,-1.537413,-2.886919,-3.831574,-4.236426,-5.585932,-6.935438,-8.284944,5.226558,2.529190,1.180505,-0.168179,-1.516863,-2.865547,-3.809626,-4.214232,-5.562916,-6.911600,-8.260284,25.862802,INTERPOLATED,1.000000,0.000000,MATCHED,
CG6-0640|2026-01-20|L1|S311,CG6-0640,2026-01-20,1,311,1-311,results.zip/day5.xlsx,6.824423,24.721291,34.765679,678592.525225,2735238.322294,2026-01-20 12:41:01,1,440.031000,12.534503,427.496497,427.614877,-0.118379,327.607543,-73.114414,0.008415,-4.492810,101.117464,32.495860,0.047049,17.517166,13.749579,1.088724,5.022692,2.275375,0.901717,-0.471942,-1.845600,-3.219259,-4.180820,-4.592917,-5.966576,-7.340234,-8.713892,4.996702,2.246786,0.871828,-0.503130,-1.878088,-3.253046,-4.215516,-4.628004,-6.002962,-7.377919,-8.752877,26.007173,INTERPOLATED,1.000000,0.000000,MATCHED,
CG6-0640|2026-01-20|L1|S312,CG6-0640,2026-01-20,1,312,1-312,results.zip/day5.xlsx,8.311982,24.719019,34.766626,678691.491944,2734987.928128,2026-01-20 12:44:22,1,444.779000,12.530185,432.248815,432.706287,-0.457472,332.359860,-74.557108,0.008450,-4.648585,102.584178,32.675654,0.047055,17.685627,13.918040,1.170971,4.803956,2.016787,0.623202,-0.770383,-2.163968,-3.557553,-4.533062,-4.951138,-6.344723,-7.738308,-9.131893,4.839574,2.055966,0.664162,-0.727642,-2.119446,-3.511250,-4.485513,-4.903054,-6.294858,-7.686662,-9.078466,26.040128,INTERPOLATED,1.000000,0.000000,MATCHED,
CG6-0640|2026-01-20|L1|S313,CG6-0640,2026-01-20,1,313,1-313,results.zip/day5.xlsx,6.882742,24.717252,34.768286,678861.991917,2734794.446432,2026-01-20 12:47:28,1,450.147000,12.524556,437.622444,438.358257,-0.735813,337.733489,-75.747593,0.008601,-4.769697,104.242643,33.264746,0.047082,17.873486,14.105899,1.270982,4.942416,2.110183,0.694066,-0.722050,-2.138167,-3.554283,-4.545565,-4.970400,-6.386516,-7.802633,-9.218749,5.052949,2.231769,0.821179,-0.589411,-2.000001,-3.410591,-4.398004,-4.821181,-6.231771,-7.642360,-9.052950,25.985630,INTERPOLATED,1.000000,0.000000,MATCHED,
CG6-0640|2026-01-20|L1|S314,CG6-0640,2026-01-20,1,314,1-314,results.zip/day5.xlsx,6.001637,24.716328,34.770686,679106.143593,2734695.147130,2026-01-20 12:50:58,1,455.338000,12.517834,442.820166,442.865004,-0.044838,342.931211,-76.849144,0.009685,-4.833105,105.846811,33.830772,0.047292,18.077180,14.309593,1.309019,5.072560,2.196739,0.758828,-0.679082,-2.116993,-3.554903,-4.561441,-4.992814,-6.430724,-7.868635,-9.306545,5.211585,2.349666,0.918707,-0.512253,-1.943212,-3.374172,-4.375843,-4.805131,-6.236090,-7.667050,-9.098009,25.822820,INTERPOLATED,1.000000,0.000000,MATCHED,
CG6-0640|2026-01-20|L1|S315,CG6-0640,2026-01-20,1,315,1-315,results.zip/day5.xlsx,7.002509,24.714916,34.772566,679298.355589,2734541.284560,2026-01-20 12:54:31,1,461.311000,12.512072,448.798928,449.326196,-0.527267,348.909973,-78.139453,0.008564,-4.929865,107.692028,34.482440,0.047075,18.341737,14.574150,1.271992,5.222849,2.296890,0.833911,-0.629069,-2.092048,-3.555028,-4.579113,-5.018007,-6.480987,-7.943966,-9.406946,5.334139,2.419309,0.961894,-0.495521,-1.952936,-3.410352,-4.430542,-4.867767,-6.325182,-7.782597,-9.240012,25.734048,INTERPOLATED,1.000000,0.000000,MATCHED,
CG6-0640|2026-01-20|L1|S316,CG6-0640,2026-01-20,1,316,1-316,results.zip/day5.xlsx,2.788704,24.713534,34.774828,679529.193984,2734391.096342,2026-01-20 12:58:58,1,474.581000,12.505454,462.075546,464.413908,-2.338362,362.186591,-80.690638,0.008289,-5.024659,111.789548,36.123568,0.047026,18.931447,15.163860,1.183827,5.750601,2.713304,1.194655,-0.323993,-1.842641,-3.361290,-4.424344,-4.879938,-6.398586,-7.917235,-9.435883,5.795849,2.763077,1.246691,-0.269695,-1.786081,-3.302467,-4.363937,-4.818853,-6.335239,-7.851625,-9.368011,25.612349,INTERPOLATED,1.000000,0.000000,MATCHED,
CG6-0640|2026-01-20|L1|S317,CG6-0640,2026-01-20,1,317,1-317,results.zip/day5.xlsx,7.376355,24.713160,34.776670,679716.065210,2734352.172531,2026-01-20 13:09:32,1,465.555000,12.500667,453.054333,454.833581,-1.779248,353.165378,-78.844370,0.008108,-5.050245,109.005366,35.211241,0.046995,18.529818,14.762231,1.246222,5.594792,2.633147,1.152325,-0.328498,-1.809320,-3.290142,-4.326718,-4.770965,-6.251787,-7.732610,-9.213432,5.686778,2.734332,1.258109,-0.218114,-1.694338,-3.170561,-4.203917,-4.646784,-6.123007,-7.599230,-9.075453,25.472598,INTERPOLATED,1.000000,0.000000,MATCHED,
CG6-0640|2026-01-20|L1|S318,CG6-0640,2026-01-20,1,318,1-318,results.zip/day5.xlsx,5.356991,24.711313,34.778293,679882.974706,2734149.682944,2026-01-20 13:13:29,1,458.865000,12.495380,446.369620,452.709476,-6.339856,346.480665,-78.290954,0.008422,-5.176888,106.942285,33.828219,0.047050,18.131820,14.364233,1.560504,4.772351,1.866764,0.413970,-1.038823,-2.491617,-3.944410,-4.961365,-5.397203,-6.849997,-8.302790,-9.755584,5.099754,2.226907,0.790484,-0.645939,-2.082362,-3.518786,-4.524282,-4.955209,-6.391632,-7.828055,-9.264479,25.436428,INTERPOLATED,1.000000,0.000000,MATCHED,
CG6-0640|2026-01-20|L1|S319,CG6-0640,2026-01-20,1,319,1-319,results.zip/day5.xlsx,7.696004,24.710005,34.779836,680041.007602,2734006.844152,2026-01-20 13:17:32,1,452.371000,12.490728,439.880272,442.863504,-2.983232,339.991317,-77.140023,0.011981,-5.266544,104.939492,33.066013,0.047815,17.904497,14.136910,1.440954,4.554341,1.703174,0.277590,-1.147993,-2.573577,-3.999161,-4.997069,-5.424744,-6.850328,-8.275911,-9.701495,4.792194,1.964812,0.551121,-0.862570,-2.276261,-3.689952,-4.679536,-5.103643,-6.517334,-7.931025,-9.344716,25.378482,INTERPOLATED,1.000000,0.000000,MATCHED,STDDEV_GT_0.050
CG6-0640|2026-01-20|L1|S320,CG6-0640,2026-01-20,1,320,1-320,results.zip/day5.xlsx,3.226383,24.708691,34.781435,680204.684855,2733863.465506,2026-01-20 13:22:38,1,445.592000,12.485985,433.106015,433.681120,-0.575104,333.217060,-76.139881,0.008069,-5.356576,102.848762,32.065457,0.046988,17.631213,13.863626,1.412223,4.121874,1.327516,-0.069663,-1.466842,-2.864022,-4.261201,-5.239226,-5.658380,-7.055559,-8.452738,-9.849917,4.338205,1.565480,0.179118,-1.207245,-2.593607,-3.979970,-4.950424,-5.366333,-6.752695,-8.139058,-9.525420,25.317752,INTERPOLATED,1.000000,0.000000,MATCHED,
CG6-0640|2026-01-20|L1|S321,CG6-0640,2026-01-20,1,321,1-321,results.zip/day5.xlsx,6.073260,24.708293,34.783931,680457.744631,2733822.608691,2026-01-20 13:26:33,1,439.461000,12.479716,426.981284,427.181277,-0.199993,327.092329,-74.621602,0.008238,-5.383893,100.958485,31.720777,0.047017,17.449167,13.681580,1.212603,4.290814,1.547818,0.176320,-1.195179,-2.566677,-3.938175,-4.898224,-5.309673,-6.681171,-8.052669,-9.424167,4.357617,1.621301,0.253143,-1.115015,-2.483173,-3.851331,-4.809041,-5.219489,-6.587647,-7.955805,-9.323963,25.127861,INTERPOLATED,1.000000,0.000000,MATCHED,
CG6-0640|2026-01-21|L1|S335,CG6-0640,2026-01-21,1,335,1-335,results.zip/day6.xlsx,2.379499,24.707844,34.784192,680484.792768,2733773.223593,2026-01-21 11:34:26,1,439.600000,12.478467,427.121533,428.547701,-1.426168,327.232579,-74.841147,0.008500,-5.414667,101.001772,31.575292,0.047064,17.453546,13.685959,1.216613,4.133568,1.389395,0.017309,-1.354777,-2.726863,-4.098949,-5.059410,-5.471036,-6.843122,-8.215208,-9.587294,4.203374,1.466183,0.097587,-1.271009,-2.639605,-4.008201,-4.966218,-5.376797,-6.745393,-8.113988,-9.482584,25.132327,INTERPOLATED,1.000000,0.000000,MATCHED,
CG6-0640|2026-01-21|L1|S337,CG6-0640,2026-01-21,1,337,1-337,results.zip/day6.xlsx,3.440104,24.707066,34.771464,679198.102387,2733670.401112,2026-01-21 11:51:51,1,469.576000,12.507681,457.068319,457.651825,-0.583506,357.179364,-83.502860,0.008079,-5.467957,110.244205,32.209302,0.046990,18.549980,14.782393,1.641769,2.256240,-0.739066,-2.236719,-3.734372,-5.232025,-6.729678,-7.778035,-8.227331,-9.724984,-11.222638,-12.720291,2.644516,-0.311963,-1.790202,-3.268441,-4.746680,-6.224920,-7.259687,-7.703159,-9.181398,-10.659638,-12.137877,26.270680,INTERPOLATED,1.000000,0.000000,MATCHED,
CG6-0640|2026-01-21|L1|S338,CG6-0640,2026-01-21,1,338,1-338,results.zip/day6.xlsx,5.744113,24.708319,34.770803,679129.396860,2733808.250408,2026-01-21 11:55:30,1,475.738000,12.511160,463.226840,466.510567,-3.283727,363.337885,-84.670725,0.008264,-5.382116,112.144881,32.856272,0.047022,18.637064,14.869477,2.098720,2.386757,-0.660195,-2.183671,-3.707146,-5.230622,-6.754098,-7.820531,-8.277574,-9.801049,-11.324525,-12.848001,3.117317,0.143422,-1.343526,-2.830474,-4.317421,-5.804369,-6.845232,-7.291317,-8.778264,-10.265212,-11.752160,26.256428,INTERPOLATED,1.000000,0.000000,MATCHED,
CG6-0640|2026-01-21|L1|S339,CG6-0640,2026-01-21,1,339,1-339,results.zip/day6.xlsx,6.238578,24.709493,34.770656,679112.844448,2733938.135952,2026-01-21 11:59:00,1,481.651000,12.512459,469.138541,475.967415,-6.828874,369.249586,-85.274932,0.008127,-5.301617,113.969376,33.996061,0.046998,18.893289,15.125702,2.076432,3.030790,-0.065737,-1.614000,-3.162264,-4.710527,-6.258791,-7.342575,-7.807054,-9.355318,-10.903581,-12.451845,3.744657,0.719516,-0.793054,-2.305624,-3.818194,-5.330765,-6.389564,-6.843335,-8.355905,-9.868475,-11.381046,26.202700,INTERPOLATED,1.000000,0.000000,MATCHED,
CG6-0640|2026-01-21|L1|S340,CG6-0640,2026-01-21,1,340,1-340,results.zip/day6.xlsx,10.600536,24.710531,34.770409,679086.448320,2734052.755044,2026-01-21 12:03:13,1,490.258000,12.513882,477.744118,484.302292,-6.558173,377.855163,-86.502298,0.008019,-5.230483,116.625261,35.353445,0.046979,19.277633,15.510046,2.013655,3.666511,0.497818,-1.086529,-2.670875,-4.255222,-5.839569,-6.948612,-7.423916,-9.008262,-10.592609,-12.176956,4.333353,1.231344,-0.319661,-1.870665,-3.421670,-4.972674,-6.058378,-6.523679,-8.074684,-9.625688,-11.176693,26.165828,INTERPOLATED,1.000000,0.000000,MATCHED,
CG6-0640|2026-01-21|L1|S341,CG6-0640,2026-01-21,1,341,1-341,results.zip/day6.kml,8.693289,24.707361,34.766339,678679.173566,2733696.328828,2026-01-21 12:17:27,1,486.209679,12.520340,473.689339,474.885478,-1.196139,373.800384,-88.175706,0.008180,-5.447771,115.373869,32.645933,0.047007,19.241606,15.474019,1.655901,1.299033,-1.835657,-3.403002,-4.970347,-6.537692,-8.105037,-9.202178,-9.672382,-11.239727,-12.807072,-14.374417,1.697895,-1.396909,-2.944311,-4.491713,-6.039115,-7.586517,-8.669698,-9.133919,-10.681321,-12.228723,-13.776125,26.698553,INTERPOLATED,1.000000,0.000000,MATCHED,
CG6-0640|2026-01-21|L1|S342,CG6-0640,2026-01-21,1,342,1-342,results.zip/day6.xlsx,9.999422,24.709239,34.765456,678587.085165,2733903.246428,2026-01-21 12:23:46,1,496.066000,12.524751,483.541249,485.943969,-2.402719,383.652294,-89.380788,0.008040,-5.319007,118.414392,34.352611,0.046983,19.523911,15.756324,2.005099,2.179530,-1.037778,-2.646432,-4.255086,-5.863740,-7.472394,-8.598452,-9.081049,-10.689703,-12.298357,-13.907011,2.839963,-0.311302,-1.886935,-3.462567,-5.038199,-6.613832,-7.716775,-8.189464,-9.765097,-11.340729,-12.916362,26.670573,INTERPOLATED,1.000000,0.000000,MATCHED,
CG6-0640|2026-01-21|L1|S343,CG6-0640,2026-01-21,1,343,1-343,results.zip/day6.xlsx,9.548173,24.710187,34.764966,678536.183339,2734007.561496,2026-01-21 12:27:22,1,501.582000,12.526744,489.055256,496.187847,-7.132591,389.166301,-90.775681,0.008061,-5.254055,120.116133,34.594507,0.046987,19.499670,15.732083,2.687134,1.959021,-1.304528,-2.936302,-4.568076,-6.199851,-7.831625,-8.973867,-9.463399,-11.095174,-12.726948,-14.358722,3.130341,-0.016075,-1.589284,-3.162492,-4.735700,-6.308908,-7.410154,-7.882117,-9.455325,-11.028533,-12.601741,26.661042,INTERPOLATED,1.000000,0.000000,MATCHED,
CG6-0640|2026-01-21|L1|S344,CG6-0640,2026-01-21,1,344,1-344,results.zip/day6.xlsx,10.333638,24.706776,34.763546,678397.384985,2733627.919588,2026-01-21 12:41:10,1,488.792000,12.526067,476.265933,478.449794,-2.183862,376.376978,-89.671795,0.008132,-5.487851,116.169068,31.985125,0.046999,19.351490,15.583903,1.650970,0.422151,-2.734146,-4.312295,-5.890443,-7.468592,-9.046741,-10.151445,-10.624889,-12.203038,-13.781187,-15.359335,0.817319,-2.299461,-3.857852,-5.416242,-6.974632,-8.533022,-9.623896,-10.091413,-11.649803,-13.208193,-14.766584,26.974783,INTERPOLATED,1.000000,0.000000,MATCHED,
CG6-0640|2026-01-21|L1|S345,CG6-0640,2026-01-21,1,345,1-345,results.zip/day6.xlsx,11.928337,24.707434,34.763275,678369.044630,2733700.457811,2026-01-21 12:44:07,1,491.562000,12.527759,479.034241,482.317136,-3.282896,379.145286,-90.105082,0.008157,-5.442745,117.023431,32.361093,0.047003,19.408452,15.640865,1.808803,0.565969,-2.613543,-4.203299,-5.793055,-7.382811,-8.972568,-10.085397,-10.562324,-12.152080,-13.741836,-15.331592,1.079364,-2.048809,-3.612896,-5.176982,-6.741068,-8.305155,-9.400015,-9.869241,-11.433328,-12.997414,-14.561501,26.961634,INTERPOLATED,1.000000,0.000000,MATCHED,
CG6-0640|2026-01-21|L1|S346,CG6-0640,2026-01-21,1,346,1-346,results.zip/day6.xlsx,9.553131,24.708088,34.763395,678380.211704,2733773.032709,2026-01-21 12:47:16,1,495.500000,12.528515,482.971485,487.005170,-4.033685,383.082530,-90.679908,0.008184,-5.397929,118.238553,32.956574,0.047008,19.481136,15.713549,2.055521,0.831273,-2.381257,-3.987522,-5.593787,-7.200052,-8.806317,-9.930703,-10.412582,-12.018847,-13.625113,-15.231378,1.529475,-1.613235,-3.184589,-4.755944,-6.327299,-7.898654,-8.998603,-9.470009,-11.041364,-12.612719,-14.184074,26.914789,INTERPOLATED,1.000000,0.000000,MATCHED,
CG6-0640|2026-01-21|L1|S347,CG6-0640,2026-01-21,1,347,1-347,results.zip/day6.xlsx,7.577976,24.708063,34.782773,680340.893853,2733795.614185,2026-01-21 13:09:55,1,445.056000,12.482163,432.573837,433.340544,-0.766707,332.684882,-75.816607,0.009731,-5.399655,102.684517,32.267564,0.047302,17.712076,13.944489,1.136739,4.368610,1.578715,0.183767,-1.211181,-2.606128,-4.001076,-4.977540,-5.396024,-6.790972,-8.185919,-9.580867,4.378586,1.589689,0.195240,-1.199209,-2.593658,-3.988107,-4.964221,-5.382556,-6.777005,-8.171454,-9.565902,25.240403,INTERPOLATED,1.000000,0.000000,MATCHED,
CG6-0640|2026-01-21|L1|S348,CG6-0640,2026-01-21,1,348,1-348,results.zip/day6.xlsx,8.830750,24.713268,34.785132,680572.065267,2734375.205365,2026-01-21 13:15:39,1,426.559000,12.480028,414.078972,416.649213,-2.570242,314.190017,-70.414608,0.008113,-5.042877,96.976412,31.604681,0.046996,16.926041,13.158454,1.164896,5.256707,2.621909,1.304510,-0.012888,-1.330287,-2.647686,-3.569865,-3.965085,-5.282483,-6.599882,-7.917281,5.287774,2.656083,1.340238,0.024392,-1.291453,-2.607298,-3.528390,-3.923144,-5.238989,-6.554834,-7.870680,24.733102,INTERPOLATED,1.000000,0.000000,MATCHED,
CG6-0640|2026-01-21|L1|S349,CG6-0640,2026-01-21,1,349,1-349,results.zip/day6.kml,1.019123,24.712510,34.785255,680585.617231,2734291.406033,2026-01-21 13:18:46,1,429.003223,12.479247,416.523976,420.098076,-3.574100,316.635021,-71.447584,0.008189,-5.094843,97.731021,31.378280,0.047009,17.008310,13.240723,1.218962,4.825267,2.169966,0.842316,-0.485335,-1.812986,-3.140636,-4.069992,-4.468287,-5.795938,-7.123588,-8.451239,4.896834,2.248689,0.924617,-0.399455,-1.723528,-3.047600,-3.974451,-4.371672,-5.695745,-7.019817,-8.343889,24.766478,INTERPOLATED,1.000000,0.000000,MATCHED,
CG6-0640|2026-01-21|L1|S350,CG6-0640,2026-01-21,1,350,1-350,results.zip/day6.kml,0.880439,24.712211,34.784528,680512.545540,2734257.343306,2026-01-21 13:21:54,1,434.219776,12.480828,421.738948,423.636644,-1.897697,321.849993,-72.473300,0.008114,-5.115333,99.340528,31.982561,0.046996,17.189716,13.422129,1.318442,4.992221,2.293187,0.943670,-0.405847,-1.755364,-3.104881,-4.049543,-4.454398,-5.803916,-7.153433,-8.502950,5.138304,2.453878,1.111665,-0.230548,-1.572761,-2.914973,-3.854522,-4.257186,-5.599399,-6.941612,-8.283825,24.846381,INTERPOLATED,1.000000,0.000000,MATCHED,
CG6-0640|2026-01-21|L1|S353,CG6-0640,2026-01-21,1,353,1-353,results.zip/day6.xlsx,6.691883,24.716672,34.781545,680204.257705,2734747.548341,2026-01-21 13:37:38,1,421.000000,12.491107,408.508893,409.103964,-0.595071,308.619939,-68.803624,0.008073,-4.809486,95.257295,31.263157,0.046989,16.643090,12.875503,1.296786,5.382289,2.794202,1.500159,0.206115,-1.087928,-2.381971,-3.287802,-3.676015,-4.970058,-6.264102,-7.558145,5.512150,2.937050,1.649499,0.361949,-0.925601,-2.213152,-3.114437,-3.500702,-4.788252,-6.075803,-7.363353,24.850609,INTERPOLATED,1.000000,0.000000,MATCHED,
CG6-0640|2026-01-21|L1|S354,CG6-0640,2026-01-21,1,354,1-354,results.zip/day6.xlsx,6.418804,24.716850,34.780524,680100.732201,2734765.921132,2026-01-21 13:41:00,1,423.358000,12.493767,410.864233,413.824726,-2.960493,310.975278,-69.470135,0.008142,-4.797282,95.984230,31.311377,0.047001,16.694693,12.927106,1.422695,5.232990,2.625151,1.321232,0.017312,-1.286607,-2.590526,-3.503270,-3.894446,-5.198365,-6.502284,-7.806204,5.457165,2.871744,1.579034,0.286323,-1.006388,-2.299098,-3.203995,-3.591809,-4.884519,-6.177230,-7.469940,24.929842,INTERPOLATED,1.000000,0.000000,MATCHED,
CG6-0640|2026-01-21|L1|S355,CG6-0640,2026-01-21,1,355,1-355,results.zip/day6.xlsx,5.460764,24.717046,34.779416,679988.346910,2734786.171742,2026-01-21 13:43:57,1,426.048000,12.496661,413.551339,421.123598,-7.572259,313.662384,-70.366990,0.008054,-4.783845,96.813558,31.230414,0.046985,16.727170,12.959583,1.636812,4.926686,2.296313,0.981127,-0.334059,-1.649246,-2.964432,-3.885063,-4.279619,-5.594805,-6.909991,-8.225178,5.311248,2.719332,1.423374,0.127415,-1.168543,-2.464501,-3.371672,-3.760460,-5.056418,-6.352376,-7.648334,25.015916,INTERPOLATED,1.000000,0.000000,MATCHED,
CG6-0640|2026-01-21|L1|S356,CG6-0640,2026-01-21,1,356,1-356,results.zip/day6.xlsx,4.648849,24.717298,34.778172,679862.082247,2734812.406624,2026-01-21 13:47:12,1,429.684000,12.499941,417.184059,423.944266,-6.760207,317.295105,-71.275660,0.008075,-4.766594,97.934733,31.425667,0.046989,16.810365,13.042778,1.821373,4.817299,2.156462,0.826044,-0.504374,-1.834793,-3.165211,-4.096504,-4.495630,-5.826048,-7.156466,-8.486885,5.340110,2.731554,1.427276,0.122998,-1.181280,-2.485557,-3.398552,-3.789835,-5.094113,-6.398391,-7.702669,25.111116,INTERPOLATED,1.000000,0.000000,MATCHED,TILT_GT_20
CG6-0640|2026-01-21|L1|S357,CG6-0640,2026-01-21,1,357,1-357,results.zip/day6.xlsx,4.313194,24.717643,34.777458,679789.375334,2734849.752460,2026-01-21 13:50:06,1,433.282000,12.501970,420.780030,426.326059,-5.546029,320.891075,-71.595410,0.008076,-4.742896,99.044563,32.192048,0.046989,17.024412,13.256826,1.652448,5.282123,2.591130,1.245634,-0.099862,-1.445359,-2.790855,-3.732702,-4.136351,-5.481847,-6.827344,-8.172840,5.678397,3.027032,1.701350,0.375667,-0.950015,-2.275698,-3.203676,-3.601381,-4.927063,-6.252746,-7.578428,25.154821,INTERPOLATED,1.000000,0.000000,MATCHED,
CG6-0640|2026-01-22|L1|S358,CG6-0640,2026-01-22,1,358,1-358,results.zip/day7.xlsx,6.125695,24.826424,34.762961,678167.342770,2746879.290643,2026-01-22 08:14:18,1,348.087000,12.589880,335.497120,336.633628,-1.136508,235.608165,-41.077858,0.008250,2.727451,72.722832,28.917523,0.110211,13.801415,10.033828,0.710164,9.159422,7.183612,6.195707,5.207802,4.219897,3.231992,2.540459,2.244087,1.256182,0.268277,-0.719628,8.849867,6.843101,5.839718,4.836336,3.832953,2.829570,2.127202,1.826187,0.822804,-0.180578,-1.183961,22.590558,INTERPOLATED,1.000000,2.832000,MATCHED,
CG6-0640|2026-01-22|L1|S359,CG6-0640,2026-01-22,1,359,1-359,results.zip/day7.xlsx,4.610081,24.824495,34.762026,678075.596113,2746664.414266,2026-01-22 08:20:23,1,349.922000,12.592834,337.329166,338.269359,-0.940193,237.440211,-41.371116,0.008633,2.594769,73.288284,29.322399,0.110240,13.869847,10.102260,0.732554,9.410663,7.419489,6.423902,5.428315,4.432729,3.437142,2.740231,2.441555,1.445968,0.450381,-0.545205,9.117879,7.097427,6.087201,5.076975,4.066749,3.056523,2.349365,2.046297,1.036071,0.025845,-0.984381,22.793996,INTERPOLATED,1.000000,2.832000,MATCHED,
CG6-0640|2026-01-22|L1|S360,CG6-0640,2026-01-22,1,360,1-360,results.zip/day7.xlsx,1.663235,24.824904,34.760509,677921.617615,2746707.751743,2026-01-22 08:25:31,1,352.342000,12.598229,339.743771,339.964576,-0.220805,239.854816,-41.774126,0.008309,2.622911,74.033533,29.636497,0.110216,13.959506,10.191919,0.763488,9.522272,7.510849,6.505138,5.499427,4.493716,3.488004,2.784007,2.482293,1.476582,0.470871,-0.534841,9.252659,7.214275,6.195084,5.175892,4.156700,3.137508,2.424074,2.118316,1.099124,0.079932,-0.939260,22.890163,INTERPOLATED,1.000000,2.832000,MATCHED,
CG6-0640|2026-01-22|L1|S361,CG6-0640,2026-01-22,1,361,1-361,results.zip/day7.xlsx,5.901455,24.824770,34.758286,677697.149653,2746690.026138,2026-01-22 08:29:22,1,352.661000,12.606001,340.054999,341.898810,-1.843811,240.166044,-42.059347,0.011820,2.613703,74.129592,29.456543,0.110536,13.954118,10.186531,0.812718,9.316218,7.302186,6.295170,5.288153,4.281137,3.274121,2.569210,2.267105,1.260089,0.253072,-0.753944,9.083482,7.046176,6.027522,5.008869,3.990216,2.971563,2.258506,1.952910,0.934257,-0.084396,-1.103049,23.080120,INTERPOLATED,1.000000,2.832000,MATCHED,STDDEV_GT_0.050
CG6-0640|2026-01-22|L1|S362,CG6-0640,2026-01-22,1,362,1-362,results.zip/day7.xlsx,3.692132,24.823814,34.756129,677480.481725,2746581.268603,2026-01-22 08:35:26,1,356.271000,12.613364,343.657636,344.871335,-1.213698,243.768682,-43.400319,0.008715,2.547909,75.241520,29.293291,0.110247,14.121104,10.353517,0.770191,8.850850,6.806606,5.784484,4.762361,3.740239,2.718117,2.002632,1.695995,0.673873,-0.348249,-1.370371,8.586258,6.515555,5.480203,4.444852,3.409500,2.374148,1.649402,1.338797,0.303445,-0.731907,-1.767258,23.318858,INTERPOLATED,1.000000,2.832000,MATCHED,
CG6-0640|2026-01-22|L1|S363,CG6-0640,2026-01-22,1,363,1-363,results.zip/day7.xlsx,6.653587,24.822488,34.755112,677379.579836,2746433.118331,2026-01-22 08:38:48,1,358.110000,12.616634,345.493366,347.088718,-1.595351,245.604411,-44.173799,0.009618,2.456734,75.808106,29.177572,0.110322,14.164370,10.396783,0.860185,8.581186,6.521548,5.491728,4.461909,3.432090,2.402270,1.681397,1.372451,0.342632,-0.687187,-1.717007,8.384006,6.304649,5.264971,4.225292,3.185614,2.145936,1.418161,1.106257,0.066579,-0.973099,-2.012778,23.488543,INTERPOLATED,1.000000,2.832000,MATCHED,
CG6-0640|2026-01-22|L1|S364,CG6-0640,2026-01-22,1,364,1-364,results.zip/day7.xlsx,6.246802,24.820731,34.754925,677363.137652,2746238.238891,2026-01-22 08:41:59,1,361.548000,12.616901,348.931099,349.502881,-0.571782,249.042144,-45.114087,0.008372,2.335877,76.869136,29.419172,0.110220,14.275201,10.507614,0.949131,8.534498,6.446030,5.401797,4.357563,3.313329,2.269096,1.538132,1.224862,0.180628,-0.863605,-1.907839,8.403944,6.302421,5.251659,4.200898,3.150137,2.099375,1.363842,1.048614,-0.002148,-1.052909,-2.103671,23.619296,INTERPOLATED,1.000000,2.832000,MATCHED,
CG6-0640|2026-01-22|L1|S365,CG6-0640,2026-01-22,1,365,1-365,results.zip/day7.xlsx,6.440191,24.820207,34.753005,677169.823473,2746177.736091,2026-01-22 08:46:07,1,363.748000,12.623462,351.124538,352.096467,-0.971929,251.235583,-45.606204,0.009132,2.299859,77.546123,29.640060,0.110281,14.403245,10.635658,0.852817,8.571444,6.464582,5.411151,4.357721,3.304290,2.250859,1.513458,1.197428,0.143997,-0.909433,-1.962864,8.368744,6.241612,5.178047,4.114481,3.050915,1.987349,1.242853,0.923784,-0.139782,-1.203348,-2.266914,23.809955,INTERPOLATED,1.000000,2.832000,MATCHED,
CG6-0640|2026-01-22|L1|S366,CG6-0640,2026-01-22,1,366,1-366,results.zip/day7.xlsx,9.603168,24.819920,34.751328,677000.655961,2746143.794224,2026-01-22 08:49:13,1,366.494000,12.629227,353.864773,354.477427,-0.612654,253.975818,-45.943231,0.008714,2.280136,78.391872,30.168505,0.110247,14.541136,10.773549,0.791425,8.870093,6.740252,5.675331,4.610411,3.545490,2.480569,1.735125,1.415649,0.350728,-0.714193,-1.779113,8.621407,6.466697,5.389342,4.311987,3.234632,2.157277,1.403129,1.079922,0.002568,-1.074787,-2.152142,23.965525,INTERPOLATED,1.000000,2.832000,MATCHED,
CG6-0640|2026-01-22|L1|S367,CG6-0640,2026-01-22,1,367,1-367,results.zip/day7.xlsx,7.431512,24.819040,34.749629,676830.157357,2746044.104968,2026-01-22 08:52:21,1,367.998000,12.634786,355.363214,356.892444,-1.529230,255.474259,-46.446323,0.009674,2.219607,78.854353,30.188423,0.110327,14.579882,10.812295,0.855728,8.764351,6.621944,5.550741,4.479537,3.408334,2.337130,1.587288,1.265926,0.194723,-0.876481,-1.947684,8.563832,6.401373,5.320144,4.238914,3.157685,2.076455,1.319595,0.995226,-0.086004,-1.167233,-2.248463,24.161818,INTERPOLATED,1.000000,2.832000,MATCHED,
CG6-0640|2026-01-22|L1|S368,CG6-0640,2026-01-22,1,368,1-368,results.zip/day7.xlsx,8.873173,24.817558,34.748593,676727.585026,2745878.545920,2026-01-22 08:55:40,1,370.886000,12.637652,358.248348,358.968942,-0.720594,258.359394,-47.195576,0.009792,2.117648,79.744824,30.431601,0.110337,14.684518,10.916932,0.899349,8.765582,6.598981,5.515680,4.432379,3.349078,2.265777,1.507466,1.182476,0.099175,-0.984126,-2.067427,8.597738,6.414352,5.322659,4.230966,3.139272,2.047579,1.283394,0.955886,-0.135807,-1.227500,-2.319193,24.343431,INTERPOLATED,1.000000,2.832000,MATCHED,
CG6-0640|2026-01-22|L1|S370,CG6-0640,2026-01-22,1,370,1-370,results.zip/day7.xlsx,5.577616,24.814159,34.747388,676610.588385,2745500.587762,2026-01-22 09:02:24,1,375.709000,12.640511,363.068489,364.101081,-1.032592,263.179534,-48.449589,0.008246,1.883967,81.232518,30.898963,0.110211,14.850270,11.082683,0.996423,8.828727,6.621703,5.518192,4.414680,3.311168,2.207656,1.435198,1.104144,0.000633,-1.102879,-2.206391,8.733597,6.517061,5.408792,4.300524,3.192256,2.083987,1.308200,0.975719,-0.132549,-1.240817,-2.349086,24.665825,INTERPOLATED,1.000000,2.832000,MATCHED,
CG6-0640|2026-01-22|L1|S371,CG6-0640,2026-01-22,1,371,1-371,results.zip/day7.xlsx,7.874425,24.813539,34.745284,676398.761566,2745429.181781,2026-01-22 09:05:46,1,379.337000,12.646880,366.690120,367.307825,-0.617704,266.801166,-49.776898,0.009733,1.841328,82.350296,30.732070,0.110332,15.044874,11.277287,0.882282,8.358124,6.120730,5.002033,3.883335,2.764638,1.645941,0.862853,0.527243,-0.591454,-1.710151,-2.828848,8.177496,5.922039,4.794310,3.666581,2.538852,1.411124,0.621714,0.283395,-0.844334,-1.972062,-3.099791,24.877438,INTERPOLATED,1.000000,2.832000,MATCHED,
CG6-0640|2026-01-22|L1|S372,CG6-0640,2026-01-22,1,372,1-372,results.zip/day7.xlsx,9.487080,24.814087,34.743442,676211.776993,2745487.540125,2026-01-22 09:09:21,1,381.973000,12.652763,369.320237,369.316432,0.003805,269.431282,-50.445056,0.008217,1.879034,83.162050,30.837960,0.110209,15.169715,11.402128,0.843406,8.243453,5.984002,4.854277,3.724551,2.594826,1.465101,0.674293,0.335375,-0.794350,-1.924075,-3.053801,8.033703,5.753278,4.613065,3.472852,2.332639,1.192426,0.394277,0.052214,-1.087999,-2.228212,-3.368425,24.991011,INTERPOLATED,1.000000,2.832000,MATCHED,
CG6-0640|2026-01-22|L1|S373,CG6-0640,2026-01-22,1,373,1-373,results.zip/day7.xlsx,4.680343,24.814971,34.741812,676045.745869,2745583.246360,2026-01-22 09:13:02,1,383.900000,12.658101,371.241899,372.208301,-0.966402,271.352944,-51.586946,0.008590,1.939755,83.755147,30.228445,0.110237,15.239293,11.471706,0.872770,7.472787,5.197221,4.059438,2.921655,1.783872,0.646090,-0.150358,-0.491693,-1.629476,-2.767259,-3.905042,7.285033,4.990692,3.843521,2.696351,1.549180,0.402010,-0.401010,-0.745161,-1.892332,-3.039502,-4.186673,25.066466,INTERPOLATED,1.000000,2.832000,MATCHED,
CG6-0640|2026-01-22|L1|S374,CG6-0640,2026-01-22,1,374,1-374,results.zip/day7.xlsx,5.127259,24.814790,34.740769,675940.573168,2745561.921193,2026-01-22 09:16:52,1,385.934000,12.661294,373.272706,373.179369,0.093337,273.383751,-52.369331,0.008139,1.927352,84.381931,30.085249,0.110203,15.321356,11.553769,0.881015,7.159287,4.866691,3.720393,2.574095,1.427797,0.281499,-0.520910,-0.864799,-2.011097,-3.157395,-4.303693,6.977710,4.666956,3.511579,2.356202,1.200825,0.045448,-0.763316,-1.109929,-2.265306,-3.420683,-4.576060,25.163652,INTERPOLATED,1.000000,2.832000,MATCHED,
CG6-0640|2026-01-22|L1|S375,CG6-0640,2026-01-22,1,375,1-375,results.zip/day7.xlsx,6.297707,24.813359,34.740215,675886.550300,2745402.742151,2026-01-22 09:19:59,1,386.542000,12.662569,373.879431,374.811667,-0.932236,273.990476,-53.343925,0.008139,1.828976,84.569192,29.396291,0.110203,15.349571,11.581984,0.873608,6.419449,4.121765,2.972923,1.824081,0.675239,-0.473603,-1.277792,-1.622445,-2.771287,-3.920129,-5.068971,6.232324,3.915927,2.757729,1.599530,0.441332,-0.716867,-1.527605,-1.875065,-3.033263,-4.191462,-5.349660,25.302105,INTERPOLATED,1.000000,2.832000,MATCHED,
CG6-0640|2026-01-22|L1|S376,CG6-0640,2026-01-22,1,376,1-376,results.zip/day7.xlsx,7.721944,24.811429,34.739741,675841.420136,2745188.269168,2026-01-22 09:23:31,1,389.306000,12.663425,376.642575,376.826558,-0.183983,276.753620,-54.022132,0.008631,1.696216,85.422007,29.703658,0.110240,15.470217,11.702630,0.860824,6.495100,4.174244,3.013816,1.853388,0.692960,-0.467468,-1.279768,-1.627896,-2.788324,-3.948752,-5.109180,6.298397,3.957871,2.787608,1.617345,0.447082,-0.723181,-1.542365,-1.893444,-3.063707,-4.233970,-5.404233,25.467152,INTERPOLATED,1.000000,2.832000,MATCHED,
CG6-0640|2026-01-22|L1|S377,CG6-0640,2026-01-22,1,377,1-377,results.zip/day7.xlsx,5.099152,24.809619,34.739691,675838.850975,2744987.720405,2026-01-22 09:26:51,1,391.295000,12.663006,378.631994,379.348894,-0.716900,278.743040,-55.036190,0.008092,1.571768,86.036019,29.428061,0.110199,15.543436,11.775850,0.888050,6.052669,3.715130,2.546361,1.377591,0.208822,-0.959948,-1.778087,-2.128717,-3.297487,-4.466257,-5.635026,5.876362,3.521192,2.343607,1.166022,-0.011563,-1.189148,-2.013457,-2.366733,-3.544318,-4.721903,-5.899488,25.590745,INTERPOLATED,1.000000,2.832000,MATCHED,
CG6-0640|2026-01-22|L1|S378,CG6-0640,2026-01-22,1,378,1-378,results.zip/day7.xlsx,3.673797,24.807801,34.739978,675870.433345,2744786.832122,2026-01-22 09:29:57,1,393.965000,12.661546,381.303454,382.304122,-1.000668,281.414499,-56.214623,0.008277,1.446846,86.860534,29.199066,0.110213,15.624473,11.856886,0.970760,5.599646,3.239704,2.059733,0.879762,-0.300209,-1.480180,-2.306160,-2.660151,-3.840122,-5.020093,-6.200064,5.485293,3.113915,1.928227,0.742538,-0.443151,-1.628839,-2.458821,-2.814528,-4.000216,-5.185905,-6.371594,25.688545,INTERPOLATED,1.000000,2.832000,MATCHED,
CG6-0640|2026-01-22|L1|S379,CG6-0640,2026-01-22,1,379,1-379,results.zip/day7.xlsx,5.508717,24.805921,34.740206,675896.173131,2744578.845850,2026-01-22 09:34:25,1,396.717000,12.660252,384.056748,386.112498,-2.055750,284.167793,-57.072124,0.008140,1.317573,87.710305,29.320609,0.110203,15.740001,11.972414,0.970540,5.490298,3.107266,1.915751,0.724235,-0.467280,-1.658796,-2.492857,-2.850311,-4.041827,-5.233342,-6.424858,5.375780,2.981297,1.784056,0.586815,-0.610427,-1.807668,-2.645737,-3.004910,-4.202151,-5.399393,-6.596634,25.783994,INTERPOLATED,1.000000,2.832000,MATCHED,
CG6-0640|2026-01-22|L1|S380,CG6-0640,2026-01-22,1,380,1-380,results.zip/day7.xlsx,3.462784,24.804261,34.740750,675953.476906,2744395.657273,2026-01-22 09:37:34,1,399.364000,12.658073,386.705927,389.528674,-2.822747,286.816972,-57.792055,0.008373,1.203444,88.527942,29.532442,0.110220,15.830231,12.062644,1.026210,5.479971,3.074724,1.872100,0.669477,-0.533147,-1.735770,-2.577607,-2.938394,-4.141017,-5.343641,-6.546265,5.407154,2.994625,1.788360,0.582096,-0.624169,-1.830433,-2.674818,-3.036697,-4.242962,-5.449226,-6.655491,25.748471,INTERPOLATED,1.000000,2.832000,MATCHED,
CG6-0640|2026-01-22|L1|S381,CG6-0640,2026-01-22,1,381,1-381,results.zip/day7.xlsx,6.409253,24.802457,34.741158,675997.294581,2744196.461309,2026-01-22 09:40:28,1,403.031000,12.656272,390.374728,390.773296,-0.398568,290.485773,-58.704773,0.009035,1.079495,89.660268,29.876000,0.110273,15.977532,12.209945,1.043651,5.515863,3.079850,1.861843,0.643836,-0.574171,-1.792178,-2.644782,-3.010184,-4.228191,-5.446198,-6.664205,5.456111,3.014122,1.793127,0.572133,-0.648862,-1.869856,-2.724552,-3.090851,-4.311845,-5.532840,-6.753834,25.729743,INTERPOLATED,1.000000,2.832000,MATCHED,
CG6-0640|2026-01-22|L1|S383,CG6-0640,2026-01-22,1,383,1-383,results.zip/day7.xlsx,8.567513,24.798912,34.742588,676146.859423,2743805.573498,2026-01-22 09:47:19,1,409.302000,12.650869,396.651131,397.907116,-1.255984,296.762177,-60.509657,0.009451,0.835783,91.597394,30.251955,0.110308,16.257775,12.490188,0.998065,5.365479,2.876831,1.632507,0.388183,-0.856140,-2.100464,-2.971491,-3.344788,-4.589112,-5.833436,-7.077759,5.271579,2.773542,1.524523,0.275504,-0.973515,-2.222533,-3.096847,-3.471552,-4.720571,-5.969590,-7.218609,25.634862,INTERPOLATED,1.000000,2.832000,MATCHED,
CG6-0640|2026-01-22|L1|S385,CG6-0640,2026-01-22,1,385,1-385,results.zip/day7.xlsx,6.090208,24.797328,34.741218,676010.649225,2743628.391176,2026-01-22 09:59:59,1,411.041000,12.654505,398.386495,400.274266,-1.887771,298.497540,-61.656834,0.008719,0.726935,92.132991,29.749221,0.110247,16.354040,12.586453,0.935315,4.717218,2.214017,0.962417,-0.289183,-1.540783,-2.792383,-3.668504,-4.043984,-5.295584,-6.547184,-7.798784,4.576315,2.059024,0.800379,-0.458267,-1.716912,-2.975557,-3.856609,-4.234203,-5.492848,-6.751493,-8.010139,25.795417,INTERPOLATED,1.000000,2.832000,MATCHED,TILT_GT_20
CG6-0640|2026-01-22|L1|S386,CG6-0640,2026-01-22,1,386,1-386,results.zip/day7.xlsx,10.783427,24.796754,34.739179,675805.299691,2743562.238172,2026-01-22 10:04:31,1,415.077000,12.660443,402.416557,402.827297,-0.410740,302.527602,-62.965401,0.010291,0.687518,93.376806,29.723887,0.110383,16.521335,12.753748,0.939818,4.353922,1.816926,0.548428,-0.720071,-1.988569,-3.257067,-4.145016,-4.525565,-5.794064,-7.062562,-8.331060,4.216392,1.665642,0.390267,-0.885107,-2.160482,-3.435857,-4.328619,-4.711232,-5.986606,-7.261981,-8.537356,26.008101,INTERPOLATED,1.000000,2.832000,MATCHED,STDDEV_GT_0.050
CG6-0640|2026-01-22|L1|S387,CG6-0640,2026-01-22,1,387,1-387,results.zip/day7.xlsx,11.103664,24.795441,34.738078,675695.796966,2743415.337330,2026-01-22 10:09:47,1,417.948000,12.663314,405.284686,405.557995,-0.273309,305.395731,-63.980584,0.008314,0.597249,94.262010,29.684177,0.110216,16.633336,12.865749,0.961869,4.073691,1.512642,0.232118,-1.048406,-2.328931,-3.609455,-4.505822,-4.889979,-6.170504,-7.451028,-8.731552,3.952678,1.379528,0.092953,-1.193622,-2.480196,-3.766771,-4.667374,-5.053346,-6.339921,-7.626496,-8.913071,26.138712,INTERPOLATED,1.000000,2.832000,MATCHED,
CG6-0640|2026-01-22|L1|S388,CG6-0640,2026-01-22,1,388,1-388,results.zip/day7.xlsx,10.011998,24.793880,34.737239,675613.163108,2743241.374049,2026-01-22 10:13:16,1,420.666000,12.665302,408.000698,408.150415,-0.149717,308.111743,-64.893203,0.008853,0.489984,95.100265,29.717077,0.110258,16.720290,12.952703,1.033770,3.878826,1.295001,0.003089,-1.288824,-2.580736,-3.872649,-4.776988,-5.164561,-6.456474,-7.748387,-9.040299,3.811672,1.221131,-0.074139,-1.369409,-2.664680,-3.959950,-4.866639,-5.255220,-6.550490,-7.845761,-9.141031,26.247843,INTERPOLATED,1.000000,2.832000,MATCHED,
CG6-0640|2026-01-22|L1|S389,CG6-0640,2026-01-22,1,389,1-389,results.zip/day7.xlsx,8.667981,24.792223,34.737124,675603.856521,2743057.747392,2026-01-22 10:16:57,1,423.900000,12.665091,411.234909,412.620550,-1.385640,311.345955,-66.384948,0.008449,0.376151,96.098452,29.337353,0.110226,16.806134,13.038547,1.166646,3.227882,0.616935,-0.688539,-1.994013,-3.299486,-4.604960,-5.518791,-5.910433,-7.215907,-8.521381,-9.826854,3.260260,0.652550,-0.651304,-1.955159,-3.259014,-4.562868,-5.475567,-5.866723,-7.170578,-8.474432,-9.778287,26.287384,INTERPOLATED,1.000000,2.832000,MATCHED,
CG6-0640|2026-01-22|L1|S390,CG6-0640,2026-01-22,1,390,1-390,results.zip/day7.xlsx,7.450603,24.790436,34.738011,675696.089169,2742860.899348,2026-01-22 10:19:56,1,426.120000,12.661396,413.458604,417.336721,-3.878117,313.569649,-67.309333,0.008348,0.253321,96.784760,29.222105,0.110219,16.829820,13.062233,1.352353,2.926155,0.296560,-1.018238,-2.333035,-3.647833,-4.962631,-5.882989,-6.277428,-7.592226,-8.907023,-10.221821,3.097639,0.485193,-0.821031,-2.127254,-3.433477,-4.739700,-5.654057,-6.045924,-7.352147,-8.658370,-9.964594,26.230677,INTERPOLATED,1.000000,2.832000,MATCHED,
CG6-0640|2026-01-22|L1|S391,CG6-0640,2026-01-22,1,391,1-391,results.zip/day7.xlsx,9.070752,24.788815,34.739011,675799.519260,2742682.669710,2026-01-22 10:22:46,1,429.019000,12.657314,416.361686,417.298075,-0.936389,316.472731,-67.835936,0.008416,0.141957,97.680748,29.702854,0.110224,17.026106,13.258519,1.153279,3.163451,0.509511,-0.817460,-2.144430,-3.471400,-4.798370,-5.727249,-6.125340,-7.452310,-8.779281,-10.106251,3.185816,0.534113,-0.791739,-2.117591,-3.443443,-4.769295,-5.697391,-6.095147,-7.420999,-8.746851,-10.072702,26.161242,INTERPOLATED,1.000000,2.832000,MATCHED,
CG6-0640|2026-01-22|L1|S392,CG6-0640,2026-01-22,1,392,1-392,results.zip/day7.xlsx,8.852500,24.786702,34.739994,675901.892450,2742449.945083,2026-01-22 10:26:49,1,432.098000,12.652990,419.445010,419.727590,-0.282580,319.556055,-68.736910,0.008683,-0.003191,98.632364,29.898645,0.110244,17.182961,13.415374,1.079664,3.100675,0.420878,-0.919021,-2.258920,-3.598818,-4.938717,-5.876646,-6.278615,-7.618514,-8.958412,-10.298311,3.067898,0.384823,-0.956714,-2.298251,-3.639789,-4.981326,-5.920402,-6.322863,-7.664401,-9.005938,-10.347476,26.104785,INTERPOLATED,1.000000,2.832000,MATCHED,
CG6-0640|2026-01-22|L1|S393,CG6-0640,2026-01-22,1,393,1-393,results.zip/day7.xlsx,7.427325,24.785187,34.740312,675936.139268,2742282.536688,2026-01-22 10:29:43,1,434.282000,12.651039,421.630961,421.671390,-0.040429,321.742006,-69.582357,0.010296,-0.107286,99.307020,29.831949,0.110383,17.274518,13.506931,1.079929,2.850665,0.152536,-1.196528,-2.545592,-3.894657,-5.243721,-6.188066,-6.592785,-7.941849,-9.290913,-10.639978,2.818086,0.116700,-1.233993,-2.584686,-3.935379,-5.286073,-6.231558,-6.636766,-7.987459,-9.338152,-10.688845,26.104186,INTERPOLATED,1.000000,2.832000,MATCHED,STDDEV_GT_0.050
CG6-0640|2026-01-22|L1|S394,CG6-0640,2026-01-22,1,394,1-394,results.zip/day7.xlsx,11.733328,24.783631,34.740799,675987.579361,2742110.756307,2026-01-22 10:32:57,1,436.268000,12.648589,423.619411,426.425142,-2.805731,323.730456,-70.267567,0.008352,-0.214223,99.920721,29.867377,0.110219,17.344905,13.577318,1.114611,2.719341,0.004538,-1.352864,-2.710266,-4.067668,-5.425070,-6.375251,-6.782471,-8.139873,-9.497275,-10.854677,2.712742,-0.002721,-1.360453,-2.718185,-4.075917,-5.433649,-6.384061,-6.791380,-8.149112,-9.506844,-10.864576,26.088818,INTERPOLATED,1.000000,2.832000,MATCHED,TILT_GT_20
CG6-0640|2026-01-22|L1|S395,CG6-0640,2026-01-22,1,395,1-395,results.zip/day7.xlsx,5.089505,24.781820,34.741608,676071.953237,2741911.283407,2026-01-22 10:35:51,1,438.937000,12.645079,426.291921,430.065068,-3.773146,326.402966,-71.172687,0.008904,-0.338588,100.745544,29.911445,0.110262,17.425415,13.657828,1.198844,2.539292,-0.197923,-1.566531,-2.935138,-4.303746,-5.672354,-6.630379,-7.040961,-8.409569,-9.778177,-11.146784,2.595789,-0.135777,-1.501560,-2.867342,-4.233125,-5.598908,-6.554956,-6.964691,-8.330474,-9.696257,-11.062039,26.048489,INTERPOLATED,1.000000,2.832000,MATCHED,
CG6-0640|2026-01-22|L1|S396,CG6-0640,2026-01-22,1,396,1-396,results.zip/day7.xlsx,7.041139,24.780299,34.742314,676145.514474,2741743.724446,2026-01-22 10:39:05,1,442.296000,12.642086,429.653914,430.090533,-0.436619,329.764959,-72.037383,0.009518,-0.443071,101.783160,30.188849,0.110313,17.600761,13.833174,1.107055,2.534759,-0.230650,-1.613354,-2.996059,-4.378763,-5.761468,-6.729361,-7.144172,-8.526877,-9.909581,-11.292286,2.522500,-0.244135,-1.627453,-3.010770,-4.394088,-5.777405,-6.745727,-7.160723,-8.544040,-9.927357,-11.310675,26.013351,INTERPOLATED,1.000000,2.832000,MATCHED,
CG6-0640|2026-01-22|L1|S397,CG6-0640,2026-01-22,1,397,1-397,results.zip/day7.xlsx,10.565929,24.778742,34.743511,676268.744862,2741572.763696,2026-01-22 10:42:26,1,447.585000,12.637732,434.947268,435.030579,-0.083310,335.058314,-72.809470,0.008422,-0.550053,103.416849,31.157432,0.110224,17.840526,14.072939,1.059491,3.059442,0.249643,-1.155257,-2.560156,-3.965056,-5.369955,-6.353385,-6.774855,-8.179754,-9.584654,-10.989553,3.011555,0.196967,-1.210327,-2.617621,-4.024915,-5.432209,-6.417314,-6.839502,-8.246796,-9.654090,-11.061384,25.931957,INTERPOLATED,1.000000,2.832000,MATCHED,
CG6-0640|2026-01-22|L1|S398,CG6-0640,2026-01-22,1,398,1-398,results.zip/day7.xlsx,5.318324,24.777350,34.744493,676369.946337,2741419.923005,2026-01-22 10:45:31,1,451.499000,12.634128,438.864872,439.400699,-0.535827,338.975917,-73.557632,0.010695,-0.645621,104.625938,31.713927,0.110421,17.998236,14.230649,1.076994,3.287406,0.444754,-0.976572,-2.397898,-3.819224,-5.240550,-6.235478,-6.661876,-8.083202,-9.504528,-10.925854,3.252630,0.406500,-1.016565,-2.439630,-3.862695,-5.285760,-6.281905,-6.708824,-8.131889,-9.554954,-10.978019,25.869139,INTERPOLATED,1.000000,2.832000,MATCHED,STDDEV_GT_0.050
CG6-0640|2026-01-22|L1|S399,CG6-0640,2026-01-22,1,399,1-399,results.zip/day7.xlsx,6.760633,24.775942,34.745719,676495.959794,2741265.576299,2026-01-22 10:48:27,1,455.684000,12.629878,443.054122,444.229693,-1.175571,343.165167,-74.277405,0.008649,-0.742315,105.918863,32.383773,0.110242,18.155067,14.387480,1.127253,3.605942,0.728159,-0.710733,-2.149624,-3.588516,-5.027407,-6.034631,-6.466299,-7.905190,-9.344082,-10.782974,3.608812,0.731316,-0.707432,-2.146180,-3.584928,-5.023676,-6.030800,-6.462424,-7.901172,-9.339920,-10.778668,25.783802,INTERPOLATED,1.000000,2.832000,MATCHED,
CG6-0640|2026-01-22|L1|S400,CG6-0640,2026-01-22,1,400,1-400,results.zip/day7.xlsx,10.711116,24.774324,34.747032,676630.986608,2741087.986598,2026-01-22 10:51:46,1,460.294000,12.625316,447.668684,450.415900,-2.747216,347.779729,-75.226354,0.008776,-0.853487,107.343048,32.970181,0.110252,18.312719,14.545132,1.222938,3.805373,0.888892,-0.569348,-2.027589,-3.485829,-4.944070,-5.964838,-6.402310,-7.860550,-9.318791,-10.777031,3.879917,0.970891,-0.483623,-1.938136,-3.392649,-4.847162,-5.865321,-6.301675,-7.756189,-9.210702,-10.665215,25.696820,INTERPOLATED,1.000000,2.832000,MATCHED,
CG6-0640|2026-01-22|L1|S401,CG6-0640,2026-01-22,1,401,1-401,results.zip/day7.xlsx,11.573154,24.773084,34.747998,676730.482580,2740951.877003,2026-01-22 10:54:41,1,466.409000,12.621966,453.787034,454.414839,-0.627805,353.898079,-76.556925,0.010113,-0.938658,109.231338,33.613071,0.110366,18.522759,14.755172,1.347098,3.935178,0.967389,-0.516506,-2.000401,-3.484295,-4.968190,-6.006916,-6.452085,-7.935979,-9.419874,-10.903769,4.102726,1.151692,-0.323826,-1.799343,-3.274860,-4.750377,-5.783239,-6.225895,-7.701412,-9.176929,-10.652446,25.635130,INTERPOLATED,1.000000,2.832000,MATCHED,
CG6-0640|2026-01-22|L1|S402,CG6-0640,2026-01-22,1,402,1-402,results.zip/day7.xlsx,10.814719,24.771369,34.749281,676862.605190,2740763.596226,2026-01-22 10:58:04,1,475.761000,12.617534,463.143466,465.453860,-2.310394,363.254512,-78.765952,0.009307,-1.056426,112.118979,34.409453,0.110295,18.790912,15.023325,1.678611,3.946930,0.900678,-0.622449,-2.145575,-3.668701,-5.191827,-6.258015,-6.714953,-8.238079,-9.761206,-11.284332,4.362802,1.358137,-0.144195,-1.646528,-3.148860,-4.651193,-5.702826,-6.153525,-7.655858,-9.158190,-10.660523,25.556700,INTERPOLATED,1.000000,2.832000,MATCHED,
CG6-0640|2026-01-22|L1|S403,CG6-0640,2026-01-22,1,403,1-403,results.zip/day7.xlsx,21.032290,24.769754,34.750290,676966.977564,2740586.021657,2026-01-22 11:03:32,1,490.939000,12.613827,478.325173,482.561621,-4.236448,378.436218,-81.987464,0.009105,-1.167332,116.804422,35.984291,0.110278,19.332743,15.565156,1.931562,4.248629,1.075063,-0.511720,-2.098503,-3.685286,-5.272069,-6.382817,-6.858852,-8.445635,-10.032418,-11.619201,4.853978,1.740947,0.184432,-1.372084,-2.928600,-4.485115,-5.574676,-6.041631,-7.598147,-9.154662,-10.711178,25.503871,INTERPOLATED,1.000000,2.832000,MATCHED,
CG6-0640|2026-01-22|L1|S404,CG6-0640,2026-01-22,1,404,1-404,results.zip/day7.xlsx,5.197421,24.768014,34.750456,676986.182588,2740393.604052,2026-01-22 11:08:03,1,465.928000,12.612376,453.315624,459.451652,-6.136028,353.426669,-77.755458,0.011987,-1.286758,109.085862,32.617162,0.110554,18.141775,14.374188,2.311550,2.978802,0.014966,-1.466952,-2.948870,-4.430788,-5.912706,-6.950049,-7.394624,-8.876543,-10.358461,-11.840379,3.868786,0.993948,-0.443471,-1.880890,-3.318309,-4.755727,-5.761921,-6.193146,-7.630565,-9.067984,-10.505403,25.538420,INTERPOLATED,1.000000,2.832000,MATCHED,STDDEV_GT_0.050
CG6-0640|2026-01-22|L1|S405,CG6-0640,2026-01-22,1,405,1-405,results.zip/day7.xlsx,4.055221,24.766333,34.750930,677036.512048,2740207.943014,2026-01-22 11:11:35,1,458.720000,12.610026,446.109974,447.852627,-1.742654,346.221019,-76.151876,0.012139,-1.402237,106.862008,32.112369,0.110570,17.971489,14.203902,1.959518,3.078274,0.174865,-1.276840,-2.728545,-4.180250,-5.631954,-6.648148,-7.083659,-8.535364,-9.987069,-11.438773,3.704564,0.863784,-0.556606,-1.976997,-3.397387,-4.817777,-5.812050,-6.238167,-7.658558,-9.078948,-10.499338,25.542681,INTERPOLATED,1.000000,2.832000,MATCHED,STDDEV_GT_0.050
CG6-0640|2026-01-22|L1|S406,CG6-0640,2026-01-22,1,406,1-406,results.zip/day7.xlsx,5.283395,24.764575,34.751908,677137.905749,2740014.503046,2026-01-22 11:15:01,1,451.391000,12.606134,438.784866,439.618363,-0.833498,338.895911,-74.521993,0.011840,-1.522937,104.601278,31.602222,0.110538,17.748798,13.981211,1.734036,3.182411,0.340430,-1.080560,-2.501551,-3.922541,-5.343532,-6.338225,-6.764523,-8.185513,-9.606504,-11.027494,3.639801,0.843559,-0.554562,-1.952683,-3.350804,-4.748925,-5.727610,-6.147046,-7.545167,-8.943288,-10.341409,25.501948,INTERPOLATED,1.000000,2.832000,MATCHED,STDDEV_GT_0.050
CG6-0640|2026-01-22|L1|S407,CG6-0640,2026-01-22,1,407,1-407,results.zip/day7.xlsx,9.114769,24.762958,34.752672,677217.496429,2739836.427770,2026-01-22 11:18:45,1,445.905000,12.602991,433.302009,434.788238,-1.486229,333.413054,-73.203990,0.009062,-1.633935,102.909114,31.339058,0.110275,17.570829,13.803242,1.595390,3.379039,0.583038,-0.814963,-2.212964,-3.610965,-5.008966,-5.987567,-6.406967,-7.804968,-9.202969,-10.600970,3.732574,0.971926,-0.408398,-1.788722,-3.169047,-4.549371,-5.515598,-5.929695,-7.310019,-8.690343,-10.070668,25.479151,INTERPOLATED,1.000000,2.832000,MATCHED,
CG6-0640|2026-01-22|L1|S408,CG6-0640,2026-01-22,1,408,1-408,results.zip/day7.xlsx,8.472521,24.761469,34.753777,677331.320190,2739672.952833,2026-01-22 11:22:04,1,441.418000,12.598925,428.819075,429.828610,-1.009534,328.930121,-72.069576,0.009478,-1.736151,101.525551,31.192126,0.110310,17.436003,13.668416,1.453498,3.608046,0.849638,-0.529566,-1.908770,-3.287974,-4.667178,-5.632621,-6.046382,-7.425586,-8.804790,-10.183994,3.855294,1.121611,-0.245230,-1.612072,-2.978914,-4.345755,-5.302544,-5.712597,-7.079438,-8.446280,-9.813121,25.420814,INTERPOLATED,1.000000,2.832000,MATCHED,
CG6-0640|2026-01-22|L1|S409,CG6-0640,2026-01-22,1,409,1-409,results.zip/day7.xlsx,5.159513,24.760327,34.752577,677211.651705,2739544.856460,2026-01-22 11:25:29,1,436.285000,12.601905,423.683095,424.103897,-0.420802,323.794140,-71.806605,0.009318,-1.814584,99.940434,29.948414,0.110296,17.222015,13.454428,1.449855,2.795037,0.079699,-1.277969,-2.635638,-3.993307,-5.350976,-6.301344,-6.708645,-8.066314,-9.423982,-10.781651,3.039557,0.348671,-0.996772,-2.342214,-3.687657,-5.033100,-5.974910,-6.378543,-7.723986,-9.069429,-10.414871,25.574180,INTERPOLATED,1.000000,2.832000,MATCHED,
CG6-0640|2026-01-22|L1|S410,CG6-0640,2026-01-22,1,410,1-410,results.zip/day7.xlsx,5.620656,24.758035,34.752873,677244.864058,2739291.459517,2026-01-22 11:29:01,1,428.148000,12.599839,415.548161,415.893285,-0.345124,315.659206,-70.516868,0.012373,-1.971875,97.429743,28.884750,0.110596,16.955020,13.187433,1.252001,2.413569,-0.233549,-1.557108,-2.880667,-4.204226,-5.527785,-6.454276,-6.851344,-8.174903,-9.498462,-10.822021,2.509884,-0.127603,-1.446346,-2.765090,-4.083833,-5.402576,-6.325697,-6.721320,-8.040063,-9.358806,-10.677550,25.622981,INTERPOLATED,1.000000,2.832000,MATCHED,STDDEV_GT_0.050
CG6-0640|2026-01-22|L1|S411,CG6-0640,2026-01-22,1,411,1-411,results.zip/day7.xlsx,5.694769,24.756650,34.753437,677303.862241,2739138.750737,2026-01-22 11:32:43,1,423.472000,12.597469,410.874531,411.489921,-0.615390,310.985576,-69.877873,0.008443,-2.066970,95.987313,28.176410,0.110226,16.774653,13.007066,1.210354,2.097159,-0.510766,-1.814728,-3.118691,-4.422653,-5.726616,-6.639389,-7.030578,-8.334541,-9.638503,-10.942466,2.162278,-0.439135,-1.739842,-3.040548,-4.341255,-5.641962,-6.552456,-6.942668,-8.243375,-9.544081,-10.844788,25.616799,INTERPOLATED,1.000000,2.832000,MATCHED,
CG6-0640|2026-01-22|L1|S413,CG6-0640,2026-01-22,1,413,1-413,results.zip/day7.xlsx,4.889854,24.752312,34.754893,677457.257278,2738660.173008,2026-01-22 11:40:11,1,410.740000,12.591046,398.148954,399.216936,-1.067982,298.259999,-68.266009,0.011555,-2.364715,92.059782,26.158489,0.110508,16.314554,12.546967,1.014150,1.146405,-1.354803,-2.605407,-3.856011,-5.106616,-6.357220,-7.232643,-7.607824,-8.858428,-10.109032,-11.359636,1.064554,-1.444839,-2.699536,-3.954233,-5.208929,-6.463626,-7.341914,-7.718323,-8.973020,-10.227716,-11.482413,25.633760,INTERPOLATED,1.000000,2.832000,MATCHED,STDDEV_GT_0.050
CG6-0640|2026-01-22|L1|S414,CG6-0640,2026-01-22,1,414,1-414,results.zip/day7.xlsx,12.082520,24.751958,34.757267,677697.813349,2738624.067087,2026-01-22 11:43:25,1,405.085000,12.584027,392.500973,393.037763,-0.536790,292.612018,-66.441026,0.009771,-2.388998,90.316618,26.264590,0.110335,16.083078,12.315491,0.999883,1.726146,-0.727698,-1.954620,-3.181542,-4.408465,-5.635387,-6.494232,-6.862309,-8.089231,-9.316153,-10.543076,1.633609,-0.829489,-2.061038,-3.292587,-4.524137,-5.755686,-6.617770,-6.987235,-8.218784,-9.450333,-10.681882,25.421142,INTERPOLATED,1.000000,2.832000,MATCHED,
CG6-0640|2026-01-22|L1|S415,CG6-0640,2026-01-22,1,415,1-415,results.zip/day7.xlsx,2.744776,24.751341,34.759271,677901.396079,2738558.310053,2026-01-22 11:46:35,1,400.726000,12.577970,388.148030,389.491877,-1.343847,288.259075,-65.134114,0.008980,-2.431359,88.973146,26.270391,0.110268,15.891428,12.123841,1.024262,2.096985,-0.320355,-1.529026,-2.737696,-3.946366,-5.155036,-6.001106,-6.363707,-7.572377,-8.781047,-9.989718,2.022709,-0.402059,-1.614443,-2.826827,-4.039211,-5.251595,-6.100264,-6.463980,-7.676364,-8.888748,-10.101132,25.254121,INTERPOLATED,1.000000,2.832000,MATCHED,
CG6-0640|2026-01-22|L1|S416,CG6-0640,2026-01-22,1,416,1-416,results.zip/day7.xlsx,9.115844,24.749861,34.760686,678046.664676,2738396.188654,2026-01-22 11:53:11,1,396.158000,12.573184,383.584816,385.534458,-1.949643,283.695861,-64.079249,0.009438,-2.532955,87.564776,26.018482,0.110306,15.713972,11.946385,0.987204,2.227747,-0.151327,-1.340864,-2.530400,-3.719937,-4.909474,-5.742149,-6.099011,-7.288547,-8.478084,-9.667621,2.125711,-0.263566,-1.458204,-2.652843,-3.847481,-5.042120,-5.878367,-6.236758,-7.431397,-8.626035,-9.820674,25.176961,INTERPOLATED,1.000000,2.832000,MATCHED,
CG6-0640|2026-01-22|L1|S417,CG6-0640,2026-01-22,1,417,1-417,results.zip/day7.xlsx,6.873010,24.749102,34.762582,678239.501785,2738314.575860,2026-01-22 11:56:21,1,391.367000,12.567085,378.799915,380.743698,-1.943783,278.910960,-62.769123,0.008358,-2.585053,86.087980,25.903910,0.110219,15.510168,11.742581,0.995677,2.514436,0.175489,-0.993985,-2.163458,-3.332932,-4.502406,-5.321037,-5.671879,-6.841353,-8.010827,-9.180300,2.418748,0.070232,-1.104026,-2.278284,-3.452542,-4.626800,-5.448781,-5.801058,-6.975316,-8.149574,-9.323832,25.027566,INTERPOLATED,1.000000,2.832000,MATCHED,
CG6-0640|2026-01-22|L1|S418,CG6-0640,2026-01-22,1,418,1-418,results.zip/day7.xlsx,10.297201,24.748363,34.763911,678375.027090,2738234.541848,2026-01-22 11:59:09,1,388.519000,12.562647,375.956353,377.945096,-1.988742,276.067398,-62.046274,0.008896,-2.635715,85.210351,25.799792,0.110261,15.378282,11.610695,1.029465,2.648780,0.333679,-0.823871,-1.981422,-3.138973,-4.296523,-5.106809,-5.454074,-6.611624,-7.769175,-8.926726,2.578402,0.256263,-0.904807,-2.065876,-3.226946,-4.388016,-5.200764,-5.549085,-6.710155,-7.871224,-9.032294,24.931540,INTERPOLATED,1.000000,2.832000,MATCHED,
CG6-0640|2026-01-22|L1|S419,CG6-0640,2026-01-22,1,419,1-419,results.zip/day7.kml,3.963681,24.795979,34.809078,682873.629987,2743568.118797,2026-01-22 13:45:48,1,281.044372,12.425159,268.619213,268.349907,0.269307,168.730259,-27.797897,0.008332,0.634203,52.081148,23.649048,0.110217,10.856174,7.088587,1.086770,9.499328,8.084356,7.376870,6.669384,5.961899,5.254413,4.759172,4.546927,3.839441,3.131955,2.424469,9.471875,8.054157,7.345299,6.636440,5.927581,5.218723,4.722522,4.509864,3.801006,3.092147,2.383288,19.059542,INTERPOLATED,1.000000,2.832000,MATCHED,
CG6-0640|2026-01-22|L1|S420,CG6-0640,2026-01-22,1,420,1-420,results.zip/day7.kml,13.592749,24.798045,34.808754,682837.893331,2743796.535728,2026-01-22 13:51:15,1,286.667561,12.426021,274.241540,274.295653,-0.054113,174.352585,-28.795792,0.008093,0.776199,53.816490,24.244500,0.110199,10.982063,7.214476,1.380083,9.623292,8.161171,7.430111,6.699050,5.967990,5.236930,4.725187,4.505869,3.774809,3.043749,2.312688,9.815548,8.372653,7.651205,6.929758,6.208310,5.486863,4.981849,4.765415,4.043968,3.322520,2.601072,19.048701,INTERPOLATED,1.000000,2.832000,MATCHED,
CG6-0640|2026-01-22|L1|S421,CG6-0640,2026-01-22,1,421,1-421,results.zip/day7.kml,5.636263,24.799507,34.807555,682714.469151,2743956.901580,2026-01-22 13:54:45,1,292.160523,12.430251,279.730271,279.825434,-0.095162,179.841317,-29.945264,0.008909,0.876704,55.510595,24.688627,0.110262,11.150931,7.383344,1.543686,9.607135,8.098985,7.344911,6.590836,5.836761,5.082687,4.554835,4.328612,3.574538,2.820463,2.066388,9.921940,8.445271,7.706937,6.968603,6.230268,5.491934,4.975100,4.753599,4.015265,3.276931,2.538596,19.139271,INTERPOLATED,1.000000,2.832000,MATCHED,
CG6-0640|2026-01-22|L1|S422,CG6-0640,2026-01-22,1,422,1-422,results.zip/day7.xlsx,1.657846,24.800402,34.805953,682551.207054,2744053.927791,2026-01-22 13:58:56,1,296.984000,12.436091,284.547909,286.238116,-1.690207,184.658954,-30.930967,0.008068,0.938241,56.997562,25.128354,0.110198,11.367258,7.599671,1.505441,9.642854,8.094304,7.320029,6.545754,5.771479,4.997204,4.455212,4.222929,3.448654,2.674379,1.900104,9.929012,8.409078,7.649111,6.889143,6.129176,5.369209,4.837232,4.609242,3.849275,3.089308,2.329341,19.281938,INTERPOLATED,1.000000,2.832000,MATCHED,
CG6-0640|2026-01-22|L1|S423,CG6-0640,2026-01-22,1,423,1-423,results.zip/day7.xlsx,2.975860,24.801206,34.804460,682399.096499,2744140.976937,2026-01-22 14:02:35,1,301.623000,12.441558,289.181442,290.509821,-1.328380,189.292487,-31.768105,0.008206,0.993497,58.427702,25.666100,0.110208,11.635216,7.867629,1.308731,9.792032,8.204625,7.410922,6.617218,5.823515,5.029811,4.474219,4.236108,3.442405,2.648701,1.854998,9.930841,8.357315,7.570552,6.783789,5.997026,5.210264,4.659529,4.423501,3.636738,2.849975,2.063212,19.416171,INTERPOLATED,1.000000,2.832000,MATCHED,
CG6-0640|2026-01-22|L1|S424,CG6-0640,2026-01-22,1,424,1-424,results.zip/day7.xlsx,2.568430,24.802281,34.802989,682248.758238,2744258.011983,2026-01-22 14:06:27,1,306.643000,12.446935,294.196065,296.491351,-2.295286,194.307110,-32.741010,0.008154,1.067344,59.975462,26.167107,0.110204,11.904685,8.137098,1.150653,9.872513,8.243054,7.428324,6.613594,5.798864,4.984135,4.413824,4.169405,3.354675,2.539946,1.725216,9.892912,8.265492,7.451783,6.638073,5.824363,5.010653,4.441056,4.196944,3.383234,2.569524,1.755814,19.544316,INTERPOLATED,1.000000,2.832000,MATCHED,
CG6-0640|2026-01-22|L1|S425,CG6-0640,2026-01-22,1,425,1-425,results.zip/day7.xlsx,4.416706,24.804111,34.802445,682191.081173,2744459.996123,2026-01-22 14:11:23,1,313.138000,12.448774,300.689226,303.560867,-2.871642,200.800271,-33.979310,0.008259,1.193144,61.979565,26.807110,0.110212,12.153504,8.385917,1.213236,9.968000,8.284089,7.442133,6.600178,5.758222,4.916267,4.326898,4.074311,3.232355,2.390400,1.548444,10.035277,8.358094,7.519502,6.680910,5.842319,5.003727,4.416713,4.165135,3.326544,2.487952,1.649360,19.568757,INTERPOLATED,1.000000,2.832000,MATCHED,
CG6-0640|2026-01-22|L1|S426,CG6-0640,2026-01-22,1,426,1-426,results.zip/day7.xlsx,8.560718,24.805673,34.801922,682135.968872,2744632.337355,2026-01-22 14:16:31,1,317.817000,12.450577,305.366423,308.580860,-3.214436,205.477469,-34.773390,0.008383,1.300535,63.423170,27.349245,0.110221,12.285338,8.517751,1.384864,10.117904,8.394770,7.533203,6.671636,5.810069,4.948502,4.345405,4.086935,3.225368,2.363801,1.502234,10.313742,8.610191,7.758416,6.906641,6.054866,5.203091,4.606848,4.351316,3.499540,2.647765,1.795990,19.597209,INTERPOLATED,1.000000,2.832000,MATCHED,
CG6-0640|2026-01-22|L1|S427,CG6-0640,2026-01-22,1,427,1-427,results.zip/day7.xlsx,6.734986,24.806536,34.802859,682229.451390,2744729.139036,2026-01-22 14:23:08,1,323.591000,12.446944,311.144056,317.101545,-5.957489,211.255102,-35.877765,0.008061,1.359838,65.206419,27.968815,0.110197,12.545817,8.778230,1.336210,10.252962,8.481377,7.595584,6.709791,5.823999,4.938206,4.318151,4.052413,3.166621,2.280828,1.395036,10.412354,8.656708,7.778885,6.901062,6.023239,5.145416,4.530940,4.267593,3.389770,2.511947,1.634124,19.490888,INTERPOLATED,1.000000,2.832000,MATCHED,
CG6-0640|2026-01-22|L1|S428,CG6-0640,2026-01-22,1,428,1-428,results.zip/day7.kml,9.664239,24.808073,34.803186,682260.226830,2744899.808248,2026-01-22 14:27:33,1,328.386129,12.445532,315.940597,320.372312,-4.431715,216.051642,-36.686196,0.008126,1.465496,66.686851,28.535158,0.110202,12.710296,8.942709,1.434038,10.417068,8.605259,7.699354,6.793449,5.887545,4.981640,4.347507,4.075736,3.169831,2.263927,1.358022,10.649739,8.861198,7.966927,7.072656,6.178385,5.284114,4.658124,4.389843,3.495572,2.601301,1.707030,19.436953,INTERPOLATED,1.000000,2.832000,MATCHED,
CG6-0640|2026-01-22|L1|S430,CG6-0640,2026-01-22,1,430,1-430,results.zip/day7.xlsx,7.519009,24.810332,34.804522,682392.008606,2745151.853892,2026-01-22 14:37:12,1,339.070000,12.440179,326.629821,329.758781,-3.128961,226.740866,-38.606171,0.008229,1.620833,69.986026,29.759022,0.110210,13.178524,9.410937,1.380561,10.744533,8.843084,7.892359,6.941635,5.990910,5.040186,4.374679,4.089461,3.138737,2.188012,1.237288,10.937147,9.054960,8.113866,7.172772,6.231678,5.290585,4.631819,4.349491,3.408397,2.467304,1.526210,19.274304,INTERPOLATED,1.000000,2.832000,MATCHED,
CG6-0640|2026-01-22|L1|S431,CG6-0640,2026-01-22,1,431,1-431,results.zip/day7.xlsx,8.150028,24.810217,34.803855,682324.718181,2745138.244048,2026-01-22 14:40:32,1,334.782000,12.442737,322.339263,324.017658,-1.678395,222.450308,-37.844056,0.008230,1.612938,68.661767,29.204773,0.110210,13.021071,9.253484,1.320621,10.550090,8.684622,7.751888,6.819154,5.886419,4.953685,4.300771,4.020951,3.088217,2.155483,1.222749,10.697806,8.847109,7.921760,6.996412,6.071064,5.145715,4.497972,4.220367,3.295019,2.369670,1.444322,19.342661,INTERPOLATED,1.000000,2.832000,MATCHED,
CG6-0640|2026-01-22|L1|S432,CG6-0640,2026-01-22,1,432,1-432,results.zip/day7.xlsx,6.780556,24.810722,34.803347,682272.650297,2745193.463168,2026-01-22 14:43:41,1,338.378000,12.444613,325.933387,333.192314,-7.258927,226.044432,-38.901730,0.008230,1.647635,69.771074,29.221709,0.110210,13.172493,9.404906,1.318698,10.265623,8.370015,7.422210,6.474406,5.526602,4.578797,3.915334,3.630993,2.683189,1.735384,0.787580,10.411898,8.530917,7.590426,6.649936,5.709445,4.768955,4.110611,3.828464,2.887974,1.947483,1.006992,19.387653,INTERPOLATED,1.000000,2.832000,MATCHED,
CG6-0640|2026-01-23|L1|S433,CG6-0640,2026-01-23,1,433,1-433,results.zip/day8.xlsx,2.965574,24.689725,34.892389,691459.982659,2731913.140107,2026-01-23 08:10:26,1,242.653000,12.099325,230.553675,230.399298,0.154377,130.664720,-32.648914,0.009964,-6.656249,40.332144,14.339478,0.047350,9.473118,5.705531,0.517973,3.381935,2.286180,1.738303,1.190426,0.642549,0.094672,-0.288842,-0.453206,-1.001083,-1.548960,-2.096837,2.928415,1.787309,1.216756,0.646203,0.075649,-0.494904,-0.894291,-1.065457,-1.636010,-2.206563,-2.777116,17.894594,INTERPOLATED,1.000000,0.000000,MATCHED,
CG6-0640|2026-01-23|L1|S434,CG6-0640,2026-01-23,1,434,1-434,results.zip/day8.xlsx,4.309545,24.691332,34.890181,691234.072128,2732088.092425,2026-01-23 08:20:10,1,245.753000,12.109079,233.643921,233.338429,0.305492,133.754966,-33.316530,0.008128,-6.546136,41.285974,14.515580,0.046998,9.637176,5.869589,0.425903,3.298889,2.177220,1.616385,1.055551,0.494716,-0.066119,-0.458703,-0.626953,-1.187788,-1.748622,-2.309457,2.776403,1.602485,1.015527,0.428568,-0.158391,-0.745350,-1.156221,-1.332309,-1.919268,-2.506227,-3.093185,17.925446,INTERPOLATED,1.000000,0.000000,MATCHED,
CG6-0640|2026-01-23|L1|S435,CG6-0640,2026-01-23,1,435,1-435,results.zip/day8.xlsx,3.873651,24.692945,34.888242,691035.468162,2732264.053684,2026-01-23 08:23:39,1,248.586000,12.117805,236.468195,236.570486,-0.102291,136.579240,-33.854358,0.008661,-6.435629,42.157707,14.738979,0.047093,9.750135,5.982548,0.440488,3.285444,2.140090,1.567413,0.994737,0.422060,-0.150617,-0.551491,-0.723294,-1.295971,-1.868647,-2.441324,2.773883,1.577373,0.979119,0.380864,-0.217391,-0.815646,-1.234424,-1.413900,-2.012155,-2.610410,-3.208665,17.940673,INTERPOLATED,1.000000,0.000000,MATCHED,
CG6-0640|2026-01-23|L1|S436,CG6-0640,2026-01-23,1,436,1-436,results.zip/day8.xlsx,2.410295,24.694080,34.886042,690811.103425,2732386.729010,2026-01-23 08:27:48,1,250.426000,12.127378,238.298622,238.765299,-0.466677,138.409667,-34.171168,0.008080,-6.357854,42.722682,14.909368,0.046990,9.824717,6.057130,0.446276,3.302333,2.141630,1.561278,0.980926,0.400574,-0.179777,-0.586024,-0.760129,-1.340481,-1.920833,-2.501184,2.795108,1.583682,0.977969,0.372256,-0.233457,-0.839170,-1.263169,-1.444883,-2.050595,-2.656308,-3.262021,18.015368,INTERPOLATED,1.000000,0.000000,MATCHED,
CG6-0640|2026-01-23|L1|S437,CG6-0640,2026-01-23,1,437,1-437,results.zip/day8.xlsx,3.236757,24.696041,34.885002,690702.859605,2732602.423045,2026-01-23 08:31:31,1,253.644000,12.132749,241.511251,241.473858,0.037392,141.622296,-34.570764,0.010149,-6.223536,43.714282,15.367054,0.047389,9.946717,6.179130,0.480198,3.490608,2.302963,1.709141,1.115319,0.521497,-0.072326,-0.488001,-0.666148,-1.259970,-1.853793,-2.447615,3.008793,1.772967,1.155054,0.537141,-0.080772,-0.698685,-1.131224,-1.316598,-1.934511,-2.552424,-3.170337,17.944979,INTERPOLATED,1.000000,0.000000,MATCHED,
CG6-0640|2026-01-23|L1|S438,CG6-0640,2026-01-23,1,438,1-438,results.zip/day8.xlsx,4.539807,24.698026,34.884326,690631.414939,2732821.407605,2026-01-23 08:35:10,1,255.966000,12.136679,243.829321,243.968582,-0.139261,143.940367,-34.753050,0.008294,-6.087488,44.429769,15.764206,0.047027,10.010824,6.243237,0.568549,3.693366,2.486283,1.882741,1.279199,0.675657,0.072115,-0.350365,-0.531427,-1.134969,-1.738511,-2.342053,3.277732,2.029085,1.404761,0.780438,0.156114,-0.468210,-0.905236,-1.092533,-1.716857,-2.341181,-2.965504,17.847595,INTERPOLATED,1.000000,0.000000,MATCHED,
CG6-0640|2026-01-23|L1|S439,CG6-0640,2026-01-23,1,439,1-439,results.zip/day8.xlsx,2.782989,24.699433,34.882965,690491.546909,2732975.302654,2026-01-23 08:40:48,1,258.849000,12.143105,246.705895,246.608892,0.097003,146.816940,-34.937802,0.008464,-5.991111,45.317641,16.370950,0.047057,10.165984,6.398397,0.476312,4.058881,2.827674,2.212071,1.596468,0.980864,0.365261,-0.065662,-0.250343,-0.865946,-1.481550,-2.097153,3.574155,2.294476,1.654636,1.014796,0.374956,-0.264883,-0.712771,-0.904723,-1.544563,-2.184403,-2.824242,17.843866,INTERPOLATED,1.000000,0.000000,MATCHED,
CG6-0640|2026-01-23|L1|S440,CG6-0640,2026-01-23,1,440,1-440,results.zip/day8.xlsx,4.768911,24.701421,34.881722,690362.773577,2733193.833751,2026-01-23 08:44:21,1,261.096000,12.149433,248.946567,249.006049,-0.059483,149.057612,-35.211245,0.008057,-5.854843,46.009236,16.652834,0.046986,10.233393,6.465806,0.547181,4.152863,2.902866,2.277867,1.652869,1.027870,0.402872,-0.034627,-0.222127,-0.847126,-1.472124,-2.097123,3.721222,2.428061,1.781481,1.134900,0.488319,-0.158261,-0.610868,-0.804842,-1.451422,-2.098003,-2.744584,17.787958,INTERPOLATED,1.000000,0.000000,MATCHED,
CG6-0640|2026-01-23|L1|S441,CG6-0640,2026-01-23,1,441,1-441,results.zip/day8.xlsx,5.670548,24.702903,34.880558,690242.672303,2733356.374161,2026-01-23 08:47:20,1,262.905000,12.155167,250.749833,251.549763,-0.799930,150.860878,-35.763404,0.009070,-5.753277,46.565823,16.555697,0.047170,10.265687,6.498100,0.662836,3.904504,2.639384,2.006825,1.374265,0.741705,0.109146,-0.333646,-0.523414,-1.155974,-1.788533,-2.421093,3.559496,2.259876,1.610066,0.960256,0.310446,-0.339364,-0.794231,-0.989174,-1.638984,-2.288794,-2.938604,17.764805,INTERPOLATED,1.000000,0.000000,MATCHED,
CG6-0640|2026-01-23|L1|S442,CG6-0640,2026-01-23,1,442,1-442,results.zip/day8.xlsx,2.828083,24.704078,34.879032,690086.561398,2733484.357388,2026-01-23 08:50:17,1,265.333000,12.162234,253.170766,252.956488,0.214278,153.281811,-35.928160,0.008262,-5.672780,47.313057,17.057677,0.047022,10.376080,6.608493,0.639118,4.203465,2.918043,2.275333,1.632622,0.989912,0.347201,-0.102697,-0.295510,-0.938220,-1.580931,-2.223642,3.840691,2.518992,1.858143,1.197293,0.536444,-0.124405,-0.587000,-0.785255,-1.446104,-2.106953,-2.767803,17.790528,INTERPOLATED,1.000000,0.000000,MATCHED,
CG6-0640|2026-01-23|L1|S443,CG6-0640,2026-01-23,1,443,1-443,results.zip/day8.xlsx,1.348013,24.705516,34.877810,689960.710055,2733641.957583,2026-01-23 08:53:39,1,268.024000,12.168242,255.855758,255.600759,0.254999,155.966803,-36.330627,0.008149,-5.574216,48.141792,17.385381,0.047002,10.501734,6.734148,0.604214,4.306005,2.998067,2.344099,1.690130,1.036161,0.382192,-0.075586,-0.271777,-0.925745,-1.579714,-2.233683,3.917086,2.570257,1.896842,1.223427,0.550012,-0.123402,-0.594793,-0.796817,-1.470232,-2.143647,-2.817061,17.774452,INTERPOLATED,1.000000,0.000000,MATCHED,
CG6-0640|2026-01-23|L1|S444,CG6-0640,2026-01-23,1,444,1-444,results.zip/day8.xlsx,6.090359,24.707316,34.877404,689916.862135,2733840.815026,2026-01-23 08:56:58,1,270.430000,12.171107,258.258893,258.082669,0.176224,158.369938,-36.614398,0.008972,-5.450817,48.883530,17.719949,0.047151,10.624853,6.857266,0.544526,4.439046,3.110956,2.446911,1.782866,1.118821,0.454776,-0.010056,-0.209270,-0.873315,-1.537360,-2.201405,4.005417,2.633964,1.948238,1.262511,0.576784,-0.108942,-0.588951,-0.794669,-1.480395,-2.166122,-2.851849,17.670372,INTERPOLATED,1.000000,0.000000,MATCHED,
CG6-0640|2026-01-23|L1|S445,CG6-0640,2026-01-23,1,445,1-445,results.zip/day8.xlsx,2.220740,24.709675,34.877301,689902.882380,2734101.875840,2026-01-23 09:00:46,1,273.770000,12.172209,261.597791,261.709367,-0.111577,161.708836,-36.805926,0.009170,-5.289178,49.914093,18.397345,0.047190,10.777374,7.009787,0.511094,4.836442,3.480352,2.802307,2.124261,1.446216,0.768171,0.293539,0.090126,-0.587919,-1.265964,-1.944010,4.377770,2.975813,2.274834,1.573855,0.872876,0.171898,-0.318787,-0.529081,-1.230060,-1.931039,-2.632017,17.501524,INTERPOLATED,1.000000,0.000000,MATCHED,
CG6-0640|2026-01-23|L1|S446,CG6-0640,2026-01-23,1,446,1-446,results.zip/day8.xlsx,4.473245,24.711288,34.876398,689809.072528,2734279.297666,2026-01-23 09:04:01,1,275.841000,12.176025,263.664975,264.728796,-1.063821,163.776021,-36.997390,0.008357,-5.178604,50.552136,18.733350,0.047038,10.801675,7.034088,0.677640,4.999093,3.625668,2.938955,2.252242,1.565529,0.878816,0.398117,0.192103,-0.494609,-1.181322,-1.868035,4.665175,3.258358,2.554949,1.851540,1.148131,0.444723,-0.047663,-0.258686,-0.962095,-1.665504,-2.368912,17.449164,INTERPOLATED,1.000000,0.000000,MATCHED,
CG6-0640|2026-01-23|L1|S447,CG6-0640,2026-01-23,1,447,1-447,results.zip/day8.xlsx,2.135381,24.713421,34.874994,689663.793089,2734513.676639,2026-01-23 09:07:33,1,279.185000,12.181981,267.003019,267.164191,-0.161171,167.114064,-37.268546,0.008499,-5.032344,51.582433,19.346232,0.047064,10.989269,7.221682,0.550469,5.332046,3.930628,3.229919,2.529209,1.828500,1.127791,0.637294,0.427081,-0.273628,-0.974337,-1.675046,4.902869,3.458532,2.736364,2.014196,1.292028,0.569860,0.064342,-0.152308,-0.874477,-1.596645,-2.318813,17.394149,INTERPOLATED,1.000000,0.000000,MATCHED,
CG6-0640|2026-01-23|L1|S448,CG6-0640,2026-01-23,1,448,1-448,results.zip/day8.xlsx,7.091512,24.715199,34.872537,689412.509239,2734707.148328,2026-01-23 09:10:39,1,282.967000,12.191150,270.775850,270.649908,0.125942,170.886895,-37.867574,0.010146,-4.910494,52.746928,19.789847,0.047389,11.142357,7.374770,0.564104,5.459272,4.026215,3.309686,2.593157,1.876628,1.160100,0.658530,0.443571,-0.272958,-0.989487,-1.706015,5.040308,3.565354,2.827877,2.090400,1.352923,0.615446,0.099212,-0.122031,-0.859508,-1.596985,-2.334462,17.444841,INTERPOLATED,1.000000,0.000000,MATCHED,
CG6-0640|2026-01-23|L1|S449,CG6-0640,2026-01-23,1,449,1-449,results.zip/day8.xlsx,3.763394,24.717104,34.871331,689287.576000,2734916.556117,2026-01-23 09:14:11,1,286.906000,12.195715,274.710285,275.216801,-0.506516,174.821330,-38.445489,0.008876,-4.779845,53.961299,20.295655,0.047133,11.298768,7.531181,0.586958,5.635138,4.169087,3.436061,2.703035,1.970009,1.236983,0.723865,0.503957,-0.229068,-0.962094,-1.695120,5.233293,3.727057,2.973939,2.220821,1.467703,0.714585,0.187402,-0.038534,-0.791652,-1.544770,-2.297888,17.395282,INTERPOLATED,1.000000,0.000000,MATCHED,
CG6-0640|2026-01-23|L1|S450,CG6-0640,2026-01-23,1,450,1-450,results.zip/day8.xlsx,4.046204,24.718723,34.869690,689119.110051,2735093.536785,2026-01-23 09:17:20,1,291.407000,12.201915,279.205085,281.671294,-2.466209,179.316130,-38.939149,0.007979,-4.668891,55.348627,21.078368,0.046973,11.481987,7.714400,0.600969,6.040918,4.537172,3.785300,3.033427,2.281555,1.529682,1.003372,0.777810,0.025937,-0.725935,-1.477808,5.649568,4.106688,3.335248,2.563808,1.792368,1.020927,0.480919,0.249487,-0.521953,-1.293393,-2.064833,17.403151,INTERPOLATED,1.000000,0.000000,MATCHED,
CG6-0640|2026-01-23|L1|S451,CG6-0640,2026-01-23,1,451,1-451,results.zip/day8.xlsx,5.032687,24.720683,34.868751,689021.116904,2735309.392282,2026-01-23 09:20:25,1,296.073000,12.205537,283.867463,286.967537,-3.100074,183.978508,-39.368041,0.008260,-4.534466,56.787674,21.954099,0.047021,11.709209,7.941622,0.516254,6.525661,4.982817,4.211396,3.439974,2.668552,1.897130,1.357135,1.125708,0.354286,-0.417136,-1.188558,6.070854,4.482530,3.688368,2.894205,2.100043,1.305881,0.749967,0.511719,-0.282443,-1.076606,-1.870768,17.335616,INTERPOLATED,1.000000,0.000000,MATCHED,
CG6-0640|2026-01-23|L1|S452,CG6-0640,2026-01-23,1,452,1-452,results.zip/day8.xlsx,6.987083,24.722244,34.867561,688898.415049,2735480.604040,2026-01-23 09:24:37,1,296.908000,12.210095,284.697905,284.914028,-0.216123,184.808950,-39.213249,0.008615,-4.427459,57.043988,22.258197,0.047085,11.753256,7.985669,0.491620,6.760119,5.210311,4.435407,3.660503,2.885599,2.110695,1.568262,1.335791,0.560887,-0.214017,-0.988920,6.286860,4.689726,3.891159,3.092592,2.294025,1.495458,0.936461,0.696891,-0.101676,-0.900242,-1.698809,17.318682,INTERPOLATED,1.000000,0.000000,MATCHED,
CG6-0640|2026-01-23|L1|S453,CG6-0640,2026-01-23,1,453,1-453,results.zip/day8.xlsx,1.821863,24.724136,34.865869,688724.309666,2735687.802466,2026-01-23 09:29:23,1,296.119000,12.216592,283.902408,283.885157,0.017251,184.013453,-38.627249,0.008075,-4.297737,56.798454,22.468942,0.046989,11.741767,7.974180,0.433237,7.037574,5.494437,4.722869,3.951300,3.179732,2.408164,1.868066,1.636595,0.865027,0.093458,-0.678110,6.520582,4.925746,4.128328,3.330910,2.533492,1.736074,1.177882,0.938656,0.141238,-0.656180,-1.453598,17.321516,INTERPOLATED,1.000000,0.000000,MATCHED,
CG6-0640|2026-01-23|L1|S454,CG6-0640,2026-01-23,1,454,1-454,results.zip/day8.xlsx,8.271157,24.725855,34.864571,688590.405435,2735876.476253,2026-01-23 09:32:36,1,298.730000,12.221621,286.508379,286.593341,-0.084962,186.619424,-38.696714,0.008389,-4.179816,57.602787,23.085888,0.047044,11.845660,8.078073,0.447588,7.435984,5.870993,5.088498,4.306003,3.523507,2.741012,2.193265,1.958517,1.176022,0.393526,-0.388969,6.929742,5.314127,4.506320,3.698512,2.890705,2.082898,1.517432,1.275090,0.467283,-0.340525,-1.148332,17.308427,INTERPOLATED,1.000000,0.000000,MATCHED,
CG6-0640|2026-01-23|L1|S455,CG6-0640,2026-01-23,1,455,1-455,results.zip/day8.xlsx,5.499483,24.727482,34.863639,688493.661039,2736055.373968,2026-01-23 09:35:44,1,301.409000,12.225282,289.183718,289.108975,0.074743,189.294763,-38.894530,0.008033,-4.068254,58.428529,23.602253,0.046982,11.957956,8.190369,0.447271,7.727994,6.140568,5.346855,4.553142,3.759429,2.965717,2.410117,2.172004,1.378291,0.584578,-0.209135,7.221514,5.583441,4.764404,3.945367,3.126330,2.307293,1.733967,1.488256,0.669219,-0.149818,-0.968855,17.274910,INTERPOLATED,1.000000,0.000000,MATCHED,
CG6-0640|2026-01-23|L1|S456,CG6-0640,2026-01-23,1,456,1-456,results.zip/day8.xlsx,7.912625,24.728777,34.862491,688375.649301,2736197.229888,2026-01-23 09:38:57,1,304.286000,12.229746,292.056254,292.686380,-0.630126,192.167299,-39.078185,0.010020,-3.979441,59.315136,24.216392,0.047362,12.066671,8.299084,0.478592,8.101242,6.489727,5.683969,4.878212,4.072455,3.266697,2.702667,2.460940,1.655182,0.849425,0.043667,7.618224,5.958408,5.128499,4.298591,3.468682,2.638774,2.057838,1.808866,0.978957,0.149049,-0.680859,17.282992,INTERPOLATED,1.000000,0.000000,MATCHED,
CG6-0640|2026-01-23|L1|S457,CG6-0640,2026-01-23,1,457,1-457,results.zip/day8.xlsx,6.749275,24.730345,34.861374,688260.265291,2736369.375756,2026-01-23 09:42:48,1,309.037000,12.234140,296.802860,298.270926,-1.468066,196.913905,-39.725893,0.008389,-3.871893,60.780171,24.926171,0.047044,12.252524,8.484937,0.513762,8.412971,6.761651,5.935991,5.110331,4.284671,3.459011,2.881049,2.633351,1.807691,0.982031,0.156371,7.956298,6.259311,5.410817,4.562324,3.713830,2.865336,2.271391,2.016843,1.168349,0.319855,-0.528638,17.273003,INTERPOLATED,1.000000,0.000000,MATCHED,
CG6-0640|2026-01-23|L1|S458,CG6-0640,2026-01-23,1,458,1-458,results.zip/day8.xlsx,5.751529,24.731752,34.860112,688130.478420,2736523.480437,2026-01-23 09:46:35,1,309.514000,12.239088,297.274912,298.414852,-1.139940,197.385957,-39.265148,0.008460,-3.775390,60.925867,25.436109,0.047057,12.285730,8.518143,0.477948,8.883323,7.228044,6.400405,5.572766,4.745127,3.917487,3.338140,3.089848,2.262209,1.434569,0.606930,8.399823,6.696194,5.844380,4.992566,4.140751,3.288937,2.692667,2.437123,1.585308,0.733494,-0.118320,17.287717,INTERPOLATED,1.000000,0.000000,MATCHED,
CG6-0640|2026-01-23|L1|S459,CG6-0640,2026-01-23,1,459,1-459,results.zip/day8.xlsx,6.519125,24.733017,34.858683,687983.970668,2736661.692204,2026-01-23 09:50:17,1,305.503000,12.244679,293.258321,293.680271,-0.421950,193.369366,-38.247564,0.008173,-3.688583,59.686146,25.127166,0.047006,12.119706,8.352119,0.471563,8.911211,7.289615,6.478817,5.668020,4.857222,4.046424,3.478866,3.235626,2.424829,1.614031,0.803233,8.422927,6.752503,5.917291,5.082080,4.246868,3.411656,2.827007,2.576444,1.741232,0.906020,0.070808,17.327577,INTERPOLATED,1.000000,0.000000,MATCHED,
CG6-0640|2026-01-23|L1|S460,CG6-0640,2026-01-23,1,460,1-460,results.zip/day8.xlsx,7.067350,24.734076,34.857166,687828.938077,2736776.852017,2026-01-23 09:53:32,1,304.944000,12.250600,292.693400,292.417306,0.276094,192.804445,-38.000299,0.009545,-3.615976,59.511782,25.127459,0.047264,12.101289,8.333702,0.457491,8.958879,7.342021,6.533591,5.725162,4.916733,4.108304,3.542404,3.299875,2.491446,1.683017,0.874588,8.460055,6.793314,5.959944,5.126574,4.293204,3.459834,2.876474,2.626463,1.793093,0.959723,0.126353,17.389715,INTERPOLATED,1.000000,0.000000,MATCHED,
CG6-0640|2026-01-23|L1|S461,CG6-0640,2026-01-23,1,461,1-461,results.zip/day8.xlsx,5.409207,24.733861,34.855182,687628.560463,2736750.383706,2026-01-23 09:56:36,1,308.072000,12.258156,295.813844,295.582052,0.231792,195.924889,-38.629364,0.010145,-3.630683,60.474906,25.476224,0.047389,12.223376,8.455789,0.480862,9.045963,7.402937,6.581424,5.759911,4.938398,4.116885,3.541826,3.295372,2.473859,1.652346,0.830833,8.564646,6.873488,6.027909,5.182330,4.336751,3.491172,2.899267,2.645593,1.800014,0.954435,0.108856,17.570321,INTERPOLATED,1.000000,0.000000,MATCHED,
CG6-0640|2026-01-23|L1|S462,CG6-0640,2026-01-23,1,462,1-462,results.zip/day8.xlsx,10.102043,24.734848,34.853450,687451.835834,2736857.323260,2026-01-23 10:01:18,1,310.297000,12.264920,298.032080,298.322332,-0.290251,198.143126,-38.913106,0.008740,-3.562984,61.159561,25.809440,0.047108,12.285388,8.517801,0.563630,9.193157,7.531529,6.700715,5.869901,5.039086,4.208272,3.626702,3.377458,2.546644,1.715830,0.885016,8.773838,7.070278,6.218498,5.366718,4.514938,3.663158,3.066912,2.811378,1.959598,1.107818,0.256038,17.657931,INTERPOLATED,1.000000,0.000000,MATCHED_ID_TIEBREAK,
CG6-0640|2026-01-23|L1|S463,CG6-0640,2026-01-23,1,463,1-463,results.zip/day8.xlsx,6.977796,24.733400,34.851042,687210.429921,2736693.635635,2026-01-23 10:05:22,1,313.568000,12.273907,301.294093,301.522427,-0.228333,201.405139,-39.525798,0.008052,-3.662315,62.166381,26.302898,0.046985,12.456302,8.688715,0.472480,9.413063,7.724079,6.879588,6.035096,5.190604,4.346112,3.754968,3.501621,2.657129,1.812637,0.968145,8.925467,7.187724,6.318852,5.449981,4.581109,3.712238,3.104027,2.843366,1.974494,1.105623,0.236751,17.949483,INTERPOLATED,1.000000,0.000000,MATCHED,
CG6-0640|2026-01-23|L1|S464,CG6-0640,2026-01-23,1,464,1-464,results.zip/day8.kml,1.121315,24.731794,34.849760,687083.167665,2736513.930222,2026-01-23 10:09:07,1,319.138965,12.278536,306.860429,304.298545,2.561884,206.971474,-40.317822,0.008697,-3.772517,63.884423,27.339119,0.047100,12.700281,8.932694,0.444227,9.982491,8.246828,7.378997,6.511165,5.643334,4.775502,4.168020,3.907671,3.039840,2.172008,1.304177,9.473731,7.687192,6.793923,5.900654,5.007384,4.114115,3.488826,3.220845,2.327576,1.434307,0.541037,18.154805,INTERPOLATED,1.000000,0.000000,MATCHED,TILT_GT_20
CG6-0640|2026-01-23|L1|S465,CG6-0640,2026-01-23,1,465,1-465,results.zip/day8.xlsx,8.080537,24.735385,34.855659,687674.540246,2736919.831599,2026-01-23 10:22:22,1,309.097000,12.256534,296.840466,298.469688,-1.629222,196.951512,-38.797879,0.008097,-3.526147,60.791770,25.520038,0.046993,12.246228,8.478641,0.534782,9.003684,7.352049,6.526231,5.700413,4.874596,4.048778,3.470705,3.222960,2.397142,1.571325,0.745507,8.562756,6.867028,6.019164,5.171300,4.323436,3.475572,2.882067,2.627707,1.779843,0.931979,0.084115,17.437821,INTERPOLATED,1.000000,0.000000,MATCHED,
CG6-0640|2026-01-23|L1|S466,CG6-0640,2026-01-23,1,466,1-466,results.zip/day8.xlsx,7.510613,24.736824,34.853699,687474.108073,2737076.452157,2026-01-23 10:25:26,1,313.916000,12.264247,301.651753,301.784729,-0.132976,201.762798,-39.503664,0.008146,-3.427481,62.276766,26.200583,0.047001,12.434048,8.666461,0.571940,9.280755,7.588772,6.742781,5.896789,5.050798,4.204806,3.612612,3.358815,2.512824,1.666832,0.820841,8.867660,7.134368,6.267722,5.401076,4.534429,3.667783,3.061131,2.801137,1.934491,1.067845,0.201199,17.511726,INTERPOLATED,1.000000,0.000000,MATCHED,
CG6-0640|2026-01-23|L1|S467,CG6-0640,2026-01-23,1,467,1-467,results.zip/day8.xlsx,12.448580,24.738573,34.851569,687255.972936,2737267.261242,2026-01-23 10:29:19,1,321.578000,12.272697,309.305303,314.881700,-5.576398,209.416348,-41.022940,0.008121,-3.307493,64.639016,26.923569,0.046997,12.731819,8.964232,0.633731,9.361914,7.605749,6.727666,5.849583,4.971500,4.093418,3.478760,3.215335,2.337252,1.459169,0.581087,8.995105,7.202259,6.305835,5.409412,4.512989,3.616566,2.989070,2.720143,1.823719,0.927296,0.030873,17.574536,INTERPOLATED,1.000000,0.000000,MATCHED,
CG6-0640|2026-01-23|L1|S468,CG6-0640,2026-01-23,1,468,1-468,results.zip/day8.xlsx,5.890575,24.739895,34.850298,687125.430223,2737412.029699,2026-01-23 10:33:53,1,331.849000,12.277804,319.571196,321.422306,-1.851110,219.682242,-42.504309,0.008321,-3.216747,67.807548,28.519985,0.047032,13.220363,9.452776,0.478617,10.097432,8.255177,7.334050,6.412922,5.491794,4.570667,3.925877,3.649539,2.728411,1.807284,0.886156,9.614433,7.723878,6.778601,5.833323,4.888045,3.942768,3.281073,2.997490,2.052213,1.106935,0.161657,17.596658,INTERPOLATED,1.000000,0.000000,MATCHED,
CG6-0640|2026-01-23|L1|S469,CG6-0640,2026-01-23,1,469,1-469,results.zip/day8.xlsx,8.477725,24.741241,34.848860,686978.036132,2737559.091530,2026-01-23 10:40:18,1,319.321000,12.283575,307.037425,307.249101,-0.211676,207.148470,-40.167177,0.008423,-3.124436,63.939036,26.896295,0.047050,12.684016,8.916429,0.507468,9.524824,7.787677,6.919103,6.050530,5.181956,4.313383,3.705381,3.444809,2.576236,1.707662,0.839089,9.063436,7.280150,6.388507,5.496864,4.605221,3.713578,3.089428,2.821935,1.930293,1.038650,0.147007,17.633492,INTERPOLATED,1.000000,0.000000,MATCHED,
CG6-0640|2026-01-23|L1|S470,CG6-0640,2026-01-23,1,470,1-470,results.zip/day8.xlsx,6.374637,24.740636,34.847494,686840.681793,2737490.251265,2026-01-23 10:44:53,1,321.488000,12.288749,309.199251,309.288865,-0.089613,209.310297,-40.272662,0.008032,-3.165922,64.606279,27.499539,0.046982,12.781582,9.013995,0.488991,9.946778,8.191502,7.313864,6.436226,5.558588,4.680950,4.066603,3.803312,2.925673,2.048035,1.170397,9.471549,7.668750,6.767351,5.865951,4.964552,4.063152,3.432173,3.161753,2.260353,1.358954,0.457554,17.785651,INTERPOLATED,1.000000,0.000000,MATCHED,
CG6-0640|2026-01-23|L1|S471,CG6-0640,2026-01-23,1,471,1-471,results.zip/day8.xlsx,6.736388,24.738525,34.846734,686767.016359,2737255.421265,2026-01-23 10:48:46,1,325.732000,12.291295,313.440705,313.579020,-0.138315,213.551750,-41.314118,0.007995,-3.310734,65.915396,27.912012,0.046975,12.959155,9.191568,0.489715,10.003562,8.212717,7.317295,6.421872,5.526450,4.631027,4.004232,3.735605,2.840183,1.944760,1.049338,9.528876,7.690562,6.771406,5.852249,4.933092,4.013935,3.370525,3.094778,2.175622,1.256465,0.337308,17.979913,INTERPOLATED,1.000000,0.000000,MATCHED,
CG6-0640|2026-01-23|L1|S472,CG6-0640,2026-01-23,1,472,1-472,results.zip/day8.xlsx,2.818912,24.736538,34.845375,686632.525540,2737033.427827,2026-01-23 10:52:38,1,329.182000,12.296146,316.885854,317.734320,-0.848466,216.996899,-42.370833,0.008053,-3.447082,66.978733,28.054982,0.046985,13.089913,9.322326,0.526286,9.857622,8.037886,7.128018,6.218150,5.308282,4.398414,3.761507,3.488546,2.578678,1.668810,0.758942,9.410330,7.545865,6.613632,5.681400,4.749167,3.816935,3.164372,2.884702,1.952469,1.020237,0.088004,18.217616,INTERPOLATED,1.000000,0.000000,MATCHED,
CG6-0640|2026-01-23|L1|S473,CG6-0640,2026-01-23,1,473,1-473,results.zip/day8.xlsx,5.686622,24.736176,34.843460,686439.281619,2736990.769919,2026-01-23 11:00:49,1,334.045000,12.303424,321.741576,321.237878,0.503699,221.852621,-43.594171,0.008322,-3.471885,68.477433,28.355147,0.047032,13.306362,9.538775,0.491979,9.750587,7.890130,6.959902,6.029674,5.099446,4.169218,3.518059,3.238990,2.308762,1.378534,0.448306,9.277596,7.369841,6.415964,5.462086,4.508209,3.554331,2.886617,2.600454,1.646576,0.692699,-0.261179,18.400117,INTERPOLATED,1.000000,0.000000,MATCHED,
CG6-0640|2026-01-23|L1|S474,CG6-0640,2026-01-23,1,474,1-474,results.zip/day8.xlsx,2.360044,24.735618,34.841379,686229.657781,2736926.058050,2026-01-23 11:04:47,1,337.491000,12.311283,325.179717,325.216659,-0.036943,225.290762,-44.014897,0.008424,-3.510209,69.538601,29.033913,0.047050,13.432437,9.664850,0.540270,10.141029,8.251741,7.307097,6.362453,5.417808,4.473164,3.811913,3.528520,2.583876,1.639232,0.694588,9.704212,7.771242,6.804757,5.838272,4.871787,3.905302,3.228762,2.938817,1.972332,1.005847,0.039362,18.608966,INTERPOLATED,1.000000,0.000000,MATCHED,
CG6-0640|2026-01-23|L1|S475,CG6-0640,2026-01-23,1,475,1-475,results.zip/day8.xlsx,1.429546,24.735019,34.838830,685972.661279,2736856.220534,2026-01-23 11:08:39,1,341.816000,12.320916,329.495084,329.624130,-0.129046,229.606129,-44.919536,0.008922,-3.551314,70.870518,29.502296,0.047142,13.580631,9.813044,0.627712,10.247526,8.322049,7.359311,6.396572,5.433834,4.471095,3.797178,3.508357,2.545618,1.582880,0.620141,9.876209,7.913600,6.932296,5.950991,4.969687,3.988383,3.301469,3.007078,2.025774,1.044469,0.063165,18.859936,INTERPOLATED,1.000000,0.000000,MATCHED,
CG6-0640|2026-01-23|L1|S476,CG6-0640,2026-01-23,1,476,1-476,results.zip/day8.xlsx,2.658170,24.735324,34.836402,685726.583262,2736886.777525,2026-01-23 11:11:48,1,346.658000,12.330286,334.327714,334.996982,-0.669268,234.438759,-45.256203,0.008014,-3.530347,72.362081,30.636225,0.046979,13.786263,10.018676,0.619703,10.976191,9.010187,8.027185,7.044184,6.061182,5.078180,4.390079,4.095179,3.112177,2.129175,1.146173,10.598874,8.595138,7.593271,6.591403,5.589536,4.587668,3.886361,3.585801,2.583933,1.582065,0.580198,19.045861,INTERPOLATED,1.000000,0.000000,MATCHED,
CG6-0640|2026-01-23|L1|S477,CG6-0640,2026-01-23,1,477,1-477,results.zip/day8.xlsx,6.675121,24.737209,34.834722,685553.899634,2737093.317464,2026-01-23 11:15:03,1,351.392000,12.337191,339.054809,338.980783,0.074026,239.165854,-45.612263,0.008174,-3.401016,73.821064,31.609817,0.047006,13.931900,10.164314,0.760063,11.553369,9.547724,8.544901,7.542079,6.539256,5.536434,4.834458,4.533612,3.530789,2.527967,1.525144,11.281190,9.248327,8.231896,7.215465,6.199033,5.182602,4.471100,4.166171,3.149739,2.133308,1.116876,19.075001,INTERPOLATED,1.000000,0.000000,MATCHED,
CG6-0640|2026-01-23|L1|S478,CG6-0640,2026-01-23,1,478,1-478,results.zip/day8.xlsx,5.674681,24.738232,34.832544,685331.973956,2737203.635877,2026-01-23 11:18:38,1,356.379000,12.345354,344.033646,344.530715,-0.497069,244.144691,-46.343103,0.008831,-3.330859,75.357744,32.345500,0.047125,14.141730,10.374143,0.757214,11.871527,9.824129,8.800431,7.776732,6.753033,5.729335,5.012745,4.705636,3.681937,2.658238,1.634540,11.597214,9.522385,8.484971,7.447557,6.410142,5.372728,4.646538,4.335314,3.297899,2.260485,1.223071,19.201156,INTERPOLATED,1.000000,0.000000,MATCHED,
CG6-0640|2026-01-23|L1|S479,CG6-0640,2026-01-23,1,479,1-479,results.zip/day8.xlsx,4.423297,24.738047,34.830042,685079.181623,2737179.699578,2026-01-23 11:24:31,1,361.460000,12.353421,349.106579,350.550948,-1.444369,249.217624,-47.582922,0.008123,-3.343587,76.923465,32.684130,0.046997,14.330694,10.563107,0.820612,11.784740,9.694801,8.649832,7.604862,6.559893,5.514923,4.783445,4.469954,3.424984,2.380015,1.335045,11.557917,9.445296,8.388985,7.332674,6.276363,5.220053,4.480635,4.163742,3.107431,2.051121,0.994810,19.427204,INTERPOLATED,1.000000,0.000000,MATCHED,
CG6-0640|2026-01-23|L1|S480,CG6-0640,2026-01-23,1,480,1-480,results.zip/day8.xlsx,9.810652,24.737288,34.827441,684817.262214,2737092.139488,2026-01-23 11:30:24,1,368.506000,12.361628,356.144372,358.634898,-2.490527,256.255417,-49.532093,0.011586,-3.395643,79.095620,32.959170,0.047718,14.594878,10.827291,0.903143,11.469590,9.320633,8.246154,7.171675,6.097196,5.022717,4.270581,3.948238,2.873759,1.799280,0.724801,11.304588,9.139130,8.056401,6.973672,5.890943,4.808214,4.050303,3.725484,2.642755,1.560026,0.477297,19.695389,INTERPOLATED,1.000000,0.000000,MATCHED,STDDEV_GT_0.050
CG6-0640|2026-01-23|L1|S481,CG6-0640,2026-01-23,1,481,1-481,results.zip/day8.xlsx,3.094575,24.735735,34.825497,684622.826541,2736917.474068,2026-01-23 11:35:37,1,374.535000,12.367437,362.167563,365.946403,-3.778840,262.278609,-51.070492,0.008100,-3.502197,80.954623,33.386328,0.046993,14.856356,11.088769,0.879312,11.391644,9.192176,8.092441,6.992707,5.892973,4.793239,4.023425,3.693504,2.593770,1.494036,0.394302,11.208791,8.991037,7.882160,6.773284,5.664407,4.555530,3.779316,3.446653,2.337776,1.228899,0.120022,19.952868,INTERPOLATED,1.000000,0.000000,MATCHED,
CG6-0640|2026-01-23|L1|S482,CG6-0640,2026-01-23,1,482,1-482,results.zip/day8.xlsx,0.802241,24.735094,34.822716,684342.452810,2736842.775795,2026-01-23 11:41:29,1,381.826000,12.376197,369.449803,371.804699,-2.354896,269.560848,-52.667175,0.008463,-3.546138,83.202210,34.081173,0.047057,15.146518,11.378931,0.919847,11.475800,9.215263,8.084994,6.954726,5.824457,4.694188,3.903000,3.563920,2.433651,1.303382,0.173114,11.323311,9.047524,7.909631,6.771738,5.633845,4.495952,3.699427,3.358059,2.220166,1.082273,-0.055621,20.229933,INTERPOLATED,1.000000,0.000000,MATCHED,
CG6-0640|2026-01-23|L1|S483,CG6-0640,2026-01-23,1,483,1-483,results.zip/day8.xlsx,5.715581,24.733379,34.821098,684181.375539,2736650.614428,2026-01-23 11:46:29,1,389.627000,12.380813,377.246187,379.791632,-2.545445,277.357232,-54.580529,0.008176,-3.663798,85.608476,34.691745,0.047007,15.471835,11.704248,0.924081,11.432567,9.106650,7.943691,6.780732,5.617773,4.454814,3.640743,3.291855,2.128896,0.965938,-0.197021,11.283249,8.942399,7.771974,6.601550,5.431125,4.260700,3.441403,3.090275,1.919850,0.749426,-0.420999,20.468406,INTERPOLATED,1.000000,0.000000,MATCHED,
CG6-0640|2026-01-23|L1|S484,CG6-0640,2026-01-23,1,484,1-484,results.zip/day8.xlsx,6.958323,24.734483,34.818294,683896.067349,2736769.121334,2026-01-23 11:52:18,1,404.870000,12.390222,392.479778,392.844062,-0.364283,292.590823,-57.076351,0.008177,-3.588070,90.310117,36.821836,0.047007,16.160631,12.393044,0.790443,12.285169,9.831503,8.604669,7.377836,6.151003,4.924169,4.065386,3.697336,2.470503,1.243670,0.016836,12.035748,9.557139,8.317834,7.078530,5.839225,4.599921,3.732408,3.360617,2.121312,0.882008,-0.357297,20.648076,INTERPOLATED,1.000000,0.000000,MATCHED,
CG6-0640|2026-01-23|L1|S485,CG6-0640,2026-01-23,1,485,1-485,results.zip/day8.xlsx,4.298154,24.736670,34.817595,683822.181523,2737010.465391,2026-01-23 11:58:25,1,390.894000,12.393285,378.500715,378.994446,-0.493731,278.611760,-54.328561,0.008834,-3.438015,85.995663,35.105117,0.047125,15.534785,11.767198,0.896453,11.740735,9.404297,8.236078,7.067859,5.899640,4.731421,3.913667,3.563201,2.394982,1.226763,0.058544,11.570722,9.217282,8.040562,6.863842,5.687123,4.510403,3.686699,3.333683,2.156963,0.980244,-0.196476,20.586403,INTERPOLATED,1.000000,0.000000,MATCHED,
CG6-0640|2026-01-23|L1|S486,CG6-0640,2026-01-23,1,486,1-486,results.zip/day8.xlsx,7.608933,24.738703,34.819608,684022.739247,2737238.371729,2026-01-23 12:03:22,1,383.450000,12.387506,371.062494,372.330321,-1.267826,271.173540,-52.583574,0.008465,-3.298530,83.699941,34.414897,0.047058,15.229045,11.461458,0.880047,11.674284,9.400223,8.263192,7.126162,5.989131,4.852100,4.056179,3.715070,2.578039,1.441009,0.303978,11.491982,9.199690,8.053544,6.907399,5.761253,4.615107,3.812805,3.468961,2.322815,1.176670,0.030524,20.297756,INTERPOLATED,1.000000,0.000000,MATCHED,
CG6-0640|2026-01-23|L1|S487,CG6-0640,2026-01-23,1,487,1-487,results.zip/day8.xlsx,9.075884,24.739663,34.821588,684221.613130,2737347.295446,2026-01-23 12:06:49,1,377.978000,12.381403,365.596597,367.076481,-1.479884,265.707642,-51.214483,0.008790,-3.232713,82.012950,34.031180,0.047117,15.014667,11.247080,0.840513,11.748937,9.520712,8.406600,7.292488,6.178376,5.064264,4.284385,3.950152,2.836040,1.721927,0.607815,11.537020,9.287604,8.162896,7.038188,5.913480,4.788773,4.001477,3.664065,2.539357,1.414649,0.289941,20.071247,INTERPOLATED,1.000000,0.000000,MATCHED,
CG6-0640|2026-01-23|L1|S488,CG6-0640,2026-01-23,1,488,1-488,results.zip/day8.xlsx,11.340518,24.741675,34.821927,684252.939559,2737570.601319,2026-01-23 12:09:46,1,373.878000,12.380986,361.497014,361.578251,-0.081237,261.608059,-50.150379,0.009439,-3.094673,80.747652,33.691946,0.047243,14.851345,11.083758,0.817619,11.753494,9.559649,8.462726,7.365804,6.268881,5.171959,4.404113,4.075036,2.978113,1.881191,0.784268,11.524429,9.307678,8.199302,7.090926,5.982550,4.874174,4.098311,3.765799,2.657423,1.549047,0.440671,19.931535,INTERPOLATED,1.000000,0.000000,MATCHED,
CG6-0640|2026-01-23|L1|S489,CG6-0640,2026-01-23,1,489,1-489,results.zip/day8.kml,3.332789,24.743731,34.821998,684257.084921,2737798.488503,2026-01-23 12:13:39,1,363.062305,12.381455,350.680851,355.576886,-4.896036,250.791896,-48.511022,0.009384,-2.953563,77.409339,31.851880,0.047232,14.353016,10.585429,0.937257,10.820472,8.717331,7.665761,6.614190,5.562620,4.511049,3.774950,3.459479,2.407908,1.356338,0.304768,10.681023,8.563937,7.505394,6.446851,5.388309,4.329766,3.588786,3.271223,2.212680,1.154137,0.095594,19.814806,INTERPOLATED,1.000000,0.000000,MATCHED,
CG6-0640|2026-01-23|L1|S490,CG6-0640,2026-01-23,1,490,1-490,results.zip/day8.xlsx,7.800903,24.746043,34.823248,684380.175725,2738056.226520,2026-01-23 12:17:05,1,360.219000,12.378113,347.840887,349.864220,-2.023333,247.951932,-46.631436,0.008128,-2.794936,76.532804,32.696304,0.046998,14.254681,10.487094,0.881867,11.903055,9.823730,8.784067,7.744405,6.704742,5.665080,4.937316,4.625418,3.585755,2.546093,1.506430,11.722116,9.624697,8.575988,7.527278,6.478569,5.429859,4.695763,4.381150,3.332441,2.283731,1.235022,19.581594,INTERPOLATED,1.000000,0.000000,MATCHED,
CG6-0640|2026-01-23|L1|S491,CG6-0640,2026-01-23,1,491,1-491,results.zip/day8.xlsx,9.526158,24.748658,34.823504,684402.209414,2738346.243407,2026-01-23 12:20:31,1,355.827000,12.378130,343.448870,346.368839,-2.919970,243.559915,-45.968817,0.008395,-2.615468,75.177237,31.823888,0.047045,13.888526,10.120939,1.367801,11.398954,9.356460,8.335214,7.313967,6.292720,5.271473,4.556601,4.250227,3.228980,2.207733,1.186487,11.582010,9.557822,8.545728,7.533634,6.521540,5.509447,4.800981,4.497353,3.485259,2.473165,1.461071,19.423296,INTERPOLATED,1.000000,0.000000,MATCHED,
CG6-0640|2026-01-23|L1|S492,CG6-0640,2026-01-23,1,492,1-492,results.zip/day8.kml,8.243038,24.751250,34.823777,684426.015038,2738633.674010,2026-01-23 12:23:39,1,351.814009,12.377496,339.436513,342.767977,-3.331464,239.547558,-44.945510,0.008266,-2.437604,73.938847,31.430940,0.047022,13.706924,9.939337,1.403484,11.342482,9.333636,8.329213,7.324790,6.320367,5.315944,4.612848,4.311522,3.307099,2.302676,1.298253,11.552267,9.564400,8.570466,7.576532,6.582599,5.588665,4.892911,4.594731,3.600798,2.606864,1.612930,19.267745,INTERPOLATED,1.000000,0.000000,MATCHED,
CG6-0640|2026-01-23|L1|S493,CG6-0640,2026-01-23,1,493,1-493,results.zip/day8.kml,3.074325,24.753404,34.824081,684453.553213,2738872.683376,2026-01-23 12:26:49,1,345.481739,12.376189,333.105550,338.379922,-5.274372,233.216595,-43.996653,0.008154,-2.289756,71.984832,30.277935,0.047003,13.362867,9.595280,1.613343,10.720392,8.764637,7.786760,6.808883,5.831006,4.853129,4.168615,3.875252,2.897374,1.919497,0.941620,11.087375,9.168319,8.208791,7.249263,6.289735,5.330207,4.658537,4.370679,3.411151,2.451623,1.492095,19.133874,INTERPOLATED,1.000000,0.000000,MATCHED,
CG6-0640|2026-01-23|L1|S494,CG6-0640,2026-01-23,1,494,1-494,results.zip/day8.kml,6.963491,24.756034,34.824591,684501.247579,2739164.704179,2026-01-23 12:29:47,1,340.252247,12.374109,327.878138,333.359339,-5.481201,227.989183,-42.625378,0.008083,-2.109220,70.371416,29.855258,0.046990,13.212008,9.444421,1.430913,10.736085,8.824168,7.868209,6.912251,5.956292,5.000333,4.331162,4.044375,3.088416,2.132457,1.176499,10.966416,9.077532,8.133090,7.188648,6.244205,5.299763,4.638654,4.355321,3.410879,2.466437,1.521995,18.960607,INTERPOLATED,1.000000,0.000000,MATCHED,
CG6-0640|2026-01-23|L1|S495,CG6-0640,2026-01-23,1,495,1-495,results.zip/day8.kml,2.466920,24.758583,34.825701,684609.774725,2739448.488317,2026-01-23 12:32:55,1,334.996143,12.369979,322.626164,329.406725,-6.780561,222.737209,-41.120235,0.008022,-1.934277,68.750415,29.564457,0.046980,13.123961,9.356375,1.078022,10.885715,9.017840,8.083903,7.149966,6.216029,5.282092,4.628336,4.348155,3.414218,2.480281,1.546344,10.851708,8.980433,8.044796,7.109158,6.173521,5.237883,4.582937,4.302246,3.366608,2.430971,1.495333,18.739140,INTERPOLATED,1.000000,0.000000,MATCHED,
CG6-0640|2026-01-23|L1|S496,CG6-0640,2026-01-23,1,496,1-496,results.zip/day8.xlsx,11.624595,24.761020,34.826632,684700.268656,2739719.641800,2026-01-23 12:36:13,1,334.675000,12.366438,322.308562,322.585364,-0.276802,222.419607,-39.841034,0.008041,-1.766999,68.652384,30.578349,0.046983,13.201030,9.433443,0.836694,11.926241,10.061030,9.128425,8.195819,7.263214,6.330609,5.677785,5.398003,4.465398,3.532792,2.600187,11.711464,9.824775,8.881431,7.938087,6.994743,6.051398,5.391057,5.108054,4.164710,3.221366,2.278021,18.541696,INTERPOLATED,1.000000,0.000000,MATCHED,
CG6-0640|2026-01-23|L1|S497,CG6-0640,2026-01-23,1,497,1-497,results.zip/day8.xlsx,5.778279,24.758649,34.828109,684853.138392,2739459.044036,2026-01-23 12:39:32,1,328.468000,12.361789,316.106211,319.023156,-2.916945,216.217256,-38.968876,0.010090,-1.929750,66.738058,29.698932,0.047377,12.945737,9.178151,0.823951,11.566953,9.753755,8.847156,7.940557,7.033958,6.127359,5.492740,5.220761,4.314162,3.407563,2.500964,11.342631,9.507001,8.589186,7.671371,6.753556,5.835741,5.193270,4.917926,4.000111,3.082296,2.164481,18.515525,INTERPOLATED,1.000000,0.000000,MATCHED,
CG6-0640|2026-01-23|L1|S498,CG6-0640,2026-01-23,1,498,1-498,results.zip/day8.xlsx,7.449415,24.759683,34.830473,685090.740320,2739576.749540,2026-01-23 12:42:58,1,323.333000,12.353561,310.979439,310.754631,0.224808,211.090484,-37.767089,0.008157,-1.858782,65.155695,29.247389,0.047003,12.767614,9.000027,0.725582,11.545341,9.775136,8.890033,8.004931,7.119829,6.234726,5.615154,5.349624,4.464521,3.579419,2.694317,11.247334,9.447328,8.547325,7.647323,6.747320,5.847317,5.217315,4.947314,4.047312,3.147309,2.247306,18.250584,INTERPOLATED,1.000000,0.000000,MATCHED,
CG6-0640|2026-01-23|L1|S499,CG6-0640,2026-01-23,1,499,1-499,results.zip/day8.xlsx,10.188372,24.760544,34.832652,685309.832255,2739675.037483,2026-01-23 12:46:09,1,318.409000,12.345964,306.063036,306.830094,-0.767058,206.174082,-36.809075,0.008665,-1.799694,63.638258,28.628877,0.047094,12.582974,8.815387,0.668164,11.339119,9.610143,8.745655,7.881167,7.016679,6.152191,5.547050,5.287703,4.423216,3.558728,2.694240,10.998102,9.235025,8.353486,7.471947,6.590409,5.708870,5.091793,4.827331,3.945792,3.064254,2.182715,18.010753,INTERPOLATED,1.000000,0.000000,MATCHED,
CG6-0640|2026-01-23|L1|S500,CG6-0640,2026-01-23,1,500,1-500,results.zip/day8.xlsx,8.698184,24.759883,34.834825,685530.647814,2739604.793938,2026-01-23 12:49:30,1,313.207000,12.337830,300.869170,302.348873,-1.479703,200.980215,-35.696912,0.008507,-1.845057,62.035182,28.183327,0.047065,12.391492,8.623905,0.597954,11.329126,9.643706,8.800996,7.958286,7.115576,6.272866,5.682969,5.430156,4.587446,3.744736,2.902026,10.935518,9.210737,8.348346,7.485956,6.623565,5.761175,5.157502,4.898785,4.036394,3.174004,2.311613,17.843651,INTERPOLATED,1.000000,0.000000,MATCHED,
CG6-0640|2026-01-23|L1|S501,CG6-0640,2026-01-23,1,501,1-501,results.zip/day8.xlsx,10.006045,24.762041,34.834532,685497.750334,2739843.416313,2026-01-23 12:54:21,1,310.171000,12.338531,297.832469,299.271773,-1.439304,197.943514,-35.230545,0.009230,-1.696911,61.097904,27.564270,0.047201,12.174167,8.406580,0.838242,10.964727,9.304773,8.474796,7.644818,6.814841,5.984864,5.403880,5.154887,4.324910,3.494933,2.664955,10.751110,9.069794,8.229136,7.388478,6.547820,5.707162,5.118701,4.866504,4.025846,3.185188,2.344530,17.768486,INTERPOLATED,1.000000,0.000000,MATCHED,
CG6-0640|2026-01-23|L1|S502,CG6-0640,2026-01-23,1,502,1-502,results.zip/day8.xlsx,11.501855,24.806238,34.973212,699453.118748,2744934.326569,2026-01-23 13:58:05,1,53.735000,11.650233,42.084767,43.214713,-1.129946,-57.804188,11.366651,0.008622,1.339348,-17.843092,-7.815788,0.047086,1.112207,-2.655380,1.741928,-2.968329,-2.483583,-2.241210,-1.998837,-1.756464,-1.514091,-1.344430,-1.271718,-1.029346,-0.786973,-0.544600,-2.505028,-1.973952,-1.708414,-1.442876,-1.177338,-0.911800,-0.725924,-0.646262,-0.380724,-0.115186,0.150352,3.200832,INTERPOLATED,1.000000,0.000000,MATCHED,
CG6-0640|2026-01-23|L1|S503,CG6-0640,2026-01-23,1,503,1-503,results.zip/day8.xlsx,9.934298,24.804442,34.974073,699543.043810,2744736.699207,2026-01-23 14:01:51,1,61.578000,11.648566,49.929434,51.321964,-1.392530,-49.959520,9.685300,0.008081,1.215921,-15.421560,-6.952181,0.046990,1.363832,-2.403755,1.948323,-2.762576,-2.343615,-2.134135,-1.924654,-1.715174,-1.505694,-1.359058,-1.296214,-1.086733,-0.877253,-0.667773,-2.144672,-1.663921,-1.423545,-1.183170,-0.942794,-0.702419,-0.534156,-0.462043,-0.221668,0.018708,0.259083,3.228415,INTERPOLATED,1.000000,0.000000,MATCHED,
CG6-0640|2026-01-23|L1|S504,CG6-0640,2026-01-23,1,504,1-504,results.zip/day8.xlsx,6.932218,24.802785,34.975122,699651.727322,2744554.624892,2026-01-23 14:05:27,1,68.602000,11.645702,56.956298,57.202247,-0.245948,-42.932656,8.243450,0.009724,1.101982,-13.252479,-6.111010,0.047300,1.781565,-1.986022,1.619657,-2.510678,-2.150644,-1.970628,-1.790611,-1.610595,-1.430578,-1.304566,-1.250561,-1.070545,-0.890528,-0.710511,-2.138966,-1.741761,-1.543159,-1.344557,-1.145954,-0.947352,-0.808331,-0.748750,-0.550148,-0.351545,-0.152943,3.245940,INTERPOLATED,1.000000,0.000000,MATCHED,
CG6-0640|2026-01-23|L1|S505,CG6-0640,2026-01-23,1,505,1-505,results.zip/day8.xlsx,4.940071,24.800792,34.976312,699775.256643,2744335.596693,2026-01-23 14:09:16,1,76.775000,11.642660,65.132340,64.950375,0.181965,-34.756615,6.722360,0.009384,0.964989,-10.728674,-4.971302,0.047232,2.176613,-1.590974,1.480211,-2.056613,-1.765144,-1.619409,-1.473675,-1.327940,-1.182206,-1.080192,-1.036471,-0.890737,-0.745002,-0.599268,-1.789354,-1.471160,-1.312062,-1.152965,-0.993867,-0.834770,-0.723402,-0.675673,-0.516575,-0.357478,-0.198381,3.290553,INTERPOLATED,1.000000,0.000000,MATCHED,
CG6-0640|2026-01-23|L1|S506,CG6-0640,2026-01-23,1,506,1-506,results.zip/day8.xlsx,5.726787,24.798700,34.977491,699897.887350,2744105.644246,2026-01-23 14:16:13,1,84.423000,11.639864,72.783136,73.054115,-0.270979,-27.105819,5.138493,0.010342,0.821236,-8.367011,-4.049754,0.047431,2.500878,-1.266709,1.470955,-1.776660,-1.549351,-1.435696,-1.322041,-1.208387,-1.094732,-1.015174,-0.981077,-0.867423,-0.753768,-0.640113,-1.516335,-1.262994,-1.136323,-1.009652,-0.882981,-0.756310,-0.667640,-0.629639,-0.502968,-0.376297,-0.249626,3.361654,INTERPOLATED,1.000000,0.000000,MATCHED,STDDEV_GT_0.050
CG6-0640|2026-01-23|L1|S507,CG6-0640,2026-01-23,1,507,1-507,results.zip/day8.xlsx,8.307174,24.796884,34.978655,700018.420840,2743906.224490,2026-01-23 14:19:29,1,92.295000,11.636731,80.658269,80.774620,-0.116351,-19.230686,4.032681,0.008128,0.696449,-5.936109,-2.599877,0.046998,2.960251,-0.807336,1.126074,-0.987191,-0.825923,-0.745289,-0.664654,-0.584020,-0.503386,-0.446942,-0.422751,-0.342117,-0.261483,-0.180849,-0.985204,-0.823737,-0.743004,-0.662270,-0.581536,-0.500803,-0.444289,-0.420069,-0.339336,-0.258602,-0.177868,3.407126,INTERPOLATED,1.000000,0.000000,MATCHED_ID_TIEBREAK,
CG6-0640|2026-01-23|L1|S508,CG6-0640,2026-01-23,1,508,1-508,results.zip/day8.xlsx,7.733147,24.796294,34.980106,700166.141542,2743842.922068,2026-01-23 14:22:55,1,98.395000,11.630088,86.764912,88.249501,-1.484589,-13.124043,3.212851,0.008105,0.655854,-4.051113,-1.494116,0.046994,3.317961,-0.449626,0.854645,-0.393534,-0.283475,-0.228446,-0.173417,-0.118388,-0.063359,-0.024838,-0.008330,0.046699,0.101728,0.156758,-0.594864,-0.504939,-0.459976,-0.415014,-0.370051,-0.325089,-0.293615,-0.280126,-0.235164,-0.190201,-0.145238,3.344324,INTERPOLATED,1.000000,0.000000,MATCHED,
CG6-0640|2026-01-23|L1|S509,CG6-0640,2026-01-23,1,509,1-509,results.zip/day8.xlsx,5.692854,24.794618,34.980844,700243.464819,2743658.347057,2026-01-23 14:26:22,1,104.777000,11.628996,93.148004,93.057282,0.090722,-6.740951,2.245475,0.008396,0.540671,-2.080787,-0.375983,0.047045,3.583218,-0.184369,0.861015,0.189313,0.245843,0.274108,0.302372,0.330637,0.358902,0.378687,0.387167,0.415432,0.443696,0.471961,-0.007245,0.029628,0.048065,0.066502,0.084939,0.103376,0.116282,0.121813,0.140249,0.158686,0.177123,3.412920,INTERPOLATED,1.000000,0.000000,MATCHED,
CG6-0640|2026-01-23|L1|S510,CG6-0640,2026-01-23,1,510,1-510,results.zip/day8.xlsx,4.484655,24.792845,34.980783,700240.158264,2743461.886079,2026-01-23 14:29:51,1,110.428000,11.632254,98.795746,101.414403,-2.618657,-1.093209,1.240244,0.008706,0.418848,-0.337452,0.483944,0.047102,3.738915,-0.028672,1.077586,0.575621,0.584788,0.589372,0.593956,0.598540,0.603123,0.606332,0.607707,0.612291,0.616875,0.621459,0.541287,0.547021,0.549889,0.552756,0.555623,0.558490,0.560497,0.561357,0.564224,0.567092,0.569959,3.551512,INTERPOLATED,1.000000,0.000000,MATCHED,
CG6-0640|2026-01-23|L1|S511,CG6-0640,2026-01-23,1,511,1-511,results.zip/day8.xlsx,5.047048,24.791320,34.979749,700138.045603,2743291.537087,2026-01-23 14:33:17,1,116.519000,11.640039,104.878961,105.751495,-0.872535,4.990006,0.224598,0.008269,0.314113,1.540297,1.450783,0.047023,4.031559,0.263972,0.977261,1.032321,0.990475,0.969552,0.948628,0.927705,0.906782,0.892136,0.885859,0.864936,0.844013,0.823090,0.922838,0.870043,0.843646,0.817249,0.790852,0.764454,0.745976,0.738057,0.711660,0.685263,0.658865,3.741193,INTERPOLATED,1.000000,0.000000,MATCHED,
CG6-0640|2026-01-23|L1|S512,CG6-0640,2026-01-23,1,512,1-512,results.zip/day8.xlsx,1.741050,24.789727,34.978790,700043.595851,2743113.593608,2026-01-23 14:36:35,1,123.029000,11.647045,111.381955,112.975994,-1.594039,11.493000,-1.289718,0.008134,0.204604,3.547618,2.053296,0.046999,4.329811,0.562224,0.908960,1.089493,0.993113,0.944922,0.896732,0.848542,0.800352,0.766619,0.752162,0.703972,0.655782,0.607591,0.928848,0.816403,0.760180,0.703958,0.647736,0.591513,0.552158,0.535291,0.479068,0.422846,0.366624,3.931393,INTERPOLATED,1.000000,0.000000,MATCHED,
CG6-0640|2026-01-23|L1|S513,CG6-0640,2026-01-23,1,513,1-513,results.zip/day8.xlsx,6.030454,24.787884,34.978936,700061.265998,2742909.722126,2026-01-23 14:39:42,1,129.856000,11.648605,118.207395,119.242295,-1.034899,18.318440,-2.605776,0.008214,0.078014,5.654463,2.970673,0.047013,4.710926,0.943339,0.655511,1.434489,1.280870,1.204061,1.127252,1.050443,0.973634,0.919867,0.896824,0.820015,0.743206,0.666397,1.083994,0.895327,0.800993,0.706659,0.612325,0.517991,0.451957,0.423657,0.329323,0.234989,0.140655,4.061321,INTERPOLATED,1.000000,0.000000,MATCHED,
CG6-0640|2026-01-23|L1|S514,CG6-0640,2026-01-23,1,514,1-514,results.zip/day8.xlsx,7.327247,24.785289,34.978907,700062.586803,2742622.166704,2026-01-23 14:43:30,1,139.411000,11.652014,127.758986,128.569396,-0.810410,27.870031,-4.471713,0.008189,-0.100315,8.602793,4.231395,0.047009,5.062233,1.294646,0.786853,1.894214,1.660496,1.543637,1.426778,1.309919,1.193060,1.111259,1.076201,0.959342,0.842483,0.725624,1.642104,1.383174,1.253710,1.124245,0.994781,0.865316,0.774691,0.735852,0.606387,0.476922,0.347458,4.254516,INTERPOLATED,1.000000,0.000000,MATCHED,
CG6-0640|2026-01-23|L1|S515,CG6-0640,2026-01-23,1,515,1-515,results.zip/day8.xlsx,7.006020,24.783349,34.979113,700086.470628,2742407.628044,2026-01-23 14:47:50,1,148.219000,11.653393,136.565607,138.504480,-1.938874,36.676652,-6.100472,0.008220,-0.233558,11.321159,5.454245,0.047014,5.471479,1.703892,0.680095,2.378541,2.070970,1.917185,1.763400,1.609615,1.455830,1.348180,1.302044,1.148259,0.994474,0.840689,2.046461,1.705683,1.535294,1.364905,1.194515,1.024126,0.904854,0.853737,0.683348,0.512959,0.342570,4.385738,INTERPOLATED,1.000000,0.000000,MATCHED,
CG6-0640|2026-01-23|L1|S516,CG6-0640,2026-01-23,1,516,1-516,results.zip/day8.xlsx,8.633382,24.781518,34.979123,700090.410615,2742204.812203,2026-01-23 14:51:49,1,155.724000,11.655648,144.068352,146.669452,-2.601100,44.179398,-7.650891,0.008446,-0.359347,13.637045,6.345500,0.047054,5.790345,2.022758,0.668677,2.640616,2.270128,2.084884,1.899639,1.714395,1.529151,1.399480,1.343907,1.158662,0.973418,0.788174,2.299984,1.895433,1.693157,1.490881,1.288605,1.086330,0.944736,0.884054,0.681778,0.479502,0.277226,4.520205,INTERPOLATED,1.000000,0.000000,MATCHED,
CG6-0640|2026-01-23|L1|S517,CG6-0640,2026-01-23,1,517,1-517,results.zip/day8.xlsx,4.804072,24.780687,34.979259,700105.475000,2742113.002799,2026-01-23 14:54:47,1,158.507000,11.655995,146.851005,154.721629,-7.870624,46.962050,-8.470395,0.008123,-0.416405,14.495969,6.441979,0.046997,5.859313,2.091726,0.796060,2.503742,2.109918,1.913006,1.716094,1.519182,1.322270,1.184432,1.125359,0.928447,0.731535,0.534623,2.258527,1.840182,1.631009,1.421837,1.212664,1.003491,0.857071,0.794319,0.585146,0.375974,0.166801,4.573268,INTERPOLATED,1.000000,0.000000,MATCHED,
CG6-0640|2026-01-24|L1|S518,CG6-0640,2026-01-24,1,518,518,results.zip/day9.kml,1.531230,24.776047,34.809504,682946.028730,2741361.053502,2026-01-24 07:22:52,1,313.703793,12.424639,301.279154,305.440562,-4.161409,201.390199,-35.544038,0.008402,-0.735131,62.161695,27.352787,0.047046,12.266674,8.499087,0.977115,10.464205,8.775347,7.930918,7.086489,6.242059,5.397630,4.806530,4.553201,3.708772,2.864343,2.019914,10.354612,8.654795,7.804886,6.954977,6.105068,5.255160,4.660224,4.405251,3.555342,2.705434,1.855525,19.566734,INTERPOLATED,1.000000,0.000000,MATCHED,
CG6-0640|2026-01-24|L1|S519,CG6-0640,2026-01-24,1,519,519,results.zip/day9.kml,1.181147,24.775237,34.811511,683150.149967,2741274.032064,2026-01-24 07:29:38,1,319.595783,12.417575,307.178208,311.342606,-4.164398,207.289253,-36.734319,0.008542,-0.790758,63.982427,28.038866,0.047072,12.562749,8.795162,0.847012,10.655590,8.917262,8.048098,7.178934,6.309770,5.440607,4.832192,4.571443,3.702279,2.833115,1.963951,10.448542,8.689509,7.809993,6.930477,6.050961,5.171444,4.555783,4.291928,3.412412,2.532896,1.653379,19.401193,INTERPOLATED,1.000000,0.000000,MATCHED,TILT_GT_20
CG6-0640|2026-01-24|L1|S520,CG6-0640,2026-01-24,1,520,520,results.zip/day9.xlsx,4.224345,24.774326,34.813623,683365.014715,2741175.963628,2026-01-24 07:33:34,1,327.149000,12.410174,314.738826,315.057587,-0.318761,214.849872,-38.304986,0.008958,-0.853322,66.315991,28.864327,0.047149,12.901361,9.133774,0.789354,10.847017,9.045286,8.144421,7.243555,6.342690,5.441824,4.811218,4.540959,3.640093,2.739228,1.838362,10.596780,8.770025,7.856648,6.943270,6.029893,5.116516,4.477151,4.203138,3.289761,2.376383,1.463006,19.230297,INTERPOLATED,1.000000,0.000000,MATCHED,
CG6-0640|2026-01-24|L1|S521,CG6-0640,2026-01-24,1,521,521,results.zip/day9.xlsx,2.602847,24.772729,34.815951,683602.847605,2741002.142152,2026-01-24 07:38:29,1,336.134000,12.402089,323.731911,324.515953,-0.784042,223.842956,-39.938503,0.008408,-0.963037,69.091672,30.116206,0.047047,13.236023,9.468436,0.902611,11.344736,9.467589,8.529016,7.590442,6.651869,5.713295,5.056294,4.774721,3.836148,2.897574,1.959001,11.179335,9.285648,8.338805,7.391961,6.445118,5.498274,4.835483,4.551430,3.604587,2.657743,1.710900,19.064992,INTERPOLATED,1.000000,0.000000,MATCHED,
CG6-0640|2026-01-24|L1|S522,CG6-0640,2026-01-24,1,522,522,results.zip/day9.xlsx,2.985023,24.771686,34.817639,683775.027094,2740888.963402,2026-01-24 07:41:57,1,341.888000,12.396257,329.491743,330.072111,-0.580367,229.602788,-40.695473,0.009586,-1.034616,70.869416,31.208559,0.047272,13.515378,9.747791,0.801563,11.954069,10.028620,9.065896,8.103171,7.140447,6.177722,5.503815,5.214998,4.252273,3.289549,2.326824,11.712977,9.763419,8.788640,7.813861,6.839081,5.864302,5.181957,4.889523,3.914744,2.939965,1.965186,18.942845,INTERPOLATED,1.000000,0.000000,MATCHED,
CG6-0640|2026-01-24|L1|S523,CG6-0640,2026-01-24,1,523,523,results.zip/day9.xlsx,12.722666,24.770431,34.819577,683972.854663,2740752.539550,2026-01-24 07:46:05,1,346.128000,12.389599,333.738401,334.103890,-0.365489,233.849446,-41.200439,0.010221,-1.120814,72.180124,32.100499,0.047405,13.721188,9.953601,0.727476,12.489885,10.528823,9.548292,8.567762,7.587231,6.606700,5.920329,5.626169,4.645639,3.665108,2.684577,12.193297,10.202576,9.207216,8.211856,7.216496,6.221136,5.524384,5.225776,4.230416,3.235056,2.239695,18.806614,INTERPOLATED,1.000000,0.000000,MATCHED,
CG6-0640|2026-01-24|L1|S524,CG6-0640,2026-01-24,1,524,524,results.zip/day9.xlsx,6.139215,24.768950,34.821331,684152.440585,2740590.881089,2026-01-24 07:49:49,1,340.259000,12.383644,327.875356,328.811673,-0.936317,227.986401,-39.824608,0.009170,-1.222502,70.370532,31.768426,0.047190,13.475564,9.707977,0.726906,12.649486,10.737592,9.781645,8.825698,7.869751,6.913804,6.244641,5.957857,5.001910,4.045963,3.090016,12.352472,10.410876,9.440078,8.469281,7.498483,6.527685,5.848127,5.556888,4.586090,3.615292,2.644494,18.698762,INTERPOLATED,1.000000,0.000000,MATCHED,
CG6-0640|2026-01-24|L1|S525,CG6-0640,2026-01-24,1,525,525,results.zip/day9.xlsx,9.028260,24.767253,34.823457,684369.955506,2740405.783844,2026-01-24 07:53:06,1,334.078000,12.376470,321.701530,321.986743,-0.285212,221.812575,-38.647216,0.008853,-1.339027,68.465015,31.156826,0.047129,13.206848,9.439261,0.753198,12.555623,10.695503,9.765443,8.835383,7.905323,6.975263,6.324220,6.045202,5.115142,4.185082,3.255022,12.278303,10.390451,9.446525,8.502598,7.558672,6.614746,5.953998,5.670820,4.726894,3.782968,2.839042,18.567407,INTERPOLATED,1.000000,0.000000,MATCHED,
CG6-0640|2026-01-24|L1|S526,CG6-0640,2026-01-24,1,526,526,results.zip/day9.xlsx,2.543643,24.766170,34.825911,684619.776804,2740289.140302,2026-01-24 07:56:41,1,328.793000,12.368126,316.424874,317.004132,-0.579257,216.535920,-38.226489,0.010927,-1.413390,66.836399,30.023299,0.047562,13.003310,9.235723,0.705909,11.864597,10.048727,9.140792,8.232857,7.324922,6.416986,5.781432,5.509051,4.601116,3.693181,2.785246,11.551854,9.704710,8.781137,7.857565,6.933993,6.010421,5.363920,5.086848,4.163276,3.239704,2.316132,18.382854,INTERPOLATED,1.000000,0.000000,MATCHED,STDDEV_GT_0.050
CG6-0640|2026-01-24|L1|S527,CG6-0640,2026-01-24,1,527,527,results.zip/day9.xlsx,1.373778,24.764499,34.827678,684800.953919,2740106.402341,2026-01-24 08:00:00,1,324.057000,12.362291,311.694709,312.424432,-0.729723,211.805754,-37.673972,0.009311,-1.528147,65.376452,29.230627,0.047217,12.785464,9.017877,0.758001,11.468596,9.692393,8.804292,7.916190,7.028089,6.139987,5.518316,5.251886,4.363784,3.475683,2.587581,11.194874,9.391299,8.489511,7.587723,6.685936,5.784148,5.152897,4.882360,3.980573,3.078785,2.176997,18.290079,INTERPOLATED,1.000000,0.000000,MATCHED,
CG6-0640|2026-01-24|L1|S528,CG6-0640,2026-01-24,1,528,528,results.zip/day9.xlsx,7.286369,24.763560,34.830081,685045.329112,2740005.612389,2026-01-24 08:04:17,1,319.188000,12.354187,306.833813,307.730208,-0.896395,206.944858,-36.790606,0.009114,-1.592637,63.876151,28.678182,0.047179,12.597441,8.829854,0.715829,11.323786,9.588347,8.720627,7.852907,6.985187,6.117467,5.510064,5.249748,4.382028,3.514308,2.646588,11.018474,9.252503,8.369518,7.486533,6.603547,5.720562,5.102472,4.837576,3.954591,3.071606,2.188620,18.108931,INTERPOLATED,1.000000,0.000000,MATCHED,
CG6-0640|2026-01-24|L1|S529,CG6-0640,2026-01-24,1,529,529,results.zip/day9.xlsx,9.085119,24.763195,34.832760,685316.799721,2739968.842493,2026-01-24 08:08:40,1,314.377000,12.345054,302.031946,302.873212,-0.841267,202.142991,-35.818116,0.008612,-1.617678,62.394065,28.193627,0.047084,12.383734,8.616147,0.748844,11.241916,9.546744,8.699159,7.851573,7.003988,6.156402,5.563092,5.308817,4.461231,3.613646,2.766060,10.961333,9.238104,8.376489,7.514875,6.653260,5.791645,5.188515,4.930031,4.068416,3.206801,2.345187,17.878170,INTERPOLATED,1.000000,0.000000,MATCHED,
CG6-0640|2026-01-24|L1|S530,CG6-0640,2026-01-24,1,530,530,results.zip/day9.xlsx,4.042858,24.759937,34.836283,685677.982692,2739612.777713,2026-01-24 08:15:05,1,308.088000,12.332010,295.755990,295.442771,0.313220,195.867036,-34.867408,0.008647,-1.841335,60.457005,27.430932,0.047091,12.141399,8.373813,0.693263,11.005522,9.362981,8.541711,7.720440,6.899170,6.077899,5.503010,5.256629,4.435358,3.614088,2.792817,10.683307,9.008544,8.171163,7.333782,6.496400,5.659019,5.072852,4.821638,3.984257,3.146875,2.309494,17.708346,INTERPOLATED,1.000000,0.000000,MATCHED,
CG6-0640|2026-01-24|L1|S531,CG6-0640,2026-01-24,1,531,531,results.zip/day9.xlsx,3.802296,24.758036,34.837329,685786.637307,2739403.637630,2026-01-24 08:24:23,1,311.358000,12.328291,299.029709,299.679847,-0.650138,199.140754,-35.467868,0.008444,-1.971834,61.467438,27.971404,0.047054,12.274505,8.506918,0.704375,11.271460,9.601466,8.766469,7.931472,7.096474,6.261477,5.676979,5.426480,4.591483,3.756486,2.921489,10.957568,9.256184,8.405492,7.554801,6.704109,5.853417,5.257933,5.002725,4.152033,3.301342,2.450650,17.706443,INTERPOLATED,1.000000,0.000000,MATCHED,
CG6-0640|2026-01-24|L1|S532,CG6-0640,2026-01-24,1,532,532,results.zip/day9.xlsx,4.890260,24.756494,34.838911,685948.873605,2739234.988709,2026-01-24 08:28:03,1,315.882000,12.322394,303.559606,304.126981,-0.567375,203.670651,-36.477460,0.009571,-2.077684,62.865587,28.465811,0.047269,12.488408,8.720821,0.640388,11.385990,9.678008,8.824017,7.970026,7.116035,6.262044,5.664250,5.408053,4.554062,3.700071,2.846080,11.024168,9.280003,8.407921,7.535839,6.663757,5.791675,5.181217,4.919593,4.047511,3.175428,2.303346,17.641397,INTERPOLATED,1.000000,0.000000,MATCHED,
CG6-0640|2026-01-24|L1|S533,CG6-0640,2026-01-24,1,533,533,results.zip/day9.xlsx,1.514436,24.754605,34.840229,686085.003260,2739027.552384,2026-01-24 08:31:50,1,322.167000,12.317662,309.849338,312.161882,-2.312544,209.960383,-37.922840,0.008614,-2.207344,64.806902,29.091406,0.047085,12.770026,9.002439,0.592626,11.484128,9.723400,8.843036,7.962672,7.082308,6.201945,5.585690,5.321581,4.441217,3.560853,2.680489,11.086528,9.286041,8.385797,7.485553,6.585309,5.685065,5.054895,4.784821,3.884578,2.984334,2.084090,17.620807,INTERPOLATED,1.000000,0.000000,MATCHED,
CG6-0640|2026-01-24|L1|S534,CG6-0640,2026-01-24,1,534,534,results.zip/day9.xlsx,4.706280,24.752135,34.841694,686236.847386,2738755.940434,2026-01-24 08:36:34,1,323.013000,12.312544,310.700456,310.855500,-0.155044,210.811501,-38.274525,0.009262,-2.376887,65.069601,29.171964,0.047207,12.834230,9.066643,0.516485,11.493311,9.725446,8.841513,7.957581,7.073648,6.189715,5.570963,5.305783,4.421850,3.537918,2.653985,11.038677,9.225348,8.318684,7.412020,6.505355,5.598691,4.964026,4.692027,3.785362,2.878698,1.972034,17.621991,INTERPOLATED,1.000000,0.000000,MATCHED,
CG6-0640|2026-01-24|L1|S535,CG6-0640,2026-01-24,1,535,535,results.zip/day9.xlsx,6.737392,24.750443,34.842098,686280.278203,2738569.114621,2026-01-24 08:40:25,1,335.125000,12.311414,322.813586,321.825470,0.988116,222.924631,-40.731335,0.009215,-2.492990,68.808277,30.569932,0.047198,13.357109,9.589522,0.476501,11.875472,10.006026,9.071303,8.136580,7.201857,6.267134,5.612828,5.332411,4.397688,3.462965,2.528242,11.390888,9.472983,8.514031,7.555079,6.596127,5.637174,4.965908,4.678222,3.719270,2.760318,1.801366,17.678515,INTERPOLATED,1.000000,0.000000,MATCHED,
CG6-0640|2026-01-24|L1|S536,CG6-0640,2026-01-24,1,536,536,results.zip/day9.xlsx,7.953478,24.747546,34.843104,686386.348339,2738249.658266,2026-01-24 08:44:22,1,325.383000,12.307099,313.075901,313.305172,-0.229271,213.186946,-39.303632,0.009368,-2.691768,65.802784,29.190919,0.047228,12.937590,9.170003,0.506453,11.313062,9.525276,8.631383,7.737490,6.843598,5.949705,5.323980,5.055812,4.161919,3.268026,2.374133,10.850914,9.016913,8.099913,7.182913,6.265912,5.348912,4.707012,4.431912,3.514912,2.597911,1.680911,17.752493,INTERPOLATED,1.000000,0.000000,MATCHED,
CG6-0640|2026-01-24|L1|S538,CG6-0640,2026-01-24,1,538,538,results.zip/day9.xlsx,3.978042,24.743191,34.846710,686757.586400,2737772.157023,2026-01-24 08:52:33,1,320.513000,12.292241,308.220759,308.235045,-0.014286,208.331804,-39.704190,0.010475,-2.990633,64.304266,27.590708,0.047461,12.700060,8.932473,0.597110,10.120003,8.372933,7.499397,6.625862,5.752327,4.878792,4.267317,4.005256,3.131721,2.258186,1.384651,9.725763,7.939268,7.046021,6.152774,5.259527,4.366279,3.741006,3.473032,2.579785,1.686538,0.793290,17.696834,INTERPOLATED,1.000000,0.000000,MATCHED,STDDEV_GT_0.050
CG6-0640|2026-01-24|L1|S539,CG6-0640,2026-01-24,1,539,539,results.zip/day9.xlsx,8.196481,24.741967,34.847925,686882.340211,2737638.292444,2026-01-24 08:57:04,1,319.658000,12.287317,307.370683,308.339712,-0.969029,207.481728,-39.915796,0.009431,-3.074584,64.041894,27.200682,0.047241,12.695326,8.927739,0.514579,9.801264,8.061322,7.191351,6.321381,5.451410,4.581439,3.972459,3.711468,2.841497,1.971526,1.101555,9.345203,7.559655,6.666881,5.774107,4.881333,3.988559,3.363618,3.095785,2.203012,1.310238,0.417464,17.667816,INTERPOLATED,1.000000,0.000000,MATCHED,
CG6-0640|2026-01-24|L1|S540,CG6-0640,2026-01-24,1,540,540,results.zip/day9.xlsx,9.929702,24.744414,34.849889,687077.359623,2737912.011452,2026-01-24 09:01:43,1,313.804000,12.280123,301.523877,301.475795,0.048082,201.634922,-37.934358,0.011081,-2.906686,62.237284,27.209611,0.047598,12.429796,8.662209,0.568977,10.300507,8.609596,7.764141,6.918686,6.073231,5.227775,4.635957,4.382320,3.536865,2.691410,1.845955,9.885193,8.152751,7.286530,6.420309,5.554088,4.687867,4.081512,3.821646,2.955425,2.089204,1.222983,17.353240,INTERPOLATED,1.000000,0.000000,MATCHED,STDDEV_GT_0.050
CG6-0640|2026-01-24|L1|S541,CG6-0640,2026-01-24,1,541,541,results.zip/day9.kml,11.479739,24.760902,34.858740,687947.844086,2739750.377285,2026-01-24 11:04:20,1,260.107569,12.242141,247.865428,247.661164,0.204264,147.976473,-23.338137,0.009730,-1.775070,45.675450,24.112383,0.047301,10.132740,6.365153,0.694888,11.703076,10.462145,9.841680,9.221215,8.600749,7.980284,7.545958,7.359819,6.739353,6.118888,5.498423,11.382077,10.109047,9.472531,8.836016,8.199501,7.562986,7.117425,6.926470,6.289955,5.653440,5.016924,15.644000,INTERPOLATED,1.000000,0.000000,MATCHED,
CG6-0640|2026-01-24|L1|S542,CG6-0640,2026-01-24,1,542,542,results.zip/day9.kml,4.692214,24.758536,34.859858,688064.471289,2739489.877464,2026-01-24 11:10:16,1,266.358448,12.238622,254.119825,254.234153,-0.114327,154.230871,-24.887961,0.009127,-1.937474,47.605909,24.655422,0.047181,10.348839,6.581252,0.818102,11.721621,10.428241,9.781551,9.134861,8.488171,7.841481,7.388798,7.194791,6.548101,5.901411,5.254721,11.492917,10.176667,9.518542,8.860416,8.202291,7.544166,7.083478,6.886041,6.227916,5.569790,4.911665,15.675212,INTERPOLATED,1.000000,0.000000,MATCHED,
CG6-0640|2026-01-24|L1|S543,CG6-0640,2026-01-24,1,543,543,results.zip/day9.kml,14.444431,24.756462,34.861582,688241.992253,2739262.495669,2026-01-24 11:14:13,1,267.765310,12.232622,255.532688,258.223177,-2.690489,155.643733,-25.651013,0.009669,-2.079861,48.041999,24.470847,0.047289,10.473287,6.705700,0.644000,11.418563,10.113335,9.460721,8.808107,8.155492,7.502878,7.046048,6.850264,6.197650,5.545036,4.892422,11.059446,9.718306,9.047736,8.377166,7.706596,7.036026,6.566627,6.365456,5.694886,5.024316,4.353746,15.642411,INTERPOLATED,1.000000,0.000000,MATCHED,
CG6-0640|2026-01-24|L1|S544,CG6-0640,2026-01-24,1,544,544,results.zip/day9.kml,7.979705,24.755702,34.863446,688431.591927,2739180.880490,2026-01-24 11:18:38,1,270.435840,12.225566,258.210274,260.187683,-1.977409,158.321319,-26.242805,0.010002,-2.132029,48.868451,24.757674,0.047358,10.651308,6.883721,0.468449,11.480848,10.153166,9.489325,8.825483,8.161642,7.497801,7.033112,6.833959,6.170118,5.506277,4.842436,10.990233,9.613489,8.925117,8.236745,7.548373,6.860001,6.378140,6.171629,5.483256,4.794884,4.106512,15.525765,INTERPOLATED,1.000000,0.000000,MATCHED,
CG6-0640|2026-01-24|L1|S545,CG6-0640,2026-01-24,1,545,545,results.zip/day9.kml,0.837598,24.755448,34.864720,688560.877150,2739154.513708,2026-01-24 11:22:39,1,277.668262,12.220637,265.447626,266.809482,-1.361856,165.558671,-27.514590,0.009944,-2.149457,51.102290,25.737157,0.047346,10.991154,7.223567,0.371304,11.853407,10.465032,9.770844,9.076657,8.382469,7.688282,7.202350,6.994094,6.299907,5.605719,4.911532,11.290023,9.845310,9.122953,8.400597,7.678240,6.955883,6.450234,6.233527,5.511170,4.788813,4.066457,15.431358,INTERPOLATED,1.000000,0.000000,MATCHED,
CG6-0640|2026-01-24|L1|S546,CG6-0640,2026-01-24,1,546,546,results.zip/day9.kml,2.736086,24.755204,34.862985,688385.710843,2739125.038496,2026-01-24 11:27:28,1,270.308399,12.227600,258.080799,260.660159,-2.579360,158.191844,-26.604233,0.011210,-2.166240,48.828488,24.390496,0.047628,10.638027,6.870440,0.489413,11.124528,9.797931,9.134632,8.471334,7.808036,7.144737,6.680428,6.481439,5.818140,5.154842,4.491544,10.649616,9.275528,8.588484,7.901440,7.214395,6.527351,6.046421,5.840307,5.153263,4.466219,3.779175,15.594502,INTERPOLATED,1.000000,0.000000,MATCHED,STDDEV_GT_0.050
CG6-0640|2026-01-24|L1|S547,CG6-0640,2026-01-24,1,547,547,results.zip/day9.kml,4.118460,24.754218,34.861022,688188.679156,2739013.147207,2026-01-24 11:31:09,1,270.564991,12.235756,258.329235,262.971131,-4.641896,158.440280,-27.219310,0.010299,-2.233902,48.905171,23.919763,0.047422,10.568562,6.800975,0.702699,10.632961,9.304281,8.639941,7.975601,7.311261,6.646921,6.181883,5.982581,5.318241,4.653900,3.989560,10.317814,8.957619,8.277521,7.597424,6.917326,6.237229,5.761161,5.557131,4.877034,4.196936,3.516839,15.820699,INTERPOLATED,1.000000,0.000000,MATCHED,
CG6-0640|2026-01-24|L1|S548,CG6-0640,2026-01-24,1,548,548,results.zip/day9.xlsx,13.367293,24.752625,34.860639,688152.346906,2738836.212582,2026-01-24 11:34:38,1,276.810000,12.237911,264.572089,265.954943,-1.382854,164.683134,-28.321636,0.009559,-2.343215,50.832057,24.853636,0.047267,10.834806,7.067219,0.690733,11.043308,9.662275,8.971759,8.281243,7.590726,6.900210,6.416848,6.209694,5.519177,4.828661,4.138144,10.719198,9.305754,8.599032,7.892310,7.185588,6.478866,5.984161,5.772144,5.065422,4.358700,3.651979,15.947236,INTERPOLATED,1.000000,0.000000,MATCHED,
CG6-0640|2026-01-24|L1|S549,CG6-0640,2026-01-24,1,549,549,results.zip/day9.kml,4.795932,24.753073,34.858864,687972.186013,2738883.362961,2026-01-24 11:48:40,1,284.997120,12.244714,272.752406,269.935108,2.817299,172.863451,-28.751556,0.011146,-2.312486,53.356937,26.917868,0.047613,11.232007,7.464420,0.546018,12.421539,10.971906,10.247089,9.522273,8.797456,8.072640,7.565268,7.347824,6.623007,5.898191,5.173374,11.989027,10.496143,9.749701,9.003259,8.256817,7.510375,6.987865,6.763933,6.017491,5.271049,4.524607,16.072932,INTERPOLATED,1.000000,0.000000,MATCHED,STDDEV_GT_0.050
CG6-0640|2026-01-24|L1|S551,CG6-0640,2026-01-24,1,551,551,results.zip/day9.kml,11.319764,24.750642,34.857740,687862.112634,2738612.588334,2026-01-24 12:09:14,1,290.292078,12.250072,278.042006,278.967028,-0.925022,178.153051,-31.298946,0.009799,-2.479309,54.989588,26.169951,0.047316,11.450800,7.683213,0.554029,11.230036,9.736045,8.989049,8.242053,7.495057,6.748062,6.225165,6.001066,5.254070,4.507075,3.760079,10.803526,9.266883,8.498562,7.730241,6.961919,6.193598,5.655773,5.425277,4.656955,3.888634,3.120313,16.312436,INTERPOLATED,1.000000,0.000000,MATCHED,
CG6-0640|2026-01-24|L1|S552,CG6-0640,2026-01-24,1,552,552,results.zip/day9.xlsx,8.122345,24.750192,34.855681,687654.536390,2738559.875027,2026-01-24 12:14:11,1,293.256000,12.258305,280.997695,283.117932,-2.120238,181.108740,-32.348259,0.009389,-2.510219,55.901867,26.063827,0.047233,11.513976,7.746389,0.716248,10.876048,9.357270,8.597881,7.838492,7.079103,6.319714,5.788142,5.560326,4.800937,4.041548,3.282159,10.571050,9.021772,8.247133,7.472494,6.697855,5.923216,5.380969,5.148578,4.373939,3.599300,2.824661,16.515058,INTERPOLATED,1.000000,0.000000,MATCHED,
CG6-0640|2026-01-24|L1|S553,CG6-0640,2026-01-24,1,553,553,results.zip/day9.kml,9.205622,24.748422,34.854797,687567.719549,2738362.663227,2026-01-24 12:19:33,1,297.136134,12.261622,284.874511,287.519977,-2.645466,184.985556,-33.609887,0.011313,-2.631657,57.098454,26.120224,0.047652,11.692224,7.924637,0.674346,10.607335,9.056047,8.280402,7.504758,6.729113,5.953469,5.410518,5.177824,4.402180,3.626535,2.850891,10.270950,8.686022,7.893559,7.101095,6.308631,5.516168,4.961443,4.723704,3.931240,3.138776,2.346313,16.695620,INTERPOLATED,1.000000,0.000000,MATCHED,STDDEV_GT_0.050
CG6-0640|2026-01-24|L1|S554,CG6-0640,2026-01-24,1,554,554,results.zip/day9.kml,11.831436,24.746636,34.853757,687465.296823,2738163.322987,2026-01-24 12:25:55,1,302.086360,12.265424,289.820935,291.757022,-1.936087,189.931980,-34.850931,0.009880,-2.754275,58.625174,26.528519,0.047333,11.914419,8.146832,0.634854,10.600823,9.008053,8.211669,7.415284,6.618899,5.822514,5.265045,5.026129,4.229745,3.433360,2.636975,10.234855,8.605489,7.790806,6.976122,6.161439,5.346756,4.776478,4.532073,3.717390,2.902706,2.088023,16.891166,INTERPOLATED,1.000000,0.000000,MATCHED,
CG6-0640|2026-01-24|L1|S555,CG6-0640,2026-01-24,1,555,555,results.zip/day9.xlsx,10.088529,24.744718,34.853984,687491.057062,2737951.271548,2026-01-24 12:31:06,1,305.234000,12.264272,292.969728,294.738843,-1.769115,193.080773,-36.006296,0.009621,-2.885837,59.597052,26.476593,0.047279,12.054719,8.287132,0.612769,10.284840,8.665664,7.856077,7.046489,6.236901,5.427314,4.860602,4.617726,3.808138,2.998551,2.188963,9.902329,8.244902,7.416189,6.587476,5.758763,4.930049,4.349950,4.101336,3.272623,2.443910,1.615196,16.988688,INTERPOLATED,1.000000,0.000000,MATCHED,
CG6-0640|2026-01-24|L1|S556,CG6-0640,2026-01-24,1,556,556,results.zip/day9.xlsx,11.808458,24.744235,34.851760,687266.819883,2737894.652225,2026-01-24 12:36:59,1,310.106000,12.272835,297.833165,298.381255,-0.548090,197.944211,-37.163941,0.009068,-2.919025,61.098150,26.853235,0.047170,12.274346,8.506759,0.570842,10.253633,8.593673,7.763693,6.933713,6.103733,5.273753,4.692767,4.443773,3.613793,2.783813,1.953833,9.839716,8.138365,7.287689,6.437013,5.586337,4.735661,4.140188,3.884985,3.034309,2.183633,1.332957,17.205815,INTERPOLATED,1.000000,0.000000,MATCHED,
CG6-0640|2026-01-24|L1|S557,CG6-0640,2026-01-24,1,557,557,results.zip/day9.kml,3.864479,24.743944,34.849241,687012.442195,2737859.032926,2026-01-24 12:43:34,1,315.141163,12.282562,302.858601,302.722031,0.136570,202.969646,-38.377618,0.009597,-2.938956,62.649245,27.210583,0.047274,12.499499,8.731912,0.532298,10.189548,8.487445,7.636393,6.785341,5.934290,5.083238,4.487502,4.232186,3.381134,2.530083,1.679031,9.746759,8.000377,7.127186,6.253995,5.380803,4.507612,3.896378,3.634421,2.761230,1.888039,1.014848,17.436633,INTERPOLATED,1.000000,0.000000,MATCHED,
