/		CG-6 Survey
/		Survey Name:	W_GHADER
/		Instrument Serial Number:	000000021010313
/		Created:	2026-01-16 03:54:27
/
/		CG-6 Calibration
/		Operator:	NRIAG
/		Gcal1 [mGal]:	7869.544000
/		Goff [ADU]:	-8388608.000000
/		Gref [mGal]:	8000.0000
/		X Scale [arc-sec/ADU]:	0.030278
/		Y Scale [arc-sec/ADU]:	0.030363
/		X Offset [ADU]:	-223096.498266
/		Y Offset [ADU]:	-149814.641486
/		Temperature Coefficient [mGal/mK]:	-0.133000
/		Temperature Scale [mK/ADU]:	-0.000111
/		Drift Rate [mGal/day]:	0.397500
/		Drift Zero Time:	2020-12-16 17:41:32
/		Firmware Version:	CG6_2_20240409
/
/Station	Date	Time	CorrGrav	Line	StdDev	StdErr	RawGrav	X	Y	SensorTemp	TideCorr	TiltCorr	TempCorr	DriftCorr	MeasurDur	InstrHeight	LatUser	LonUser	ElevUser	LatGPS	LonGPS	ElevGPS	Corrections[drift-temp-na-tide-tilt]
0	2026-01-16	03:54:27	9409.6134	0	0.0205	0.0026	10147.1499	-4.9	0.4	1.9434	0.1329	0.0003	0.2585	-737.9283	60	0.000	43.790000	-79.503540	209.07	25.066847	34.877705	42.7	11011
0	2026-01-16	03:55:27	9409.6038	0	0.0196	0.0025	10147.1403	-5.5	-0.3	1.9461	0.1330	0.0003	0.2588	-737.9286	60	0.000	43.790000	-79.503540	209.07	25.066847	34.877705	42.7	11011
0	2026-01-16	03:56:27	9409.6022	0	0.0188	0.0024	10147.1384	-5.8	-0.0	1.9491	0.1330	0.0004	0.2592	-737.9288	60	0.000	43.790000	-79.503540	209.07	25.066847	34.877705	42.7	11011
0	2026-01-16	03:57:27	9409.6154	0	0.0152	0.0020	10147.1514	-4.9	-0.4	1.9526	0.1331	0.0003	0.2598	-737.9291	60	0.000	43.790000	-79.503540	209.07	25.066847	34.877705	42.7	11011
100	2026-01-16	06:08:36	9344.2089	0	0.0239	0.0031	10081.8073	-8.4	-5.3	2.0152	0.0976	0.0011	0.2681	-737.9653	60	0.000	43.790000	-79.503540	209.07	24.786753	34.933750	97.4	11011
100	2026-01-16	06:09:36	9344.2098	0	0.0192	0.0025	10081.8094	-7.6	-5.4	2.0144	0.0971	0.0010	0.2679	-737.9656	60	0.000	43.790000	-79.503540	209.07	24.786753	34.933750	97.4	11011
100	2026-01-16	06:10:36	9344.1960	0	0.0203	0.0026	10081.7970	-8.1	-4.7	2.0103	0.0966	0.0011	0.2673	-737.9659	60	0.000	43.790000	-79.503540	209.07	24.786753	34.933750	97.4	11011
100	2026-01-16	06:11:36	9344.2086	0	0.0158	0.0020	10081.8102	-9.6	-4.8	2.0076	0.0960	0.0014	0.2672	-737.9661	60	0.000	43.790000	-79.503540	209.07	24.786753	34.933750	97.4	11011
100	2026-01-16	06:52:46	9344.7209	0	0.0219	0.0028	10082.3575	-2.5	8.0	2.0257	0.0707	0.0009	0.2693	-737.9775	60	0.000	43.790000	-79.503540	209.07	24.786758	34.933754	106.5	11011
100	2026-01-16	06:53:46	9344.7262	0	0.0525	0.0068	10082.3637	-5.1	8.2	2.0224	0.0701	0.0013	0.2689	-737.9778	60	0.000	43.790000	-79.503540	209.07	24.786758	34.933754	106.5	11011
100	2026-01-16	06:55:30	9344.7116	0	0.0198	0.0026	10082.3516	-8.1	5.8	2.0168	0.0689	0.0012	0.2683	-737.9783	60	0.000	43.790000	-79.503540	209.07	24.786758	34.933754	106.5	11011
100	2026-01-16	06:56:30	9344.7149	0	0.0175	0.0023	10082.3558	-10.0	6.8	2.0134	0.0682	0.0015	0.2679	-737.9785	60	0.000	43.790000	-79.503540	209.07	24.786758	34.933754	106.5	11011
1	2026-01-16	07:13:57	9344.0532	2	0.0393	0.0051	10081.7140	4.3	-3.5	1.9994	0.0563	0.0004	0.2659	-737.9834	60	0.000	43.790000	-79.503540	209.07	24.784737	34.934265	114.2	11011
1	2026-01-16	07:14:57	9344.0049	2	0.0191	0.0025	10081.6663	5.2	-3.1	2.0012	0.0556	0.0005	0.2661	-737.9836	60	0.000	43.790000	-79.503540	209.07	24.784737	34.934265	114.2	11011
2	2026-01-16	07:20:33	9343.7230	2	0.0247	0.0032	10081.3894	3.4	4.8	2.0042	0.0516	0.0004	0.2667	-737.9852	60	0.000	43.790000	-79.503540	209.07	24.782728	34.934059	98.9	11011
2	2026-01-16	07:21:33	9343.7434	2	0.0321	0.0041	10081.4107	3.2	6.1	2.0051	0.0509	0.0005	0.2667	-737.9855	60	0.000	43.790000	-79.503540	209.07	24.782728	34.934059	98.9	11011
3	2026-01-16	07:26:00	9343.1664	2	0.0191	0.0025	10080.8383	1.3	-7.5	2.0017	0.0478	0.0007	0.2662	-737.9867	60	0.000	43.790000	-79.503540	209.07	24.783237	34.932426	110.3	11011
3	2026-01-16	07:27:00	9343.1661	2	0.0205	0.0027	10080.8390	-1.4	-8.7	2.0017	0.0471	0.0009	0.2661	-737.9870	60	0.000	43.790000	-79.503540	209.07	24.783237	34.932426	110.3	11011
4	2026-01-16	07:32:09	9342.4299	2	0.0342	0.0044	10080.1083	5.9	4.5	1.9993	0.0434	0.0007	0.2659	-737.9884	60	0.000	43.790000	-79.503540	209.07	24.783548	34.930531	118.1	11011
4	2026-01-16	07:33:09	9342.4529	2	0.0202	0.0026	10080.1317	7.8	5.5	2.0008	0.0427	0.0011	0.2661	-737.9887	60	0.000	43.790000	-79.503540	209.07	24.783548	34.930531	118.1	11011
5	2026-01-16	07:37:19	9341.9309	2	0.0181	0.0023	10079.6148	0.8	-5.8	1.9982	0.0397	0.0004	0.2658	-737.9898	60	0.000	43.790000	-79.503540	209.07	24.782452	34.928890	127.6	11011
5	2026-01-16	07:38:19	9341.9176	2	0.0220	0.0028	10079.6018	1.1	-8.3	1.9999	0.0390	0.0009	0.2660	-737.9901	60	0.000	43.790000	-79.503540	209.07	24.782452	34.928890	127.6	11011
6	2026-01-16	07:41:46	9341.5804	2	0.0200	0.0026	10079.2684	-4.7	-4.4	1.9998	0.0365	0.0005	0.2660	-737.9910	60	0.000	43.790000	-79.503540	209.07	24.782408	34.926945	130.4	11011
6	2026-01-16	07:42:46	9341.5920	2	0.0191	0.0025	10079.2799	-6.8	-6.7	2.0037	0.0357	0.0011	0.2666	-737.9913	60	0.000	43.790000	-79.503540	209.07	24.782408	34.926945	130.4	11011
7	2026-01-16	07:52:11	9341.0160	2	0.0154	0.0020	10078.7121	7.1	-7.9	2.0121	0.0290	0.0013	0.2676	-737.9939	60	0.000	43.790000	-79.503540	209.07	24.782772	34.925007	131.4	11011
7	2026-01-16	07:53:11	9341.0133	2	0.0215	0.0028	10078.7101	6.0	-7.7	2.0149	0.0282	0.0011	0.2680	-737.9942	60	0.000	43.790000	-79.503540	209.07	24.782772	34.925007	131.4	11011
8	2026-01-16	07:57:32	9340.6990	2	0.0154	0.0020	10078.4011	2.0	-3.3	2.0161	0.0251	0.0002	0.2681	-737.9954	60	0.000	43.790000	-79.503540	209.07	24.782331	34.923378	131.9	11011
8	2026-01-16	07:58:32	9340.6831	2	0.0175	0.0023	10078.3854	3.5	-4.6	2.0193	0.0244	0.0004	0.2686	-737.9957	60	0.000	43.790000	-79.503540	209.07	24.782331	34.923378	131.9	11011
9	2026-01-16	08:03:02	9339.5553	2	0.0458	0.0059	10077.2615	-2.8	-6.7	2.0206	0.0211	0.0009	0.2687	-737.9969	60	0.000	43.790000	-79.503540	209.07	24.780973	34.921963	138.8	11011
9	2026-01-16	08:04:02	9339.5418	2	0.0148	0.0019	10077.2496	0.7	-1.9	2.0219	0.0204	0.0001	0.2689	-737.9972	60	0.000	43.790000	-79.503540	209.07	24.780973	34.921963	138.8	11011
10	2026-01-16	08:07:23	9338.8655	2	0.0189	0.0024	10076.5761	6.3	-5.8	2.0198	0.0180	0.0009	0.2686	-737.9981	60	0.000	43.790000	-79.503540	209.07	24.781197	34.919941	140.3	11011
10	2026-01-16	08:08:23	9338.8656	2	0.0226	0.0029	10076.5768	6.3	-8.1	2.0207	0.0173	0.0012	0.2687	-737.9984	60	0.000	43.790000	-79.503540	209.07	24.781197	34.919941	140.2	11011
11	2026-01-16	08:11:33	9338.5102	2	0.0169	0.0022	10076.2251	1.9	6.6	2.0205	0.0150	0.0006	0.2687	-737.9993	60	0.000	43.790000	-79.503540	209.07	24.780682	34.918209	134.2	11011
11	2026-01-16	08:12:33	9338.5213	2	0.0218	0.0028	10076.2369	6.6	2.1	2.0221	0.0143	0.0007	0.2689	-737.9995	60	0.000	43.790000	-79.503540	209.07	24.780682	34.918209	134.2	11011
12	2026-01-16	08:16:26	9338.2577	2	0.0181	0.0023	10075.9773	4.4	-6.3	2.0203	0.0115	0.0007	0.2687	-738.0006	60	0.000	43.790000	-79.503540	209.07	24.781288	34.916367	144.0	11011
12	2026-01-16	08:17:26	9338.2401	2	0.0144	0.0019	10075.9600	4.1	-9.6	2.0202	0.0108	0.0014	0.2687	-738.0009	60	0.000	43.790000	-79.503540	209.07	24.781288	34.916367	143.9	11011
13	2026-01-16	08:21:15	9337.8304	2	0.0292	0.0038	10075.5546	1.8	-5.5	2.0197	0.0081	0.0008	0.2687	-738.0019	60	0.000	43.790000	-79.503540	209.07	24.780159	34.914822	152.1	11011
13	2026-01-16	08:22:15	9337.8142	2	0.0613	0.0079	10075.5388	6.5	-9.3	2.0222	0.0074	0.0012	0.2689	-738.0022	60	0.000	43.790000	-79.503540	209.07	24.780159	34.914822	152.1	11011
13	2026-01-16	08:24:24	9337.8032	2	0.0165	0.0021	10075.5305	0.0	-4.6	2.0254	0.0059	0.0003	0.2693	-738.0028	60	0.000	43.790000	-79.503540	209.07	24.780159	34.914822	152.1	11011
13	2026-01-16	08:25:24	9337.8250	2	0.0251	0.0032	10075.5528	0.4	-6.2	2.0266	0.0052	0.0005	0.2696	-738.0031	60	0.000	43.790000	-79.503540	209.07	24.780159	34.914822	152.1	11011
14	2026-01-16	08:29:36	9337.5038	2	0.0167	0.0022	10075.2354	1.8	-7.6	2.0267	0.0023	0.0007	0.2696	-738.0042	60	0.000	43.790000	-79.503540	209.07	24.778919	34.913441	145.8	11011
14	2026-01-16	08:30:36	9337.5108	2	0.0176	0.0023	10075.2427	3.8	-7.7	2.0294	0.0016	0.0010	0.2701	-738.0045	60	0.000	43.790000	-79.503540	209.07	24.778919	34.913441	145.8	11011
15	2026-01-16	08:33:56	9337.4304	2	0.0193	0.0025	10075.1671	-0.3	-3.6	2.0246	-0.0008	0.0002	0.2693	-738.0054	60	0.000	43.790000	-79.503540	209.07	24.778414	34.911625	152.5	11011
15	2026-01-16	08:34:56	9337.3415	2	0.0448	0.0058	10075.0789	3.0	-4.0	2.0253	-0.0014	0.0003	0.2694	-738.0057	60	0.000	43.790000	-79.503540	209.07	24.778414	34.911625	152.5	11011
16	2026-01-16	08:40:08	9336.5862	2	0.0215	0.0028	10074.3296	5.9	-7.4	2.0132	-0.0050	0.0011	0.2678	-738.0071	60	0.000	43.790000	-79.503540	209.07	24.777388	34.910118	159.1	11011
16	2026-01-16	08:41:08	9336.5811	2	0.0225	0.0029	10074.3246	6.6	-8.3	2.0164	-0.0057	0.0014	0.2682	-738.0074	60	0.000	43.790000	-79.503540	209.07	24.777388	34.910118	159.1	11011
17	2026-01-16	08:46:07	9336.2143	2	0.0206	0.0027	10073.9636	-1.3	-6.0	2.0161	-0.0091	0.0005	0.2681	-738.0088	60	0.000	43.790000	-79.503540	209.07	24.775799	34.909241	157.7	11011
17	2026-01-16	08:47:07	9336.2116	2	0.0168	0.0022	10073.9611	-1.7	-9.2	2.0167	-0.0097	0.0010	0.2684	-738.0091	60	0.000	43.790000	-79.503540	209.07	24.775799	34.909241	157.7	11011
18	2026-01-16	08:51:36	9335.8569	2	0.0252	0.0033	10073.6111	-2.9	-5.1	2.0177	-0.0127	0.0004	0.2684	-738.0103	60	0.000	43.790000	-79.503540	209.07	24.774612	34.907963	147.8	11011
18	2026-01-16	08:52:36	9335.8629	2	0.0246	0.0032	10073.6181	-1.8	-5.2	2.0196	-0.0134	0.0003	0.2685	-738.0106	60	0.000	43.790000	-79.503540	209.07	24.774612	34.907963	147.8	11011
19	2026-01-16	08:57:07	9335.3407	2	0.0244	0.0031	10073.1002	7.5	-2.7	2.0132	-0.0164	0.0008	0.2678	-738.0118	60	0.000	43.790000	-79.503540	209.07	24.772346	34.905437	176.2	11011
19	2026-01-16	08:58:07	9335.3425	2	0.0673	0.0087	10073.1017	7.1	-7.2	2.0135	-0.0170	0.0021	0.2678	-738.0121	60	0.000	43.790000	-79.503540	209.07	24.772346	34.905437	176.2	11011
19	2026-01-16	09:00:29	9335.3344	2	0.0201	0.0026	10073.0972	3.1	-5.9	2.0152	-0.0185	0.0005	0.2679	-738.0128	60	0.000	43.790000	-79.503540	209.07	24.772346	34.905437	176.2	11011
19	2026-01-16	09:01:29	9335.4367	2	0.0517	0.0067	10073.1998	4.1	-6.6	2.0166	-0.0192	0.0009	0.2683	-738.0130	60	0.000	43.790000	-79.503540	209.07	24.772346	34.905437	176.2	11011
19	2026-01-16	09:03:17	9335.4424	2	0.0169	0.0022	10073.2070	-0.4	-7.9	2.0188	-0.0203	0.0008	0.2685	-738.0135	60	0.000	43.790000	-79.503540	209.07	24.772346	34.905437	176.2	11011
19	2026-01-16	09:04:17	9335.4504	2	0.0453	0.0058	10073.2157	-0.4	-9.3	2.0192	-0.0210	0.0010	0.2685	-738.0138	60	0.000	43.790000	-79.503540	209.07	24.772346	34.905437	176.2	11011
20	2026-01-16	09:08:51	9334.9482	2	0.0170	0.0022	10072.7168	4.3	-9.8	2.0217	-0.0239	0.0014	0.2690	-738.0151	60	0.000	43.790000	-79.503540	209.07	24.770964	34.904083	172.5	11011
20	2026-01-16	09:09:51	9334.9471	2	0.0612	0.0079	10072.7162	5.4	-10.6	2.0240	-0.0245	0.0016	0.2691	-738.0153	60	0.000	43.790000	-79.503540	209.07	24.770964	34.904083	172.6	11011
21	2026-01-16	09:14:56	9334.2261	2	0.0236	0.0031	10071.9980	12.2	-2.9	2.0354	-0.0276	0.0018	0.2707	-738.0168	60	0.000	43.790000	-79.503540	209.07	24.769405	34.903427	174.3	11011
21	2026-01-16	09:15:56	9334.2386	2	0.0340	0.0044	10072.0100	13.2	-3.2	2.0387	-0.0282	0.0026	0.2713	-738.0170	60	0.000	43.790000	-79.503540	209.07	24.769405	34.903427	174.3	11011
22	2026-01-16	09:21:44	9333.6913	2	0.0199	0.0026	10071.4682	1.1	-7.6	2.0510	-0.0317	0.0007	0.2728	-738.0186	60	0.000	43.790000	-79.503540	209.07	24.770279	34.901279	178.8	11011
22	2026-01-16	09:22:44	9333.6982	2	0.0229	0.0030	10071.4748	2.1	-10.5	2.0534	-0.0323	0.0014	0.2731	-738.0189	60	0.000	43.790000	-79.503540	209.07	24.770279	34.901279	178.8	11011
23	2026-01-16	09:27:07	9333.7979	2	0.0266	0.0034	10071.5794	3.6	-6.3	2.0516	-0.0349	0.0006	0.2729	-738.0201	60	0.000	43.790000	-79.503540	209.07	24.771141	34.899532	179.4	11011
23	2026-01-16	09:28:07	9333.7714	2	0.0228	0.0029	10071.5531	4.5	-6.6	2.0538	-0.0354	0.0008	0.2732	-738.0204	60	0.000	43.790000	-79.503540	209.07	24.771141	34.899532	179.4	11011
24	2026-01-16	09:35:50	9334.1509	2	0.0199	0.0026	10071.9411	-3.0	-8.4	2.0385	-0.0398	0.0010	0.2712	-738.0225	60	0.000	43.790000	-79.503540	209.07	24.771408	34.897701	167.5	11011
24	2026-01-16	09:36:50	9334.0893	2	0.0293	0.0038	10071.8802	-1.0	-10.6	2.0373	-0.0404	0.0013	0.2709	-738.0228	60	0.000	43.790000	-79.503540	209.07	24.771408	34.897701	167.5	11011
25	2026-01-16	09:41:14	9333.8921	2	0.0190	0.0025	10071.6886	3.3	-6.1	2.0279	-0.0428	0.0006	0.2697	-738.0240	60	0.000	43.790000	-79.503540	209.07	24.771908	34.895702	171.0	11011
25	2026-01-16	09:42:14	9333.8828	2	0.0171	0.0022	10071.6801	2.2	-6.2	2.0285	-0.0433	0.0005	0.2698	-738.0243	60	0.000	43.790000	-79.503540	209.07	24.771908	34.895702	171.0	11011
26	2026-01-16	09:48:17	9334.4586	2	0.0199	0.0026	10072.2617	-4.5	-2.0	2.0224	-0.0465	0.0003	0.2691	-738.0260	60	0.000	43.790000	-79.503540	209.07	24.771318	34.893059	177.7	11011
26	2026-01-16	09:49:17	9334.4554	2	0.0429	0.0055	10072.2583	-6.4	-5.6	2.0259	-0.0470	0.0008	0.2695	-738.0262	60	0.000	43.790000	-79.503540	209.07	24.771318	34.893059	177.7	11011
100	2026-01-16	10:12:59	9344.4949	0	0.0311	0.0040	10082.3184	3.4	-3.4	2.0084	-0.0582	0.0003	0.2672	-738.0328	60	0.000	43.790000	-79.503540	209.07	24.786768	34.933743	106.4	11011
100	2026-01-16	10:13:59	9344.5141	0	0.0284	0.0037	10082.3379	1.7	-5.5	2.0107	-0.0587	0.0004	0.2675	-738.0331	60	0.000	43.790000	-79.503540	209.07	24.786768	34.933743	106.4	11011
100	2026-01-16	10:15:41	9344.4943	0	0.0201	0.0026	10082.3181	0.8	-10.4	2.0132	-0.0594	0.0013	0.2679	-738.0335	60	0.000	43.790000	-79.503540	209.07	24.786768	34.933743	106.4	11011
100	2026-01-16	10:16:41	9344.4751	0	0.0131	0.0017	10082.2991	0.4	-11.8	2.0141	-0.0598	0.0017	0.2679	-738.0338	60	0.000	43.790000	-79.503540	209.07	24.786768	34.933743	106.4	11011
100	2026-01-16	10:55:05	9344.5222	0	0.0312	0.0040	10082.3740	-2.5	-4.1	1.9978	-0.0733	0.0003	0.2656	-738.0444	60	0.000	43.790000	-79.503540	209.07	24.786762	34.933762	107.9	11011
100	2026-01-16	10:56:05	9344.5419	0	0.0164	0.0021	10082.3936	-1.5	-5.8	2.0013	-0.0736	0.0004	0.2662	-738.0447	60	0.000	43.790000	-79.503540	209.07	24.786762	34.933762	107.9	11011
100	2026-01-16	10:57:05	9344.5241	0	0.0190	0.0025	10082.3753	-0.5	-8.7	2.0045	-0.0739	0.0010	0.2667	-738.0449	60	0.000	43.790000	-79.503540	209.07	24.786762	34.933762	107.9	11011
100	2026-01-16	10:58:05	9344.5185	0	0.0173	0.0022	10082.3703	0.5	-8.7	2.0063	-0.0742	0.0008	0.2668	-738.0452	60	0.000	43.790000	-79.503540	209.07	24.786762	34.933762	107.9	11011
1	2026-01-16	11:25:26	9334.1806	3	0.0235	0.0030	10072.0424	2.8	-4.3	2.0372	-0.0802	0.0003	0.2708	-738.0528	60	0.000	43.790000	-79.503540	209.07	24.771532	34.891048	187.4	11011
1	2026-01-16	11:26:26	9334.1621	3	0.0398	0.0051	10072.0246	3.3	-3.1	2.0362	-0.0804	0.0002	0.2707	-738.0531	60	0.000	43.790000	-79.503540	209.07	24.771532	34.891045	187.3	11011
2	2026-01-16	11:30:54	9334.0080	3	0.0183	0.0024	10071.8724	0.3	-7.2	2.0333	-0.0811	0.0007	0.2704	-738.0543	60	0.000	43.790000	-79.503540	209.07	24.771469	34.889225	168.8	11011
2	2026-01-16	11:31:54	9334.0210	3	0.0174	0.0022	10071.8845	5.7	-11.0	2.0350	-0.0812	0.0017	0.2706	-738.0546	60	0.000	43.790000	-79.503540	209.07	24.771460	34.889198	166.8	11011
3	2026-01-16	11:35:39	9333.3476	3	0.0270	0.0035	10071.2121	-8.9	5.1	2.0425	-0.0818	0.0012	0.2716	-738.0556	60	0.000	43.790000	-79.503540	209.07	24.771599	34.887215	157.6	11011
3	2026-01-16	11:36:39	9333.3542	3	0.0276	0.0036	10071.2181	-11.1	6.1	2.0449	-0.0819	0.0020	0.2719	-738.0559	60	0.000	43.790000	-79.503540	209.07	24.771599	34.887215	154.8	11011
4	2026-01-16	11:40:33	9333.0044	3	0.0182	0.0024	10070.8710	2.5	-0.9	2.0489	-0.0824	0.0001	0.2726	-738.0569	60	0.000	43.790000	-79.503540	209.07	24.771938	34.885422	135.7	11011
4	2026-01-16	11:41:33	9333.0445	3	0.0265	0.0034	10070.9115	3.9	0.2	2.0500	-0.0825	0.0001	0.2726	-738.0572	60	0.000	43.790000	-79.503540	209.07	24.771938	34.885422	135.7	11011
5	2026-01-16	11:45:50	9332.3754	3	0.0195	0.0025	10070.2441	0.4	3.6	2.0485	-0.0830	0.0002	0.2725	-738.0584	60	0.000	43.790000	-79.503540	209.07	24.772606	34.883625	169.9	11011
5	2026-01-16	11:46:50	9332.3798	3	0.0186	0.0024	10070.2488	0.7	4.0	2.0497	-0.0831	0.0002	0.2726	-738.0587	60	0.000	43.790000	-79.503540	209.07	24.772606	34.883625	169.9	11011
6	2026-01-16	11:50:40	9331.8848	3	0.0200	0.0026	10069.7556	1.6	4.3	2.0448	-0.0835	0.0003	0.2721	-738.0597	60	0.000	43.790000	-79.503540	209.07	24.773245	34.881721	190.3	11011
6	2026-01-16	11:51:40	9331.8998	3	0.0155	0.0020	10069.7715	-0.8	3.2	2.0438	-0.0835	0.0001	0.2718	-738.0600	60	0.000	43.790000	-79.503540	209.07	24.773245	34.881729	190.2	11011
7	2026-01-16	11:55:21	9331.5446	3	0.0302	0.0039	10069.4187	1.8	-2.3	2.0349	-0.0838	0.0001	0.2706	-738.0610	60	0.000	43.790000	-79.503540	209.07	24.773706	34.879841	201.4	11011
7	2026-01-16	11:56:21	9331.5113	3	0.0303	0.0039	10069.3838	4.8	-12.4	2.0344	-0.0839	0.0021	0.2706	-738.0613	60	0.000	43.790000	-79.503540	209.07	24.773706	34.879841	201.4	11011
8	2026-01-16	12:00:39	9331.0847	3	0.0276	0.0036	10068.9608	3.9	6.7	2.0289	-0.0842	0.0007	0.2699	-738.0625	60	0.000	43.790000	-79.503540	209.07	24.774263	34.878067	205.8	11011
8	2026-01-16	12:01:39	9331.0580	3	0.0166	0.0021	10068.9341	4.7	6.6	2.0301	-0.0842	0.0008	0.2701	-738.0628	60	0.000	43.790000	-79.503540	209.07	24.774263	34.878067	205.8	11011
9	2026-01-16	12:08:14	9330.6842	3	0.0207	0.0027	10068.5620	0.7	-3.0	2.0388	-0.0845	0.0002	0.2711	-738.0646	60	0.000	43.790000	-79.503540	209.07	24.774817	34.876057	208.3	11011
9	2026-01-16	12:09:14	9330.7040	3	0.0144	0.0019	10068.5817	0.8	-5.7	2.0403	-0.0845	0.0004	0.2713	-738.0649	60	0.000	43.790000	-79.503540	209.07	24.774817	34.876057	208.3	11011
3	2026-01-16	12:14:59	9329.8990	3	0.0213	0.0028	10067.7774	6.8	-6.4	2.0419	-0.0846	0.0011	0.2716	-738.0665	60	0.000	43.790000	-79.503540	209.07	24.775480	34.874016	215.2	11011
10	2026-01-16	12:18:21	9329.8852	3	0.0188	0.0024	10067.7653	6.2	-6.2	2.0388	-0.0847	0.0009	0.2711	-738.0674	60	0.000	43.790000	-79.503540	209.07	24.775480	34.874016	215.4	11011
10	2026-01-16	12:19:21	9329.8804	3	0.0177	0.0023	10067.7607	6.4	-7.0	2.0368	-0.0847	0.0011	0.2709	-738.0677	60	0.000	43.790000	-79.503540	209.07	24.775480	34.874016	215.4	11011
11	2026-01-16	12:23:24	9329.0498	3	0.0178	0.0023	10066.9331	-0.1	-3.8	2.0290	-0.0846	0.0002	0.2699	-738.0688	60	0.000	43.790000	-79.503540	209.07	24.775972	34.872269	212.3	11011
11	2026-01-16	12:24:24	9329.0368	3	0.0297	0.0038	10066.9203	0.7	-5.5	2.0290	-0.0846	0.0004	0.2698	-738.0691	60	0.000	43.790000	-79.503540	209.07	24.775972	34.872269	212.3	11011
12	2026-01-16	12:28:18	9328.6170	3	0.0207	0.0027	10066.5021	7.2	1.8	2.0218	-0.0846	0.0007	0.2690	-738.0701	60	0.000	43.790000	-79.503540	209.07	24.776424	34.870617	224.7	11011
12	2026-01-16	12:29:18	9328.6258	3	0.0293	0.0038	10066.5108	8.8	1.8	2.0226	-0.0845	0.0010	0.2689	-738.0704	60	0.000	43.790000	-79.503540	209.07	24.776424	34.870617	224.7	11011
13	2026-01-16	12:33:18	9327.9301	3	0.0249	0.0032	10065.8171	6.0	2.4	2.0178	-0.0844	0.0005	0.2684	-738.0715	60	0.000	43.790000	-79.503540	209.07	24.776558	34.868656	221.7	11011
13	2026-01-16	12:34:18	9327.9247	3	0.0271	0.0035	10065.8115	7.5	4.3	2.0191	-0.0844	0.0008	0.2685	-738.0718	60	0.000	43.790000	-79.503540	209.07	24.776558	34.868656	221.8	11011
14	2026-01-16	12:38:08	9327.2786	3	0.0182	0.0023	10065.1669	4.4	4.1	2.0173	-0.0842	0.0004	0.2683	-738.0728	60	0.000	43.790000	-79.503540	209.07	24.777060	34.866940	224.0	11011
14	2026-01-16	12:39:08	9327.2742	3	0.0204	0.0026	10065.1623	5.7	5.6	2.0182	-0.0842	0.0008	0.2684	-738.0731	60	0.000	43.790000	-79.503540	209.07	24.777060	34.866940	224.1	11011
15	2026-01-16	12:43:16	9326.7905	3	0.0161	0.0021	10064.6793	1.0	9.6	2.0177	-0.0839	0.0011	0.2683	-738.0743	60	0.000	43.790000	-79.503540	209.07	24.777607	34.864952	228.6	11011
15	2026-01-16	12:44:16	9326.8295	3	0.0164	0.0021	10064.7183	1.1	11.6	2.0173	-0.0839	0.0014	0.2682	-738.0745	60	0.000	43.790000	-79.503540	209.07	24.777607	34.864952	228.6	11011
16	2026-01-16	12:47:59	9326.4046	3	0.0218	0.0028	10064.2962	3.5	1.9	2.0101	-0.0836	0.0002	0.2674	-738.0756	60	0.000	43.790000	-79.503540	209.07	24.777861	34.863068	224.3	11011
16	2026-01-16	12:48:59	9326.3989	3	0.0195	0.0025	10064.2907	5.0	2.0	2.0106	-0.0835	0.0003	0.2673	-738.0758	60	0.000	43.790000	-79.503540	209.07	24.777861	34.863068	224.2	11011
17	2026-01-16	12:53:15	9325.8551	3	0.0145	0.0019	10063.7477	4.9	-4.4	2.0073	-0.0832	0.0005	0.2671	-738.0770	60	0.000	43.790000	-79.503540	209.07	24.778643	34.861423	232.5	11011
17	2026-01-16	12:54:15	9325.8502	3	0.0177	0.0023	10063.7430	4.5	-4.4	2.0079	-0.0831	0.0005	0.2671	-738.0773	60	0.000	43.790000	-79.503540	209.07	24.778643	34.861423	232.6	11011
18	2026-01-16	12:58:13	9325.5143	3	0.0190	0.0025	10063.4087	0.7	1.1	2.0049	-0.0828	0.0001	0.2666	-738.0784	60	0.000	43.790000	-79.503540	209.07	24.778746	34.859383	233.8	11011
18	2026-01-16	12:59:13	9325.5205	3	0.0142	0.0018	10063.4144	3.0	4.6	2.0071	-0.0827	0.0004	0.2671	-738.0787	60	0.000	43.790000	-79.503540	209.07	24.778746	34.859383	233.8	11011
19	2026-01-16	13:05:24	9324.9077	3	0.0152	0.0020	10062.8025	-5.5	-1.0	2.0086	-0.0821	0.0004	0.2672	-738.0804	60	0.000	43.790000	-79.503540	209.07	24.780043	34.858536	231.3	11011
19	2026-01-16	13:06:24	9324.8663	3	0.0204	0.0026	10062.7611	-6.6	1.0	2.0092	-0.0820	0.0006	0.2672	-738.0806	60	0.000	43.790000	-79.503540	209.07	24.780043	34.858536	231.3	11011
20	2026-01-16	13:10:26	9324.0399	3	0.0520	0.0067	10061.9363	0.3	4.2	2.0048	-0.0815	0.0002	0.2666	-738.0818	60	0.000	43.790000	-79.503540	209.07	24.781399	34.857105	233.1	11011
20	2026-01-16	13:11:26	9324.0942	3	0.0251	0.0032	10061.9904	-1.2	5.6	2.0051	-0.0814	0.0004	0.2667	-738.0820	60	0.000	43.790000	-79.503540	209.07	24.781399	34.857105	233.1	11011
21	2026-01-16	13:15:12	9323.4023	3	0.0126	0.0016	10061.2984	5.8	8.0	2.0058	-0.0810	0.0012	0.2667	-738.0831	60	0.000	43.790000	-79.503540	209.07	24.781046	34.855522	234.4	11011
21	2026-01-16	13:16:12	9323.3921	3	0.0160	0.0021	10061.2878	5.2	11.2	2.0054	-0.0809	0.0019	0.2666	-738.0834	60	0.000	43.790000	-79.503540	209.07	24.781046	34.855522	234.5	11011
22	2026-01-16	13:20:07	9322.5440	3	0.0130	0.0017	10060.4411	-9.2	-7.3	1.9998	-0.0804	0.0017	0.2661	-738.0844	60	0.000	43.790000	-79.503540	209.07	24.780840	34.853455	242.7	11011
22	2026-01-16	13:21:07	9322.5412	3	0.0150	0.0019	10060.4372	-13.1	-9.7	1.9991	-0.0802	0.0032	0.2658	-738.0847	60	0.000	43.790000	-79.503540	209.07	24.780840	34.853455	242.7	11011
23	2026-01-16	13:25:15	9322.1041	3	0.0154	0.0020	10060.0030	-8.0	2.9	1.9978	-0.0797	0.0009	0.2657	-738.0858	60	0.000	43.790000	-79.503540	209.07	24.781860	34.852024	241.5	11011
23	2026-01-16	13:26:15	9322.1122	3	0.0139	0.0018	10060.0111	-7.1	4.5	1.9987	-0.0796	0.0010	0.2658	-738.0861	60	0.000	43.790000	-79.503540	209.07	24.781860	34.852024	241.5	11011
24	2026-01-16	13:31:41	9321.5113	3	0.0208	0.0027	10059.4116	-0.7	-1.8	2.0005	-0.0788	0.0001	0.2661	-738.0876	60	0.000	43.790000	-79.503540	209.07	24.782314	34.850201	246.9	11011
24	2026-01-16	13:32:41	9321.4843	3	0.0188	0.0024	10059.3846	-2.4	-2.5	2.0007	-0.0787	0.0002	0.2661	-738.0879	60	0.000	43.790000	-79.503540	209.07	24.782314	34.850201	246.9	11011
25	2026-01-16	13:36:05	9320.6949	3	0.0236	0.0030	10058.5961	0.1	0.2	1.9976	-0.0782	0.0000	0.2657	-738.0888	60	0.000	43.790000	-79.503540	209.07	24.782179	34.848293	245.3	11011
25	2026-01-16	13:37:05	9320.6963	3	0.0140	0.0018	10058.5977	-1.2	-0.0	1.9984	-0.0780	0.0000	0.2657	-738.0891	60	0.000	43.790000	-79.503540	209.07	24.782179	34.848293	245.3	11011
26	2026-01-16	13:44:09	9319.7076	3	0.0250	0.0032	10057.6091	5.4	5.0	1.9992	-0.0770	0.0007	0.2659	-738.0911	60	0.000	43.790000	-79.503540	209.07	24.781599	34.846405	272.8	11011
26	2026-01-16	13:45:09	9319.7260	3	0.0285	0.0037	10057.6277	4.2	5.2	1.9993	-0.0768	0.0005	0.2659	-738.0913	60	0.000	43.790000	-79.503540	209.07	24.781599	34.846405	272.8	11011
27	2026-01-16	13:48:29	9318.8927	3	0.0213	0.0027	10056.7951	-2.5	-0.5	2.0009	-0.0763	0.0001	0.2660	-738.0923	60	0.000	43.790000	-79.503540	209.07	24.782036	34.844707	275.3	11011
27	2026-01-16	13:49:29	9318.8641	3	0.0213	0.0027	10056.7660	-5.8	-0.4	2.0021	-0.0761	0.0006	0.2663	-738.0925	60	0.000	43.790000	-79.503540	209.07	24.782036	34.844707	275.3	11011
28	2026-01-16	13:52:27	9317.8100	3	0.0178	0.0023	10055.7120	7.2	-1.5	2.0011	-0.0757	0.0007	0.2663	-738.0934	60	0.000	43.790000	-79.503540	209.07	24.782433	34.842686	262.8	11011
28	2026-01-16	13:53:27	9317.8482	3	0.0228	0.0029	10055.7498	9.7	-4.7	2.0020	-0.0755	0.0012	0.2663	-738.0936	60	0.000	43.790000	-79.503540	209.07	24.782433	34.842686	262.8	11011
29	2026-01-16	13:57:13	9317.1090	3	0.0226	0.0029	10055.0109	4.0	-8.9	2.0029	-0.0749	0.0012	0.2664	-738.0947	60	0.000	43.790000	-79.503540	209.07	24.783348	34.841114	271.7	11011
29	2026-01-16	13:58:13	9317.0353	3	0.0334	0.0043	10054.9360	7.9	-12.0	2.0057	-0.0747	0.0022	0.2667	-738.0949	60	0.000	43.790000	-79.503540	209.07	24.783348	34.841114	271.7	11011
30	2026-01-16	14:01:51	9316.0169	3	0.0171	0.0022	10053.9200	-2.8	-0.2	2.0067	-0.0742	0.0001	0.2669	-738.0960	60	0.000	43.790000	-79.503540	209.07	24.783949	34.839310	278.6	11011
30	2026-01-16	14:02:51	9316.0179	3	0.0232	0.0030	10053.9209	-1.8	-4.2	2.0071	-0.0740	0.0003	0.2669	-738.0962	60	0.000	43.790000	-79.503540	209.07	24.783949	34.839310	278.5	11011
31	2026-01-16	14:09:52	9314.1599	3	0.0185	0.0024	10052.0640	-0.5	-2.0	2.0064	-0.0728	0.0001	0.2669	-738.0982	60	0.000	43.790000	-79.503540	209.07	24.785170	34.837383	290.2	11011
31	2026-01-16	14:10:52	9314.1466	3	0.0287	0.0037	10052.0505	-1.2	-2.0	2.0072	-0.0727	0.0001	0.2671	-738.0984	60	0.000	43.790000	-79.503540	209.07	24.785164	34.837383	289.8	11011
100	2026-01-16	15:03:16	9344.5637	0	0.0241	0.0031	10082.4719	-1.4	-5.6	2.0206	-0.0645	0.0004	0.2688	-738.1129	60	0.000	43.790000	-79.503540	209.07	24.786800	34.933769	98.7	11011
100	2026-01-16	15:04:16	9344.5342	0	0.0252	0.0033	10082.4424	-1.8	-5.6	2.0215	-0.0643	0.0005	0.2689	-738.1132	60	0.000	43.790000	-79.503540	209.07	24.786800	34.933762	98.7	11011
100	2026-01-16	15:05:41	9344.5281	0	0.0151	0.0019	10082.4364	-1.3	-5.3	2.0218	-0.0641	0.0004	0.2690	-738.1136	60	0.000	43.790000	-79.503540	209.07	24.786800	34.933762	98.7	11011
100	2026-01-16	15:06:41	9344.5189	0	0.0215	0.0028	10082.4274	0.1	-6.4	2.0211	-0.0640	0.0004	0.2689	-738.1138	60	0.000	43.790000	-79.503540	209.07	24.786800	34.933762	98.7	11011
0	2026-01-16	17:56:07	9409.7227	0	0.0249	0.0032	10147.6736	-7.8	0.5	2.0487	-0.0635	0.0007	0.2724	-738.1606	60	0.000	43.790000	-79.503540	209.07	25.066837	34.877678	29.5	11011
0	2026-01-16	17:57:07	9409.7169	0	0.0158	0.0020	10147.6686	-6.7	2.4	2.0461	-0.0636	0.0007	0.2722	-738.1609	60	0.000	43.790000	-79.503540	209.07	25.066837	34.877678	29.5	11011
0	2026-01-16	17:58:07	9409.7320	0	0.0205	0.0026	10147.6846	-6.9	3.1	2.0428	-0.0637	0.0006	0.2717	-738.1612	60	0.000	43.790000	-79.503540	209.07	25.066837	34.877678	29.5	11011
0	2026-01-16	17:59:07	9409.7169	0	0.0155	0.0020	10147.6701	-8.4	4.3	2.0382	-0.0639	0.0011	0.2710	-738.1614	60	0.000	43.790000	-79.503540	209.07	25.066837	34.877678	29.4	11011
0	2026-01-17	06:40:17	9409.7222	0	0.0196	0.0025	10147.7238	1.3	1.4	2.0070	0.1030	0.0001	0.2669	-738.3716	60	0.000	43.790000	-79.503540	209.07	25.066744	34.877628	28.2	11011
0	2026-01-17	06:41:17	9409.6827	0	0.0125	0.0016	10147.6851	0.0	2.1	2.0075	0.1024	0.0000	0.2670	-738.3718	60	0.000	43.790000	-79.503540	209.07	25.066761	34.877617	28.6	11011
0	2026-01-17	06:42:17	9409.6849	0	0.0186	0.0024	10147.6884	1.5	3.1	2.0067	0.1018	0.0001	0.2668	-738.3721	60	0.000	43.790000	-79.503540	209.07	25.066772	34.877609	28.9	11011
0	2026-01-17	06:43:17	9409.6730	0	0.0119	0.0015	10147.6771	1.4	3.6	2.0068	0.1012	0.0002	0.2669	-738.3724	60	0.000	43.790000	-79.503540	209.07	25.066772	34.877609	28.9	11011
100	2026-01-17	09:07:21	9344.1551	0	0.0160	0.0021	10082.2977	0.1	4.8	2.0509	-0.0036	0.0003	0.2728	-738.4122	60	0.000	43.790000	-79.503540	209.07	24.786797	34.933743	98.3	11011
100	2026-01-17	09:08:21	9344.1070	0	0.0198	0.0026	10082.2506	-3.0	7.1	2.0493	-0.0044	0.0008	0.2724	-738.4124	60	0.000	43.790000	-79.503540	209.07	24.786797	34.933743	98.2	11011
100	2026-01-17	09:09:21	9344.1472	0	0.0157	0.0020	10082.2914	-5.5	9.4	2.0473	-0.0051	0.0013	0.2722	-738.4127	60	0.000	43.790000	-79.503540	209.07	24.786797	34.933743	98.2	11011
100	2026-01-17	09:10:21	9344.1332	0	0.0134	0.0017	10082.2776	-8.6	10.7	2.0461	-0.0058	0.0024	0.2721	-738.4130	60	0.000	43.790000	-79.503540	209.07	24.786797	34.933743	98.2	11011
32	2026-01-17	09:53:47	9315.2577	3	0.0234	0.0030	10053.4514	8.5	-3.5	1.9956	-0.0352	0.0010	0.2655	-738.4250	60	0.000	43.790000	-79.503540	209.07	24.786062	34.835354	278.6	11011
33	2026-01-17	10:08:31	9316.4416	3	0.0199	0.0026	10054.6448	-2.4	4.3	2.0260	-0.0440	0.0003	0.2695	-738.4290	60	0.000	43.790000	-79.503540	209.07	24.787525	34.834553	271.8	11011
34	2026-01-17	10:14:48	9317.4435	3	0.0148	0.0019	10055.6505	-5.4	-9.9	2.0297	-0.0476	0.0015	0.2699	-738.4308	60	0.000	43.790000	-79.503540	209.07	24.789156	34.833530	266.8	11011
35	2026-01-17	10:18:12	9318.5002	3	0.0222	0.0029	10056.7101	9.6	-4.8	2.0303	-0.0494	0.0014	0.2700	-738.4317	60	0.000	43.790000	-79.503540	209.07	24.790838	34.833462	262.7	11011
36	2026-01-17	10:21:24	9319.6198	3	0.0154	0.0020	10057.8323	-0.3	-7.8	2.0335	-0.0512	0.0007	0.2705	-738.4326	60	0.000	43.790000	-79.503540	209.07	24.791349	34.835140	262.0	11011
37	2026-01-17	10:24:48	9320.1380	3	0.0191	0.0025	10058.3524	-4.4	-9.7	2.0358	-0.0529	0.0013	0.2707	-738.4335	60	0.000	43.790000	-79.503540	209.07	24.791931	34.836018	251.6	11011
38	2026-01-17	10:27:59	9321.7050	3	0.0140	0.0018	10059.9212	8.9	-6.6	2.0384	-0.0546	0.0016	0.2712	-738.4344	60	0.000	43.790000	-79.503540	209.07	24.791784	34.837318	248.9	11011
39	2026-01-17	10:31:05	9322.6069	3	0.0154	0.0020	10060.8237	12.1	-8.5	2.0450	-0.0561	0.0026	0.2720	-738.4353	60	0.000	43.790000	-79.503540	209.07	24.793123	34.838192	246.9	11011
40	2026-01-17	10:35:20	9323.2595	3	0.0203	0.0026	10061.4787	1.8	-14.4	2.0520	-0.0582	0.0025	0.2729	-738.4364	60	0.000	43.790000	-79.503540	209.07	24.794216	34.838299	239.9	11011
41	2026-01-17	10:38:23	9324.0576	3	0.0154	0.0020	10062.2777	6.1	-16.7	2.0535	-0.0596	0.0037	0.2731	-738.4373	60	0.000	43.790000	-79.503540	209.07	24.795492	34.838394	234.2	11011
42	2026-01-17	10:41:40	9325.2253	3	0.0409	0.0053	10063.4499	0.0	-10.3	2.0557	-0.0611	0.0013	0.2734	-738.4382	60	0.000	43.790000	-79.503540	209.07	24.797029	34.837219	225.2	11011
100	2026-01-17	11:15:27	9344.0731	0	0.0141	0.0018	10082.3278	-2.0	-2.2	2.0068	-0.0743	0.0002	0.2670	-738.4475	60	0.000	43.790000	-79.503540	209.07	24.786787	34.933762	100.4	11011
100	2026-01-17	11:16:27	9344.0668	0	0.0112	0.0014	10082.3211	-4.8	-7.7	2.0085	-0.0746	0.0009	0.2671	-738.4478	60	0.000	43.790000	-79.503540	209.07	24.786785	34.933762	100.4	11011
100	2026-01-17	11:17:27	9344.0869	0	0.0138	0.0018	10082.3405	-7.9	-10.0	2.0111	-0.0749	0.0021	0.2673	-738.4481	60	0.000	43.790000	-79.503540	209.07	24.786791	34.933762	100.3	11011
100	2026-01-17	11:18:27	9344.0528	0	0.0129	0.0017	10082.3062	-6.9	-12.4	2.0127	-0.0752	0.0024	0.2677	-738.4483	60	0.000	43.790000	-79.503540	209.07	24.786772	34.933762	98.9	11011
1	2026-01-17	11:50:09	9330.4484	4	0.0162	0.0021	10068.7166	5.9	1.8	2.0403	-0.0830	0.0005	0.2714	-738.4571	60	0.000	43.790000	-79.503540	209.07	24.774546	34.876419	209.1	11011
2	2026-01-17	11:54:49	9330.0818	4	0.0133	0.0017	10068.3511	4.9	7.1	2.0455	-0.0838	0.0009	0.2720	-738.4584	60	0.000	43.790000	-79.503540	209.07	24.773487	34.874329	202.1	11011
3	2026-01-17	11:58:53	9329.4280	4	0.0376	0.0049	10067.7005	5.1	-0.1	2.0376	-0.0844	0.0004	0.2711	-738.4595	60	0.000	43.790000	-79.503540	209.07	24.774059	34.872612	201.0	11011
4	2026-01-17	12:02:31	9328.9064	4	0.0268	0.0035	10067.1809	-5.4	1.4	2.0345	-0.0849	0.0004	0.2706	-738.4605	60	0.000	43.790000	-79.503540	209.07	24.774202	34.870857	214.3	11011
5	2026-01-17	12:06:47	9328.2393	4	0.0207	0.0027	10066.5162	4.5	-6.9	2.0256	-0.0855	0.0008	0.2694	-738.4617	60	0.000	43.790000	-79.503540	209.07	24.772346	34.867596	208.9	11011
6	2026-01-17	12:09:59	9327.9777	4	0.0241	0.0031	10066.2555	3.0	-11.0	2.0231	-0.0858	0.0016	0.2691	-738.4626	60	0.000	43.790000	-79.503540	209.07	24.772234	34.865688	223.6	11011
7	2026-01-17	12:13:22	9327.6873	4	0.0203	0.0026	10065.9679	4.5	-3.7	2.0189	-0.0861	0.0005	0.2685	-738.4635	60	0.000	43.790000	-79.503540	209.07	24.770973	34.864628	223.1	11011
8	2026-01-17	12:16:54	9327.0423	4	0.0194	0.0025	10065.3246	-0.5	-4.9	2.0176	-0.0865	0.0003	0.2684	-738.4645	60	0.000	43.790000	-79.503540	209.07	24.769316	34.863960	234.0	11011
9	2026-01-17	12:20:34	9326.2687	4	0.0174	0.0022	10064.5514	4.8	0.4	2.0243	-0.0867	0.0003	0.2693	-738.4655	60	0.000	43.790000	-79.503540	209.07	24.767588	34.863304	225.0	11011
10	2026-01-17	12:24:02	9325.4226	4	0.0181	0.0023	10063.7050	-8.2	-9.2	2.0230	-0.0869	0.0018	0.2692	-738.4665	60	0.000	43.790000	-79.503540	209.07	24.766344	34.862522	220.0	11011
11	2026-01-17	12:27:36	9324.5171	4	0.0394	0.0051	10062.8031	-4.8	-2.3	2.0163	-0.0871	0.0004	0.2682	-738.4674	60	0.000	43.790000	-79.503540	209.07	24.764723	34.863457	227.0	11011
12	2026-01-17	12:31:22	9323.9335	4	0.0148	0.0019	10062.2197	9.7	-3.1	2.0173	-0.0873	0.0012	0.2683	-738.4685	60	0.000	43.790000	-79.503540	209.07	24.763269	34.863152	212.3	11011
13	2026-01-17	12:35:13	9323.6752	4	0.0236	0.0030	10061.9631	-2.3	-5.2	2.0195	-0.0873	0.0004	0.2686	-738.4695	60	0.000	43.790000	-79.503540	209.07	24.764246	34.861664	223.8	11011
14	2026-01-17	12:38:35	9322.5379	4	0.0212	0.0027	10060.8256	-2.3	-9.5	2.0222	-0.0874	0.0011	0.2689	-738.4705	60	0.000	43.790000	-79.503540	209.07	24.762630	34.860550	244.3	11011
15	2026-01-17	12:42:05	9321.5332	4	0.0206	0.0027	10059.8228	4.9	-2.3	2.0215	-0.0874	0.0004	0.2688	-738.4714	60	0.000	43.790000	-79.503540	209.07	24.761370	34.859234	242.5	11011
16	2026-01-17	12:45:44	9321.1015	4	0.0145	0.0019	10059.3916	-1.2	-11.1	2.0159	-0.0873	0.0015	0.2681	-738.4724	60	0.000	43.790000	-79.503540	209.07	24.762447	34.857994	240.1	11011
17	2026-01-17	12:50:50	9320.9557	4	0.0208	0.0027	10059.2489	7.4	-3.8	2.0075	-0.0872	0.0009	0.2670	-738.4738	60	0.000	43.790000	-79.503540	209.07	24.764090	34.857174	243.4	11011
18	2026-01-17	12:54:23	9320.6177	4	0.0300	0.0039	10058.9110	-6.3	-9.1	2.0090	-0.0871	0.0015	0.2672	-738.4748	60	0.000	43.790000	-79.503540	209.07	24.765320	34.855591	246.1	11011
19	2026-01-17	13:04:38	9320.0729	4	0.0226	0.0029	10058.3693	8.7	-8.6	1.9992	-0.0865	0.0018	0.2660	-738.4777	60	0.000	43.790000	-79.503540	209.07	24.765413	34.853817	257.3	11011
20	2026-01-17	13:09:41	9319.0252	4	0.0160	0.0021	10057.3233	2.3	-5.8	2.0049	-0.0861	0.0005	0.2666	-738.4791	60	0.000	43.790000	-79.503540	209.07	24.764481	34.852272	267.5	11011
21	2026-01-17	13:13:29	9317.9019	4	0.0142	0.0018	10056.1991	-2.1	-11.6	2.0069	-0.0858	0.0017	0.2671	-738.4801	60	0.000	43.790000	-79.503540	209.07	24.762739	34.851795	268.7	11011
22	2026-01-17	13:16:43	9317.0477	4	0.0242	0.0031	10055.3470	-0.2	-3.4	2.0072	-0.0855	0.0002	0.2670	-738.4810	60	0.000	43.790000	-79.503540	209.07	24.760962	34.851879	261.9	11011
23	2026-01-17	13:20:09	9316.0753	4	0.0118	0.0015	10054.3738	10.3	-4.7	2.0086	-0.0851	0.0015	0.2671	-738.4819	60	0.000	43.790000	-79.503540	209.07	24.760008	34.851048	261.6	11011
24	2026-01-17	13:23:34	9315.6347	4	0.0151	0.0020	10053.9332	7.8	-10.6	2.0086	-0.0847	0.0021	0.2670	-738.4829	60	0.000	43.790000	-79.503540	209.07	24.760618	34.849239	265.8	11011
25	2026-01-17	13:28:42	9314.9951	4	0.0211	0.0027	10053.2962	-1.3	-3.6	2.0079	-0.0841	0.0002	0.2671	-738.4843	60	0.000	43.790000	-79.503540	209.07	24.761007	34.847538	265.6	11011
26	2026-01-17	13:33:19	9313.9134	4	0.0157	0.0020	10052.2148	3.7	2.0	2.0099	-0.0835	0.0002	0.2674	-738.4856	60	0.000	43.790000	-79.503540	209.07	24.759535	34.846844	281.1	11011
27	2026-01-17	13:37:06	9313.1027	4	0.0201	0.0026	10051.4043	4.3	-4.3	2.0113	-0.0830	0.0005	0.2675	-738.4866	60	0.000	43.790000	-79.503540	209.07	24.759396	34.844936	282.0	11011
28	2026-01-17	13:40:22	9312.4422	4	0.0120	0.0015	10050.7436	3.5	-8.9	2.0090	-0.0825	0.0012	0.2674	-738.4875	60	0.000	43.790000	-79.503540	209.07	24.759951	34.843040	286.1	11011
29	2026-01-17	13:44:36	9311.7806	4	0.0169	0.0022	10050.0838	0.1	-3.3	2.0083	-0.0818	0.0002	0.2672	-738.4887	60	0.000	43.790000	-79.503540	209.07	24.760584	34.841179	278.2	11011
30	2026-01-17	13:48:31	9311.1125	4	0.0148	0.0019	10049.4148	13.1	-4.5	2.0036	-0.0812	0.0022	0.2664	-738.4898	60	0.000	43.790000	-79.503540	209.07	24.760756	34.839130	261.5	11011
100	2026-01-17	14:45:23	9344.2453	0	0.0184	0.0024	10082.5563	-0.7	-4.7	1.9894	-0.0705	0.0003	0.2646	-738.5055	60	0.000	43.790000	-79.503540	209.07	24.786835	34.933750	103.0	11011
100	2026-01-17	14:46:23	9344.2560	0	0.0273	0.0035	10082.5667	1.2	-6.4	1.9908	-0.0703	0.0006	0.2648	-738.5057	60	0.000	43.790000	-79.503540	209.07	24.786835	34.933750	103.0	11011
100	2026-01-17	14:47:23	9344.2556	0	0.0207	0.0027	10082.5659	0.9	-8.9	1.9919	-0.0701	0.0010	0.2649	-738.5060	60	0.000	43.790000	-79.503540	209.07	24.786835	34.933750	103.0	11011
100	2026-01-17	14:48:23	9344.2373	0	0.0125	0.0016	10082.5476	1.5	-9.7	1.9917	-0.0699	0.0011	0.2648	-738.5063	60	0.000	43.790000	-79.503540	209.07	24.786835	34.933750	103.0	11011
0	2026-01-17	16:04:48	9409.3819	0	0.0225	0.0029	10147.6990	-2.5	-2.7	2.0094	-0.0571	0.0002	0.2672	-738.5274	60	0.000	43.790000	-79.503540	209.07	25.066910	34.877666	21.8	11011
0	2026-01-17	16:05:48	9409.4006	0	0.0159	0.0021	10147.7172	-1.3	-4.8	2.0128	-0.0570	0.0003	0.2678	-738.5277	60	0.000	43.790000	-79.503540	209.07	25.066910	34.877666	21.8	11011
0	2026-01-17	16:06:48	9409.4179	0	0.0301	0.0039	10147.7341	-2.5	-5.9	2.0147	-0.0569	0.0006	0.2680	-738.5279	60	0.000	43.790000	-79.503540	209.07	25.066910	34.877666	21.8	11011
0	2026-01-17	16:07:48	9409.4115	0	0.0240	0.0031	10147.7273	-3.4	-7.8	2.0165	-0.0568	0.0010	0.2682	-738.5282	60	0.000	43.790000	-79.503540	209.07	25.066910	34.877666	21.8	11011
0	2026-01-18	03:55:36	9409.3918	0	0.0149	0.0019	10147.7219	6.6	3.7	1.9959	0.1274	0.0007	0.2654	-738.7236	60	0.000	43.790000	-79.503540	209.07	25.066824	34.877647	29.8	11011
0	2026-01-18	03:56:36	9409.3893	0	0.0171	0.0022	10147.7187	7.6	2.6	1.9991	0.1278	0.0007	0.2660	-738.7239	60	0.000	43.790000	-79.503540	209.07	25.066824	34.877647	29.8	11011
0	2026-01-18	03:57:36	9409.3786	0	0.0141	0.0018	10147.7078	7.8	1.1	1.9998	0.1282	0.0007	0.2661	-738.7242	60	0.000	43.790000	-79.503540	209.07	25.066824	34.877647	29.8	11011
0	2026-01-18	03:58:36	9409.4189	0	0.0273	0.0035	10147.7478	8.3	0.7	2.0001	0.1286	0.0009	0.2660	-738.7244	60	0.000	43.790000	-79.503540	209.07	25.066824	34.877647	29.7	11011
100	2026-01-18	06:12:23	9343.9943	0	0.0153	0.0020	10082.3478	-4.4	12.4	2.0535	0.1326	0.0021	0.2732	-738.7614	60	0.000	43.790000	-79.503540	209.07	24.786785	34.933697	79.0	11011
100	2026-01-18	06:13:23	9343.9855	0	0.0129	0.0017	10082.3382	-7.8	17.7	2.0488	0.1323	0.0042	0.2725	-738.7616	60	0.000	43.790000	-79.503540	209.07	24.786785	34.933697	79.1	11011
100	2026-01-18	06:14:23	9343.9864	0	0.0117	0.0015	10082.3380	-11.1	20.6	2.0447	0.1319	0.0065	0.2719	-738.7619	60	0.000	43.790000	-79.503540	209.07	24.786785	34.933697	79.1	11011
100	2026-01-18	06:15:23	9343.9795	0	0.0128	0.0017	10082.3316	-11.2	22.3	2.0399	0.1316	0.0072	0.2713	-738.7622	60	0.000	43.790000	-79.503540	209.07	24.786785	34.933697	79.2	11011
31	2026-01-18	07:06:37	9309.9799	4	0.0120	0.0016	10048.3751	13.3	9.2	2.0387	0.1068	0.0031	0.2712	-738.7763	60	0.000	43.790000	-79.503540	209.07	24.760546	34.837116	294.9	11011
32	2026-01-18	07:20:55	9309.3291	4	0.0208	0.0027	10047.7423	4.7	-11.3	2.0108	0.0980	0.0018	0.2674	-738.7803	60	0.000	43.790000	-79.503540	209.07	24.761162	34.835201	280.0	11011
33	2026-01-18	07:24:31	9308.8962	4	0.0186	0.0024	10047.3119	12.6	-4.7	2.0135	0.0956	0.0021	0.2678	-738.7813	60	0.000	43.790000	-79.503540	209.07	24.760212	34.834648	291.6	11011
34	2026-01-18	07:28:33	9307.9350	4	0.0127	0.0016	10046.3554	8.3	4.5	2.0153	0.0929	0.0011	0.2680	-738.7824	60	0.000	43.790000	-79.503540	209.07	24.759739	34.833599	301.3	11011
35	2026-01-18	07:33:34	9307.1222	4	0.0202	0.0026	10045.5469	-3.1	-9.5	2.0171	0.0895	0.0012	0.2684	-738.7838	60	0.000	43.790000	-79.503540	209.07	24.760597	34.831921	312.0	11011
36	2026-01-18	07:37:51	9306.5700	4	0.0135	0.0017	10044.9987	-0.5	-10.1	2.0181	0.0866	0.0012	0.2684	-738.7850	60	0.000	43.790000	-79.503540	209.07	24.759697	34.830448	303.8	11011
37	2026-01-18	07:42:02	9305.7174	4	0.0241	0.0031	10044.1516	1.5	2.1	2.0160	0.0836	0.0001	0.2681	-738.7861	60	0.000	43.790000	-79.503540	209.07	24.758419	34.829193	297.4	11011
38	2026-01-18	07:46:24	9305.2026	4	0.0171	0.0022	10043.6399	-1.4	-9.9	2.0176	0.0805	0.0012	0.2683	-738.7873	60	0.000	43.790000	-79.503540	209.07	24.759054	34.827694	309.5	11011
39	2026-01-18	07:49:54	9304.7554	4	0.0185	0.0024	10043.1954	10.6	-5.9	2.0190	0.0779	0.0017	0.2685	-738.7883	60	0.000	43.790000	-79.503540	209.07	24.760609	34.826900	320.8	11011
40	2026-01-18	07:53:37	9303.9217	4	0.0129	0.0017	10042.3662	-2.7	3.3	2.0250	0.0752	0.0003	0.2693	-738.7893	60	0.000	43.790000	-79.503540	209.07	24.760031	34.826015	317.9	11011
41	2026-01-18	07:57:03	9303.0595	4	0.0167	0.0022	10041.5069	6.6	0.6	2.0263	0.0727	0.0005	0.2696	-738.7903	60	0.000	43.790000	-79.503540	209.07	24.758276	34.825565	319.7	11011
42	2026-01-18	08:00:31	9301.8956	4	0.0182	0.0023	10040.3471	6.3	-5.2	2.0213	0.0701	0.0008	0.2688	-738.7912	60	0.000	43.790000	-79.503540	209.07	24.756535	34.824661	320.5	11011
43	2026-01-18	08:10:50	9301.1246	4	0.0201	0.0026	10039.5877	3.5	3.4	2.0179	0.0622	0.0003	0.2684	-738.7941	60	0.000	43.790000	-79.503540	209.07	24.754957	34.824402	344.1	11011
44	2026-01-18	08:14:26	9300.2916	4	0.0298	0.0039	10038.7575	-4.7	-5.1	2.0225	0.0594	0.0006	0.2691	-738.7951	60	0.000	43.790000	-79.503540	209.07	24.753359	34.824024	336.5	11011
45	2026-01-18	08:17:58	9299.4578	4	0.0114	0.0015	10037.9272	5.0	-5.2	2.0242	0.0567	0.0006	0.2693	-738.7960	60	0.000	43.790000	-79.503540	209.07	24.751501	34.823746	326.3	11011
46	2026-01-18	08:21:32	9298.6121	4	0.0546	0.0070	10037.0834	7.1	-11.9	2.0252	0.0539	0.0023	0.2695	-738.7970	60	0.000	43.790000	-79.503540	209.07	24.749678	34.823662	347.1	11011
47	2026-01-18	08:26:12	9298.1052	4	0.0239	0.0031	10036.5825	8.1	-0.1	2.0295	0.0502	0.0008	0.2700	-738.7983	60	0.000	43.790000	-79.503540	209.07	24.747923	34.823391	338.1	11011
48	2026-01-18	08:29:15	9297.7143	4	0.0195	0.0025	10036.1956	1.6	-3.8	2.0287	0.0478	0.0003	0.2697	-738.7991	60	0.000	43.790000	-79.503540	209.07	24.746387	34.823383	345.4	11011
49	2026-01-18	08:33:18	9296.6171	4	0.0208	0.0027	10035.1021	8.1	-3.7	2.0281	0.0446	0.0009	0.2697	-738.8003	60	0.000	43.790000	-79.503540	209.07	24.744633	34.822983	355.9	11011
50	2026-01-18	08:38:04	9295.5317	4	0.0415	0.0054	10034.0215	1.3	-7.9	2.0305	0.0408	0.0008	0.2701	-738.8016	60	0.000	43.790000	-79.503540	209.07	24.743279	34.822266	364.7	11011
100	2026-01-18	10:17:34	9343.5999	0	0.0171	0.0022	10082.1911	-4.3	-5.7	2.0403	-0.0341	0.0006	0.2713	-738.8290	60	0.000	43.790000	-79.503540	209.07	24.786804	34.933773	101.7	11011
100	2026-01-18	10:18:34	9343.6079	0	0.0181	0.0023	10082.1989	-5.8	-9.0	2.0439	-0.0348	0.0013	0.2718	-738.8293	60	0.000	43.790000	-79.503540	209.07	24.786804	34.933773	101.8	11011
100	2026-01-18	10:19:34	9343.5950	0	0.0221	0.0029	10082.1864	-6.1	-10.4	2.0453	-0.0354	0.0017	0.2720	-738.8296	60	0.000	43.790000	-79.503540	209.07	24.786804	34.933773	101.8	11011
100	2026-01-18	10:20:34	9343.6079	0	0.0224	0.0029	10082.1994	-7.1	-12.1	2.0469	-0.0361	0.0023	0.2722	-738.8299	60	0.000	43.790000	-79.503540	209.07	24.786804	34.933773	101.8	11011
1	2026-01-18	11:49:50	9320.4027	5	0.0214	0.0028	10059.0611	0.7	4.3	2.0634	-0.0786	0.0003	0.2745	-738.8545	60	0.000	43.790000	-79.503540	209.07	24.792828	34.822163	273.9	11011
2	2026-01-18	11:58:02	9319.7689	5	0.0213	0.0027	10058.4366	0.5	-3.2	2.0281	-0.0809	0.0002	0.2698	-738.8568	60	0.000	43.790000	-79.503540	209.07	24.791788	34.820263	271.1	11011
3	2026-01-18	12:02:20	9319.0628	5	0.0286	0.0037	10057.7320	5.4	-6.1	2.0294	-0.0819	0.0008	0.2699	-738.8580	60	0.000	43.790000	-79.503540	209.07	24.790771	34.818729	277.2	11011
4	2026-01-18	12:05:26	9318.0858	5	0.0279	0.0036	10056.7567	-1.0	-9.7	2.0257	-0.0827	0.0011	0.2695	-738.8588	60	0.000	43.790000	-79.503540	209.07	24.789200	34.817806	264.4	11011
5	2026-01-18	12:09:07	9317.4036	5	0.0188	0.0024	10056.0774	-2.0	4.1	2.0239	-0.0835	0.0003	0.2692	-738.8598	60	0.000	43.790000	-79.503540	209.07	24.787640	34.817120	262.3	11011
6	2026-01-18	12:12:11	9316.8060	5	0.0194	0.0025	10055.4809	5.4	-2.0	2.0247	-0.0841	0.0004	0.2695	-738.8607	60	0.000	43.790000	-79.503540	209.07	24.786310	34.815830	259.6	11011
7	2026-01-18	12:15:19	9316.2772	5	0.0293	0.0038	10054.9545	3.5	1.0	2.0200	-0.0847	0.0002	0.2687	-738.8615	60	0.000	43.790000	-79.503540	209.07	24.786890	34.813953	264.0	11011
8	2026-01-18	12:18:50	9315.5740	5	0.0363	0.0047	10054.2526	5.0	-6.4	2.0179	-0.0853	0.0008	0.2684	-738.8625	60	0.000	43.790000	-79.503540	209.07	24.787554	34.811932	273.9	11011
9	2026-01-18	12:22:11	9314.6739	5	0.0156	0.0020	10053.3543	-2.5	4.9	2.0179	-0.0858	0.0004	0.2685	-738.8634	60	0.000	43.790000	-79.503540	209.07	24.787779	34.810089	280.7	11011
10	2026-01-18	12:27:20	9314.2693	5	0.0198	0.0025	10052.9518	-3.7	2.5	2.0191	-0.0866	0.0003	0.2687	-738.8649	60	0.000	43.790000	-79.503540	209.07	24.786205	34.809250	283.4	11011
11	2026-01-18	12:30:41	9313.4390	5	0.0172	0.0022	10052.1195	7.1	-15.0	2.0197	-0.0870	0.0035	0.2688	-738.8658	60	0.000	43.790000	-79.503540	209.07	24.784575	34.809601	275.2	11011
12	2026-01-18	12:35:09	9313.0515	5	0.0164	0.0021	10051.7352	-2.5	-8.3	2.0285	-0.0875	0.0009	0.2699	-738.8670	60	0.000	43.790000	-79.503540	209.07	24.782923	34.810287	275.6	11011
13	2026-01-18	12:38:27	9311.9954	5	0.0151	0.0019	10050.6804	-5.8	-4.4	2.0315	-0.0878	0.0007	0.2701	-738.8679	60	0.000	43.790000	-79.503540	209.07	24.781101	34.810326	276.9	11011
13	2026-01-18	12:39:54	9311.9995	5	0.0152	0.0020	10050.6833	-9.4	-10.0	2.0338	-0.0879	0.0022	0.2703	-738.8683	60	0.000	43.790000	-79.503540	209.07	24.781101	34.810326	277.0	11011
14	2026-01-18	12:42:57	9311.6658	5	0.0149	0.0019	10050.3511	-2.6	-9.4	2.0359	-0.0882	0.0011	0.2709	-738.8692	60	0.000	43.790000	-79.503540	209.07	24.779215	34.809376	277.6	11011
15	2026-01-18	12:47:01	9310.9775	5	0.0195	0.0025	10049.6650	-8.5	-5.5	2.0298	-0.0884	0.0012	0.2699	-738.8703	60	0.000	43.790000	-79.503540	209.07	24.777922	34.808430	287.7	11011
16	2026-01-18	12:50:45	9310.1729	5	0.0301	0.0039	10048.8613	-10.9	-6.4	2.0262	-0.0886	0.0019	0.2696	-738.8713	60	0.000	43.790000	-79.503540	209.07	24.776821	34.806973	295.2	11011
17	2026-01-18	12:53:54	9309.3115	5	0.0189	0.0024	10048.0032	6.2	-1.3	2.0210	-0.0887	0.0005	0.2687	-738.8722	60	0.000	43.790000	-79.503540	209.07	24.775505	34.805481	290.1	11011
18	2026-01-18	12:57:09	9308.6550	5	0.0548	0.0071	10047.3482	0.9	1.6	2.0197	-0.0888	0.0001	0.2686	-738.8731	60	0.000	43.790000	-79.503540	209.07	24.774031	34.804585	288.9	11011
19	2026-01-18	12:58:30	9308.7157	5	0.0226	0.0029	10047.4093	-2.3	-1.4	2.0187	-0.0888	0.0001	0.2685	-738.8735	60	0.000	43.790000	-79.503540	209.07	24.774031	34.804585	288.9	11011
19	2026-01-18	13:02:39	9307.7689	5	0.0216	0.0028	10046.4624	-9.8	-9.4	2.0128	-0.0888	0.0022	0.2677	-738.8746	60	0.000	43.790000	-79.503540	209.07	24.772882	34.803272	292.6	11011
20	2026-01-18	13:06:54	9306.6664	5	0.0169	0.0022	10045.3613	4.5	-11.4	2.0144	-0.0888	0.0018	0.2680	-738.8758	60	0.000	43.790000	-79.503540	209.07	24.771385	34.802299	294.7	11011
21	2026-01-18	13:14:17	9305.8093	5	0.0221	0.0028	10044.5066	10.9	-6.9	2.0079	-0.0886	0.0019	0.2671	-738.8778	60	0.000	43.790000	-79.503540	209.07	24.769514	34.801952	305.5	11011
22	2026-01-18	13:17:35	9305.1781	5	0.0265	0.0034	10043.8752	2.5	-13.2	2.0142	-0.0884	0.0022	0.2679	-738.8787	60	0.000	43.790000	-79.503540	209.07	24.767721	34.801746	303.9	11011
100	2026-01-18	15:25:43	7269.6477	0	0.0168	0.0022	8008.3587	2.9	-5.9	2.0127	-0.0651	0.0005	0.2676	-738.9141	60	0.000	43.790000	-79.503540	209.07	24.786873	34.933792	104.5	11011
100	2026-01-18	15:26:43	7269.6320	0	0.0023	0.0003	8008.3416	1.5	-9.6	2.0189	-0.0648	0.0012	0.2684	-738.9144	60	0.000	43.790000	-79.503540	209.07	24.786873	34.933792	104.5	11011
100	2026-01-18	15:27:43	7269.6299	0	0.0013	0.0002	8008.3378	1.8	-10.9	2.0304	-0.0646	0.0013	0.2700	-738.9147	60	0.000	43.790000	-79.503540	209.07	24.786877	34.933792	104.5	11011
100	2026-01-18	15:28:43	7269.6300	0	0.0011	0.0001	8008.3354	3.0	-12.8	2.0458	-0.0644	0.0018	0.2722	-738.9149	60	0.000	43.790000	-79.503540	209.07	24.786873	34.933792	104.5	11011
0	2026-01-18	16:34:54	7269.6300	0	0.0013	0.0002	8008.3243	9.3	2.5	2.1789	-0.0520	0.0011	0.2899	-738.9332	60	0.000	43.790000	-79.503540	209.07	25.066887	34.877754	60.2	11011
0	2026-01-18	16:35:54	7269.6298	0	0.0013	0.0002	8008.3246	9.6	2.8	2.1767	-0.0519	0.0011	0.2894	-738.9335	60	0.000	43.790000	-79.503540	209.07	25.066887	34.877754	60.1	11011
0	2026-01-18	16:36:54	7269.6285	0	0.0010	0.0001	8008.3246	8.7	2.3	2.1705	-0.0518	0.0009	0.2886	-738.9338	60	0.000	43.790000	-79.503540	209.07	25.066887	34.877754	60.1	11011
0	2026-01-18	16:37:54	7269.6275	0	0.0010	0.0001	8008.3246	8.4	1.0	2.1628	-0.0516	0.0009	0.2877	-738.9340	60	0.000	43.790000	-79.503540	209.07	25.066887	34.877754	60.1	11011
0	2026-01-19	07:00:06	7269.5596	0	0.0019	0.0002	8008.3195	-2.7	5.2	2.1782	0.1221	0.0004	0.2897	-739.1720	60	0.000	43.790000	-79.503540	209.07	25.066786	34.877655	22.0	11011
0	2026-01-19	07:01:06	7269.5575	0	0.0020	0.0003	8008.3182	-3.2	5.4	2.1754	0.1217	0.0005	0.2894	-739.1723	60	0.000	43.790000	-79.503540	209.07	25.066786	34.877647	21.9	11011
0	2026-01-19	07:02:06	7269.5573	0	0.0018	0.0002	8008.3193	-4.7	6.5	2.1691	0.1212	0.0008	0.2885	-739.1726	60	0.000	43.790000	-79.503540	209.07	25.066790	34.877647	22.4	11011
0	2026-01-19	07:03:06	7269.5558	0	0.0019	0.0002	8008.3201	-3.6	5.7	2.1603	0.1208	0.0005	0.2873	-739.1729	60	0.000	43.790000	-79.503540	209.07	25.066790	34.877647	22.4	11011
100	2026-01-19	09:02:30	9343.8697	0	0.0239	0.0031	10082.7398	-5.9	-7.6	2.2050	0.0412	0.0011	0.2934	-739.2058	60	0.000	43.790000	-79.503540	209.07	24.786785	34.933773	98.1	11011
100	2026-01-19	09:03:30	9343.8558	0	0.0247	0.0032	10082.7287	-8.4	-9.3	2.1883	0.0404	0.0016	0.2912	-739.2061	60	0.000	43.790000	-79.503540	209.07	24.786785	34.933773	98.1	11011
100	2026-01-19	09:04:30	9343.8160	0	0.0173	0.0022	10082.6922	-9.6	-9.5	2.1680	0.0396	0.0022	0.2884	-739.2064	60	0.000	43.790000	-79.503540	209.07	24.786785	34.933773	98.1	11011
100	2026-01-19	09:05:30	9343.8481	0	0.0236	0.0030	10082.7276	-11.3	-10.3	2.1464	0.0388	0.0029	0.2855	-739.2066	60	0.000	43.790000	-79.503540	209.07	24.786785	34.933773	98.1	11011
1	2026-01-19	10:00:15	9324.5311	6	0.0165	0.0021	10063.4868	0.7	-4.3	2.0326	-0.0046	0.0003	0.2704	-739.2218	60	0.000	43.790000	-79.503540	209.07	24.798212	34.836151	231.2	11011
1	2026-01-19	10:01:15	23798.3812	6	******	129.8980	9238.9589	-8951.7	19512.2	2.0231	-0.0053	15298.3819	0.2678	-739.2220	60	0.000	43.790000	-79.503540	209.07	24.798193	34.836151	230.7	11011
2	2026-01-19	10:12:40	9323.6393	6	0.0289	0.0037	10062.5888	8.2	-4.0	2.1696	-0.0139	0.0010	0.2886	-739.2252	60	0.000	43.790000	-79.503540	209.07	24.798922	34.834377	237.6	11011
1	2026-01-19	10:44:37	9329.1326	7	0.0147	0.0019	10068.1256	14.1	10.3	2.0566	-0.0362	0.0036	0.2736	-739.2340	60	0.000	43.790000	-79.503540	209.07	24.812935	34.846870	220.8	11011
2	2026-01-19	10:48:55	9328.0175	7	0.0180	0.0023	10067.0191	-5.0	1.5	2.0475	-0.0390	0.0003	0.2723	-739.2352	60	0.000	43.790000	-79.503540	209.07	24.813885	34.845947	217.8	11011
3	2026-01-19	10:52:41	9327.0792	7	0.0152	0.0020	10066.0850	1.5	-8.5	2.0376	-0.0414	0.0009	0.2710	-739.2362	60	0.000	43.790000	-79.503540	209.07	24.814224	34.844040	220.9	11011
4	2026-01-19	10:56:42	9326.7386	7	0.0174	0.0022	10065.7479	6.7	-9.5	2.0316	-0.0439	0.0016	0.2703	-739.2373	60	0.000	43.790000	-79.503540	209.07	24.815531	34.844128	231.1	11011
5	2026-01-19	11:00:14	9325.9484	7	0.0464	0.0060	10064.9620	6.8	-1.0	2.0310	-0.0461	0.0006	0.2701	-739.2383	60	0.000	43.790000	-79.503540	209.07	24.816851	34.842636	233.7	11011
6	2026-01-19	11:03:40	9324.8698	7	0.0131	0.0017	10063.8858	6.0	-7.4	2.0318	-0.0481	0.0011	0.2702	-739.2393	60	0.000	43.790000	-79.503540	209.07	24.816870	34.840481	237.1	11011
7	2026-01-19	11:07:17	9325.0673	7	0.0254	0.0033	10064.0877	2.4	2.8	2.0304	-0.0502	0.0002	0.2699	-739.2403	60	0.000	43.790000	-79.503540	209.07	24.818419	34.840378	235.7	11011
8	2026-01-19	11:11:07	9324.4764	7	0.0281	0.0036	10063.4990	-6.3	1.8	2.0345	-0.0524	0.0005	0.2706	-739.2413	60	0.000	43.790000	-79.503540	209.07	24.819340	34.839664	268.7	11011
9	2026-01-19	11:14:39	9323.6554	7	0.0252	0.0032	10062.6796	7.2	-10.3	2.0344	-0.0544	0.0019	0.2707	-739.2423	60	0.000	43.790000	-79.503540	209.07	24.820642	34.838402	238.8	11011
10	2026-01-19	11:18:15	9323.0510	7	0.0287	0.0037	10062.0782	9.9	2.1	2.0368	-0.0563	0.0012	0.2712	-739.2433	60	0.000	43.790000	-79.503540	209.07	24.821768	34.836765	241.8	11011
11	2026-01-19	11:21:59	9322.4103	7	0.0366	0.0047	10061.4400	10.5	-5.5	2.0397	-0.0583	0.0017	0.2713	-739.2443	60	0.000	43.790000	-79.503540	209.07	24.822817	34.834991	248.7	11011
12	2026-01-19	11:26:58	9321.6155	7	0.0139	0.0018	10060.6514	0.0	-3.6	2.0331	-0.0608	0.0002	0.2704	-739.2457	60	0.000	43.790000	-79.503540	209.07	24.823971	34.833569	221.5	11011
13	2026-01-19	11:30:59	9320.7919	7	0.0324	0.0042	10059.8301	-4.0	4.5	2.0371	-0.0628	0.0004	0.2710	-739.2468	60	0.000	43.790000	-79.503540	209.07	24.824022	34.831425	260.2	11011
14	2026-01-19	11:34:50	9320.1554	7	0.0177	0.0023	10059.1964	-3.0	-5.2	2.0370	-0.0646	0.0005	0.2710	-739.2479	60	0.000	43.790000	-79.503540	209.07	24.825544	34.830715	277.3	11011
15	2026-01-19	11:39:31	9319.6251	7	0.0241	0.0031	10058.6706	0.0	0.9	2.0337	-0.0668	0.0000	0.2704	-739.2492	60	0.000	43.790000	-79.503540	209.07	24.826431	34.828964	286.2	11011
16	2026-01-19	11:48:06	9318.8004	7	0.0230	0.0030	10057.8531	-3.0	-2.2	2.0233	-0.0704	0.0002	0.2691	-739.2515	60	0.000	43.790000	-79.503540	209.07	24.826860	34.827492	299.0	11011
1	2026-01-19	12:08:04	9319.1904	8	0.0187	0.0024	10058.2555	10.0	1.9	2.0187	-0.0778	0.0012	0.2684	-739.2570	60	0.000	43.790000	-79.503540	209.07	24.821615	34.829288	275.7	11011
2	2026-01-19	12:17:31	9319.7224	8	0.0154	0.0020	10058.7944	0.5	-3.2	2.0164	-0.0806	0.0002	0.2681	-739.2597	60	0.000	43.790000	-79.503540	209.07	24.822678	34.829697	303.3	11011
3	2026-01-19	12:24:29	9320.8299	8	0.0246	0.0032	10059.9051	-2.5	-5.1	2.0186	-0.0824	0.0004	0.2684	-739.2616	60	0.000	43.790000	-79.503540	209.07	24.822758	34.831898	290.7	11011
4	2026-01-19	12:30:10	9321.8338	8	0.0333	0.0043	10060.9116	-4.2	-6.6	2.0177	-0.0838	0.0008	0.2683	-739.2631	60	0.000	43.790000	-79.503540	209.07	24.823275	34.833702	271.3	11011
100	2026-01-19	13:08:57	9343.7209	0	0.0152	0.0020	10082.8191	0.3	-3.0	1.9898	-0.0891	0.0001	0.2646	-739.2738	60	0.000	43.790000	-79.503540	209.07	24.786816	34.933750	115.6	11011
100	2026-01-19	13:09:57	9343.7281	0	0.0218	0.0028	10082.8260	2.7	-5.7	1.9927	-0.0892	0.0005	0.2650	-739.2741	60	0.000	43.790000	-79.503540	209.07	24.786816	34.933750	115.7	11011
100	2026-01-19	13:10:57	9343.7358	0	0.0232	0.0030	10082.8332	3.9	-7.5	1.9955	-0.0892	0.0009	0.2654	-739.2744	60	0.000	43.790000	-79.503540	209.07	24.786816	34.933750	115.6	11011
100	2026-01-19	13:11:57	9343.7192	0	0.0330	0.0043	10082.8161	4.3	-9.2	1.9988	-0.0893	0.0011	0.2659	-739.2747	60	0.000	43.790000	-79.503540	209.07	24.786816	34.933750	115.6	11011
0	2026-01-19	16:08:25	9408.9857	0	0.0367	0.0047	10148.0916	-9.0	0.4	2.0555	-0.0569	0.0010	0.2734	-739.3234	60	0.000	43.790000	-79.503540	209.07	25.066896	34.877712	34.9	11011
0	2026-01-19	16:09:25	9408.9527	0	0.0356	0.0046	10148.0589	-9.8	0.7	2.0547	-0.0567	0.0010	0.2732	-739.3237	60	0.000	43.790000	-79.503540	209.07	25.066896	34.877712	34.9	11011
0	2026-01-19	16:10:25	9408.9886	0	0.0301	0.0039	10148.0947	-10.0	1.1	2.0538	-0.0564	0.0012	0.2731	-739.3239	60	0.000	43.790000	-79.503540	209.07	25.066896	34.877712	34.9	11011
0	2026-01-19	16:11:25	9408.9799	0	0.0258	0.0033	10148.0863	-10.1	1.1	2.0514	-0.0562	0.0011	0.2728	-739.3242	60	0.000	43.790000	-79.503540	209.07	25.066896	34.877712	34.9	11011
0	2026-01-20	04:15:33	9408.9491	0	0.0358	0.0046	10148.1148	5.2	7.5	2.0037	0.0910	0.0010	0.2665	-739.5241	60	0.000	43.790000	-79.503540	209.07	25.066786	34.877697	34.2	11011
0	2026-01-20	04:16:33	9408.9436	0	0.0259	0.0033	10148.1089	5.0	7.4	2.0034	0.0916	0.0010	0.2665	-739.5244	60	0.000	43.790000	-79.503540	209.07	25.066795	34.877666	33.9	11011
0	2026-01-20	04:17:33	9408.9307	0	0.0133	0.0017	10148.0957	5.8	8.3	2.0021	0.0922	0.0013	0.2663	-739.5247	60	0.000	43.790000	-79.503540	209.07	25.066795	34.877686	35.4	11011
0	2026-01-20	04:18:33	9408.9985	0	0.0400	0.0052	10148.1631	6.1	9.3	2.0020	0.0927	0.0013	0.2663	-739.5249	60	0.000	43.790000	-79.503540	209.07	25.066801	34.877693	35.8	11011
100	2026-01-20	05:54:31	7269.1918	0	0.0031	0.0004	8008.3436	-4.0	6.2	2.0401	0.1277	0.0007	0.2712	-739.5514	60	0.000	43.790000	-79.503540	209.07	24.786747	34.933716	95.0	11011
100	2026-01-20	05:55:31	7269.1859	0	0.0017	0.0002	8008.3372	-5.4	6.3	2.0442	0.1278	0.0007	0.2718	-739.5517	60	0.000	43.790000	-79.503540	209.07	24.786747	34.933716	95.0	11011
100	2026-01-20	05:56:31	7269.1847	0	0.0012	0.0001	8008.3347	-4.9	7.1	2.0552	0.1279	0.0008	0.2732	-739.5520	60	0.000	43.790000	-79.503540	209.07	24.786747	34.933716	95.0	11011
100	2026-01-20	05:57:31	7269.1843	0	0.0011	0.0001	8008.3328	-5.5	6.2	2.0667	0.1280	0.0008	0.2749	-739.5523	60	0.000	43.790000	-79.503540	209.07	24.786747	34.933716	95.1	11011
1	2026-01-20	06:59:59	9328.1901	9	0.0225	0.0029	10067.3500	-1.3	-4.4	2.1565	0.1224	0.0003	0.2868	-739.5695	60	0.000	43.790000	-79.503540	209.07	24.809402	34.845203	223.4	11011
2	2026-01-20	07:16:50	9327.2005	9	0.0327	0.0042	10066.3892	9.5	-9.9	2.0006	0.1172	0.0022	0.2661	-739.5741	60	0.000	43.790000	-79.503540	209.07	24.809473	34.843613	226.3	11011
3	2026-01-20	07:20:53	9326.2305	9	0.0242	0.0031	10065.4241	2.2	-3.6	1.9976	0.1157	0.0003	0.2657	-739.5753	60	0.000	43.790000	-79.503540	209.07	24.807772	34.843151	227.0	11011
4	2026-01-20	07:24:27	9325.4034	9	0.0220	0.0028	10064.5990	3.2	-7.8	1.9963	0.1143	0.0009	0.2655	-739.5763	60	0.000	43.790000	-79.503540	209.07	24.808296	34.841377	246.8	11011
5	2026-01-20	07:28:30	9324.5329	9	0.0365	0.0047	10063.7301	6.1	-13.0	1.9924	0.1127	0.0025	0.2651	-739.5774	60	0.000	43.790000	-79.503540	209.07	24.808779	34.839645	243.1	11011
6	2026-01-20	07:32:27	9323.7238	9	0.0211	0.0027	10062.9239	4.5	-13.6	1.9935	0.1110	0.0024	0.2651	-739.5785	60	0.000	43.790000	-79.503540	209.07	24.809265	34.838287	236.4	11011
7	2026-01-20	07:44:59	9323.0380	9	0.0275	0.0035	10062.2471	-6.8	-2.9	2.0066	0.1051	0.0007	0.2670	-739.5819	60	0.000	43.790000	-79.503540	209.07	24.810038	34.837421	253.7	11011
8	2026-01-20	07:51:01	9322.5164	9	0.0208	0.0027	10061.7298	-8.7	0.4	2.0086	0.1021	0.0010	0.2672	-739.5836	60	0.000	43.790000	-79.503540	209.07	24.810652	34.836487	258.6	11011
9	2026-01-20	08:00:35	9321.7244	9	0.0309	0.0040	10060.9415	15.4	12.7	2.0120	0.0969	0.0046	0.2676	-739.5862	60	0.000	43.790000	-79.503540	209.07	24.811344	34.835400	264.9	11011
10	2026-01-20	08:05:59	9320.7533	9	0.0299	0.0039	10059.9775	5.4	1.8	2.0252	0.0938	0.0004	0.2693	-739.5877	60	0.000	43.790000	-79.503540	209.07	24.811867	34.834637	271.4	11011
11	2026-01-20	08:11:14	9318.5529	9	0.0243	0.0031	10057.7799	4.1	9.8	2.0307	0.0907	0.0013	0.2701	-739.5892	60	0.000	43.790000	-79.503540	209.07	24.812635	34.834038	280.1	11011
12	2026-01-20	08:18:02	9317.6906	9	0.0175	0.0023	10056.9225	-5.1	6.4	2.0441	0.0865	0.0008	0.2718	-739.5910	60	0.000	43.790000	-79.503540	209.07	24.813307	34.833290	285.3	11011
13	2026-01-20	08:24:37	9318.9807	9	0.0161	0.0021	10058.2184	-2.4	8.6	2.0436	0.0824	0.0010	0.2718	-739.5929	60	0.000	43.790000	-79.503540	209.07	24.813332	34.832092	289.4	11011
14	2026-01-20	08:30:27	9318.1594	9	0.0178	0.0023	10057.4021	8.8	11.3	2.0362	0.0785	0.0024	0.2708	-739.5945	60	0.000	43.790000	-79.503540	209.07	24.813942	34.831364	296.5	11011
15	2026-01-20	08:40:32	9316.8588	9	0.0154	0.0020	10056.1115	-2.7	2.2	2.0502	0.0717	0.0002	0.2727	-739.5973	60	0.000	43.790000	-79.503540	209.07	24.814934	34.830288	296.0	11011
16	2026-01-20	08:47:21	9315.1099	9	0.0203	0.0026	10054.3687	-1.8	1.9	2.0557	0.0669	0.0002	0.2733	-739.5991	60	0.000	43.790000	-79.503540	209.07	24.815493	34.829857	300.4	11011
17	2026-01-20	08:53:29	9311.4356	9	0.0181	0.0023	10050.7008	2.8	-5.3	2.0499	0.0625	0.0004	0.2727	-739.6008	60	0.000	43.790000	-79.503540	209.07	24.816158	34.829327	326.2	11011
18	2026-01-20	09:11:17	9314.4336	9	0.0221	0.0028	10053.7172	-6.9	-7.4	2.0428	0.0493	0.0012	0.2716	-739.6057	60	0.000	43.790000	-79.503540	209.07	24.816927	34.828964	311.4	11011
19	2026-01-20	09:17:24	9313.8717	9	0.0298	0.0038	10053.1609	6.3	7.9	2.0477	0.0446	0.0012	0.2724	-739.6074	60	0.000	43.790000	-79.503540	209.07	24.817648	34.828049	283.7	11011
20	2026-01-20	09:24:15	9312.2342	9	0.0260	0.0034	10051.5309	0.2	3.0	2.0532	0.0394	0.0001	0.2731	-739.6093	60	0.000	43.790000	-79.503540	209.07	24.818258	34.827332	279.2	11011
21	2026-01-20	09:31:03	9314.4131	9	0.0286	0.0037	10053.7165	-7.4	4.0	2.0525	0.0341	0.0008	0.2729	-739.6112	60	0.000	43.790000	-79.503540	209.07	24.818907	34.827045	300.2	11011
22	2026-01-20	09:40:46	9313.0297	9	0.0201	0.0026	10052.3462	-1.5	3.3	2.0355	0.0266	0.0002	0.2706	-739.6139	60	0.000	43.790000	-79.503540	209.07	24.818991	34.826542	306.2	11011
23	2026-01-20	09:51:08	9313.7358	9	0.0216	0.0028	10053.0629	5.1	-0.4	2.0358	0.0185	0.0003	0.2709	-739.6167	60	0.000	43.790000	-79.503540	209.07	24.819412	34.825912	321.2	11011
24	2026-01-20	09:56:28	9310.3456	9	0.0288	0.0037	10049.6776	-2.1	-7.2	2.0384	0.0143	0.0007	0.2712	-739.6182	60	0.000	43.790000	-79.503540	209.07	24.819832	34.824871	329.3	11011
25	2026-01-20	10:04:13	9311.8280	9	0.0372	0.0048	10051.1677	-5.6	8.1	2.0383	0.0083	0.0011	0.2712	-739.6204	60	0.000	43.790000	-79.503540	209.07	24.820385	34.823898	327.7	11011
100	2026-01-20	11:37:14	9343.2181	0	0.0226	0.0029	10082.6468	2.7	-12.9	2.0311	-0.0551	0.0021	0.2703	-739.6460	60	0.000	43.790000	-79.503540	209.07	24.786800	34.933788	110.4	11011
100	2026-01-20	11:38:14	9343.2173	0	0.0483	0.0062	10082.6327	13.2	-32.8	2.0313	-0.0557	0.0165	0.2701	-739.6463	60	0.000	43.790000	-79.503540	209.07	24.786800	34.933788	110.4	11011
100	2026-01-20	11:40:20	9343.2430	0	0.0259	0.0033	10082.6759	6.5	1.8	2.0317	-0.0568	0.0006	0.2703	-739.6469	60	0.000	43.790000	-79.503540	209.07	24.786800	34.933788	110.5	11011
100	2026-01-20	11:41:20	9343.2252	0	0.0279	0.0036	10082.6586	6.3	0.4	2.0333	-0.0573	0.0006	0.2705	-739.6472	60	0.000	43.790000	-79.503540	209.07	24.786800	34.933788	110.4	11011
3	2026-01-20	13:07:56	9322.4560	6	0.0370	0.0048	10061.9457	-3.3	-0.9	2.0172	-0.0872	0.0002	0.2684	-739.6711	60	0.000	43.790000	-79.503540	209.07	24.798248	34.832558	252.5	11011
4	2026-01-20	13:13:21	9322.0869	6	0.0259	0.0033	10061.5786	3.0	5.2	2.0173	-0.0880	0.0004	0.2684	-739.6726	60	0.000	43.790000	-79.503540	209.07	24.798325	34.830795	247.4	11011
5	2026-01-20	13:26:09	9321.6684	6	0.0164	0.0021	10061.1663	-6.7	-0.1	2.0066	-0.0892	0.0005	0.2670	-739.6761	60	0.000	43.790000	-79.503540	209.07	24.798540	34.830029	260.5	11011
6	2026-01-20	13:34:08	9321.4313	6	0.0165	0.0021	10060.9329	1.0	-1.7	2.0033	-0.0897	0.0001	0.2663	-739.6783	60	0.000	43.790000	-79.503540	209.07	24.799212	34.829952	281.7	11011
7	2026-01-20	13:38:37	9321.3451	6	0.0247	0.0032	10060.8459	-1.9	5.5	2.0155	-0.0898	0.0004	0.2681	-739.6795	60	0.000	43.790000	-79.503540	209.07	24.799942	34.830128	249.9	11011
8	2026-01-20	13:43:31	9320.7995	6	0.0150	0.0019	10060.3007	-0.2	4.1	2.0247	-0.0898	0.0002	0.2693	-739.6809	60	0.000	43.790000	-79.503540	209.07	24.800873	34.830021	256.1	11011
9	2026-01-20	13:47:33	9320.5191	6	0.0262	0.0034	10060.0213	2.1	-1.6	2.0269	-0.0898	0.0001	0.2695	-739.6820	60	0.000	43.790000	-79.503540	209.07	24.801252	34.829269	265.4	11011
10	2026-01-20	13:50:57	9320.2960	6	0.0287	0.0037	10059.7989	-8.8	4.1	2.0209	-0.0897	0.0011	0.2687	-739.6829	60	0.000	43.790000	-79.503540	209.07	24.801735	34.828602	289.1	11011
11	2026-01-20	13:55:01	9319.8468	6	0.0192	0.0025	10059.3512	5.3	6.5	2.0173	-0.0895	0.0008	0.2684	-739.6841	60	0.000	43.790000	-79.503540	209.07	24.802322	34.828007	277.6	11011
12	2026-01-20	13:59:58	9319.5337	6	0.0279	0.0036	10059.0404	1.7	-6.2	2.0106	-0.0892	0.0005	0.2675	-739.6854	60	0.000	43.790000	-79.503540	209.07	24.803123	34.827667	275.5	11011
13	2026-01-20	14:05:08	9319.1298	6	0.0219	0.0028	10058.6377	-1.6	4.7	2.0105	-0.0889	0.0003	0.2675	-739.6869	60	0.000	43.790000	-79.503540	209.07	24.803770	34.827007	273.7	11011
14	2026-01-20	14:09:10	9318.7842	6	0.0369	0.0048	10058.2928	7.3	3.5	2.0081	-0.0885	0.0008	0.2671	-739.6880	60	0.000	43.790000	-79.503540	209.07	24.804476	34.826691	279.6	11011
15	2026-01-20	14:12:26	9318.4659	6	0.0178	0.0023	10057.9753	-1.8	6.7	2.0068	-0.0881	0.0006	0.2671	-739.6889	60	0.000	43.790000	-79.503540	209.07	24.804914	34.826168	289.8	11011
100	2026-01-20	15:07:52	9343.1900	0	0.0258	0.0033	10082.7015	-6.2	-2.1	2.0265	-0.0773	0.0005	0.2695	-739.7042	60	0.000	43.790000	-79.503540	209.07	24.786804	34.933788	103.5	11011
100	2026-01-20	15:08:52	9343.1519	0	0.0444	0.0057	10082.6633	-2.0	-0.4	2.0286	-0.0771	0.0001	0.2700	-739.7045	60	0.000	43.790000	-79.503540	209.07	24.786804	34.933788	103.5	11011
100	2026-01-20	15:09:52	9343.2439	0	0.0249	0.0032	10082.7555	-0.0	0.0	2.0288	-0.0768	0.0000	0.2699	-739.7047	60	0.000	43.790000	-79.503540	209.07	24.786804	34.933788	103.5	11011
100	2026-01-20	15:10:52	9343.1507	0	0.0217	0.0028	10082.6625	1.5	1.7	2.0273	-0.0765	0.0001	0.2697	-739.7050	60	0.000	43.790000	-79.503540	209.07	24.786804	34.933788	103.5	11011
0	2026-01-20	16:22:31	9408.4610	0	0.0136	0.0018	10147.9697	-1.9	7.8	2.0310	-0.0549	0.0008	0.2702	-739.7248	60	0.000	43.790000	-79.503540	209.07	25.066843	34.877674	44.8	11011
0	2026-01-20	16:23:31	9408.4607	0	0.0149	0.0019	10147.9696	-3.7	6.9	2.0302	-0.0546	0.0007	0.2700	-739.7251	60	0.000	43.790000	-79.503540	209.07	25.066843	34.877674	44.8	11011
0	2026-01-20	16:24:31	9408.4952	0	0.0235	0.0030	10148.0042	-4.2	6.8	2.0282	-0.0543	0.0008	0.2698	-739.7253	60	0.000	43.790000	-79.503540	209.07	25.066843	34.877674	44.8	11011
0	2026-01-20	16:25:31	9408.4342	0	0.0208	0.0027	10147.9435	-3.6	6.6	2.0268	-0.0540	0.0007	0.2696	-739.7256	60	0.000	43.790000	-79.503540	209.07	25.066843	34.877674	44.8	11011
0	2026-01-21	05:26:14	9408.3292	0	0.0283	0.0037	10147.9085	3.8	3.3	2.0033	0.0951	0.0003	0.2664	-739.9411	60	0.000	43.790000	-79.503540	209.07	25.066771	34.877636	36.1	11011
0	2026-01-21	05:27:14	9408.3115	0	0.0179	0.0023	10147.8905	4.4	3.6	2.0039	0.0955	0.0004	0.2665	-739.9414	60	0.000	43.790000	-79.503540	209.07	25.066771	34.877636	36.1	11011
0	2026-01-21	05:28:14	9408.3528	0	0.0255	0.0033	10147.9320	2.4	3.3	2.0030	0.0959	0.0002	0.2665	-739.9417	60	0.000	43.790000	-79.503540	209.07	25.066771	34.877636	36.1	11011
0	2026-01-21	05:29:14	9408.3145	0	0.0212	0.0027	10147.8937	3.3	3.3	2.0023	0.0962	0.0002	0.2663	-739.9419	60	0.000	43.790000	-79.503540	209.07	25.066771	34.877636	36.1	11011
100	2026-01-21	07:30:31	9342.9548	0	0.0270	0.0035	10082.5558	-3.0	6.6	2.0221	0.1049	0.0006	0.2688	-739.9754	60	0.000	43.790000	-79.503540	209.07	24.786734	34.933716	102.8	11011
100	2026-01-21	07:31:31	9342.9668	0	0.0214	0.0028	10082.5682	-4.1	4.3	2.0245	0.1047	0.0004	0.2693	-739.9757	60	0.000	43.790000	-79.503540	209.07	24.786734	34.933716	102.8	11011
100	2026-01-21	07:32:31	9342.9990	0	0.0358	0.0046	10082.6009	-4.0	1.5	2.0255	0.1044	0.0003	0.2694	-739.9760	60	0.000	43.790000	-79.503540	209.07	24.786734	34.933716	102.8	11011
100	2026-01-21	07:33:31	9342.9848	0	0.0194	0.0025	10082.5871	-4.6	0.5	2.0267	0.1042	0.0003	0.2696	-739.9763	60	0.000	43.790000	-79.503540	209.07	24.786734	34.933716	102.8	11011
16	2026-01-21	09:08:22	9318.1619	6	0.0187	0.0024	10057.8349	-2.2	2.0	2.0355	0.0586	0.0001	0.2707	-740.0024	60	0.000	43.790000	-79.503540	209.07	24.805155	34.825340	276.9	11011
17	2026-01-21	09:13:10	9317.9250	6	0.0203	0.0026	10057.6005	8.6	5.3	2.0423	0.0554	0.0012	0.2716	-740.0038	60	0.000	43.790000	-79.503540	209.07	24.805517	34.824497	271.5	11011
18	2026-01-21	09:17:41	9317.6666	6	0.0189	0.0024	10057.3460	4.3	1.7	2.0515	0.0524	0.0003	0.2729	-740.0050	60	0.000	43.790000	-79.503540	209.07	24.805677	34.823631	268.2	11011
19	2026-01-21	09:22:14	9317.4186	6	0.0423	0.0055	10057.1012	-2.9	7.0	2.0573	0.0494	0.0007	0.2736	-740.0063	60	0.000	43.790000	-79.503540	209.07	24.805956	34.822754	254.9	11011
20	2026-01-21	09:25:56	9317.0771	6	0.0273	0.0035	10056.7627	-7.8	-2.7	2.0598	0.0468	0.0008	0.2740	-740.0073	60	0.000	43.790000	-79.503540	209.07	24.806564	34.822208	264.9	11011
21	2026-01-21	09:30:04	9316.7258	6	0.0163	0.0021	10056.4156	5.7	-2.6	2.0606	0.0440	0.0005	0.2742	-740.0084	60	0.000	43.790000	-79.503540	209.07	24.807356	34.821831	284.5	11011
22	2026-01-21	09:33:29	9316.2737	6	0.0273	0.0035	10055.9677	3.2	1.5	2.0584	0.0416	0.0002	0.2737	-740.0094	60	0.000	43.790000	-79.503540	209.07	24.808073	34.821495	275.1	11011
23	2026-01-21	09:38:19	9315.9517	6	0.0157	0.0020	10055.6497	0.6	4.3	2.0621	0.0382	0.0003	0.2743	-740.0107	60	0.000	43.790000	-79.503540	209.07	24.808744	34.820763	256.1	11011
24	2026-01-21	09:42:23	9315.6765	6	0.0132	0.0017	10055.3783	6.1	0.7	2.0623	0.0353	0.0005	0.2743	-740.0118	60	0.000	43.790000	-79.503540	209.07	24.809761	34.820782	283.2	11011
25	2026-01-21	09:48:11	9315.2683	6	0.0138	0.0018	10054.9753	-7.5	1.9	2.0646	0.0311	0.0007	0.2745	-740.0134	60	0.000	43.790000	-79.503540	209.07	24.810499	34.820667	254.1	11011
26	2026-01-21	09:51:58	9315.0151	6	0.0242	0.0031	10054.7267	-1.2	-3.7	2.0631	0.0284	0.0002	0.2743	-740.0145	60	0.000	43.790000	-79.503540	209.07	24.811138	34.820587	277.8	11011
27	2026-01-21	09:55:34	9314.5825	6	0.0254	0.0033	10054.2977	-1.3	-5.8	2.0602	0.0258	0.0005	0.2740	-740.0155	60	0.000	43.790000	-79.503540	209.07	24.811829	34.820534	258.3	11011
28	2026-01-21	09:59:23	9314.1832	6	0.0163	0.0021	10053.9025	4.6	0.7	2.0597	0.0230	0.0003	0.2739	-740.0165	60	0.000	43.790000	-79.503540	209.07	24.812550	34.820599	267.2	11011
29	2026-01-21	10:02:30	9313.5772	6	0.0165	0.0021	10053.2991	-6.8	7.3	2.0570	0.0208	0.0012	0.2735	-740.0174	60	0.000	43.790000	-79.503540	209.07	24.813221	34.820522	282.1	11011
30	2026-01-21	10:06:32	9313.0422	6	0.0141	0.0018	10052.7688	-2.5	-3.0	2.0587	0.0178	0.0002	0.2739	-740.0185	60	0.000	43.790000	-79.503540	209.07	24.813709	34.819786	266.0	11011
31	2026-01-21	10:10:15	9312.6458	6	0.0288	0.0037	10052.3762	-5.7	-1.0	2.0571	0.0151	0.0004	0.2736	-740.0195	60	0.000	43.790000	-79.503540	209.07	24.813986	34.819016	263.3	11011
32	2026-01-21	10:16:20	9312.2430	6	0.0270	0.0035	10051.9779	-4.3	6.7	2.0662	0.0107	0.0008	0.2749	-740.0212	60	0.000	43.790000	-79.503540	209.07	24.814781	34.818958	281.3	11011
33	2026-01-21	10:32:07	9315.9764	6	0.0166	0.0021	10055.7313	0.2	-1.9	2.0404	-0.0008	0.0001	0.2714	-740.0256	60	0.000	43.790000	-79.503540	209.07	24.808945	34.820457	276.3	11011
34	2026-01-21	10:38:02	9315.4586	6	0.0166	0.0021	10055.2174	1.6	6.8	2.0512	-0.0051	0.0006	0.2728	-740.0272	60	0.000	43.790000	-79.503540	209.07	24.809351	34.819786	272.8	11011
35	2026-01-21	10:42:42	9314.9665	6	0.0258	0.0033	10054.7288	-6.1	5.4	2.0591	-0.0084	0.0008	0.2738	-740.0285	60	0.000	43.790000	-79.503540	209.07	24.809694	34.818909	285.2	11011
36	2026-01-21	10:51:12	9314.5267	6	0.0225	0.0029	10054.2969	-0.6	5.9	2.0652	-0.0144	0.0004	0.2746	-740.0308	60	0.000	43.790000	-79.503540	209.07	24.810286	34.818222	298.0	11011
37	2026-01-21	10:54:44	9313.9670	6	0.0292	0.0038	10053.7408	-0.8	1.8	2.0662	-0.0169	0.0001	0.2749	-740.0318	60	0.000	43.790000	-79.503540	209.07	24.810957	34.817768	292.0	11011
38	2026-01-21	11:00:51	9313.7184	6	0.0175	0.0023	10053.4963	0.6	5.9	2.0779	-0.0211	0.0004	0.2763	-740.0335	60	0.000	43.790000	-79.503540	209.07	24.811697	34.817387	291.5	11011
39	2026-01-21	11:04:58	9313.4350	6	0.0286	0.0037	10053.2166	-0.5	6.9	2.0772	-0.0240	0.0006	0.2763	-740.0346	60	0.000	43.790000	-79.503540	209.07	24.812477	34.817280	297.9	11011
40	2026-01-21	11:08:27	9313.2093	6	0.0167	0.0022	10052.9956	-4.3	3.7	2.0710	-0.0263	0.0004	0.2752	-740.0356	60	0.000	43.790000	-79.503540	209.07	24.813137	34.817661	311.7	11011
41	2026-01-21	11:16:00	9312.6569	6	0.0246	0.0032	10052.4496	-2.2	13.1	2.0618	-0.0313	0.0021	0.2742	-740.0377	60	0.000	43.790000	-79.503540	209.07	24.813917	34.817329	296.7	11011
42	2026-01-21	11:19:46	9311.9791	6	0.0252	0.0033	10051.7770	3.5	7.5	2.0578	-0.0338	0.0008	0.2738	-740.0387	60	0.000	43.790000	-79.503540	209.07	24.814657	34.816792	294.1	11011
43	2026-01-21	11:23:28	9311.8843	6	0.0186	0.0024	10051.6862	-1.6	-4.9	2.0572	-0.0361	0.0003	0.2736	-740.0397	60	0.000	43.790000	-79.503540	209.07	24.815302	34.816753	287.5	11011
44	2026-01-21	11:28:22	9311.5417	6	0.0300	0.0039	10051.3474	-8.6	3.8	2.0560	-0.0392	0.0011	0.2735	-740.0411	60	0.000	43.790000	-79.503540	209.07	24.816126	34.816574	309.2	11011
45	2026-01-21	11:31:35	9311.1369	6	0.0273	0.0035	10050.9469	1.3	7.1	2.0487	-0.0412	0.0006	0.2726	-740.0420	60	0.000	43.790000	-79.503540	209.07	24.816980	34.816669	316.7	11011
46	2026-01-21	11:35:58	9310.7216	6	0.0207	0.0027	10050.5363	-1.9	0.2	2.0474	-0.0439	0.0001	0.2723	-740.0432	60	0.000	43.790000	-79.503540	209.07	24.817570	34.816410	317.7	11011
100	2026-01-21	13:18:03	9342.5833	0	0.0284	0.0037	10082.4679	-1.2	-4.0	2.0477	-0.0858	0.0002	0.2724	-740.0714	60	0.000	43.790000	-79.503540	209.07	24.786835	34.933754	97.7	11011
100	2026-01-21	13:19:03	9342.5959	0	0.0229	0.0030	10082.4808	-0.3	-5.6	2.0475	-0.0860	0.0004	0.2723	-740.0716	60	0.000	43.790000	-79.503540	209.07	24.786835	34.933754	97.7	11011
100	2026-01-21	13:20:03	9342.5628	0	0.0231	0.0030	10082.4483	0.9	-5.6	2.0466	-0.0862	0.0004	0.2722	-740.0719	60	0.000	43.790000	-79.503540	209.07	24.786835	34.933754	97.7	11011
100	2026-01-21	13:21:03	9342.5858	0	0.0225	0.0029	10082.4719	-0.2	-6.6	2.0437	-0.0863	0.0006	0.2718	-740.0722	60	0.000	43.790000	-79.503540	209.07	24.786835	34.933754	97.7	11011
1	2026-01-21	14:00:22	9351.6517	10	0.0186	0.0024	10091.5412	-10.3	-8.4	2.1154	-0.0900	0.0021	0.2814	-740.0830	60	0.000	43.790000	-79.503540	209.07	24.800734	34.959557	49.5	11011
2	2026-01-21	14:04:21	9350.6256	10	0.0177	0.0023	10090.5253	0.7	-4.6	2.0611	-0.0900	0.0003	0.2741	-740.0841	60	0.000	43.790000	-79.503540	209.07	24.799084	34.960560	45.8	11011
3	2026-01-21	14:08:05	9349.6517	10	0.0564	0.0073	10089.5547	0.1	-11.2	2.0337	-0.0899	0.0016	0.2705	-740.0852	60	0.000	43.790000	-79.503540	209.07	24.797348	34.961208	53.2	11011
4	2026-01-21	14:11:41	9348.6331	10	0.0201	0.0026	10088.5375	8.4	-12.4	2.0225	-0.0898	0.0026	0.2690	-740.0862	60	0.000	43.790000	-79.503540	209.07	24.795670	34.961761	65.5	11011
5	2026-01-21	14:15:18	9347.9919	10	0.0268	0.0035	10087.9001	2.1	-5.7	2.0158	-0.0896	0.0005	0.2681	-740.0872	60	0.000	43.790000	-79.503540	209.07	24.793924	34.962170	69.0	11011
6	2026-01-21	14:18:48	9347.2861	10	0.0175	0.0023	10087.1959	4.7	0.9	2.0091	-0.0894	0.0003	0.2674	-740.0881	60	0.000	43.790000	-79.503540	209.07	24.792376	34.963013	75.3	11011
7	2026-01-21	14:21:55	9346.3412	10	0.0247	0.0032	10086.2523	2.7	-2.3	2.0063	-0.0891	0.0002	0.2668	-740.0890	60	0.000	43.790000	-79.503540	209.07	24.790768	34.963955	78.7	11011
8	2026-01-21	14:25:00	9345.4130	10	0.0197	0.0025	10085.3229	-6.4	-12.6	2.0043	-0.0889	0.0023	0.2666	-740.0898	60	0.000	43.790000	-79.503540	209.07	24.789223	34.965050	90.6	11011
9	2026-01-21	14:28:20	9344.4255	10	0.0197	0.0025	10084.3381	-3.1	-4.5	2.0021	-0.0885	0.0004	0.2663	-740.0908	60	0.000	43.790000	-79.503540	209.07	24.787668	34.965996	91.9	11011
10	2026-01-21	14:32:50	9343.5000	10	0.0177	0.0023	10083.4130	6.2	-7.3	1.9983	-0.0880	0.0011	0.2659	-740.0920	60	0.000	43.790000	-79.503540	209.07	24.786043	34.966805	92.8	11011
11	2026-01-21	14:36:35	9342.7267	10	0.0165	0.0021	10082.6402	5.1	-7.9	1.9997	-0.0875	0.0011	0.2660	-740.0930	60	0.000	43.790000	-79.503540	209.07	24.784517	34.967789	93.3	11011
100	2026-01-21	14:55:02	9342.7097	0	0.0322	0.0042	10082.6264	-0.5	2.0	1.9987	-0.0844	0.0001	0.2658	-740.0981	60	0.000	43.790000	-79.503540	209.07	24.786829	34.933788	95.5	11011
100	2026-01-21	14:56:02	9342.6836	0	0.0235	0.0030	10082.6003	-0.1	0.5	1.9996	-0.0842	0.0000	0.2659	-740.0984	60	0.000	43.790000	-79.503540	209.07	24.786829	34.933788	95.5	11011
100	2026-01-21	14:57:02	9342.6964	0	0.0201	0.0026	10082.6132	-1.8	-0.3	1.9996	-0.0840	0.0000	0.2658	-740.0987	60	0.000	43.790000	-79.503540	209.07	24.786833	34.933788	95.7	11011
100	2026-01-21	14:58:02	9342.7458	0	0.0190	0.0025	10082.6626	-3.1	0.3	1.9992	-0.0838	0.0001	0.2659	-740.0990	60	0.000	43.790000	-79.503540	209.07	24.786833	34.933788	95.8	11011
0	2026-01-21	16:01:32	9408.0450	0	0.0198	0.0026	10147.9566	7.1	0.7	2.0295	-0.0656	0.0006	0.2699	-740.1165	60	0.000	43.790000	-79.503540	209.07	25.066853	34.877666	29.6	11011
0	2026-01-21	16:02:32	9408.0207	0	0.0213	0.0027	10147.9311	10.5	1.3	2.0310	-0.0652	0.0014	0.2702	-740.1168	60	0.000	43.790000	-79.503540	209.07	25.066853	34.877666	29.6	11011
0	2026-01-21	16:03:32	9408.0333	0	0.0160	0.0021	10147.9431	12.6	0.9	2.0308	-0.0649	0.0019	0.2702	-740.1170	60	0.000	43.790000	-79.503540	209.07	25.066853	34.877666	29.6	11011
0	2026-01-21	16:04:32	9408.0361	0	0.0276	0.0036	10147.9452	15.7	0.8	2.0301	-0.0645	0.0027	0.2700	-740.1173	60	0.000	43.790000	-79.503540	209.07	25.066853	34.877666	29.6	11011
0	2026-01-22	04:51:14	9407.6461	0	0.0183	0.0024	10147.6657	-3.1	4.3	2.0047	0.0424	0.0004	0.2667	-740.3290	60	0.000	43.790000	-79.503540	209.07	25.066790	34.877598	18.5	11011
0	2026-01-22	04:52:14	9407.6565	0	0.0301	0.0039	10147.6758	-4.5	4.5	2.0039	0.0429	0.0005	0.2664	-740.3292	60	0.000	43.790000	-79.503540	209.07	25.066790	34.877598	18.5	11011
0	2026-01-22	04:53:14	9407.6433	0	0.0186	0.0024	10147.6626	-3.3	4.8	2.0022	0.0435	0.0005	0.2663	-740.3295	60	0.000	43.790000	-79.503540	209.07	25.066790	34.877598	18.5	11011
0	2026-01-22	04:54:14	9407.6469	0	0.0240	0.0031	10147.6660	-4.7	4.5	2.0012	0.0440	0.0005	0.2662	-740.3298	60	0.000	43.790000	-79.503540	209.07	25.066790	34.877598	18.5	11011
100	2026-01-22	07:25:26	9342.3056	0	0.0145	0.0019	10082.3121	-11.8	7.1	2.0790	0.0863	0.0022	0.2765	-740.3715	60	0.000	43.790000	-79.503540	209.07	24.786776	34.933750	97.2	11011
100	2026-01-22	07:26:26	9342.3121	0	0.0176	0.0023	10082.3179	-16.4	7.1	2.0786	0.0863	0.0035	0.2763	-740.3718	60	0.000	43.790000	-79.503540	209.07	24.786776	34.933750	97.2	11011
100	2026-01-22	07:27:26	9342.3109	0	0.0387	0.0050	10082.3180	-11.5	8.4	2.0790	0.0862	0.0022	0.2765	-740.3721	60	0.000	43.790000	-79.503540	209.07	24.786776	34.933750	97.2	11011
100	2026-01-22	07:28:26	9342.3206	0	0.0137	0.0018	10082.3280	-12.2	7.7	2.0789	0.0861	0.0023	0.2765	-740.3724	60	0.000	43.790000	-79.503540	209.07	24.786776	34.933750	97.2	11011
12	2026-01-22	08:07:54	7268.3195	10	0.0048	0.0006	8008.3463	9.6	4.5	2.0741	0.0793	0.0013	0.2758	-740.3832	60	0.000	43.790000	-79.503540	209.07	24.782715	34.968559	110.3	11011
13	2026-01-22	08:11:21	9340.2614	10	0.0226	0.0029	10080.2856	2.3	-6.9	2.1125	0.0784	0.0006	0.2809	-740.3842	60	0.000	43.790000	-79.503540	209.07	24.781055	34.969391	114.3	11011
14	2026-01-22	08:14:45	9339.8171	10	0.0174	0.0023	10079.8451	-3.7	0.7	2.1021	0.0774	0.0002	0.2795	-740.3851	60	0.000	43.790000	-79.503540	209.07	24.779596	34.970295	113.2	11011
15	2026-01-22	08:18:29	9339.2024	10	0.0192	0.0025	10079.2366	-5.3	-4.8	2.0682	0.0762	0.0006	0.2751	-740.3862	60	0.000	43.790000	-79.503540	209.07	24.777849	34.971031	121.8	11011
16	2026-01-22	08:23:44	9338.5666	10	0.0190	0.0025	10078.6060	9.7	-9.4	2.0412	0.0745	0.0022	0.2715	-740.3876	60	0.000	43.790000	-79.503540	209.07	24.776247	34.971859	127.3	11011
17	2026-01-22	08:27:07	9337.3817	10	0.0216	0.0028	10077.4253	0.1	-8.1	2.0349	0.0734	0.0008	0.2707	-740.3885	60	0.000	43.790000	-79.503540	209.07	24.774269	34.971901	125.2	11011
18	2026-01-22	08:30:50	9336.9443	10	0.0180	0.0023	10076.9911	3.5	-0.7	2.0329	0.0720	0.0002	0.2705	-740.3896	60	0.000	43.790000	-79.503540	209.07	24.772633	34.972145	129.1	11011
19	2026-01-22	08:34:27	9336.2229	10	0.0252	0.0033	10076.2724	1.1	-4.1	2.0315	0.0707	0.0003	0.2701	-740.3906	60	0.000	43.790000	-79.503540	209.07	24.770899	34.972282	126.5	11011
20	2026-01-22	08:38:43	9335.3439	10	0.0279	0.0036	10075.3963	1.4	-5.1	2.0304	0.0690	0.0004	0.2700	-740.3918	60	0.000	43.790000	-79.503540	209.07	24.769218	34.972965	141.4	11011
21	2026-01-22	08:42:09	9334.5301	10	0.0201	0.0026	10074.5847	0.9	-8.8	2.0268	0.0677	0.0009	0.2696	-740.3927	60	0.000	43.790000	-79.503540	209.07	24.767284	34.974121	143.3	11011
22	2026-01-22	08:45:21	9334.0015	10	0.0188	0.0024	10074.0583	-4.1	-4.4	2.0309	0.0663	0.0005	0.2700	-740.3936	60	0.000	43.790000	-79.503540	209.07	24.766109	34.974686	146.3	11011
23	2026-01-22	08:48:46	9332.9499	10	0.0240	0.0031	10073.0083	7.8	-4.3	2.0309	0.0648	0.0010	0.2702	-740.3945	60	0.000	43.790000	-79.503540	209.07	24.764494	34.975380	150.3	11011
24	2026-01-22	08:52:24	9332.3744	10	0.0215	0.0028	10072.4349	8.0	-8.4	2.0314	0.0632	0.0016	0.2702	-740.3955	60	0.000	43.790000	-79.503540	209.07	24.763308	34.976936	160.1	11011
25	2026-01-22	08:56:56	9331.2745	10	0.0203	0.0026	10071.3387	1.7	-9.8	2.0321	0.0612	0.0012	0.2702	-740.3968	60	0.000	43.790000	-79.503540	209.07	24.761833	34.978088	166.2	11011
26	2026-01-22	09:16:01	9350.8551	10	0.0254	0.0033	10090.9370	-3.8	-0.7	2.0159	0.0517	0.0002	0.2682	-740.4020	60	0.000	43.790000	-79.503540	209.07	24.802965	34.957661	63.6	11011
27	2026-01-22	09:19:37	9349.6424	10	0.0203	0.0026	10089.7264	4.7	-3.7	2.0219	0.0497	0.0005	0.2688	-740.4030	60	0.000	43.790000	-79.503540	209.07	24.804819	34.957153	57.3	11011
28	2026-01-22	09:24:04	9348.7834	10	0.0381	0.0049	10088.8699	-1.1	-6.5	2.0292	0.0473	0.0005	0.2699	-740.4043	60	0.000	43.790000	-79.503540	209.07	24.806522	34.956509	55.6	11011
29	2026-01-22	09:27:10	9347.6279	10	0.0224	0.0029	10087.7138	10.3	-12.9	2.0332	0.0456	0.0032	0.2705	-740.4051	60	0.000	43.790000	-79.503540	209.07	24.808130	34.955551	64.4	11011
30	2026-01-22	09:30:17	9346.5062	10	0.0291	0.0038	10086.5947	7.1	-13.4	2.0364	0.0438	0.0028	0.2708	-740.4060	60	0.000	43.790000	-79.503540	209.07	24.809160	34.953930	51.2	11011
31	2026-01-22	09:33:37	9345.1667	10	0.0177	0.0023	10085.2595	4.9	0.2	2.0428	0.0419	0.0003	0.2718	-740.4069	60	0.000	43.790000	-79.503540	209.07	24.810102	34.952332	57.8	11011
32	2026-01-22	09:36:51	9344.1656	10	0.0195	0.0025	10084.2607	-8.0	2.3	2.0436	0.0401	0.0009	0.2717	-740.4078	60	0.000	43.790000	-79.503540	209.07	24.811447	34.951107	65.6	11011
33	2026-01-22	09:39:52	9343.2366	10	0.0213	0.0027	10083.3344	5.9	4.1	2.0433	0.0383	0.0007	0.2718	-740.4086	60	0.000	43.790000	-79.503540	209.07	24.813030	34.950138	46.3	11011
34	2026-01-22	09:43:10	9342.6129	10	0.0195	0.0025	10082.7142	-0.9	-6.3	2.0400	0.0363	0.0006	0.2713	-740.4095	60	0.000	43.790000	-79.503540	209.07	24.814648	34.949509	65.8	11011
35	2026-01-22	09:46:54	9341.6410	10	0.0167	0.0022	10081.7450	-4.7	-8.7	2.0397	0.0341	0.0012	0.2713	-740.4106	60	0.000	43.790000	-79.503540	209.07	24.816422	34.949242	88.6	11011
36	2026-01-22	09:50:26	9340.4776	10	0.0185	0.0024	10080.5848	7.6	-0.9	2.0425	0.0320	0.0007	0.2717	-740.4115	60	0.000	43.790000	-79.503540	209.07	24.818233	34.949375	107.2	11011
37	2026-01-22	09:53:35	9339.3370	10	0.0264	0.0034	10079.4470	9.8	-0.4	2.0400	0.0300	0.0011	0.2713	-740.4124	60	0.000	43.790000	-79.503540	209.07	24.819906	34.949524	116.3	11011
38	2026-01-22	09:56:47	9338.1360	10	0.0163	0.0021	10078.2493	5.4	-0.8	2.0420	0.0280	0.0004	0.2716	-740.4133	60	0.000	43.790000	-79.503540	209.07	24.821638	34.949257	123.0	11011
39	2026-01-22	10:00:04	9337.2011	10	0.0192	0.0025	10077.3163	-2.4	-11.5	2.0399	0.0260	0.0016	0.2714	-740.4142	60	0.000	43.790000	-79.503540	209.07	24.823418	34.949104	126.1	11011
40	2026-01-22	10:03:34	9336.0009	10	0.0242	0.0031	10076.1200	1.4	-9.3	2.0389	0.0238	0.0011	0.2712	-740.4152	60	0.000	43.790000	-79.503540	209.07	24.824966	34.948608	139.0	11011
41	2026-01-22	10:09:30	9335.0082	10	0.0200	0.0026	10075.1302	12.5	-11.8	2.0393	0.0200	0.0035	0.2712	-740.4168	60	0.000	43.790000	-79.503540	209.07	24.826607	34.947544	139.6	11011
42	2026-01-22	10:14:48	9333.9731	10	0.0220	0.0028	10074.1030	6.8	-3.3	2.0382	0.0166	0.0007	0.2711	-740.4183	60	0.000	43.790000	-79.503540	209.07	24.828644	34.947044	146.4	11011
43	2026-01-22	10:18:47	9332.9139	10	0.0191	0.0025	10073.0481	3.3	2.5	2.0358	0.0140	0.0003	0.2708	-740.4194	60	0.000	43.790000	-79.503540	209.07	24.829903	34.946072	146.8	11011
44	2026-01-22	10:22:15	9331.6271	10	0.0142	0.0018	10071.7647	-1.8	-2.6	2.0363	0.0118	0.0002	0.2708	-740.4203	60	0.000	43.790000	-79.503540	209.07	24.831594	34.944901	147.4	11011
45	2026-01-22	10:27:55	9330.3255	10	0.0246	0.0032	10070.4664	-2.9	-1.8	2.0491	0.0081	0.0002	0.2726	-740.4219	60	0.000	43.790000	-79.503540	209.07	24.832233	34.943233	154.1	11011
46	2026-01-22	10:31:28	9329.5523	10	0.0201	0.0026	10069.6966	1.0	-5.1	2.0481	0.0058	0.0004	0.2724	-740.4229	60	0.000	43.790000	-79.503540	209.07	24.833569	34.941898	161.3	11011
47	2026-01-22	10:34:47	9328.5900	10	0.0271	0.0035	10068.7373	5.0	6.0	2.0454	0.0036	0.0007	0.2721	-740.4238	60	0.000	43.790000	-79.503540	209.07	24.834303	34.940266	164.1	11011
48	2026-01-22	10:38:32	9327.0962	10	0.0258	0.0033	10067.2473	3.7	-6.3	2.0441	0.0011	0.0006	0.2719	-740.4248	60	0.000	43.790000	-79.503540	209.07	24.834251	34.937969	163.8	11011
49	2026-01-22	10:42:01	9325.2875	10	0.0206	0.0027	10065.4426	6.4	-1.4	2.0405	-0.0011	0.0006	0.2714	-740.4258	60	0.000	43.790000	-79.503540	209.07	24.833597	34.935642	164.9	11011
50	2026-01-22	10:45:49	9323.7490	10	0.0222	0.0029	10063.9073	0.7	-10.7	2.0362	-0.0036	0.0014	0.2708	-740.4268	60	0.000	43.790000	-79.503540	209.07	24.833498	34.933144	182.8	11011
100	2026-01-22	11:57:18	9341.9665	0	0.0217	0.0028	10082.1929	10.5	-0.5	2.0048	-0.0479	0.0014	0.2667	-740.4466	60	0.000	43.790000	-79.503540	209.07	24.786816	34.933773	99.7	11011
100	2026-01-22	11:58:18	9341.9652	0	0.0188	0.0024	10082.1908	12.4	-5.2	2.0091	-0.0484	0.0024	0.2672	-740.4468	60	0.000	43.790000	-79.503540	209.07	24.786816	34.933773	99.7	11011
100	2026-01-22	11:59:18	9341.9631	0	0.0190	0.0024	10082.1888	13.7	-7.4	2.0113	-0.0490	0.0030	0.2675	-740.4471	60	0.000	43.790000	-79.503540	209.07	24.786816	34.933773	99.7	11011
100	2026-01-22	12:00:18	9341.9771	0	0.0174	0.0022	10082.2017	16.5	-10.3	2.0146	-0.0495	0.0044	0.2679	-740.4474	60	0.000	43.790000	-79.503540	209.07	24.786816	34.933773	99.7	11011
1	2026-01-22	12:17:12	9338.8421	11	0.0226	0.0029	10079.0806	0.8	7.3	2.0392	-0.0583	0.0007	0.2713	-740.4521	60	0.000	43.790000	-79.503540	209.07	24.781971	34.927341	123.5	11011
1	2026-01-22	12:54:36	9332.0595	11	0.0290	0.0037	10072.3272	8.0	-3.4	2.0178	-0.0744	0.0009	0.2683	-740.4624	60	0.000	43.790000	-79.503540	209.07	24.770525	34.893230	183.1	11011
2	2026-01-22	12:57:55	9331.0367	11	0.0236	0.0030	10071.3052	-2.4	-10.3	2.0231	-0.0756	0.0013	0.2691	-740.4633	60	0.000	43.790000	-79.503540	209.07	24.769182	34.894650	182.2	11011
3	2026-01-22	13:01:07	9330.8617	11	0.0273	0.0035	10071.1328	6.2	1.6	2.0249	-0.0767	0.0005	0.2693	-740.4642	60	0.000	43.790000	-79.503540	209.07	24.767693	34.895367	184.4	11011
4	2026-01-22	13:04:27	9330.6594	11	0.0152	0.0020	10070.9325	-3.1	-1.4	2.0269	-0.0778	0.0002	0.2697	-740.4651	60	0.000	43.790000	-79.503540	209.07	24.767475	34.893677	178.4	11011
5	2026-01-22	13:08:05	9329.8912	11	0.0277	0.0036	10070.1662	1.9	-1.0	2.0287	-0.0790	0.0001	0.2699	-740.4661	60	0.000	43.790000	-79.503540	209.07	24.766977	34.892151	179.4	11011
6	2026-01-22	13:12:25	9329.9434	11	0.0338	0.0044	10070.2202	8.4	-4.0	2.0291	-0.0803	0.0010	0.2697	-740.4673	60	0.000	43.790000	-79.503540	209.07	24.765644	34.892227	184.9	11011
7	2026-01-22	13:16:31	9329.2288	11	0.0206	0.0027	10069.5077	6.9	5.7	2.0293	-0.0814	0.0009	0.2699	-740.4684	60	0.000	43.790000	-79.503540	209.07	24.765253	34.894192	190.2	11011
8	2026-01-22	13:20:28	9328.0064	11	0.0173	0.0022	10068.2883	3.3	1.7	2.0294	-0.0825	0.0002	0.2699	-740.4695	60	0.000	43.790000	-79.503540	209.07	24.763899	34.895031	194.2	11011
9	2026-01-22	13:24:15	9328.2876	11	0.0187	0.0024	10068.5709	-0.0	8.7	2.0279	-0.0834	0.0009	0.2698	-740.4706	60	0.000	43.790000	-79.503540	209.07	24.763163	34.893200	193.0	11011
10	2026-01-22	13:28:04	9327.6757	11	0.0227	0.0029	10067.9607	5.0	9.3	2.0264	-0.0843	0.0013	0.2695	-740.4716	60	0.000	43.790000	-79.503540	209.07	24.762463	34.891647	192.9	11011
11	2026-01-22	13:31:32	9326.8685	11	0.0232	0.0030	10067.1568	-3.5	3.9	2.0235	-0.0850	0.0004	0.2690	-740.4726	60	0.000	43.790000	-79.503540	209.07	24.761017	34.890511	203.8	11011
12	2026-01-22	13:35:43	9326.2695	11	0.0226	0.0029	10066.5592	9.3	0.1	2.0218	-0.0859	0.0010	0.2689	-740.4737	60	0.000	43.790000	-79.503540	209.07	24.760294	34.888844	195.8	11011
13	2026-01-22	13:39:38	9326.1022	11	0.0208	0.0027	10066.3942	7.0	6.6	2.0171	-0.0866	0.0011	0.2683	-740.4748	60	0.000	43.790000	-79.503540	209.07	24.760437	34.886814	197.9	11011
14	2026-01-22	13:43:34	9325.7525	11	0.0347	0.0045	10066.0467	6.0	0.1	2.0181	-0.0872	0.0005	0.2684	-740.4759	60	0.000	43.790000	-79.503540	209.07	24.759398	34.885647	193.3	11011
15	2026-01-22	13:47:36	9325.4469	11	0.0231	0.0030	10065.7429	-1.9	-2.1	2.0204	-0.0878	0.0001	0.2688	-740.4770	60	0.000	43.790000	-79.503540	209.07	24.758324	34.884418	218.1	11011
16	2026-01-22	13:51:31	9324.8944	11	0.0215	0.0028	10065.1909	7.4	5.5	2.0209	-0.0883	0.0010	0.2689	-740.4781	60	0.000	43.790000	-79.503540	209.07	24.757036	34.884449	210.7	11011
17	2026-01-22	13:56:15	9324.3543	11	0.0198	0.0026	10064.6534	-0.7	-2.0	2.0224	-0.0889	0.0001	0.2691	-740.4794	60	0.000	43.790000	-79.503540	209.07	24.756134	34.885353	226.3	11011
18	2026-01-22	13:59:41	9323.8442	11	0.0209	0.0027	10064.1429	7.2	-10.6	2.0219	-0.0892	0.0019	0.2689	-740.4804	60	0.000	43.790000	-79.503540	209.07	24.755116	34.883724	221.2	11011
19	2026-01-22	14:03:57	9323.0885	11	0.0180	0.0023	10063.3906	2.3	-4.2	2.0200	-0.0895	0.0003	0.2687	-740.4815	60	0.000	43.790000	-79.503540	209.07	24.753141	34.882957	227.3	11011
20	2026-01-22	14:07:39	9322.6255	11	0.0269	0.0035	10062.9284	-4.8	1.4	2.0229	-0.0897	0.0003	0.2690	-740.4826	60	0.000	43.790000	-79.503540	209.07	24.751734	34.882504	232.0	11011
21	2026-01-22	14:11:26	9321.9596	11	0.0257	0.0033	10062.2635	5.2	4.7	2.0219	-0.0899	0.0006	0.2689	-740.4836	60	0.000	43.790000	-79.503540	209.07	24.749788	34.881996	229.1	11011
22	2026-01-22	14:15:24	9321.5872	11	0.0175	0.0023	10061.8921	3.5	-6.1	2.0240	-0.0900	0.0006	0.2692	-740.4847	60	0.000	43.790000	-79.503540	209.07	24.748901	34.883476	238.8	11011
23	2026-01-22	14:20:35	9320.7857	11	0.0198	0.0026	10061.0927	0.4	-5.9	2.0205	-0.0901	0.0005	0.2688	-740.4861	60	0.000	43.790000	-79.503540	209.07	24.748018	34.884552	235.5	11011
24	2026-01-22	14:23:55	9320.5497	11	0.0180	0.0023	10060.8576	4.8	1.1	2.0214	-0.0900	0.0003	0.2688	-740.4870	60	0.000	43.790000	-79.503540	209.07	24.747627	34.882778	234.3	11011
25	2026-01-22	14:27:46	9319.6686	11	0.0331	0.0043	10059.9774	-2.5	3.2	2.0228	-0.0899	0.0002	0.2690	-740.4881	60	0.000	43.790000	-79.503540	209.07	24.745834	34.882366	235.5	11011
26	2026-01-22	14:31:40	9318.7331	11	0.0273	0.0035	10059.0366	0.8	-20.3	2.0259	-0.0898	0.0060	0.2695	-740.4892	60	0.000	43.790000	-79.503540	209.07	24.744204	34.884235	255.9	11011
27	2026-01-22	14:35:28	9318.3253	11	0.0221	0.0029	10058.6353	4.0	-4.4	2.0246	-0.0896	0.0005	0.2693	-740.4902	60	0.000	43.790000	-79.503540	209.07	24.743437	34.884964	250.0	11011
28	2026-01-22	14:39:27	9317.8909	11	0.0162	0.0021	10058.2016	8.6	-0.7	2.0223	-0.0893	0.0009	0.2690	-740.4913	60	0.000	43.790000	-79.503540	209.07	24.742277	34.884197	242.5	11011
29	2026-01-22	14:42:51	9317.3510	11	0.0183	0.0024	10057.6619	-2.0	-10.7	2.0215	-0.0890	0.0014	0.2689	-740.4923	60	0.000	43.790000	-79.503540	209.07	24.741796	34.882313	248.4	11011
30	2026-01-22	14:46:18	9316.5648	11	0.0252	0.0033	10056.8772	8.8	-1.1	2.0185	-0.0886	0.0009	0.2685	-740.4932	60	0.000	43.790000	-79.503540	209.07	24.740608	34.880802	254.0	11011
31	2026-01-22	14:49:43	9315.7728	11	0.0261	0.0034	10056.0862	0.2	-7.6	2.0168	-0.0882	0.0007	0.2683	-740.4942	60	0.000	43.790000	-79.503540	209.07	24.738964	34.880119	258.7	11011
32	2026-01-22	14:53:28	9314.8528	11	0.0219	0.0028	10055.1672	5.0	-3.7	2.0153	-0.0877	0.0005	0.2680	-740.4952	60	0.000	43.790000	-79.503540	209.07	24.737320	34.880394	262.1	11011
33	2026-01-22	14:57:23	9313.7337	11	0.0326	0.0042	10054.0491	-4.0	-3.6	2.0136	-0.0872	0.0004	0.2677	-740.4963	60	0.000	43.790000	-79.503540	209.07	24.734877	34.880489	262.7	11011
100	2026-01-22	15:32:35	9341.9746	0	0.0259	0.0033	10082.2936	3.1	-5.5	2.0015	-0.0797	0.0005	0.2662	-740.5060	60	0.000	43.790000	-79.503540	209.07	24.786844	34.933830	104.9	11011
100	2026-01-22	15:33:35	9341.9919	0	0.0241	0.0031	10082.3104	4.1	-6.8	2.0037	-0.0795	0.0008	0.2665	-740.5063	60	0.000	43.790000	-79.503540	209.07	24.786844	34.933830	104.9	11011
100	2026-01-22	15:34:35	9341.9991	0	0.0230	0.0030	10082.3172	4.1	-7.6	2.0060	-0.0792	0.0009	0.2668	-740.5065	60	0.000	43.790000	-79.503540	209.07	24.786844	34.933830	104.9	11011
100	2026-01-22	15:35:35	9341.9979	0	0.0185	0.0024	10082.3155	3.5	-9.6	2.0062	-0.0789	0.0013	0.2668	-740.5068	60	0.000	43.790000	-79.503540	209.07	24.786844	34.933830	104.9	11011
0	2026-01-22	18:03:20	9407.4419	0	0.0207	0.0027	10147.7396	1.9	8.3	2.0467	-0.0232	0.0009	0.2723	-740.5476	60	0.000	43.790000	-79.503540	209.07	25.066820	34.877705	32.7	11011
0	2026-01-22	18:04:20	9407.4458	0	0.0169	0.0022	10147.7437	1.1	9.4	2.0439	-0.0229	0.0010	0.2718	-740.5479	60	0.000	43.790000	-79.503540	209.07	25.066820	34.877705	32.7	11011
0	2026-01-22	18:05:20	9407.4512	0	0.0173	0.0022	10147.7488	0.6	11.0	2.0415	-0.0225	0.0014	0.2716	-740.5482	60	0.000	43.790000	-79.503540	209.07	25.066820	34.877705	32.7	11011
0	2026-01-22	18:06:20	9407.4341	0	0.0187	0.0024	10147.7316	1.9	12.1	2.0399	-0.0222	0.0018	0.2713	-740.5484	60	0.000	43.790000	-79.503540	209.07	25.066820	34.877705	32.7	11011
0	2026-01-23	04:25:50	9407.2821	0	0.0172	0.0022	10147.7374	-2.5	9.9	2.0076	-0.0041	0.0012	0.2671	-740.7194	60	0.000	43.790000	-79.503540	209.07	25.066776	34.877636	18.7	11011
0	2026-01-23	04:26:50	9407.2948	0	0.0130	0.0017	10147.7494	-3.1	11.3	2.0085	-0.0036	0.0016	0.2671	-740.7197	60	0.000	43.790000	-79.503540	209.07	25.066776	34.877636	18.7	11011
0	2026-01-23	04:27:50	9407.3057	0	0.0196	0.0025	10147.7601	-2.1	11.4	2.0083	-0.0032	0.0016	0.2671	-740.7200	60	0.000	43.790000	-79.503540	209.07	25.066772	34.877636	18.7	11011
0	2026-01-23	04:28:50	9407.3172	0	0.0157	0.0020	10147.7716	-3.1	11.9	2.0076	-0.0027	0.0016	0.2669	-740.7203	60	0.000	43.790000	-79.503540	209.07	25.066772	34.877636	18.7	11011
100	2026-01-23	06:29:48	9342.0021	0	0.0478	0.0062	10082.4394	-3.2	2.7	2.0236	0.0471	0.0003	0.2691	-740.7537	60	0.000	43.790000	-79.503540	209.07	24.786768	34.933754	92.7	11011
100	2026-01-23	06:30:48	9341.9519	0	0.0165	0.0021	10082.3884	-5.6	-0.8	2.0266	0.0473	0.0005	0.2696	-740.7539	60	0.000	43.790000	-79.503540	209.07	24.786768	34.933754	92.7	11011
100	2026-01-23	06:31:48	9341.9749	0	0.0127	0.0016	10082.4110	-8.1	-3.2	2.0270	0.0476	0.0010	0.2696	-740.7542	60	0.000	43.790000	-79.503540	209.07	24.786768	34.933754	92.7	11011
100	2026-01-23	06:32:48	9341.9715	0	0.0187	0.0024	10082.4066	-10.3	-4.9	2.0297	0.0479	0.0016	0.2699	-740.7545	60	0.000	43.790000	-79.503540	209.07	24.786768	34.933754	92.7	11011
34	2026-01-23	07:19:14	9312.7762	11	0.0279	0.0036	10053.2180	10.9	-8.5	2.0073	0.0562	0.0023	0.2670	-740.7673	60	0.000	43.790000	-79.503540	209.07	24.732950	34.880005	258.1	11011
35	2026-01-23	07:22:55	9311.9261	11	0.0190	0.0024	10052.3699	-0.6	1.4	2.0148	0.0565	0.0001	0.2680	-740.7683	60	0.000	43.790000	-79.503540	209.07	24.731159	34.880306	259.6	11011
36	2026-01-23	07:29:46	9311.0825	11	0.0187	0.0024	10051.5257	-6.2	2.9	2.0269	0.0569	0.0006	0.2695	-740.7702	60	0.000	43.790000	-79.503540	209.07	24.729313	34.880249	263.3	11011
37	2026-01-23	07:33:21	9310.2516	11	0.0250	0.0032	10050.6947	8.9	-5.8	2.0279	0.0570	0.0013	0.2697	-740.7712	60	0.000	43.790000	-79.503540	209.07	24.727783	34.879814	259.7	11011
38	2026-01-23	07:36:57	9309.7127	11	0.0203	0.0026	10050.1575	4.9	-2.4	2.0294	0.0571	0.0004	0.2699	-740.7722	60	0.000	43.790000	-79.503540	209.07	24.727802	34.878361	268.2	11011
39	2026-01-23	07:40:36	9309.7565	11	0.0357	0.0046	10050.2011	9.1	-2.9	2.0329	0.0572	0.0011	0.2703	-740.7732	60	0.000	43.790000	-79.503540	209.07	24.729342	34.877647	277.8	11011
40	2026-01-23	07:44:18	9308.8055	11	0.0207	0.0027	10049.2508	7.5	3.8	2.0366	0.0572	0.0009	0.2709	-740.7742	60	0.000	43.790000	-79.503540	209.07	24.728439	34.875748	278.2	11011
41	2026-01-23	07:47:59	9307.9667	11	0.0223	0.0029	10048.4133	2.3	-4.3	2.0391	0.0571	0.0003	0.2713	-740.7752	60	0.000	43.790000	-79.503540	209.07	24.727352	34.874290	283.4	11011
42	2026-01-23	07:51:39	9307.1798	11	0.0260	0.0034	10047.6250	7.7	-10.2	2.0451	0.0570	0.0023	0.2718	-740.7763	60	0.000	43.790000	-79.503540	209.07	24.726706	34.872471	281.2	11011
43	2026-01-23	07:55:23	9306.2163	11	0.0200	0.0026	10046.6649	-2.8	-6.0	2.0401	0.0568	0.0006	0.2713	-740.7773	60	0.000	43.790000	-79.503540	209.07	24.725569	34.870533	288.4	11011
44	2026-01-23	07:59:14	9305.0154	11	0.0281	0.0036	10045.4630	-6.8	-13.8	2.0417	0.0565	0.0028	0.2715	-740.7784	60	0.000	43.790000	-79.503540	209.07	24.724344	34.869331	290.6	11011
45	2026-01-23	08:03:11	9304.4390	11	0.0380	0.0049	10044.8884	11.4	-7.4	2.0403	0.0562	0.0025	0.2714	-740.7794	60	0.000	43.790000	-79.503540	209.07	24.723867	34.867607	288.3	11011
46	2026-01-23	08:06:47	9303.6616	11	0.0242	0.0031	10044.1146	-0.1	-0.2	2.0419	0.0558	0.0000	0.2716	-740.7804	60	0.000	43.790000	-79.503540	209.07	24.723543	34.865555	292.5	11011
47	2026-01-23	08:10:06	9303.2340	11	0.0189	0.0024	10043.6872	4.1	-6.5	2.0445	0.0555	0.0007	0.2720	-740.7814	60	0.000	43.790000	-79.503540	209.07	24.723356	34.863583	295.9	11011
48	2026-01-23	08:13:38	9302.9978	11	0.0318	0.0041	10043.4514	10.1	-2.4	2.0476	0.0550	0.0013	0.2724	-740.7823	60	0.000	43.790000	-79.503540	209.07	24.722498	34.861912	297.4	11011
49	2026-01-23	08:17:00	9302.6298	11	0.0746	0.0096	10043.0854	3.3	-3.6	2.0484	0.0545	0.0006	0.2726	-740.7833	60	0.000	43.790000	-79.503540	209.07	24.722046	34.860188	296.9	11011
50	2026-01-23	08:21:16	9302.5151	11	0.0212	0.0027	10042.9715	-2.0	-8.9	2.0536	0.0539	0.0010	0.2732	-740.7844	60	0.000	43.790000	-79.503540	209.07	24.722261	34.858173	302.5	11011
51	2026-01-23	08:25:49	9302.3714	11	0.0221	0.0029	10042.8288	-1.8	-8.4	2.0620	0.0531	0.0009	0.2743	-740.7857	60	0.000	43.790000	-79.503540	209.07	24.722641	34.856297	308.0	11011
52	2026-01-23	08:29:33	9302.0319	11	0.0229	0.0030	10042.4922	-3.1	-4.9	2.0566	0.0524	0.0004	0.2735	-740.7867	60	0.000	43.790000	-79.503540	209.07	24.722090	34.854656	299.2	11011
53	2026-01-23	08:32:48	9301.6533	11	0.0220	0.0028	10042.1143	6.0	-7.6	2.0586	0.0517	0.0011	0.2738	-740.7876	60	0.000	43.790000	-79.503540	209.07	24.722965	34.852974	305.0	11011
54	2026-01-23	08:36:15	9301.2182	11	0.0250	0.0032	10041.6816	-3.9	3.4	2.0583	0.0510	0.0003	0.2739	-740.7886	60	0.000	43.790000	-79.503540	209.07	24.722528	34.851250	311.5	11011
55	2026-01-23	08:40:06	9300.5436	11	0.0218	0.0028	10041.0079	2.2	-11.6	2.0569	0.0501	0.0016	0.2737	-740.7896	60	0.000	43.790000	-79.503540	209.07	24.720781	34.850086	312.0	11011
56	2026-01-23	08:44:06	9300.0853	11	0.0250	0.0032	10040.5524	-5.4	2.0	2.0603	0.0491	0.0004	0.2741	-740.7907	60	0.000	43.790000	-79.503540	209.07	24.720049	34.848701	318.2	11011
57	2026-01-23	08:47:39	9299.6425	11	0.0373	0.0048	10040.1120	4.2	-2.5	2.0578	0.0482	0.0003	0.2737	-740.7917	60	0.000	43.790000	-79.503540	209.07	24.721001	34.847179	317.4	11011
58	2026-01-23	08:52:16	9299.1109	11	0.0219	0.0028	10039.5822	-3.8	-5.2	2.0619	0.0469	0.0005	0.2742	-740.7930	60	0.000	43.790000	-79.503540	209.07	24.720867	34.845974	320.8	11011
59	2026-01-23	08:56:15	9298.6351	11	0.0167	0.0022	10039.1093	2.5	-7.1	2.0555	0.0458	0.0007	0.2734	-740.7941	60	0.000	43.790000	-79.503540	209.07	24.721622	34.844212	318.0	11011
60	2026-01-23	09:00:09	9297.9251	11	0.0244	0.0031	10038.4020	1.5	-0.8	2.0576	0.0446	0.0001	0.2736	-740.7952	60	0.000	43.790000	-79.503540	209.07	24.722332	34.842541	322.0	11011
61	2026-01-23	09:03:37	9297.4630	11	0.0307	0.0040	10037.9404	-4.3	-9.2	2.0595	0.0435	0.0012	0.2740	-740.7961	60	0.000	43.790000	-79.503540	209.07	24.723133	34.840824	320.3	11011
62	2026-01-23	09:07:13	9296.9584	11	0.0274	0.0035	10037.4399	-0.2	5.9	2.0515	0.0423	0.0004	0.2729	-740.7971	60	0.000	43.790000	-79.503540	209.07	24.724178	34.839195	321.8	11011
63	2026-01-23	09:11:03	9296.5650	11	0.0271	0.0035	10037.0475	2.7	-12.3	2.0506	0.0410	0.0019	0.2728	-740.7982	60	0.000	43.790000	-79.503540	209.07	24.724443	34.837498	308.2	11011
64	2026-01-23	09:14:50	9295.7838	11	0.0277	0.0036	10036.2705	-3.2	-0.4	2.0505	0.0396	0.0002	0.2727	-740.7992	60	0.000	43.790000	-79.503540	209.07	24.723982	34.835712	314.1	11011
65	2026-01-23	09:18:15	9294.9756	11	0.0159	0.0021	10035.4650	4.0	2.1	2.0471	0.0384	0.0003	0.2722	-740.8002	60	0.000	43.790000	-79.503540	209.07	24.723124	34.834026	322.7	11011
1	2026-01-23	09:25:15	9296.6334	12	0.0206	0.0027	10037.1270	6.9	-6.5	2.0430	0.0357	0.0011	0.2718	-740.8021	60	0.000	43.790000	-79.503540	209.07	24.725603	34.836918	317.8	11011
2	2026-01-23	09:29:30	9297.1719	12	0.0212	0.0027	10037.6676	2.1	-11.8	2.0445	0.0340	0.0017	0.2719	-740.8033	60	0.000	43.790000	-79.503540	209.07	24.726910	34.838070	324.4	11011
3	2026-01-23	09:33:16	9297.7561	12	0.0281	0.0036	10038.2549	4.4	-5.7	2.0480	0.0324	0.0007	0.2725	-740.8043	60	0.000	43.790000	-79.503540	209.07	24.726637	34.840538	316.1	11011
4	2026-01-23	09:36:38	9298.2218	12	0.0211	0.0027	10038.7219	7.5	-6.3	2.0524	0.0310	0.0012	0.2729	-740.8052	60	0.000	43.790000	-79.503540	209.07	24.727858	34.841637	316.3	11011
5	2026-01-23	09:40:24	9298.4943	12	0.0361	0.0047	10038.9955	8.8	-8.3	2.0596	0.0294	0.0017	0.2740	-740.8063	60	0.000	43.790000	-79.503540	209.07	24.729084	34.843212	322.3	11011
6	2026-01-23	09:43:38	9299.0884	12	0.0220	0.0028	10039.5917	10.1	-4.6	2.0632	0.0280	0.0015	0.2744	-740.8072	60	0.000	43.790000	-79.503540	209.07	24.728727	34.844833	314.0	11011
7	2026-01-23	09:46:48	9299.3235	12	0.0238	0.0031	10039.8289	-3.9	-10.7	2.0647	0.0265	0.0016	0.2745	-740.8080	60	0.000	43.790000	-79.503540	209.07	24.727520	34.846035	307.8	11011
8	2026-01-23	10:10:33	9300.1671	12	0.0164	0.0021	10040.6911	8.9	-15.9	2.0418	0.0151	0.0039	0.2716	-740.8146	60	0.000	43.790000	-79.503540	209.07	24.728355	34.847626	313.4	11011
9	2026-01-23	10:15:33	9300.8443	12	0.0268	0.0035	10041.3742	11.1	0.2	2.0457	0.0126	0.0015	0.2720	-740.8160	60	0.000	43.790000	-79.503540	209.07	24.729637	34.848980	307.0	11011
10	2026-01-23	10:19:12	9301.6183	12	0.0407	0.0053	10042.1513	4.2	-3.6	2.0505	0.0107	0.0004	0.2728	-740.8170	60	0.000	43.790000	-79.503540	209.07	24.731405	34.849583	307.9	11011
11	2026-01-23	10:22:52	9302.3478	12	0.0275	0.0036	10042.8834	1.6	-5.6	2.0533	0.0088	0.0005	0.2731	-740.8180	60	0.000	43.790000	-79.503540	209.07	24.732903	34.850628	304.3	11011
12	2026-01-23	10:27:02	9302.8871	12	0.0242	0.0031	10043.4252	9.5	-2.5	2.0558	0.0066	0.0011	0.2734	-740.8192	60	0.000	43.790000	-79.503540	209.07	24.734005	34.851936	302.3	11011
13	2026-01-23	10:31:14	9303.3271	12	0.0241	0.0031	10043.8686	-3.9	-6.5	2.0575	0.0043	0.0007	0.2737	-740.8203	60	0.000	43.790000	-79.503540	209.07	24.734877	34.853512	292.4	11011
14	2026-01-23	10:33:54	9303.5908	12	0.0243	0.0031	10044.1329	-4.9	-12.6	2.0591	0.0029	0.0022	0.2739	-740.8210	60	0.000	43.790000	-79.503540	209.07	24.733782	34.855457	297.4	11011
15	2026-01-23	10:37:26	9304.1987	12	0.0143	0.0018	10044.7444	8.4	-7.7	2.0575	0.0010	0.0016	0.2737	-740.8220	60	0.000	43.790000	-79.503540	209.07	24.733627	34.857208	298.2	11011
16	2026-01-23	10:40:52	9305.0943	12	0.0141	0.0018	10045.6435	0.5	-8.0	2.0588	-0.0009	0.0009	0.2737	-740.8230	60	0.000	43.790000	-79.503540	209.07	24.735126	34.858467	294.1	11011
17	2026-01-23	10:43:47	9305.5240	12	0.0235	0.0030	10046.0748	11.9	-0.6	2.0590	-0.0025	0.0017	0.2738	-740.8238	60	0.000	43.790000	-79.503540	209.07	24.735487	34.859833	297.6	11011
18	2026-01-23	10:46:47	9305.8872	12	0.0242	0.0031	10046.4397	6.8	-10.5	2.0632	-0.0041	0.0018	0.2745	-740.8246	60	0.000	43.790000	-79.503540	209.07	24.734730	34.861771	293.9	11011
19	2026-01-23	10:50:18	9306.6084	12	0.0167	0.0022	10047.1644	6.8	-6.9	2.0641	-0.0061	0.0011	0.2745	-740.8256	60	0.000	43.790000	-79.503540	209.07	24.736174	34.862034	293.4	11011
20	2026-01-23	10:53:31	9307.2981	12	0.0157	0.0020	10047.8573	-3.9	-5.5	2.0622	-0.0079	0.0006	0.2745	-740.8265	60	0.000	43.790000	-79.503540	209.07	24.737696	34.861866	288.4	11011
21	2026-01-23	10:57:25	9308.2557	12	0.0160	0.0021	10048.8184	0.7	-8.0	2.0601	-0.0100	0.0009	0.2740	-740.8275	60	0.000	43.790000	-79.503540	209.07	24.738625	34.863316	272.4	11011
22	2026-01-23	11:02:01	9309.0156	12	0.0265	0.0034	10049.5828	6.3	-4.1	2.0577	-0.0126	0.0007	0.2736	-740.8288	60	0.000	43.790000	-79.503540	209.07	24.738386	34.865124	274.3	11011
23	2026-01-23	11:05:25	9309.8037	12	0.0177	0.0023	10050.3727	2.2	-11.9	2.0556	-0.0145	0.0017	0.2735	-740.8297	60	0.000	43.790000	-79.503540	209.07	24.738516	34.866920	264.8	11011
24	2026-01-23	11:08:45	9310.6726	12	0.0187	0.0024	10051.2450	8.0	-3.2	2.0567	-0.0163	0.0009	0.2736	-740.8307	60	0.000	43.790000	-79.503540	209.07	24.739336	34.868874	268.6	11011
25	2026-01-23	11:15:07	9311.3087	12	0.0177	0.0023	10051.8873	9.6	-2.9	2.0491	-0.0199	0.0012	0.2725	-740.8324	60	0.000	43.790000	-79.503540	209.07	24.739454	34.870502	270.8	11011
26	2026-01-23	11:18:34	9312.3041	12	0.0220	0.0028	10052.8851	0.9	-10.9	2.0508	-0.0218	0.0015	0.2727	-740.8334	60	0.000	43.790000	-79.503540	209.07	24.739073	34.872726	272.7	11011
27	2026-01-23	11:21:55	9313.4544	12	0.0159	0.0020	10054.0394	0.9	-0.7	2.0509	-0.0237	0.0001	0.2729	-740.8343	60	0.000	43.790000	-79.503540	209.07	24.740477	34.873859	270.0	11011
28	2026-01-23	11:25:52	9314.1739	12	0.0219	0.0028	10054.7617	-6.1	-4.3	2.0507	-0.0259	0.0007	0.2728	-740.8354	60	0.000	43.790000	-79.503540	209.07	24.742250	34.873997	262.9	11011
29	2026-01-23	11:33:23	9314.9757	12	0.0408	0.0053	10055.5693	4.7	-6.9	2.0525	-0.0300	0.0008	0.2730	-740.8375	60	0.000	43.790000	-79.503540	209.07	24.744028	34.873444	260.2	11011
30	2026-01-23	11:36:41	9316.0654	12	0.0227	0.0029	10056.6620	2.2	-8.6	2.0492	-0.0318	0.0009	0.2726	-740.8384	60	0.000	43.790000	-79.503540	209.07	24.744909	34.874825	252.4	11011
31	2026-01-23	11:40:08	9316.6824	12	0.0235	0.0030	10057.2804	-12.3	-8.4	2.0476	-0.0337	0.0026	0.2724	-740.8393	60	0.000	43.790000	-79.503540	209.07	24.744457	34.876667	244.5	11011
32	2026-01-23	11:43:48	9317.0961	12	0.0208	0.0027	10057.6998	-3.1	-4.5	2.0446	-0.0357	0.0004	0.2719	-740.8403	60	0.000	43.790000	-79.503540	209.07	24.743303	34.878277	241.4	11011
33	2026-01-23	11:47:20	9317.8780	12	0.0186	0.0024	10058.4834	0.8	-11.4	2.0437	-0.0376	0.0017	0.2718	-740.8413	60	0.000	43.790000	-79.503540	209.07	24.743298	34.880100	246.6	11011
34	2026-01-23	11:51:12	9318.6072	12	0.0343	0.0044	10059.2161	4.0	-8.9	2.0439	-0.0396	0.0012	0.2719	-740.8424	60	0.000	43.790000	-79.503540	209.07	24.744413	34.881588	239.0	11011
100	2026-01-23	12:37:45	9341.5101	0	0.0253	0.0033	10082.1555	12.6	6.4	2.0290	-0.0623	0.0024	0.2698	-740.8552	60	0.000	43.790000	-79.503540	209.07	24.786873	34.933830	84.7	11011
100	2026-01-23	12:38:45	9341.5274	0	0.0160	0.0021	10082.1716	17.4	4.7	2.0324	-0.0628	0.0037	0.2703	-740.8555	60	0.000	43.790000	-79.503540	209.07	24.786863	34.933830	82.6	11011
100	2026-01-23	12:39:45	9341.5053	0	0.0213	0.0027	10082.1489	21.2	3.7	2.0332	-0.0632	0.0049	0.2704	-740.8558	60	0.000	43.790000	-79.503540	209.07	24.786873	34.933826	83.4	11011
100	2026-01-23	12:40:45	9341.5416	0	0.0155	0.0020	10082.1839	24.3	2.6	2.0342	-0.0636	0.0068	0.2705	-740.8561	60	0.000	43.790000	-79.503540	209.07	24.786877	34.933819	83.5	11011
1	2026-01-23	13:22:38	9349.0968	13	0.0170	0.0022	10089.7732	-0.1	-8.4	2.0238	-0.0788	0.0009	0.2692	-740.8676	60	0.000	43.790000	-79.503540	209.07	24.802050	34.953091	55.0	11011
2	2026-01-23	13:26:55	9348.0001	13	0.0225	0.0029	10088.6783	1.3	-11.9	2.0219	-0.0800	0.0018	0.2689	-740.8688	60	0.000	43.790000	-79.503540	209.07	24.803276	34.951748	56.5	11011
3	2026-01-23	13:30:26	9346.7782	13	0.0302	0.0039	10087.4596	1.1	-4.3	2.0236	-0.0810	0.0003	0.2692	-740.8698	60	0.000	43.790000	-79.503540	209.07	24.804663	34.950481	59.4	11011
4	2026-01-23	13:33:39	9345.8437	13	0.0171	0.0022	10086.5263	0.3	-8.4	2.0228	-0.0818	0.0009	0.2690	-740.8707	60	0.000	43.790000	-79.503540	209.07	24.806055	34.949333	69.4	11011
5	2026-01-23	13:36:42	9344.7449	13	0.0142	0.0018	10085.4261	8.0	-15.2	2.0251	-0.0826	0.0034	0.2694	-740.8715	60	0.000	43.790000	-79.503540	209.07	24.807585	34.948536	77.0	11011
6	2026-01-23	13:40:18	9343.2292	13	0.0174	0.0023	10083.9157	4.3	-0.6	2.0246	-0.0834	0.0003	0.2692	-740.8725	60	0.000	43.790000	-79.503540	209.07	24.808468	34.946835	78.9	11011
7	2026-01-23	13:43:50	9342.0511	13	0.0188	0.0024	10082.7368	-8.5	-12.4	2.0251	-0.0842	0.0026	0.2694	-740.8735	60	0.000	43.790000	-79.503540	209.07	24.809317	34.945206	84.4	11011
8	2026-01-23	13:47:31	9340.8185	13	0.0154	0.0020	10081.5076	-7.4	-3.6	2.0261	-0.0850	0.0008	0.2696	-740.8745	60	0.000	43.790000	-79.503540	209.07	24.811171	34.944454	88.9	11011
9	2026-01-23	13:51:25	9339.4786	13	0.0298	0.0039	10080.1701	-0.7	4.6	2.0259	-0.0857	0.0003	0.2695	-740.8756	60	0.000	43.790000	-79.503540	209.07	24.812391	34.943115	100.6	11011
10	2026-01-23	13:54:52	9338.1767	13	0.0138	0.0018	10078.8692	2.3	-8.0	2.0260	-0.0864	0.0008	0.2695	-740.8765	60	0.000	43.790000	-79.503540	209.07	24.813757	34.941727	106.4	11011
11	2026-01-23	13:57:58	9336.9163	13	0.0214	0.0028	10077.6111	3.0	-4.6	2.0236	-0.0869	0.0004	0.2691	-740.8774	60	0.000	43.790000	-79.503540	209.07	24.815086	34.940456	112.1	11011
12	2026-01-23	14:00:56	9335.6257	13	0.0179	0.0023	10076.3203	11.8	-3.3	2.0220	-0.0873	0.0019	0.2690	-740.8782	60	0.000	43.790000	-79.503540	209.07	24.816179	34.938900	120.7	11011
13	2026-01-23	14:04:20	9334.5325	13	0.0266	0.0034	10075.2296	8.2	3.5	2.0204	-0.0878	0.0010	0.2688	-740.8791	60	0.000	43.790000	-79.503540	209.07	24.817352	34.937271	127.9	11011
14	2026-01-23	14:07:41	9333.3219	13	0.0255	0.0033	10074.0197	10.6	-4.0	2.0230	-0.0882	0.0015	0.2690	-740.8801	60	0.000	43.790000	-79.503540	209.07	24.818567	34.935795	131.9	11011
15	2026-01-23	14:11:23	9332.7728	13	0.0170	0.0022	10073.4733	-0.2	3.5	2.0231	-0.0887	0.0002	0.2691	-740.8811	60	0.000	43.790000	-79.503540	209.07	24.818962	34.934879	131.2	11011
1	2026-01-23	14:31:02	15026.1973	14	0.0397	0.0051	15766.8959	-1.5	1.0	2.0899	-0.0900	0.0001	0.2779	-740.8865	60	0.000	43.790000	-79.503540	209.07	24.807129	34.972092	28.3	11011
2	2026-01-23	14:37:47	9352.4871	14	0.0263	0.0034	10093.1760	0.1	-12.7	2.1617	-0.0900	0.0019	0.2876	-740.8884	60	0.000	43.790000	-79.503540	209.07	24.805931	34.973080	47.2	11011
3	2026-01-23	14:41:05	9351.1390	14	0.0194	0.0025	10091.8386	-3.6	-8.7	2.0948	-0.0900	0.0011	0.2787	-740.8893	60	0.000	43.790000	-79.503540	209.07	24.804424	34.973854	52.4	11011
4	2026-01-23	14:44:26	9349.7914	14	0.0167	0.0022	10090.4990	2.2	0.3	2.0478	-0.0899	0.0001	0.2724	-740.8902	60	0.000	43.790000	-79.503540	209.07	24.802917	34.975010	55.4	11011
5	2026-01-23	14:48:04	9348.6181	14	0.0225	0.0029	10089.3287	5.0	-8.1	2.0249	-0.0898	0.0011	0.2694	-740.8912	60	0.000	43.790000	-79.503540	209.07	24.801577	34.975971	57.7	11011
6	2026-01-23	14:53:18	9347.4836	14	0.0177	0.0023	10088.1969	-4.5	-6.1	2.0163	-0.0895	0.0007	0.2682	-740.8927	60	0.000	43.790000	-79.503540	209.07	24.799818	34.976952	60.2	11011
7	2026-01-23	14:56:58	9346.2903	14	0.0207	0.0027	10087.0047	-7.3	0.3	2.0144	-0.0893	0.0006	0.2680	-740.8937	60	0.000	43.790000	-79.503540	209.07	24.798269	34.977707	59.7	11011
8	2026-01-23	15:00:31	9345.5876	14	0.0282	0.0036	10086.3032	-3.3	-6.2	2.0100	-0.0890	0.0007	0.2674	-740.8946	60	0.000	43.790000	-79.503540	209.07	24.796928	34.978748	67.4	11011
9	2026-01-23	15:04:00	7267.6391	14	0.0167	0.0022	8008.3556	3.8	-5.2	2.0100	-0.0886	0.0005	0.2673	-740.8956	60	0.000	43.790000	-79.503540	209.07	24.796267	34.980236	77.5	11011
100	2026-01-23	15:30:01	9341.6023	0	0.0167	0.0022	10082.3001	9.2	-0.0	2.1701	-0.0846	0.0010	0.2887	-740.9028	60	0.000	43.790000	-79.503540	209.07	24.786854	34.933788	94.6	11011
100	2026-01-23	15:31:01	9341.5988	0	0.0170	0.0022	10082.2972	11.3	-0.5	2.1617	-0.0844	0.0015	0.2876	-740.9031	60	0.000	43.790000	-79.503540	209.07	24.786854	34.933788	94.5	11011
100	2026-01-23	15:32:01	9341.6092	0	0.0167	0.0022	10082.3099	12.2	-1.3	2.1447	-0.0842	0.0017	0.2852	-740.9033	60	0.000	43.790000	-79.503540	209.07	24.786854	34.933788	94.6	11011
100	2026-01-23	15:33:01	9341.5946	0	0.0227	0.0029	10082.2977	12.4	-1.2	2.1252	-0.0840	0.0019	0.2826	-740.9036	60	0.000	43.790000	-79.503540	209.07	24.786854	34.933788	94.6	11011
0	2026-01-23	18:00:21	9406.8744	0	0.0208	0.0027	10147.5674	3.6	4.9	2.0930	-0.0275	0.0005	0.2783	-740.9443	60	0.000	43.790000	-79.503540	209.07	25.066847	34.877579	40.4	11011
0	2026-01-23	18:01:21	9406.9003	0	0.0158	0.0020	10147.5935	2.0	6.1	2.0881	-0.0271	0.0005	0.2779	-740.9446	60	0.000	43.790000	-79.503540	209.07	25.066847	34.877579	40.4	11011
0	2026-01-23	18:02:21	9406.8800	0	0.0168	0.0022	10147.5738	-1.6	6.8	2.0847	-0.0266	0.0004	0.2772	-740.9448	60	0.000	43.790000	-79.503540	209.07	25.066847	34.877579	40.4	11011
0	2026-01-23	18:03:21	9406.8812	0	0.0170	0.0022	10147.5747	-1.4	9.2	2.0813	-0.0262	0.0010	0.2768	-740.9451	60	0.000	43.790000	-79.503540	209.07	25.066847	34.877579	40.4	11011
0	2026-01-24	04:59:24	9406.8896	0	0.0233	0.0030	10147.7626	-4.5	5.1	2.0118	-0.0148	0.0006	0.2674	-741.1262	60	0.000	43.790000	-79.503540	209.07	25.066780	34.877636	22.2	11011
0	2026-01-24	05:00:24	9406.8903	0	0.0202	0.0026	10147.7628	-3.2	7.4	2.0122	-0.0145	0.0007	0.2677	-741.1265	60	0.000	43.790000	-79.503540	209.07	25.066780	34.877636	22.2	11011
0	2026-01-24	05:01:24	9406.9049	0	0.0192	0.0025	10147.7774	-3.3	9.1	2.0106	-0.0142	0.0010	0.2674	-741.1268	60	0.000	43.790000	-79.503540	209.07	25.066780	34.877636	22.2	11011
0	2026-01-24	05:02:24	9406.9320	0	0.0261	0.0034	10147.8045	-4.3	7.9	2.0103	-0.0139	0.0010	0.2674	-741.1270	60	0.000	43.790000	-79.503540	209.07	25.066780	34.877636	22.2	11011
100	2026-01-24	06:42:36	9341.6035	0	0.0304	0.0039	10082.4746	-2.8	-8.4	2.0172	0.0145	0.0009	0.2683	-741.1547	60	0.000	43.790000	-79.503540	209.07	24.786743	34.933723	107.1	11011
100	2026-01-24	06:43:36	9341.6132	0	0.0238	0.0031	10082.4833	-2.6	-10.1	2.0211	0.0147	0.0013	0.2688	-741.1550	60	0.000	43.790000	-79.503540	209.07	24.786743	34.933723	107.1	11011
100	2026-01-24	06:44:36	9341.6254	0	0.0222	0.0029	10082.4948	-1.7	-11.4	2.0244	0.0149	0.0016	0.2693	-741.1553	60	0.000	43.790000	-79.503540	209.07	24.786743	34.933723	107.1	11011
100	2026-01-24	06:45:36	9341.6219	0	0.0236	0.0030	10082.4909	-1.9	-13.5	2.0255	0.0151	0.0020	0.2694	-741.1555	60	0.000	43.790000	-79.503540	209.07	24.786743	34.933723	107.1	11011
1	2026-01-24	09:08:09	9309.4742	15	0.0269	0.0035	10050.3770	-0.6	6.9	2.0495	0.0189	0.0006	0.2726	-741.1949	60	0.000	43.790000	-79.503540	209.07	24.689392	34.892666	245.5	11011
2	2026-01-24	09:32:18	9308.6492	15	0.0297	0.0038	10049.5617	-2.7	-11.3	2.0602	0.0135	0.0016	0.2739	-741.2015	60	0.000	43.790000	-79.503540	209.07	24.688591	34.890846	231.6	11011
3	2026-01-24	09:36:22	9307.9685	15	0.0317	0.0041	10048.8843	7.1	0.7	2.0587	0.0125	0.0006	0.2738	-741.2027	60	0.000	43.790000	-79.503540	209.07	24.688044	34.888927	235.2	11011
4	2026-01-24	09:39:54	9307.3049	15	0.0341	0.0044	10048.2233	-5.7	-5.0	2.0508	0.0115	0.0009	0.2729	-741.2036	60	0.000	43.790000	-79.503540	209.07	24.687994	34.886868	235.8	11011
5	2026-01-24	09:43:41	9306.8357	15	0.0322	0.0042	10047.7549	9.0	-12.4	2.0463	0.0105	0.0028	0.2722	-741.2047	60	0.000	43.790000	-79.503540	209.07	24.687956	34.885048	241.2	11011
6	2026-01-24	09:46:35	9305.9682	15	0.0364	0.0047	10046.8881	12.8	-13.1	2.0449	0.0096	0.0039	0.2720	-741.2055	60	0.000	43.790000	-79.503540	209.07	24.687857	34.882938	236.0	11011
7	2026-01-24	09:49:34	9305.2525	15	0.0305	0.0039	10046.1777	0.7	3.3	2.0467	0.0088	0.0002	0.2722	-741.2063	60	0.000	43.790000	-79.503540	209.07	24.686728	34.881634	234.7	11011
8	2026-01-24	09:52:20	9304.4875	15	0.0462	0.0060	10045.4134	9.9	-2.6	2.0444	0.0079	0.0013	0.2720	-741.2071	60	0.000	43.790000	-79.503540	209.07	24.686026	34.880165	234.2	11011
9	2026-01-24	09:55:33	9304.4279	15	0.0332	0.0043	10045.3569	0.8	-3.1	2.0449	0.0069	0.0001	0.2719	-741.2080	60	0.000	43.790000	-79.503540	209.07	24.687033	34.878517	236.1	11011
10	2026-01-24	09:58:37	9304.1351	15	0.0304	0.0039	10045.0651	0.1	-3.8	2.0491	0.0060	0.0002	0.2727	-741.2088	60	0.000	43.790000	-79.503540	209.07	24.687428	34.876991	237.8	11011
11	2026-01-24	10:01:24	9303.5491	15	0.0315	0.0041	10044.4809	-2.0	-1.3	2.0487	0.0051	0.0001	0.2726	-741.2096	60	0.000	43.790000	-79.503540	209.07	24.686287	34.875340	245.3	11011
12	2026-01-24	10:04:14	9303.2680	15	0.0400	0.0052	10044.1995	4.0	-11.5	2.0509	0.0041	0.0018	0.2729	-741.2104	60	0.000	43.790000	-79.503540	209.07	24.686039	34.873726	245.3	11011
13	2026-01-24	10:07:11	9303.1798	15	0.0277	0.0036	10044.1144	5.8	-1.9	2.0512	0.0031	0.0005	0.2729	-741.2112	60	0.000	43.790000	-79.503540	209.07	24.687166	34.872086	254.5	11011
14	2026-01-24	10:09:59	9302.9595	15	0.0339	0.0044	10043.8950	6.6	-5.7	2.0547	0.0022	0.0010	0.2733	-741.2119	60	0.000	43.790000	-79.503540	209.07	24.687996	34.870617	256.5	11011
15	2026-01-24	10:12:41	9302.6808	15	0.0308	0.0040	10043.6175	5.2	-9.3	2.0551	0.0012	0.0014	0.2735	-741.2127	60	0.000	43.790000	-79.503540	209.07	24.686678	34.869362	262.5	11011
16	2026-01-24	10:15:53	9302.0320	15	0.0438	0.0056	10042.9714	5.4	4.4	2.0570	0.0001	0.0006	0.2735	-741.2136	60	0.000	43.790000	-79.503540	209.07	24.685190	34.869076	259.1	11011
17	2026-01-24	10:19:12	7267.4023	15	0.0040	0.0005	8008.3425	11.7	0.5	2.0582	-0.0011	0.0016	0.2738	-741.2145	60	0.000	43.790000	-79.503540	209.07	24.685234	34.867367	269.5	11011
18	2026-01-24	10:22:00	7267.3942	15	0.0021	0.0003	8008.3324	2.1	-8.6	2.0927	-0.0021	0.0010	0.2783	-741.2153	60	0.000	43.790000	-79.503540	209.07	24.685953	34.865860	271.1	11011
19	2026-01-24	10:25:31	9300.5292	15	0.0347	0.0045	10041.4622	1.0	3.9	2.1536	-0.0034	0.0002	0.2865	-741.2162	60	0.000	43.790000	-79.503540	209.07	24.685259	34.864002	276.7	11011
20	2026-01-24	10:28:44	9300.0494	15	0.0345	0.0045	10040.9865	5.3	-6.6	2.1327	-0.0047	0.0009	0.2838	-741.2171	60	0.000	43.790000	-79.503540	209.07	24.684906	34.862217	274.8	11011
21	2026-01-24	10:32:23	9300.0843	15	0.0439	0.0057	10041.0293	6.5	-4.4	2.0933	-0.0061	0.0007	0.2784	-741.2181	60	0.000	43.790000	-79.503540	209.07	24.686699	34.861675	273.4	11011
22	2026-01-24	10:35:36	9299.9529	15	0.0362	0.0047	10040.9007	13.8	-3.9	2.0739	-0.0073	0.0026	0.2759	-741.2190	60	0.000	43.790000	-79.503540	209.07	24.687920	34.862617	280.2	11011
23	2026-01-24	10:38:33	9299.8732	15	0.0578	0.0075	10040.8252	-1.9	-9.2	2.0669	-0.0085	0.0013	0.2750	-741.2198	60	0.000	43.790000	-79.503540	209.07	24.689510	34.862553	283.6	11011
24	2026-01-24	10:42:18	9299.7479	15	0.0310	0.0040	10040.7037	-3.1	-6.9	2.0635	-0.0100	0.0007	0.2744	-741.2209	60	0.000	43.790000	-79.503540	209.07	24.690355	34.860775	286.0	11011
25	2026-01-24	10:45:47	9299.3779	15	0.0388	0.0050	10040.3356	5.3	-7.9	2.0629	-0.0114	0.0011	0.2745	-741.2218	60	0.000	43.790000	-79.503540	209.07	24.692110	34.860226	287.4	11011
26	2026-01-24	10:48:50	9299.2070	15	0.0345	0.0045	10040.1671	10.4	0.9	2.0599	-0.0126	0.0013	0.2739	-741.2227	60	0.000	43.790000	-79.503540	209.07	24.693626	34.859135	292.1	11011
27	2026-01-24	10:52:17	9298.7934	15	0.0335	0.0043	10039.7558	-1.2	-11.2	2.0578	-0.0141	0.0016	0.2737	-741.2236	60	0.000	43.790000	-79.503540	209.07	24.694784	34.857704	289.9	11011
28	2026-01-24	10:55:20	9298.3286	15	0.0336	0.0043	10039.2944	3.7	-5.2	2.0562	-0.0153	0.0005	0.2734	-741.2245	60	0.000	43.790000	-79.503540	209.07	24.695559	34.855854	284.8	11011
29	2026-01-24	10:58:34	9297.5968	15	0.0412	0.0053	10038.5643	9.6	-2.2	2.0551	-0.0167	0.0012	0.2733	-741.2254	60	0.000	43.790000	-79.503540	209.07	24.696016	34.853806	285.5	11011
30	2026-01-24	11:01:28	9297.0880	15	0.0386	0.0050	10038.0574	11.1	-2.8	2.0521	-0.0179	0.0016	0.2731	-741.2262	60	0.000	43.790000	-79.503540	209.07	24.696688	34.852077	291.0	11011
31	2026-01-24	11:04:17	7267.3848	15	0.0218	0.0028	8008.3558	7.2	-11.9	2.0508	-0.0191	0.0024	0.2727	-741.2269	60	0.000	43.790000	-79.503540	209.07	24.698019	34.850880	304.0	11011
32	2026-01-24	11:07:28	7267.3605	15	0.0014	0.0002	8008.3310	2.8	-1.6	2.0873	-0.0205	0.0002	0.2777	-741.2278	60	0.000	43.790000	-79.503540	209.07	24.699419	34.849850	302.1	11011
33	2026-01-24	11:10:17	7267.3643	15	0.0021	0.0003	8008.3294	8.5	-7.8	2.1322	-0.0217	0.0016	0.2836	-741.2286	60	0.000	43.790000	-79.503540	209.07	24.700626	34.848400	303.5	11011
34	2026-01-24	11:15:08	9295.4966	15	0.0385	0.0050	10036.4597	-1.5	2.0	2.1846	-0.0238	0.0001	0.2905	-741.2299	60	0.000	43.790000	-79.503540	209.07	24.702168	34.847157	314.8	11011
35	2026-01-24	11:18:18	9295.2215	15	0.0434	0.0056	10036.1918	-1.5	-4.4	2.1443	-0.0252	0.0003	0.2854	-741.2308	60	0.000	43.790000	-79.503540	209.07	24.703493	34.846367	317.2	11011
36	2026-01-24	11:21:35	9294.7768	15	0.0389	0.0050	10035.7559	6.9	1.5	2.0945	-0.0266	0.0006	0.2786	-741.2317	60	0.000	43.790000	-79.503540	209.07	24.704437	34.844543	314.4	11011
37	2026-01-24	11:25:12	9294.5506	15	0.0294	0.0038	10035.5366	-0.7	2.5	2.0657	-0.0282	0.0001	0.2748	-741.2327	60	0.000	43.790000	-79.503540	209.07	24.705687	34.843048	322.3	11011
38	2026-01-24	11:28:33	9294.2791	15	0.0424	0.0055	10035.2687	0.4	-5.0	2.0544	-0.0297	0.0003	0.2734	-741.2336	60	0.000	43.790000	-79.503540	209.07	24.706554	34.841446	318.4	11011
39	2026-01-24	11:32:02	9293.8188	15	0.0405	0.0052	10034.8109	10.1	2.4	2.0474	-0.0312	0.0013	0.2724	-741.2346	60	0.000	43.790000	-79.503540	209.07	24.707947	34.839748	326.1	11011
40	2026-01-24	11:35:06	9293.4620	15	0.0374	0.0048	10034.4576	-1.0	-4.4	2.0466	-0.0326	0.0003	0.2722	-741.2354	60	0.000	43.790000	-79.503540	209.07	24.708504	34.838394	327.5	11011
100	2026-01-24	12:34:29	7267.3167	0	0.0173	0.0022	8008.3566	-2.1	-6.8	2.0245	-0.0580	0.0007	0.2692	-741.2518	60	0.000	43.790000	-79.503540	209.07	24.786842	34.933735	98.4	11011
100	2026-01-24	12:35:29	7267.3005	0	0.0026	0.0003	8008.3395	1.5	-10.1	2.0311	-0.0584	0.0013	0.2702	-741.2521	60	0.000	43.790000	-79.503540	209.07	24.786842	34.933735	98.4	11011
100	2026-01-24	12:36:29	7267.2991	0	0.0026	0.0003	8008.3355	4.9	-15.4	2.0434	-0.0588	0.0031	0.2717	-741.2524	60	0.000	43.790000	-79.503540	209.07	24.786842	34.933735	98.4	11011
100	2026-01-24	12:37:29	7267.2984	0	0.0027	0.0003	8008.3335	4.2	-15.8	2.0606	-0.0592	0.0026	0.2740	-741.2527	60	0.000	43.790000	-79.503540	209.07	24.786842	34.933735	98.4	11011
100	2026-01-24	12:54:26	9341.1872	0	0.0425	0.0055	10082.2171	-4.1	0.5	2.2008	-0.0656	0.0002	0.2928	-741.2573	60	0.000	43.790000	-79.503540	209.07	24.786854	34.933754	101.2	11011
100	2026-01-24	12:55:26	9341.2020	0	0.0490	0.0063	10082.2355	-5.6	-0.1	2.1779	-0.0660	0.0004	0.2897	-741.2576	60	0.000	43.790000	-79.503540	209.07	24.786854	34.933754	101.2	11011
100	2026-01-24	12:56:26	9341.2219	0	0.0608	0.0078	10082.2592	-4.5	1.1	2.1546	-0.0663	0.0003	0.2866	-741.2579	60	0.000	43.790000	-79.503540	209.07	24.786854	34.933754	101.2	11011
100	2026-01-24	12:57:26	9341.2250	0	0.0396	0.0051	10082.2657	-6.6	1.9	2.1329	-0.0667	0.0006	0.2836	-741.2582	60	0.000	43.790000	-79.503540	209.07	24.786854	34.933754	101.2	11011
100	2026-01-24	12:58:46	9341.2024	0	0.0739	0.0095	10082.2468	-8.2	2.5	2.1085	-0.0672	0.0009	0.2804	-741.2585	60	0.000	43.790000	-79.503540	209.07	24.786854	34.933754	101.2	11011
41	2026-01-24	14:04:34	9292.8013	15	0.0500	0.0065	10033.8900	-4.9	5.4	2.0485	-0.0852	0.0006	0.2725	-741.2767	60	0.000	43.790000	-79.503540	209.07	24.709496	34.836174	323.9	11011
42	2026-01-24	14:15:50	9292.0755	15	0.0521	0.0067	10033.1740	-1.2	6.9	2.0124	-0.0869	0.0006	0.2677	-741.2798	60	0.000	43.790000	-79.503540	209.07	24.709518	34.834167	327.5	11011
43	2026-01-24	14:18:34	9291.1479	15	0.0303	0.0039	10032.2463	2.6	10.1	2.0152	-0.0873	0.0013	0.2682	-741.2806	60	0.000	43.790000	-79.503540	209.07	24.709576	34.832188	336.0	11011
44	2026-01-24	14:21:31	9290.9245	15	0.0605	0.0078	10032.0236	-12.5	-3.2	2.0152	-0.0877	0.0020	0.2681	-741.2814	60	0.000	43.790000	-79.503540	209.07	24.710665	34.830753	335.8	11011
45	2026-01-24	14:24:30	9290.4646	15	0.0386	0.0050	10031.5666	-3.7	-6.0	2.0108	-0.0880	0.0007	0.2675	-741.2822	60	0.000	43.790000	-79.503540	209.07	24.711466	34.828999	337.2	11011
46	2026-01-24	14:28:30	9289.6789	15	0.0319	0.0041	10030.7821	2.0	-10.2	2.0098	-0.0885	0.0013	0.2673	-741.2833	60	0.000	43.790000	-79.503540	209.07	24.711657	34.827026	343.0	11011
47	2026-01-24	14:31:46	9289.0604	15	0.0351	0.0045	10030.1648	-9.4	-1.6	2.0106	-0.0888	0.0012	0.2674	-741.2842	60	0.000	43.790000	-79.503540	209.07	24.712900	34.825836	346.5	11011
48	2026-01-24	14:35:42	9288.2683	15	0.0429	0.0055	10029.3752	-2.6	-2.9	2.0096	-0.0891	0.0002	0.2672	-741.2853	60	0.000	43.790000	-79.503540	209.07	24.713272	34.823849	350.4	11011
49	2026-01-24	14:38:44	9287.3255	15	0.0653	0.0084	10028.4336	-2.6	1.8	2.0082	-0.0893	0.0002	0.2671	-741.2861	60	0.000	43.790000	-79.503540	209.07	24.713396	34.822048	354.4	11011
50	2026-01-24	14:42:05	9286.6570	15	0.0569	0.0073	10027.7661	5.7	-2.1	2.0064	-0.0895	0.0005	0.2668	-741.2871	60	0.000	43.790000	-79.503540	209.07	24.714245	34.820496	363.0	11011
51	2026-01-24	14:45:14	9285.5577	15	0.0601	0.0078	10026.6673	-9.3	0.8	2.0054	-0.0896	0.0011	0.2668	-741.2879	60	0.000	43.790000	-79.503540	209.07	24.714712	34.818577	367.1	11011
52	2026-01-24	14:49:40	9284.4307	15	0.0524	0.0068	10025.5407	-8.8	-10.7	2.0049	-0.0897	0.0023	0.2665	-741.2891	60	0.000	43.790000	-79.503540	209.07	24.714935	34.816658	367.0	11011
53	2026-01-24	14:53:11	9282.8985	15	0.0502	0.0065	10024.0109	9.7	-2.5	2.0014	-0.0898	0.0012	0.2663	-741.2901	60	0.000	43.790000	-79.503540	209.07	24.714499	34.814827	365.3	11011
54	2026-01-24	14:56:14	9281.3196	15	0.0446	0.0058	10022.4343	-4.3	-2.1	1.9976	-0.0898	0.0003	0.2657	-741.2910	60	0.000	43.790000	-79.503540	209.07	24.713663	34.813065	361.1	11011
55	2026-01-24	14:59:23	9280.6561	15	0.0465	0.0060	10021.7714	6.2	-3.6	1.9966	-0.0898	0.0007	0.2656	-741.2918	60	0.000	43.790000	-79.503540	209.07	24.714436	34.811283	366.6	11011
56	2026-01-24	15:02:13	9280.0202	15	0.0459	0.0059	10021.1363	-1.9	-8.3	1.9949	-0.0897	0.0009	0.2653	-741.2926	60	0.000	43.790000	-79.503540	209.07	24.715065	34.809376	381.4	11011
57	2026-01-24	15:05:02	9279.7864	15	0.0518	0.0067	10020.9030	8.7	-5.0	1.9936	-0.0896	0.0012	0.2652	-741.2934	60	0.000	43.790000	-79.503540	209.07	24.716272	34.808067	380.1	11011
58	2026-01-24	15:07:58	9279.4378	15	0.0536	0.0069	10020.5562	4.2	-1.0	1.9927	-0.0895	0.0003	0.2651	-741.2942	60	0.000	43.790000	-79.503540	209.07	24.717745	34.806950	387.9	11011
59	2026-01-24	15:11:14	9278.7300	15	0.0492	0.0063	10019.8478	9.0	-6.2	1.9930	-0.0894	0.0015	0.2652	-741.2951	60	0.000	43.790000	-79.503540	209.07	24.718412	34.805161	393.0	11011
60	2026-01-24	15:15:23	9277.5999	15	0.0483	0.0062	10018.7196	5.1	3.5	1.9947	-0.0891	0.0005	0.2652	-741.2962	60	0.000	43.790000	-79.503540	209.07	24.718880	34.803013	387.3	11011
100	2026-01-24	16:08:45	9341.1231	0	0.0595	0.0077	10082.2286	-7.8	0.8	2.1419	-0.0803	0.0007	0.2850	-741.3110	60	0.000	43.790000	-79.503540	209.07	24.786892	34.933773	101.7	11011
100	2026-01-24	16:11:32	9341.1434	0	0.0581	0.0075	10082.2534	-1.3	-0.1	2.1149	-0.0796	0.0000	0.2813	-741.3117	60	0.000	43.790000	-79.503540	209.07	24.786892	34.933773	101.7	11011
100	2026-01-24	16:19:16	9341.1677	0	0.0590	0.0076	10082.2892	-1.8	-0.6	2.0274	-0.0774	0.0001	0.2697	-741.3139	60	0.000	43.790000	-79.503540	209.07	24.786901	34.933762	102.2	11011
100	2026-01-24	16:21:32	9341.1647	0	0.0710	0.0092	10082.2876	0.8	-2.2	2.0169	-0.0768	0.0001	0.2682	-741.3145	60	0.000	43.790000	-79.503540	209.07	24.786901	34.933762	102.2	11011
100	2026-01-24	16:22:32	9341.1701	0	0.0792	0.0102	10082.2934	-0.7	-1.9	2.0143	-0.0765	0.0001	0.2679	-741.3148	60	0.000	43.790000	-79.503540	209.07	24.786901	34.933762	102.2	11011
100	2026-01-24	16:26:23	9341.1824	0	0.0542	0.0070	10082.3064	2.5	-3.2	2.0075	-0.0753	0.0002	0.2669	-741.3158	60	0.000	43.790000	-79.503540	209.07	24.786901	34.933762	102.2	11011
100	2026-01-24	16:27:23	9341.1814	0	0.0682	0.0088	10082.3055	2.9	-4.1	2.0063	-0.0750	0.0003	0.2667	-741.3161	60	0.000	43.790000	-79.503540	209.07	24.786901	34.933762	102.2	11011
0	2026-01-24	17:51:44	9406.5984	0	0.0569	0.0073	10147.7079	-1.1	-2.0	2.0315	-0.0404	0.0001	0.2702	-741.3394	60	0.000	43.790000	-79.503540	209.07	25.066904	34.877640	21.9	11011
0	2026-01-24	17:54:34	9406.6106	0	0.0798	0.0103	10147.7191	-3.8	-5.2	2.0327	-0.0390	0.0005	0.2702	-741.3402	60	0.000	43.790000	-79.503540	209.07	25.066904	34.877640	21.9	11011
0	2026-01-24	17:57:21	9406.6107	0	0.0667	0.0086	10147.7191	-4.1	-3.7	2.0283	-0.0377	0.0004	0.2698	-741.3410	60	0.000	43.790000	-79.503540	209.07	25.066904	34.877640	21.9	11011
0	2026-01-24	17:58:32	9406.6062	0	0.0540	0.0070	10147.7144	-3.7	-5.4	2.0264	-0.0371	0.0005	0.2696	-741.3413	60	0.000	43.790000	-79.503540	209.07	25.066904	34.877640	21.9	11011
