/		CG-6 Survey
/		Survey Name:	W_GHADIR
/		Instrument Serial Number:	000000024110640
/		Created:	2026-01-16 03:52:49
/
/		CG-6 Calibration
/		Operator:	NRIAG
/		Gcal1 [mGal]:	8323.669000
/		Goff [ADU]:	-8388608.000000
/		Gref [mGal]:	0.0000
/		X Scale [arc-sec/ADU]:	0.045429
/		Y Scale [arc-sec/ADU]:	0.045020
/		X Offset [ADU]:	-13170.328680
/		Y Offset [ADU]:	-27997.357409
/		Temperature Coefficient [mGal/mK]:	-0.126000
/		Temperature Scale [mK/ADU]:	-0.000111
/		Drift Rate [mGal/day]:	0.000000
/		Drift Zero Time:	2024-07-17 18:55:52
/		Firmware Version:	CG6_2_20240409
/
/Station	Date	Time	CorrGrav	Line	StdDev	StdErr	RawGrav	X	Y	SensorTemp	TideCorr	TiltCorr	TempCorr	DriftCorr	MeasurDur	InstrHeight	LatUser	LonUser	ElevUser	LatGPS	LonGPS	ElevGPS	Corrections[drift-temp-na-tide-tilt]
0	2026-01-16	03:52:49	3473.1047	0	0.0178	0.0023	3472.6914	-1.1	0.6	3.8854	-0.0763	0.0000	0.4896	0.0000	60	0.000	25.327812	34.625248	149.40	25.066792	34.877636	35.2	11011
0	2026-01-16	03:53:49	3473.1031	0	0.0181	0.0023	3472.6900	-1.2	1.5	3.8828	-0.0762	0.0001	0.4892	0.0000	60	0.000	25.327812	34.625248	149.40	25.066792	34.877636	35.2	11011
0	2026-01-16	03:54:49	3473.1039	0	0.0155	0.0020	3472.6911	-1.1	1.3	3.8793	-0.0761	0.0000	0.4888	0.0000	60	0.000	25.327812	34.625248	149.40	25.066792	34.877636	35.2	11011
0	2026-01-16	03:55:49	3473.1054	0	0.0109	0.0014	3472.6930	-0.7	1.3	3.8753	-0.0759	0.0000	0.4883	0.0000	60	0.000	25.327812	34.625248	149.40	25.066792	34.877636	35.2	11011
100	2026-01-16	06:07:35	3407.0176	0	0.0137	0.0018	3406.5581	0.3	-3.9	3.9061	-0.0330	0.0002	0.4923	0.0000	60	0.000	25.327812	34.625248	149.40	24.786781	34.933750	94.8	11011
100	2026-01-16	06:08:35	3407.0187	0	0.0163	0.0021	3406.5592	1.5	-5.8	3.9018	-0.0325	0.0004	0.4916	0.0000	60	0.000	25.327812	34.625248	149.40	24.786781	34.933750	94.7	11011
100	2026-01-16	06:10:05	3407.0198	0	0.0189	0.0024	3406.5599	1.8	-6.9	3.8978	-0.0319	0.0006	0.4912	0.0000	60	0.000	25.327812	34.625248	149.40	24.786781	34.933750	94.7	11011
100	2026-01-16	06:11:05	3407.0185	0	0.0126	0.0016	3406.5582	1.4	-8.4	3.8958	-0.0315	0.0008	0.4909	0.0000	60	0.000	25.327812	34.625248	149.40	24.786781	34.933750	94.7	11011
100	2026-01-16	06:50:48	3407.0102	0	0.0149	0.0019	3406.5336	-8.0	-1.5	3.9002	-0.0156	0.0008	0.4914	0.0000	60	0.000	25.327812	34.625248	149.40	24.786758	34.933750	99.9	11011
100	2026-01-16	06:51:48	3407.0133	0	0.0184	0.0024	3406.5369	-8.6	-1.0	3.8953	-0.0152	0.0009	0.4908	0.0000	60	0.000	25.327812	34.625248	149.40	24.786758	34.933750	99.9	11011
100	2026-01-16	06:53:04	3407.0154	0	0.0380	0.0049	3406.5389	-8.7	-0.8	3.8911	-0.0147	0.0009	0.4903	0.0000	60	0.000	25.327812	34.625248	149.40	24.786758	34.933750	99.8	11011
100	2026-01-16	06:54:04	3407.0166	0	0.0135	0.0017	3406.5400	-8.7	-0.1	3.8898	-0.0144	0.0009	0.4901	0.0000	60	0.000	25.327812	34.625248	149.40	24.786758	34.933750	99.9	11011
1	2026-01-16	07:27:21	3424.9429	1	0.0304	0.0039	3424.4532	2.8	-1.3	3.9144	-0.0037	0.0001	0.4932	0.0000	60	0.000	25.327812	34.625248	149.40	24.824446	34.996246	7.8	11011
1	2026-01-16	07:28:21	3424.9457	1	0.0279	0.0036	3424.4556	5.7	0.1	3.9135	-0.0034	0.0004	0.4931	0.0000	60	0.000	25.327812	34.625248	149.40	24.824446	34.996246	7.8	11011
2	2026-01-16	07:46:57	3425.2031	1	0.0251	0.0032	3424.7041	12.8	6.1	3.9321	0.0010	0.0025	0.4955	0.0000	60	0.000	25.327812	34.625248	149.40	24.822903	34.995007	10.5	11011
2	2026-01-16	07:47:57	3425.2053	1	0.0256	0.0033	3424.7017	21.1	11.7	3.9330	0.0013	0.0069	0.4955	0.0000	60	0.000	25.327812	34.625248	149.40	24.822903	34.995007	10.5	11011
3	2026-01-16	07:53:03	3425.2615	1	0.0189	0.0024	3424.7651	3.1	0.6	3.9208	0.0022	0.0002	0.4940	0.0000	60	0.000	25.327812	34.625248	149.40	24.822243	34.992859	16.2	11011
3	2026-01-16	07:54:03	3425.2656	1	0.0243	0.0031	3424.7680	8.5	-1.7	3.9208	0.0024	0.0009	0.4942	0.0000	60	0.000	25.327812	34.625248	149.40	24.822243	34.992859	16.2	11011
4	2026-01-16	07:58:53	3425.1540	1	0.0189	0.0024	3424.6536	-11.9	2.3	3.9319	0.0033	0.0018	0.4954	0.0000	60	0.000	25.327812	34.625248	149.40	24.821680	34.991096	16.1	11011
4	2026-01-16	07:59:53	3425.1542	1	0.0279	0.0036	3424.6518	-17.6	5.2	3.9296	0.0034	0.0039	0.4951	0.0000	60	0.000	25.327812	34.625248	149.40	24.821680	34.991096	16.1	11011
5	2026-01-16	08:03:29	3425.2085	1	0.0155	0.0020	3424.7101	6.0	5.1	3.9171	0.0040	0.0008	0.4936	0.0000	60	0.000	25.327812	34.625248	149.40	24.820766	34.989334	19.6	11011
5	2026-01-16	08:04:29	3425.2100	1	0.0227	0.0029	3424.7104	10.9	5.6	3.9177	0.0041	0.0018	0.4938	0.0000	60	0.000	25.327812	34.625248	149.40	24.820766	34.989334	19.6	11011
6	2026-01-16	08:07:43	3425.1749	1	0.0166	0.0021	3424.6749	-3.5	8.5	3.9229	0.0046	0.0010	0.4944	0.0000	60	0.000	25.327812	34.625248	149.40	24.819654	34.987816	20.6	11011
6	2026-01-16	08:08:43	3425.1758	1	0.0131	0.0017	3424.6744	-4.6	13.6	3.9232	0.0047	0.0024	0.4944	0.0000	60	0.000	25.327812	34.625248	149.40	24.819654	34.987816	20.6	11011
7	2026-01-16	08:13:15	3425.2708	1	0.0150	0.0019	3424.7689	3.4	10.9	3.9302	0.0052	0.0015	0.4952	0.0000	60	0.000	25.327812	34.625248	149.40	24.818748	34.986130	22.8	11011
7	2026-01-16	08:14:15	3425.2706	1	0.0179	0.0023	3424.7675	4.8	14.3	3.9296	0.0053	0.0026	0.4952	0.0000	60	0.000	25.327812	34.625248	149.40	24.818748	34.986130	22.8	11011
8	2026-01-16	08:19:42	3425.1750	1	0.0119	0.0015	3424.6771	0.5	-6.3	3.9008	0.0058	0.0006	0.4916	0.0000	60	0.000	25.327812	34.625248	149.40	24.816694	34.982582	31.9	11011
8	2026-01-16	08:20:42	3425.1777	1	0.0132	0.0017	3424.6786	-0.8	-11.4	3.9032	0.0059	0.0015	0.4917	0.0000	60	0.000	25.327812	34.625248	149.40	24.816694	34.982582	31.9	11011
9	2026-01-16	08:24:52	3424.0806	1	0.0144	0.0019	3423.5816	-10.7	-3.3	3.8993	0.0062	0.0015	0.4913	0.0000	60	0.000	25.327812	34.625248	149.40	24.815340	34.981075	27.9	11011
9	2026-01-16	08:25:52	3424.0812	1	0.0122	0.0016	3423.5810	-11.9	-6.6	3.9036	0.0062	0.0021	0.4919	0.0000	60	0.000	25.327812	34.625248	149.40	24.815340	34.981075	27.9	11011
10	2026-01-16	08:29:33	3423.3530	1	0.0173	0.0022	3422.8518	1.9	7.5	3.9203	0.0064	0.0007	0.4941	0.0000	60	0.000	25.327812	34.625248	149.40	24.814342	34.979301	29.9	11011
10	2026-01-16	08:30:33	3423.3573	1	0.0142	0.0018	3422.8556	0.7	9.5	3.9221	0.0065	0.0011	0.4941	0.0000	60	0.000	25.327812	34.625248	149.40	24.814342	34.979301	29.9	11011
11	2026-01-16	08:34:05	3422.5375	1	0.0214	0.0028	3422.0374	-2.5	-6.5	3.9118	0.0066	0.0007	0.4929	0.0000	60	0.000	25.327812	34.625248	149.40	24.813335	34.977543	34.2	11011
11	2026-01-16	08:35:05	3422.5398	1	0.0195	0.0025	3422.0376	-4.1	-13.6	3.9138	0.0066	0.0025	0.4931	0.0000	60	0.000	25.327812	34.625248	149.40	24.813335	34.977543	34.2	11011
12	2026-01-16	08:45:34	3421.9125	1	0.0249	0.0032	3421.4035	7.9	11.6	3.9689	0.0066	0.0024	0.5001	0.0000	60	0.000	25.327812	34.625248	149.40	24.812651	34.975571	37.3	11011
12	2026-01-16	08:46:34	3421.9178	1	0.0244	0.0031	3421.4068	8.5	17.8	3.9676	0.0065	0.0045	0.5000	0.0000	60	0.000	25.327812	34.625248	149.40	24.812651	34.975571	37.3	11011
13	2026-01-16	08:50:46	3421.6621	1	0.0360	0.0046	3421.1557	1.6	-1.8	3.9670	0.0064	0.0001	0.4999	0.0000	60	0.000	25.327812	34.625248	149.40	24.811520	34.974007	39.6	11011
13	2026-01-16	08:51:46	3421.6627	1	0.0254	0.0033	3421.1569	1.5	0.9	3.9645	0.0063	0.0000	0.4995	0.0000	60	0.000	25.327812	34.625248	149.40	24.811520	34.974007	39.6	11011
14	2026-01-16	08:55:25	3421.0092	1	0.0143	0.0018	3420.5024	13.8	-2.3	3.9537	0.0061	0.0024	0.4982	0.0000	60	0.000	25.327812	34.625248	149.40	24.810013	34.973110	35.1	11011
14	2026-01-16	08:56:25	3421.0156	1	0.0166	0.0021	3420.5060	20.9	-4.4	3.9550	0.0061	0.0052	0.4984	0.0000	60	0.000	25.327812	34.625248	149.40	24.810013	34.973110	35.1	11011
15	2026-01-16	08:59:53	3420.3841	1	0.0166	0.0021	3419.8753	3.3	17.8	3.9609	0.0058	0.0039	0.4991	0.0000	60	0.000	25.327812	34.625248	149.40	24.808472	34.971958	38.1	11011
15	2026-01-16	09:00:53	3420.3899	1	0.0178	0.0023	3419.8786	4.4	22.1	3.9636	0.0057	0.0060	0.4995	0.0000	60	0.000	25.327812	34.625248	149.40	24.808472	34.971958	38.0	11011
16	2026-01-16	09:04:32	3419.6148	1	0.0158	0.0020	3419.1110	-0.4	-8.8	3.9478	0.0054	0.0009	0.4974	0.0000	60	0.000	25.327812	34.625248	149.40	24.807419	34.970142	37.1	11011
16	2026-01-16	09:05:32	3419.6170	1	0.0198	0.0026	3419.1127	-0.9	-12.3	3.9458	0.0053	0.0019	0.4971	0.0000	60	0.000	25.327812	34.625248	149.40	24.807419	34.970142	37.1	11011
17	2026-01-16	09:08:41	3419.4526	1	0.0154	0.0020	3418.9478	-6.8	-18.0	3.9323	0.0049	0.0044	0.4955	0.0000	60	0.000	25.327812	34.625248	149.40	24.806030	34.968887	48.7	11011
17	2026-01-16	09:09:41	3419.4548	1	0.0176	0.0023	3418.9475	-4.4	-24.2	3.9325	0.0048	0.0070	0.4955	0.0000	60	0.000	25.327812	34.625248	149.40	24.806030	34.968887	48.7	11011
18	2026-01-16	09:13:16	3418.7503	1	0.0243	0.0031	3418.2498	6.6	-8.2	3.9264	0.0043	0.0013	0.4948	0.0000	60	0.000	25.327812	34.625248	149.40	24.804129	34.968716	30.9	11011
18	2026-01-16	09:14:16	3418.7527	1	0.0196	0.0025	3418.2510	7.0	-13.0	3.9283	0.0042	0.0025	0.4950	0.0000	60	0.000	25.327812	34.625248	149.40	24.804129	34.968716	30.9	11011
100	2026-01-16	09:35:14	3407.0245	0	0.0122	0.0016	3406.5330	2.3	0.4	3.8968	0.0005	0.0001	0.4910	0.0000	60	0.000	25.327812	34.625248	149.40	24.786776	34.933773	113.3	11011
100	2026-01-16	09:36:14	3407.0242	0	0.0127	0.0016	3406.5321	4.1	-1.3	3.9011	0.0003	0.0002	0.4916	0.0000	60	0.000	25.327812	34.625248	149.40	24.786776	34.933773	113.3	11011
100	2026-01-16	09:37:14	3407.0254	0	0.0183	0.0024	3406.5328	5.7	-3.5	3.9050	0.0000	0.0006	0.4920	0.0000	60	0.000	25.327812	34.625248	149.40	24.786776	34.933773	113.3	11011
100	2026-01-16	09:38:14	3407.0248	0	0.0144	0.0019	3406.5318	6.5	-4.5	3.9077	-0.0002	0.0009	0.4923	0.0000	60	0.000	25.327812	34.625248	149.40	24.786776	34.933773	113.3	11011
19	2026-01-16	09:54:34	3418.2460	1	0.0176	0.0023	3417.7595	-1.2	-7.3	3.8887	-0.0043	0.0008	0.4900	0.0000	60	0.000	25.327812	34.625248	149.40	24.802427	34.967827	33.0	11011
19	2026-01-16	09:55:34	3418.2488	1	0.0147	0.0019	3417.7598	-0.1	-16.6	3.8932	-0.0046	0.0032	0.4904	0.0000	60	0.000	25.327812	34.625248	149.40	24.802427	34.967827	33.1	11011
20	2026-01-16	09:59:12	3417.9386	1	0.0160	0.0021	3417.4505	-2.3	-14.2	3.8988	-0.0057	0.0025	0.4912	0.0000	60	0.000	25.327812	34.625248	149.40	24.801636	34.966244	25.0	11011
20	2026-01-16	10:00:12	3417.9421	1	0.0253	0.0033	3417.4509	-0.4	-21.0	3.9050	-0.0059	0.0052	0.4920	0.0000	60	0.000	25.327812	34.625248	149.40	24.801636	34.966244	25.0	11011
21	2026-01-16	10:03:52	3417.5126	1	0.0183	0.0024	3417.0250	-5.2	-10.0	3.9142	-0.0071	0.0015	0.4932	0.0000	60	0.000	25.327812	34.625248	149.40	24.802332	34.964367	21.3	11011
21	2026-01-16	10:04:52	3417.5133	1	0.0133	0.0017	3417.0247	-5.4	-12.7	3.9190	-0.0074	0.0022	0.4939	0.0000	60	0.000	25.327812	34.625248	149.40	24.802332	34.964367	21.3	11011
22	2026-01-16	10:08:05	3416.9559	1	0.0251	0.0032	3416.4685	2.5	-12.2	3.9193	-0.0084	0.0019	0.4939	0.0000	60	0.000	25.327812	34.625248	149.40	24.803047	34.962532	7.7	11011
22	2026-01-16	10:09:05	3416.9572	1	0.0232	0.0030	3416.4669	4.4	-19.1	3.9231	-0.0087	0.0046	0.4944	0.0000	60	0.000	25.327812	34.625248	149.40	24.803047	34.962532	7.7	11011
23	2026-01-16	10:12:47	3417.0592	1	0.0142	0.0018	3416.5723	9.8	3.5	3.9315	-0.0099	0.0013	0.4954	0.0000	60	0.000	25.327812	34.625248	149.40	24.802208	34.960789	37.1	11011
23	2026-01-16	10:13:47	3417.0629	1	0.0178	0.0023	3416.5746	14.8	3.5	3.9350	-0.0102	0.0026	0.4959	0.0000	60	0.000	25.327812	34.625248	149.40	24.802208	34.960789	37.2	11011
24	2026-01-16	10:17:21	3416.3794	1	0.0176	0.0023	3415.8925	12.1	2.7	3.9407	-0.0114	0.0018	0.4964	0.0000	60	0.000	25.327812	34.625248	149.40	24.801903	34.958912	48.2	11011
24	2026-01-16	10:18:21	3416.3826	1	0.0139	0.0018	3415.8939	16.7	5.1	3.9449	-0.0118	0.0034	0.4970	0.0000	60	0.000	25.327812	34.625248	149.40	24.801903	34.958912	48.2	11011
25	2026-01-16	10:21:29	3415.5938	1	0.0143	0.0018	3415.1093	-3.7	-7.3	3.9401	-0.0129	0.0008	0.4966	0.0000	60	0.000	25.327812	34.625248	149.40	24.801897	34.956848	55.6	11011
25	2026-01-16	10:22:29	3415.5935	1	0.0153	0.0020	3415.1092	-0.4	-9.7	3.9393	-0.0132	0.0012	0.4964	0.0000	60	0.000	25.327812	34.625248	149.40	24.801891	34.956848	55.7	11011
26	2026-01-16	10:26:05	3415.3857	1	0.0162	0.0021	3414.9046	7.5	1.7	3.9288	-0.0145	0.0007	0.4949	0.0000	60	0.000	25.327812	34.625248	149.40	24.801868	34.954830	64.4	11011
26	2026-01-16	10:27:05	3415.3869	1	0.0144	0.0019	3414.9052	10.5	-0.2	3.9305	-0.0148	0.0013	0.4952	0.0000	60	0.000	25.327812	34.625248	149.40	24.801868	34.954830	64.4	11011
27	2026-01-16	10:30:28	3414.6026	1	0.0291	0.0038	3414.1240	-1.0	-3.9	3.9248	-0.0161	0.0002	0.4945	0.0000	60	0.000	25.327812	34.625248	149.40	24.801548	34.953045	61.1	11011
27	2026-01-16	10:31:28	3414.6033	1	0.0221	0.0029	3414.1246	-1.5	-6.3	3.9271	-0.0165	0.0004	0.4948	0.0000	60	0.000	25.327812	34.625248	149.40	24.801548	34.953045	61.1	11011
28	2026-01-16	10:42:02	3414.1555	1	0.0118	0.0015	3413.6835	-3.4	-1.8	3.9072	-0.0205	0.0002	0.4923	0.0000	60	0.000	25.327812	34.625248	149.40	24.800272	34.951645	69.3	11011
28	2026-01-16	10:43:02	3414.1561	1	0.0162	0.0021	3413.6834	-1.5	-4.1	3.9139	-0.0209	0.0002	0.4933	0.0000	60	0.000	25.327812	34.625248	149.40	24.800270	34.951645	69.3	11011
29	2026-01-16	10:46:47	3413.4338	1	0.0147	0.0019	3412.9604	-8.3	-10.3	3.9174	-0.0223	0.0021	0.4936	0.0000	60	0.000	25.327812	34.625248	149.40	24.798450	34.951168	66.3	11011
29	2026-01-16	10:47:47	3413.4367	1	0.0159	0.0021	3412.9610	-9.4	-17.6	3.9194	-0.0227	0.0047	0.4938	0.0000	60	0.000	25.327812	34.625248	149.40	24.798450	34.951168	66.3	11011
30	2026-01-16	10:51:07	3413.1381	1	0.0170	0.0022	3412.6670	7.0	-9.9	3.9154	-0.0240	0.0018	0.4934	0.0000	60	0.000	25.327812	34.625248	149.40	24.796675	34.951538	67.5	11011
30	2026-01-16	10:52:07	3413.1415	1	0.0164	0.0021	3412.6682	11.0	-15.3	3.9184	-0.0244	0.0041	0.4937	0.0000	60	0.000	25.327812	34.625248	149.40	24.796675	34.951538	67.5	11011
31	2026-01-16	10:55:43	3412.7331	1	0.0172	0.0022	3412.2631	7.8	-11.5	3.9183	-0.0259	0.0023	0.4936	0.0000	60	0.000	25.327812	34.625248	149.40	24.794836	34.951279	73.5	11011
31	2026-01-16	10:56:43	3412.7286	1	0.0159	0.0021	3412.2566	10.6	-15.1	3.9214	-0.0263	0.0041	0.4942	0.0000	60	0.000	25.327812	34.625248	149.40	24.794836	34.951279	73.5	11011
32	2026-01-16	11:00:13	3412.1887	1	0.0136	0.0018	3411.7221	6.0	-2.6	3.9180	-0.0277	0.0006	0.4938	0.0000	60	0.000	25.327812	34.625248	149.40	24.793104	34.950928	76.9	11011
32	2026-01-16	11:01:13	3412.1904	1	0.0165	0.0021	3411.7232	9.6	-6.0	3.9200	-0.0281	0.0015	0.4938	0.0000	60	0.000	25.327812	34.625248	149.40	24.793104	34.950928	76.9	11011
33	2026-01-16	11:04:56	3411.4417	1	0.0176	0.0023	3410.9774	2.4	-9.0	3.9107	-0.0297	0.0011	0.4929	0.0000	60	0.000	25.327812	34.625248	149.40	24.792685	34.949078	95.1	11011
33	2026-01-16	11:05:56	3411.4457	1	0.0242	0.0031	3410.9796	5.2	-15.9	3.9124	-0.0301	0.0032	0.4929	0.0000	60	0.000	25.327812	34.625248	149.40	24.792685	34.949078	95.1	11011
34	2026-01-16	11:09:46	3411.1575	1	0.0309	0.0040	3410.6968	-0.2	3.3	3.9073	-0.0317	0.0001	0.4923	0.0000	60	0.000	25.327812	34.625248	149.40	24.792818	34.947170	91.3	11011
34	2026-01-16	11:10:46	3411.1571	1	0.0168	0.0022	3410.6965	0.4	0.7	3.9103	-0.0321	0.0000	0.4926	0.0000	60	0.000	25.327812	34.625248	149.40	24.792818	34.947170	91.3	11011
35	2026-01-16	11:14:07	3410.4176	1	0.0143	0.0018	3409.9572	0.1	-11.2	3.9078	-0.0335	0.0015	0.4923	0.0000	60	0.000	25.327812	34.625248	149.40	24.791670	34.945759	79.2	11011
35	2026-01-16	11:15:07	3410.4203	1	0.0121	0.0016	3409.9581	0.3	-16.6	3.9108	-0.0339	0.0033	0.4927	0.0000	60	0.000	25.327812	34.625248	149.40	24.791670	34.945759	79.2	11011
36	2026-01-16	11:19:24	3409.5704	1	0.0160	0.0021	3409.1136	3.0	0.6	3.9076	-0.0357	0.0001	0.4923	0.0000	60	0.000	25.327812	34.625248	149.40	24.790110	34.944588	80.0	11011
36	2026-01-16	11:20:24	3409.5707	1	0.0172	0.0022	3409.1139	3.8	-1.9	3.9095	-0.0361	0.0002	0.4926	0.0000	60	0.000	25.327812	34.625248	149.40	24.790110	34.944588	80.0	11011
37	2026-01-16	11:24:45	3408.8309	1	0.0161	0.0021	3408.3759	-1.5	-7.1	3.9063	-0.0379	0.0006	0.4922	0.0000	60	0.000	25.327812	34.625248	149.40	24.788685	34.943565	89.7	11011
37	2026-01-16	11:25:45	3408.8301	1	0.0160	0.0021	3408.3752	-0.3	-8.7	3.9077	-0.0383	0.0009	0.4923	0.0000	60	0.000	25.327812	34.625248	149.40	24.788685	34.943565	89.7	11011
38	2026-01-16	11:30:28	3408.6691	1	0.0149	0.0019	3408.2176	4.6	-1.8	3.9003	-0.0402	0.0003	0.4915	0.0000	60	0.000	25.327812	34.625248	149.40	24.788330	34.941551	82.6	11011
38	2026-01-16	11:31:28	3408.6689	1	0.0146	0.0019	3408.2170	5.7	-5.8	3.9027	-0.0407	0.0008	0.4918	0.0000	60	0.000	25.327812	34.625248	149.40	24.788330	34.941551	82.6	11011
39	2026-01-16	11:37:39	3407.9823	1	0.0182	0.0024	3407.5326	-7.7	-12.8	3.8905	-0.0432	0.0026	0.4903	0.0000	60	0.000	25.327812	34.625248	149.40	24.789286	34.939426	92.9	11011
39	2026-01-16	11:38:39	3407.9867	1	0.0207	0.0027	3407.5350	-9.3	-17.1	3.8956	-0.0436	0.0043	0.4909	0.0000	60	0.000	25.327812	34.625248	149.40	24.789286	34.939426	92.9	11011
40	2026-01-16	11:42:39	3408.0462	1	0.0113	0.0015	3407.5979	-3.9	-11.2	3.9035	-0.0452	0.0017	0.4919	0.0000	60	0.000	25.327812	34.625248	149.40	24.789417	34.937805	94.5	11011
40	2026-01-16	11:43:39	3408.0478	1	0.0178	0.0023	3407.5985	-2.6	-14.3	3.9068	-0.0456	0.0025	0.4924	0.0000	60	0.000	25.327812	34.625248	149.40	24.789417	34.937805	94.6	11011
41	2026-01-16	11:47:07	3407.5727	1	0.0161	0.0021	3407.1264	0.0	-9.1	3.9063	-0.0470	0.0010	0.4922	0.0000	60	0.000	25.327812	34.625248	149.40	24.789181	34.935982	99.3	11011
41	2026-01-16	11:48:07	3407.5742	1	0.0238	0.0031	3407.1270	1.8	-13.7	3.9083	-0.0474	0.0022	0.4924	0.0000	60	0.000	25.327812	34.625248	149.40	24.789181	34.935982	99.3	11011
42	2026-01-16	11:52:25	3406.9475	1	0.0180	0.0023	3406.5048	1.4	-1.4	3.9023	-0.0491	0.0001	0.4917	0.0000	60	0.000	25.327812	34.625248	149.40	24.787907	34.934696	93.2	11011
42	2026-01-16	11:53:25	3406.9477	1	0.0697	0.0090	3406.5040	8.3	-5.1	3.9038	-0.0495	0.0013	0.4919	0.0000	60	0.000	25.327812	34.625248	149.40	24.787907	34.934696	93.3	11011
43	2026-01-16	11:58:58	3407.0392	1	0.0203	0.0026	3406.5989	4.4	-9.8	3.8929	-0.0516	0.0014	0.4904	0.0000	60	0.000	25.327812	34.625248	149.40	24.787045	34.933239	100.5	11011
43	2026-01-16	11:59:58	3407.0416	1	0.0192	0.0025	3406.6002	6.7	-13.2	3.8929	-0.0520	0.0028	0.4906	0.0000	60	0.000	25.327812	34.625248	149.40	24.787052	34.933239	100.8	11011
100	2026-01-16	12:04:37	3407.0268	0	0.0166	0.0021	3406.5888	-2.3	-3.6	3.9004	-0.0537	0.0002	0.4915	0.0000	60	0.000	25.327812	34.625248	149.40	24.786772	34.933769	101.5	11011
100	2026-01-16	12:05:37	3407.0265	0	0.0185	0.0024	3406.5890	-0.7	-3.3	3.9007	-0.0541	0.0001	0.4915	0.0000	60	0.000	25.327812	34.625248	149.40	24.786772	34.933769	101.5	11011
100	2026-01-16	12:06:37	3407.0269	0	0.0150	0.0019	3406.5897	0.1	-2.2	3.9015	-0.0545	0.0001	0.4916	0.0000	60	0.000	25.327812	34.625248	149.40	24.786772	34.933769	101.5	11011
100	2026-01-16	12:07:37	3407.0278	0	0.0188	0.0024	3406.5910	0.7	-2.5	3.9010	-0.0548	0.0001	0.4916	0.0000	60	0.000	25.327812	34.625248	149.40	24.786772	34.933769	101.5	11011
44	2026-01-16	12:21:30	3406.3536	1	0.0134	0.0017	3405.9228	6.8	-11.5	3.8751	-0.0597	0.0021	0.4883	0.0000	60	0.000	25.327812	34.625248	149.40	24.787086	34.931175	100.5	11011
44	2026-01-16	12:22:30	3406.3567	1	0.0110	0.0014	3405.9242	8.1	-15.9	3.8813	-0.0600	0.0037	0.4889	0.0000	60	0.000	25.327812	34.625248	149.40	24.787086	34.931175	100.5	11011
45	2026-01-16	12:27:47	3406.3670	1	0.0133	0.0017	3405.9355	0.7	2.6	3.9123	-0.0617	0.0001	0.4930	0.0000	60	0.000	25.327812	34.625248	149.40	24.787960	34.929344	107.8	11011
45	2026-01-16	12:28:47	3406.3667	1	0.0163	0.0021	3405.9352	-1.2	6.4	3.9126	-0.0620	0.0005	0.4930	0.0000	60	0.000	25.327812	34.625248	149.40	24.787960	34.929337	107.8	11011
46	2026-01-16	12:31:59	3405.5469	1	0.0150	0.0019	3405.1162	-1.1	-14.6	3.8993	-0.0630	0.0025	0.4912	0.0000	60	0.000	25.327812	34.625248	149.40	24.788998	34.927914	110.4	11011
46	2026-01-16	12:32:59	3405.5517	1	0.0143	0.0019	3405.1189	0.1	-19.9	3.8997	-0.0633	0.0047	0.4913	0.0000	60	0.000	25.327812	34.625248	149.40	24.788998	34.927914	110.4	11011
47	2026-01-16	12:36:40	3405.7426	1	0.0212	0.0027	3405.3154	-5.6	-8.2	3.8917	-0.0644	0.0012	0.4903	0.0000	60	0.000	25.327812	34.625248	149.40	24.789537	34.925838	109.8	11011
47	2026-01-16	12:37:40	3405.7450	1	0.0128	0.0016	3405.3166	-5.0	-13.8	3.8930	-0.0646	0.0024	0.4906	0.0000	60	0.000	25.327812	34.625248	149.40	24.789534	34.925838	109.8	11011
48	2026-01-16	12:41:00	3405.5544	1	0.0138	0.0018	3405.1299	-1.5	-4.9	3.8866	-0.0656	0.0004	0.4896	0.0000	60	0.000	25.327812	34.625248	149.40	24.789379	34.924004	112.7	11011
48	2026-01-16	12:42:00	3405.5548	1	0.0165	0.0021	3405.1298	1.0	-8.3	3.8891	-0.0658	0.0008	0.4901	0.0000	60	0.000	25.327812	34.625248	149.40	24.789379	34.924004	112.7	11011
49	2026-01-16	12:45:18	3405.3389	1	0.0127	0.0016	3404.9143	1.9	-12.1	3.8849	-0.0667	0.0018	0.4895	0.0000	60	0.000	25.327812	34.625248	149.40	24.789572	34.921944	109.4	11011
49	2026-01-16	12:46:18	3405.3418	1	0.0156	0.0020	3404.9154	3.2	-17.7	3.8863	-0.0670	0.0038	0.4896	0.0000	60	0.000	25.327812	34.625248	149.40	24.789572	34.921944	109.4	11011
50	2026-01-16	12:50:04	3405.0947	1	0.0171	0.0022	3404.6721	3.4	-11.6	3.8792	-0.0679	0.0018	0.4887	0.0000	60	0.000	25.327812	34.625248	149.40	24.790754	34.920170	107.0	11011
50	2026-01-16	12:51:04	3405.0965	1	0.0168	0.0022	3404.6724	5.3	-15.8	3.8812	-0.0681	0.0032	0.4889	0.0000	60	0.000	25.327812	34.625248	149.40	24.790754	34.920170	107.0	11011
51	2026-01-16	12:54:24	3404.6002	1	0.0147	0.0019	3404.1799	1.6	-6.1	3.8784	-0.0689	0.0005	0.4887	0.0000	60	0.000	25.327812	34.625248	149.40	24.791769	34.918705	112.2	11011
51	2026-01-16	12:55:24	3404.6012	1	0.0195	0.0025	3404.1800	2.6	-9.9	3.8812	-0.0691	0.0013	0.4890	0.0000	60	0.000	25.327812	34.625248	149.40	24.791769	34.918705	112.1	11011
52	2026-01-16	12:59:05	3404.0732	1	0.0158	0.0020	3403.6540	-3.2	-2.1	3.8801	-0.0699	0.0002	0.4888	0.0000	60	0.000	25.327812	34.625248	149.40	24.792850	34.917015	106.6	11011
52	2026-01-16	13:00:05	3404.0767	1	0.0172	0.0022	3403.6572	-3.2	-6.9	3.8810	-0.0701	0.0007	0.4890	0.0000	60	0.000	25.327812	34.625248	149.40	24.792850	34.917015	106.6	11011
53	2026-01-16	13:04:05	3403.8203	1	0.0203	0.0026	3403.4027	0.4	-3.6	3.8759	-0.0709	0.0002	0.4883	0.0000	60	0.000	25.327812	34.625248	149.40	24.793194	34.915001	119.5	11011
53	2026-01-16	13:05:05	3403.8238	1	0.0222	0.0029	3403.4056	1.1	-6.0	3.8788	-0.0711	0.0005	0.4888	0.0000	60	0.000	25.327812	34.625248	149.40	24.793194	34.915001	119.5	11011
54	2026-01-16	13:08:26	3403.4619	1	0.0161	0.0021	3403.0431	1.1	-13.9	3.8735	-0.0716	0.0023	0.4881	0.0000	60	0.000	25.327812	34.625248	149.40	24.793047	34.913174	113.0	11011
54	2026-01-16	13:09:26	3403.4652	1	0.0129	0.0017	3403.0445	3.0	-19.1	3.8743	-0.0718	0.0044	0.4881	0.0000	60	0.000	25.327812	34.625248	149.40	24.793047	34.913174	113.0	11011
55	2026-01-16	13:13:06	3403.2066	1	0.0179	0.0023	3402.7900	1.8	-10.0	3.8711	-0.0724	0.0013	0.4877	0.0000	60	0.000	25.327812	34.625248	149.40	24.793114	34.911205	124.1	11011
55	2026-01-16	13:14:06	3403.2108	1	0.0132	0.0017	3402.7921	1.4	-16.5	3.8731	-0.0725	0.0031	0.4880	0.0000	60	0.000	25.327812	34.625248	149.40	24.793114	34.911205	124.1	11011
56	2026-01-16	13:18:15	3402.7114	1	0.0127	0.0016	3402.2970	-2.1	-1.3	3.8687	-0.0731	0.0001	0.4874	0.0000	60	0.000	25.327812	34.625248	149.40	24.793892	34.909531	120.0	11011
56	2026-01-16	13:19:15	3402.7113	1	0.0145	0.0019	3402.2967	-0.7	-4.2	3.8710	-0.0732	0.0002	0.4876	0.0000	60	0.000	25.327812	34.625248	149.40	24.793892	34.909531	120.0	11011
57	2026-01-16	13:23:10	3402.5347	1	0.0215	0.0028	3402.1201	-2.9	-7.0	3.8699	-0.0736	0.0007	0.4876	0.0000	60	0.000	25.327812	34.625248	149.40	24.795712	34.909081	122.5	11011
57	2026-01-16	13:24:10	3402.5390	1	0.0212	0.0027	3402.1236	-2.4	-9.6	3.8720	-0.0737	0.0012	0.4880	0.0000	60	0.000	25.327812	34.625248	149.40	24.795712	34.909081	122.5	11011
58	2026-01-16	13:27:38	3402.3325	1	0.0207	0.0027	3401.9182	0.4	-8.6	3.8685	-0.0740	0.0009	0.4875	0.0000	60	0.000	25.327812	34.625248	149.40	24.797602	34.909184	120.2	11011
58	2026-01-16	13:28:38	3402.3341	1	0.0156	0.0020	3401.9188	0.9	-11.7	3.8707	-0.0741	0.0016	0.4877	0.0000	60	0.000	25.327812	34.625248	149.40	24.797602	34.909184	120.2	11011
59	2026-01-16	13:34:56	3402.0106	1	0.0109	0.0014	3401.5981	-1.0	-7.3	3.8600	-0.0745	0.0007	0.4863	0.0000	60	0.000	25.327812	34.625248	149.40	24.799164	34.908382	126.8	11011
59	2026-01-16	13:35:56	3402.0136	1	0.0160	0.0021	3401.5994	0.5	-12.9	3.8634	-0.0745	0.0019	0.4868	0.0000	60	0.000	25.327812	34.625248	149.40	24.799164	34.908382	126.7	11011
60	2026-01-16	13:42:03	3401.7629	1	0.0170	0.0022	3401.3511	5.7	-8.3	3.8508	-0.0747	0.0012	0.4853	0.0000	60	0.000	25.327812	34.625248	149.40	24.800901	34.907524	130.9	11011
60	2026-01-16	13:43:03	3401.7650	1	0.0426	0.0055	3401.3515	4.9	-14.1	3.8556	-0.0747	0.0023	0.4859	0.0000	60	0.000	25.327812	34.625248	149.40	24.800901	34.907524	130.9	11011
100	2026-01-16	13:57:51	3407.0240	0	0.0129	0.0017	3406.6129	1.3	-3.8	3.8504	-0.0742	0.0002	0.4852	0.0000	60	0.000	25.327812	34.625248	149.40	24.786814	34.933750	101.9	11011
100	2026-01-16	13:58:51	3407.0243	0	0.0152	0.0020	3406.6119	2.6	-6.1	3.8560	-0.0741	0.0006	0.4859	0.0000	60	0.000	25.327812	34.625248	149.40	24.786806	34.933743	102.7	11011
100	2026-01-16	13:59:51	3407.0252	0	0.0147	0.0019	3406.6119	3.4	-7.8	3.8606	-0.0741	0.0009	0.4864	0.0000	60	0.000	25.327812	34.625248	149.40	24.786806	34.933743	102.7	11011
100	2026-01-16	14:00:51	3407.0254	0	0.0126	0.0016	3406.6115	4.2	-8.8	3.8628	-0.0740	0.0010	0.4868	0.0000	60	0.000	25.327812	34.625248	149.40	24.786806	34.933743	102.7	11011
0	2026-01-16	17:55:11	3473.1077	0	0.0102	0.0013	3472.5466	4.2	-0.2	3.9009	0.0694	0.0002	0.4915	0.0000	60	0.000	25.327812	34.625248	149.40	25.066877	34.877617	28.1	11011
0	2026-01-16	17:56:11	3473.1096	0	0.0096	0.0012	3472.5482	4.7	0.0	3.8970	0.0702	0.0003	0.4909	0.0000	60	0.000	25.327812	34.625248	149.40	25.066877	34.877617	28.1	11011
0	2026-01-16	17:57:11	3473.1110	0	0.0119	0.0015	3472.5489	4.7	0.5	3.8944	0.0711	0.0002	0.4908	0.0000	60	0.000	25.327812	34.625248	149.40	25.066877	34.877617	28.1	11011
0	2026-01-16	17:58:11	3473.1110	0	0.0113	0.0015	3472.5485	5.4	1.1	3.8903	0.0720	0.0004	0.4902	0.0000	60	0.000	25.327812	34.625248	149.40	25.066877	34.877617	28.1	11011
0	2026-01-17	06:39:22	3473.0939	0	0.0211	0.0027	3472.6337	0.7	-0.8	3.8962	-0.0307	0.0000	0.4909	0.0000	60	0.000	25.327812	34.625248	149.40	25.066772	34.877621	9.4	11011
0	2026-01-17	06:40:22	3473.0945	0	0.0065	0.0008	3472.6339	1.3	-0.8	3.8949	-0.0302	0.0000	0.4907	0.0000	60	0.000	25.327812	34.625248	149.40	25.066776	34.877621	9.7	11011
0	2026-01-17	06:41:22	3473.0947	0	0.0084	0.0011	3472.6339	1.4	-0.6	3.8934	-0.0297	0.0000	0.4906	0.0000	60	0.000	25.327812	34.625248	149.40	25.066776	34.877621	9.7	11011
0	2026-01-17	06:42:22	3473.0952	0	0.0063	0.0008	3472.6339	1.5	-0.5	3.8922	-0.0293	0.0000	0.4904	0.0000	60	0.000	25.327812	34.625248	149.40	25.066776	34.877621	9.7	11011
100	2026-01-17	09:04:49	3407.0090	0	0.0152	0.0020	3406.4997	12.3	2.1	3.9078	0.0151	0.0018	0.4924	0.0000	60	0.000	25.327812	34.625248	149.40	24.786785	34.933735	105.6	11011
100	2026-01-17	09:05:49	3407.0088	0	0.0078	0.0010	3406.4970	17.1	0.6	3.9145	0.0151	0.0034	0.4932	0.0000	60	0.000	25.327812	34.625248	149.40	24.786785	34.933735	105.6	11011
100	2026-01-17	09:06:49	3407.0100	0	0.0091	0.0012	3406.4961	21.0	0.1	3.9180	0.0152	0.0050	0.4937	0.0000	60	0.000	25.327812	34.625248	149.40	24.786785	34.933735	105.6	11011
100	2026-01-17	09:07:49	3407.0096	0	0.0106	0.0014	3406.4935	24.1	-0.7	3.9208	0.0152	0.0069	0.4940	0.0000	60	0.000	25.327812	34.625248	149.40	24.786785	34.933735	105.6	11011
61	2026-01-17	09:29:50	3401.1507	1	0.0120	0.0016	3400.6428	1.2	-9.7	3.9077	0.0144	0.0012	0.4924	0.0000	60	0.000	25.327812	34.625248	149.40	24.802254	34.906029	137.8	11011
62	2026-01-17	09:33:01	3400.6218	1	0.0237	0.0031	3400.1145	5.1	0.2	3.9112	0.0141	0.0004	0.4929	0.0000	60	0.000	25.327812	34.625248	149.40	24.803690	34.904465	134.3	11011
63	2026-01-17	09:36:03	3400.7854	1	0.0124	0.0016	3400.2774	4.7	-8.8	3.9132	0.0137	0.0012	0.4931	0.0000	60	0.000	25.327812	34.625248	149.40	24.804344	34.902748	129.7	11011
64	2026-01-17	09:39:18	3400.3849	1	0.0121	0.0016	3399.8752	-0.8	-15.4	3.9170	0.0133	0.0029	0.4935	0.0000	60	0.000	25.327812	34.625248	149.40	24.804762	34.900967	128.1	11011
65	2026-01-17	09:42:46	3399.6540	1	0.0142	0.0018	3399.1459	-3.5	-9.7	3.9192	0.0128	0.0013	0.4939	0.0000	60	0.000	25.327812	34.625248	149.40	24.805067	34.898617	132.1	11011
66	2026-01-17	09:45:40	3399.5285	1	0.0122	0.0016	3399.0215	3.5	-6.2	3.9203	0.0124	0.0006	0.4940	0.0000	60	0.000	25.327812	34.625248	149.40	24.805588	34.897091	131.1	11011
67	2026-01-17	09:48:50	3399.1719	1	0.0227	0.0029	3398.6594	3.8	-23.0	3.9225	0.0118	0.0064	0.4942	0.0000	60	0.000	25.327812	34.625248	149.40	24.806774	34.894699	110.8	11011
68	2026-01-17	09:52:57	3399.1018	1	0.0245	0.0032	3398.5959	2.7	2.7	3.9261	0.0111	0.0002	0.4946	0.0000	60	0.000	25.327812	34.625248	149.40	24.807505	34.893478	111.6	11011
69	2026-01-17	09:56:00	3398.9814	1	0.0489	0.0063	3398.4745	2.1	-12.2	3.9252	0.0105	0.0019	0.4946	0.0000	60	0.000	25.327812	34.625248	149.40	24.808672	34.892029	143.4	11011
70	2026-01-17	09:59:55	3398.3391	1	0.0275	0.0036	3397.8348	-3.6	-4.5	3.9217	0.0096	0.0004	0.4942	0.0000	60	0.000	25.327812	34.625248	149.40	24.809689	34.890598	161.9	11011
71	2026-01-17	10:04:18	3397.6465	1	0.0268	0.0035	3397.1440	-1.5	-1.8	3.9193	0.0086	0.0001	0.4939	0.0000	60	0.000	25.327812	34.625248	149.40	24.810696	34.888996	161.3	11011
72	2026-01-17	10:08:07	3397.1646	1	0.0078	0.0010	3396.6606	-2.9	7.6	3.9324	0.0076	0.0008	0.4955	0.0000	60	0.000	25.327812	34.625248	149.40	24.810865	34.887138	155.0	11011
73	2026-01-17	10:12:06	3396.4423	1	0.0383	0.0049	3395.9406	-2.0	-6.9	3.9237	0.0066	0.0008	0.4944	0.0000	60	0.000	25.327812	34.625248	149.40	24.810934	34.885086	158.8	11011
74	2026-01-17	10:16:00	3396.0151	1	0.0245	0.0032	3395.5151	1.3	-7.0	3.9198	0.0055	0.0006	0.4939	0.0000	60	0.000	25.327812	34.625248	149.40	24.810518	34.882874	161.9	11011
75	2026-01-17	10:19:05	3396.0063	1	0.0126	0.0016	3395.5074	-6.2	-3.2	3.9204	0.0046	0.0006	0.4938	0.0000	60	0.000	25.327812	34.625248	149.40	24.809473	34.881386	166.6	11011
76	2026-01-17	10:23:19	3395.5818	1	0.0202	0.0026	3395.0844	-5.0	-6.8	3.9153	0.0032	0.0008	0.4934	0.0000	60	0.000	25.327812	34.625248	149.40	24.808296	34.880032	169.9	11011
77	2026-01-17	10:26:47	3395.5134	1	0.0140	0.0018	3395.0178	-2.7	-4.2	3.9129	0.0021	0.0004	0.4930	0.0000	60	0.000	25.327812	34.625248	149.40	24.807262	34.878574	171.4	11011
78	2026-01-17	10:30:17	3395.8447	1	0.0183	0.0024	3395.3505	-0.5	-3.3	3.9127	0.0009	0.0002	0.4932	0.0000	60	0.000	25.327812	34.625248	149.40	24.806841	34.876865	172.8	11011
79	2026-01-17	10:34:10	3395.7579	1	0.0151	0.0019	3395.2644	3.6	-5.4	3.9139	-0.0004	0.0006	0.4932	0.0000	60	0.000	25.327812	34.625248	149.40	24.808052	34.875275	180.6	11011
80	2026-01-17	10:38:13	3395.4349	1	0.0131	0.0017	3394.9439	5.2	0.8	3.9102	-0.0019	0.0004	0.4926	0.0000	60	0.000	25.327812	34.625248	149.40	24.809265	34.873592	181.5	11011
81	2026-01-17	10:41:43	3395.4117	1	0.0418	0.0054	3394.9187	-1.4	-16.1	3.9122	-0.0032	0.0031	0.4930	0.0000	60	0.000	25.327812	34.625248	149.40	24.809927	34.871925	181.7	11011
82	2026-01-17	10:45:52	3395.2624	1	0.0161	0.0021	3394.7736	5.5	0.4	3.9138	-0.0048	0.0004	0.4932	0.0000	60	0.000	25.327812	34.625248	149.40	24.810270	34.869904	176.1	11011
83	2026-01-17	10:49:39	3395.1379	1	0.0251	0.0032	3394.6496	1.2	-8.9	3.9159	-0.0063	0.0011	0.4935	0.0000	60	0.000	25.327812	34.625248	149.40	24.811657	34.868847	187.0	11011
84	2026-01-17	10:54:23	3394.8463	1	0.0138	0.0018	3394.3594	-2.6	-9.5	3.9201	-0.0082	0.0012	0.4940	0.0000	60	0.000	25.327812	34.625248	149.40	24.812120	34.867130	189.7	11011
85	2026-01-17	10:57:50	3394.5683	1	0.0130	0.0017	3394.0838	-4.2	-0.5	3.9192	-0.0097	0.0002	0.4939	0.0000	60	0.000	25.327812	34.625248	149.40	24.811352	34.865238	180.9	11011
86	2026-01-17	11:01:46	3394.0225	1	0.0124	0.0016	3393.5387	-11.2	-8.0	3.9111	-0.0114	0.0023	0.4928	0.0000	60	0.000	25.327812	34.625248	149.40	24.811058	34.863010	192.1	11011
87	2026-01-17	11:05:22	3393.6818	1	0.0168	0.0022	3393.2015	-1.9	-4.8	3.9111	-0.0129	0.0003	0.4929	0.0000	60	0.000	25.327812	34.625248	149.40	24.810703	34.861404	202.4	11011
88	2026-01-17	11:08:56	3393.3922	1	0.0282	0.0036	3392.9118	-10.1	-8.9	3.9108	-0.0145	0.0021	0.4928	0.0000	60	0.000	25.327812	34.625248	149.40	24.810753	34.859310	206.8	11011
89	2026-01-17	11:12:33	3393.2869	1	0.0160	0.0021	3392.8103	1.1	-0.7	3.9097	-0.0162	0.0001	0.4927	0.0000	60	0.000	25.327812	34.625248	149.40	24.810585	34.857403	204.6	11011
90	2026-01-17	11:16:23	3393.2270	1	0.0124	0.0016	3392.7519	-1.7	-5.1	3.9102	-0.0179	0.0003	0.4926	0.0000	60	0.000	25.327812	34.625248	149.40	24.811115	34.855186	204.3	11011
100	2026-01-17	11:44:23	3407.0374	0	0.0090	0.0012	3406.5762	5.2	-2.2	3.9051	-0.0314	0.0004	0.4921	0.0000	60	0.000	25.327812	34.625248	149.40	24.786825	34.933754	108.7	11011
100	2026-01-17	11:45:23	3407.0381	0	0.0205	0.0026	3406.5761	9.3	-6.0	3.9090	-0.0319	0.0014	0.4924	0.0000	60	0.000	25.327812	34.625248	149.40	24.786819	34.933754	108.7	11011
100	2026-01-17	11:46:23	3407.0399	0	0.0101	0.0013	3406.5767	12.7	-7.9	3.9129	-0.0324	0.0026	0.4930	0.0000	60	0.000	25.327812	34.625248	149.40	24.786816	34.933754	108.4	11011
100	2026-01-17	11:47:23	3407.0398	0	0.0123	0.0016	3406.5761	14.6	-9.1	3.9151	-0.0329	0.0034	0.4931	0.0000	60	0.000	25.327812	34.625248	149.40	24.786816	34.933754	108.4	11011
91	2026-01-17	12:16:53	3392.8743	1	0.0121	0.0016	3392.4295	5.8	4.1	3.9005	-0.0473	0.0006	0.4915	0.0000	60	0.000	25.327812	34.625248	149.40	24.812143	34.852814	201.7	11011
92	2026-01-17	12:21:27	3392.6384	1	0.0088	0.0011	3392.1938	-4.9	-11.1	3.9071	-0.0495	0.0017	0.4924	0.0000	60	0.000	25.327812	34.625248	149.40	24.813089	34.852001	202.7	11011
93	2026-01-17	12:25:31	3392.9093	1	0.0248	0.0032	3392.4669	-6.0	-7.7	3.9090	-0.0514	0.0011	0.4927	0.0000	60	0.000	25.327812	34.625248	149.40	24.813805	34.850048	201.1	11011
94	2026-01-17	12:30:16	3392.5462	1	0.0173	0.0022	3392.1061	6.0	-8.1	3.9060	-0.0536	0.0014	0.4923	0.0000	60	0.000	25.327812	34.625248	149.40	24.812336	34.847691	193.9	11011
95	2026-01-17	12:34:34	3392.2286	1	0.0151	0.0020	3391.7914	-2.9	-0.2	3.9101	-0.0555	0.0001	0.4927	0.0000	60	0.000	25.327812	34.625248	149.40	24.811625	34.846584	199.2	11011
96	2026-01-17	12:38:46	3391.6210	1	0.0096	0.0012	3391.1846	1.4	-9.9	3.9105	-0.0574	0.0012	0.4927	0.0000	60	0.000	25.327812	34.625248	149.40	24.810055	34.845673	211.5	11011
97	2026-01-17	12:42:18	3391.3521	1	0.0144	0.0019	3390.9166	-5.5	-10.6	3.9094	-0.0590	0.0017	0.4927	0.0000	60	0.000	25.327812	34.625248	149.40	24.808067	34.845768	210.3	11011
98	2026-01-17	12:46:00	3390.7316	1	0.0162	0.0021	3390.2993	3.2	3.4	3.9094	-0.0605	0.0003	0.4926	0.0000	60	0.000	25.327812	34.625248	149.40	24.806414	34.845520	211.1	11011
99	2026-01-17	12:50:03	3390.4327	1	0.0163	0.0021	3389.9989	-0.7	-15.5	3.9148	-0.0622	0.0028	0.4932	0.0000	60	0.000	25.327812	34.625248	149.40	24.804831	34.844772	222.6	11011
100	2026-01-17	12:54:22	3389.9385	1	0.0199	0.0026	3389.5093	5.1	0.6	3.9106	-0.0640	0.0003	0.4928	0.0000	60	0.000	25.327812	34.625248	149.40	24.803694	34.843277	215.7	11011
101	2026-01-17	12:58:19	3389.5253	1	0.0232	0.0030	3389.0981	-0.7	-1.9	3.9095	-0.0656	0.0001	0.4927	0.0000	60	0.000	25.327812	34.625248	149.40	24.802206	34.842201	216.8	11011
102	2026-01-17	13:02:22	3389.1001	1	0.0115	0.0015	3388.6749	-3.0	-3.5	3.9048	-0.0671	0.0003	0.4920	0.0000	60	0.000	25.327812	34.625248	149.40	24.800844	34.840580	228.1	11011
103	2026-01-17	13:06:10	3388.5381	1	0.0211	0.0027	3388.1141	-2.5	-8.7	3.9007	-0.0685	0.0010	0.4915	0.0000	60	0.000	25.327812	34.625248	149.40	24.799643	34.838947	227.1	11011
104	2026-01-17	13:15:35	3387.9848	1	0.0113	0.0015	3387.5651	-3.6	-8.0	3.8926	-0.0718	0.0009	0.4905	0.0000	60	0.000	25.327812	34.625248	149.40	24.798044	34.837353	235.7	11011
105	2026-01-17	13:19:16	3387.6029	1	0.0129	0.0017	3387.1851	3.8	-1.0	3.8937	-0.0730	0.0002	0.4906	0.0000	60	0.000	25.327812	34.625248	149.40	24.796942	34.836208	228.7	11011
106	2026-01-17	13:22:56	3387.1585	1	0.0093	0.0012	3386.7410	-4.6	-0.7	3.8991	-0.0741	0.0003	0.4913	0.0000	60	0.000	25.327812	34.625248	149.40	24.796118	34.834808	233.0	11011
107	2026-01-17	13:26:50	3386.5770	1	0.0212	0.0027	3386.1607	5.6	-2.4	3.8970	-0.0752	0.0005	0.4910	0.0000	60	0.000	25.327812	34.625248	149.40	24.795103	34.832787	249.8	11011
108	2026-01-17	13:30:24	3385.8979	1	0.0145	0.0019	3385.4829	3.0	-4.1	3.8961	-0.0762	0.0004	0.4908	0.0000	60	0.000	25.327812	34.625248	149.40	24.794849	34.830868	244.0	11011
109	2026-01-17	13:34:19	3385.2937	1	0.0103	0.0013	3384.8800	3.1	-4.5	3.8917	-0.0772	0.0004	0.4905	0.0000	60	0.000	25.327812	34.625248	149.40	24.794777	34.828659	249.8	11011
110	2026-01-17	13:38:10	3384.6920	1	0.0132	0.0017	3384.2802	1.6	-5.4	3.8845	-0.0781	0.0004	0.4895	0.0000	60	0.000	25.327812	34.625248	149.40	24.794950	34.826748	242.8	11011
100	2026-01-17	14:16:31	3407.0252	0	0.0155	0.0020	3406.6164	-1.0	-5.5	3.9026	-0.0833	0.0004	0.4918	0.0000	60	0.000	25.327812	34.625248	149.40	24.786804	34.933773	86.7	11011
100	2026-01-17	14:17:31	3407.0271	0	0.0132	0.0017	3406.6171	-0.1	-8.2	3.9078	-0.0834	0.0008	0.4925	0.0000	60	0.000	25.327812	34.625248	149.40	24.786804	34.933773	86.7	11011
100	2026-01-17	14:18:31	3407.0253	0	0.0245	0.0032	3406.6151	1.2	-8.6	3.9111	-0.0834	0.0009	0.4928	0.0000	60	0.000	25.327812	34.625248	149.40	24.786804	34.933773	86.7	11011
100	2026-01-17	14:19:31	3407.0270	0	0.0282	0.0036	3406.6161	1.4	-10.3	3.9135	-0.0834	0.0012	0.4931	0.0000	60	0.000	25.327812	34.625248	149.40	24.786804	34.933773	86.7	11011
0	2026-01-17	16:02:03	3473.0942	0	0.0108	0.0014	3472.6524	-1.0	-1.1	3.9283	-0.0533	0.0000	0.4950	0.0000	60	0.000	25.327812	34.625248	149.40	25.066896	34.877712	23.0	11011
0	2026-01-17	16:03:03	3473.0967	0	0.0058	0.0007	3472.6540	-3.2	-2.0	3.9296	-0.0527	0.0002	0.4952	0.0000	60	0.000	25.327812	34.625248	149.40	25.066896	34.877712	23.0	11011
0	2026-01-17	16:04:03	3473.0961	0	0.0099	0.0013	3472.6532	-4.6	-2.8	3.9270	-0.0521	0.0004	0.4946	0.0000	60	0.000	25.327812	34.625248	149.40	25.066896	34.877712	24.4	11011
0	2026-01-17	16:05:03	3473.0970	0	0.0065	0.0008	3472.6534	-5.5	-3.0	3.9260	-0.0515	0.0004	0.4947	0.0000	60	0.000	25.327812	34.625248	149.40	25.066896	34.877712	24.4	11011
0	2026-01-18	03:48:13	3473.0890	0	0.0058	0.0007	3472.6812	3.6	6.2	3.8977	-0.0841	0.0006	0.4912	0.0000	60	0.000	25.327812	34.625248	149.40	25.066967	34.877724	19.8	11011
0	2026-01-18	03:49:13	3473.0895	0	0.0067	0.0009	3472.6817	5.0	6.9	3.8981	-0.0843	0.0008	0.4912	0.0000	60	0.000	25.327812	34.625248	149.40	25.066967	34.877724	19.7	11011
0	2026-01-18	03:50:13	3473.0898	0	0.0057	0.0007	3472.6824	5.5	6.8	3.8965	-0.0845	0.0009	0.4910	0.0000	60	0.000	25.327812	34.625248	149.40	25.066973	34.877724	19.7	11011
0	2026-01-18	03:51:13	3473.0916	0	0.0090	0.0012	3472.6849	5.6	6.8	3.8934	-0.0847	0.0009	0.4905	0.0000	60	0.000	25.327812	34.625248	149.40	25.066973	34.877724	19.7	11011
100	2026-01-18	06:04:14	3407.0259	0	0.0086	0.0011	3406.5967	-7.4	-2.7	3.8895	-0.0616	0.0007	0.4901	0.0000	60	0.000	25.327812	34.625248	149.40	24.786758	34.933750	99.4	11011
100	2026-01-18	06:05:14	3407.0269	0	0.0071	0.0009	3406.5966	-7.9	-4.5	3.8927	-0.0611	0.0010	0.4905	0.0000	60	0.000	25.327812	34.625248	149.40	24.786758	34.933750	99.4	11011
100	2026-01-18	06:06:14	3407.0266	0	0.0066	0.0009	3406.5954	-8.1	-6.0	3.8933	-0.0606	0.0012	0.4906	0.0000	60	0.000	25.327812	34.625248	149.40	24.786758	34.933750	99.4	11011
100	2026-01-18	06:07:14	3407.0276	0	0.0101	0.0013	3406.5957	-7.8	-7.9	3.8938	-0.0602	0.0014	0.4906	0.0000	60	0.000	25.327812	34.625248	149.40	24.786758	34.933750	99.4	11011
111	2026-01-18	06:49:28	3384.1070	1	0.0325	0.0042	3383.6596	6.3	-1.5	3.8463	-0.0378	0.0005	0.4847	0.0000	60	0.000	25.327812	34.625248	149.40	24.794291	34.824497	249.1	11011
112	2026-01-18	06:59:54	3383.6658	1	0.0279	0.0036	3383.2120	7.0	-14.1	3.8317	-0.0320	0.0029	0.4828	0.0000	60	0.000	25.327812	34.625248	149.40	24.793661	34.823166	250.6	11011
113	2026-01-18	07:03:51	3383.1831	1	0.0145	0.0019	3382.7273	7.2	-10.0	3.8391	-0.0298	0.0018	0.4838	0.0000	60	0.000	25.327812	34.625248	149.40	24.793613	34.820522	245.8	11011
114	2026-01-18	07:07:31	3382.6233	1	0.0118	0.0015	3382.1655	-0.8	-8.1	3.8464	-0.0277	0.0008	0.4847	0.0000	60	0.000	25.327812	34.625248	149.40	24.793562	34.818665	250.7	11011
115	2026-01-18	07:11:13	3381.9908	1	0.0243	0.0031	3381.5295	-7.6	-8.2	3.8530	-0.0257	0.0015	0.4855	0.0000	60	0.000	25.327812	34.625248	149.40	24.793661	34.816586	251.3	11011
116	2026-01-18	07:15:37	3381.0279	1	0.0085	0.0011	3380.5654	1.4	-6.6	3.8485	-0.0232	0.0006	0.4851	0.0000	60	0.000	25.327812	34.625248	149.40	24.793825	34.814514	252.4	11011
117	2026-01-18	07:19:48	3380.4813	1	0.0082	0.0011	3380.0166	-1.6	4.8	3.8511	-0.0209	0.0004	0.4853	0.0000	60	0.000	25.327812	34.625248	149.40	24.794550	34.812443	263.6	11011
118	2026-01-18	07:23:54	3380.0299	1	0.0088	0.0011	3379.5611	10.1	-2.1	3.8593	-0.0187	0.0013	0.4862	0.0000	60	0.000	25.327812	34.625248	149.40	24.794855	34.810768	263.3	11011
119	2026-01-18	07:26:53	3379.6019	1	0.0114	0.0015	3379.1316	2.2	5.9	3.8638	-0.0171	0.0005	0.4869	0.0000	60	0.000	25.327812	34.625248	149.40	24.795502	34.808945	263.2	11011
120	2026-01-18	07:31:47	3378.4415	1	0.0086	0.0011	3377.9691	2.8	-1.9	3.8628	-0.0145	0.0002	0.4868	0.0000	60	0.000	25.327812	34.625248	149.40	24.795946	34.805138	275.9	11011
121	2026-01-18	07:35:42	3377.8839	1	0.0162	0.0021	3377.4080	-0.9	-6.0	3.8712	-0.0124	0.0005	0.4879	0.0000	60	0.000	25.327812	34.625248	149.40	24.796476	34.803070	283.1	11011
122	2026-01-18	07:39:12	3377.2537	1	0.0117	0.0015	3376.7752	0.3	8.0	3.8756	-0.0106	0.0008	0.4884	0.0000	60	0.000	25.327812	34.625248	149.40	24.797087	34.801208	280.3	11011
123	2026-01-18	07:43:35	3377.1342	1	0.0448	0.0058	3376.6521	11.3	-7.6	3.8743	-0.0084	0.0022	0.4883	0.0000	60	0.000	25.327812	34.625248	149.40	24.796856	34.799255	280.9	11011
124	2026-01-18	07:46:59	3376.6860	1	0.0132	0.0017	3376.2024	7.3	-6.6	3.8814	-0.0067	0.0012	0.4891	0.0000	60	0.000	25.327812	34.625248	149.40	24.797276	34.797272	285.8	11011
125	2026-01-18	07:50:22	3375.8964	1	0.0088	0.0011	3375.4110	-2.8	-8.9	3.8821	-0.0050	0.0011	0.4892	0.0000	60	0.000	25.327812	34.625248	149.40	24.798031	34.795204	283.8	11011
126	2026-01-18	07:53:57	3375.5389	1	0.0075	0.0010	3375.0522	-2.6	-3.1	3.8864	-0.0033	0.0002	0.4897	0.0000	60	0.000	25.327812	34.625248	149.40	24.798998	34.793934	288.5	11011
127	2026-01-18	07:58:12	3375.1315	1	0.0132	0.0017	3374.6418	-2.1	-9.7	3.8872	-0.0013	0.0012	0.4899	0.0000	60	0.000	25.327812	34.625248	149.40	24.800037	34.792236	292.9	11011
128	2026-01-18	08:01:40	3374.4938	1	0.0189	0.0024	3374.0022	2.4	-9.7	3.8889	0.0003	0.0012	0.4900	0.0000	60	0.000	25.327812	34.625248	149.40	24.801672	34.791283	302.0	11011
129	2026-01-18	08:05:51	3373.9247	1	0.0075	0.0010	3373.4307	12.2	-2.3	3.8879	0.0022	0.0019	0.4899	0.0000	60	0.000	25.327812	34.625248	149.40	24.803642	34.791016	302.1	11011
130	2026-01-18	08:09:40	3373.7460	1	0.0088	0.0011	3373.2508	5.0	-9.1	3.8893	0.0039	0.0013	0.4901	0.0000	60	0.000	25.327812	34.625248	149.40	24.805136	34.790787	304.7	11011
131	2026-01-18	08:13:04	3373.2058	1	0.0155	0.0020	3372.7098	4.2	1.4	3.8915	0.0053	0.0003	0.4904	0.0000	60	0.000	25.327812	34.625248	149.40	24.806503	34.789326	309.2	11011
132	2026-01-18	08:16:30	3372.8008	1	0.0089	0.0011	3372.3027	0.3	-9.7	3.8900	0.0068	0.0012	0.4902	0.0000	60	0.000	25.327812	34.625248	149.40	24.808325	34.788849	307.0	11011
133	2026-01-18	08:19:58	3372.5924	1	0.0186	0.0024	3372.0919	0.6	-13.8	3.8901	0.0081	0.0023	0.4901	0.0000	60	0.000	25.327812	34.625248	149.40	24.809746	34.787678	305.3	11011
134	2026-01-18	08:23:32	3371.9438	1	0.0094	0.0012	3371.4418	14.0	-6.4	3.8857	0.0095	0.0028	0.4897	0.0000	60	0.000	25.327812	34.625248	149.40	24.811153	34.786259	313.7	11011
135	2026-01-18	08:26:56	3371.2909	1	0.0140	0.0018	3370.7881	-7.6	-11.9	3.8872	0.0108	0.0023	0.4897	0.0000	60	0.000	25.327812	34.625248	149.40	24.811810	34.784416	309.6	11011
136	2026-01-18	08:30:32	3370.5586	1	0.0065	0.0008	3370.0555	-5.3	7.3	3.8893	0.0121	0.0010	0.4901	0.0000	60	0.000	25.327812	34.625248	149.40	24.812765	34.782528	313.2	11011
137	2026-01-18	08:33:39	3370.3100	1	0.0108	0.0014	3369.8036	14.6	-1.8	3.8927	0.0132	0.0026	0.4906	0.0000	60	0.000	25.327812	34.625248	149.40	24.813709	34.781155	314.0	11011
138	2026-01-18	08:36:57	3369.7744	1	0.0078	0.0010	3369.2684	6.2	1.5	3.8988	0.0143	0.0005	0.4912	0.0000	60	0.000	25.327812	34.625248	149.40	24.814775	34.779541	317.8	11011
139	2026-01-18	08:40:25	3369.3937	1	0.0124	0.0016	3368.8866	-1.4	1.6	3.9020	0.0154	0.0001	0.4916	0.0000	60	0.000	25.327812	34.625248	149.40	24.815865	34.778191	317.6	11011
140	2026-01-18	08:43:54	3368.9544	1	0.0112	0.0015	3368.4430	14.6	-3.7	3.9061	0.0164	0.0027	0.4923	0.0000	60	0.000	25.327812	34.625248	149.40	24.817657	34.776951	328.5	11011
141	2026-01-18	08:47:16	3368.8049	1	0.0124	0.0016	3368.2887	15.2	-17.7	3.9066	0.0174	0.0066	0.4923	0.0000	60	0.000	25.327812	34.625248	149.40	24.818943	34.775509	321.9	11011
142	2026-01-18	08:51:38	3368.0445	1	0.0088	0.0011	3367.5334	3.6	-6.7	3.9040	0.0186	0.0007	0.4919	0.0000	60	0.000	25.327812	34.625248	149.40	24.820831	34.773327	326.5	11011
143	2026-01-18	08:55:39	3367.6256	1	0.0097	0.0012	3367.1137	1.0	-6.2	3.9031	0.0196	0.0005	0.4918	0.0000	60	0.000	25.327812	34.625248	149.40	24.822235	34.772350	335.8	11011
144	2026-01-18	08:58:50	3367.1061	1	0.0500	0.0065	3366.5931	-2.7	-8.5	3.9023	0.0203	0.0010	0.4917	0.0000	60	0.000	25.327812	34.625248	149.40	24.823160	34.770359	337.9	11011
145	2026-01-18	09:02:25	3366.7587	1	0.0104	0.0013	3366.2450	5.4	-5.8	3.9037	0.0211	0.0008	0.4918	0.0000	60	0.000	25.327812	34.625248	149.40	24.824352	34.768623	344.6	11011
146	2026-01-18	09:05:44	3366.6450	1	0.0119	0.0015	3366.1301	2.1	-9.0	3.9055	0.0217	0.0010	0.4922	0.0000	60	0.000	25.327812	34.625248	149.40	24.825762	34.767639	338.0	11011
147	2026-01-18	09:10:13	3366.2700	1	0.0070	0.0009	3365.7545	-7.2	-3.6	3.9062	0.0225	0.0008	0.4922	0.0000	60	0.000	25.327812	34.625248	149.40	24.826807	34.765335	337.3	11011
148	2026-01-18	09:15:44	3365.8090	1	0.0220	0.0028	3365.2924	6.5	-7.0	3.9056	0.0234	0.0011	0.4921	0.0000	60	0.000	25.327812	34.625248	149.40	24.827669	34.762074	343.0	11011
100	2026-01-18	10:01:49	3407.0225	0	0.0072	0.0009	3406.5038	3.6	-3.8	3.9230	0.0242	0.0004	0.4943	0.0000	60	0.000	25.327812	34.625248	149.40	24.786806	34.933754	94.1	11011
100	2026-01-18	10:02:49	3407.0233	0	0.0071	0.0009	3406.5037	6.6	-5.9	3.9255	0.0241	0.0009	0.4946	0.0000	60	0.000	25.327812	34.625248	149.40	24.786806	34.933754	94.1	11011
100	2026-01-18	10:03:49	3407.0235	0	0.0059	0.0008	3406.5033	8.8	-7.3	3.9274	0.0239	0.0015	0.4948	0.0000	60	0.000	25.327812	34.625248	149.40	24.786806	34.933754	94.1	11011
100	2026-01-18	10:04:49	3407.0225	0	0.0090	0.0012	3406.5015	11.2	-7.3	3.9290	0.0238	0.0021	0.4950	0.0000	60	0.000	25.327812	34.625248	149.40	24.786806	34.933754	94.1	11011
149	2026-01-18	10:33:52	3383.5905	1	0.0116	0.0015	3383.0794	-2.1	3.6	3.9104	0.0182	0.0002	0.4927	0.0000	60	0.000	25.327812	34.625248	149.40	24.793528	34.823051	256.2	11011
150	2026-01-18	10:39:19	3382.7795	1	0.0144	0.0019	3382.2692	7.9	5.8	3.9094	0.0167	0.0011	0.4925	0.0000	60	0.000	25.327812	34.625248	149.40	24.791985	34.820839	258.6	11011
151	2026-01-18	10:42:54	3382.1030	1	0.0101	0.0013	3381.5926	11.6	-4.6	3.9096	0.0156	0.0019	0.4929	0.0000	60	0.000	25.327812	34.625248	149.40	24.790945	34.819092	246.8	11011
152	2026-01-18	10:46:35	3380.9222	1	0.0135	0.0017	3380.4123	10.3	7.7	3.9154	0.0144	0.0020	0.4935	0.0000	60	0.000	25.327812	34.625248	149.40	24.788994	34.817822	264.1	11011
153	2026-01-18	10:50:33	3380.3470	1	0.0113	0.0015	3379.8390	4.9	-2.6	3.9243	0.0131	0.0004	0.4945	0.0000	60	0.000	25.327812	34.625248	149.40	24.787649	34.817154	257.8	11011
154	2026-01-18	10:54:16	3379.7418	1	0.0103	0.0013	3379.2355	-2.6	-3.3	3.9223	0.0118	0.0002	0.4942	0.0000	60	0.000	25.327812	34.625248	149.40	24.786310	34.815857	272.6	11011
155	2026-01-18	10:58:25	3379.1891	1	0.0310	0.0040	3378.6833	-7.4	-8.5	3.9199	0.0103	0.0015	0.4940	0.0000	60	0.000	25.327812	34.625248	149.40	24.786844	34.813988	271.3	11011
156	2026-01-18	11:02:49	3378.6096	1	0.0186	0.0024	3378.1059	6.4	8.2	3.9175	0.0086	0.0014	0.4937	0.0000	60	0.000	25.327812	34.625248	149.40	24.787569	34.812313	242.1	11011
157	2026-01-18	11:07:39	3377.5921	1	0.0192	0.0025	3377.0901	-4.6	5.1	3.9264	0.0067	0.0006	0.4947	0.0000	60	0.000	25.327812	34.625248	149.40	24.787872	34.810101	250.3	11011
158	2026-01-18	11:11:18	3377.2202	1	0.0098	0.0013	3376.7202	0.6	-0.1	3.9254	0.0052	0.0001	0.4947	0.0000	60	0.000	25.327812	34.625248	149.40	24.786161	34.809296	271.5	11011
159	2026-01-18	11:14:32	3376.5022	1	0.0181	0.0023	3376.0027	7.9	-8.0	3.9216	0.0038	0.0015	0.4941	0.0000	60	0.000	25.327812	34.625248	149.40	24.784330	34.809708	270.7	11011
160	2026-01-18	11:17:46	3375.9944	1	0.0103	0.0013	3375.4974	0.0	-1.6	3.9241	0.0024	0.0000	0.4946	0.0000	60	0.000	25.327812	34.625248	149.40	24.782732	34.810215	269.1	11011
161	2026-01-18	11:22:07	3374.9428	1	0.0187	0.0024	3374.4479	3.8	0.7	3.9231	0.0004	0.0002	0.4942	0.0000	60	0.000	25.327812	34.625248	149.40	24.780817	34.810204	291.3	11011
162	2026-01-18	11:25:46	3374.6834	1	0.0285	0.0037	3374.1898	1.4	0.4	3.9264	-0.0012	0.0001	0.4947	0.0000	60	0.000	25.327812	34.625248	149.40	24.779013	34.809299	286.2	11011
163	2026-01-18	11:29:10	3373.8924	1	0.0135	0.0017	3373.4001	1.6	-1.3	3.9280	-0.0029	0.0001	0.4950	0.0000	60	0.000	25.327812	34.625248	149.40	24.777607	34.808037	296.2	11011
164	2026-01-18	11:32:36	3373.0532	1	0.0228	0.0029	3372.5629	-1.9	-3.6	3.9249	-0.0045	0.0003	0.4946	0.0000	60	0.000	25.327812	34.625248	149.40	24.776583	34.806629	298.6	11011
165	2026-01-18	11:36:30	3372.1134	1	0.0161	0.0021	3371.6258	2.7	-0.3	3.9196	-0.0064	0.0002	0.4939	0.0000	60	0.000	25.327812	34.625248	149.40	24.775061	34.805130	301.4	11011
166	2026-01-18	11:39:51	3371.3086	1	0.0253	0.0033	3370.8200	16.5	4.5	3.9155	-0.0081	0.0035	0.4933	0.0000	60	0.000	25.327812	34.625248	149.40	24.773703	34.804138	294.2	11011
167	2026-01-18	11:44:13	3370.5547	1	0.0204	0.0026	3370.0705	6.5	0.1	3.9209	-0.0103	0.0005	0.4941	0.0000	60	0.000	25.327812	34.625248	149.40	24.772308	34.803139	297.1	11011
168	2026-01-18	11:47:31	3369.4253	1	0.0194	0.0025	3368.9430	-1.8	-7.2	3.9179	-0.0121	0.0007	0.4936	0.0000	60	0.000	25.327812	34.625248	149.40	24.770870	34.801876	296.6	11011
169	2026-01-18	11:50:56	3368.4064	1	0.0189	0.0024	3367.9249	12.7	-0.1	3.9159	-0.0138	0.0019	0.4935	0.0000	60	0.000	25.327812	34.625248	149.40	24.768782	34.801620	304.0	11011
170	2026-01-18	11:54:35	3367.8359	1	0.0201	0.0026	3367.3558	13.5	-6.3	3.9147	-0.0158	0.0026	0.4933	0.0000	60	0.000	25.327812	34.625248	149.40	24.767282	34.801456	314.6	11011
171	2026-01-18	11:59:02	3367.0252	1	0.0133	0.0017	3366.5499	4.7	-0.1	3.9136	-0.0182	0.0003	0.4932	0.0000	60	0.000	25.327812	34.625248	149.40	24.765327	34.800865	320.5	11011
172	2026-01-18	12:02:45	3366.2626	1	0.0157	0.0020	3365.7886	-6.1	1.7	3.9171	-0.0202	0.0006	0.4936	0.0000	60	0.000	25.327812	34.625248	149.40	24.764189	34.799950	321.0	11011
173	2026-01-18	12:08:13	3365.2779	1	0.0147	0.0019	3364.8057	16.2	-0.1	3.9065	-0.0232	0.0031	0.4924	0.0000	60	0.000	25.327812	34.625248	149.40	24.762495	34.798637	320.4	11011
174	2026-01-18	12:12:02	3364.8495	1	0.0148	0.0019	3364.3823	4.6	2.0	3.9068	-0.0253	0.0004	0.4922	0.0000	60	0.000	25.327812	34.625248	149.40	24.761238	34.797455	316.7	11011
175	2026-01-18	12:15:58	3364.0980	1	0.0142	0.0018	3363.6335	5.1	-3.5	3.9009	-0.0275	0.0005	0.4914	0.0000	60	0.000	25.327812	34.625248	149.40	24.759754	34.796356	323.9	11011
176	2026-01-18	12:20:27	3363.4280	1	0.0127	0.0016	3362.9667	-2.8	7.2	3.8934	-0.0300	0.0007	0.4906	0.0000	60	0.000	25.327812	34.625248	149.40	24.759026	34.794514	322.7	11011
177	2026-01-18	12:24:43	3362.6083	1	0.0188	0.0024	3362.1454	18.7	-3.2	3.8970	-0.0324	0.0042	0.4910	0.0000	60	0.000	25.327812	34.625248	149.40	24.757727	34.793190	320.3	11011
178	2026-01-18	12:29:09	3362.0852	1	0.0084	0.0011	3361.6281	6.6	6.2	3.8955	-0.0349	0.0010	0.4910	0.0000	60	0.000	25.327812	34.625248	149.40	24.756134	34.792198	317.4	11011
179	2026-01-18	12:34:30	3362.3210	1	0.0135	0.0017	3361.8669	9.3	4.0	3.8938	-0.0379	0.0013	0.4906	0.0000	60	0.000	25.327812	34.625248	149.40	24.754675	34.792618	321.4	11011
180	2026-01-18	12:39:22	3361.7091	1	0.0091	0.0012	3361.2580	9.1	-1.1	3.8929	-0.0406	0.0011	0.4907	0.0000	60	0.000	25.327812	34.625248	149.40	24.753063	34.793564	328.6	11011
181	2026-01-18	12:43:51	3360.9257	1	0.0274	0.0035	3360.4772	7.8	-4.1	3.8945	-0.0431	0.0010	0.4906	0.0000	60	0.000	25.327812	34.625248	149.40	24.753174	34.791943	327.7	11011
182	2026-01-18	12:47:12	3359.9873	1	0.0485	0.0063	3359.5398	8.9	2.1	3.8989	-0.0449	0.0011	0.4914	0.0000	60	0.000	25.327812	34.625248	149.40	24.754427	34.790474	332.2	11011
183	2026-01-18	12:50:53	3358.8640	1	0.0549	0.0071	3358.4193	-0.6	-2.7	3.9002	-0.0469	0.0001	0.4915	0.0000	60	0.000	25.327812	34.625248	149.40	24.755211	34.788746	336.4	11011
184	2026-01-18	13:03:12	3357.6245	1	0.0176	0.0023	3357.1811	-3.1	-3.9	3.9410	-0.0535	0.0003	0.4966	0.0000	60	0.000	25.327812	34.625248	149.40	24.755119	34.786705	342.0	11011
185	2026-01-18	13:07:20	3356.5010	1	0.0170	0.0022	3356.0600	11.9	-12.1	3.9160	-0.0557	0.0033	0.4933	0.0000	60	0.000	25.327812	34.625248	149.40	24.755396	34.784607	346.0	11011
100	2026-01-18	14:25:33	3407.0232	0	0.0093	0.0012	3406.6202	-0.3	-2.9	3.8744	-0.0854	0.0001	0.4883	0.0000	60	0.000	25.327812	34.625248	149.40	24.786858	34.933773	94.8	11011
100	2026-01-18	14:26:33	3407.0242	0	0.0175	0.0023	3406.6205	2.2	-6.1	3.8780	-0.0856	0.0005	0.4887	0.0000	60	0.000	25.327812	34.625248	149.40	24.786858	34.933773	94.7	11011
100	2026-01-18	14:27:33	3407.0266	0	0.0136	0.0018	3406.6225	3.0	-8.3	3.8813	-0.0858	0.0009	0.4890	0.0000	60	0.000	25.327812	34.625248	149.40	24.786858	34.933773	94.7	11011
100	2026-01-18	14:28:33	3407.0285	0	0.0069	0.0009	3406.6238	4.5	-9.5	3.8840	-0.0860	0.0013	0.4894	0.0000	60	0.000	25.327812	34.625248	149.40	24.786858	34.933773	94.8	11011
0	2026-01-18	16:30:46	3473.0967	0	0.0136	0.0018	3472.6602	-5.3	-3.3	3.9459	-0.0612	0.0005	0.4972	0.0000	60	0.000	25.327812	34.625248	149.40	25.066843	34.877705	41.4	11011
0	2026-01-18	16:31:46	3473.0974	0	0.0222	0.0029	3472.6603	-3.9	-3.3	3.9477	-0.0606	0.0003	0.4974	0.0000	60	0.000	25.327812	34.625248	149.40	25.066843	34.877705	41.4	11011
0	2026-01-18	16:32:46	3473.0967	0	0.0144	0.0019	3472.6591	-3.3	-3.8	3.9462	-0.0600	0.0003	0.4973	0.0000	60	0.000	25.327812	34.625248	149.40	25.066843	34.877705	41.4	11011
0	2026-01-18	16:33:46	3473.0976	0	0.0125	0.0016	3472.6595	-2.3	-4.1	3.9454	-0.0594	0.0003	0.4972	0.0000	60	0.000	25.327812	34.625248	149.40	25.066843	34.877705	41.5	11011
0	2026-01-19	06:58:26	3473.0849	0	0.0171	0.0022	3472.6392	5.0	6.4	3.8917	-0.0455	0.0008	0.4904	0.0000	60	0.000	25.327812	34.625248	149.40	25.066761	34.877621	17.2	11011
0	2026-01-19	06:59:26	3473.0844	0	0.0118	0.0015	3472.6374	7.4	8.6	3.8926	-0.0449	0.0015	0.4905	0.0000	60	0.000	25.327812	34.625248	149.40	25.066761	34.877621	17.2	11011
0	2026-01-19	07:00:26	3473.0835	0	0.0128	0.0016	3472.6359	7.6	9.2	3.8920	-0.0443	0.0017	0.4903	0.0000	60	0.000	25.327812	34.625248	149.40	25.066761	34.877621	17.2	11011
0	2026-01-19	07:01:26	3473.0854	0	0.0081	0.0011	3472.6372	8.1	9.8	3.8906	-0.0437	0.0019	0.4901	0.0000	60	0.000	25.327812	34.625248	149.40	25.066761	34.877621	17.2	11011
100	2026-01-19	08:56:35	3407.0049	0	0.0133	0.0017	3406.4907	4.5	4.7	3.9171	0.0201	0.0005	0.4935	0.0000	60	0.000	25.327812	34.625248	149.40	24.786804	34.933762	109.6	11011
100	2026-01-19	08:57:35	3407.0052	0	0.0410	0.0053	3406.4892	9.7	4.8	3.9226	0.0205	0.0013	0.4942	0.0000	60	0.000	25.327812	34.625248	149.40	24.786804	34.933762	109.6	11011
100	2026-01-19	08:58:35	3407.0050	0	0.0116	0.0015	3406.4869	14.5	3.7	3.9251	0.0209	0.0027	0.4945	0.0000	60	0.000	25.327812	34.625248	149.40	24.786804	34.933762	109.6	11011
100	2026-01-19	08:59:35	3407.0056	0	0.0092	0.0012	3406.4855	18.6	2.5	3.9265	0.0213	0.0042	0.4947	0.0000	60	0.000	25.327812	34.625248	149.40	24.786804	34.933762	109.6	11011
186	2026-01-19	10:01:59	3361.6828	1	0.0162	0.0021	3361.1561	4.9	-4.1	3.8885	0.0362	0.0006	0.4899	0.0000	60	0.000	25.327812	34.625248	149.40	24.752970	34.793545	325.3	11011
187	2026-01-19	10:09:52	3361.3502	1	0.0210	0.0027	3360.8223	5.2	4.2	3.8938	0.0366	0.0007	0.4906	0.0000	60	0.000	25.327812	34.625248	149.40	24.751657	34.794571	341.8	11011
188	2026-01-19	10:13:12	3360.2174	1	0.0151	0.0019	3359.6887	0.4	4.3	3.9018	0.0366	0.0003	0.4918	0.0000	60	0.000	25.327812	34.625248	149.40	24.749435	34.794704	349.5	11011
189	2026-01-19	10:18:00	3358.8818	1	0.0114	0.0015	3358.3508	13.1	3.6	3.9058	0.0366	0.0022	0.4923	0.0000	60	0.000	25.327812	34.625248	149.40	24.747490	34.792599	345.6	11011
190	2026-01-19	10:22:41	3357.6480	1	0.0180	0.0023	3357.1186	1.4	4.9	3.9093	0.0364	0.0003	0.4926	0.0000	60	0.000	25.327812	34.625248	149.40	24.745722	34.790672	346.4	11011
191	2026-01-19	10:26:03	3357.0148	1	0.0211	0.0027	3356.4846	9.3	2.8	3.9101	0.0362	0.0012	0.4928	0.0000	60	0.000	25.327812	34.625248	149.40	24.744295	34.789375	349.5	11011
192	2026-01-19	10:29:23	3355.9273	1	0.0118	0.0015	3355.3975	9.1	4.4	3.9095	0.0360	0.0012	0.4927	0.0000	60	0.000	25.327812	34.625248	149.40	24.743021	34.787983	354.9	11011
193	2026-01-19	10:33:13	3354.6631	1	0.0151	0.0019	3354.1350	4.4	-1.2	3.9042	0.0356	0.0004	0.4921	0.0000	60	0.000	25.327812	34.625248	149.40	24.740776	34.787094	361.1	11011
194	2026-01-19	10:37:49	3353.3412	1	0.0109	0.0014	3352.8139	6.1	0.1	3.9032	0.0350	0.0004	0.4919	0.0000	60	0.000	25.327812	34.625248	149.40	24.738386	34.789482	366.5	11011
195	2026-01-19	10:41:52	3352.4446	1	0.0170	0.0022	3351.9174	3.8	-8.8	3.9033	0.0344	0.0011	0.4917	0.0000	60	0.000	25.327812	34.625248	149.40	24.736116	34.789955	374.2	11011
196	2026-01-19	10:45:09	8133.1089	1	******	122.5542	2930.5136	-7020.4	-1821.1	3.9038	0.0339	5202.0691	0.4922	0.0000	60	0.000	25.327812	34.625248	149.40	24.734228	34.790298	374.0	11011
197	2026-01-19	10:49:03	3350.2199	1	0.0118	0.0015	3349.6903	2.5	0.3	3.9397	0.0332	0.0001	0.4963	0.0000	60	0.000	25.327812	34.625248	149.40	24.732494	34.789921	371.8	11011
198	2026-01-19	10:52:45	3349.4506	1	0.0160	0.0021	3348.9197	-0.9	-9.3	3.9467	0.0324	0.0010	0.4975	0.0000	60	0.000	25.327812	34.625248	149.40	24.730740	34.789501	369.2	11011
199	2026-01-19	10:59:58	3347.7815	1	0.0165	0.0021	3347.2585	-0.0	-8.1	3.9000	0.0307	0.0009	0.4914	0.0000	60	0.000	25.327812	34.625248	149.40	24.727377	34.789272	385.7	11011
200	2026-01-19	11:05:54	3346.6998	1	0.0178	0.0023	3346.1796	-0.6	-4.7	3.8951	0.0291	0.0003	0.4909	0.0000	60	0.000	25.327812	34.625248	149.40	24.725647	34.789974	379.2	11011
201	2026-01-19	11:10:27	3345.7452	1	0.0092	0.0012	3345.2247	1.3	-11.4	3.8985	0.0277	0.0016	0.4912	0.0000	60	0.000	25.327812	34.625248	149.40	24.723642	34.789146	389.4	11011
202	2026-01-19	11:15:08	3344.1068	1	0.0141	0.0018	3343.5874	8.1	0.8	3.9066	0.0262	0.0008	0.4923	0.0000	60	0.000	25.327812	34.625248	149.40	24.723251	34.785419	393.8	11011
203	2026-01-19	11:18:21	3343.1136	1	0.0195	0.0025	3342.5956	1.5	3.5	3.9084	0.0251	0.0002	0.4927	0.0000	60	0.000	25.327812	34.625248	149.40	24.722223	34.783558	396.5	11011
204	2026-01-19	11:22:49	3341.2953	1	0.0116	0.0015	3340.7786	3.8	2.5	3.9110	0.0235	0.0003	0.4928	0.0000	60	0.000	25.327812	34.625248	149.40	24.719910	34.783184	417.6	11011
205	2026-01-19	11:28:38	3340.2368	1	0.0150	0.0019	3339.7225	4.3	-5.9	3.9062	0.0213	0.0007	0.4922	0.0000	60	0.000	25.327812	34.625248	149.40	24.718189	34.784512	406.8	11011
206	2026-01-19	11:33:13	3338.7669	1	0.0088	0.0011	3338.2539	4.4	2.8	3.9139	0.0195	0.0004	0.4931	0.0000	60	0.000	25.327812	34.625248	149.40	24.716272	34.784332	410.2	11011
207	2026-01-19	11:36:46	3337.2678	1	0.0109	0.0014	3336.7562	5.4	-2.9	3.9138	0.0180	0.0005	0.4931	0.0000	60	0.000	25.327812	34.625248	149.40	24.714378	34.784683	416.2	11011
208	2026-01-19	11:40:16	3336.1523	1	0.0146	0.0019	3335.6427	1.7	-0.1	3.9139	0.0164	0.0001	0.4931	0.0000	60	0.000	25.327812	34.625248	149.40	24.712786	34.785942	419.1	11011
209	2026-01-19	11:44:00	3335.0725	1	0.0127	0.0016	3334.5638	5.8	-2.8	3.9152	0.0148	0.0005	0.4934	0.0000	60	0.000	25.327812	34.625248	149.40	24.711159	34.787010	422.5	11011
210	2026-01-19	11:48:37	3333.3546	1	0.0138	0.0018	3332.8485	-5.5	-2.9	3.9120	0.0126	0.0005	0.4931	0.0000	60	0.000	25.327812	34.625248	149.40	24.709143	34.785225	426.7	11011
211	2026-01-19	11:53:44	3331.7449	1	0.0117	0.0015	3331.2414	8.4	-1.8	3.9090	0.0101	0.0009	0.4924	0.0000	60	0.000	25.327812	34.625248	149.40	24.707573	34.783665	439.4	11011
212	2026-01-19	12:03:22	3330.6396	1	0.0253	0.0033	3330.1439	0.3	-8.4	3.8855	0.0052	0.0009	0.4896	0.0000	60	0.000	25.327812	34.625248	149.40	24.707108	34.781586	436.2	11011
213	2026-01-19	12:07:23	3329.2083	1	0.0164	0.0021	3328.7134	9.5	-4.3	3.8921	0.0031	0.0013	0.4905	0.0000	60	0.000	25.327812	34.625248	149.40	24.706215	34.779667	446.5	11011
214	2026-01-19	12:11:29	3327.9225	1	0.0105	0.0014	3327.4291	10.7	-9.8	3.8887	0.0009	0.0025	0.4901	0.0000	60	0.000	25.327812	34.625248	149.40	24.706978	34.777874	452.6	11011
215	2026-01-19	12:15:05	3326.5585	1	0.0160	0.0021	3326.0685	6.2	5.8	3.8895	-0.0011	0.0009	0.4902	0.0000	60	0.000	25.327812	34.625248	149.40	24.706921	34.775841	435.4	11011
216	2026-01-19	12:19:24	3325.4690	1	0.0123	0.0016	3324.9812	8.0	3.9	3.8916	-0.0035	0.0010	0.4904	0.0000	60	0.000	25.327812	34.625248	149.40	24.707312	34.774021	437.5	11011
217	2026-01-19	12:28:11	3324.1306	1	0.0665	0.0086	3323.6456	7.4	-15.4	3.8827	-0.0086	0.0044	0.4892	0.0000	60	0.000	25.327812	34.625248	149.40	24.706463	34.772133	447.0	11011
218	2026-01-19	12:31:56	3322.2592	1	0.0117	0.0015	3321.7785	-1.0	-13.1	3.8839	-0.0108	0.0020	0.4894	0.0000	60	0.000	25.327812	34.625248	149.40	24.705032	34.770824	449.9	11011
219	2026-01-19	12:35:33	3320.4611	1	0.0125	0.0016	3319.9840	6.2	-4.2	3.8817	-0.0129	0.0008	0.4892	0.0000	60	0.000	25.327812	34.625248	149.40	24.705112	34.768559	454.5	11011
220	2026-01-19	12:39:25	3318.8546	1	0.0122	0.0016	3318.3780	12.9	4.7	3.8842	-0.0152	0.0022	0.4895	0.0000	60	0.000	25.327812	34.625248	149.40	24.705599	34.766212	441.4	11011
221	2026-01-19	12:43:10	3317.5711	1	0.0163	0.0021	3317.0974	-1.7	-10.6	3.8867	-0.0175	0.0014	0.4898	0.0000	60	0.000	25.327812	34.625248	149.40	24.706259	34.764153	471.5	11011
222	2026-01-19	12:46:31	3315.8969	1	0.0119	0.0015	3315.4261	-2.2	-4.9	3.8873	-0.0195	0.0004	0.4899	0.0000	60	0.000	25.327812	34.625248	149.40	24.706802	34.761890	474.1	11011
223	2026-01-19	12:49:34	3314.5590	1	0.0297	0.0038	3314.0884	11.9	-8.4	3.8837	-0.0214	0.0026	0.4894	0.0000	60	0.000	25.327812	34.625248	149.40	24.707268	34.759975	478.4	11011
224	2026-01-19	12:53:27	3313.4758	1	0.0215	0.0028	3313.0083	6.0	11.1	3.8836	-0.0237	0.0019	0.4893	0.0000	60	0.000	25.327812	34.625248	149.40	24.707626	34.758427	483.9	11011
225	2026-01-19	12:56:48	3312.6368	1	0.0072	0.0009	3312.1706	10.6	5.3	3.8916	-0.0258	0.0017	0.4903	0.0000	60	0.000	25.327812	34.625248	149.40	24.707632	34.757874	487.0	11011
226	2026-01-19	13:27:34	3360.7264	1	0.0234	0.0030	3360.2848	-0.0	-9.1	3.8479	-0.0444	0.0010	0.4849	0.0000	60	0.000	25.327812	34.625248	149.40	24.753464	34.791531	328.6	11011
227	2026-01-19	13:30:39	3359.5433	1	0.0322	0.0042	3359.1024	5.6	-8.7	3.8543	-0.0462	0.0014	0.4856	0.0000	60	0.000	25.327812	34.625248	149.40	24.754829	34.789776	337.0	11011
228	2026-01-19	13:33:59	3358.4708	1	0.0147	0.0019	3358.0308	12.4	4.0	3.8573	-0.0481	0.0020	0.4861	0.0000	60	0.000	25.327812	34.625248	149.40	24.755020	34.787632	337.7	11011
229	2026-01-19	13:38:10	3357.1290	1	0.0179	0.0023	3356.6929	-4.4	-6.2	3.8567	-0.0505	0.0007	0.4860	0.0000	60	0.000	25.327812	34.625248	149.40	24.755239	34.785694	341.9	11011
230	2026-01-19	13:41:52	3356.0780	1	0.0189	0.0024	3355.6436	6.4	-4.8	3.8602	-0.0526	0.0008	0.4863	0.0000	60	0.000	25.327812	34.625248	149.40	24.755249	34.783588	342.6	11011
231	2026-01-19	13:46:23	3354.6193	1	0.0127	0.0016	3354.1872	-1.4	-2.2	3.8660	-0.0551	0.0001	0.4871	0.0000	60	0.000	25.327812	34.625248	149.40	24.755495	34.781429	343.5	11011
232	2026-01-19	13:49:59	3353.6679	1	0.0215	0.0028	3353.2379	0.3	0.7	3.8650	-0.0571	0.0000	0.4871	0.0000	60	0.000	25.327812	34.625248	149.40	24.755440	34.779049	345.3	11011
233	2026-01-19	13:52:48	3352.9209	1	0.0119	0.0015	3352.4908	6.2	-11.2	3.8626	-0.0586	0.0020	0.4867	0.0000	60	0.000	25.327812	34.625248	149.40	24.755043	34.777157	345.7	11011
234	2026-01-19	13:56:05	3351.8552	1	0.0117	0.0015	3351.4286	-3.5	-5.8	3.8598	-0.0604	0.0006	0.4864	0.0000	60	0.000	25.327812	34.625248	149.40	24.754295	34.775307	349.8	11011
235	2026-01-19	14:01:13	3350.7616	1	0.0099	0.0013	3350.3385	1.7	7.5	3.8520	-0.0630	0.0008	0.4853	0.0000	60	0.000	25.327812	34.625248	149.40	24.752398	34.774090	353.6	11011
236	2026-01-19	14:05:19	3349.8587	1	0.0106	0.0014	3349.4384	-0.2	-0.7	3.8508	-0.0650	0.0001	0.4854	0.0000	60	0.000	25.327812	34.625248	149.40	24.751282	34.772381	359.3	11011
237	2026-01-19	14:08:04	3348.8609	1	0.0093	0.0012	3348.4419	2.9	3.2	3.8500	-0.0664	0.0003	0.4851	0.0000	60	0.000	25.327812	34.625248	149.40	24.749756	34.770912	363.3	11011
238	2026-01-19	14:12:56	3347.6796	1	0.0077	0.0010	3347.2627	5.8	6.0	3.8471	-0.0687	0.0008	0.4848	0.0000	60	0.000	25.327812	34.625248	149.40	24.748306	34.769798	359.1	11011
100	2026-01-19	14:59:00	3407.0116	0	0.0109	0.0014	3406.6064	5.0	3.4	3.8885	-0.0851	0.0004	0.4899	0.0000	60	0.000	25.327812	34.625248	149.40	24.786873	34.933762	105.4	11011
100	2026-01-19	15:00:00	3407.0133	0	0.0087	0.0011	3406.6080	5.6	1.9	3.8895	-0.0853	0.0004	0.4902	0.0000	60	0.000	25.327812	34.625248	149.40	24.786873	34.933762	105.4	11011
100	2026-01-19	15:01:00	3407.0111	0	0.0091	0.0012	3406.6062	5.6	0.6	3.8904	-0.0856	0.0003	0.4901	0.0000	60	0.000	25.327812	34.625248	149.40	24.786873	34.933762	105.4	11011
100	2026-01-19	15:02:00	3407.0133	0	0.0111	0.0014	3406.6087	6.0	-0.2	3.8890	-0.0858	0.0005	0.4900	0.0000	60	0.000	25.327812	34.625248	149.40	24.786873	34.933762	105.4	11011
0	2026-01-19	15:57:13	3473.0905	0	0.0144	0.0019	3472.6847	-4.2	-3.2	3.9156	-0.0881	0.0003	0.4934	0.0000	60	0.000	25.327812	34.625248	149.40	25.066891	34.877735	35.2	11011
0	2026-01-19	15:58:13	3473.0925	0	0.0108	0.0014	3472.6868	-5.2	-3.1	3.9145	-0.0879	0.0004	0.4932	0.0000	60	0.000	25.327812	34.625248	149.40	25.066895	34.877735	36.1	11011
0	2026-01-19	15:59:13	3473.0926	0	0.0115	0.0015	3472.6867	-5.7	-3.2	3.9131	-0.0878	0.0005	0.4931	0.0000	60	0.000	25.327812	34.625248	149.40	25.066895	34.877735	36.1	11011
0	2026-01-19	16:00:13	3473.0927	0	0.0078	0.0010	3472.6870	-6.1	-3.0	3.9113	-0.0876	0.0005	0.4928	0.0000	60	0.000	25.327812	34.625248	149.40	25.066895	34.877735	36.1	11011
0	2026-01-20	04:13:04	3473.0903	0	0.0157	0.0020	3472.6723	4.8	4.8	3.8940	-0.0732	0.0005	0.4906	0.0000	60	0.000	25.327812	34.625248	149.40	25.066837	34.877655	29.4	11011
0	2026-01-20	04:14:04	3473.0894	0	0.0178	0.0023	3472.6717	5.5	6.6	3.8936	-0.0736	0.0009	0.4905	0.0000	60	0.000	25.327812	34.625248	149.40	25.066837	34.877655	29.4	11011
0	2026-01-20	04:15:04	3473.0916	0	0.0145	0.0019	3472.6742	5.8	7.1	3.8921	-0.0741	0.0010	0.4905	0.0000	60	0.000	25.327812	34.625248	149.40	25.066837	34.877655	29.6	11011
0	2026-01-20	04:16:04	3473.0908	0	0.0090	0.0012	3472.6742	6.0	7.2	3.8898	-0.0745	0.0010	0.4901	0.0000	60	0.000	25.327812	34.625248	149.40	25.066837	34.877655	29.6	11011
100	2026-01-20	05:52:22	3407.0131	0	0.0149	0.0019	3406.6026	-5.6	-2.2	3.9239	-0.0843	0.0004	0.4944	0.0000	60	0.000	25.327812	34.625248	149.40	24.786762	34.933743	97.0	11011
100	2026-01-20	05:53:22	3407.0139	0	0.0122	0.0016	3406.6031	-7.9	-3.4	3.9200	-0.0840	0.0009	0.4939	0.0000	60	0.000	25.327812	34.625248	149.40	24.786762	34.933743	97.0	11011
100	2026-01-20	05:54:22	3407.0142	0	0.0111	0.0014	3406.6036	-8.1	-3.4	3.9163	-0.0838	0.0010	0.4935	0.0000	60	0.000	25.327812	34.625248	149.40	24.786762	34.933743	97.0	11011
100	2026-01-20	05:55:22	3407.0144	0	0.0107	0.0014	3406.6040	-7.7	-3.1	3.9142	-0.0836	0.0008	0.4931	0.0000	60	0.000	25.327812	34.625248	149.40	24.786762	34.933743	97.0	11011
239	2026-01-20	07:01:46	3346.6973	1	0.0239	0.0031	3346.2699	3.2	3.8	3.8344	-0.0561	0.0003	0.4832	0.0000	60	0.000	25.327812	34.625248	149.40	24.747910	34.767109	372.6	11011
240	2026-01-20	07:06:14	3345.4819	1	0.0136	0.0018	3345.0505	2.8	5.4	3.8441	-0.0536	0.0005	0.4844	0.0000	60	0.000	25.327812	34.625248	149.40	24.747871	34.764587	375.9	11011
241	2026-01-20	07:10:16	3344.2127	1	0.0116	0.0015	3343.7771	-6.6	-9.6	3.8509	-0.0513	0.0016	0.4853	0.0000	60	0.000	25.327812	34.625248	149.40	24.749178	34.762493	382.7	11011
242	2026-01-20	07:15:10	3342.5536	1	0.0163	0.0021	3342.1173	0.7	-2.0	3.8457	-0.0484	0.0002	0.4845	0.0000	60	0.000	25.327812	34.625248	149.40	24.750385	34.760109	386.8	11011
243	2026-01-20	07:19:17	3341.2020	1	0.0107	0.0014	3340.7611	-5.6	-11.4	3.8490	-0.0460	0.0019	0.4850	0.0000	60	0.000	25.327812	34.625248	149.40	24.751804	34.758083	392.2	11011
244	2026-01-20	07:24:08	3338.7015	1	0.0282	0.0036	3338.2558	-17.1	-7.8	3.8451	-0.0430	0.0041	0.4846	0.0000	60	0.000	25.327812	34.625248	149.40	24.752401	34.754822	407.4	11011
245	2026-01-20	07:28:16	3337.8236	1	0.0219	0.0028	3337.3774	0.6	-13.1	3.8457	-0.0404	0.0021	0.4846	0.0000	60	0.000	25.327812	34.625248	149.40	24.753666	34.753849	406.2	11011
246	2026-01-20	07:37:33	3346.5186	1	0.0415	0.0054	3346.0532	16.9	-26.2	3.8451	-0.0346	0.0156	0.4844	0.0000	60	0.000	25.327812	34.625248	149.40	24.747007	34.766800	386.6	11011
247	2026-01-20	07:41:29	3345.5858	1	0.0214	0.0028	3345.1313	11.7	3.1	3.8474	-0.0321	0.0018	0.4848	0.0000	60	0.000	25.327812	34.625248	149.40	24.745853	34.764912	381.6	11011
248	2026-01-20	07:45:21	3344.9952	1	0.0130	0.0017	3344.5399	0.9	-3.6	3.8463	-0.0296	0.0002	0.4847	0.0000	60	0.000	25.327812	34.625248	149.40	24.744959	34.763161	379.8	11011
249	2026-01-20	07:49:47	3343.8318	1	0.0164	0.0021	3343.3720	9.0	-9.2	3.8458	-0.0267	0.0020	0.4846	0.0000	60	0.000	25.327812	34.625248	149.40	24.744047	34.761250	393.6	11011
250	2026-01-20	07:54:02	3343.1130	1	0.0151	0.0020	3342.6517	3.7	0.7	3.8488	-0.0240	0.0003	0.4850	0.0000	60	0.000	25.327812	34.625248	149.40	24.743652	34.759525	389.1	11011
251	2026-01-20	07:59:49	3341.9843	1	0.0145	0.0019	3341.5183	12.1	-3.8	3.8429	-0.0202	0.0019	0.4844	0.0000	60	0.000	25.327812	34.625248	149.40	24.743528	34.757523	395.0	11011
252	2026-01-20	08:04:02	3340.9424	1	0.0169	0.0022	3340.4743	3.9	-1.9	3.8521	-0.0175	0.0003	0.4853	0.0000	60	0.000	25.327812	34.625248	149.40	24.744366	34.755375	404.7	11011
253	2026-01-20	08:07:44	3339.8566	1	0.0156	0.0020	3339.3843	11.5	-5.7	3.8520	-0.0151	0.0020	0.4854	0.0000	60	0.000	25.327812	34.625248	149.40	24.744385	34.753239	402.4	11011
254	2026-01-20	08:11:33	3338.8218	1	0.0113	0.0015	3338.3486	3.0	-0.2	3.8540	-0.0126	0.0003	0.4856	0.0000	60	0.000	25.327812	34.625248	149.40	24.744820	34.751190	407.9	11011
255	2026-01-20	08:17:57	3338.1246	1	0.0116	0.0015	3337.6462	6.9	-9.8	3.8496	-0.0085	0.0018	0.4852	0.0000	60	0.000	25.327812	34.625248	149.40	24.744921	34.749893	403.2	11011
256	2026-01-20	08:23:26	3337.4860	1	0.0139	0.0018	3337.0037	-1.1	6.1	3.8641	-0.0050	0.0004	0.4869	0.0000	60	0.000	25.327812	34.625248	149.40	24.746803	34.749519	410.0	11011
257	2026-01-20	08:27:55	3336.9905	1	0.0142	0.0018	3336.5006	14.0	13.8	3.8682	-0.0022	0.0046	0.4874	0.0000	60	0.000	25.327812	34.625248	149.40	24.747684	34.748108	411.9	11011
258	2026-01-20	08:33:05	3336.1862	1	0.0193	0.0025	3335.6968	5.1	3.9	3.8710	0.0010	0.0006	0.4878	0.0000	60	0.000	25.327812	34.625248	149.40	24.746473	34.746906	411.7	11011
259	2026-01-20	08:36:41	3336.8005	1	0.0241	0.0031	3336.3066	-11.8	8.9	3.8718	0.0032	0.0027	0.4880	0.0000	60	0.000	25.327812	34.625248	149.40	24.745840	34.747776	409.1	11011
260	2026-01-20	08:41:15	3336.7645	1	0.0154	0.0020	3336.2693	4.0	8.5	3.8730	0.0060	0.0012	0.4880	0.0000	60	0.000	25.327812	34.625248	149.40	24.744566	34.748169	412.4	11011
261	2026-01-20	08:47:31	3335.4980	1	0.0338	0.0044	3335.0006	6.8	7.4	3.8594	0.0097	0.0013	0.4864	0.0000	60	0.000	25.327812	34.625248	149.40	24.742926	34.746498	411.4	11011
262	2026-01-20	08:51:11	3335.9038	1	0.0162	0.0021	3335.4040	1.3	-2.3	3.8703	0.0119	0.0001	0.4878	0.0000	60	0.000	25.327812	34.625248	149.40	24.742292	34.747288	412.5	11011
263	2026-01-20	08:57:15	3334.5211	1	0.0160	0.0021	3334.0170	-4.1	11.2	3.8650	0.0153	0.0017	0.4872	0.0000	60	0.000	25.327812	34.625248	149.40	24.741982	34.745075	422.1	11011
264	2026-01-20	09:01:14	3334.5829	1	0.0136	0.0018	3334.0772	-0.1	5.3	3.8713	0.0175	0.0004	0.4878	0.0000	60	0.000	25.327812	34.625248	149.40	24.741116	34.745823	425.4	11011
265	2026-01-20	09:07:54	3332.7958	1	0.0140	0.0018	3332.2863	10.6	7.2	3.8613	0.0210	0.0020	0.4866	0.0000	60	0.000	25.327812	34.625248	149.40	24.740067	34.742893	418.1	11011
266	2026-01-20	09:11:07	3333.0954	1	0.0170	0.0022	3332.5836	8.1	7.3	3.8694	0.0227	0.0015	0.4876	0.0000	60	0.000	25.327812	34.625248	149.40	24.739546	34.743683	418.5	11011
267	2026-01-20	09:17:50	3332.2660	1	0.0265	0.0034	3331.7498	-11.3	-11.9	3.8637	0.0260	0.0032	0.4870	0.0000	60	0.000	25.327812	34.625248	149.40	24.737524	34.743038	418.7	11011
268	2026-01-20	09:23:08	3331.6838	1	0.0204	0.0026	3331.1636	13.1	11.4	3.8733	0.0285	0.0036	0.4881	0.0000	60	0.000	25.327812	34.625248	149.40	24.738483	34.741413	420.9	11011
269	2026-01-20	09:27:57	3330.8796	1	0.0171	0.0022	3330.3538	-23.5	2.1	3.8766	0.0307	0.0066	0.4885	0.0000	60	0.000	25.327812	34.625248	149.40	24.739225	34.739830	420.0	11011
270	2026-01-20	09:34:22	3329.6178	1	0.0279	0.0036	3329.0950	5.7	0.5	3.8807	0.0334	0.0005	0.4889	0.0000	60	0.000	25.327812	34.625248	149.40	24.740942	34.739124	414.1	11011
271	2026-01-20	09:40:01	3328.7666	1	0.0111	0.0014	3328.2410	3.2	3.7	3.8852	0.0357	0.0003	0.4896	0.0000	60	0.000	25.327812	34.625248	149.40	24.741711	34.737926	422.2	11011
272	2026-01-20	09:43:47	3327.8694	1	0.0120	0.0015	3327.3402	14.0	4.0	3.8847	0.0371	0.0026	0.4895	0.0000	60	0.000	25.327812	34.625248	149.40	24.741514	34.736893	431.3	11011
273	2026-01-20	09:48:09	3328.0611	1	0.0344	0.0044	3327.5315	9.3	5.1	3.8830	0.0387	0.0015	0.4895	0.0000	60	0.000	25.327812	34.625248	149.40	24.740208	34.736675	429.5	11011
274	2026-01-20	09:51:56	3328.4824	1	0.0274	0.0035	3327.9515	6.1	10.7	3.8816	0.0399	0.0018	0.4892	0.0000	60	0.000	25.327812	34.625248	149.40	24.739307	34.736294	426.6	11011
275	2026-01-20	09:56:26	3327.4905	1	0.0171	0.0022	3326.9597	4.4	2.1	3.8813	0.0413	0.0004	0.4891	0.0000	60	0.000	25.327812	34.625248	149.40	24.738064	34.735352	437.5	11011
276	2026-01-20	09:59:51	3326.8490	1	0.0220	0.0028	3326.3172	0.7	5.4	3.8803	0.0423	0.0005	0.4890	0.0000	60	0.000	25.327812	34.625248	149.40	24.737215	34.735111	438.2	11011
277	2026-01-20	10:04:17	3326.2796	1	0.0118	0.0015	3325.7441	-13.0	7.8	3.8809	0.0435	0.0028	0.4891	0.0000	60	0.000	25.327812	34.625248	149.40	24.735668	34.734825	438.7	11011
278	2026-01-20	10:08:17	3325.2010	1	0.0140	0.0018	3324.6669	-4.4	4.9	3.8798	0.0445	0.0006	0.4891	0.0000	60	0.000	25.327812	34.625248	149.40	24.734402	34.734779	440.6	11011
279	2026-01-20	10:11:47	3324.9144	1	0.0145	0.0019	3324.3781	11.1	5.4	3.8825	0.0453	0.0018	0.4892	0.0000	60	0.000	25.327812	34.625248	149.40	24.733667	34.734818	440.1	11011
280	2026-01-20	10:15:53	3324.9619	1	0.0546	0.0070	3324.4237	13.4	7.6	3.8821	0.0461	0.0028	0.4893	0.0000	60	0.000	25.327812	34.625248	149.40	24.732494	34.735901	439.4	11011
281	2026-01-20	10:20:39	3325.2243	1	0.0208	0.0027	3324.6871	-0.2	0.5	3.8905	0.0470	0.0000	0.4902	0.0000	60	0.000	25.327812	34.625248	149.40	24.731216	34.736561	436.7	11011
282	2026-01-20	10:24:43	3327.3737	1	0.0148	0.0019	3326.8334	4.8	12.9	3.8917	0.0476	0.0022	0.4904	0.0000	60	0.000	25.327812	34.625248	149.40	24.731445	34.738182	437.0	11011
283	2026-01-20	10:28:53	3328.9656	1	0.0565	0.0073	3328.4253	6.3	-4.1	3.8957	0.0482	0.0012	0.4909	0.0000	60	0.000	25.327812	34.625248	149.40	24.732492	34.739773	431.9	11011
284	2026-01-20	10:33:38	3329.1984	1	0.0213	0.0027	3328.6584	-0.8	0.5	3.8990	0.0486	0.0001	0.4913	0.0000	60	0.000	25.327812	34.625248	149.40	24.732321	34.740879	432.0	11011
285	2026-01-20	10:37:25	3328.8290	1	0.0205	0.0026	3328.2649	33.4	-30.8	3.8981	0.0489	0.0240	0.4913	0.0000	60	0.000	25.327812	34.625248	149.40	24.731045	34.741207	433.1	11011
286	2026-01-20	10:40:38	3328.1954	1	0.0162	0.0021	3327.6536	-0.1	10.3	3.8993	0.0491	0.0013	0.4914	0.0000	60	0.000	25.327812	34.625248	149.40	24.729851	34.741280	436.6	11011
287	2026-01-20	10:44:02	3328.0196	1	0.0144	0.0019	3327.4745	5.8	18.5	3.9004	0.0492	0.0044	0.4915	0.0000	60	0.000	25.327812	34.625248	149.40	24.729103	34.742252	429.6	11011
288	2026-01-20	10:47:10	3328.3399	1	0.0128	0.0017	3327.7976	4.7	9.5	3.9015	0.0493	0.0014	0.4915	0.0000	60	0.000	25.327812	34.625248	149.40	24.729700	34.743160	431.2	11011
289	2026-01-20	10:50:55	3328.9249	1	0.0119	0.0015	3328.3834	6.1	1.1	3.9016	0.0493	0.0005	0.4917	0.0000	60	0.000	25.327812	34.625248	149.40	24.731138	34.743458	430.7	11011
290	2026-01-20	10:54:58	3330.4335	1	0.0161	0.0021	3329.8907	3.9	12.4	3.9016	0.0492	0.0020	0.4917	0.0000	60	0.000	25.327812	34.625248	149.40	24.732712	34.744106	425.5	11011
291	2026-01-20	10:59:12	3332.0202	1	0.0157	0.0020	3331.4772	0.2	13.5	3.9036	0.0489	0.0023	0.4918	0.0000	60	0.000	25.327812	34.625248	149.40	24.734476	34.744617	425.0	11011
292	2026-01-20	11:12:55	3330.8302	1	0.0137	0.0018	3330.2929	4.6	-11.2	3.8736	0.0475	0.0017	0.4881	0.0000	60	0.000	25.327812	34.625248	149.40	24.732679	34.744553	424.1	11011
293	2026-01-20	11:20:42	3326.6797	1	0.0222	0.0029	3326.1445	8.9	1.9	3.8725	0.0462	0.0010	0.4880	0.0000	60	0.000	25.327812	34.625248	149.40	24.726801	34.742733	434.9	11011
294	2026-01-20	11:25:55	3325.4381	1	0.0163	0.0021	3324.9028	10.9	-1.6	3.8781	0.0451	0.0016	0.4886	0.0000	60	0.000	25.327812	34.625248	149.40	24.724178	34.741627	439.5	11011
295	2026-01-20	11:30:14	3322.4547	1	0.0308	0.0040	3321.9202	6.1	-9.5	3.8807	0.0441	0.0015	0.4889	0.0000	60	0.000	25.327812	34.625248	149.40	24.722603	34.739967	439.6	11011
296	2026-01-20	11:33:47	3320.2626	1	0.0291	0.0038	3319.7300	6.7	-3.3	3.8782	0.0432	0.0008	0.4886	0.0000	60	0.000	25.327812	34.625248	149.40	24.721365	34.737446	451.7	11011
297	2026-01-20	11:37:26	3319.0693	1	0.0149	0.0019	3318.5309	-24.5	6.8	3.8778	0.0422	0.0076	0.4886	0.0000	60	0.000	25.327812	34.625248	149.40	24.719099	34.736542	449.2	11011
298	2026-01-20	11:40:36	3318.0118	1	0.0192	0.0025	3317.4802	12.3	0.8	3.8770	0.0413	0.0018	0.4885	0.0000	60	0.000	25.327812	34.625248	149.40	24.716915	34.735771	453.1	11011
299	2026-01-20	11:44:51	3317.2620	1	0.0265	0.0034	3316.7314	9.5	-5.9	3.8826	0.0399	0.0015	0.4891	0.0000	60	0.000	25.327812	34.625248	149.40	24.713820	34.736149	455.9	11011
300	2026-01-20	11:47:54	3316.4355	1	0.0151	0.0019	3315.9048	4.0	10.3	3.8903	0.0389	0.0015	0.4902	0.0000	60	0.000	25.327812	34.625248	149.40	24.713039	34.735760	466.5	11011
301	2026-01-20	12:04:25	3342.5265	1	0.0173	0.0022	3342.0025	2.7	-14.2	3.8797	0.0327	0.0025	0.4888	0.0000	60	0.000	25.327812	34.625248	149.40	24.743828	34.758541	394.9	11011
302	2026-01-20	12:08:50	3342.3551	1	0.0560	0.0072	3341.8347	-1.0	-5.4	3.8821	0.0308	0.0004	0.4892	0.0000	60	0.000	25.327812	34.625248	149.40	24.741282	34.759304	393.6	11011
303	2026-01-20	12:12:32	3342.2843	1	0.0713	0.0092	3341.7636	5.6	7.6	3.8933	0.0291	0.0011	0.4905	0.0000	60	0.000	25.327812	34.625248	149.40	24.738960	34.759575	393.5	11011
304	2026-01-20	12:16:29	3341.4385	1	0.0136	0.0018	3340.9196	1.0	6.6	3.8977	0.0273	0.0005	0.4911	0.0000	60	0.000	25.327812	34.625248	149.40	24.736580	34.759441	400.8	11011
305	2026-01-20	12:20:03	3340.8730	1	0.0213	0.0028	3340.3551	5.6	-6.4	3.8987	0.0256	0.0009	0.4913	0.0000	60	0.000	25.327812	34.625248	149.40	24.734587	34.761250	404.4	11011
306	2026-01-20	12:23:10	3340.1784	1	0.0147	0.0019	3339.6619	5.5	3.9	3.9034	0.0240	0.0006	0.4919	0.0000	60	0.000	25.327812	34.625248	149.40	24.732264	34.761974	403.1	11011
307	2026-01-20	12:27:01	3339.1049	1	0.0154	0.0020	3338.5869	-14.7	-10.1	3.9060	0.0221	0.0037	0.4922	0.0000	60	0.000	25.327812	34.625248	149.40	24.730070	34.762508	411.7	11011
308	2026-01-20	12:30:45	3337.9367	1	0.0210	0.0027	3337.4231	-1.3	-8.6	3.9090	0.0201	0.0009	0.4926	0.0000	60	0.000	25.327812	34.625248	149.40	24.727898	34.763176	413.6	11011
309	2026-01-20	12:33:55	3336.8009	1	0.0164	0.0021	3336.2886	-3.8	-9.6	3.9090	0.0185	0.0013	0.4926	0.0000	60	0.000	25.327812	34.625248	149.40	24.725809	34.764542	417.9	11011
310	2026-01-20	12:37:32	3335.5633	1	0.0235	0.0030	3335.0534	7.0	-2.0	3.9112	0.0165	0.0006	0.4927	0.0000	60	0.000	25.327812	34.625248	149.40	24.724049	34.765789	428.4	11011
311	2026-01-20	12:41:01	3333.8951	1	0.0226	0.0029	3333.3828	15.9	-10.8	3.9135	0.0146	0.0046	0.4931	0.0000	60	0.000	25.327812	34.625248	149.40	24.721344	34.765713	423.4	11011
312	2026-01-20	12:44:22	3332.4524	1	0.0232	0.0030	3331.9456	0.9	-8.5	3.9136	0.0127	0.0009	0.4932	0.0000	60	0.000	25.327812	34.625248	149.40	24.719084	34.766666	433.7	11011
313	2026-01-20	12:47:28	3331.2619	1	0.0263	0.0034	3330.7574	-4.8	-2.6	3.9132	0.0109	0.0004	0.4931	0.0000	60	0.000	25.327812	34.625248	149.40	24.717310	34.768311	438.1	11011
314	2026-01-20	12:50:58	3330.1604	1	0.0431	0.0056	3329.6577	-0.4	-5.8	3.9154	0.0089	0.0004	0.4934	0.0000	60	0.000	25.327812	34.625248	149.40	24.716377	34.770710	440.3	11011
315	2026-01-20	12:54:31	3328.8701	1	0.0254	0.0033	3328.3687	9.0	-5.1	3.9148	0.0068	0.0013	0.4934	0.0000	60	0.000	25.327812	34.625248	149.40	24.714970	34.772602	455.1	11011
316	2026-01-20	12:58:58	3326.3189	1	0.0194	0.0025	3325.8201	-1.1	-9.3	3.9177	0.0041	0.0010	0.4936	0.0000	60	0.000	25.327812	34.625248	149.40	24.713558	34.774822	463.2	11011
317	2026-01-20	13:09:32	3328.1652	1	0.0138	0.0018	3327.6736	-6.1	-5.3	3.9132	-0.0024	0.0008	0.4932	0.0000	60	0.000	25.327812	34.625248	149.40	24.713221	34.776699	458.7	11011
318	2026-01-20	13:13:29	3328.7187	1	0.0225	0.0029	3328.2299	6.3	-7.6	3.9077	-0.0048	0.0012	0.4925	0.0000	60	0.000	25.327812	34.625248	149.40	24.711361	34.778294	450.6	11011
319	2026-01-20	13:17:32	3329.8696	1	0.0694	0.0090	3329.3775	18.9	14.8	3.9070	-0.0074	0.0071	0.4923	0.0000	60	0.000	25.327812	34.625248	149.40	24.710073	34.779850	442.3	11011
320	2026-01-20	13:22:38	3330.8698	1	0.0122	0.0016	3330.3875	3.8	-8.5	3.9032	-0.0106	0.0010	0.4919	0.0000	60	0.000	25.327812	34.625248	149.40	24.708710	34.781460	442.2	11011
321	2026-01-20	13:26:33	3332.3881	1	0.0179	0.0023	3331.9093	1.4	-8.2	3.8979	-0.0131	0.0008	0.4911	0.0000	60	0.000	25.327812	34.625248	149.40	24.708345	34.783913	430.3	11011
100	2026-01-20	14:18:31	3407.0085	0	0.0157	0.0020	3406.5647	-0.3	2.1	3.8835	-0.0457	0.0001	0.4894	0.0000	60	0.000	25.327812	34.625248	149.40	24.786806	34.933762	101.7	11011
100	2026-01-20	14:19:31	3407.0110	0	0.0227	0.0029	3406.5674	2.2	-1.4	3.8873	-0.0463	0.0001	0.4898	0.0000	60	0.000	25.327812	34.625248	149.40	24.786806	34.933762	101.7	11011
100	2026-01-20	14:20:31	3407.0119	0	0.0150	0.0019	3406.5687	2.3	-3.4	3.8879	-0.0469	0.0002	0.4899	0.0000	60	0.000	25.327812	34.625248	149.40	24.786806	34.933762	101.7	11011
100	2026-01-20	14:21:31	3407.0099	0	0.0146	0.0019	3406.5669	3.0	-4.5	3.8893	-0.0475	0.0003	0.4901	0.0000	60	0.000	25.327812	34.625248	149.40	24.786806	34.933762	101.7	11011
0	2026-01-20	16:05:29	3473.0750	0	0.0176	0.0023	3472.6631	-11.9	0.2	3.9269	-0.0847	0.0017	0.4949	0.0000	60	0.000	25.327812	34.625248	149.40	25.066833	34.877724	43.6	11011
0	2026-01-20	16:06:29	3473.0796	0	0.0200	0.0026	3472.6661	-17.1	-0.8	3.9269	-0.0848	0.0034	0.4948	0.0000	60	0.000	25.327812	34.625248	149.40	25.066833	34.877724	43.6	11011
0	2026-01-20	16:07:29	3473.0783	0	0.0168	0.0022	3472.6647	-18.6	-0.9	3.9241	-0.0848	0.0040	0.4944	0.0000	60	0.000	25.327812	34.625248	149.40	25.066833	34.877724	43.6	11011
0	2026-01-20	16:08:29	3473.0798	0	0.0186	0.0024	3472.6661	-19.6	-1.1	3.9232	-0.0849	0.0044	0.4943	0.0000	60	0.000	25.327812	34.625248	149.40	25.066833	34.877724	43.6	11011
0	2026-01-21	05:21:24	3473.0708	0	0.0115	0.0015	3472.6603	7.7	12.7	3.8970	-0.0832	0.0026	0.4911	0.0000	60	0.000	25.327812	34.625248	149.40	25.066761	34.877602	26.8	11011
0	2026-01-21	05:22:24	3473.0705	0	0.0125	0.0016	3472.6590	9.2	15.1	3.8974	-0.0833	0.0036	0.4911	0.0000	60	0.000	25.327812	34.625248	149.40	25.066776	34.877609	26.8	11011
0	2026-01-21	05:23:24	3473.0724	0	0.0149	0.0019	3472.6609	10.3	15.4	3.8971	-0.0835	0.0040	0.4910	0.0000	60	0.000	25.327812	34.625248	149.40	25.066780	34.877609	26.7	11011
0	2026-01-21	05:24:24	3473.0719	0	0.0103	0.0013	3472.6608	10.4	15.4	3.8963	-0.0836	0.0039	0.4908	0.0000	60	0.000	25.327812	34.625248	149.40	25.066780	34.877609	26.7	11011
100	2026-01-21	07:28:16	3406.9990	0	0.0121	0.0016	3406.5548	5.6	0.8	3.9441	-0.0532	0.0004	0.4970	0.0000	60	0.000	25.327812	34.625248	149.40	24.786757	34.933716	106.8	11011
100	2026-01-21	07:29:16	3406.9982	0	0.0131	0.0017	3406.5529	9.4	2.2	3.9432	-0.0526	0.0011	0.4968	0.0000	60	0.000	25.327812	34.625248	149.40	24.786757	34.933716	106.8	11011
100	2026-01-21	07:30:16	3406.9990	0	0.0127	0.0016	3406.5526	11.6	3.1	3.9428	-0.0520	0.0017	0.4967	0.0000	60	0.000	25.327812	34.625248	149.40	24.786757	34.933716	106.8	11011
100	2026-01-21	07:31:16	3406.9991	0	0.0109	0.0014	3406.5517	13.7	3.4	3.9405	-0.0514	0.0023	0.4965	0.0000	60	0.000	25.327812	34.625248	149.40	24.786757	34.933716	106.8	11011
322	2026-01-21	09:19:41	3315.7197	1	0.0541	0.0070	3315.2086	-5.2	9.0	3.8929	0.0192	0.0014	0.4905	0.0000	60	0.000	25.327812	34.625248	149.40	24.712465	34.735386	485.4	11011
323	2026-01-21	09:24:29	3315.4128	1	0.0221	0.0029	3314.8967	6.9	9.2	3.9067	0.0221	0.0016	0.4923	0.0000	60	0.000	25.327812	34.625248	149.40	24.711079	34.735771	483.0	11011
324	2026-01-21	09:28:27	3315.0165	1	0.0481	0.0062	3314.4993	3.8	6.5	3.9018	0.0245	0.0008	0.4919	0.0000	60	0.000	25.327812	34.625248	149.40	24.710264	34.736973	478.6	11011
325	2026-01-21	09:33:20	3314.7679	1	0.0249	0.0032	3314.2480	3.3	0.8	3.9063	0.0273	0.0003	0.4922	0.0000	60	0.000	25.327812	34.625248	149.40	24.709757	34.736122	471.4	11011
326	2026-01-21	09:38:14	3314.0672	1	0.0323	0.0042	3313.5449	-5.3	-1.1	3.9029	0.0301	0.0004	0.4918	0.0000	60	0.000	25.327812	34.625248	149.40	24.708199	34.736752	465.4	11011
327	2026-01-21	09:44:25	3313.5539	1	0.0384	0.0050	3313.0277	-7.7	-4.9	3.9017	0.0335	0.0010	0.4917	0.0000	60	0.000	25.327812	34.625248	149.40	24.706749	34.736065	471.5	11011
328	2026-01-21	09:50:25	3312.7950	1	0.0171	0.0022	3312.2658	-5.5	4.5	3.9023	0.0367	0.0007	0.4918	0.0000	60	0.000	25.327812	34.625248	149.40	24.706167	34.735226	480.3	11011
329	2026-01-21	09:55:26	3312.0851	1	0.0134	0.0017	3311.5533	-1.8	7.8	3.9035	0.0392	0.0008	0.4918	0.0000	60	0.000	25.327812	34.625248	149.40	24.704836	34.735989	503.7	11011
330	2026-01-21	10:00:32	3311.7189	1	0.0156	0.0020	3311.1852	0.1	-3.1	3.9037	0.0417	0.0001	0.4919	0.0000	60	0.000	25.327812	34.625248	149.40	24.703955	34.737602	496.5	11011
331	2026-01-21	10:07:02	3310.3547	1	0.0257	0.0033	3309.8155	13.1	11.5	3.8947	0.0446	0.0037	0.4909	0.0000	60	0.000	25.327812	34.625248	149.40	24.702032	34.738037	491.3	11011
332	2026-01-21	10:12:27	3308.9222	1	0.0160	0.0021	3308.3816	12.0	-3.7	3.9014	0.0470	0.0020	0.4916	0.0000	60	0.000	25.327812	34.625248	149.40	24.700668	34.738270	493.2	11011
333	2026-01-21	10:18:13	3307.4914	1	0.0090	0.0012	3306.9499	2.9	2.4	3.9051	0.0493	0.0002	0.4920	0.0000	60	0.000	25.327812	34.625248	149.40	24.699459	34.738647	494.5	11011
334	2026-01-21	10:26:23	3309.4631	1	0.0155	0.0020	3308.9132	-8.8	19.5	3.9062	0.0523	0.0053	0.4923	0.0000	60	0.000	25.327812	34.625248	149.40	24.701757	34.737522	498.3	11011
335	2026-01-21	11:34:26	3332.1641	1	0.0245	0.0032	3331.6087	12.4	9.6	3.8874	0.0625	0.0030	0.4899	0.0000	60	0.000	25.327812	34.625248	149.40	24.707861	34.784206	432.9	11011
336	2026-01-21	11:41:32	3330.7390	1	0.0960	0.0124	3330.1844	8.6	-0.4	3.9006	0.0619	0.0012	0.4915	0.0000	60	0.000	25.327812	34.625248	149.40	24.707125	34.781860	434.1	11011
337	2026-01-21	11:51:51	3323.5030	1	0.0143	0.0018	3322.9516	-5.0	-5.1	3.8886	0.0606	0.0006	0.4902	0.0000	60	0.000	25.327812	34.625248	149.40	24.707096	34.771454	458.9	11011
338	2026-01-21	11:55:30	3322.3353	1	0.0197	0.0025	3321.7786	10.5	17.1	3.9040	0.0600	0.0047	0.4920	0.0000	60	0.000	25.327812	34.625248	149.40	24.708351	34.770847	496.9	11011
339	2026-01-21	11:59:00	3321.7312	1	0.0153	0.0020	3321.1781	10.0	-0.6	3.9093	0.0593	0.0012	0.4926	0.0000	60	0.000	25.327812	34.625248	149.40	24.709547	34.770638	501.5	11011
340	2026-01-21	12:03:13	3320.5040	1	0.0115	0.0015	3319.9514	2.6	9.1	3.9129	0.0584	0.0011	0.4931	0.0000	60	0.000	25.327812	34.625248	149.40	24.710579	34.770500	504.6	11011
341	2026-01-21	12:17:27	3318.8312	1	0.0170	0.0022	3318.2844	3.8	-11.5	3.8921	0.0547	0.0017	0.4905	0.0000	60	0.000	25.327812	34.625248	149.40	24.707439	34.766335	476.4	11011
342	2026-01-21	12:23:46	3317.6263	1	0.0128	0.0016	3317.0820	1.9	2.7	3.9009	0.0526	0.0001	0.4915	0.0000	60	0.000	25.327812	34.625248	149.40	24.709328	34.765438	478.2	11011
343	2026-01-21	12:27:22	3316.2316	1	0.0134	0.0017	3315.6857	-0.3	13.2	3.9081	0.0514	0.0021	0.4924	0.0000	60	0.000	25.327812	34.625248	149.40	24.710234	34.765045	511.4	11011
344	2026-01-21	12:41:10	3317.3360	1	0.0152	0.0020	3316.7999	9.1	0.7	3.8802	0.0460	0.0011	0.4890	0.0000	60	0.000	25.327812	34.625248	149.40	24.706869	34.763542	472.3	11011
345	2026-01-21	12:44:07	3316.9029	1	0.0164	0.0021	3316.3624	9.1	18.2	3.8918	0.0448	0.0052	0.4905	0.0000	60	0.000	25.327812	34.625248	149.40	24.707537	34.763309	477.6	11011
346	2026-01-21	12:47:16	3316.3282	1	0.0172	0.0022	3315.7934	-4.1	-0.5	3.8989	0.0434	0.0002	0.4912	0.0000	60	0.000	25.327812	34.625248	149.40	24.708155	34.763454	488.1	11011
347	2026-01-21	13:09:55	3331.1924	1	0.0443	0.0057	3330.6727	-3.4	0.7	3.8680	0.0321	0.0002	0.4873	0.0000	60	0.000	25.327812	34.625248	149.40	24.708128	34.782795	427.5	11011
348	2026-01-21	13:15:39	3336.5947	1	0.0144	0.0019	3336.0759	0.5	-12.9	3.8725	0.0290	0.0019	0.4879	0.0000	60	0.000	25.327812	34.625248	149.40	24.713345	34.785152	416.8	11011
349	2026-01-21	13:18:46	3335.5619	1	0.0170	0.0022	3335.0451	5.8	6.6	3.8771	0.0273	0.0009	0.4886	0.0000	60	0.000	25.327812	34.625248	149.40	24.712503	34.785248	416.3	11011
350	2026-01-21	13:21:54	3334.5363	1	0.0147	0.0019	3334.0182	12.8	9.5	3.8847	0.0255	0.0031	0.4895	0.0000	60	0.000	25.327812	34.625248	149.40	24.712217	34.784523	418.9	11011
351	2026-01-21	13:31:20	3340.2235	1	0.0228	0.0029	3339.7146	9.0	5.0	3.8692	0.0199	0.0013	0.4876	0.0000	60	0.000	25.327812	34.625248	149.40	24.718502	34.782700	396.8	11011
352	2026-01-21	13:34:22	3339.4015	1	0.0201	0.0026	3338.8916	-14.5	6.9	3.8789	0.0181	0.0030	0.4888	0.0000	60	0.000	25.327812	34.625248	149.40	24.717598	34.782471	398.7	11011
353	2026-01-21	13:37:38	3338.2066	1	0.0134	0.0017	3337.7000	8.7	6.8	3.8806	0.0161	0.0015	0.4891	0.0000	60	0.000	25.327812	34.625248	149.40	24.716730	34.781563	401.6	11011
354	2026-01-21	13:41:00	3337.5402	1	0.0155	0.0020	3337.0360	5.4	6.1	3.8844	0.0140	0.0008	0.4894	0.0000	60	0.000	25.327812	34.625248	149.40	24.716902	34.780552	404.4	11011
355	2026-01-21	13:43:57	3336.6435	1	0.0123	0.0016	3336.1399	-13.4	0.2	3.8815	0.0122	0.0023	0.4892	0.0000	60	0.000	25.327812	34.625248	149.40	24.717091	34.779438	404.5	11011
356	2026-01-21	13:47:12	3335.7350	1	0.0131	0.0017	3335.2266	15.8	22.3	3.8859	0.0102	0.0086	0.4896	0.0000	60	0.000	25.327812	34.625248	149.40	24.717339	34.778179	407.6	11011
357	2026-01-21	13:50:06	3335.4153	1	0.0128	0.0017	3334.9131	-18.7	3.6	3.8854	0.0083	0.0042	0.4896	0.0000	60	0.000	25.327812	34.625248	149.40	24.717682	34.777454	413.6	11011
100	2026-01-21	14:48:04	3407.0122	0	0.0152	0.0020	3406.5492	-7.8	-0.6	3.8977	-0.0288	0.0007	0.4911	0.0000	60	0.000	25.327812	34.625248	149.40	24.786835	34.933800	100.1	11011
100	2026-01-21	14:49:04	3407.0149	0	0.0127	0.0016	3406.5523	-9.4	-1.2	3.8965	-0.0294	0.0011	0.4910	0.0000	60	0.000	25.327812	34.625248	149.40	24.786835	34.933800	100.1	11011
100	2026-01-21	14:50:04	3407.0137	0	0.0197	0.0025	3406.5515	-10.7	-1.6	3.8959	-0.0300	0.0014	0.4908	0.0000	60	0.000	25.327812	34.625248	149.40	24.786835	34.933800	100.1	11011
100	2026-01-21	14:51:04	3407.0139	0	0.0132	0.0017	3406.5525	-11.2	-1.6	3.8938	-0.0306	0.0014	0.4906	0.0000	60	0.000	25.327812	34.625248	149.40	24.786835	34.933800	100.1	11011
0	2026-01-21	16:09:29	3473.0745	0	0.0186	0.0024	3472.6452	-0.8	2.9	3.9448	-0.0678	0.0001	0.4971	0.0000	60	0.000	25.327812	34.625248	149.40	25.066866	34.877724	25.1	11011
0	2026-01-21	16:10:29	3473.0767	0	0.0140	0.0018	3472.6478	1.6	3.7	3.9428	-0.0681	0.0002	0.4968	0.0000	60	0.000	25.327812	34.625248	149.40	25.066866	34.877724	25.1	11011
0	2026-01-21	16:11:29	3473.0767	0	0.0109	0.0014	3472.6485	2.5	4.2	3.9404	-0.0684	0.0003	0.4963	0.0000	60	0.000	25.327812	34.625248	149.40	25.066866	34.877724	25.1	11011
0	2026-01-21	16:12:29	3473.0776	0	0.0119	0.0015	3472.6497	3.9	4.7	3.9377	-0.0687	0.0005	0.4961	0.0000	60	0.000	25.327812	34.625248	149.40	25.066866	34.877724	25.1	11011
0	2026-01-22	04:54:19	3473.0689	0	0.0141	0.0018	3472.6363	3.7	11.1	3.9007	-0.0606	0.0016	0.4916	0.0000	60	0.000	25.327812	34.625248	149.40	25.066891	34.877666	40.1	11011
0	2026-01-22	04:55:19	3473.0715	0	0.0147	0.0019	3472.6389	5.8	13.0	3.9009	-0.0611	0.0023	0.4915	0.0000	60	0.000	25.327812	34.625248	149.40	25.066896	34.877666	40.7	11011
0	2026-01-22	04:56:19	3473.0721	0	0.0148	0.0019	3472.6396	6.8	14.1	3.8996	-0.0616	0.0029	0.4913	0.0000	60	0.000	25.327812	34.625248	149.40	25.066896	34.877666	40.7	11011
0	2026-01-22	04:57:19	3473.0718	0	0.0145	0.0019	3472.6398	7.4	14.2	3.8973	-0.0621	0.0030	0.4911	0.0000	60	0.000	25.327812	34.625248	149.40	25.066896	34.877666	40.7	11011
100	2026-01-22	07:23:19	3406.9980	0	0.0170	0.0022	3406.5710	8.6	-4.1	3.9021	-0.0658	0.0011	0.4917	0.0000	60	0.000	25.327812	34.625248	149.40	24.786747	34.933750	108.7	11011
100	2026-01-22	07:24:19	3406.9985	0	0.0144	0.0019	3406.5684	14.8	-5.3	3.9088	-0.0654	0.0028	0.4926	0.0000	60	0.000	25.327812	34.625248	149.40	24.786747	34.933750	108.7	11011
100	2026-01-22	07:25:19	3406.9986	0	0.0123	0.0016	3406.5661	18.0	-5.9	3.9137	-0.0649	0.0042	0.4932	0.0000	60	0.000	25.327812	34.625248	149.40	24.786747	34.933750	108.8	11011
100	2026-01-22	07:26:19	3406.9999	0	0.0156	0.0020	3406.5658	19.7	-6.7	3.9185	-0.0645	0.0049	0.4937	0.0000	60	0.000	25.327812	34.625248	149.40	24.786747	34.933750	108.8	11011
358	2026-01-22	08:14:18	3365.9204	1	0.0182	0.0024	3365.4661	2.0	-3.7	3.9108	-0.0387	0.0002	0.4928	0.0000	60	0.000	25.327812	34.625248	149.40	24.826479	34.762966	344.6	11011
359	2026-01-22	08:20:23	3365.6270	1	0.0268	0.0035	3365.1685	-8.7	-8.9	3.8997	-0.0349	0.0019	0.4914	0.0000	60	0.000	25.327812	34.625248	149.40	24.824528	34.762054	345.7	11011
360	2026-01-22	08:25:31	3365.2239	1	0.0203	0.0026	3364.7626	7.5	-3.4	3.9053	-0.0316	0.0008	0.4921	0.0000	60	0.000	25.327812	34.625248	149.40	24.824919	34.760506	342.3	11011
361	2026-01-22	08:29:22	3364.9386	1	0.0681	0.0088	3364.4741	-4.5	2.8	3.9137	-0.0291	0.0004	0.4932	0.0000	60	0.000	25.327812	34.625248	149.40	24.824818	34.758312	346.9	11011
362	2026-01-22	08:35:26	3363.5976	1	0.0284	0.0037	3363.1274	12.1	-5.0	3.9119	-0.0250	0.0021	0.4930	0.0000	60	0.000	25.327812	34.625248	149.40	24.823847	34.756130	348.9	11011
363	2026-01-22	08:38:48	3362.8240	1	0.0423	0.0055	3362.3505	-3.1	-14.3	3.9185	-0.0228	0.0026	0.4937	0.0000	60	0.000	25.327812	34.625248	149.40	24.822548	34.755112	347.9	11011
364	2026-01-22	08:41:59	3361.8837	1	0.0220	0.0028	3361.4099	-1.8	5.2	3.9212	-0.0206	0.0004	0.4941	0.0000	60	0.000	25.327812	34.625248	149.40	24.820780	34.754955	352.3	11011
365	2026-01-22	08:46:07	3361.3915	1	0.0355	0.0046	3360.9143	-0.3	5.5	3.9250	-0.0178	0.0004	0.4945	0.0000	60	0.000	25.327812	34.625248	149.40	24.820265	34.753002	353.8	11011
366	2026-01-22	08:49:13	3361.0545	1	0.0285	0.0037	3360.5748	5.7	-2.9	3.9272	-0.0156	0.0005	0.4948	0.0000	60	0.000	25.327812	34.625248	149.40	24.819998	34.751286	356.9	11011
367	2026-01-22	08:52:21	3360.5513	1	0.0436	0.0056	3360.0691	5.7	-4.8	3.9290	-0.0135	0.0007	0.4950	0.0000	60	0.000	25.327812	34.625248	149.40	24.819107	34.749626	365.4	11011
368	2026-01-22	08:55:40	3359.8020	1	0.0449	0.0058	3359.3171	0.9	-9.9	3.9284	-0.0112	0.0012	0.4949	0.0000	60	0.000	25.327812	34.625248	149.40	24.817636	34.748577	358.7	11011
369	2026-01-22	08:59:00	3359.2865	1	0.0822	0.0106	3358.7995	6.4	-6.3	3.9256	-0.0089	0.0010	0.4948	0.0000	60	0.000	25.327812	34.625248	149.40	24.815821	34.748184	364.1	11011
370	2026-01-22	09:02:24	3358.5479	1	0.0183	0.0024	3358.0590	5.3	-7.0	3.9249	-0.0065	0.0010	0.4945	0.0000	60	0.000	25.327812	34.625248	149.40	24.814209	34.747395	363.5	11011
371	2026-01-22	09:05:46	3357.2205	1	0.0440	0.0057	3356.7263	6.4	-16.2	3.9257	-0.0042	0.0036	0.4947	0.0000	60	0.000	25.327812	34.625248	149.40	24.813608	34.745266	360.0	11011
372	2026-01-22	09:09:21	3356.5523	1	0.0176	0.0023	3356.0586	0.6	-5.3	3.9273	-0.0017	0.0004	0.4949	0.0000	60	0.000	25.327812	34.625248	149.40	24.814167	34.743408	365.4	11011
373	2026-01-22	09:13:02	3355.4104	1	0.0264	0.0034	3354.9142	2.7	3.6	3.9272	0.0009	0.0004	0.4949	0.0000	60	0.000	25.327812	34.625248	149.40	24.815006	34.741787	364.9	11011
374	2026-01-22	09:16:52	3354.6280	1	0.0155	0.0020	3354.1249	17.8	9.2	3.9265	0.0036	0.0047	0.4949	0.0000	60	0.000	25.327812	34.625248	149.40	24.814833	34.740788	365.9	11011
375	2026-01-22	09:19:59	3353.6533	1	0.0152	0.0020	3353.1503	-5.4	-12.2	3.9292	0.0057	0.0021	0.4951	0.0000	60	0.000	25.327812	34.625248	149.40	24.813383	34.740158	346.8	11011
376	2026-01-22	09:23:31	3352.9751	1	0.0272	0.0035	3352.4714	-0.5	-5.3	3.9306	0.0082	0.0004	0.4952	0.0000	60	0.000	25.327812	34.625248	149.40	24.811495	34.739719	363.6	11011
377	2026-01-22	09:26:51	3351.9610	1	0.0138	0.0018	3351.4545	2.1	-5.6	3.9318	0.0105	0.0004	0.4956	0.0000	60	0.000	25.327812	34.625248	149.40	24.809664	34.739697	374.6	11011
378	2026-01-22	09:29:57	3350.7825	1	0.0196	0.0025	3350.2730	10.3	-6.5	3.9289	0.0126	0.0018	0.4952	0.0000	60	0.000	25.327812	34.625248	149.40	24.807833	34.739967	376.3	11011
379	2026-01-22	09:34:25	3349.9249	1	0.0155	0.0020	3349.4141	7.2	-2.0	3.9223	0.0156	0.0008	0.4944	0.0000	60	0.000	25.327812	34.625248	149.40	24.805965	34.740231	384.2	11011
380	2026-01-22	09:37:34	3349.2049	1	0.0215	0.0028	3348.6882	19.4	-5.9	3.9221	0.0177	0.0047	0.4942	0.0000	60	0.000	25.327812	34.625248	149.40	24.804287	34.740768	381.6	11011
381	2026-01-22	09:40:28	3348.2922	1	0.0338	0.0044	3347.7747	-5.0	-14.7	3.9279	0.0197	0.0028	0.4950	0.0000	60	0.000	25.327812	34.625248	149.40	24.802494	34.741207	376.8	11011
382	2026-01-22	09:44:04	3347.1955	1	0.0213	0.0027	3346.6777	1.5	-6.8	3.9290	0.0221	0.0006	0.4951	0.0000	60	0.000	25.327812	34.625248	149.40	24.800508	34.741615	369.2	11011
383	2026-01-22	09:47:19	3346.4872	1	0.0401	0.0052	3345.9669	-0.9	-8.2	3.9295	0.0242	0.0009	0.4952	0.0000	60	0.000	25.327812	34.625248	149.40	24.798988	34.742599	354.5	11011
384	2026-01-22	09:53:47	3345.7764	1	0.0810	0.0105	3345.2522	4.0	-5.5	3.9298	0.0284	0.0007	0.4952	0.0000	60	0.000	25.327812	34.625248	149.40	24.797691	34.743839	379.7	11011
385	2026-01-22	09:59:59	3345.3399	1	0.0290	0.0037	3344.8048	5.0	-25.2	3.9289	0.0323	0.0079	0.4949	0.0000	60	0.000	25.327812	34.625248	149.40	24.797377	34.741245	399.8	11011
386	2026-01-22	10:04:31	3344.0313	1	0.0512	0.0066	3343.5002	7.6	-0.8	3.9312	0.0351	0.0007	0.4953	0.0000	60	0.000	25.327812	34.625248	149.40	24.796827	34.739250	402.2	11011
387	2026-01-22	10:09:47	3343.0160	1	0.0200	0.0026	3342.4805	8.9	-2.6	3.9381	0.0382	0.0010	0.4962	0.0000	60	0.000	25.327812	34.625248	149.40	24.795494	34.738171	404.5	11011
388	2026-01-22	10:13:16	3342.1034	1	0.0309	0.0040	3341.5623	-19.0	-5.1	3.9379	0.0403	0.0046	0.4962	0.0000	60	0.000	25.327812	34.625248	149.40	24.793947	34.737305	408.8	11011
389	2026-01-22	10:16:57	3340.6116	1	0.0229	0.0030	3340.0710	-5.4	-12.4	3.9353	0.0424	0.0022	0.4960	0.0000	60	0.000	25.327812	34.625248	149.40	24.792294	34.737160	413.0	11011
390	2026-01-22	10:19:56	3339.6872	1	0.0210	0.0027	3339.1436	8.8	-14.6	3.9362	0.0441	0.0034	0.4961	0.0000	60	0.000	25.327812	34.625248	149.40	24.790497	34.738041	417.4	11011
391	2026-01-22	10:22:46	3339.1605	1	0.0225	0.0029	3338.6184	-2.0	3.3	3.9378	0.0456	0.0002	0.4962	0.0000	60	0.000	25.327812	34.625248	149.40	24.788876	34.739071	422.0	11011
392	2026-01-22	10:26:49	3338.2595	1	0.0279	0.0036	3337.7142	7.5	-8.5	3.9364	0.0478	0.0015	0.4960	0.0000	60	0.000	25.327812	34.625248	149.40	24.786768	34.740044	422.2	11011
393	2026-01-22	10:29:43	3337.4141	1	0.0511	0.0066	3336.8671	-3.9	-11.6	3.9339	0.0494	0.0018	0.4957	0.0000	60	0.000	25.327812	34.625248	149.40	24.785250	34.740337	422.6	11011
394	2026-01-22	10:32:57	3336.7288	1	0.0205	0.0027	3336.1725	-28.1	2.1	3.9364	0.0510	0.0093	0.4960	0.0000	60	0.000	25.327812	34.625248	149.40	24.783695	34.740891	421.4	11011
395	2026-01-22	10:35:51	3335.8237	1	0.0321	0.0041	3335.2743	3.8	5.3	3.9389	0.0525	0.0005	0.4963	0.0000	60	0.000	25.327812	34.625248	149.40	24.781841	34.741653	430.0	11011
396	2026-01-22	10:39:05	3334.9589	1	0.0408	0.0053	3334.4054	15.3	-1.8	3.9412	0.0540	0.0028	0.4967	0.0000	60	0.000	25.327812	34.625248	149.40	24.780325	34.742378	428.6	11011
397	2026-01-22	10:42:26	3334.1868	1	0.0227	0.0029	3333.6332	-6.4	-7.6	3.9431	0.0556	0.0012	0.4969	0.0000	60	0.000	25.327812	34.625248	149.40	24.778780	34.743607	432.5	11011
398	2026-01-22	10:45:31	3333.4386	1	0.0561	0.0072	3332.8826	8.7	9.3	3.9445	0.0570	0.0019	0.4970	0.0000	60	0.000	25.327812	34.625248	149.40	24.777355	34.744545	432.2	11011
399	2026-01-22	10:48:27	3332.7188	1	0.0269	0.0035	3332.1619	-8.0	-6.3	3.9454	0.0583	0.0013	0.4972	0.0000	60	0.000	25.327812	34.625248	149.40	24.775932	34.745785	427.8	11011
400	2026-01-22	10:51:46	3331.7698	1	0.0293	0.0038	3331.2113	10.1	2.7	3.9478	0.0597	0.0013	0.4975	0.0000	60	0.000	25.327812	34.625248	149.40	24.774302	34.747135	433.5	11011
401	2026-01-22	10:54:41	3330.4392	1	0.0486	0.0063	3329.8786	5.3	-12.4	3.9477	0.0609	0.0021	0.4975	0.0000	60	0.000	25.327812	34.625248	149.40	24.773096	34.748112	435.1	11011
402	2026-01-22	10:58:04	3328.2302	1	0.0377	0.0049	3327.6675	11.0	10.6	3.9485	0.0623	0.0028	0.4976	0.0000	60	0.000	25.327812	34.625248	149.40	24.771351	34.749386	444.4	11011
403	2026-01-22	11:03:32	3325.0086	1	0.0348	0.0045	3324.4456	0.1	-6.9	3.9521	0.0643	0.0006	0.4980	0.0000	60	0.000	25.327812	34.625248	149.40	24.769707	34.750492	445.0	11011
404	2026-01-22	11:08:03	3329.2406	1	0.0696	0.0090	3328.6746	0.0	2.0	3.9678	0.0659	0.0001	0.5000	0.0000	60	0.000	25.327812	34.625248	149.40	24.768057	34.750477	454.6	11011
405	2026-01-22	11:11:35	3330.8442	1	0.0712	0.0092	3330.2744	-7.0	-14.3	3.9674	0.0671	0.0029	0.4998	0.0000	60	0.000	25.327812	34.625248	149.40	24.766325	34.750969	451.0	11011
406	2026-01-22	11:15:01	3332.4740	1	0.0684	0.0088	3331.9014	10.5	-11.8	3.9660	0.0681	0.0046	0.4998	0.0000	60	0.000	25.327812	34.625248	149.40	24.764551	34.751953	441.8	11011
407	2026-01-22	11:18:45	3333.7920	1	0.0338	0.0044	3333.2219	5.7	-6.5	3.9682	0.0692	0.0009	0.4999	0.0000	60	0.000	25.327812	34.625248	149.40	24.762964	34.752762	437.6	11011
408	2026-01-22	11:22:04	3334.9264	1	0.0406	0.0052	3334.3560	-0.4	0.4	3.9707	0.0701	0.0000	0.5002	0.0000	60	0.000	25.327812	34.625248	149.40	24.761477	34.753860	438.3	11011
409	2026-01-22	11:25:29	3335.1894	1	0.0382	0.0049	3334.6177	0.5	5.6	3.9709	0.0710	0.0004	0.5004	0.0000	60	0.000	25.327812	34.625248	149.40	24.760332	34.752628	426.9	11011
410	2026-01-22	11:29:01	3336.4791	1	0.0736	0.0095	3335.9064	-7.1	3.5	3.9694	0.0718	0.0007	0.5002	0.0000	60	0.000	25.327812	34.625248	149.40	24.758070	34.752914	417.6	11011
411	2026-01-22	11:32:43	3337.1181	1	0.0227	0.0029	3336.5449	7.3	1.3	3.9678	0.0726	0.0007	0.5000	0.0000	60	0.000	25.327812	34.625248	149.40	24.756693	34.753468	415.3	11011
412	2026-01-22	11:35:58	3337.4810	1	0.1641	0.0212	3336.9074	-1.8	2.8	3.9707	0.0732	0.0002	0.5002	0.0000	60	0.000	25.327812	34.625248	149.40	24.754885	34.753586	411.6	11011
413	2026-01-22	11:40:11	3338.7299	1	0.0648	0.0084	3338.1533	-0.8	-12.7	3.9737	0.0739	0.0019	0.5007	0.0000	60	0.000	25.327812	34.625248	149.40	24.752348	34.754921	403.0	11011
414	2026-01-22	11:43:25	3340.5549	1	0.0442	0.0057	3339.9791	8.8	-4.8	3.9698	0.0744	0.0012	0.5002	0.0000	60	0.000	25.327812	34.625248	149.40	24.752064	34.757294	395.6	11011
415	2026-01-22	11:46:35	3341.8618	1	0.0323	0.0042	3341.2867	3.6	4.3	3.9667	0.0748	0.0004	0.4999	0.0000	60	0.000	25.327812	34.625248	149.40	24.751362	34.759285	392.0	11011
416	2026-01-22	11:53:11	3342.9166	1	0.0393	0.0051	3342.3403	7.5	-9.6	3.9598	0.0754	0.0018	0.4990	0.0000	60	0.000	25.327812	34.625248	149.40	24.749937	34.760719	394.4	11011
417	2026-01-22	11:56:21	3344.2268	1	0.0198	0.0026	3343.6513	4.9	-8.3	3.9576	0.0757	0.0012	0.4987	0.0000	60	0.000	25.327812	34.625248	149.40	24.749163	34.762589	383.1	11011
418	2026-01-22	11:59:09	3344.9496	1	0.0313	0.0040	3344.3742	6.1	3.2	3.9598	0.0758	0.0006	0.4990	0.0000	60	0.000	25.327812	34.625248	149.40	24.748449	34.763950	381.1	11011
100	2026-01-22	12:47:31	3406.9958	0	0.0137	0.0018	3406.4268	6.3	0.9	3.9474	0.0710	0.0005	0.4975	0.0000	60	0.000	25.327812	34.625248	149.40	24.786877	34.933800	93.5	11011
100	2026-01-22	12:48:31	3406.9961	0	0.0365	0.0047	3406.4271	8.0	1.2	3.9484	0.0708	0.0007	0.4976	0.0000	60	0.000	25.327812	34.625248	149.40	24.786877	34.933800	93.5	11011
100	2026-01-22	12:49:31	3406.9965	0	0.0169	0.0022	3406.4275	9.4	1.6	3.9474	0.0705	0.0011	0.4974	0.0000	60	0.000	25.327812	34.625248	149.40	24.786877	34.933800	93.5	11011
100	2026-01-22	12:50:31	3406.9968	0	0.0157	0.0020	3406.4279	10.3	2.2	3.9474	0.0703	0.0013	0.4974	0.0000	60	0.000	25.327812	34.625248	149.40	24.786877	34.933800	93.5	11011
419	2026-01-22	13:45:48	3379.2002	1	0.0205	0.0026	3378.6553	2.6	-6.3	3.9324	0.0488	0.0006	0.4955	0.0000	60	0.000	25.327812	34.625248	149.40	24.795971	34.809116	253.8	11011
420	2026-01-22	13:51:15	3378.2025	1	0.0131	0.0017	3377.6582	-9.6	-9.3	3.9385	0.0460	0.0021	0.4963	0.0000	60	0.000	25.327812	34.625248	149.40	24.798162	34.808792	264.9	11011
421	2026-01-22	13:54:45	3377.0532	1	0.0316	0.0041	3376.5123	7.5	3.8	3.9351	0.0442	0.0009	0.4959	0.0000	60	0.000	25.327812	34.625248	149.40	24.799557	34.807564	277.7	11011
422	2026-01-22	13:58:56	3376.0676	1	0.0126	0.0016	3375.5302	5.3	-3.0	3.9288	0.0419	0.0005	0.4950	0.0000	60	0.000	25.327812	34.625248	149.40	24.800390	34.805962	277.8	11011
423	2026-01-22	14:02:35	3375.2306	1	0.0170	0.0022	3374.6955	5.3	-3.8	3.9244	0.0399	0.0006	0.4946	0.0000	60	0.000	25.327812	34.625248	149.40	24.801233	34.804462	280.2	11011
424	2026-01-22	14:06:27	3374.2578	1	0.0157	0.0020	3373.7260	0.5	-5.4	3.9189	0.0377	0.0004	0.4937	0.0000	60	0.000	25.327812	34.625248	149.40	24.802303	34.802982	295.0	11011
425	2026-01-22	14:11:23	3373.0197	1	0.0184	0.0024	3372.4912	6.6	-2.3	3.9100	0.0349	0.0006	0.4929	0.0000	60	0.000	25.327812	34.625248	149.40	24.804148	34.802460	298.3	11011
426	2026-01-22	14:16:31	3372.2258	1	0.0216	0.0028	3371.6983	9.3	12.6	3.9098	0.0319	0.0030	0.4928	0.0000	60	0.000	25.327812	34.625248	149.40	24.805740	34.801964	312.8	11011
427	2026-01-22	14:23:08	3371.1216	1	0.0121	0.0016	3370.5991	-4.4	6.1	3.9189	0.0279	0.0007	0.4938	0.0000	60	0.000	25.327812	34.625248	149.40	24.806589	34.802891	312.0	11011
428	2026-01-22	14:27:33	3370.3133	1	0.0147	0.0019	3369.7944	2.3	1.0	3.9157	0.0252	0.0001	0.4935	0.0000	60	0.000	25.327812	34.625248	149.40	24.808138	34.803249	319.2	11011
429	2026-01-22	14:31:34	3369.4832	1	0.0162	0.0021	3368.9662	-4.2	6.2	3.9175	0.0228	0.0007	0.4936	0.0000	60	0.000	25.327812	34.625248	149.40	24.809322	34.803490	322.2	11011
430	2026-01-22	14:37:12	3368.3937	1	0.0178	0.0023	3367.8786	11.2	-9.3	3.9144	0.0193	0.0025	0.4933	0.0000	60	0.000	25.327812	34.625248	149.40	24.810398	34.804539	327.8	11011
431	2026-01-22	14:40:32	3369.1559	1	0.0176	0.0023	3368.6409	-16.7	12.9	3.9088	0.0172	0.0052	0.4926	0.0000	60	0.000	25.327812	34.625248	149.40	24.810286	34.803883	325.0	11011
432	2026-01-22	14:43:41	3368.0983	1	0.0175	0.0023	3367.5902	-0.8	-1.2	3.9109	0.0152	0.0001	0.4929	0.0000	60	0.000	25.327812	34.625248	149.40	24.810781	34.803364	330.2	11011
100	2026-01-22	15:31:01	3407.0010	0	0.0196	0.0025	3406.5218	4.5	-2.9	3.9131	-0.0142	0.0003	0.4931	0.0000	60	0.000	25.327812	34.625248	149.40	24.786825	34.933838	102.1	11011
100	2026-01-22	15:32:01	3407.0023	0	0.0175	0.0023	3406.5235	5.0	-3.5	3.9139	-0.0148	0.0004	0.4933	0.0000	60	0.000	25.327812	34.625248	149.40	24.786825	34.933838	102.1	11011
100	2026-01-22	15:33:01	3407.0013	0	0.0177	0.0023	3406.5230	5.1	-4.1	3.9140	-0.0154	0.0005	0.4932	0.0000	60	0.000	25.327812	34.625248	149.40	24.786825	34.933838	102.1	11011
100	2026-01-22	15:34:01	3407.0028	0	0.0175	0.0023	3406.5249	5.7	-4.5	3.9142	-0.0160	0.0006	0.4933	0.0000	60	0.000	25.327812	34.625248	149.40	24.786825	34.933838	102.1	11011
0	2026-01-22	18:05:35	3473.0754	0	0.0196	0.0025	3472.6291	-8.7	-5.0	3.9955	-0.0582	0.0012	0.5033	0.0000	60	0.000	25.327812	34.625248	149.40	25.066833	34.877659	27.5	11011
0	2026-01-22	18:06:35	3473.0788	0	0.0201	0.0026	3472.6320	-10.4	-4.4	3.9936	-0.0581	0.0015	0.5033	0.0000	60	0.000	25.327812	34.625248	149.40	25.066833	34.877659	27.5	11011
0	2026-01-22	18:07:35	3473.0789	0	0.0161	0.0021	3472.6322	-10.9	-4.0	3.9911	-0.0579	0.0016	0.5030	0.0000	60	0.000	25.327812	34.625248	149.40	25.066833	34.877659	27.5	11011
0	2026-01-22	18:08:35	3473.0787	0	0.0173	0.0022	3472.6325	-11.4	-3.6	3.9873	-0.0578	0.0016	0.5024	0.0000	60	0.000	25.327812	34.625248	149.40	25.066833	34.877659	27.5	11011
0	2026-01-23	04:17:28	3473.0905	0	0.0132	0.0017	3472.6153	3.4	-0.9	3.9103	-0.0176	0.0002	0.4927	0.0000	60	0.000	25.327812	34.625248	149.40	25.066786	34.877655	21.4	11011
0	2026-01-23	04:18:28	3473.0902	0	0.0129	0.0017	3472.6155	4.1	-0.2	3.9110	-0.0183	0.0002	0.4928	0.0000	60	0.000	25.327812	34.625248	149.40	25.066786	34.877655	21.4	11011
0	2026-01-23	04:19:28	3473.0903	0	0.0119	0.0015	3472.6163	4.1	0.2	3.9107	-0.0190	0.0002	0.4928	0.0000	60	0.000	25.327812	34.625248	149.40	25.066786	34.877655	21.4	11011
0	2026-01-23	04:20:28	3473.0903	0	0.0088	0.0011	3472.6173	5.1	0.1	3.9091	-0.0198	0.0003	0.4924	0.0000	60	0.000	25.327812	34.625248	149.40	25.066786	34.877655	21.4	11011
100	2026-01-23	06:26:24	3407.0088	0	0.0146	0.0019	3406.5856	4.2	-5.9	3.9516	-0.0754	0.0006	0.4980	0.0000	60	0.000	25.327812	34.625248	149.40	24.786757	34.933716	100.4	11011
100	2026-01-23	06:27:24	3407.0095	0	0.0150	0.0019	3406.5864	5.1	-6.7	3.9511	-0.0755	0.0008	0.4978	0.0000	60	0.000	25.327812	34.625248	149.40	24.786757	34.933716	100.5	11011
100	2026-01-23	06:28:24	3407.0097	0	0.0129	0.0017	3406.5866	5.3	-6.6	3.9515	-0.0756	0.0008	0.4978	0.0000	60	0.000	25.327812	34.625248	149.40	24.786757	34.933716	100.4	11011
100	2026-01-23	06:29:24	3407.0103	0	0.0120	0.0016	3406.5875	5.6	-6.8	3.9499	-0.0757	0.0009	0.4977	0.0000	60	0.000	25.327812	34.625248	149.40	24.786757	34.933716	100.4	11011
433	2026-01-23	08:10:26	3374.3594	1	0.0475	0.0061	3373.9078	-9.2	14.9	3.9808	-0.0538	0.0038	0.5015	0.0000	60	0.000	25.327812	34.625248	149.40	24.689751	34.892384	239.4	11011
434	2026-01-23	08:20:10	3373.6917	1	0.0153	0.0020	3373.2431	0.2	-11.5	3.9351	-0.0489	0.0016	0.4959	0.0000	60	0.000	25.327812	34.625248	149.40	24.691357	34.890148	248.7	11011
435	2026-01-23	08:23:39	3373.1539	1	0.0280	0.0036	3372.7037	2.9	-5.4	3.9421	-0.0470	0.0005	0.4968	0.0000	60	0.000	25.327812	34.625248	149.40	24.692934	34.888206	237.6	11011
436	2026-01-23	08:27:48	3372.8370	1	0.0136	0.0018	3372.3833	8.3	0.7	3.9495	-0.0448	0.0008	0.4976	0.0000	60	0.000	25.327812	34.625248	149.40	24.694090	34.886021	241.8	11011
437	2026-01-23	08:31:31	3372.4374	1	0.0494	0.0064	3371.9809	10.1	-1.1	3.9523	-0.0427	0.0012	0.4980	0.0000	60	0.000	25.327812	34.625248	149.40	24.696064	34.884983	251.1	11011
438	2026-01-23	08:35:10	3372.2551	1	0.0199	0.0026	3371.7941	15.3	-2.7	3.9585	-0.0406	0.0028	0.4987	0.0000	60	0.000	25.327812	34.625248	149.40	24.698065	34.884312	249.4	11011
439	2026-01-23	08:40:48	3372.0703	1	0.0244	0.0031	3371.6069	0.9	6.1	3.9696	-0.0373	0.0005	0.5002	0.0000	60	0.000	25.327812	34.625248	149.40	24.699438	34.882938	252.4	11011
440	2026-01-23	08:44:21	3371.7968	1	0.0128	0.0017	3371.3312	0.3	-8.4	3.9672	-0.0352	0.0009	0.4999	0.0000	60	0.000	25.327812	34.625248	149.40	24.701460	34.881702	255.2	11011
441	2026-01-23	08:47:20	3371.2446	1	0.0346	0.0045	3370.7763	10.5	-6.8	3.9668	-0.0334	0.0019	0.4998	0.0000	60	0.000	25.327812	34.625248	149.40	24.702950	34.880535	258.0	11011
442	2026-01-23	08:50:17	3371.0799	1	0.0192	0.0025	3370.6114	6.1	1.3	3.9643	-0.0315	0.0005	0.4995	0.0000	60	0.000	25.327812	34.625248	149.40	24.704103	34.879028	256.0	11011
443	2026-01-23	08:53:39	3370.6774	1	0.0161	0.0021	3370.2066	-2.2	-1.0	3.9686	-0.0294	0.0001	0.5001	0.0000	60	0.000	25.327812	34.625248	149.40	24.705528	34.877808	260.2	11011
444	2026-01-23	08:56:58	3370.3936	1	0.0330	0.0043	3369.9205	-6.7	-2.4	3.9675	-0.0273	0.0006	0.4999	0.0000	60	0.000	25.327812	34.625248	149.40	24.707355	34.877361	261.1	11011
445	2026-01-23	09:00:46	3370.2020	1	0.0362	0.0047	3369.7269	-2.8	-1.7	3.9655	-0.0249	0.0002	0.4998	0.0000	60	0.000	25.327812	34.625248	149.40	24.709692	34.877312	261.6	11011
446	2026-01-23	09:04:01	3370.0105	1	0.0220	0.0028	3369.5325	7.8	-7.6	3.9623	-0.0228	0.0015	0.4993	0.0000	60	0.000	25.327812	34.625248	149.40	24.711327	34.876408	252.7	11011
447	2026-01-23	09:07:33	3369.7394	1	0.0251	0.0032	3369.2582	1.4	-13.9	3.9634	-0.0204	0.0023	0.4993	0.0000	60	0.000	25.327812	34.625248	149.40	24.713440	34.874989	265.3	11011
448	2026-01-23	09:10:39	3369.1403	1	0.0494	0.0064	3368.6581	1.7	-11.4	3.9598	-0.0184	0.0016	0.4990	0.0000	60	0.000	25.327812	34.625248	149.40	24.715246	34.872490	266.6	11011
449	2026-01-23	09:14:11	3368.5624	1	0.0319	0.0041	3368.0786	8.3	4.2	3.9576	-0.0160	0.0011	0.4987	0.0000	60	0.000	25.327812	34.625248	149.40	24.717138	34.871326	273.3	11011
450	2026-01-23	09:17:20	3368.0687	1	0.0098	0.0013	3367.5837	-0.5	-7.2	3.9535	-0.0139	0.0007	0.4982	0.0000	60	0.000	25.327812	34.625248	149.40	24.718742	34.869656	274.7	11011
451	2026-01-23	09:20:25	3367.6398	1	0.0196	0.0025	3367.1513	13.3	-5.6	3.9506	-0.0118	0.0024	0.4979	0.0000	60	0.000	25.327812	34.625248	149.40	24.720724	34.868729	270.2	11011
452	2026-01-23	09:24:37	3367.7946	1	0.0270	0.0035	3367.2988	19.2	-11.1	3.9536	-0.0089	0.0065	0.4981	0.0000	60	0.000	25.327812	34.625248	149.40	24.722288	34.867512	269.9	11011
453	2026-01-23	09:29:23	3368.3805	1	0.0141	0.0018	3367.8869	8.7	-6.5	3.9514	-0.0057	0.0014	0.4978	0.0000	60	0.000	25.327812	34.625248	149.40	24.724150	34.865860	271.8	11011
454	2026-01-23	09:32:36	3368.3111	1	0.0222	0.0029	3367.8152	10.9	-5.6	3.9477	-0.0034	0.0018	0.4974	0.0000	60	0.000	25.327812	34.625248	149.40	24.725908	34.864513	274.3	11011
455	2026-01-23	09:35:44	3368.1132	1	0.0123	0.0016	3367.6117	17.3	12.6	3.9480	-0.0013	0.0053	0.4974	0.0000	60	0.000	25.327812	34.625248	149.40	24.727524	34.863667	276.6	11011
456	2026-01-23	09:38:57	3367.9296	1	0.0484	0.0062	3367.4271	17.9	-3.0	3.9477	0.0010	0.0039	0.4976	0.0000	60	0.000	25.327812	34.625248	149.40	24.728846	34.862473	276.7	11011
457	2026-01-23	09:42:48	3367.2819	1	0.0224	0.0029	3366.7802	2.8	0.2	3.9510	0.0037	0.0002	0.4978	0.0000	60	0.000	25.327812	34.625248	149.40	24.730404	34.861359	276.7	11011
458	2026-01-23	09:46:35	3367.7426	1	0.0241	0.0031	3367.2368	7.5	-4.5	3.9563	0.0063	0.0010	0.4985	0.0000	60	0.000	25.327812	34.625248	149.40	24.731802	34.860126	283.6	11011
459	2026-01-23	09:50:17	3368.7602	1	0.0167	0.0022	3368.2523	-4.5	0.4	3.9578	0.0089	0.0003	0.4987	0.0000	60	0.000	25.327812	34.625248	149.40	24.733076	34.858681	283.7	11011
460	2026-01-23	09:53:32	3369.0074	1	0.0421	0.0054	3368.4975	-0.9	-4.9	3.9562	0.0111	0.0003	0.4984	0.0000	60	0.000	25.327812	34.625248	149.40	24.734138	34.857151	297.5	11011
461	2026-01-23	09:56:36	3368.3784	1	0.0497	0.0064	3367.8601	15.1	-17.1	3.9550	0.0133	0.0067	0.4984	0.0000	60	0.000	25.327812	34.625248	149.40	24.733910	34.855186	299.2	11011
462	2026-01-23	10:01:18	3368.0946	1	0.0295	0.0038	3367.5785	4.4	-6.0	3.9604	0.0165	0.0006	0.4989	0.0000	60	0.000	25.327812	34.625248	149.40	24.734934	34.853416	296.9	11011
463	2026-01-23	10:05:22	3367.4819	1	0.0134	0.0017	3366.9641	1.6	-5.7	3.9519	0.0193	0.0005	0.4980	0.0000	60	0.000	25.327812	34.625248	149.40	24.733438	34.851097	297.3	11011
464	2026-01-23	10:09:07	3366.6899	1	0.0287	0.0037	3366.1620	-15.6	20.9	3.9527	0.0219	0.0079	0.4980	0.0000	60	0.000	25.327812	34.625248	149.40	24.731798	34.849770	303.9	11011
465	2026-01-23	10:22:22	3368.2098	1	0.0149	0.0019	3367.6818	3.1	1.4	3.9443	0.0308	0.0003	0.4971	0.0000	60	0.000	25.327812	34.625248	149.40	24.735458	34.855663	312.1	11011
466	2026-01-23	10:25:26	3367.5040	1	0.0160	0.0021	3366.9733	-4.1	-3.7	3.9474	0.0328	0.0004	0.4975	0.0000	60	0.000	25.327812	34.625248	149.40	24.736889	34.853718	304.7	11011
467	2026-01-23	10:29:19	3365.9847	1	0.0152	0.0020	3365.4501	7.7	9.9	3.9479	0.0353	0.0019	0.4974	0.0000	60	0.000	25.327812	34.625248	149.40	24.738684	34.851582	319.9	11011
468	2026-01-23	10:33:53	3364.5034	1	0.0206	0.0027	3363.9675	7.5	3.5	3.9426	0.0383	0.0008	0.4968	0.0000	60	0.000	25.327812	34.625248	149.40	24.739946	34.850315	321.3	11011
469	2026-01-23	10:40:18	3366.8405	1	0.0234	0.0030	3366.2987	-10.0	3.8	3.9536	0.0423	0.0013	0.4981	0.0000	60	0.000	25.327812	34.625248	149.40	24.741316	34.848846	309.9	11011
470	2026-01-23	10:44:53	3366.7350	1	0.0123	0.0016	3366.1900	-1.4	-13.6	3.9493	0.0451	0.0022	0.4977	0.0000	60	0.000	25.327812	34.625248	149.40	24.740677	34.847538	311.0	11011
471	2026-01-23	10:48:46	3365.6936	1	0.0105	0.0014	3365.1466	12.9	0.9	3.9474	0.0475	0.0020	0.4975	0.0000	60	0.000	25.327812	34.625248	149.40	24.738586	34.846737	313.7	11011
472	2026-01-23	10:52:38	3364.6369	1	0.0131	0.0017	3364.0871	6.8	12.0	3.9515	0.0498	0.0022	0.4978	0.0000	60	0.000	25.327812	34.625248	149.40	24.736561	34.845387	313.2	11011
473	2026-01-23	11:00:49	3363.4135	1	0.0209	0.0027	3362.8578	2.7	10.0	3.9671	0.0544	0.0014	0.4999	0.0000	60	0.000	25.327812	34.625248	149.40	24.736227	34.843468	325.6	11011
474	2026-01-23	11:04:47	3362.9928	1	0.0234	0.0030	3362.4366	1.2	-7.9	3.9597	0.0566	0.0008	0.4989	0.0000	60	0.000	25.327812	34.625248	149.40	24.735603	34.841396	322.9	11011
475	2026-01-23	11:08:39	3362.0882	1	0.0325	0.0042	3361.5268	10.4	-17.4	3.9501	0.0587	0.0049	0.4977	0.0000	60	0.000	25.327812	34.625248	149.40	24.735006	34.838833	329.4	11011
476	2026-01-23	11:11:48	3361.7515	1	0.0115	0.0015	3361.1931	5.1	-4.8	3.9477	0.0603	0.0006	0.4975	0.0000	60	0.000	25.327812	34.625248	149.40	24.735346	34.836391	333.2	11011
477	2026-01-23	11:15:03	3361.3955	1	0.0168	0.0022	3360.8331	12.7	-11.6	3.9435	0.0620	0.0035	0.4969	0.0000	60	0.000	25.327812	34.625248	149.40	24.737257	34.834682	337.7	11011
478	2026-01-23	11:18:38	3360.6647	1	0.0312	0.0040	3360.1035	6.2	4.9	3.9418	0.0638	0.0008	0.4967	0.0000	60	0.000	25.327812	34.625248	149.40	24.738283	34.832539	336.9	11011
479	2026-01-23	11:24:31	3359.4249	1	0.0153	0.0020	3358.8605	-0.5	7.0	3.9455	0.0666	0.0006	0.4972	0.0000	60	0.000	25.327812	34.625248	149.40	24.738077	34.830070	335.9	11011
480	2026-01-23	11:30:24	3357.4757	1	0.0658	0.0085	3356.9101	2.0	-5.4	3.9360	0.0692	0.0004	0.4960	0.0000	60	0.000	25.327812	34.625248	149.40	24.737324	34.827530	352.5	11011
481	2026-01-23	11:35:37	3355.9374	1	0.0146	0.0019	3355.3690	-0.1	-8.5	3.9368	0.0715	0.0009	0.4960	0.0000	60	0.000	25.327812	34.625248	149.40	24.735731	34.825527	356.4	11011
482	2026-01-23	11:41:29	3354.3407	1	0.0237	0.0031	3353.7680	0.3	-16.1	3.9347	0.0738	0.0030	0.4958	0.0000	60	0.000	25.327812	34.625248	149.40	24.735096	34.822708	369.1	11011
483	2026-01-23	11:46:29	3352.4274	1	0.0170	0.0022	3351.8535	8.7	-11.8	3.9335	0.0757	0.0026	0.4957	0.0000	60	0.000	25.327812	34.625248	149.40	24.733395	34.821152	378.1	11011
484	2026-01-23	11:52:18	3349.9316	1	0.0171	0.0022	3349.3559	6.1	-11.8	3.9341	0.0777	0.0021	0.4959	0.0000	60	0.000	25.327812	34.625248	149.40	24.734533	34.818253	373.9	11011
485	2026-01-23	11:58:25	3352.6795	1	0.0307	0.0040	3352.1029	-6.7	-1.3	3.9397	0.0797	0.0006	0.4965	0.0000	60	0.000	25.327812	34.625248	149.40	24.736708	34.817604	394.3	11011
486	2026-01-23	12:03:22	3354.4245	1	0.0243	0.0031	3353.8455	5.0	7.2	3.9438	0.0811	0.0009	0.4969	0.0000	60	0.000	25.327812	34.625248	149.40	24.738758	34.819653	358.2	11011
487	2026-01-23	12:06:49	3355.7936	1	0.0302	0.0039	3355.2135	3.3	-8.2	3.9451	0.0820	0.0010	0.4971	0.0000	60	0.000	25.327812	34.625248	149.40	24.739742	34.821609	359.2	11011
488	2026-01-23	12:09:46	3356.8577	1	0.0406	0.0052	3356.2767	1.1	-10.3	3.9429	0.0827	0.0013	0.4969	0.0000	60	0.000	25.327812	34.625248	149.40	24.741768	34.821972	355.5	11011
489	2026-01-23	12:13:39	3358.4971	1	0.0394	0.0051	3357.9164	3.9	-3.4	3.9383	0.0836	0.0007	0.4964	0.0000	60	0.000	25.327812	34.625248	149.40	24.743761	34.822002	347.9	11011
490	2026-01-23	12:17:05	3360.3768	1	0.0153	0.0020	3359.7956	0.3	-8.7	3.9354	0.0844	0.0009	0.4959	0.0000	60	0.000	25.327812	34.625248	149.40	24.746107	34.823280	346.2	11011
491	2026-01-23	12:20:31	3361.0394	1	0.0222	0.0029	3360.4557	3.4	-16.3	3.9321	0.0850	0.0033	0.4954	0.0000	60	0.000	25.327812	34.625248	149.40	24.748716	34.823574	342.8	11011
492	2026-01-23	12:23:39	3362.0628	1	0.0193	0.0025	3361.4810	-5.1	-0.5	3.9343	0.0856	0.0003	0.4958	0.0000	60	0.000	25.327812	34.625248	149.40	24.751324	34.823772	340.7	11011
493	2026-01-23	12:26:49	3363.0117	1	0.0163	0.0021	3362.4298	-1.4	-0.8	3.9337	0.0861	0.0001	0.4958	0.0000	60	0.000	25.327812	34.625248	149.40	24.753408	34.824051	325.8	11011
494	2026-01-23	12:29:47	3364.3830	1	0.0137	0.0018	3363.8006	6.4	3.6	3.9295	0.0865	0.0007	0.4952	0.0000	60	0.000	25.327812	34.625248	149.40	24.756096	34.824604	321.7	11011
495	2026-01-23	12:32:55	3365.8881	1	0.0119	0.0015	3365.3044	-1.6	-11.2	3.9306	0.0868	0.0015	0.4953	0.0000	60	0.000	25.327812	34.625248	149.40	24.758595	34.825722	323.3	11011
496	2026-01-23	12:36:13	3367.1674	1	0.0123	0.0016	3366.5834	5.3	-10.7	3.9291	0.0872	0.0017	0.4951	0.0000	60	0.000	25.327812	34.625248	149.40	24.761122	34.826656	313.2	11011
497	2026-01-23	12:39:32	3368.0396	1	0.0485	0.0063	3367.4518	7.1	-13.4	3.9287	0.0875	0.0053	0.4951	0.0000	60	0.000	25.327812	34.625248	149.40	24.758696	34.828133	292.3	11011
498	2026-01-23	12:42:58	3369.2414	1	0.0166	0.0021	3368.6578	9.6	1.1	3.9268	0.0877	0.0011	0.4948	0.0000	60	0.000	25.327812	34.625248	149.40	24.759748	34.830490	293.7	11011
499	2026-01-23	12:46:09	3370.1994	1	0.0275	0.0036	3369.6154	2.3	-9.6	3.9288	0.0878	0.0011	0.4951	0.0000	60	0.000	25.327812	34.625248	149.40	24.760628	34.832691	294.2	11011
500	2026-01-23	12:49:30	3371.3116	1	0.0251	0.0032	3370.7276	-3.3	-9.1	3.9265	0.0879	0.0014	0.4947	0.0000	60	0.000	25.327812	34.625248	149.40	24.759960	34.834839	289.8	11011
501	2026-01-23	12:54:21	3371.7781	1	0.0375	0.0048	3371.1939	-11.7	0.7	3.9250	0.0880	0.0016	0.4946	0.0000	60	0.000	25.327812	34.625248	149.40	24.762123	34.834572	293.2	11011
100	2026-01-23	13:34:06	3407.0083	0	0.0162	0.0021	3406.4295	2.2	-5.7	3.9286	0.0833	0.0005	0.4950	0.0000	60	0.000	25.327812	34.625248	149.40	24.786757	34.933788	90.4	11011
100	2026-01-23	13:35:06	3407.0092	0	0.0114	0.0015	3406.4299	4.8	-6.7	3.9326	0.0831	0.0008	0.4955	0.0000	60	0.000	25.327812	34.625248	149.40	24.786757	34.933788	90.4	11011
100	2026-01-23	13:36:06	3407.0100	0	0.0097	0.0012	3406.4302	6.2	-8.2	3.9344	0.0829	0.0012	0.4957	0.0000	60	0.000	25.327812	34.625248	149.40	24.786757	34.933788	90.4	11011
100	2026-01-23	13:37:06	3407.0097	0	0.0134	0.0017	3406.4297	6.7	-8.9	3.9360	0.0826	0.0015	0.4959	0.0000	60	0.000	25.327812	34.625248	149.40	24.786757	34.933788	90.4	11011
502	2026-01-23	13:58:05	3418.3764	1	0.0273	0.0035	3417.8073	1.4	-7.3	3.9029	0.0766	0.0007	0.4918	0.0000	60	0.000	25.327812	34.625248	149.40	24.806337	34.973244	31.5	11011
503	2026-01-23	14:01:51	3416.6951	1	0.0140	0.0018	3416.1252	11.1	-6.9	3.9087	0.0753	0.0020	0.4926	0.0000	60	0.000	25.327812	34.625248	149.40	24.804525	34.974110	38.2	11011
504	2026-01-23	14:05:27	3415.2533	1	0.0442	0.0057	3414.6842	10.9	-8.3	3.9118	0.0740	0.0023	0.4929	0.0000	60	0.000	25.327812	34.625248	149.40	24.802841	34.975151	47.9	11011
505	2026-01-23	14:09:16	3413.7322	1	0.0397	0.0051	3413.1649	4.5	-12.6	3.9091	0.0725	0.0022	0.4926	0.0000	60	0.000	25.327812	34.625248	149.40	24.800835	34.976322	63.8	11011
506	2026-01-23	14:16:13	3412.1484	1	0.0517	0.0067	3411.5863	2.1	-7.0	3.9030	0.0697	0.0007	0.4917	0.0000	60	0.000	25.327812	34.625248	149.40	24.798750	34.977505	66.9	11011
507	2026-01-23	14:19:29	3411.0427	1	0.0156	0.0020	3410.4806	8.4	-7.7	3.9055	0.0684	0.0016	0.4921	0.0000	60	0.000	25.327812	34.625248	149.40	24.796953	34.978687	65.4	11011
508	2026-01-23	14:22:55	3410.2229	1	0.0150	0.0019	3409.6627	0.7	-9.6	3.9061	0.0669	0.0011	0.4922	0.0000	60	0.000	25.327812	34.625248	149.40	24.796360	34.980129	75.8	11011
509	2026-01-23	14:26:22	3409.2556	1	0.0221	0.0029	3408.6975	0.7	-4.8	3.9072	0.0654	0.0003	0.4923	0.0000	60	0.000	25.327812	34.625248	149.40	24.794653	34.980885	80.3	11011
510	2026-01-23	14:29:51	3408.2504	1	0.0285	0.0037	3407.6925	2.3	-11.3	3.9072	0.0638	0.0016	0.4925	0.0000	60	0.000	25.327812	34.625248	149.40	24.792885	34.980785	82.2	11011
511	2026-01-23	14:33:17	3407.2348	1	0.0191	0.0025	3406.6780	1.6	-14.9	3.9032	0.0622	0.0027	0.4919	0.0000	60	0.000	25.327812	34.625248	149.40	24.791363	34.979767	100.6	11011
512	2026-01-23	14:36:35	3405.7205	1	0.0156	0.0020	3405.1658	-0.6	-13.1	3.9052	0.0606	0.0020	0.4920	0.0000	60	0.000	25.327812	34.625248	149.40	24.789742	34.978794	108.5	11011
513	2026-01-23	14:39:42	3404.4045	1	0.0179	0.0023	3403.8533	-3.3	0.7	3.9036	0.0591	0.0002	0.4919	0.0000	60	0.000	25.327812	34.625248	149.40	24.787931	34.978966	111.8	11011
514	2026-01-23	14:43:30	3402.5386	1	0.0169	0.0022	3401.9891	-6.4	-1.8	3.9021	0.0572	0.0005	0.4918	0.0000	60	0.000	25.327812	34.625248	149.40	24.785336	34.978958	121.3	11011
515	2026-01-23	14:47:50	3400.9098	1	0.0176	0.0023	3400.3624	-5.6	-8.8	3.8985	0.0549	0.0013	0.4912	0.0000	60	0.000	25.327812	34.625248	149.40	24.783405	34.979145	130.2	11011
516	2026-01-23	14:51:49	3399.3595	1	0.0231	0.0030	3398.8142	10.4	3.7	3.8966	0.0529	0.0014	0.4910	0.0000	60	0.000	25.327812	34.625248	149.40	24.781593	34.979145	141.6	11011
517	2026-01-23	14:54:47	3398.5400	1	0.0143	0.0019	3397.9951	8.8	8.6	3.9013	0.0513	0.0019	0.4917	0.0000	60	0.000	25.327812	34.625248	149.40	24.780725	34.979282	145.9	11011
100	2026-01-23	15:28:45	3407.0095	0	0.0305	0.0039	3406.4860	1.0	-4.4	3.8968	0.0322	0.0003	0.4911	0.0000	60	0.000	25.327812	34.625248	149.40	24.786835	34.933830	104.7	11011
100	2026-01-23	15:29:45	3407.0115	0	0.0132	0.0017	3406.4882	1.3	-5.7	3.8992	0.0316	0.0004	0.4913	0.0000	60	0.000	25.327812	34.625248	149.40	24.786835	34.933830	104.7	11011
100	2026-01-23	15:30:45	3407.0108	0	0.0121	0.0016	3406.4877	1.8	-6.4	3.9023	0.0310	0.0005	0.4917	0.0000	60	0.000	25.327812	34.625248	149.40	24.786835	34.933830	104.7	11011
100	2026-01-23	15:31:45	3407.0108	0	0.0151	0.0019	3406.4880	2.2	-7.1	3.9020	0.0304	0.0007	0.4917	0.0000	60	0.000	25.327812	34.625248	149.40	24.786835	34.933830	104.7	11011
0	2026-01-23	17:54:05	3473.0759	0	0.0163	0.0021	3472.6092	6.2	-0.3	3.9889	-0.0364	0.0005	0.5026	0.0000	60	0.000	25.327812	34.625248	149.40	25.066881	34.877647	32.2	11011
0	2026-01-23	17:55:05	3473.0774	0	0.0152	0.0020	3472.6110	6.9	0.9	3.9883	-0.0366	0.0006	0.5025	0.0000	60	0.000	25.327812	34.625248	149.40	25.066881	34.877647	32.1	11011
0	2026-01-23	17:56:05	3473.0790	0	0.0150	0.0019	3472.6129	7.2	0.9	3.9865	-0.0368	0.0006	0.5023	0.0000	60	0.000	25.327812	34.625248	149.40	25.066881	34.877647	32.1	11011
0	2026-01-23	17:57:05	3473.0779	0	0.0176	0.0023	3472.6121	6.9	1.6	3.9854	-0.0370	0.0005	0.5023	0.0000	60	0.000	25.327812	34.625248	149.40	25.066881	34.877647	32.2	11011
0	2026-01-24	04:41:01	3473.0731	0	0.0249	0.0032	3472.5940	-0.2	4.0	3.9246	-0.0157	0.0002	0.4946	0.0000	60	0.000	25.327812	34.625248	149.40	25.066820	34.877609	25.0	11011
0	2026-01-24	04:42:01	3473.0717	0	0.0186	0.0024	3472.5931	0.2	5.3	3.9258	-0.0164	0.0003	0.4946	0.0000	60	0.000	25.327812	34.625248	149.40	25.066809	34.877602	25.2	11011
0	2026-01-24	04:43:01	3473.0723	0	0.0207	0.0027	3472.5942	0.2	5.5	3.9263	-0.0170	0.0004	0.4947	0.0000	60	0.000	25.327812	34.625248	149.40	25.066795	34.877609	25.6	11011
0	2026-01-24	04:44:01	3473.0723	0	0.0248	0.0032	3472.5951	0.1	5.8	3.9227	-0.0176	0.0004	0.4944	0.0000	60	0.000	25.327812	34.625248	149.40	25.066795	34.877617	26.0	11011
100	2026-01-24	06:39:02	3407.0103	0	0.0466	0.0060	3406.5772	-2.1	-3.8	3.9701	-0.0674	0.0003	0.5002	0.0000	60	0.000	25.327812	34.625248	149.40	24.786762	34.933731	102.6	11011
100	2026-01-24	06:40:02	3406.9997	0	0.0320	0.0041	3406.5670	-7.1	-3.1	3.9660	-0.0676	0.0007	0.4997	0.0000	60	0.000	25.327812	34.625248	149.40	24.786762	34.933731	102.6	11011
100	2026-01-24	06:41:02	3407.0019	0	0.0369	0.0048	3406.5695	-8.9	-2.6	3.9622	-0.0678	0.0010	0.4992	0.0000	60	0.000	25.327812	34.625248	149.40	24.786762	34.933731	102.6	11011
100	2026-01-24	06:42:02	3407.0042	0	0.0246	0.0032	3406.5721	-8.7	-4.9	3.9589	-0.0680	0.0012	0.4989	0.0000	60	0.000	25.327812	34.625248	149.40	24.786762	34.933731	102.6	11011
518	2026-01-24	07:22:52	3371.4583	1	0.0180	0.0023	3371.0392	-2.2	0.6	3.8834	-0.0704	0.0001	0.4893	0.0000	60	0.000	25.327812	34.625248	149.40	24.776043	34.809490	306.3	11011
519	2026-01-24	07:29:38	3370.2678	1	0.0217	0.0028	3369.8410	21.1	12.7	3.8872	-0.0699	0.0070	0.4898	0.0000	60	0.000	25.327812	34.625248	149.40	24.775232	34.811501	307.8	11011
520	2026-01-24	07:33:34	3368.6969	1	0.0302	0.0039	3368.2742	10.1	-6.1	3.8928	-0.0696	0.0017	0.4905	0.0000	60	0.000	25.327812	34.625248	149.40	24.774361	34.813606	314.4	11011
521	2026-01-24	07:38:29	3367.0632	1	0.0183	0.0024	3366.6396	-6.9	-3.9	3.9027	-0.0690	0.0007	0.4918	0.0000	60	0.000	25.327812	34.625248	149.40	24.772749	34.815964	316.5	11011
522	2026-01-24	07:41:57	3366.3061	1	0.0403	0.0052	3365.8813	5.2	-8.2	3.9059	-0.0685	0.0011	0.4922	0.0000	60	0.000	25.327812	34.625248	149.40	24.771713	34.817642	322.1	11011
523	2026-01-24	07:46:05	3365.8010	1	0.0491	0.0063	3365.3744	-6.9	8.4	3.9105	-0.0678	0.0016	0.4928	0.0000	60	0.000	25.327812	34.625248	149.40	24.770540	34.819538	334.5	11011
524	2026-01-24	07:49:49	3367.1767	1	0.0343	0.0044	3366.7496	5.9	-4.0	3.9170	-0.0671	0.0006	0.4936	0.0000	60	0.000	25.327812	34.625248	149.40	24.769005	34.821323	345.6	11011
525	2026-01-24	07:53:06	3368.3539	1	0.0283	0.0037	3367.9256	-2.5	-6.6	3.9211	-0.0665	0.0007	0.4941	0.0000	60	0.000	25.327812	34.625248	149.40	24.767330	34.823486	336.2	11011
526	2026-01-24	07:56:41	3368.7745	1	0.0570	0.0074	3368.3447	-3.8	-6.9	3.9262	-0.0657	0.0007	0.4948	0.0000	60	0.000	25.327812	34.625248	149.40	24.766186	34.825893	330.6	11011
527	2026-01-24	08:00:00	3369.3269	1	0.0365	0.0047	3368.8952	-0.1	-11.0	3.9292	-0.0649	0.0014	0.4952	0.0000	60	0.000	25.327812	34.625248	149.40	24.764509	34.827686	330.5	11011
528	2026-01-24	08:04:17	3370.2101	1	0.0335	0.0043	3369.7771	-2.5	-11.2	3.9295	-0.0638	0.0016	0.4953	0.0000	60	0.000	25.327812	34.625248	149.40	24.763622	34.830059	315.2	11011
529	2026-01-24	08:08:40	3371.1824	1	0.0242	0.0031	3370.7475	4.4	-14.3	3.9274	-0.0626	0.0026	0.4949	0.0000	60	0.000	25.327812	34.625248	149.40	24.763269	34.832722	305.4	11011
530	2026-01-24	08:15:05	3372.1329	1	0.0244	0.0032	3371.6973	-1.6	-10.3	3.9267	-0.0606	0.0014	0.4948	0.0000	60	0.000	25.327812	34.625248	149.40	24.759935	34.836323	303.0	11011
531	2026-01-24	08:24:23	3371.5320	1	0.0201	0.0026	3371.0927	4.8	-12.7	3.9239	-0.0575	0.0023	0.4944	0.0000	60	0.000	25.327812	34.625248	149.40	24.758070	34.837326	313.7	11011
532	2026-01-24	08:28:03	3370.5223	1	0.0401	0.0052	3370.0827	0.3	3.1	3.9335	-0.0561	0.0002	0.4956	0.0000	60	0.000	25.327812	34.625248	149.40	24.756535	34.838928	319.2	11011
533	2026-01-24	08:31:50	3369.0767	1	0.0242	0.0031	3368.6355	2.1	1.2	3.9350	-0.0547	0.0001	0.4957	0.0000	60	0.000	25.327812	34.625248	149.40	24.754618	34.840233	323.3	11011
534	2026-01-24	08:36:34	3368.7249	1	0.0354	0.0046	3368.2810	9.9	-0.5	3.9324	-0.0527	0.0012	0.4955	0.0000	60	0.000	25.327812	34.625248	149.40	24.752169	34.841721	325.7	11011
535	2026-01-24	08:40:25	3366.2679	1	0.0347	0.0045	3365.8188	-8.2	-18.6	3.9316	-0.0511	0.0048	0.4954	0.0000	60	0.000	25.327812	34.625248	149.40	24.750490	34.842056	327.5	11011
536	2026-01-24	08:44:22	3367.6954	1	0.0374	0.0048	3367.2479	9.5	4.7	3.9331	-0.0494	0.0013	0.4955	0.0000	60	0.000	25.327812	34.625248	149.40	24.747618	34.843105	326.0	11011
537	2026-01-24	08:49:18	3365.7940	1	0.0428	0.0055	3365.3257	-40.7	4.5	3.9361	-0.0471	0.0194	0.4960	0.0000	60	0.000	25.327812	34.625248	149.40	24.744682	34.845081	315.3	11011
538	2026-01-24	08:52:33	3367.2945	1	0.0518	0.0067	3366.8418	9.0	-4.2	3.9412	-0.0456	0.0016	0.4966	0.0000	60	0.000	25.327812	34.625248	149.40	24.743217	34.846737	328.7	11011
539	2026-01-24	08:57:04	3367.0827	1	0.0377	0.0049	3366.6285	6.6	4.2	3.9433	-0.0434	0.0008	0.4969	0.0000	60	0.000	25.327812	34.625248	149.40	24.742041	34.847931	314.9	11011
540	2026-01-24	09:01:43	3369.0640	1	0.0586	0.0076	3368.6073	-1.2	-8.6	3.9414	-0.0410	0.0010	0.4967	0.0000	60	0.000	25.327812	34.625248	149.40	24.744501	34.849865	294.6	11011
100	2026-01-24	10:14:05	3406.9933	0	0.0392	0.0051	3406.4919	1.9	-2.7	3.9529	0.0031	0.0002	0.4981	0.0000	60	0.000	25.327812	34.625248	149.40	24.786819	34.933769	97.1	11011
100	2026-01-24	10:15:05	3406.9960	0	0.0369	0.0048	3406.4932	4.4	-5.6	3.9551	0.0038	0.0007	0.4983	0.0000	60	0.000	25.327812	34.625248	149.40	24.786819	34.933769	97.1	11011
100	2026-01-24	10:16:05	3406.9957	0	0.0438	0.0057	3406.4919	6.1	-7.1	3.9556	0.0045	0.0010	0.4983	0.0000	60	0.000	25.327812	34.625248	149.40	24.786819	34.933769	97.1	11011
100	2026-01-24	10:17:05	3406.9965	0	0.0370	0.0048	3406.4914	7.7	-8.5	3.9554	0.0051	0.0016	0.4983	0.0000	60	0.000	25.327812	34.625248	149.40	24.786819	34.933769	97.1	11011
541	2026-01-24	11:04:20	3383.6569	1	0.0413	0.0053	3383.1202	-9.2	-10.4	3.9499	0.0367	0.0023	0.4977	0.0000	60	0.000	25.327812	34.625248	149.40	24.761003	34.858765	249.8	11011
542	2026-01-24	11:10:16	3382.1071	1	0.0316	0.0041	3381.5679	6.6	6.3	3.9487	0.0406	0.0010	0.4976	0.0000	60	0.000	25.327812	34.625248	149.40	24.758520	34.859901	246.1	11011
543	2026-01-24	11:14:13	3381.3440	1	0.0402	0.0052	3380.8025	0.1	-5.5	3.9519	0.0431	0.0005	0.4979	0.0000	60	0.000	25.327812	34.625248	149.40	24.756592	34.861588	263.6	11011
544	2026-01-24	11:18:38	3380.7521	1	0.0451	0.0058	3380.2071	-3.5	-9.2	3.9523	0.0458	0.0012	0.4979	0.0000	60	0.000	25.327812	34.625248	149.40	24.755772	34.863464	258.8	11011
545	2026-01-24	11:22:39	3379.4803	1	0.0440	0.0057	3378.9325	1.1	-9.7	3.9524	0.0483	0.0013	0.4981	0.0000	60	0.000	25.327812	34.625248	149.40	24.755444	34.864727	263.7	11011
546	2026-01-24	11:27:28	3380.3907	1	0.0600	0.0077	3379.8391	2.0	-10.1	3.9580	0.0513	0.0016	0.4987	0.0000	60	0.000	25.327812	34.625248	149.40	24.755228	34.862980	266.7	11011
547	2026-01-24	11:31:09	3379.7756	1	0.0484	0.0063	3379.2225	7.5	4.9	3.9556	0.0535	0.0011	0.4985	0.0000	60	0.000	25.327812	34.625248	149.40	24.754255	34.861023	276.5	11011
548	2026-01-24	11:34:38	3378.6732	1	0.0384	0.0050	3378.1171	16.0	1.1	3.9496	0.0555	0.0030	0.4975	0.0000	60	0.000	25.327812	34.625248	149.40	24.752741	34.860603	277.1	11011
549	2026-01-24	11:48:40	3378.2432	1	0.0585	0.0076	3377.6831	3.8	-7.9	3.9334	0.0634	0.0010	0.4957	0.0000	60	0.000	25.327812	34.625248	149.40	24.753111	34.858887	274.4	11011
550	2026-01-24	11:54:22	3376.1561	1	0.0441	0.0057	3375.5907	13.1	-2.6	3.9418	0.0665	0.0021	0.4968	0.0000	60	0.000	25.327812	34.625248	149.40	24.752054	34.857708	292.7	11011
551	2026-01-24	12:09:14	3375.6958	1	0.0416	0.0054	3375.1251	-4.6	3.8	3.9388	0.0739	0.0004	0.4964	0.0000	60	0.000	25.327812	34.625248	149.40	24.750736	34.857784	298.9	11011
552	2026-01-24	12:14:11	3374.6464	1	0.0360	0.0046	3374.0727	-1.5	9.2	3.9394	0.0761	0.0010	0.4965	0.0000	60	0.000	25.327812	34.625248	149.40	24.750265	34.855682	293.5	11011
553	2026-01-24	12:19:33	3373.3848	1	0.0604	0.0078	3372.8091	9.5	4.2	3.9354	0.0785	0.0013	0.4959	0.0000	60	0.000	25.327812	34.625248	149.40	24.748505	34.854790	283.9	11011
554	2026-01-24	12:25:55	3372.1437	1	0.0427	0.0055	3371.5659	5.6	6.1	3.9350	0.0811	0.0008	0.4958	0.0000	60	0.000	25.327812	34.625248	149.40	24.746737	34.853722	288.5	11011
555	2026-01-24	12:31:06	3370.9884	1	0.0385	0.0050	3370.4084	-1.6	4.8	3.9399	0.0832	0.0003	0.4965	0.0000	60	0.000	25.327812	34.625248	149.40	24.744806	34.853958	288.1	11011
556	2026-01-24	12:36:59	3369.8307	1	0.0293	0.0038	3369.2483	-6.2	-0.7	3.9402	0.0853	0.0005	0.4966	0.0000	60	0.000	25.327812	34.625248	149.40	24.744339	34.851738	296.1	11011
557	2026-01-24	12:43:34	3368.6170	1	0.0383	0.0049	3368.0318	3.4	7.3	3.9426	0.0875	0.0009	0.4968	0.0000	60	0.000	25.327812	34.625248	149.40	24.743977	34.849228	299.7	11011
558	2026-01-24	12:50:00	3367.1886	1	0.0557	0.0072	3366.6007	12.2	4.4	3.9376	0.0895	0.0021	0.4962	0.0000	60	0.000	25.327812	34.625248	149.40	24.742298	34.848034	305.5	11011
555	2026-01-24	14:45:58	10918.2703	1	0.0062	0.0008	8.3940	-11209.1	20941.6	3.9290	0.0899	10909.2912	0.4952	0.0000	60	0.000	25.327812	34.625248	149.40	24.782703	34.933334	119.2	11011
100	2026-01-24	14:51:32	3393.1978	0	******	11.5159	3392.6045	-0.6	-2.3	4.0070	0.0883	0.0001	0.5049	0.0000	60	0.000	25.327812	34.625248	149.40	24.786873	34.933811	95.2	11011
100	2026-01-24	14:52:32	3406.9897	0	0.0533	0.0069	3406.3959	0.8	-3.9	4.0118	0.0880	0.0002	0.5055	0.0000	60	0.000	25.327812	34.625248	149.40	24.786873	34.933811	95.2	11011
100	2026-01-24	14:53:32	3406.9962	0	0.0485	0.0063	3406.4033	2.1	-4.7	4.0064	0.0877	0.0003	0.5048	0.0000	60	0.000	25.327812	34.625248	149.40	24.786873	34.933811	95.2	11011
100	2026-01-24	14:54:32	3406.9997	0	0.0663	0.0086	3406.4085	2.9	-5.8	3.9938	0.0874	0.0005	0.5033	0.0000	60	0.000	25.327812	34.625248	149.40	24.786873	34.933811	95.2	11011
0	2026-01-24	17:38:21	3473.0794	0	0.0587	0.0076	3472.5732	-4.0	-2.8	3.9334	0.0102	0.0003	0.4957	0.0000	60	0.000	25.327812	34.625248	149.40	25.066910	34.877609	27.1	11011
0	2026-01-24	17:39:21	3473.0806	0	0.0767	0.0099	3472.5753	-3.9	-2.1	3.9315	0.0098	0.0002	0.4953	0.0000	60	0.000	25.327812	34.625248	149.40	25.066910	34.877609	27.1	11011
0	2026-01-24	17:40:21	3473.0795	0	0.0789	0.0102	3472.5749	-4.7	-2.1	3.9280	0.0093	0.0003	0.4950	0.0000	60	0.000	25.327812	34.625248	149.40	25.066910	34.877609	27.4	11011
0	2026-01-24	17:41:21	3473.0800	0	0.0586	0.0076	3472.5761	-5.1	-2.3	3.9259	0.0088	0.0004	0.4947	0.0000	60	0.000	25.327812	34.625248	149.40	25.066910	34.877609	27.3	11011
